transect_id,domain_number,lrr_m_yr,unc_m_yr,r_squared,n_obs,start_date,end_date,position_start_m,n_start,position_end_m,n_end,total_change_m,total_unc_m,observed_change_m,observed_minus_total_m,window,lrr_window,span_years
usa_NC_0032_0021,1,2.5023,0.5715,0.2469,229,1996-01-26,2010-12-02,62.6000,12,66.4188,16,35.0322,8.0010,3.8188,-31.2134,1996_2010,1996_2010,14
usa_NC_0032_0022,1,2.8369,0.5752,0.2920,231,1996-01-26,2010-12-02,56.7000,12,64.1688,16,39.7166,8.0528,7.4688,-32.2478,1996_2010,1996_2010,14
usa_NC_0032_0023,1,3.1991,0.6310,0.3035,231,1996-01-26,2010-12-02,57.6750,12,68.9813,16,44.7874,8.8340,11.3063,-33.4811,1996_2010,1996_2010,14
usa_NC_0032_0024,1,3.3678,0.6499,0.3167,227,1996-01-26,2010-12-02,71.1083,12,81.5312,16,47.1492,9.0986,10.4229,-36.7263,1996_2010,1996_2010,14
usa_NC_0032_0025,1,3.5079,0.6678,0.3197,230,1996-01-26,2010-12-02,51.2077,13,62.7071,14,49.1106,9.3492,11.4995,-37.6111,1996_2010,1996_2010,14
usa_NC_0032_0026,1,3.4787,0.6700,0.3205,224,1996-01-26,2010-12-02,58.8846,13,72.3385,13,48.7018,9.3800,13.4538,-35.2480,1996_2010,1996_2010,14
usa_NC_0032_0027,1,3.4830,0.6788,0.3193,220,1996-01-26,2010-12-02,49.7231,13,65.9615,13,48.7620,9.5032,16.2385,-32.5235,1996_2010,1996_2010,14
usa_NC_0032_0028,1,3.3590,0.6951,0.2977,216,1996-01-26,2010-12-02,48.5308,13,64.4615,13,47.0260,9.7314,15.9308,-31.0952,1996_2010,1996_2010,14
usa_NC_0032_0029,1,3.3356,0.6770,0.3039,218,1996-01-26,2010-12-02,50.6846,13,64.2857,14,46.6984,9.4780,13.6011,-33.0973,1996_2010,1996_2010,14
usa_NC_0032_0030,2,3.2457,0.6645,0.3013,217,1996-01-26,2010-12-02,75.4308,13,88.3462,13,45.4398,9.3030,12.9154,-32.5244,1996_2010,1996_2010,14
usa_NC_0032_0031,2,3.3532,0.6838,0.2990,221,1996-01-26,2010-12-02,74.8846,13,82.7385,13,46.9448,9.5732,7.8538,-39.0910,1996_2010,1996_2010,14
usa_NC_0032_0032,2,3.0393,0.7170,0.2487,213,1996-01-26,2010-12-02,83.5077,13,82.3833,12,42.5502,10.0380,-1.1244,-43.6746,1996_2010,1996_2010,14
usa_NC_0032_0033,2,3.0205,0.7586,0.2243,215,1996-01-26,2010-12-02,69.4692,13,61.9231,13,42.2870,10.6204,-7.5462,-49.8332,1996_2010,1996_2010,14
usa_NC_0032_0034,2,2.9200,0.7638,0.2058,221,1996-01-26,2010-12-02,88.7615,13,76.8800,15,40.8800,10.6932,-11.8815,-52.7615,1996_2010,1996_2010,14
usa_NC_0032_0035,2,2.8604,0.7487,0.2049,222,1996-01-26,2010-12-02,74.2000,13,63.4867,15,40.0456,10.4818,-10.7133,-50.7589,1996_2010,1996_2010,14
usa_NC_0032_0036,2,2.7595,0.7245,0.2017,225,1996-01-26,2010-12-02,61.0462,13,51.7400,15,38.6330,10.1430,-9.3062,-47.9392,1996_2010,1996_2010,14
usa_NC_0032_0037,2,2.6068,0.6858,0.2003,226,1996-01-26,2010-12-02,53.8154,13,47.0333,15,36.4952,9.6012,-6.7821,-43.2773,1996_2010,1996_2010,14
usa_NC_0032_0038,2,2.5187,0.6721,0.1958,226,1996-01-26,2010-12-02,45.1077,13,38.7133,15,35.2618,9.4094,-6.3944,-41.6562,1996_2010,1996_2010,14
usa_NC_0032_0039,2,2.1626,0.6519,0.1596,227,1996-01-26,2010-12-02,50.1077,13,42.5176,17,30.2764,9.1266,-7.5900,-37.8664,1996_2010,1996_2010,14
usa_NC_0032_0040,2,2.1756,0.6130,0.1760,231,1996-01-26,2010-12-02,46.5923,13,41.7875,16,30.4584,8.5820,-4.8048,-35.2632,1996_2010,1996_2010,14
usa_NC_0032_0041,3,2.1734,0.5896,0.1859,233,1996-01-26,2010-12-02,45.1077,13,44.4176,17,30.4276,8.2544,-0.6900,-31.1176,1996_2010,1996_2010,14
usa_NC_0032_0042,3,2.1194,0.5905,0.1812,228,1996-01-26,2010-12-02,42.9231,13,44.9062,16,29.6716,8.2670,1.9832,-27.6884,1996_2010,1996_2010,14
usa_NC_0032_0043,3,2.0117,0.5643,0.1839,221,1996-01-26,2010-12-02,41.5250,12,45.4625,16,28.1638,7.9002,3.9375,-24.2263,1996_2010,1996_2010,14
usa_NC_0032_0044,3,1.8959,0.5590,0.1721,217,1996-01-26,2010-12-02,35.1083,12,39.9437,16,26.5426,7.8260,4.8354,-21.7072,1996_2010,1996_2010,14
usa_NC_0032_0045,3,1.6930,0.5556,0.1497,207,1996-01-26,2010-12-02,43.0667,12,41.0154,13,23.7020,7.7784,-2.0513,-25.7533,1996_2010,1996_2010,14
usa_NC_0032_0046,3,1.7689,0.5584,0.1598,207,1996-01-26,2010-12-02,45.6417,12,40.7000,13,24.7646,7.8176,-4.9417,-29.7063,1996_2010,1996_2010,14
usa_NC_0032_0047,3,2.0852,0.5568,0.2101,207,1996-01-26,2010-12-02,41.0417,12,38.5846,13,29.1928,7.7952,-2.4571,-31.6499,1996_2010,1996_2010,14
usa_NC_0032_0048,3,2.2607,0.5835,0.2149,215,1996-01-26,2010-12-02,39.7250,12,39.6000,13,31.6498,8.1690,-0.1250,-31.7748,1996_2010,1996_2010,14
usa_NC_0032_0049,3,2.2697,0.5855,0.2136,217,1996-01-26,2010-12-02,38.0667,12,42.0571,14,31.7758,8.1970,3.9905,-27.7853,1996_2010,1996_2010,14
usa_NC_0032_0050,3,2.4188,0.6076,0.2210,219,1996-01-26,2010-12-02,36.3083,12,44.8750,12,33.8632,8.5064,8.5667,-25.2965,1996_2010,1996_2010,14
usa_NC_0032_0051,4,2.2733,0.6143,0.1933,224,1996-01-26,2010-12-02,32.3250,12,40.5462,13,31.8262,8.6002,8.2212,-23.6050,1996_2010,1996_2010,14
usa_NC_0032_0052,4,2.3417,0.6070,0.2104,219,1996-01-26,2010-12-02,25.2077,13,36.6615,13,32.7838,8.4980,11.4538,-21.3300,1996_2010,1996_2010,14
usa_NC_0032_0053,4,2.3483,0.6162,0.2056,220,1996-01-26,2010-12-02,24.8000,13,34.9583,12,32.8762,8.6268,10.1583,-22.7179,1996_2010,1996_2010,14
usa_NC_0032_0054,4,2.2705,0.6349,0.1863,219,1996-01-26,2010-12-02,17.9231,13,28.8154,13,31.7870,8.8886,10.8923,-20.8947,1996_2010,1996_2010,14
usa_NC_0032_0055,4,1.9934,0.6009,0.1608,225,1996-01-26,2010-12-02,15.7538,13,24.7600,15,27.9076,8.4126,9.0062,-18.9014,1996_2010,1996_2010,14
usa_NC_0032_0056,4,1.8876,0.5838,0.1534,226,1996-01-26,2010-12-02,23.2462,13,34.1867,15,26.4264,8.1732,10.9405,-15.4859,1996_2010,1996_2010,14
usa_NC_0032_0057,4,1.9324,0.5942,0.1538,228,1996-01-26,2010-12-02,14.9846,13,28.2800,15,27.0536,8.3188,13.2954,-13.7582,1996_2010,1996_2010,14
usa_NC_0032_0058,4,1.9170,0.6042,0.1480,227,1996-01-26,2010-12-02,16.4000,13,33.1867,15,26.8380,8.4588,16.7867,-10.0513,1996_2010,1996_2010,14
usa_NC_0032_0059,4,1.7753,0.6068,0.1287,227,1996-01-26,2010-12-02,18.2615,13,38.2867,15,24.8542,8.4952,20.0251,-4.8291,1996_2010,1996_2010,14
usa_NC_0032_0060,4,1.6458,0.6117,0.1106,228,1996-01-26,2010-12-02,21.1923,13,41.4733,15,23.0412,8.5638,20.2810,-2.7602,1996_2010,1996_2010,14
usa_NC_0032_0061,4,1.4565,0.6135,0.0887,227,1996-01-26,2010-12-02,21.1385,13,39.4824,17,20.3910,8.5890,18.3439,-2.0471,1996_2010,1996_2010,14
usa_NC_0032_0062,4,1.1415,0.5984,0.0583,230,1996-01-26,2010-12-02,18.9615,13,28.3125,16,15.9810,8.3776,9.3510,-6.6300,1996_2010,1996_2010,14
usa_NC_0032_0063,4,0.9300,0.5622,0.0438,234,1996-01-26,2010-12-02,20.2231,13,28.3353,17,13.0200,7.8708,8.1122,-4.9078,1996_2010,1996_2010,14
usa_NC_0032_0064,5,0.5805,0.5514,0.0184,231,1996-01-26,2010-12-02,24.7308,13,29.6400,15,8.1270,7.7196,4.9092,-3.2178,1996_2010,1996_2010,14
usa_NC_0032_0065,5,0.4746,0.5283,0.0136,230,1996-01-26,2010-12-02,20.8538,13,25.8600,15,6.6444,7.3962,5.0062,-1.6382,1996_2010,1996_2010,14
usa_NC_0032_0066,5,0.3703,0.5517,0.0077,226,1996-01-26,2010-12-02,19.4923,13,26.1133,15,5.1842,7.7238,6.6210,1.4368,1996_2010,1996_2010,14
usa_NC_0032_0067,5,0.2564,0.6117,0.0030,227,1996-01-26,2010-12-02,17.1385,13,25.8733,15,3.5896,8.5638,8.7349,5.1453,1996_2010,1996_2010,14
usa_NC_0032_0068,5,0.0654,0.6395,0.0002,222,1996-01-26,2010-12-02,19.1538,13,26.4231,13,0.9156,8.9530,7.2692,6.3536,1996_2010,1996_2010,14
usa_NC_0032_0069,5,-0.0385,0.6905,0.0001,222,1996-01-26,2010-12-02,20.1923,13,29.7077,13,-0.5390,9.6670,9.5154,10.0544,1996_2010,1996_2010,14
usa_NC_0032_0070,5,-0.0282,0.7102,0.0000,220,1996-01-26,2010-12-02,20.5692,13,31.6923,13,-0.3948,9.9428,11.1231,11.5179,1996_2010,1996_2010,14
usa_NC_0032_0071,5,0.0283,0.7217,0.0000,219,1996-01-26,2010-12-02,22.8231,13,34.0154,13,0.3962,10.1038,11.1923,10.7961,1996_2010,1996_2010,14
usa_NC_0032_0072,5,-0.1959,0.7172,0.0013,221,1996-01-26,2010-12-02,21.9462,13,33.0500,14,-2.7426,10.0408,11.1038,13.8464,1996_2010,1996_2010,14
usa_NC_0032_0073,5,-0.1602,0.6846,0.0010,221,1996-01-26,2010-12-02,21.2692,13,34.2077,13,-2.2428,9.5844,12.9385,15.1813,1996_2010,1996_2010,14
usa_NC_0032_0074,5,0.0542,0.6199,0.0001,225,1996-01-26,2010-12-02,21.2077,13,33.7538,13,0.7588,8.6786,12.5462,11.7874,1996_2010,1996_2010,14
usa_NC_0032_0075,5,0.1315,0.6200,0.0008,226,1996-01-26,2010-12-02,14.1154,13,31.3833,12,1.8410,8.6800,17.2679,15.4269,1996_2010,1996_2010,14
usa_NC_0032_0076,5,-0.2431,0.5592,0.0034,219,1996-01-26,2010-12-02,15.6833,12,29.8000,12,-3.4034,7.8288,14.1167,17.5201,1996_2010,1996_2010,14
usa_NC_0032_0077,6,-0.6424,0.5240,0.0262,219,1996-01-26,2010-12-02,30.4231,13,35.4769,13,-8.9936,7.3360,5.0538,14.0474,1996_2010,1996_2010,14
usa_NC_0032_0078,6,-0.4113,0.6677,0.0152,99,1996-01-26,2010-11-24,124.2667,3,133.6833,6,-5.7582,9.3478,9.4167,15.1749,1996_2010,1996_2010,14
usa_NC_0032_0079,6,-1.0173,0.3694,0.1113,237,1996-01-26,2010-12-02,56.2923,13,48.6400,15,-14.2422,5.1716,-7.6523,6.5899,1996_2010,1996_2010,14
usa_NC_0032_0080,6,-1.6894,0.3820,0.2434,238,1996-01-26,2010-12-02,70.7231,13,49.3471,17,-23.6516,5.3480,-21.3760,2.2756,1996_2010,1996_2010,14
usa_NC_0032_0081,6,-2.1902,0.4105,0.3180,239,1996-01-26,2010-12-02,77.9846,13,45.4500,16,-30.6628,5.7470,-32.5346,-1.8718,1996_2010,1996_2010,14
usa_NC_0032_0082,6,-2.1223,0.4182,0.3003,235,1996-01-26,2010-12-02,75.1077,13,42.7533,15,-29.7122,5.8548,-32.3544,-2.6422,1996_2010,1996_2010,14
usa_NC_0032_0083,7,-2.3219,0.4215,0.3447,226,1996-01-26,2010-12-02,71.0154,13,38.5917,12,-32.5066,5.9010,-32.4237,0.0829,1996_2010,1996_2010,14
usa_NC_0032_0084,7,-2.1011,0.4083,0.3236,217,1996-01-26,2010-12-02,59.6000,12,34.8083,12,-29.4154,5.7162,-24.7917,4.6237,1996_2010,1996_2010,14
usa_NC_0032_0085,7,-1.9754,0.3938,0.3047,225,1996-01-26,2010-12-02,76.0750,12,51.6923,13,-27.6556,5.5132,-24.3827,3.2729,1996_2010,1996_2010,14
usa_NC_0032_0086,7,-1.8163,0.3650,0.3042,222,1996-01-26,2010-12-02,57.8750,12,31.2500,12,-25.4282,5.1100,-26.6250,-1.1968,1996_2010,1996_2010,14
usa_NC_0032_0088,8,-1.2650,0.3863,0.1544,230,1996-01-26,2010-12-02,51.9333,12,28.8733,15,-17.7100,5.4082,-23.0600,-5.3500,1996_2010,1996_2010,14
usa_NC_0032_0089,8,-1.0367,0.3560,0.1257,231,1996-01-26,2010-12-02,46.8250,12,28.9867,15,-14.5138,4.9840,-17.8383,-3.3245,1996_2010,1996_2010,14
usa_NC_0032_0090,8,-1.2043,0.3296,0.1852,230,1996-01-26,2010-12-02,38.5083,12,17.4667,15,-16.8602,4.6144,-21.0417,-4.1815,1996_2010,1996_2010,14
usa_NC_0032_0091,8,-1.1664,0.3468,0.1609,231,1996-01-26,2010-12-02,92.4083,12,72.2176,17,-16.3296,4.8552,-20.1907,-3.8611,1996_2010,1996_2010,14
usa_NC_0032_0092,8,-1.0768,0.3452,0.1416,231,1996-01-26,2010-12-02,59.3667,12,41.1625,16,-15.0752,4.8328,-18.2042,-3.1290,1996_2010,1996_2010,14
usa_NC_0032_0093,8,-0.9203,0.3509,0.1032,234,1996-01-26,2010-12-02,66.4167,12,52.7933,15,-12.8842,4.9126,-13.6233,-0.7391,1996_2010,1996_2010,14
usa_NC_0032_0094,8,-0.9802,0.3694,0.1066,231,1996-01-26,2010-12-02,35.1333,12,18.1467,15,-13.7228,5.1716,-16.9867,-3.2639,1996_2010,1996_2010,14
usa_NC_0032_0095,8,-1.1156,0.3910,0.1232,227,1996-01-26,2010-12-02,82.9917,12,62.4600,15,-15.6184,5.4740,-20.5317,-4.9133,1996_2010,1996_2010,14
usa_NC_0032_0096,9,-1.2234,0.3625,0.1625,230,1996-01-26,2010-12-02,40.5750,12,19.6800,15,-17.1276,5.0750,-20.8950,-3.7674,1996_2010,1996_2010,14
usa_NC_0032_0097,9,-1.3699,0.3631,0.2001,223,1996-01-26,2010-12-02,61.7417,12,36.3417,12,-19.1786,5.0834,-25.4000,-6.2214,1996_2010,1996_2010,14
usa_NC_0032_0098,9,-1.3205,0.3533,0.1985,221,1996-01-26,2010-12-02,56.6333,12,31.1917,12,-18.4870,4.9462,-25.4417,-6.9547,1996_2010,1996_2010,14
usa_NC_0032_0099,9,-1.2306,0.3579,0.1733,221,1996-01-26,2010-12-02,52.7917,12,29.6333,12,-17.2284,5.0106,-23.1583,-5.9299,1996_2010,1996_2010,14
usa_NC_0032_0100,9,-1.2405,0.4050,0.1444,218,1996-01-26,2010-12-02,51.6583,12,27.4917,12,-17.3670,5.6700,-24.1667,-6.7997,1996_2010,1996_2010,14
usa_NC_0032_0101,9,-1.2281,0.3840,0.1524,223,1996-01-26,2010-12-02,50.6250,12,29.4667,12,-17.1934,5.3760,-21.1583,-3.9649,1996_2010,1996_2010,14
usa_NC_0032_0102,9,-1.2458,0.3878,0.1541,222,1996-01-26,2010-12-02,52.8917,12,28.0333,12,-17.4412,5.4292,-24.8583,-7.4171,1996_2010,1996_2010,14
usa_NC_0032_0103,9,-1.2599,0.3846,0.1618,218,1996-01-26,2010-12-02,56.3833,12,26.2167,12,-17.6386,5.3844,-30.1667,-12.5281,1996_2010,1996_2010,14
usa_NC_0032_0104,9,-1.3434,0.3839,0.1758,225,1996-01-26,2010-12-02,54.4000,12,21.0200,15,-18.8076,5.3746,-33.3800,-14.5724,1996_2010,1996_2010,14
usa_NC_0032_0105,10,-1.3920,0.3964,0.1781,223,1996-01-26,2010-12-02,57.3583,12,20.9400,15,-19.4880,5.5496,-36.4183,-16.9303,1996_2010,1996_2010,14
usa_NC_0032_0106,10,-1.3592,0.4078,0.1634,223,1996-01-26,2010-12-02,55.9250,12,20.9267,15,-19.0288,5.7092,-34.9983,-15.9695,1996_2010,1996_2010,14
usa_NC_0032_0107,10,-1.1921,0.4003,0.1333,226,1996-01-26,2010-12-02,61.0333,12,31.8000,15,-16.6894,5.6042,-29.2333,-12.5439,1996_2010,1996_2010,14
usa_NC_0032_0108,10,-1.1505,0.4151,0.1166,228,1996-01-26,2010-12-02,58.8583,12,27.2000,15,-16.1070,5.8114,-31.6583,-15.5513,1996_2010,1996_2010,14
usa_NC_0032_0109,10,-1.3516,0.3774,0.1819,226,1996-01-26,2010-12-02,64.5917,12,27.1059,17,-18.9224,5.2836,-37.4858,-18.5634,1996_2010,1996_2010,14
usa_NC_0032_0110,10,-1.5450,0.4031,0.2059,222,1996-01-26,2010-12-02,78.5667,12,35.5062,16,-21.6300,5.6434,-43.0604,-21.4304,1996_2010,1996_2010,14
usa_NC_0032_0111,10,-1.3327,0.4276,0.1419,230,1996-01-26,2010-12-02,64.4692,13,24.5562,16,-18.6578,5.9864,-39.9130,-21.2552,1996_2010,1996_2010,14
usa_NC_0032_0112,10,-1.3487,0.4268,0.1470,227,1996-01-26,2010-12-02,61.6538,13,27.6000,15,-18.8818,5.9752,-34.0538,-15.1720,1996_2010,1996_2010,14
usa_NC_0032_0113,10,-1.4952,0.4221,0.1800,224,1996-01-26,2010-12-02,59.6000,13,26.4133,15,-20.9328,5.9094,-33.1867,-12.2539,1996_2010,1996_2010,14
usa_NC_0032_0114,10,-1.4574,0.4151,0.1767,225,1996-01-26,2010-12-02,58.4462,13,28.1067,15,-20.4036,5.8114,-30.3395,-9.9359,1996_2010,1996_2010,14
usa_NC_0032_0115,11,-1.4899,0.4298,0.1791,216,1996-01-26,2010-12-02,58.2538,13,26.4333,12,-20.8586,6.0172,-31.8205,-10.9619,1996_2010,1996_2010,14
usa_NC_0032_0116,11,-1.9295,0.4196,0.2903,203,1996-01-26,2010-12-02,61.8769,13,20.2636,11,-27.0130,5.8744,-41.6133,-14.6003,1996_2010,1996_2010,14
usa_NC_0032_0117,11,-1.9452,0.4181,0.2984,200,1996-01-26,2010-12-02,68.0385,13,23.6182,11,-27.2328,5.8534,-44.4203,-17.1875,1996_2010,1996_2010,14
usa_NC_0032_0118,11,-1.9543,0.4096,0.3100,199,1996-01-26,2010-12-02,71.5846,13,26.2273,11,-27.3602,5.7344,-45.3573,-17.9971,1996_2010,1996_2010,14
usa_NC_0032_0119,11,-1.9654,0.3961,0.3237,202,1996-01-26,2010-12-02,73.0250,12,29.5091,11,-27.5156,5.5454,-43.5159,-16.0003,1996_2010,1996_2010,14
usa_NC_0032_0120,11,-1.9742,0.3954,0.3232,205,1996-01-26,2010-12-02,72.6083,12,32.6500,12,-27.6388,5.5356,-39.9583,-12.3195,1996_2010,1996_2010,14
usa_NC_0032_0121,11,-1.9784,0.4118,0.2904,221,1996-01-26,2010-12-02,73.1500,12,34.3833,12,-27.6976,5.7652,-38.7667,-11.0691,1996_2010,1996_2010,14
usa_NC_0032_0122,11,-1.9950,0.4079,0.2979,221,1996-01-26,2010-12-02,67.0583,12,31.3917,12,-27.9300,5.7106,-35.6667,-7.7367,1996_2010,1996_2010,14
usa_NC_0032_0123,11,-2.0779,0.3919,0.3287,225,1996-01-26,2010-12-02,66.2250,12,33.4533,15,-29.0906,5.4866,-32.7717,-3.6811,1996_2010,1996_2010,14
usa_NC_0032_0124,11,-2.1934,0.3850,0.3600,226,1996-01-26,2010-12-02,71.4917,12,37.0267,15,-30.7076,5.3900,-34.4650,-3.7574,1996_2010,1996_2010,14
usa_NC_0032_0125,12,-2.2591,0.3900,0.3646,229,1996-01-26,2010-12-02,74.2750,12,40.7267,15,-31.6274,5.4600,-33.5483,-1.9209,1996_2010,1996_2010,14
usa_NC_0032_0126,12,-2.3411,0.3841,0.3864,231,1996-01-26,2010-12-02,68.5667,12,35.2333,15,-32.7754,5.3774,-33.3333,-0.5579,1996_2010,1996_2010,14
usa_NC_0032_0127,12,-2.3334,0.3805,0.4127,210,1996-01-26,2010-12-02,74.8583,12,39.1533,15,-32.6676,5.3270,-35.7050,-3.0374,1996_2010,1996_2010,14
usa_NC_0032_0128,12,-2.4699,0.3828,0.4364,211,1996-01-26,2010-12-02,76.3083,12,37.2059,17,-34.5786,5.3592,-39.1025,-4.5239,1996_2010,1996_2010,14
usa_NC_0032_0129,12,-2.5261,0.4039,0.4052,225,1996-01-26,2010-12-02,72.2083,12,33.6812,16,-35.3654,5.6546,-38.5271,-3.1617,1996_2010,1996_2010,14
usa_NC_0032_0130,12,-2.4368,0.4169,0.3678,230,1996-01-26,2010-12-02,71.4833,12,37.4625,16,-34.1152,5.8366,-34.0208,0.0944,1996_2010,1996_2010,14
usa_NC_0032_0131,12,-2.4437,0.4342,0.3545,226,1996-01-26,2010-12-02,69.4250,12,37.6200,15,-34.2118,6.0788,-31.8050,2.4068,1996_2010,1996_2010,14
usa_NC_0032_0132,12,-2.4451,0.4557,0.3330,226,1996-01-26,2010-12-02,68.4917,12,38.7800,15,-34.2314,6.3798,-29.7117,4.5197,1996_2010,1996_2010,14
usa_NC_0032_0133,12,-2.3713,0.4681,0.3118,222,1996-01-26,2010-12-02,70.3000,12,40.9400,15,-33.1982,6.5534,-29.3600,3.8382,1996_2010,1996_2010,14
usa_NC_0032_0134,12,-2.2446,0.4772,0.2866,216,1996-01-26,2010-12-02,73.6167,12,43.8667,12,-31.4244,6.6808,-29.7500,1.6744,1996_2010,1996_2010,14
usa_NC_0032_0135,13,-2.2054,0.4728,0.2822,217,1996-01-26,2010-12-02,71.9083,12,44.4917,12,-30.8756,6.6192,-27.4167,3.4589,1996_2010,1996_2010,14
usa_NC_0032_0136,13,-2.2721,0.4887,0.2828,215,1996-01-26,2010-12-02,71.6917,12,45.5333,12,-31.8094,6.8418,-26.1583,5.6511,1996_2010,1996_2010,14
usa_NC_0032_0137,13,-2.3477,0.4779,0.3036,217,1996-01-26,2010-12-02,72.0500,12,47.7417,12,-32.8678,6.6906,-24.3083,8.5595,1996_2010,1996_2010,14
usa_NC_0032_0138,13,-2.2898,0.4362,0.3345,215,1996-01-26,2010-12-02,69.7667,12,48.7917,12,-32.0572,6.1068,-20.9750,11.0822,1996_2010,1996_2010,14
usa_NC_0032_0139,13,-2.3498,0.4410,0.3339,222,1996-01-26,2010-12-02,71.1167,12,49.6750,12,-32.8972,6.1740,-21.4417,11.4555,1996_2010,1996_2010,14
usa_NC_0032_0140,13,-2.2346,0.4197,0.3346,221,1996-01-26,2010-12-02,64.7417,12,44.2250,12,-31.2844,5.8758,-20.5167,10.7677,1996_2010,1996_2010,14
usa_NC_0032_0141,13,-2.0301,0.4138,0.2991,221,1996-01-26,2010-12-02,63.1750,12,45.6000,12,-28.4214,5.7932,-17.5750,10.8464,1996_2010,1996_2010,14
usa_NC_0032_0142,13,-1.6852,0.4343,0.2085,224,1996-01-26,2010-12-02,59.9417,12,47.6923,13,-23.5928,6.0802,-12.2494,11.3434,1996_2010,1996_2010,14
usa_NC_0032_0143,13,-1.2916,0.4140,0.1444,226,1996-01-26,2010-12-02,54.2333,12,48.8267,15,-18.0824,5.7960,-5.4067,12.6757,1996_2010,1996_2010,14
usa_NC_0032_0144,13,-1.4647,0.4149,0.1796,223,1996-01-26,2010-12-02,57.3000,12,51.4333,15,-20.5058,5.8086,-5.8667,14.6391,1996_2010,1996_2010,14
usa_NC_0032_0145,13,-1.6649,0.4147,0.2215,222,1996-01-26,2010-12-02,50.8583,12,41.6933,15,-23.3086,5.8058,-9.1650,14.1436,1996_2010,1996_2010,14
usa_NC_0032_0146,14,-1.5488,0.4142,0.1972,223,1996-01-26,2010-12-02,62.7250,12,53.2000,15,-21.6832,5.7988,-9.5250,12.1582,1996_2010,1996_2010,14
usa_NC_0032_0147,14,-1.3524,0.4206,0.1526,225,1996-01-26,2010-12-02,57.0750,12,46.5933,15,-18.9336,5.8884,-10.4817,8.4519,1996_2010,1996_2010,14
usa_NC_0032_0148,14,-1.2947,0.4348,0.1348,223,1996-01-26,2010-12-02,54.9083,12,38.8000,17,-18.1258,6.0872,-16.1083,2.0175,1996_2010,1996_2010,14
usa_NC_0032_0149,14,-1.1658,0.4505,0.1040,226,1996-01-26,2010-12-02,59.6583,12,42.1812,16,-16.3212,6.3070,-17.4771,-1.1559,1996_2010,1996_2010,14
usa_NC_0032_0150,14,-1.0316,0.4704,0.0754,231,1996-01-26,2010-12-02,61.7333,12,44.5500,16,-14.4424,6.5856,-17.1833,-2.7409,1996_2010,1996_2010,14
usa_NC_0032_0151,14,-0.8783,0.4867,0.0525,230,1996-01-26,2010-12-02,62.5917,12,45.6187,16,-12.2962,6.8138,-16.9729,-4.6767,1996_2010,1996_2010,14
usa_NC_0032_0152,14,-0.7499,0.5036,0.0370,226,1996-01-26,2010-12-02,63.6667,12,44.3750,16,-10.4986,7.0504,-19.2917,-8.7931,1996_2010,1996_2010,14
usa_NC_0032_0153,14,-0.9323,0.5485,0.0492,219,1996-01-26,2010-12-02,65.5500,12,43.1615,13,-13.0522,7.6790,-22.3885,-9.3363,1996_2010,1996_2010,14
usa_NC_0032_0154,14,-1.0154,0.5654,0.0541,221,1996-01-26,2010-12-02,61.8417,12,42.3333,12,-14.2156,7.9156,-19.5083,-5.2927,1996_2010,1996_2010,14
usa_NC_0032_0155,14,-0.9616,0.5953,0.0444,220,1996-01-26,2010-12-02,63.8500,12,43.2333,12,-13.4624,8.3342,-20.6167,-7.1543,1996_2010,1996_2010,14
usa_NC_0032_0156,15,-0.9609,0.5974,0.0443,219,1996-01-26,2010-12-02,65.3000,12,41.5167,12,-13.4526,8.3636,-23.7833,-10.3307,1996_2010,1996_2010,14
usa_NC_0032_0157,15,-0.5242,0.5584,0.0156,218,1996-01-26,2010-12-02,61.8750,12,41.3231,13,-7.3388,7.8176,-20.5519,-13.2131,1996_2010,1996_2010,14
usa_NC_0032_0158,15,-0.3652,0.5356,0.0084,216,1996-01-26,2010-12-02,61.0692,13,43.3538,13,-5.1128,7.4984,-17.7154,-12.6026,1996_2010,1996_2010,14
usa_NC_0032_0159,15,0.0354,0.4665,0.0001,216,1996-01-26,2010-12-02,65.7308,13,49.2538,13,0.4956,6.5310,-16.4769,-16.9725,1996_2010,1996_2010,14
usa_NC_0032_0160,15,0.0027,0.4511,0.0000,215,1996-01-26,2010-12-02,58.5769,13,42.4833,12,0.0378,6.3154,-16.0936,-16.1314,1996_2010,1996_2010,14
usa_NC_0032_0161,15,0.2059,0.4428,0.0039,218,1996-01-26,2010-12-02,53.4538,13,39.0417,12,2.8826,6.1992,-14.4122,-17.2948,1996_2010,1996_2010,14
usa_NC_0032_0162,15,0.4871,0.4185,0.0235,221,1996-01-26,2010-12-02,48.0462,13,37.8667,15,6.8194,5.8590,-10.1795,-16.9989,1996_2010,1996_2010,14
usa_NC_0032_0163,15,0.5919,0.4193,0.0337,224,1996-01-26,2010-12-02,52.8308,13,45.0800,15,8.2866,5.8702,-7.7508,-16.0374,1996_2010,1996_2010,14
usa_NC_0032_0164,15,0.6181,0.4028,0.0396,224,1996-01-26,2010-12-02,44.1385,13,39.2067,15,8.6534,5.6392,-4.9318,-13.5852,1996_2010,1996_2010,14
usa_NC_0032_0165,15,0.7922,0.3890,0.0668,227,1996-01-26,2010-12-02,37.2923,13,40.2600,15,11.0908,5.4460,2.9677,-8.1231,1996_2010,1996_2010,14
usa_NC_0032_0166,16,1.0324,0.3930,0.1051,230,1996-01-26,2010-12-02,36.2692,13,44.7067,15,14.4536,5.5020,8.4374,-6.0162,1996_2010,1996_2010,14
usa_NC_0032_0167,16,1.0360,0.3925,0.1065,229,1996-01-26,2010-12-02,34.9538,13,45.8176,17,14.5040,5.4950,10.8638,-3.6402,1996_2010,1996_2010,14
usa_NC_0032_0168,16,1.2330,0.3915,0.1451,229,1996-01-26,2010-12-02,37.0769,13,49.5687,16,17.2620,5.4810,12.4918,-4.7702,1996_2010,1996_2010,14
usa_NC_0032_0169,16,1.2875,0.4066,0.1442,233,1996-01-26,2010-12-02,32.7385,13,45.1750,16,18.0250,5.6924,12.4365,-5.5885,1996_2010,1996_2010,14
usa_NC_0032_0170,16,1.3634,0.4262,0.1478,231,1996-02-11,2010-12-02,32.4583,12,46.7125,16,19.0876,5.9668,14.2542,-4.8334,1996_2010,1996_2010,14
usa_NC_0032_0171,16,1.4891,0.4307,0.1698,229,1996-02-11,2010-12-02,31.0000,12,51.1313,16,20.8474,6.0298,20.1313,-0.7161,1996_2010,1996_2010,14
usa_NC_0032_0172,16,1.3690,0.4459,0.1416,224,1996-02-11,2010-12-02,31.0833,12,53.4333,15,19.1660,6.2426,22.3500,3.1840,1996_2010,1996_2010,14
usa_NC_0032_0173,16,1.3088,0.4337,0.1391,221,1996-02-11,2010-12-02,30.0500,12,51.7077,13,18.3232,6.0718,21.6577,3.3345,1996_2010,1996_2010,14
usa_NC_0032_0174,16,1.2924,0.4452,0.1300,221,1996-02-11,2010-12-02,29.5667,12,53.8000,13,18.0936,6.2328,24.2333,6.1397,1996_2010,1996_2010,14
usa_NC_0032_0175,16,1.1828,0.4845,0.0976,216,1996-02-11,2010-12-02,32.9091,11,56.8538,13,16.5592,6.7830,23.9448,7.3856,1996_2010,1996_2010,14
usa_NC_0032_0176,17,1.3029,0.5005,0.1100,215,1996-02-11,2010-12-02,27.9333,12,58.6083,12,18.2406,7.0070,30.6750,12.4344,1996_2010,1996_2010,14
usa_NC_0032_0177,17,1.2001,0.5055,0.0920,218,1996-02-11,2010-12-02,20.7000,12,48.4429,14,16.8014,7.0770,27.7429,10.9415,1996_2010,1996_2010,14
usa_NC_0032_0178,17,1.2329,0.5355,0.0863,220,1996-02-11,2010-12-02,34.9500,12,59.3538,13,17.2606,7.4970,24.4038,7.1432,1996_2010,1996_2010,14
usa_NC_0032_0179,17,1.2286,0.5435,0.0835,220,1996-02-11,2010-12-02,22.2167,12,45.3462,13,17.2004,7.6090,23.1295,5.9291,1996_2010,1996_2010,14
usa_NC_0032_0180,17,1.0524,0.5390,0.0636,220,1996-01-26,2010-12-02,22.1385,13,39.1250,12,14.7336,7.5460,16.9865,2.2529,1996_2010,1996_2010,14
usa_NC_0032_0181,17,1.1817,0.5397,0.0784,221,1996-01-26,2010-12-02,26.1615,13,41.7643,14,16.5438,7.5558,15.6027,-0.9411,1996_2010,1996_2010,14
usa_NC_0032_0182,17,1.2909,0.5274,0.0961,221,1996-01-26,2010-12-02,27.0923,13,43.2200,15,18.0726,7.3836,16.1277,-1.9449,1996_2010,1996_2010,14
usa_NC_0032_0183,17,1.3428,0.5031,0.1108,224,1996-01-26,2010-12-02,31.5538,13,47.6000,15,18.7992,7.0434,16.0462,-2.7530,1996_2010,1996_2010,14
usa_NC_0032_0184,17,1.4252,0.4961,0.1272,222,1996-01-26,2010-12-02,28.8000,13,45.7067,15,19.9528,6.9454,16.9067,-3.0461,1996_2010,1996_2010,14
usa_NC_0032_0185,17,1.5285,0.4880,0.1465,224,1996-01-26,2010-12-02,25.6083,12,43.9800,15,21.3990,6.8320,18.3717,-3.0273,1996_2010,1996_2010,14
usa_NC_0032_0186,18,1.5474,0.4495,0.1705,226,1996-01-26,2010-12-02,28.6167,12,45.0941,17,21.6636,6.2930,16.4775,-5.1861,1996_2010,1996_2010,14
usa_NC_0032_0187,18,1.4921,0.4304,0.1751,222,1996-01-26,2010-12-02,28.5833,12,44.5812,16,20.8894,6.0256,15.9979,-4.8915,1996_2010,1996_2010,14
usa_NC_0032_0188,18,1.5390,0.4128,0.1928,228,1996-01-26,2010-12-02,29.8615,13,42.2500,16,21.5460,5.7792,12.3885,-9.1575,1996_2010,1996_2010,14
usa_NC_0032_0189,18,1.6015,0.4237,0.1971,228,1996-01-26,2010-12-02,23.6846,13,35.7467,15,22.4210,5.9318,12.0621,-10.3589,1996_2010,1996_2010,14
usa_NC_0032_0190,18,1.6855,0.4218,0.2160,227,1996-01-26,2010-12-02,22.1000,13,36.6267,15,23.5970,5.9052,14.5267,-9.0703,1996_2010,1996_2010,14
usa_NC_0032_0191,18,1.7542,0.4235,0.2325,222,1996-01-26,2010-12-02,20.9692,13,37.5214,14,24.5588,5.9290,16.5522,-8.0066,1996_2010,1996_2010,14
usa_NC_0032_0192,18,1.8045,0.4336,0.2342,222,1996-01-26,2010-12-02,14.5615,13,30.1333,12,25.2630,6.0704,15.5718,-9.6912,1996_2010,1996_2010,14
usa_NC_0032_0193,18,1.8398,0.4269,0.2461,223,1996-01-26,2010-12-02,32.4385,13,48.0500,12,25.7572,5.9766,15.6115,-10.1457,1996_2010,1996_2010,14
usa_NC_0032_0194,18,1.8939,0.4168,0.2671,222,1996-01-26,2010-12-02,37.1154,13,54.6692,13,26.5146,5.8352,17.5538,-8.9608,1996_2010,1996_2010,14
usa_NC_0032_0195,18,1.8742,0.4159,0.2648,221,1996-01-26,2010-12-02,34.9385,13,53.3462,13,26.2388,5.8226,18.4077,-7.8311,1996_2010,1996_2010,14
usa_NC_0032_0196,19,1.9197,0.4251,0.2639,223,1996-01-26,2010-12-02,27.1385,13,47.3071,14,26.8758,5.9514,20.1687,-6.7071,1996_2010,1996_2010,14
usa_NC_0032_0197,19,2.0321,0.4219,0.2897,223,1996-01-26,2010-12-02,36.3667,12,58.1000,13,28.4494,5.9066,21.7333,-6.7161,1996_2010,1996_2010,14
usa_NC_0032_0198,19,1.7837,0.4056,0.2554,221,1996-01-26,2010-12-02,27.4167,12,46.1462,13,24.9718,5.6784,18.7295,-6.2423,1996_2010,1996_2010,14
usa_NC_0032_0199,19,1.6985,0.4108,0.2326,221,1996-01-26,2010-12-02,16.6250,12,34.8333,12,23.7790,5.7512,18.2083,-5.5707,1996_2010,1996_2010,14
usa_NC_0032_0200,19,1.6408,0.4175,0.2127,224,1996-01-26,2010-12-02,5.1083,12,22.2462,13,22.9712,5.8450,17.1378,-5.8334,1996_2010,1996_2010,14
usa_NC_0032_0201,19,1.5678,0.3942,0.2137,228,1996-01-26,2010-12-02,10.9250,12,30.4000,15,21.9492,5.5188,19.4750,-2.4742,1996_2010,1996_2010,14
usa_NC_0032_0202,19,1.6180,0.3912,0.2288,226,1996-01-26,2010-12-02,3.6333,12,25.6600,15,22.6520,5.4768,22.0267,-0.6253,1996_2010,1996_2010,14
usa_NC_0032_0203,19,1.3635,0.3736,0.1869,227,1996-01-26,2010-12-02,3.9917,12,24.1467,15,19.0890,5.2304,20.1550,1.0660,1996_2010,1996_2010,14
usa_NC_0032_0204,19,1.2314,0.3604,0.1683,226,1996-01-26,2010-12-02,0.6333,12,19.7667,15,17.2396,5.0456,19.1333,1.8937,1996_2010,1996_2010,14
usa_NC_0032_0205,19,1.1647,0.3673,0.1473,228,1996-01-26,2010-12-02,6.6583,12,24.5333,15,16.3058,5.1422,17.8750,1.5692,1996_2010,1996_2010,14
usa_NC_0032_0206,20,0.8175,0.3804,0.0741,226,1996-01-26,2010-12-02,26.2833,12,37.2313,16,11.4450,5.3256,10.9479,-0.4971,1996_2010,1996_2010,14
usa_NC_0032_0207,20,0.6171,0.4060,0.0380,229,1996-01-26,2010-12-02,14.5083,12,20.9235,17,8.6394,5.6840,6.4152,-2.2242,1996_2010,1996_2010,14
usa_NC_0032_0208,20,0.4906,0.4254,0.0222,229,1996-01-26,2010-12-02,20.1385,13,21.4500,16,6.8684,5.9556,1.3115,-5.5569,1996_2010,1996_2010,14
usa_NC_0032_0209,20,0.1686,0.4404,0.0025,230,1996-01-26,2010-12-02,30.8417,12,27.3688,16,2.3604,6.1656,-3.4729,-5.8333,1996_2010,1996_2010,14
usa_NC_0032_0210,20,-0.0320,0.4458,0.0001,225,1996-01-26,2010-12-02,47.5750,12,38.6625,16,-0.4480,6.2412,-8.9125,-8.4645,1996_2010,1996_2010,14
usa_NC_0032_0211,20,-0.3148,0.4996,0.0071,219,1996-01-26,2010-12-02,37.2250,12,22.9333,12,-4.4072,6.9944,-14.2917,-9.8845,1996_2010,1996_2010,14
usa_NC_0032_0212,20,-0.6086,0.4866,0.0269,222,1996-01-26,2010-12-02,55.1167,12,38.4615,13,-8.5204,6.8124,-16.6551,-8.1347,1996_2010,1996_2010,14
usa_NC_0032_0213,20,-0.7795,0.5102,0.0398,221,1996-01-26,2010-12-02,54.1250,12,37.6462,13,-10.9130,7.1428,-16.4788,-5.5658,1996_2010,1996_2010,14
usa_NC_0032_0214,20,-1.0120,0.5299,0.0605,222,1996-01-26,2010-12-02,83.6500,12,66.0615,13,-14.1680,7.4186,-17.5885,-3.4205,1996_2010,1996_2010,14
usa_NC_0033_0001,20,-1.4747,0.5054,0.1276,228,1996-02-11,2010-12-02,58.0917,12,34.3500,14,-20.6458,7.0756,-23.7417,-3.0959,1996_2010,1996_2010,14
usa_NC_0033_0002,21,-1.4639,0.5011,0.1264,231,1996-02-11,2010-12-02,51.7833,12,30.3071,14,-20.4946,7.0154,-21.4762,-0.9816,1996_2010,1996_2010,14
usa_NC_0033_0003,21,-1.4477,0.5114,0.1205,229,1996-02-11,2010-12-02,40.9333,12,20.3538,13,-20.2678,7.1596,-20.5795,-0.3117,1996_2010,1996_2010,14
usa_NC_0033_0004,21,-1.4554,0.5153,0.1215,226,1996-02-11,2010-12-02,36.1750,12,16.5308,13,-20.3756,7.2142,-19.6442,0.7314,1996_2010,1996_2010,14
usa_NC_0033_0005,21,-1.2012,0.5119,0.0844,234,1996-02-11,2010-12-02,38.0231,13,23.5643,14,-16.8168,7.1666,-14.4588,2.3580,1996_2010,1996_2010,14
usa_NC_0033_0006,21,-1.0284,0.4963,0.0654,240,1996-02-11,2010-12-02,34.5077,13,24.7938,16,-14.3976,6.9482,-9.7139,4.6837,1996_2010,1996_2010,14
usa_NC_0033_0007,21,-0.8638,0.4820,0.0496,241,1996-02-11,2010-12-02,34.3077,13,26.6187,16,-12.0932,6.7480,-7.6889,4.4043,1996_2010,1996_2010,14
usa_NC_0033_0008,21,-0.6711,0.4434,0.0354,244,1996-02-11,2010-12-02,37.3769,13,30.7125,16,-9.3954,6.2076,-6.6644,2.7310,1996_2010,1996_2010,14
usa_NC_0033_0009,21,-0.4443,0.4339,0.0165,244,1996-02-11,2010-12-10,40.6231,13,35.8471,17,-6.2202,6.0746,-4.7760,1.4442,1996_2010,1996_2010,14
usa_NC_0033_0010,21,-0.2572,0.4207,0.0060,244,1996-02-11,2010-12-10,41.9308,13,39.3625,16,-3.6008,5.8898,-2.5683,1.0325,1996_2010,1996_2010,14
usa_NC_0033_0011,21,-0.1576,0.4008,0.0025,244,1996-02-11,2010-12-10,37.6462,13,36.7263,19,-2.2064,5.6112,-0.9198,1.2866,1996_2010,1996_2010,14
usa_NC_0033_0012,21,0.0595,0.4129,0.0003,245,1996-02-11,2010-12-10,37.1615,13,39.7333,18,0.8330,5.7806,2.5718,1.7388,1996_2010,1996_2010,14
usa_NC_0033_0013,22,0.0434,0.4235,0.0002,248,1996-02-11,2010-12-10,37.9769,13,39.6444,18,0.6076,5.9290,1.6675,1.0599,1996_2010,1996_2010,14
usa_NC_0033_0014,22,-0.0925,0.4245,0.0007,252,1996-02-11,2010-12-10,43.5077,13,43.2611,18,-1.2950,5.9430,-0.2466,1.0484,1996_2010,1996_2010,14
usa_NC_0033_0015,22,-0.1763,0.4143,0.0028,248,1996-02-11,2010-12-10,44.9231,13,45.7833,18,-2.4682,5.8002,0.8603,3.3285,1996_2010,1996_2010,14
usa_NC_0033_0016,22,-0.3202,0.4239,0.0091,242,1996-02-11,2010-12-10,44.9308,13,40.6643,14,-4.4828,5.9346,-4.2665,0.2163,1996_2010,1996_2010,14
usa_NC_0033_0017,22,-0.4995,0.4338,0.0214,237,1996-02-11,2010-12-10,48.3077,13,42.1000,14,-6.9930,6.0732,-6.2077,0.7853,1996_2010,1996_2010,14
usa_NC_0033_0018,22,-0.6443,0.4132,0.0386,237,1996-02-11,2010-12-10,49.4846,13,40.6500,14,-9.0202,5.7848,-8.8346,0.1856,1996_2010,1996_2010,14
usa_NC_0033_0019,22,-0.7771,0.3958,0.0611,232,1996-02-11,2010-12-02,48.9769,13,37.7500,12,-10.8794,5.5412,-11.2269,-0.3475,1996_2010,1996_2010,14
usa_NC_0033_0020,22,-0.9544,0.3985,0.0876,234,1996-02-11,2010-12-02,50.9615,13,38.1538,13,-13.3616,5.5790,-12.8077,0.5539,1996_2010,1996_2010,14
usa_NC_0033_0021,22,-1.0016,0.3920,0.0989,233,1996-02-11,2010-12-02,52.1385,13,43.5700,10,-14.0224,5.4880,-8.5685,5.4539,1996_2010,1996_2010,14
usa_NC_0033_0022,22,-1.1774,0.3985,0.1260,237,1996-02-11,2010-12-02,56.7154,13,42.9167,12,-16.4836,5.5790,-13.7987,2.6849,1996_2010,1996_2010,14
usa_NC_0033_0023,23,-1.3368,0.4030,0.1550,235,1996-02-11,2010-12-02,65.0846,13,48.4417,12,-18.7152,5.6420,-16.6429,2.0723,1996_2010,1996_2010,14
usa_NC_0033_0024,23,-1.4456,0.3980,0.1783,238,1996-02-11,2010-12-02,71.8538,13,54.7385,13,-20.2384,5.5720,-17.1154,3.1230,1996_2010,1996_2010,14
usa_NC_0033_0025,23,-1.5196,0.3800,0.2034,245,1996-02-11,2010-12-02,76.4538,13,59.9812,16,-21.2744,5.3200,-16.4726,4.8018,1996_2010,1996_2010,14
usa_NC_0033_0026,23,-1.6109,0.3826,0.2157,252,1996-02-11,2010-12-02,77.7385,13,60.4500,18,-22.5526,5.3564,-17.2885,5.2641,1996_2010,1996_2010,14
usa_NC_0033_0027,23,-1.6575,0.3890,0.2191,253,1996-02-11,2010-12-02,78.6923,13,61.2444,18,-23.2050,5.4460,-17.4479,5.7571,1996_2010,1996_2010,14
usa_NC_0033_0028,23,-1.6821,0.3962,0.2165,255,1996-02-11,2010-12-02,79.2077,13,63.0944,18,-23.5494,5.5468,-16.1132,7.4362,1996_2010,1996_2010,14
usa_NC_0033_0029,23,-1.6407,0.3968,0.2090,253,1996-02-11,2010-12-10,102.5154,13,87.5474,19,-22.9698,5.5552,-14.9680,8.0018,1996_2010,1996_2010,14
usa_NC_0033_0030,23,-1.7480,0.4077,0.2192,256,1996-02-11,2010-12-10,97.5923,13,81.4286,21,-24.4720,5.7078,-16.1637,8.3083,1996_2010,1996_2010,14
usa_NC_0033_0031,23,-1.9396,0.4011,0.2631,256,1996-02-11,2010-12-10,96.3615,13,74.8000,21,-27.1544,5.6154,-21.5615,5.5929,1996_2010,1996_2010,14
usa_NC_0033_0032,23,-2.1161,0.3998,0.2972,259,1996-02-11,2010-12-10,99.1692,13,72.1429,21,-29.6254,5.5972,-27.0264,2.5990,1996_2010,1996_2010,14
usa_NC_0033_0033,24,-2.3233,0.4330,0.2964,267,1996-02-11,2010-12-10,99.8000,13,67.5762,21,-32.5262,6.0620,-32.2238,0.3024,1996_2010,1996_2010,14
usa_NC_0033_0034,24,-2.5970,0.4665,0.3136,265,1996-02-11,2010-12-10,93.9462,13,58.1571,21,-36.3580,6.5310,-35.7890,0.5690,1996_2010,1996_2010,14
usa_NC_0033_0035,24,-2.6982,0.4787,0.3231,260,1996-02-11,2010-12-10,93.9308,13,54.8842,19,-37.7748,6.7018,-39.0466,-1.2718,1996_2010,1996_2010,14
usa_NC_0033_0036,24,-2.6449,0.4781,0.3185,256,1996-02-11,2010-12-10,93.8231,13,53.5059,17,-37.0286,6.6934,-40.3172,-3.2886,1996_2010,1996_2010,14
usa_NC_0033_0037,24,-2.6813,0.4938,0.3147,251,1996-02-11,2010-12-10,95.8769,13,53.0000,15,-37.5382,6.9132,-42.8769,-5.3387,1996_2010,1996_2010,14
usa_NC_0033_0038,24,-2.7985,0.5072,0.3253,247,1996-02-11,2010-12-10,97.2538,13,54.3312,16,-39.1790,7.1008,-42.9226,-3.7436,1996_2010,1996_2010,14
usa_NC_0033_0039,24,-2.8758,0.5106,0.3353,246,1996-02-11,2010-12-02,84.7615,13,42.4000,16,-40.2612,7.1484,-42.3615,-2.1003,1996_2010,1996_2010,14
usa_NC_0033_0040,24,-2.9037,0.4830,0.3659,245,1996-02-11,2010-12-02,88.5846,13,46.3400,15,-40.6518,6.7620,-42.2446,-1.5928,1996_2010,1996_2010,14
usa_NC_0033_0041,24,-2.9691,0.4822,0.3723,250,1996-02-11,2010-12-02,84.6000,13,39.7200,15,-41.5674,6.7508,-44.8800,-3.3126,1996_2010,1996_2010,14
usa_NC_0033_0042,24,-2.9961,0.4681,0.3906,250,1996-02-11,2010-12-02,97.8769,13,49.9429,14,-41.9454,6.5534,-47.9341,-5.9887,1996_2010,1996_2010,14
usa_NC_0033_0043,25,-3.1667,0.4794,0.4136,242,1996-02-11,2010-12-02,91.4154,13,41.9067,15,-44.3338,6.7116,-49.5087,-5.1749,1996_2010,1996_2010,14
usa_NC_0033_0044,25,-3.3278,0.4474,0.4599,254,1996-02-11,2010-12-02,102.4077,13,50.7632,19,-46.5892,6.2636,-51.6445,-5.0553,1996_2010,1996_2010,14
usa_NC_0033_0045,25,-3.3799,0.4665,0.4439,257,1996-02-11,2010-12-02,95.6000,13,43.6857,21,-47.3186,6.5310,-51.9143,-4.5957,1996_2010,1996_2010,14
usa_NC_0033_0046,25,-3.4699,0.4807,0.4402,259,1996-02-11,2010-12-02,100.3308,13,46.5000,21,-48.5786,6.7298,-53.8308,-5.2522,1996_2010,1996_2010,14
usa_NC_0033_0047,25,-3.3502,0.4671,0.4379,258,1996-02-11,2010-12-02,100.3154,13,45.6762,21,-46.9028,6.5394,-54.6392,-7.7364,1996_2010,1996_2010,14
usa_NC_0033_0048,25,-3.3004,0.4815,0.4129,261,1996-02-11,2010-12-10,100.7538,13,46.0818,22,-46.2056,6.7410,-54.6720,-8.4664,1996_2010,1996_2010,14
usa_NC_0033_0049,25,-3.1989,0.4880,0.3924,260,1996-02-11,2010-12-10,100.1846,13,48.0542,24,-44.7846,6.8320,-52.1304,-7.3458,1996_2010,1996_2010,14
usa_NC_0033_0050,25,-3.0760,0.4795,0.3794,263,1996-02-11,2010-12-10,103.8615,13,52.7720,25,-43.0640,6.7130,-51.0895,-8.0255,1996_2010,1996_2010,14
usa_NC_0033_0051,25,-2.8070,0.4903,0.3292,261,1996-02-11,2010-12-10,97.1923,13,45.8826,23,-39.2980,6.8642,-51.3097,-12.0117,1996_2010,1996_2010,14
usa_NC_0033_0052,25,-2.8119,0.4927,0.3286,260,1996-02-11,2010-12-10,99.1154,13,46.5727,22,-39.3666,6.8978,-52.5427,-13.1761,1996_2010,1996_2010,14
usa_NC_0033_0053,26,-2.6768,0.4903,0.3061,264,1996-02-11,2010-12-10,94.1077,13,43.2227,22,-37.4752,6.8642,-50.8850,-13.4098,1996_2010,1996_2010,14
usa_NC_0033_0054,26,-2.5401,0.4944,0.2809,264,1996-02-11,2010-12-10,91.0154,13,42.9955,22,-35.5614,6.9216,-48.0199,-12.4585,1996_2010,1996_2010,14
usa_NC_0033_0055,26,-2.4280,0.5152,0.2547,254,1996-02-11,2010-12-10,82.0077,13,34.6667,18,-33.9920,7.2128,-47.3410,-13.3490,1996_2010,1996_2010,14
usa_NC_0033_0056,26,-2.5079,0.5201,0.2651,252,1996-02-11,2010-12-10,78.6231,13,32.6235,17,-35.1106,7.2814,-45.9995,-10.8889,1996_2010,1996_2010,14
usa_NC_0033_0057,26,-2.4873,0.5340,0.2534,250,1996-02-11,2010-12-10,75.0385,13,32.0529,17,-34.8222,7.4760,-42.9855,-8.1633,1996_2010,1996_2010,14
usa_NC_0033_0058,26,-2.0292,0.5157,0.1976,246,1996-02-11,2010-12-10,72.5154,13,37.2000,16,-28.4088,7.2198,-35.3154,-6.9066,1996_2010,1996_2010,14
usa_NC_0033_0059,26,-1.7323,0.5363,0.1444,242,1996-02-11,2010-12-02,53.2462,13,26.0188,16,-24.2522,7.5082,-27.2274,-2.9752,1996_2010,1996_2010,14
usa_NC_0033_0060,26,-1.5901,0.5187,0.1310,244,1996-02-11,2010-12-02,69.6154,13,48.0600,15,-22.2614,7.2618,-21.5554,0.7060,1996_2010,1996_2010,14
usa_NC_0033_0061,26,-0.8995,0.4830,0.0525,245,1996-02-11,2010-12-02,55.8462,13,49.8267,15,-12.5930,6.7620,-6.0195,6.5735,1996_2010,1996_2010,14
usa_NC_0033_0062,26,-0.4217,0.4818,0.0122,243,1996-02-11,2010-12-02,49.4231,13,52.4000,15,-5.9038,6.7452,2.9769,8.8807,1996_2010,1996_2010,14
usa_NC_0033_0064,27,0.5074,0.4141,0.0226,254,1996-02-11,2010-12-02,41.3462,13,61.6429,21,7.1036,5.7974,20.2967,13.1931,1996_2010,1996_2010,14
usa_NC_0033_0065,27,0.9584,0.4267,0.0710,258,1996-02-11,2010-12-02,42.6462,13,69.2143,21,13.4176,5.9738,26.5681,13.1505,1996_2010,1996_2010,14
usa_NC_0033_0066,27,1.5789,0.4439,0.1625,255,1996-02-11,2010-12-02,38.3846,13,72.0190,21,22.1046,6.2146,33.6344,11.5298,1996_2010,1996_2010,14
usa_NC_0033_0067,27,2.0278,0.4317,0.2483,261,1996-02-11,2010-12-10,37.8923,13,75.3318,22,28.3892,6.0438,37.4395,9.0503,1996_2010,1996_2010,14
usa_NC_0033_0068,27,2.3763,0.4275,0.3188,258,1996-02-11,2010-12-10,33.7615,13,74.8783,23,33.2682,5.9850,41.1167,7.8485,1996_2010,1996_2010,14
usa_NC_0033_0069,27,2.5257,0.4417,0.3304,259,1996-02-11,2010-12-10,31.3231,13,72.9500,24,35.3598,6.1838,41.6269,6.2671,1996_2010,1996_2010,14
usa_NC_0033_0070,27,2.7377,0.4611,0.3472,259,1996-02-11,2010-12-10,23.2462,13,69.2273,22,38.3278,6.4554,45.9811,7.6533,1996_2010,1996_2010,14
usa_NC_0033_0071,27,2.7386,0.4732,0.3384,256,1996-02-11,2010-12-10,25.4167,12,68.4905,21,38.3404,6.6248,43.0738,4.7334,1996_2010,1996_2010,14
usa_NC_0033_0072,27,2.8087,0.4608,0.3592,259,1996-02-11,2010-12-10,17.5692,13,64.3667,21,39.3218,6.4512,46.7974,7.4756,1996_2010,1996_2010,14
usa_NC_0033_0073,27,2.8717,0.4620,0.3620,266,1996-02-11,2010-12-10,13.2615,13,62.9905,21,40.2038,6.4680,49.7289,9.5251,1996_2010,1996_2010,14
usa_NC_0033_0074,28,2.6523,0.4604,0.3346,258,1996-02-11,2010-12-10,11.2231,13,60.6778,18,37.1322,6.4456,49.4547,12.3225,1996_2010,1996_2010,14
usa_NC_0033_0075,28,2.6307,0.4508,0.3421,256,1996-02-11,2010-12-10,10.0923,13,61.1941,17,36.8298,6.3112,51.1018,14.2720,1996_2010,1996_2010,14
usa_NC_0033_0076,28,2.5962,0.4287,0.3674,247,1996-02-11,2010-12-10,7.1692,13,61.7800,15,36.3468,6.0018,54.6108,18.2640,1996_2010,1996_2010,14
usa_NC_0033_0077,28,2.6961,0.4294,0.3805,251,1996-02-11,2010-12-10,8.2846,13,65.3938,16,37.7454,6.0116,57.1091,19.3637,1996_2010,1996_2010,14
usa_NC_0033_0078,28,2.9463,0.4257,0.4283,250,1996-02-11,2010-12-02,11.1308,13,69.9867,15,41.2482,5.9598,58.8559,17.6077,1996_2010,1996_2010,14
usa_NC_0033_0079,28,3.1356,0.4447,0.4365,251,1996-02-11,2010-12-02,9.9154,13,73.8000,14,43.8984,6.2258,63.8846,19.9862,1996_2010,1996_2010,14
usa_NC_0033_0080,28,3.3412,0.4487,0.4655,249,1996-02-11,2010-12-02,3.8000,13,66.8000,14,46.7768,6.2818,63.0000,16.2232,1996_2010,1996_2010,14
usa_NC_0033_0081,28,3.5914,0.4564,0.4920,250,1996-02-11,2010-12-02,3.5692,13,65.6500,14,50.2796,6.3896,62.0808,11.8012,1996_2010,1996_2010,14
usa_NC_0033_0082,28,3.6113,0.4585,0.4905,252,1996-02-11,2010-12-02,5.5615,13,63.6533,15,50.5582,6.4190,58.0918,7.5336,1996_2010,1996_2010,14
usa_NC_0033_0083,28,3.7187,0.4291,0.5283,262,1996-02-11,2010-12-02,8.4846,13,65.7600,20,52.0618,6.0074,57.2754,5.2136,1996_2010,1996_2010,14
usa_NC_0033_0084,29,3.8006,0.4305,0.5366,263,1996-02-11,2010-12-02,3.3000,13,59.3286,21,53.2084,6.0270,56.0286,2.8202,1996_2010,1996_2010,14
usa_NC_0033_0085,29,4.0279,0.4493,0.5452,262,1996-02-11,2010-12-02,6.6077,13,65.6050,20,56.3906,6.2902,58.9973,2.6067,1996_2010,1996_2010,14
usa_NC_0033_0086,29,3.9012,0.4635,0.5090,267,1996-02-11,2010-12-10,-3.0231,13,55.7091,22,54.6168,6.4890,58.7322,4.1154,1996_2010,1996_2010,14
usa_NC_0033_0087,29,3.7101,0.4808,0.4693,263,1996-02-11,2010-12-10,-11.4385,13,45.2091,22,51.9414,6.7312,56.6476,4.7062,1996_2010,1996_2010,14
usa_NC_0033_0088,29,3.4751,0.4886,0.4291,263,1996-02-11,2010-12-10,0.6846,13,54.3667,24,48.6514,6.8404,53.6821,5.0307,1996_2010,1996_2010,14
usa_NC_0033_0089,29,3.1727,0.5011,0.3742,262,1996-02-11,2010-12-10,6.5077,13,56.8909,22,44.4178,7.0154,50.3832,5.9654,1996_2010,1996_2010,14
usa_NC_0033_0090,29,2.7962,0.4809,0.3335,264,1996-02-11,2010-12-10,8.4615,13,52.8955,22,39.1468,6.7326,44.4339,5.2871,1996_2010,1996_2010,14
usa_NC_0033_0091,29,2.5195,0.5086,0.2664,264,1996-02-11,2010-12-10,6.5077,13,45.5429,21,35.2730,7.1204,39.0352,3.7622,1996_2010,1996_2010,14
usa_NC_0033_0092,29,2.1922,0.4792,0.2351,266,1996-02-11,2010-12-10,12.8923,13,44.4476,21,30.6908,6.7088,31.5553,0.8645,1996_2010,1996_2010,14
usa_NC_0033_0093,29,1.9851,0.4833,0.1992,265,1996-02-11,2010-12-10,24.1462,13,50.6789,19,27.7914,6.7662,26.5328,-1.2586,1996_2010,1996_2010,14
usa_NC_0033_0094,30,1.8528,0.4743,0.1884,257,1996-02-11,2010-12-10,27.0385,13,51.6353,17,25.9392,6.6402,24.5968,-1.3424,1996_2010,1996_2010,14
usa_NC_0033_0095,30,1.6370,0.4641,0.1596,256,1996-02-11,2010-12-10,41.2154,13,62.4125,16,22.9180,6.4974,21.1971,-1.7209,1996_2010,1996_2010,14
usa_NC_0033_0096,30,1.5556,0.4741,0.1427,253,1996-02-11,2010-12-10,31.0923,13,51.4312,16,21.7784,6.6374,20.3389,-1.4395,1996_2010,1996_2010,14
usa_NC_0033_0097,30,1.4567,0.4498,0.1404,251,1996-02-11,2010-12-02,37.7692,13,54.9937,16,20.3938,6.2972,17.2245,-3.1693,1996_2010,1996_2010,14
usa_NC_0033_0098,30,1.5229,0.4627,0.1470,246,1996-02-11,2010-12-02,30.4385,13,50.3214,14,21.3206,6.4778,19.8830,-1.4376,1996_2010,1996_2010,14
usa_NC_0033_0099,30,1.4296,0.4461,0.1384,250,1996-02-11,2010-12-02,38.9000,13,54.7400,15,20.0144,6.2454,15.8400,-4.1744,1996_2010,1996_2010,14
usa_NC_0033_0100,30,1.3388,0.4470,0.1244,247,1996-02-11,2010-12-02,44.8167,12,56.8000,13,18.7432,6.2580,11.9833,-6.7599,1996_2010,1996_2010,14
usa_NC_0033_0101,30,1.4170,0.4469,0.1374,247,1996-02-11,2010-12-02,43.4000,12,55.1643,14,19.8380,6.2566,11.7643,-8.0737,1996_2010,1996_2010,14
usa_NC_0033_0102,30,1.8421,0.4422,0.2102,255,1996-02-11,2010-12-02,39.4167,12,53.3632,19,25.7894,6.1908,13.9465,-11.8429,1996_2010,1996_2010,14
usa_NC_0033_0103,30,1.7077,0.4491,0.1779,261,1996-02-11,2010-12-02,42.4167,12,51.5900,20,23.9078,6.2874,9.1733,-14.7345,1996_2010,1996_2010,14
usa_NC_0033_0104,31,1.8030,0.4474,0.1897,271,1996-02-11,2010-12-02,54.4583,12,64.1400,20,25.2420,6.2636,9.6817,-15.5603,1996_2010,1996_2010,14
usa_NC_0033_0105,31,1.8796,0.4554,0.2001,266,1996-02-11,2010-12-02,47.3083,12,59.8737,19,26.3144,6.3756,12.5654,-13.7490,1996_2010,1996_2010,14
usa_NC_0033_0106,31,1.9143,0.4504,0.2078,269,1996-02-11,2010-12-10,46.2667,12,55.3850,20,26.8002,6.3056,9.1183,-17.6819,1996_2010,1996_2010,14
usa_NC_0033_0107,31,1.9416,0.4574,0.2080,268,1996-02-11,2010-12-10,55.9333,12,61.4773,22,27.1824,6.4036,5.5439,-21.6385,1996_2010,1996_2010,14
usa_NC_0033_0108,31,1.9937,0.4605,0.2165,265,1996-02-11,2010-12-10,60.7250,12,66.5409,22,27.9118,6.4470,5.8159,-22.0959,1996_2010,1996_2010,14
usa_NC_0033_0109,31,2.1196,0.4692,0.2327,263,1996-02-11,2010-12-10,61.6917,12,67.6789,19,29.6744,6.5688,5.9873,-23.6871,1996_2010,1996_2010,14
usa_NC_0033_0110,31,1.9905,0.4624,0.2139,266,1996-02-11,2010-12-10,52.0167,12,56.9143,21,27.8670,6.4736,4.8976,-22.9694,1996_2010,1996_2010,14
usa_NC_0033_0111,31,2.1535,0.4588,0.2458,264,1996-02-11,2010-12-10,45.1167,12,51.6048,21,30.1490,6.4232,6.4881,-23.6609,1996_2010,1996_2010,14
usa_NC_0033_0112,31,2.1044,0.4525,0.2432,263,1996-02-11,2010-12-10,50.9333,12,58.3947,19,29.4616,6.3350,7.4614,-22.0002,1996_2010,1996_2010,14
usa_NC_0033_0113,31,2.0116,0.4779,0.2110,259,1996-02-11,2010-12-10,46.2917,12,54.2375,16,28.1624,6.6906,7.9458,-20.2166,1996_2010,1996_2010,14
usa_NC_0033_0114,31,1.9610,0.4557,0.2218,254,1996-02-11,2010-12-10,45.1417,12,53.3571,14,27.4540,6.3798,8.2155,-19.2385,1996_2010,1996_2010,14
usa_NC_0033_0115,32,1.9677,0.4438,0.2345,251,1996-02-11,2010-12-10,38.6917,12,52.1067,15,27.5478,6.2132,13.4150,-14.1328,1996_2010,1996_2010,14
usa_NC_0033_0116,32,1.9982,0.4387,0.2435,252,1996-02-11,2010-12-10,33.8000,12,50.1714,14,27.9748,6.1418,16.3714,-11.6034,1996_2010,1996_2010,14
usa_NC_0033_0117,32,1.9370,0.4266,0.2431,251,1996-02-11,2010-12-02,38.0462,13,54.1571,14,27.1180,5.9724,16.1110,-11.0070,1996_2010,1996_2010,14
usa_NC_0033_0118,32,1.8939,0.4390,0.2241,252,1996-02-11,2010-12-02,45.2308,13,61.7538,13,26.5146,6.1460,16.5231,-9.9915,1996_2010,1996_2010,14
usa_NC_0033_0119,32,1.8504,0.4750,0.1893,254,1996-02-11,2010-12-02,50.4923,13,63.6357,14,25.9056,6.6500,13.1434,-12.7622,1996_2010,1996_2010,14
usa_NC_0033_0120,32,1.7710,0.5054,0.1584,255,1996-02-11,2010-12-02,48.3538,13,62.0857,14,24.7940,7.0756,13.7319,-11.0621,1996_2010,1996_2010,14
usa_NC_0033_0121,32,2.0418,0.5116,0.1962,255,1996-02-11,2010-12-02,43.5385,13,61.1286,14,28.5852,7.1624,17.5901,-10.9951,1996_2010,1996_2010,14
usa_NC_0033_0122,32,2.2676,0.5171,0.2222,263,1996-02-11,2010-12-02,39.6308,13,61.5158,19,31.7464,7.2394,21.8850,-9.8614,1996_2010,1996_2010,14
usa_NC_0033_0123,32,2.1606,0.5068,0.2139,261,1996-02-11,2010-12-02,51.8385,13,70.2350,20,30.2484,7.0952,18.3965,-11.8519,1996_2010,1996_2010,14
usa_NC_0033_0124,32,2.0217,0.4969,0.1968,264,1996-02-11,2010-12-02,58.2667,12,73.5950,20,28.3038,6.9566,15.3283,-12.9755,1996_2010,1996_2010,14
usa_NC_0033_0125,33,2.0719,0.4803,0.2134,268,1996-02-11,2010-12-10,85.4333,12,99.4429,21,29.0066,6.7242,14.0095,-14.9971,1996_2010,1996_2010,14
usa_NC_0033_0126,33,2.0739,0.4719,0.2197,268,1996-02-11,2010-12-10,104.9000,12,119.5455,22,29.0346,6.6066,14.6455,-14.3891,1996_2010,1996_2010,14
usa_NC_0033_0127,33,1.9806,0.4855,0.1976,264,1996-02-11,2010-12-10,58.1833,12,70.5417,24,27.7284,6.7970,12.3583,-15.3701,1996_2010,1996_2010,14
usa_NC_0033_0128,33,1.9507,0.4841,0.1943,263,1996-02-11,2010-12-10,50.0250,12,60.8136,22,27.3098,6.7774,10.7886,-16.5212,1996_2010,1996_2010,14
usa_NC_0033_0129,33,1.9783,0.4653,0.2091,267,1996-02-11,2010-12-10,43.8500,12,53.0091,22,27.6962,6.5142,9.1591,-18.5371,1996_2010,1996_2010,14
usa_NC_0033_0130,33,1.8817,0.4873,0.1825,261,1996-02-11,2010-12-10,48.8417,12,49.9050,20,26.3438,6.8222,1.0633,-25.2805,1996_2010,1996_2010,14
usa_NC_0033_0131,33,1.7658,0.5001,0.1573,261,1996-02-11,2010-12-10,59.1833,12,52.9524,21,24.7212,7.0014,-6.2310,-30.9522,1996_2010,1996_2010,14
usa_NC_0033_0132,33,1.6021,0.5111,0.1274,263,1996-02-11,2010-12-10,61.7583,12,50.0550,20,22.4294,7.1554,-11.7033,-34.1327,1996_2010,1996_2010,14
usa_NC_0033_0133,33,1.2132,0.5179,0.0765,259,1996-02-11,2010-12-10,63.9083,12,46.8235,17,16.9848,7.2506,-17.0848,-34.0696,1996_2010,1996_2010,14
usa_NC_0033_0134,33,0.9269,0.5239,0.0463,252,1996-02-11,2010-12-10,67.9333,12,43.8667,15,12.9766,7.3346,-24.0667,-37.0433,1996_2010,1996_2010,14
usa_NC_0033_0135,33,0.8087,0.5423,0.0333,252,1996-02-11,2010-12-10,63.2000,12,35.9133,15,11.3218,7.5922,-27.2867,-38.6085,1996_2010,1996_2010,14
usa_NC_0033_0136,34,0.5917,0.5520,0.0176,251,1996-02-11,2010-12-02,64.7667,12,37.8000,14,8.2838,7.7280,-26.9667,-35.2505,1996_2010,1996_2010,14
usa_NC_0033_0137,34,0.4920,0.5589,0.0121,247,1996-02-11,2010-12-02,70.6000,12,43.3429,14,6.8880,7.8246,-27.2571,-34.1451,1996_2010,1996_2010,14
usa_NC_0033_0138,34,0.1852,0.5589,0.0017,248,1996-02-11,2010-12-02,71.4167,12,41.9429,14,2.5928,7.8246,-29.4738,-32.0666,1996_2010,1996_2010,14
usa_NC_0033_0139,34,0.1147,0.5601,0.0007,245,1996-02-11,2010-12-02,73.3750,12,43.5769,13,1.6058,7.8414,-29.7981,-31.4039,1996_2010,1996_2010,14
usa_NC_0033_0140,34,-0.0757,0.5314,0.0003,248,1996-02-11,2010-12-02,77.9500,12,50.6200,15,-1.0598,7.4396,-27.3300,-26.2702,1996_2010,1996_2010,14
usa_NC_0033_0141,34,-0.2922,0.5026,0.0052,252,1996-02-11,2010-12-02,85.0750,12,55.5176,17,-4.0908,7.0364,-29.5574,-25.4666,1996_2010,1996_2010,14
usa_NC_0033_0142,34,-0.4499,0.4944,0.0124,257,1996-02-11,2010-12-02,85.6250,12,54.4000,21,-6.2986,6.9216,-31.2250,-24.9264,1996_2010,1996_2010,14
usa_NC_0033_0143,34,-0.9525,0.4822,0.0556,259,1996-02-11,2010-12-02,84.4000,12,48.6286,21,-13.3350,6.7508,-35.7714,-22.4364,1996_2010,1996_2010,14
usa_NC_0033_0144,34,-1.0195,0.4845,0.0624,260,1996-02-11,2010-12-02,81.3250,12,43.6286,21,-14.2730,6.7830,-37.6964,-23.4234,1996_2010,1996_2010,14
usa_NC_0033_0145,34,-1.0036,0.4896,0.0588,263,1996-02-11,2010-12-10,77.5083,12,42.0864,22,-14.0504,6.8544,-35.4220,-21.3716,1996_2010,1996_2010,14
usa_NC_0033_0146,35,-1.3526,0.4988,0.0985,263,1996-02-11,2010-12-10,77.1385,13,35.9087,23,-18.9364,6.9832,-41.2298,-22.2934,1996_2010,1996_2010,14
usa_NC_0033_0147,35,-1.5198,0.5112,0.1173,260,1996-02-11,2010-12-10,80.7154,13,35.2840,25,-21.2772,7.1568,-45.4314,-24.1542,1996_2010,1996_2010,14
usa_NC_0033_0148,35,-1.8596,0.4996,0.1729,259,1996-02-11,2010-12-10,86.5308,13,36.4609,23,-26.0344,6.9944,-50.0699,-24.0355,1996_2010,1996_2010,14
usa_NC_0033_0149,35,-2.1516,0.4954,0.2229,257,1996-02-11,2010-12-10,89.2615,13,35.4571,21,-30.1224,6.9356,-53.8044,-23.6820,1996_2010,1996_2010,14
usa_NC_0033_0150,35,-2.4778,0.4750,0.2935,256,1996-02-11,2010-12-10,88.8462,13,31.7714,21,-34.6892,6.6500,-57.0747,-22.3855,1996_2010,1996_2010,14
usa_NC_0033_0151,35,-2.8199,0.4680,0.3548,258,1996-02-11,2010-12-10,89.9846,13,30.7952,21,-39.4786,6.5520,-59.1894,-19.7108,1996_2010,1996_2010,14
usa_NC_0033_0152,35,-2.9788,0.4848,0.3629,259,1996-02-11,2010-12-10,85.8385,13,26.5684,19,-41.7032,6.7872,-59.2700,-17.5668,1996_2010,1996_2010,14
usa_NC_0033_0153,35,-3.2600,0.4957,0.3967,257,1996-02-11,2010-12-10,83.1462,13,23.5765,17,-45.6400,6.9398,-59.5697,-13.9297,1996_2010,1996_2010,14
usa_NC_0033_0154,35,-3.3304,0.5064,0.4025,251,1996-02-11,2010-12-10,78.4538,13,20.7375,16,-46.6256,7.0896,-57.7163,-11.0907,1996_2010,1996_2010,14
usa_NC_0033_0155,35,-3.4170,0.5319,0.3973,245,1996-02-11,2010-12-10,78.8385,13,22.9667,15,-47.8380,7.4466,-55.8718,-8.0338,1996_2010,1996_2010,14
usa_NC_0033_0156,35,-3.3822,0.5224,0.3960,250,1996-02-11,2010-12-02,77.7308,13,25.7067,15,-47.3508,7.3136,-52.0241,-4.6733,1996_2010,1996_2010,14
usa_NC_0033_0157,36,-3.4482,0.5274,0.4037,247,1996-02-11,2010-12-02,75.3462,13,25.2143,14,-48.2748,7.3836,-50.1319,-1.8571,1996_2010,1996_2010,14
usa_NC_0033_0158,36,-3.5832,0.5531,0.3954,251,1996-02-11,2010-12-02,76.8692,13,24.4643,14,-50.1648,7.7434,-52.4049,-2.2401,1996_2010,1996_2010,14
usa_NC_0033_0159,36,-3.6889,0.5419,0.4192,251,1996-02-11,2010-12-02,77.3000,13,25.7357,14,-51.6446,7.5866,-51.5643,0.0803,1996_2010,1996_2010,14
usa_NC_0033_0160,36,-3.6091,0.5344,0.4184,248,1996-02-11,2010-12-02,80.2923,13,26.1800,15,-50.5274,7.4816,-54.1123,-3.5849,1996_2010,1996_2010,14
usa_NC_0033_0161,36,-3.5673,0.4977,0.4386,257,1996-02-11,2010-12-02,83.4154,13,31.4667,18,-49.9422,6.9678,-51.9487,-2.0065,1996_2010,1996_2010,14
usa_NC_0033_0162,36,-3.5666,0.4932,0.4411,259,1996-02-11,2010-12-02,77.6385,13,26.6550,20,-49.9324,6.9048,-50.9835,-1.0511,1996_2010,1996_2010,14
usa_NC_0033_0163,36,-3.6570,0.4801,0.4648,261,1996-02-11,2010-12-02,82.9923,13,32.1800,20,-51.1980,6.7214,-50.8123,0.3857,1996_2010,1996_2010,14
usa_NC_0033_0164,36,-3.6234,0.4826,0.4577,261,1996-02-11,2010-12-02,80.0077,13,32.7750,20,-50.7276,6.7564,-47.2327,3.4949,1996_2010,1996_2010,14
usa_NC_0033_0165,36,-3.5017,0.4784,0.4422,264,1996-02-11,2010-12-10,79.3077,13,36.4000,21,-49.0238,6.6976,-42.9077,6.1161,1996_2010,1996_2010,14
usa_NC_0033_0166,36,-3.4144,0.4737,0.4299,269,1996-02-11,2010-12-10,79.2769,13,37.8130,23,-47.8016,6.6318,-41.4639,6.3377,1996_2010,1996_2010,14
usa_NC_0033_0167,37,-3.4467,0.4798,0.4330,264,1996-02-11,2010-12-10,77.7692,13,37.1409,22,-48.2538,6.7172,-40.6283,7.6255,1996_2010,1996_2010,14
usa_NC_0033_0168,37,-3.2646,0.4808,0.4037,266,1996-02-11,2010-12-10,70.9083,12,35.8273,22,-45.7044,6.7312,-35.0811,10.6233,1996_2010,1996_2010,14
usa_NC_0033_0169,37,-2.9671,0.4876,0.3567,261,1996-02-11,2010-12-10,66.2364,11,36.7571,21,-41.5394,6.8264,-29.4792,12.0602,1996_2010,1996_2010,14
usa_NC_0033_0170,37,-2.7220,0.4823,0.3255,258,1996-02-11,2010-12-10,64.2545,11,37.3048,21,-38.1080,6.7522,-26.9498,11.1582,1996_2010,1996_2010,14
usa_NC_0033_0171,37,-2.5439,0.4618,0.3166,256,1996-02-11,2010-12-10,58.0091,11,35.0524,21,-35.6146,6.4652,-22.9567,12.6579,1996_2010,1996_2010,14
usa_NC_0033_0172,37,-2.4343,0.4823,0.2841,251,1996-02-11,2010-12-10,57.0091,11,37.4444,18,-34.0802,6.7522,-19.5646,14.5156,1996_2010,1996_2010,14
usa_NC_0033_0173,37,-2.1912,0.5031,0.2260,254,1996-02-11,2010-12-10,54.6455,11,40.0529,17,-30.6768,7.0434,-14.5925,16.0843,1996_2010,1996_2010,14
usa_NC_0033_0174,37,-2.1554,0.5149,0.2158,249,1996-02-11,2010-12-10,56.2091,11,43.5333,15,-30.1756,7.2086,-12.6758,17.4998,1996_2010,1996_2010,14
usa_NC_0033_0175,37,-1.8971,0.5314,0.1691,245,1996-02-11,2010-12-10,48.1364,11,41.1000,16,-26.5594,7.4396,-7.0364,19.5230,1996_2010,1996_2010,14
usa_NC_0033_0176,37,-1.4981,0.5395,0.1076,250,1996-02-11,2010-12-02,61.2455,11,57.9600,15,-20.9734,7.5530,-3.2855,17.6879,1996_2010,1996_2010,14
usa_NC_0033_0177,37,-1.1665,0.5454,0.0675,247,1996-02-11,2010-12-02,48.2273,11,48.9643,14,-16.3310,7.6356,0.7370,17.0680,1996_2010,1996_2010,14
usa_NC_0033_0178,38,-0.8022,0.5584,0.0320,244,1996-02-11,2010-12-02,44.3091,11,48.1571,14,-11.2308,7.8176,3.8481,15.0789,1996_2010,1996_2010,14
usa_NC_0033_0179,38,-0.4768,0.5480,0.0119,246,1996-02-11,2010-12-02,45.8000,11,51.9308,13,-6.6752,7.6720,6.1308,12.8060,1996_2010,1996_2010,14
usa_NC_0033_0180,38,-0.0342,0.5456,0.0001,244,1996-02-11,2010-12-02,48.8545,11,56.1714,14,-0.4788,7.6384,7.3169,7.7957,1996_2010,1996_2010,14
usa_NC_0033_0181,38,0.4326,0.5137,0.0107,257,1996-02-11,2010-12-02,47.7636,11,55.5579,19,6.0564,7.1918,7.7943,1.7379,1996_2010,1996_2010,14
usa_NC_0033_0182,38,0.6322,0.5102,0.0226,260,1996-02-11,2010-12-02,49.3364,11,55.2650,20,8.8508,7.1428,5.9286,-2.9222,1996_2010,1996_2010,14
usa_NC_0033_0183,38,0.8045,0.4793,0.0408,259,1996-02-11,2010-12-02,45.2818,11,49.0550,20,11.2630,6.7102,3.7732,-7.4898,1996_2010,1996_2010,14
usa_NC_0033_0184,38,1.1212,0.4945,0.0712,262,1996-02-11,2010-12-02,46.5455,11,53.9350,20,15.6968,6.9230,7.3895,-8.3073,1996_2010,1996_2010,14
usa_NC_0033_0185,38,1.3934,0.4891,0.1072,264,1996-02-11,2010-12-10,42.6909,11,54.3048,21,19.5076,6.8474,11.6139,-7.8937,1996_2010,1996_2010,14
usa_NC_0033_0186,38,1.2299,0.4859,0.0866,264,1996-02-11,2010-12-10,42.4909,11,52.0000,23,17.2186,6.8026,9.5091,-7.7095,1996_2010,1996_2010,14
usa_NC_0033_0187,38,1.0664,0.4904,0.0668,258,1996-02-11,2010-12-10,41.4000,12,46.9391,23,14.9296,6.8656,5.5391,-9.3905,1996_2010,1996_2010,14
usa_NC_0033_0188,39,1.0316,0.4876,0.0626,262,1996-02-11,2010-12-10,41.4667,12,46.4952,21,14.4424,6.8264,5.0286,-9.4138,1996_2010,1996_2010,14
usa_NC_0033_0189,39,0.8756,0.4872,0.0461,261,1996-02-11,2010-12-10,40.3500,12,45.9190,21,12.2584,6.8208,5.5690,-6.6894,1996_2010,1996_2010,14
usa_NC_0033_0190,39,0.6964,0.4776,0.0310,260,1996-02-11,2010-12-10,40.3167,12,45.3000,22,9.7496,6.6864,4.9833,-4.7663,1996_2010,1996_2010,14
usa_NC_0033_0191,39,0.6195,0.4644,0.0261,259,1996-02-11,2010-12-10,41.9500,12,45.9364,22,8.6730,6.5016,3.9864,-4.6866,1996_2010,1996_2010,14
usa_NC_0033_0192,39,0.4433,0.4559,0.0141,259,1996-02-11,2010-12-10,42.4083,12,44.9211,19,6.2062,6.3826,2.5127,-3.6935,1996_2010,1996_2010,14
usa_NC_0033_0193,39,0.4035,0.4593,0.0117,255,1996-02-11,2010-12-10,43.4250,12,45.2667,15,5.6490,6.4302,1.8417,-3.8073,1996_2010,1996_2010,14
usa_NC_0033_0194,39,0.2496,0.4555,0.0046,253,1996-02-11,2010-12-10,40.3333,12,42.1882,17,3.4944,6.3770,1.8549,-1.6395,1996_2010,1996_2010,14
usa_NC_0033_0195,39,0.1865,0.4477,0.0027,249,1996-02-11,2010-12-10,40.0750,12,41.3750,16,2.6110,6.2678,1.3000,-1.3110,1996_2010,1996_2010,14
usa_NC_0033_0196,39,0.3816,0.4555,0.0109,250,1996-02-11,2010-12-02,38.7750,12,39.9437,16,5.3424,6.3770,1.1687,-4.1737,1996_2010,1996_2010,14
usa_NC_0033_0197,39,0.3969,0.4388,0.0126,250,1996-02-11,2010-12-02,42.4417,12,45.2571,14,5.5566,6.1432,2.8155,-2.7411,1996_2010,1996_2010,14
usa_NC_0033_0198,40,0.2193,0.4149,0.0043,251,1996-02-11,2010-12-02,43.2750,12,43.1200,15,3.0702,5.8086,-0.1550,-3.2252,1996_2010,1996_2010,14
usa_NC_0033_0199,40,0.3008,0.4205,0.0080,247,1996-02-11,2010-12-02,44.1667,12,43.2600,15,4.2112,5.8870,-0.9067,-5.1179,1996_2010,1996_2010,14
usa_NC_0033_0200,40,0.5841,0.4202,0.0293,250,1996-02-11,2010-12-02,43.3250,12,46.7933,15,8.1774,5.8828,3.4683,-4.7091,1996_2010,1996_2010,14
usa_NC_0033_0201,40,0.7335,0.3996,0.0484,259,1996-02-11,2010-12-02,45.1083,12,51.5650,20,10.2690,5.5944,6.4567,-3.8123,1996_2010,1996_2010,14
usa_NC_0033_0202,40,0.7145,0.4114,0.0429,263,1996-02-11,2010-12-02,44.8000,12,50.9810,21,10.0030,5.7596,6.1810,-3.8220,1996_2010,1996_2010,14
usa_NC_0033_0203,40,0.8019,0.4194,0.0515,263,1996-02-11,2010-12-02,50.9750,12,58.7714,21,11.2266,5.8716,7.7964,-3.4302,1996_2010,1996_2010,14
usa_NC_0033_0204,40,0.9097,0.4511,0.0566,265,1996-02-11,2010-12-10,48.9000,12,56.1500,22,12.7358,6.3154,7.2500,-5.4858,1996_2010,1996_2010,14
usa_NC_0033_0205,40,0.8427,0.4359,0.0526,263,1996-02-11,2010-12-10,50.3583,12,59.3955,22,11.7978,6.1026,9.0371,-2.7607,1996_2010,1996_2010,14
usa_NC_0033_0206,40,1.0380,0.4468,0.0742,263,1996-02-11,2010-12-10,48.0500,12,59.5565,23,14.5320,6.2552,11.5065,-3.0255,1996_2010,1996_2010,14
usa_NC_0033_0207,40,1.1770,0.4452,0.0931,266,1996-02-11,2010-12-10,44.8333,12,53.4696,23,16.4780,6.2328,8.6362,-7.8418,1996_2010,1996_2010,14
usa_NC_0033_0209,41,1.4385,0.4713,0.1212,264,1996-02-11,2010-12-10,48.8667,12,58.2955,22,20.1390,6.5982,9.4288,-10.7102,1996_2010,1996_2010,14
usa_NC_0033_0210,41,1.5402,0.4774,0.1339,263,1996-02-11,2010-12-10,48.0750,12,56.8409,22,21.5628,6.6836,8.7659,-12.7969,1996_2010,1996_2010,14
usa_NC_0033_0211,41,1.6998,0.4977,0.1492,260,1996-02-11,2010-12-10,41.3500,12,49.7591,22,23.7972,6.9678,8.4091,-15.3881,1996_2010,1996_2010,14
usa_NC_0033_0212,41,1.6443,0.5182,0.1346,253,1996-02-11,2010-12-10,45.0750,12,52.1778,18,23.0202,7.2548,7.1028,-15.9174,1996_2010,1996_2010,14
usa_NC_0033_0213,41,1.5726,0.5210,0.1226,255,1996-02-11,2010-12-10,34.3250,12,36.8500,16,22.0164,7.2940,2.5250,-19.4914,1996_2010,1996_2010,14
usa_NC_0033_0214,41,1.5898,0.5112,0.1300,253,1996-02-11,2010-12-10,37.3909,11,37.1353,17,22.2572,7.1568,-0.2556,-22.5128,1996_2010,1996_2010,14
usa_NC_0033_0215,41,1.6076,0.4983,0.1410,248,1996-02-11,2010-12-10,38.6273,11,37.3438,16,22.5064,6.9762,-1.2835,-23.7899,1996_2010,1996_2010,14
usa_NC_0033_0216,41,1.6325,0.4729,0.1576,249,1996-02-11,2010-12-02,42.7909,11,41.5438,16,22.8550,6.6206,-1.2472,-24.1022,1996_2010,1996_2010,14
usa_NC_0033_0217,41,1.4878,0.4344,0.1529,254,1996-02-11,2010-12-02,37.0727,11,35.8125,16,20.8292,6.0816,-1.2602,-22.0894,1996_2010,1996_2010,14
usa_NC_0033_0218,41,1.3612,0.4313,0.1358,248,1996-02-11,2010-12-02,36.8000,11,36.3867,15,19.0568,6.0382,-0.4133,-19.4701,1996_2010,1996_2010,14
usa_NC_0033_0219,42,1.2346,0.4404,0.1123,243,1996-02-11,2010-12-02,34.3455,11,33.8667,15,17.2844,6.1656,-0.4788,-17.7632,1996_2010,1996_2010,14
usa_NC_0033_0220,42,1.4140,0.4501,0.1347,248,1996-02-11,2010-12-02,39.0909,11,45.0778,18,19.7960,6.3014,5.9869,-13.8091,1996_2010,1996_2010,14
usa_NC_0033_0221,42,1.4605,0.4315,0.1484,257,1996-02-11,2010-12-02,31.7182,11,41.8950,20,20.4470,6.0410,10.1768,-10.2702,1996_2010,1996_2010,14
usa_NC_0033_0222,42,1.4031,0.4228,0.1430,258,1996-02-11,2010-12-02,41.8364,11,51.1333,21,19.6434,5.9192,9.2970,-10.3464,1996_2010,1996_2010,14
usa_NC_0033_0223,42,1.3911,0.4294,0.1353,262,1996-02-11,2010-12-02,31.4250,12,41.9381,21,19.4754,6.0116,10.5131,-8.9623,1996_2010,1996_2010,14
usa_NC_0033_0224,42,1.3707,0.4282,0.1330,261,1996-02-11,2010-12-02,30.8917,12,42.9381,21,19.1898,5.9948,12.0464,-7.1434,1996_2010,1996_2010,14
usa_NC_0033_0225,42,1.2770,0.4009,0.1314,262,1996-02-11,2010-12-10,31.9583,12,46.0682,22,17.8780,5.6126,14.1098,-3.7682,1996_2010,1996_2010,14
usa_NC_0033_0226,42,1.1742,0.3928,0.1156,267,1996-02-11,2010-12-10,23.4923,13,40.0600,25,16.4388,5.4992,16.5677,0.1289,1996_2010,1996_2010,14
usa_NC_0033_0227,42,1.0085,0.4026,0.0846,265,1996-02-11,2010-12-10,22.6769,13,37.9609,23,14.1190,5.6364,15.2839,1.1649,1996_2010,1996_2010,14
usa_NC_0033_0228,42,0.9604,0.4146,0.0728,267,1996-02-11,2010-12-10,23.3769,13,38.6727,22,13.4456,5.8044,15.2958,1.8502,1996_2010,1996_2010,14
usa_NC_0033_0229,43,0.9090,0.4050,0.0691,265,1996-02-11,2010-12-10,30.5923,13,47.2955,22,12.7260,5.6700,16.7031,3.9771,1996_2010,1996_2010,14
usa_NC_0033_0230,43,0.8519,0.4036,0.0632,258,1996-02-11,2010-12-10,20.9231,13,37.1000,22,11.9266,5.6504,16.1769,4.2503,1996_2010,1996_2010,14
usa_NC_0033_0231,43,0.6520,0.4023,0.0387,255,1996-02-11,2010-12-10,21.9231,13,35.0150,20,9.1280,5.6322,13.0919,3.9639,1996_2010,1996_2010,14
usa_NC_0033_0232,43,0.5766,0.4024,0.0302,258,1996-02-11,2010-12-10,18.0846,13,30.7778,18,8.0724,5.6336,12.6932,4.6208,1996_2010,1996_2010,14
usa_NC_0033_0233,43,0.5419,0.4149,0.0254,256,1996-02-11,2010-12-10,17.9077,13,30.5813,16,7.5866,5.8086,12.6736,5.0870,1996_2010,1996_2010,14
usa_NC_0033_0234,43,0.5825,0.4098,0.0305,251,1996-02-11,2010-12-10,17.7154,13,30.3063,16,8.1550,5.7372,12.5909,4.4359,1996_2010,1996_2010,14
usa_NC_0033_0235,43,0.7860,0.4071,0.0547,252,1996-02-11,2010-12-10,15.9154,13,26.8375,16,11.0040,5.6994,10.9221,-0.0819,1996_2010,1996_2010,14
usa_NC_0033_0236,43,0.9587,0.4248,0.0741,249,1996-02-11,2010-12-02,29.6846,13,39.9438,16,13.4218,5.9472,10.2591,-3.1627,1996_2010,1996_2010,14
usa_NC_0033_0237,43,1.1985,0.4334,0.1049,255,1996-02-11,2010-12-02,25.0538,13,36.9600,15,16.7790,6.0676,11.9062,-4.8728,1996_2010,1996_2010,14
usa_NC_0033_0238,43,1.1892,0.4351,0.1020,257,1996-02-11,2010-12-02,23.7308,13,39.0200,15,16.6488,6.0914,15.2892,-1.3596,1996_2010,1996_2010,14
usa_NC_0033_0239,44,1.1665,0.4365,0.1016,247,1996-02-11,2010-12-02,29.3692,13,44.2714,14,16.3310,6.1110,14.9022,-1.4288,1996_2010,1996_2010,14
usa_NC_0033_0240,44,1.1563,0.4190,0.1064,250,1996-02-11,2010-12-02,12.6846,13,28.1529,17,16.1882,5.8660,15.4683,-0.7199,1996_2010,1996_2010,14
usa_NC_0033_0241,44,1.0930,0.3979,0.1015,261,1996-02-11,2010-12-02,17.2615,13,33.8550,20,15.3020,5.5706,16.5935,1.2915,1996_2010,1996_2010,14
usa_NC_0033_0242,44,1.0388,0.4036,0.0909,259,1996-02-11,2010-12-02,32.3462,13,48.0850,20,14.5432,5.6504,15.7388,1.1956,1996_2010,1996_2010,14
usa_NC_0033_0243,44,1.0419,0.4014,0.0933,256,1996-02-11,2010-12-02,23.7692,13,38.4450,20,14.5866,5.6196,14.6758,0.0892,1996_2010,1996_2010,14
usa_NC_0033_0244,44,1.2831,0.3982,0.1346,261,1996-02-11,2010-12-02,22.3385,13,38.2900,20,17.9634,5.5748,15.9515,-2.0119,1996_2010,1996_2010,14
usa_NC_0033_0245,44,1.3650,0.4202,0.1369,260,1996-02-11,2010-12-02,22.6385,13,37.4190,21,19.1100,5.8828,14.7806,-4.3294,1996_2010,1996_2010,14
usa_NC_0033_0246,44,1.2624,0.4457,0.1068,262,1996-02-11,2010-12-02,21.8538,13,31.9818,22,17.6736,6.2398,10.1280,-7.5456,1996_2010,1996_2010,14
usa_NC_0033_0247,44,1.1517,0.4582,0.0855,264,1996-02-11,2010-12-02,19.5769,13,26.9667,21,16.1238,6.4148,7.3897,-8.7341,1996_2010,1996_2010,14
usa_NC_0033_0248,44,1.0949,0.4753,0.0725,265,1996-02-11,2010-12-02,29.9769,13,36.6048,21,15.3286,6.6542,6.6278,-8.7008,1996_2010,1996_2010,14
usa_NC_0033_0249,45,1.1104,0.4821,0.0733,262,1996-02-11,2010-12-02,23.7231,13,30.6524,21,15.5456,6.7494,6.9293,-8.6163,1996_2010,1996_2010,14
usa_NC_0033_0250,45,1.1541,0.4694,0.0842,257,1996-02-11,2010-12-02,23.6462,13,29.8524,21,16.1574,6.5716,6.2062,-9.9512,1996_2010,1996_2010,14
usa_NC_0033_0251,45,0.9270,0.4730,0.0558,254,1996-02-11,2010-12-02,29.6385,13,32.1947,19,12.9780,6.6220,2.5563,-10.4217,1996_2010,1996_2010,14
usa_NC_0033_0252,45,0.6711,0.4536,0.0322,257,1996-02-11,2010-12-02,30.8769,13,27.2063,16,9.3954,6.3504,-3.6707,-13.0661,1996_2010,1996_2010,14
usa_NC_0033_0253,45,0.5714,0.4619,0.0228,256,1996-02-11,2010-12-02,33.8385,13,29.6267,15,7.9996,6.4666,-4.2118,-12.2114,1996_2010,1996_2010,14
usa_NC_0033_0254,45,0.3710,0.4609,0.0099,253,1996-02-11,2010-12-02,37.7846,13,31.7333,15,5.1940,6.4526,-6.0513,-11.2453,1996_2010,1996_2010,14
usa_NC_0033_0255,45,0.2205,0.4497,0.0037,253,1996-02-11,2010-12-02,43.7231,13,36.7563,16,3.0870,6.2958,-6.9668,-10.0538,1996_2010,1996_2010,14
usa_NC_0033_0256,45,0.1125,0.4340,0.0010,256,1996-02-11,2010-12-02,42.1923,13,34.2000,15,1.5750,6.0760,-7.9923,-9.5673,1996_2010,1996_2010,14
usa_NC_0033_0257,45,0.0074,0.4191,0.0000,255,1996-02-11,2010-12-02,47.3462,13,38.9571,14,0.1036,5.8674,-8.3890,-8.4926,1996_2010,1996_2010,14
usa_NC_0033_0258,45,-0.1158,0.4023,0.0013,249,1996-02-11,2010-12-02,52.0385,13,46.7714,14,-1.6212,5.6322,-5.2670,-3.6458,1996_2010,1996_2010,14
usa_NC_0033_0259,46,-0.2167,0.3742,0.0052,250,1996-02-11,2010-12-02,55.4846,13,54.5143,14,-3.0338,5.2388,-0.9703,2.0635,1996_2010,1996_2010,14
usa_NC_0033_0260,46,-0.2125,0.3746,0.0049,256,1996-02-11,2010-12-02,54.7385,13,60.0316,19,-2.9750,5.2444,5.2931,8.2681,1996_2010,1996_2010,14
usa_NC_0034_0001,46,-0.6939,0.4085,0.0406,266,1996-01-26,2010-12-02,54.2571,14,59.7238,21,-9.7146,5.7190,5.4667,15.1813,1996_2010,1996_2010,14
usa_NC_0034_0002,46,-0.8635,0.4146,0.0597,267,1996-01-26,2010-12-02,54.9214,14,56.9524,21,-12.0890,5.8044,2.0310,14.1200,1996_2010,1996_2010,14
usa_NC_0034_0003,46,-1.0127,0.4145,0.0829,258,1996-01-26,2010-12-02,55.6429,14,52.4333,21,-14.1778,5.8030,-3.2095,10.9683,1996_2010,1996_2010,14
usa_NC_0034_0004,46,-1.2201,0.4099,0.1175,260,1996-01-26,2010-12-02,56.7786,14,46.0429,21,-17.0814,5.7386,-10.7357,6.3457,1996_2010,1996_2010,14
usa_NC_0034_0005,46,-1.3091,0.4044,0.1334,266,1996-01-26,2010-12-02,69.8643,14,51.2920,25,-18.3274,5.6616,-18.5723,-0.2449,1996_2010,1996_2010,14
usa_NC_0034_0006,46,-1.4637,0.4301,0.1477,261,1996-01-26,2010-12-02,68.6500,14,40.7524,21,-20.4918,6.0214,-27.8976,-7.4058,1996_2010,1996_2010,14
usa_NC_0034_0007,46,-1.5714,0.4322,0.1631,265,1996-01-26,2010-12-02,76.6000,14,44.1571,21,-21.9996,6.0508,-32.4429,-10.4433,1996_2010,1996_2010,14
usa_NC_0034_0008,46,-1.5938,0.4294,0.1699,263,1996-01-26,2010-12-02,73.9286,14,41.4429,21,-22.3132,6.0116,-32.4857,-10.1725,1996_2010,1996_2010,14
usa_NC_0034_0009,47,-1.5405,0.4251,0.1659,258,1996-01-26,2010-12-02,69.1786,14,36.3857,21,-21.5670,5.9514,-32.7929,-11.2259,1996_2010,1996_2010,14
usa_NC_0034_0010,47,-1.5675,0.4307,0.1671,258,1996-01-26,2010-12-02,73.1786,14,36.9476,21,-21.9450,6.0298,-36.2310,-14.2860,1996_2010,1996_2010,14
usa_NC_0034_0011,47,-1.6340,0.4328,0.1805,253,1996-01-26,2010-12-02,70.7500,14,32.5235,17,-22.8760,6.0592,-38.2265,-15.3505,1996_2010,1996_2010,14
usa_NC_0034_0012,47,-1.5702,0.4236,0.1729,257,1996-01-26,2010-12-02,65.6143,14,31.1313,16,-21.9828,5.9304,-34.4830,-12.5002,1996_2010,1996_2010,14
usa_NC_0034_0013,47,-1.5306,0.4172,0.1710,255,1996-01-26,2010-12-02,65.4357,14,34.7778,18,-21.4284,5.8408,-30.6579,-9.2295,1996_2010,1996_2010,14
usa_NC_0034_0014,47,-1.5814,0.4258,0.1775,250,1996-01-26,2010-12-02,67.2429,14,38.1000,17,-22.1396,5.9612,-29.1429,-7.0033,1996_2010,1996_2010,14
usa_NC_0034_0015,47,-1.4406,0.4104,0.1616,250,1996-01-26,2010-12-02,62.3357,14,36.9500,18,-20.1684,5.7456,-25.3857,-5.2173,1996_2010,1996_2010,14
usa_NC_0034_0016,47,-1.2941,0.3976,0.1407,253,1996-01-26,2010-12-02,73.1786,14,51.7562,16,-18.1174,5.5664,-21.4223,-3.3049,1996_2010,1996_2010,14
usa_NC_0034_0017,47,-1.1386,0.3890,0.1161,255,1996-01-26,2010-12-02,58.9214,14,39.3267,15,-15.9404,5.4460,-19.5948,-3.6544,1996_2010,1996_2010,14
usa_NC_0034_0018,47,-1.0758,0.3867,0.1068,253,1996-01-26,2010-12-02,59.0500,14,39.4667,15,-15.0612,5.4138,-19.5833,-4.5221,1996_2010,1996_2010,14
usa_NC_0034_0019,48,-1.0234,0.3814,0.1012,250,1996-01-26,2010-12-02,55.0714,14,34.8438,16,-14.3276,5.3396,-20.2277,-5.9001,1996_2010,1996_2010,14
usa_NC_0034_0020,48,-0.9744,0.3758,0.0921,259,1996-01-26,2010-12-02,54.9571,14,34.6750,20,-13.6416,5.2612,-20.2821,-6.6405,1996_2010,1996_2010,14
usa_NC_0034_0021,48,-0.8540,0.3738,0.0720,263,1996-01-26,2010-12-02,53.9071,14,35.0714,21,-11.9560,5.2332,-18.8357,-6.8797,1996_2010,1996_2010,14
usa_NC_0034_0022,48,-0.6115,0.3889,0.0358,260,1996-01-26,2010-12-02,58.0571,14,42.0333,21,-8.5610,5.4446,-16.0238,-7.4628,1996_2010,1996_2010,14
usa_NC_0034_0023,48,-0.3064,0.4146,0.0081,261,1996-01-26,2010-12-02,42.5857,14,31.3190,21,-4.2896,5.8044,-11.2667,-6.9771,1996_2010,1996_2010,14
usa_NC_0034_0024,48,-0.0340,0.4299,0.0001,261,1996-01-26,2010-12-02,40.3929,14,33.9773,22,-0.4760,6.0186,-6.4156,-5.9396,1996_2010,1996_2010,14
usa_NC_0034_0025,48,0.2360,0.4358,0.0044,261,1996-01-26,2010-12-02,33.2929,14,34.3826,23,3.3040,6.1012,1.0898,-2.2142,1996_2010,1996_2010,14
usa_NC_0034_0026,48,0.6124,0.4520,0.0263,265,1996-01-26,2010-12-02,32.6143,14,39.9810,21,8.5736,6.3280,7.3667,-1.2069,1996_2010,1996_2010,14
usa_NC_0034_0027,48,0.8443,0.4398,0.0506,270,1996-01-26,2010-12-02,25.0857,14,35.9455,22,11.8202,6.1572,10.8597,-0.9605,1996_2010,1996_2010,14
usa_NC_0034_0028,48,1.0135,0.4487,0.0702,264,1996-01-26,2010-12-02,23.3286,14,37.1682,22,14.1890,6.2818,13.8396,-0.3494,1996_2010,1996_2010,14
usa_NC_0034_0029,49,1.2346,0.4360,0.1072,261,1996-01-26,2010-12-02,26.9357,14,43.8545,22,17.2844,6.1040,16.9188,-0.3656,1996_2010,1996_2010,14
usa_NC_0034_0030,49,1.3114,0.4324,0.1210,261,1996-01-26,2010-12-02,33.1500,14,46.1429,21,18.3596,6.0536,12.9929,-5.3667,1996_2010,1996_2010,14
usa_NC_0034_0031,49,1.5149,0.4402,0.1511,260,1996-01-26,2010-12-02,32.3643,14,44.7389,18,21.2086,6.1628,12.3746,-8.8340,1996_2010,1996_2010,14
usa_NC_0034_0032,49,1.6511,0.4422,0.1755,256,1996-01-26,2010-12-02,31.7643,14,40.2500,16,23.1154,6.1908,8.4857,-14.6297,1996_2010,1996_2010,14
usa_NC_0034_0033,49,1.6180,0.4459,0.1663,258,1996-01-26,2010-12-02,32.7071,14,39.2059,17,22.6520,6.2426,6.4987,-16.1533,1996_2010,1996_2010,14
usa_NC_0034_0034,49,1.7574,0.4545,0.1865,255,1996-01-26,2010-12-02,31.0929,14,39.4059,17,24.6036,6.3630,8.3130,-16.2906,1996_2010,1996_2010,14
usa_NC_0034_0035,49,1.6792,0.4502,0.1741,258,1996-01-26,2010-12-02,31.7643,14,38.7889,18,23.5088,6.3028,7.0246,-16.4842,1996_2010,1996_2010,14
usa_NC_0034_0036,49,1.5679,0.4448,0.1579,259,1996-01-26,2010-12-02,33.8786,14,39.4125,16,21.9506,6.2272,5.5339,-16.4167,1996_2010,1996_2010,14
usa_NC_0034_0037,49,1.3831,0.4460,0.1289,254,1996-01-26,2010-12-02,43.9286,14,45.4214,14,19.3634,6.2440,1.4929,-17.8705,1996_2010,1996_2010,14
usa_NC_0034_0038,49,1.1318,0.4445,0.0924,249,1996-01-26,2010-12-02,37.9143,14,40.7429,14,15.8452,6.2230,2.8286,-13.0166,1996_2010,1996_2010,14
usa_NC_0034_0039,50,1.1233,0.4402,0.0921,251,1996-01-26,2010-12-02,40.0286,14,46.7706,17,15.7262,6.1628,6.7420,-8.9842,1996_2010,1996_2010,14
usa_NC_0034_0040,50,0.8323,0.4227,0.0543,264,1996-01-26,2010-12-02,44.8000,14,47.6800,20,11.6522,5.9178,2.8800,-8.7722,1996_2010,1996_2010,14
usa_NC_0034_0041,50,0.5377,0.4237,0.0232,265,1996-01-26,2010-12-02,47.5214,14,45.3350,20,7.5278,5.9318,-2.1864,-9.7142,1996_2010,1996_2010,14
usa_NC_0034_0042,50,0.3500,0.4254,0.0101,259,1996-01-26,2010-12-02,47.9571,14,41.9250,20,4.9000,5.9556,-6.0321,-10.9321,1996_2010,1996_2010,14
usa_NC_0034_0043,50,-0.0714,0.4226,0.0004,258,1996-01-26,2010-12-02,53.0571,14,38.9850,20,-0.9996,5.9164,-14.0721,-13.0725,1996_2010,1996_2010,14
usa_NC_0034_0044,50,-0.2545,0.4152,0.0056,263,1996-01-26,2010-12-02,51.6000,14,36.2435,23,-3.5630,5.8128,-15.3565,-11.7935,1996_2010,1996_2010,14
usa_NC_0034_0045,50,-0.3793,0.4228,0.0120,259,1996-01-26,2010-12-02,50.9643,14,34.5667,21,-5.3102,5.9192,-16.3976,-11.0874,1996_2010,1996_2010,14
usa_NC_0034_0046,50,-0.5796,0.4390,0.0251,265,1996-01-26,2010-12-02,57.6643,14,38.4714,21,-8.1144,6.1460,-19.1929,-11.0785,1996_2010,1996_2010,14
usa_NC_0034_0047,50,-0.7980,0.4555,0.0433,265,1996-01-26,2010-12-02,58.2786,14,34.6182,22,-11.1720,6.3770,-23.6604,-12.4884,1996_2010,1996_2010,14
usa_NC_0034_0048,50,-0.9042,0.4553,0.0560,260,1996-01-26,2010-12-02,60.7929,14,37.2636,22,-12.6588,6.3742,-23.5292,-10.8704,1996_2010,1996_2010,14
usa_NC_0034_0049,51,-0.8115,0.4611,0.0445,260,1996-01-26,2010-12-02,62.8786,14,44.7762,21,-11.3610,6.4554,-18.1024,-6.7414,1996_2010,1996_2010,14
usa_NC_0034_0050,51,-0.7399,0.4757,0.0350,261,1996-01-26,2010-12-02,64.2357,14,50.7389,18,-10.3586,6.6598,-13.4968,-3.1382,1996_2010,1996_2010,14
usa_NC_0034_0051,51,-0.8818,0.4989,0.0455,256,1996-01-26,2010-12-02,67.5929,14,51.7313,16,-12.3452,6.9846,-15.8616,-3.5164,1996_2010,1996_2010,14
usa_NC_0034_0052,51,-0.9039,0.5054,0.0464,257,1996-01-26,2010-12-02,55.6643,14,40.7167,18,-12.6546,7.0756,-14.9476,-2.2930,1996_2010,1996_2010,14
usa_NC_0034_0053,51,-0.8235,0.5062,0.0391,254,1996-01-26,2010-12-02,52.9929,14,39.5353,17,-11.5290,7.0868,-13.4576,-1.9286,1996_2010,1996_2010,14
usa_NC_0034_0054,51,-0.5605,0.5180,0.0178,253,1996-01-26,2010-12-02,57.9929,14,45.9056,18,-7.8470,7.2520,-12.0873,-4.2403,1996_2010,1996_2010,14
usa_NC_0034_0055,51,-0.3526,0.4950,0.0077,257,1996-01-26,2010-12-02,57.8929,14,50.2824,17,-4.9364,6.9300,-7.6105,-2.6741,1996_2010,1996_2010,14
usa_NC_0034_0056,51,-0.3446,0.4701,0.0080,262,1996-01-26,2010-12-02,59.0500,14,52.0267,15,-4.8244,6.5814,-7.0233,-2.1989,1996_2010,1996_2010,14
usa_NC_0034_0057,51,-0.2897,0.4644,0.0059,256,1996-01-26,2010-12-02,55.8714,14,47.1000,14,-4.0558,6.5016,-8.7714,-4.7156,1996_2010,1996_2010,14
usa_NC_0034_0058,51,-0.1031,0.4532,0.0008,251,1996-01-26,2010-12-02,61.3643,14,58.4875,16,-1.4434,6.3448,-2.8768,-1.4334,1996_2010,1996_2010,14
usa_NC_0034_0059,52,0.1121,0.4637,0.0009,262,1996-01-26,2010-12-02,63.6500,14,60.9100,20,1.5694,6.4918,-2.7400,-4.3094,1996_2010,1996_2010,14
usa_NC_0034_0060,52,0.1700,0.4636,0.0020,263,1996-01-26,2010-12-02,69.9500,14,67.1550,20,2.3800,6.4904,-2.7950,-5.1750,1996_2010,1996_2010,14
usa_NC_0034_0061,52,0.2509,0.4439,0.0047,264,1996-01-26,2010-12-02,65.9286,14,63.2200,20,3.5126,6.2146,-2.7086,-6.2212,1996_2010,1996_2010,14
usa_NC_0034_0062,52,0.3325,0.4372,0.0085,264,1996-01-26,2010-12-02,73.4857,14,72.2250,20,4.6550,6.1208,-1.2607,-5.9157,1996_2010,1996_2010,14
usa_NC_0034_0063,52,0.4622,0.4455,0.0158,262,1996-01-26,2010-12-02,66.4071,14,68.8905,21,6.4708,6.2370,2.4833,-3.9875,1996_2010,1996_2010,14
usa_NC_0034_0064,52,0.5652,0.4350,0.0242,266,1996-01-26,2010-12-02,73.1857,14,77.8500,22,7.9128,6.0900,4.6643,-3.2485,1996_2010,1996_2010,14
usa_NC_0034_0065,52,0.6013,0.4341,0.0277,263,1996-01-26,2010-12-02,60.7357,14,64.5810,21,8.4182,6.0774,3.8452,-4.5730,1996_2010,1996_2010,14
usa_NC_0034_0066,52,0.6045,0.4431,0.0262,270,1996-01-26,2010-12-02,66.9286,14,73.5591,22,8.4630,6.2034,6.6305,-1.8325,1996_2010,1996_2010,14
usa_NC_0034_0067,52,0.4564,0.4603,0.0143,265,1996-01-26,2010-12-02,69.6929,14,74.7182,22,6.3896,6.4442,5.0253,-1.3643,1996_2010,1996_2010,14
usa_NC_0034_0068,52,0.1452,0.4437,0.0016,264,1996-01-26,2010-12-02,70.6500,14,69.3000,22,2.0328,6.2118,-1.3500,-3.3828,1996_2010,1996_2010,14
usa_NC_0034_0069,53,-0.1020,0.4300,0.0008,266,1996-01-26,2010-12-02,68.5500,14,61.8045,22,-1.4280,6.0200,-6.7455,-5.3175,1996_2010,1996_2010,14
usa_NC_0034_0070,53,-0.5217,0.4423,0.0207,257,1996-01-26,2010-12-02,85.8429,14,71.0118,17,-7.3038,6.1922,-14.8311,-7.5273,1996_2010,1996_2010,14
usa_NC_0034_0071,53,-0.6242,0.4382,0.0296,260,1996-01-26,2010-12-02,69.8857,14,55.1294,17,-8.7388,6.1348,-14.7563,-6.0175,1996_2010,1996_2010,14
usa_NC_0034_0072,53,-0.5601,0.4318,0.0248,259,1996-01-26,2010-12-02,72.1214,14,56.7706,17,-7.8414,6.0452,-15.3508,-7.5094,1996_2010,1996_2010,14
usa_NC_0034_0073,53,-0.5377,0.4173,0.0244,260,1996-01-26,2010-12-02,75.6714,14,59.8667,18,-7.5278,5.8422,-15.8048,-8.2770,1996_2010,1996_2010,14
usa_NC_0034_0074,53,-0.5736,0.4076,0.0289,260,1996-01-26,2010-12-02,74.0000,14,60.5294,17,-8.0304,5.7064,-13.4706,-5.4402,1996_2010,1996_2010,14
usa_NC_0034_0075,53,-0.5872,0.3928,0.0322,262,1996-01-26,2010-12-02,78.4571,14,62.5867,15,-8.2208,5.4992,-15.8705,-7.6497,1996_2010,1996_2010,14
usa_NC_0034_0076,53,-0.6587,0.3931,0.0410,257,1996-01-26,2010-12-02,80.3429,14,59.9000,14,-9.2218,5.5034,-20.4429,-11.2211,1996_2010,1996_2010,14
usa_NC_0034_0077,53,-0.6959,0.3940,0.0462,252,1996-01-26,2010-12-02,78.2357,14,56.4467,15,-9.7426,5.5160,-21.7890,-12.0464,1996_2010,1996_2010,14
usa_NC_0034_0078,53,-0.5657,0.3679,0.0341,262,1996-01-26,2010-12-02,73.7857,14,54.7700,20,-7.9198,5.1506,-19.0157,-11.0959,1996_2010,1996_2010,14
usa_NC_0034_0079,54,-0.4232,0.3675,0.0192,265,1996-01-26,2010-12-02,74.5857,14,58.0048,21,-5.9248,5.1450,-16.5810,-10.6562,1996_2010,1996_2010,14
usa_NC_0034_0080,54,-0.1745,0.3534,0.0035,268,1996-01-26,2010-12-02,67.8643,14,56.7429,21,-2.4430,4.9476,-11.1214,-8.6784,1996_2010,1996_2010,14
usa_NC_0034_0081,54,0.0304,0.3599,0.0001,268,1996-01-26,2010-12-02,63.8214,14,54.5286,21,0.4256,5.0386,-9.2929,-9.7185,1996_2010,1996_2010,14
usa_NC_0034_0082,54,0.1392,0.3741,0.0021,262,1996-01-26,2010-12-02,60.8500,14,53.6087,23,1.9488,5.2374,-7.2413,-9.1901,1996_2010,1996_2010,14
usa_NC_0034_0083,54,0.1416,0.3814,0.0021,260,1996-01-26,2010-12-02,56.7143,14,47.8348,23,1.9824,5.3396,-8.8795,-10.8619,1996_2010,1996_2010,14
usa_NC_0034_0084,54,0.3610,0.3666,0.0145,257,1996-01-26,2010-12-02,54.1357,14,46.4364,22,5.0540,5.1324,-7.6994,-12.7534,1996_2010,1996_2010,14
usa_NC_0034_0085,54,0.4919,0.3633,0.0266,262,1996-01-26,2010-12-02,51.6786,14,47.1045,22,6.8866,5.0862,-4.5740,-11.4606,1996_2010,1996_2010,14
usa_NC_0034_0086,54,0.5074,0.3848,0.0250,265,1996-01-26,2010-12-02,51.2143,14,48.4182,22,7.1036,5.3872,-2.7961,-9.8997,1996_2010,1996_2010,14
usa_NC_0034_0087,54,0.4726,0.3866,0.0216,264,1996-01-26,2010-12-02,53.9214,14,48.5955,22,6.6164,5.4124,-5.3260,-11.9424,1996_2010,1996_2010,14
usa_NC_0034_0088,54,0.3827,0.3965,0.0138,261,1996-01-26,2010-12-02,56.1286,14,49.3909,22,5.3578,5.5510,-6.7377,-12.0955,1996_2010,1996_2010,14
usa_NC_0034_0089,55,0.3314,0.4052,0.0102,255,1996-01-26,2010-12-02,52.7571,14,44.8667,18,4.6396,5.6728,-7.8905,-12.5301,1996_2010,1996_2010,14
usa_NC_0034_0090,55,0.3094,0.4149,0.0085,255,1996-01-26,2010-12-02,49.6000,14,39.9625,16,4.3316,5.8086,-9.6375,-13.9691,1996_2010,1996_2010,14
usa_NC_0034_0091,55,0.4337,0.4106,0.0166,259,1996-01-26,2010-12-02,47.2286,14,42.1667,18,6.0718,5.7484,-5.0619,-11.1337,1996_2010,1996_2010,14
usa_NC_0034_0092,55,0.4055,0.4231,0.0136,260,1996-01-26,2010-12-02,48.6000,14,43.2222,18,5.6770,5.9234,-5.3778,-11.0548,1996_2010,1996_2010,14
usa_NC_0034_0093,55,0.4502,0.4113,0.0177,260,1996-01-26,2010-12-02,49.3071,14,45.1053,19,6.3028,5.7582,-4.2019,-10.5047,1996_2010,1996_2010,14
usa_NC_0034_0094,55,0.3618,0.4155,0.0114,258,1996-01-26,2010-12-02,51.5214,14,46.3625,16,5.0652,5.8170,-5.1589,-10.2241,1996_2010,1996_2010,14
usa_NC_0034_0095,55,0.3266,0.4081,0.0095,261,1996-01-26,2010-12-02,51.0571,14,46.2733,15,4.5724,5.7134,-4.7838,-9.3562,1996_2010,1996_2010,14
usa_NC_0034_0096,55,0.3320,0.4004,0.0104,255,1996-01-26,2010-12-02,50.7786,14,46.6625,16,4.6480,5.6056,-4.1161,-8.7641,1996_2010,1996_2010,14
usa_NC_0034_0097,55,0.4499,0.4062,0.0186,253,1996-01-26,2010-12-02,50.1714,14,47.2706,17,6.2986,5.6868,-2.9008,-9.1994,1996_2010,1996_2010,14
usa_NC_0034_0098,55,0.5247,0.3879,0.0268,260,1996-01-26,2010-12-02,50.5000,14,49.3143,21,7.3458,5.4306,-1.1857,-8.5315,1996_2010,1996_2010,14
usa_NC_0034_0099,56,0.6319,0.3749,0.0402,265,1996-01-26,2010-12-02,51.5000,14,49.5619,21,8.8466,5.2486,-1.9381,-10.7847,1996_2010,1996_2010,14
usa_NC_0034_0100,56,0.6246,0.3817,0.0381,264,1996-01-26,2010-12-02,47.3077,13,46.5857,21,8.7444,5.3438,-0.7220,-9.4664,1996_2010,1996_2010,14
usa_NC_0034_0101,56,0.5515,0.3773,0.0305,265,1996-01-26,2010-12-02,46.3308,13,44.3524,21,7.7210,5.2822,-1.9784,-9.6994,1996_2010,1996_2010,14
usa_NC_0034_0102,56,0.5664,0.3764,0.0328,261,1996-01-26,2010-12-02,44.6615,13,45.2565,23,7.9296,5.2696,0.5950,-7.3346,1996_2010,1996_2010,14
usa_NC_0034_0103,56,0.5872,0.3750,0.0352,263,1996-01-26,2010-12-02,43.5308,13,43.4783,23,8.2208,5.2500,-0.0525,-8.2733,1996_2010,1996_2010,14
usa_NC_0034_0104,56,0.5407,0.3806,0.0292,262,1996-01-26,2010-12-02,42.3923,13,41.9524,21,7.5698,5.3284,-0.4399,-8.0097,1996_2010,1996_2010,14
usa_NC_0034_0105,56,0.3519,0.3815,0.0122,268,1996-01-26,2010-12-02,41.9615,13,39.8727,22,4.9266,5.3410,-2.0888,-7.0154,1996_2010,1996_2010,14
usa_NC_0034_0106,56,0.1638,0.3837,0.0027,268,1996-01-26,2010-12-02,40.8615,13,38.9045,22,2.2932,5.3718,-1.9570,-4.2502,1996_2010,1996_2010,14
usa_NC_0034_0107,56,0.0436,0.3843,0.0002,263,1996-01-26,2010-12-02,41.7231,13,38.5909,22,0.6104,5.3802,-3.1322,-3.7426,1996_2010,1996_2010,14
usa_NC_0034_0108,56,0.0317,0.4237,0.0001,258,1996-01-26,2010-12-02,42.0385,13,35.9053,19,0.4438,5.9318,-6.1332,-6.5770,1996_2010,1996_2010,14
usa_NC_0034_0109,56,-0.1671,0.4243,0.0023,260,1996-01-26,2010-12-02,44.7462,13,35.9000,18,-2.3394,5.9402,-8.8462,-6.5068,1996_2010,1996_2010,14
usa_NC_0034_0110,57,-0.2686,0.4379,0.0057,258,1996-01-26,2010-12-02,46.5154,13,36.1562,16,-3.7604,6.1306,-10.3591,-6.5987,1996_2010,1996_2010,14
usa_NC_0034_0111,57,-0.2748,0.4392,0.0059,258,1996-01-26,2010-12-02,46.3231,13,39.7500,18,-3.8472,6.1488,-6.5731,-2.7259,1996_2010,1996_2010,14
usa_NC_0034_0112,57,-0.2493,0.4274,0.0052,256,1996-01-26,2010-12-02,45.3385,13,40.9111,18,-3.4902,5.9836,-4.4274,-0.9372,1996_2010,1996_2010,14
usa_NC_0034_0113,57,-0.1429,0.4158,0.0018,256,1996-01-26,2010-12-02,46.5692,13,42.8222,18,-2.0006,5.8212,-3.7470,-1.7464,1996_2010,1996_2010,14
usa_NC_0034_0114,57,-0.1348,0.4385,0.0014,257,1996-01-26,2010-12-02,46.6692,13,39.7750,16,-1.8872,6.1390,-6.8942,-5.0070,1996_2010,1996_2010,14
usa_NC_0034_0115,57,-0.1033,0.4427,0.0008,258,1996-01-26,2010-12-02,45.6429,14,37.2375,16,-1.4462,6.1978,-8.4054,-6.9592,1996_2010,1996_2010,14
usa_NC_0034_0116,57,-0.2188,0.4540,0.0036,252,1996-01-26,2010-12-02,45.2214,14,34.1200,15,-3.0632,6.3560,-11.1014,-8.0382,1996_2010,1996_2010,14
usa_NC_0034_0117,57,-0.2403,0.4348,0.0046,261,1996-01-26,2010-12-02,44.3929,14,32.6250,20,-3.3642,6.0872,-11.7679,-8.4037,1996_2010,1996_2010,14
usa_NC_0034_0118,57,-0.1536,0.4417,0.0018,262,1996-01-26,2010-12-02,41.9786,14,32.4905,21,-2.1504,6.1838,-9.4881,-7.3377,1996_2010,1996_2010,14
usa_NC_0034_0119,57,-0.1215,0.4301,0.0012,261,1996-01-26,2010-12-02,41.1214,14,34.7476,21,-1.7010,6.0214,-6.3738,-4.6728,1996_2010,1996_2010,14
usa_NC_0034_0120,58,-0.1800,0.4315,0.0026,264,1996-01-26,2010-12-02,41.2429,14,35.3619,21,-2.5200,6.0410,-5.8810,-3.3610,1996_2010,1996_2010,14
usa_NC_0034_0121,58,-0.1415,0.4087,0.0018,264,1996-01-26,2010-12-02,38.2357,14,34.7190,21,-1.9810,5.7218,-3.5167,-1.5357,1996_2010,1996_2010,14
usa_NC_0034_0122,58,-0.0497,0.3813,0.0003,264,1996-01-26,2010-12-02,34.1929,14,35.6667,24,-0.6958,5.3382,1.4738,2.1696,1996_2010,1996_2010,14
usa_NC_0034_0123,58,0.0442,0.3821,0.0002,263,1996-01-26,2010-12-02,32.8357,14,34.8773,22,0.6188,5.3494,2.0416,1.4228,1996_2010,1996_2010,14
usa_NC_0034_0124,58,0.3077,0.3732,0.0100,263,1996-01-26,2010-12-02,31.8786,14,40.3091,22,4.3078,5.2248,8.4305,4.1227,1996_2010,1996_2010,14
usa_NC_0034_0125,58,0.4173,0.3864,0.0168,266,1996-01-26,2010-12-02,30.9357,14,44.2409,22,5.8422,5.4096,13.3052,7.4630,1996_2010,1996_2010,14
usa_NC_0034_0126,58,0.4428,0.3863,0.0190,265,1996-01-26,2010-12-02,28.0286,14,45.2182,22,6.1992,5.4082,17.1896,10.9904,1996_2010,1996_2010,14
usa_NC_0034_0127,58,0.5215,0.3880,0.0260,264,1996-01-26,2010-12-02,25.3714,14,44.9727,22,7.3010,5.4320,19.6013,12.3003,1996_2010,1996_2010,14
usa_NC_0034_0128,58,0.3718,0.4042,0.0127,258,1996-01-26,2010-12-02,23.5643,14,43.1211,19,5.2052,5.6588,19.5568,14.3516,1996_2010,1996_2010,14
usa_NC_0034_0129,58,0.3557,0.4167,0.0111,254,1996-01-26,2010-12-02,23.0000,14,41.8000,16,4.9798,5.8338,18.8000,13.8202,1996_2010,1996_2010,14
usa_NC_0034_0130,59,0.4463,0.4181,0.0172,255,1996-01-26,2010-12-02,23.4071,14,45.8632,19,6.2482,5.8534,22.4560,16.2078,1996_2010,1996_2010,14
usa_NC_0034_0131,59,0.3999,0.4155,0.0137,261,1996-01-26,2010-12-02,26.2357,14,50.1667,18,5.5986,5.8170,23.9310,18.3324,1996_2010,1996_2010,14
usa_NC_0034_0132,59,0.4144,0.4148,0.0149,258,1996-01-26,2010-12-02,24.3143,14,47.8474,19,5.8016,5.8072,23.5331,17.7315,1996_2010,1996_2010,14
usa_NC_0034_0133,59,0.2836,0.4298,0.0066,258,1996-01-26,2010-12-02,21.5929,14,43.6063,16,3.9704,6.0172,22.0134,18.0430,1996_2010,1996_2010,14
usa_NC_0034_0134,59,0.2524,0.4246,0.0052,264,1996-01-26,2010-12-02,23.0571,14,42.5000,15,3.5336,5.9444,19.4429,15.9093,1996_2010,1996_2010,14
usa_NC_0034_0135,59,0.2600,0.4433,0.0052,257,1996-01-26,2010-12-02,23.5429,14,45.2533,15,3.6400,6.2062,21.7105,18.0705,1996_2010,1996_2010,14
usa_NC_0034_0136,59,0.2285,0.4229,0.0044,257,1996-01-26,2010-12-02,28.2214,14,49.4706,17,3.1990,5.9206,21.2492,18.0502,1996_2010,1996_2010,14
usa_NC_0034_0137,59,0.2054,0.3952,0.0040,263,1996-01-26,2010-12-02,28.7857,14,49.5952,21,2.8756,5.5328,20.8095,17.9339,1996_2010,1996_2010,14
usa_NC_0034_0138,59,0.3421,0.3726,0.0123,264,1996-01-26,2010-12-02,28.6786,14,47.3810,21,4.7894,5.2164,18.7024,13.9130,1996_2010,1996_2010,14
usa_NC_0034_0139,59,0.2653,0.3640,0.0077,269,1996-01-26,2010-12-02,41.2214,14,59.1429,21,3.7142,5.0960,17.9214,14.2072,1996_2010,1996_2010,14
usa_NC_0034_0140,60,0.1861,0.3602,0.0039,268,1996-01-26,2010-12-02,32.7500,14,50.2333,21,2.6054,5.0428,17.4833,14.8779,1996_2010,1996_2010,14
usa_NC_0034_0141,60,0.0899,0.3609,0.0009,265,1996-01-26,2010-12-02,30.5071,14,46.6870,23,1.2586,5.0526,16.1798,14.9212,1996_2010,1996_2010,14
usa_NC_0034_0142,60,0.0284,0.3701,0.0001,259,1996-01-26,2010-12-02,32.1500,14,41.7182,22,0.3976,5.1814,9.5682,9.1706,1996_2010,1996_2010,14
usa_NC_0034_0143,60,-0.0704,0.3849,0.0005,263,1996-01-26,2010-12-02,33.4643,14,39.8636,22,-0.9856,5.3886,6.3994,7.3850,1996_2010,1996_2010,14
usa_NC_0034_0144,60,-0.1724,0.3959,0.0028,266,1996-01-26,2010-12-02,38.1286,14,42.1409,22,-2.4136,5.5426,4.0123,6.4259,1996_2010,1996_2010,14
usa_NC_0034_0145,60,-0.3541,0.4201,0.0103,266,1996-01-26,2010-12-02,39.5286,14,41.5273,22,-4.9574,5.8814,1.9987,6.9561,1996_2010,1996_2010,14
usa_NC_0034_0146,60,-0.4688,0.4338,0.0169,266,1996-01-26,2010-12-02,39.4357,14,40.1136,22,-6.5632,6.0732,0.6779,7.2411,1996_2010,1996_2010,14
usa_NC_0034_0147,60,-0.6850,0.4374,0.0358,258,1996-01-26,2010-12-02,42.3071,14,39.1550,20,-9.5900,6.1236,-3.1521,6.4379,1996_2010,1996_2010,14
usa_NC_0034_0148,60,-0.7681,0.4258,0.0475,255,1996-01-26,2010-12-02,46.5857,14,41.9118,17,-10.7534,5.9612,-4.6739,6.0795,1996_2010,1996_2010,14
usa_NC_0034_0149,60,-0.8944,0.4061,0.0703,251,1996-01-26,2010-12-02,47.6357,14,40.2941,17,-12.5216,5.6854,-7.3416,5.1800,1996_2010,1996_2010,14
usa_NC_0034_0150,61,-1.0101,0.4042,0.0877,254,1996-01-26,2010-12-02,49.9429,14,37.6167,18,-14.1414,5.6588,-12.3262,1.8152,1996_2010,1996_2010,14
usa_NC_0034_0151,61,-1.0000,0.4070,0.0844,256,1996-01-26,2010-12-02,48.2214,14,33.9105,19,-14.0000,5.6980,-14.3109,-0.3109,1996_2010,1996_2010,14
usa_NC_0034_0152,61,-0.9086,0.4092,0.0711,252,1996-01-26,2010-12-02,50.8286,14,37.7389,18,-12.7204,5.7288,-13.0897,-0.3693,1996_2010,1996_2010,14
usa_NC_0034_0153,61,-0.8285,0.4192,0.0565,255,1996-01-26,2010-12-02,53.0714,14,38.2733,15,-11.5990,5.8688,-14.7981,-3.1991,1996_2010,1996_2010,14
usa_NC_0034_0154,61,-0.8150,0.4148,0.0563,253,1996-01-26,2010-12-02,49.7500,14,36.7625,16,-11.4100,5.8072,-12.9875,-1.5775,1996_2010,1996_2010,14
usa_NC_0034_0155,61,-0.8169,0.3974,0.0613,253,1996-01-26,2010-12-02,51.9429,14,41.0125,16,-11.4366,5.5636,-10.9304,0.5062,1996_2010,1996_2010,14
usa_NC_0034_0156,61,-0.6210,0.3813,0.0382,261,1996-01-26,2010-12-02,51.6000,14,44.5450,20,-8.6940,5.3382,-7.0550,1.6390,1996_2010,1996_2010,14
usa_NC_0034_0157,61,-0.6280,0.3885,0.0378,260,1996-01-26,2010-12-02,49.7071,14,45.9095,21,-8.7920,5.4390,-3.7976,4.9944,1996_2010,1996_2010,14
usa_NC_0034_0158,61,-0.4686,0.3988,0.0204,259,1996-01-26,2010-12-02,49.1714,14,49.8905,21,-6.5604,5.5832,0.7190,7.2794,1996_2010,1996_2010,14
usa_NC_0034_0159,61,-0.2629,0.4017,0.0063,262,1996-01-26,2010-12-02,46.6714,14,54.1333,21,-3.6806,5.6238,7.4619,11.1425,1996_2010,1996_2010,14
usa_NC_0034_0161,62,0.0868,0.4005,0.0007,253,1996-01-26,2010-12-02,49.1538,13,66.8250,24,1.2152,5.6070,17.6712,16.4560,1996_2010,1996_2010,14
usa_NC_0034_0162,62,0.1713,0.3853,0.0031,252,1996-01-26,2010-12-02,48.4077,13,64.9000,21,2.3982,5.3942,16.4923,14.0941,1996_2010,1996_2010,14
usa_NC_0034_0163,62,0.2304,0.3847,0.0054,259,1996-01-26,2010-12-02,45.5923,13,61.8273,22,3.2256,5.3858,16.2350,13.0094,1996_2010,1996_2010,14
usa_NC_0034_0164,62,0.1925,0.3974,0.0035,260,1996-01-26,2010-12-02,49.0769,13,62.3182,22,2.6950,5.5636,13.2413,10.5463,1996_2010,1996_2010,14
usa_NC_0034_0165,62,0.0244,0.3947,0.0001,262,1996-01-26,2010-12-02,53.9231,13,63.0000,22,0.3416,5.5258,9.0769,8.7353,1996_2010,1996_2010,14
usa_NC_0034_0166,62,-0.2469,0.3943,0.0059,260,1996-01-26,2010-12-02,57.7769,13,62.9545,22,-3.4566,5.5202,5.1776,8.6342,1996_2010,1996_2010,14
usa_NC_0034_0167,62,-0.6748,0.4104,0.0401,253,1996-01-26,2010-12-02,61.7615,13,59.4111,18,-9.4472,5.7456,-2.3504,7.0968,1996_2010,1996_2010,14
usa_NC_0034_0168,62,-0.9388,0.4220,0.0724,248,1996-01-26,2010-12-02,62.2462,13,55.3000,17,-13.1432,5.9080,-6.9462,6.1970,1996_2010,1996_2010,14
usa_NC_0034_0169,62,-1.1595,0.4047,0.1163,244,1996-01-26,2010-12-02,62.5615,13,52.8556,18,-16.2330,5.6658,-9.7060,6.5270,1996_2010,1996_2010,14
usa_NC_0034_0170,62,-1.3703,0.4069,0.1486,254,1996-01-26,2010-12-02,65.1615,13,51.2222,18,-19.1842,5.6966,-13.9393,5.2449,1996_2010,1996_2010,14
usa_NC_0034_0171,63,-1.5773,0.3916,0.2011,252,1996-01-26,2010-12-02,66.2308,13,47.2211,19,-22.0822,5.4824,-19.0097,3.0725,1996_2010,1996_2010,14
usa_NC_0034_0172,63,-1.6043,0.3919,0.2077,250,1996-01-26,2010-12-02,65.6538,13,46.6188,16,-22.4602,5.4866,-19.0351,3.4251,1996_2010,1996_2010,14
usa_NC_0034_0173,63,-1.6884,0.3958,0.2202,252,1996-01-26,2010-12-02,66.5308,13,43.1562,16,-23.6376,5.5412,-23.3745,0.2631,1996_2010,1996_2010,14
usa_NC_0034_0174,63,-1.8422,0.4315,0.2269,243,1996-01-26,2010-12-02,67.8923,13,39.7800,15,-25.7908,6.0410,-28.1123,-2.3215,1996_2010,1996_2010,14
usa_NC_0034_0175,63,-1.9185,0.4090,0.2576,248,1996-01-26,2010-12-02,73.7308,13,44.7167,18,-26.8590,5.7260,-29.0141,-2.1551,1996_2010,1996_2010,14
usa_NC_0034_0176,63,-2.0583,0.3929,0.2953,256,1996-01-26,2010-12-02,73.6077,13,40.5571,21,-28.8162,5.5006,-33.0505,-4.2343,1996_2010,1996_2010,14
usa_NC_0034_0177,63,-2.2494,0.3823,0.3486,253,1996-01-26,2010-12-02,71.5538,13,34.0762,21,-31.4916,5.3522,-37.4777,-5.9861,1996_2010,1996_2010,14
usa_NC_0034_0178,63,-2.2848,0.3802,0.3572,254,1996-01-26,2010-12-02,68.3385,13,29.2619,21,-31.9872,5.3228,-39.0766,-7.0894,1996_2010,1996_2010,14
usa_NC_0034_0179,63,-2.4636,0.3797,0.3876,260,1996-01-26,2010-12-02,69.9769,13,29.8273,22,-34.4904,5.3158,-40.1497,-5.6593,1996_2010,1996_2010,14
usa_NC_0034_0180,63,-2.5336,0.3715,0.4163,255,1996-01-26,2010-12-02,68.0615,13,28.1174,23,-35.4704,5.2010,-39.9441,-4.4737,1996_2010,1996_2010,14
usa_NC_0034_0181,64,-2.3226,0.3911,0.3527,253,1996-01-26,2010-12-02,68.2692,13,27.4045,22,-32.5164,5.4754,-40.8647,-8.3483,1996_2010,1996_2010,14
usa_NC_0034_0182,64,-2.2019,0.3884,0.3346,250,1996-01-26,2010-12-02,69.5000,13,28.3045,22,-30.8266,5.4376,-41.1955,-10.3689,1996_2010,1996_2010,14
usa_NC_0034_0183,64,-2.1753,0.3919,0.3225,253,1996-01-26,2010-12-02,73.0615,13,30.5273,22,-30.4542,5.4866,-42.5343,-12.0801,1996_2010,1996_2010,14
usa_NC_0034_0184,64,-1.8908,0.4016,0.2521,257,1996-01-26,2010-12-02,71.4769,13,28.5955,22,-26.4712,5.6224,-42.8815,-16.4103,1996_2010,1996_2010,14
usa_NC_0034_0185,64,-1.9215,0.4000,0.2576,260,1996-01-26,2010-12-02,67.0846,13,24.9455,22,-26.9010,5.6000,-42.1392,-15.2382,1996_2010,1996_2010,14
usa_NC_0034_0186,64,-1.9857,0.3940,0.2810,254,1996-01-26,2010-12-02,68.8923,13,26.9842,19,-27.7998,5.5160,-41.9081,-14.1083,1996_2010,1996_2010,14
usa_NC_0034_0187,64,-2.0883,0.3822,0.3201,248,1996-01-26,2010-12-02,66.7000,13,25.4000,17,-29.2362,5.3508,-41.3000,-12.0638,1996_2010,1996_2010,14
usa_NC_0034_0188,64,-2.0818,0.4103,0.2896,247,1996-01-26,2010-12-02,66.3462,13,27.2353,17,-29.1452,5.7442,-39.1109,-9.9657,1996_2010,1996_2010,14
usa_NC_0034_0189,64,-2.1387,0.3876,0.3262,246,1996-01-26,2010-12-02,67.8538,13,28.0389,18,-29.9418,5.4264,-39.8150,-9.8732,1996_2010,1996_2010,14
usa_NC_0034_0190,64,-1.9345,0.3877,0.2770,254,1996-01-26,2010-12-02,70.0615,13,32.3632,19,-27.0830,5.4278,-37.6984,-10.6154,1996_2010,1996_2010,14
usa_NC_0034_0191,65,-1.9518,0.3850,0.2850,252,1996-01-26,2010-12-02,70.1462,13,35.1222,18,-27.3252,5.3900,-35.0239,-7.6987,1996_2010,1996_2010,14
usa_NC_0034_0192,65,-2.1245,0.3918,0.3124,253,1996-01-26,2010-12-02,72.9615,13,32.2067,15,-29.7430,5.4852,-40.7549,-11.0119,1996_2010,1996_2010,14
usa_NC_0034_0193,65,-2.3990,0.3986,0.3607,251,1996-01-26,2010-12-02,72.8692,13,26.6933,15,-33.5860,5.5804,-46.1759,-12.5899,1996_2010,1996_2010,14
usa_NC_0034_0194,65,-2.3823,0.4042,0.3520,250,1996-01-26,2010-12-02,69.8462,13,24.9312,16,-33.3522,5.6588,-44.9149,-11.5627,1996_2010,1996_2010,14
usa_NC_0034_0195,65,-2.3991,0.3935,0.3612,257,1996-01-26,2010-12-02,72.2692,13,28.0286,21,-33.5874,5.5090,-44.2407,-10.6533,1996_2010,1996_2010,14
usa_NC_0034_0196,65,-2.5434,0.3903,0.3924,257,1996-01-26,2010-12-02,69.2308,13,23.1333,21,-35.6076,5.4642,-46.0974,-10.4898,1996_2010,1996_2010,14
usa_NC_0034_0197,65,-2.4312,0.4056,0.3579,252,1996-01-26,2010-12-02,72.9077,13,28.8571,21,-34.0368,5.6784,-44.0505,-10.0137,1996_2010,1996_2010,14
usa_NC_0034_0198,65,-2.2904,0.4106,0.3178,261,1996-01-26,2010-12-02,72.2462,13,31.5810,21,-32.0656,5.7484,-40.6652,-8.5996,1996_2010,1996_2010,14
usa_NC_0034_0199,65,-2.2494,0.4223,0.3014,257,1996-01-26,2010-12-02,72.4846,13,33.7636,22,-31.4916,5.9122,-38.7210,-7.2294,1996_2010,1996_2010,14
usa_NC_0034_0200,65,-2.2163,0.4006,0.3220,252,1996-01-26,2010-12-02,69.7769,13,31.3913,23,-31.0282,5.6084,-38.3856,-7.3574,1996_2010,1996_2010,14
usa_NC_0034_0201,66,-2.0579,0.3996,0.2932,250,1996-01-26,2010-12-02,68.8615,13,30.0000,21,-28.8106,5.5944,-38.8615,-10.0509,1996_2010,1996_2010,14
usa_NC_0034_0202,66,-1.9120,0.3723,0.2880,255,1996-01-26,2010-12-02,66.8000,13,31.8727,22,-26.7680,5.2122,-34.9273,-8.1593,1996_2010,1996_2010,14
usa_NC_0034_0203,66,-1.5744,0.3659,0.2217,254,1996-01-26,2010-12-02,63.8308,13,33.6182,22,-22.0416,5.1226,-30.2126,-8.1710,1996_2010,1996_2010,14
usa_NC_0034_0204,66,-1.3479,0.3741,0.1660,255,1996-01-26,2010-12-02,61.2538,13,30.9273,22,-18.8706,5.2374,-30.3266,-11.4560,1996_2010,1996_2010,14
usa_NC_0034_0205,66,-1.1557,0.3993,0.1138,255,1996-01-26,2010-12-02,52.9385,13,23.2550,20,-16.1798,5.5902,-29.6835,-13.5037,1996_2010,1996_2010,14
usa_NC_0034_0206,66,-1.0307,0.4352,0.0816,247,1996-01-26,2010-12-02,49.3250,12,20.6333,18,-14.4298,6.0928,-28.6917,-14.2619,1996_2010,1996_2010,14
usa_NC_0034_0207,66,-1.1334,0.4474,0.0922,247,1996-01-26,2010-12-02,57.0692,13,27.2056,18,-15.8676,6.2636,-29.8637,-13.9961,1996_2010,1996_2010,14
usa_NC_0034_0208,66,-0.9411,0.4480,0.0671,240,1996-01-26,2010-12-02,50.8154,13,24.7000,18,-13.1754,6.2720,-26.1154,-12.9400,1996_2010,1996_2010,14
usa_NC_0034_0209,66,-0.5703,0.4475,0.0253,245,1996-01-26,2010-12-02,53.6692,13,29.3056,18,-7.9842,6.2650,-24.3637,-16.3795,1996_2010,1996_2010,14
usa_NC_0034_0210,66,-0.2602,0.4600,0.0050,249,1996-01-26,2010-12-02,53.0077,13,30.6158,19,-3.6428,6.4400,-22.3919,-18.7491,1996_2010,1996_2010,14
usa_NC_0034_0211,66,0.1946,0.4539,0.0029,250,1996-01-26,2010-12-02,47.2462,13,30.5647,17,2.7244,6.3546,-16.6814,-19.4058,1996_2010,1996_2010,14
usa_NC_0034_0212,67,0.4883,0.4647,0.0170,249,1996-01-26,2010-12-02,41.9231,13,26.8733,15,6.8362,6.5058,-15.0497,-21.8859,1996_2010,1996_2010,14
usa_NC_0034_0213,67,0.7297,0.4782,0.0361,243,1996-01-26,2010-12-02,37.4000,13,22.9267,15,10.2158,6.6948,-14.4733,-24.6891,1996_2010,1996_2010,14
usa_NC_0034_0214,67,1.2379,0.4624,0.1004,251,1996-01-26,2010-12-02,46.4692,13,39.6500,20,17.3306,6.4736,-6.8192,-24.1498,1996_2010,1996_2010,14
usa_NC_0034_0215,67,1.7404,0.4686,0.1740,256,1996-01-26,2010-12-02,34.8308,13,33.6571,21,24.3656,6.5604,-1.1736,-25.5392,1996_2010,1996_2010,14
usa_NC_0034_0216,67,2.0317,0.4656,0.2280,252,1996-01-26,2010-12-02,32.8462,13,34.6857,21,28.4438,6.5184,1.8396,-26.6042,1996_2010,1996_2010,14
usa_NC_0034_0217,67,2.2902,0.4626,0.2772,250,1996-01-26,2010-12-02,33.0385,13,37.4333,21,32.0628,6.4764,4.3949,-27.6679,1996_2010,1996_2010,14
usa_NC_0034_0218,67,2.6011,0.4793,0.3136,252,1996-01-26,2010-12-02,27.2769,13,38.2045,22,36.4154,6.7102,10.9276,-25.4878,1996_2010,1996_2010,14
usa_NC_0034_0219,67,3.2632,0.5076,0.3860,257,1996-01-26,2010-12-02,29.0308,13,47.8208,24,45.6848,7.1064,18.7901,-26.8947,1996_2010,1996_2010,14
usa_NC_0034_0220,67,3.6707,0.5482,0.4083,254,1996-01-26,2010-12-02,25.9385,13,46.3591,22,51.3898,7.6748,20.4206,-30.9692,1996_2010,1996_2010,14
usa_NC_0034_0221,67,4.0454,0.5435,0.4593,255,1996-01-26,2010-12-02,27.1385,13,54.7333,21,56.6356,7.6090,27.5949,-29.0407,1996_2010,1996_2010,14
usa_NC_0034_0222,68,4.3794,0.5451,0.4974,255,1996-01-26,2010-12-02,32.9692,13,66.8591,22,61.3116,7.6314,33.8899,-27.4217,1996_2010,1996_2010,14
usa_NC_0034_0223,68,4.8368,0.5576,0.5366,254,1996-01-26,2010-12-02,22.0615,13,62.6318,22,67.7152,7.8064,40.5703,-27.1449,1996_2010,1996_2010,14
usa_NC_0034_0224,68,5.1690,0.5636,0.5593,259,1996-01-26,2010-12-02,23.2769,13,66.2810,21,72.3660,7.8904,43.0040,-29.3620,1996_2010,1996_2010,14
usa_NC_0034_0225,68,5.1341,0.5898,0.5394,253,1996-01-26,2010-12-02,27.4846,13,67.9737,19,71.8774,8.2572,40.4891,-31.3883,1996_2010,1996_2010,14
usa_NC_0034_0226,68,5.1852,0.5841,0.5521,250,1996-01-26,2010-12-02,30.5308,13,72.9529,17,72.5928,8.1774,42.4222,-30.1706,1996_2010,1996_2010,14
usa_NC_0034_0227,68,5.0821,0.5578,0.5669,248,1996-01-26,2010-12-02,29.9923,13,71.8684,19,71.1494,7.8092,41.8761,-29.2733,1996_2010,1996_2010,14
usa_NC_0034_0228,68,5.1734,0.5684,0.5674,247,1996-01-26,2010-12-02,21.5846,13,63.1444,18,72.4276,7.9576,41.5598,-30.8678,1996_2010,1996_2010,14
usa_NC_0034_0229,68,5.1430,0.5671,0.5607,252,1996-01-26,2010-12-02,27.0769,13,68.2737,19,72.0020,7.9394,41.1968,-30.8052,1996_2010,1996_2010,14
usa_NC_0034_0230,68,5.2275,0.5389,0.5906,255,1996-01-26,2010-12-02,24.0923,13,68.4000,18,73.1850,7.5446,44.3077,-28.8773,1996_2010,1996_2010,14
usa_NC_0034_0231,68,5.3147,0.5457,0.5954,252,1996-01-26,2010-12-02,16.8615,13,64.1937,16,74.4058,7.6398,47.3322,-27.0736,1996_2010,1996_2010,14
usa_NC_0034_0232,69,5.1362,0.5441,0.5862,246,1996-01-26,2010-12-02,20.0714,14,69.3333,15,71.9068,7.6174,49.2619,-22.6449,1996_2010,1996_2010,14
usa_NC_0034_0233,69,4.9099,0.5334,0.5730,247,1996-01-26,2010-12-02,12.3071,14,60.3400,15,68.7386,7.4676,48.0329,-20.7057,1996_2010,1996_2010,14
usa_NC_0034_0234,69,4.5975,0.5040,0.5577,258,1996-01-26,2010-12-02,15.7286,14,60.3200,20,64.3650,7.0560,44.5914,-19.7736,1996_2010,1996_2010,14
usa_NC_0034_0235,69,4.2243,0.4797,0.5392,259,1996-01-26,2010-12-02,8.0214,14,50.0190,21,59.1402,6.7158,41.9976,-17.1426,1996_2010,1996_2010,14
usa_NC_0034_0236,69,3.8192,0.4587,0.5143,256,1996-01-26,2010-12-02,12.6286,14,51.3857,21,53.4688,6.4218,38.7571,-14.7117,1996_2010,1996_2010,14
usa_NC_0034_0237,69,3.5960,0.4600,0.4827,256,1996-01-26,2010-12-02,16.8786,14,53.4429,21,50.3440,6.4400,36.5643,-13.7797,1996_2010,1996_2010,14
usa_NC_0034_0238,69,3.4088,0.4477,0.4656,260,1996-01-26,2010-12-02,7.4000,14,45.7696,23,47.7232,6.2678,38.3696,-9.3536,1996_2010,1996_2010,14
usa_NC_0034_0239,69,3.0727,0.4443,0.4211,257,1996-01-26,2010-12-02,5.3214,14,39.6273,22,43.0178,6.2202,34.3058,-8.7120,1996_2010,1996_2010,14
usa_NC_0034_0240,69,2.6988,0.4528,0.3553,252,1996-01-26,2010-12-02,23.6429,14,49.8619,21,37.7832,6.3392,26.2190,-11.5642,1996_2010,1996_2010,14
usa_NC_0034_0241,69,2.3979,0.4412,0.3143,252,1996-01-26,2010-12-02,16.9214,14,40.5455,22,33.5706,6.1768,23.6240,-9.9466,1996_2010,1996_2010,14
usa_NC_0034_0243,70,1.9007,0.4404,0.2228,254,1996-01-26,2010-12-02,23.6500,14,38.7409,22,26.6098,6.1656,15.0909,-11.5189,1996_2010,1996_2010,14
usa_NC_0034_0244,70,1.4230,0.4468,0.1332,258,1996-01-26,2010-12-02,30.4929,14,39.9455,22,19.9220,6.2552,9.4526,-10.4694,1996_2010,1996_2010,14
usa_NC_0034_0245,70,1.1720,0.4487,0.0961,251,1996-01-26,2010-12-02,24.7643,14,31.6222,18,16.4080,6.2818,6.8579,-9.5501,1996_2010,1996_2010,14
usa_NC_0034_0246,70,0.9677,0.4705,0.0628,247,1996-01-26,2010-12-02,38.5571,14,44.5250,16,13.5478,6.5870,5.9679,-7.5799,1996_2010,1996_2010,14
usa_NC_0034_0247,70,0.6805,0.4671,0.0328,245,1996-01-26,2010-12-02,25.6929,14,30.8000,17,9.5270,6.5394,5.1071,-4.4199,1996_2010,1996_2010,14
usa_NC_0034_0248,70,0.3360,0.4549,0.0086,245,1996-01-26,2010-12-02,29.8071,14,30.0294,17,4.7040,6.3686,0.2223,-4.4817,1996_2010,1996_2010,14
usa_NC_0034_0249,70,0.2610,0.4575,0.0051,249,1996-01-26,2010-12-02,28.6714,14,28.8706,17,3.6540,6.4050,0.1992,-3.4548,1996_2010,1996_2010,14
usa_NC_0034_0250,70,0.1193,0.4414,0.0011,250,1996-01-26,2010-12-02,29.8643,14,29.1600,15,1.6702,6.1796,-0.7043,-2.3745,1996_2010,1996_2010,14
usa_NC_0035_0001,70,-0.0221,0.4296,0.0000,267,1996-01-26,2010-12-02,35.3308,13,36.1000,17,-0.3094,6.0144,0.7692,1.0786,1996_2010,1996_2010,14
usa_NC_0035_0002,70,-0.0234,0.4270,0.0000,264,1996-01-26,2010-12-02,34.2154,13,36.4937,16,-0.3276,5.9780,2.2784,2.6060,1996_2010,1996_2010,14
usa_NC_0035_0003,71,0.0492,0.4238,0.0002,267,1996-01-26,2010-12-02,23.8231,13,31.6684,19,0.6888,5.9332,7.8453,7.1565,1996_2010,1996_2010,14
usa_NC_0035_0004,71,-0.0994,0.4325,0.0007,278,1996-01-26,2010-12-02,34.8308,13,42.5455,22,-1.3916,6.0550,7.7147,9.1063,1996_2010,1996_2010,14
usa_NC_0035_0005,71,-0.2281,0.4187,0.0042,274,1996-01-26,2010-12-02,31.9846,13,38.3273,22,-3.1934,5.8618,6.3427,9.5361,1996_2010,1996_2010,14
usa_NC_0035_0006,71,-0.4037,0.3993,0.0145,272,1996-01-26,2010-12-02,34.2308,13,41.2909,22,-5.6518,5.5902,7.0601,12.7119,1996_2010,1996_2010,14
usa_NC_0035_0007,71,-0.5039,0.4232,0.0198,274,1996-01-26,2010-12-02,36.6154,13,44.7636,22,-7.0546,5.9248,8.1483,15.2029,1996_2010,1996_2010,14
usa_NC_0035_0008,71,-0.4972,0.4262,0.0188,278,1996-01-26,2010-12-02,32.4385,13,42.9240,25,-6.9608,5.9668,10.4855,17.4463,1996_2010,1996_2010,14
usa_NC_0035_0009,71,-0.4664,0.4317,0.0162,277,1996-01-26,2010-12-02,29.7000,13,41.5560,25,-6.5296,6.0438,11.8560,18.3856,1996_2010,1996_2010,14
usa_NC_0035_0010,71,-0.6320,0.4431,0.0279,277,1996-01-26,2010-12-02,28.7000,13,37.4792,24,-8.8480,6.2034,8.7792,17.6272,1996_2010,1996_2010,14
usa_NC_0035_0011,71,-0.7547,0.4776,0.0347,271,1996-01-26,2010-12-02,33.5769,13,40.8435,23,-10.5658,6.6864,7.2666,17.8324,1996_2010,1996_2010,14
usa_NC_0035_0012,71,-0.8599,0.4637,0.0474,270,1996-01-26,2010-12-02,28.9923,13,35.0043,23,-12.0386,6.4918,6.0120,18.0506,1996_2010,1996_2010,14
usa_NC_0035_0013,72,-0.8024,0.4543,0.0426,274,1996-01-26,2010-12-02,27.4692,13,32.9304,23,-11.2336,6.3602,5.4612,16.6948,1996_2010,1996_2010,14
usa_NC_0035_0014,72,-0.6860,0.4468,0.0325,274,1996-01-26,2010-12-02,33.7462,13,38.5333,21,-9.6040,6.2552,4.7872,14.3912,1996_2010,1996_2010,14
usa_NC_0035_0015,72,-0.6638,0.4613,0.0294,267,1996-01-26,2010-12-02,23.7077,13,29.6056,18,-9.2932,6.4582,5.8979,15.1911,1996_2010,1996_2010,14
usa_NC_0035_0016,72,-0.7094,0.4709,0.0326,263,1996-01-26,2010-12-02,21.9462,13,25.0833,18,-9.9316,6.5926,3.1372,13.0688,1996_2010,1996_2010,14
usa_NC_0035_0017,72,-0.6956,0.4748,0.0316,257,1996-01-26,2010-12-02,18.9538,13,23.5684,19,-9.7384,6.6472,4.6146,14.3530,1996_2010,1996_2010,14
usa_NC_0035_0018,72,-0.7660,0.4847,0.0366,257,1996-01-26,2010-12-02,17.0846,13,19.6789,19,-10.7240,6.7858,2.5943,13.3183,1996_2010,1996_2010,14
usa_NC_0035_0019,72,-0.8603,0.4684,0.0477,263,1996-01-26,2010-12-02,32.8923,13,34.7684,19,-12.0442,6.5576,1.8761,13.9203,1996_2010,1996_2010,14
usa_NC_0035_0020,72,-1.0897,0.4748,0.0723,264,1996-01-26,2010-12-02,22.9846,13,23.8882,17,-15.2558,6.6472,0.9036,16.1594,1996_2010,1996_2010,14
usa_NC_0035_0021,72,-1.2730,0.4734,0.0960,266,1996-01-26,2010-12-02,18.9462,13,21.2944,18,-17.8220,6.6276,2.3483,20.1703,1996_2010,1996_2010,14
usa_NC_0035_0022,72,-1.4082,0.4911,0.1108,258,1996-01-26,2010-12-02,23.8769,13,25.4111,18,-19.7148,6.8754,1.5342,21.2490,1996_2010,1996_2010,14
usa_NC_0035_0023,73,-1.2805,0.4844,0.0924,268,1996-01-26,2010-12-02,18.6000,13,22.3182,22,-17.9270,6.7816,3.7182,21.6452,1996_2010,1996_2010,14
usa_NC_0035_0024,73,-1.2954,0.4718,0.0970,274,1996-01-26,2010-12-02,19.4077,13,22.0261,23,-18.1356,6.6052,2.6184,20.7540,1996_2010,1996_2010,14
usa_NC_0035_0025,73,-1.0600,0.4735,0.0683,267,1996-01-26,2010-12-02,21.5231,13,24.4870,23,-14.8400,6.6290,2.9639,17.8039,1996_2010,1996_2010,14
usa_NC_0035_0026,73,-0.8550,0.4609,0.0485,264,1996-01-26,2010-12-02,21.7308,13,23.8870,23,-11.9700,6.4526,2.1562,14.1262,1996_2010,1996_2010,14
usa_NC_0035_0027,73,-0.5639,0.4322,0.0243,267,1996-01-26,2010-12-02,17.5538,13,21.2208,24,-7.8946,6.0508,3.6670,11.5616,1996_2010,1996_2010,14
usa_NC_0035_0028,73,-0.2669,0.4230,0.0057,273,1996-01-26,2010-12-02,17.8538,13,23.0846,26,-3.7366,5.9220,5.2308,8.9674,1996_2010,1996_2010,14
usa_NC_0035_0029,73,-0.0316,0.4344,0.0001,269,1996-01-26,2010-12-02,16.1846,13,20.1826,23,-0.4424,6.0816,3.9980,4.4404,1996_2010,1996_2010,14
usa_NC_0035_0030,73,0.1655,0.4251,0.0022,269,1996-01-26,2010-12-02,13.8769,13,20.2667,24,2.3170,5.9514,6.3897,4.0727,1996_2010,1996_2010,14
usa_NC_0035_0031,73,0.3982,0.4284,0.0126,264,1996-01-26,2010-12-02,12.9385,13,22.4696,23,5.5748,5.9976,9.5311,3.9563,1996_2010,1996_2010,14
usa_NC_0035_0032,73,0.6129,0.4118,0.0313,268,1996-01-26,2010-12-02,7.7231,13,20.4609,23,8.5806,5.7652,12.7378,4.1572,1996_2010,1996_2010,14
usa_NC_0035_0034,74,1.0193,0.4109,0.0817,270,1996-01-26,2010-12-02,10.7462,13,28.4850,20,14.2702,5.7526,17.7388,3.4686,1996_2010,1996_2010,14
usa_NC_0035_0035,74,1.3726,0.4081,0.1434,264,1996-01-26,2010-12-02,6.5385,13,28.5471,17,19.2164,5.7134,22.0086,2.7922,1996_2010,1996_2010,14
usa_NC_0035_0036,74,1.7202,0.4149,0.2060,259,1996-01-26,2010-12-02,6.9615,13,37.7474,19,24.0828,5.8086,30.7858,6.7030,1996_2010,1996_2010,14
usa_NC_0035_0037,74,1.8512,0.4018,0.2433,258,1996-01-26,2010-12-02,4.9154,13,39.5421,19,25.9168,5.6252,34.6267,8.7099,1996_2010,1996_2010,14
usa_NC_0035_0038,74,1.9371,0.3891,0.2676,265,1996-01-26,2010-12-02,15.2077,13,50.6600,20,27.1194,5.4474,35.4523,8.3329,1996_2010,1996_2010,14
usa_NC_0035_0039,74,1.9707,0.4019,0.2624,264,1996-01-26,2010-12-02,16.3769,13,53.0105,19,27.5898,5.6266,36.6336,9.0438,1996_2010,1996_2010,14
usa_NC_0035_0040,74,2.0281,0.4111,0.2641,265,1996-01-26,2010-12-02,12.6385,13,48.3765,17,28.3934,5.7554,35.7380,7.3446,1996_2010,1996_2010,14
usa_NC_0035_0041,74,2.0597,0.4255,0.2582,263,1996-01-26,2010-12-02,26.7462,13,59.1353,17,28.8358,5.9570,32.3891,3.5533,1996_2010,1996_2010,14
usa_NC_0035_0042,74,1.8868,0.4303,0.2209,265,1996-01-26,2010-12-02,26.7000,13,53.0450,20,26.4152,6.0242,26.3450,-0.0702,1996_2010,1996_2010,14
usa_NC_0035_0043,74,1.5004,0.4342,0.1463,272,1996-01-26,2010-12-02,35.8231,13,52.9435,23,21.0056,6.0788,17.1204,-3.8852,1996_2010,1996_2010,14
usa_NC_0035_0044,75,1.2578,0.4377,0.1056,273,1996-01-26,2010-12-02,42.8462,13,55.5783,23,17.6092,6.1278,12.7321,-4.8771,1996_2010,1996_2010,14
usa_NC_0035_0045,75,1.0574,0.4359,0.0779,272,1996-01-26,2010-12-02,42.4154,13,51.1000,23,14.8036,6.1026,8.6846,-6.1190,1996_2010,1996_2010,14
usa_NC_0035_0046,75,0.7161,0.4362,0.0378,268,1996-01-26,2010-12-02,49.8538,13,52.8826,23,10.0254,6.1068,3.0288,-6.9966,1996_2010,1996_2010,14
usa_NC_0035_0047,75,0.3486,0.4554,0.0085,268,1996-01-26,2010-12-02,58.4538,13,51.9458,24,4.8804,6.3756,-6.5080,-11.3884,1996_2010,1996_2010,14
usa_NC_0035_0048,75,0.0668,0.4773,0.0003,276,1996-01-26,2010-12-02,62.2615,13,45.0160,25,0.9352,6.6822,-17.2455,-18.1807,1996_2010,1996_2010,14
usa_NC_0035_0049,75,-0.1654,0.5124,0.0015,274,1996-01-26,2010-12-02,70.6417,12,41.3609,23,-2.3156,7.1736,-29.2808,-26.9652,1996_2010,1996_2010,14
usa_NC_0035_0050,75,-0.3910,0.5188,0.0081,272,1996-01-26,2010-12-02,79.1667,12,43.0696,23,-5.4740,7.2632,-36.0971,-30.6231,1996_2010,1996_2010,14
usa_NC_0035_0051,75,-0.6629,0.5304,0.0220,271,1996-01-26,2010-12-02,85.9000,12,45.4565,23,-9.2806,7.4256,-40.4435,-31.1629,1996_2010,1996_2010,14
usa_NC_0035_0052,75,-0.9186,0.5393,0.0398,273,1996-01-26,2010-12-02,96.8083,12,51.2043,23,-12.8604,7.5502,-45.6040,-32.7436,1996_2010,1996_2010,14
usa_NC_0035_0053,75,-1.2646,0.5534,0.0681,279,1996-01-26,2010-12-02,101.0917,12,49.5435,23,-17.7044,7.7476,-51.5482,-33.8438,1996_2010,1996_2010,14
usa_NC_0035_0054,76,-1.7231,0.5805,0.1112,275,1996-01-26,2010-12-02,104.0333,12,46.8421,19,-24.1234,8.1270,-57.1912,-33.0678,1996_2010,1996_2010,14
usa_NC_0035_0055,76,-2.0522,0.5659,0.1588,272,1996-01-26,2010-12-02,105.1333,12,45.5824,17,-28.7308,7.9226,-59.5510,-30.8202,1996_2010,1996_2010,14
usa_NC_0035_0056,76,-2.5793,0.5244,0.2621,266,1996-01-26,2010-12-02,105.1167,12,42.5368,19,-36.1102,7.3416,-62.5798,-26.4696,1996_2010,1996_2010,14
usa_NC_0035_0057,76,-2.8771,0.4982,0.3296,265,1996-01-26,2010-12-02,109.6500,12,44.4263,19,-40.2794,6.9748,-65.2237,-24.9443,1996_2010,1996_2010,14
usa_NC_0035_0058,76,-3.0489,0.4671,0.3821,269,1996-01-26,2010-12-02,117.9000,12,50.0000,19,-42.6846,6.5394,-67.9000,-25.2154,1996_2010,1996_2010,14
usa_NC_0035_0059,76,-3.3264,0.4604,0.4284,272,1996-01-26,2010-12-02,131.0667,12,55.0778,18,-46.5696,6.4456,-75.9889,-29.4193,1996_2010,1996_2010,14
usa_NC_0035_0060,76,-3.7683,0.4837,0.4712,266,1996-01-26,2010-12-02,138.2250,12,55.0500,18,-52.7562,6.7718,-83.1750,-30.4188,1996_2010,1996_2010,14
usa_NC_0035_0061,76,-3.9075,0.4825,0.4935,263,1996-01-26,2010-12-02,144.9167,12,59.2706,17,-54.7050,6.7550,-85.6461,-30.9411,1996_2010,1996_2010,14
usa_NC_0035_0062,76,-3.6195,0.4683,0.4673,266,1996-01-26,2010-12-02,141.3833,12,62.5600,20,-50.6730,6.5562,-78.8233,-28.1503,1996_2010,1996_2010,14
usa_NC_0035_0063,76,-3.5497,0.4544,0.4651,274,1996-01-26,2010-12-02,139.1000,12,64.4348,23,-49.6958,6.3616,-74.6652,-24.9694,1996_2010,1996_2010,14
usa_NC_0035_0064,77,-3.5486,0.4553,0.4621,276,1996-01-26,2010-12-02,138.7167,12,64.3043,23,-49.6804,6.3742,-74.4123,-24.7319,1996_2010,1996_2010,14
usa_NC_0035_0065,77,-3.6311,0.4684,0.4632,272,1996-01-26,2010-12-02,122.2833,12,49.6565,23,-50.8354,6.5576,-72.6268,-21.7914,1996_2010,1996_2010,14
usa_NC_0035_0066,77,-3.6857,0.4740,0.4722,264,1996-01-26,2010-12-02,115.7500,12,43.3696,23,-51.5998,6.6360,-72.3804,-20.7806,1996_2010,1996_2010,14
usa_NC_0035_0067,77,-3.6090,0.4601,0.4709,270,1996-01-26,2010-12-02,112.4000,12,39.8360,25,-50.5260,6.4414,-72.5640,-22.0380,1996_2010,1996_2010,14
usa_NC_0035_0068,77,-3.4768,0.4457,0.4672,271,1996-01-26,2010-12-02,100.8167,12,28.3875,24,-48.6752,6.2398,-72.4292,-23.7540,1996_2010,1996_2010,14
usa_NC_0035_0069,77,-3.1254,0.4291,0.4342,270,1996-01-26,2010-12-02,98.8583,12,31.1261,23,-43.7556,6.0074,-67.7322,-23.9766,1996_2010,1996_2010,14
usa_NC_0035_0070,77,-2.8923,0.4237,0.4000,273,1996-01-26,2010-12-02,91.1462,13,27.5826,23,-40.4922,5.9318,-63.5635,-23.0713,1996_2010,1996_2010,14
usa_NC_0035_0071,77,-2.7124,0.4332,0.3636,268,1996-01-26,2010-12-02,93.0308,13,30.0870,23,-37.9736,6.0648,-62.9438,-24.9702,1996_2010,1996_2010,14
usa_NC_0035_0072,77,-2.8232,0.4332,0.3815,269,1996-01-26,2010-12-02,90.7692,13,25.6783,23,-39.5248,6.0648,-65.0910,-25.5662,1996_2010,1996_2010,14
usa_NC_0035_0073,77,-2.8798,0.4413,0.3803,271,1996-01-26,2010-12-02,97.6154,13,31.6955,22,-40.3172,6.1782,-65.9199,-25.6027,1996_2010,1996_2010,14
usa_NC_0035_0074,78,-2.8523,0.4700,0.3476,270,1996-01-26,2010-12-02,92.1846,13,25.6176,17,-39.9322,6.5800,-66.5670,-26.6348,1996_2010,1996_2010,14
usa_NC_0035_0075,78,-2.7672,0.4761,0.3283,270,1996-01-26,2010-12-02,96.4769,13,30.8118,17,-38.7408,6.6654,-65.6652,-26.9244,1996_2010,1996_2010,14
usa_NC_0035_0076,78,-2.7401,0.4898,0.3149,266,1996-01-26,2010-12-02,91.9077,13,29.4895,19,-38.3614,6.8572,-62.4182,-24.0568,1996_2010,1996_2010,14
usa_NC_0035_0077,78,-2.7715,0.5090,0.3041,265,1996-01-26,2010-12-02,88.9692,13,28.9053,19,-38.8010,7.1260,-60.0640,-21.2630,1996_2010,1996_2010,14
usa_NC_0035_0078,78,-2.8488,0.5087,0.3129,269,1996-01-26,2010-12-02,99.4769,13,40.4250,20,-39.8832,7.1218,-59.0519,-19.1687,1996_2010,1996_2010,14
usa_NC_0035_0079,78,-2.9160,0.5016,0.3259,273,1996-01-26,2010-12-02,88.7462,13,30.9526,19,-40.8240,7.0224,-57.7935,-16.9695,1996_2010,1996_2010,14
usa_NC_0035_0080,78,-2.9020,0.5124,0.3153,272,1996-01-26,2010-12-02,99.2615,13,45.3722,18,-40.6280,7.1736,-53.8893,-13.2613,1996_2010,1996_2010,14
usa_NC_0035_0081,78,-2.7293,0.5412,0.2742,263,1996-01-26,2010-12-02,96.5231,13,47.0529,17,-38.2102,7.5768,-49.4701,-11.2599,1996_2010,1996_2010,14
usa_NC_0035_0082,78,-2.2120,0.5135,0.2128,268,1996-01-26,2010-12-02,103.7231,13,59.2158,19,-30.9680,7.1890,-44.5073,-13.5393,1996_2010,1996_2010,14
usa_NC_0035_0083,78,-1.8459,0.4862,0.1699,275,1996-01-26,2010-12-02,103.5154,13,63.5957,23,-25.8426,6.8068,-39.9197,-14.0771,1996_2010,1996_2010,14
usa_NC_0035_0084,79,-1.4849,0.5059,0.1097,273,1996-01-26,2010-12-02,65.8692,13,32.2087,23,-20.7886,7.0826,-33.6605,-12.8719,1996_2010,1996_2010,14
usa_NC_0035_0085,79,-1.1866,0.4990,0.0753,271,1996-01-26,2010-12-02,94.8538,13,65.2565,23,-16.6124,6.9860,-29.5973,-12.9849,1996_2010,1996_2010,14
usa_NC_0035_0086,79,-1.0916,0.4531,0.0788,265,1996-01-26,2010-12-02,94.4167,12,65.3000,23,-15.2824,6.3434,-29.1167,-13.8343,1996_2010,1996_2010,14
usa_NC_0035_0087,79,-1.1394,0.4314,0.0914,271,1996-01-26,2010-12-02,91.9500,12,58.0720,25,-15.9516,6.0396,-33.8780,-17.9264,1996_2010,1996_2010,14
usa_NC_0035_0088,79,-1.3264,0.4439,0.1140,271,1996-01-26,2010-12-02,116.2000,12,78.3609,23,-18.5696,6.2146,-37.8391,-19.2695,1996_2010,1996_2010,14
usa_NC_0035_0089,79,-1.5015,0.4556,0.1349,272,1996-01-26,2010-12-02,92.7250,12,54.4792,24,-21.0210,6.3784,-38.2458,-17.2248,1996_2010,1996_2010,14
usa_NC_0035_0090,79,-1.8464,0.4504,0.1955,270,1996-01-26,2010-12-02,88.0917,12,49.3682,22,-25.8496,6.3056,-38.7235,-12.8739,1996_2010,1996_2010,14
usa_NC_0036_0001,79,-2.4325,0.4877,0.2706,262,1996-01-26,2010-12-02,92.7900,10,49.9870,23,-34.0550,6.8278,-42.8030,-8.7480,1996_2010,1996_2010,14
usa_NC_0036_0002,79,-2.6444,0.4856,0.3083,260,1996-01-26,2010-12-02,89.2300,10,41.3565,23,-37.0216,6.7984,-47.8735,-10.8519,1996_2010,1996_2010,14
usa_NC_0036_0003,79,-2.6918,0.4823,0.3146,265,1996-01-26,2010-12-02,86.9900,10,37.6739,23,-37.6852,6.7522,-49.3161,-11.6309,1996_2010,1996_2010,14
usa_NC_0036_0004,80,-2.8045,0.5186,0.3021,264,1996-01-26,2010-12-02,92.9000,10,38.5444,18,-39.2630,7.2604,-54.3556,-15.0926,1996_2010,1996_2010,14
usa_NC_0036_0005,80,-3.0223,0.5180,0.3342,265,1996-01-26,2010-12-02,86.9900,10,29.5000,17,-42.3122,7.2520,-57.4900,-15.1778,1996_2010,1996_2010,14
usa_NC_0036_0006,80,-3.7310,0.5133,0.4416,261,1996-01-26,2010-12-02,112.8500,10,48.4579,19,-52.2340,7.1862,-64.3921,-12.1581,1996_2010,1996_2010,14
usa_NC_0036_0007,80,-4.7277,0.4938,0.5833,256,1996-01-26,2010-12-02,108.2900,10,35.7105,19,-66.1878,6.9132,-72.5795,-6.3917,1996_2010,1996_2010,14
usa_NC_0036_0008,80,-5.5998,0.4645,0.6894,256,1996-01-26,2010-12-02,118.3100,10,39.6950,20,-78.3972,6.5030,-78.6150,-0.2178,1996_2010,1996_2010,14
usa_NC_0036_0009,80,-6.2522,0.4498,0.7438,260,1996-01-26,2010-12-02,124.1300,10,40.4833,18,-87.5308,6.2972,-83.6467,3.8841,1996_2010,1996_2010,14
usa_NC_0036_0010,80,-6.9279,0.4671,0.7657,263,1996-01-26,2010-12-02,124.8727,11,38.2667,15,-96.9906,6.5394,-86.6061,10.3845,1996_2010,1996_2010,14
usa_NC_0036_0011,80,-7.0975,0.4750,0.7732,256,1996-01-26,2010-12-02,131.6182,11,46.1867,15,-99.3650,6.6500,-85.4315,13.9335,1996_2010,1996_2010,14
usa_NC_0036_0012,80,-7.1797,0.4747,0.7760,258,1996-01-26,2010-12-02,120.2636,11,33.9250,16,-100.5158,6.6458,-86.3386,14.1772,1996_2010,1996_2010,14
usa_NC_0036_0013,80,-7.1448,0.4344,0.7971,269,1996-01-26,2010-12-02,121.8417,12,31.9250,20,-100.0272,6.0816,-89.9167,10.1105,1996_2010,1996_2010,14
usa_NC_0036_0014,81,-7.1614,0.4372,0.7951,270,1996-01-26,2010-12-02,124.3000,11,32.6333,21,-100.2596,6.1208,-91.6667,8.5929,1996_2010,1996_2010,14
usa_NC_0036_0015,81,-6.8588,0.4496,0.7697,272,1996-01-26,2010-12-02,123.9455,11,34.3714,21,-96.0232,6.2944,-89.5740,6.4492,1996_2010,1996_2010,14
usa_NC_0036_0016,81,-6.2032,0.4500,0.7332,270,1996-01-26,2010-12-02,115.8909,11,27.8429,21,-86.8448,6.3000,-88.0481,-1.2033,1996_2010,1996_2010,14
usa_NC_0036_0017,81,-5.4232,0.4492,0.6791,269,1996-01-26,2010-12-02,98.4727,11,17.2818,22,-75.9248,6.2888,-81.1909,-5.2661,1996_2010,1996_2010,14
usa_NC_0036_0018,81,-4.7447,0.4303,0.6393,268,1996-01-26,2010-12-02,114.9727,11,39.8783,23,-66.4258,6.0242,-75.0945,-8.6687,1996_2010,1996_2010,14
usa_NC_0036_0019,81,-3.9877,0.4248,0.5576,273,1996-01-26,2010-12-02,106.5727,11,38.5591,22,-55.8278,5.9472,-68.0136,-12.1858,1996_2010,1996_2010,14
usa_NC_0036_0020,81,-3.3253,0.4262,0.4664,272,1996-01-26,2010-12-02,82.2545,11,26.5773,22,-46.5542,5.9668,-55.6773,-9.1231,1996_2010,1996_2010,14
usa_NC_0036_0021,81,-2.8880,0.4398,0.3824,272,1996-01-26,2010-12-02,80.2364,11,37.3045,22,-40.4320,6.1572,-42.9318,-2.4998,1996_2010,1996_2010,14
usa_NC_0036_0022,81,-2.6149,0.4568,0.3282,262,1996-01-26,2010-12-02,109.8727,11,72.5318,22,-36.6086,6.3952,-37.3409,-0.7323,1996_2010,1996_2010,14
usa_NC_0036_0023,81,-2.2552,0.4456,0.2725,267,1996-01-26,2010-12-02,85.1182,11,50.6182,22,-31.5728,6.2384,-34.5000,-2.9272,1996_2010,1996_2010,14
usa_NC_0036_0024,82,-1.9637,0.4331,0.2312,267,1996-01-26,2010-12-02,48.7636,11,13.6105,19,-27.4918,6.0634,-35.1531,-7.6613,1996_2010,1996_2010,14
usa_NC_0036_0025,82,-1.5955,0.4225,0.1748,263,1996-01-26,2010-12-02,84.6818,11,53.1813,16,-22.3370,5.9150,-31.5006,-9.1636,1996_2010,1996_2010,14
usa_NC_0036_0026,82,-1.1764,0.4198,0.1038,265,1996-01-26,2010-12-02,66.2000,10,41.8579,19,-16.4696,5.8772,-24.3421,-7.8725,1996_2010,1996_2010,14
usa_NC_0036_0027,82,-0.8612,0.4285,0.0566,263,1996-01-26,2010-12-02,53.7750,12,38.0222,18,-12.0568,5.9990,-15.7528,-3.6960,1996_2010,1996_2010,14
usa_NC_0036_0028,82,-0.5169,0.4682,0.0177,264,1996-01-26,2010-12-02,59.7917,12,46.9167,18,-7.2366,6.5548,-12.8750,-5.6384,1996_2010,1996_2010,14
usa_NC_0036_0029,82,-0.1115,0.4354,0.0010,265,1996-01-26,2010-12-02,59.3333,12,48.3118,17,-1.5610,6.0956,-11.0216,-9.4606,1996_2010,1996_2010,14
usa_NC_0036_0030,82,0.1830,0.4412,0.0025,270,1996-01-26,2010-12-02,56.3692,13,46.9938,16,2.5620,6.1768,-9.3755,-11.9375,1996_2010,1996_2010,14
usa_NC_0036_0031,82,0.2866,0.4632,0.0056,267,1996-01-26,2010-12-02,59.7538,13,50.6875,16,4.0124,6.4848,-9.0663,-13.0787,1996_2010,1996_2010,14
usa_NC_0036_0032,82,0.0615,0.4522,0.0003,269,1996-01-26,2010-12-02,73.3692,13,59.5529,17,0.8610,6.3308,-13.8163,-14.6773,1996_2010,1996_2010,14
usa_NC_0036_0033,82,-0.5101,0.4326,0.0189,282,1996-01-26,2010-12-02,60.9846,13,41.4238,21,-7.1414,6.0564,-19.5608,-12.4194,1996_2010,1996_2010,14
usa_NC_0036_0034,83,-1.0419,0.4091,0.0818,284,1996-01-26,2010-12-02,65.0154,13,39.4000,21,-14.5866,5.7274,-25.6154,-11.0288,1996_2010,1996_2010,14
usa_NC_0036_0035,83,-1.5665,0.4101,0.1700,278,1996-01-26,2010-12-02,87.9538,13,57.0143,21,-21.9310,5.7414,-30.9396,-9.0086,1996_2010,1996_2010,14
usa_NC_0036_0036,83,-1.6898,0.4147,0.1885,279,1996-01-26,2010-12-02,71.1769,13,38.4429,21,-23.6572,5.8058,-32.7341,-9.0769,1996_2010,1996_2010,14
usa_NC_0036_0037,83,-1.7097,0.4046,0.2023,275,1996-01-26,2010-12-02,72.5000,13,39.4864,22,-23.9358,5.6644,-33.0136,-9.0778,1996_2010,1996_2010,14
usa_NC_0036_0038,83,-1.8893,0.4247,0.2212,272,1996-01-26,2010-12-02,62.6769,13,27.3381,21,-26.4502,5.9458,-35.3388,-8.8886,1996_2010,1996_2010,14
usa_NC_0036_0039,83,-2.0376,0.4110,0.2559,279,1996-01-26,2010-12-02,101.8077,13,60.6545,22,-28.5264,5.7540,-41.1531,-12.6267,1996_2010,1996_2010,14
usa_NC_0036_0040,83,-2.4539,0.4142,0.3318,276,1996-01-26,2010-12-02,111.3000,12,68.4087,23,-34.3546,5.7988,-42.8913,-8.5367,1996_2010,1996_2010,14
usa_NC_0036_0041,83,-3.1170,0.3926,0.4677,280,1996-01-26,2010-12-02,72.2917,12,23.6957,23,-43.6380,5.4964,-48.5960,-4.9580,1996_2010,1996_2010,14
usa_NC_0036_0042,83,-3.4576,0.3864,0.5329,274,1996-01-26,2010-12-02,104.8077,13,49.4435,23,-48.4064,5.4096,-55.3642,-6.9578,1996_2010,1996_2010,14
usa_NC_0036_0043,83,-3.3756,0.3916,0.5152,273,1996-01-26,2010-12-02,99.1154,13,45.4696,23,-47.2584,5.4824,-53.6458,-6.3874,1996_2010,1996_2010,14
usa_NC_0036_0044,84,-3.4009,0.4110,0.4948,273,1996-01-26,2010-12-02,91.9462,13,40.1810,21,-47.6126,5.7540,-51.7652,-4.1526,1996_2010,1996_2010,14
usa_NC_0036_0045,84,-3.3188,0.4310,0.4598,272,1996-01-26,2010-12-02,87.2583,12,33.9176,17,-46.4632,6.0340,-53.3407,-6.8775,1996_2010,1996_2010,14
usa_NC_0036_0046,84,-3.5837,0.4328,0.4988,269,1996-01-26,2010-12-02,90.9455,11,27.2684,19,-50.1718,6.0592,-63.6770,-13.5052,1996_2010,1996_2010,14
usa_NC_0036_0047,84,-3.4239,0.4489,0.4598,267,1996-01-26,2010-12-02,85.9250,12,23.6789,19,-47.9346,6.2846,-62.2461,-14.3115,1996_2010,1996_2010,14
usa_NC_0036_0048,84,-3.4118,0.4659,0.4387,268,1996-01-26,2010-12-02,87.4083,12,25.7105,19,-47.7652,6.5226,-61.6978,-13.9326,1996_2010,1996_2010,14
usa_NC_0036_0049,84,-3.4434,0.4569,0.4538,267,1996-01-26,2010-12-02,91.0667,12,31.4400,20,-48.2076,6.3966,-59.6267,-11.4191,1996_2010,1996_2010,14
usa_NC_0036_0050,84,-3.3994,0.4321,0.4752,267,1996-01-26,2010-12-02,92.9667,12,34.8889,18,-47.5916,6.0494,-58.0778,-10.4862,1996_2010,1996_2010,14
usa_NC_0036_0051,84,-3.2901,0.4182,0.4724,270,1996-01-26,2010-12-02,98.5250,12,44.1059,17,-46.0614,5.8548,-54.4191,-8.3577,1996_2010,1996_2010,14
usa_NC_0036_0052,84,-3.2279,0.4033,0.4819,269,1996-01-26,2010-12-02,104.3667,12,53.2176,17,-45.1906,5.6462,-51.1490,-5.9584,1996_2010,1996_2010,14
usa_NC_0036_0053,84,-3.0405,0.3879,0.4714,269,1996-01-26,2010-12-02,102.2417,12,53.3000,18,-42.5670,5.4306,-48.9417,-6.3747,1996_2010,1996_2010,14
usa_NC_0036_0054,84,-3.0626,0.3760,0.4888,271,1996-01-26,2010-12-02,90.8167,12,42.5895,19,-42.8764,5.2640,-48.2272,-5.3508,1996_2010,1996_2010,14
usa_NC_0036_0055,85,-3.1171,0.3639,0.5020,284,1996-01-26,2010-12-02,90.6333,12,42.4773,22,-43.6394,5.0946,-48.1561,-4.5167,1996_2010,1996_2010,14
usa_NC_0036_0056,85,-3.1644,0.3776,0.4956,279,1996-01-26,2010-12-02,87.4917,12,42.6318,22,-44.3016,5.2864,-44.8598,-0.5582,1996_2010,1996_2010,14
usa_NC_0036_0057,85,-3.1470,0.3839,0.4827,281,1996-01-26,2010-12-02,83.3917,12,41.4727,22,-44.0580,5.3746,-41.9189,2.1391,1996_2010,1996_2010,14
usa_NC_0036_0058,85,-3.0102,0.3955,0.4504,276,1996-01-26,2010-12-02,80.4750,12,41.0136,22,-42.1428,5.5370,-39.4614,2.6814,1996_2010,1996_2010,14
usa_NC_0036_0059,85,-2.8454,0.4018,0.4185,272,1996-01-26,2010-12-02,75.3917,12,43.0125,24,-39.8356,5.6252,-32.3792,7.4564,1996_2010,1996_2010,14
usa_NC_0036_0060,85,-2.8396,0.4139,0.4050,270,1996-01-26,2010-12-02,71.7000,12,40.9130,23,-39.7544,5.7946,-30.7870,8.9674,1996_2010,1996_2010,14
usa_NC_0036_0061,85,-2.5845,0.4092,0.3659,270,1996-01-26,2010-12-02,69.8333,12,42.9762,21,-36.1830,5.7288,-26.8571,9.3259,1996_2010,1996_2010,14
usa_NC_0036_0062,85,-2.5504,0.3969,0.3712,273,1996-01-26,2010-12-02,71.8083,12,43.7381,21,-35.7056,5.5566,-28.0702,7.6354,1996_2010,1996_2010,14
usa_NC_0036_0063,85,-2.4448,0.3861,0.3610,277,1996-01-26,2010-12-02,71.5615,13,43.5273,22,-34.2272,5.4054,-28.0343,6.1929,1996_2010,1996_2010,14
usa_NC_0036_0064,85,-2.3955,0.3699,0.3715,277,1996-01-26,2010-12-02,66.2846,13,38.3174,23,-33.5370,5.1786,-27.9672,5.5698,1996_2010,1996_2010,14
usa_NC_0036_0065,85,-2.3088,0.3706,0.3587,271,1996-01-26,2010-12-02,69.1000,14,43.6087,23,-32.3232,5.1884,-25.4913,6.8319,1996_2010,1996_2010,14
usa_NC_0036_0066,85,-2.1765,0.3608,0.3432,272,1996-01-26,2010-12-02,71.6357,14,46.5957,23,-30.4710,5.0512,-25.0401,5.4309,1996_2010,1996_2010,14
usa_NC_0036_0067,86,-2.0814,0.3785,0.3035,271,1996-01-26,2010-12-02,71.8357,14,46.3250,20,-29.1396,5.2990,-25.5107,3.6289,1996_2010,1996_2010,14
usa_NC_0036_0068,86,-2.2749,0.3831,0.3369,271,1996-01-26,2010-12-02,73.2071,14,42.5882,17,-31.8486,5.3634,-30.6189,1.2297,1996_2010,1996_2010,14
usa_NC_0036_0069,86,-2.3637,0.4032,0.3304,272,1996-01-26,2010-12-02,74.7786,14,41.0750,20,-33.0918,5.6448,-33.7036,-0.6118,1996_2010,1996_2010,14
usa_NC_0036_0070,86,-2.3757,0.4043,0.3348,268,1996-01-26,2010-12-02,79.7571,14,47.7053,19,-33.2598,5.6602,-32.0519,1.2079,1996_2010,1996_2010,14
usa_NC_0036_0071,86,-2.3166,0.4217,0.3071,266,1996-01-26,2010-12-02,75.5643,14,41.8421,19,-32.4324,5.9038,-33.7222,-1.2898,1996_2010,1996_2010,14
usa_NC_0036_0072,86,-2.4487,0.4367,0.3175,264,1996-01-26,2010-12-02,79.5538,13,42.6947,19,-34.2818,6.1138,-36.8591,-2.5773,1996_2010,1996_2010,14
usa_NC_0036_0073,86,-2.5011,0.4096,0.3564,263,1996-01-26,2010-12-02,86.4154,13,46.0211,19,-35.0154,5.7344,-40.3943,-5.3789,1996_2010,1996_2010,14
usa_NC_0036_0074,86,-2.5055,0.4116,0.3524,266,1996-01-26,2010-12-02,87.5308,13,43.8647,17,-35.0770,5.7624,-43.6661,-8.5891,1996_2010,1996_2010,14
usa_NC_0036_0075,86,-2.6296,0.4205,0.3621,269,1996-01-26,2010-12-02,88.4917,12,41.3706,17,-36.8144,5.8870,-47.1211,-10.3067,1996_2010,1996_2010,14
usa_NC_0036_0076,86,-2.8823,0.4308,0.4051,257,1996-01-26,2010-12-02,87.7667,12,40.6250,16,-40.3522,6.0312,-47.1417,-6.7895,1996_2010,1996_2010,14
usa_NC_0036_0077,86,-2.6458,0.4419,0.3440,267,1996-01-26,2010-11-24,96.9615,13,57.7059,17,-37.0412,6.1866,-39.2557,-2.2145,1996_2010,1996_2010,14
usa_NC_0036_0078,86,-2.6759,0.4327,0.3528,274,1996-01-26,2010-11-24,95.2833,12,52.2000,21,-37.4626,6.0578,-43.0833,-5.6207,1996_2010,1996_2010,14
usa_NC_0036_0079,87,-2.6363,0.4337,0.3433,276,1996-01-26,2010-11-24,93.5500,12,54.0762,21,-36.9082,6.0718,-39.4738,-2.5656,1996_2010,1996_2010,14
usa_NC_0036_0080,87,-2.4334,0.4315,0.3110,275,1996-01-26,2010-11-24,84.7750,12,48.1048,21,-34.0676,6.0410,-36.6702,-2.6026,1996_2010,1996_2010,14
usa_NC_0036_0081,87,-2.2759,0.4295,0.2820,279,1996-01-26,2010-11-24,84.8833,12,50.6190,21,-31.8626,6.0130,-34.2643,-2.4017,1996_2010,1996_2010,14
usa_NC_0036_0082,87,-2.0947,0.4334,0.2490,275,1996-01-26,2010-11-24,83.3417,12,49.8261,23,-29.3258,6.0676,-33.5156,-4.1898,1996_2010,1996_2010,14
usa_NC_0036_0083,87,-2.1137,0.4132,0.2724,273,1996-01-26,2010-12-02,85.1917,12,51.7625,24,-29.5918,5.7848,-33.4292,-3.8374,1996_2010,1996_2010,14
usa_NC_0036_0084,87,-2.1409,0.4023,0.2890,272,1996-01-26,2010-12-02,87.7500,12,52.5957,23,-29.9726,5.6322,-35.1543,-5.1817,1996_2010,1996_2010,14
usa_NC_0036_0085,87,-1.9593,0.4040,0.2503,275,1996-01-26,2010-12-02,82.0308,13,52.6478,23,-27.4302,5.6560,-29.3829,-1.9527,1996_2010,1996_2010,14
usa_NC_0036_0086,87,-1.8336,0.4054,0.2238,277,1996-01-26,2010-12-02,74.1538,13,48.9000,23,-25.6704,5.6756,-25.2538,0.4166,1996_2010,1996_2010,14
usa_NC_0036_0087,87,-1.8195,0.4051,0.2226,275,1996-01-26,2010-12-02,68.8462,13,44.5783,23,-25.4730,5.6714,-24.2679,1.2051,1996_2010,1996_2010,14
usa_NC_0036_0088,87,-1.8295,0.3999,0.2318,271,1996-01-26,2010-12-02,67.2154,13,42.2304,23,-25.6130,5.5986,-24.9849,0.6281,1996_2010,1996_2010,14
usa_NC_0036_0089,87,-1.6452,0.3974,0.1986,270,1996-01-26,2010-12-02,62.1923,13,39.1409,22,-23.0328,5.5636,-23.0514,-0.0186,1996_2010,1996_2010,14
usa_NC_0036_0090,88,-1.5025,0.4073,0.1639,271,1996-01-26,2010-12-02,57.0154,13,39.5190,21,-21.0350,5.7022,-17.4963,3.5387,1996_2010,1996_2010,14
usa_NC_0036_0091,88,-1.2829,0.4288,0.1158,267,1996-01-26,2010-12-02,57.5000,13,47.0176,17,-17.9606,6.0032,-10.4824,7.4782,1996_2010,1996_2010,14
usa_NC_0036_0092,88,-1.0402,0.4364,0.0759,270,1996-01-26,2010-12-02,59.7077,13,50.3526,19,-14.5628,6.1096,-9.3551,5.2077,1996_2010,1996_2010,14
usa_NC_0036_0093,88,-0.9730,0.4587,0.0613,269,1996-01-26,2010-12-02,58.9538,13,47.4211,19,-13.6220,6.4218,-11.5328,2.0892,1996_2010,1996_2010,14
usa_NC_0036_0094,88,-0.9723,0.4532,0.0624,270,1996-01-26,2010-12-02,56.5231,13,42.7632,19,-13.6122,6.3448,-13.7599,-0.1477,1996_2010,1996_2010,14
usa_NC_0036_0095,88,-0.6394,0.4386,0.0298,270,1996-01-26,2010-12-02,58.0769,13,50.2150,20,-8.9516,6.1404,-7.8619,1.0897,1996_2010,1996_2010,14
usa_NC_0036_0096,88,-0.6776,0.4216,0.0367,265,1996-01-26,2010-12-02,59.5154,13,52.7235,17,-9.4864,5.9024,-6.7919,2.6945,1996_2010,1996_2010,14
usa_NC_0036_0097,88,-0.7641,0.4091,0.0484,268,1996-01-26,2010-12-02,51.7923,13,45.7824,17,-10.6974,5.7274,-6.0100,4.6874,1996_2010,1996_2010,14
usa_NC_0036_0098,88,-0.7154,0.3932,0.0478,258,1996-01-26,2010-12-02,43.9385,13,42.0824,17,-10.0156,5.5048,-1.8561,8.1595,1996_2010,1996_2010,14
usa_NC_0036_0099,88,-0.5544,0.3887,0.0285,271,1996-01-26,2010-12-02,43.6231,13,47.2300,20,-7.7616,5.4418,3.6069,11.3685,1996_2010,1996_2010,14
usa_NC_0036_0100,89,-0.3812,0.3665,0.0151,276,1996-01-26,2010-12-02,40.9462,13,45.4500,22,-5.3368,5.1310,4.5038,9.8406,1996_2010,1996_2010,14
usa_NC_0036_0101,89,-0.1541,0.3707,0.0025,273,1996-01-26,2010-12-02,40.7769,13,45.1136,22,-2.1574,5.1898,4.3367,6.4941,1996_2010,1996_2010,14
usa_NC_0036_0102,89,-0.1489,0.3914,0.0020,276,1996-01-26,2010-12-02,41.7308,13,43.6364,22,-2.0846,5.4796,1.9056,3.9902,1996_2010,1996_2010,14
usa_NC_0036_0103,89,-0.2120,0.3622,0.0048,276,1996-01-26,2010-12-02,40.4769,13,42.2250,24,-2.9680,5.0708,1.7481,4.7161,1996_2010,1996_2010,14
usa_NC_0036_0104,89,-0.4070,0.3468,0.0195,270,1996-01-26,2010-12-02,40.8308,13,40.9455,22,-5.6980,4.8552,0.1147,5.8127,1996_2010,1996_2010,14
usa_NC_0036_0105,89,-0.2865,0.3260,0.0111,269,1996-01-26,2010-12-02,35.9462,13,37.8217,23,-4.0110,4.5640,1.8756,5.8866,1996_2010,1996_2010,14
usa_NC_0036_0106,89,-0.2227,0.3429,0.0060,271,1996-01-26,2010-12-02,28.8308,13,31.7045,22,-3.1178,4.8006,2.8738,5.9916,1996_2010,1996_2010,14
usa_NC_0036_0107,89,-0.1297,0.3379,0.0021,274,1996-01-26,2010-12-02,31.6154,13,35.4913,23,-1.8158,4.7306,3.8759,5.6917,1996_2010,1996_2010,14
usa_NC_0036_0108,89,0.1229,0.3608,0.0017,273,1996-01-26,2010-12-02,29.5615,13,38.5304,23,1.7206,5.0512,8.9689,7.2483,1996_2010,1996_2010,14
usa_NC_0036_0109,90,-0.0474,0.3496,0.0003,271,1996-01-26,2010-12-02,33.5286,14,41.7182,22,-0.6636,4.8944,8.1896,8.8532,1996_2010,1996_2010,14
usa_NC_0036_0110,90,-0.2776,0.3482,0.0092,268,1996-01-26,2010-12-02,33.4429,14,39.3800,20,-3.8864,4.8748,5.9371,9.8235,1996_2010,1996_2010,14
usa_NC_0036_0111,90,-0.3531,0.3531,0.0145,266,1996-01-26,2010-12-02,34.8500,14,36.6941,17,-4.9434,4.9434,1.8441,6.7875,1996_2010,1996_2010,14
usa_NC_0036_0112,90,-0.2712,0.3723,0.0077,268,1996-01-26,2010-12-02,36.5786,14,39.4316,19,-3.7968,5.2122,2.8530,6.6498,1996_2010,1996_2010,14
usa_NC_0037_0001,90,-0.4317,0.3759,0.0194,261,1996-01-26,2010-12-02,34.6727,11,36.7526,19,-6.0438,5.2626,2.0799,8.1237,1996_2010,1996_2010,14
usa_NC_0037_0002,90,-0.4111,0.3578,0.0196,258,1996-01-26,2010-11-17,33.3273,11,34.6389,18,-5.7554,5.0092,1.3116,7.0670,1996_2010,1996_2010,14
usa_NC_0037_0003,90,-0.4816,0.3783,0.0242,256,1996-01-26,2010-11-24,28.4818,11,31.5278,18,-6.7424,5.2962,3.0460,9.7884,1996_2010,1996_2010,14
usa_NC_0037_0004,90,-0.3184,0.3954,0.0099,254,1996-01-26,2010-11-24,26.6636,11,34.8187,16,-4.4576,5.5356,8.1551,12.6127,1996_2010,1996_2010,14
usa_NC_0037_0005,90,-0.2642,0.4130,0.0063,253,1996-01-26,2010-11-24,23.0091,11,31.6176,17,-3.6988,5.7820,8.6086,12.3074,1996_2010,1996_2010,14
usa_NC_0037_0006,90,-0.1833,0.4045,0.0031,255,1996-01-26,2010-11-24,25.8800,10,35.9944,18,-2.5662,5.6630,10.1144,12.6806,1996_2010,1996_2010,14
