domain_id,LineID,ORIG_LEN,n_crossings,x,y,feature_type,year,source_type,method,editor,edit_date,notes,duneline_file,transect_file,built,built_by
1,12,8136.622516116826,1,452061.8297838832,3898862.3268999998,Shoreline (CoastSat window mean),2008-08-17/2010-08-17,Landsat 5/7/8 via CoastSat (coastsat.space),"Mean of the satellite positions in 2008-08-17 to 2010-08-17, ±1 yr of the 2009 USACE NCMP topobathy lidar (CHARTS) (flown 2009-08-10 to 2009-08-24) per CoastSat transect (906 of 906 transects), geolocated as origin + chainage * unit vector and strung into one line in alongshore order. No outlier rejection, no smoothing.",coastsat_mean_shoreline.py,2026-09-29,"Window mean, not a survey. Median 28 positions per transect; see transect_means_2008-08-17_2010-08-17.csv and PROVENANCE.md.",shoreline_mean_2008-08-17_2010-08-17.geojson,transects_100m.geojson,2026-09-29,duneline_to_raw_offsets.py
1,13,8124.6452758539235,1,452073.8070241461,3898962.3268999998,Shoreline (CoastSat window mean),2008-08-17/2010-08-17,Landsat 5/7/8 via CoastSat (coastsat.space),"Mean of the satellite positions in 2008-08-17 to 2010-08-17, ±1 yr of the 2009 USACE NCMP topobathy lidar (CHARTS) (flown 2009-08-10 to 2009-08-24) per CoastSat transect (906 of 906 transects), geolocated as origin + chainage * unit vector and strung into one line in alongshore order. No outlier rejection, no smoothing.",coastsat_mean_shoreline.py,2026-09-29,"Window mean, not a survey. Median 28 positions per transect; see transect_means_2008-08-17_2010-08-17.csv and PROVENANCE.md.",shoreline_mean_2008-08-17_2010-08-17.geojson,transects_100m.geojson,2026-09-29,duneline_to_raw_offsets.py
1,14,8118.4420101235155,1,452080.0102898765,3899062.3268999998,Shoreline (CoastSat window mean),2008-08-17/2010-08-17,Landsat 5/7/8 via CoastSat (coastsat.space),"Mean of the satellite positions in 2008-08-17 to 2010-08-17, ±1 yr of the 2009 USACE NCMP topobathy lidar (CHARTS) (flown 2009-08-10 to 2009-08-24) per CoastSat transect (906 of 906 transects), geolocated as origin + chainage * unit vector and strung into one line in alongshore order. No outlier rejection, no smoothing.",coastsat_mean_shoreline.py,2026-09-29,"Window mean, not a survey. Median 28 positions per transect; see transect_means_2008-08-17_2010-08-17.csv and PROVENANCE.md.",shoreline_mean_2008-08-17_2010-08-17.geojson,transects_100m.geojson,2026-09-29,duneline_to_raw_offsets.py
1,15,8109.830067565083,1,452088.6222324349,3899162.3268999998,Shoreline (CoastSat window mean),2008-08-17/2010-08-17,Landsat 5/7/8 via CoastSat (coastsat.space),"Mean of the satellite positions in 2008-08-17 to 2010-08-17, ±1 yr of the 2009 USACE NCMP topobathy lidar (CHARTS) (flown 2009-08-10 to 2009-08-24) per CoastSat transect (906 of 906 transects), geolocated as origin + chainage * unit vector and strung into one line in alongshore order. No outlier rejection, no smoothing.",coastsat_mean_shoreline.py,2026-09-29,"Window mean, not a survey. Median 28 positions per transect; see transect_means_2008-08-17_2010-08-17.csv and PROVENANCE.md.",shoreline_mean_2008-08-17_2010-08-17.geojson,transects_100m.geojson,2026-09-29,duneline_to_raw_offsets.py
1,16,8097.5351940387045,1,452100.9171059613,3899262.3268999998,Shoreline (CoastSat window mean),2008-08-17/2010-08-17,Landsat 5/7/8 via CoastSat (coastsat.space),"Mean of the satellite positions in 2008-08-17 to 2010-08-17, ±1 yr of the 2009 USACE NCMP topobathy lidar (CHARTS) (flown 2009-08-10 to 2009-08-24) per CoastSat transect (906 of 906 transects), geolocated as origin + chainage * unit vector and strung into one line in alongshore order. No outlier rejection, no smoothing.",coastsat_mean_shoreline.py,2026-09-29,"Window mean, not a survey. Median 28 positions per transect; see transect_means_2008-08-17_2010-08-17.csv and PROVENANCE.md.",shoreline_mean_2008-08-17_2010-08-17.geojson,transects_100m.geojson,2026-09-29,duneline_to_raw_offsets.py
2,17,8084.296365699964,1,452114.15593430004,3899362.3268999998,Shoreline (CoastSat window mean),2008-08-17/2010-08-17,Landsat 5/7/8 via CoastSat (coastsat.space),"Mean of the satellite positions in 2008-08-17 to 2010-08-17, ±1 yr of the 2009 USACE NCMP topobathy lidar (CHARTS) (flown 2009-08-10 to 2009-08-24) per CoastSat transect (906 of 906 transects), geolocated as origin + chainage * unit vector and strung into one line in alongshore order. No outlier rejection, no smoothing.",coastsat_mean_shoreline.py,2026-09-29,"Window mean, not a survey. Median 28 positions per transect; see transect_means_2008-08-17_2010-08-17.csv and PROVENANCE.md.",shoreline_mean_2008-08-17_2010-08-17.geojson,transects_100m.geojson,2026-09-29,duneline_to_raw_offsets.py
2,18,8071.186796883063,1,452127.26550311694,3899462.3268999998,Shoreline (CoastSat window mean),2008-08-17/2010-08-17,Landsat 5/7/8 via CoastSat (coastsat.space),"Mean of the satellite positions in 2008-08-17 to 2010-08-17, ±1 yr of the 2009 USACE NCMP topobathy lidar (CHARTS) (flown 2009-08-10 to 2009-08-24) per CoastSat transect (906 of 906 transects), geolocated as origin + chainage * unit vector and strung into one line in alongshore order. No outlier rejection, no smoothing.",coastsat_mean_shoreline.py,2026-09-29,"Window mean, not a survey. Median 28 positions per transect; see transect_means_2008-08-17_2010-08-17.csv and PROVENANCE.md.",shoreline_mean_2008-08-17_2010-08-17.geojson,transects_100m.geojson,2026-09-29,duneline_to_raw_offsets.py
2,19,8061.156769254303,1,452137.2955307457,3899562.3268999998,Shoreline (CoastSat window mean),2008-08-17/2010-08-17,Landsat 5/7/8 via CoastSat (coastsat.space),"Mean of the satellite positions in 2008-08-17 to 2010-08-17, ±1 yr of the 2009 USACE NCMP topobathy lidar (CHARTS) (flown 2009-08-10 to 2009-08-24) per CoastSat transect (906 of 906 transects), geolocated as origin + chainage * unit vector and strung into one line in alongshore order. No outlier rejection, no smoothing.",coastsat_mean_shoreline.py,2026-09-29,"Window mean, not a survey. Median 28 positions per transect; see transect_means_2008-08-17_2010-08-17.csv and PROVENANCE.md.",shoreline_mean_2008-08-17_2010-08-17.geojson,transects_100m.geojson,2026-09-29,duneline_to_raw_offsets.py
2,20,8048.336336874986,1,452150.115963125,3899662.3268999998,Shoreline (CoastSat window mean),2008-08-17/2010-08-17,Landsat 5/7/8 via CoastSat (coastsat.space),"Mean of the satellite positions in 2008-08-17 to 2010-08-17, ±1 yr of the 2009 USACE NCMP topobathy lidar (CHARTS) (flown 2009-08-10 to 2009-08-24) per CoastSat transect (906 of 906 transects), geolocated as origin + chainage * unit vector and strung into one line in alongshore order. No outlier rejection, no smoothing.",coastsat_mean_shoreline.py,2026-09-29,"Window mean, not a survey. Median 28 positions per transect; see transect_means_2008-08-17_2010-08-17.csv and PROVENANCE.md.",shoreline_mean_2008-08-17_2010-08-17.geojson,transects_100m.geojson,2026-09-29,duneline_to_raw_offsets.py
2,21,8030.934058653074,1,452167.51824134693,3899762.3268999998,Shoreline (CoastSat window mean),2008-08-17/2010-08-17,Landsat 5/7/8 via CoastSat (coastsat.space),"Mean of the satellite positions in 2008-08-17 to 2010-08-17, ±1 yr of the 2009 USACE NCMP topobathy lidar (CHARTS) (flown 2009-08-10 to 2009-08-24) per CoastSat transect (906 of 906 transects), geolocated as origin + chainage * unit vector and strung into one line in alongshore order. No outlier rejection, no smoothing.",coastsat_mean_shoreline.py,2026-09-29,"Window mean, not a survey. Median 28 positions per transect; see transect_means_2008-08-17_2010-08-17.csv and PROVENANCE.md.",shoreline_mean_2008-08-17_2010-08-17.geojson,transects_100m.geojson,2026-09-29,duneline_to_raw_offsets.py
3,22,8014.9017505823285,1,452183.5505494177,3899862.3268999998,Shoreline (CoastSat window mean),2008-08-17/2010-08-17,Landsat 5/7/8 via CoastSat (coastsat.space),"Mean of the satellite positions in 2008-08-17 to 2010-08-17, ±1 yr of the 2009 USACE NCMP topobathy lidar (CHARTS) (flown 2009-08-10 to 2009-08-24) per CoastSat transect (906 of 906 transects), geolocated as origin + chainage * unit vector and strung into one line in alongshore order. No outlier rejection, no smoothing.",coastsat_mean_shoreline.py,2026-09-29,"Window mean, not a survey. Median 28 positions per transect; see transect_means_2008-08-17_2010-08-17.csv and PROVENANCE.md.",shoreline_mean_2008-08-17_2010-08-17.geojson,transects_100m.geojson,2026-09-29,duneline_to_raw_offsets.py
3,23,8000.9454886612375,1,452197.50681133877,3899962.3268999998,Shoreline (CoastSat window mean),2008-08-17/2010-08-17,Landsat 5/7/8 via CoastSat (coastsat.space),"Mean of the satellite positions in 2008-08-17 to 2010-08-17, ±1 yr of the 2009 USACE NCMP topobathy lidar (CHARTS) (flown 2009-08-10 to 2009-08-24) per CoastSat transect (906 of 906 transects), geolocated as origin + chainage * unit vector and strung into one line in alongshore order. No outlier rejection, no smoothing.",coastsat_mean_shoreline.py,2026-09-29,"Window mean, not a survey. Median 28 positions per transect; see transect_means_2008-08-17_2010-08-17.csv and PROVENANCE.md.",shoreline_mean_2008-08-17_2010-08-17.geojson,transects_100m.geojson,2026-09-29,duneline_to_raw_offsets.py
3,24,7984.672868501628,1,452213.7794314984,3900062.3268999998,Shoreline (CoastSat window mean),2008-08-17/2010-08-17,Landsat 5/7/8 via CoastSat (coastsat.space),"Mean of the satellite positions in 2008-08-17 to 2010-08-17, ±1 yr of the 2009 USACE NCMP topobathy lidar (CHARTS) (flown 2009-08-10 to 2009-08-24) per CoastSat transect (906 of 906 transects), geolocated as origin + chainage * unit vector and strung into one line in alongshore order. No outlier rejection, no smoothing.",coastsat_mean_shoreline.py,2026-09-29,"Window mean, not a survey. Median 28 positions per transect; see transect_means_2008-08-17_2010-08-17.csv and PROVENANCE.md.",shoreline_mean_2008-08-17_2010-08-17.geojson,transects_100m.geojson,2026-09-29,duneline_to_raw_offsets.py
3,25,7961.57143596129,1,452236.8808640387,3900162.3268999998,Shoreline (CoastSat window mean),2008-08-17/2010-08-17,Landsat 5/7/8 via CoastSat (coastsat.space),"Mean of the satellite positions in 2008-08-17 to 2010-08-17, ±1 yr of the 2009 USACE NCMP topobathy lidar (CHARTS) (flown 2009-08-10 to 2009-08-24) per CoastSat transect (906 of 906 transects), geolocated as origin + chainage * unit vector and strung into one line in alongshore order. No outlier rejection, no smoothing.",coastsat_mean_shoreline.py,2026-09-29,"Window mean, not a survey. Median 28 positions per transect; see transect_means_2008-08-17_2010-08-17.csv and PROVENANCE.md.",shoreline_mean_2008-08-17_2010-08-17.geojson,transects_100m.geojson,2026-09-29,duneline_to_raw_offsets.py
3,26,7940.917256227171,1,452257.53504377283,3900262.3268999998,Shoreline (CoastSat window mean),2008-08-17/2010-08-17,Landsat 5/7/8 via CoastSat (coastsat.space),"Mean of the satellite positions in 2008-08-17 to 2010-08-17, ±1 yr of the 2009 USACE NCMP topobathy lidar (CHARTS) (flown 2009-08-10 to 2009-08-24) per CoastSat transect (906 of 906 transects), geolocated as origin + chainage * unit vector and strung into one line in alongshore order. No outlier rejection, no smoothing.",coastsat_mean_shoreline.py,2026-09-29,"Window mean, not a survey. Median 28 positions per transect; see transect_means_2008-08-17_2010-08-17.csv and PROVENANCE.md.",shoreline_mean_2008-08-17_2010-08-17.geojson,transects_100m.geojson,2026-09-29,duneline_to_raw_offsets.py
4,27,7920.9795618206845,1,452277.4727381793,3900362.3268999998,Shoreline (CoastSat window mean),2008-08-17/2010-08-17,Landsat 5/7/8 via CoastSat (coastsat.space),"Mean of the satellite positions in 2008-08-17 to 2010-08-17, ±1 yr of the 2009 USACE NCMP topobathy lidar (CHARTS) (flown 2009-08-10 to 2009-08-24) per CoastSat transect (906 of 906 transects), geolocated as origin + chainage * unit vector and strung into one line in alongshore order. No outlier rejection, no smoothing.",coastsat_mean_shoreline.py,2026-09-29,"Window mean, not a survey. Median 28 positions per transect; see transect_means_2008-08-17_2010-08-17.csv and PROVENANCE.md.",shoreline_mean_2008-08-17_2010-08-17.geojson,transects_100m.geojson,2026-09-29,duneline_to_raw_offsets.py
4,28,7897.9561604599,1,452300.4961395401,3900462.3268999998,Shoreline (CoastSat window mean),2008-08-17/2010-08-17,Landsat 5/7/8 via CoastSat (coastsat.space),"Mean of the satellite positions in 2008-08-17 to 2010-08-17, ±1 yr of the 2009 USACE NCMP topobathy lidar (CHARTS) (flown 2009-08-10 to 2009-08-24) per CoastSat transect (906 of 906 transects), geolocated as origin + chainage * unit vector and strung into one line in alongshore order. No outlier rejection, no smoothing.",coastsat_mean_shoreline.py,2026-09-29,"Window mean, not a survey. Median 28 positions per transect; see transect_means_2008-08-17_2010-08-17.csv and PROVENANCE.md.",shoreline_mean_2008-08-17_2010-08-17.geojson,transects_100m.geojson,2026-09-29,duneline_to_raw_offsets.py
4,29,7872.8691636413,1,452325.5831363587,3900562.3268999998,Shoreline (CoastSat window mean),2008-08-17/2010-08-17,Landsat 5/7/8 via CoastSat (coastsat.space),"Mean of the satellite positions in 2008-08-17 to 2010-08-17, ±1 yr of the 2009 USACE NCMP topobathy lidar (CHARTS) (flown 2009-08-10 to 2009-08-24) per CoastSat transect (906 of 906 transects), geolocated as origin + chainage * unit vector and strung into one line in alongshore order. No outlier rejection, no smoothing.",coastsat_mean_shoreline.py,2026-09-29,"Window mean, not a survey. Median 28 positions per transect; see transect_means_2008-08-17_2010-08-17.csv and PROVENANCE.md.",shoreline_mean_2008-08-17_2010-08-17.geojson,transects_100m.geojson,2026-09-29,duneline_to_raw_offsets.py
4,30,7851.676565905975,1,452346.77573409403,3900662.3268999998,Shoreline (CoastSat window mean),2008-08-17/2010-08-17,Landsat 5/7/8 via CoastSat (coastsat.space),"Mean of the satellite positions in 2008-08-17 to 2010-08-17, ±1 yr of the 2009 USACE NCMP topobathy lidar (CHARTS) (flown 2009-08-10 to 2009-08-24) per CoastSat transect (906 of 906 transects), geolocated as origin + chainage * unit vector and strung into one line in alongshore order. No outlier rejection, no smoothing.",coastsat_mean_shoreline.py,2026-09-29,"Window mean, not a survey. Median 28 positions per transect; see transect_means_2008-08-17_2010-08-17.csv and PROVENANCE.md.",shoreline_mean_2008-08-17_2010-08-17.geojson,transects_100m.geojson,2026-09-29,duneline_to_raw_offsets.py
4,31,7834.345563931565,1,452364.10673606844,3900762.3268999998,Shoreline (CoastSat window mean),2008-08-17/2010-08-17,Landsat 5/7/8 via CoastSat (coastsat.space),"Mean of the satellite positions in 2008-08-17 to 2010-08-17, ±1 yr of the 2009 USACE NCMP topobathy lidar (CHARTS) (flown 2009-08-10 to 2009-08-24) per CoastSat transect (906 of 906 transects), geolocated as origin + chainage * unit vector and strung into one line in alongshore order. No outlier rejection, no smoothing.",coastsat_mean_shoreline.py,2026-09-29,"Window mean, not a survey. Median 28 positions per transect; see transect_means_2008-08-17_2010-08-17.csv and PROVENANCE.md.",shoreline_mean_2008-08-17_2010-08-17.geojson,transects_100m.geojson,2026-09-29,duneline_to_raw_offsets.py
5,32,7811.772134752419,1,452386.6801652476,3900862.3268999998,Shoreline (CoastSat window mean),2008-08-17/2010-08-17,Landsat 5/7/8 via CoastSat (coastsat.space),"Mean of the satellite positions in 2008-08-17 to 2010-08-17, ±1 yr of the 2009 USACE NCMP topobathy lidar (CHARTS) (flown 2009-08-10 to 2009-08-24) per CoastSat transect (906 of 906 transects), geolocated as origin + chainage * unit vector and strung into one line in alongshore order. No outlier rejection, no smoothing.",coastsat_mean_shoreline.py,2026-09-29,"Window mean, not a survey. Median 28 positions per transect; see transect_means_2008-08-17_2010-08-17.csv and PROVENANCE.md.",shoreline_mean_2008-08-17_2010-08-17.geojson,transects_100m.geojson,2026-09-29,duneline_to_raw_offsets.py
5,33,7783.7315305601805,1,452414.7207694398,3900962.3268999998,Shoreline (CoastSat window mean),2008-08-17/2010-08-17,Landsat 5/7/8 via CoastSat (coastsat.space),"Mean of the satellite positions in 2008-08-17 to 2010-08-17, ±1 yr of the 2009 USACE NCMP topobathy lidar (CHARTS) (flown 2009-08-10 to 2009-08-24) per CoastSat transect (906 of 906 transects), geolocated as origin + chainage * unit vector and strung into one line in alongshore order. No outlier rejection, no smoothing.",coastsat_mean_shoreline.py,2026-09-29,"Window mean, not a survey. Median 28 positions per transect; see transect_means_2008-08-17_2010-08-17.csv and PROVENANCE.md.",shoreline_mean_2008-08-17_2010-08-17.geojson,transects_100m.geojson,2026-09-29,duneline_to_raw_offsets.py
5,34,7747.1654692059965,1,452451.286830794,3901062.3268999998,Shoreline (CoastSat window mean),2008-08-17/2010-08-17,Landsat 5/7/8 via CoastSat (coastsat.space),"Mean of the satellite positions in 2008-08-17 to 2010-08-17, ±1 yr of the 2009 USACE NCMP topobathy lidar (CHARTS) (flown 2009-08-10 to 2009-08-24) per CoastSat transect (906 of 906 transects), geolocated as origin + chainage * unit vector and strung into one line in alongshore order. No outlier rejection, no smoothing.",coastsat_mean_shoreline.py,2026-09-29,"Window mean, not a survey. Median 28 positions per transect; see transect_means_2008-08-17_2010-08-17.csv and PROVENANCE.md.",shoreline_mean_2008-08-17_2010-08-17.geojson,transects_100m.geojson,2026-09-29,duneline_to_raw_offsets.py
5,35,7700.73930397362,1,452497.7129960264,3901162.3268999998,Shoreline (CoastSat window mean),2008-08-17/2010-08-17,Landsat 5/7/8 via CoastSat (coastsat.space),"Mean of the satellite positions in 2008-08-17 to 2010-08-17, ±1 yr of the 2009 USACE NCMP topobathy lidar (CHARTS) (flown 2009-08-10 to 2009-08-24) per CoastSat transect (906 of 906 transects), geolocated as origin + chainage * unit vector and strung into one line in alongshore order. No outlier rejection, no smoothing.",coastsat_mean_shoreline.py,2026-09-29,"Window mean, not a survey. Median 28 positions per transect; see transect_means_2008-08-17_2010-08-17.csv and PROVENANCE.md.",shoreline_mean_2008-08-17_2010-08-17.geojson,transects_100m.geojson,2026-09-29,duneline_to_raw_offsets.py
5,36,7639.372386031668,1,452559.07991396834,3901262.3268999998,Shoreline (CoastSat window mean),2008-08-17/2010-08-17,Landsat 5/7/8 via CoastSat (coastsat.space),"Mean of the satellite positions in 2008-08-17 to 2010-08-17, ±1 yr of the 2009 USACE NCMP topobathy lidar (CHARTS) (flown 2009-08-10 to 2009-08-24) per CoastSat transect (906 of 906 transects), geolocated as origin + chainage * unit vector and strung into one line in alongshore order. No outlier rejection, no smoothing.",coastsat_mean_shoreline.py,2026-09-29,"Window mean, not a survey. Median 28 positions per transect; see transect_means_2008-08-17_2010-08-17.csv and PROVENANCE.md.",shoreline_mean_2008-08-17_2010-08-17.geojson,transects_100m.geojson,2026-09-29,duneline_to_raw_offsets.py
6,37,7569.63151261903,1,452628.820787381,3901362.3268999998,Shoreline (CoastSat window mean),2008-08-17/2010-08-17,Landsat 5/7/8 via CoastSat (coastsat.space),"Mean of the satellite positions in 2008-08-17 to 2010-08-17, ±1 yr of the 2009 USACE NCMP topobathy lidar (CHARTS) (flown 2009-08-10 to 2009-08-24) per CoastSat transect (906 of 906 transects), geolocated as origin + chainage * unit vector and strung into one line in alongshore order. No outlier rejection, no smoothing.",coastsat_mean_shoreline.py,2026-09-29,"Window mean, not a survey. Median 28 positions per transect; see transect_means_2008-08-17_2010-08-17.csv and PROVENANCE.md.",shoreline_mean_2008-08-17_2010-08-17.geojson,transects_100m.geojson,2026-09-29,duneline_to_raw_offsets.py
6,38,7504.619078449498,1,452693.8332215505,3901462.3268999998,Shoreline (CoastSat window mean),2008-08-17/2010-08-17,Landsat 5/7/8 via CoastSat (coastsat.space),"Mean of the satellite positions in 2008-08-17 to 2010-08-17, ±1 yr of the 2009 USACE NCMP topobathy lidar (CHARTS) (flown 2009-08-10 to 2009-08-24) per CoastSat transect (906 of 906 transects), geolocated as origin + chainage * unit vector and strung into one line in alongshore order. No outlier rejection, no smoothing.",coastsat_mean_shoreline.py,2026-09-29,"Window mean, not a survey. Median 28 positions per transect; see transect_means_2008-08-17_2010-08-17.csv and PROVENANCE.md.",shoreline_mean_2008-08-17_2010-08-17.geojson,transects_100m.geojson,2026-09-29,duneline_to_raw_offsets.py
6,39,7475.8129551094025,1,452722.6393448906,3901562.3268999998,Shoreline (CoastSat window mean),2008-08-17/2010-08-17,Landsat 5/7/8 via CoastSat (coastsat.space),"Mean of the satellite positions in 2008-08-17 to 2010-08-17, ±1 yr of the 2009 USACE NCMP topobathy lidar (CHARTS) (flown 2009-08-10 to 2009-08-24) per CoastSat transect (906 of 906 transects), geolocated as origin + chainage * unit vector and strung into one line in alongshore order. No outlier rejection, no smoothing.",coastsat_mean_shoreline.py,2026-09-29,"Window mean, not a survey. Median 28 positions per transect; see transect_means_2008-08-17_2010-08-17.csv and PROVENANCE.md.",shoreline_mean_2008-08-17_2010-08-17.geojson,transects_100m.geojson,2026-09-29,duneline_to_raw_offsets.py
6,40,7458.424547673202,1,452740.0277523268,3901662.3268999998,Shoreline (CoastSat window mean),2008-08-17/2010-08-17,Landsat 5/7/8 via CoastSat (coastsat.space),"Mean of the satellite positions in 2008-08-17 to 2010-08-17, ±1 yr of the 2009 USACE NCMP topobathy lidar (CHARTS) (flown 2009-08-10 to 2009-08-24) per CoastSat transect (906 of 906 transects), geolocated as origin + chainage * unit vector and strung into one line in alongshore order. No outlier rejection, no smoothing.",coastsat_mean_shoreline.py,2026-09-29,"Window mean, not a survey. Median 28 positions per transect; see transect_means_2008-08-17_2010-08-17.csv and PROVENANCE.md.",shoreline_mean_2008-08-17_2010-08-17.geojson,transects_100m.geojson,2026-09-29,duneline_to_raw_offsets.py
6,41,7447.91247829271,1,452750.5398217073,3901762.3268999998,Shoreline (CoastSat window mean),2008-08-17/2010-08-17,Landsat 5/7/8 via CoastSat (coastsat.space),"Mean of the satellite positions in 2008-08-17 to 2010-08-17, ±1 yr of the 2009 USACE NCMP topobathy lidar (CHARTS) (flown 2009-08-10 to 2009-08-24) per CoastSat transect (906 of 906 transects), geolocated as origin + chainage * unit vector and strung into one line in alongshore order. No outlier rejection, no smoothing.",coastsat_mean_shoreline.py,2026-09-29,"Window mean, not a survey. Median 28 positions per transect; see transect_means_2008-08-17_2010-08-17.csv and PROVENANCE.md.",shoreline_mean_2008-08-17_2010-08-17.geojson,transects_100m.geojson,2026-09-29,duneline_to_raw_offsets.py
7,42,7440.877600108448,1,452757.57469989156,3901862.3268999998,Shoreline (CoastSat window mean),2008-08-17/2010-08-17,Landsat 5/7/8 via CoastSat (coastsat.space),"Mean of the satellite positions in 2008-08-17 to 2010-08-17, ±1 yr of the 2009 USACE NCMP topobathy lidar (CHARTS) (flown 2009-08-10 to 2009-08-24) per CoastSat transect (906 of 906 transects), geolocated as origin + chainage * unit vector and strung into one line in alongshore order. No outlier rejection, no smoothing.",coastsat_mean_shoreline.py,2026-09-29,"Window mean, not a survey. Median 28 positions per transect; see transect_means_2008-08-17_2010-08-17.csv and PROVENANCE.md.",shoreline_mean_2008-08-17_2010-08-17.geojson,transects_100m.geojson,2026-09-29,duneline_to_raw_offsets.py
7,43,7432.752372877324,1,452765.6999271227,3901962.3268999998,Shoreline (CoastSat window mean),2008-08-17/2010-08-17,Landsat 5/7/8 via CoastSat (coastsat.space),"Mean of the satellite positions in 2008-08-17 to 2010-08-17, ±1 yr of the 2009 USACE NCMP topobathy lidar (CHARTS) (flown 2009-08-10 to 2009-08-24) per CoastSat transect (906 of 906 transects), geolocated as origin + chainage * unit vector and strung into one line in alongshore order. No outlier rejection, no smoothing.",coastsat_mean_shoreline.py,2026-09-29,"Window mean, not a survey. Median 28 positions per transect; see transect_means_2008-08-17_2010-08-17.csv and PROVENANCE.md.",shoreline_mean_2008-08-17_2010-08-17.geojson,transects_100m.geojson,2026-09-29,duneline_to_raw_offsets.py
7,44,7423.890989464241,1,452774.56131053576,3902062.3268999998,Shoreline (CoastSat window mean),2008-08-17/2010-08-17,Landsat 5/7/8 via CoastSat (coastsat.space),"Mean of the satellite positions in 2008-08-17 to 2010-08-17, ±1 yr of the 2009 USACE NCMP topobathy lidar (CHARTS) (flown 2009-08-10 to 2009-08-24) per CoastSat transect (906 of 906 transects), geolocated as origin + chainage * unit vector and strung into one line in alongshore order. No outlier rejection, no smoothing.",coastsat_mean_shoreline.py,2026-09-29,"Window mean, not a survey. Median 28 positions per transect; see transect_means_2008-08-17_2010-08-17.csv and PROVENANCE.md.",shoreline_mean_2008-08-17_2010-08-17.geojson,transects_100m.geojson,2026-09-29,duneline_to_raw_offsets.py
7,45,7415.296291384321,1,452783.1560086157,3902162.3268999998,Shoreline (CoastSat window mean),2008-08-17/2010-08-17,Landsat 5/7/8 via CoastSat (coastsat.space),"Mean of the satellite positions in 2008-08-17 to 2010-08-17, ±1 yr of the 2009 USACE NCMP topobathy lidar (CHARTS) (flown 2009-08-10 to 2009-08-24) per CoastSat transect (906 of 906 transects), geolocated as origin + chainage * unit vector and strung into one line in alongshore order. No outlier rejection, no smoothing.",coastsat_mean_shoreline.py,2026-09-29,"Window mean, not a survey. Median 28 positions per transect; see transect_means_2008-08-17_2010-08-17.csv and PROVENANCE.md.",shoreline_mean_2008-08-17_2010-08-17.geojson,transects_100m.geojson,2026-09-29,duneline_to_raw_offsets.py
7,46,7403.845200584037,1,452794.60709941597,3902262.3268999998,Shoreline (CoastSat window mean),2008-08-17/2010-08-17,Landsat 5/7/8 via CoastSat (coastsat.space),"Mean of the satellite positions in 2008-08-17 to 2010-08-17, ±1 yr of the 2009 USACE NCMP topobathy lidar (CHARTS) (flown 2009-08-10 to 2009-08-24) per CoastSat transect (906 of 906 transects), geolocated as origin + chainage * unit vector and strung into one line in alongshore order. No outlier rejection, no smoothing.",coastsat_mean_shoreline.py,2026-09-29,"Window mean, not a survey. Median 28 positions per transect; see transect_means_2008-08-17_2010-08-17.csv and PROVENANCE.md.",shoreline_mean_2008-08-17_2010-08-17.geojson,transects_100m.geojson,2026-09-29,duneline_to_raw_offsets.py
8,47,7387.206643926154,1,452811.24565607385,3902362.3268999998,Shoreline (CoastSat window mean),2008-08-17/2010-08-17,Landsat 5/7/8 via CoastSat (coastsat.space),"Mean of the satellite positions in 2008-08-17 to 2010-08-17, ±1 yr of the 2009 USACE NCMP topobathy lidar (CHARTS) (flown 2009-08-10 to 2009-08-24) per CoastSat transect (906 of 906 transects), geolocated as origin + chainage * unit vector and strung into one line in alongshore order. No outlier rejection, no smoothing.",coastsat_mean_shoreline.py,2026-09-29,"Window mean, not a survey. Median 28 positions per transect; see transect_means_2008-08-17_2010-08-17.csv and PROVENANCE.md.",shoreline_mean_2008-08-17_2010-08-17.geojson,transects_100m.geojson,2026-09-29,duneline_to_raw_offsets.py
8,48,7371.244112587359,1,452827.20818741265,3902462.3268999998,Shoreline (CoastSat window mean),2008-08-17/2010-08-17,Landsat 5/7/8 via CoastSat (coastsat.space),"Mean of the satellite positions in 2008-08-17 to 2010-08-17, ±1 yr of the 2009 USACE NCMP topobathy lidar (CHARTS) (flown 2009-08-10 to 2009-08-24) per CoastSat transect (906 of 906 transects), geolocated as origin + chainage * unit vector and strung into one line in alongshore order. No outlier rejection, no smoothing.",coastsat_mean_shoreline.py,2026-09-29,"Window mean, not a survey. Median 28 positions per transect; see transect_means_2008-08-17_2010-08-17.csv and PROVENANCE.md.",shoreline_mean_2008-08-17_2010-08-17.geojson,transects_100m.geojson,2026-09-29,duneline_to_raw_offsets.py
8,49,7360.720558184606,1,452837.7317418154,3902562.3268999998,Shoreline (CoastSat window mean),2008-08-17/2010-08-17,Landsat 5/7/8 via CoastSat (coastsat.space),"Mean of the satellite positions in 2008-08-17 to 2010-08-17, ±1 yr of the 2009 USACE NCMP topobathy lidar (CHARTS) (flown 2009-08-10 to 2009-08-24) per CoastSat transect (906 of 906 transects), geolocated as origin + chainage * unit vector and strung into one line in alongshore order. No outlier rejection, no smoothing.",coastsat_mean_shoreline.py,2026-09-29,"Window mean, not a survey. Median 28 positions per transect; see transect_means_2008-08-17_2010-08-17.csv and PROVENANCE.md.",shoreline_mean_2008-08-17_2010-08-17.geojson,transects_100m.geojson,2026-09-29,duneline_to_raw_offsets.py
8,50,7350.605285851576,1,452847.8470141484,3902662.3268999998,Shoreline (CoastSat window mean),2008-08-17/2010-08-17,Landsat 5/7/8 via CoastSat (coastsat.space),"Mean of the satellite positions in 2008-08-17 to 2010-08-17, ±1 yr of the 2009 USACE NCMP topobathy lidar (CHARTS) (flown 2009-08-10 to 2009-08-24) per CoastSat transect (906 of 906 transects), geolocated as origin + chainage * unit vector and strung into one line in alongshore order. No outlier rejection, no smoothing.",coastsat_mean_shoreline.py,2026-09-29,"Window mean, not a survey. Median 28 positions per transect; see transect_means_2008-08-17_2010-08-17.csv and PROVENANCE.md.",shoreline_mean_2008-08-17_2010-08-17.geojson,transects_100m.geojson,2026-09-29,duneline_to_raw_offsets.py
8,51,7340.95029603783,1,452857.5020039622,3902762.3268999998,Shoreline (CoastSat window mean),2008-08-17/2010-08-17,Landsat 5/7/8 via CoastSat (coastsat.space),"Mean of the satellite positions in 2008-08-17 to 2010-08-17, ±1 yr of the 2009 USACE NCMP topobathy lidar (CHARTS) (flown 2009-08-10 to 2009-08-24) per CoastSat transect (906 of 906 transects), geolocated as origin + chainage * unit vector and strung into one line in alongshore order. No outlier rejection, no smoothing.",coastsat_mean_shoreline.py,2026-09-29,"Window mean, not a survey. Median 28 positions per transect; see transect_means_2008-08-17_2010-08-17.csv and PROVENANCE.md.",shoreline_mean_2008-08-17_2010-08-17.geojson,transects_100m.geojson,2026-09-29,duneline_to_raw_offsets.py
9,52,7335.289993240965,1,452863.16230675904,3902862.3268999998,Shoreline (CoastSat window mean),2008-08-17/2010-08-17,Landsat 5/7/8 via CoastSat (coastsat.space),"Mean of the satellite positions in 2008-08-17 to 2010-08-17, ±1 yr of the 2009 USACE NCMP topobathy lidar (CHARTS) (flown 2009-08-10 to 2009-08-24) per CoastSat transect (906 of 906 transects), geolocated as origin + chainage * unit vector and strung into one line in alongshore order. No outlier rejection, no smoothing.",coastsat_mean_shoreline.py,2026-09-29,"Window mean, not a survey. Median 28 positions per transect; see transect_means_2008-08-17_2010-08-17.csv and PROVENANCE.md.",shoreline_mean_2008-08-17_2010-08-17.geojson,transects_100m.geojson,2026-09-29,duneline_to_raw_offsets.py
9,53,7322.999336908688,1,452875.4529630913,3902962.3268999998,Shoreline (CoastSat window mean),2008-08-17/2010-08-17,Landsat 5/7/8 via CoastSat (coastsat.space),"Mean of the satellite positions in 2008-08-17 to 2010-08-17, ±1 yr of the 2009 USACE NCMP topobathy lidar (CHARTS) (flown 2009-08-10 to 2009-08-24) per CoastSat transect (906 of 906 transects), geolocated as origin + chainage * unit vector and strung into one line in alongshore order. No outlier rejection, no smoothing.",coastsat_mean_shoreline.py,2026-09-29,"Window mean, not a survey. Median 28 positions per transect; see transect_means_2008-08-17_2010-08-17.csv and PROVENANCE.md.",shoreline_mean_2008-08-17_2010-08-17.geojson,transects_100m.geojson,2026-09-29,duneline_to_raw_offsets.py
9,54,7306.873967915074,1,452891.57833208493,3903062.3268999998,Shoreline (CoastSat window mean),2008-08-17/2010-08-17,Landsat 5/7/8 via CoastSat (coastsat.space),"Mean of the satellite positions in 2008-08-17 to 2010-08-17, ±1 yr of the 2009 USACE NCMP topobathy lidar (CHARTS) (flown 2009-08-10 to 2009-08-24) per CoastSat transect (906 of 906 transects), geolocated as origin + chainage * unit vector and strung into one line in alongshore order. No outlier rejection, no smoothing.",coastsat_mean_shoreline.py,2026-09-29,"Window mean, not a survey. Median 28 positions per transect; see transect_means_2008-08-17_2010-08-17.csv and PROVENANCE.md.",shoreline_mean_2008-08-17_2010-08-17.geojson,transects_100m.geojson,2026-09-29,duneline_to_raw_offsets.py
9,55,7293.43053546123,1,452905.0217645388,3903162.3268999998,Shoreline (CoastSat window mean),2008-08-17/2010-08-17,Landsat 5/7/8 via CoastSat (coastsat.space),"Mean of the satellite positions in 2008-08-17 to 2010-08-17, ±1 yr of the 2009 USACE NCMP topobathy lidar (CHARTS) (flown 2009-08-10 to 2009-08-24) per CoastSat transect (906 of 906 transects), geolocated as origin + chainage * unit vector and strung into one line in alongshore order. No outlier rejection, no smoothing.",coastsat_mean_shoreline.py,2026-09-29,"Window mean, not a survey. Median 28 positions per transect; see transect_means_2008-08-17_2010-08-17.csv and PROVENANCE.md.",shoreline_mean_2008-08-17_2010-08-17.geojson,transects_100m.geojson,2026-09-29,duneline_to_raw_offsets.py
9,56,7282.093513141853,1,452916.35878685815,3903262.3268999998,Shoreline (CoastSat window mean),2008-08-17/2010-08-17,Landsat 5/7/8 via CoastSat (coastsat.space),"Mean of the satellite positions in 2008-08-17 to 2010-08-17, ±1 yr of the 2009 USACE NCMP topobathy lidar (CHARTS) (flown 2009-08-10 to 2009-08-24) per CoastSat transect (906 of 906 transects), geolocated as origin + chainage * unit vector and strung into one line in alongshore order. No outlier rejection, no smoothing.",coastsat_mean_shoreline.py,2026-09-29,"Window mean, not a survey. Median 28 positions per transect; see transect_means_2008-08-17_2010-08-17.csv and PROVENANCE.md.",shoreline_mean_2008-08-17_2010-08-17.geojson,transects_100m.geojson,2026-09-29,duneline_to_raw_offsets.py
10,57,7272.814630821231,1,452925.6376691788,3903362.3268999998,Shoreline (CoastSat window mean),2008-08-17/2010-08-17,Landsat 5/7/8 via CoastSat (coastsat.space),"Mean of the satellite positions in 2008-08-17 to 2010-08-17, ±1 yr of the 2009 USACE NCMP topobathy lidar (CHARTS) (flown 2009-08-10 to 2009-08-24) per CoastSat transect (906 of 906 transects), geolocated as origin + chainage * unit vector and strung into one line in alongshore order. No outlier rejection, no smoothing.",coastsat_mean_shoreline.py,2026-09-29,"Window mean, not a survey. Median 28 positions per transect; see transect_means_2008-08-17_2010-08-17.csv and PROVENANCE.md.",shoreline_mean_2008-08-17_2010-08-17.geojson,transects_100m.geojson,2026-09-29,duneline_to_raw_offsets.py
10,58,7257.737998002908,1,452940.7143019971,3903462.3268999998,Shoreline (CoastSat window mean),2008-08-17/2010-08-17,Landsat 5/7/8 via CoastSat (coastsat.space),"Mean of the satellite positions in 2008-08-17 to 2010-08-17, ±1 yr of the 2009 USACE NCMP topobathy lidar (CHARTS) (flown 2009-08-10 to 2009-08-24) per CoastSat transect (906 of 906 transects), geolocated as origin + chainage * unit vector and strung into one line in alongshore order. No outlier rejection, no smoothing.",coastsat_mean_shoreline.py,2026-09-29,"Window mean, not a survey. Median 28 positions per transect; see transect_means_2008-08-17_2010-08-17.csv and PROVENANCE.md.",shoreline_mean_2008-08-17_2010-08-17.geojson,transects_100m.geojson,2026-09-29,duneline_to_raw_offsets.py
10,59,7244.3499884842895,1,452954.1023115157,3903562.3268999998,Shoreline (CoastSat window mean),2008-08-17/2010-08-17,Landsat 5/7/8 via CoastSat (coastsat.space),"Mean of the satellite positions in 2008-08-17 to 2010-08-17, ±1 yr of the 2009 USACE NCMP topobathy lidar (CHARTS) (flown 2009-08-10 to 2009-08-24) per CoastSat transect (906 of 906 transects), geolocated as origin + chainage * unit vector and strung into one line in alongshore order. No outlier rejection, no smoothing.",coastsat_mean_shoreline.py,2026-09-29,"Window mean, not a survey. Median 28 positions per transect; see transect_means_2008-08-17_2010-08-17.csv and PROVENANCE.md.",shoreline_mean_2008-08-17_2010-08-17.geojson,transects_100m.geojson,2026-09-29,duneline_to_raw_offsets.py
10,60,7231.234428202733,1,452967.2178717973,3903662.3268999998,Shoreline (CoastSat window mean),2008-08-17/2010-08-17,Landsat 5/7/8 via CoastSat (coastsat.space),"Mean of the satellite positions in 2008-08-17 to 2010-08-17, ±1 yr of the 2009 USACE NCMP topobathy lidar (CHARTS) (flown 2009-08-10 to 2009-08-24) per CoastSat transect (906 of 906 transects), geolocated as origin + chainage * unit vector and strung into one line in alongshore order. No outlier rejection, no smoothing.",coastsat_mean_shoreline.py,2026-09-29,"Window mean, not a survey. Median 28 positions per transect; see transect_means_2008-08-17_2010-08-17.csv and PROVENANCE.md.",shoreline_mean_2008-08-17_2010-08-17.geojson,transects_100m.geojson,2026-09-29,duneline_to_raw_offsets.py
10,61,7217.072835191793,1,452981.3794648082,3903762.3268999998,Shoreline (CoastSat window mean),2008-08-17/2010-08-17,Landsat 5/7/8 via CoastSat (coastsat.space),"Mean of the satellite positions in 2008-08-17 to 2010-08-17, ±1 yr of the 2009 USACE NCMP topobathy lidar (CHARTS) (flown 2009-08-10 to 2009-08-24) per CoastSat transect (906 of 906 transects), geolocated as origin + chainage * unit vector and strung into one line in alongshore order. No outlier rejection, no smoothing.",coastsat_mean_shoreline.py,2026-09-29,"Window mean, not a survey. Median 28 positions per transect; see transect_means_2008-08-17_2010-08-17.csv and PROVENANCE.md.",shoreline_mean_2008-08-17_2010-08-17.geojson,transects_100m.geojson,2026-09-29,duneline_to_raw_offsets.py
11,62,7206.183837854594,1,452992.2684621454,3903862.3268999998,Shoreline (CoastSat window mean),2008-08-17/2010-08-17,Landsat 5/7/8 via CoastSat (coastsat.space),"Mean of the satellite positions in 2008-08-17 to 2010-08-17, ±1 yr of the 2009 USACE NCMP topobathy lidar (CHARTS) (flown 2009-08-10 to 2009-08-24) per CoastSat transect (906 of 906 transects), geolocated as origin + chainage * unit vector and strung into one line in alongshore order. No outlier rejection, no smoothing.",coastsat_mean_shoreline.py,2026-09-29,"Window mean, not a survey. Median 28 positions per transect; see transect_means_2008-08-17_2010-08-17.csv and PROVENANCE.md.",shoreline_mean_2008-08-17_2010-08-17.geojson,transects_100m.geojson,2026-09-29,duneline_to_raw_offsets.py
11,63,7189.527943740366,1,453008.92435625964,3903962.3268999998,Shoreline (CoastSat window mean),2008-08-17/2010-08-17,Landsat 5/7/8 via CoastSat (coastsat.space),"Mean of the satellite positions in 2008-08-17 to 2010-08-17, ±1 yr of the 2009 USACE NCMP topobathy lidar (CHARTS) (flown 2009-08-10 to 2009-08-24) per CoastSat transect (906 of 906 transects), geolocated as origin + chainage * unit vector and strung into one line in alongshore order. No outlier rejection, no smoothing.",coastsat_mean_shoreline.py,2026-09-29,"Window mean, not a survey. Median 28 positions per transect; see transect_means_2008-08-17_2010-08-17.csv and PROVENANCE.md.",shoreline_mean_2008-08-17_2010-08-17.geojson,transects_100m.geojson,2026-09-29,duneline_to_raw_offsets.py
11,64,7172.5696122170775,1,453025.8826877829,3904062.3268999998,Shoreline (CoastSat window mean),2008-08-17/2010-08-17,Landsat 5/7/8 via CoastSat (coastsat.space),"Mean of the satellite positions in 2008-08-17 to 2010-08-17, ±1 yr of the 2009 USACE NCMP topobathy lidar (CHARTS) (flown 2009-08-10 to 2009-08-24) per CoastSat transect (906 of 906 transects), geolocated as origin + chainage * unit vector and strung into one line in alongshore order. No outlier rejection, no smoothing.",coastsat_mean_shoreline.py,2026-09-29,"Window mean, not a survey. Median 28 positions per transect; see transect_means_2008-08-17_2010-08-17.csv and PROVENANCE.md.",shoreline_mean_2008-08-17_2010-08-17.geojson,transects_100m.geojson,2026-09-29,duneline_to_raw_offsets.py
11,65,7155.491998474055,1,453042.96030152595,3904162.3268999998,Shoreline (CoastSat window mean),2008-08-17/2010-08-17,Landsat 5/7/8 via CoastSat (coastsat.space),"Mean of the satellite positions in 2008-08-17 to 2010-08-17, ±1 yr of the 2009 USACE NCMP topobathy lidar (CHARTS) (flown 2009-08-10 to 2009-08-24) per CoastSat transect (906 of 906 transects), geolocated as origin + chainage * unit vector and strung into one line in alongshore order. No outlier rejection, no smoothing.",coastsat_mean_shoreline.py,2026-09-29,"Window mean, not a survey. Median 28 positions per transect; see transect_means_2008-08-17_2010-08-17.csv and PROVENANCE.md.",shoreline_mean_2008-08-17_2010-08-17.geojson,transects_100m.geojson,2026-09-29,duneline_to_raw_offsets.py
11,66,7142.435747202951,1,453056.01655279705,3904262.3268999998,Shoreline (CoastSat window mean),2008-08-17/2010-08-17,Landsat 5/7/8 via CoastSat (coastsat.space),"Mean of the satellite positions in 2008-08-17 to 2010-08-17, ±1 yr of the 2009 USACE NCMP topobathy lidar (CHARTS) (flown 2009-08-10 to 2009-08-24) per CoastSat transect (906 of 906 transects), geolocated as origin + chainage * unit vector and strung into one line in alongshore order. No outlier rejection, no smoothing.",coastsat_mean_shoreline.py,2026-09-29,"Window mean, not a survey. Median 28 positions per transect; see transect_means_2008-08-17_2010-08-17.csv and PROVENANCE.md.",shoreline_mean_2008-08-17_2010-08-17.geojson,transects_100m.geojson,2026-09-29,duneline_to_raw_offsets.py
12,67,7128.540947139728,1,453069.9113528603,3904362.3268999998,Shoreline (CoastSat window mean),2008-08-17/2010-08-17,Landsat 5/7/8 via CoastSat (coastsat.space),"Mean of the satellite positions in 2008-08-17 to 2010-08-17, ±1 yr of the 2009 USACE NCMP topobathy lidar (CHARTS) (flown 2009-08-10 to 2009-08-24) per CoastSat transect (906 of 906 transects), geolocated as origin + chainage * unit vector and strung into one line in alongshore order. No outlier rejection, no smoothing.",coastsat_mean_shoreline.py,2026-09-29,"Window mean, not a survey. Median 28 positions per transect; see transect_means_2008-08-17_2010-08-17.csv and PROVENANCE.md.",shoreline_mean_2008-08-17_2010-08-17.geojson,transects_100m.geojson,2026-09-29,duneline_to_raw_offsets.py
12,68,7111.067454192263,1,453087.38484580774,3904462.3268999998,Shoreline (CoastSat window mean),2008-08-17/2010-08-17,Landsat 5/7/8 via CoastSat (coastsat.space),"Mean of the satellite positions in 2008-08-17 to 2010-08-17, ±1 yr of the 2009 USACE NCMP topobathy lidar (CHARTS) (flown 2009-08-10 to 2009-08-24) per CoastSat transect (906 of 906 transects), geolocated as origin + chainage * unit vector and strung into one line in alongshore order. No outlier rejection, no smoothing.",coastsat_mean_shoreline.py,2026-09-29,"Window mean, not a survey. Median 28 positions per transect; see transect_means_2008-08-17_2010-08-17.csv and PROVENANCE.md.",shoreline_mean_2008-08-17_2010-08-17.geojson,transects_100m.geojson,2026-09-29,duneline_to_raw_offsets.py
12,69,7094.4073821307975,1,453104.0449178692,3904562.3268999998,Shoreline (CoastSat window mean),2008-08-17/2010-08-17,Landsat 5/7/8 via CoastSat (coastsat.space),"Mean of the satellite positions in 2008-08-17 to 2010-08-17, ±1 yr of the 2009 USACE NCMP topobathy lidar (CHARTS) (flown 2009-08-10 to 2009-08-24) per CoastSat transect (906 of 906 transects), geolocated as origin + chainage * unit vector and strung into one line in alongshore order. No outlier rejection, no smoothing.",coastsat_mean_shoreline.py,2026-09-29,"Window mean, not a survey. Median 28 positions per transect; see transect_means_2008-08-17_2010-08-17.csv and PROVENANCE.md.",shoreline_mean_2008-08-17_2010-08-17.geojson,transects_100m.geojson,2026-09-29,duneline_to_raw_offsets.py
12,70,7077.680645588669,1,453120.77165441134,3904662.3268999998,Shoreline (CoastSat window mean),2008-08-17/2010-08-17,Landsat 5/7/8 via CoastSat (coastsat.space),"Mean of the satellite positions in 2008-08-17 to 2010-08-17, ±1 yr of the 2009 USACE NCMP topobathy lidar (CHARTS) (flown 2009-08-10 to 2009-08-24) per CoastSat transect (906 of 906 transects), geolocated as origin + chainage * unit vector and strung into one line in alongshore order. No outlier rejection, no smoothing.",coastsat_mean_shoreline.py,2026-09-29,"Window mean, not a survey. Median 28 positions per transect; see transect_means_2008-08-17_2010-08-17.csv and PROVENANCE.md.",shoreline_mean_2008-08-17_2010-08-17.geojson,transects_100m.geojson,2026-09-29,duneline_to_raw_offsets.py
12,71,7058.574630639049,1,453139.87766936095,3904762.3268999998,Shoreline (CoastSat window mean),2008-08-17/2010-08-17,Landsat 5/7/8 via CoastSat (coastsat.space),"Mean of the satellite positions in 2008-08-17 to 2010-08-17, ±1 yr of the 2009 USACE NCMP topobathy lidar (CHARTS) (flown 2009-08-10 to 2009-08-24) per CoastSat transect (906 of 906 transects), geolocated as origin + chainage * unit vector and strung into one line in alongshore order. No outlier rejection, no smoothing.",coastsat_mean_shoreline.py,2026-09-29,"Window mean, not a survey. Median 28 positions per transect; see transect_means_2008-08-17_2010-08-17.csv and PROVENANCE.md.",shoreline_mean_2008-08-17_2010-08-17.geojson,transects_100m.geojson,2026-09-29,duneline_to_raw_offsets.py
13,72,7038.238564795698,1,453160.2137352043,3904862.3268999998,Shoreline (CoastSat window mean),2008-08-17/2010-08-17,Landsat 5/7/8 via CoastSat (coastsat.space),"Mean of the satellite positions in 2008-08-17 to 2010-08-17, ±1 yr of the 2009 USACE NCMP topobathy lidar (CHARTS) (flown 2009-08-10 to 2009-08-24) per CoastSat transect (906 of 906 transects), geolocated as origin + chainage * unit vector and strung into one line in alongshore order. No outlier rejection, no smoothing.",coastsat_mean_shoreline.py,2026-09-29,"Window mean, not a survey. Median 28 positions per transect; see transect_means_2008-08-17_2010-08-17.csv and PROVENANCE.md.",shoreline_mean_2008-08-17_2010-08-17.geojson,transects_100m.geojson,2026-09-29,duneline_to_raw_offsets.py
13,73,7019.5139497211785,1,453178.9383502788,3904962.3268999998,Shoreline (CoastSat window mean),2008-08-17/2010-08-17,Landsat 5/7/8 via CoastSat (coastsat.space),"Mean of the satellite positions in 2008-08-17 to 2010-08-17, ±1 yr of the 2009 USACE NCMP topobathy lidar (CHARTS) (flown 2009-08-10 to 2009-08-24) per CoastSat transect (906 of 906 transects), geolocated as origin + chainage * unit vector and strung into one line in alongshore order. No outlier rejection, no smoothing.",coastsat_mean_shoreline.py,2026-09-29,"Window mean, not a survey. Median 28 positions per transect; see transect_means_2008-08-17_2010-08-17.csv and PROVENANCE.md.",shoreline_mean_2008-08-17_2010-08-17.geojson,transects_100m.geojson,2026-09-29,duneline_to_raw_offsets.py
13,74,6999.306328615814,1,453199.1459713842,3905062.3268999998,Shoreline (CoastSat window mean),2008-08-17/2010-08-17,Landsat 5/7/8 via CoastSat (coastsat.space),"Mean of the satellite positions in 2008-08-17 to 2010-08-17, ±1 yr of the 2009 USACE NCMP topobathy lidar (CHARTS) (flown 2009-08-10 to 2009-08-24) per CoastSat transect (906 of 906 transects), geolocated as origin + chainage * unit vector and strung into one line in alongshore order. No outlier rejection, no smoothing.",coastsat_mean_shoreline.py,2026-09-29,"Window mean, not a survey. Median 28 positions per transect; see transect_means_2008-08-17_2010-08-17.csv and PROVENANCE.md.",shoreline_mean_2008-08-17_2010-08-17.geojson,transects_100m.geojson,2026-09-29,duneline_to_raw_offsets.py
13,75,6977.941014908021,1,453220.511285092,3905162.3268999998,Shoreline (CoastSat window mean),2008-08-17/2010-08-17,Landsat 5/7/8 via CoastSat (coastsat.space),"Mean of the satellite positions in 2008-08-17 to 2010-08-17, ±1 yr of the 2009 USACE NCMP topobathy lidar (CHARTS) (flown 2009-08-10 to 2009-08-24) per CoastSat transect (906 of 906 transects), geolocated as origin + chainage * unit vector and strung into one line in alongshore order. No outlier rejection, no smoothing.",coastsat_mean_shoreline.py,2026-09-29,"Window mean, not a survey. Median 28 positions per transect; see transect_means_2008-08-17_2010-08-17.csv and PROVENANCE.md.",shoreline_mean_2008-08-17_2010-08-17.geojson,transects_100m.geojson,2026-09-29,duneline_to_raw_offsets.py
13,76,6956.411576666287,1,453242.0407233337,3905262.3268999998,Shoreline (CoastSat window mean),2008-08-17/2010-08-17,Landsat 5/7/8 via CoastSat (coastsat.space),"Mean of the satellite positions in 2008-08-17 to 2010-08-17, ±1 yr of the 2009 USACE NCMP topobathy lidar (CHARTS) (flown 2009-08-10 to 2009-08-24) per CoastSat transect (906 of 906 transects), geolocated as origin + chainage * unit vector and strung into one line in alongshore order. No outlier rejection, no smoothing.",coastsat_mean_shoreline.py,2026-09-29,"Window mean, not a survey. Median 28 positions per transect; see transect_means_2008-08-17_2010-08-17.csv and PROVENANCE.md.",shoreline_mean_2008-08-17_2010-08-17.geojson,transects_100m.geojson,2026-09-29,duneline_to_raw_offsets.py
14,77,6936.749588642734,1,453261.70271135727,3905362.3268999998,Shoreline (CoastSat window mean),2008-08-17/2010-08-17,Landsat 5/7/8 via CoastSat (coastsat.space),"Mean of the satellite positions in 2008-08-17 to 2010-08-17, ±1 yr of the 2009 USACE NCMP topobathy lidar (CHARTS) (flown 2009-08-10 to 2009-08-24) per CoastSat transect (906 of 906 transects), geolocated as origin + chainage * unit vector and strung into one line in alongshore order. No outlier rejection, no smoothing.",coastsat_mean_shoreline.py,2026-09-29,"Window mean, not a survey. Median 28 positions per transect; see transect_means_2008-08-17_2010-08-17.csv and PROVENANCE.md.",shoreline_mean_2008-08-17_2010-08-17.geojson,transects_100m.geojson,2026-09-29,duneline_to_raw_offsets.py
14,78,6912.538894204947,1,453285.91340579506,3905462.3268999998,Shoreline (CoastSat window mean),2008-08-17/2010-08-17,Landsat 5/7/8 via CoastSat (coastsat.space),"Mean of the satellite positions in 2008-08-17 to 2010-08-17, ±1 yr of the 2009 USACE NCMP topobathy lidar (CHARTS) (flown 2009-08-10 to 2009-08-24) per CoastSat transect (906 of 906 transects), geolocated as origin + chainage * unit vector and strung into one line in alongshore order. No outlier rejection, no smoothing.",coastsat_mean_shoreline.py,2026-09-29,"Window mean, not a survey. Median 28 positions per transect; see transect_means_2008-08-17_2010-08-17.csv and PROVENANCE.md.",shoreline_mean_2008-08-17_2010-08-17.geojson,transects_100m.geojson,2026-09-29,duneline_to_raw_offsets.py
14,79,6889.40089824982,1,453309.0514017502,3905562.3268999998,Shoreline (CoastSat window mean),2008-08-17/2010-08-17,Landsat 5/7/8 via CoastSat (coastsat.space),"Mean of the satellite positions in 2008-08-17 to 2010-08-17, ±1 yr of the 2009 USACE NCMP topobathy lidar (CHARTS) (flown 2009-08-10 to 2009-08-24) per CoastSat transect (906 of 906 transects), geolocated as origin + chainage * unit vector and strung into one line in alongshore order. No outlier rejection, no smoothing.",coastsat_mean_shoreline.py,2026-09-29,"Window mean, not a survey. Median 28 positions per transect; see transect_means_2008-08-17_2010-08-17.csv and PROVENANCE.md.",shoreline_mean_2008-08-17_2010-08-17.geojson,transects_100m.geojson,2026-09-29,duneline_to_raw_offsets.py
14,80,6868.451824323216,1,453330.0004756768,3905662.3268999998,Shoreline (CoastSat window mean),2008-08-17/2010-08-17,Landsat 5/7/8 via CoastSat (coastsat.space),"Mean of the satellite positions in 2008-08-17 to 2010-08-17, ±1 yr of the 2009 USACE NCMP topobathy lidar (CHARTS) (flown 2009-08-10 to 2009-08-24) per CoastSat transect (906 of 906 transects), geolocated as origin + chainage * unit vector and strung into one line in alongshore order. No outlier rejection, no smoothing.",coastsat_mean_shoreline.py,2026-09-29,"Window mean, not a survey. Median 28 positions per transect; see transect_means_2008-08-17_2010-08-17.csv and PROVENANCE.md.",shoreline_mean_2008-08-17_2010-08-17.geojson,transects_100m.geojson,2026-09-29,duneline_to_raw_offsets.py
14,81,6853.467757599719,1,453344.9845424003,3905762.3268999998,Shoreline (CoastSat window mean),2008-08-17/2010-08-17,Landsat 5/7/8 via CoastSat (coastsat.space),"Mean of the satellite positions in 2008-08-17 to 2010-08-17, ±1 yr of the 2009 USACE NCMP topobathy lidar (CHARTS) (flown 2009-08-10 to 2009-08-24) per CoastSat transect (906 of 906 transects), geolocated as origin + chainage * unit vector and strung into one line in alongshore order. No outlier rejection, no smoothing.",coastsat_mean_shoreline.py,2026-09-29,"Window mean, not a survey. Median 28 positions per transect; see transect_means_2008-08-17_2010-08-17.csv and PROVENANCE.md.",shoreline_mean_2008-08-17_2010-08-17.geojson,transects_100m.geojson,2026-09-29,duneline_to_raw_offsets.py
15,82,6832.7676717648865,1,453365.6846282351,3905862.3268999998,Shoreline (CoastSat window mean),2008-08-17/2010-08-17,Landsat 5/7/8 via CoastSat (coastsat.space),"Mean of the satellite positions in 2008-08-17 to 2010-08-17, ±1 yr of the 2009 USACE NCMP topobathy lidar (CHARTS) (flown 2009-08-10 to 2009-08-24) per CoastSat transect (906 of 906 transects), geolocated as origin + chainage * unit vector and strung into one line in alongshore order. No outlier rejection, no smoothing.",coastsat_mean_shoreline.py,2026-09-29,"Window mean, not a survey. Median 28 positions per transect; see transect_means_2008-08-17_2010-08-17.csv and PROVENANCE.md.",shoreline_mean_2008-08-17_2010-08-17.geojson,transects_100m.geojson,2026-09-29,duneline_to_raw_offsets.py
15,83,6813.688725528134,1,453384.7635744719,3905962.3268999998,Shoreline (CoastSat window mean),2008-08-17/2010-08-17,Landsat 5/7/8 via CoastSat (coastsat.space),"Mean of the satellite positions in 2008-08-17 to 2010-08-17, ±1 yr of the 2009 USACE NCMP topobathy lidar (CHARTS) (flown 2009-08-10 to 2009-08-24) per CoastSat transect (906 of 906 transects), geolocated as origin + chainage * unit vector and strung into one line in alongshore order. No outlier rejection, no smoothing.",coastsat_mean_shoreline.py,2026-09-29,"Window mean, not a survey. Median 28 positions per transect; see transect_means_2008-08-17_2010-08-17.csv and PROVENANCE.md.",shoreline_mean_2008-08-17_2010-08-17.geojson,transects_100m.geojson,2026-09-29,duneline_to_raw_offsets.py
15,84,6794.807148173451,1,453403.64515182655,3906062.3268999998,Shoreline (CoastSat window mean),2008-08-17/2010-08-17,Landsat 5/7/8 via CoastSat (coastsat.space),"Mean of the satellite positions in 2008-08-17 to 2010-08-17, ±1 yr of the 2009 USACE NCMP topobathy lidar (CHARTS) (flown 2009-08-10 to 2009-08-24) per CoastSat transect (906 of 906 transects), geolocated as origin + chainage * unit vector and strung into one line in alongshore order. No outlier rejection, no smoothing.",coastsat_mean_shoreline.py,2026-09-29,"Window mean, not a survey. Median 28 positions per transect; see transect_means_2008-08-17_2010-08-17.csv and PROVENANCE.md.",shoreline_mean_2008-08-17_2010-08-17.geojson,transects_100m.geojson,2026-09-29,duneline_to_raw_offsets.py
15,85,6771.17994044919,1,453427.2723595508,3906162.3268999998,Shoreline (CoastSat window mean),2008-08-17/2010-08-17,Landsat 5/7/8 via CoastSat (coastsat.space),"Mean of the satellite positions in 2008-08-17 to 2010-08-17, ±1 yr of the 2009 USACE NCMP topobathy lidar (CHARTS) (flown 2009-08-10 to 2009-08-24) per CoastSat transect (906 of 906 transects), geolocated as origin + chainage * unit vector and strung into one line in alongshore order. No outlier rejection, no smoothing.",coastsat_mean_shoreline.py,2026-09-29,"Window mean, not a survey. Median 28 positions per transect; see transect_means_2008-08-17_2010-08-17.csv and PROVENANCE.md.",shoreline_mean_2008-08-17_2010-08-17.geojson,transects_100m.geojson,2026-09-29,duneline_to_raw_offsets.py
15,86,6749.297061778837,1,453449.15523822117,3906262.3268999998,Shoreline (CoastSat window mean),2008-08-17/2010-08-17,Landsat 5/7/8 via CoastSat (coastsat.space),"Mean of the satellite positions in 2008-08-17 to 2010-08-17, ±1 yr of the 2009 USACE NCMP topobathy lidar (CHARTS) (flown 2009-08-10 to 2009-08-24) per CoastSat transect (906 of 906 transects), geolocated as origin + chainage * unit vector and strung into one line in alongshore order. No outlier rejection, no smoothing.",coastsat_mean_shoreline.py,2026-09-29,"Window mean, not a survey. Median 28 positions per transect; see transect_means_2008-08-17_2010-08-17.csv and PROVENANCE.md.",shoreline_mean_2008-08-17_2010-08-17.geojson,transects_100m.geojson,2026-09-29,duneline_to_raw_offsets.py
16,87,6726.121482565126,1,453472.3308174349,3906362.3268999998,Shoreline (CoastSat window mean),2008-08-17/2010-08-17,Landsat 5/7/8 via CoastSat (coastsat.space),"Mean of the satellite positions in 2008-08-17 to 2010-08-17, ±1 yr of the 2009 USACE NCMP topobathy lidar (CHARTS) (flown 2009-08-10 to 2009-08-24) per CoastSat transect (906 of 906 transects), geolocated as origin + chainage * unit vector and strung into one line in alongshore order. No outlier rejection, no smoothing.",coastsat_mean_shoreline.py,2026-09-29,"Window mean, not a survey. Median 28 positions per transect; see transect_means_2008-08-17_2010-08-17.csv and PROVENANCE.md.",shoreline_mean_2008-08-17_2010-08-17.geojson,transects_100m.geojson,2026-09-29,duneline_to_raw_offsets.py
16,88,6704.75578305422,1,453493.6965169458,3906462.3268999998,Shoreline (CoastSat window mean),2008-08-17/2010-08-17,Landsat 5/7/8 via CoastSat (coastsat.space),"Mean of the satellite positions in 2008-08-17 to 2010-08-17, ±1 yr of the 2009 USACE NCMP topobathy lidar (CHARTS) (flown 2009-08-10 to 2009-08-24) per CoastSat transect (906 of 906 transects), geolocated as origin + chainage * unit vector and strung into one line in alongshore order. No outlier rejection, no smoothing.",coastsat_mean_shoreline.py,2026-09-29,"Window mean, not a survey. Median 28 positions per transect; see transect_means_2008-08-17_2010-08-17.csv and PROVENANCE.md.",shoreline_mean_2008-08-17_2010-08-17.geojson,transects_100m.geojson,2026-09-29,duneline_to_raw_offsets.py
16,89,6684.22804571758,1,453514.2242542824,3906562.3268999998,Shoreline (CoastSat window mean),2008-08-17/2010-08-17,Landsat 5/7/8 via CoastSat (coastsat.space),"Mean of the satellite positions in 2008-08-17 to 2010-08-17, ±1 yr of the 2009 USACE NCMP topobathy lidar (CHARTS) (flown 2009-08-10 to 2009-08-24) per CoastSat transect (906 of 906 transects), geolocated as origin + chainage * unit vector and strung into one line in alongshore order. No outlier rejection, no smoothing.",coastsat_mean_shoreline.py,2026-09-29,"Window mean, not a survey. Median 28 positions per transect; see transect_means_2008-08-17_2010-08-17.csv and PROVENANCE.md.",shoreline_mean_2008-08-17_2010-08-17.geojson,transects_100m.geojson,2026-09-29,duneline_to_raw_offsets.py
16,90,6663.513541841356,1,453534.93875815865,3906662.3268999998,Shoreline (CoastSat window mean),2008-08-17/2010-08-17,Landsat 5/7/8 via CoastSat (coastsat.space),"Mean of the satellite positions in 2008-08-17 to 2010-08-17, ±1 yr of the 2009 USACE NCMP topobathy lidar (CHARTS) (flown 2009-08-10 to 2009-08-24) per CoastSat transect (906 of 906 transects), geolocated as origin + chainage * unit vector and strung into one line in alongshore order. No outlier rejection, no smoothing.",coastsat_mean_shoreline.py,2026-09-29,"Window mean, not a survey. Median 28 positions per transect; see transect_means_2008-08-17_2010-08-17.csv and PROVENANCE.md.",shoreline_mean_2008-08-17_2010-08-17.geojson,transects_100m.geojson,2026-09-29,duneline_to_raw_offsets.py
16,91,6646.720860817178,1,453551.7314391828,3906762.3268999998,Shoreline (CoastSat window mean),2008-08-17/2010-08-17,Landsat 5/7/8 via CoastSat (coastsat.space),"Mean of the satellite positions in 2008-08-17 to 2010-08-17, ±1 yr of the 2009 USACE NCMP topobathy lidar (CHARTS) (flown 2009-08-10 to 2009-08-24) per CoastSat transect (906 of 906 transects), geolocated as origin + chainage * unit vector and strung into one line in alongshore order. No outlier rejection, no smoothing.",coastsat_mean_shoreline.py,2026-09-29,"Window mean, not a survey. Median 28 positions per transect; see transect_means_2008-08-17_2010-08-17.csv and PROVENANCE.md.",shoreline_mean_2008-08-17_2010-08-17.geojson,transects_100m.geojson,2026-09-29,duneline_to_raw_offsets.py
17,92,6626.649821401108,1,453571.8024785989,3906862.3268999998,Shoreline (CoastSat window mean),2008-08-17/2010-08-17,Landsat 5/7/8 via CoastSat (coastsat.space),"Mean of the satellite positions in 2008-08-17 to 2010-08-17, ±1 yr of the 2009 USACE NCMP topobathy lidar (CHARTS) (flown 2009-08-10 to 2009-08-24) per CoastSat transect (906 of 906 transects), geolocated as origin + chainage * unit vector and strung into one line in alongshore order. No outlier rejection, no smoothing.",coastsat_mean_shoreline.py,2026-09-29,"Window mean, not a survey. Median 28 positions per transect; see transect_means_2008-08-17_2010-08-17.csv and PROVENANCE.md.",shoreline_mean_2008-08-17_2010-08-17.geojson,transects_100m.geojson,2026-09-29,duneline_to_raw_offsets.py
17,93,6608.374782086234,1,453590.07751791377,3906962.3268999998,Shoreline (CoastSat window mean),2008-08-17/2010-08-17,Landsat 5/7/8 via CoastSat (coastsat.space),"Mean of the satellite positions in 2008-08-17 to 2010-08-17, ±1 yr of the 2009 USACE NCMP topobathy lidar (CHARTS) (flown 2009-08-10 to 2009-08-24) per CoastSat transect (906 of 906 transects), geolocated as origin + chainage * unit vector and strung into one line in alongshore order. No outlier rejection, no smoothing.",coastsat_mean_shoreline.py,2026-09-29,"Window mean, not a survey. Median 28 positions per transect; see transect_means_2008-08-17_2010-08-17.csv and PROVENANCE.md.",shoreline_mean_2008-08-17_2010-08-17.geojson,transects_100m.geojson,2026-09-29,duneline_to_raw_offsets.py
17,94,6588.547984636854,1,453609.90431536315,3907062.3268999998,Shoreline (CoastSat window mean),2008-08-17/2010-08-17,Landsat 5/7/8 via CoastSat (coastsat.space),"Mean of the satellite positions in 2008-08-17 to 2010-08-17, ±1 yr of the 2009 USACE NCMP topobathy lidar (CHARTS) (flown 2009-08-10 to 2009-08-24) per CoastSat transect (906 of 906 transects), geolocated as origin + chainage * unit vector and strung into one line in alongshore order. No outlier rejection, no smoothing.",coastsat_mean_shoreline.py,2026-09-29,"Window mean, not a survey. Median 28 positions per transect; see transect_means_2008-08-17_2010-08-17.csv and PROVENANCE.md.",shoreline_mean_2008-08-17_2010-08-17.geojson,transects_100m.geojson,2026-09-29,duneline_to_raw_offsets.py
17,95,6569.500191170373,1,453628.95210882963,3907162.3268999998,Shoreline (CoastSat window mean),2008-08-17/2010-08-17,Landsat 5/7/8 via CoastSat (coastsat.space),"Mean of the satellite positions in 2008-08-17 to 2010-08-17, ±1 yr of the 2009 USACE NCMP topobathy lidar (CHARTS) (flown 2009-08-10 to 2009-08-24) per CoastSat transect (906 of 906 transects), geolocated as origin + chainage * unit vector and strung into one line in alongshore order. No outlier rejection, no smoothing.",coastsat_mean_shoreline.py,2026-09-29,"Window mean, not a survey. Median 28 positions per transect; see transect_means_2008-08-17_2010-08-17.csv and PROVENANCE.md.",shoreline_mean_2008-08-17_2010-08-17.geojson,transects_100m.geojson,2026-09-29,duneline_to_raw_offsets.py
17,96,6551.602399986937,1,453646.84990001307,3907262.3268999998,Shoreline (CoastSat window mean),2008-08-17/2010-08-17,Landsat 5/7/8 via CoastSat (coastsat.space),"Mean of the satellite positions in 2008-08-17 to 2010-08-17, ±1 yr of the 2009 USACE NCMP topobathy lidar (CHARTS) (flown 2009-08-10 to 2009-08-24) per CoastSat transect (906 of 906 transects), geolocated as origin + chainage * unit vector and strung into one line in alongshore order. No outlier rejection, no smoothing.",coastsat_mean_shoreline.py,2026-09-29,"Window mean, not a survey. Median 28 positions per transect; see transect_means_2008-08-17_2010-08-17.csv and PROVENANCE.md.",shoreline_mean_2008-08-17_2010-08-17.geojson,transects_100m.geojson,2026-09-29,duneline_to_raw_offsets.py
18,97,6536.662950746831,1,453661.7893492532,3907362.3268999998,Shoreline (CoastSat window mean),2008-08-17/2010-08-17,Landsat 5/7/8 via CoastSat (coastsat.space),"Mean of the satellite positions in 2008-08-17 to 2010-08-17, ±1 yr of the 2009 USACE NCMP topobathy lidar (CHARTS) (flown 2009-08-10 to 2009-08-24) per CoastSat transect (906 of 906 transects), geolocated as origin + chainage * unit vector and strung into one line in alongshore order. No outlier rejection, no smoothing.",coastsat_mean_shoreline.py,2026-09-29,"Window mean, not a survey. Median 28 positions per transect; see transect_means_2008-08-17_2010-08-17.csv and PROVENANCE.md.",shoreline_mean_2008-08-17_2010-08-17.geojson,transects_100m.geojson,2026-09-29,duneline_to_raw_offsets.py
18,98,6522.150894713122,1,453676.3014052869,3907462.3268999998,Shoreline (CoastSat window mean),2008-08-17/2010-08-17,Landsat 5/7/8 via CoastSat (coastsat.space),"Mean of the satellite positions in 2008-08-17 to 2010-08-17, ±1 yr of the 2009 USACE NCMP topobathy lidar (CHARTS) (flown 2009-08-10 to 2009-08-24) per CoastSat transect (906 of 906 transects), geolocated as origin + chainage * unit vector and strung into one line in alongshore order. No outlier rejection, no smoothing.",coastsat_mean_shoreline.py,2026-09-29,"Window mean, not a survey. Median 28 positions per transect; see transect_means_2008-08-17_2010-08-17.csv and PROVENANCE.md.",shoreline_mean_2008-08-17_2010-08-17.geojson,transects_100m.geojson,2026-09-29,duneline_to_raw_offsets.py
18,99,6507.762507596752,1,453690.68979240325,3907562.3268999998,Shoreline (CoastSat window mean),2008-08-17/2010-08-17,Landsat 5/7/8 via CoastSat (coastsat.space),"Mean of the satellite positions in 2008-08-17 to 2010-08-17, ±1 yr of the 2009 USACE NCMP topobathy lidar (CHARTS) (flown 2009-08-10 to 2009-08-24) per CoastSat transect (906 of 906 transects), geolocated as origin + chainage * unit vector and strung into one line in alongshore order. No outlier rejection, no smoothing.",coastsat_mean_shoreline.py,2026-09-29,"Window mean, not a survey. Median 28 positions per transect; see transect_means_2008-08-17_2010-08-17.csv and PROVENANCE.md.",shoreline_mean_2008-08-17_2010-08-17.geojson,transects_100m.geojson,2026-09-29,duneline_to_raw_offsets.py
18,100,6495.627196617541,1,453702.82510338246,3907662.3268999998,Shoreline (CoastSat window mean),2008-08-17/2010-08-17,Landsat 5/7/8 via CoastSat (coastsat.space),"Mean of the satellite positions in 2008-08-17 to 2010-08-17, ±1 yr of the 2009 USACE NCMP topobathy lidar (CHARTS) (flown 2009-08-10 to 2009-08-24) per CoastSat transect (906 of 906 transects), geolocated as origin + chainage * unit vector and strung into one line in alongshore order. No outlier rejection, no smoothing.",coastsat_mean_shoreline.py,2026-09-29,"Window mean, not a survey. Median 28 positions per transect; see transect_means_2008-08-17_2010-08-17.csv and PROVENANCE.md.",shoreline_mean_2008-08-17_2010-08-17.geojson,transects_100m.geojson,2026-09-29,duneline_to_raw_offsets.py
18,101,6478.288665456988,1,453720.163634543,3907762.3268999998,Shoreline (CoastSat window mean),2008-08-17/2010-08-17,Landsat 5/7/8 via CoastSat (coastsat.space),"Mean of the satellite positions in 2008-08-17 to 2010-08-17, ±1 yr of the 2009 USACE NCMP topobathy lidar (CHARTS) (flown 2009-08-10 to 2009-08-24) per CoastSat transect (906 of 906 transects), geolocated as origin + chainage * unit vector and strung into one line in alongshore order. No outlier rejection, no smoothing.",coastsat_mean_shoreline.py,2026-09-29,"Window mean, not a survey. Median 28 positions per transect; see transect_means_2008-08-17_2010-08-17.csv and PROVENANCE.md.",shoreline_mean_2008-08-17_2010-08-17.geojson,transects_100m.geojson,2026-09-29,duneline_to_raw_offsets.py
19,102,6462.862207476341,1,453735.59009252366,3907862.3268999998,Shoreline (CoastSat window mean),2008-08-17/2010-08-17,Landsat 5/7/8 via CoastSat (coastsat.space),"Mean of the satellite positions in 2008-08-17 to 2010-08-17, ±1 yr of the 2009 USACE NCMP topobathy lidar (CHARTS) (flown 2009-08-10 to 2009-08-24) per CoastSat transect (906 of 906 transects), geolocated as origin + chainage * unit vector and strung into one line in alongshore order. No outlier rejection, no smoothing.",coastsat_mean_shoreline.py,2026-09-29,"Window mean, not a survey. Median 28 positions per transect; see transect_means_2008-08-17_2010-08-17.csv and PROVENANCE.md.",shoreline_mean_2008-08-17_2010-08-17.geojson,transects_100m.geojson,2026-09-29,duneline_to_raw_offsets.py
19,103,6447.953028905205,1,453750.4992710948,3907962.3268999998,Shoreline (CoastSat window mean),2008-08-17/2010-08-17,Landsat 5/7/8 via CoastSat (coastsat.space),"Mean of the satellite positions in 2008-08-17 to 2010-08-17, ±1 yr of the 2009 USACE NCMP topobathy lidar (CHARTS) (flown 2009-08-10 to 2009-08-24) per CoastSat transect (906 of 906 transects), geolocated as origin + chainage * unit vector and strung into one line in alongshore order. No outlier rejection, no smoothing.",coastsat_mean_shoreline.py,2026-09-29,"Window mean, not a survey. Median 28 positions per transect; see transect_means_2008-08-17_2010-08-17.csv and PROVENANCE.md.",shoreline_mean_2008-08-17_2010-08-17.geojson,transects_100m.geojson,2026-09-29,duneline_to_raw_offsets.py
19,104,6432.199054295721,1,453766.2532457043,3908062.3268999998,Shoreline (CoastSat window mean),2008-08-17/2010-08-17,Landsat 5/7/8 via CoastSat (coastsat.space),"Mean of the satellite positions in 2008-08-17 to 2010-08-17, ±1 yr of the 2009 USACE NCMP topobathy lidar (CHARTS) (flown 2009-08-10 to 2009-08-24) per CoastSat transect (906 of 906 transects), geolocated as origin + chainage * unit vector and strung into one line in alongshore order. No outlier rejection, no smoothing.",coastsat_mean_shoreline.py,2026-09-29,"Window mean, not a survey. Median 28 positions per transect; see transect_means_2008-08-17_2010-08-17.csv and PROVENANCE.md.",shoreline_mean_2008-08-17_2010-08-17.geojson,transects_100m.geojson,2026-09-29,duneline_to_raw_offsets.py
19,105,6416.970363038535,1,453781.48193696147,3908162.3268999998,Shoreline (CoastSat window mean),2008-08-17/2010-08-17,Landsat 5/7/8 via CoastSat (coastsat.space),"Mean of the satellite positions in 2008-08-17 to 2010-08-17, ±1 yr of the 2009 USACE NCMP topobathy lidar (CHARTS) (flown 2009-08-10 to 2009-08-24) per CoastSat transect (906 of 906 transects), geolocated as origin + chainage * unit vector and strung into one line in alongshore order. No outlier rejection, no smoothing.",coastsat_mean_shoreline.py,2026-09-29,"Window mean, not a survey. Median 28 positions per transect; see transect_means_2008-08-17_2010-08-17.csv and PROVENANCE.md.",shoreline_mean_2008-08-17_2010-08-17.geojson,transects_100m.geojson,2026-09-29,duneline_to_raw_offsets.py
19,106,6401.639971611847,1,453796.81232838816,3908262.3268999998,Shoreline (CoastSat window mean),2008-08-17/2010-08-17,Landsat 5/7/8 via CoastSat (coastsat.space),"Mean of the satellite positions in 2008-08-17 to 2010-08-17, ±1 yr of the 2009 USACE NCMP topobathy lidar (CHARTS) (flown 2009-08-10 to 2009-08-24) per CoastSat transect (906 of 906 transects), geolocated as origin + chainage * unit vector and strung into one line in alongshore order. No outlier rejection, no smoothing.",coastsat_mean_shoreline.py,2026-09-29,"Window mean, not a survey. Median 28 positions per transect; see transect_means_2008-08-17_2010-08-17.csv and PROVENANCE.md.",shoreline_mean_2008-08-17_2010-08-17.geojson,transects_100m.geojson,2026-09-29,duneline_to_raw_offsets.py
20,107,6386.8571694958955,1,453811.5951305041,3908362.3268999998,Shoreline (CoastSat window mean),2008-08-17/2010-08-17,Landsat 5/7/8 via CoastSat (coastsat.space),"Mean of the satellite positions in 2008-08-17 to 2010-08-17, ±1 yr of the 2009 USACE NCMP topobathy lidar (CHARTS) (flown 2009-08-10 to 2009-08-24) per CoastSat transect (906 of 906 transects), geolocated as origin + chainage * unit vector and strung into one line in alongshore order. No outlier rejection, no smoothing.",coastsat_mean_shoreline.py,2026-09-29,"Window mean, not a survey. Median 28 positions per transect; see transect_means_2008-08-17_2010-08-17.csv and PROVENANCE.md.",shoreline_mean_2008-08-17_2010-08-17.geojson,transects_100m.geojson,2026-09-29,duneline_to_raw_offsets.py
20,108,6369.810450801045,1,453828.64184919896,3908462.3268999998,Shoreline (CoastSat window mean),2008-08-17/2010-08-17,Landsat 5/7/8 via CoastSat (coastsat.space),"Mean of the satellite positions in 2008-08-17 to 2010-08-17, ±1 yr of the 2009 USACE NCMP topobathy lidar (CHARTS) (flown 2009-08-10 to 2009-08-24) per CoastSat transect (906 of 906 transects), geolocated as origin + chainage * unit vector and strung into one line in alongshore order. No outlier rejection, no smoothing.",coastsat_mean_shoreline.py,2026-09-29,"Window mean, not a survey. Median 28 positions per transect; see transect_means_2008-08-17_2010-08-17.csv and PROVENANCE.md.",shoreline_mean_2008-08-17_2010-08-17.geojson,transects_100m.geojson,2026-09-29,duneline_to_raw_offsets.py
20,109,6353.344895483286,1,453845.1074045167,3908562.3268999998,Shoreline (CoastSat window mean),2008-08-17/2010-08-17,Landsat 5/7/8 via CoastSat (coastsat.space),"Mean of the satellite positions in 2008-08-17 to 2010-08-17, ±1 yr of the 2009 USACE NCMP topobathy lidar (CHARTS) (flown 2009-08-10 to 2009-08-24) per CoastSat transect (906 of 906 transects), geolocated as origin + chainage * unit vector and strung into one line in alongshore order. No outlier rejection, no smoothing.",coastsat_mean_shoreline.py,2026-09-29,"Window mean, not a survey. Median 28 positions per transect; see transect_means_2008-08-17_2010-08-17.csv and PROVENANCE.md.",shoreline_mean_2008-08-17_2010-08-17.geojson,transects_100m.geojson,2026-09-29,duneline_to_raw_offsets.py
20,110,6336.569243058097,1,453861.8830569419,3908662.3268999998,Shoreline (CoastSat window mean),2008-08-17/2010-08-17,Landsat 5/7/8 via CoastSat (coastsat.space),"Mean of the satellite positions in 2008-08-17 to 2010-08-17, ±1 yr of the 2009 USACE NCMP topobathy lidar (CHARTS) (flown 2009-08-10 to 2009-08-24) per CoastSat transect (906 of 906 transects), geolocated as origin + chainage * unit vector and strung into one line in alongshore order. No outlier rejection, no smoothing.",coastsat_mean_shoreline.py,2026-09-29,"Window mean, not a survey. Median 28 positions per transect; see transect_means_2008-08-17_2010-08-17.csv and PROVENANCE.md.",shoreline_mean_2008-08-17_2010-08-17.geojson,transects_100m.geojson,2026-09-29,duneline_to_raw_offsets.py
20,111,6314.911049545451,1,453883.54125045455,3908762.3268999998,Shoreline (CoastSat window mean),2008-08-17/2010-08-17,Landsat 5/7/8 via CoastSat (coastsat.space),"Mean of the satellite positions in 2008-08-17 to 2010-08-17, ±1 yr of the 2009 USACE NCMP topobathy lidar (CHARTS) (flown 2009-08-10 to 2009-08-24) per CoastSat transect (906 of 906 transects), geolocated as origin + chainage * unit vector and strung into one line in alongshore order. No outlier rejection, no smoothing.",coastsat_mean_shoreline.py,2026-09-29,"Window mean, not a survey. Median 28 positions per transect; see transect_means_2008-08-17_2010-08-17.csv and PROVENANCE.md.",shoreline_mean_2008-08-17_2010-08-17.geojson,transects_100m.geojson,2026-09-29,duneline_to_raw_offsets.py
21,112,6293.08922361501,1,453905.363076385,3908862.3268999998,Shoreline (CoastSat window mean),2008-08-17/2010-08-17,Landsat 5/7/8 via CoastSat (coastsat.space),"Mean of the satellite positions in 2008-08-17 to 2010-08-17, ±1 yr of the 2009 USACE NCMP topobathy lidar (CHARTS) (flown 2009-08-10 to 2009-08-24) per CoastSat transect (906 of 906 transects), geolocated as origin + chainage * unit vector and strung into one line in alongshore order. No outlier rejection, no smoothing.",coastsat_mean_shoreline.py,2026-09-29,"Window mean, not a survey. Median 28 positions per transect; see transect_means_2008-08-17_2010-08-17.csv and PROVENANCE.md.",shoreline_mean_2008-08-17_2010-08-17.geojson,transects_100m.geojson,2026-09-29,duneline_to_raw_offsets.py
21,113,6269.570038538368,1,453928.88226146164,3908962.3268999998,Shoreline (CoastSat window mean),2008-08-17/2010-08-17,Landsat 5/7/8 via CoastSat (coastsat.space),"Mean of the satellite positions in 2008-08-17 to 2010-08-17, ±1 yr of the 2009 USACE NCMP topobathy lidar (CHARTS) (flown 2009-08-10 to 2009-08-24) per CoastSat transect (906 of 906 transects), geolocated as origin + chainage * unit vector and strung into one line in alongshore order. No outlier rejection, no smoothing.",coastsat_mean_shoreline.py,2026-09-29,"Window mean, not a survey. Median 28 positions per transect; see transect_means_2008-08-17_2010-08-17.csv and PROVENANCE.md.",shoreline_mean_2008-08-17_2010-08-17.geojson,transects_100m.geojson,2026-09-29,duneline_to_raw_offsets.py
21,114,6242.501251297712,1,453955.9510487023,3909062.3268999998,Shoreline (CoastSat window mean),2008-08-17/2010-08-17,Landsat 5/7/8 via CoastSat (coastsat.space),"Mean of the satellite positions in 2008-08-17 to 2010-08-17, ±1 yr of the 2009 USACE NCMP topobathy lidar (CHARTS) (flown 2009-08-10 to 2009-08-24) per CoastSat transect (906 of 906 transects), geolocated as origin + chainage * unit vector and strung into one line in alongshore order. No outlier rejection, no smoothing.",coastsat_mean_shoreline.py,2026-09-29,"Window mean, not a survey. Median 28 positions per transect; see transect_means_2008-08-17_2010-08-17.csv and PROVENANCE.md.",shoreline_mean_2008-08-17_2010-08-17.geojson,transects_100m.geojson,2026-09-29,duneline_to_raw_offsets.py
21,115,6219.568520447821,1,453978.8837795522,3909162.3268999998,Shoreline (CoastSat window mean),2008-08-17/2010-08-17,Landsat 5/7/8 via CoastSat (coastsat.space),"Mean of the satellite positions in 2008-08-17 to 2010-08-17, ±1 yr of the 2009 USACE NCMP topobathy lidar (CHARTS) (flown 2009-08-10 to 2009-08-24) per CoastSat transect (906 of 906 transects), geolocated as origin + chainage * unit vector and strung into one line in alongshore order. No outlier rejection, no smoothing.",coastsat_mean_shoreline.py,2026-09-29,"Window mean, not a survey. Median 28 positions per transect; see transect_means_2008-08-17_2010-08-17.csv and PROVENANCE.md.",shoreline_mean_2008-08-17_2010-08-17.geojson,transects_100m.geojson,2026-09-29,duneline_to_raw_offsets.py
21,116,6194.210414185305,1,454004.2418858147,3909262.3268999998,Shoreline (CoastSat window mean),2008-08-17/2010-08-17,Landsat 5/7/8 via CoastSat (coastsat.space),"Mean of the satellite positions in 2008-08-17 to 2010-08-17, ±1 yr of the 2009 USACE NCMP topobathy lidar (CHARTS) (flown 2009-08-10 to 2009-08-24) per CoastSat transect (906 of 906 transects), geolocated as origin + chainage * unit vector and strung into one line in alongshore order. No outlier rejection, no smoothing.",coastsat_mean_shoreline.py,2026-09-29,"Window mean, not a survey. Median 28 positions per transect; see transect_means_2008-08-17_2010-08-17.csv and PROVENANCE.md.",shoreline_mean_2008-08-17_2010-08-17.geojson,transects_100m.geojson,2026-09-29,duneline_to_raw_offsets.py
22,117,6169.418407007353,1,454029.03389299265,3909362.3268999998,Shoreline (CoastSat window mean),2008-08-17/2010-08-17,Landsat 5/7/8 via CoastSat (coastsat.space),"Mean of the satellite positions in 2008-08-17 to 2010-08-17, ±1 yr of the 2009 USACE NCMP topobathy lidar (CHARTS) (flown 2009-08-10 to 2009-08-24) per CoastSat transect (906 of 906 transects), geolocated as origin + chainage * unit vector and strung into one line in alongshore order. No outlier rejection, no smoothing.",coastsat_mean_shoreline.py,2026-09-29,"Window mean, not a survey. Median 28 positions per transect; see transect_means_2008-08-17_2010-08-17.csv and PROVENANCE.md.",shoreline_mean_2008-08-17_2010-08-17.geojson,transects_100m.geojson,2026-09-29,duneline_to_raw_offsets.py
22,118,6145.93142644799,1,454052.520873552,3909462.3268999998,Shoreline (CoastSat window mean),2008-08-17/2010-08-17,Landsat 5/7/8 via CoastSat (coastsat.space),"Mean of the satellite positions in 2008-08-17 to 2010-08-17, ±1 yr of the 2009 USACE NCMP topobathy lidar (CHARTS) (flown 2009-08-10 to 2009-08-24) per CoastSat transect (906 of 906 transects), geolocated as origin + chainage * unit vector and strung into one line in alongshore order. No outlier rejection, no smoothing.",coastsat_mean_shoreline.py,2026-09-29,"Window mean, not a survey. Median 28 positions per transect; see transect_means_2008-08-17_2010-08-17.csv and PROVENANCE.md.",shoreline_mean_2008-08-17_2010-08-17.geojson,transects_100m.geojson,2026-09-29,duneline_to_raw_offsets.py
22,119,6123.980667821539,1,454074.47163217847,3909562.3268999998,Shoreline (CoastSat window mean),2008-08-17/2010-08-17,Landsat 5/7/8 via CoastSat (coastsat.space),"Mean of the satellite positions in 2008-08-17 to 2010-08-17, ±1 yr of the 2009 USACE NCMP topobathy lidar (CHARTS) (flown 2009-08-10 to 2009-08-24) per CoastSat transect (906 of 906 transects), geolocated as origin + chainage * unit vector and strung into one line in alongshore order. No outlier rejection, no smoothing.",coastsat_mean_shoreline.py,2026-09-29,"Window mean, not a survey. Median 28 positions per transect; see transect_means_2008-08-17_2010-08-17.csv and PROVENANCE.md.",shoreline_mean_2008-08-17_2010-08-17.geojson,transects_100m.geojson,2026-09-29,duneline_to_raw_offsets.py
22,120,6104.743733419571,1,454093.70856658043,3909662.3268999998,Shoreline (CoastSat window mean),2008-08-17/2010-08-17,Landsat 5/7/8 via CoastSat (coastsat.space),"Mean of the satellite positions in 2008-08-17 to 2010-08-17, ±1 yr of the 2009 USACE NCMP topobathy lidar (CHARTS) (flown 2009-08-10 to 2009-08-24) per CoastSat transect (906 of 906 transects), geolocated as origin + chainage * unit vector and strung into one line in alongshore order. No outlier rejection, no smoothing.",coastsat_mean_shoreline.py,2026-09-29,"Window mean, not a survey. Median 28 positions per transect; see transect_means_2008-08-17_2010-08-17.csv and PROVENANCE.md.",shoreline_mean_2008-08-17_2010-08-17.geojson,transects_100m.geojson,2026-09-29,duneline_to_raw_offsets.py
22,121,6083.235993202776,1,454115.2163067972,3909762.3268999998,Shoreline (CoastSat window mean),2008-08-17/2010-08-17,Landsat 5/7/8 via CoastSat (coastsat.space),"Mean of the satellite positions in 2008-08-17 to 2010-08-17, ±1 yr of the 2009 USACE NCMP topobathy lidar (CHARTS) (flown 2009-08-10 to 2009-08-24) per CoastSat transect (906 of 906 transects), geolocated as origin + chainage * unit vector and strung into one line in alongshore order. No outlier rejection, no smoothing.",coastsat_mean_shoreline.py,2026-09-29,"Window mean, not a survey. Median 28 positions per transect; see transect_means_2008-08-17_2010-08-17.csv and PROVENANCE.md.",shoreline_mean_2008-08-17_2010-08-17.geojson,transects_100m.geojson,2026-09-29,duneline_to_raw_offsets.py
23,122,6064.790279240871,1,454133.66202075913,3909862.3268999998,Shoreline (CoastSat window mean),2008-08-17/2010-08-17,Landsat 5/7/8 via CoastSat (coastsat.space),"Mean of the satellite positions in 2008-08-17 to 2010-08-17, ±1 yr of the 2009 USACE NCMP topobathy lidar (CHARTS) (flown 2009-08-10 to 2009-08-24) per CoastSat transect (906 of 906 transects), geolocated as origin + chainage * unit vector and strung into one line in alongshore order. No outlier rejection, no smoothing.",coastsat_mean_shoreline.py,2026-09-29,"Window mean, not a survey. Median 28 positions per transect; see transect_means_2008-08-17_2010-08-17.csv and PROVENANCE.md.",shoreline_mean_2008-08-17_2010-08-17.geojson,transects_100m.geojson,2026-09-29,duneline_to_raw_offsets.py
23,123,6042.7064260335765,1,454155.7458739664,3909962.3268999998,Shoreline (CoastSat window mean),2008-08-17/2010-08-17,Landsat 5/7/8 via CoastSat (coastsat.space),"Mean of the satellite positions in 2008-08-17 to 2010-08-17, ±1 yr of the 2009 USACE NCMP topobathy lidar (CHARTS) (flown 2009-08-10 to 2009-08-24) per CoastSat transect (906 of 906 transects), geolocated as origin + chainage * unit vector and strung into one line in alongshore order. No outlier rejection, no smoothing.",coastsat_mean_shoreline.py,2026-09-29,"Window mean, not a survey. Median 28 positions per transect; see transect_means_2008-08-17_2010-08-17.csv and PROVENANCE.md.",shoreline_mean_2008-08-17_2010-08-17.geojson,transects_100m.geojson,2026-09-29,duneline_to_raw_offsets.py
23,124,6022.688168534776,1,454175.7641314652,3910062.3268999998,Shoreline (CoastSat window mean),2008-08-17/2010-08-17,Landsat 5/7/8 via CoastSat (coastsat.space),"Mean of the satellite positions in 2008-08-17 to 2010-08-17, ±1 yr of the 2009 USACE NCMP topobathy lidar (CHARTS) (flown 2009-08-10 to 2009-08-24) per CoastSat transect (906 of 906 transects), geolocated as origin + chainage * unit vector and strung into one line in alongshore order. No outlier rejection, no smoothing.",coastsat_mean_shoreline.py,2026-09-29,"Window mean, not a survey. Median 28 positions per transect; see transect_means_2008-08-17_2010-08-17.csv and PROVENANCE.md.",shoreline_mean_2008-08-17_2010-08-17.geojson,transects_100m.geojson,2026-09-29,duneline_to_raw_offsets.py
23,125,6002.147029493353,1,454196.30527050665,3910162.3268999998,Shoreline (CoastSat window mean),2008-08-17/2010-08-17,Landsat 5/7/8 via CoastSat (coastsat.space),"Mean of the satellite positions in 2008-08-17 to 2010-08-17, ±1 yr of the 2009 USACE NCMP topobathy lidar (CHARTS) (flown 2009-08-10 to 2009-08-24) per CoastSat transect (906 of 906 transects), geolocated as origin + chainage * unit vector and strung into one line in alongshore order. No outlier rejection, no smoothing.",coastsat_mean_shoreline.py,2026-09-29,"Window mean, not a survey. Median 28 positions per transect; see transect_means_2008-08-17_2010-08-17.csv and PROVENANCE.md.",shoreline_mean_2008-08-17_2010-08-17.geojson,transects_100m.geojson,2026-09-29,duneline_to_raw_offsets.py
23,126,5982.832447198103,1,454215.6198528019,3910262.3268999998,Shoreline (CoastSat window mean),2008-08-17/2010-08-17,Landsat 5/7/8 via CoastSat (coastsat.space),"Mean of the satellite positions in 2008-08-17 to 2010-08-17, ±1 yr of the 2009 USACE NCMP topobathy lidar (CHARTS) (flown 2009-08-10 to 2009-08-24) per CoastSat transect (906 of 906 transects), geolocated as origin + chainage * unit vector and strung into one line in alongshore order. No outlier rejection, no smoothing.",coastsat_mean_shoreline.py,2026-09-29,"Window mean, not a survey. Median 28 positions per transect; see transect_means_2008-08-17_2010-08-17.csv and PROVENANCE.md.",shoreline_mean_2008-08-17_2010-08-17.geojson,transects_100m.geojson,2026-09-29,duneline_to_raw_offsets.py
24,128,5956.5341179828965,1,454241.9181820171,3910462.3268999998,Shoreline (CoastSat window mean),2008-08-17/2010-08-17,Landsat 5/7/8 via CoastSat (coastsat.space),"Mean of the satellite positions in 2008-08-17 to 2010-08-17, ±1 yr of the 2009 USACE NCMP topobathy lidar (CHARTS) (flown 2009-08-10 to 2009-08-24) per CoastSat transect (906 of 906 transects), geolocated as origin + chainage * unit vector and strung into one line in alongshore order. No outlier rejection, no smoothing.",coastsat_mean_shoreline.py,2026-09-29,"Window mean, not a survey. Median 28 positions per transect; see transect_means_2008-08-17_2010-08-17.csv and PROVENANCE.md.",shoreline_mean_2008-08-17_2010-08-17.geojson,transects_100m.geojson,2026-09-29,duneline_to_raw_offsets.py
24,129,5939.280902249099,1,454259.1713977509,3910562.3268999998,Shoreline (CoastSat window mean),2008-08-17/2010-08-17,Landsat 5/7/8 via CoastSat (coastsat.space),"Mean of the satellite positions in 2008-08-17 to 2010-08-17, ±1 yr of the 2009 USACE NCMP topobathy lidar (CHARTS) (flown 2009-08-10 to 2009-08-24) per CoastSat transect (906 of 906 transects), geolocated as origin + chainage * unit vector and strung into one line in alongshore order. No outlier rejection, no smoothing.",coastsat_mean_shoreline.py,2026-09-29,"Window mean, not a survey. Median 28 positions per transect; see transect_means_2008-08-17_2010-08-17.csv and PROVENANCE.md.",shoreline_mean_2008-08-17_2010-08-17.geojson,transects_100m.geojson,2026-09-29,duneline_to_raw_offsets.py
24,130,5921.977530242583,1,454276.4747697574,3910662.3268999998,Shoreline (CoastSat window mean),2008-08-17/2010-08-17,Landsat 5/7/8 via CoastSat (coastsat.space),"Mean of the satellite positions in 2008-08-17 to 2010-08-17, ±1 yr of the 2009 USACE NCMP topobathy lidar (CHARTS) (flown 2009-08-10 to 2009-08-24) per CoastSat transect (906 of 906 transects), geolocated as origin + chainage * unit vector and strung into one line in alongshore order. No outlier rejection, no smoothing.",coastsat_mean_shoreline.py,2026-09-29,"Window mean, not a survey. Median 28 positions per transect; see transect_means_2008-08-17_2010-08-17.csv and PROVENANCE.md.",shoreline_mean_2008-08-17_2010-08-17.geojson,transects_100m.geojson,2026-09-29,duneline_to_raw_offsets.py
24,131,5903.174413522473,1,454295.27788647753,3910762.3268999998,Shoreline (CoastSat window mean),2008-08-17/2010-08-17,Landsat 5/7/8 via CoastSat (coastsat.space),"Mean of the satellite positions in 2008-08-17 to 2010-08-17, ±1 yr of the 2009 USACE NCMP topobathy lidar (CHARTS) (flown 2009-08-10 to 2009-08-24) per CoastSat transect (906 of 906 transects), geolocated as origin + chainage * unit vector and strung into one line in alongshore order. No outlier rejection, no smoothing.",coastsat_mean_shoreline.py,2026-09-29,"Window mean, not a survey. Median 28 positions per transect; see transect_means_2008-08-17_2010-08-17.csv and PROVENANCE.md.",shoreline_mean_2008-08-17_2010-08-17.geojson,transects_100m.geojson,2026-09-29,duneline_to_raw_offsets.py
24,132,5884.60840608296,1,454313.84389391704,3910862.3268999998,Shoreline (CoastSat window mean),2008-08-17/2010-08-17,Landsat 5/7/8 via CoastSat (coastsat.space),"Mean of the satellite positions in 2008-08-17 to 2010-08-17, ±1 yr of the 2009 USACE NCMP topobathy lidar (CHARTS) (flown 2009-08-10 to 2009-08-24) per CoastSat transect (906 of 906 transects), geolocated as origin + chainage * unit vector and strung into one line in alongshore order. No outlier rejection, no smoothing.",coastsat_mean_shoreline.py,2026-09-29,"Window mean, not a survey. Median 28 positions per transect; see transect_means_2008-08-17_2010-08-17.csv and PROVENANCE.md.",shoreline_mean_2008-08-17_2010-08-17.geojson,transects_100m.geojson,2026-09-29,duneline_to_raw_offsets.py
25,133,5861.5011125326855,1,454336.9511874673,3910962.3268999998,Shoreline (CoastSat window mean),2008-08-17/2010-08-17,Landsat 5/7/8 via CoastSat (coastsat.space),"Mean of the satellite positions in 2008-08-17 to 2010-08-17, ±1 yr of the 2009 USACE NCMP topobathy lidar (CHARTS) (flown 2009-08-10 to 2009-08-24) per CoastSat transect (906 of 906 transects), geolocated as origin + chainage * unit vector and strung into one line in alongshore order. No outlier rejection, no smoothing.",coastsat_mean_shoreline.py,2026-09-29,"Window mean, not a survey. Median 28 positions per transect; see transect_means_2008-08-17_2010-08-17.csv and PROVENANCE.md.",shoreline_mean_2008-08-17_2010-08-17.geojson,transects_100m.geojson,2026-09-29,duneline_to_raw_offsets.py
25,134,5841.751028236991,1,454356.701271763,3911062.3268999998,Shoreline (CoastSat window mean),2008-08-17/2010-08-17,Landsat 5/7/8 via CoastSat (coastsat.space),"Mean of the satellite positions in 2008-08-17 to 2010-08-17, ±1 yr of the 2009 USACE NCMP topobathy lidar (CHARTS) (flown 2009-08-10 to 2009-08-24) per CoastSat transect (906 of 906 transects), geolocated as origin + chainage * unit vector and strung into one line in alongshore order. No outlier rejection, no smoothing.",coastsat_mean_shoreline.py,2026-09-29,"Window mean, not a survey. Median 28 positions per transect; see transect_means_2008-08-17_2010-08-17.csv and PROVENANCE.md.",shoreline_mean_2008-08-17_2010-08-17.geojson,transects_100m.geojson,2026-09-29,duneline_to_raw_offsets.py
25,135,5819.2836312135905,1,454379.1686687864,3911162.3268999998,Shoreline (CoastSat window mean),2008-08-17/2010-08-17,Landsat 5/7/8 via CoastSat (coastsat.space),"Mean of the satellite positions in 2008-08-17 to 2010-08-17, ±1 yr of the 2009 USACE NCMP topobathy lidar (CHARTS) (flown 2009-08-10 to 2009-08-24) per CoastSat transect (906 of 906 transects), geolocated as origin + chainage * unit vector and strung into one line in alongshore order. No outlier rejection, no smoothing.",coastsat_mean_shoreline.py,2026-09-29,"Window mean, not a survey. Median 28 positions per transect; see transect_means_2008-08-17_2010-08-17.csv and PROVENANCE.md.",shoreline_mean_2008-08-17_2010-08-17.geojson,transects_100m.geojson,2026-09-29,duneline_to_raw_offsets.py
25,136,5794.559492975182,1,454403.8928070248,3911262.3268999998,Shoreline (CoastSat window mean),2008-08-17/2010-08-17,Landsat 5/7/8 via CoastSat (coastsat.space),"Mean of the satellite positions in 2008-08-17 to 2010-08-17, ±1 yr of the 2009 USACE NCMP topobathy lidar (CHARTS) (flown 2009-08-10 to 2009-08-24) per CoastSat transect (906 of 906 transects), geolocated as origin + chainage * unit vector and strung into one line in alongshore order. No outlier rejection, no smoothing.",coastsat_mean_shoreline.py,2026-09-29,"Window mean, not a survey. Median 28 positions per transect; see transect_means_2008-08-17_2010-08-17.csv and PROVENANCE.md.",shoreline_mean_2008-08-17_2010-08-17.geojson,transects_100m.geojson,2026-09-29,duneline_to_raw_offsets.py
25,137,5776.510748573522,1,454421.9415514265,3911362.3268999998,Shoreline (CoastSat window mean),2008-08-17/2010-08-17,Landsat 5/7/8 via CoastSat (coastsat.space),"Mean of the satellite positions in 2008-08-17 to 2010-08-17, ±1 yr of the 2009 USACE NCMP topobathy lidar (CHARTS) (flown 2009-08-10 to 2009-08-24) per CoastSat transect (906 of 906 transects), geolocated as origin + chainage * unit vector and strung into one line in alongshore order. No outlier rejection, no smoothing.",coastsat_mean_shoreline.py,2026-09-29,"Window mean, not a survey. Median 28 positions per transect; see transect_means_2008-08-17_2010-08-17.csv and PROVENANCE.md.",shoreline_mean_2008-08-17_2010-08-17.geojson,transects_100m.geojson,2026-09-29,duneline_to_raw_offsets.py
26,138,5761.559546324948,1,454436.89275367506,3911462.3268999998,Shoreline (CoastSat window mean),2008-08-17/2010-08-17,Landsat 5/7/8 via CoastSat (coastsat.space),"Mean of the satellite positions in 2008-08-17 to 2010-08-17, ±1 yr of the 2009 USACE NCMP topobathy lidar (CHARTS) (flown 2009-08-10 to 2009-08-24) per CoastSat transect (906 of 906 transects), geolocated as origin + chainage * unit vector and strung into one line in alongshore order. No outlier rejection, no smoothing.",coastsat_mean_shoreline.py,2026-09-29,"Window mean, not a survey. Median 28 positions per transect; see transect_means_2008-08-17_2010-08-17.csv and PROVENANCE.md.",shoreline_mean_2008-08-17_2010-08-17.geojson,transects_100m.geojson,2026-09-29,duneline_to_raw_offsets.py
26,139,5744.06853994343,1,454454.3837600566,3911562.3268999998,Shoreline (CoastSat window mean),2008-08-17/2010-08-17,Landsat 5/7/8 via CoastSat (coastsat.space),"Mean of the satellite positions in 2008-08-17 to 2010-08-17, ±1 yr of the 2009 USACE NCMP topobathy lidar (CHARTS) (flown 2009-08-10 to 2009-08-24) per CoastSat transect (906 of 906 transects), geolocated as origin + chainage * unit vector and strung into one line in alongshore order. No outlier rejection, no smoothing.",coastsat_mean_shoreline.py,2026-09-29,"Window mean, not a survey. Median 28 positions per transect; see transect_means_2008-08-17_2010-08-17.csv and PROVENANCE.md.",shoreline_mean_2008-08-17_2010-08-17.geojson,transects_100m.geojson,2026-09-29,duneline_to_raw_offsets.py
26,140,5720.037703957117,1,454478.4145960429,3911662.3268999998,Shoreline (CoastSat window mean),2008-08-17/2010-08-17,Landsat 5/7/8 via CoastSat (coastsat.space),"Mean of the satellite positions in 2008-08-17 to 2010-08-17, ±1 yr of the 2009 USACE NCMP topobathy lidar (CHARTS) (flown 2009-08-10 to 2009-08-24) per CoastSat transect (906 of 906 transects), geolocated as origin + chainage * unit vector and strung into one line in alongshore order. No outlier rejection, no smoothing.",coastsat_mean_shoreline.py,2026-09-29,"Window mean, not a survey. Median 28 positions per transect; see transect_means_2008-08-17_2010-08-17.csv and PROVENANCE.md.",shoreline_mean_2008-08-17_2010-08-17.geojson,transects_100m.geojson,2026-09-29,duneline_to_raw_offsets.py
26,141,5697.147616508591,1,454501.3046834914,3911762.3268999998,Shoreline (CoastSat window mean),2008-08-17/2010-08-17,Landsat 5/7/8 via CoastSat (coastsat.space),"Mean of the satellite positions in 2008-08-17 to 2010-08-17, ±1 yr of the 2009 USACE NCMP topobathy lidar (CHARTS) (flown 2009-08-10 to 2009-08-24) per CoastSat transect (906 of 906 transects), geolocated as origin + chainage * unit vector and strung into one line in alongshore order. No outlier rejection, no smoothing.",coastsat_mean_shoreline.py,2026-09-29,"Window mean, not a survey. Median 28 positions per transect; see transect_means_2008-08-17_2010-08-17.csv and PROVENANCE.md.",shoreline_mean_2008-08-17_2010-08-17.geojson,transects_100m.geojson,2026-09-29,duneline_to_raw_offsets.py
26,142,5667.8173618870205,1,454530.634938113,3911862.3268999998,Shoreline (CoastSat window mean),2008-08-17/2010-08-17,Landsat 5/7/8 via CoastSat (coastsat.space),"Mean of the satellite positions in 2008-08-17 to 2010-08-17, ±1 yr of the 2009 USACE NCMP topobathy lidar (CHARTS) (flown 2009-08-10 to 2009-08-24) per CoastSat transect (906 of 906 transects), geolocated as origin + chainage * unit vector and strung into one line in alongshore order. No outlier rejection, no smoothing.",coastsat_mean_shoreline.py,2026-09-29,"Window mean, not a survey. Median 28 positions per transect; see transect_means_2008-08-17_2010-08-17.csv and PROVENANCE.md.",shoreline_mean_2008-08-17_2010-08-17.geojson,transects_100m.geojson,2026-09-29,duneline_to_raw_offsets.py
27,143,5640.425356626045,1,454558.02694337396,3911962.3268999998,Shoreline (CoastSat window mean),2008-08-17/2010-08-17,Landsat 5/7/8 via CoastSat (coastsat.space),"Mean of the satellite positions in 2008-08-17 to 2010-08-17, ±1 yr of the 2009 USACE NCMP topobathy lidar (CHARTS) (flown 2009-08-10 to 2009-08-24) per CoastSat transect (906 of 906 transects), geolocated as origin + chainage * unit vector and strung into one line in alongshore order. No outlier rejection, no smoothing.",coastsat_mean_shoreline.py,2026-09-29,"Window mean, not a survey. Median 28 positions per transect; see transect_means_2008-08-17_2010-08-17.csv and PROVENANCE.md.",shoreline_mean_2008-08-17_2010-08-17.geojson,transects_100m.geojson,2026-09-29,duneline_to_raw_offsets.py
27,144,5611.8193293769145,1,454586.6329706231,3912062.3268999998,Shoreline (CoastSat window mean),2008-08-17/2010-08-17,Landsat 5/7/8 via CoastSat (coastsat.space),"Mean of the satellite positions in 2008-08-17 to 2010-08-17, ±1 yr of the 2009 USACE NCMP topobathy lidar (CHARTS) (flown 2009-08-10 to 2009-08-24) per CoastSat transect (906 of 906 transects), geolocated as origin + chainage * unit vector and strung into one line in alongshore order. No outlier rejection, no smoothing.",coastsat_mean_shoreline.py,2026-09-29,"Window mean, not a survey. Median 28 positions per transect; see transect_means_2008-08-17_2010-08-17.csv and PROVENANCE.md.",shoreline_mean_2008-08-17_2010-08-17.geojson,transects_100m.geojson,2026-09-29,duneline_to_raw_offsets.py
27,145,5588.792597781809,1,454609.6597022182,3912162.3268999998,Shoreline (CoastSat window mean),2008-08-17/2010-08-17,Landsat 5/7/8 via CoastSat (coastsat.space),"Mean of the satellite positions in 2008-08-17 to 2010-08-17, ±1 yr of the 2009 USACE NCMP topobathy lidar (CHARTS) (flown 2009-08-10 to 2009-08-24) per CoastSat transect (906 of 906 transects), geolocated as origin + chainage * unit vector and strung into one line in alongshore order. No outlier rejection, no smoothing.",coastsat_mean_shoreline.py,2026-09-29,"Window mean, not a survey. Median 28 positions per transect; see transect_means_2008-08-17_2010-08-17.csv and PROVENANCE.md.",shoreline_mean_2008-08-17_2010-08-17.geojson,transects_100m.geojson,2026-09-29,duneline_to_raw_offsets.py
27,146,5568.992696256726,1,454629.4596037433,3912262.3268999998,Shoreline (CoastSat window mean),2008-08-17/2010-08-17,Landsat 5/7/8 via CoastSat (coastsat.space),"Mean of the satellite positions in 2008-08-17 to 2010-08-17, ±1 yr of the 2009 USACE NCMP topobathy lidar (CHARTS) (flown 2009-08-10 to 2009-08-24) per CoastSat transect (906 of 906 transects), geolocated as origin + chainage * unit vector and strung into one line in alongshore order. No outlier rejection, no smoothing.",coastsat_mean_shoreline.py,2026-09-29,"Window mean, not a survey. Median 28 positions per transect; see transect_means_2008-08-17_2010-08-17.csv and PROVENANCE.md.",shoreline_mean_2008-08-17_2010-08-17.geojson,transects_100m.geojson,2026-09-29,duneline_to_raw_offsets.py
27,147,5548.5198601186285,1,454649.9324398814,3912362.3268999998,Shoreline (CoastSat window mean),2008-08-17/2010-08-17,Landsat 5/7/8 via CoastSat (coastsat.space),"Mean of the satellite positions in 2008-08-17 to 2010-08-17, ±1 yr of the 2009 USACE NCMP topobathy lidar (CHARTS) (flown 2009-08-10 to 2009-08-24) per CoastSat transect (906 of 906 transects), geolocated as origin + chainage * unit vector and strung into one line in alongshore order. No outlier rejection, no smoothing.",coastsat_mean_shoreline.py,2026-09-29,"Window mean, not a survey. Median 28 positions per transect; see transect_means_2008-08-17_2010-08-17.csv and PROVENANCE.md.",shoreline_mean_2008-08-17_2010-08-17.geojson,transects_100m.geojson,2026-09-29,duneline_to_raw_offsets.py
28,148,5528.5812378086275,1,454669.8710621914,3912462.3268999998,Shoreline (CoastSat window mean),2008-08-17/2010-08-17,Landsat 5/7/8 via CoastSat (coastsat.space),"Mean of the satellite positions in 2008-08-17 to 2010-08-17, ±1 yr of the 2009 USACE NCMP topobathy lidar (CHARTS) (flown 2009-08-10 to 2009-08-24) per CoastSat transect (906 of 906 transects), geolocated as origin + chainage * unit vector and strung into one line in alongshore order. No outlier rejection, no smoothing.",coastsat_mean_shoreline.py,2026-09-29,"Window mean, not a survey. Median 28 positions per transect; see transect_means_2008-08-17_2010-08-17.csv and PROVENANCE.md.",shoreline_mean_2008-08-17_2010-08-17.geojson,transects_100m.geojson,2026-09-29,duneline_to_raw_offsets.py
28,149,5500.1345092788115,1,454698.3177907212,3912562.3268999998,Shoreline (CoastSat window mean),2008-08-17/2010-08-17,Landsat 5/7/8 via CoastSat (coastsat.space),"Mean of the satellite positions in 2008-08-17 to 2010-08-17, ±1 yr of the 2009 USACE NCMP topobathy lidar (CHARTS) (flown 2009-08-10 to 2009-08-24) per CoastSat transect (906 of 906 transects), geolocated as origin + chainage * unit vector and strung into one line in alongshore order. No outlier rejection, no smoothing.",coastsat_mean_shoreline.py,2026-09-29,"Window mean, not a survey. Median 28 positions per transect; see transect_means_2008-08-17_2010-08-17.csv and PROVENANCE.md.",shoreline_mean_2008-08-17_2010-08-17.geojson,transects_100m.geojson,2026-09-29,duneline_to_raw_offsets.py
28,150,5472.519900948857,1,454725.93239905115,3912662.3268999998,Shoreline (CoastSat window mean),2008-08-17/2010-08-17,Landsat 5/7/8 via CoastSat (coastsat.space),"Mean of the satellite positions in 2008-08-17 to 2010-08-17, ±1 yr of the 2009 USACE NCMP topobathy lidar (CHARTS) (flown 2009-08-10 to 2009-08-24) per CoastSat transect (906 of 906 transects), geolocated as origin + chainage * unit vector and strung into one line in alongshore order. No outlier rejection, no smoothing.",coastsat_mean_shoreline.py,2026-09-29,"Window mean, not a survey. Median 28 positions per transect; see transect_means_2008-08-17_2010-08-17.csv and PROVENANCE.md.",shoreline_mean_2008-08-17_2010-08-17.geojson,transects_100m.geojson,2026-09-29,duneline_to_raw_offsets.py
28,151,5445.4837982526515,1,454752.96850174735,3912762.3268999998,Shoreline (CoastSat window mean),2008-08-17/2010-08-17,Landsat 5/7/8 via CoastSat (coastsat.space),"Mean of the satellite positions in 2008-08-17 to 2010-08-17, ±1 yr of the 2009 USACE NCMP topobathy lidar (CHARTS) (flown 2009-08-10 to 2009-08-24) per CoastSat transect (906 of 906 transects), geolocated as origin + chainage * unit vector and strung into one line in alongshore order. No outlier rejection, no smoothing.",coastsat_mean_shoreline.py,2026-09-29,"Window mean, not a survey. Median 28 positions per transect; see transect_means_2008-08-17_2010-08-17.csv and PROVENANCE.md.",shoreline_mean_2008-08-17_2010-08-17.geojson,transects_100m.geojson,2026-09-29,duneline_to_raw_offsets.py
28,152,5421.019405220577,1,454777.4328947794,3912862.3268999998,Shoreline (CoastSat window mean),2008-08-17/2010-08-17,Landsat 5/7/8 via CoastSat (coastsat.space),"Mean of the satellite positions in 2008-08-17 to 2010-08-17, ±1 yr of the 2009 USACE NCMP topobathy lidar (CHARTS) (flown 2009-08-10 to 2009-08-24) per CoastSat transect (906 of 906 transects), geolocated as origin + chainage * unit vector and strung into one line in alongshore order. No outlier rejection, no smoothing.",coastsat_mean_shoreline.py,2026-09-29,"Window mean, not a survey. Median 28 positions per transect; see transect_means_2008-08-17_2010-08-17.csv and PROVENANCE.md.",shoreline_mean_2008-08-17_2010-08-17.geojson,transects_100m.geojson,2026-09-29,duneline_to_raw_offsets.py
29,153,5397.612826668366,1,454800.83947333164,3912962.3268999998,Shoreline (CoastSat window mean),2008-08-17/2010-08-17,Landsat 5/7/8 via CoastSat (coastsat.space),"Mean of the satellite positions in 2008-08-17 to 2010-08-17, ±1 yr of the 2009 USACE NCMP topobathy lidar (CHARTS) (flown 2009-08-10 to 2009-08-24) per CoastSat transect (906 of 906 transects), geolocated as origin + chainage * unit vector and strung into one line in alongshore order. No outlier rejection, no smoothing.",coastsat_mean_shoreline.py,2026-09-29,"Window mean, not a survey. Median 28 positions per transect; see transect_means_2008-08-17_2010-08-17.csv and PROVENANCE.md.",shoreline_mean_2008-08-17_2010-08-17.geojson,transects_100m.geojson,2026-09-29,duneline_to_raw_offsets.py
29,154,5376.668349499989,1,454821.7839505,3913062.3268999998,Shoreline (CoastSat window mean),2008-08-17/2010-08-17,Landsat 5/7/8 via CoastSat (coastsat.space),"Mean of the satellite positions in 2008-08-17 to 2010-08-17, ±1 yr of the 2009 USACE NCMP topobathy lidar (CHARTS) (flown 2009-08-10 to 2009-08-24) per CoastSat transect (906 of 906 transects), geolocated as origin + chainage * unit vector and strung into one line in alongshore order. No outlier rejection, no smoothing.",coastsat_mean_shoreline.py,2026-09-29,"Window mean, not a survey. Median 28 positions per transect; see transect_means_2008-08-17_2010-08-17.csv and PROVENANCE.md.",shoreline_mean_2008-08-17_2010-08-17.geojson,transects_100m.geojson,2026-09-29,duneline_to_raw_offsets.py
29,155,5358.448493347329,1,454840.0038066527,3913162.3268999998,Shoreline (CoastSat window mean),2008-08-17/2010-08-17,Landsat 5/7/8 via CoastSat (coastsat.space),"Mean of the satellite positions in 2008-08-17 to 2010-08-17, ±1 yr of the 2009 USACE NCMP topobathy lidar (CHARTS) (flown 2009-08-10 to 2009-08-24) per CoastSat transect (906 of 906 transects), geolocated as origin + chainage * unit vector and strung into one line in alongshore order. No outlier rejection, no smoothing.",coastsat_mean_shoreline.py,2026-09-29,"Window mean, not a survey. Median 28 positions per transect; see transect_means_2008-08-17_2010-08-17.csv and PROVENANCE.md.",shoreline_mean_2008-08-17_2010-08-17.geojson,transects_100m.geojson,2026-09-29,duneline_to_raw_offsets.py
29,156,5340.2573539243895,1,454858.1949460756,3913262.3268999998,Shoreline (CoastSat window mean),2008-08-17/2010-08-17,Landsat 5/7/8 via CoastSat (coastsat.space),"Mean of the satellite positions in 2008-08-17 to 2010-08-17, ±1 yr of the 2009 USACE NCMP topobathy lidar (CHARTS) (flown 2009-08-10 to 2009-08-24) per CoastSat transect (906 of 906 transects), geolocated as origin + chainage * unit vector and strung into one line in alongshore order. No outlier rejection, no smoothing.",coastsat_mean_shoreline.py,2026-09-29,"Window mean, not a survey. Median 28 positions per transect; see transect_means_2008-08-17_2010-08-17.csv and PROVENANCE.md.",shoreline_mean_2008-08-17_2010-08-17.geojson,transects_100m.geojson,2026-09-29,duneline_to_raw_offsets.py
29,157,5319.456844241067,1,454878.99545575894,3913362.3268999998,Shoreline (CoastSat window mean),2008-08-17/2010-08-17,Landsat 5/7/8 via CoastSat (coastsat.space),"Mean of the satellite positions in 2008-08-17 to 2010-08-17, ±1 yr of the 2009 USACE NCMP topobathy lidar (CHARTS) (flown 2009-08-10 to 2009-08-24) per CoastSat transect (906 of 906 transects), geolocated as origin + chainage * unit vector and strung into one line in alongshore order. No outlier rejection, no smoothing.",coastsat_mean_shoreline.py,2026-09-29,"Window mean, not a survey. Median 28 positions per transect; see transect_means_2008-08-17_2010-08-17.csv and PROVENANCE.md.",shoreline_mean_2008-08-17_2010-08-17.geojson,transects_100m.geojson,2026-09-29,duneline_to_raw_offsets.py
30,158,5294.950576260105,1,454903.5017237399,3913462.3268999998,Shoreline (CoastSat window mean),2008-08-17/2010-08-17,Landsat 5/7/8 via CoastSat (coastsat.space),"Mean of the satellite positions in 2008-08-17 to 2010-08-17, ±1 yr of the 2009 USACE NCMP topobathy lidar (CHARTS) (flown 2009-08-10 to 2009-08-24) per CoastSat transect (906 of 906 transects), geolocated as origin + chainage * unit vector and strung into one line in alongshore order. No outlier rejection, no smoothing.",coastsat_mean_shoreline.py,2026-09-29,"Window mean, not a survey. Median 28 positions per transect; see transect_means_2008-08-17_2010-08-17.csv and PROVENANCE.md.",shoreline_mean_2008-08-17_2010-08-17.geojson,transects_100m.geojson,2026-09-29,duneline_to_raw_offsets.py
30,159,5269.0575118604465,1,454929.39478813956,3913562.3268999998,Shoreline (CoastSat window mean),2008-08-17/2010-08-17,Landsat 5/7/8 via CoastSat (coastsat.space),"Mean of the satellite positions in 2008-08-17 to 2010-08-17, ±1 yr of the 2009 USACE NCMP topobathy lidar (CHARTS) (flown 2009-08-10 to 2009-08-24) per CoastSat transect (906 of 906 transects), geolocated as origin + chainage * unit vector and strung into one line in alongshore order. No outlier rejection, no smoothing.",coastsat_mean_shoreline.py,2026-09-29,"Window mean, not a survey. Median 28 positions per transect; see transect_means_2008-08-17_2010-08-17.csv and PROVENANCE.md.",shoreline_mean_2008-08-17_2010-08-17.geojson,transects_100m.geojson,2026-09-29,duneline_to_raw_offsets.py
30,160,5243.390476597007,1,454955.061823403,3913662.3268999998,Shoreline (CoastSat window mean),2008-08-17/2010-08-17,Landsat 5/7/8 via CoastSat (coastsat.space),"Mean of the satellite positions in 2008-08-17 to 2010-08-17, ±1 yr of the 2009 USACE NCMP topobathy lidar (CHARTS) (flown 2009-08-10 to 2009-08-24) per CoastSat transect (906 of 906 transects), geolocated as origin + chainage * unit vector and strung into one line in alongshore order. No outlier rejection, no smoothing.",coastsat_mean_shoreline.py,2026-09-29,"Window mean, not a survey. Median 28 positions per transect; see transect_means_2008-08-17_2010-08-17.csv and PROVENANCE.md.",shoreline_mean_2008-08-17_2010-08-17.geojson,transects_100m.geojson,2026-09-29,duneline_to_raw_offsets.py
30,161,5214.738088188227,1,454983.7142118118,3913762.3268999998,Shoreline (CoastSat window mean),2008-08-17/2010-08-17,Landsat 5/7/8 via CoastSat (coastsat.space),"Mean of the satellite positions in 2008-08-17 to 2010-08-17, ±1 yr of the 2009 USACE NCMP topobathy lidar (CHARTS) (flown 2009-08-10 to 2009-08-24) per CoastSat transect (906 of 906 transects), geolocated as origin + chainage * unit vector and strung into one line in alongshore order. No outlier rejection, no smoothing.",coastsat_mean_shoreline.py,2026-09-29,"Window mean, not a survey. Median 28 positions per transect; see transect_means_2008-08-17_2010-08-17.csv and PROVENANCE.md.",shoreline_mean_2008-08-17_2010-08-17.geojson,transects_100m.geojson,2026-09-29,duneline_to_raw_offsets.py
30,162,5191.867671505897,1,455006.5846284941,3913862.3268999998,Shoreline (CoastSat window mean),2008-08-17/2010-08-17,Landsat 5/7/8 via CoastSat (coastsat.space),"Mean of the satellite positions in 2008-08-17 to 2010-08-17, ±1 yr of the 2009 USACE NCMP topobathy lidar (CHARTS) (flown 2009-08-10 to 2009-08-24) per CoastSat transect (906 of 906 transects), geolocated as origin + chainage * unit vector and strung into one line in alongshore order. No outlier rejection, no smoothing.",coastsat_mean_shoreline.py,2026-09-29,"Window mean, not a survey. Median 28 positions per transect; see transect_means_2008-08-17_2010-08-17.csv and PROVENANCE.md.",shoreline_mean_2008-08-17_2010-08-17.geojson,transects_100m.geojson,2026-09-29,duneline_to_raw_offsets.py
31,163,5166.882763377624,1,455031.5695366224,3913962.3268999998,Shoreline (CoastSat window mean),2008-08-17/2010-08-17,Landsat 5/7/8 via CoastSat (coastsat.space),"Mean of the satellite positions in 2008-08-17 to 2010-08-17, ±1 yr of the 2009 USACE NCMP topobathy lidar (CHARTS) (flown 2009-08-10 to 2009-08-24) per CoastSat transect (906 of 906 transects), geolocated as origin + chainage * unit vector and strung into one line in alongshore order. No outlier rejection, no smoothing.",coastsat_mean_shoreline.py,2026-09-29,"Window mean, not a survey. Median 28 positions per transect; see transect_means_2008-08-17_2010-08-17.csv and PROVENANCE.md.",shoreline_mean_2008-08-17_2010-08-17.geojson,transects_100m.geojson,2026-09-29,duneline_to_raw_offsets.py
31,164,5138.869906328096,1,455059.5823936719,3914062.3268999998,Shoreline (CoastSat window mean),2008-08-17/2010-08-17,Landsat 5/7/8 via CoastSat (coastsat.space),"Mean of the satellite positions in 2008-08-17 to 2010-08-17, ±1 yr of the 2009 USACE NCMP topobathy lidar (CHARTS) (flown 2009-08-10 to 2009-08-24) per CoastSat transect (906 of 906 transects), geolocated as origin + chainage * unit vector and strung into one line in alongshore order. No outlier rejection, no smoothing.",coastsat_mean_shoreline.py,2026-09-29,"Window mean, not a survey. Median 28 positions per transect; see transect_means_2008-08-17_2010-08-17.csv and PROVENANCE.md.",shoreline_mean_2008-08-17_2010-08-17.geojson,transects_100m.geojson,2026-09-29,duneline_to_raw_offsets.py
31,165,5113.928509932128,1,455084.5237900679,3914162.3268999998,Shoreline (CoastSat window mean),2008-08-17/2010-08-17,Landsat 5/7/8 via CoastSat (coastsat.space),"Mean of the satellite positions in 2008-08-17 to 2010-08-17, ±1 yr of the 2009 USACE NCMP topobathy lidar (CHARTS) (flown 2009-08-10 to 2009-08-24) per CoastSat transect (906 of 906 transects), geolocated as origin + chainage * unit vector and strung into one line in alongshore order. No outlier rejection, no smoothing.",coastsat_mean_shoreline.py,2026-09-29,"Window mean, not a survey. Median 28 positions per transect; see transect_means_2008-08-17_2010-08-17.csv and PROVENANCE.md.",shoreline_mean_2008-08-17_2010-08-17.geojson,transects_100m.geojson,2026-09-29,duneline_to_raw_offsets.py
31,166,5088.345361701039,1,455110.10693829897,3914262.3268999998,Shoreline (CoastSat window mean),2008-08-17/2010-08-17,Landsat 5/7/8 via CoastSat (coastsat.space),"Mean of the satellite positions in 2008-08-17 to 2010-08-17, ±1 yr of the 2009 USACE NCMP topobathy lidar (CHARTS) (flown 2009-08-10 to 2009-08-24) per CoastSat transect (906 of 906 transects), geolocated as origin + chainage * unit vector and strung into one line in alongshore order. No outlier rejection, no smoothing.",coastsat_mean_shoreline.py,2026-09-29,"Window mean, not a survey. Median 28 positions per transect; see transect_means_2008-08-17_2010-08-17.csv and PROVENANCE.md.",shoreline_mean_2008-08-17_2010-08-17.geojson,transects_100m.geojson,2026-09-29,duneline_to_raw_offsets.py
31,167,5063.700654770131,1,455134.7516452299,3914362.3268999998,Shoreline (CoastSat window mean),2008-08-17/2010-08-17,Landsat 5/7/8 via CoastSat (coastsat.space),"Mean of the satellite positions in 2008-08-17 to 2010-08-17, ±1 yr of the 2009 USACE NCMP topobathy lidar (CHARTS) (flown 2009-08-10 to 2009-08-24) per CoastSat transect (906 of 906 transects), geolocated as origin + chainage * unit vector and strung into one line in alongshore order. No outlier rejection, no smoothing.",coastsat_mean_shoreline.py,2026-09-29,"Window mean, not a survey. Median 28 positions per transect; see transect_means_2008-08-17_2010-08-17.csv and PROVENANCE.md.",shoreline_mean_2008-08-17_2010-08-17.geojson,transects_100m.geojson,2026-09-29,duneline_to_raw_offsets.py
32,168,5035.654041008325,1,455162.7982589917,3914462.3268999998,Shoreline (CoastSat window mean),2008-08-17/2010-08-17,Landsat 5/7/8 via CoastSat (coastsat.space),"Mean of the satellite positions in 2008-08-17 to 2010-08-17, ±1 yr of the 2009 USACE NCMP topobathy lidar (CHARTS) (flown 2009-08-10 to 2009-08-24) per CoastSat transect (906 of 906 transects), geolocated as origin + chainage * unit vector and strung into one line in alongshore order. No outlier rejection, no smoothing.",coastsat_mean_shoreline.py,2026-09-29,"Window mean, not a survey. Median 28 positions per transect; see transect_means_2008-08-17_2010-08-17.csv and PROVENANCE.md.",shoreline_mean_2008-08-17_2010-08-17.geojson,transects_100m.geojson,2026-09-29,duneline_to_raw_offsets.py
32,169,5010.041760391906,1,455188.4105396081,3914562.3268999998,Shoreline (CoastSat window mean),2008-08-17/2010-08-17,Landsat 5/7/8 via CoastSat (coastsat.space),"Mean of the satellite positions in 2008-08-17 to 2010-08-17, ±1 yr of the 2009 USACE NCMP topobathy lidar (CHARTS) (flown 2009-08-10 to 2009-08-24) per CoastSat transect (906 of 906 transects), geolocated as origin + chainage * unit vector and strung into one line in alongshore order. No outlier rejection, no smoothing.",coastsat_mean_shoreline.py,2026-09-29,"Window mean, not a survey. Median 28 positions per transect; see transect_means_2008-08-17_2010-08-17.csv and PROVENANCE.md.",shoreline_mean_2008-08-17_2010-08-17.geojson,transects_100m.geojson,2026-09-29,duneline_to_raw_offsets.py
32,170,4982.496479367488,1,455215.9558206325,3914662.3268999998,Shoreline (CoastSat window mean),2008-08-17/2010-08-17,Landsat 5/7/8 via CoastSat (coastsat.space),"Mean of the satellite positions in 2008-08-17 to 2010-08-17, ±1 yr of the 2009 USACE NCMP topobathy lidar (CHARTS) (flown 2009-08-10 to 2009-08-24) per CoastSat transect (906 of 906 transects), geolocated as origin + chainage * unit vector and strung into one line in alongshore order. No outlier rejection, no smoothing.",coastsat_mean_shoreline.py,2026-09-29,"Window mean, not a survey. Median 28 positions per transect; see transect_means_2008-08-17_2010-08-17.csv and PROVENANCE.md.",shoreline_mean_2008-08-17_2010-08-17.geojson,transects_100m.geojson,2026-09-29,duneline_to_raw_offsets.py
32,171,4951.858661740553,1,455246.59363825945,3914762.3268999998,Shoreline (CoastSat window mean),2008-08-17/2010-08-17,Landsat 5/7/8 via CoastSat (coastsat.space),"Mean of the satellite positions in 2008-08-17 to 2010-08-17, ±1 yr of the 2009 USACE NCMP topobathy lidar (CHARTS) (flown 2009-08-10 to 2009-08-24) per CoastSat transect (906 of 906 transects), geolocated as origin + chainage * unit vector and strung into one line in alongshore order. No outlier rejection, no smoothing.",coastsat_mean_shoreline.py,2026-09-29,"Window mean, not a survey. Median 28 positions per transect; see transect_means_2008-08-17_2010-08-17.csv and PROVENANCE.md.",shoreline_mean_2008-08-17_2010-08-17.geojson,transects_100m.geojson,2026-09-29,duneline_to_raw_offsets.py
32,172,4926.762969320524,1,455271.6893306795,3914862.3268999998,Shoreline (CoastSat window mean),2008-08-17/2010-08-17,Landsat 5/7/8 via CoastSat (coastsat.space),"Mean of the satellite positions in 2008-08-17 to 2010-08-17, ±1 yr of the 2009 USACE NCMP topobathy lidar (CHARTS) (flown 2009-08-10 to 2009-08-24) per CoastSat transect (906 of 906 transects), geolocated as origin + chainage * unit vector and strung into one line in alongshore order. No outlier rejection, no smoothing.",coastsat_mean_shoreline.py,2026-09-29,"Window mean, not a survey. Median 28 positions per transect; see transect_means_2008-08-17_2010-08-17.csv and PROVENANCE.md.",shoreline_mean_2008-08-17_2010-08-17.geojson,transects_100m.geojson,2026-09-29,duneline_to_raw_offsets.py
33,173,4900.407288911811,1,455298.0450110882,3914962.3268999998,Shoreline (CoastSat window mean),2008-08-17/2010-08-17,Landsat 5/7/8 via CoastSat (coastsat.space),"Mean of the satellite positions in 2008-08-17 to 2010-08-17, ±1 yr of the 2009 USACE NCMP topobathy lidar (CHARTS) (flown 2009-08-10 to 2009-08-24) per CoastSat transect (906 of 906 transects), geolocated as origin + chainage * unit vector and strung into one line in alongshore order. No outlier rejection, no smoothing.",coastsat_mean_shoreline.py,2026-09-29,"Window mean, not a survey. Median 28 positions per transect; see transect_means_2008-08-17_2010-08-17.csv and PROVENANCE.md.",shoreline_mean_2008-08-17_2010-08-17.geojson,transects_100m.geojson,2026-09-29,duneline_to_raw_offsets.py
33,174,4877.320162431511,1,455321.1321375685,3915062.3268999998,Shoreline (CoastSat window mean),2008-08-17/2010-08-17,Landsat 5/7/8 via CoastSat (coastsat.space),"Mean of the satellite positions in 2008-08-17 to 2010-08-17, ±1 yr of the 2009 USACE NCMP topobathy lidar (CHARTS) (flown 2009-08-10 to 2009-08-24) per CoastSat transect (906 of 906 transects), geolocated as origin + chainage * unit vector and strung into one line in alongshore order. No outlier rejection, no smoothing.",coastsat_mean_shoreline.py,2026-09-29,"Window mean, not a survey. Median 28 positions per transect; see transect_means_2008-08-17_2010-08-17.csv and PROVENANCE.md.",shoreline_mean_2008-08-17_2010-08-17.geojson,transects_100m.geojson,2026-09-29,duneline_to_raw_offsets.py
33,175,4855.222792243817,1,455343.2295077562,3915162.3268999998,Shoreline (CoastSat window mean),2008-08-17/2010-08-17,Landsat 5/7/8 via CoastSat (coastsat.space),"Mean of the satellite positions in 2008-08-17 to 2010-08-17, ±1 yr of the 2009 USACE NCMP topobathy lidar (CHARTS) (flown 2009-08-10 to 2009-08-24) per CoastSat transect (906 of 906 transects), geolocated as origin + chainage * unit vector and strung into one line in alongshore order. No outlier rejection, no smoothing.",coastsat_mean_shoreline.py,2026-09-29,"Window mean, not a survey. Median 28 positions per transect; see transect_means_2008-08-17_2010-08-17.csv and PROVENANCE.md.",shoreline_mean_2008-08-17_2010-08-17.geojson,transects_100m.geojson,2026-09-29,duneline_to_raw_offsets.py
33,176,4837.360514673055,1,455361.09178532695,3915262.3268999998,Shoreline (CoastSat window mean),2008-08-17/2010-08-17,Landsat 5/7/8 via CoastSat (coastsat.space),"Mean of the satellite positions in 2008-08-17 to 2010-08-17, ±1 yr of the 2009 USACE NCMP topobathy lidar (CHARTS) (flown 2009-08-10 to 2009-08-24) per CoastSat transect (906 of 906 transects), geolocated as origin + chainage * unit vector and strung into one line in alongshore order. No outlier rejection, no smoothing.",coastsat_mean_shoreline.py,2026-09-29,"Window mean, not a survey. Median 28 positions per transect; see transect_means_2008-08-17_2010-08-17.csv and PROVENANCE.md.",shoreline_mean_2008-08-17_2010-08-17.geojson,transects_100m.geojson,2026-09-29,duneline_to_raw_offsets.py
33,177,4817.266274893656,1,455381.18602510635,3915362.3268999998,Shoreline (CoastSat window mean),2008-08-17/2010-08-17,Landsat 5/7/8 via CoastSat (coastsat.space),"Mean of the satellite positions in 2008-08-17 to 2010-08-17, ±1 yr of the 2009 USACE NCMP topobathy lidar (CHARTS) (flown 2009-08-10 to 2009-08-24) per CoastSat transect (906 of 906 transects), geolocated as origin + chainage * unit vector and strung into one line in alongshore order. No outlier rejection, no smoothing.",coastsat_mean_shoreline.py,2026-09-29,"Window mean, not a survey. Median 28 positions per transect; see transect_means_2008-08-17_2010-08-17.csv and PROVENANCE.md.",shoreline_mean_2008-08-17_2010-08-17.geojson,transects_100m.geojson,2026-09-29,duneline_to_raw_offsets.py
34,178,4791.777127445617,1,455406.6751725544,3915462.3268999998,Shoreline (CoastSat window mean),2008-08-17/2010-08-17,Landsat 5/7/8 via CoastSat (coastsat.space),"Mean of the satellite positions in 2008-08-17 to 2010-08-17, ±1 yr of the 2009 USACE NCMP topobathy lidar (CHARTS) (flown 2009-08-10 to 2009-08-24) per CoastSat transect (906 of 906 transects), geolocated as origin + chainage * unit vector and strung into one line in alongshore order. No outlier rejection, no smoothing.",coastsat_mean_shoreline.py,2026-09-29,"Window mean, not a survey. Median 28 positions per transect; see transect_means_2008-08-17_2010-08-17.csv and PROVENANCE.md.",shoreline_mean_2008-08-17_2010-08-17.geojson,transects_100m.geojson,2026-09-29,duneline_to_raw_offsets.py
34,179,4766.433707933524,1,455432.0185920665,3915562.3268999998,Shoreline (CoastSat window mean),2008-08-17/2010-08-17,Landsat 5/7/8 via CoastSat (coastsat.space),"Mean of the satellite positions in 2008-08-17 to 2010-08-17, ±1 yr of the 2009 USACE NCMP topobathy lidar (CHARTS) (flown 2009-08-10 to 2009-08-24) per CoastSat transect (906 of 906 transects), geolocated as origin + chainage * unit vector and strung into one line in alongshore order. No outlier rejection, no smoothing.",coastsat_mean_shoreline.py,2026-09-29,"Window mean, not a survey. Median 28 positions per transect; see transect_means_2008-08-17_2010-08-17.csv and PROVENANCE.md.",shoreline_mean_2008-08-17_2010-08-17.geojson,transects_100m.geojson,2026-09-29,duneline_to_raw_offsets.py
34,180,4743.247622620896,1,455455.2046773791,3915662.3268999998,Shoreline (CoastSat window mean),2008-08-17/2010-08-17,Landsat 5/7/8 via CoastSat (coastsat.space),"Mean of the satellite positions in 2008-08-17 to 2010-08-17, ±1 yr of the 2009 USACE NCMP topobathy lidar (CHARTS) (flown 2009-08-10 to 2009-08-24) per CoastSat transect (906 of 906 transects), geolocated as origin + chainage * unit vector and strung into one line in alongshore order. No outlier rejection, no smoothing.",coastsat_mean_shoreline.py,2026-09-29,"Window mean, not a survey. Median 28 positions per transect; see transect_means_2008-08-17_2010-08-17.csv and PROVENANCE.md.",shoreline_mean_2008-08-17_2010-08-17.geojson,transects_100m.geojson,2026-09-29,duneline_to_raw_offsets.py
34,181,4721.344215817342,1,455477.10808418266,3915762.3268999998,Shoreline (CoastSat window mean),2008-08-17/2010-08-17,Landsat 5/7/8 via CoastSat (coastsat.space),"Mean of the satellite positions in 2008-08-17 to 2010-08-17, ±1 yr of the 2009 USACE NCMP topobathy lidar (CHARTS) (flown 2009-08-10 to 2009-08-24) per CoastSat transect (906 of 906 transects), geolocated as origin + chainage * unit vector and strung into one line in alongshore order. No outlier rejection, no smoothing.",coastsat_mean_shoreline.py,2026-09-29,"Window mean, not a survey. Median 28 positions per transect; see transect_means_2008-08-17_2010-08-17.csv and PROVENANCE.md.",shoreline_mean_2008-08-17_2010-08-17.geojson,transects_100m.geojson,2026-09-29,duneline_to_raw_offsets.py
34,182,4698.380057105271,1,455500.07224289473,3915862.3268999998,Shoreline (CoastSat window mean),2008-08-17/2010-08-17,Landsat 5/7/8 via CoastSat (coastsat.space),"Mean of the satellite positions in 2008-08-17 to 2010-08-17, ±1 yr of the 2009 USACE NCMP topobathy lidar (CHARTS) (flown 2009-08-10 to 2009-08-24) per CoastSat transect (906 of 906 transects), geolocated as origin + chainage * unit vector and strung into one line in alongshore order. No outlier rejection, no smoothing.",coastsat_mean_shoreline.py,2026-09-29,"Window mean, not a survey. Median 28 positions per transect; see transect_means_2008-08-17_2010-08-17.csv and PROVENANCE.md.",shoreline_mean_2008-08-17_2010-08-17.geojson,transects_100m.geojson,2026-09-29,duneline_to_raw_offsets.py
35,183,4675.5173086351715,1,455522.93499136483,3915962.3268999998,Shoreline (CoastSat window mean),2008-08-17/2010-08-17,Landsat 5/7/8 via CoastSat (coastsat.space),"Mean of the satellite positions in 2008-08-17 to 2010-08-17, ±1 yr of the 2009 USACE NCMP topobathy lidar (CHARTS) (flown 2009-08-10 to 2009-08-24) per CoastSat transect (906 of 906 transects), geolocated as origin + chainage * unit vector and strung into one line in alongshore order. No outlier rejection, no smoothing.",coastsat_mean_shoreline.py,2026-09-29,"Window mean, not a survey. Median 28 positions per transect; see transect_means_2008-08-17_2010-08-17.csv and PROVENANCE.md.",shoreline_mean_2008-08-17_2010-08-17.geojson,transects_100m.geojson,2026-09-29,duneline_to_raw_offsets.py
35,184,4655.4739971756935,1,455542.9783028243,3916062.3268999998,Shoreline (CoastSat window mean),2008-08-17/2010-08-17,Landsat 5/7/8 via CoastSat (coastsat.space),"Mean of the satellite positions in 2008-08-17 to 2010-08-17, ±1 yr of the 2009 USACE NCMP topobathy lidar (CHARTS) (flown 2009-08-10 to 2009-08-24) per CoastSat transect (906 of 906 transects), geolocated as origin + chainage * unit vector and strung into one line in alongshore order. No outlier rejection, no smoothing.",coastsat_mean_shoreline.py,2026-09-29,"Window mean, not a survey. Median 28 positions per transect; see transect_means_2008-08-17_2010-08-17.csv and PROVENANCE.md.",shoreline_mean_2008-08-17_2010-08-17.geojson,transects_100m.geojson,2026-09-29,duneline_to_raw_offsets.py
35,185,4637.2295002451865,1,455561.2227997548,3916162.3268999998,Shoreline (CoastSat window mean),2008-08-17/2010-08-17,Landsat 5/7/8 via CoastSat (coastsat.space),"Mean of the satellite positions in 2008-08-17 to 2010-08-17, ±1 yr of the 2009 USACE NCMP topobathy lidar (CHARTS) (flown 2009-08-10 to 2009-08-24) per CoastSat transect (906 of 906 transects), geolocated as origin + chainage * unit vector and strung into one line in alongshore order. No outlier rejection, no smoothing.",coastsat_mean_shoreline.py,2026-09-29,"Window mean, not a survey. Median 28 positions per transect; see transect_means_2008-08-17_2010-08-17.csv and PROVENANCE.md.",shoreline_mean_2008-08-17_2010-08-17.geojson,transects_100m.geojson,2026-09-29,duneline_to_raw_offsets.py
35,186,4622.926129438914,1,455575.5261705611,3916262.3268999998,Shoreline (CoastSat window mean),2008-08-17/2010-08-17,Landsat 5/7/8 via CoastSat (coastsat.space),"Mean of the satellite positions in 2008-08-17 to 2010-08-17, ±1 yr of the 2009 USACE NCMP topobathy lidar (CHARTS) (flown 2009-08-10 to 2009-08-24) per CoastSat transect (906 of 906 transects), geolocated as origin + chainage * unit vector and strung into one line in alongshore order. No outlier rejection, no smoothing.",coastsat_mean_shoreline.py,2026-09-29,"Window mean, not a survey. Median 28 positions per transect; see transect_means_2008-08-17_2010-08-17.csv and PROVENANCE.md.",shoreline_mean_2008-08-17_2010-08-17.geojson,transects_100m.geojson,2026-09-29,duneline_to_raw_offsets.py
35,187,4603.038318964536,1,455595.41398103547,3916362.3268999998,Shoreline (CoastSat window mean),2008-08-17/2010-08-17,Landsat 5/7/8 via CoastSat (coastsat.space),"Mean of the satellite positions in 2008-08-17 to 2010-08-17, ±1 yr of the 2009 USACE NCMP topobathy lidar (CHARTS) (flown 2009-08-10 to 2009-08-24) per CoastSat transect (906 of 906 transects), geolocated as origin + chainage * unit vector and strung into one line in alongshore order. No outlier rejection, no smoothing.",coastsat_mean_shoreline.py,2026-09-29,"Window mean, not a survey. Median 28 positions per transect; see transect_means_2008-08-17_2010-08-17.csv and PROVENANCE.md.",shoreline_mean_2008-08-17_2010-08-17.geojson,transects_100m.geojson,2026-09-29,duneline_to_raw_offsets.py
36,188,4582.416457744723,1,455616.0358422553,3916462.3268999998,Shoreline (CoastSat window mean),2008-08-17/2010-08-17,Landsat 5/7/8 via CoastSat (coastsat.space),"Mean of the satellite positions in 2008-08-17 to 2010-08-17, ±1 yr of the 2009 USACE NCMP topobathy lidar (CHARTS) (flown 2009-08-10 to 2009-08-24) per CoastSat transect (906 of 906 transects), geolocated as origin + chainage * unit vector and strung into one line in alongshore order. No outlier rejection, no smoothing.",coastsat_mean_shoreline.py,2026-09-29,"Window mean, not a survey. Median 28 positions per transect; see transect_means_2008-08-17_2010-08-17.csv and PROVENANCE.md.",shoreline_mean_2008-08-17_2010-08-17.geojson,transects_100m.geojson,2026-09-29,duneline_to_raw_offsets.py
36,189,4558.026790242642,1,455640.42550975736,3916562.3268999998,Shoreline (CoastSat window mean),2008-08-17/2010-08-17,Landsat 5/7/8 via CoastSat (coastsat.space),"Mean of the satellite positions in 2008-08-17 to 2010-08-17, ±1 yr of the 2009 USACE NCMP topobathy lidar (CHARTS) (flown 2009-08-10 to 2009-08-24) per CoastSat transect (906 of 906 transects), geolocated as origin + chainage * unit vector and strung into one line in alongshore order. No outlier rejection, no smoothing.",coastsat_mean_shoreline.py,2026-09-29,"Window mean, not a survey. Median 28 positions per transect; see transect_means_2008-08-17_2010-08-17.csv and PROVENANCE.md.",shoreline_mean_2008-08-17_2010-08-17.geojson,transects_100m.geojson,2026-09-29,duneline_to_raw_offsets.py
36,190,4532.586169750139,1,455665.86613024987,3916662.3268999998,Shoreline (CoastSat window mean),2008-08-17/2010-08-17,Landsat 5/7/8 via CoastSat (coastsat.space),"Mean of the satellite positions in 2008-08-17 to 2010-08-17, ±1 yr of the 2009 USACE NCMP topobathy lidar (CHARTS) (flown 2009-08-10 to 2009-08-24) per CoastSat transect (906 of 906 transects), geolocated as origin + chainage * unit vector and strung into one line in alongshore order. No outlier rejection, no smoothing.",coastsat_mean_shoreline.py,2026-09-29,"Window mean, not a survey. Median 28 positions per transect; see transect_means_2008-08-17_2010-08-17.csv and PROVENANCE.md.",shoreline_mean_2008-08-17_2010-08-17.geojson,transects_100m.geojson,2026-09-29,duneline_to_raw_offsets.py
36,191,4508.866951943724,1,455689.5853480563,3916762.3268999998,Shoreline (CoastSat window mean),2008-08-17/2010-08-17,Landsat 5/7/8 via CoastSat (coastsat.space),"Mean of the satellite positions in 2008-08-17 to 2010-08-17, ±1 yr of the 2009 USACE NCMP topobathy lidar (CHARTS) (flown 2009-08-10 to 2009-08-24) per CoastSat transect (906 of 906 transects), geolocated as origin + chainage * unit vector and strung into one line in alongshore order. No outlier rejection, no smoothing.",coastsat_mean_shoreline.py,2026-09-29,"Window mean, not a survey. Median 28 positions per transect; see transect_means_2008-08-17_2010-08-17.csv and PROVENANCE.md.",shoreline_mean_2008-08-17_2010-08-17.geojson,transects_100m.geojson,2026-09-29,duneline_to_raw_offsets.py
36,192,4484.716307327908,1,455713.7359926721,3916862.3268999998,Shoreline (CoastSat window mean),2008-08-17/2010-08-17,Landsat 5/7/8 via CoastSat (coastsat.space),"Mean of the satellite positions in 2008-08-17 to 2010-08-17, ±1 yr of the 2009 USACE NCMP topobathy lidar (CHARTS) (flown 2009-08-10 to 2009-08-24) per CoastSat transect (906 of 906 transects), geolocated as origin + chainage * unit vector and strung into one line in alongshore order. No outlier rejection, no smoothing.",coastsat_mean_shoreline.py,2026-09-29,"Window mean, not a survey. Median 28 positions per transect; see transect_means_2008-08-17_2010-08-17.csv and PROVENANCE.md.",shoreline_mean_2008-08-17_2010-08-17.geojson,transects_100m.geojson,2026-09-29,duneline_to_raw_offsets.py
37,193,4466.359397690685,1,455732.0929023093,3916962.3268999998,Shoreline (CoastSat window mean),2008-08-17/2010-08-17,Landsat 5/7/8 via CoastSat (coastsat.space),"Mean of the satellite positions in 2008-08-17 to 2010-08-17, ±1 yr of the 2009 USACE NCMP topobathy lidar (CHARTS) (flown 2009-08-10 to 2009-08-24) per CoastSat transect (906 of 906 transects), geolocated as origin + chainage * unit vector and strung into one line in alongshore order. No outlier rejection, no smoothing.",coastsat_mean_shoreline.py,2026-09-29,"Window mean, not a survey. Median 28 positions per transect; see transect_means_2008-08-17_2010-08-17.csv and PROVENANCE.md.",shoreline_mean_2008-08-17_2010-08-17.geojson,transects_100m.geojson,2026-09-29,duneline_to_raw_offsets.py
37,194,4448.106104926381,1,455750.3461950736,3917062.3268999998,Shoreline (CoastSat window mean),2008-08-17/2010-08-17,Landsat 5/7/8 via CoastSat (coastsat.space),"Mean of the satellite positions in 2008-08-17 to 2010-08-17, ±1 yr of the 2009 USACE NCMP topobathy lidar (CHARTS) (flown 2009-08-10 to 2009-08-24) per CoastSat transect (906 of 906 transects), geolocated as origin + chainage * unit vector and strung into one line in alongshore order. No outlier rejection, no smoothing.",coastsat_mean_shoreline.py,2026-09-29,"Window mean, not a survey. Median 28 positions per transect; see transect_means_2008-08-17_2010-08-17.csv and PROVENANCE.md.",shoreline_mean_2008-08-17_2010-08-17.geojson,transects_100m.geojson,2026-09-29,duneline_to_raw_offsets.py
37,195,4430.389175949444,1,455768.06312405056,3917162.3268999998,Shoreline (CoastSat window mean),2008-08-17/2010-08-17,Landsat 5/7/8 via CoastSat (coastsat.space),"Mean of the satellite positions in 2008-08-17 to 2010-08-17, ±1 yr of the 2009 USACE NCMP topobathy lidar (CHARTS) (flown 2009-08-10 to 2009-08-24) per CoastSat transect (906 of 906 transects), geolocated as origin + chainage * unit vector and strung into one line in alongshore order. No outlier rejection, no smoothing.",coastsat_mean_shoreline.py,2026-09-29,"Window mean, not a survey. Median 28 positions per transect; see transect_means_2008-08-17_2010-08-17.csv and PROVENANCE.md.",shoreline_mean_2008-08-17_2010-08-17.geojson,transects_100m.geojson,2026-09-29,duneline_to_raw_offsets.py
37,196,4410.381497234164,1,455788.07080276584,3917262.3268999998,Shoreline (CoastSat window mean),2008-08-17/2010-08-17,Landsat 5/7/8 via CoastSat (coastsat.space),"Mean of the satellite positions in 2008-08-17 to 2010-08-17, ±1 yr of the 2009 USACE NCMP topobathy lidar (CHARTS) (flown 2009-08-10 to 2009-08-24) per CoastSat transect (906 of 906 transects), geolocated as origin + chainage * unit vector and strung into one line in alongshore order. No outlier rejection, no smoothing.",coastsat_mean_shoreline.py,2026-09-29,"Window mean, not a survey. Median 28 positions per transect; see transect_means_2008-08-17_2010-08-17.csv and PROVENANCE.md.",shoreline_mean_2008-08-17_2010-08-17.geojson,transects_100m.geojson,2026-09-29,duneline_to_raw_offsets.py
37,197,4386.575526327302,1,455811.8767736727,3917362.3268999998,Shoreline (CoastSat window mean),2008-08-17/2010-08-17,Landsat 5/7/8 via CoastSat (coastsat.space),"Mean of the satellite positions in 2008-08-17 to 2010-08-17, ±1 yr of the 2009 USACE NCMP topobathy lidar (CHARTS) (flown 2009-08-10 to 2009-08-24) per CoastSat transect (906 of 906 transects), geolocated as origin + chainage * unit vector and strung into one line in alongshore order. No outlier rejection, no smoothing.",coastsat_mean_shoreline.py,2026-09-29,"Window mean, not a survey. Median 28 positions per transect; see transect_means_2008-08-17_2010-08-17.csv and PROVENANCE.md.",shoreline_mean_2008-08-17_2010-08-17.geojson,transects_100m.geojson,2026-09-29,duneline_to_raw_offsets.py
38,198,4364.626771228388,1,455833.8255287716,3917462.3268999998,Shoreline (CoastSat window mean),2008-08-17/2010-08-17,Landsat 5/7/8 via CoastSat (coastsat.space),"Mean of the satellite positions in 2008-08-17 to 2010-08-17, ±1 yr of the 2009 USACE NCMP topobathy lidar (CHARTS) (flown 2009-08-10 to 2009-08-24) per CoastSat transect (906 of 906 transects), geolocated as origin + chainage * unit vector and strung into one line in alongshore order. No outlier rejection, no smoothing.",coastsat_mean_shoreline.py,2026-09-29,"Window mean, not a survey. Median 28 positions per transect; see transect_means_2008-08-17_2010-08-17.csv and PROVENANCE.md.",shoreline_mean_2008-08-17_2010-08-17.geojson,transects_100m.geojson,2026-09-29,duneline_to_raw_offsets.py
38,199,4344.025804842357,1,455854.42649515765,3917562.3268999998,Shoreline (CoastSat window mean),2008-08-17/2010-08-17,Landsat 5/7/8 via CoastSat (coastsat.space),"Mean of the satellite positions in 2008-08-17 to 2010-08-17, ±1 yr of the 2009 USACE NCMP topobathy lidar (CHARTS) (flown 2009-08-10 to 2009-08-24) per CoastSat transect (906 of 906 transects), geolocated as origin + chainage * unit vector and strung into one line in alongshore order. No outlier rejection, no smoothing.",coastsat_mean_shoreline.py,2026-09-29,"Window mean, not a survey. Median 28 positions per transect; see transect_means_2008-08-17_2010-08-17.csv and PROVENANCE.md.",shoreline_mean_2008-08-17_2010-08-17.geojson,transects_100m.geojson,2026-09-29,duneline_to_raw_offsets.py
38,200,4329.680995425441,1,455868.77130457456,3917662.3268999998,Shoreline (CoastSat window mean),2008-08-17/2010-08-17,Landsat 5/7/8 via CoastSat (coastsat.space),"Mean of the satellite positions in 2008-08-17 to 2010-08-17, ±1 yr of the 2009 USACE NCMP topobathy lidar (CHARTS) (flown 2009-08-10 to 2009-08-24) per CoastSat transect (906 of 906 transects), geolocated as origin + chainage * unit vector and strung into one line in alongshore order. No outlier rejection, no smoothing.",coastsat_mean_shoreline.py,2026-09-29,"Window mean, not a survey. Median 28 positions per transect; see transect_means_2008-08-17_2010-08-17.csv and PROVENANCE.md.",shoreline_mean_2008-08-17_2010-08-17.geojson,transects_100m.geojson,2026-09-29,duneline_to_raw_offsets.py
38,201,4314.853218526987,1,455883.599081473,3917762.3268999998,Shoreline (CoastSat window mean),2008-08-17/2010-08-17,Landsat 5/7/8 via CoastSat (coastsat.space),"Mean of the satellite positions in 2008-08-17 to 2010-08-17, ±1 yr of the 2009 USACE NCMP topobathy lidar (CHARTS) (flown 2009-08-10 to 2009-08-24) per CoastSat transect (906 of 906 transects), geolocated as origin + chainage * unit vector and strung into one line in alongshore order. No outlier rejection, no smoothing.",coastsat_mean_shoreline.py,2026-09-29,"Window mean, not a survey. Median 28 positions per transect; see transect_means_2008-08-17_2010-08-17.csv and PROVENANCE.md.",shoreline_mean_2008-08-17_2010-08-17.geojson,transects_100m.geojson,2026-09-29,duneline_to_raw_offsets.py
38,202,4304.571550071007,1,455893.880749929,3917862.3268999998,Shoreline (CoastSat window mean),2008-08-17/2010-08-17,Landsat 5/7/8 via CoastSat (coastsat.space),"Mean of the satellite positions in 2008-08-17 to 2010-08-17, ±1 yr of the 2009 USACE NCMP topobathy lidar (CHARTS) (flown 2009-08-10 to 2009-08-24) per CoastSat transect (906 of 906 transects), geolocated as origin + chainage * unit vector and strung into one line in alongshore order. No outlier rejection, no smoothing.",coastsat_mean_shoreline.py,2026-09-29,"Window mean, not a survey. Median 28 positions per transect; see transect_means_2008-08-17_2010-08-17.csv and PROVENANCE.md.",shoreline_mean_2008-08-17_2010-08-17.geojson,transects_100m.geojson,2026-09-29,duneline_to_raw_offsets.py
39,203,4297.097406189423,1,455901.3548938106,3917962.3268999998,Shoreline (CoastSat window mean),2008-08-17/2010-08-17,Landsat 5/7/8 via CoastSat (coastsat.space),"Mean of the satellite positions in 2008-08-17 to 2010-08-17, ±1 yr of the 2009 USACE NCMP topobathy lidar (CHARTS) (flown 2009-08-10 to 2009-08-24) per CoastSat transect (906 of 906 transects), geolocated as origin + chainage * unit vector and strung into one line in alongshore order. No outlier rejection, no smoothing.",coastsat_mean_shoreline.py,2026-09-29,"Window mean, not a survey. Median 28 positions per transect; see transect_means_2008-08-17_2010-08-17.csv and PROVENANCE.md.",shoreline_mean_2008-08-17_2010-08-17.geojson,transects_100m.geojson,2026-09-29,duneline_to_raw_offsets.py
39,204,4291.765747426485,1,455906.6865525735,3918062.3268999998,Shoreline (CoastSat window mean),2008-08-17/2010-08-17,Landsat 5/7/8 via CoastSat (coastsat.space),"Mean of the satellite positions in 2008-08-17 to 2010-08-17, ±1 yr of the 2009 USACE NCMP topobathy lidar (CHARTS) (flown 2009-08-10 to 2009-08-24) per CoastSat transect (906 of 906 transects), geolocated as origin + chainage * unit vector and strung into one line in alongshore order. No outlier rejection, no smoothing.",coastsat_mean_shoreline.py,2026-09-29,"Window mean, not a survey. Median 28 positions per transect; see transect_means_2008-08-17_2010-08-17.csv and PROVENANCE.md.",shoreline_mean_2008-08-17_2010-08-17.geojson,transects_100m.geojson,2026-09-29,duneline_to_raw_offsets.py
39,205,4289.718810316233,1,455908.7334896838,3918162.3268999998,Shoreline (CoastSat window mean),2008-08-17/2010-08-17,Landsat 5/7/8 via CoastSat (coastsat.space),"Mean of the satellite positions in 2008-08-17 to 2010-08-17, ±1 yr of the 2009 USACE NCMP topobathy lidar (CHARTS) (flown 2009-08-10 to 2009-08-24) per CoastSat transect (906 of 906 transects), geolocated as origin + chainage * unit vector and strung into one line in alongshore order. No outlier rejection, no smoothing.",coastsat_mean_shoreline.py,2026-09-29,"Window mean, not a survey. Median 28 positions per transect; see transect_means_2008-08-17_2010-08-17.csv and PROVENANCE.md.",shoreline_mean_2008-08-17_2010-08-17.geojson,transects_100m.geojson,2026-09-29,duneline_to_raw_offsets.py
39,206,4285.06770192727,1,455913.38459807273,3918262.3268999998,Shoreline (CoastSat window mean),2008-08-17/2010-08-17,Landsat 5/7/8 via CoastSat (coastsat.space),"Mean of the satellite positions in 2008-08-17 to 2010-08-17, ±1 yr of the 2009 USACE NCMP topobathy lidar (CHARTS) (flown 2009-08-10 to 2009-08-24) per CoastSat transect (906 of 906 transects), geolocated as origin + chainage * unit vector and strung into one line in alongshore order. No outlier rejection, no smoothing.",coastsat_mean_shoreline.py,2026-09-29,"Window mean, not a survey. Median 28 positions per transect; see transect_means_2008-08-17_2010-08-17.csv and PROVENANCE.md.",shoreline_mean_2008-08-17_2010-08-17.geojson,transects_100m.geojson,2026-09-29,duneline_to_raw_offsets.py
39,207,4276.941627971246,1,455921.51067202876,3918362.3268999998,Shoreline (CoastSat window mean),2008-08-17/2010-08-17,Landsat 5/7/8 via CoastSat (coastsat.space),"Mean of the satellite positions in 2008-08-17 to 2010-08-17, ±1 yr of the 2009 USACE NCMP topobathy lidar (CHARTS) (flown 2009-08-10 to 2009-08-24) per CoastSat transect (906 of 906 transects), geolocated as origin + chainage * unit vector and strung into one line in alongshore order. No outlier rejection, no smoothing.",coastsat_mean_shoreline.py,2026-09-29,"Window mean, not a survey. Median 28 positions per transect; see transect_means_2008-08-17_2010-08-17.csv and PROVENANCE.md.",shoreline_mean_2008-08-17_2010-08-17.geojson,transects_100m.geojson,2026-09-29,duneline_to_raw_offsets.py
40,208,4270.330126751738,1,455928.12217324827,3918462.3268999998,Shoreline (CoastSat window mean),2008-08-17/2010-08-17,Landsat 5/7/8 via CoastSat (coastsat.space),"Mean of the satellite positions in 2008-08-17 to 2010-08-17, ±1 yr of the 2009 USACE NCMP topobathy lidar (CHARTS) (flown 2009-08-10 to 2009-08-24) per CoastSat transect (906 of 906 transects), geolocated as origin + chainage * unit vector and strung into one line in alongshore order. No outlier rejection, no smoothing.",coastsat_mean_shoreline.py,2026-09-29,"Window mean, not a survey. Median 28 positions per transect; see transect_means_2008-08-17_2010-08-17.csv and PROVENANCE.md.",shoreline_mean_2008-08-17_2010-08-17.geojson,transects_100m.geojson,2026-09-29,duneline_to_raw_offsets.py
40,209,4258.899423617753,1,455939.55287638225,3918562.3268999998,Shoreline (CoastSat window mean),2008-08-17/2010-08-17,Landsat 5/7/8 via CoastSat (coastsat.space),"Mean of the satellite positions in 2008-08-17 to 2010-08-17, ±1 yr of the 2009 USACE NCMP topobathy lidar (CHARTS) (flown 2009-08-10 to 2009-08-24) per CoastSat transect (906 of 906 transects), geolocated as origin + chainage * unit vector and strung into one line in alongshore order. No outlier rejection, no smoothing.",coastsat_mean_shoreline.py,2026-09-29,"Window mean, not a survey. Median 28 positions per transect; see transect_means_2008-08-17_2010-08-17.csv and PROVENANCE.md.",shoreline_mean_2008-08-17_2010-08-17.geojson,transects_100m.geojson,2026-09-29,duneline_to_raw_offsets.py
40,210,4250.858757751586,1,455947.5935422484,3918662.3268999998,Shoreline (CoastSat window mean),2008-08-17/2010-08-17,Landsat 5/7/8 via CoastSat (coastsat.space),"Mean of the satellite positions in 2008-08-17 to 2010-08-17, ±1 yr of the 2009 USACE NCMP topobathy lidar (CHARTS) (flown 2009-08-10 to 2009-08-24) per CoastSat transect (906 of 906 transects), geolocated as origin + chainage * unit vector and strung into one line in alongshore order. No outlier rejection, no smoothing.",coastsat_mean_shoreline.py,2026-09-29,"Window mean, not a survey. Median 28 positions per transect; see transect_means_2008-08-17_2010-08-17.csv and PROVENANCE.md.",shoreline_mean_2008-08-17_2010-08-17.geojson,transects_100m.geojson,2026-09-29,duneline_to_raw_offsets.py
40,211,4246.761774821032,1,455951.690525179,3918762.3268999998,Shoreline (CoastSat window mean),2008-08-17/2010-08-17,Landsat 5/7/8 via CoastSat (coastsat.space),"Mean of the satellite positions in 2008-08-17 to 2010-08-17, ±1 yr of the 2009 USACE NCMP topobathy lidar (CHARTS) (flown 2009-08-10 to 2009-08-24) per CoastSat transect (906 of 906 transects), geolocated as origin + chainage * unit vector and strung into one line in alongshore order. No outlier rejection, no smoothing.",coastsat_mean_shoreline.py,2026-09-29,"Window mean, not a survey. Median 28 positions per transect; see transect_means_2008-08-17_2010-08-17.csv and PROVENANCE.md.",shoreline_mean_2008-08-17_2010-08-17.geojson,transects_100m.geojson,2026-09-29,duneline_to_raw_offsets.py
40,212,4242.130436714622,1,455956.3218632854,3918862.3268999998,Shoreline (CoastSat window mean),2008-08-17/2010-08-17,Landsat 5/7/8 via CoastSat (coastsat.space),"Mean of the satellite positions in 2008-08-17 to 2010-08-17, ±1 yr of the 2009 USACE NCMP topobathy lidar (CHARTS) (flown 2009-08-10 to 2009-08-24) per CoastSat transect (906 of 906 transects), geolocated as origin + chainage * unit vector and strung into one line in alongshore order. No outlier rejection, no smoothing.",coastsat_mean_shoreline.py,2026-09-29,"Window mean, not a survey. Median 28 positions per transect; see transect_means_2008-08-17_2010-08-17.csv and PROVENANCE.md.",shoreline_mean_2008-08-17_2010-08-17.geojson,transects_100m.geojson,2026-09-29,duneline_to_raw_offsets.py
41,213,4237.7216473089065,1,455960.7306526911,3918962.3268999998,Shoreline (CoastSat window mean),2008-08-17/2010-08-17,Landsat 5/7/8 via CoastSat (coastsat.space),"Mean of the satellite positions in 2008-08-17 to 2010-08-17, ±1 yr of the 2009 USACE NCMP topobathy lidar (CHARTS) (flown 2009-08-10 to 2009-08-24) per CoastSat transect (906 of 906 transects), geolocated as origin + chainage * unit vector and strung into one line in alongshore order. No outlier rejection, no smoothing.",coastsat_mean_shoreline.py,2026-09-29,"Window mean, not a survey. Median 28 positions per transect; see transect_means_2008-08-17_2010-08-17.csv and PROVENANCE.md.",shoreline_mean_2008-08-17_2010-08-17.geojson,transects_100m.geojson,2026-09-29,duneline_to_raw_offsets.py
41,214,4236.463554089947,1,455961.98874591006,3919062.3268999998,Shoreline (CoastSat window mean),2008-08-17/2010-08-17,Landsat 5/7/8 via CoastSat (coastsat.space),"Mean of the satellite positions in 2008-08-17 to 2010-08-17, ±1 yr of the 2009 USACE NCMP topobathy lidar (CHARTS) (flown 2009-08-10 to 2009-08-24) per CoastSat transect (906 of 906 transects), geolocated as origin + chainage * unit vector and strung into one line in alongshore order. No outlier rejection, no smoothing.",coastsat_mean_shoreline.py,2026-09-29,"Window mean, not a survey. Median 28 positions per transect; see transect_means_2008-08-17_2010-08-17.csv and PROVENANCE.md.",shoreline_mean_2008-08-17_2010-08-17.geojson,transects_100m.geojson,2026-09-29,duneline_to_raw_offsets.py
41,215,4233.5863779664505,1,455964.86592203355,3919162.3268999998,Shoreline (CoastSat window mean),2008-08-17/2010-08-17,Landsat 5/7/8 via CoastSat (coastsat.space),"Mean of the satellite positions in 2008-08-17 to 2010-08-17, ±1 yr of the 2009 USACE NCMP topobathy lidar (CHARTS) (flown 2009-08-10 to 2009-08-24) per CoastSat transect (906 of 906 transects), geolocated as origin + chainage * unit vector and strung into one line in alongshore order. No outlier rejection, no smoothing.",coastsat_mean_shoreline.py,2026-09-29,"Window mean, not a survey. Median 28 positions per transect; see transect_means_2008-08-17_2010-08-17.csv and PROVENANCE.md.",shoreline_mean_2008-08-17_2010-08-17.geojson,transects_100m.geojson,2026-09-29,duneline_to_raw_offsets.py
41,216,4227.876910854247,1,455970.57538914576,3919262.3268999998,Shoreline (CoastSat window mean),2008-08-17/2010-08-17,Landsat 5/7/8 via CoastSat (coastsat.space),"Mean of the satellite positions in 2008-08-17 to 2010-08-17, ±1 yr of the 2009 USACE NCMP topobathy lidar (CHARTS) (flown 2009-08-10 to 2009-08-24) per CoastSat transect (906 of 906 transects), geolocated as origin + chainage * unit vector and strung into one line in alongshore order. No outlier rejection, no smoothing.",coastsat_mean_shoreline.py,2026-09-29,"Window mean, not a survey. Median 28 positions per transect; see transect_means_2008-08-17_2010-08-17.csv and PROVENANCE.md.",shoreline_mean_2008-08-17_2010-08-17.geojson,transects_100m.geojson,2026-09-29,duneline_to_raw_offsets.py
41,217,4221.704506280193,1,455976.7477937198,3919362.3268999998,Shoreline (CoastSat window mean),2008-08-17/2010-08-17,Landsat 5/7/8 via CoastSat (coastsat.space),"Mean of the satellite positions in 2008-08-17 to 2010-08-17, ±1 yr of the 2009 USACE NCMP topobathy lidar (CHARTS) (flown 2009-08-10 to 2009-08-24) per CoastSat transect (906 of 906 transects), geolocated as origin + chainage * unit vector and strung into one line in alongshore order. No outlier rejection, no smoothing.",coastsat_mean_shoreline.py,2026-09-29,"Window mean, not a survey. Median 28 positions per transect; see transect_means_2008-08-17_2010-08-17.csv and PROVENANCE.md.",shoreline_mean_2008-08-17_2010-08-17.geojson,transects_100m.geojson,2026-09-29,duneline_to_raw_offsets.py
42,218,4212.190862575197,1,455986.2614374248,3919462.3268999998,Shoreline (CoastSat window mean),2008-08-17/2010-08-17,Landsat 5/7/8 via CoastSat (coastsat.space),"Mean of the satellite positions in 2008-08-17 to 2010-08-17, ±1 yr of the 2009 USACE NCMP topobathy lidar (CHARTS) (flown 2009-08-10 to 2009-08-24) per CoastSat transect (906 of 906 transects), geolocated as origin + chainage * unit vector and strung into one line in alongshore order. No outlier rejection, no smoothing.",coastsat_mean_shoreline.py,2026-09-29,"Window mean, not a survey. Median 28 positions per transect; see transect_means_2008-08-17_2010-08-17.csv and PROVENANCE.md.",shoreline_mean_2008-08-17_2010-08-17.geojson,transects_100m.geojson,2026-09-29,duneline_to_raw_offsets.py
42,219,4200.910313278902,1,455997.5419867211,3919562.3268999998,Shoreline (CoastSat window mean),2008-08-17/2010-08-17,Landsat 5/7/8 via CoastSat (coastsat.space),"Mean of the satellite positions in 2008-08-17 to 2010-08-17, ±1 yr of the 2009 USACE NCMP topobathy lidar (CHARTS) (flown 2009-08-10 to 2009-08-24) per CoastSat transect (906 of 906 transects), geolocated as origin + chainage * unit vector and strung into one line in alongshore order. No outlier rejection, no smoothing.",coastsat_mean_shoreline.py,2026-09-29,"Window mean, not a survey. Median 28 positions per transect; see transect_means_2008-08-17_2010-08-17.csv and PROVENANCE.md.",shoreline_mean_2008-08-17_2010-08-17.geojson,transects_100m.geojson,2026-09-29,duneline_to_raw_offsets.py
42,220,4194.568586261186,1,456003.8837137388,3919662.3268999998,Shoreline (CoastSat window mean),2008-08-17/2010-08-17,Landsat 5/7/8 via CoastSat (coastsat.space),"Mean of the satellite positions in 2008-08-17 to 2010-08-17, ±1 yr of the 2009 USACE NCMP topobathy lidar (CHARTS) (flown 2009-08-10 to 2009-08-24) per CoastSat transect (906 of 906 transects), geolocated as origin + chainage * unit vector and strung into one line in alongshore order. No outlier rejection, no smoothing.",coastsat_mean_shoreline.py,2026-09-29,"Window mean, not a survey. Median 28 positions per transect; see transect_means_2008-08-17_2010-08-17.csv and PROVENANCE.md.",shoreline_mean_2008-08-17_2010-08-17.geojson,transects_100m.geojson,2026-09-29,duneline_to_raw_offsets.py
42,221,4192.02824926161,1,456006.4240507384,3919762.3268999998,Shoreline (CoastSat window mean),2008-08-17/2010-08-17,Landsat 5/7/8 via CoastSat (coastsat.space),"Mean of the satellite positions in 2008-08-17 to 2010-08-17, ±1 yr of the 2009 USACE NCMP topobathy lidar (CHARTS) (flown 2009-08-10 to 2009-08-24) per CoastSat transect (906 of 906 transects), geolocated as origin + chainage * unit vector and strung into one line in alongshore order. No outlier rejection, no smoothing.",coastsat_mean_shoreline.py,2026-09-29,"Window mean, not a survey. Median 28 positions per transect; see transect_means_2008-08-17_2010-08-17.csv and PROVENANCE.md.",shoreline_mean_2008-08-17_2010-08-17.geojson,transects_100m.geojson,2026-09-29,duneline_to_raw_offsets.py
42,222,4192.238343248435,1,456006.21395675157,3919862.3268999998,Shoreline (CoastSat window mean),2008-08-17/2010-08-17,Landsat 5/7/8 via CoastSat (coastsat.space),"Mean of the satellite positions in 2008-08-17 to 2010-08-17, ±1 yr of the 2009 USACE NCMP topobathy lidar (CHARTS) (flown 2009-08-10 to 2009-08-24) per CoastSat transect (906 of 906 transects), geolocated as origin + chainage * unit vector and strung into one line in alongshore order. No outlier rejection, no smoothing.",coastsat_mean_shoreline.py,2026-09-29,"Window mean, not a survey. Median 28 positions per transect; see transect_means_2008-08-17_2010-08-17.csv and PROVENANCE.md.",shoreline_mean_2008-08-17_2010-08-17.geojson,transects_100m.geojson,2026-09-29,duneline_to_raw_offsets.py
43,223,4193.689648589236,1,456004.76265141077,3919962.3268999998,Shoreline (CoastSat window mean),2008-08-17/2010-08-17,Landsat 5/7/8 via CoastSat (coastsat.space),"Mean of the satellite positions in 2008-08-17 to 2010-08-17, ±1 yr of the 2009 USACE NCMP topobathy lidar (CHARTS) (flown 2009-08-10 to 2009-08-24) per CoastSat transect (906 of 906 transects), geolocated as origin + chainage * unit vector and strung into one line in alongshore order. No outlier rejection, no smoothing.",coastsat_mean_shoreline.py,2026-09-29,"Window mean, not a survey. Median 28 positions per transect; see transect_means_2008-08-17_2010-08-17.csv and PROVENANCE.md.",shoreline_mean_2008-08-17_2010-08-17.geojson,transects_100m.geojson,2026-09-29,duneline_to_raw_offsets.py
43,224,4193.464557552419,1,456004.9877424476,3920062.3268999998,Shoreline (CoastSat window mean),2008-08-17/2010-08-17,Landsat 5/7/8 via CoastSat (coastsat.space),"Mean of the satellite positions in 2008-08-17 to 2010-08-17, ±1 yr of the 2009 USACE NCMP topobathy lidar (CHARTS) (flown 2009-08-10 to 2009-08-24) per CoastSat transect (906 of 906 transects), geolocated as origin + chainage * unit vector and strung into one line in alongshore order. No outlier rejection, no smoothing.",coastsat_mean_shoreline.py,2026-09-29,"Window mean, not a survey. Median 28 positions per transect; see transect_means_2008-08-17_2010-08-17.csv and PROVENANCE.md.",shoreline_mean_2008-08-17_2010-08-17.geojson,transects_100m.geojson,2026-09-29,duneline_to_raw_offsets.py
43,225,4191.6687397084315,1,456006.7835602916,3920162.3268999998,Shoreline (CoastSat window mean),2008-08-17/2010-08-17,Landsat 5/7/8 via CoastSat (coastsat.space),"Mean of the satellite positions in 2008-08-17 to 2010-08-17, ±1 yr of the 2009 USACE NCMP topobathy lidar (CHARTS) (flown 2009-08-10 to 2009-08-24) per CoastSat transect (906 of 906 transects), geolocated as origin + chainage * unit vector and strung into one line in alongshore order. No outlier rejection, no smoothing.",coastsat_mean_shoreline.py,2026-09-29,"Window mean, not a survey. Median 28 positions per transect; see transect_means_2008-08-17_2010-08-17.csv and PROVENANCE.md.",shoreline_mean_2008-08-17_2010-08-17.geojson,transects_100m.geojson,2026-09-29,duneline_to_raw_offsets.py
43,226,4186.844830852933,1,456011.6074691471,3920262.3268999998,Shoreline (CoastSat window mean),2008-08-17/2010-08-17,Landsat 5/7/8 via CoastSat (coastsat.space),"Mean of the satellite positions in 2008-08-17 to 2010-08-17, ±1 yr of the 2009 USACE NCMP topobathy lidar (CHARTS) (flown 2009-08-10 to 2009-08-24) per CoastSat transect (906 of 906 transects), geolocated as origin + chainage * unit vector and strung into one line in alongshore order. No outlier rejection, no smoothing.",coastsat_mean_shoreline.py,2026-09-29,"Window mean, not a survey. Median 28 positions per transect; see transect_means_2008-08-17_2010-08-17.csv and PROVENANCE.md.",shoreline_mean_2008-08-17_2010-08-17.geojson,transects_100m.geojson,2026-09-29,duneline_to_raw_offsets.py
43,227,4181.7163050037925,1,456016.7359949962,3920362.3268999998,Shoreline (CoastSat window mean),2008-08-17/2010-08-17,Landsat 5/7/8 via CoastSat (coastsat.space),"Mean of the satellite positions in 2008-08-17 to 2010-08-17, ±1 yr of the 2009 USACE NCMP topobathy lidar (CHARTS) (flown 2009-08-10 to 2009-08-24) per CoastSat transect (906 of 906 transects), geolocated as origin + chainage * unit vector and strung into one line in alongshore order. No outlier rejection, no smoothing.",coastsat_mean_shoreline.py,2026-09-29,"Window mean, not a survey. Median 28 positions per transect; see transect_means_2008-08-17_2010-08-17.csv and PROVENANCE.md.",shoreline_mean_2008-08-17_2010-08-17.geojson,transects_100m.geojson,2026-09-29,duneline_to_raw_offsets.py
44,228,4175.379401018377,1,456023.0728989816,3920462.3268999998,Shoreline (CoastSat window mean),2008-08-17/2010-08-17,Landsat 5/7/8 via CoastSat (coastsat.space),"Mean of the satellite positions in 2008-08-17 to 2010-08-17, ±1 yr of the 2009 USACE NCMP topobathy lidar (CHARTS) (flown 2009-08-10 to 2009-08-24) per CoastSat transect (906 of 906 transects), geolocated as origin + chainage * unit vector and strung into one line in alongshore order. No outlier rejection, no smoothing.",coastsat_mean_shoreline.py,2026-09-29,"Window mean, not a survey. Median 28 positions per transect; see transect_means_2008-08-17_2010-08-17.csv and PROVENANCE.md.",shoreline_mean_2008-08-17_2010-08-17.geojson,transects_100m.geojson,2026-09-29,duneline_to_raw_offsets.py
44,229,4169.442052841478,1,456029.0102471585,3920562.3268999998,Shoreline (CoastSat window mean),2008-08-17/2010-08-17,Landsat 5/7/8 via CoastSat (coastsat.space),"Mean of the satellite positions in 2008-08-17 to 2010-08-17, ±1 yr of the 2009 USACE NCMP topobathy lidar (CHARTS) (flown 2009-08-10 to 2009-08-24) per CoastSat transect (906 of 906 transects), geolocated as origin + chainage * unit vector and strung into one line in alongshore order. No outlier rejection, no smoothing.",coastsat_mean_shoreline.py,2026-09-29,"Window mean, not a survey. Median 28 positions per transect; see transect_means_2008-08-17_2010-08-17.csv and PROVENANCE.md.",shoreline_mean_2008-08-17_2010-08-17.geojson,transects_100m.geojson,2026-09-29,duneline_to_raw_offsets.py
44,230,4165.041230557603,1,456033.4110694424,3920662.3268999998,Shoreline (CoastSat window mean),2008-08-17/2010-08-17,Landsat 5/7/8 via CoastSat (coastsat.space),"Mean of the satellite positions in 2008-08-17 to 2010-08-17, ±1 yr of the 2009 USACE NCMP topobathy lidar (CHARTS) (flown 2009-08-10 to 2009-08-24) per CoastSat transect (906 of 906 transects), geolocated as origin + chainage * unit vector and strung into one line in alongshore order. No outlier rejection, no smoothing.",coastsat_mean_shoreline.py,2026-09-29,"Window mean, not a survey. Median 28 positions per transect; see transect_means_2008-08-17_2010-08-17.csv and PROVENANCE.md.",shoreline_mean_2008-08-17_2010-08-17.geojson,transects_100m.geojson,2026-09-29,duneline_to_raw_offsets.py
44,231,4161.693060350604,1,456036.7592396494,3920762.3268999998,Shoreline (CoastSat window mean),2008-08-17/2010-08-17,Landsat 5/7/8 via CoastSat (coastsat.space),"Mean of the satellite positions in 2008-08-17 to 2010-08-17, ±1 yr of the 2009 USACE NCMP topobathy lidar (CHARTS) (flown 2009-08-10 to 2009-08-24) per CoastSat transect (906 of 906 transects), geolocated as origin + chainage * unit vector and strung into one line in alongshore order. No outlier rejection, no smoothing.",coastsat_mean_shoreline.py,2026-09-29,"Window mean, not a survey. Median 28 positions per transect; see transect_means_2008-08-17_2010-08-17.csv and PROVENANCE.md.",shoreline_mean_2008-08-17_2010-08-17.geojson,transects_100m.geojson,2026-09-29,duneline_to_raw_offsets.py
44,232,4159.776851611911,1,456038.6754483881,3920862.3268999998,Shoreline (CoastSat window mean),2008-08-17/2010-08-17,Landsat 5/7/8 via CoastSat (coastsat.space),"Mean of the satellite positions in 2008-08-17 to 2010-08-17, ±1 yr of the 2009 USACE NCMP topobathy lidar (CHARTS) (flown 2009-08-10 to 2009-08-24) per CoastSat transect (906 of 906 transects), geolocated as origin + chainage * unit vector and strung into one line in alongshore order. No outlier rejection, no smoothing.",coastsat_mean_shoreline.py,2026-09-29,"Window mean, not a survey. Median 28 positions per transect; see transect_means_2008-08-17_2010-08-17.csv and PROVENANCE.md.",shoreline_mean_2008-08-17_2010-08-17.geojson,transects_100m.geojson,2026-09-29,duneline_to_raw_offsets.py
45,233,4158.013608635287,1,456040.4386913647,3920962.3268999998,Shoreline (CoastSat window mean),2008-08-17/2010-08-17,Landsat 5/7/8 via CoastSat (coastsat.space),"Mean of the satellite positions in 2008-08-17 to 2010-08-17, ±1 yr of the 2009 USACE NCMP topobathy lidar (CHARTS) (flown 2009-08-10 to 2009-08-24) per CoastSat transect (906 of 906 transects), geolocated as origin + chainage * unit vector and strung into one line in alongshore order. No outlier rejection, no smoothing.",coastsat_mean_shoreline.py,2026-09-29,"Window mean, not a survey. Median 28 positions per transect; see transect_means_2008-08-17_2010-08-17.csv and PROVENANCE.md.",shoreline_mean_2008-08-17_2010-08-17.geojson,transects_100m.geojson,2026-09-29,duneline_to_raw_offsets.py
45,234,4154.649018530559,1,456043.80328146945,3921062.3268999998,Shoreline (CoastSat window mean),2008-08-17/2010-08-17,Landsat 5/7/8 via CoastSat (coastsat.space),"Mean of the satellite positions in 2008-08-17 to 2010-08-17, ±1 yr of the 2009 USACE NCMP topobathy lidar (CHARTS) (flown 2009-08-10 to 2009-08-24) per CoastSat transect (906 of 906 transects), geolocated as origin + chainage * unit vector and strung into one line in alongshore order. No outlier rejection, no smoothing.",coastsat_mean_shoreline.py,2026-09-29,"Window mean, not a survey. Median 28 positions per transect; see transect_means_2008-08-17_2010-08-17.csv and PROVENANCE.md.",shoreline_mean_2008-08-17_2010-08-17.geojson,transects_100m.geojson,2026-09-29,duneline_to_raw_offsets.py
45,235,4148.658950238372,1,456049.79334976163,3921162.3268999998,Shoreline (CoastSat window mean),2008-08-17/2010-08-17,Landsat 5/7/8 via CoastSat (coastsat.space),"Mean of the satellite positions in 2008-08-17 to 2010-08-17, ±1 yr of the 2009 USACE NCMP topobathy lidar (CHARTS) (flown 2009-08-10 to 2009-08-24) per CoastSat transect (906 of 906 transects), geolocated as origin + chainage * unit vector and strung into one line in alongshore order. No outlier rejection, no smoothing.",coastsat_mean_shoreline.py,2026-09-29,"Window mean, not a survey. Median 28 positions per transect; see transect_means_2008-08-17_2010-08-17.csv and PROVENANCE.md.",shoreline_mean_2008-08-17_2010-08-17.geojson,transects_100m.geojson,2026-09-29,duneline_to_raw_offsets.py
45,236,4141.821339970571,1,456056.63096002943,3921262.3268999998,Shoreline (CoastSat window mean),2008-08-17/2010-08-17,Landsat 5/7/8 via CoastSat (coastsat.space),"Mean of the satellite positions in 2008-08-17 to 2010-08-17, ±1 yr of the 2009 USACE NCMP topobathy lidar (CHARTS) (flown 2009-08-10 to 2009-08-24) per CoastSat transect (906 of 906 transects), geolocated as origin + chainage * unit vector and strung into one line in alongshore order. No outlier rejection, no smoothing.",coastsat_mean_shoreline.py,2026-09-29,"Window mean, not a survey. Median 28 positions per transect; see transect_means_2008-08-17_2010-08-17.csv and PROVENANCE.md.",shoreline_mean_2008-08-17_2010-08-17.geojson,transects_100m.geojson,2026-09-29,duneline_to_raw_offsets.py
45,237,4131.553911530471,1,456066.89838846953,3921362.3268999998,Shoreline (CoastSat window mean),2008-08-17/2010-08-17,Landsat 5/7/8 via CoastSat (coastsat.space),"Mean of the satellite positions in 2008-08-17 to 2010-08-17, ±1 yr of the 2009 USACE NCMP topobathy lidar (CHARTS) (flown 2009-08-10 to 2009-08-24) per CoastSat transect (906 of 906 transects), geolocated as origin + chainage * unit vector and strung into one line in alongshore order. No outlier rejection, no smoothing.",coastsat_mean_shoreline.py,2026-09-29,"Window mean, not a survey. Median 28 positions per transect; see transect_means_2008-08-17_2010-08-17.csv and PROVENANCE.md.",shoreline_mean_2008-08-17_2010-08-17.geojson,transects_100m.geojson,2026-09-29,duneline_to_raw_offsets.py
46,238,4123.68491110974,1,456074.76738889026,3921462.3268999998,Shoreline (CoastSat window mean),2008-08-17/2010-08-17,Landsat 5/7/8 via CoastSat (coastsat.space),"Mean of the satellite positions in 2008-08-17 to 2010-08-17, ±1 yr of the 2009 USACE NCMP topobathy lidar (CHARTS) (flown 2009-08-10 to 2009-08-24) per CoastSat transect (906 of 906 transects), geolocated as origin + chainage * unit vector and strung into one line in alongshore order. No outlier rejection, no smoothing.",coastsat_mean_shoreline.py,2026-09-29,"Window mean, not a survey. Median 28 positions per transect; see transect_means_2008-08-17_2010-08-17.csv and PROVENANCE.md.",shoreline_mean_2008-08-17_2010-08-17.geojson,transects_100m.geojson,2026-09-29,duneline_to_raw_offsets.py
46,239,4123.225076617557,1,456075.22722338245,3921562.3268999998,Shoreline (CoastSat window mean),2008-08-17/2010-08-17,Landsat 5/7/8 via CoastSat (coastsat.space),"Mean of the satellite positions in 2008-08-17 to 2010-08-17, ±1 yr of the 2009 USACE NCMP topobathy lidar (CHARTS) (flown 2009-08-10 to 2009-08-24) per CoastSat transect (906 of 906 transects), geolocated as origin + chainage * unit vector and strung into one line in alongshore order. No outlier rejection, no smoothing.",coastsat_mean_shoreline.py,2026-09-29,"Window mean, not a survey. Median 28 positions per transect; see transect_means_2008-08-17_2010-08-17.csv and PROVENANCE.md.",shoreline_mean_2008-08-17_2010-08-17.geojson,transects_100m.geojson,2026-09-29,duneline_to_raw_offsets.py
46,240,4119.73334150447,1,456078.71895849553,3921662.3268999998,Shoreline (CoastSat window mean),2008-08-17/2010-08-17,Landsat 5/7/8 via CoastSat (coastsat.space),"Mean of the satellite positions in 2008-08-17 to 2010-08-17, ±1 yr of the 2009 USACE NCMP topobathy lidar (CHARTS) (flown 2009-08-10 to 2009-08-24) per CoastSat transect (906 of 906 transects), geolocated as origin + chainage * unit vector and strung into one line in alongshore order. No outlier rejection, no smoothing.",coastsat_mean_shoreline.py,2026-09-29,"Window mean, not a survey. Median 28 positions per transect; see transect_means_2008-08-17_2010-08-17.csv and PROVENANCE.md.",shoreline_mean_2008-08-17_2010-08-17.geojson,transects_100m.geojson,2026-09-29,duneline_to_raw_offsets.py
46,241,4113.947307823808,1,456084.5049921762,3921762.3268999998,Shoreline (CoastSat window mean),2008-08-17/2010-08-17,Landsat 5/7/8 via CoastSat (coastsat.space),"Mean of the satellite positions in 2008-08-17 to 2010-08-17, ±1 yr of the 2009 USACE NCMP topobathy lidar (CHARTS) (flown 2009-08-10 to 2009-08-24) per CoastSat transect (906 of 906 transects), geolocated as origin + chainage * unit vector and strung into one line in alongshore order. No outlier rejection, no smoothing.",coastsat_mean_shoreline.py,2026-09-29,"Window mean, not a survey. Median 28 positions per transect; see transect_means_2008-08-17_2010-08-17.csv and PROVENANCE.md.",shoreline_mean_2008-08-17_2010-08-17.geojson,transects_100m.geojson,2026-09-29,duneline_to_raw_offsets.py
46,242,4107.701271730999,1,456090.751028269,3921862.3268999998,Shoreline (CoastSat window mean),2008-08-17/2010-08-17,Landsat 5/7/8 via CoastSat (coastsat.space),"Mean of the satellite positions in 2008-08-17 to 2010-08-17, ±1 yr of the 2009 USACE NCMP topobathy lidar (CHARTS) (flown 2009-08-10 to 2009-08-24) per CoastSat transect (906 of 906 transects), geolocated as origin + chainage * unit vector and strung into one line in alongshore order. No outlier rejection, no smoothing.",coastsat_mean_shoreline.py,2026-09-29,"Window mean, not a survey. Median 28 positions per transect; see transect_means_2008-08-17_2010-08-17.csv and PROVENANCE.md.",shoreline_mean_2008-08-17_2010-08-17.geojson,transects_100m.geojson,2026-09-29,duneline_to_raw_offsets.py
47,243,4102.913694463205,1,456095.5386055368,3921962.3268999998,Shoreline (CoastSat window mean),2008-08-17/2010-08-17,Landsat 5/7/8 via CoastSat (coastsat.space),"Mean of the satellite positions in 2008-08-17 to 2010-08-17, ±1 yr of the 2009 USACE NCMP topobathy lidar (CHARTS) (flown 2009-08-10 to 2009-08-24) per CoastSat transect (906 of 906 transects), geolocated as origin + chainage * unit vector and strung into one line in alongshore order. No outlier rejection, no smoothing.",coastsat_mean_shoreline.py,2026-09-29,"Window mean, not a survey. Median 28 positions per transect; see transect_means_2008-08-17_2010-08-17.csv and PROVENANCE.md.",shoreline_mean_2008-08-17_2010-08-17.geojson,transects_100m.geojson,2026-09-29,duneline_to_raw_offsets.py
47,244,4100.853459009551,1,456097.59884099045,3922062.3268999998,Shoreline (CoastSat window mean),2008-08-17/2010-08-17,Landsat 5/7/8 via CoastSat (coastsat.space),"Mean of the satellite positions in 2008-08-17 to 2010-08-17, ±1 yr of the 2009 USACE NCMP topobathy lidar (CHARTS) (flown 2009-08-10 to 2009-08-24) per CoastSat transect (906 of 906 transects), geolocated as origin + chainage * unit vector and strung into one line in alongshore order. No outlier rejection, no smoothing.",coastsat_mean_shoreline.py,2026-09-29,"Window mean, not a survey. Median 28 positions per transect; see transect_means_2008-08-17_2010-08-17.csv and PROVENANCE.md.",shoreline_mean_2008-08-17_2010-08-17.geojson,transects_100m.geojson,2026-09-29,duneline_to_raw_offsets.py
47,245,4096.637272055144,1,456101.81502794486,3922162.3268999998,Shoreline (CoastSat window mean),2008-08-17/2010-08-17,Landsat 5/7/8 via CoastSat (coastsat.space),"Mean of the satellite positions in 2008-08-17 to 2010-08-17, ±1 yr of the 2009 USACE NCMP topobathy lidar (CHARTS) (flown 2009-08-10 to 2009-08-24) per CoastSat transect (906 of 906 transects), geolocated as origin + chainage * unit vector and strung into one line in alongshore order. No outlier rejection, no smoothing.",coastsat_mean_shoreline.py,2026-09-29,"Window mean, not a survey. Median 28 positions per transect; see transect_means_2008-08-17_2010-08-17.csv and PROVENANCE.md.",shoreline_mean_2008-08-17_2010-08-17.geojson,transects_100m.geojson,2026-09-29,duneline_to_raw_offsets.py
47,246,4090.9550162509545,1,456107.49728374905,3922262.3268999998,Shoreline (CoastSat window mean),2008-08-17/2010-08-17,Landsat 5/7/8 via CoastSat (coastsat.space),"Mean of the satellite positions in 2008-08-17 to 2010-08-17, ±1 yr of the 2009 USACE NCMP topobathy lidar (CHARTS) (flown 2009-08-10 to 2009-08-24) per CoastSat transect (906 of 906 transects), geolocated as origin + chainage * unit vector and strung into one line in alongshore order. No outlier rejection, no smoothing.",coastsat_mean_shoreline.py,2026-09-29,"Window mean, not a survey. Median 28 positions per transect; see transect_means_2008-08-17_2010-08-17.csv and PROVENANCE.md.",shoreline_mean_2008-08-17_2010-08-17.geojson,transects_100m.geojson,2026-09-29,duneline_to_raw_offsets.py
47,247,4081.892809999583,1,456116.5594900004,3922362.3268999998,Shoreline (CoastSat window mean),2008-08-17/2010-08-17,Landsat 5/7/8 via CoastSat (coastsat.space),"Mean of the satellite positions in 2008-08-17 to 2010-08-17, ±1 yr of the 2009 USACE NCMP topobathy lidar (CHARTS) (flown 2009-08-10 to 2009-08-24) per CoastSat transect (906 of 906 transects), geolocated as origin + chainage * unit vector and strung into one line in alongshore order. No outlier rejection, no smoothing.",coastsat_mean_shoreline.py,2026-09-29,"Window mean, not a survey. Median 28 positions per transect; see transect_means_2008-08-17_2010-08-17.csv and PROVENANCE.md.",shoreline_mean_2008-08-17_2010-08-17.geojson,transects_100m.geojson,2026-09-29,duneline_to_raw_offsets.py
48,248,4076.3592631532806,1,456122.0930368467,3922462.3268999998,Shoreline (CoastSat window mean),2008-08-17/2010-08-17,Landsat 5/7/8 via CoastSat (coastsat.space),"Mean of the satellite positions in 2008-08-17 to 2010-08-17, ±1 yr of the 2009 USACE NCMP topobathy lidar (CHARTS) (flown 2009-08-10 to 2009-08-24) per CoastSat transect (906 of 906 transects), geolocated as origin + chainage * unit vector and strung into one line in alongshore order. No outlier rejection, no smoothing.",coastsat_mean_shoreline.py,2026-09-29,"Window mean, not a survey. Median 28 positions per transect; see transect_means_2008-08-17_2010-08-17.csv and PROVENANCE.md.",shoreline_mean_2008-08-17_2010-08-17.geojson,transects_100m.geojson,2026-09-29,duneline_to_raw_offsets.py
48,249,4070.013817606726,1,456128.4384823933,3922562.3268999998,Shoreline (CoastSat window mean),2008-08-17/2010-08-17,Landsat 5/7/8 via CoastSat (coastsat.space),"Mean of the satellite positions in 2008-08-17 to 2010-08-17, ±1 yr of the 2009 USACE NCMP topobathy lidar (CHARTS) (flown 2009-08-10 to 2009-08-24) per CoastSat transect (906 of 906 transects), geolocated as origin + chainage * unit vector and strung into one line in alongshore order. No outlier rejection, no smoothing.",coastsat_mean_shoreline.py,2026-09-29,"Window mean, not a survey. Median 28 positions per transect; see transect_means_2008-08-17_2010-08-17.csv and PROVENANCE.md.",shoreline_mean_2008-08-17_2010-08-17.geojson,transects_100m.geojson,2026-09-29,duneline_to_raw_offsets.py
48,250,4062.051412689965,1,456136.40088731004,3922662.3268999998,Shoreline (CoastSat window mean),2008-08-17/2010-08-17,Landsat 5/7/8 via CoastSat (coastsat.space),"Mean of the satellite positions in 2008-08-17 to 2010-08-17, ±1 yr of the 2009 USACE NCMP topobathy lidar (CHARTS) (flown 2009-08-10 to 2009-08-24) per CoastSat transect (906 of 906 transects), geolocated as origin + chainage * unit vector and strung into one line in alongshore order. No outlier rejection, no smoothing.",coastsat_mean_shoreline.py,2026-09-29,"Window mean, not a survey. Median 28 positions per transect; see transect_means_2008-08-17_2010-08-17.csv and PROVENANCE.md.",shoreline_mean_2008-08-17_2010-08-17.geojson,transects_100m.geojson,2026-09-29,duneline_to_raw_offsets.py
48,251,4055.8421349201813,1,456142.6101650798,3922762.3268999998,Shoreline (CoastSat window mean),2008-08-17/2010-08-17,Landsat 5/7/8 via CoastSat (coastsat.space),"Mean of the satellite positions in 2008-08-17 to 2010-08-17, ±1 yr of the 2009 USACE NCMP topobathy lidar (CHARTS) (flown 2009-08-10 to 2009-08-24) per CoastSat transect (906 of 906 transects), geolocated as origin + chainage * unit vector and strung into one line in alongshore order. No outlier rejection, no smoothing.",coastsat_mean_shoreline.py,2026-09-29,"Window mean, not a survey. Median 28 positions per transect; see transect_means_2008-08-17_2010-08-17.csv and PROVENANCE.md.",shoreline_mean_2008-08-17_2010-08-17.geojson,transects_100m.geojson,2026-09-29,duneline_to_raw_offsets.py
48,252,4044.482919665519,1,456153.9693803345,3922862.3268999998,Shoreline (CoastSat window mean),2008-08-17/2010-08-17,Landsat 5/7/8 via CoastSat (coastsat.space),"Mean of the satellite positions in 2008-08-17 to 2010-08-17, ±1 yr of the 2009 USACE NCMP topobathy lidar (CHARTS) (flown 2009-08-10 to 2009-08-24) per CoastSat transect (906 of 906 transects), geolocated as origin + chainage * unit vector and strung into one line in alongshore order. No outlier rejection, no smoothing.",coastsat_mean_shoreline.py,2026-09-29,"Window mean, not a survey. Median 28 positions per transect; see transect_means_2008-08-17_2010-08-17.csv and PROVENANCE.md.",shoreline_mean_2008-08-17_2010-08-17.geojson,transects_100m.geojson,2026-09-29,duneline_to_raw_offsets.py
49,253,4035.5043068694067,1,456162.9479931306,3922962.3268999998,Shoreline (CoastSat window mean),2008-08-17/2010-08-17,Landsat 5/7/8 via CoastSat (coastsat.space),"Mean of the satellite positions in 2008-08-17 to 2010-08-17, ±1 yr of the 2009 USACE NCMP topobathy lidar (CHARTS) (flown 2009-08-10 to 2009-08-24) per CoastSat transect (906 of 906 transects), geolocated as origin + chainage * unit vector and strung into one line in alongshore order. No outlier rejection, no smoothing.",coastsat_mean_shoreline.py,2026-09-29,"Window mean, not a survey. Median 28 positions per transect; see transect_means_2008-08-17_2010-08-17.csv and PROVENANCE.md.",shoreline_mean_2008-08-17_2010-08-17.geojson,transects_100m.geojson,2026-09-29,duneline_to_raw_offsets.py
49,254,4027.6015731527586,1,456170.85072684725,3923062.3268999998,Shoreline (CoastSat window mean),2008-08-17/2010-08-17,Landsat 5/7/8 via CoastSat (coastsat.space),"Mean of the satellite positions in 2008-08-17 to 2010-08-17, ±1 yr of the 2009 USACE NCMP topobathy lidar (CHARTS) (flown 2009-08-10 to 2009-08-24) per CoastSat transect (906 of 906 transects), geolocated as origin + chainage * unit vector and strung into one line in alongshore order. No outlier rejection, no smoothing.",coastsat_mean_shoreline.py,2026-09-29,"Window mean, not a survey. Median 28 positions per transect; see transect_means_2008-08-17_2010-08-17.csv and PROVENANCE.md.",shoreline_mean_2008-08-17_2010-08-17.geojson,transects_100m.geojson,2026-09-29,duneline_to_raw_offsets.py
49,255,4023.113436912885,1,456175.3388630871,3923162.3268999998,Shoreline (CoastSat window mean),2008-08-17/2010-08-17,Landsat 5/7/8 via CoastSat (coastsat.space),"Mean of the satellite positions in 2008-08-17 to 2010-08-17, ±1 yr of the 2009 USACE NCMP topobathy lidar (CHARTS) (flown 2009-08-10 to 2009-08-24) per CoastSat transect (906 of 906 transects), geolocated as origin + chainage * unit vector and strung into one line in alongshore order. No outlier rejection, no smoothing.",coastsat_mean_shoreline.py,2026-09-29,"Window mean, not a survey. Median 28 positions per transect; see transect_means_2008-08-17_2010-08-17.csv and PROVENANCE.md.",shoreline_mean_2008-08-17_2010-08-17.geojson,transects_100m.geojson,2026-09-29,duneline_to_raw_offsets.py
49,256,4018.2630956288776,1,456180.1892043711,3923262.3268999998,Shoreline (CoastSat window mean),2008-08-17/2010-08-17,Landsat 5/7/8 via CoastSat (coastsat.space),"Mean of the satellite positions in 2008-08-17 to 2010-08-17, ±1 yr of the 2009 USACE NCMP topobathy lidar (CHARTS) (flown 2009-08-10 to 2009-08-24) per CoastSat transect (906 of 906 transects), geolocated as origin + chainage * unit vector and strung into one line in alongshore order. No outlier rejection, no smoothing.",coastsat_mean_shoreline.py,2026-09-29,"Window mean, not a survey. Median 28 positions per transect; see transect_means_2008-08-17_2010-08-17.csv and PROVENANCE.md.",shoreline_mean_2008-08-17_2010-08-17.geojson,transects_100m.geojson,2026-09-29,duneline_to_raw_offsets.py
49,257,4014.3859801579965,1,456184.066319842,3923362.3268999998,Shoreline (CoastSat window mean),2008-08-17/2010-08-17,Landsat 5/7/8 via CoastSat (coastsat.space),"Mean of the satellite positions in 2008-08-17 to 2010-08-17, ±1 yr of the 2009 USACE NCMP topobathy lidar (CHARTS) (flown 2009-08-10 to 2009-08-24) per CoastSat transect (906 of 906 transects), geolocated as origin + chainage * unit vector and strung into one line in alongshore order. No outlier rejection, no smoothing.",coastsat_mean_shoreline.py,2026-09-29,"Window mean, not a survey. Median 28 positions per transect; see transect_means_2008-08-17_2010-08-17.csv and PROVENANCE.md.",shoreline_mean_2008-08-17_2010-08-17.geojson,transects_100m.geojson,2026-09-29,duneline_to_raw_offsets.py
50,258,4009.9588262678594,1,456188.49347373215,3923462.3268999998,Shoreline (CoastSat window mean),2008-08-17/2010-08-17,Landsat 5/7/8 via CoastSat (coastsat.space),"Mean of the satellite positions in 2008-08-17 to 2010-08-17, ±1 yr of the 2009 USACE NCMP topobathy lidar (CHARTS) (flown 2009-08-10 to 2009-08-24) per CoastSat transect (906 of 906 transects), geolocated as origin + chainage * unit vector and strung into one line in alongshore order. No outlier rejection, no smoothing.",coastsat_mean_shoreline.py,2026-09-29,"Window mean, not a survey. Median 28 positions per transect; see transect_means_2008-08-17_2010-08-17.csv and PROVENANCE.md.",shoreline_mean_2008-08-17_2010-08-17.geojson,transects_100m.geojson,2026-09-29,duneline_to_raw_offsets.py
50,259,4006.7418965185057,1,456191.7104034815,3923562.3268999998,Shoreline (CoastSat window mean),2008-08-17/2010-08-17,Landsat 5/7/8 via CoastSat (coastsat.space),"Mean of the satellite positions in 2008-08-17 to 2010-08-17, ±1 yr of the 2009 USACE NCMP topobathy lidar (CHARTS) (flown 2009-08-10 to 2009-08-24) per CoastSat transect (906 of 906 transects), geolocated as origin + chainage * unit vector and strung into one line in alongshore order. No outlier rejection, no smoothing.",coastsat_mean_shoreline.py,2026-09-29,"Window mean, not a survey. Median 28 positions per transect; see transect_means_2008-08-17_2010-08-17.csv and PROVENANCE.md.",shoreline_mean_2008-08-17_2010-08-17.geojson,transects_100m.geojson,2026-09-29,duneline_to_raw_offsets.py
50,260,4005.669925612281,1,456192.7823743877,3923662.3268999998,Shoreline (CoastSat window mean),2008-08-17/2010-08-17,Landsat 5/7/8 via CoastSat (coastsat.space),"Mean of the satellite positions in 2008-08-17 to 2010-08-17, ±1 yr of the 2009 USACE NCMP topobathy lidar (CHARTS) (flown 2009-08-10 to 2009-08-24) per CoastSat transect (906 of 906 transects), geolocated as origin + chainage * unit vector and strung into one line in alongshore order. No outlier rejection, no smoothing.",coastsat_mean_shoreline.py,2026-09-29,"Window mean, not a survey. Median 28 positions per transect; see transect_means_2008-08-17_2010-08-17.csv and PROVENANCE.md.",shoreline_mean_2008-08-17_2010-08-17.geojson,transects_100m.geojson,2026-09-29,duneline_to_raw_offsets.py
50,261,4000.0039582101167,1,456198.4483417899,3923762.3268999998,Shoreline (CoastSat window mean),2008-08-17/2010-08-17,Landsat 5/7/8 via CoastSat (coastsat.space),"Mean of the satellite positions in 2008-08-17 to 2010-08-17, ±1 yr of the 2009 USACE NCMP topobathy lidar (CHARTS) (flown 2009-08-10 to 2009-08-24) per CoastSat transect (906 of 906 transects), geolocated as origin + chainage * unit vector and strung into one line in alongshore order. No outlier rejection, no smoothing.",coastsat_mean_shoreline.py,2026-09-29,"Window mean, not a survey. Median 28 positions per transect; see transect_means_2008-08-17_2010-08-17.csv and PROVENANCE.md.",shoreline_mean_2008-08-17_2010-08-17.geojson,transects_100m.geojson,2026-09-29,duneline_to_raw_offsets.py
50,262,3995.6750716260863,1,456202.7772283739,3923862.3268999998,Shoreline (CoastSat window mean),2008-08-17/2010-08-17,Landsat 5/7/8 via CoastSat (coastsat.space),"Mean of the satellite positions in 2008-08-17 to 2010-08-17, ±1 yr of the 2009 USACE NCMP topobathy lidar (CHARTS) (flown 2009-08-10 to 2009-08-24) per CoastSat transect (906 of 906 transects), geolocated as origin + chainage * unit vector and strung into one line in alongshore order. No outlier rejection, no smoothing.",coastsat_mean_shoreline.py,2026-09-29,"Window mean, not a survey. Median 28 positions per transect; see transect_means_2008-08-17_2010-08-17.csv and PROVENANCE.md.",shoreline_mean_2008-08-17_2010-08-17.geojson,transects_100m.geojson,2026-09-29,duneline_to_raw_offsets.py
51,263,3987.6059185337504,1,456210.84638146625,3923962.3268999998,Shoreline (CoastSat window mean),2008-08-17/2010-08-17,Landsat 5/7/8 via CoastSat (coastsat.space),"Mean of the satellite positions in 2008-08-17 to 2010-08-17, ±1 yr of the 2009 USACE NCMP topobathy lidar (CHARTS) (flown 2009-08-10 to 2009-08-24) per CoastSat transect (906 of 906 transects), geolocated as origin + chainage * unit vector and strung into one line in alongshore order. No outlier rejection, no smoothing.",coastsat_mean_shoreline.py,2026-09-29,"Window mean, not a survey. Median 28 positions per transect; see transect_means_2008-08-17_2010-08-17.csv and PROVENANCE.md.",shoreline_mean_2008-08-17_2010-08-17.geojson,transects_100m.geojson,2026-09-29,duneline_to_raw_offsets.py
51,264,3978.998435886169,1,456219.45386411384,3924062.3268999998,Shoreline (CoastSat window mean),2008-08-17/2010-08-17,Landsat 5/7/8 via CoastSat (coastsat.space),"Mean of the satellite positions in 2008-08-17 to 2010-08-17, ±1 yr of the 2009 USACE NCMP topobathy lidar (CHARTS) (flown 2009-08-10 to 2009-08-24) per CoastSat transect (906 of 906 transects), geolocated as origin + chainage * unit vector and strung into one line in alongshore order. No outlier rejection, no smoothing.",coastsat_mean_shoreline.py,2026-09-29,"Window mean, not a survey. Median 28 positions per transect; see transect_means_2008-08-17_2010-08-17.csv and PROVENANCE.md.",shoreline_mean_2008-08-17_2010-08-17.geojson,transects_100m.geojson,2026-09-29,duneline_to_raw_offsets.py
51,265,3970.376398109481,1,456228.0759018905,3924162.3268999998,Shoreline (CoastSat window mean),2008-08-17/2010-08-17,Landsat 5/7/8 via CoastSat (coastsat.space),"Mean of the satellite positions in 2008-08-17 to 2010-08-17, ±1 yr of the 2009 USACE NCMP topobathy lidar (CHARTS) (flown 2009-08-10 to 2009-08-24) per CoastSat transect (906 of 906 transects), geolocated as origin + chainage * unit vector and strung into one line in alongshore order. No outlier rejection, no smoothing.",coastsat_mean_shoreline.py,2026-09-29,"Window mean, not a survey. Median 28 positions per transect; see transect_means_2008-08-17_2010-08-17.csv and PROVENANCE.md.",shoreline_mean_2008-08-17_2010-08-17.geojson,transects_100m.geojson,2026-09-29,duneline_to_raw_offsets.py
51,266,3960.820947125496,1,456237.6313528745,3924262.3268999998,Shoreline (CoastSat window mean),2008-08-17/2010-08-17,Landsat 5/7/8 via CoastSat (coastsat.space),"Mean of the satellite positions in 2008-08-17 to 2010-08-17, ±1 yr of the 2009 USACE NCMP topobathy lidar (CHARTS) (flown 2009-08-10 to 2009-08-24) per CoastSat transect (906 of 906 transects), geolocated as origin + chainage * unit vector and strung into one line in alongshore order. No outlier rejection, no smoothing.",coastsat_mean_shoreline.py,2026-09-29,"Window mean, not a survey. Median 28 positions per transect; see transect_means_2008-08-17_2010-08-17.csv and PROVENANCE.md.",shoreline_mean_2008-08-17_2010-08-17.geojson,transects_100m.geojson,2026-09-29,duneline_to_raw_offsets.py
51,267,3948.711437460268,1,456249.74086253974,3924362.3268999998,Shoreline (CoastSat window mean),2008-08-17/2010-08-17,Landsat 5/7/8 via CoastSat (coastsat.space),"Mean of the satellite positions in 2008-08-17 to 2010-08-17, ±1 yr of the 2009 USACE NCMP topobathy lidar (CHARTS) (flown 2009-08-10 to 2009-08-24) per CoastSat transect (906 of 906 transects), geolocated as origin + chainage * unit vector and strung into one line in alongshore order. No outlier rejection, no smoothing.",coastsat_mean_shoreline.py,2026-09-29,"Window mean, not a survey. Median 28 positions per transect; see transect_means_2008-08-17_2010-08-17.csv and PROVENANCE.md.",shoreline_mean_2008-08-17_2010-08-17.geojson,transects_100m.geojson,2026-09-29,duneline_to_raw_offsets.py
52,268,3934.603885391611,1,456263.8484146084,3924462.3268999998,Shoreline (CoastSat window mean),2008-08-17/2010-08-17,Landsat 5/7/8 via CoastSat (coastsat.space),"Mean of the satellite positions in 2008-08-17 to 2010-08-17, ±1 yr of the 2009 USACE NCMP topobathy lidar (CHARTS) (flown 2009-08-10 to 2009-08-24) per CoastSat transect (906 of 906 transects), geolocated as origin + chainage * unit vector and strung into one line in alongshore order. No outlier rejection, no smoothing.",coastsat_mean_shoreline.py,2026-09-29,"Window mean, not a survey. Median 28 positions per transect; see transect_means_2008-08-17_2010-08-17.csv and PROVENANCE.md.",shoreline_mean_2008-08-17_2010-08-17.geojson,transects_100m.geojson,2026-09-29,duneline_to_raw_offsets.py
52,269,3924.919402327039,1,456273.53289767297,3924562.3268999998,Shoreline (CoastSat window mean),2008-08-17/2010-08-17,Landsat 5/7/8 via CoastSat (coastsat.space),"Mean of the satellite positions in 2008-08-17 to 2010-08-17, ±1 yr of the 2009 USACE NCMP topobathy lidar (CHARTS) (flown 2009-08-10 to 2009-08-24) per CoastSat transect (906 of 906 transects), geolocated as origin + chainage * unit vector and strung into one line in alongshore order. No outlier rejection, no smoothing.",coastsat_mean_shoreline.py,2026-09-29,"Window mean, not a survey. Median 28 positions per transect; see transect_means_2008-08-17_2010-08-17.csv and PROVENANCE.md.",shoreline_mean_2008-08-17_2010-08-17.geojson,transects_100m.geojson,2026-09-29,duneline_to_raw_offsets.py
52,270,3912.7842444499834,1,456285.66805555,3924662.3268999998,Shoreline (CoastSat window mean),2008-08-17/2010-08-17,Landsat 5/7/8 via CoastSat (coastsat.space),"Mean of the satellite positions in 2008-08-17 to 2010-08-17, ±1 yr of the 2009 USACE NCMP topobathy lidar (CHARTS) (flown 2009-08-10 to 2009-08-24) per CoastSat transect (906 of 906 transects), geolocated as origin + chainage * unit vector and strung into one line in alongshore order. No outlier rejection, no smoothing.",coastsat_mean_shoreline.py,2026-09-29,"Window mean, not a survey. Median 28 positions per transect; see transect_means_2008-08-17_2010-08-17.csv and PROVENANCE.md.",shoreline_mean_2008-08-17_2010-08-17.geojson,transects_100m.geojson,2026-09-29,duneline_to_raw_offsets.py
52,271,3902.4743493808783,1,456295.9779506191,3924762.3268999998,Shoreline (CoastSat window mean),2008-08-17/2010-08-17,Landsat 5/7/8 via CoastSat (coastsat.space),"Mean of the satellite positions in 2008-08-17 to 2010-08-17, ±1 yr of the 2009 USACE NCMP topobathy lidar (CHARTS) (flown 2009-08-10 to 2009-08-24) per CoastSat transect (906 of 906 transects), geolocated as origin + chainage * unit vector and strung into one line in alongshore order. No outlier rejection, no smoothing.",coastsat_mean_shoreline.py,2026-09-29,"Window mean, not a survey. Median 28 positions per transect; see transect_means_2008-08-17_2010-08-17.csv and PROVENANCE.md.",shoreline_mean_2008-08-17_2010-08-17.geojson,transects_100m.geojson,2026-09-29,duneline_to_raw_offsets.py
52,272,3895.2405672080936,1,456303.2117327919,3924862.3268999998,Shoreline (CoastSat window mean),2008-08-17/2010-08-17,Landsat 5/7/8 via CoastSat (coastsat.space),"Mean of the satellite positions in 2008-08-17 to 2010-08-17, ±1 yr of the 2009 USACE NCMP topobathy lidar (CHARTS) (flown 2009-08-10 to 2009-08-24) per CoastSat transect (906 of 906 transects), geolocated as origin + chainage * unit vector and strung into one line in alongshore order. No outlier rejection, no smoothing.",coastsat_mean_shoreline.py,2026-09-29,"Window mean, not a survey. Median 28 positions per transect; see transect_means_2008-08-17_2010-08-17.csv and PROVENANCE.md.",shoreline_mean_2008-08-17_2010-08-17.geojson,transects_100m.geojson,2026-09-29,duneline_to_raw_offsets.py
53,273,3889.273167684034,1,456309.17913231597,3924962.3268999998,Shoreline (CoastSat window mean),2008-08-17/2010-08-17,Landsat 5/7/8 via CoastSat (coastsat.space),"Mean of the satellite positions in 2008-08-17 to 2010-08-17, ±1 yr of the 2009 USACE NCMP topobathy lidar (CHARTS) (flown 2009-08-10 to 2009-08-24) per CoastSat transect (906 of 906 transects), geolocated as origin + chainage * unit vector and strung into one line in alongshore order. No outlier rejection, no smoothing.",coastsat_mean_shoreline.py,2026-09-29,"Window mean, not a survey. Median 28 positions per transect; see transect_means_2008-08-17_2010-08-17.csv and PROVENANCE.md.",shoreline_mean_2008-08-17_2010-08-17.geojson,transects_100m.geojson,2026-09-29,duneline_to_raw_offsets.py
53,274,3884.009660350682,1,456314.4426396493,3925062.3268999998,Shoreline (CoastSat window mean),2008-08-17/2010-08-17,Landsat 5/7/8 via CoastSat (coastsat.space),"Mean of the satellite positions in 2008-08-17 to 2010-08-17, ±1 yr of the 2009 USACE NCMP topobathy lidar (CHARTS) (flown 2009-08-10 to 2009-08-24) per CoastSat transect (906 of 906 transects), geolocated as origin + chainage * unit vector and strung into one line in alongshore order. No outlier rejection, no smoothing.",coastsat_mean_shoreline.py,2026-09-29,"Window mean, not a survey. Median 28 positions per transect; see transect_means_2008-08-17_2010-08-17.csv and PROVENANCE.md.",shoreline_mean_2008-08-17_2010-08-17.geojson,transects_100m.geojson,2026-09-29,duneline_to_raw_offsets.py
53,275,3871.1230780085316,1,456327.3292219915,3925162.3268999998,Shoreline (CoastSat window mean),2008-08-17/2010-08-17,Landsat 5/7/8 via CoastSat (coastsat.space),"Mean of the satellite positions in 2008-08-17 to 2010-08-17, ±1 yr of the 2009 USACE NCMP topobathy lidar (CHARTS) (flown 2009-08-10 to 2009-08-24) per CoastSat transect (906 of 906 transects), geolocated as origin + chainage * unit vector and strung into one line in alongshore order. No outlier rejection, no smoothing.",coastsat_mean_shoreline.py,2026-09-29,"Window mean, not a survey. Median 28 positions per transect; see transect_means_2008-08-17_2010-08-17.csv and PROVENANCE.md.",shoreline_mean_2008-08-17_2010-08-17.geojson,transects_100m.geojson,2026-09-29,duneline_to_raw_offsets.py
53,276,3861.15528334846,1,456337.29701665154,3925262.3268999998,Shoreline (CoastSat window mean),2008-08-17/2010-08-17,Landsat 5/7/8 via CoastSat (coastsat.space),"Mean of the satellite positions in 2008-08-17 to 2010-08-17, ±1 yr of the 2009 USACE NCMP topobathy lidar (CHARTS) (flown 2009-08-10 to 2009-08-24) per CoastSat transect (906 of 906 transects), geolocated as origin + chainage * unit vector and strung into one line in alongshore order. No outlier rejection, no smoothing.",coastsat_mean_shoreline.py,2026-09-29,"Window mean, not a survey. Median 28 positions per transect; see transect_means_2008-08-17_2010-08-17.csv and PROVENANCE.md.",shoreline_mean_2008-08-17_2010-08-17.geojson,transects_100m.geojson,2026-09-29,duneline_to_raw_offsets.py
53,277,3849.124155537865,1,456349.32814446214,3925362.3268999998,Shoreline (CoastSat window mean),2008-08-17/2010-08-17,Landsat 5/7/8 via CoastSat (coastsat.space),"Mean of the satellite positions in 2008-08-17 to 2010-08-17, ±1 yr of the 2009 USACE NCMP topobathy lidar (CHARTS) (flown 2009-08-10 to 2009-08-24) per CoastSat transect (906 of 906 transects), geolocated as origin + chainage * unit vector and strung into one line in alongshore order. No outlier rejection, no smoothing.",coastsat_mean_shoreline.py,2026-09-29,"Window mean, not a survey. Median 28 positions per transect; see transect_means_2008-08-17_2010-08-17.csv and PROVENANCE.md.",shoreline_mean_2008-08-17_2010-08-17.geojson,transects_100m.geojson,2026-09-29,duneline_to_raw_offsets.py
54,278,3837.5494295469252,1,456360.9028704531,3925462.3268999998,Shoreline (CoastSat window mean),2008-08-17/2010-08-17,Landsat 5/7/8 via CoastSat (coastsat.space),"Mean of the satellite positions in 2008-08-17 to 2010-08-17, ±1 yr of the 2009 USACE NCMP topobathy lidar (CHARTS) (flown 2009-08-10 to 2009-08-24) per CoastSat transect (906 of 906 transects), geolocated as origin + chainage * unit vector and strung into one line in alongshore order. No outlier rejection, no smoothing.",coastsat_mean_shoreline.py,2026-09-29,"Window mean, not a survey. Median 28 positions per transect; see transect_means_2008-08-17_2010-08-17.csv and PROVENANCE.md.",shoreline_mean_2008-08-17_2010-08-17.geojson,transects_100m.geojson,2026-09-29,duneline_to_raw_offsets.py
54,279,3823.814563357097,1,456374.6377366429,3925562.3268999998,Shoreline (CoastSat window mean),2008-08-17/2010-08-17,Landsat 5/7/8 via CoastSat (coastsat.space),"Mean of the satellite positions in 2008-08-17 to 2010-08-17, ±1 yr of the 2009 USACE NCMP topobathy lidar (CHARTS) (flown 2009-08-10 to 2009-08-24) per CoastSat transect (906 of 906 transects), geolocated as origin + chainage * unit vector and strung into one line in alongshore order. No outlier rejection, no smoothing.",coastsat_mean_shoreline.py,2026-09-29,"Window mean, not a survey. Median 28 positions per transect; see transect_means_2008-08-17_2010-08-17.csv and PROVENANCE.md.",shoreline_mean_2008-08-17_2010-08-17.geojson,transects_100m.geojson,2026-09-29,duneline_to_raw_offsets.py
54,280,3810.672930453671,1,456387.77936954633,3925662.3268999998,Shoreline (CoastSat window mean),2008-08-17/2010-08-17,Landsat 5/7/8 via CoastSat (coastsat.space),"Mean of the satellite positions in 2008-08-17 to 2010-08-17, ±1 yr of the 2009 USACE NCMP topobathy lidar (CHARTS) (flown 2009-08-10 to 2009-08-24) per CoastSat transect (906 of 906 transects), geolocated as origin + chainage * unit vector and strung into one line in alongshore order. No outlier rejection, no smoothing.",coastsat_mean_shoreline.py,2026-09-29,"Window mean, not a survey. Median 28 positions per transect; see transect_means_2008-08-17_2010-08-17.csv and PROVENANCE.md.",shoreline_mean_2008-08-17_2010-08-17.geojson,transects_100m.geojson,2026-09-29,duneline_to_raw_offsets.py
54,281,3796.5112218848662,1,456401.94107811514,3925762.3268999998,Shoreline (CoastSat window mean),2008-08-17/2010-08-17,Landsat 5/7/8 via CoastSat (coastsat.space),"Mean of the satellite positions in 2008-08-17 to 2010-08-17, ±1 yr of the 2009 USACE NCMP topobathy lidar (CHARTS) (flown 2009-08-10 to 2009-08-24) per CoastSat transect (906 of 906 transects), geolocated as origin + chainage * unit vector and strung into one line in alongshore order. No outlier rejection, no smoothing.",coastsat_mean_shoreline.py,2026-09-29,"Window mean, not a survey. Median 28 positions per transect; see transect_means_2008-08-17_2010-08-17.csv and PROVENANCE.md.",shoreline_mean_2008-08-17_2010-08-17.geojson,transects_100m.geojson,2026-09-29,duneline_to_raw_offsets.py
54,282,3786.7598773778886,1,456411.6924226221,3925862.3268999998,Shoreline (CoastSat window mean),2008-08-17/2010-08-17,Landsat 5/7/8 via CoastSat (coastsat.space),"Mean of the satellite positions in 2008-08-17 to 2010-08-17, ±1 yr of the 2009 USACE NCMP topobathy lidar (CHARTS) (flown 2009-08-10 to 2009-08-24) per CoastSat transect (906 of 906 transects), geolocated as origin + chainage * unit vector and strung into one line in alongshore order. No outlier rejection, no smoothing.",coastsat_mean_shoreline.py,2026-09-29,"Window mean, not a survey. Median 28 positions per transect; see transect_means_2008-08-17_2010-08-17.csv and PROVENANCE.md.",shoreline_mean_2008-08-17_2010-08-17.geojson,transects_100m.geojson,2026-09-29,duneline_to_raw_offsets.py
55,283,3775.6283831366454,1,456422.82391686336,3925962.3268999998,Shoreline (CoastSat window mean),2008-08-17/2010-08-17,Landsat 5/7/8 via CoastSat (coastsat.space),"Mean of the satellite positions in 2008-08-17 to 2010-08-17, ±1 yr of the 2009 USACE NCMP topobathy lidar (CHARTS) (flown 2009-08-10 to 2009-08-24) per CoastSat transect (906 of 906 transects), geolocated as origin + chainage * unit vector and strung into one line in alongshore order. No outlier rejection, no smoothing.",coastsat_mean_shoreline.py,2026-09-29,"Window mean, not a survey. Median 28 positions per transect; see transect_means_2008-08-17_2010-08-17.csv and PROVENANCE.md.",shoreline_mean_2008-08-17_2010-08-17.geojson,transects_100m.geojson,2026-09-29,duneline_to_raw_offsets.py
55,284,3761.1041717561893,1,456437.3481282438,3926062.3268999998,Shoreline (CoastSat window mean),2008-08-17/2010-08-17,Landsat 5/7/8 via CoastSat (coastsat.space),"Mean of the satellite positions in 2008-08-17 to 2010-08-17, ±1 yr of the 2009 USACE NCMP topobathy lidar (CHARTS) (flown 2009-08-10 to 2009-08-24) per CoastSat transect (906 of 906 transects), geolocated as origin + chainage * unit vector and strung into one line in alongshore order. No outlier rejection, no smoothing.",coastsat_mean_shoreline.py,2026-09-29,"Window mean, not a survey. Median 28 positions per transect; see transect_means_2008-08-17_2010-08-17.csv and PROVENANCE.md.",shoreline_mean_2008-08-17_2010-08-17.geojson,transects_100m.geojson,2026-09-29,duneline_to_raw_offsets.py
55,285,3747.2370621366426,1,456451.21523786336,3926162.3268999998,Shoreline (CoastSat window mean),2008-08-17/2010-08-17,Landsat 5/7/8 via CoastSat (coastsat.space),"Mean of the satellite positions in 2008-08-17 to 2010-08-17, ±1 yr of the 2009 USACE NCMP topobathy lidar (CHARTS) (flown 2009-08-10 to 2009-08-24) per CoastSat transect (906 of 906 transects), geolocated as origin + chainage * unit vector and strung into one line in alongshore order. No outlier rejection, no smoothing.",coastsat_mean_shoreline.py,2026-09-29,"Window mean, not a survey. Median 28 positions per transect; see transect_means_2008-08-17_2010-08-17.csv and PROVENANCE.md.",shoreline_mean_2008-08-17_2010-08-17.geojson,transects_100m.geojson,2026-09-29,duneline_to_raw_offsets.py
55,286,3732.313183129591,1,456466.1391168704,3926262.3268999998,Shoreline (CoastSat window mean),2008-08-17/2010-08-17,Landsat 5/7/8 via CoastSat (coastsat.space),"Mean of the satellite positions in 2008-08-17 to 2010-08-17, ±1 yr of the 2009 USACE NCMP topobathy lidar (CHARTS) (flown 2009-08-10 to 2009-08-24) per CoastSat transect (906 of 906 transects), geolocated as origin + chainage * unit vector and strung into one line in alongshore order. No outlier rejection, no smoothing.",coastsat_mean_shoreline.py,2026-09-29,"Window mean, not a survey. Median 28 positions per transect; see transect_means_2008-08-17_2010-08-17.csv and PROVENANCE.md.",shoreline_mean_2008-08-17_2010-08-17.geojson,transects_100m.geojson,2026-09-29,duneline_to_raw_offsets.py
55,287,3715.390796358639,1,456483.06150364137,3926362.3268999998,Shoreline (CoastSat window mean),2008-08-17/2010-08-17,Landsat 5/7/8 via CoastSat (coastsat.space),"Mean of the satellite positions in 2008-08-17 to 2010-08-17, ±1 yr of the 2009 USACE NCMP topobathy lidar (CHARTS) (flown 2009-08-10 to 2009-08-24) per CoastSat transect (906 of 906 transects), geolocated as origin + chainage * unit vector and strung into one line in alongshore order. No outlier rejection, no smoothing.",coastsat_mean_shoreline.py,2026-09-29,"Window mean, not a survey. Median 28 positions per transect; see transect_means_2008-08-17_2010-08-17.csv and PROVENANCE.md.",shoreline_mean_2008-08-17_2010-08-17.geojson,transects_100m.geojson,2026-09-29,duneline_to_raw_offsets.py
56,288,3698.3251312429206,1,456500.1271687571,3926462.3268999998,Shoreline (CoastSat window mean),2008-08-17/2010-08-17,Landsat 5/7/8 via CoastSat (coastsat.space),"Mean of the satellite positions in 2008-08-17 to 2010-08-17, ±1 yr of the 2009 USACE NCMP topobathy lidar (CHARTS) (flown 2009-08-10 to 2009-08-24) per CoastSat transect (906 of 906 transects), geolocated as origin + chainage * unit vector and strung into one line in alongshore order. No outlier rejection, no smoothing.",coastsat_mean_shoreline.py,2026-09-29,"Window mean, not a survey. Median 28 positions per transect; see transect_means_2008-08-17_2010-08-17.csv and PROVENANCE.md.",shoreline_mean_2008-08-17_2010-08-17.geojson,transects_100m.geojson,2026-09-29,duneline_to_raw_offsets.py
56,289,3686.8643354622764,1,456511.5879645377,3926562.3268999998,Shoreline (CoastSat window mean),2008-08-17/2010-08-17,Landsat 5/7/8 via CoastSat (coastsat.space),"Mean of the satellite positions in 2008-08-17 to 2010-08-17, ±1 yr of the 2009 USACE NCMP topobathy lidar (CHARTS) (flown 2009-08-10 to 2009-08-24) per CoastSat transect (906 of 906 transects), geolocated as origin + chainage * unit vector and strung into one line in alongshore order. No outlier rejection, no smoothing.",coastsat_mean_shoreline.py,2026-09-29,"Window mean, not a survey. Median 28 positions per transect; see transect_means_2008-08-17_2010-08-17.csv and PROVENANCE.md.",shoreline_mean_2008-08-17_2010-08-17.geojson,transects_100m.geojson,2026-09-29,duneline_to_raw_offsets.py
56,290,3672.3252683751057,1,456526.1270316249,3926662.3268999998,Shoreline (CoastSat window mean),2008-08-17/2010-08-17,Landsat 5/7/8 via CoastSat (coastsat.space),"Mean of the satellite positions in 2008-08-17 to 2010-08-17, ±1 yr of the 2009 USACE NCMP topobathy lidar (CHARTS) (flown 2009-08-10 to 2009-08-24) per CoastSat transect (906 of 906 transects), geolocated as origin + chainage * unit vector and strung into one line in alongshore order. No outlier rejection, no smoothing.",coastsat_mean_shoreline.py,2026-09-29,"Window mean, not a survey. Median 28 positions per transect; see transect_means_2008-08-17_2010-08-17.csv and PROVENANCE.md.",shoreline_mean_2008-08-17_2010-08-17.geojson,transects_100m.geojson,2026-09-29,duneline_to_raw_offsets.py
56,291,3658.4846627567895,1,456539.9676372432,3926762.3268999998,Shoreline (CoastSat window mean),2008-08-17/2010-08-17,Landsat 5/7/8 via CoastSat (coastsat.space),"Mean of the satellite positions in 2008-08-17 to 2010-08-17, ±1 yr of the 2009 USACE NCMP topobathy lidar (CHARTS) (flown 2009-08-10 to 2009-08-24) per CoastSat transect (906 of 906 transects), geolocated as origin + chainage * unit vector and strung into one line in alongshore order. No outlier rejection, no smoothing.",coastsat_mean_shoreline.py,2026-09-29,"Window mean, not a survey. Median 28 positions per transect; see transect_means_2008-08-17_2010-08-17.csv and PROVENANCE.md.",shoreline_mean_2008-08-17_2010-08-17.geojson,transects_100m.geojson,2026-09-29,duneline_to_raw_offsets.py
56,292,3643.5666706520715,1,456554.88562934793,3926862.3268999998,Shoreline (CoastSat window mean),2008-08-17/2010-08-17,Landsat 5/7/8 via CoastSat (coastsat.space),"Mean of the satellite positions in 2008-08-17 to 2010-08-17, ±1 yr of the 2009 USACE NCMP topobathy lidar (CHARTS) (flown 2009-08-10 to 2009-08-24) per CoastSat transect (906 of 906 transects), geolocated as origin + chainage * unit vector and strung into one line in alongshore order. No outlier rejection, no smoothing.",coastsat_mean_shoreline.py,2026-09-29,"Window mean, not a survey. Median 28 positions per transect; see transect_means_2008-08-17_2010-08-17.csv and PROVENANCE.md.",shoreline_mean_2008-08-17_2010-08-17.geojson,transects_100m.geojson,2026-09-29,duneline_to_raw_offsets.py
57,293,3629.8217811352806,1,456568.6305188647,3926962.3268999998,Shoreline (CoastSat window mean),2008-08-17/2010-08-17,Landsat 5/7/8 via CoastSat (coastsat.space),"Mean of the satellite positions in 2008-08-17 to 2010-08-17, ±1 yr of the 2009 USACE NCMP topobathy lidar (CHARTS) (flown 2009-08-10 to 2009-08-24) per CoastSat transect (906 of 906 transects), geolocated as origin + chainage * unit vector and strung into one line in alongshore order. No outlier rejection, no smoothing.",coastsat_mean_shoreline.py,2026-09-29,"Window mean, not a survey. Median 28 positions per transect; see transect_means_2008-08-17_2010-08-17.csv and PROVENANCE.md.",shoreline_mean_2008-08-17_2010-08-17.geojson,transects_100m.geojson,2026-09-29,duneline_to_raw_offsets.py
57,294,3611.759969397856,1,456586.69233060215,3927062.3268999998,Shoreline (CoastSat window mean),2008-08-17/2010-08-17,Landsat 5/7/8 via CoastSat (coastsat.space),"Mean of the satellite positions in 2008-08-17 to 2010-08-17, ±1 yr of the 2009 USACE NCMP topobathy lidar (CHARTS) (flown 2009-08-10 to 2009-08-24) per CoastSat transect (906 of 906 transects), geolocated as origin + chainage * unit vector and strung into one line in alongshore order. No outlier rejection, no smoothing.",coastsat_mean_shoreline.py,2026-09-29,"Window mean, not a survey. Median 28 positions per transect; see transect_means_2008-08-17_2010-08-17.csv and PROVENANCE.md.",shoreline_mean_2008-08-17_2010-08-17.geojson,transects_100m.geojson,2026-09-29,duneline_to_raw_offsets.py
57,295,3592.227688524988,1,456606.224611475,3927162.3268999998,Shoreline (CoastSat window mean),2008-08-17/2010-08-17,Landsat 5/7/8 via CoastSat (coastsat.space),"Mean of the satellite positions in 2008-08-17 to 2010-08-17, ±1 yr of the 2009 USACE NCMP topobathy lidar (CHARTS) (flown 2009-08-10 to 2009-08-24) per CoastSat transect (906 of 906 transects), geolocated as origin + chainage * unit vector and strung into one line in alongshore order. No outlier rejection, no smoothing.",coastsat_mean_shoreline.py,2026-09-29,"Window mean, not a survey. Median 28 positions per transect; see transect_means_2008-08-17_2010-08-17.csv and PROVENANCE.md.",shoreline_mean_2008-08-17_2010-08-17.geojson,transects_100m.geojson,2026-09-29,duneline_to_raw_offsets.py
57,296,3575.5470892050075,1,456622.905210795,3927262.3268999998,Shoreline (CoastSat window mean),2008-08-17/2010-08-17,Landsat 5/7/8 via CoastSat (coastsat.space),"Mean of the satellite positions in 2008-08-17 to 2010-08-17, ±1 yr of the 2009 USACE NCMP topobathy lidar (CHARTS) (flown 2009-08-10 to 2009-08-24) per CoastSat transect (906 of 906 transects), geolocated as origin + chainage * unit vector and strung into one line in alongshore order. No outlier rejection, no smoothing.",coastsat_mean_shoreline.py,2026-09-29,"Window mean, not a survey. Median 28 positions per transect; see transect_means_2008-08-17_2010-08-17.csv and PROVENANCE.md.",shoreline_mean_2008-08-17_2010-08-17.geojson,transects_100m.geojson,2026-09-29,duneline_to_raw_offsets.py
57,297,3559.120544219157,1,456639.33175578085,3927362.3268999998,Shoreline (CoastSat window mean),2008-08-17/2010-08-17,Landsat 5/7/8 via CoastSat (coastsat.space),"Mean of the satellite positions in 2008-08-17 to 2010-08-17, ±1 yr of the 2009 USACE NCMP topobathy lidar (CHARTS) (flown 2009-08-10 to 2009-08-24) per CoastSat transect (906 of 906 transects), geolocated as origin + chainage * unit vector and strung into one line in alongshore order. No outlier rejection, no smoothing.",coastsat_mean_shoreline.py,2026-09-29,"Window mean, not a survey. Median 28 positions per transect; see transect_means_2008-08-17_2010-08-17.csv and PROVENANCE.md.",shoreline_mean_2008-08-17_2010-08-17.geojson,transects_100m.geojson,2026-09-29,duneline_to_raw_offsets.py
58,298,3543.4282991721993,1,456655.0240008278,3927462.3268999998,Shoreline (CoastSat window mean),2008-08-17/2010-08-17,Landsat 5/7/8 via CoastSat (coastsat.space),"Mean of the satellite positions in 2008-08-17 to 2010-08-17, ±1 yr of the 2009 USACE NCMP topobathy lidar (CHARTS) (flown 2009-08-10 to 2009-08-24) per CoastSat transect (906 of 906 transects), geolocated as origin + chainage * unit vector and strung into one line in alongshore order. No outlier rejection, no smoothing.",coastsat_mean_shoreline.py,2026-09-29,"Window mean, not a survey. Median 28 positions per transect; see transect_means_2008-08-17_2010-08-17.csv and PROVENANCE.md.",shoreline_mean_2008-08-17_2010-08-17.geojson,transects_100m.geojson,2026-09-29,duneline_to_raw_offsets.py
58,299,3526.1676238349173,1,456672.2846761651,3927562.3268999998,Shoreline (CoastSat window mean),2008-08-17/2010-08-17,Landsat 5/7/8 via CoastSat (coastsat.space),"Mean of the satellite positions in 2008-08-17 to 2010-08-17, ±1 yr of the 2009 USACE NCMP topobathy lidar (CHARTS) (flown 2009-08-10 to 2009-08-24) per CoastSat transect (906 of 906 transects), geolocated as origin + chainage * unit vector and strung into one line in alongshore order. No outlier rejection, no smoothing.",coastsat_mean_shoreline.py,2026-09-29,"Window mean, not a survey. Median 28 positions per transect; see transect_means_2008-08-17_2010-08-17.csv and PROVENANCE.md.",shoreline_mean_2008-08-17_2010-08-17.geojson,transects_100m.geojson,2026-09-29,duneline_to_raw_offsets.py
58,300,3506.9732932526385,1,456691.47900674737,3927662.3268999998,Shoreline (CoastSat window mean),2008-08-17/2010-08-17,Landsat 5/7/8 via CoastSat (coastsat.space),"Mean of the satellite positions in 2008-08-17 to 2010-08-17, ±1 yr of the 2009 USACE NCMP topobathy lidar (CHARTS) (flown 2009-08-10 to 2009-08-24) per CoastSat transect (906 of 906 transects), geolocated as origin + chainage * unit vector and strung into one line in alongshore order. No outlier rejection, no smoothing.",coastsat_mean_shoreline.py,2026-09-29,"Window mean, not a survey. Median 28 positions per transect; see transect_means_2008-08-17_2010-08-17.csv and PROVENANCE.md.",shoreline_mean_2008-08-17_2010-08-17.geojson,transects_100m.geojson,2026-09-29,duneline_to_raw_offsets.py
58,301,3489.040477476199,1,456709.4118225238,3927762.3268999998,Shoreline (CoastSat window mean),2008-08-17/2010-08-17,Landsat 5/7/8 via CoastSat (coastsat.space),"Mean of the satellite positions in 2008-08-17 to 2010-08-17, ±1 yr of the 2009 USACE NCMP topobathy lidar (CHARTS) (flown 2009-08-10 to 2009-08-24) per CoastSat transect (906 of 906 transects), geolocated as origin + chainage * unit vector and strung into one line in alongshore order. No outlier rejection, no smoothing.",coastsat_mean_shoreline.py,2026-09-29,"Window mean, not a survey. Median 28 positions per transect; see transect_means_2008-08-17_2010-08-17.csv and PROVENANCE.md.",shoreline_mean_2008-08-17_2010-08-17.geojson,transects_100m.geojson,2026-09-29,duneline_to_raw_offsets.py
58,302,3473.4251244465704,1,456725.02717555343,3927862.3268999998,Shoreline (CoastSat window mean),2008-08-17/2010-08-17,Landsat 5/7/8 via CoastSat (coastsat.space),"Mean of the satellite positions in 2008-08-17 to 2010-08-17, ±1 yr of the 2009 USACE NCMP topobathy lidar (CHARTS) (flown 2009-08-10 to 2009-08-24) per CoastSat transect (906 of 906 transects), geolocated as origin + chainage * unit vector and strung into one line in alongshore order. No outlier rejection, no smoothing.",coastsat_mean_shoreline.py,2026-09-29,"Window mean, not a survey. Median 28 positions per transect; see transect_means_2008-08-17_2010-08-17.csv and PROVENANCE.md.",shoreline_mean_2008-08-17_2010-08-17.geojson,transects_100m.geojson,2026-09-29,duneline_to_raw_offsets.py
59,303,3454.10047226405,1,456744.35182773595,3927962.3268999998,Shoreline (CoastSat window mean),2008-08-17/2010-08-17,Landsat 5/7/8 via CoastSat (coastsat.space),"Mean of the satellite positions in 2008-08-17 to 2010-08-17, ±1 yr of the 2009 USACE NCMP topobathy lidar (CHARTS) (flown 2009-08-10 to 2009-08-24) per CoastSat transect (906 of 906 transects), geolocated as origin + chainage * unit vector and strung into one line in alongshore order. No outlier rejection, no smoothing.",coastsat_mean_shoreline.py,2026-09-29,"Window mean, not a survey. Median 28 positions per transect; see transect_means_2008-08-17_2010-08-17.csv and PROVENANCE.md.",shoreline_mean_2008-08-17_2010-08-17.geojson,transects_100m.geojson,2026-09-29,duneline_to_raw_offsets.py
59,304,3434.1242655730457,1,456764.32803442696,3928062.3268999998,Shoreline (CoastSat window mean),2008-08-17/2010-08-17,Landsat 5/7/8 via CoastSat (coastsat.space),"Mean of the satellite positions in 2008-08-17 to 2010-08-17, ±1 yr of the 2009 USACE NCMP topobathy lidar (CHARTS) (flown 2009-08-10 to 2009-08-24) per CoastSat transect (906 of 906 transects), geolocated as origin + chainage * unit vector and strung into one line in alongshore order. No outlier rejection, no smoothing.",coastsat_mean_shoreline.py,2026-09-29,"Window mean, not a survey. Median 28 positions per transect; see transect_means_2008-08-17_2010-08-17.csv and PROVENANCE.md.",shoreline_mean_2008-08-17_2010-08-17.geojson,transects_100m.geojson,2026-09-29,duneline_to_raw_offsets.py
59,305,3416.5969247422177,1,456781.8553752578,3928162.3268999998,Shoreline (CoastSat window mean),2008-08-17/2010-08-17,Landsat 5/7/8 via CoastSat (coastsat.space),"Mean of the satellite positions in 2008-08-17 to 2010-08-17, ±1 yr of the 2009 USACE NCMP topobathy lidar (CHARTS) (flown 2009-08-10 to 2009-08-24) per CoastSat transect (906 of 906 transects), geolocated as origin + chainage * unit vector and strung into one line in alongshore order. No outlier rejection, no smoothing.",coastsat_mean_shoreline.py,2026-09-29,"Window mean, not a survey. Median 28 positions per transect; see transect_means_2008-08-17_2010-08-17.csv and PROVENANCE.md.",shoreline_mean_2008-08-17_2010-08-17.geojson,transects_100m.geojson,2026-09-29,duneline_to_raw_offsets.py
59,306,3398.1487674182863,1,456800.3035325817,3928262.3268999998,Shoreline (CoastSat window mean),2008-08-17/2010-08-17,Landsat 5/7/8 via CoastSat (coastsat.space),"Mean of the satellite positions in 2008-08-17 to 2010-08-17, ±1 yr of the 2009 USACE NCMP topobathy lidar (CHARTS) (flown 2009-08-10 to 2009-08-24) per CoastSat transect (906 of 906 transects), geolocated as origin + chainage * unit vector and strung into one line in alongshore order. No outlier rejection, no smoothing.",coastsat_mean_shoreline.py,2026-09-29,"Window mean, not a survey. Median 28 positions per transect; see transect_means_2008-08-17_2010-08-17.csv and PROVENANCE.md.",shoreline_mean_2008-08-17_2010-08-17.geojson,transects_100m.geojson,2026-09-29,duneline_to_raw_offsets.py
59,307,3379.3876488588285,1,456819.0646511412,3928362.3268999998,Shoreline (CoastSat window mean),2008-08-17/2010-08-17,Landsat 5/7/8 via CoastSat (coastsat.space),"Mean of the satellite positions in 2008-08-17 to 2010-08-17, ±1 yr of the 2009 USACE NCMP topobathy lidar (CHARTS) (flown 2009-08-10 to 2009-08-24) per CoastSat transect (906 of 906 transects), geolocated as origin + chainage * unit vector and strung into one line in alongshore order. No outlier rejection, no smoothing.",coastsat_mean_shoreline.py,2026-09-29,"Window mean, not a survey. Median 28 positions per transect; see transect_means_2008-08-17_2010-08-17.csv and PROVENANCE.md.",shoreline_mean_2008-08-17_2010-08-17.geojson,transects_100m.geojson,2026-09-29,duneline_to_raw_offsets.py
60,308,3360.9740056419396,1,456837.47829435806,3928462.3268999998,Shoreline (CoastSat window mean),2008-08-17/2010-08-17,Landsat 5/7/8 via CoastSat (coastsat.space),"Mean of the satellite positions in 2008-08-17 to 2010-08-17, ±1 yr of the 2009 USACE NCMP topobathy lidar (CHARTS) (flown 2009-08-10 to 2009-08-24) per CoastSat transect (906 of 906 transects), geolocated as origin + chainage * unit vector and strung into one line in alongshore order. No outlier rejection, no smoothing.",coastsat_mean_shoreline.py,2026-09-29,"Window mean, not a survey. Median 28 positions per transect; see transect_means_2008-08-17_2010-08-17.csv and PROVENANCE.md.",shoreline_mean_2008-08-17_2010-08-17.geojson,transects_100m.geojson,2026-09-29,duneline_to_raw_offsets.py
60,309,3338.3286011081077,1,456860.1236988919,3928562.3268999998,Shoreline (CoastSat window mean),2008-08-17/2010-08-17,Landsat 5/7/8 via CoastSat (coastsat.space),"Mean of the satellite positions in 2008-08-17 to 2010-08-17, ±1 yr of the 2009 USACE NCMP topobathy lidar (CHARTS) (flown 2009-08-10 to 2009-08-24) per CoastSat transect (906 of 906 transects), geolocated as origin + chainage * unit vector and strung into one line in alongshore order. No outlier rejection, no smoothing.",coastsat_mean_shoreline.py,2026-09-29,"Window mean, not a survey. Median 28 positions per transect; see transect_means_2008-08-17_2010-08-17.csv and PROVENANCE.md.",shoreline_mean_2008-08-17_2010-08-17.geojson,transects_100m.geojson,2026-09-29,duneline_to_raw_offsets.py
60,310,3317.010614697705,1,456881.4416853023,3928662.3268999998,Shoreline (CoastSat window mean),2008-08-17/2010-08-17,Landsat 5/7/8 via CoastSat (coastsat.space),"Mean of the satellite positions in 2008-08-17 to 2010-08-17, ±1 yr of the 2009 USACE NCMP topobathy lidar (CHARTS) (flown 2009-08-10 to 2009-08-24) per CoastSat transect (906 of 906 transects), geolocated as origin + chainage * unit vector and strung into one line in alongshore order. No outlier rejection, no smoothing.",coastsat_mean_shoreline.py,2026-09-29,"Window mean, not a survey. Median 28 positions per transect; see transect_means_2008-08-17_2010-08-17.csv and PROVENANCE.md.",shoreline_mean_2008-08-17_2010-08-17.geojson,transects_100m.geojson,2026-09-29,duneline_to_raw_offsets.py
60,311,3296.4338126376974,1,456902.0184873623,3928762.3268999998,Shoreline (CoastSat window mean),2008-08-17/2010-08-17,Landsat 5/7/8 via CoastSat (coastsat.space),"Mean of the satellite positions in 2008-08-17 to 2010-08-17, ±1 yr of the 2009 USACE NCMP topobathy lidar (CHARTS) (flown 2009-08-10 to 2009-08-24) per CoastSat transect (906 of 906 transects), geolocated as origin + chainage * unit vector and strung into one line in alongshore order. No outlier rejection, no smoothing.",coastsat_mean_shoreline.py,2026-09-29,"Window mean, not a survey. Median 28 positions per transect; see transect_means_2008-08-17_2010-08-17.csv and PROVENANCE.md.",shoreline_mean_2008-08-17_2010-08-17.geojson,transects_100m.geojson,2026-09-29,duneline_to_raw_offsets.py
60,312,3279.236791424162,1,456919.21550857584,3928862.3268999998,Shoreline (CoastSat window mean),2008-08-17/2010-08-17,Landsat 5/7/8 via CoastSat (coastsat.space),"Mean of the satellite positions in 2008-08-17 to 2010-08-17, ±1 yr of the 2009 USACE NCMP topobathy lidar (CHARTS) (flown 2009-08-10 to 2009-08-24) per CoastSat transect (906 of 906 transects), geolocated as origin + chainage * unit vector and strung into one line in alongshore order. No outlier rejection, no smoothing.",coastsat_mean_shoreline.py,2026-09-29,"Window mean, not a survey. Median 28 positions per transect; see transect_means_2008-08-17_2010-08-17.csv and PROVENANCE.md.",shoreline_mean_2008-08-17_2010-08-17.geojson,transects_100m.geojson,2026-09-29,duneline_to_raw_offsets.py
61,313,3260.0276117536705,1,456938.42468824633,3928962.3268999998,Shoreline (CoastSat window mean),2008-08-17/2010-08-17,Landsat 5/7/8 via CoastSat (coastsat.space),"Mean of the satellite positions in 2008-08-17 to 2010-08-17, ±1 yr of the 2009 USACE NCMP topobathy lidar (CHARTS) (flown 2009-08-10 to 2009-08-24) per CoastSat transect (906 of 906 transects), geolocated as origin + chainage * unit vector and strung into one line in alongshore order. No outlier rejection, no smoothing.",coastsat_mean_shoreline.py,2026-09-29,"Window mean, not a survey. Median 28 positions per transect; see transect_means_2008-08-17_2010-08-17.csv and PROVENANCE.md.",shoreline_mean_2008-08-17_2010-08-17.geojson,transects_100m.geojson,2026-09-29,duneline_to_raw_offsets.py
61,314,3238.949928210292,1,456959.5023717897,3929062.3268999998,Shoreline (CoastSat window mean),2008-08-17/2010-08-17,Landsat 5/7/8 via CoastSat (coastsat.space),"Mean of the satellite positions in 2008-08-17 to 2010-08-17, ±1 yr of the 2009 USACE NCMP topobathy lidar (CHARTS) (flown 2009-08-10 to 2009-08-24) per CoastSat transect (906 of 906 transects), geolocated as origin + chainage * unit vector and strung into one line in alongshore order. No outlier rejection, no smoothing.",coastsat_mean_shoreline.py,2026-09-29,"Window mean, not a survey. Median 28 positions per transect; see transect_means_2008-08-17_2010-08-17.csv and PROVENANCE.md.",shoreline_mean_2008-08-17_2010-08-17.geojson,transects_100m.geojson,2026-09-29,duneline_to_raw_offsets.py
61,315,3217.0826713877614,1,456981.36962861224,3929162.3268999998,Shoreline (CoastSat window mean),2008-08-17/2010-08-17,Landsat 5/7/8 via CoastSat (coastsat.space),"Mean of the satellite positions in 2008-08-17 to 2010-08-17, ±1 yr of the 2009 USACE NCMP topobathy lidar (CHARTS) (flown 2009-08-10 to 2009-08-24) per CoastSat transect (906 of 906 transects), geolocated as origin + chainage * unit vector and strung into one line in alongshore order. No outlier rejection, no smoothing.",coastsat_mean_shoreline.py,2026-09-29,"Window mean, not a survey. Median 28 positions per transect; see transect_means_2008-08-17_2010-08-17.csv and PROVENANCE.md.",shoreline_mean_2008-08-17_2010-08-17.geojson,transects_100m.geojson,2026-09-29,duneline_to_raw_offsets.py
61,316,3195.3547242693603,1,457003.09757573064,3929262.3268999998,Shoreline (CoastSat window mean),2008-08-17/2010-08-17,Landsat 5/7/8 via CoastSat (coastsat.space),"Mean of the satellite positions in 2008-08-17 to 2010-08-17, ±1 yr of the 2009 USACE NCMP topobathy lidar (CHARTS) (flown 2009-08-10 to 2009-08-24) per CoastSat transect (906 of 906 transects), geolocated as origin + chainage * unit vector and strung into one line in alongshore order. No outlier rejection, no smoothing.",coastsat_mean_shoreline.py,2026-09-29,"Window mean, not a survey. Median 28 positions per transect; see transect_means_2008-08-17_2010-08-17.csv and PROVENANCE.md.",shoreline_mean_2008-08-17_2010-08-17.geojson,transects_100m.geojson,2026-09-29,duneline_to_raw_offsets.py
61,317,3173.1054997121682,1,457025.34680028784,3929362.3268999998,Shoreline (CoastSat window mean),2008-08-17/2010-08-17,Landsat 5/7/8 via CoastSat (coastsat.space),"Mean of the satellite positions in 2008-08-17 to 2010-08-17, ±1 yr of the 2009 USACE NCMP topobathy lidar (CHARTS) (flown 2009-08-10 to 2009-08-24) per CoastSat transect (906 of 906 transects), geolocated as origin + chainage * unit vector and strung into one line in alongshore order. No outlier rejection, no smoothing.",coastsat_mean_shoreline.py,2026-09-29,"Window mean, not a survey. Median 28 positions per transect; see transect_means_2008-08-17_2010-08-17.csv and PROVENANCE.md.",shoreline_mean_2008-08-17_2010-08-17.geojson,transects_100m.geojson,2026-09-29,duneline_to_raw_offsets.py
62,319,3125.0721488845884,1,457073.3801511154,3929562.3268999998,Shoreline (CoastSat window mean),2008-08-17/2010-08-17,Landsat 5/7/8 via CoastSat (coastsat.space),"Mean of the satellite positions in 2008-08-17 to 2010-08-17, ±1 yr of the 2009 USACE NCMP topobathy lidar (CHARTS) (flown 2009-08-10 to 2009-08-24) per CoastSat transect (906 of 906 transects), geolocated as origin + chainage * unit vector and strung into one line in alongshore order. No outlier rejection, no smoothing.",coastsat_mean_shoreline.py,2026-09-29,"Window mean, not a survey. Median 28 positions per transect; see transect_means_2008-08-17_2010-08-17.csv and PROVENANCE.md.",shoreline_mean_2008-08-17_2010-08-17.geojson,transects_100m.geojson,2026-09-29,duneline_to_raw_offsets.py
62,320,3106.2455397039303,1,457092.2067602961,3929662.3268999998,Shoreline (CoastSat window mean),2008-08-17/2010-08-17,Landsat 5/7/8 via CoastSat (coastsat.space),"Mean of the satellite positions in 2008-08-17 to 2010-08-17, ±1 yr of the 2009 USACE NCMP topobathy lidar (CHARTS) (flown 2009-08-10 to 2009-08-24) per CoastSat transect (906 of 906 transects), geolocated as origin + chainage * unit vector and strung into one line in alongshore order. No outlier rejection, no smoothing.",coastsat_mean_shoreline.py,2026-09-29,"Window mean, not a survey. Median 28 positions per transect; see transect_means_2008-08-17_2010-08-17.csv and PROVENANCE.md.",shoreline_mean_2008-08-17_2010-08-17.geojson,transects_100m.geojson,2026-09-29,duneline_to_raw_offsets.py
62,321,3091.61295139062,1,457106.8393486094,3929762.3268999998,Shoreline (CoastSat window mean),2008-08-17/2010-08-17,Landsat 5/7/8 via CoastSat (coastsat.space),"Mean of the satellite positions in 2008-08-17 to 2010-08-17, ±1 yr of the 2009 USACE NCMP topobathy lidar (CHARTS) (flown 2009-08-10 to 2009-08-24) per CoastSat transect (906 of 906 transects), geolocated as origin + chainage * unit vector and strung into one line in alongshore order. No outlier rejection, no smoothing.",coastsat_mean_shoreline.py,2026-09-29,"Window mean, not a survey. Median 28 positions per transect; see transect_means_2008-08-17_2010-08-17.csv and PROVENANCE.md.",shoreline_mean_2008-08-17_2010-08-17.geojson,transects_100m.geojson,2026-09-29,duneline_to_raw_offsets.py
62,322,3076.9018469912703,1,457121.55045300873,3929862.3268999998,Shoreline (CoastSat window mean),2008-08-17/2010-08-17,Landsat 5/7/8 via CoastSat (coastsat.space),"Mean of the satellite positions in 2008-08-17 to 2010-08-17, ±1 yr of the 2009 USACE NCMP topobathy lidar (CHARTS) (flown 2009-08-10 to 2009-08-24) per CoastSat transect (906 of 906 transects), geolocated as origin + chainage * unit vector and strung into one line in alongshore order. No outlier rejection, no smoothing.",coastsat_mean_shoreline.py,2026-09-29,"Window mean, not a survey. Median 28 positions per transect; see transect_means_2008-08-17_2010-08-17.csv and PROVENANCE.md.",shoreline_mean_2008-08-17_2010-08-17.geojson,transects_100m.geojson,2026-09-29,duneline_to_raw_offsets.py
62,323,3061.637074569473,1,457136.81522543053,3929962.3268999998,Shoreline (CoastSat window mean),2008-08-17/2010-08-17,Landsat 5/7/8 via CoastSat (coastsat.space),"Mean of the satellite positions in 2008-08-17 to 2010-08-17, ±1 yr of the 2009 USACE NCMP topobathy lidar (CHARTS) (flown 2009-08-10 to 2009-08-24) per CoastSat transect (906 of 906 transects), geolocated as origin + chainage * unit vector and strung into one line in alongshore order. No outlier rejection, no smoothing.",coastsat_mean_shoreline.py,2026-09-29,"Window mean, not a survey. Median 28 positions per transect; see transect_means_2008-08-17_2010-08-17.csv and PROVENANCE.md.",shoreline_mean_2008-08-17_2010-08-17.geojson,transects_100m.geojson,2026-09-29,duneline_to_raw_offsets.py
63,324,3045.577883777267,1,457152.87441622274,3930062.3268999998,Shoreline (CoastSat window mean),2008-08-17/2010-08-17,Landsat 5/7/8 via CoastSat (coastsat.space),"Mean of the satellite positions in 2008-08-17 to 2010-08-17, ±1 yr of the 2009 USACE NCMP topobathy lidar (CHARTS) (flown 2009-08-10 to 2009-08-24) per CoastSat transect (906 of 906 transects), geolocated as origin + chainage * unit vector and strung into one line in alongshore order. No outlier rejection, no smoothing.",coastsat_mean_shoreline.py,2026-09-29,"Window mean, not a survey. Median 28 positions per transect; see transect_means_2008-08-17_2010-08-17.csv and PROVENANCE.md.",shoreline_mean_2008-08-17_2010-08-17.geojson,transects_100m.geojson,2026-09-29,duneline_to_raw_offsets.py
63,325,3031.2817506882134,1,457167.1705493118,3930162.3268999998,Shoreline (CoastSat window mean),2008-08-17/2010-08-17,Landsat 5/7/8 via CoastSat (coastsat.space),"Mean of the satellite positions in 2008-08-17 to 2010-08-17, ±1 yr of the 2009 USACE NCMP topobathy lidar (CHARTS) (flown 2009-08-10 to 2009-08-24) per CoastSat transect (906 of 906 transects), geolocated as origin + chainage * unit vector and strung into one line in alongshore order. No outlier rejection, no smoothing.",coastsat_mean_shoreline.py,2026-09-29,"Window mean, not a survey. Median 28 positions per transect; see transect_means_2008-08-17_2010-08-17.csv and PROVENANCE.md.",shoreline_mean_2008-08-17_2010-08-17.geojson,transects_100m.geojson,2026-09-29,duneline_to_raw_offsets.py
63,326,3015.274356482667,1,457183.17794351734,3930262.3268999998,Shoreline (CoastSat window mean),2008-08-17/2010-08-17,Landsat 5/7/8 via CoastSat (coastsat.space),"Mean of the satellite positions in 2008-08-17 to 2010-08-17, ±1 yr of the 2009 USACE NCMP topobathy lidar (CHARTS) (flown 2009-08-10 to 2009-08-24) per CoastSat transect (906 of 906 transects), geolocated as origin + chainage * unit vector and strung into one line in alongshore order. No outlier rejection, no smoothing.",coastsat_mean_shoreline.py,2026-09-29,"Window mean, not a survey. Median 28 positions per transect; see transect_means_2008-08-17_2010-08-17.csv and PROVENANCE.md.",shoreline_mean_2008-08-17_2010-08-17.geojson,transects_100m.geojson,2026-09-29,duneline_to_raw_offsets.py
63,327,3001.8157276769634,1,457196.63657232304,3930362.3268999998,Shoreline (CoastSat window mean),2008-08-17/2010-08-17,Landsat 5/7/8 via CoastSat (coastsat.space),"Mean of the satellite positions in 2008-08-17 to 2010-08-17, ±1 yr of the 2009 USACE NCMP topobathy lidar (CHARTS) (flown 2009-08-10 to 2009-08-24) per CoastSat transect (906 of 906 transects), geolocated as origin + chainage * unit vector and strung into one line in alongshore order. No outlier rejection, no smoothing.",coastsat_mean_shoreline.py,2026-09-29,"Window mean, not a survey. Median 28 positions per transect; see transect_means_2008-08-17_2010-08-17.csv and PROVENANCE.md.",shoreline_mean_2008-08-17_2010-08-17.geojson,transects_100m.geojson,2026-09-29,duneline_to_raw_offsets.py
63,328,2984.9010229044366,1,457213.55127709557,3930462.3268999998,Shoreline (CoastSat window mean),2008-08-17/2010-08-17,Landsat 5/7/8 via CoastSat (coastsat.space),"Mean of the satellite positions in 2008-08-17 to 2010-08-17, ±1 yr of the 2009 USACE NCMP topobathy lidar (CHARTS) (flown 2009-08-10 to 2009-08-24) per CoastSat transect (906 of 906 transects), geolocated as origin + chainage * unit vector and strung into one line in alongshore order. No outlier rejection, no smoothing.",coastsat_mean_shoreline.py,2026-09-29,"Window mean, not a survey. Median 28 positions per transect; see transect_means_2008-08-17_2010-08-17.csv and PROVENANCE.md.",shoreline_mean_2008-08-17_2010-08-17.geojson,transects_100m.geojson,2026-09-29,duneline_to_raw_offsets.py
64,329,2964.5523624270577,1,457233.89993757295,3930562.3268999998,Shoreline (CoastSat window mean),2008-08-17/2010-08-17,Landsat 5/7/8 via CoastSat (coastsat.space),"Mean of the satellite positions in 2008-08-17 to 2010-08-17, ±1 yr of the 2009 USACE NCMP topobathy lidar (CHARTS) (flown 2009-08-10 to 2009-08-24) per CoastSat transect (906 of 906 transects), geolocated as origin + chainage * unit vector and strung into one line in alongshore order. No outlier rejection, no smoothing.",coastsat_mean_shoreline.py,2026-09-29,"Window mean, not a survey. Median 28 positions per transect; see transect_means_2008-08-17_2010-08-17.csv and PROVENANCE.md.",shoreline_mean_2008-08-17_2010-08-17.geojson,transects_100m.geojson,2026-09-29,duneline_to_raw_offsets.py
64,330,2945.7854739216855,1,457252.6668260783,3930662.3268999998,Shoreline (CoastSat window mean),2008-08-17/2010-08-17,Landsat 5/7/8 via CoastSat (coastsat.space),"Mean of the satellite positions in 2008-08-17 to 2010-08-17, ±1 yr of the 2009 USACE NCMP topobathy lidar (CHARTS) (flown 2009-08-10 to 2009-08-24) per CoastSat transect (906 of 906 transects), geolocated as origin + chainage * unit vector and strung into one line in alongshore order. No outlier rejection, no smoothing.",coastsat_mean_shoreline.py,2026-09-29,"Window mean, not a survey. Median 28 positions per transect; see transect_means_2008-08-17_2010-08-17.csv and PROVENANCE.md.",shoreline_mean_2008-08-17_2010-08-17.geojson,transects_100m.geojson,2026-09-29,duneline_to_raw_offsets.py
64,331,2928.536305104848,1,457269.91599489516,3930762.3268999998,Shoreline (CoastSat window mean),2008-08-17/2010-08-17,Landsat 5/7/8 via CoastSat (coastsat.space),"Mean of the satellite positions in 2008-08-17 to 2010-08-17, ±1 yr of the 2009 USACE NCMP topobathy lidar (CHARTS) (flown 2009-08-10 to 2009-08-24) per CoastSat transect (906 of 906 transects), geolocated as origin + chainage * unit vector and strung into one line in alongshore order. No outlier rejection, no smoothing.",coastsat_mean_shoreline.py,2026-09-29,"Window mean, not a survey. Median 28 positions per transect; see transect_means_2008-08-17_2010-08-17.csv and PROVENANCE.md.",shoreline_mean_2008-08-17_2010-08-17.geojson,transects_100m.geojson,2026-09-29,duneline_to_raw_offsets.py
64,332,2910.4384135384466,1,457288.01388646156,3930862.3268999998,Shoreline (CoastSat window mean),2008-08-17/2010-08-17,Landsat 5/7/8 via CoastSat (coastsat.space),"Mean of the satellite positions in 2008-08-17 to 2010-08-17, ±1 yr of the 2009 USACE NCMP topobathy lidar (CHARTS) (flown 2009-08-10 to 2009-08-24) per CoastSat transect (906 of 906 transects), geolocated as origin + chainage * unit vector and strung into one line in alongshore order. No outlier rejection, no smoothing.",coastsat_mean_shoreline.py,2026-09-29,"Window mean, not a survey. Median 28 positions per transect; see transect_means_2008-08-17_2010-08-17.csv and PROVENANCE.md.",shoreline_mean_2008-08-17_2010-08-17.geojson,transects_100m.geojson,2026-09-29,duneline_to_raw_offsets.py
64,333,2889.610160472337,1,457308.84213952767,3930962.3268999998,Shoreline (CoastSat window mean),2008-08-17/2010-08-17,Landsat 5/7/8 via CoastSat (coastsat.space),"Mean of the satellite positions in 2008-08-17 to 2010-08-17, ±1 yr of the 2009 USACE NCMP topobathy lidar (CHARTS) (flown 2009-08-10 to 2009-08-24) per CoastSat transect (906 of 906 transects), geolocated as origin + chainage * unit vector and strung into one line in alongshore order. No outlier rejection, no smoothing.",coastsat_mean_shoreline.py,2026-09-29,"Window mean, not a survey. Median 28 positions per transect; see transect_means_2008-08-17_2010-08-17.csv and PROVENANCE.md.",shoreline_mean_2008-08-17_2010-08-17.geojson,transects_100m.geojson,2026-09-29,duneline_to_raw_offsets.py
65,334,2872.361459689506,1,457326.0908403105,3931062.3268999998,Shoreline (CoastSat window mean),2008-08-17/2010-08-17,Landsat 5/7/8 via CoastSat (coastsat.space),"Mean of the satellite positions in 2008-08-17 to 2010-08-17, ±1 yr of the 2009 USACE NCMP topobathy lidar (CHARTS) (flown 2009-08-10 to 2009-08-24) per CoastSat transect (906 of 906 transects), geolocated as origin + chainage * unit vector and strung into one line in alongshore order. No outlier rejection, no smoothing.",coastsat_mean_shoreline.py,2026-09-29,"Window mean, not a survey. Median 28 positions per transect; see transect_means_2008-08-17_2010-08-17.csv and PROVENANCE.md.",shoreline_mean_2008-08-17_2010-08-17.geojson,transects_100m.geojson,2026-09-29,duneline_to_raw_offsets.py
65,335,2852.397918745817,1,457346.0543812542,3931162.3268999998,Shoreline (CoastSat window mean),2008-08-17/2010-08-17,Landsat 5/7/8 via CoastSat (coastsat.space),"Mean of the satellite positions in 2008-08-17 to 2010-08-17, ±1 yr of the 2009 USACE NCMP topobathy lidar (CHARTS) (flown 2009-08-10 to 2009-08-24) per CoastSat transect (906 of 906 transects), geolocated as origin + chainage * unit vector and strung into one line in alongshore order. No outlier rejection, no smoothing.",coastsat_mean_shoreline.py,2026-09-29,"Window mean, not a survey. Median 28 positions per transect; see transect_means_2008-08-17_2010-08-17.csv and PROVENANCE.md.",shoreline_mean_2008-08-17_2010-08-17.geojson,transects_100m.geojson,2026-09-29,duneline_to_raw_offsets.py
65,336,2832.9549051805516,1,457365.49739481945,3931262.3268999998,Shoreline (CoastSat window mean),2008-08-17/2010-08-17,Landsat 5/7/8 via CoastSat (coastsat.space),"Mean of the satellite positions in 2008-08-17 to 2010-08-17, ±1 yr of the 2009 USACE NCMP topobathy lidar (CHARTS) (flown 2009-08-10 to 2009-08-24) per CoastSat transect (906 of 906 transects), geolocated as origin + chainage * unit vector and strung into one line in alongshore order. No outlier rejection, no smoothing.",coastsat_mean_shoreline.py,2026-09-29,"Window mean, not a survey. Median 28 positions per transect; see transect_means_2008-08-17_2010-08-17.csv and PROVENANCE.md.",shoreline_mean_2008-08-17_2010-08-17.geojson,transects_100m.geojson,2026-09-29,duneline_to_raw_offsets.py
65,337,2809.54766311805,1,457388.90463688195,3931362.3268999998,Shoreline (CoastSat window mean),2008-08-17/2010-08-17,Landsat 5/7/8 via CoastSat (coastsat.space),"Mean of the satellite positions in 2008-08-17 to 2010-08-17, ±1 yr of the 2009 USACE NCMP topobathy lidar (CHARTS) (flown 2009-08-10 to 2009-08-24) per CoastSat transect (906 of 906 transects), geolocated as origin + chainage * unit vector and strung into one line in alongshore order. No outlier rejection, no smoothing.",coastsat_mean_shoreline.py,2026-09-29,"Window mean, not a survey. Median 28 positions per transect; see transect_means_2008-08-17_2010-08-17.csv and PROVENANCE.md.",shoreline_mean_2008-08-17_2010-08-17.geojson,transects_100m.geojson,2026-09-29,duneline_to_raw_offsets.py
65,338,2786.369332988397,1,457412.0829670116,3931462.3268999998,Shoreline (CoastSat window mean),2008-08-17/2010-08-17,Landsat 5/7/8 via CoastSat (coastsat.space),"Mean of the satellite positions in 2008-08-17 to 2010-08-17, ±1 yr of the 2009 USACE NCMP topobathy lidar (CHARTS) (flown 2009-08-10 to 2009-08-24) per CoastSat transect (906 of 906 transects), geolocated as origin + chainage * unit vector and strung into one line in alongshore order. No outlier rejection, no smoothing.",coastsat_mean_shoreline.py,2026-09-29,"Window mean, not a survey. Median 28 positions per transect; see transect_means_2008-08-17_2010-08-17.csv and PROVENANCE.md.",shoreline_mean_2008-08-17_2010-08-17.geojson,transects_100m.geojson,2026-09-29,duneline_to_raw_offsets.py
66,339,2766.064433663327,1,457432.3878663367,3931562.3268999998,Shoreline (CoastSat window mean),2008-08-17/2010-08-17,Landsat 5/7/8 via CoastSat (coastsat.space),"Mean of the satellite positions in 2008-08-17 to 2010-08-17, ±1 yr of the 2009 USACE NCMP topobathy lidar (CHARTS) (flown 2009-08-10 to 2009-08-24) per CoastSat transect (906 of 906 transects), geolocated as origin + chainage * unit vector and strung into one line in alongshore order. No outlier rejection, no smoothing.",coastsat_mean_shoreline.py,2026-09-29,"Window mean, not a survey. Median 28 positions per transect; see transect_means_2008-08-17_2010-08-17.csv and PROVENANCE.md.",shoreline_mean_2008-08-17_2010-08-17.geojson,transects_100m.geojson,2026-09-29,duneline_to_raw_offsets.py
66,340,2747.380104721873,1,457451.07219527813,3931662.3268999998,Shoreline (CoastSat window mean),2008-08-17/2010-08-17,Landsat 5/7/8 via CoastSat (coastsat.space),"Mean of the satellite positions in 2008-08-17 to 2010-08-17, ±1 yr of the 2009 USACE NCMP topobathy lidar (CHARTS) (flown 2009-08-10 to 2009-08-24) per CoastSat transect (906 of 906 transects), geolocated as origin + chainage * unit vector and strung into one line in alongshore order. No outlier rejection, no smoothing.",coastsat_mean_shoreline.py,2026-09-29,"Window mean, not a survey. Median 28 positions per transect; see transect_means_2008-08-17_2010-08-17.csv and PROVENANCE.md.",shoreline_mean_2008-08-17_2010-08-17.geojson,transects_100m.geojson,2026-09-29,duneline_to_raw_offsets.py
66,341,2727.158897619869,1,457471.29340238014,3931762.3268999998,Shoreline (CoastSat window mean),2008-08-17/2010-08-17,Landsat 5/7/8 via CoastSat (coastsat.space),"Mean of the satellite positions in 2008-08-17 to 2010-08-17, ±1 yr of the 2009 USACE NCMP topobathy lidar (CHARTS) (flown 2009-08-10 to 2009-08-24) per CoastSat transect (906 of 906 transects), geolocated as origin + chainage * unit vector and strung into one line in alongshore order. No outlier rejection, no smoothing.",coastsat_mean_shoreline.py,2026-09-29,"Window mean, not a survey. Median 28 positions per transect; see transect_means_2008-08-17_2010-08-17.csv and PROVENANCE.md.",shoreline_mean_2008-08-17_2010-08-17.geojson,transects_100m.geojson,2026-09-29,duneline_to_raw_offsets.py
66,342,2698.8490674941568,1,457499.60323250585,3931862.3268999998,Shoreline (CoastSat window mean),2008-08-17/2010-08-17,Landsat 5/7/8 via CoastSat (coastsat.space),"Mean of the satellite positions in 2008-08-17 to 2010-08-17, ±1 yr of the 2009 USACE NCMP topobathy lidar (CHARTS) (flown 2009-08-10 to 2009-08-24) per CoastSat transect (906 of 906 transects), geolocated as origin + chainage * unit vector and strung into one line in alongshore order. No outlier rejection, no smoothing.",coastsat_mean_shoreline.py,2026-09-29,"Window mean, not a survey. Median 28 positions per transect; see transect_means_2008-08-17_2010-08-17.csv and PROVENANCE.md.",shoreline_mean_2008-08-17_2010-08-17.geojson,transects_100m.geojson,2026-09-29,duneline_to_raw_offsets.py
66,343,2672.7334011058556,1,457525.71889889415,3931962.3268999998,Shoreline (CoastSat window mean),2008-08-17/2010-08-17,Landsat 5/7/8 via CoastSat (coastsat.space),"Mean of the satellite positions in 2008-08-17 to 2010-08-17, ±1 yr of the 2009 USACE NCMP topobathy lidar (CHARTS) (flown 2009-08-10 to 2009-08-24) per CoastSat transect (906 of 906 transects), geolocated as origin + chainage * unit vector and strung into one line in alongshore order. No outlier rejection, no smoothing.",coastsat_mean_shoreline.py,2026-09-29,"Window mean, not a survey. Median 28 positions per transect; see transect_means_2008-08-17_2010-08-17.csv and PROVENANCE.md.",shoreline_mean_2008-08-17_2010-08-17.geojson,transects_100m.geojson,2026-09-29,duneline_to_raw_offsets.py
67,344,2644.105686971802,1,457554.3466130282,3932062.3268999998,Shoreline (CoastSat window mean),2008-08-17/2010-08-17,Landsat 5/7/8 via CoastSat (coastsat.space),"Mean of the satellite positions in 2008-08-17 to 2010-08-17, ±1 yr of the 2009 USACE NCMP topobathy lidar (CHARTS) (flown 2009-08-10 to 2009-08-24) per CoastSat transect (906 of 906 transects), geolocated as origin + chainage * unit vector and strung into one line in alongshore order. No outlier rejection, no smoothing.",coastsat_mean_shoreline.py,2026-09-29,"Window mean, not a survey. Median 28 positions per transect; see transect_means_2008-08-17_2010-08-17.csv and PROVENANCE.md.",shoreline_mean_2008-08-17_2010-08-17.geojson,transects_100m.geojson,2026-09-29,duneline_to_raw_offsets.py
67,345,2612.9854382891785,1,457585.4668617108,3932162.3268999998,Shoreline (CoastSat window mean),2008-08-17/2010-08-17,Landsat 5/7/8 via CoastSat (coastsat.space),"Mean of the satellite positions in 2008-08-17 to 2010-08-17, ±1 yr of the 2009 USACE NCMP topobathy lidar (CHARTS) (flown 2009-08-10 to 2009-08-24) per CoastSat transect (906 of 906 transects), geolocated as origin + chainage * unit vector and strung into one line in alongshore order. No outlier rejection, no smoothing.",coastsat_mean_shoreline.py,2026-09-29,"Window mean, not a survey. Median 28 positions per transect; see transect_means_2008-08-17_2010-08-17.csv and PROVENANCE.md.",shoreline_mean_2008-08-17_2010-08-17.geojson,transects_100m.geojson,2026-09-29,duneline_to_raw_offsets.py
67,346,2582.0234703215538,1,457616.42882967845,3932262.3268999998,Shoreline (CoastSat window mean),2008-08-17/2010-08-17,Landsat 5/7/8 via CoastSat (coastsat.space),"Mean of the satellite positions in 2008-08-17 to 2010-08-17, ±1 yr of the 2009 USACE NCMP topobathy lidar (CHARTS) (flown 2009-08-10 to 2009-08-24) per CoastSat transect (906 of 906 transects), geolocated as origin + chainage * unit vector and strung into one line in alongshore order. No outlier rejection, no smoothing.",coastsat_mean_shoreline.py,2026-09-29,"Window mean, not a survey. Median 28 positions per transect; see transect_means_2008-08-17_2010-08-17.csv and PROVENANCE.md.",shoreline_mean_2008-08-17_2010-08-17.geojson,transects_100m.geojson,2026-09-29,duneline_to_raw_offsets.py
67,347,2548.5585791186895,1,457649.8937208813,3932362.3268999998,Shoreline (CoastSat window mean),2008-08-17/2010-08-17,Landsat 5/7/8 via CoastSat (coastsat.space),"Mean of the satellite positions in 2008-08-17 to 2010-08-17, ±1 yr of the 2009 USACE NCMP topobathy lidar (CHARTS) (flown 2009-08-10 to 2009-08-24) per CoastSat transect (906 of 906 transects), geolocated as origin + chainage * unit vector and strung into one line in alongshore order. No outlier rejection, no smoothing.",coastsat_mean_shoreline.py,2026-09-29,"Window mean, not a survey. Median 28 positions per transect; see transect_means_2008-08-17_2010-08-17.csv and PROVENANCE.md.",shoreline_mean_2008-08-17_2010-08-17.geojson,transects_100m.geojson,2026-09-29,duneline_to_raw_offsets.py
67,348,2520.816885012318,1,457677.6354149877,3932462.3268999998,Shoreline (CoastSat window mean),2008-08-17/2010-08-17,Landsat 5/7/8 via CoastSat (coastsat.space),"Mean of the satellite positions in 2008-08-17 to 2010-08-17, ±1 yr of the 2009 USACE NCMP topobathy lidar (CHARTS) (flown 2009-08-10 to 2009-08-24) per CoastSat transect (906 of 906 transects), geolocated as origin + chainage * unit vector and strung into one line in alongshore order. No outlier rejection, no smoothing.",coastsat_mean_shoreline.py,2026-09-29,"Window mean, not a survey. Median 28 positions per transect; see transect_means_2008-08-17_2010-08-17.csv and PROVENANCE.md.",shoreline_mean_2008-08-17_2010-08-17.geojson,transects_100m.geojson,2026-09-29,duneline_to_raw_offsets.py
68,349,2492.8319613065105,1,457705.6203386935,3932562.3268999998,Shoreline (CoastSat window mean),2008-08-17/2010-08-17,Landsat 5/7/8 via CoastSat (coastsat.space),"Mean of the satellite positions in 2008-08-17 to 2010-08-17, ±1 yr of the 2009 USACE NCMP topobathy lidar (CHARTS) (flown 2009-08-10 to 2009-08-24) per CoastSat transect (906 of 906 transects), geolocated as origin + chainage * unit vector and strung into one line in alongshore order. No outlier rejection, no smoothing.",coastsat_mean_shoreline.py,2026-09-29,"Window mean, not a survey. Median 28 positions per transect; see transect_means_2008-08-17_2010-08-17.csv and PROVENANCE.md.",shoreline_mean_2008-08-17_2010-08-17.geojson,transects_100m.geojson,2026-09-29,duneline_to_raw_offsets.py
68,350,2470.076332347293,1,457728.3759676527,3932662.3268999998,Shoreline (CoastSat window mean),2008-08-17/2010-08-17,Landsat 5/7/8 via CoastSat (coastsat.space),"Mean of the satellite positions in 2008-08-17 to 2010-08-17, ±1 yr of the 2009 USACE NCMP topobathy lidar (CHARTS) (flown 2009-08-10 to 2009-08-24) per CoastSat transect (906 of 906 transects), geolocated as origin + chainage * unit vector and strung into one line in alongshore order. No outlier rejection, no smoothing.",coastsat_mean_shoreline.py,2026-09-29,"Window mean, not a survey. Median 28 positions per transect; see transect_means_2008-08-17_2010-08-17.csv and PROVENANCE.md.",shoreline_mean_2008-08-17_2010-08-17.geojson,transects_100m.geojson,2026-09-29,duneline_to_raw_offsets.py
68,351,2447.472850710794,1,457750.9794492892,3932762.3268999998,Shoreline (CoastSat window mean),2008-08-17/2010-08-17,Landsat 5/7/8 via CoastSat (coastsat.space),"Mean of the satellite positions in 2008-08-17 to 2010-08-17, ±1 yr of the 2009 USACE NCMP topobathy lidar (CHARTS) (flown 2009-08-10 to 2009-08-24) per CoastSat transect (906 of 906 transects), geolocated as origin + chainage * unit vector and strung into one line in alongshore order. No outlier rejection, no smoothing.",coastsat_mean_shoreline.py,2026-09-29,"Window mean, not a survey. Median 28 positions per transect; see transect_means_2008-08-17_2010-08-17.csv and PROVENANCE.md.",shoreline_mean_2008-08-17_2010-08-17.geojson,transects_100m.geojson,2026-09-29,duneline_to_raw_offsets.py
68,352,2426.7739792321227,1,457771.6783207679,3932862.3268999998,Shoreline (CoastSat window mean),2008-08-17/2010-08-17,Landsat 5/7/8 via CoastSat (coastsat.space),"Mean of the satellite positions in 2008-08-17 to 2010-08-17, ±1 yr of the 2009 USACE NCMP topobathy lidar (CHARTS) (flown 2009-08-10 to 2009-08-24) per CoastSat transect (906 of 906 transects), geolocated as origin + chainage * unit vector and strung into one line in alongshore order. No outlier rejection, no smoothing.",coastsat_mean_shoreline.py,2026-09-29,"Window mean, not a survey. Median 28 positions per transect; see transect_means_2008-08-17_2010-08-17.csv and PROVENANCE.md.",shoreline_mean_2008-08-17_2010-08-17.geojson,transects_100m.geojson,2026-09-29,duneline_to_raw_offsets.py
68,353,2409.494618408266,1,457788.95768159174,3932962.3268999998,Shoreline (CoastSat window mean),2008-08-17/2010-08-17,Landsat 5/7/8 via CoastSat (coastsat.space),"Mean of the satellite positions in 2008-08-17 to 2010-08-17, ±1 yr of the 2009 USACE NCMP topobathy lidar (CHARTS) (flown 2009-08-10 to 2009-08-24) per CoastSat transect (906 of 906 transects), geolocated as origin + chainage * unit vector and strung into one line in alongshore order. No outlier rejection, no smoothing.",coastsat_mean_shoreline.py,2026-09-29,"Window mean, not a survey. Median 28 positions per transect; see transect_means_2008-08-17_2010-08-17.csv and PROVENANCE.md.",shoreline_mean_2008-08-17_2010-08-17.geojson,transects_100m.geojson,2026-09-29,duneline_to_raw_offsets.py
69,354,2393.2361037045484,1,457805.21619629546,3933062.3268999998,Shoreline (CoastSat window mean),2008-08-17/2010-08-17,Landsat 5/7/8 via CoastSat (coastsat.space),"Mean of the satellite positions in 2008-08-17 to 2010-08-17, ±1 yr of the 2009 USACE NCMP topobathy lidar (CHARTS) (flown 2009-08-10 to 2009-08-24) per CoastSat transect (906 of 906 transects), geolocated as origin + chainage * unit vector and strung into one line in alongshore order. No outlier rejection, no smoothing.",coastsat_mean_shoreline.py,2026-09-29,"Window mean, not a survey. Median 28 positions per transect; see transect_means_2008-08-17_2010-08-17.csv and PROVENANCE.md.",shoreline_mean_2008-08-17_2010-08-17.geojson,transects_100m.geojson,2026-09-29,duneline_to_raw_offsets.py
69,355,2379.7056076953304,1,457818.7466923047,3933162.3268999998,Shoreline (CoastSat window mean),2008-08-17/2010-08-17,Landsat 5/7/8 via CoastSat (coastsat.space),"Mean of the satellite positions in 2008-08-17 to 2010-08-17, ±1 yr of the 2009 USACE NCMP topobathy lidar (CHARTS) (flown 2009-08-10 to 2009-08-24) per CoastSat transect (906 of 906 transects), geolocated as origin + chainage * unit vector and strung into one line in alongshore order. No outlier rejection, no smoothing.",coastsat_mean_shoreline.py,2026-09-29,"Window mean, not a survey. Median 28 positions per transect; see transect_means_2008-08-17_2010-08-17.csv and PROVENANCE.md.",shoreline_mean_2008-08-17_2010-08-17.geojson,transects_100m.geojson,2026-09-29,duneline_to_raw_offsets.py
69,356,2363.1718428850872,1,457835.2804571149,3933262.3268999998,Shoreline (CoastSat window mean),2008-08-17/2010-08-17,Landsat 5/7/8 via CoastSat (coastsat.space),"Mean of the satellite positions in 2008-08-17 to 2010-08-17, ±1 yr of the 2009 USACE NCMP topobathy lidar (CHARTS) (flown 2009-08-10 to 2009-08-24) per CoastSat transect (906 of 906 transects), geolocated as origin + chainage * unit vector and strung into one line in alongshore order. No outlier rejection, no smoothing.",coastsat_mean_shoreline.py,2026-09-29,"Window mean, not a survey. Median 28 positions per transect; see transect_means_2008-08-17_2010-08-17.csv and PROVENANCE.md.",shoreline_mean_2008-08-17_2010-08-17.geojson,transects_100m.geojson,2026-09-29,duneline_to_raw_offsets.py
69,357,2349.356626951485,1,457849.0956730485,3933362.3268999998,Shoreline (CoastSat window mean),2008-08-17/2010-08-17,Landsat 5/7/8 via CoastSat (coastsat.space),"Mean of the satellite positions in 2008-08-17 to 2010-08-17, ±1 yr of the 2009 USACE NCMP topobathy lidar (CHARTS) (flown 2009-08-10 to 2009-08-24) per CoastSat transect (906 of 906 transects), geolocated as origin + chainage * unit vector and strung into one line in alongshore order. No outlier rejection, no smoothing.",coastsat_mean_shoreline.py,2026-09-29,"Window mean, not a survey. Median 28 positions per transect; see transect_means_2008-08-17_2010-08-17.csv and PROVENANCE.md.",shoreline_mean_2008-08-17_2010-08-17.geojson,transects_100m.geojson,2026-09-29,duneline_to_raw_offsets.py
69,358,2335.29236165341,1,457863.1599383466,3933462.3268999998,Shoreline (CoastSat window mean),2008-08-17/2010-08-17,Landsat 5/7/8 via CoastSat (coastsat.space),"Mean of the satellite positions in 2008-08-17 to 2010-08-17, ±1 yr of the 2009 USACE NCMP topobathy lidar (CHARTS) (flown 2009-08-10 to 2009-08-24) per CoastSat transect (906 of 906 transects), geolocated as origin + chainage * unit vector and strung into one line in alongshore order. No outlier rejection, no smoothing.",coastsat_mean_shoreline.py,2026-09-29,"Window mean, not a survey. Median 28 positions per transect; see transect_means_2008-08-17_2010-08-17.csv and PROVENANCE.md.",shoreline_mean_2008-08-17_2010-08-17.geojson,transects_100m.geojson,2026-09-29,duneline_to_raw_offsets.py
70,359,2321.623837108724,1,457876.8284628913,3933562.3268999998,Shoreline (CoastSat window mean),2008-08-17/2010-08-17,Landsat 5/7/8 via CoastSat (coastsat.space),"Mean of the satellite positions in 2008-08-17 to 2010-08-17, ±1 yr of the 2009 USACE NCMP topobathy lidar (CHARTS) (flown 2009-08-10 to 2009-08-24) per CoastSat transect (906 of 906 transects), geolocated as origin + chainage * unit vector and strung into one line in alongshore order. No outlier rejection, no smoothing.",coastsat_mean_shoreline.py,2026-09-29,"Window mean, not a survey. Median 28 positions per transect; see transect_means_2008-08-17_2010-08-17.csv and PROVENANCE.md.",shoreline_mean_2008-08-17_2010-08-17.geojson,transects_100m.geojson,2026-09-29,duneline_to_raw_offsets.py
70,360,2308.106325277593,1,457890.3459747224,3933662.3268999998,Shoreline (CoastSat window mean),2008-08-17/2010-08-17,Landsat 5/7/8 via CoastSat (coastsat.space),"Mean of the satellite positions in 2008-08-17 to 2010-08-17, ±1 yr of the 2009 USACE NCMP topobathy lidar (CHARTS) (flown 2009-08-10 to 2009-08-24) per CoastSat transect (906 of 906 transects), geolocated as origin + chainage * unit vector and strung into one line in alongshore order. No outlier rejection, no smoothing.",coastsat_mean_shoreline.py,2026-09-29,"Window mean, not a survey. Median 28 positions per transect; see transect_means_2008-08-17_2010-08-17.csv and PROVENANCE.md.",shoreline_mean_2008-08-17_2010-08-17.geojson,transects_100m.geojson,2026-09-29,duneline_to_raw_offsets.py
70,361,2293.744566341338,1,457904.70773365867,3933762.3268999998,Shoreline (CoastSat window mean),2008-08-17/2010-08-17,Landsat 5/7/8 via CoastSat (coastsat.space),"Mean of the satellite positions in 2008-08-17 to 2010-08-17, ±1 yr of the 2009 USACE NCMP topobathy lidar (CHARTS) (flown 2009-08-10 to 2009-08-24) per CoastSat transect (906 of 906 transects), geolocated as origin + chainage * unit vector and strung into one line in alongshore order. No outlier rejection, no smoothing.",coastsat_mean_shoreline.py,2026-09-29,"Window mean, not a survey. Median 28 positions per transect; see transect_means_2008-08-17_2010-08-17.csv and PROVENANCE.md.",shoreline_mean_2008-08-17_2010-08-17.geojson,transects_100m.geojson,2026-09-29,duneline_to_raw_offsets.py
70,362,2278.9719170719036,1,457919.4803829281,3933862.3268999998,Shoreline (CoastSat window mean),2008-08-17/2010-08-17,Landsat 5/7/8 via CoastSat (coastsat.space),"Mean of the satellite positions in 2008-08-17 to 2010-08-17, ±1 yr of the 2009 USACE NCMP topobathy lidar (CHARTS) (flown 2009-08-10 to 2009-08-24) per CoastSat transect (906 of 906 transects), geolocated as origin + chainage * unit vector and strung into one line in alongshore order. No outlier rejection, no smoothing.",coastsat_mean_shoreline.py,2026-09-29,"Window mean, not a survey. Median 28 positions per transect; see transect_means_2008-08-17_2010-08-17.csv and PROVENANCE.md.",shoreline_mean_2008-08-17_2010-08-17.geojson,transects_100m.geojson,2026-09-29,duneline_to_raw_offsets.py
70,363,2259.8150724731386,1,457938.63722752687,3933962.3268999998,Shoreline (CoastSat window mean),2008-08-17/2010-08-17,Landsat 5/7/8 via CoastSat (coastsat.space),"Mean of the satellite positions in 2008-08-17 to 2010-08-17, ±1 yr of the 2009 USACE NCMP topobathy lidar (CHARTS) (flown 2009-08-10 to 2009-08-24) per CoastSat transect (906 of 906 transects), geolocated as origin + chainage * unit vector and strung into one line in alongshore order. No outlier rejection, no smoothing.",coastsat_mean_shoreline.py,2026-09-29,"Window mean, not a survey. Median 28 positions per transect; see transect_means_2008-08-17_2010-08-17.csv and PROVENANCE.md.",shoreline_mean_2008-08-17_2010-08-17.geojson,transects_100m.geojson,2026-09-29,duneline_to_raw_offsets.py
71,364,2244.125115526316,1,457954.3271844737,3934062.3268999998,Shoreline (CoastSat window mean),2008-08-17/2010-08-17,Landsat 5/7/8 via CoastSat (coastsat.space),"Mean of the satellite positions in 2008-08-17 to 2010-08-17, ±1 yr of the 2009 USACE NCMP topobathy lidar (CHARTS) (flown 2009-08-10 to 2009-08-24) per CoastSat transect (906 of 906 transects), geolocated as origin + chainage * unit vector and strung into one line in alongshore order. No outlier rejection, no smoothing.",coastsat_mean_shoreline.py,2026-09-29,"Window mean, not a survey. Median 28 positions per transect; see transect_means_2008-08-17_2010-08-17.csv and PROVENANCE.md.",shoreline_mean_2008-08-17_2010-08-17.geojson,transects_100m.geojson,2026-09-29,duneline_to_raw_offsets.py
71,365,2226.8644852612633,1,457971.58781473874,3934162.3268999998,Shoreline (CoastSat window mean),2008-08-17/2010-08-17,Landsat 5/7/8 via CoastSat (coastsat.space),"Mean of the satellite positions in 2008-08-17 to 2010-08-17, ±1 yr of the 2009 USACE NCMP topobathy lidar (CHARTS) (flown 2009-08-10 to 2009-08-24) per CoastSat transect (906 of 906 transects), geolocated as origin + chainage * unit vector and strung into one line in alongshore order. No outlier rejection, no smoothing.",coastsat_mean_shoreline.py,2026-09-29,"Window mean, not a survey. Median 28 positions per transect; see transect_means_2008-08-17_2010-08-17.csv and PROVENANCE.md.",shoreline_mean_2008-08-17_2010-08-17.geojson,transects_100m.geojson,2026-09-29,duneline_to_raw_offsets.py
71,366,2211.143498683814,1,457987.3088013162,3934262.3268999998,Shoreline (CoastSat window mean),2008-08-17/2010-08-17,Landsat 5/7/8 via CoastSat (coastsat.space),"Mean of the satellite positions in 2008-08-17 to 2010-08-17, ±1 yr of the 2009 USACE NCMP topobathy lidar (CHARTS) (flown 2009-08-10 to 2009-08-24) per CoastSat transect (906 of 906 transects), geolocated as origin + chainage * unit vector and strung into one line in alongshore order. No outlier rejection, no smoothing.",coastsat_mean_shoreline.py,2026-09-29,"Window mean, not a survey. Median 28 positions per transect; see transect_means_2008-08-17_2010-08-17.csv and PROVENANCE.md.",shoreline_mean_2008-08-17_2010-08-17.geojson,transects_100m.geojson,2026-09-29,duneline_to_raw_offsets.py
71,367,2194.7827545090695,1,458003.66954549093,3934362.3268999998,Shoreline (CoastSat window mean),2008-08-17/2010-08-17,Landsat 5/7/8 via CoastSat (coastsat.space),"Mean of the satellite positions in 2008-08-17 to 2010-08-17, ±1 yr of the 2009 USACE NCMP topobathy lidar (CHARTS) (flown 2009-08-10 to 2009-08-24) per CoastSat transect (906 of 906 transects), geolocated as origin + chainage * unit vector and strung into one line in alongshore order. No outlier rejection, no smoothing.",coastsat_mean_shoreline.py,2026-09-29,"Window mean, not a survey. Median 28 positions per transect; see transect_means_2008-08-17_2010-08-17.csv and PROVENANCE.md.",shoreline_mean_2008-08-17_2010-08-17.geojson,transects_100m.geojson,2026-09-29,duneline_to_raw_offsets.py
71,368,2179.0755328570376,1,458019.37676714297,3934462.3268999998,Shoreline (CoastSat window mean),2008-08-17/2010-08-17,Landsat 5/7/8 via CoastSat (coastsat.space),"Mean of the satellite positions in 2008-08-17 to 2010-08-17, ±1 yr of the 2009 USACE NCMP topobathy lidar (CHARTS) (flown 2009-08-10 to 2009-08-24) per CoastSat transect (906 of 906 transects), geolocated as origin + chainage * unit vector and strung into one line in alongshore order. No outlier rejection, no smoothing.",coastsat_mean_shoreline.py,2026-09-29,"Window mean, not a survey. Median 28 positions per transect; see transect_means_2008-08-17_2010-08-17.csv and PROVENANCE.md.",shoreline_mean_2008-08-17_2010-08-17.geojson,transects_100m.geojson,2026-09-29,duneline_to_raw_offsets.py
72,369,2166.2307977890596,1,458032.22150221094,3934562.3268999998,Shoreline (CoastSat window mean),2008-08-17/2010-08-17,Landsat 5/7/8 via CoastSat (coastsat.space),"Mean of the satellite positions in 2008-08-17 to 2010-08-17, ±1 yr of the 2009 USACE NCMP topobathy lidar (CHARTS) (flown 2009-08-10 to 2009-08-24) per CoastSat transect (906 of 906 transects), geolocated as origin + chainage * unit vector and strung into one line in alongshore order. No outlier rejection, no smoothing.",coastsat_mean_shoreline.py,2026-09-29,"Window mean, not a survey. Median 28 positions per transect; see transect_means_2008-08-17_2010-08-17.csv and PROVENANCE.md.",shoreline_mean_2008-08-17_2010-08-17.geojson,transects_100m.geojson,2026-09-29,duneline_to_raw_offsets.py
72,370,2151.3474664231762,1,458047.1048335768,3934662.3268999998,Shoreline (CoastSat window mean),2008-08-17/2010-08-17,Landsat 5/7/8 via CoastSat (coastsat.space),"Mean of the satellite positions in 2008-08-17 to 2010-08-17, ±1 yr of the 2009 USACE NCMP topobathy lidar (CHARTS) (flown 2009-08-10 to 2009-08-24) per CoastSat transect (906 of 906 transects), geolocated as origin + chainage * unit vector and strung into one line in alongshore order. No outlier rejection, no smoothing.",coastsat_mean_shoreline.py,2026-09-29,"Window mean, not a survey. Median 28 positions per transect; see transect_means_2008-08-17_2010-08-17.csv and PROVENANCE.md.",shoreline_mean_2008-08-17_2010-08-17.geojson,transects_100m.geojson,2026-09-29,duneline_to_raw_offsets.py
72,371,2136.597005518386,1,458061.8552944816,3934762.3268999998,Shoreline (CoastSat window mean),2008-08-17/2010-08-17,Landsat 5/7/8 via CoastSat (coastsat.space),"Mean of the satellite positions in 2008-08-17 to 2010-08-17, ±1 yr of the 2009 USACE NCMP topobathy lidar (CHARTS) (flown 2009-08-10 to 2009-08-24) per CoastSat transect (906 of 906 transects), geolocated as origin + chainage * unit vector and strung into one line in alongshore order. No outlier rejection, no smoothing.",coastsat_mean_shoreline.py,2026-09-29,"Window mean, not a survey. Median 28 positions per transect; see transect_means_2008-08-17_2010-08-17.csv and PROVENANCE.md.",shoreline_mean_2008-08-17_2010-08-17.geojson,transects_100m.geojson,2026-09-29,duneline_to_raw_offsets.py
72,372,2123.621568290575,1,458074.83073170943,3934862.3268999998,Shoreline (CoastSat window mean),2008-08-17/2010-08-17,Landsat 5/7/8 via CoastSat (coastsat.space),"Mean of the satellite positions in 2008-08-17 to 2010-08-17, ±1 yr of the 2009 USACE NCMP topobathy lidar (CHARTS) (flown 2009-08-10 to 2009-08-24) per CoastSat transect (906 of 906 transects), geolocated as origin + chainage * unit vector and strung into one line in alongshore order. No outlier rejection, no smoothing.",coastsat_mean_shoreline.py,2026-09-29,"Window mean, not a survey. Median 28 positions per transect; see transect_means_2008-08-17_2010-08-17.csv and PROVENANCE.md.",shoreline_mean_2008-08-17_2010-08-17.geojson,transects_100m.geojson,2026-09-29,duneline_to_raw_offsets.py
72,373,2109.202468712989,1,458089.249831287,3934962.3268999998,Shoreline (CoastSat window mean),2008-08-17/2010-08-17,Landsat 5/7/8 via CoastSat (coastsat.space),"Mean of the satellite positions in 2008-08-17 to 2010-08-17, ±1 yr of the 2009 USACE NCMP topobathy lidar (CHARTS) (flown 2009-08-10 to 2009-08-24) per CoastSat transect (906 of 906 transects), geolocated as origin + chainage * unit vector and strung into one line in alongshore order. No outlier rejection, no smoothing.",coastsat_mean_shoreline.py,2026-09-29,"Window mean, not a survey. Median 28 positions per transect; see transect_means_2008-08-17_2010-08-17.csv and PROVENANCE.md.",shoreline_mean_2008-08-17_2010-08-17.geojson,transects_100m.geojson,2026-09-29,duneline_to_raw_offsets.py
73,374,2095.1858802378993,1,458103.2664197621,3935062.3268999998,Shoreline (CoastSat window mean),2008-08-17/2010-08-17,Landsat 5/7/8 via CoastSat (coastsat.space),"Mean of the satellite positions in 2008-08-17 to 2010-08-17, ±1 yr of the 2009 USACE NCMP topobathy lidar (CHARTS) (flown 2009-08-10 to 2009-08-24) per CoastSat transect (906 of 906 transects), geolocated as origin + chainage * unit vector and strung into one line in alongshore order. No outlier rejection, no smoothing.",coastsat_mean_shoreline.py,2026-09-29,"Window mean, not a survey. Median 28 positions per transect; see transect_means_2008-08-17_2010-08-17.csv and PROVENANCE.md.",shoreline_mean_2008-08-17_2010-08-17.geojson,transects_100m.geojson,2026-09-29,duneline_to_raw_offsets.py
73,375,2081.8192597597954,1,458116.6330402402,3935162.3268999998,Shoreline (CoastSat window mean),2008-08-17/2010-08-17,Landsat 5/7/8 via CoastSat (coastsat.space),"Mean of the satellite positions in 2008-08-17 to 2010-08-17, ±1 yr of the 2009 USACE NCMP topobathy lidar (CHARTS) (flown 2009-08-10 to 2009-08-24) per CoastSat transect (906 of 906 transects), geolocated as origin + chainage * unit vector and strung into one line in alongshore order. No outlier rejection, no smoothing.",coastsat_mean_shoreline.py,2026-09-29,"Window mean, not a survey. Median 28 positions per transect; see transect_means_2008-08-17_2010-08-17.csv and PROVENANCE.md.",shoreline_mean_2008-08-17_2010-08-17.geojson,transects_100m.geojson,2026-09-29,duneline_to_raw_offsets.py
73,376,2067.211595996399,1,458131.2407040036,3935262.3268999998,Shoreline (CoastSat window mean),2008-08-17/2010-08-17,Landsat 5/7/8 via CoastSat (coastsat.space),"Mean of the satellite positions in 2008-08-17 to 2010-08-17, ±1 yr of the 2009 USACE NCMP topobathy lidar (CHARTS) (flown 2009-08-10 to 2009-08-24) per CoastSat transect (906 of 906 transects), geolocated as origin + chainage * unit vector and strung into one line in alongshore order. No outlier rejection, no smoothing.",coastsat_mean_shoreline.py,2026-09-29,"Window mean, not a survey. Median 28 positions per transect; see transect_means_2008-08-17_2010-08-17.csv and PROVENANCE.md.",shoreline_mean_2008-08-17_2010-08-17.geojson,transects_100m.geojson,2026-09-29,duneline_to_raw_offsets.py
73,377,2054.661874241254,1,458143.79042575875,3935362.3268999998,Shoreline (CoastSat window mean),2008-08-17/2010-08-17,Landsat 5/7/8 via CoastSat (coastsat.space),"Mean of the satellite positions in 2008-08-17 to 2010-08-17, ±1 yr of the 2009 USACE NCMP topobathy lidar (CHARTS) (flown 2009-08-10 to 2009-08-24) per CoastSat transect (906 of 906 transects), geolocated as origin + chainage * unit vector and strung into one line in alongshore order. No outlier rejection, no smoothing.",coastsat_mean_shoreline.py,2026-09-29,"Window mean, not a survey. Median 28 positions per transect; see transect_means_2008-08-17_2010-08-17.csv and PROVENANCE.md.",shoreline_mean_2008-08-17_2010-08-17.geojson,transects_100m.geojson,2026-09-29,duneline_to_raw_offsets.py
73,378,2044.2988081103542,1,458154.15349188965,3935462.3268999998,Shoreline (CoastSat window mean),2008-08-17/2010-08-17,Landsat 5/7/8 via CoastSat (coastsat.space),"Mean of the satellite positions in 2008-08-17 to 2010-08-17, ±1 yr of the 2009 USACE NCMP topobathy lidar (CHARTS) (flown 2009-08-10 to 2009-08-24) per CoastSat transect (906 of 906 transects), geolocated as origin + chainage * unit vector and strung into one line in alongshore order. No outlier rejection, no smoothing.",coastsat_mean_shoreline.py,2026-09-29,"Window mean, not a survey. Median 28 positions per transect; see transect_means_2008-08-17_2010-08-17.csv and PROVENANCE.md.",shoreline_mean_2008-08-17_2010-08-17.geojson,transects_100m.geojson,2026-09-29,duneline_to_raw_offsets.py
74,379,2034.2617764289605,1,458164.19052357104,3935562.3268999998,Shoreline (CoastSat window mean),2008-08-17/2010-08-17,Landsat 5/7/8 via CoastSat (coastsat.space),"Mean of the satellite positions in 2008-08-17 to 2010-08-17, ±1 yr of the 2009 USACE NCMP topobathy lidar (CHARTS) (flown 2009-08-10 to 2009-08-24) per CoastSat transect (906 of 906 transects), geolocated as origin + chainage * unit vector and strung into one line in alongshore order. No outlier rejection, no smoothing.",coastsat_mean_shoreline.py,2026-09-29,"Window mean, not a survey. Median 28 positions per transect; see transect_means_2008-08-17_2010-08-17.csv and PROVENANCE.md.",shoreline_mean_2008-08-17_2010-08-17.geojson,transects_100m.geojson,2026-09-29,duneline_to_raw_offsets.py
74,380,2019.9872656632795,1,458178.4650343367,3935662.3268999998,Shoreline (CoastSat window mean),2008-08-17/2010-08-17,Landsat 5/7/8 via CoastSat (coastsat.space),"Mean of the satellite positions in 2008-08-17 to 2010-08-17, ±1 yr of the 2009 USACE NCMP topobathy lidar (CHARTS) (flown 2009-08-10 to 2009-08-24) per CoastSat transect (906 of 906 transects), geolocated as origin + chainage * unit vector and strung into one line in alongshore order. No outlier rejection, no smoothing.",coastsat_mean_shoreline.py,2026-09-29,"Window mean, not a survey. Median 28 positions per transect; see transect_means_2008-08-17_2010-08-17.csv and PROVENANCE.md.",shoreline_mean_2008-08-17_2010-08-17.geojson,transects_100m.geojson,2026-09-29,duneline_to_raw_offsets.py
74,381,2012.1718141440654,1,458186.28048585594,3935762.3268999998,Shoreline (CoastSat window mean),2008-08-17/2010-08-17,Landsat 5/7/8 via CoastSat (coastsat.space),"Mean of the satellite positions in 2008-08-17 to 2010-08-17, ±1 yr of the 2009 USACE NCMP topobathy lidar (CHARTS) (flown 2009-08-10 to 2009-08-24) per CoastSat transect (906 of 906 transects), geolocated as origin + chainage * unit vector and strung into one line in alongshore order. No outlier rejection, no smoothing.",coastsat_mean_shoreline.py,2026-09-29,"Window mean, not a survey. Median 28 positions per transect; see transect_means_2008-08-17_2010-08-17.csv and PROVENANCE.md.",shoreline_mean_2008-08-17_2010-08-17.geojson,transects_100m.geojson,2026-09-29,duneline_to_raw_offsets.py
74,382,2002.2803083925974,1,458196.1719916074,3935862.3268999998,Shoreline (CoastSat window mean),2008-08-17/2010-08-17,Landsat 5/7/8 via CoastSat (coastsat.space),"Mean of the satellite positions in 2008-08-17 to 2010-08-17, ±1 yr of the 2009 USACE NCMP topobathy lidar (CHARTS) (flown 2009-08-10 to 2009-08-24) per CoastSat transect (906 of 906 transects), geolocated as origin + chainage * unit vector and strung into one line in alongshore order. No outlier rejection, no smoothing.",coastsat_mean_shoreline.py,2026-09-29,"Window mean, not a survey. Median 28 positions per transect; see transect_means_2008-08-17_2010-08-17.csv and PROVENANCE.md.",shoreline_mean_2008-08-17_2010-08-17.geojson,transects_100m.geojson,2026-09-29,duneline_to_raw_offsets.py
74,383,1995.2695488104946,1,458203.1827511895,3935962.3268999998,Shoreline (CoastSat window mean),2008-08-17/2010-08-17,Landsat 5/7/8 via CoastSat (coastsat.space),"Mean of the satellite positions in 2008-08-17 to 2010-08-17, ±1 yr of the 2009 USACE NCMP topobathy lidar (CHARTS) (flown 2009-08-10 to 2009-08-24) per CoastSat transect (906 of 906 transects), geolocated as origin + chainage * unit vector and strung into one line in alongshore order. No outlier rejection, no smoothing.",coastsat_mean_shoreline.py,2026-09-29,"Window mean, not a survey. Median 28 positions per transect; see transect_means_2008-08-17_2010-08-17.csv and PROVENANCE.md.",shoreline_mean_2008-08-17_2010-08-17.geojson,transects_100m.geojson,2026-09-29,duneline_to_raw_offsets.py
75,384,1991.5071182951217,1,458206.9451817049,3936062.3268999998,Shoreline (CoastSat window mean),2008-08-17/2010-08-17,Landsat 5/7/8 via CoastSat (coastsat.space),"Mean of the satellite positions in 2008-08-17 to 2010-08-17, ±1 yr of the 2009 USACE NCMP topobathy lidar (CHARTS) (flown 2009-08-10 to 2009-08-24) per CoastSat transect (906 of 906 transects), geolocated as origin + chainage * unit vector and strung into one line in alongshore order. No outlier rejection, no smoothing.",coastsat_mean_shoreline.py,2026-09-29,"Window mean, not a survey. Median 28 positions per transect; see transect_means_2008-08-17_2010-08-17.csv and PROVENANCE.md.",shoreline_mean_2008-08-17_2010-08-17.geojson,transects_100m.geojson,2026-09-29,duneline_to_raw_offsets.py
75,385,1990.4347195704468,1,458208.01758042956,3936162.3268999998,Shoreline (CoastSat window mean),2008-08-17/2010-08-17,Landsat 5/7/8 via CoastSat (coastsat.space),"Mean of the satellite positions in 2008-08-17 to 2010-08-17, ±1 yr of the 2009 USACE NCMP topobathy lidar (CHARTS) (flown 2009-08-10 to 2009-08-24) per CoastSat transect (906 of 906 transects), geolocated as origin + chainage * unit vector and strung into one line in alongshore order. No outlier rejection, no smoothing.",coastsat_mean_shoreline.py,2026-09-29,"Window mean, not a survey. Median 28 positions per transect; see transect_means_2008-08-17_2010-08-17.csv and PROVENANCE.md.",shoreline_mean_2008-08-17_2010-08-17.geojson,transects_100m.geojson,2026-09-29,duneline_to_raw_offsets.py
75,386,1984.3929637977853,1,458214.0593362022,3936262.3268999998,Shoreline (CoastSat window mean),2008-08-17/2010-08-17,Landsat 5/7/8 via CoastSat (coastsat.space),"Mean of the satellite positions in 2008-08-17 to 2010-08-17, ±1 yr of the 2009 USACE NCMP topobathy lidar (CHARTS) (flown 2009-08-10 to 2009-08-24) per CoastSat transect (906 of 906 transects), geolocated as origin + chainage * unit vector and strung into one line in alongshore order. No outlier rejection, no smoothing.",coastsat_mean_shoreline.py,2026-09-29,"Window mean, not a survey. Median 28 positions per transect; see transect_means_2008-08-17_2010-08-17.csv and PROVENANCE.md.",shoreline_mean_2008-08-17_2010-08-17.geojson,transects_100m.geojson,2026-09-29,duneline_to_raw_offsets.py
75,387,1981.3452550317743,1,458217.10704496823,3936362.3268999998,Shoreline (CoastSat window mean),2008-08-17/2010-08-17,Landsat 5/7/8 via CoastSat (coastsat.space),"Mean of the satellite positions in 2008-08-17 to 2010-08-17, ±1 yr of the 2009 USACE NCMP topobathy lidar (CHARTS) (flown 2009-08-10 to 2009-08-24) per CoastSat transect (906 of 906 transects), geolocated as origin + chainage * unit vector and strung into one line in alongshore order. No outlier rejection, no smoothing.",coastsat_mean_shoreline.py,2026-09-29,"Window mean, not a survey. Median 28 positions per transect; see transect_means_2008-08-17_2010-08-17.csv and PROVENANCE.md.",shoreline_mean_2008-08-17_2010-08-17.geojson,transects_100m.geojson,2026-09-29,duneline_to_raw_offsets.py
75,388,1978.7419563468432,1,458219.71034365316,3936462.3268999998,Shoreline (CoastSat window mean),2008-08-17/2010-08-17,Landsat 5/7/8 via CoastSat (coastsat.space),"Mean of the satellite positions in 2008-08-17 to 2010-08-17, ±1 yr of the 2009 USACE NCMP topobathy lidar (CHARTS) (flown 2009-08-10 to 2009-08-24) per CoastSat transect (906 of 906 transects), geolocated as origin + chainage * unit vector and strung into one line in alongshore order. No outlier rejection, no smoothing.",coastsat_mean_shoreline.py,2026-09-29,"Window mean, not a survey. Median 28 positions per transect; see transect_means_2008-08-17_2010-08-17.csv and PROVENANCE.md.",shoreline_mean_2008-08-17_2010-08-17.geojson,transects_100m.geojson,2026-09-29,duneline_to_raw_offsets.py
76,389,1979.5783369608107,1,458218.8739630392,3936562.3268999998,Shoreline (CoastSat window mean),2008-08-17/2010-08-17,Landsat 5/7/8 via CoastSat (coastsat.space),"Mean of the satellite positions in 2008-08-17 to 2010-08-17, ±1 yr of the 2009 USACE NCMP topobathy lidar (CHARTS) (flown 2009-08-10 to 2009-08-24) per CoastSat transect (906 of 906 transects), geolocated as origin + chainage * unit vector and strung into one line in alongshore order. No outlier rejection, no smoothing.",coastsat_mean_shoreline.py,2026-09-29,"Window mean, not a survey. Median 28 positions per transect; see transect_means_2008-08-17_2010-08-17.csv and PROVENANCE.md.",shoreline_mean_2008-08-17_2010-08-17.geojson,transects_100m.geojson,2026-09-29,duneline_to_raw_offsets.py
76,390,1980.1481053329771,1,458218.304194667,3936662.3268999998,Shoreline (CoastSat window mean),2008-08-17/2010-08-17,Landsat 5/7/8 via CoastSat (coastsat.space),"Mean of the satellite positions in 2008-08-17 to 2010-08-17, ±1 yr of the 2009 USACE NCMP topobathy lidar (CHARTS) (flown 2009-08-10 to 2009-08-24) per CoastSat transect (906 of 906 transects), geolocated as origin + chainage * unit vector and strung into one line in alongshore order. No outlier rejection, no smoothing.",coastsat_mean_shoreline.py,2026-09-29,"Window mean, not a survey. Median 28 positions per transect; see transect_means_2008-08-17_2010-08-17.csv and PROVENANCE.md.",shoreline_mean_2008-08-17_2010-08-17.geojson,transects_100m.geojson,2026-09-29,duneline_to_raw_offsets.py
76,391,1973.75292285328,1,458224.6993771467,3936762.3268999998,Shoreline (CoastSat window mean),2008-08-17/2010-08-17,Landsat 5/7/8 via CoastSat (coastsat.space),"Mean of the satellite positions in 2008-08-17 to 2010-08-17, ±1 yr of the 2009 USACE NCMP topobathy lidar (CHARTS) (flown 2009-08-10 to 2009-08-24) per CoastSat transect (906 of 906 transects), geolocated as origin + chainage * unit vector and strung into one line in alongshore order. No outlier rejection, no smoothing.",coastsat_mean_shoreline.py,2026-09-29,"Window mean, not a survey. Median 28 positions per transect; see transect_means_2008-08-17_2010-08-17.csv and PROVENANCE.md.",shoreline_mean_2008-08-17_2010-08-17.geojson,transects_100m.geojson,2026-09-29,duneline_to_raw_offsets.py
76,392,1974.3306724604333,1,458224.1216275396,3936862.3268999998,Shoreline (CoastSat window mean),2008-08-17/2010-08-17,Landsat 5/7/8 via CoastSat (coastsat.space),"Mean of the satellite positions in 2008-08-17 to 2010-08-17, ±1 yr of the 2009 USACE NCMP topobathy lidar (CHARTS) (flown 2009-08-10 to 2009-08-24) per CoastSat transect (906 of 906 transects), geolocated as origin + chainage * unit vector and strung into one line in alongshore order. No outlier rejection, no smoothing.",coastsat_mean_shoreline.py,2026-09-29,"Window mean, not a survey. Median 28 positions per transect; see transect_means_2008-08-17_2010-08-17.csv and PROVENANCE.md.",shoreline_mean_2008-08-17_2010-08-17.geojson,transects_100m.geojson,2026-09-29,duneline_to_raw_offsets.py
76,393,1974.728497268865,1,458223.72380273114,3936962.3268999998,Shoreline (CoastSat window mean),2008-08-17/2010-08-17,Landsat 5/7/8 via CoastSat (coastsat.space),"Mean of the satellite positions in 2008-08-17 to 2010-08-17, ±1 yr of the 2009 USACE NCMP topobathy lidar (CHARTS) (flown 2009-08-10 to 2009-08-24) per CoastSat transect (906 of 906 transects), geolocated as origin + chainage * unit vector and strung into one line in alongshore order. No outlier rejection, no smoothing.",coastsat_mean_shoreline.py,2026-09-29,"Window mean, not a survey. Median 28 positions per transect; see transect_means_2008-08-17_2010-08-17.csv and PROVENANCE.md.",shoreline_mean_2008-08-17_2010-08-17.geojson,transects_100m.geojson,2026-09-29,duneline_to_raw_offsets.py
77,394,1977.3330725241103,1,458221.1192274759,3937062.3268999998,Shoreline (CoastSat window mean),2008-08-17/2010-08-17,Landsat 5/7/8 via CoastSat (coastsat.space),"Mean of the satellite positions in 2008-08-17 to 2010-08-17, ±1 yr of the 2009 USACE NCMP topobathy lidar (CHARTS) (flown 2009-08-10 to 2009-08-24) per CoastSat transect (906 of 906 transects), geolocated as origin + chainage * unit vector and strung into one line in alongshore order. No outlier rejection, no smoothing.",coastsat_mean_shoreline.py,2026-09-29,"Window mean, not a survey. Median 28 positions per transect; see transect_means_2008-08-17_2010-08-17.csv and PROVENANCE.md.",shoreline_mean_2008-08-17_2010-08-17.geojson,transects_100m.geojson,2026-09-29,duneline_to_raw_offsets.py
77,395,1980.5369905456319,1,458217.9153094544,3937162.3268999998,Shoreline (CoastSat window mean),2008-08-17/2010-08-17,Landsat 5/7/8 via CoastSat (coastsat.space),"Mean of the satellite positions in 2008-08-17 to 2010-08-17, ±1 yr of the 2009 USACE NCMP topobathy lidar (CHARTS) (flown 2009-08-10 to 2009-08-24) per CoastSat transect (906 of 906 transects), geolocated as origin + chainage * unit vector and strung into one line in alongshore order. No outlier rejection, no smoothing.",coastsat_mean_shoreline.py,2026-09-29,"Window mean, not a survey. Median 28 positions per transect; see transect_means_2008-08-17_2010-08-17.csv and PROVENANCE.md.",shoreline_mean_2008-08-17_2010-08-17.geojson,transects_100m.geojson,2026-09-29,duneline_to_raw_offsets.py
77,396,1981.575681018934,1,458216.87661898107,3937262.3268999998,Shoreline (CoastSat window mean),2008-08-17/2010-08-17,Landsat 5/7/8 via CoastSat (coastsat.space),"Mean of the satellite positions in 2008-08-17 to 2010-08-17, ±1 yr of the 2009 USACE NCMP topobathy lidar (CHARTS) (flown 2009-08-10 to 2009-08-24) per CoastSat transect (906 of 906 transects), geolocated as origin + chainage * unit vector and strung into one line in alongshore order. No outlier rejection, no smoothing.",coastsat_mean_shoreline.py,2026-09-29,"Window mean, not a survey. Median 28 positions per transect; see transect_means_2008-08-17_2010-08-17.csv and PROVENANCE.md.",shoreline_mean_2008-08-17_2010-08-17.geojson,transects_100m.geojson,2026-09-29,duneline_to_raw_offsets.py
77,397,1985.1153349120284,1,458213.336965088,3937362.3268999998,Shoreline (CoastSat window mean),2008-08-17/2010-08-17,Landsat 5/7/8 via CoastSat (coastsat.space),"Mean of the satellite positions in 2008-08-17 to 2010-08-17, ±1 yr of the 2009 USACE NCMP topobathy lidar (CHARTS) (flown 2009-08-10 to 2009-08-24) per CoastSat transect (906 of 906 transects), geolocated as origin + chainage * unit vector and strung into one line in alongshore order. No outlier rejection, no smoothing.",coastsat_mean_shoreline.py,2026-09-29,"Window mean, not a survey. Median 28 positions per transect; see transect_means_2008-08-17_2010-08-17.csv and PROVENANCE.md.",shoreline_mean_2008-08-17_2010-08-17.geojson,transects_100m.geojson,2026-09-29,duneline_to_raw_offsets.py
77,398,1991.0624483103165,1,458207.3898516897,3937462.3268999998,Shoreline (CoastSat window mean),2008-08-17/2010-08-17,Landsat 5/7/8 via CoastSat (coastsat.space),"Mean of the satellite positions in 2008-08-17 to 2010-08-17, ±1 yr of the 2009 USACE NCMP topobathy lidar (CHARTS) (flown 2009-08-10 to 2009-08-24) per CoastSat transect (906 of 906 transects), geolocated as origin + chainage * unit vector and strung into one line in alongshore order. No outlier rejection, no smoothing.",coastsat_mean_shoreline.py,2026-09-29,"Window mean, not a survey. Median 28 positions per transect; see transect_means_2008-08-17_2010-08-17.csv and PROVENANCE.md.",shoreline_mean_2008-08-17_2010-08-17.geojson,transects_100m.geojson,2026-09-29,duneline_to_raw_offsets.py
78,399,1991.2458142307005,1,458207.2064857693,3937562.3268999998,Shoreline (CoastSat window mean),2008-08-17/2010-08-17,Landsat 5/7/8 via CoastSat (coastsat.space),"Mean of the satellite positions in 2008-08-17 to 2010-08-17, ±1 yr of the 2009 USACE NCMP topobathy lidar (CHARTS) (flown 2009-08-10 to 2009-08-24) per CoastSat transect (906 of 906 transects), geolocated as origin + chainage * unit vector and strung into one line in alongshore order. No outlier rejection, no smoothing.",coastsat_mean_shoreline.py,2026-09-29,"Window mean, not a survey. Median 28 positions per transect; see transect_means_2008-08-17_2010-08-17.csv and PROVENANCE.md.",shoreline_mean_2008-08-17_2010-08-17.geojson,transects_100m.geojson,2026-09-29,duneline_to_raw_offsets.py
78,400,1986.6125246661832,1,458211.8397753338,3937662.3268999998,Shoreline (CoastSat window mean),2008-08-17/2010-08-17,Landsat 5/7/8 via CoastSat (coastsat.space),"Mean of the satellite positions in 2008-08-17 to 2010-08-17, ±1 yr of the 2009 USACE NCMP topobathy lidar (CHARTS) (flown 2009-08-10 to 2009-08-24) per CoastSat transect (906 of 906 transects), geolocated as origin + chainage * unit vector and strung into one line in alongshore order. No outlier rejection, no smoothing.",coastsat_mean_shoreline.py,2026-09-29,"Window mean, not a survey. Median 28 positions per transect; see transect_means_2008-08-17_2010-08-17.csv and PROVENANCE.md.",shoreline_mean_2008-08-17_2010-08-17.geojson,transects_100m.geojson,2026-09-29,duneline_to_raw_offsets.py
78,401,1981.4782102229656,1,458216.97408977704,3937762.3268999998,Shoreline (CoastSat window mean),2008-08-17/2010-08-17,Landsat 5/7/8 via CoastSat (coastsat.space),"Mean of the satellite positions in 2008-08-17 to 2010-08-17, ±1 yr of the 2009 USACE NCMP topobathy lidar (CHARTS) (flown 2009-08-10 to 2009-08-24) per CoastSat transect (906 of 906 transects), geolocated as origin + chainage * unit vector and strung into one line in alongshore order. No outlier rejection, no smoothing.",coastsat_mean_shoreline.py,2026-09-29,"Window mean, not a survey. Median 28 positions per transect; see transect_means_2008-08-17_2010-08-17.csv and PROVENANCE.md.",shoreline_mean_2008-08-17_2010-08-17.geojson,transects_100m.geojson,2026-09-29,duneline_to_raw_offsets.py
78,402,1975.1669268976545,1,458223.28537310235,3937862.3268999998,Shoreline (CoastSat window mean),2008-08-17/2010-08-17,Landsat 5/7/8 via CoastSat (coastsat.space),"Mean of the satellite positions in 2008-08-17 to 2010-08-17, ±1 yr of the 2009 USACE NCMP topobathy lidar (CHARTS) (flown 2009-08-10 to 2009-08-24) per CoastSat transect (906 of 906 transects), geolocated as origin + chainage * unit vector and strung into one line in alongshore order. No outlier rejection, no smoothing.",coastsat_mean_shoreline.py,2026-09-29,"Window mean, not a survey. Median 28 positions per transect; see transect_means_2008-08-17_2010-08-17.csv and PROVENANCE.md.",shoreline_mean_2008-08-17_2010-08-17.geojson,transects_100m.geojson,2026-09-29,duneline_to_raw_offsets.py
78,403,1971.8227461710342,1,458226.62955382897,3937962.3268999998,Shoreline (CoastSat window mean),2008-08-17/2010-08-17,Landsat 5/7/8 via CoastSat (coastsat.space),"Mean of the satellite positions in 2008-08-17 to 2010-08-17, ±1 yr of the 2009 USACE NCMP topobathy lidar (CHARTS) (flown 2009-08-10 to 2009-08-24) per CoastSat transect (906 of 906 transects), geolocated as origin + chainage * unit vector and strung into one line in alongshore order. No outlier rejection, no smoothing.",coastsat_mean_shoreline.py,2026-09-29,"Window mean, not a survey. Median 28 positions per transect; see transect_means_2008-08-17_2010-08-17.csv and PROVENANCE.md.",shoreline_mean_2008-08-17_2010-08-17.geojson,transects_100m.geojson,2026-09-29,duneline_to_raw_offsets.py
79,404,1968.8516808015993,1,458229.6006191984,3938062.3268999998,Shoreline (CoastSat window mean),2008-08-17/2010-08-17,Landsat 5/7/8 via CoastSat (coastsat.space),"Mean of the satellite positions in 2008-08-17 to 2010-08-17, ±1 yr of the 2009 USACE NCMP topobathy lidar (CHARTS) (flown 2009-08-10 to 2009-08-24) per CoastSat transect (906 of 906 transects), geolocated as origin + chainage * unit vector and strung into one line in alongshore order. No outlier rejection, no smoothing.",coastsat_mean_shoreline.py,2026-09-29,"Window mean, not a survey. Median 28 positions per transect; see transect_means_2008-08-17_2010-08-17.csv and PROVENANCE.md.",shoreline_mean_2008-08-17_2010-08-17.geojson,transects_100m.geojson,2026-09-29,duneline_to_raw_offsets.py
79,405,1980.9732191644143,1,458217.4790808356,3938162.3268999998,Shoreline (CoastSat window mean),2008-08-17/2010-08-17,Landsat 5/7/8 via CoastSat (coastsat.space),"Mean of the satellite positions in 2008-08-17 to 2010-08-17, ±1 yr of the 2009 USACE NCMP topobathy lidar (CHARTS) (flown 2009-08-10 to 2009-08-24) per CoastSat transect (906 of 906 transects), geolocated as origin + chainage * unit vector and strung into one line in alongshore order. No outlier rejection, no smoothing.",coastsat_mean_shoreline.py,2026-09-29,"Window mean, not a survey. Median 28 positions per transect; see transect_means_2008-08-17_2010-08-17.csv and PROVENANCE.md.",shoreline_mean_2008-08-17_2010-08-17.geojson,transects_100m.geojson,2026-09-29,duneline_to_raw_offsets.py
79,406,1999.6661981655636,1,458198.78610183444,3938262.3268999998,Shoreline (CoastSat window mean),2008-08-17/2010-08-17,Landsat 5/7/8 via CoastSat (coastsat.space),"Mean of the satellite positions in 2008-08-17 to 2010-08-17, ±1 yr of the 2009 USACE NCMP topobathy lidar (CHARTS) (flown 2009-08-10 to 2009-08-24) per CoastSat transect (906 of 906 transects), geolocated as origin + chainage * unit vector and strung into one line in alongshore order. No outlier rejection, no smoothing.",coastsat_mean_shoreline.py,2026-09-29,"Window mean, not a survey. Median 28 positions per transect; see transect_means_2008-08-17_2010-08-17.csv and PROVENANCE.md.",shoreline_mean_2008-08-17_2010-08-17.geojson,transects_100m.geojson,2026-09-29,duneline_to_raw_offsets.py
79,407,2025.7284215548427,1,458172.72387844516,3938362.3268999998,Shoreline (CoastSat window mean),2008-08-17/2010-08-17,Landsat 5/7/8 via CoastSat (coastsat.space),"Mean of the satellite positions in 2008-08-17 to 2010-08-17, ±1 yr of the 2009 USACE NCMP topobathy lidar (CHARTS) (flown 2009-08-10 to 2009-08-24) per CoastSat transect (906 of 906 transects), geolocated as origin + chainage * unit vector and strung into one line in alongshore order. No outlier rejection, no smoothing.",coastsat_mean_shoreline.py,2026-09-29,"Window mean, not a survey. Median 28 positions per transect; see transect_means_2008-08-17_2010-08-17.csv and PROVENANCE.md.",shoreline_mean_2008-08-17_2010-08-17.geojson,transects_100m.geojson,2026-09-29,duneline_to_raw_offsets.py
79,408,2040.4047439005808,1,458158.0475560994,3938462.3268999998,Shoreline (CoastSat window mean),2008-08-17/2010-08-17,Landsat 5/7/8 via CoastSat (coastsat.space),"Mean of the satellite positions in 2008-08-17 to 2010-08-17, ±1 yr of the 2009 USACE NCMP topobathy lidar (CHARTS) (flown 2009-08-10 to 2009-08-24) per CoastSat transect (906 of 906 transects), geolocated as origin + chainage * unit vector and strung into one line in alongshore order. No outlier rejection, no smoothing.",coastsat_mean_shoreline.py,2026-09-29,"Window mean, not a survey. Median 28 positions per transect; see transect_means_2008-08-17_2010-08-17.csv and PROVENANCE.md.",shoreline_mean_2008-08-17_2010-08-17.geojson,transects_100m.geojson,2026-09-29,duneline_to_raw_offsets.py
80,409,2052.720603021502,1,458145.7316969785,3938562.3268999998,Shoreline (CoastSat window mean),2008-08-17/2010-08-17,Landsat 5/7/8 via CoastSat (coastsat.space),"Mean of the satellite positions in 2008-08-17 to 2010-08-17, ±1 yr of the 2009 USACE NCMP topobathy lidar (CHARTS) (flown 2009-08-10 to 2009-08-24) per CoastSat transect (906 of 906 transects), geolocated as origin + chainage * unit vector and strung into one line in alongshore order. No outlier rejection, no smoothing.",coastsat_mean_shoreline.py,2026-09-29,"Window mean, not a survey. Median 28 positions per transect; see transect_means_2008-08-17_2010-08-17.csv and PROVENANCE.md.",shoreline_mean_2008-08-17_2010-08-17.geojson,transects_100m.geojson,2026-09-29,duneline_to_raw_offsets.py
80,410,2067.2754925062764,1,458131.1768074937,3938662.3268999998,Shoreline (CoastSat window mean),2008-08-17/2010-08-17,Landsat 5/7/8 via CoastSat (coastsat.space),"Mean of the satellite positions in 2008-08-17 to 2010-08-17, ±1 yr of the 2009 USACE NCMP topobathy lidar (CHARTS) (flown 2009-08-10 to 2009-08-24) per CoastSat transect (906 of 906 transects), geolocated as origin + chainage * unit vector and strung into one line in alongshore order. No outlier rejection, no smoothing.",coastsat_mean_shoreline.py,2026-09-29,"Window mean, not a survey. Median 28 positions per transect; see transect_means_2008-08-17_2010-08-17.csv and PROVENANCE.md.",shoreline_mean_2008-08-17_2010-08-17.geojson,transects_100m.geojson,2026-09-29,duneline_to_raw_offsets.py
80,411,2081.0087820022018,1,458117.4435179978,3938762.3268999998,Shoreline (CoastSat window mean),2008-08-17/2010-08-17,Landsat 5/7/8 via CoastSat (coastsat.space),"Mean of the satellite positions in 2008-08-17 to 2010-08-17, ±1 yr of the 2009 USACE NCMP topobathy lidar (CHARTS) (flown 2009-08-10 to 2009-08-24) per CoastSat transect (906 of 906 transects), geolocated as origin + chainage * unit vector and strung into one line in alongshore order. No outlier rejection, no smoothing.",coastsat_mean_shoreline.py,2026-09-29,"Window mean, not a survey. Median 28 positions per transect; see transect_means_2008-08-17_2010-08-17.csv and PROVENANCE.md.",shoreline_mean_2008-08-17_2010-08-17.geojson,transects_100m.geojson,2026-09-29,duneline_to_raw_offsets.py
80,412,2094.1519635077566,1,458104.30033649225,3938862.3268999998,Shoreline (CoastSat window mean),2008-08-17/2010-08-17,Landsat 5/7/8 via CoastSat (coastsat.space),"Mean of the satellite positions in 2008-08-17 to 2010-08-17, ±1 yr of the 2009 USACE NCMP topobathy lidar (CHARTS) (flown 2009-08-10 to 2009-08-24) per CoastSat transect (906 of 906 transects), geolocated as origin + chainage * unit vector and strung into one line in alongshore order. No outlier rejection, no smoothing.",coastsat_mean_shoreline.py,2026-09-29,"Window mean, not a survey. Median 28 positions per transect; see transect_means_2008-08-17_2010-08-17.csv and PROVENANCE.md.",shoreline_mean_2008-08-17_2010-08-17.geojson,transects_100m.geojson,2026-09-29,duneline_to_raw_offsets.py
80,413,2103.607793527073,1,458094.84450647293,3938962.3268999998,Shoreline (CoastSat window mean),2008-08-17/2010-08-17,Landsat 5/7/8 via CoastSat (coastsat.space),"Mean of the satellite positions in 2008-08-17 to 2010-08-17, ±1 yr of the 2009 USACE NCMP topobathy lidar (CHARTS) (flown 2009-08-10 to 2009-08-24) per CoastSat transect (906 of 906 transects), geolocated as origin + chainage * unit vector and strung into one line in alongshore order. No outlier rejection, no smoothing.",coastsat_mean_shoreline.py,2026-09-29,"Window mean, not a survey. Median 28 positions per transect; see transect_means_2008-08-17_2010-08-17.csv and PROVENANCE.md.",shoreline_mean_2008-08-17_2010-08-17.geojson,transects_100m.geojson,2026-09-29,duneline_to_raw_offsets.py
81,414,2113.2487276180764,1,458085.2035723819,3939062.3268999998,Shoreline (CoastSat window mean),2008-08-17/2010-08-17,Landsat 5/7/8 via CoastSat (coastsat.space),"Mean of the satellite positions in 2008-08-17 to 2010-08-17, ±1 yr of the 2009 USACE NCMP topobathy lidar (CHARTS) (flown 2009-08-10 to 2009-08-24) per CoastSat transect (906 of 906 transects), geolocated as origin + chainage * unit vector and strung into one line in alongshore order. No outlier rejection, no smoothing.",coastsat_mean_shoreline.py,2026-09-29,"Window mean, not a survey. Median 28 positions per transect; see transect_means_2008-08-17_2010-08-17.csv and PROVENANCE.md.",shoreline_mean_2008-08-17_2010-08-17.geojson,transects_100m.geojson,2026-09-29,duneline_to_raw_offsets.py
81,415,2116.8587992986436,1,458081.59350070136,3939162.3268999998,Shoreline (CoastSat window mean),2008-08-17/2010-08-17,Landsat 5/7/8 via CoastSat (coastsat.space),"Mean of the satellite positions in 2008-08-17 to 2010-08-17, ±1 yr of the 2009 USACE NCMP topobathy lidar (CHARTS) (flown 2009-08-10 to 2009-08-24) per CoastSat transect (906 of 906 transects), geolocated as origin + chainage * unit vector and strung into one line in alongshore order. No outlier rejection, no smoothing.",coastsat_mean_shoreline.py,2026-09-29,"Window mean, not a survey. Median 28 positions per transect; see transect_means_2008-08-17_2010-08-17.csv and PROVENANCE.md.",shoreline_mean_2008-08-17_2010-08-17.geojson,transects_100m.geojson,2026-09-29,duneline_to_raw_offsets.py
81,416,2123.4732738487073,1,458074.9790261513,3939262.3268999998,Shoreline (CoastSat window mean),2008-08-17/2010-08-17,Landsat 5/7/8 via CoastSat (coastsat.space),"Mean of the satellite positions in 2008-08-17 to 2010-08-17, ±1 yr of the 2009 USACE NCMP topobathy lidar (CHARTS) (flown 2009-08-10 to 2009-08-24) per CoastSat transect (906 of 906 transects), geolocated as origin + chainage * unit vector and strung into one line in alongshore order. No outlier rejection, no smoothing.",coastsat_mean_shoreline.py,2026-09-29,"Window mean, not a survey. Median 28 positions per transect; see transect_means_2008-08-17_2010-08-17.csv and PROVENANCE.md.",shoreline_mean_2008-08-17_2010-08-17.geojson,transects_100m.geojson,2026-09-29,duneline_to_raw_offsets.py
81,417,2134.7532326663495,1,458063.69906733365,3939362.3268999998,Shoreline (CoastSat window mean),2008-08-17/2010-08-17,Landsat 5/7/8 via CoastSat (coastsat.space),"Mean of the satellite positions in 2008-08-17 to 2010-08-17, ±1 yr of the 2009 USACE NCMP topobathy lidar (CHARTS) (flown 2009-08-10 to 2009-08-24) per CoastSat transect (906 of 906 transects), geolocated as origin + chainage * unit vector and strung into one line in alongshore order. No outlier rejection, no smoothing.",coastsat_mean_shoreline.py,2026-09-29,"Window mean, not a survey. Median 28 positions per transect; see transect_means_2008-08-17_2010-08-17.csv and PROVENANCE.md.",shoreline_mean_2008-08-17_2010-08-17.geojson,transects_100m.geojson,2026-09-29,duneline_to_raw_offsets.py
81,418,2149.8095889266115,1,458048.6427110734,3939462.3268999998,Shoreline (CoastSat window mean),2008-08-17/2010-08-17,Landsat 5/7/8 via CoastSat (coastsat.space),"Mean of the satellite positions in 2008-08-17 to 2010-08-17, ±1 yr of the 2009 USACE NCMP topobathy lidar (CHARTS) (flown 2009-08-10 to 2009-08-24) per CoastSat transect (906 of 906 transects), geolocated as origin + chainage * unit vector and strung into one line in alongshore order. No outlier rejection, no smoothing.",coastsat_mean_shoreline.py,2026-09-29,"Window mean, not a survey. Median 28 positions per transect; see transect_means_2008-08-17_2010-08-17.csv and PROVENANCE.md.",shoreline_mean_2008-08-17_2010-08-17.geojson,transects_100m.geojson,2026-09-29,duneline_to_raw_offsets.py
82,419,2161.3633534297696,1,458037.08894657023,3939562.3268999998,Shoreline (CoastSat window mean),2008-08-17/2010-08-17,Landsat 5/7/8 via CoastSat (coastsat.space),"Mean of the satellite positions in 2008-08-17 to 2010-08-17, ±1 yr of the 2009 USACE NCMP topobathy lidar (CHARTS) (flown 2009-08-10 to 2009-08-24) per CoastSat transect (906 of 906 transects), geolocated as origin + chainage * unit vector and strung into one line in alongshore order. No outlier rejection, no smoothing.",coastsat_mean_shoreline.py,2026-09-29,"Window mean, not a survey. Median 28 positions per transect; see transect_means_2008-08-17_2010-08-17.csv and PROVENANCE.md.",shoreline_mean_2008-08-17_2010-08-17.geojson,transects_100m.geojson,2026-09-29,duneline_to_raw_offsets.py
82,420,2173.790490865649,1,458024.66180913436,3939662.3268999998,Shoreline (CoastSat window mean),2008-08-17/2010-08-17,Landsat 5/7/8 via CoastSat (coastsat.space),"Mean of the satellite positions in 2008-08-17 to 2010-08-17, ±1 yr of the 2009 USACE NCMP topobathy lidar (CHARTS) (flown 2009-08-10 to 2009-08-24) per CoastSat transect (906 of 906 transects), geolocated as origin + chainage * unit vector and strung into one line in alongshore order. No outlier rejection, no smoothing.",coastsat_mean_shoreline.py,2026-09-29,"Window mean, not a survey. Median 28 positions per transect; see transect_means_2008-08-17_2010-08-17.csv and PROVENANCE.md.",shoreline_mean_2008-08-17_2010-08-17.geojson,transects_100m.geojson,2026-09-29,duneline_to_raw_offsets.py
82,421,2186.0634220874636,1,458012.38887791254,3939762.3268999998,Shoreline (CoastSat window mean),2008-08-17/2010-08-17,Landsat 5/7/8 via CoastSat (coastsat.space),"Mean of the satellite positions in 2008-08-17 to 2010-08-17, ±1 yr of the 2009 USACE NCMP topobathy lidar (CHARTS) (flown 2009-08-10 to 2009-08-24) per CoastSat transect (906 of 906 transects), geolocated as origin + chainage * unit vector and strung into one line in alongshore order. No outlier rejection, no smoothing.",coastsat_mean_shoreline.py,2026-09-29,"Window mean, not a survey. Median 28 positions per transect; see transect_means_2008-08-17_2010-08-17.csv and PROVENANCE.md.",shoreline_mean_2008-08-17_2010-08-17.geojson,transects_100m.geojson,2026-09-29,duneline_to_raw_offsets.py
82,422,2202.525215729489,1,457995.9270842705,3939862.3268999998,Shoreline (CoastSat window mean),2008-08-17/2010-08-17,Landsat 5/7/8 via CoastSat (coastsat.space),"Mean of the satellite positions in 2008-08-17 to 2010-08-17, ±1 yr of the 2009 USACE NCMP topobathy lidar (CHARTS) (flown 2009-08-10 to 2009-08-24) per CoastSat transect (906 of 906 transects), geolocated as origin + chainage * unit vector and strung into one line in alongshore order. No outlier rejection, no smoothing.",coastsat_mean_shoreline.py,2026-09-29,"Window mean, not a survey. Median 28 positions per transect; see transect_means_2008-08-17_2010-08-17.csv and PROVENANCE.md.",shoreline_mean_2008-08-17_2010-08-17.geojson,transects_100m.geojson,2026-09-29,duneline_to_raw_offsets.py
82,423,2226.037350353435,1,457972.41494964657,3939962.3268999998,Shoreline (CoastSat window mean),2008-08-17/2010-08-17,Landsat 5/7/8 via CoastSat (coastsat.space),"Mean of the satellite positions in 2008-08-17 to 2010-08-17, ±1 yr of the 2009 USACE NCMP topobathy lidar (CHARTS) (flown 2009-08-10 to 2009-08-24) per CoastSat transect (906 of 906 transects), geolocated as origin + chainage * unit vector and strung into one line in alongshore order. No outlier rejection, no smoothing.",coastsat_mean_shoreline.py,2026-09-29,"Window mean, not a survey. Median 28 positions per transect; see transect_means_2008-08-17_2010-08-17.csv and PROVENANCE.md.",shoreline_mean_2008-08-17_2010-08-17.geojson,transects_100m.geojson,2026-09-29,duneline_to_raw_offsets.py
83,424,2246.086957784719,1,457952.3653422153,3940062.3268999998,Shoreline (CoastSat window mean),2008-08-17/2010-08-17,Landsat 5/7/8 via CoastSat (coastsat.space),"Mean of the satellite positions in 2008-08-17 to 2010-08-17, ±1 yr of the 2009 USACE NCMP topobathy lidar (CHARTS) (flown 2009-08-10 to 2009-08-24) per CoastSat transect (906 of 906 transects), geolocated as origin + chainage * unit vector and strung into one line in alongshore order. No outlier rejection, no smoothing.",coastsat_mean_shoreline.py,2026-09-29,"Window mean, not a survey. Median 28 positions per transect; see transect_means_2008-08-17_2010-08-17.csv and PROVENANCE.md.",shoreline_mean_2008-08-17_2010-08-17.geojson,transects_100m.geojson,2026-09-29,duneline_to_raw_offsets.py
83,425,2262.1885561626405,1,457936.26374383736,3940162.3268999998,Shoreline (CoastSat window mean),2008-08-17/2010-08-17,Landsat 5/7/8 via CoastSat (coastsat.space),"Mean of the satellite positions in 2008-08-17 to 2010-08-17, ±1 yr of the 2009 USACE NCMP topobathy lidar (CHARTS) (flown 2009-08-10 to 2009-08-24) per CoastSat transect (906 of 906 transects), geolocated as origin + chainage * unit vector and strung into one line in alongshore order. No outlier rejection, no smoothing.",coastsat_mean_shoreline.py,2026-09-29,"Window mean, not a survey. Median 28 positions per transect; see transect_means_2008-08-17_2010-08-17.csv and PROVENANCE.md.",shoreline_mean_2008-08-17_2010-08-17.geojson,transects_100m.geojson,2026-09-29,duneline_to_raw_offsets.py
83,426,2277.9748312766314,1,457920.4774687234,3940262.3268999998,Shoreline (CoastSat window mean),2008-08-17/2010-08-17,Landsat 5/7/8 via CoastSat (coastsat.space),"Mean of the satellite positions in 2008-08-17 to 2010-08-17, ±1 yr of the 2009 USACE NCMP topobathy lidar (CHARTS) (flown 2009-08-10 to 2009-08-24) per CoastSat transect (906 of 906 transects), geolocated as origin + chainage * unit vector and strung into one line in alongshore order. No outlier rejection, no smoothing.",coastsat_mean_shoreline.py,2026-09-29,"Window mean, not a survey. Median 28 positions per transect; see transect_means_2008-08-17_2010-08-17.csv and PROVENANCE.md.",shoreline_mean_2008-08-17_2010-08-17.geojson,transects_100m.geojson,2026-09-29,duneline_to_raw_offsets.py
83,427,2299.498512051418,1,457898.9537879486,3940362.3268999998,Shoreline (CoastSat window mean),2008-08-17/2010-08-17,Landsat 5/7/8 via CoastSat (coastsat.space),"Mean of the satellite positions in 2008-08-17 to 2010-08-17, ±1 yr of the 2009 USACE NCMP topobathy lidar (CHARTS) (flown 2009-08-10 to 2009-08-24) per CoastSat transect (906 of 906 transects), geolocated as origin + chainage * unit vector and strung into one line in alongshore order. No outlier rejection, no smoothing.",coastsat_mean_shoreline.py,2026-09-29,"Window mean, not a survey. Median 28 positions per transect; see transect_means_2008-08-17_2010-08-17.csv and PROVENANCE.md.",shoreline_mean_2008-08-17_2010-08-17.geojson,transects_100m.geojson,2026-09-29,duneline_to_raw_offsets.py
83,428,2315.5239903334295,1,457882.9283096666,3940462.3268999998,Shoreline (CoastSat window mean),2008-08-17/2010-08-17,Landsat 5/7/8 via CoastSat (coastsat.space),"Mean of the satellite positions in 2008-08-17 to 2010-08-17, ±1 yr of the 2009 USACE NCMP topobathy lidar (CHARTS) (flown 2009-08-10 to 2009-08-24) per CoastSat transect (906 of 906 transects), geolocated as origin + chainage * unit vector and strung into one line in alongshore order. No outlier rejection, no smoothing.",coastsat_mean_shoreline.py,2026-09-29,"Window mean, not a survey. Median 28 positions per transect; see transect_means_2008-08-17_2010-08-17.csv and PROVENANCE.md.",shoreline_mean_2008-08-17_2010-08-17.geojson,transects_100m.geojson,2026-09-29,duneline_to_raw_offsets.py
84,429,2333.8849272982916,1,457864.5673727017,3940562.3268999998,Shoreline (CoastSat window mean),2008-08-17/2010-08-17,Landsat 5/7/8 via CoastSat (coastsat.space),"Mean of the satellite positions in 2008-08-17 to 2010-08-17, ±1 yr of the 2009 USACE NCMP topobathy lidar (CHARTS) (flown 2009-08-10 to 2009-08-24) per CoastSat transect (906 of 906 transects), geolocated as origin + chainage * unit vector and strung into one line in alongshore order. No outlier rejection, no smoothing.",coastsat_mean_shoreline.py,2026-09-29,"Window mean, not a survey. Median 28 positions per transect; see transect_means_2008-08-17_2010-08-17.csv and PROVENANCE.md.",shoreline_mean_2008-08-17_2010-08-17.geojson,transects_100m.geojson,2026-09-29,duneline_to_raw_offsets.py
84,430,2351.7958381214994,1,457846.6564618785,3940662.3268999998,Shoreline (CoastSat window mean),2008-08-17/2010-08-17,Landsat 5/7/8 via CoastSat (coastsat.space),"Mean of the satellite positions in 2008-08-17 to 2010-08-17, ±1 yr of the 2009 USACE NCMP topobathy lidar (CHARTS) (flown 2009-08-10 to 2009-08-24) per CoastSat transect (906 of 906 transects), geolocated as origin + chainage * unit vector and strung into one line in alongshore order. No outlier rejection, no smoothing.",coastsat_mean_shoreline.py,2026-09-29,"Window mean, not a survey. Median 28 positions per transect; see transect_means_2008-08-17_2010-08-17.csv and PROVENANCE.md.",shoreline_mean_2008-08-17_2010-08-17.geojson,transects_100m.geojson,2026-09-29,duneline_to_raw_offsets.py
84,431,2368.0057124890154,1,457830.446587511,3940762.3268999998,Shoreline (CoastSat window mean),2008-08-17/2010-08-17,Landsat 5/7/8 via CoastSat (coastsat.space),"Mean of the satellite positions in 2008-08-17 to 2010-08-17, ±1 yr of the 2009 USACE NCMP topobathy lidar (CHARTS) (flown 2009-08-10 to 2009-08-24) per CoastSat transect (906 of 906 transects), geolocated as origin + chainage * unit vector and strung into one line in alongshore order. No outlier rejection, no smoothing.",coastsat_mean_shoreline.py,2026-09-29,"Window mean, not a survey. Median 28 positions per transect; see transect_means_2008-08-17_2010-08-17.csv and PROVENANCE.md.",shoreline_mean_2008-08-17_2010-08-17.geojson,transects_100m.geojson,2026-09-29,duneline_to_raw_offsets.py
84,432,2383.8352235908387,1,457814.61707640917,3940862.3268999998,Shoreline (CoastSat window mean),2008-08-17/2010-08-17,Landsat 5/7/8 via CoastSat (coastsat.space),"Mean of the satellite positions in 2008-08-17 to 2010-08-17, ±1 yr of the 2009 USACE NCMP topobathy lidar (CHARTS) (flown 2009-08-10 to 2009-08-24) per CoastSat transect (906 of 906 transects), geolocated as origin + chainage * unit vector and strung into one line in alongshore order. No outlier rejection, no smoothing.",coastsat_mean_shoreline.py,2026-09-29,"Window mean, not a survey. Median 28 positions per transect; see transect_means_2008-08-17_2010-08-17.csv and PROVENANCE.md.",shoreline_mean_2008-08-17_2010-08-17.geojson,transects_100m.geojson,2026-09-29,duneline_to_raw_offsets.py
84,433,2397.3287029015482,1,457801.12359709846,3940962.3268999998,Shoreline (CoastSat window mean),2008-08-17/2010-08-17,Landsat 5/7/8 via CoastSat (coastsat.space),"Mean of the satellite positions in 2008-08-17 to 2010-08-17, ±1 yr of the 2009 USACE NCMP topobathy lidar (CHARTS) (flown 2009-08-10 to 2009-08-24) per CoastSat transect (906 of 906 transects), geolocated as origin + chainage * unit vector and strung into one line in alongshore order. No outlier rejection, no smoothing.",coastsat_mean_shoreline.py,2026-09-29,"Window mean, not a survey. Median 28 positions per transect; see transect_means_2008-08-17_2010-08-17.csv and PROVENANCE.md.",shoreline_mean_2008-08-17_2010-08-17.geojson,transects_100m.geojson,2026-09-29,duneline_to_raw_offsets.py
85,434,2411.183506063302,1,457787.2687939367,3941062.3268999998,Shoreline (CoastSat window mean),2008-08-17/2010-08-17,Landsat 5/7/8 via CoastSat (coastsat.space),"Mean of the satellite positions in 2008-08-17 to 2010-08-17, ±1 yr of the 2009 USACE NCMP topobathy lidar (CHARTS) (flown 2009-08-10 to 2009-08-24) per CoastSat transect (906 of 906 transects), geolocated as origin + chainage * unit vector and strung into one line in alongshore order. No outlier rejection, no smoothing.",coastsat_mean_shoreline.py,2026-09-29,"Window mean, not a survey. Median 28 positions per transect; see transect_means_2008-08-17_2010-08-17.csv and PROVENANCE.md.",shoreline_mean_2008-08-17_2010-08-17.geojson,transects_100m.geojson,2026-09-29,duneline_to_raw_offsets.py
85,435,2423.8096587950713,1,457774.64264120493,3941162.3268999998,Shoreline (CoastSat window mean),2008-08-17/2010-08-17,Landsat 5/7/8 via CoastSat (coastsat.space),"Mean of the satellite positions in 2008-08-17 to 2010-08-17, ±1 yr of the 2009 USACE NCMP topobathy lidar (CHARTS) (flown 2009-08-10 to 2009-08-24) per CoastSat transect (906 of 906 transects), geolocated as origin + chainage * unit vector and strung into one line in alongshore order. No outlier rejection, no smoothing.",coastsat_mean_shoreline.py,2026-09-29,"Window mean, not a survey. Median 28 positions per transect; see transect_means_2008-08-17_2010-08-17.csv and PROVENANCE.md.",shoreline_mean_2008-08-17_2010-08-17.geojson,transects_100m.geojson,2026-09-29,duneline_to_raw_offsets.py
85,436,2436.1503634695546,1,457762.30193653045,3941262.3268999998,Shoreline (CoastSat window mean),2008-08-17/2010-08-17,Landsat 5/7/8 via CoastSat (coastsat.space),"Mean of the satellite positions in 2008-08-17 to 2010-08-17, ±1 yr of the 2009 USACE NCMP topobathy lidar (CHARTS) (flown 2009-08-10 to 2009-08-24) per CoastSat transect (906 of 906 transects), geolocated as origin + chainage * unit vector and strung into one line in alongshore order. No outlier rejection, no smoothing.",coastsat_mean_shoreline.py,2026-09-29,"Window mean, not a survey. Median 28 positions per transect; see transect_means_2008-08-17_2010-08-17.csv and PROVENANCE.md.",shoreline_mean_2008-08-17_2010-08-17.geojson,transects_100m.geojson,2026-09-29,duneline_to_raw_offsets.py
85,437,2451.3198036548565,1,457747.13249634515,3941362.3268999998,Shoreline (CoastSat window mean),2008-08-17/2010-08-17,Landsat 5/7/8 via CoastSat (coastsat.space),"Mean of the satellite positions in 2008-08-17 to 2010-08-17, ±1 yr of the 2009 USACE NCMP topobathy lidar (CHARTS) (flown 2009-08-10 to 2009-08-24) per CoastSat transect (906 of 906 transects), geolocated as origin + chainage * unit vector and strung into one line in alongshore order. No outlier rejection, no smoothing.",coastsat_mean_shoreline.py,2026-09-29,"Window mean, not a survey. Median 28 positions per transect; see transect_means_2008-08-17_2010-08-17.csv and PROVENANCE.md.",shoreline_mean_2008-08-17_2010-08-17.geojson,transects_100m.geojson,2026-09-29,duneline_to_raw_offsets.py
85,438,2465.6763994982466,1,457732.77590050176,3941462.3268999998,Shoreline (CoastSat window mean),2008-08-17/2010-08-17,Landsat 5/7/8 via CoastSat (coastsat.space),"Mean of the satellite positions in 2008-08-17 to 2010-08-17, ±1 yr of the 2009 USACE NCMP topobathy lidar (CHARTS) (flown 2009-08-10 to 2009-08-24) per CoastSat transect (906 of 906 transects), geolocated as origin + chainage * unit vector and strung into one line in alongshore order. No outlier rejection, no smoothing.",coastsat_mean_shoreline.py,2026-09-29,"Window mean, not a survey. Median 28 positions per transect; see transect_means_2008-08-17_2010-08-17.csv and PROVENANCE.md.",shoreline_mean_2008-08-17_2010-08-17.geojson,transects_100m.geojson,2026-09-29,duneline_to_raw_offsets.py
86,439,2480.834041881317,1,457717.6182581187,3941562.3268999998,Shoreline (CoastSat window mean),2008-08-17/2010-08-17,Landsat 5/7/8 via CoastSat (coastsat.space),"Mean of the satellite positions in 2008-08-17 to 2010-08-17, ±1 yr of the 2009 USACE NCMP topobathy lidar (CHARTS) (flown 2009-08-10 to 2009-08-24) per CoastSat transect (906 of 906 transects), geolocated as origin + chainage * unit vector and strung into one line in alongshore order. No outlier rejection, no smoothing.",coastsat_mean_shoreline.py,2026-09-29,"Window mean, not a survey. Median 28 positions per transect; see transect_means_2008-08-17_2010-08-17.csv and PROVENANCE.md.",shoreline_mean_2008-08-17_2010-08-17.geojson,transects_100m.geojson,2026-09-29,duneline_to_raw_offsets.py
86,440,2495.899549931928,1,457702.5527500681,3941662.3268999998,Shoreline (CoastSat window mean),2008-08-17/2010-08-17,Landsat 5/7/8 via CoastSat (coastsat.space),"Mean of the satellite positions in 2008-08-17 to 2010-08-17, ±1 yr of the 2009 USACE NCMP topobathy lidar (CHARTS) (flown 2009-08-10 to 2009-08-24) per CoastSat transect (906 of 906 transects), geolocated as origin + chainage * unit vector and strung into one line in alongshore order. No outlier rejection, no smoothing.",coastsat_mean_shoreline.py,2026-09-29,"Window mean, not a survey. Median 28 positions per transect; see transect_means_2008-08-17_2010-08-17.csv and PROVENANCE.md.",shoreline_mean_2008-08-17_2010-08-17.geojson,transects_100m.geojson,2026-09-29,duneline_to_raw_offsets.py
86,441,2509.309582930582,1,457689.1427170694,3941762.3268999998,Shoreline (CoastSat window mean),2008-08-17/2010-08-17,Landsat 5/7/8 via CoastSat (coastsat.space),"Mean of the satellite positions in 2008-08-17 to 2010-08-17, ±1 yr of the 2009 USACE NCMP topobathy lidar (CHARTS) (flown 2009-08-10 to 2009-08-24) per CoastSat transect (906 of 906 transects), geolocated as origin + chainage * unit vector and strung into one line in alongshore order. No outlier rejection, no smoothing.",coastsat_mean_shoreline.py,2026-09-29,"Window mean, not a survey. Median 28 positions per transect; see transect_means_2008-08-17_2010-08-17.csv and PROVENANCE.md.",shoreline_mean_2008-08-17_2010-08-17.geojson,transects_100m.geojson,2026-09-29,duneline_to_raw_offsets.py
86,442,2522.945444359968,1,457675.50685564004,3941862.3268999998,Shoreline (CoastSat window mean),2008-08-17/2010-08-17,Landsat 5/7/8 via CoastSat (coastsat.space),"Mean of the satellite positions in 2008-08-17 to 2010-08-17, ±1 yr of the 2009 USACE NCMP topobathy lidar (CHARTS) (flown 2009-08-10 to 2009-08-24) per CoastSat transect (906 of 906 transects), geolocated as origin + chainage * unit vector and strung into one line in alongshore order. No outlier rejection, no smoothing.",coastsat_mean_shoreline.py,2026-09-29,"Window mean, not a survey. Median 28 positions per transect; see transect_means_2008-08-17_2010-08-17.csv and PROVENANCE.md.",shoreline_mean_2008-08-17_2010-08-17.geojson,transects_100m.geojson,2026-09-29,duneline_to_raw_offsets.py
86,443,2532.5738556736615,1,457665.87844432634,3941962.3268999998,Shoreline (CoastSat window mean),2008-08-17/2010-08-17,Landsat 5/7/8 via CoastSat (coastsat.space),"Mean of the satellite positions in 2008-08-17 to 2010-08-17, ±1 yr of the 2009 USACE NCMP topobathy lidar (CHARTS) (flown 2009-08-10 to 2009-08-24) per CoastSat transect (906 of 906 transects), geolocated as origin + chainage * unit vector and strung into one line in alongshore order. No outlier rejection, no smoothing.",coastsat_mean_shoreline.py,2026-09-29,"Window mean, not a survey. Median 28 positions per transect; see transect_means_2008-08-17_2010-08-17.csv and PROVENANCE.md.",shoreline_mean_2008-08-17_2010-08-17.geojson,transects_100m.geojson,2026-09-29,duneline_to_raw_offsets.py
87,444,2545.87568795227,1,457652.57661204773,3942062.3268999998,Shoreline (CoastSat window mean),2008-08-17/2010-08-17,Landsat 5/7/8 via CoastSat (coastsat.space),"Mean of the satellite positions in 2008-08-17 to 2010-08-17, ±1 yr of the 2009 USACE NCMP topobathy lidar (CHARTS) (flown 2009-08-10 to 2009-08-24) per CoastSat transect (906 of 906 transects), geolocated as origin + chainage * unit vector and strung into one line in alongshore order. No outlier rejection, no smoothing.",coastsat_mean_shoreline.py,2026-09-29,"Window mean, not a survey. Median 28 positions per transect; see transect_means_2008-08-17_2010-08-17.csv and PROVENANCE.md.",shoreline_mean_2008-08-17_2010-08-17.geojson,transects_100m.geojson,2026-09-29,duneline_to_raw_offsets.py
87,445,2555.451776889793,1,457643.0005231102,3942162.3268999998,Shoreline (CoastSat window mean),2008-08-17/2010-08-17,Landsat 5/7/8 via CoastSat (coastsat.space),"Mean of the satellite positions in 2008-08-17 to 2010-08-17, ±1 yr of the 2009 USACE NCMP topobathy lidar (CHARTS) (flown 2009-08-10 to 2009-08-24) per CoastSat transect (906 of 906 transects), geolocated as origin + chainage * unit vector and strung into one line in alongshore order. No outlier rejection, no smoothing.",coastsat_mean_shoreline.py,2026-09-29,"Window mean, not a survey. Median 28 positions per transect; see transect_means_2008-08-17_2010-08-17.csv and PROVENANCE.md.",shoreline_mean_2008-08-17_2010-08-17.geojson,transects_100m.geojson,2026-09-29,duneline_to_raw_offsets.py
87,446,2568.1858638347476,1,457630.26643616526,3942262.3268999998,Shoreline (CoastSat window mean),2008-08-17/2010-08-17,Landsat 5/7/8 via CoastSat (coastsat.space),"Mean of the satellite positions in 2008-08-17 to 2010-08-17, ±1 yr of the 2009 USACE NCMP topobathy lidar (CHARTS) (flown 2009-08-10 to 2009-08-24) per CoastSat transect (906 of 906 transects), geolocated as origin + chainage * unit vector and strung into one line in alongshore order. No outlier rejection, no smoothing.",coastsat_mean_shoreline.py,2026-09-29,"Window mean, not a survey. Median 28 positions per transect; see transect_means_2008-08-17_2010-08-17.csv and PROVENANCE.md.",shoreline_mean_2008-08-17_2010-08-17.geojson,transects_100m.geojson,2026-09-29,duneline_to_raw_offsets.py
87,447,2581.2146211352665,1,457617.23767886474,3942362.3268999998,Shoreline (CoastSat window mean),2008-08-17/2010-08-17,Landsat 5/7/8 via CoastSat (coastsat.space),"Mean of the satellite positions in 2008-08-17 to 2010-08-17, ±1 yr of the 2009 USACE NCMP topobathy lidar (CHARTS) (flown 2009-08-10 to 2009-08-24) per CoastSat transect (906 of 906 transects), geolocated as origin + chainage * unit vector and strung into one line in alongshore order. No outlier rejection, no smoothing.",coastsat_mean_shoreline.py,2026-09-29,"Window mean, not a survey. Median 28 positions per transect; see transect_means_2008-08-17_2010-08-17.csv and PROVENANCE.md.",shoreline_mean_2008-08-17_2010-08-17.geojson,transects_100m.geojson,2026-09-29,duneline_to_raw_offsets.py
87,448,2596.2257511716452,1,457602.22654882836,3942462.3268999998,Shoreline (CoastSat window mean),2008-08-17/2010-08-17,Landsat 5/7/8 via CoastSat (coastsat.space),"Mean of the satellite positions in 2008-08-17 to 2010-08-17, ±1 yr of the 2009 USACE NCMP topobathy lidar (CHARTS) (flown 2009-08-10 to 2009-08-24) per CoastSat transect (906 of 906 transects), geolocated as origin + chainage * unit vector and strung into one line in alongshore order. No outlier rejection, no smoothing.",coastsat_mean_shoreline.py,2026-09-29,"Window mean, not a survey. Median 28 positions per transect; see transect_means_2008-08-17_2010-08-17.csv and PROVENANCE.md.",shoreline_mean_2008-08-17_2010-08-17.geojson,transects_100m.geojson,2026-09-29,duneline_to_raw_offsets.py
88,449,2605.723787330615,1,457592.7285126694,3942562.3268999998,Shoreline (CoastSat window mean),2008-08-17/2010-08-17,Landsat 5/7/8 via CoastSat (coastsat.space),"Mean of the satellite positions in 2008-08-17 to 2010-08-17, ±1 yr of the 2009 USACE NCMP topobathy lidar (CHARTS) (flown 2009-08-10 to 2009-08-24) per CoastSat transect (906 of 906 transects), geolocated as origin + chainage * unit vector and strung into one line in alongshore order. No outlier rejection, no smoothing.",coastsat_mean_shoreline.py,2026-09-29,"Window mean, not a survey. Median 28 positions per transect; see transect_means_2008-08-17_2010-08-17.csv and PROVENANCE.md.",shoreline_mean_2008-08-17_2010-08-17.geojson,transects_100m.geojson,2026-09-29,duneline_to_raw_offsets.py
88,450,2615.3490881682956,1,457583.1032118317,3942662.3268999998,Shoreline (CoastSat window mean),2008-08-17/2010-08-17,Landsat 5/7/8 via CoastSat (coastsat.space),"Mean of the satellite positions in 2008-08-17 to 2010-08-17, ±1 yr of the 2009 USACE NCMP topobathy lidar (CHARTS) (flown 2009-08-10 to 2009-08-24) per CoastSat transect (906 of 906 transects), geolocated as origin + chainage * unit vector and strung into one line in alongshore order. No outlier rejection, no smoothing.",coastsat_mean_shoreline.py,2026-09-29,"Window mean, not a survey. Median 28 positions per transect; see transect_means_2008-08-17_2010-08-17.csv and PROVENANCE.md.",shoreline_mean_2008-08-17_2010-08-17.geojson,transects_100m.geojson,2026-09-29,duneline_to_raw_offsets.py
88,451,2628.4049900895916,1,457570.0473099104,3942762.3268999998,Shoreline (CoastSat window mean),2008-08-17/2010-08-17,Landsat 5/7/8 via CoastSat (coastsat.space),"Mean of the satellite positions in 2008-08-17 to 2010-08-17, ±1 yr of the 2009 USACE NCMP topobathy lidar (CHARTS) (flown 2009-08-10 to 2009-08-24) per CoastSat transect (906 of 906 transects), geolocated as origin + chainage * unit vector and strung into one line in alongshore order. No outlier rejection, no smoothing.",coastsat_mean_shoreline.py,2026-09-29,"Window mean, not a survey. Median 28 positions per transect; see transect_means_2008-08-17_2010-08-17.csv and PROVENANCE.md.",shoreline_mean_2008-08-17_2010-08-17.geojson,transects_100m.geojson,2026-09-29,duneline_to_raw_offsets.py
88,452,2642.456995730172,1,457555.99530426983,3942862.3268999998,Shoreline (CoastSat window mean),2008-08-17/2010-08-17,Landsat 5/7/8 via CoastSat (coastsat.space),"Mean of the satellite positions in 2008-08-17 to 2010-08-17, ±1 yr of the 2009 USACE NCMP topobathy lidar (CHARTS) (flown 2009-08-10 to 2009-08-24) per CoastSat transect (906 of 906 transects), geolocated as origin + chainage * unit vector and strung into one line in alongshore order. No outlier rejection, no smoothing.",coastsat_mean_shoreline.py,2026-09-29,"Window mean, not a survey. Median 28 positions per transect; see transect_means_2008-08-17_2010-08-17.csv and PROVENANCE.md.",shoreline_mean_2008-08-17_2010-08-17.geojson,transects_100m.geojson,2026-09-29,duneline_to_raw_offsets.py
88,453,2655.6858202969306,1,457542.7664797031,3942962.3268999998,Shoreline (CoastSat window mean),2008-08-17/2010-08-17,Landsat 5/7/8 via CoastSat (coastsat.space),"Mean of the satellite positions in 2008-08-17 to 2010-08-17, ±1 yr of the 2009 USACE NCMP topobathy lidar (CHARTS) (flown 2009-08-10 to 2009-08-24) per CoastSat transect (906 of 906 transects), geolocated as origin + chainage * unit vector and strung into one line in alongshore order. No outlier rejection, no smoothing.",coastsat_mean_shoreline.py,2026-09-29,"Window mean, not a survey. Median 28 positions per transect; see transect_means_2008-08-17_2010-08-17.csv and PROVENANCE.md.",shoreline_mean_2008-08-17_2010-08-17.geojson,transects_100m.geojson,2026-09-29,duneline_to_raw_offsets.py
89,454,2668.2662621809873,1,457530.186037819,3943062.3268999998,Shoreline (CoastSat window mean),2008-08-17/2010-08-17,Landsat 5/7/8 via CoastSat (coastsat.space),"Mean of the satellite positions in 2008-08-17 to 2010-08-17, ±1 yr of the 2009 USACE NCMP topobathy lidar (CHARTS) (flown 2009-08-10 to 2009-08-24) per CoastSat transect (906 of 906 transects), geolocated as origin + chainage * unit vector and strung into one line in alongshore order. No outlier rejection, no smoothing.",coastsat_mean_shoreline.py,2026-09-29,"Window mean, not a survey. Median 28 positions per transect; see transect_means_2008-08-17_2010-08-17.csv and PROVENANCE.md.",shoreline_mean_2008-08-17_2010-08-17.geojson,transects_100m.geojson,2026-09-29,duneline_to_raw_offsets.py
89,455,2680.7414931025123,1,457517.7108068975,3943162.3268999998,Shoreline (CoastSat window mean),2008-08-17/2010-08-17,Landsat 5/7/8 via CoastSat (coastsat.space),"Mean of the satellite positions in 2008-08-17 to 2010-08-17, ±1 yr of the 2009 USACE NCMP topobathy lidar (CHARTS) (flown 2009-08-10 to 2009-08-24) per CoastSat transect (906 of 906 transects), geolocated as origin + chainage * unit vector and strung into one line in alongshore order. No outlier rejection, no smoothing.",coastsat_mean_shoreline.py,2026-09-29,"Window mean, not a survey. Median 28 positions per transect; see transect_means_2008-08-17_2010-08-17.csv and PROVENANCE.md.",shoreline_mean_2008-08-17_2010-08-17.geojson,transects_100m.geojson,2026-09-29,duneline_to_raw_offsets.py
89,456,2697.753801989078,1,457500.6984980109,3943262.3268999998,Shoreline (CoastSat window mean),2008-08-17/2010-08-17,Landsat 5/7/8 via CoastSat (coastsat.space),"Mean of the satellite positions in 2008-08-17 to 2010-08-17, ±1 yr of the 2009 USACE NCMP topobathy lidar (CHARTS) (flown 2009-08-10 to 2009-08-24) per CoastSat transect (906 of 906 transects), geolocated as origin + chainage * unit vector and strung into one line in alongshore order. No outlier rejection, no smoothing.",coastsat_mean_shoreline.py,2026-09-29,"Window mean, not a survey. Median 28 positions per transect; see transect_means_2008-08-17_2010-08-17.csv and PROVENANCE.md.",shoreline_mean_2008-08-17_2010-08-17.geojson,transects_100m.geojson,2026-09-29,duneline_to_raw_offsets.py
89,457,2712.448008517385,1,457486.0042914826,3943362.3268999998,Shoreline (CoastSat window mean),2008-08-17/2010-08-17,Landsat 5/7/8 via CoastSat (coastsat.space),"Mean of the satellite positions in 2008-08-17 to 2010-08-17, ±1 yr of the 2009 USACE NCMP topobathy lidar (CHARTS) (flown 2009-08-10 to 2009-08-24) per CoastSat transect (906 of 906 transects), geolocated as origin + chainage * unit vector and strung into one line in alongshore order. No outlier rejection, no smoothing.",coastsat_mean_shoreline.py,2026-09-29,"Window mean, not a survey. Median 28 positions per transect; see transect_means_2008-08-17_2010-08-17.csv and PROVENANCE.md.",shoreline_mean_2008-08-17_2010-08-17.geojson,transects_100m.geojson,2026-09-29,duneline_to_raw_offsets.py
89,458,2730.023832545732,1,457468.4284674543,3943462.3268999998,Shoreline (CoastSat window mean),2008-08-17/2010-08-17,Landsat 5/7/8 via CoastSat (coastsat.space),"Mean of the satellite positions in 2008-08-17 to 2010-08-17, ±1 yr of the 2009 USACE NCMP topobathy lidar (CHARTS) (flown 2009-08-10 to 2009-08-24) per CoastSat transect (906 of 906 transects), geolocated as origin + chainage * unit vector and strung into one line in alongshore order. No outlier rejection, no smoothing.",coastsat_mean_shoreline.py,2026-09-29,"Window mean, not a survey. Median 28 positions per transect; see transect_means_2008-08-17_2010-08-17.csv and PROVENANCE.md.",shoreline_mean_2008-08-17_2010-08-17.geojson,transects_100m.geojson,2026-09-29,duneline_to_raw_offsets.py
90,459,2746.90283931722,1,457451.5494606828,3943562.3268999998,Shoreline (CoastSat window mean),2008-08-17/2010-08-17,Landsat 5/7/8 via CoastSat (coastsat.space),"Mean of the satellite positions in 2008-08-17 to 2010-08-17, ±1 yr of the 2009 USACE NCMP topobathy lidar (CHARTS) (flown 2009-08-10 to 2009-08-24) per CoastSat transect (906 of 906 transects), geolocated as origin + chainage * unit vector and strung into one line in alongshore order. No outlier rejection, no smoothing.",coastsat_mean_shoreline.py,2026-09-29,"Window mean, not a survey. Median 28 positions per transect; see transect_means_2008-08-17_2010-08-17.csv and PROVENANCE.md.",shoreline_mean_2008-08-17_2010-08-17.geojson,transects_100m.geojson,2026-09-29,duneline_to_raw_offsets.py
90,460,2761.6516745022964,1,457436.8006254977,3943662.3268999998,Shoreline (CoastSat window mean),2008-08-17/2010-08-17,Landsat 5/7/8 via CoastSat (coastsat.space),"Mean of the satellite positions in 2008-08-17 to 2010-08-17, ±1 yr of the 2009 USACE NCMP topobathy lidar (CHARTS) (flown 2009-08-10 to 2009-08-24) per CoastSat transect (906 of 906 transects), geolocated as origin + chainage * unit vector and strung into one line in alongshore order. No outlier rejection, no smoothing.",coastsat_mean_shoreline.py,2026-09-29,"Window mean, not a survey. Median 28 positions per transect; see transect_means_2008-08-17_2010-08-17.csv and PROVENANCE.md.",shoreline_mean_2008-08-17_2010-08-17.geojson,transects_100m.geojson,2026-09-29,duneline_to_raw_offsets.py
90,461,2774.6969995133695,1,457423.75530048663,3943762.3268999998,Shoreline (CoastSat window mean),2008-08-17/2010-08-17,Landsat 5/7/8 via CoastSat (coastsat.space),"Mean of the satellite positions in 2008-08-17 to 2010-08-17, ±1 yr of the 2009 USACE NCMP topobathy lidar (CHARTS) (flown 2009-08-10 to 2009-08-24) per CoastSat transect (906 of 906 transects), geolocated as origin + chainage * unit vector and strung into one line in alongshore order. No outlier rejection, no smoothing.",coastsat_mean_shoreline.py,2026-09-29,"Window mean, not a survey. Median 28 positions per transect; see transect_means_2008-08-17_2010-08-17.csv and PROVENANCE.md.",shoreline_mean_2008-08-17_2010-08-17.geojson,transects_100m.geojson,2026-09-29,duneline_to_raw_offsets.py
90,462,2787.1892938624956,1,457411.2630061375,3943862.3268999998,Shoreline (CoastSat window mean),2008-08-17/2010-08-17,Landsat 5/7/8 via CoastSat (coastsat.space),"Mean of the satellite positions in 2008-08-17 to 2010-08-17, ±1 yr of the 2009 USACE NCMP topobathy lidar (CHARTS) (flown 2009-08-10 to 2009-08-24) per CoastSat transect (906 of 906 transects), geolocated as origin + chainage * unit vector and strung into one line in alongshore order. No outlier rejection, no smoothing.",coastsat_mean_shoreline.py,2026-09-29,"Window mean, not a survey. Median 28 positions per transect; see transect_means_2008-08-17_2010-08-17.csv and PROVENANCE.md.",shoreline_mean_2008-08-17_2010-08-17.geojson,transects_100m.geojson,2026-09-29,duneline_to_raw_offsets.py
90,463,2798.4596188116116,1,457399.99267918884,3943962.3268999998,Shoreline (CoastSat window mean),2008-08-17/2010-08-17,Landsat 5/7/8 via CoastSat (coastsat.space),"Mean of the satellite positions in 2008-08-17 to 2010-08-17, ±1 yr of the 2009 USACE NCMP topobathy lidar (CHARTS) (flown 2009-08-10 to 2009-08-24) per CoastSat transect (906 of 906 transects), geolocated as origin + chainage * unit vector and strung into one line in alongshore order. No outlier rejection, no smoothing.",coastsat_mean_shoreline.py,2026-09-29,"Window mean, not a survey. Median 28 positions per transect; see transect_means_2008-08-17_2010-08-17.csv and PROVENANCE.md.",shoreline_mean_2008-08-17_2010-08-17.geojson,transects_100m.geojson,2026-09-29,duneline_to_raw_offsets.py
