,domain_number,1996,1997,1998,1999,2000,2001,2002,2003,2004,2005,2006,2007,2008,2009,2010,2011,2012,2013,2014,2015,2016,2017,2018,2019,2020,2021,2022,2023,2024,2025
usa_NC_0032_0021,1,-2.3,-7.075,-23.1333,-28.9158,-34.97,-24.1826,-21.572,2.4214,-2.1158,-12.5308,-8.3727,1.6875,5.925,11.8167,1.5187,1.1125,5.0125,-7.7875,-14.5176,-27.5889,-37.8118,-43.3696,-38.8267,-36.0733,-23.5182,15.8345,8.06,95.0735,181.3167,214.0588
usa_NC_0032_0022,1,-3.6842,-2.0342,-21.7731,-32.0053,-38.1175,-22.7842,-20.8882,0.7158,0.238,-11.9342,-5.3842,-1.6242,9.6444,12.1301,3.7845,2.2783,10.0908,-8.1342,-14.2489,-21.2751,-35.2947,-38.8797,-36.0509,-32.1175,-22.7642,12.7194,6.3645,86.1185,167.8558,201.3352
usa_NC_0032_0023,1,-3.0882,1.5618,-19.7187,-34.8526,-37.689,-17.5495,-19.7632,2.6618,5.8251,-8.4298,-2.8798,-2.9432,16.5914,14.2168,8.2181,7.2868,-0.2882,-2.8401,-11.6514,-18.5632,-31.4965,-34.4222,-30.6263,-31.7165,-16.2432,13.719,12.1625,75.6747,155.2212,189.5585
usa_NC_0032_0024,1,-2.3232,-1.7316,-21.9538,-38.2158,-39.5864,-17.3816,-21.7876,0.2768,5.4567,-12.5931,-1.2816,-5.1416,19.2484,15.8884,8.0997,6.4684,11.3113,-1.5816,-9.9139,-16.5316,-29.4263,-32.3466,-26.8205,-31.4492,-14.0516,14.2788,18.1171,64.8101,145.8896,176.6468
usa_NC_0032_0025,1,-1.0273,-8.555,-26.8794,-42.7139,-42.0253,-18.4741,-22.4812,-5.2623,4.2474,-11.61,-2.4183,-0.1714,16.5334,15.24,10.4721,4.1121,1.0221,-3.1417,-11.6056,-14.0064,-28.4683,-29.6969,-25.4115,-28.2115,-12.4017,15.1436,18.1342,58.9496,131.9347,162.1953
usa_NC_0032_0026,1,0.4696,-8.695,-27.2483,-42.915,-43.4053,-23.5107,-21.463,-6.9514,3.1913,-12.7793,-0.365,1.1032,11.6909,11.245,13.9235,1.7085,0.1136,-2.1017,-11.3963,-12.575,-26.0206,-21.105,-26.5503,-22.5203,-6.1721,17.1583,17.2575,54.4,122.3941,152.5694
usa_NC_0032_0027,1,0.3331,-5.73,-29.3678,-44.0321,-44.8029,-26.3718,-20.398,-7.0817,1.4567,-11.1285,-3.065,4.7,6.6163,9.21,16.5715,-0.7844,-0.19,0.96,-7.7076,-9.2633,-25.0321,-21.9953,-23.6011,-17.4,-6.6043,16.981,15.9575,50.0331,111.2953,139.3929
usa_NC_0032_0028,1,-0.1992,-3.23,-30.0411,-43.7511,-47.7167,-29.7664,-20.858,-11.5531,0.15,-13.105,-7.7217,5.28,4.0771,5.195,15.7315,-0.9947,3.7414,1.4013,-6.9237,-5.67,-20.8124,-20.9826,-20.3359,-17.5443,-3.48,15.8079,14.05,44.4775,103.495,131.1226
usa_NC_0032_0029,1,-0.6354,-2.16,-28.545,-40.3726,-49.5567,-31.2882,-19.6742,-15.46,-0.4557,-12.4109,-8.0033,7.9073,3.7086,8.28,12.9657,-2.6435,4.4657,3.2987,-1.6388,0.8487,-15.6333,-19.615,-17.1612,-12.885,-1.77,17.0456,16.9425,46.1971,94.5861,125.4954
usa_NC_0032_0030,2,-1.5242,-1.495,-27.755,-39.3287,-51.1582,-30.4732,-19.2842,-19.1017,-7.7627,-13.8914,-8.8732,8.4867,2.6379,9.0283,11.3912,-3.055,10.345,5.5717,2.32,2.3137,-14.2883,-16.395,-15.2488,-10.4455,-4.1175,17.2917,17.1739,42.6206,88.4117,120.7219
usa_NC_0032_0031,2,-1.1254,-2.21,-30.3725,-43.3416,-52.7584,-30.6645,-19.41,-20.0967,-9.71,-16.0933,-10.0827,9.2823,4.1114,13.2757,6.7285,-4.3267,14.215,1.6257,4.7167,-0.0367,-12.4967,-14.9839,-20.3148,-11.185,-5.5671,17.4866,14.2716,39.41,83.7844,114.49
usa_NC_0032_0032,2,-1.2923,-6.2,-36.1,-51.5368,-55.7129,-30.0773,-19.8667,-22.84,-12.3462,-20.1091,-10.6182,2.66,1.2,7.9429,-2.4167,-6.39,11.55,1.6333,2.5625,-5.8786,-14.8333,-14.6087,-22.4571,-15.0571,-8.4857,18.5276,14.8263,35.225,74.3083,105.4231
usa_NC_0032_0033,2,-0.1158,-14.965,-43.535,-62.5008,-59.4334,-31.9577,-20.8725,-21.1383,-18.6619,-25.405,-16.295,-0.8214,-2.935,1.215,-7.6619,-11.58,7.34,4.6483,-0.8983,-12.1183,-18.3517,-17.785,-25.23,-19.3088,-9.0421,15.1293,14.7045,30.61,67.6289,94.9755
usa_NC_0032_0034,2,1.2765,-19.525,-48.5225,-67.7324,-59.2753,-33.235,-19.725,-17.885,-19.6279,-30.5072,-20.215,-3.9941,-5.16,-0.285,-10.605,-14.33,7.235,-2.0081,2.8073,-13.955,-19.4779,-16.4042,-24.4917,-19.28,-8.4707,12.0667,10.9676,28.88,62.3093,86.1511
usa_NC_0032_0035,2,0.645,-18.255,-50.805,-68.7918,-56.2711,-32.7277,-16.419,-13.235,-18.4479,-28.3661,-17.4641,-6.895,-6.9197,0.37,-10.0683,-10.605,3.545,0.7604,2.2117,-8.9693,-13.9817,-13.9764,-16.5612,-15.465,-4.8106,16.6283,13.095,31.6625,60.5478,79.1476
usa_NC_0032_0036,2,0.5112,-15.855,-50.1225,-68.9876,-51.9027,-30.9259,-13.331,-10.8683,-16.6779,-24.495,-15.2895,-5.1441,-8.1128,-1.2975,-8.795,-9.5997,3.4428,2.8342,2.4917,-7.5921,-12.11,-10.0457,-10.7056,-10.68,-1.645,21.7717,14.3191,31.1525,57.2122,76.3599
usa_NC_0032_0037,2,-1.4096,-14.685,-49.7375,-65.8934,-47.8383,-28.6886,-13.2125,-9.7717,-14.8036,-25.2159,-14.895,-2.6667,-9.57,-1.2375,-8.1917,-9.525,2.2375,6.475,2.6625,-5.9536,-13.425,-5.7065,-4.9074,-4.7015,-3.855,24.6137,15.1118,31.1875,55.8556,75.6494
usa_NC_0032_0038,2,-2.2973,-17.425,-51.33,-62.3418,-44.7917,-24.4141,-9.905,-6.4336,-11.9121,-27.7512,-11.775,-3.8633,-7.2,0.5236,-8.6917,-9.365,1.795,5.5335,2.1634,-4.1717,-10.445,-4.355,1.0883,-4.9828,-3.085,23.492,17.2318,33.7129,54.7311,76.2976
usa_NC_0032_0039,2,-2.0023,-19.05,-49.885,-58.6468,-43.0867,-19.8236,-7.35,-4.5183,-13.6159,-28.5638,-13.8191,-9.8,-6.225,1.07,-9.5924,-10.3044,2.365,4.6167,5.5479,-1.51,-8.26,-1.06,4.0967,-3.9041,1.59,25.5319,21.1768,33.09,52.24,72.4772
usa_NC_0032_0040,2,-1.0727,-17.505,-46.7025,-49.4703,-38.0417,-14.2525,-3.129,2.4812,-11.265,-25.6035,-10.665,-6.245,-1.655,8.5517,-5.8775,-8.2415,5.735,9.41,9.0572,5.36,-0.6838,3.583,4.5585,-0.6317,8.2168,27.3817,29.1809,36.47,53.0794,73.2401
usa_NC_0032_0041,3,-1.4323,-13.1,-45.64,-42.6347,-35.32,-11.94,0.36,5.2292,-9.8558,-23.8971,-11.8764,-4.765,2.1981,10.7433,-2.1224,-8.8047,5.3475,13.7162,11.3544,7.3156,1.01,5.232,7.7156,4.1067,11.27,29.1493,28.6544,34.7075,50.7294,72.9754
usa_NC_0032_0042,3,-2.0719,-8.595,-39.72,-36.6371,-32.875,-10.7075,5.273,7.705,-5.1075,-21.1664,-9.8859,-4.4506,4.8777,13.645,-0.0887,-2.7421,15.355,18.5973,15.0661,10.355,2.8494,9.5686,11.9383,13.4583,18.615,32.5326,29.9996,38.6275,52.3189,73.2563
usa_NC_0032_0043,3,-2.2224,-3.0074,-35.9902,-32.7211,-31.1117,-12.339,4.0844,9.0971,-4.4474,-19.294,-9.7724,-5.8029,6.37,9.3526,1.7151,-0.0356,17.2526,20.7526,16.6789,9.9344,3.6895,11.9981,17.5703,20.8589,22.0226,36.4837,32.8418,41.8451,54.9637,72.6988
usa_NC_0032_0044,3,-2.1917,-3.0,-34.4857,-29.1421,-27.4074,-12.0708,3.6238,11.4111,-3.3,-19.28,-7.2083,-4.69,6.5714,9.65,2.6438,1.7278,15.0286,25.4625,19.2211,7.2429,7.2667,15.381,21.9882,29.85,25.28,39.4107,39.3444,42.5325,57.5917,72.3897
usa_NC_0032_0045,3,-0.5333,-11.22,-37.1857,-32.4526,-25.6808,-14.9083,-0.619,3.7875,-7.7067,-21.12,-6.6833,-4.31,3.5412,9.1,-2.5846,0.9263,13.725,23.8933,15.7684,6.6733,6.0944,14.23,17.5938,26.4684,24.5444,40.1759,38.8389,42.7256,53.9444,68.3179
usa_NC_0032_0046,3,0.5417,-15.54,-40.7286,-34.8579,-25.7885,-16.7333,-2.7952,-4.0625,-7.4375,-26.2929,-6.9833,-2.76,4.2875,8.625,-4.4,-0.6632,11.0286,22.4733,14.0111,8.2267,2.3176,13.0095,16.4062,28.085,21.5143,40.1759,36.6389,39.8225,49.3667,65.5103
usa_NC_0032_0047,3,1.5469,-17.6347,-37.0376,-36.5263,-23.014,-12.4572,-1.5233,-6.4725,-6.6614,-24.9447,-1.3332,2.1678,10.9178,9.4853,-0.9101,3.8421,13.4053,23.2365,16.1523,12.5115,2.4579,13.8895,17.1303,30.3386,25.5803,43.2708,38.3747,39.3309,51.6192,65.9232
usa_NC_0032_0048,3,2.1197,-16.2253,-33.5195,-42.2789,-18.6981,-8.1511,1.4322,-4.1886,-5.7586,-22.4899,2.387,7.4047,10.109,14.0447,1.9947,3.5211,12.1662,25.6322,17.0503,11.8385,3.4771,13.7114,17.8822,30.0995,27.7697,41.6141,38.4001,39.7665,54.542,64.1597
usa_NC_0032_0049,3,1.9561,-14.6905,-31.582,-43.7474,-14.5381,-5.6772,2.777,-0.5372,-6.0972,-21.1014,3.5433,6.945,9.218,15.4895,5.9466,5.1263,12.402,26.1428,16.8082,15.5659,5.6161,12.9053,17.4189,29.418,27.352,43.8895,41.0976,42.2023,57.6589,61.142
usa_NC_0032_0050,3,1.0083,-16.1,-26.2571,-43.9947,-11.2276,-3.7375,6.152,0.9867,-6.62,-17.4545,5.1083,13.1846,8.8571,13.4,9.575,6.28,16.2333,28.6643,16.5938,18.325,10.8467,14.1158,17.605,26.1619,27.6125,43.5241,44.1263,45.3795,59.6861,59.84
usa_NC_0032_0051,4,1.8408,-16.5442,-19.0128,-41.3211,-7.1675,-0.9967,9.4078,3.5691,-7.6019,-14.0175,10.0081,16.485,9.6229,11.1558,10.0619,8.5348,20.3158,26.4025,13.8025,18.2015,15.9658,13.7114,19.1108,28.0608,27.4729,43.2399,43.1293,49.6079,59.3102,57.9808
usa_NC_0032_0052,4,0.2627,-14.605,-15.4021,-36.9397,-1.5483,3.3092,12.323,6.2083,-5.2983,-9.1905,17.055,18.7368,12.405,19.8121,11.7165,12.2323,23.7407,31.135,18.115,18.6621,18.2683,17.5941,21.355,30.9598,29.055,46.6917,46.1604,56.3866,58.9161,59.0225
usa_NC_0032_0053,4,-0.295,-13.915,-12.4075,-33.8529,3.4683,5.8842,15.765,6.1264,-2.1575,-3.635,20.7217,17.9959,17.405,24.0479,9.8633,14.4868,25.93,33.6693,21.3407,17.2742,19.545,18.8717,23.8621,33.2526,32.5621,50.7809,50.578,59.8588,57.2689,58.8675
usa_NC_0032_0054,4,0.7381,-15.005,-10.8475,-31.5745,8.2317,8.365,18.075,6.2936,-1.1537,-1.4739,22.0786,18.215,20.4579,25.8007,11.6304,15.3423,30.1706,33.8304,24.465,16.9483,19.715,17.9881,29.1594,37.75,33.3436,49.9495,51.0718,61.3939,54.715,60.6475
usa_NC_0032_0055,4,0.3738,-14.7,-12.7925,-30.9116,10.5067,8.2492,18.1783,9.1271,-0.5682,-0.2689,19.4655,14.79,17.6533,25.3575,9.38,13.9629,29.2089,30.5969,23.4271,19.0836,18.27,13.7756,26.5075,38.67,32.32,49.0233,47.9867,60.193,52.0839,56.6975
usa_NC_0032_0056,4,-0.7138,-11.44,-13.6225,-28.6126,15.1833,10.3108,18.7858,11.7829,2.2282,5.2,20.1855,13.41,17.7622,26.4275,10.2267,12.68,27.8067,30.44,24.8267,20.4829,18.9333,12.0844,26.4622,38.81,31.5622,49.9206,49.2022,58.7238,52.9178,56.265
usa_NC_0032_0057,4,0.0996,-13.965,-13.7475,-28.5061,19.3217,13.527,19.6275,13.5579,5.2444,8.545,22.1567,12.795,19.4872,26.465,13.395,14.9834,28.7372,30.6067,24.4212,17.215,17.0679,11.1335,25.9817,38.7255,33.035,51.115,49.6344,56.9586,53.6539,56.965
usa_NC_0032_0058,4,-0.43,-12.51,-13.555,-27.2142,23.2467,17.9242,20.2787,14.2629,11.0089,11.32,23.8791,11.0973,20.6068,28.5129,16.3567,18.789,30.9256,29.6367,23.2262,11.67,15.6641,11.4959,28.2818,38.1994,33.21,48.2133,49.4756,56.57,54.2839,57.14
usa_NC_0032_0059,4,-1.6685,-9.63,-11.0425,-24.2563,28.1667,21.9367,21.4917,14.1008,16.22,11.4791,21.22,11.97,23.375,26.77,18.3567,21.4319,33.995,32.045,21.1367,9.0033,13.8644,13.3441,29.3347,41.1994,35.5,47.4791,49.5172,58.1469,56.2061,58.2675
usa_NC_0032_0060,4,-1.1477,-8.38,-8.515,-20.2716,33.6033,26.5433,23.9643,14.0062,19.5038,17.0767,22.58,14.435,25.885,27.8225,19.1333,22.3457,35.9886,32.3985,19.1442,8.3029,14.9541,14.1985,30.1953,41.2953,35.09,49.1662,50.3739,61.7205,55.6656,56.9525
usa_NC_0032_0061,4,-0.5615,-9.18,-7.475,-14.8579,34.45,26.813,24.8217,14.0,22.6316,20.6077,26.19,11.54,24.705,29.2667,17.7824,22.6471,34.4286,31.2125,17.4278,9.3143,12.9625,14.5923,31.4,41.5125,30.95,49.53,51.6611,61.2513,49.8417,53.14
usa_NC_0032_0062,4,0.9415,-13.34,-8.995,-12.6253,30.9967,21.6583,22.8383,11.93,22.08,20.4492,24.7891,8.39,20.205,25.1133,10.2925,21.0484,30.8943,26.6738,12.6911,10.11,7.4112,12.26,30.5933,38.6425,26.95,47.1559,49.3086,60.5853,45.0106,50.88
usa_NC_0032_0063,4,0.6781,-10.845,-8.795,-8.3924,28.8983,16.7758,22.1175,11.3133,20.64,18.9704,22.8914,13.615,16.8931,18.0121,8.7903,20.5661,28.4675,25.13,13.5813,11.08,4.2315,7.8425,29.2772,34.315,24.385,48.0336,45.6264,58.155,40.3022,50.5282
usa_NC_0032_0064,5,0.4758,-8.115,-5.7425,-0.0708,28.6817,13.7408,22.2033,12.6359,20.7661,22.4307,12.9814,14.695,16.5586,12.195,5.385,16.07,29.6825,25.1183,11.4555,6.6814,0.2187,6.1102,31.665,32.7983,21.125,48.1969,44.9685,56.7845,37.3561,47.0474
usa_NC_0032_0065,5,-0.3362,-3.27,-3.165,6.7784,27.2745,8.635,19.8892,10.0017,16.3412,22.7233,12.96,15.81,15.36,15.385,4.67,14.6233,32.5529,24.1886,9.065,1.4683,-1.8426,7.1796,32.855,31.1633,20.95,45.2322,42.71,52.2284,35.91,42.4905
usa_NC_0032_0066,5,-0.8827,0.705,1.85,12.7603,29.1831,6.2375,19.5542,9.7833,19.4938,28.0183,13.1083,19.295,14.6,12.925,5.7383,16.9139,23.875,27.8383,9.63,1.7821,2.1694,9.1821,36.4806,28.8074,22.255,45.1361,42.2515,50.69,36.1333,40.7616
usa_NC_0032_0067,5,0.1685,0.05,9.3175,23.3405,32.3655,7.4175,19.4467,9.4755,24.4987,31.9738,13.83,26.83,14.6721,9.0967,8.9033,16.5932,21.5586,31.2925,10.735,3.7738,-0.0226,11.7633,40.3078,30.23,26.5522,44.3411,42.1418,51.9225,36.1911,39.4837
usa_NC_0032_0068,5,1.4088,-0.085,14.1425,27.5339,31.7163,7.5883,16.0342,8.8641,24.5217,31.8675,13.2633,26.8133,10.555,11.3217,8.6781,13.2024,18.355,26.0283,4.705,4.4138,-1.9894,13.665,40.2862,29.8606,27.6772,41.2586,40.0379,48.61,34.3856,36.2745
usa_NC_0032_0069,5,0.7473,1.655,16.3925,31.255,31.0098,6.4767,13.6217,9.3277,33.305,31.5193,13.6907,25.8005,10.5238,2.205,10.2627,9.6497,17.7407,21.1483,4.0994,6.9844,-7.1332,10.9232,37.9021,30.2121,27.355,42.2817,38.6962,45.08,31.28,33.0209
usa_NC_0032_0070,5,0.2342,1.185,18.9775,39.6808,33.1844,9.965,15.315,12.9067,36.5517,35.0436,14.7507,29.415,16.025,5.065,11.3573,11.6966,22.7525,21.7983,7.4983,12.3768,-6.5613,12.655,40.6415,36.3317,34.1206,44.0443,43.2532,44.7675,31.8483,32.2699
usa_NC_0032_0071,5,-0.5119,-0.755,16.9539,43.5703,33.1005,12.565,16.6192,13.9067,41.405,37.3293,14.915,31.695,17.5221,5.925,10.6804,13.7071,27.9364,23.0712,8.6275,16.2532,-7.0174,14.5,46.1525,39.2602,38.5539,41.655,43.3221,41.4125,30.1678,33.5674
usa_NC_0032_0072,5,-0.9188,-1.805,15.8017,46.3455,32.3834,12.3567,14.7767,16.135,41.395,38.3581,14.4933,27.9017,15.8636,2.935,10.185,14.1824,27.7779,22.5975,12.9585,15.8628,-6.7275,14.045,49.9913,42.625,45.0572,39.695,43.0807,38.91,25.2294,29.3033
usa_NC_0032_0073,5,-1.2558,11.075,16.675,47.575,33.6363,15.3167,14.8958,17.8883,44.7883,39.3114,17.1333,28.0932,20.9393,4.4917,11.6827,17.85,32.675,22.6179,20.55,16.9279,-5.245,17.6539,52.4103,46.856,49.675,41.3036,48.4871,39.7575,25.725,29.553
usa_NC_0032_0074,5,-1.1323,11.635,15.2933,44.3705,31.1923,17.416,13.736,16.9733,42.0867,36.36,16.4767,30.9215,23.4523,6.91,11.4138,16.95,30.8267,23.8754,21.8814,16.8288,1.3171,21.679,47.465,45.3457,53.5029,37.3957,49.2256,36.2959,25.8486,26.8746
usa_NC_0032_0075,5,-2.3446,13.6,16.0733,46.6032,34.5174,20.876,14.496,18.5667,40.7667,30.8733,22.7567,32.0631,25.0092,12.0829,14.9233,19.9673,34.4025,24.3114,28.2329,20.7133,6.6971,24.724,52.6874,48.28,55.8829,40.9511,53.1673,35.5821,25.4456,27.1863
usa_NC_0032_0076,5,-3.1798,15.6768,13.948,43.4074,31.4917,20.0535,13.9928,14.5493,35.9568,18.0535,19.9823,26.555,20.8868,10.4654,10.9368,14.7596,33.0797,26.8785,32.5654,23.744,11.6102,23.1008,41.3316,42.9068,45.6083,36.6035,48.574,30.5079,23.3931,22.7893
usa_NC_0032_0077,6,-3.598,13.0789,10.7914,35.1901,23.866,12.8469,9.6581,3.3323,23.8147,6.1426,9.488,19.5517,13.0004,7.8123,1.4559,5.9562,28.2678,21.5706,20.2456,19.5373,6.8352,16.1669,32.0789,31.0189,32.6504,34.0709,44.4525,27.5762,18.9414,19.0789
usa_NC_0032_0079,6,-2.6977,6.69,2.7767,-1.8795,-0.5706,5.4985,3.5523,1.335,-1.7782,-11.9,-6.6,-4.6567,-10.4043,-6.3471,-10.35,-19.6138,-9.2122,-26.46,-18.8488,-20.4186,-31.0289,-40.0003,-33.8076,-35.1665,-44.57,-35.7974,-23.5614,-34.5951,-41.7511,-47.8632
usa_NC_0032_0080,6,-3.1819,2.155,-8.7383,-11.1839,-7.2824,-4.7588,-6.8819,-12.2742,-12.015,-26.2204,-19.2272,-17.3777,-20.5812,-22.485,-24.5579,-31.4892,-22.9764,-36.665,-31.805,-34.7175,-40.8932,-47.8242,-45.1517,-50.73,-62.565,-53.5836,-40.1244,-57.3971,-63.6078,-74.8148
usa_NC_0032_0081,6,-0.9254,-2.87,-8.0656,-16.2205,-9.3487,-7.7485,-6.6985,-13.4869,-20.9005,-36.2331,-24.02,-17.4878,-25.4009,-25.9933,-33.46,-33.8822,-30.5529,-35.8408,-30.9679,-44.1464,-45.2806,-53.3408,-49.9412,-56.8567,-64.15,-56.1137,-46.3517,-63.8363,-70.8322,-82.9027
usa_NC_0032_0082,6,-1.9023,-3.81,-13.3989,-18.21,-13.1487,-13.7369,-14.0062,-14.5433,-22.8044,-42.1177,-33.1009,-22.54,-24.31,-39.235,-34.2567,-38.8276,-28.3386,-33.4946,-37.335,-44.0517,-54.86,-58.5709,-45.995,-64.6433,-65.14,-58.9997,-43.9863,-59.6363,-67.4557,-84.5637
usa_NC_0032_0083,7,-2.4146,2.69,-9.205,-11.0563,-11.8633,-5.9877,-8.5146,-14.3664,-22.6182,-36.4967,-21.9467,-17.1118,-24.9175,-33.83,-34.8383,-30.9405,-35.3729,-31.1371,-38.7022,-43.1947,-51.0911,-46.4586,-35.7233,-50.6467,-55.2925,-54.93,-38.2168,-48.8095,-61.6843,-74.9983
usa_NC_0032_0084,7,-3.3421,4.6779,-1.631,-8.3211,-9.1121,-1.8383,-2.4421,-13.3921,-20.9652,-30.2671,-22.6036,-14.9088,-19.2064,-26.7021,-28.1338,-31.2158,-28.9992,-33.3088,-34.6009,-41.6833,-49.0068,-48.4477,-30.3135,-39.7945,-50.7296,-47.3582,-25.0395,-33.8293,-47.0507,-65.9494
usa_NC_0032_0085,7,-2.1776,2.3274,-5.286,-13.8368,-11.1893,-3.8026,-6.9065,-13.3526,-19.646,-26.1926,-30.7757,-20.2834,-20.9098,-29.5326,-26.5603,-36.1226,-26.5415,-34.5276,-37.5593,-42.8714,-48.5901,-33.2117,-17.1812,-32.6193,-46.3098,-45.7319,-13.0676,-26.8065,-42.985,-63.9599
usa_NC_0032_0086,7,-1.9513,1.9737,-5.1596,-9.4947,-9.333,-1.934,-5.1879,-6.913,-12.433,-25.7172,-20.0346,-14.6809,-20.018,-23.312,-28.5763,-29.8581,-19.3513,-39.362,-36.2138,-42.2596,-45.0013,-39.399,-11.0213,-32.8311,-39.2835,-37.237,-6.5188,-20.5699,-37.3263,-57.2338
usa_NC_0032_0088,8,-3.193,2.2737,-12.2263,-10.3684,-10.1763,-9.5917,-5.3303,-6.7326,-5.1734,-28.9513,-18.2063,-18.1536,-13.6316,-21.9138,-26.253,-27.2313,-22.2708,-33.2346,-40.2063,-49.3388,-45.2557,-38.7686,-16.6263,-37.6313,-44.4708,-34.263,-2.8513,-16.0058,-36.2381,-55.5513
usa_NC_0032_0089,8,-3.9961,2.5989,-10.2655,-8.1421,-7.8866,-9.9711,-5.5011,-6.4398,-5.2858,-21.1322,-13.2574,-17.0211,-12.9632,-15.9086,-21.8344,-25.0544,-24.5877,-39.7211,-41.4461,-46.4068,-41.7322,-26.4245,-14.3655,-32.9947,-44.1574,-33.9759,1.7689,-12.7646,-32.4828,-51.5411
usa_NC_0032_0090,8,-1.9075,-0.9358,-8.7047,-12.2474,-7.1296,-8.4196,-6.8318,-10.7229,-11.022,-19.1976,-13.8602,-15.0741,-18.2958,-13.0533,-22.9491,-26.0206,-25.7158,-38.4991,-44.3276,-38.9301,-44.9658,-22.5678,-7.7746,-21.2158,-43.0058,-30.0612,7.9392,-9.8389,-33.454,-46.9083
usa_NC_0032_0091,8,-2.3706,-1.1189,-8.5789,-13.5632,-8.1755,-9.5029,-6.4136,-7.5432,-9.6512,-14.4608,-15.1901,-15.7971,-20.0239,-12.8289,-22.5613,-29.8947,-27.5914,-38.6056,-34.7579,-37.7789,-43.8845,-10.5069,-3.3056,-19.1852,-39.6489,-25.5402,9.0786,-6.8789,-31.9189,-42.518
usa_NC_0032_0092,8,-2.4123,-1.1789,-7.5901,-13.4632,-10.2927,-9.5869,-6.0136,-7.7866,-10.2389,-16.8206,-16.6189,-16.4664,-17.6189,-17.9932,-20.6164,-32.0678,-27.2289,-37.9389,-35.0178,-41.6889,-38.2123,-4.8949,-1.2848,-14.9718,-38.9489,-24.5238,9.4416,-6.0661,-28.8361,-40.4864
usa_NC_0032_0093,8,-1.6833,-0.24,-5.7889,-12.1895,-7.6464,-7.792,-3.4,-5.6714,-9.14,-20.2462,-15.6,-10.85,-13.3318,-19.8714,-15.3067,-28.4056,-25.4875,-32.22,-33.3471,-38.7417,-31.305,-0.0304,3.1737,-15.0667,-36.35,-20.5269,13.5075,-0.9538,-23.6143,-32.8425
usa_NC_0032_0094,8,-1.3509,-2.0242,-6.7287,-14.3579,-7.1271,-7.5002,-2.5482,-5.915,-11.3942,-21.1765,-19.9142,-9.1342,-10.7251,-26.6242,-18.3375,-31.9592,-33.4842,-33.7073,-37.4136,-40.7675,-31.4292,4.7658,5.0474,-15.1128,-41.9442,-22.6378,13.7558,0.9568,-23.7442,-34.9135
usa_NC_0032_0095,8,-1.4241,-1.7758,-4.7047,-12.5053,-4.6694,-5.8758,-1.3158,-1.685,-7.6713,-22.0081,-19.6358,-8.0758,-9.4808,-18.2558,-21.9558,-35.088,-23.638,-34.5586,-38.7842,-35.8515,-31.7316,6.0699,6.043,-20.057,-40.3758,-20.6713,14.8542,0.6227,-23.0358,-33.8914
usa_NC_0032_0096,9,-2.0197,-0.5347,-4.8947,-8.8211,-2.8844,-5.8827,-3.0627,-3.1781,-7.0725,-19.6519,-17.8493,-4.8402,-11.6247,-17.1947,-22.9147,-31.8105,-24.4572,-36.2814,-41.6263,-32.201,-31.917,0.5903,5.0803,-17.1124,-39.6547,-16.1281,17.6328,1.2283,-22.7919,-36.0142
usa_NC_0032_0097,9,-3.3215,1.0968,-5.5632,-8.4789,-2.5321,-7.5672,-5.6798,-11.4359,-6.6076,-16.3965,-16.6541,-4.3798,-15.0043,-20.4382,-28.7215,-29.3684,-25.7774,-34.6498,-35.9684,-29.9337,-34.6854,-1.4684,6.0226,-15.6354,-34.2132,-8.5149,20.1468,1.083,-19.306,-33.6217
usa_NC_0032_0098,9,-2.5614,0.7653,-4.717,-7.8,-1.5181,-9.1627,-6.7072,-13.0856,-6.483,-14.3162,-15.0129,-1.6675,-15.4197,-18.6947,-28.0031,-25.8316,-26.6519,-29.9681,-31.9225,-27.8065,-34.4947,-13.0322,4.9338,-18.0328,-26.7805,-4.3481,19.6528,0.9053,-17.7462,-30.1484
usa_NC_0032_0099,9,-2.361,1.3274,-3.3749,-10.3421,-1.5926,-8.5886,-6.4818,-12.861,-7.7879,-17.2296,-12.5526,-2.3072,-15.586,-16.1126,-25.5193,-24.6304,-25.3812,-28.0276,-31.1115,-30.4526,-37.2693,-17.8169,1.6674,-18.2955,-26.9901,-1.4354,17.4243,2.632,-17.2585,-31.0746
usa_NC_0032_0100,9,-1.7943,1.5874,-5.386,-14.0842,-2.8926,-7.3686,-7.8818,-9.7193,-10.1526,-22.0776,-11.9526,-5.1126,-16.4883,-15.4193,-25.961,-25.5842,-27.0812,-28.8026,-34.3151,-30.8115,-40.0526,-16.726,0.8274,-18.3326,-25.0776,-0.126,15.5224,2.7,-16.4409,-31.516
usa_NC_0032_0101,9,-1.3855,1.4295,-4.8105,-10.8,-5.7805,-10.3825,-9.2855,-5.6439,-12.523,-27.4378,-13.4439,-8.949,-18.432,-12.7439,-22.5439,-29.2255,-26.1105,-30.1891,-36.9418,-29.487,-39.5172,-15.7972,2.5947,-18.7287,-20.848,0.7145,11.3151,1.5074,-17.5164,-29.3691
usa_NC_0032_0102,9,-2.3557,4.7326,-2.2696,-8.4895,-7.2807,-15.4274,-10.4154,-8.5807,-13.2536,-23.511,-7.0746,-7.4201,-18.3759,-14.0045,-27.214,-33.395,-23.2349,-34.2474,-38.834,-27.5536,-35.5207,-13.7768,0.8526,-16.3617,-17.5902,-0.3045,11.9449,1.4251,-19.8768,-25.4644
usa_NC_0032_0103,9,-1.1167,5.48,0.2111,-9.6579,-11.38,-19.868,-13.2,-13.9,-11.4615,-24.2,-7.4364,-5.5909,-19.1786,-16.7714,-31.2833,-35.1857,-26.5125,-37.3357,-39.3933,-27.9643,-36.14,-14.9412,0.6667,-16.0682,-17.7429,-0.4115,13.6789,3.3949,-21.3206,-20.0512
usa_NC_0032_0104,9,-0.9474,4.5926,0.7526,-9.8263,-12.8853,-19.7914,-13.0474,-17.3188,-14.694,-22.5474,-7.3928,-7.911,-16.9974,-16.7474,-34.3274,-36.7474,-26.514,-36.9397,-35.694,-27.3383,-36.8474,-16.8316,2.235,-15.6837,-22.1902,-1.1394,14.7474,3.3783,-20.7885,-15.5474
usa_NC_0032_0105,10,-0.7417,3.02,0.7111,-12.9316,-12.3759,-17.372,-10.1269,-13.05,-10.9188,-20.5,-5.31,-11.2,-15.2706,-18.0875,-37.16,-35.55,-26.6333,-35.1615,-30.6357,-29.3875,-32.4188,-18.1737,7.2375,-13.5571,-25.8125,4.5444,17.2211,5.2077,-16.7206,-11.6268
usa_NC_0032_0106,10,-1.5434,2.6716,1.4094,-15.9368,-10.6512,-14.9924,-9.1261,-8.7827,-8.0059,-17.7113,-3.7184,-12.4984,-15.5573,-19.1934,-36.5418,-32.2184,-25.6351,-29.5101,-29.0184,-35.597,-32.5567,-18.5684,9.4786,-10.9484,-27.8593,7.2834,18.8658,8.6777,-12.9478,-4.9782
usa_NC_0032_0107,10,-3.093,4.6537,3.6959,-17.2526,-9.4263,-11.3783,-9.7609,-7.4192,-10.2326,-11.493,-2.7463,-10.7263,-14.3579,-19.4763,-32.3263,-28.7013,-24.4513,-28.699,-32.9076,-36.0835,-33.1421,-9.6025,11.9459,-9.8819,-25.3172,11.6237,21.2658,12.1019,-8.5035,0.2883
usa_NC_0032_0108,10,-3.3206,1.5411,0.7766,-23.2737,-13.1031,-14.0629,-13.3674,-11.9361,-15.6914,-14.1456,-5.8335,-11.5971,-16.9474,-23.7289,-34.9789,-32.4289,-27.2914,-31.9328,-38.1178,-31.6789,-35.0495,-11.317,12.7799,-17.6845,-26.8244,11.7777,19.2895,13.0749,-7.2875,1.8282
usa_NC_0032_0109,10,-1.7031,-5.5347,-5.5281,-27.3,-16.2534,-18.3587,-17.4907,-17.4101,-15.6414,-17.4766,-12.7947,-14.9847,-21.8368,-27.7805,-39.1889,-36.3579,-35.2447,-36.1733,-46.3124,-31.609,-33.9892,-14.9424,9.5615,-19.5771,-26.8947,10.3777,15.6842,9.7386,-7.6805,-0.8066
usa_NC_0032_0110,10,0.0719,-4.0947,-9.9947,-29.2053,-16.7154,-23.8187,-21.0467,-21.2675,-16.4684,-20.3447,-15.4447,-18.1519,-25.1614,-30.9947,-42.9885,-38.9105,-40.3197,-39.3681,-46.3536,-35.0947,-33.3065,-16.3856,8.1115,-23.426,-25.5531,10.0608,14.289,6.5694,-9.0862,-2.1924
usa_NC_0032_0111,10,0.5903,-11.2789,-11.5664,-27.5684,-15.2824,-25.4869,-20.0149,-21.0206,-16.8039,-17.3636,-13.3789,-16.4567,-25.8316,-28.0504,-39.3227,-36.1512,-40.6647,-36.7589,-45.4672,-35.6153,-31.2526,-15.9289,5.2155,-22.8852,-21.5517,11.3691,15.8535,7.4105,-5.4018,0.6353
usa_NC_0032_0112,10,-1.8251,2.5961,-13.8664,-25.5316,-12.8203,-25.2109,-15.7469,-16.7706,-13.0579,-16.0147,-15.3089,-14.6345,-24.7589,-35.6589,-35.8789,-33.8414,-34.5789,-37.502,-46.2142,-37.9426,-28.1289,-11.0218,5.4988,-19.6289,-19.3608,12.8903,17.9684,7.7057,-3.5932,2.8401
usa_NC_0032_0113,10,-2.3368,3.8882,-16.2493,-25.9211,-11.7851,-21.7928,-11.9448,-13.5641,-10.6898,-18.0368,-19.5278,-15.6035,-25.3368,-38.4168,-35.5235,-36.4251,-30.2654,-35.6291,-45.2813,-36.9676,-27.7268,-9.3947,9.1909,-18.9663,-16.8278,15.3709,18.3737,8.6157,-4.6683,3.6436
usa_NC_0032_0114,10,-3.0012,5.3026,-13.8099,-24.4211,-12.6009,-19.1514,-9.7994,-11.5656,-10.4297,-19.0807,-21.0057,-16.4774,-23.7363,-36.1674,-33.3407,-36.2789,-33.0474,-35.2407,-38.1053,-32.6849,-27.2274,-9.0024,11.3193,-16.4709,-18.9928,14.6757,16.6737,9.8731,-5.8415,3.2819
usa_NC_0032_0115,11,-4.5409,12.6386,-11.8822,-23.9684,-13.6912,-17.1787,-10.3773,-11.0447,-12.8653,-19.8681,-21.5947,-18.0781,-23.6614,-31.8697,-36.3614,-33.8263,-31.7233,-34.3876,-38.3,-30.1653,-29.4,-10.1097,15.349,-11.4558,-18.217,18.786,17.2053,11.6428,-3.1536,8.4638
usa_NC_0032_0116,11,-2.5494,9.107,-12.6388,-28.5028,-16.9115,-21.0463,-13.6218,-16.4363,-19.4826,-26.4477,-24.5263,-21.7819,-26.4763,-41.4263,-44.1627,-36.6158,-38.5263,-39.9906,-45.4076,-33.7196,-33.6138,-15.9053,10.4198,-15.2406,-16.0138,12.5904,12.6348,8.8451,-2.6743,7.7051
usa_NC_0032_0117,11,-1.6089,3.8193,-10.9974,-30.4709,-20.714,-26.1474,-16.8224,-20.9928,-23.5407,-31.0724,-22.2292,-25.014,-28.8759,-42.7974,-46.0292,-39.6579,-38.4974,-45.654,-45.6207,-37.894,-39.9709,-24.5024,8.6911,-15.0617,-19.3585,9.0415,8.5041,4.3012,-4.7914,0.6641
usa_NC_0032_0118,11,0.2636,-5.1211,-14.6211,-30.1622,-21.1729,-26.2971,-18.7761,-23.712,-28.8782,-31.2294,-22.0574,-26.5711,-30.3925,-40.8611,-45.0938,-39.4322,-38.2211,-48.6611,-47.5411,-39.7086,-43.2477,-25.9526,8.0405,-13.9311,-20.1655,7.9901,7.2075,3.5304,-1.2131,0.4589
usa_NC_0032_0119,11,2.5917,-10.9333,-19.5583,-28.9275,-20.9407,-27.1533,-19.9683,-24.1256,-33.1896,-32.4533,-23.8061,-27.2233,-33.8405,-43.7333,-40.9242,-40.2833,-42.9667,-49.2333,-40.9833,-40.0958,-43.2262,-26.1167,6.2604,-13.0152,-21.4958,6.2667,6.2895,0.3637,-1.7773,0.1752
usa_NC_0032_0120,11,1.8583,-9.05,-23.025,-28.8206,-22.6648,-27.846,-22.1,-23.8143,-37.7088,-32.7611,-27.4955,-28.9136,-36.4857,-46.73,-38.1,-45.0222,-42.7667,-48.5333,-42.7115,-44.0967,-47.0786,-28.8227,2.7382,-15.9091,-24.9786,3.2944,2.13,-4.4076,-4.75,-3.7986
usa_NC_0032_0121,11,0.2921,-5.0579,-21.4135,-27.1526,-22.1112,-25.3459,-21.7579,-24.1712,-36.7167,-25.6852,-29.0656,-22.7033,-39.3412,-43.8865,-38.4746,-46.7529,-39.7204,-50.1222,-44.5046,-44.7379,-44.3446,-30.7362,0.6368,-17.2817,-24.9293,8.0458,2.0171,-6.6868,-4.8397,-5.6628
usa_NC_0032_0122,11,-0.8627,-2.9811,-19.5099,-24.4684,-16.4142,-23.3171,-20.4558,-21.3211,-34.0269,-22.4211,-29.4749,-19.8665,-37.5287,-40.7782,-36.5294,-43.1711,-34.8586,-44.2287,-40.8477,-39.7139,-41.1836,-30.6961,0.7456,-13.7734,-20.5639,11.7831,4.1104,-6.8553,-1.7362,-2.7942
usa_NC_0032_0123,11,-2.4066,1.5884,-20.5427,-21.3526,-15.8971,-26.2996,-19.8185,-21.9582,-29.4191,-23.5116,-29.3232,-20.6225,-39.2782,-43.7649,-35.1782,-41.6211,-34.4941,-42.8239,-37.8085,-39.0566,-38.1649,-33.4916,1.0018,-11.6216,-17.1887,12.0554,2.7256,-6.1421,0.2805,-0.9926
usa_NC_0032_0124,11,-1.6346,-0.0463,-21.0485,-18.1789,-16.2608,-26.0383,-16.9568,-20.2796,-24.2204,-21.8708,-24.0536,-24.9963,-39.7652,-43.893,-36.0996,-39.0789,-38.0819,-41.1263,-38.8692,-36.993,-35.0146,-33.6263,0.5987,-7.3763,-18.6041,14.332,2.9937,-4.2711,3.9313,0.8412
usa_NC_0032_0125,12,-1.7987,0.0463,-19.5848,-18.5895,-16.1633,-25.1737,-15.1432,-18.7004,-21.5792,-21.3626,-21.1464,-28.901,-41.6842,-44.3959,-35.347,-37.7913,-39.8292,-41.3237,-37.5737,-29.9737,-33.7237,-33.6165,1.1498,-5.5887,-18.9555,12.8743,3.2035,-3.8711,3.49,0.0563
usa_NC_0032_0126,12,-0.6491,-2.0958,-16.1936,-18.3263,-15.5606,-21.9958,-13.6114,-20.5558,-19.0102,-19.638,-19.3075,-31.734,-41.8658,-43.8936,-33.9825,-38.0526,-38.2908,-40.1067,-39.047,-27.8444,-33.5436,-33.2899,4.6783,-3.7511,-18.3431,13.8534,5.5564,-0.9455,2.8145,0.5217
usa_NC_0032_0127,12,0.8583,-7.4,-16.4,-21.8941,-18.8222,-22.1087,-18.185,-20.2,-20.0118,-21.4111,-20.6778,-34.8273,-44.2556,-46.5833,-34.8467,-41.5778,-38.15,-44.1273,-46.4312,-23.68,-36.7385,-37.172,4.4067,-9.9765,-18.17,10.9286,3.2588,-0.5515,-1.8,0.5939
usa_NC_0032_0128,12,1.8583,-10.75,-15.3944,-23.6971,-20.513,-24.4196,-21.245,-22.2654,-20.225,-23.0955,-25.675,-36.7136,-46.8667,-49.7333,-37.2441,-43.8667,-41.2214,-43.2885,-46.5571,-29.85,-39.9286,-38.45,0.7167,-14.9735,-18.25,8.6119,0.35,-0.8318,-5.9093,0.2676
usa_NC_0032_0129,12,1.5361,-10.1722,-16.0611,-24.1944,-19.9377,-24.8762,-20.7331,-22.6415,-18.2872,-23.4972,-29.1972,-40.0995,-48.367,-47.6889,-36.991,-45.0722,-42.0097,-45.0491,-44.716,-33.4056,-41.1472,-37.2922,-3.6347,-19.9472,-19.1449,10.4505,-0.7979,-0.2695,-8.4146,-1.1322
usa_NC_0032_0130,12,0.3939,-6.4495,-15.6784,-23.2839,-15.8136,-22.2215,-16.3069,-18.0972,-15.5038,-14.3713,-25.7195,-36.4395,-47.918,-44.4038,-33.627,-40.2601,-37.8395,-45.8395,-40.9895,-30.3978,-38.5105,-36.4055,-3.0784,-22.7895,-11.2595,8.8994,1.2883,2.6661,-5.6189,4.158
usa_NC_0032_0131,12,-1.1066,-3.6516,-19.1538,-25.3482,-15.5626,-24.5516,-16.9533,-18.147,-17.6466,-13.9232,-29.5016,-40.1816,-50.1966,-47.5916,-32.9116,-38.1849,-35.6459,-42.8244,-37.1649,-30.0899,-37.4842,-41.0998,-7.3105,-23.4941,-12.4316,8.274,0.6518,2.2846,-7.7916,4.8109
usa_NC_0032_0132,12,-1.7136,-0.5253,-18.1164,-26.8775,-19.0053,-26.3773,-17.827,-17.2668,-17.5684,-14.9822,-35.9553,-44.0253,-52.4453,-46.8653,-31.4253,-39.4115,-32.691,-38.1668,-39.5817,-30.3053,-40.1997,-42.7507,-13.4164,-22.899,-13.9653,7.3781,-3.4358,0.4868,-7.0995,5.9272
usa_NC_0032_0133,12,0.2579,-1.9421,-16.6421,-24.6977,-21.8938,-26.6821,-19.5769,-17.6254,-14.4068,-14.2806,-37.1021,-44.5694,-53.1754,-46.3421,-29.1021,-37.7715,-40.3296,-35.0554,-42.3539,-29.6021,-41.231,-41.6945,-17.0365,-22.595,-13.3921,4.8789,-5.5254,-0.3,-6.9335,5.422
usa_NC_0032_0134,12,1.0482,-4.4684,-14.3351,-22.2462,-22.3788,-25.1924,-19.1162,-17.2268,-11.6567,-11.8827,-34.423,-42.8866,-52.0898,-43.5934,-28.7018,-35.0406,-39.2559,-33.9484,-37.3978,-27.5508,-40.9743,-39.5934,-18.7184,-20.5851,-10.1018,7.0794,-3.1351,1.3921,-5.1656,7.7854
usa_NC_0032_0135,13,1.1873,-4.3611,-12.8433,-20.9266,-22.0452,-22.9461,-17.9037,-19.6029,-10.1622,-11.2811,-34.4847,-41.9483,-49.8611,-41.5811,-26.2294,-32.5681,-36.7925,-33.1877,-32.8648,-25.9269,-40.9148,-39.4639,-18.8622,-19.1211,-11.8461,6.6715,-3.3789,0.2316,-3.7525,11.2314
usa_NC_0032_0136,13,1.025,-6.0467,-12.8111,-20.0444,-19.7425,-24.5583,-17.3493,-16.9667,-9.2979,-12.0238,-34.1917,-45.7667,-49.4867,-41.7867,-25.1333,-32.9255,-32.4952,-31.1133,-31.2933,-25.5314,-43.9278,-39.3667,-20.6137,-17.9317,-12.9333,6.9295,-3.6694,-0.8396,-3.3924,11.2533
usa_NC_0032_0137,13,1.2,-6.89,-10.2389,-17.6389,-17.0603,-22.9042,-16.1239,-13.5833,-9.2938,-11.35,-34.1962,-44.6136,-49.3286,-39.6167,-23.1083,-32.4167,-27.8214,-29.4563,-30.2967,-23.0971,-42.53,-35.4184,-22.0029,-14.825,-12.3389,9.3192,-3.0833,1.7333,-0.6861,16.3346
usa_NC_0032_0138,13,0.8,-4.3667,-7.8444,-16.3,-16.046,-20.1125,-13.8971,-15.0821,-9.3067,-15.4667,-35.0436,-39.9367,-46.8524,-37.3833,-20.175,-30.5825,-27.8042,-30.48,-28.5292,-21.7056,-39.1067,-33.5389,-22.3556,-15.4762,-10.5042,6.8333,-2.5602,2.6472,0.9083,20.9821
usa_NC_0032_0139,13,0.1889,-2.1078,-8.8278,-16.2833,-17.1967,-20.2816,-12.2278,-14.0811,-9.234,-19.5823,-36.1278,-40.7641,-45.9706,-37.7111,-21.2528,-28.1646,-24.2678,-32.7194,-26.7544,-23.1653,-42.2063,-32.9804,-24.5373,-16.7641,-10.2706,5.1044,-0.1416,3.2389,1.4944,20.2614
usa_NC_0032_0140,13,-0.0083,-3.55,-8.4611,-12.9,-14.95,-19.2346,-11.3667,-12.6567,-8.4937,-21.92,-34.5429,-38.0409,-41.4731,-34.0643,-20.525,-23.5024,-21.5875,-32.7071,-22.77,-24.4433,-41.85,-34.0682,-24.3167,-17.8881,-11.5357,3.1587,3.4224,4.6417,3.4944,24.9797
usa_NC_0032_0141,13,-0.5083,-0.6233,-7.5389,-13.5389,-15.5033,-17.991,-10.1417,-12.03,-9.0245,-19.5015,-32.5295,-40.9533,-37.85,-32.469,-18.0833,-20.5044,-23.9262,-30.5603,-22.5633,-25.2833,-39.7372,-31.1283,-20.7167,-18.4606,-10.3976,4.9222,5.3443,8.375,5.1556,27.314
usa_NC_0032_0142,13,-1.4472,0.6511,-9.3889,-16.4722,-17.0756,-18.1466,-8.8597,-11.5422,-10.6139,-18.3889,-32.4175,-42.0589,-34.2532,-30.5603,-13.6966,-21.1889,-18.9,-26.3306,-21.3103,-26.5427,-42.4556,-32.0746,-17.5756,-18.4317,-7.5889,0.8183,4.1008,8.6167,7.4694,28.0517
usa_NC_0032_0143,13,-1.7389,-0.1122,-9.1278,-14.5889,-16.6089,-17.2962,-5.5847,-10.3722,-12.6056,-17.4422,-28.4889,-38.0622,-30.9111,-26.8847,-7.1456,-17.8722,-17.8167,-23.3972,-22.5139,-26.2359,-40.3107,-30.1722,-15.1645,-15.9422,-4.5556,2.6211,4.1278,8.8472,11.0028,30.5467
usa_NC_0032_0144,13,-2.0722,1.9278,-7.4389,-9.3444,-16.0422,-15.0322,-4.0027,-6.4097,-13.1605,-18.4597,-33.1622,-37.1278,-30.0827,-26.0579,-7.9389,-17.8663,-16.0472,-20.9922,-18.7822,-27.9597,-39.3631,-28.0122,-11.8222,-12.4222,-4.7008,6.0778,3.9544,13.5833,16.0944,33.344
usa_NC_0032_0145,13,-2.925,4.3767,-6.1944,-9.4278,-16.19,-16.5353,-4.8225,-7.3271,-13.9539,-20.4548,-36.4633,-36.7033,-31.4667,-25.169,-12.09,-17.5944,-15.4583,-16.5083,-14.6917,-30.0262,-40.55,-24.7051,-13.0548,-12.3539,-3.2583,6.8667,2.12,13.4917,17.4111,33.2115
usa_NC_0032_0146,14,-2.4306,3.6044,-4.1556,-11.3,-17.0789,-17.4516,-5.0903,-6.7681,-14.4438,-23.1413,-40.3456,-30.2856,-29.7713,-24.8127,-11.9556,-18.6082,-14.9984,-23.1431,-13.3127,-31.627,-38.6627,-23.7306,-11.5341,-12.1967,-3.3056,7.4257,3.3144,13.9139,19.8472,36.0734
usa_NC_0032_0147,14,-2.025,1.6,-3.6556,-15.4278,-19.91,-17.564,-5.6783,-7.0,-12.1944,-29.0,-40.8,-26.95,-28.2947,-23.7857,-12.5067,-20.4111,-18.1143,-22.55,-14.7733,-31.1333,-38.2286,-24.3609,-7.7077,-12.5938,-1.775,7.4737,1.3133,15.1297,21.5444,35.3513
usa_NC_0032_0148,14,-2.3861,2.3306,-8.1389,-21.4444,-22.9944,-19.8264,-8.7597,-10.7344,-14.4886,-32.2844,-44.2722,-27.3944,-28.5787,-26.1944,-18.4944,-23.6003,-17.6373,-26.4791,-18.2569,-35.1278,-40.1016,-27.1553,-5.4944,-13.3194,-4.3319,4.9294,-1.7278,11.3139,21.3806,31.0902
usa_NC_0032_0149,14,-1.675,0.1417,-12.2444,-24.7611,-24.6067,-22.7625,-11.1917,-12.5564,-14.2983,-40.2233,-44.5033,-22.5433,-29.5633,-26.1,-19.1521,-23.0804,-21.5958,-25.4133,-21.4702,-37.6833,-40.6804,-28.3708,-7.1133,-11.7133,-7.0697,2.1907,-2.3619,13.2152,21.8361,30.4667
usa_NC_0032_0150,14,-0.8556,-1.5639,-17.1444,-25.5667,-25.4889,-23.8597,-12.2889,-12.8817,-14.7603,-45.2434,-46.6071,-23.1789,-27.4556,-26.0722,-18.0389,-23.3889,-24.6764,-25.4675,-22.9205,-35.9525,-42.8784,-29.5976,-6.6007,-11.4556,-9.1434,1.3311,-2.2429,13.9417,22.0944,29.8867
usa_NC_0032_0151,14,-2.1472,2.6361,-19.65,-27.35,-25.5808,-23.7639,-11.3222,-11.9746,-17.6339,-46.5025,-48.1843,-21.7089,-23.377,-24.2989,-19.1201,-27.7639,-12.6989,-24.646,-26.1913,-35.1389,-42.0915,-28.2116,-8.781,-10.7789,-10.3389,-2.2966,-2.7659,14.2028,22.5523,27.8294
usa_NC_0032_0152,14,-2.4167,2.1417,-20.9611,-30.7202,-27.2898,-23.8333,-8.8458,-11.6372,-18.3833,-49.2197,-47.6288,-16.9933,-21.5044,-23.0833,-21.7083,-27.7146,-23.1611,-22.7976,-25.2983,-34.0048,-41.3778,-28.6515,-11.3833,-16.8069,-8.9833,-4.1233,-0.8185,17.8806,25.0608,30.4142
usa_NC_0032_0153,14,-1.3278,0.8222,-21.4556,-29.7567,-24.9229,-23.2778,-8.4361,-11.2944,-16.2013,-53.5861,-46.2869,-14.1687,-20.1601,-24.6028,-23.7162,-27.2944,-26.9528,-20.8644,-26.9928,-31.809,-40.519,-27.2978,-7.266,-14.8403,-7.9978,-3.9498,0.9806,19.3143,26.2394,31.4175
usa_NC_0032_0154,14,-1.0694,-0.9361,-18.9667,-24.769,-19.9176,-20.185,-6.2778,-10.9444,-15.45,-55.1803,-42.0194,-10.1194,-16.6978,-24.4511,-20.5778,-22.8222,-28.1825,-19.8178,-25.5461,-24.7817,-39.6699,-23.2254,-5.8052,-10.8333,-3.7889,-1.8419,5.1203,21.394,29.5289,32.9341
usa_NC_0032_0155,14,0.9944,-5.6556,-19.8444,-23.4345,-18.933,-18.9729,-5.0196,-13.2919,-17.032,-57.1341,-39.6556,-8.2101,-12.6289,-21.5956,-19.6222,-21.0056,-25.8127,-22.8222,-24.2871,-23.2203,-36.4243,-16.9977,-5.6967,-12.2606,0.2069,-1.2778,6.6873,21.2675,31.8559,35.6159
usa_NC_0032_0156,15,1.7056,-6.6444,-22.4167,-24.205,-19.2525,-21.0611,-7.5528,-11.4854,-17.7694,-58.0944,-38.3714,-9.9308,-11.3516,-21.7144,-22.0778,-24.3886,-24.5516,-23.1069,-24.3222,-23.2121,-38.9132,-13.5889,-6.6878,-12.1544,0.45,-4.613,7.7998,16.6748,33.1798,34.046
usa_NC_0032_0157,15,1.3306,-3.6944,-20.6333,-21.5444,-14.0122,-18.0986,-6.1694,-9.3194,-16.0778,-54.9694,-28.0111,-2.6172,-5.7944,-13.2111,-19.2214,-21.2667,-20.673,-20.0569,-21.7978,-16.9556,-32.9178,-5.7222,-1.2333,-8.6544,3.3111,-1.8444,11.9041,19.2556,37.4664,36.3896
usa_NC_0032_0158,15,0.8955,-1.9737,-17.1487,-20.2737,-11.3866,-15.9128,-5.557,-8.607,-13.9537,-51.61,-20.3987,3.5354,-4.0951,-13.1404,-16.8198,-18.4105,-16.707,-18.0604,-16.2862,-14.5502,-26.3737,0.8819,4.4737,-6.9373,7.4638,0.1494,15.232,20.6553,40.4177,38.5945
usa_NC_0032_0159,15,0.6887,-1.8671,-18.8796,-20.9263,-10.5421,-16.203,-6.5963,-5.8421,-15.1554,-39.6135,-14.9421,4.2964,-2.3207,-13.5021,-15.7883,-17.8316,-13.0296,-14.396,-14.1554,-13.7734,-23.9635,-1.0183,4.6629,-5.9707,8.6865,0.2859,16.8107,19.9053,41.4465,38.8579
usa_NC_0032_0160,15,0.1348,-1.4671,-18.0199,-18.7526,-7.6518,-12.4378,-5.2963,-2.7888,-11.2688,-37.9421,-8.6671,5.9488,-3.5588,-7.4707,-15.9588,-16.3802,-11.2671,-12.9778,-12.1109,-10.4488,-18.4707,1.4231,5.3129,-5.1471,11.6436,2.7502,18.3579,22.6447,43.869,40.717
usa_NC_0032_0161,15,0.8433,-3.1355,-15.455,-17.9,-6.0815,-8.3323,-4.6647,0.0495,-11.6505,-31.5105,1.9895,9.9258,-3.7462,-4.8248,-13.5689,-13.8867,-7.3355,-10.3644,-9.2639,-4.4567,-14.4105,2.3978,5.9421,-2.9772,13.3038,3.927,19.1579,23.7316,45.3256,43.3849
usa_NC_0032_0162,15,1.2409,-3.9553,-16.8608,-17.9105,-3.4537,-7.1879,-3.4469,-0.9119,-10.8981,-24.5678,7.2031,11.6547,-2.674,2.2197,-8.9386,-11.8719,-1.2553,-6.4636,-3.5591,-2.3953,-7.5899,4.4587,6.4747,-2.6153,13.1197,5.8426,21.2947,22.7842,44.9704,47.3414
usa_NC_0032_0163,15,1.1255,-3.0553,-16.4942,-19.0474,-2.8698,-5.4531,-3.2886,-1.4319,-9.4111,-18.3678,11.0402,11.9047,-3.5229,2.7447,-6.6253,-9.0703,-1.7053,-6.6719,-4.1519,-3.5803,-2.2653,2.1794,5.883,-2.8353,12.5072,6.1587,22.5083,21.4526,45.1866,47.2121
usa_NC_0032_0164,15,0.9385,-4.2,-14.7556,-18.2947,-0.0933,-1.3913,-1.6875,-0.275,-6.8647,-10.9286,13.9,9.38,-2.6556,5.75,-3.9933,-4.6889,1.9222,-7.1364,-3.3438,-5.1286,-1.3875,3.66,4.8353,-2.86,7.4091,5.0808,20.7324,21.8289,45.2139,47.2739
usa_NC_0032_0165,15,0.2239,-3.0084,-10.7573,-14.3842,4.5682,4.2149,3.3524,1.7441,1.1845,-2.3827,17.0616,7.777,2.0263,10.6816,3.1916,0.9016,5.4441,-4.6784,-0.0567,-3.3827,2.8257,4.4239,5.8786,1.2427,9.6316,8.4066,25.3158,26.6026,49.5121,53.7077
usa_NC_0032_0166,16,0.6534,-3.7158,-7.9269,-13.0421,7.2942,7.4759,4.4362,3.8717,3.8254,4.3967,21.4478,8.1933,5.2684,13.6842,9.0909,6.2158,6.4092,3.2478,1.1526,-1.8158,2.603,3.9082,8.8655,4.5967,10.6388,13.2552,25.6211,30.5184,51.337,56.1687
usa_NC_0032_0167,16,0.4223,-3.4516,-6.4649,-10.4649,8.1318,7.8226,4.9844,3.9184,5.2684,5.3906,24.0984,7.4139,6.8263,13.1851,11.2861,3.8406,4.3309,6.0541,4.2474,-2.2427,2.4625,2.3101,7.7434,3.6618,10.8866,16.3443,24.5026,31.2816,49.6656,56.4906
usa_NC_0032_0168,16,1.3559,-5.0611,-4.6988,-8.3684,8.6356,8.5706,7.1949,4.8923,6.7672,10.3589,24.9089,11.6689,9.1053,16.2789,13.8477,6.1613,5.9664,9.1414,2.5684,-2.3211,5.4966,2.5664,7.3102,2.7004,10.2789,17.7197,24.6763,34.4277,51.9539,59.9545
usa_NC_0032_0169,16,1.3279,-6.8305,-2.7355,-9.0053,7.6343,10.5311,9.7975,5.7664,5.5085,9.0728,22.3995,17.9804,8.9895,19.1752,13.7645,8.9071,5.8466,13.0095,-2.4458,0.3167,3.4842,2.227,5.4542,2.4961,9.8531,19.4975,23.4316,35.9843,53.0238,59.8031
usa_NC_0032_0170,16,0.1361,-3.1422,-3.0722,-8.4749,7.6088,12.2944,11.3618,8.2921,7.7159,14.3944,20.4878,15.7978,10.973,23.8578,14.3903,11.7178,9.2403,17.7239,0.9628,-0.5677,4.9673,1.7486,2.3515,4.7911,10.8414,22.2458,22.5988,36.2253,52.7292,57.4391
usa_NC_0032_0171,16,-1.6667,-0.5467,-3.9042,-6.6456,7.9885,15.2253,12.0875,8.019,5.1175,15.05,19.9433,14.4933,13.2333,26.9533,18.4646,11.4146,10.4958,22.8733,-0.3217,1.8417,4.9386,0.5857,0.9944,4.8627,11.7424,23.2756,20.9254,37.6833,54.7105,57.5265
usa_NC_0032_0172,16,-2.1444,0.4522,-2.0528,-5.3383,9.9584,17.0362,13.5389,9.6261,7.9899,14.2645,14.2022,13.5722,13.7354,25.2472,20.2056,14.6781,4.3579,22.541,-2.5378,1.4856,5.0944,2.7322,1.5667,5.8722,13.7813,24.3338,20.6643,37.5532,56.0408,59.3583
usa_NC_0032_0173,16,-2.3111,1.6789,0.3889,-3.7085,11.8768,17.7549,15.4889,11.5222,10.7036,9.9246,12.0843,14.7207,16.8801,26.9389,19.3466,12.4968,5.396,21.3989,-4.0911,1.1951,3.7576,4.1789,3.0451,8.1757,17.0289,25.6906,24.5363,38.5056,56.4212,59.7691
usa_NC_0032_0174,16,-2.2167,1.6967,4.4542,0.0956,14.1718,19.9527,16.225,11.7167,14.5284,4.0567,11.0894,16.2712,21.9542,27.3367,22.0167,13.4284,10.0452,23.09,-0.6307,2.8167,4.7056,4.8467,3.4167,13.7967,22.7167,26.4443,27.7351,40.231,59.499,62.6258
usa_NC_0032_0175,16,-1.585,2.1859,5.5059,2.1375,15.0817,19.6379,16.4363,10.1241,15.6882,-2.2875,8.4695,18.8459,24.1273,26.5659,22.3597,12.7059,13.4059,23.5184,0.6996,3.7996,3.1176,6.1,4.0725,16.1509,21.5059,26.8959,30.8954,39.9059,60.4235,62.0725
usa_NC_0032_0176,17,-2.3833,7.2833,10.1333,6.2939,18.7006,21.5073,18.8442,12.3833,17.9896,-6.909,8.5833,20.1561,28.3833,33.6167,28.2917,19.9958,17.0976,23.79,5.3521,6.6708,6.0767,7.2944,8.2278,21.6675,22.1958,29.6,34.5991,40.9619,62.5686,65.4902
usa_NC_0032_0177,17,-1.9722,8.0528,12.3028,8.3278,19.8071,24.0158,19.5365,13.2278,18.1478,-11.9556,8.3349,21.9641,33.7778,34.7611,25.7706,23.616,18.3056,23.2944,9.7215,10.3748,10.9849,11.0513,11.8516,24.8849,25.6849,34.6544,38.833,41.4153,63.9219,65.765
usa_NC_0032_0178,17,-0.6444,6.0556,11.6056,8.7529,18.34,23.1736,16.8783,9.5127,16.8618,-15.6778,5.6841,20.0328,38.9127,36.0056,23.7594,20.6173,22.5389,15.2639,11.2856,9.1056,11.1627,11.1222,11.0484,23.9256,24.8722,38.7607,40.0529,41.6645,62.7722,63.7823
usa_NC_0032_0179,17,0.5944,2.7778,12.8403,11.1988,18.5433,22.3569,13.4778,10.2578,13.5542,-16.3722,4.0563,19.4778,42.4701,36.8921,23.7239,17.1302,22.7778,12.1511,11.6978,12.1444,12.3932,8.1505,11.0254,21.0778,23.7444,41.6744,41.8368,41.9932,61.4293,64.6545
usa_NC_0032_0180,17,1.2135,2.175,15.875,10.6803,16.7117,18.7542,12.3932,7.6883,12.0809,-16.1977,3.825,14.715,42.2036,35.8036,18.2,16.885,18.8,10.5893,13.4536,16.9179,13.4036,6.1576,9.7321,19.8886,21.6083,40.7817,44.7039,41.0699,59.1205,61.2393
usa_NC_0032_0181,17,1.9215,1.06,15.935,10.1968,15.4933,15.847,10.6645,6.4533,12.1288,-16.44,3.5671,14.0,43.2743,39.6975,17.5243,17.0074,19.7156,10.3677,20.66,23.1873,14.0446,5.7725,15.3659,20.1695,20.4767,42.5152,44.2232,45.1497,58.8782,62.0005
usa_NC_0032_0182,17,1.6023,-0.34,14.1225,10.4311,13.0033,14.61,8.5555,5.5567,10.9033,-17.03,2.6715,6.7211,42.0335,38.61,17.73,14.2378,17.3989,8.9638,20.03,22.7878,17.4367,6.0638,16.86,18.7529,14.0975,40.7066,41.1074,44.3459,58.307,63.0368
usa_NC_0032_0183,17,1.8638,-2.965,14.9225,8.1574,9.4233,13.3282,5.8448,5.7975,8.0865,-11.8122,-1.3285,6.61,39.4629,37.2225,17.91,13.2982,17.3878,7.81,19.635,20.3671,16.0975,8.3985,17.9806,15.8719,10.21,36.73,38.8679,45.7916,57.16,61.0076
usa_NC_0032_0184,17,0.92,-1.38,17.1325,7.7832,8.03,11.1518,6.107,4.5512,4.9259,-8.455,-3.3967,6.78,38.6141,39.8825,17.8267,13.2884,17.2422,6.3018,17.4906,17.62,16.4756,10.2892,18.2906,15.8978,9.78,34.8356,39.1279,47.8389,56.67,60.098
usa_NC_0032_0185,17,0.6346,-2.1737,17.5763,9.3421,8.183,10.1081,10.1703,5.6013,4.0498,-6.2862,0.618,11.6963,37.2041,40.3388,19.0063,14.3211,20.0835,11.2494,16.2684,24.0763,20.5138,15.1383,23.0076,18.9381,11.5463,35.79,40.3155,50.4684,58.1919,63.7849
usa_NC_0032_0186,18,1.043,-4.8487,15.5388,7.4526,4.703,8.5763,11.8383,4.6076,2.7596,-2.4862,3.918,14.9152,32.8374,37.1513,17.5204,12.2708,17.8013,11.1013,14.7895,22.5138,20.044,15.6623,22.9851,14.3208,14.6041,36.0869,38.2579,50.9447,56.6576,62.3629
usa_NC_0032_0187,18,0.536,-4.0474,14.2151,5.2,2.0193,5.3026,9.8366,4.0126,0.0938,-3.6585,5.3254,16.0026,27.6026,34.3193,16.5339,10.8582,17.8276,7.5339,9.9915,18.3726,20.9804,13.7068,18.0151,11.7776,13.386,35.806,39.0026,48.1851,54.5464,59.6307
usa_NC_0032_0188,18,0.7315,-6.83,10.9075,3.2542,-0.4367,2.7882,8.026,1.4914,-0.66,-1.8522,7.5882,20.87,22.4332,32.6557,13.12,10.6818,15.12,5.445,7.6644,17.02,18.7756,14.0283,15.0644,12.0512,13.34,35.2807,38.8621,44.7619,53.1094,60.3139
usa_NC_0032_0189,18,0.4496,-7.235,10.215,1.3817,0.2517,2.9559,7.097,4.2721,-1.29,9.1559,10.9067,25.055,21.15,28.165,12.5117,12.6709,13.4507,5.1112,9.1861,16.9817,19.5755,14.815,15.39,11.7275,14.045,41.0471,40.5466,41.9861,52.6806,61.765
usa_NC_0032_0190,18,-0.13,-5.53,10.7575,1.7589,4.08,4.2245,5.75,7.17,-1.0668,10.5783,16.0867,29.36,22.05,28.41,14.3967,11.3512,23.2557,5.9557,10.31,21.295,20.4542,15.9564,16.9406,12.7233,12.52,47.0367,44.7568,43.6105,54.9137,61.5115
usa_NC_0032_0191,18,-0.9308,-4.4,11.5625,2.75,7.6,5.1318,5.8231,9.5846,2.9294,11.7083,18.65,34.6636,22.8176,24.575,15.6214,12.2059,19.175,10.9625,9.5056,28.1467,22.8111,19.8,18.1389,13.0706,11.4556,52.6538,49.1079,46.8514,58.3438,65.6976
usa_NC_0032_0192,18,-0.9135,-1.315,11.5361,4.5528,11.7017,6.7554,6.9173,12.2167,5.4309,16.7942,23.35,36.425,25.8562,24.445,14.6583,12.4917,18.4964,13.5117,13.7408,36.8426,27.8191,25.8821,21.475,15.4829,12.5139,57.6139,52.8276,48.7039,60.7625,68.003
usa_NC_0032_0193,18,-1.2415,-0.56,12.9867,7.8311,13.5167,7.8157,7.4354,14.1783,8.6553,20.1738,26.02,38.0382,26.8575,27.62,14.37,11.6978,18.7629,14.24,16.3144,42.0965,26.5638,25.9533,22.1024,16.839,15.8914,59.6372,54.5226,54.4068,62.8044,67.5761
usa_NC_0032_0194,18,-0.5496,-0.545,13.8239,7.8628,12.4183,7.348,6.7658,13.0077,10.9291,22.3564,27.3504,35.965,26.9417,26.575,17.0042,11.9072,17.9975,15.1174,16.8287,42.8174,26.9938,24.6461,22.3294,16.705,15.5921,58.9636,53.4718,56.2982,62.2725,66.3545
usa_NC_0032_0195,18,-0.5015,1.16,15.56,8.9989,13.05,8.4948,7.4908,13.0873,10.0733,22.6957,30.4671,36.86,27.36,21.8267,17.9062,10.6129,18.5743,18.2412,18.7718,42.7044,29.4933,25.0776,22.5012,17.835,16.8171,55.33,52.0416,57.0153,63.5342,64.5015
usa_NC_0032_0196,19,-0.4165,1.785,16.6672,10.395,15.5517,11.4276,9.0719,17.6533,15.925,21.8988,33.7664,38.245,28.8065,23.1617,19.7521,14.3626,20.1825,24.3983,21.545,44.2156,31.1219,22.4263,26.0506,20.01,25.5783,56.8519,51.4266,60.7687,64.3611,66.0255
usa_NC_0032_0197,19,-0.3333,0.36,17.2222,7.8,15.1867,12.6435,9.4154,16.5643,17.14,24.05,32.35,37.425,29.3429,23.4167,21.4,15.5167,20.7,25.7583,26.4067,44.55,33.8286,20.2278,29.3333,22.2952,30.9667,54.3,51.45,61.7132,64.2323,64.6561
usa_NC_0032_0198,19,0.1588,0.4621,15.5532,7.8865,15.2954,10.3769,10.496,15.9821,20.5821,25.3321,28.185,35.9921,25.5421,21.185,18.8883,15.3571,19.8296,29.7278,26.6671,43.5088,37.2171,17.9103,30.5278,24.5221,33.1621,52.1249,52.4974,59.5816,63.7357,63.4616
usa_NC_0032_0199,19,-0.3487,1.9463,15.5263,10.4374,17.063,10.0263,12.3302,19.4663,22.4906,24.499,28.0335,37.4809,25.7955,21.0835,17.8596,15.4613,18.112,33.162,30.593,45.0192,39.353,19.7785,35.7363,26.7406,35.0063,52.9996,56.6966,58.2474,66.9747,63.9716
usa_NC_0032_0200,19,-0.3022,2.4495,15.6784,10.5365,16.7928,9.9811,12.8202,20.2561,20.3538,25.3561,29.1323,39.3804,24.368,22.0645,16.8356,15.2645,21.6228,35.1202,34.8972,47.1645,39.1466,21.7228,42.5707,28.6228,36.0095,51.6261,57.1084,58.4184,67.425,63.6442
usa_NC_0032_0201,19,-0.6013,3.1737,15.0848,9.9854,16.6437,10.4112,14.9621,20.1987,17.7594,29.0555,30.2275,38.2437,22.6737,21.4487,18.8737,16.1515,21.6181,32.2198,36.4451,44.8437,41.5094,22.3545,43.9031,29.8487,34.6594,53.7705,58.0385,60.0474,66.3382,64.1499
usa_NC_0032_0202,19,-0.3035,4.8832,15.5076,12.1043,20.0465,11.4548,17.8401,21.9365,17.717,34.0832,32.2632,40.5268,23.1576,23.6132,21.7232,20.6632,22.8187,31.9215,42.4165,43.906,43.3765,27.1992,48.702,33.3421,37.2007,58.8662,57.7929,62.9632,67.1115,66.0851
usa_NC_0032_0203,19,-0.1189,7.9095,15.2339,9.8395,20.1428,10.8228,18.8279,21.5028,18.1823,31.9228,31.0478,37.5595,20.8632,20.5784,20.0361,17.4684,22.045,26.7349,43.9954,41.6323,43.595,29.7252,46.2365,31.6659,32.8006,57.1865,52.2354,64.7151,65.2443,63.6212
usa_NC_0032_0204,19,-1.0298,12.3568,13.3702,9.5133,19.7735,9.6577,19.583,21.1502,15.344,27.1618,29.5035,34.2096,20.3418,19.9743,18.1035,16.0579,20.9743,23.2984,38.698,38.1035,42.5368,33.0907,43.7181,30.1313,30.3924,57.2826,47.6289,63.6868,61.9368,63.3637
usa_NC_0032_0205,19,-0.8575,14.3842,9.7398,7.543,17.0709,8.4967,18.0534,18.5642,15.0242,27.0842,27.7534,31.6542,18.1442,15.1217,17.0175,13.6953,22.9128,20.6914,37.5724,33.0699,39.3313,33.2842,37.7342,26.9195,30.862,57.0754,46.3526,61.5526,58.71,61.3037
usa_NC_0032_0206,20,-0.7272,17.2895,7.8228,5.5836,14.9728,8.9455,15.7164,16.9561,13.168,22.2995,24.5077,28.0995,15.5895,12.4728,10.2207,10.245,11.6695,16.527,33.7248,27.8673,36.2659,31.8311,32.6752,24.0707,28.745,52.9834,47.6684,61.9158,53.7411,57.9968
usa_NC_0032_0207,20,0.7294,14.9211,5.1322,1.2505,12.7544,8.1689,13.6941,15.3782,13.9961,16.9574,20.2483,26.2756,10.8111,9.4068,7.1446,6.1446,19.1086,10.2611,29.7799,21.1029,30.0263,27.5252,24.6523,22.4877,23.1511,46.8444,47.3684,55.8789,48.3211,53.1674
usa_NC_0032_0208,20,1.5235,10.785,1.7406,-4.2856,10.125,7.2198,12.7542,12.9517,12.7628,14.8683,17.865,20.585,8.2326,2.985,2.835,1.5321,19.6993,2.6158,23.2085,18.635,26.0061,22.4459,16.5903,20.9038,20.935,45.6117,48.5613,51.3081,44.0319,48.8484
usa_NC_0032_0209,20,1.2417,10.56,-3.4556,-8.35,7.4333,5.013,9.6538,10.9308,10.6056,14.5083,8.0417,11.72,2.719,-3.04,-2.2313,-8.0688,14.8,-1.9615,16.6,14.8273,18.4611,19.0143,10.4824,15.2133,17.07,41.7903,40.8868,43.4237,38.3742,42.2707
usa_NC_0032_0210,20,0.4539,3.8589,-10.4099,-15.9599,4.1169,0.2398,2.5674,5.0706,5.1727,6.9097,3.0699,4.5699,-4.5842,-10.6811,-8.4586,-16.2933,2.1012,-7.0811,5.7672,9.3004,8.7123,14.398,3.7345,6.0789,10.2189,33.7307,27.5079,32.2553,29.8693,34.0643
usa_NC_0032_0211,20,0.4513,-0.5537,-15.1404,-20.657,3.1849,-3.2519,-0.2045,0.6536,0.8041,-1.566,-9.882,-1.1464,-7.0799,-21.3987,-13.8404,-22.5292,-10.1023,-12.0594,-1.3854,4.3013,2.6851,9.7763,-0.4112,2.6763,3.7263,28.663,19.7763,25.7211,24.1457,28.819
usa_NC_0032_0212,20,-0.3623,-1.0789,-17.3789,-21.0678,3.2348,-2.1485,0.2326,-0.8335,-2.9345,-6.9147,-13.6713,-1.9517,-9.1256,-20.7189,-17.0174,-26.5345,-15.1932,-16.1075,-3.8966,4.6586,-3.7102,8.5361,-4.3164,2.5611,0.6353,26.0952,14.8342,22.7316,19.892,25.704
usa_NC_0032_0213,20,-0.5329,-2.3779,-16.4023,-22.8454,4.5654,1.603,2.2613,-1.8579,-2.4801,-13.1179,-16.4425,-3.7761,-8.0722,-15.6179,-17.0117,-28.8801,-11.6722,-17.7846,-4.6516,3.4234,-6.4801,6.7656,-4.052,0.9945,-2.8579,22.2421,9.8711,19.3549,17.0518,24.3665
usa_NC_0032_0214,20,-0.7289,-0.8789,-18.0234,-20.0956,6.0811,1.1252,4.3491,-5.2699,-6.0678,-16.4589,-18.8328,-7.1517,-6.2789,-17.1956,-18.3174,-32.4554,-14.1361,-19.4923,-5.5102,0.3398,-8.9914,3.8773,-2.7289,-0.1504,-6.2218,19.8977,5.9132,18.6082,11.6961,22.3836
usa_NC_0033_0001,20,-0.3733,-1.8793,-20.1872,-15.9588,7.2717,1.7017,5.0465,-8.59,-12.3238,-20.165,-17.6532,-10.415,-8.2233,-14.865,-24.115,-28.1944,-17.2793,-21.6474,-6.805,0.0437,-6.1539,0.065,2.0128,-3.733,-9.6872,15.935,2.7674,14.9691,8.3683,21.2262
usa_NC_0033_0002,21,-0.8367,1.1514,-16.5644,-13.3825,10.7767,3.7086,7.5685,-2.1354,-10.6644,-18.1733,-14.9965,-10.07,-6.5585,-7.97,-22.3129,-24.0671,-17.0311,-21.1887,-4.5075,0.7527,-6.3516,-1.9064,5.92,-3.3662,-6.4422,15.7041,6.3692,13.2776,8.1,20.8094
usa_NC_0033_0003,21,-2.0717,4.5664,-15.2161,-11.885,13.6053,2.4045,10.4142,-1.6583,-11.405,-17.3621,-14.3344,-11.5896,-3.2588,-2.7193,-22.6512,-25.6675,-14.7425,-20.1226,-5.3183,0.5359,-7.2661,-5.829,5.585,-3.397,-6.2925,12.5343,11.5545,10.6875,4.8117,21.0891
usa_NC_0033_0004,21,-2.325,6.2,-13.7667,-5.96,16.7897,5.8,11.95,3.3588,-11.2588,-12.81,-12.7941,-8.4308,0.5083,-0.4,-21.9692,-24.3556,-11.6625,-19.9882,-5.4533,2.285,-4.235,-6.844,4.18,-4.6,-6.5,10.0714,16.8378,7.85,4.1367,21.3257
usa_NC_0033_0005,21,-3.3912,8.0857,-9.8032,-2.741,18.5024,9.7812,10.9934,5.0635,-10.5555,-12.1325,-9.5025,-5.1066,4.5857,4.8982,-17.85,-23.1087,-7.1343,-14.8025,-3.361,2.3541,-5.8693,-10.1661,8.5045,-6.0543,-3.5698,9.4643,20.1506,9.3757,4.2457,18.0514
usa_NC_0033_0006,21,-4.3733,9.5333,-7.781,-0.101,18.6432,13.6236,10.1998,4.1635,-7.8676,-16.156,-1.331,-7.431,6.6746,6.769,-14.0872,-24.9221,-6.801,-9.881,-6.7622,0.619,-4.7125,-13.2381,4.3128,-8.7851,-6.701,9.5535,20.5866,6.019,3.3524,14.7485
usa_NC_0033_0007,21,-4.7542,9.3952,-7.273,1.2256,16.5002,13.2731,9.7304,2.9557,-10.0419,-8.2927,0.2238,-8.0773,7.0159,7.1631,-12.4432,-26.7752,-4.4419,-9.7494,-6.5443,-1.8952,-5.5143,-16.4319,1.2937,-13.8402,-8.8696,7.8648,17.0705,4.0106,0.4548,9.1852
usa_NC_0033_0008,21,-4.2659,9.3,-4.6651,-0.7991,12.433,10.481,9.5418,1.2042,-12.6304,-4.8214,1.7429,-7.0679,5.2571,8.1321,-10.9304,-25.904,-4.2929,-10.5829,-9.385,-4.1429,-8.0469,-16.8635,-2.8723,-17.6701,-11.1071,7.9227,12.6923,2.8254,1.2105,2.7336
usa_NC_0033_0009,21,-4.7055,10.4143,-4.2841,-3.3473,7.2887,6.2667,10.2099,1.0244,-12.7756,-2.6593,2.0764,-6.5363,3.7767,10.9429,-9.4815,-24.9619,-3.0175,-11.0019,-7.3571,-6.3901,-7.6112,-19.8386,-7.6286,-18.4381,-13.8071,5.1714,9.4876,1.2031,-1.8619,-1.9756
usa_NC_0033_0010,21,-4.4597,9.1524,-2.9905,-4.5493,4.8095,4.5913,11.2788,0.8448,-11.8217,0.4249,1.3895,-7.4828,2.4043,14.2238,-7.028,-22.896,-4.378,-10.5022,-7.2095,-5.4405,-10.4992,-21.7629,-11.6964,-21.5429,-16.6833,1.5489,7.4474,-1.1636,-5.1647,-4.8758
usa_NC_0033_0011,21,-4.7729,7.881,-1.7746,-5.2955,4.7706,2.2952,11.9233,2.8339,-6.8815,2.9738,0.1494,-5.519,3.4494,16.701,-5.6927,-21.4565,-5.0635,-7.8559,-8.419,-4.979,-9.3234,-21.4466,-12.594,-21.979,-16.3762,-2.789,4.7647,-3.5654,-6.0287,-4.269
usa_NC_0033_0012,21,-6.2527,9.7714,-2.4032,-6.2555,2.8133,1.081,11.4413,3.7107,-5.45,-1.0876,-0.1617,0.9429,1.2957,17.219,-3.681,-20.621,-4.2476,-8.8921,-7.7743,-6.1849,-13.1018,-22.5179,-16.5421,-22.3143,-19.3876,-7.2735,-0.2494,-4.0972,-10.0917,-6.8829
usa_NC_0033_0013,22,-5.5374,8.0571,-0.6476,-6.9966,-0.7867,1.3714,10.3339,3.2011,-3.3261,-5.0555,-2.2301,0.7071,-1.019,19.919,-3.8698,-19.681,-3.681,-10.2202,-14.3774,-6.1966,-16.9503,-22.8921,-20.2617,-23.581,-22.721,-8.2624,-2.6197,-5.2568,-12.753,-9.5337
usa_NC_0033_0014,22,-5.3304,10.1952,0.4286,-6.5437,-2.8002,1.221,8.9286,2.3048,-2.5013,-6.1557,-4.3108,0.5542,-1.5857,21.8369,-5.577,-20.4738,-3.6952,-9.7943,-17.3714,-10.0048,-18.6301,-21.6458,-23.5581,-24.6381,-24.5248,-10.6131,-5.357,-8.3406,-15.48,-9.6464
usa_NC_0033_0015,22,-6.3293,12.731,-0.0524,-5.4968,-4.8144,0.7714,4.9217,0.5548,-1.8968,-7.3635,-5.966,-1.419,-5.3997,23.1726,-5.469,-21.9738,-4.4774,-8.2968,-15.6413,-10.9143,-21.0232,-19.1982,-24.0524,-26.6574,-26.481,-13.8005,-7.474,-8.5974,-18.5814,-15.2218
usa_NC_0033_0016,22,-5.9121,10.5071,-0.2429,-6.0317,-5.9325,0.1667,3.5238,-0.2659,-3.3817,-10.104,-7.4333,0.5571,-6.2151,22.3571,-10.1786,-20.2741,-7.9179,-9.0762,-15.0797,-12.3211,-21.5179,-19.0255,-25.8984,-28.2857,-30.9275,-14.0058,-6.5888,-10.6629,-21.13,-16.6179
usa_NC_0033_0017,22,-5.2352,9.5238,-1.4317,-5.6873,-6.998,-0.4619,3.209,-2.0813,-4.3782,-9.5873,-8.4476,-1.989,-10.2786,11.1821,-11.4429,-20.8054,-7.2857,-12.0782,-15.8193,-14.9559,-25.5211,-20.095,-29.2323,-30.5304,-36.7156,-16.236,-6.5699,-12.9429,-22.1695,-19.004
usa_NC_0033_0018,22,-5.6106,9.2714,-2.2841,-6.0216,-6.378,-2.5143,1.9159,-2.7286,-3.0015,-11.6742,-9.7802,-4.1183,-9.7667,2.6448,-14.4452,-19.8327,-8.2577,-14.807,-14.4619,-16.1213,-30.9994,-26.5498,-33.511,-33.5911,-38.8152,-15.9131,-6.7196,-16.9708,-23.3652,-22.4869
usa_NC_0033_0019,22,-5.0945,7.7786,-2.1603,-4.8767,-6.3714,-3.5143,1.0952,-3.5548,-3.1832,-14.6891,-10.4937,-5.0637,-9.8945,-3.4381,-16.3214,-16.6152,-4.8,-18.4825,-17.5777,-18.1236,-32.0366,-28.4143,-38.6872,-35.3256,-39.4442,-18.0956,-7.9606,-20.3544,-24.6981,-21.9714
usa_NC_0033_0020,22,-4.7242,7.3476,-2.5857,-1.4383,-5.4064,-3.0905,0.7476,-3.5286,-3.4607,-16.892,-11.4302,-4.8088,-10.8626,-4.1429,-17.5319,-14.0607,-5.819,-21.619,-19.7045,-19.1774,-35.1407,-31.7084,-42.6257,-38.264,-38.7857,-20.1271,-11.6533,-20.2247,-27.1724,-25.71
usa_NC_0033_0021,22,-6.1187,10.5929,-3.5349,0.2113,-4.0847,-3.6619,0.2005,-4.2305,-2.3884,-16.9705,-11.1887,-10.9214,-9.5786,-7.6429,-14.6871,-13.2127,-4.9905,-25.0924,-21.5505,-22.205,-37.5021,-35.0333,-46.739,-39.4651,-38.3349,-20.3429,-11.9436,-21.2913,-29.5471,-29.049
usa_NC_0033_0022,22,-5.537,10.3643,-3.9746,0.3424,-3.3282,-5.7571,1.1245,-4.8641,-1.4524,-15.299,-12.1746,-9.5167,-10.7124,-12.469,-19.3357,-12.8524,-8.7724,-26.8406,-24.239,-26.4698,-37.9734,-41.8004,-52.466,-40.7899,-40.8524,-24.4024,-12.9632,-23.1426,-31.639,-28.1024
usa_NC_0033_0023,23,-5.6011,11.7476,-4.0746,1.1511,-3.159,-7.081,2.4181,-6.2436,-1.8302,-17.7857,-11.3647,-12.9039,-13.6857,-8.8732,-22.244,-13.7286,-11.5079,-28.4798,-25.9124,-29.7381,-41.7802,-47.1894,-56.9766,-44.7482,-39.9357,-29.345,-14.7668,-22.8101,-36.2324,-31.8385
usa_NC_0033_0024,23,-6.5271,13.269,-6.0254,0.2559,-3.6258,-10.6857,1.5152,-6.0652,-5.221,-18.091,-13.602,-15.1886,-13.6754,-13.806,-23.6425,-13.9286,-13.831,-29.7185,-28.4276,-33.196,-44.8754,-52.0292,-56.5198,-47.789,-45.5143,-33.0345,-15.9404,-25.7517,-38.7243,-34.3032
usa_NC_0033_0025,23,-5.6319,11.2143,-4.1857,0.1248,-3.0443,-11.981,1.4476,-5.9436,-6.4324,-17.4766,-13.9699,-16.2165,-14.7173,-15.0079,-22.1045,-10.5057,-17.819,-31.0034,-26.8457,-37.269,-44.4079,-54.5631,-59.9034,-51.3031,-50.0857,-33.7547,-17.5398,-28.454,-39.489,-35.1722
usa_NC_0033_0026,23,-5.5758,11.769,-5.9143,1.0541,-3.435,-12.0381,-0.8698,-5.6722,-4.8943,-16.9912,-11.6193,-20.6527,-14.6667,-19.3143,-22.8643,-13.9032,-22.1043,-31.9143,-27.4849,-42.5276,-47.8619,-58.8362,-61.9754,-55.2099,-56.9234,-37.8046,-20.8873,-31.0436,-42.561,-38.1087
usa_NC_0033_0027,23,-6.0791,12.1952,-7.7048,0.1075,-3.4266,-12.5476,-1.5677,-5.6381,-2.1781,-12.8791,-13.9571,-20.5714,-14.2286,-26.0048,-23.527,-18.5188,-26.6814,-34.4603,-26.777,-49.5786,-50.0845,-61.0214,-61.8925,-60.2453,-64.1714,-41.3553,-23.2309,-35.6178,-42.9714,-40.4575
usa_NC_0033_0028,23,-6.5352,11.8071,-7.1317,-0.1429,-1.2015,-12.5429,-0.8095,-5.3534,3.4009,-11.4429,-15.5079,-21.3857,-13.9168,-25.6729,-22.6484,-18.9179,-27.454,-34.9076,-24.0929,-51.9198,-52.3385,-60.1848,-60.654,-63.5929,-66.7762,-42.8558,-26.905,-37.2941,-41.8138,-39.2762
usa_NC_0033_0029,23,-6.6608,11.1905,-8.6651,-1.1446,-1.4348,-12.8989,-0.9614,-5.2373,3.1926,-11.7162,-16.7524,-20.4223,-14.2905,-28.0162,-21.6288,-21.804,-27.8984,-36.5262,-28.8412,-54.3147,-57.3398,-60.8829,-62.5644,-68.8153,-71.9162,-44.8076,-31.787,-39.1957,-44.2568,-41.8595
usa_NC_0033_0030,23,-7.3172,12.7405,-9.5984,-2.5253,-1.8509,-11.5732,0.8127,-6.0206,-0.8408,-12.5095,-16.8095,-20.6667,-14.5429,-31.1317,-23.481,-21.8095,-31.7984,-39.6779,-30.2395,-56.0295,-61.3878,-61.5995,-66.2566,-72.5617,-71.3095,-44.1429,-33.2528,-39.2827,-44.5902,-42.8798
usa_NC_0033_0031,23,-8.1623,10.6619,-8.7349,-3.7449,-0.0548,-8.3147,2.4984,-7.346,-3.7381,-11.5738,-17.8088,-17.1952,-14.2465,-28.1238,-29.7238,-23.5405,-32.1905,-40.9944,-32.0571,-55.4801,-65.3155,-64.956,-70.9405,-74.0429,-71.2003,-42.8926,-35.2995,-40.0336,-43.2496,-41.9049
usa_NC_0033_0032,23,-7.907,10.6381,-10.2984,-4.0815,-0.121,-6.5898,2.409,-6.7824,-2.7548,-16.0548,-18.3162,-15.9295,-15.2595,-26.254,-34.9333,-28.6151,-28.5095,-42.9174,-34.6238,-52.9997,-69.8522,-68.0688,-73.1341,-73.2262,-74.4637,-48.3162,-36.1302,-41.8103,-44.7084,-42.214
usa_NC_0033_0033,24,-7.1905,10.1952,-12.146,-3.9642,0.2475,-4.4905,2.8651,-4.7771,0.4484,-16.328,-17.2087,-15.269,-16.0597,-30.6349,-39.4143,-34.2071,-31.6127,-42.7342,-38.1055,-54.1627,-69.0488,-68.0597,-73.9536,-74.2905,-74.8905,-52.6205,-36.2229,-40.3173,-42.0582,-39.7063
usa_NC_0033_0034,24,-6.8681,11.4571,-10.7032,-3.7932,1.9271,-0.8916,4.0339,-3.258,4.669,-14.7908,-17.1012,-14.9989,-15.6223,-41.081,-42.6571,-40.9768,-31.6043,-41.3705,-40.7406,-52.9459,-68.206,-67.306,-71.4893,-74.9381,-72.1076,-51.4039,-34.0764,-38.4899,-40.1562,-38.0629
usa_NC_0033_0035,24,-6.974,11.5524,-11.0714,-3.2837,2.0814,-0.8874,3.4175,0.1881,7.9175,-16.4798,-17.3613,-14.219,-18.0395,-37.3381,-46.0206,-42.589,-33.0937,-42.4283,-44.0048,-54.6476,-66.8548,-67.7091,-71.9098,-77.1874,-72.969,-49.9496,-34.248,-37.7731,-39.679,-36.7183
usa_NC_0033_0036,24,-6.9103,10.7381,-13.4333,-2.9123,2.8563,-2.8029,3.8333,0.3095,6.6431,-14.9039,-18.1048,-13.8533,-18.8667,-33.0619,-47.2275,-45.2386,-33.5458,-44.651,-44.7833,-54.1725,-65.9152,-69.0042,-72.85,-79.381,-72.0333,-49.1954,-34.9468,-36.1504,-38.6301,-35.4495
usa_NC_0033_0037,24,-6.6755,10.519,-13.5857,-2.8103,3.3476,-2.8959,4.8847,0.1619,2.5829,-14.3746,-16.5333,-13.0216,-20.6261,-32.7238,-49.5524,-48.5576,-38.3524,-44.6171,-50.6746,-53.5872,-65.3751,-68.6887,-75.4787,-80.9399,-72.8424,-47.0257,-35.2708,-36.8402,-38.233,-36.4172
usa_NC_0033_0038,24,-6.4414,7.8619,-13.3175,-1.4058,3.4358,-2.3083,5.3974,2.2125,0.1214,-14.8702,-19.1905,-13.4952,-19.6008,-33.2524,-49.364,-48.8058,-35.2381,-45.7119,-48.7952,-53.8431,-64.9143,-69.3552,-75.6002,-79.7952,-69.1771,-45.4952,-36.6347,-38.2148,-38.4307,-36.852
usa_NC_0033_0039,24,-5.8242,4.3714,-12.7524,-0.9489,4.5764,-2.7509,6.5874,4.5143,-0.1746,-15.8457,-21.2557,-15.0774,-20.1798,-33.5357,-48.1857,-46.2302,-34.6286,-45.3302,-53.4445,-52.6357,-65.0757,-68.2571,-74.5157,-75.8312,-66.4221,-46.8957,-35.112,-36.1955,-37.4276,-38.2579
usa_NC_0033_0040,24,-4.7821,8.4333,-12.4667,1.1596,4.392,-1.4971,4.6519,3.7905,0.2271,-13.9952,-20.9917,-13.6667,-20.7902,-34.8167,-47.0267,-41.214,-34.9267,-46.0825,-53.5196,-54.2188,-63.0567,-66.6714,-72.5238,-76.9014,-67.6867,-50.2452,-34.6851,-37.1764,-36.9763,-41.4028
usa_NC_0033_0041,24,-4.0333,8.5524,-12.4556,1.3825,4.5736,-1.3681,3.1852,3.44,0.5167,-14.9976,-21.4386,-15.5933,-20.6889,-32.3333,-48.9133,-42.9905,-33.7889,-48.7627,-54.5271,-54.2246,-61.4033,-65.2167,-67.9594,-75.2015,-68.2889,-48.3869,-36.4465,-38.3675,-38.8753,-42.6694
usa_NC_0033_0042,24,-3.7136,8.0667,-12.4349,0.1516,3.7233,-0.1296,2.6836,3.2674,-2.901,-14.3212,-21.8905,-19.0238,-18.3516,-31.9127,-51.6476,-40.9723,-35.5794,-49.6115,-57.2971,-51.7,-61.8155,-61.5559,-66.1035,-73.803,-67.5705,-50.1119,-34.8221,-39.4588,-40.6614,-40.6627
usa_NC_0033_0043,25,-3.5227,6.6476,-12.0825,1.4356,3.8791,2.1983,2.9619,3.4461,-3.6118,-14.2472,-22.2603,-18.0017,-18.6756,-34.4131,-53.0314,-38.5381,-36.9159,-51.1992,-56.8581,-51.4095,-57.6081,-57.1766,-67.8426,-71.5631,-70.4017,-52.7344,-34.5513,-39.2918,-43.1445,-38.077
usa_NC_0033_0044,25,-3.4637,4.5857,-12.927,-0.0451,2.8113,1.8286,0.5747,1.7233,-6.2814,-15.926,-23.5659,-18.133,-20.6264,-33.2825,-55.1083,-43.103,-36.0169,-52.8714,-58.3286,-51.327,-61.8014,-58.1321,-67.0244,-71.0497,-72.9896,-54.3821,-39.1767,-41.4007,-48.4037,-42.5353
usa_NC_0033_0045,25,-3.8952,4.0762,-13.4619,-0.9584,3.1772,2.8184,0.0663,2.4784,-6.6897,-19.7861,-20.2652,-15.026,-22.2381,-32.8286,-55.8095,-45.4619,-42.1225,-55.5835,-58.5541,-52.9702,-62.5571,-57.5049,-70.8058,-68.6498,-79.9952,-52.8519,-42.8426,-42.9571,-49.163,-43.6675
usa_NC_0033_0046,25,-4.0978,2.8286,-13.7175,0.7451,1.6714,3.1942,-1.8046,2.327,-5.805,-20.1516,-20.2586,-15.8143,-21.7786,-37.2786,-57.9286,-47.6161,-43.0195,-62.5008,-57.6286,-54.1071,-65.172,-58.5286,-73.1836,-66.2762,-80.5152,-55.0886,-45.6312,-45.2333,-50.0866,-45.7813
usa_NC_0033_0047,25,-2.8227,-0.481,-11.7825,1.8777,1.5309,3.8892,-1.2061,2.7675,-2.1193,-18.6458,-19.2143,-16.1381,-21.1881,-29.627,-57.4619,-48.377,-42.5654,-65.4756,-55.7181,-52.5667,-65.3221,-59.48,-76.0802,-66.7131,-79.1693,-58.2348,-43.567,-46.7722,-49.7704,-45.5786
usa_NC_0033_0048,25,-2.4128,-1.9238,-13.6,1.8386,2.5033,2.5594,-0.1551,5.6439,-2.4431,-20.75,-17.2817,-15.2821,-18.7493,-30.9417,-57.0848,-48.9035,-44.3867,-67.2722,-55.3905,-52.2513,-62.1319,-60.3183,-76.4389,-67.453,-78.8542,-60.6042,-40.7396,-49.5667,-48.7699,-42.3056
usa_NC_0033_0049,25,-2.1487,-2.0476,-14.1667,1.1614,2.4828,0.0362,-0.1679,6.0825,-0.4922,-23.8152,-16.1983,-14.5667,-18.3606,-28.4619,-54.2792,-51.9333,-44.9333,-62.9444,-52.2152,-46.8867,-60.6083,-62.2567,-74.8333,-69.5524,-79.7396,-62.2333,-39.5036,-49.5553,-47.4785,-39.7162
usa_NC_0033_0050,25,-1.8289,-0.5571,-12.8127,1.0043,0.0662,0.14,-0.1789,6.4253,-1.6846,-26.1136,-15.6805,-17.0488,-15.6992,-22.128,-52.9185,-52.0738,-48.5705,-60.2747,-50.0857,-43.5438,-59.0571,-63.7476,-71.8349,-69.5747,-79.603,-62.926,-40.1642,-49.2954,-48.1937,-36.6619
usa_NC_0033_0051,25,-1.941,-2.4167,-13.8444,-1.3807,-0.3816,-1.1551,-2.1718,5.8778,-6.28,-31.1026,-15.0233,-9.0976,-16.4053,-21.4583,-53.2507,-51.8039,-49.9233,-62.3444,-48.3381,-41.1889,-57.6295,-63.6869,-70.4583,-67.9228,-78.8833,-62.8954,-40.7439,-48.4016,-49.0882,-32.7305
usa_NC_0033_0052,25,-1.8894,-2.6714,-17.0825,-5.0837,-1.5255,-3.5222,-3.1568,2.0015,-7.5492,-37.0448,-15.1837,-10.6048,-18.5471,-26.019,-54.432,-48.7798,-44.2798,-61.8636,-48.7571,-41.1459,-59.9768,-64.9394,-71.3366,-69.4714,-79.6048,-61.3461,-42.0732,-49.5048,-49.179,-33.7419
usa_NC_0033_0053,26,-1.2209,-4.6286,-17.873,-6.4654,-0.9786,-4.6764,-6.494,1.2981,-11.2636,-39.1168,-13.2636,-7.7901,-20.2747,-24.5571,-52.1058,-51.7686,-43.4661,-59.5161,-48.6136,-43.5841,-61.0747,-63.4766,-70.4558,-66.2286,-79.6161,-60.3631,-42.2207,-48.5286,-48.4512,-29.1229
usa_NC_0033_0054,26,-1.0703,-4.9024,-16.819,-7.0594,0.9536,-4.9857,-6.7434,1.4705,-10.6157,-38.8681,-10.1903,-4.7473,-21.0857,-22.9024,-49.0903,-49.4563,-44.2857,-52.3079,-46.8757,-42.7619,-59.8817,-58.6944,-66.8907,-65.8657,-76.0724,-54.8616,-37.1515,-46.193,-44.3341,-24.9429
usa_NC_0033_0055,26,-1.1685,-3.8595,-20.7984,-7.6972,0.1917,-6.7718,-8.1202,-0.5119,-9.1527,-42.2938,-8.008,-6.2029,-24.0429,-29.8476,-48.5095,-47.9762,-40.0095,-49.3115,-48.7712,-43.4371,-56.3762,-54.2619,-64.7867,-68.9952,-71.7531,-51.5595,-34.163,-42.7445,-41.8472,-22.0305
usa_NC_0033_0056,26,-0.5817,-2.5214,-21.5381,-5.8153,0.9095,-7.7743,-6.7968,0.2452,-8.5224,-41.7714,-11.5639,-7.8619,-25.0098,-27.6762,-46.5812,-43.4992,-36.0048,-44.6695,-47.5048,-43.0308,-52.7135,-49.1091,-61.9627,-65.7448,-70.5748,-46.1919,-28.0284,-37.8292,-35.337,-17.0448
usa_NC_0033_0057,26,-0.9234,-0.7286,-19.5952,-5.7356,3.1202,-7.9574,-3.4139,3.6167,-2.4397,-37.2409,-10.7165,-12.4388,-24.4063,-22.8762,-43.909,-33.8724,-29.1619,-34.5678,-42.2266,-39.2663,-49.8452,-45.7952,-56.983,-61.6161,-62.6619,-38.0205,-21.7856,-30.3869,-27.4813,-12.0813
usa_NC_0033_0058,26,-1.0322,0.2857,-16.4254,-5.0792,3.8238,-6.5567,-0.4796,5.0062,2.7357,-31.2921,-5.9476,-10.0938,-22.5006,-16.9726,-36.3476,-24.83,-21.019,-31.0532,-37.7414,-34.4911,-45.2143,-41.9048,-51.8576,-53.3158,-57.6113,-31.12,-20.1266,-26.0126,-23.9121,-10.5226
usa_NC_0033_0059,26,-1.9634,3.7238,-16.8317,-6.4622,3.5548,-5.1141,1.0665,8.5476,7.628,-29.7595,-4.5937,-7.8881,-22.1625,-19.147,-29.1908,-18.1625,-16.522,-27.7095,-27.4984,-28.1137,-42.1323,-39.8048,-49.8667,-47.7095,-51.0795,-24.606,-23.154,-24.6711,-18.516,-10.4345
usa_NC_0033_0060,26,0.2011,1.3024,-11.0393,-4.8248,5.7719,-3.7143,3.5297,11.2324,7.1232,-27.5276,-0.6943,-9.4705,-21.2261,-16.0393,-21.3543,-8.6353,-11.6698,-23.1268,-19.1908,-26.7925,-39.2429,-36.6952,-43.323,-41.1935,-45.1365,-20.8489,-23.9254,-24.5835,-16.5853,-10.8171
usa_NC_0033_0061,26,0.7128,0.4833,-7.0583,-0.5722,9.7287,-0.5061,8.6821,15.8479,12.0961,-16.2641,3.5877,-6.5133,-13.4333,-6.0033,-5.3067,2.7476,0.2556,-12.798,-10.0267,-19.2152,-30.6857,-29.4179,-31.0464,-28.2333,-32.3333,-14.6526,-11.5886,-14.2667,-6.314,-6.1275
usa_NC_0033_0062,26,-0.2198,3.5738,-3.7304,0.9905,12.064,-0.5292,10.2687,17.494,13.1277,-11.3845,8.2045,-2.7352,-10.1017,0.5794,2.7571,6.9621,4.9446,-4.4134,-2.0362,-13.9238,-25.4701,-23.9736,-23.911,-21.5275,-22.4247,-13.2058,-4.4981,-10.1377,-1.7525,-5.0723
usa_NC_0033_0064,27,-0.5919,4.1952,-2.6006,6.1119,13.6516,3.7028,11.1773,18.9461,7.2452,5.9119,13.8724,3.8476,-0.3699,11.2619,19.7048,13.3093,12.4528,10.0678,14.5307,-8.7734,-20.6699,-19.1248,-9.1081,-12.4839,-12.7881,-4.1209,5.6987,-4.5756,5.9525,-0.2704
usa_NC_0033_0065,27,-0.8586,5.3952,-0.7423,8.2175,14.1228,4.8589,12.8645,20.2689,2.307,18.7452,19.7802,6.9619,4.4271,15.7352,25.7095,15.2077,14.3407,16.889,19.0341,-9.619,-19.5756,-16.3725,-2.9619,-9.2439,-8.836,-0.2725,9.99,1.0252,8.7077,0.4894
usa_NC_0033_0066,27,-0.7678,5.481,-0.0149,9.6032,12.9869,4.6794,13.4745,21.0976,4.8976,35.1143,23.7619,8.941,8.3158,24.481,32.8667,18.0032,15.0476,23.3789,23.8108,-8.7452,-17.3399,-12.4556,2.4926,-0.4667,-4.4711,3.3186,14.5239,6.8976,12.6573,3.8211
usa_NC_0033_0067,27,-0.6172,3.9905,1.8155,9.7016,9.1525,4.6177,12.3905,22.7326,7.4375,38.3821,24.2524,9.3705,13.4655,31.3905,36.8223,20.0849,15.6105,24.1155,23.4619,-6.2403,-15.7815,-9.6795,5.8205,1.8667,-0.4908,7.1177,18.3743,12.2805,14.0582,8.7405
usa_NC_0033_0068,27,-1.3813,3.4071,2.2196,9.6905,7.0916,3.4026,9.2148,22.7677,8.0101,41.9753,23.781,11.3648,15.7658,31.3127,39.7354,17.8627,17.6127,26.8009,22.9935,-2.9571,-15.3669,-3.9393,8.4782,4.8117,1.2196,8.0971,17.8808,14.8246,14.0571,11.113
usa_NC_0033_0069,27,-2.2912,3.9524,3.5482,12.1357,9.2271,3.2903,8.4242,24.5436,13.0913,46.3274,26.3905,14.3857,19.2727,36.3714,39.3357,17.2802,20.6732,29.4739,22.5286,0.0257,-9.3623,1.7413,11.6246,10.7476,4.9545,9.3918,19.4462,15.7657,16.0567,15.6475
usa_NC_0033_0070,27,-2.6872,3.2833,7.2667,12.8111,9.9115,3.5348,8.5852,25.2298,15.3229,48.6417,25.2567,18.2952,22.7587,37.6292,43.2939,22.1902,16.9867,30.5961,22.3286,2.1389,-2.0872,7.0259,13.4417,14.8117,10.4729,12.3292,21.3851,16.4617,16.7247,20.5255
usa_NC_0033_0071,27,-1.6483,1.0683,6.56,9.2128,6.3143,1.0214,3.6276,22.0961,16.0017,44.3965,19.765,18.3042,20.7646,36.2207,41.4255,25.135,16.015,30.26,19.235,3.0294,1.8888,10.2696,16.7683,15.4613,8.9725,13.7247,23.9192,17.2825,16.8318,20.5085
usa_NC_0033_0072,27,-1.8498,1.681,9.606,14.028,9.981,5.3219,5.8772,21.7076,22.1178,45.161,20.506,21.9595,24.5847,38.7976,44.9476,25.481,26.3524,36.1872,23.261,10.1421,11.0925,18.333,26.1537,24.3494,16.2872,20.7776,33.1046,24.8435,23.3261,29.1339
usa_NC_0033_0073,27,-0.8004,-0.5905,14.3756,18.7793,14.3914,10.1154,9.9714,25.0193,28.8017,46.0648,22.5816,26.9238,28.1541,41.0214,48.9286,30.6048,26.9581,41.6159,27.6631,20.8381,17.9101,29.1714,36.6118,32.1981,22.5781,29.476,44.0651,37.3931,30.0897,37.591
usa_NC_0033_0074,28,-0.5055,2.5286,13.6048,21.2479,17.8848,13.5396,11.227,25.8429,32.1414,41.8981,23.4671,31.0143,27.8236,38.1714,48.9492,35.2767,25.5339,44.8832,29.0614,25.4169,23.9048,40.0214,43.4992,38.0584,23.4786,35.6335,51.1444,45.0414,35.7295,42.6332
usa_NC_0033_0075,28,-0.722,5.0286,15.2968,21.5092,20.7524,14.1312,13.0672,26.6571,32.5383,37.7857,24.7675,34.8857,28.081,39.3857,50.3798,37.7857,33.2732,44.821,31.5407,27.477,24.2024,47.8766,45.4524,37.1982,22.1857,39.5099,61.2533,51.6782,40.0825,47.7739
usa_NC_0033_0076,28,-1.7212,8.7381,17.2206,22.1448,25.1129,16.6777,19.9441,28.0952,31.486,35.5845,25.4667,39.3595,31.1622,39.1952,52.8895,43.1358,37.2095,46.5484,35.1201,30.4617,28.6895,55.4524,52.3253,37.9855,22.3695,47.0429,68.0636,60.1851,48.0224,53.3007
usa_NC_0033_0077,28,-2.263,10.2381,18.3746,22.423,26.4717,18.3828,21.637,31.031,33.3787,31.6586,24.8571,39.6062,34.5913,44.0024,54.8461,49.1857,42.7952,43.3635,33.5347,30.035,34.3433,58.4474,56.9877,36.9764,23.3433,50.9257,74.6037,67.7451,52.133,56.1818
usa_NC_0033_0078,28,-2.274,9.0667,21.0508,23.1952,25.9307,19.7431,24.0323,33.0029,34.3452,30.9686,28.3302,45.6886,37.7011,47.8577,56.5819,50.8952,46.5238,41.5129,33.3188,33.0911,36.2,65.6952,60.7321,40.9392,28.868,57.8533,79.0925,76.3148,57.163,59.7276
usa_NC_0033_0079,28,-2.9608,8.881,21.1127,21.5975,24.3109,21.3673,23.4164,35.5038,36.1238,29.4167,29.3938,45.7176,38.2768,46.1613,60.9238,52.2048,47.1238,40.6709,33.3356,32.376,37.9429,67.9286,62.6193,39.1815,31.2538,60.0135,77.5373,81.2384,60.2012,61.0473
usa_NC_0033_0080,28,-3.5619,7.5524,20.327,19.1486,22.5639,23.899,23.7804,35.1781,38.277,28.5227,31.9486,47.8693,41.7881,44.4631,59.4381,51.7048,48.6381,35.0557,31.6448,32.2511,45.7531,67.3341,65.3017,40.6506,34.4714,63.0024,78.3786,90.8722,62.5026,65.5234
usa_NC_0033_0081,28,-4.3403,6.9762,20.5238,18.2905,20.6098,24.7427,25.5328,35.2552,39.0378,26.1212,39.4221,48.2048,44.6199,49.046,57.7405,50.8132,49.4349,29.596,30.1305,32.4095,45.5132,71.2385,64.1268,41.8016,43.4305,70.3251,82.9445,97.5978,69.426,71.814
usa_NC_0033_0082,28,-5.1718,10.0952,21.0889,17.5404,20.1086,26.2971,28.4556,37.0825,38.0351,28.0667,48.0035,48.031,45.0078,50.6292,52.92,51.1985,51.9667,27.6314,28.7467,33.2017,46.5076,74.2551,66.0617,44.3333,51.1394,71.2952,88.8417,103.0325,71.5344,76.9049
usa_NC_0033_0083,28,-3.644,10.1571,21.7937,16.303,19.0714,29.1453,30.4455,36.9977,36.0504,31.1214,53.4188,50.9848,45.3987,55.0159,53.6314,51.3524,59.3298,26.5891,32.1181,36.8103,51.9571,77.4749,69.142,47.8676,57.1214,75.5464,93.1353,103.4939,78.3682,82.3332
usa_NC_0033_0084,29,-2.7905,11.1095,23.3651,14.499,20.1515,32.4095,33.7873,40.2937,35.5625,37.7368,60.1306,52.1533,47.7323,56.254,53.2381,52.7873,63.3459,29.0154,32.0213,37.9029,55.5095,79.8676,70.7201,52.0575,59.2249,79.8547,97.2234,103.4745,80.4902,87.4889
usa_NC_0033_0085,29,-2.6828,11.0952,22.272,13.904,21.0224,35.5226,37.491,42.754,36.922,45.8172,66.1286,54.7095,47.5913,56.7295,56.3145,54.7622,67.1004,29.0881,32.0358,40.5381,57.2095,80.7773,73.2195,54.2887,59.972,85.1773,100.3984,101.7445,86.1482,93.3742
usa_NC_0033_0086,29,-2.9612,10.7333,18.0369,12.9619,21.8716,39.6402,41.6619,42.9619,39.1443,50.4081,66.5333,53.9307,46.0952,56.9952,55.771,56.6319,70.8519,30.2419,35.6937,45.169,60.7979,81.3986,78.1409,57.9619,61.2307,87.6588,104.7397,103.9244,89.1909,95.9354
usa_NC_0033_0087,29,-2.8099,9.5143,16.4411,10.2452,22.2995,41.246,45.3471,44.4391,41.8462,50.1702,65.1336,52.0952,45.1503,50.5286,53.8377,53.9549,70.7952,32.5697,37.1377,48.8132,60.9661,79.3086,80.5812,57.974,60.0973,90.4886,105.6857,104.0011,93.7963,99.5021
usa_NC_0033_0088,29,-1.9821,8.4619,13.6083,8.4944,21.8882,40.2986,47.0481,45.6912,44.2627,49.6515,59.7,50.5333,42.6942,46.719,51.7,51.4702,60.4333,32.3633,37.9561,51.5867,61.1813,77.0437,81.3167,62.1742,61.6396,90.7365,106.5306,104.0553,93.6011,98.8933
usa_NC_0033_0089,29,-1.5637,7.3571,13.1911,9.1897,21.2834,40.4851,47.4516,46.5707,43.9675,49.4786,55.3143,48.1132,39.7577,42.5714,48.8195,50.4462,51.4986,31.3496,36.7,55.0536,61.8046,75.4179,82.8521,64.8048,64.4223,91.4379,107.9813,103.1627,95.2221,100.8657
usa_NC_0033_0090,29,-1.3575,5.4667,11.2685,8.2587,20.2229,36.9128,44.6617,46.8532,38.2435,46.5381,48.551,47.0943,35.3194,39.281,43.0764,47.631,44.521,29.781,35.6905,56.9045,63.2217,74.1167,77.9178,66.2476,64.1622,92.1016,106.8837,99.8834,92.5229,100.161
usa_NC_0033_0091,29,-0.7352,3.8714,8.7821,6.1516,20.812,34.2571,44.8868,45.5983,38.9924,44.7101,43.8221,43.7071,32.2033,34.3405,38.3,45.6821,44.2071,28.6384,37.5981,56.5905,65.2495,72.0691,76.0221,65.0621,66.7259,94.4071,107.896,101.9596,88.8604,101.9257
usa_NC_0033_0092,29,1.259,-0.6333,4.9542,3.6389,18.8634,29.8348,38.3359,42.4042,34.2417,37.4889,37.7117,38.3738,26.809,30.5333,32.8143,31.3667,38.6167,27.6889,35.4117,55.7143,64.0551,67.6387,70.6561,60.2985,66.22,91.6218,103.1806,97.4057,84.1828,98.5924
usa_NC_0033_0093,29,1.7414,-2.0905,3.8077,2.573,17.8791,26.7725,35.1337,39.9452,33.3381,30.6952,34.017,34.0881,24.2518,28.0619,28.2742,28.4847,36.1202,28.0508,36.4502,53.4857,63.1202,67.2039,68.4847,60.3344,66.4352,90.3883,99.9119,91.8294,81.4339,97.3324
usa_NC_0033_0094,30,1.6337,-2.5333,1.6952,-0.7437,16.6243,21.5407,30.426,36.3238,34.1286,23.4163,29.6213,29.9381,20.1102,22.081,26.2305,24.8742,30.5327,25.2011,35.9552,49.9861,59.3911,65.7134,64.3841,57.2648,63.8369,93.0652,96.2008,89.1123,79.6888,94.741
usa_NC_0033_0095,30,0.5821,-3.219,-0.2583,-2.5228,14.528,15.1536,23.4513,30.5952,28.3035,12.4825,22.6048,26.54,16.5222,20.4524,21.7792,16.893,23.181,23.5078,33.5088,45.0121,57.4985,60.9848,61.0778,54.1897,59.6667,87.8441,89.0722,82.5203,76.3376,88.101
usa_NC_0033_0096,30,-0.141,-1.3476,-1.3958,-1.3278,16.1634,13.8319,20.7205,28.1881,29.6117,8.5617,19.7536,27.5939,16.3292,26.5381,20.1979,16.3982,25.1095,29.3611,37.2,46.6121,58.1971,59.5476,61.493,54.6947,60.4758,87.7033,89.9556,81.1959,80.0215,85.4524
usa_NC_0033_0097,30,-0.0927,-0.8905,-2.7494,-1.5175,15.6058,9.2881,15.165,24.0919,26.4881,4.396,16.7952,26.4881,15.6131,25.3825,17.1318,16.6381,23.3667,29.7881,36.8756,47.7017,57.1714,56.5095,60.417,54.2673,58.7835,85.8548,87.227,79.1113,81.9316,81.2646
usa_NC_0033_0098,30,1.548,-3.8476,-3.203,-0.946,14.6902,6.5777,11.5206,21.031,23.0929,-3.7155,14.6145,22.4952,15.3095,27.0845,21.431,17.1905,22.4317,30.2262,41.9448,49.1139,55.8905,53.4762,58.8545,56.1018,57.7195,83.7337,82.6956,76.3803,85.2353,74.7713
usa_NC_0033_0099,30,1.8143,-5.6571,-6.9107,-1.7635,13.1498,2.4779,5.9254,17.0876,21.6698,-5.6982,11.7248,17.5343,13.9921,26.4143,17.6543,14.7571,23.4698,31.208,46.783,46.6143,54.981,49.1795,55.1619,55.2181,57.6587,80.5212,80.1171,71.7436,82.524,71.4514
usa_NC_0033_0100,30,3.1617,-8.8407,-6.505,-4.0883,11.1869,-0.2914,1.7065,14.0517,20.7894,-6.7683,5.6134,12.7512,14.4894,23.3783,15.145,13.4754,25.6228,31.7839,48.085,46.6736,55.025,47.6719,54.5593,57.2672,58.985,77.914,76.4394,69.4725,80.9966,68.7593
usa_NC_0033_0101,30,3.725,-10.7607,-6.45,-6.125,8.8411,-3.1068,-0.2212,13.1861,20.1776,-5.175,2.5934,12.525,13.3721,22.6375,15.4893,12.7886,26.5917,35.8603,49.9783,48.04,54.844,45.9769,53.58,58.0287,57.7886,73.7766,73.4833,66.5201,76.9863,64.9611
usa_NC_0033_0102,30,4.6817,-13.4636,-11.9794,-7.2406,6.0715,-7.0395,-2.5965,10.6334,17.2755,-5.6077,0.5755,12.0958,14.22,27.295,18.6282,12.8241,31.685,42.8297,52.2275,49.1532,51.2317,42.9064,55.4983,57.5057,55.3559,68.325,71.0483,61.0357,73.894,63.1206
usa_NC_0033_0103,30,5.5517,-16.0364,-12.9872,-11.0817,1.9221,-10.8332,-6.1842,5.87,13.535,-12.14,-5.0761,9.0883,11.6393,23.025,14.725,10.2398,30.0714,42.9683,51.2083,49.3283,47.6214,41.2136,50.1572,57.283,49.535,65.8683,64.4544,57.4575,69.1511,57.8864
usa_NC_0033_0104,31,6.3133,-16.2021,-9.3672,-11.5082,1.7615,-11.8146,-5.6894,5.745,11.8106,-12.7164,-1.23,7.3612,13.1133,25.2186,15.995,10.3024,32.3732,44.655,50.7432,48.2764,47.28,38.755,45.9392,57.447,46.23,64.6615,61.2744,56.4479,66.6238,56.9717
usa_NC_0033_0105,31,5.4683,-14.24,-8.54,-10.8032,0.0245,-13.3748,-7.0474,5.9968,10.5306,-10.1067,1.06,6.0787,10.4509,28.75,18.0337,15.9547,33.6509,42.035,54.3758,46.8957,45.7252,37.6945,40.2863,58.2267,44.4975,64.7406,57.1378,55.7307,65.0756,55.3878
usa_NC_0033_0106,31,5.2617,-14.1479,-9.7494,-14.6155,-3.7018,-14.8528,-10.0606,2.8476,5.4839,-13.1121,0.7569,4.7387,11.9617,24.295,14.38,11.5331,30.825,45.0075,51.0521,42.0236,42.1993,34.2307,35.0161,52.982,39.1763,60.592,54.5506,53.6145,60.72,52.4117
usa_NC_0033_0107,31,5.8733,-15.1743,-10.5822,-15.8495,-5.3277,-16.3252,-11.197,1.8,2.2344,-12.8446,1.26,3.6267,12.3487,26.3956,11.4173,9.91,27.63,40.7347,51.153,37.2686,37.3942,30.8971,32.6344,48.7264,35.065,56.2606,52.4724,51.9424,57.54,49.2011
usa_NC_0033_0108,31,5.765,-13.2886,-8.2156,-15.7232,-5.131,-17.4991,-11.6254,2.99,2.3926,-8.935,4.0257,3.2186,13.5945,28.7525,11.5809,12.3505,26.42,41.7189,54.2448,33.0067,34.5483,27.9054,29.6789,44.9,34.1025,51.9733,52.0097,51.2302,57.2306,47.6067
usa_NC_0033_0109,31,5.7267,-12.7936,-7.4206,-14.4387,-5.7069,-17.3215,-8.6265,1.665,0.6406,-7.8221,7.63,7.4119,15.1393,28.6906,11.7139,16.335,26.035,38.3906,56.3588,28.1644,31.859,26.4773,26.8017,41.285,31.7287,51.4817,51.4683,51.8993,57.1944,45.9072
usa_NC_0033_0110,31,5.7417,-12.0179,-6.6639,-15.9066,-7.9556,-18.4228,-9.3827,-0.7487,-4.5312,-6.475,6.78,2.0917,14.6875,23.5625,10.6393,13.8838,28.025,39.0125,58.2726,26.4917,26.325,22.229,22.11,35.8092,26.3188,46.6905,46.4614,49.3445,52.3406,41.6417
usa_NC_0033_0111,31,5.6217,-12.1283,-3.6172,-12.8476,-6.1015,-16.0211,-6.6565,-0.095,-0.0318,-1.4421,11.29,4.3479,19.0383,29.3336,12.1098,13.3717,34.7939,46.6175,58.9002,24.6272,25.521,21.755,21.1261,36.6682,26.0183,48.8147,47.6262,50.5099,56.1706,43.0856
usa_NC_0033_0112,31,5.0833,-11.3833,-2.8611,-11.2395,-7.2952,-14.8761,-7.8115,-0.25,-1.66,-2.9389,12.7833,4.3571,19.2727,26.2,12.5447,13.0618,32.73,48.2833,56.115,20.5357,22.05,20.5,18.55,30.9239,24.4767,49.7948,46.225,47.7695,53.575,39.8056
usa_NC_0033_0113,31,3.4117,-8.93,2.9825,-7.9011,-5.9703,-11.2887,-6.0069,1.9612,0.555,-3.5432,14.8026,7.8129,22.3516,25.02,11.3575,15.12,33.2756,52.4259,49.6042,18.6745,19.8809,20.207,19.4478,27.6882,25.6771,50.36,45.9888,48.3907,53.7106,40.1367
usa_NC_0033_0114,31,1.7467,-6.6117,6.1175,-4.095,-3.5111,-4.2677,-2.0142,3.605,1.81,-0.295,16.5398,12.2621,26.9839,23.1479,9.9621,16.9828,34.88,55.1756,43.7103,16.0595,17.9868,20.1572,15.1828,25.5342,22.0828,53.135,48.1894,49.7172,58.5487,44.2994
usa_NC_0033_0115,32,-0.4583,-3.2,9.0,-4.1237,-1.9887,-0.0682,0.9923,6.0433,2.7658,0.4605,17.4214,15.1429,27.1559,26.2214,12.9567,18.2278,33.7,55.2853,39.3447,13.2773,15.4891,16.8976,14.1132,23.642,21.85,54.3328,46.7864,47.1238,57.8469,46.9222
usa_NC_0033_0116,32,-2.265,0.2517,6.535,-6.0597,-3.0134,3.3759,2.6427,6.4617,1.37,1.7,15.1441,15.4888,28.9725,23.2493,14.1064,20.8572,33.3207,52.2017,29.4174,11.3032,12.7941,12.9493,12.2139,19.887,19.105,55.0626,45.8168,43.7517,56.61,45.6215
usa_NC_0033_0117,32,-2.1824,-0.8857,7.5937,-7.718,-1.6866,6.926,4.4868,6.9786,1.6864,1.4603,15.6571,19.8071,29.5448,18.5714,13.9286,21.5083,32.1464,45.4159,21.595,10.754,11.4464,10.1381,10.3346,19.4714,18.6159,54.9281,44.6805,43.6929,55.1746,46.2606
usa_NC_0033_0118,32,-2.3454,-1.019,5.3905,-13.4236,-2.1562,7.7874,5.5969,7.9038,-1.6212,-1.6174,12.2138,17.2238,27.3356,15.1113,14.1777,20.1857,28.446,37.3238,13.9238,7.6556,9.4,4.5095,6.1429,16.2315,15.1138,50.6683,42.9905,39.7119,48.7638,41.1022
usa_NC_0033_0119,32,-2.7791,2.6714,4.273,-18.7083,-2.6811,9.1877,10.094,7.4661,-4.9381,-1.6964,10.2836,16.4756,29.5227,16.1063,10.3643,15.9786,24.6397,31.0756,7.0973,6.0104,7.4865,-0.4256,3.0238,13.8247,14.573,49.3434,41.8831,38.7944,41.4919,40.4718
usa_NC_0033_0120,32,-3.3938,6.8952,5.0746,-22.0055,-0.6637,11.2785,14.4857,8.57,-4.7371,0.7024,7.584,18.7924,31.1524,15.9924,10.3381,17.8238,22.9857,25.9413,2.9257,7.1674,9.4103,-0.1196,4.066,15.0667,19.1024,48.8265,42.4797,38.3762,34.7924,43.1362
usa_NC_0033_0121,32,-4.2377,4.0238,6.0794,-22.113,1.0593,12.5056,16.6016,11.5988,-3.8817,4.9705,7.6133,22.6952,34.4473,17.5738,13.3524,18.5571,25.2538,24.1613,-0.3829,9.787,10.1338,-0.4021,6.487,17.7497,17.1965,49.9738,42.4723,38.358,29.2305,44.2373
usa_NC_0033_0122,32,-5.2311,4.2381,3.9381,-25.5882,1.3026,9.679,16.9714,9.6331,-6.5008,3.9964,6.9881,23.7781,33.7667,18.6581,16.6539,19.8581,26.5048,18.6028,-6.3932,9.6969,11.8081,0.2418,10.0028,15.4141,13.9464,50.5529,41.0835,35.2991,24.7768,41.8894
usa_NC_0033_0123,32,-4.9234,4.8667,-1.1286,-29.2724,-1.8275,3.879,11.8727,3.3431,-11.0563,-4.0801,2.3659,21.2781,30.2905,15.0981,13.4731,15.0881,23.2745,13.6068,-12.156,6.9738,11.9905,-2.7067,11.7263,11.9339,8.7781,48.0864,37.6108,31.1238,17.1897,37.1111
usa_NC_0033_0124,32,-5.2883,7.2879,-3.2217,-29.1497,-4.7675,-0.7959,9.8565,-2.37,-14.2021,-6.8627,1.96,19.325,27.2879,12.545,10.04,11.1283,23.4541,5.6021,-18.2182,5.645,12.3711,-0.995,10.1274,6.605,6.5513,47.2002,33.248,27.9255,11.9418,32.418
usa_NC_0033_0125,33,-5.1767,5.69,-5.8656,-27.8574,-8.0975,-4.8509,4.642,-7.4626,-15.8162,-6.5975,-0.6195,17.8962,24.1248,12.88,8.8329,10.4005,21.35,-2.2833,-15.391,3.4614,10.022,1.5864,7.1067,7.5291,4.4025,45.42,28.69,24.5071,5.9319,29.3954
usa_NC_0033_0126,33,-5.13,5.7843,-5.5967,-23.2405,-9.1894,-5.5391,3.8508,-9.5037,-13.73,-6.4086,-0.9443,19.7075,23.2135,14.7256,9.5155,8.8129,22.0367,-3.2712,-13.9391,6.0238,9.7117,4.4557,9.47,5.3783,5.1575,43.6185,28.8965,24.6993,8.5506,28.0484
usa_NC_0033_0127,33,-5.0817,6.6921,-5.6872,-16.8913,-9.5553,-5.1286,2.3619,-10.8703,-13.8121,-6.4727,2.635,25.0493,23.3759,18.06,7.2767,8.8287,10.5921,-7.7071,-13.7741,7.435,9.6725,7.5993,9.9725,8.3805,6.0287,42.7198,30.0664,23.3618,9.1963,28.2134
usa_NC_0033_0128,33,-4.65,5.3821,-7.7083,-12.5382,-11.9844,-5.2659,1.4135,-10.4276,-14.0694,-4.9917,5.325,25.525,21.8207,15.1583,6.1386,10.0063,8.115,-14.4028,-10.875,9.0583,8.6917,9.021,6.0368,7.5705,6.9625,41.3089,31.9964,25.0884,10.7702,24.6682
usa_NC_0033_0129,33,-4.885,4.3364,-9.9017,-12.4929,-13.6194,-6.0759,-1.1427,-10.1034,-15.6879,-4.0279,8.5888,23.9507,19.1317,12.9872,4.2741,5.5885,1.4428,-17.9174,-8.4969,14.8483,3.8419,9.1775,1.5591,7.6014,9.1587,40.9857,30.1421,24.5991,10.9779,20.9353
usa_NC_0033_0130,33,-4.3933,2.3221,-16.735,-19.0561,-19.2381,-9.1123,-5.3312,-12.4585,-21.9683,-6.8683,5.7698,21.6007,14.2108,6.915,-3.33,-0.2997,-3.935,-24.5083,-9.175,12.1706,-0.843,8.6172,-2.2232,4.755,4.19,36.305,27.1279,21.687,6.6553,16.7596
usa_NC_0033_0131,33,-2.2317,-1.0721,-22.6261,-25.0624,-24.2763,-12.4014,-9.2073,-11.7083,-22.9738,-8.3621,3.515,17.2207,10.105,-1.465,-8.4626,-7.3017,-6.1706,-28.3268,-8.93,10.8517,-4.7817,6.7589,-6.6817,1.69,3.9183,36.5712,26.8497,20.6899,3.614,11.4553
usa_NC_0033_0132,33,-2.1417,-1.4,-24.1778,-30.6632,-27.6968,-16.0091,-13.1231,-14.0125,-20.5053,-14.5,1.7905,11.8933,5.5545,-3.6833,-13.845,-11.9056,-13.5222,-34.6167,-11.0895,9.155,-6.65,5.9048,-8.0733,-4.9045,1.38,35.2179,29.1,18.9561,2.7613,11.8135
usa_NC_0033_0133,33,-2.1217,-1.4443,-27.1856,-33.0356,-31.4752,-21.0073,-16.8723,-15.955,-20.9616,-19.0563,-3.7474,5.29,-2.3411,-11.8586,-19.2065,-16.9022,-19.055,-39.0182,-10.7405,7.8938,-11.4383,6.0927,-6.9992,-7.0952,0.2617,36.1838,31.3942,18.42,-0.0139,8.6268
usa_NC_0033_0134,33,-1.7917,-2.8679,-30.8361,-31.8083,-33.7798,-25.2341,-19.4942,-15.0964,-21.925,-20.0583,-7.9293,3.2893,-7.1485,-14.925,-25.8583,-19.4028,-21.55,-38.6191,-9.7083,6.9655,-14.7523,7.285,-6.6964,-9.537,-1.565,38.5017,31.5064,18.6274,0.775,8.9209
usa_NC_0033_0135,33,-0.945,-4.0736,-32.2783,-33.5783,-37.6547,-29.7677,-23.5835,-16.595,-24.2394,-17.8608,-13.2069,-1.0387,-13.0097,-16.7593,-28.2317,-22.6608,-27.2593,-38.4685,-10.1274,5.6693,-16.6972,6.3272,-7.4717,-11.845,-6.1723,37.6309,32.4436,18.4979,1.5776,8.8712
usa_NC_0033_0136,34,-1.2333,-5.1286,-32.5222,-33.9611,-40.3677,-34.2455,-26.0192,-19.0643,-25.745,-16.44,-15.6667,-8.7615,-18.84,-21.4556,-28.2,-25.7611,-29.0571,-38.2176,-8.1294,4.7857,-18.59,5.3211,-7.6933,-12.2125,-7.8273,37.0,32.95,18.0167,0.4581,6.3703
usa_NC_0033_0137,34,-0.55,-6.5929,-31.25,-33.9667,-40.05,-37.6909,-26.8308,-20.8192,-25.5026,-14.6111,-16.731,-10.9567,-22.5833,-23.3625,-27.8071,-26.6342,-28.9,-36.2088,-7.8559,4.4318,-16.215,3.2333,-6.3382,-10.3167,-6.99,36.3367,33.0071,19.0714,4.4339,8.3986
usa_NC_0033_0138,34,-0.8783,-6.1379,-32.9325,-36.9783,-41.7144,-40.0223,-27.0719,-20.2664,-26.8371,-18.6512,-19.375,-16.6887,-29.7421,-25.345,-30.3521,-30.2,-28.345,-28.5512,-7.3137,0.7526,-16.635,2.3717,-5.2839,-9.687,-9.4728,34.574,31.8111,18.205,4.0211,5.6509
usa_NC_0033_0139,34,0.13,-8.4021,-30.345,-38.6172,-39.8063,-38.0632,-23.3873,-20.8517,-23.9685,-14.5138,-18.4345,-21.0879,-30.4097,-22.525,-29.6681,-29.195,-23.8006,-26.7728,-7.1783,-1.3212,-13.275,-1.4905,-4.7228,-8.3742,-5.7117,36.7407,32.4005,19.5526,4.8808,8.9009
usa_NC_0033_0140,34,1.45,-11.3857,-27.9,-35.7,-36.5032,-36.8136,-19.7037,-18.9625,-21.0778,-12.7667,-17.9789,-24.96,-32.4188,-23.4,-25.88,-29.9682,-24.3889,-24.3471,-6.6333,0.5684,-8.91,0.0522,-5.2111,-8.4731,2.44,37.1903,30.3788,20.8738,3.5032,8.2216
usa_NC_0033_0141,34,2.785,-13.2757,-28.465,-36.2178,-35.8674,-37.39,-21.4208,-19.9456,-21.9005,-15.7257,-20.1111,-28.3614,-34.5511,-24.7011,-26.7724,-34.2036,-24.8,-22.79,-6.2025,-2.5789,-9.655,-1.0378,2.31,-8.4477,-3.1567,35.2479,26.3039,19.1767,0.7358,3.4938
usa_NC_0033_0142,34,3.145,-15.0371,-32.805,-38.8911,-36.4574,-39.4982,-21.1569,-23.1274,-24.3695,-20.4436,-22.3905,-32.1646,-38.4086,-26.26,-28.08,-38.2514,-32.1527,-27.78,-8.2867,-8.5467,-9.695,-4.32,-3.3487,-10.28,2.7564,30.5877,23.5715,15.5557,-1.5058,-1.5665
usa_NC_0033_0143,34,1.59,-12.1386,-33.0725,-36.9544,-36.4455,-41.7873,-20.5485,-25.7468,-26.9153,-24.95,-27.3416,-37.2038,-39.4338,-31.1,-34.1814,-44.7156,-38.8373,-30.5663,-11.1218,-11.7386,-12.5418,-8.16,-10.1453,-15.602,1.64,24.4025,18.0627,11.9067,-4.2326,-5.2803
usa_NC_0033_0144,34,2.525,-15.65,-30.425,-34.8278,-33.0581,-40.9636,-17.25,-24.1632,-25.9222,-23.325,-21.41,-36.9867,-38.1227,-30.49,-35.1714,-46.5316,-39.6545,-33.55,-9.18,-12.9286,-12.2391,-8.8074,-10.3812,-16.3792,2.04,22.1375,14.6515,12.0857,-3.4484,-2.0784
usa_NC_0033_0145,34,1.9083,-13.4667,-29.0875,-30.8667,-30.6806,-38.3318,-13.3385,-20.0444,-20.8389,-18.8071,-17.565,-36.0375,-35.1045,-30.11,-33.5136,-49.3381,-39.12,-31.8687,-6.0476,-10.5571,-12.2458,-7.3148,-10.0312,-16.3136,9.1357,20.4882,12.9515,11.8738,-2.2935,-1.2556
usa_NC_0033_0146,35,2.7385,-14.9667,-27.9,-30.1889,-31.3968,-39.7318,-13.4731,-19.3421,-22.1056,-21.8846,-19.7286,-37.0,-37.4571,-32.7556,-38.4913,-52.05,-45.95,-33.5529,-8.8045,-11.6929,-15.3304,-10.7741,-11.6786,-19.1591,7.5429,15.4528,8.4147,8.0595,-5.5032,-7.8306
usa_NC_0033_0147,35,2.5654,-14.2333,-28.7875,-29.9611,-32.4306,-41.0738,-13.6885,-20.5868,-20.4556,-21.4917,-21.1167,-37.7885,-38.1786,-32.175,-42.866,-56.2079,-44.4389,-34.89,-12.3682,-16.71,-19.45,-12.7308,-13.8423,-21.845,3.95,8.1729,3.6029,3.7071,-7.8565,-11.3639
usa_NC_0033_0148,35,2.207,-10.5381,-25.6988,-28.0349,-31.9109,-38.8762,-14.5661,-19.6849,-17.008,-22.5602,-21.8429,-34.5405,-41.3829,-32.7794,-47.8629,-55.3003,-47.8938,-39.8794,-14.9476,-17.9301,-22.0946,-13.9777,-19.1371,-24.6288,3.1695,4.3459,2.3232,0.7595,-8.2141,-14.2671
usa_NC_0033_0149,35,2.1901,-10.6714,-23.1714,-27.2381,-32.9295,-37.3524,-17.8291,-17.2556,-16.5067,-25.1868,-25.1095,-34.7945,-45.7286,-33.8339,-51.6143,-55.3479,-49.4814,-41.1659,-20.5381,-21.8244,-23.4874,-16.2874,-20.5648,-28.6964,0.3486,-1.4005,-0.2332,-2.8381,-11.4069,-18.8525
usa_NC_0033_0150,35,2.3652,-9.6238,-19.406,-29.5198,-33.2122,-32.9048,-17.1995,-17.0986,-21.6143,-24.8076,-29.7048,-37.881,-47.7952,-34.1667,-54.7095,-58.7876,-51.956,-45.7435,-25.681,-23.2633,-27.897,-19.5851,-20.8221,-32.276,-2.641,-7.4591,-5.7721,-5.7952,-14.071,-23.4918
usa_NC_0033_0151,35,3.3227,-9.9619,-17.7869,-30.1897,-31.5369,-27.3301,-16.4101,-13.7819,-18.4619,-26.1619,-33.2319,-37.8086,-51.5719,-37.0119,-55.8667,-62.1807,-54.1419,-45.3501,-27.5969,-23.2341,-30.4744,-23.2661,-27.1405,-34.081,-3.9619,-8.7555,-7.5325,-6.6262,-14.9152,-23.9808
usa_NC_0033_0152,35,3.4337,-9.6762,-16.2423,-30.1548,-29.8954,-23.0502,-17.1163,-11.4985,-15.4857,-27.1577,-37.6333,-37.1248,-54.4165,-39.2619,-55.8363,-61.3048,-61.1492,-44.5165,-30.7048,-24.9498,-31.3756,-24.3184,-28.0201,-34.9048,-2.7976,-11.5757,-8.9162,-8.05,-15.2681,-24.1858
usa_NC_0033_0153,35,2.6128,-7.719,-16.1208,-29.4556,-27.6333,-20.0242,-14.6872,-10.2458,-12.0333,-27.4056,-40.042,-36.319,-55.9733,-51.3762,-56.9569,-60.6611,-63.1458,-42.6275,-32.2183,-23.7619,-31.6292,-24.4594,-31.3026,-33.329,-4.5515,-9.8458,-10.0105,-8.5881,-14.9533,-24.0639
usa_NC_0033_0154,35,2.7681,-7.8429,-17.6857,-27.4357,-26.0607,-18.9539,-13.0934,-7.3286,-9.4107,-27.9857,-41.7944,-36.6857,-56.1,-53.9714,-54.9482,-57.1579,-61.6571,-43.1968,-31.7699,-22.6857,-31.7903,-27.3381,-30.878,-30.869,-1.3657,-9.8201,-12.1387,-9.8762,-15.329,-21.4774
usa_NC_0033_0155,35,2.5099,-9.3714,-18.5911,-26.0341,-24.1512,-17.4513,-11.1632,-5.6286,-9.8917,-25.4563,-44.9095,-38.544,-57.2593,-55.0143,-53.3619,-54.2508,-56.8857,-40.7462,-32.1639,-22.3714,-30.9571,-28.1236,-26.4661,-28.3112,0.0987,-8.7253,-10.955,-9.5929,-14.2486,-18.6036
usa_NC_0033_0156,35,1.1546,-8.7048,-18.0762,-23.6762,-22.973,-13.2535,-8.5185,-4.9905,-9.5112,-24.3341,-42.6216,-35.6333,-56.6619,-54.1262,-50.8695,-51.7288,-56.9476,-38.4206,-29.8174,-18.1262,-28.4857,-29.4476,-25.8324,-23.7722,2.642,-7.2918,-10.4409,-7.969,-9.29,-14.3734
usa_NC_0033_0157,36,0.57,-7.0048,-17.1262,-24.1651,-23.7697,-11.5535,-8.2454,-4.6916,-9.6662,-24.1703,-43.0952,-38.6095,-57.4333,-57.2637,-49.5619,-50.1312,-54.9762,-38.1373,-27.988,-20.8126,-28.5212,-31.758,-26.1817,-23.8873,5.1938,-7.5084,-11.735,-8.0548,-10.4348,-13.6248
usa_NC_0033_0158,36,1.6692,-9.4,-20.825,-25.8889,-25.8156,-11.1409,-7.8148,-4.5733,-12.74,-28.3875,-46.3,-42.1437,-59.575,-55.225,-50.7357,-52.2476,-51.1,-38.0889,-25.9937,-22.8364,-31.075,-35.3043,-27.5667,-23.237,4.6,-8.831,-11.0441,-8.669,-10.631,-15.5056
usa_NC_0033_0159,36,0.98,-7.22,-20.87,-29.67,-25.349,-10.5155,-8.9533,-9.0575,-15.4358,-28.22,-46.91,-46.6133,-58.8575,-56.94,-50.5843,-53.733,-51.9644,-40.7621,-27.9129,-23.72,-33.55,-40.5315,-29.0256,-25.1978,6.21,-11.4129,-13.0745,-9.3081,-11.789,-14.6171
usa_NC_0033_0160,36,1.8473,-7.1283,-22.3575,-33.6672,-23.874,-10.3995,-11.9746,-10.3888,-17.0661,-27.745,-46.5871,-45.7583,-57.2583,-57.4339,-52.265,-52.0928,-48.8006,-37.9274,-29.805,-27.31,-34.2974,-41.5142,-29.6274,-26.1486,2.315,-12.0071,-12.9874,-9.6283,-14.9691,-17.1811
usa_NC_0033_0161,36,1.2254,-8.5733,-26.1525,-36.9067,-20.7094,-12.2264,-15.1048,-13.5163,-19.0005,-32.7438,-47.8268,-46.69,-56.645,-55.36,-50.7233,-49.29,-42.5264,-37.4789,-29.9212,-28.8011,-37.6376,-45.821,-30.3962,-27.8686,-1.93,-15.4245,-11.5627,-12.2519,-17.7659,-17.4928
usa_NC_0033_0162,36,1.9285,-9.26,-28.685,-38.3378,-14.881,-11.7145,-15.8359,-13.95,-19.6837,-30.9009,-47.8574,-45.4562,-56.0282,-53.62,-49.055,-45.2529,-38.3645,-37.76,-33.4924,-29.0913,-36.191,-45.8445,-35.5982,-28.1562,-12.3,-16.4514,-12.0948,-13.8433,-19.1445,-16.2933
usa_NC_0033_0163,36,3.4723,-10.62,-26.3325,-37.6533,-8.6103,-9.8791,-17.4719,-14.85,-21.6674,-31.3018,-47.9367,-44.2637,-53.5819,-52.7382,-47.34,-39.5884,-35.3927,-36.1888,-34.9811,-30.9629,-36.5374,-46.5167,-35.6478,-28.7777,-17.0867,-15.8234,-13.0776,-13.9724,-20.8959,-16.7839
usa_NC_0033_0164,36,4.7982,-11.2238,-22.897,-32.0429,-0.1031,-6.1413,-16.3577,-12.8545,-22.4262,-29.355,-41.3727,-40.9362,-49.8686,-47.7595,-42.4345,-30.2832,-31.0459,-34.122,-33.4745,-28.4024,-34.6429,-43.8729,-34.6213,-26.9182,-18.9895,-15.7895,-11.9126,-15.419,-17.9716,-13.6929
usa_NC_0033_0165,36,4.9553,-12.281,-23.7774,-26.1357,5.3637,-5.1933,-16.7228,-13.1734,-24.6461,-24.7167,-36.5724,-39.9461,-46.4393,-47.219,-37.9524,-26.0629,-27.8079,-33.1524,-33.8571,-26.737,-33.1567,-42.6557,-33.3086,-26.7524,-21.899,-17.6459,-13.1221,-18.0714,-17.429,-12.0857
usa_NC_0033_0166,36,5.5007,-13.5476,-23.3317,-21.9706,6.6238,-6.2853,-17.091,-14.4912,-27.5484,-23.8839,-36.9048,-40.9029,-44.9535,-45.5662,-35.9631,-25.135,-26.2562,-32.9499,-34.2944,-25.669,-35.997,-45.1521,-35.1074,-29.747,-23.2695,-19.2512,-15.7701,-18.981,-16.3375,-12.229
usa_NC_0033_0167,37,5.7978,-12.5286,-22.2603,-17.9825,8.5512,-5.6669,-16.106,-14.3914,-29.1325,-21.9214,-37.9414,-38.8181,-42.7714,-44.0381,-34.8305,-23.8214,-19.0159,-34.1464,-34.5619,-24.0448,-34.5756,-45.3788,-36.8777,-28.8487,-24.3152,-20.7926,-15.3972,-19.2619,-16.9521,-10.0131
usa_NC_0033_0168,37,4.9833,-11.325,-20.3806,-14.0583,12.5492,-3.0841,-12.875,-11.885,-23.7145,-19.6432,-34.4631,-32.4893,-39.485,-40.1472,-30.0977,-15.465,-12.575,-27.975,-28.9583,-19.5603,-30.993,-41.5102,-30.9812,-23.4869,-21.9117,-21.9422,-8.5702,-15.9845,-13.7508,-5.2694
usa_NC_0033_0169,37,4.3837,-10.4955,-18.7193,-11.386,12.6192,-1.3981,-11.4406,-9.9576,-19.9879,-21.2943,-32.3098,-29.5142,-34.4446,-37.7026,-25.0955,-9.3126,-7.686,-26.206,-25.4288,-17.2471,-29.6766,-38.3988,-28.236,-24.0622,-20.0193,-20.6837,-6.7276,-13.4717,-10.6139,0.2446
usa_NC_0033_0170,37,3.6335,-9.3068,-16.8099,-13.6711,10.6822,-2.5983,-13.2931,-10.3263,-18.9711,-24.2925,-32.0411,-26.598,-33.6491,-36.8353,-23.3163,-15.0077,-8.3322,-23.1544,-22.1861,-18.2877,-30.1091,-36.0931,-24.4822,-24.7011,-20.0811,-21.0777,-6.1992,-13.3496,-10.3823,0.5623
usa_NC_0033_0171,37,2.148,-8.1944,-14.1833,-13.2611,9.4034,-2.4975,-15.3691,-11.5674,-19.1167,-28.8211,-30.0511,-24.7478,-32.9002,-34.2278,-20.8087,-15.6493,-12.2211,-17.3552,-19.3911,-18.3183,-29.8403,-33.6851,-22.75,-24.1915,-18.1683,-17.6956,-1.5799,-11.1135,-7.9676,2.6861
usa_NC_0033_0172,37,1.3591,-4.31,-11.5278,-9.9556,8.5565,-1.5,-16.126,-12.4375,-19.17,-29.8125,-27.73,-20.8233,-30.2447,-31.9,-18.2056,-12.9278,-9.35,-13.1375,-17.25,-17.7413,-27.063,-28.4196,-18.6971,-22.4761,-18.3071,-13.7362,1.8156,-7.2262,-4.5758,6.6889
usa_NC_0033_0173,37,-0.1212,0.2133,-9.6778,-10.0167,9.5527,-2.803,-16.0307,-10.3479,-18.2367,-30.5843,-23.9232,-16.4238,-27.2561,-29.8667,-14.7137,-10.8556,-6.3542,-9.3542,-13.8614,-15.671,-27.0362,-24.6083,-17.7608,-20.4547,-20.1667,-7.4312,6.5817,-4.2952,-1.5505,8.7667
usa_NC_0033_0174,37,-1.5687,2.6822,-8.1889,-8.0167,10.4384,-4.4823,-16.5239,-10.2378,-18.8628,-34.1653,-22.9213,-12.5563,-26.2778,-26.2921,-14.2444,-10.7944,-8.6349,-5.859,-10.8146,-13.9126,-28.0986,-23.3641,-15.4944,-21.2938,-18.8478,-3.6934,7.7093,-1.5183,0.5642,8.5709
usa_NC_0033_0175,37,-1.3803,2.9833,-5.3278,-5.9,12.0769,-4.6076,-18.1407,-9.8633,-17.4956,-34.599,-22.9167,-10.4738,-23.29,-21.131,-8.4167,-8.1556,-8.7595,-2.3229,-10.1637,-12.6558,-26.5258,-24.003,-13.4061,-18.1297,-20.4367,-2.6292,9.0382,-1.181,2.022,8.3725
usa_NC_0033_0176,37,-1.9212,3.7533,-4.7667,-6.9444,11.743,-7.4121,-18.1227,-11.0067,-15.9967,-35.8877,-18.5939,-3.8167,-19.4042,-17.8917,-5.2067,-7.6404,-12.2238,-0.4725,-7.8961,-11.1542,-25.9095,-23.5319,-12.7298,-17.1417,-21.2767,-0.5417,8.4958,-1.6071,1.2624,7.3279
usa_NC_0033_0177,37,-2.2449,2.2611,-3.55,-9.0833,12.731,-10.6268,-17.8522,-9.3365,-13.0122,-36.4958,-16.1437,-0.2856,-17.5847,-16.2472,-1.5079,-9.0817,-10.6611,-0.466,-4.5605,-11.7983,-26.2389,-21.6896,-11.4389,-17.4722,-18.7622,4.0492,7.3403,-3.2008,0.531,7.0575
usa_NC_0033_0178,38,-2.2409,3.5833,-1.0944,-9.7944,14.95,-8.0818,-15.938,-6.2367,-9.3088,-35.19,-13.54,5.3367,-12.9833,-9.25,1.6071,-9.3119,-6.2625,-1.5938,-2.0633,-11.7457,-23.869,-18.686,-9.8364,-15.522,-18.475,4.5179,9.3438,-2.6762,1.8855,7.6284
usa_NC_0033_0179,38,-1.9368,1.9774,2.852,-11.7702,13.7922,-8.6732,-14.5128,-8.8618,-11.8486,-33.9435,-10.1068,6.4274,-6.4591,-6.0668,4.1939,-11.6151,-7.0591,-6.878,-3.8502,-11.9464,-22.4035,-17.6442,-11.5586,-14.6294,-14.5813,7.1735,9.689,-2.3202,3.3309,6.5632
usa_NC_0033_0180,38,-1.9665,1.8789,1.8123,-14.6711,10.6289,-11.1529,-14.498,-9.3398,-12.8266,-32.0996,-6.6105,8.8289,-3.5211,-4.9766,5.3504,-13.4341,-6.8711,-9.0211,-7.2277,-13.0011,-23.4163,-18.1935,-13.0163,-16.2803,-17.0756,8.9723,6.7241,-4.3806,1.9338,4.4627
usa_NC_0033_0181,38,-2.3837,2.7241,2.5526,-14.8807,10.5726,-10.7519,-13.8704,-7.7224,-12.8368,-28.0243,-0.5842,13.9449,0.7526,1.8926,5.4105,-11.8656,-3.0928,-10.6062,-7.534,-13.2807,-19.9424,-14.9543,-12.9263,-16.4512,-16.2974,11.5397,6.7397,-4.0593,2.5655,5.6337
usa_NC_0033_0182,38,-1.79,2.788,3.5292,-14.4708,10.0604,-11.3872,-12.2917,-7.3313,-9.8789,-27.6763,3.3737,17.1165,3.4828,6.0237,4.1387,-9.4763,-6.4354,-12.4576,-8.3576,-12.8663,-17.312,-14.493,-13.8613,-16.1763,-12.2096,13.3543,6.8737,-3.743,2.9027,5.0737
usa_NC_0033_0183,38,-1.1287,0.4609,3.802,-14.9216,9.2961,-10.6844,-11.8951,-7.6505,-8.4355,-20.6005,4.4561,15.5361,6.3395,9.0077,2.6445,-11.9895,-8.2196,-13.2605,-12.705,-12.0534,-12.854,-12.4305,-13.3867,-14.8298,-11.5239,14.3495,7.8082,-5.0343,4.0992,4.0246
usa_NC_0033_0184,38,0.6349,-1.3105,5.2395,-12.4605,10.3061,-8.0279,-8.5365,-5.2155,-9.4883,-21.6336,12.6368,16.2828,10.1416,16.8395,8.0245,-9.2684,-8.6005,-13.5905,-10.7905,-9.4259,-6.0505,-4.5864,-10.8605,-10.4279,-5.3505,18.4426,11.4121,-3.2677,6.9153,4.7679
usa_NC_0033_0185,38,0.5646,-2.0549,7.8362,-5.8319,12.1801,-5.19,-5.8032,-1.5947,-8.444,-10.2663,20.988,17.647,15.9112,22.0737,12.1784,-6.0692,-7.2863,-7.2013,-8.2073,-5.4648,1.665,-0.6156,-7.4863,-5.3089,0.8604,23.2373,15.7188,0.1761,9.364,7.9358
usa_NC_0033_0186,38,0.7383,-1.8383,8.3849,-1.8879,11.3829,-6.9935,-5.9411,-1.2626,-9.5804,-5.9455,21.1924,14.5474,14.7265,23.4696,10.2474,-8.0585,-7.3415,-8.4971,-8.9193,-5.4455,4.4932,-0.0812,-4.5842,-5.0254,1.7674,23.9377,16.038,0.9259,9.5248,7.3014
usa_NC_0033_0187,38,2.2895,-4.0439,9.927,2.1777,11.2185,-7.1196,-4.9259,-0.8205,-7.6439,-3.9721,22.3579,16.0279,14.7213,26.402,7.8286,-7.3517,-10.3705,-9.4895,-10.1439,-6.9855,7.7436,0.8818,-5.7158,-2.9534,6.2295,24.7261,16.102,3.9276,10.5024,7.903
usa_NC_0033_0188,39,2.214,-4.136,10.1974,6.7526,10.7958,-7.5572,-3.8026,0.7374,-7.6471,1.639,22.7674,12.8474,14.5724,28.2696,7.2426,-6.8026,-13.0082,-9.8971,-10.9098,-5.8901,9.1354,1.9858,-2.4368,-2.0622,8.0407,24.7074,17.1474,5.9736,10.6893,8.0636
usa_NC_0033_0189,39,0.35,-0.8,10.4625,9.5895,11.7452,-8.6591,-2.5846,1.975,-7.1824,7.2846,21.125,11.2167,14.4769,27.8375,5.919,-6.7188,-11.8333,-8.8529,-12.0429,-7.1118,11.052,3.448,-2.5762,-4.5333,7.8133,24.4172,17.8394,7.881,9.8194,8.3676
usa_NC_0033_0190,39,-0.5096,-0.143,11.5362,9.0316,11.2898,-8.4263,-2.4532,1.9211,-8.2451,7.566,19.1737,8.866,13.3468,24.7737,4.4737,-10.873,-13.7513,-7.8322,-9.5113,-5.8616,10.2817,2.7029,-1.0737,-5.5663,9.0023,24.1804,18.6646,7.5618,7.7898,8.7413
usa_NC_0033_0191,39,-0.4763,-0.3263,11.1737,6.3684,9.4866,-9.499,-3.3109,0.8049,-9.1851,5.3799,18.0687,6.7604,11.0911,24.307,3.51,-13.1708,-12.9263,-6.5096,-10.4363,-6.1613,9.3029,3.2041,-2.8421,-8.2654,8.0814,19.477,18.3081,5.9523,5.9317,8.044
usa_NC_0033_0192,39,-0.4338,0.9746,11.8704,5.8579,9.6902,-6.0785,-0.1791,2.4991,-8.1371,0.7079,18.8029,7.7979,9.915,22.8912,2.0789,-11.1865,-14.9421,-6.9068,-10.4564,-3.8285,9.9412,4.997,-1.5053,-8.2463,8.3194,20.1446,19.4458,7.2365,4.5772,11.3119
usa_NC_0033_0193,39,-1.4066,3.5018,14.0684,4.6895,7.262,-5.4498,0.8761,2.392,-9.1363,-0.6316,19.2366,9.5951,6.9406,18.5827,0.4351,-14.6316,-13.8691,-5.6316,-10.0474,-1.6043,6.9775,3.7989,-2.4927,-9.9691,7.2906,19.3018,19.4139,6.4946,4.5458,13.3036
usa_NC_0033_0194,39,-1.8877,3.7789,14.3914,4.0579,6.1435,-5.8529,2.9789,3.4123,-10.1611,-1.0505,15.9485,7.9432,4.7852,17.1361,-0.0328,-13.7368,-17.1461,-6.6799,-9.5947,-2.162,5.0062,1.7885,-4.9099,-11.1531,7.4889,15.4583,19.4274,4.0551,3.3467,13.9789
usa_NC_0033_0195,39,-2.1566,3.2518,16.6434,3.7789,5.6813,-5.2725,4.9838,4.5284,-6.5368,1.7684,14.5589,5.6992,5.2872,16.5256,-0.8566,-9.7789,-10.603,-4.9149,-8.2963,-0.377,3.5002,3.4065,-3.2368,-7.8996,7.5784,15.2512,19.6861,5.6303,3.4136,17.1225
usa_NC_0033_0196,39,-1.6776,1.7307,10.7029,2.4211,2.8074,-4.3117,6.632,3.6674,-5.1947,2.164,13.9855,9.0781,4.6911,15.9724,-0.5089,-6.8476,-10.8955,-5.682,-8.3526,0.7169,2.7383,3.4337,-3.6632,-4.5086,9.4251,12.3374,18.1591,6.0718,5.2958,20.3289
usa_NC_0033_0197,39,-1.2004,0.2746,10.4468,0.7053,-0.2121,-2.4648,6.3233,1.3293,-5.9171,-1.6421,10.896,8.615,2.7461,13.9829,1.615,-7.5012,-10.5721,-6.2789,-7.8921,0.1852,1.0865,4.2533,-2.0148,-5.1569,6.8135,9.0441,17.0991,5.4847,4.0579,19.3816
usa_NC_0033_0198,40,-0.6724,-0.2307,11.9637,0.3368,-4.1774,-0.3474,5.7449,2.3026,-7.2274,-9.3724,8.3226,9.0151,1.4415,10.4776,-0.8274,-8.6292,-9.2696,-5.5885,-7.1099,0.3072,-0.5664,3.8219,-1.0617,-4.6628,4.7304,5.1354,14.8585,7.6503,4.7913,17.2605
usa_NC_0033_0199,40,-0.207,-1.5737,9.093,-1.2158,-7.7447,-0.01,3.6225,1.013,-10.1502,-16.0404,6.8211,9.893,0.591,8.9819,-1.1137,-9.5389,-7.7862,-9.1237,-11.1404,-0.7356,-1.288,3.3189,-2.7037,-4.4844,4.0763,-1.2701,12.544,7.6739,5.8586,14.8105
usa_NC_0033_0200,40,-0.7487,0.6096,8.1596,-1.6737,-8.9237,2.0127,2.8379,-2.4799,-7.707,-19.4094,7.6263,13.3396,2.5541,10.5596,2.7196,-6.2165,-1.9837,-7.4737,-8.9937,1.2263,-1.6191,5.0263,0.0073,-2.5594,0.9445,-4.5804,12.3835,9.9214,7.7102,14.1474
usa_NC_0033_0201,40,-1.239,2.0026,9.7749,-3.4053,-8.563,3.389,0.3065,-5.0421,-8.0789,-18.6724,5.4421,15.9193,2.9421,11.0326,5.2176,-3.7274,-5.7807,-6.3709,-7.4407,1.8526,-2.3924,5.6906,-0.6827,-2.7844,-0.2174,-6.284,11.1383,8.9598,8.6107,11.5607
usa_NC_0033_0202,40,-1.2105,1.4561,10.4228,-3.5737,-7.2262,2.5486,-1.8545,-6.9355,-11.7505,-15.7951,3.8895,18.3252,3.2323,10.4395,4.9704,-6.5867,-5.4469,-5.8811,-6.3752,-1.1668,-1.0151,5.125,-1.6316,-2.149,-3.6189,-8.4043,9.5986,8.3995,7.5701,9.2679
usa_NC_0033_0203,40,-0.9355,1.3228,10.0006,-2.0947,-4.423,0.7167,-4.7825,-6.1855,-14.6305,-14.7196,3.2684,16.8466,6.2258,11.6804,6.8609,-5.4105,-2.556,-7.5105,-5.2223,-0.9462,-0.7192,6.9346,3.1,-1.0067,-6.5905,-9.746,9.241,9.6645,7.7379,7.357
usa_NC_0033_0204,40,-0.2737,2.3263,11.4596,-2.7895,-2.9549,-1.36,-7.1945,-5.9387,-15.1,-19.2373,2.9421,16.3201,10.5555,13.0263,6.9763,-4.4451,1.5463,-8.9424,-5.5437,-1.8737,0.3223,7.153,5.6842,1.1971,-7.7937,-6.9237,9.5051,9.7363,9.2005,5.556
usa_NC_0033_0205,40,-1.1101,5.4482,12.0982,-3.6632,-2.8309,-1.2821,-7.4809,-5.7368,-15.8018,-18.9069,4.0916,15.9878,8.4543,12.0982,7.927,-2.5922,4.676,-8.2518,-4.6732,-1.653,2.1751,10.6626,8.4927,2.4024,-7.8751,-2.5533,13.2164,10.7572,7.4058,6.191
usa_NC_0033_0206,40,-1.8447,8.4219,10.5497,-4.8737,-6.7729,-2.6469,-9.2489,-9.4737,-16.9889,-16.1233,4.6403,13.3253,8.9371,12.1178,9.6618,-3.9614,6.5386,-8.2,-4.1709,-2.6447,0.3136,10.3122,8.0886,0.7511,-9.4081,-0.4947,11.9317,11.1642,7.5407,6.8242
usa_NC_0033_0207,40,-2.9456,10.3877,8.8877,-7.2316,-11.7071,-6.6426,-10.1589,-11.1039,-16.5789,-15.3789,4.1972,14.1925,9.6044,12.1336,5.6906,-4.5211,7.0111,-7.7263,-6.7689,-4.3656,0.0336,8.0877,8.374,-1.1699,-9.5323,-1.0596,13.1799,9.0416,7.1888,7.5265
usa_NC_0033_0209,41,-3.4175,9.9825,2.1269,-10.4684,-21.6498,-10.5751,-11.5922,-14.7142,-21.3009,-12.7765,2.4539,11.4158,7.0358,6.6533,6.0112,-3.4953,4.1444,-11.8155,-8.3742,-5.2905,-5.5562,1.0741,0.4608,-8.9461,-10.3375,8.1227,11.1981,11.6825,2.9351,10.1861
usa_NC_0033_0210,41,-4.7566,10.7184,-1.676,-13.1737,-25.8753,-13.5407,-10.3623,-15.6632,-26.0449,-8.9244,1.0398,9.1351,6.0943,3.297,4.0093,-10.2959,9.2809,-9.9128,-7.5211,-6.5845,-5.0236,-3.1857,-2.8205,-12.1766,-13.053,11.3384,9.4625,11.6812,-0.1445,6.9982
usa_NC_0033_0211,41,-5.8132,11.0702,-7.6409,-16.6,-27.4069,-14.7404,-10.1192,-18.0194,-28.0232,-7.2319,2.5035,9.0302,6.7285,-1.5798,2.5959,-6.6354,8.048,-10.0743,-7.4105,-6.4032,-3.7007,-7.1495,-6.8076,-14.5041,-11.7247,15.9435,7.681,12.5445,-2.0664,4.2909
usa_NC_0033_0212,41,-5.925,9.6833,-12.3889,-15.9222,-27.3156,-14.4091,-9.508,-17.7,-24.0778,-6.4353,2.01,9.8267,8.0632,-8.4,1.1778,-7.5211,2.225,-12.0412,-8.9263,-5.715,-1.7957,-9.5364,-8.6059,-13.313,-11.9583,18.1613,6.7206,12.1795,-2.1,2.7162
usa_NC_0033_0213,41,-5.6908,7.5342,-13.1908,-17.388,-29.722,-16.9067,-11.1758,-20.1099,-24.0316,-6.4213,1.2842,8.7109,5.6287,-9.1015,-3.1658,-10.7316,4.0092,-16.557,-9.8053,-6.7967,-4.8158,-12.3245,-12.0533,-14.6638,-14.3858,16.3036,3.5242,10.4663,-5.5642,-0.9698
usa_NC_0033_0214,41,-5.7535,4.3722,-16.6319,-19.4222,-29.8788,-17.1308,-11.1564,-19.7132,-23.2056,-5.4833,-1.8836,8.2984,4.7667,-6.473,-6.0092,-8.976,1.9306,-18.1076,-9.3287,-5.4778,-3.1227,-14.7294,-14.4497,-16.3884,-14.6944,9.6491,0.2556,8.3556,-5.4832,-2.3944
usa_NC_0033_0215,41,-5.4949,1.6611,-18.5847,-20.5667,-28.6285,-15.7813,-11.8782,-18.6956,-20.5869,-3.4634,-3.0657,7.647,3.8278,-1.3889,-6.7785,-7.1275,4.7492,-17.4944,-9.4458,-4.0722,-3.1813,-15.9022,-14.1222,-15.4838,-14.8822,3.4778,-1.7479,8.0278,-6.1222,-2.9801
usa_NC_0033_0216,41,-5.0035,0.4222,-17.9444,-20.1722,-25.1975,-14.2553,-11.0904,-17.1611,-17.6121,-4.0278,-2.304,8.8913,5.2493,1.9306,-6.2507,-2.2544,7.9306,-15.4,-5.8632,-0.9672,-2.8594,-15.6808,-14.7997,-13.8824,-12.8167,1.6618,-1.4316,8.1635,-5.0944,-2.3787
usa_NC_0033_0217,41,-4.8051,0.5056,-19.3778,-20.1833,-21.7141,-15.2604,-12.6618,-16.6706,-13.4357,-5.8883,-2.7587,4.0356,3.5667,2.3972,-6.0653,-1.0778,8.5444,-15.0131,-5.0484,0.5317,-3.8254,-16.2096,-14.4141,-13.937,-15.9222,0.0789,-2.3435,6.0933,-6.3326,-2.6453
usa_NC_0033_0218,41,-4.3833,-0.2167,-18.4583,-18.1333,-17.847,-13.7106,-12.6753,-16.6548,-12.1149,-7.1521,-4.5983,2.2033,3.8833,7.4917,-4.7967,0.4121,8.8042,-11.5396,-3.05,2.0214,-3.6283,-16.4,-14.4379,-14.0389,-18.0958,1.7952,2.2595,6.5167,-4.9253,-0.0374
usa_NC_0033_0219,42,-3.4545,-3.34,-17.3,-15.15,-14.0788,-13.6045,-13.452,-15.7067,-13.1294,-8.0937,-4.3737,0.3308,4.0706,9.5556,-3.9333,0.4773,8.25,-10.1778,-1.8267,5.1842,-2.6238,-16.1538,-13.8773,-15.5036,-14.2,1.8643,6.0286,5.3974,-3.9968,0.5081
usa_NC_0033_0220,42,-2.5385,-3.1494,-22.9294,-10.9239,-8.3658,-13.3885,-13.2654,-13.7857,-12.2118,-4.0561,-2.1894,0.0244,7.0294,10.4484,3.4484,0.9751,11.0206,-4.2482,2.3306,6.4176,-4.677,-13.4294,-11.5389,-15.733,-10.6567,3.417,9.0906,5.789,-1.1036,2.8895
usa_NC_0033_0221,42,-2.4171,-2.1553,-20.702,-7.1353,-3.5717,-13.1807,-12.4233,-11.6242,-10.2985,-1.171,-2.5721,-3.1282,10.1447,14.7747,7.7597,2.5647,12.6465,-1.3824,5.3114,7.8585,-4.0753,-9.356,-9.2353,-15.4538,-9.8436,5.1933,11.2258,6.9437,2.4647,4.7431
usa_NC_0033_0222,42,-1.993,-2.8294,-17.8294,-5.2961,-1.1961,-13.8203,-10.2294,-9.7994,-11.3944,-0.9749,-1.7557,-4.1217,11.9611,18.2006,7.3039,2.618,11.4251,1.1765,8.4831,9.286,-4.1567,-6.8294,-9.0644,-14.4814,-9.1027,7.5306,12.082,7.218,5.0641,4.6814
usa_NC_0033_0223,42,-1.9276,-0.0193,-15.686,-1.4804,1.0625,-13.1117,-7.8646,-7.0476,-13.1676,1.5874,0.8374,-1.9812,14.7617,20.9383,8.5855,6.0263,15.5656,3.9536,12.8751,9.3858,-3.6026,-3.5268,-7.0226,-13.9334,-6.2089,8.7163,14.6502,9.1526,6.6893,5.8609
usa_NC_0033_0224,42,-1.6662,1.3421,-12.6468,1.2254,1.5482,-12.0533,-6.4499,-3.5429,-13.269,1.3967,0.2421,-0.0712,15.3073,22.7221,10.3802,7.2721,18.7921,9.1688,13.0865,9.3254,-2.6379,-3.0648,-6.7379,-12.1261,-6.0954,10.9188,16.925,10.5737,6.7873,8.1232
usa_NC_0033_0225,42,-2.5996,3.7754,-8.8135,4.3477,3.8209,-8.5897,-0.9819,-0.7579,-10.3523,1.8575,4.7721,2.4207,17.0694,23.1532,11.5103,9.7579,22.4643,15.648,12.8802,10.6838,1.7943,0.7385,-1.4053,-10.5796,-5.2266,12.6077,20.9878,11.8908,9.9905,9.8502
usa_NC_0033_0226,42,-3.0577,7.3333,-4.4833,8.4833,8.9227,-3.1273,4.486,5.29,-6.9971,6.7885,7.2786,7.1143,19.2955,26.4389,13.51,11.6441,28.6278,18.1921,14.3929,12.3714,4.5292,4.0536,3.2763,-7.1891,-1.4812,12.4468,23.6043,14.3581,13.35,12.8959
usa_NC_0033_0227,42,-3.6781,9.1117,-2.2328,10.8172,10.9389,0.9677,6.429,8.315,-3.0883,8.07,8.2593,11.9604,20.7617,23.145,11.6059,13.945,28.4783,20.0672,13.12,13.025,5.0117,3.445,7.2818,-3.7836,-1.3987,11.865,23.325,16.7747,15.7611,14.9261
usa_NC_0033_0228,42,-4.9431,11.9633,-2.0533,11.2189,11.4467,4.2891,7.9877,10.3,-1.8922,8.3383,10.161,14.2492,20.856,21.8467,10.3527,14.8988,28.8133,20.4022,12.535,14.28,5.084,4.0223,8.8943,-2.9057,-1.42,11.2248,23.3571,17.7879,18.4865,15.5881
usa_NC_0033_0229,43,-5.1177,12.7067,-1.61,10.6011,11.2809,9.2491,11.4592,13.185,0.7111,10.2718,11.209,18.2067,20.246,16.1275,11.5855,13.3275,31.1775,20.4606,14.8532,15.0337,5.258,6.83,13.5264,-1.72,1.34,15.06,22.7614,19.5657,21.6835,15.4819
usa_NC_0033_0230,43,-4.815,9.7333,-3.2937,9.1286,10.5213,13.2801,13.5273,15.0675,3.2972,7.6119,10.9219,18.1702,19.5952,11.7452,11.3619,7.4019,29.2369,22.0796,16.183,15.8557,5.0661,7.9661,15.7987,-1.9231,1.0486,17.5136,20.0076,19.7889,22.5071,15.097
usa_NC_0033_0231,43,-5.2293,9.3762,-5.4079,7.431,10.2637,14.6567,12.7976,13.2143,5.6359,6.9405,9.2376,16.501,16.0613,8.331,7.8626,2.881,23.5101,20.0976,13.4003,12.5845,3.8393,6.3158,13.3371,-4.8429,3.8276,16.6131,14.1505,17.2314,20.3154,12.6746
usa_NC_0033_0232,43,-4.4582,6.9286,-5.1317,9.1127,14.7152,18.5026,15.0418,14.0696,11.2071,8.2134,10.9203,19.7384,16.3871,7.7571,8.2349,4.9127,25.5857,21.3866,16.4835,15.0371,3.8658,6.7488,13.1042,-0.9559,4.7738,18.8604,14.0829,15.4835,21.6829,13.9517
usa_NC_0033_0233,43,-4.4209,7.7143,-3.1619,10.3603,17.9263,20.8623,18.2253,15.5027,14.2571,7.9655,14.3364,26.0181,15.2437,8.2,8.2527,6.727,25.9214,24.5008,20.6346,16.6764,5.4714,7.728,8.677,4.5089,7.5214,21.8069,14.9567,14.9267,22.9414,16.2498
usa_NC_0033_0234,43,-3.4322,4.9524,-2.5143,9.369,17.8055,20.3751,19.1755,17.0381,16.2224,7.2057,14.9797,26.4293,15.1524,7.8667,9.1586,5.4149,34.0357,26.3802,26.0171,16.9924,3.7002,4.4905,7.484,6.0357,8.4433,23.8282,13.2465,13.2605,22.5524,15.1767
usa_NC_0033_0235,43,-2.5799,2.9476,-4.3397,5.6159,14.4951,18.4275,19.4086,17.119,14.5942,9.0298,17.0411,27.0548,14.4048,8.8825,8.3423,5.9381,33.2048,25.9603,22.1825,16.4524,3.9093,4.9619,6.7363,10.1088,8.0684,24.9496,11.8518,11.9669,23.1081,15.694
usa_NC_0033_0236,43,-2.244,3.9429,-0.4536,-0.5508,11.6005,17.8851,20.1945,18.0571,15.4381,12.842,17.3914,28.2714,14.4027,9.3714,8.0152,7.0437,32.4571,25.3992,24.1339,16.7914,5.1014,4.476,5.5188,12.2714,12.8014,22.6381,12.2866,10.5579,20.8414,15.5525
usa_NC_0033_0237,43,-0.8319,0.5714,-1.1524,-2.3857,12.2498,16.8665,21.5412,19.8,16.9774,13.6018,17.8943,29.3018,15.081,11.8365,11.0743,7.9932,29.7698,25.5955,23.9518,16.5843,5.4095,6.3969,6.8621,15.7583,14.7032,21.8453,11.4779,10.371,21.0876,16.8981
usa_NC_0033_0238,43,-0.2645,-0.681,-0.0397,1.9165,15.4402,18.2352,23.2201,22.9648,18.8898,14.9048,19.5348,30.911,18.0153,10.7548,15.0248,10.9286,30.6048,22.8992,20.2235,17.7048,7.6748,6.7726,7.6352,19.4603,16.1648,25.4905,11.226,11.5615,19.8772,17.7426
usa_NC_0033_0239,44,0.5692,-3.2857,0.9889,6.3412,17.8387,20.4478,24.4154,21.85,19.9,12.5714,20.3722,32.0267,20.2118,13.1333,15.4714,13.5048,28.95,24.2059,19.4133,17.7,9.8048,7.4286,7.2174,24.1346,16.02,27.1571,11.9515,11.2474,20.5966,21.2568
usa_NC_0033_0240,44,0.7941,-3.0476,0.2317,9.2272,19.816,19.7704,24.8941,21.772,20.4317,12.7634,20.654,33.1495,21.6706,16.2095,16.2625,15.5745,31.6495,23.786,16.7829,16.9154,13.2545,8.0262,8.4569,23.948,11.255,28.0268,10.658,8.5437,21.075,21.7149
usa_NC_0033_0241,44,0.8465,-1.6817,1.285,14.785,22.3011,20.8328,27.285,22.045,22.0955,21.2683,22.2961,35.645,24.3986,17.875,17.44,20.225,30.065,23.9475,17.76,19.0787,15.566,9.7785,10.345,24.557,8.2183,29.3183,18.3244,9.3771,20.795,23.8877
usa_NC_0033_0242,44,0.5712,1.6417,4.6694,17.3074,22.5185,20.6554,29.5288,23.575,22.8972,26.9333,25.075,34.9964,25.9568,19.755,16.31,22.1309,30.815,23.3812,17.825,21.3942,17.675,10.3719,15.2155,27.9042,7.8983,30.3802,22.4008,10.2429,21.3183,25.8039
usa_NC_0033_0243,44,0.7073,1.9667,4.9381,16.8204,19.7316,20.0424,29.9304,23.8731,17.9644,13.1095,27.8714,32.7667,25.2608,21.7081,15.3831,20.217,30.3281,17.2381,16.8065,23.1996,18.3048,11.7704,21.2781,29.8972,6.7068,28.906,23.5593,11.9486,21.2948,26.0013
usa_NC_0033_0244,44,0.6861,3.0333,7.5476,13.9182,16.7315,19.4737,30.9553,25.1676,15.4198,22.3676,30.1698,33.7476,25.4101,25.0921,16.6376,20.3826,30.6587,17.4359,18.4126,26.081,18.6172,13.8876,27.6626,30.0022,9.7226,28.5976,25.3294,14.4503,21.511,25.5266
usa_NC_0033_0245,44,0.2051,4.881,8.0,8.2902,12.7699,19.9275,31.5051,24.0667,13.449,18.003,31.1088,33.84,25.4058,25.3667,14.9857,17.5611,31.4042,16.9333,17.7095,25.0128,18.8958,14.1633,31.693,27.9884,10.3229,25.4183,24.5848,13.564,21.9033,24.1009
usa_NC_0033_0246,44,-0.0462,4.8,6.3556,4.2176,12.1677,21.3522,31.3769,23.1368,11.7059,21.7417,31.635,32.6,23.9478,28.1375,10.0818,15.6588,31.4125,16.9105,18.3952,23.2786,16.9625,14.2241,29.425,24.4286,12.1812,20.7828,22.8091,13.3077,19.3167,21.4184
usa_NC_0033_0247,44,-0.4707,5.7238,4.4302,0.3583,11.9814,20.7785,29.6408,22.4524,11.569,19.437,31.305,32.5024,20.4924,26.7857,6.919,12.2583,17.5667,15.1746,16.7074,20.6057,13.0924,12.2417,26.6224,19.2762,11.9024,15.0302,20.4406,10.896,18.0903,17.4996
usa_NC_0033_0248,44,-2.6802,9.3714,1.9429,-1.3924,11.2751,19.1733,28.5121,20.7376,12.2206,18.0352,31.3779,29.3429,20.2275,24.6095,3.9476,10.1179,17.2179,11.4605,15.4229,17.3491,11.2189,10.0392,24.2095,15.3079,6.3962,11.7132,18.8487,9.5685,15.3187,15.6484
usa_NC_0033_0249,45,-3.9626,10.1429,1.7587,-2.521,10.0562,16.8752,27.7335,20.0301,12.7087,17.8989,31.9985,26.9476,21.0921,20.3571,2.9667,7.401,21.431,10.1268,14.9511,14.9893,9.0623,9.9783,18.1667,12.8143,7.4343,10.45,18.7319,7.6774,11.8384,13.5532
usa_NC_0033_0250,45,-4.6396,9.9429,3.2921,-1.2975,9.7562,13.1491,26.6527,21.9365,10.6643,17.4,31.909,24.8143,24.9752,17.5143,1.5667,5.2643,12.7393,9.0976,12.4669,10.6774,7.031,7.2708,11.8243,7.4916,3.181,11.018,14.2231,5.2459,8.5557,11.881
usa_NC_0033_0251,45,-5.4663,9.8238,2.373,-0.7459,7.8307,8.9735,23.3952,16.4776,6.3515,14.5552,29.0852,20.3381,18.4667,18.5452,-2.91,1.8175,13.1952,6.3063,9.09,4.7702,4.0327,2.8692,4.9302,1.9905,-0.5905,11.3878,10.4305,1.211,3.8573,7.7702
usa_NC_0033_0252,45,-5.0659,7.7,1.2905,0.8336,7.8442,5.4615,19.1725,13.0071,5.0671,11.5924,25.1721,15.8759,14.9519,16.7429,-8.7366,0.446,5.9143,3.0454,4.415,-0.481,-0.4519,-3.7559,-0.3206,-3.9262,-5.4701,16.2764,6.513,-2.2665,-0.498,3.8821
usa_NC_0033_0253,45,-5.5234,8.481,0.0381,1.5969,9.7091,3.9164,18.2612,11.4581,5.4333,11.1322,23.7017,13.4048,13.2325,16.681,-9.7352,2.227,5.8952,0.1548,1.6381,-1.7619,-3.8402,-8.4028,-7.9303,-6.2699,-6.271,19.8677,3.1528,-5.1696,-4.3585,0.1894
usa_NC_0033_0254,45,-3.8011,4.6429,-3.2079,0.9496,9.5691,2.8491,17.8758,9.35,6.8993,7.8643,18.6056,8.3681,10.6018,13.9018,-9.8524,0.9976,3.1143,-1.6302,-0.5857,-3.3619,-8.4494,-11.6039,-13.5594,-9.3524,-8.4403,17.5032,1.9514,-9.3041,-10.0581,-3.1317
usa_NC_0033_0255,45,-1.7007,1.2333,-6.4016,-1.912,6.9375,0.3371,16.3608,5.969,5.3709,2.5484,12.6524,6.3162,6.4762,10.6762,-8.6676,-0.3028,-0.8238,-6.2709,-3.9532,-6.3647,-12.4429,-15.8147,-20.4488,-11.2655,-12.3038,12.3583,-4.5488,-13.9475,-14.7514,-8.2535
usa_NC_0033_0256,45,-0.4363,-1.0857,-8.2952,-4.405,4.2553,-0.2329,13.5599,3.2857,3.6664,-1.2233,7.9123,1.5114,1.6479,10.5839,-8.4286,-0.9952,-3.173,-9.7841,-2.1223,-11.1286,-17.181,-18.2807,-22.624,-15.894,-14.2786,6.4714,-6.1591,-17.6523,-19.901,-13.9691
usa_NC_0033_0257,45,-0.5919,-2.4667,-8.2506,-5.4204,0.6361,-2.2251,11.9427,1.3833,-0.8131,-4.8223,2.1333,-0.6714,-3.0103,11.873,-8.981,-3.8857,-7.3492,-14.2028,-4.1181,-15.2095,-21.6476,-22.1964,-25.7563,-20.6461,-17.9159,1.6175,-9.5798,-21.1705,-24.9243,-17.9242
usa_NC_0033_0258,45,-0.952,-1.1048,-8.328,-2.3611,-1.0518,-3.247,9.5403,1.2362,-5.5627,-7.8493,-2.7705,-1.6333,-5.4846,11.2095,-6.219,-6.1209,-7.3571,-16.896,-6.8438,-16.0063,-21.5381,-27.2583,-27.5905,-24.1164,-17.7605,-2.9757,-8.8743,-23.231,-26.8767,-20.2877
usa_NC_0033_0259,46,-1.3344,-0.4048,-9.419,2.3457,-0.7771,-4.893,6.2271,-1.7753,-4.3524,-9.272,-5.5822,-2.8762,-7.4913,8.5698,-2.3048,-8.6234,-10.9524,-13.0543,-7.0924,-17.1822,-21.244,-29.9604,-26.889,-27.4598,-22.3554,-7.8155,-9.3677,-23.0954,-28.9156,-23.1802
usa_NC_0033_0260,46,-1.8187,0.1286,-9.5946,8.0958,0.9654,-4.8093,6.2736,-1.7196,-0.0203,-10.0696,-8.1466,-3.6786,-7.394,6.1984,3.4744,-8.1708,-6.4662,-9.6627,-5.6638,-13.6277,-20.0098,-29.2338,-25.0516,-28.7918,-20.8299,-10.5964,-10.8058,-23.5966,-27.2089,-23.8988
usa_NC_0034_0001,46,-2.2479,-0.805,-8.9939,14.7244,7.1417,-3.58,9.745,2.2161,7.795,-12.5133,-10.5815,-5.1661,-8.03,-2.4512,3.2188,-9.4457,-5.6868,-3.3994,-1.4994,-6.1109,-15.2127,-24.505,-27.4606,-24.0383,-25.0141,-14.2121,-8.8315,-22.3782,-27.0747,-21.4911
usa_NC_0034_0002,46,-2.2686,-1.25,-9.5122,10.7276,7.23,-6.335,6.3308,0.59,3.4047,-17.3264,-13.0135,-9.9058,-9.0122,-5.5043,-0.2376,-12.442,-7.97,-5.0429,-5.54,-5.5186,-18.3604,-25.89,-29.6067,-26.3433,-29.8633,-17.7624,-11.0547,-25.3363,-28.9718,-20.0129
usa_NC_0034_0003,46,-2.0471,-3.93,-13.4789,3.2218,4.4767,-9.645,-0.042,-3.695,-5.2841,-25.7567,-17.1233,-16.25,-12.5862,-10.2983,-5.2567,-18.9669,-11.18,-12.0213,-12.99,-7.1362,-25.5817,-31.7934,-32.9312,-29.4344,-39.2471,-22.9245,-15.7635,-30.1437,-30.9536,-20.6729
usa_NC_0034_0004,46,-1.0914,-8.23,-13.7478,-4.2524,0.9667,-12.53,-4.026,-7.55,-12.0406,-29.7256,-19.0144,-21.1811,-16.2589,-12.9,-11.8271,-23.7931,-15.7589,-17.3112,-18.2589,-10.6533,-28.6222,-37.6914,-39.2876,-32.0986,-45.6486,-24.8603,-18.62,-32.7773,-33.0488,-22.7214
usa_NC_0034_0005,46,-0.2657,-12.45,-12.9856,-12.1712,-4.04,-15.58,-8.646,-13.3089,-17.3241,-29.8717,-21.43,-23.78,-20.3596,-14.9027,-18.838,-30.4865,-20.405,-21.8774,-24.365,-16.0157,-32.3982,-44.205,-40.6738,-35.502,-50.5157,-26.4706,-22.8624,-35.7202,-36.2967,-24.0871
usa_NC_0034_0006,46,1.04,-14.15,-16.3322,-20.3982,-8.0267,-19.61,-14.318,-18.7784,-23.4335,-32.9267,-24.7574,-27.0162,-24.2026,-14.2,-26.8576,-35.7509,-23.1957,-24.9322,-29.6924,-21.7033,-39.6862,-50.4446,-41.3975,-40.5509,-54.4457,-30.7455,-28.6659,-39.6661,-39.01,-29.2614
usa_NC_0034_0007,46,2.265,-7.935,-18.3239,-24.0115,-8.0583,-21.085,-16.579,-20.1,-24.3628,-32.2623,-25.46,-26.235,-26.3535,-15.1077,-30.1779,-36.1294,-26.1636,-25.7403,-33.1938,-24.0217,-40.7532,-50.0312,-42.4585,-44.3941,-57.5975,-30.966,-30.9144,-41.4874,-39.7502,-29.9864
usa_NC_0034_0008,46,1.8436,-6.485,-19.4406,-23.2909,-6.0883,-20.015,-17.469,-19.9324,-18.185,-28.2668,-23.98,-25.0663,-25.2314,-17.945,-30.6421,-34.5294,-23.4421,-26.7534,-34.8583,-26.6783,-41.615,-45.1158,-41.3061,-45.7612,-56.3788,-32.2712,-33.3026,-41.335,-37.5762,-29.1993
usa_NC_0034_0009,47,0.5936,-7.51,-19.2406,-22.8144,-5.135,-19.89,-18.209,-19.5008,-17.3218,-24.565,-22.875,-22.0921,-23.2314,-18.785,-32.1993,-36.535,-22.4183,-28.5294,-33.585,-29.4117,-42.68,-39.5933,-39.285,-46.375,-51.0136,-31.2493,-33.1321,-39.0755,-35.6438,-30.6479
usa_NC_0034_0010,47,-0.1964,-9.525,-20.8528,-26.2985,-8.5983,-21.995,-20.827,-21.8806,-19.6338,-24.9917,-24.475,-24.425,-24.967,-21.5194,-36.4274,-40.0361,-30.9083,-32.37,-36.85,-34.3645,-46.275,-40.0042,-40.7806,-50.6576,-49.9217,-32.7143,-35.4144,-41.325,-39.5044,-34.1207
usa_NC_0034_0011,47,-0.46,-8.735,-19.71,-23.7335,-8.85,-22.3837,-20.446,-23.5335,-18.1989,-24.3562,-25.0942,-24.6878,-24.7057,-21.2211,-38.6865,-43.7767,-31.2933,-33.9,-37.435,-36.4338,-44.3148,-36.9683,-38.6512,-48.37,-47.3457,-32.485,-34.8918,-41.829,-41.4806,-34.6329
usa_NC_0034_0012,47,-0.0957,-7.76,-16.62,-18.6041,-8.6433,-22.3258,-19.398,-20.6538,-15.25,-24.1243,-23.1784,-23.42,-22.7918,-23.6736,-34.5788,-44.8862,-28.01,-36.045,-37.0833,-36.5782,-41.0363,-33.998,-37.6538,-45.8946,-43.7645,-26.6833,-33.1767,-42.141,-43.2982,-32.11
usa_NC_0034_0013,47,0.3207,-8.09,-13.165,-13.8032,-6.615,-21.5676,-17.459,-18.2227,-13.26,-22.8883,-20.415,-18.7729,-21.1624,-24.79,-30.3372,-42.5293,-25.9317,-35.6864,-30.6007,-35.965,-38.5436,-32.6567,-34.6856,-38.4702,-39.8695,-23.0436,-31.9544,-39.9127,-41.8807,-30.175
usa_NC_0034_0014,47,-0.4621,-4.655,-13.3161,-10.3168,-7.2783,-20.6261,-17.305,-16.5742,-13.2997,-23.025,-19.124,-17.9991,-22.7883,-25.18,-29.605,-42.0528,-25.155,-35.7431,-28.6183,-35.6883,-35.58,-31.7398,-37.8661,-34.2843,-39.3414,-20.6705,-31.3626,-38.5236,-41.0021,-29.7707
usa_NC_0034_0015,47,-1.4843,1.605,-11.1978,-7.4141,-7.6,-20.52,-16.572,-15.7508,-16.0318,-22.37,-16.82,-14.7756,-20.92,-23.4354,-26.87,-42.964,-24.8771,-31.4152,-25.7825,-33.728,-32.4745,-30.2283,-39.7756,-32.62,-36.66,-18.8833,-29.7261,-37.0921,-37.74,-25.7286
usa_NC_0034_0016,47,-0.9464,0.95,-6.0361,-7.8485,-5.9017,-18.125,-11.7833,-13.0712,-11.0461,-21.1317,-14.9829,-12.3107,-18.245,-22.0327,-22.3688,-40.2028,-24.6028,-25.5155,-21.7562,-33.7708,-32.2977,-25.5208,-38.0194,-31.595,-34.3028,-14.1181,-27.7705,-34.3622,-30.8536,-20.175
usa_NC_0034_0017,47,-1.4236,-0.195,-5.395,-8.0038,-4.9617,-16.0292,-9.5367,-12.5604,-7.0029,-21.2117,-15.8397,-11.4831,-15.7402,-16.8164,-21.0183,-38.1413,-22.1894,-22.92,-22.6513,-35.1867,-30.8768,-24.7681,-35.8728,-30.3917,-31.2561,-10.814,-25.7763,-32.6822,-25.8879,-17.3821
usa_NC_0034_0018,47,-1.495,-0.545,-4.175,-8.1274,-6.815,-15.1608,-9.095,-9.3593,-4.0215,-21.9762,-18.1339,-10.74,-13.4307,-16.1521,-21.0783,-36.076,-22.0783,-20.7926,-21.7763,-32.1859,-28.1363,-21.07,-34.1061,-28.3031,-28.145,-9.5795,-22.6321,-31.3171,-21.0507,-15.3593
usa_NC_0034_0019,48,-1.4236,-1.07,-2.795,-8.1656,-8.3317,-14.3529,-9.0658,-9.195,-3.7638,-21.2736,-19.9185,-10.4055,-10.4132,-16.7412,-21.6513,-34.285,-20.675,-20.0108,-17.9825,-26.965,-24.6405,-17.7053,-31.9888,-25.4434,-28.915,-14.5369,-18.795,-29.0183,-18.9708,-14.5864
usa_NC_0034_0020,48,-0.3079,-2.24,-0.335,-6.665,-8.845,-12.8808,-7.39,-7.345,-1.1532,-17.3579,-20.0872,-10.9703,-7.3858,-14.3864,-20.59,-31.9478,-16.8483,-19.14,-13.1817,-20.085,-19.965,-12.5581,-29.09,-21.365,-24.875,-15.1069,-14.5973,-26.5245,-16.6107,-13.9421
usa_NC_0034_0021,48,-0.0629,-2.395,0.7856,-3.9465,-7.6533,-9.1595,-4.7617,-2.5332,1.8353,-10.7336,-18.8053,-10.2437,-3.1123,-11.27,-18.8986,-29.5256,-13.37,-16.9858,-9.6753,-12.9641,-13.874,-8.0467,-27.7256,-17.19,-24.2986,-12.0571,-13.0635,-22.6176,-17.5922,-13.5786
usa_NC_0034_0022,48,-1.1229,-0.405,1.0867,-5.0682,-7.11,-7.68,-3.672,0.06,1.3533,-8.0911,-16.4682,-8.2329,-0.408,-6.3667,-17.1467,-24.8262,-9.4891,-17.0682,-8.0484,-8.1267,-5.704,-3.3421,-22.88,-14.5657,-23.2267,-9.5833,-10.9348,-18.4467,-17.1772,-11.94
usa_NC_0034_0023,48,-1.1593,-0.545,5.735,-3.5626,-5.9883,-5.1818,-0.817,3.375,3.8494,-4.8075,-13.0117,-5.0685,4.4846,-0.8681,-12.426,-19.7335,-4.0359,-12.9762,-2.3894,-5.2093,-3.7117,-0.775,-15.8862,-8.1843,-21.4517,-8.3418,-7.7224,-13.8593,-15.2617,-8.0107
usa_NC_0034_0024,48,-1.8371,2.19,5.43,-0.9947,-4.5367,-1.03,2.65,7.7,5.8818,0.3256,-9.2182,1.6174,8.7777,2.3064,-8.2527,-14.942,1.8367,-9.1124,0.255,-3.4685,-0.3891,-0.2943,-7.2182,-4.6877,-20.6362,-2.9144,-5.2558,-8.0371,-10.4217,-3.13
usa_NC_0034_0025,48,-3.7871,8.78,6.58,0.5788,0.6867,5.1358,6.012,9.9516,10.9825,6.2018,-2.1633,6.9589,12.7431,7.23,-2.6974,-11.8255,9.5825,-3.2856,3.99,-0.0533,1.2914,1.0237,-1.5506,-1.2017,-12.7467,-1.4248,-1.6644,-0.4605,-3.5714,2.7533
usa_NC_0034_0026,48,-5.0757,13.93,10.4,2.4512,4.68,7.38,7.974,12.3626,17.1865,9.185,2.8822,13.8822,16.0457,15.8191,2.291,-6.8355,11.9656,4.19,4.8044,1.3886,4.6873,3.6292,-1.2122,-1.1764,-11.0686,3.6663,1.9975,4.7515,4.1557,7.0757
usa_NC_0034_0027,48,-5.3843,17.01,12.24,2.3182,6.3967,8.635,9.23,13.145,18.2689,9.1027,5.1563,16.9578,19.9817,19.5633,5.4755,0.6359,11.73,6.5668,7.4065,0.8175,6.3073,6.7078,-2.29,-2.5927,-12.5033,7.9433,7.1848,7.3885,8.2586,7.6329
usa_NC_0034_0028,48,-5.5864,19.485,11.875,1.2556,8.8483,8.595,8.581,14.13,16.9683,8.7214,8.6587,19.1917,22.6707,18.935,8.2532,2.3383,16.9421,7.4639,6.7912,4.3162,6.8,8.11,-1.7559,-2.74,-11.74,12.9656,9.5412,8.4045,7.8079,6.6679
usa_NC_0034_0029,49,-5.9143,20.15,10.93,1.8559,11.8,8.945,8.938,16.125,15.9,9.91,12.3167,18.7433,26.6643,22.8611,11.0045,4.6063,20.475,10.71,8.9559,7.3438,8.2868,9.6292,-1.265,-5.31,-8.4062,15.5952,10.7844,9.2744,7.0643,6.23
usa_NC_0034_0030,49,-4.495,13.555,8.285,-1.4038,9.665,5.845,8.8925,13.3287,11.0609,5.6383,11.4994,19.9328,23.915,27.8277,8.4979,1.0918,16.8121,8.1455,8.2606,7.1959,9.3217,7.8133,-4.02,-9.1041,-8.245,11.9483,9.8776,5.7233,1.2756,2.7379
usa_NC_0034_0031,49,-3.4757,10.52,4.91,-1.7341,7.68,2.9743,6.6,10.1776,10.3656,2.0369,11.6547,21.5547,22.7236,28.4183,8.8989,4.4541,16.16,4.69,5.4912,10.247,10.4695,8.61,-5.2929,-7.836,-8.04,10.46,5.9826,2.9529,-2.2429,1.36
usa_NC_0034_0032,49,-3.0607,8.215,0.785,-1.3191,7.265,0.7083,5.451,7.5375,9.5013,1.9536,12.9639,25.3592,23.235,29.2833,5.425,4.6456,15.6417,3.325,6.6017,12.575,7.7013,7.971,-6.0583,-6.5181,-5.6558,9.6095,5.5427,3.5774,-4.4721,0.8778
usa_NC_0034_0033,49,-2.4379,5.235,-0.975,-0.9921,5.1983,-0.664,5.695,7.9862,12.055,3.135,15.125,26.6488,22.0661,25.9165,4.0609,6.6491,14.3383,3.585,7.955,12.4008,2.8169,9.5595,-5.4029,-5.3557,-7.0988,8.618,3.3717,2.0955,-7.0126,-1.0283
usa_NC_0034_0034,49,-2.6171,3.47,-4.2,-0.5982,5.6367,1.0233,6.222,7.19,12.1622,4.6633,18.0138,28.9841,20.4344,26.0131,5.6959,5.3082,15.99,3.565,8.6033,13.146,3.7281,9.5809,-3.8995,-2.2386,-7.1715,6.9072,-2.9134,0.9567,-6.1843,-1.36
usa_NC_0034_0035,49,-2.3107,3.345,-6.625,-3.075,5.9217,1.4821,4.329,6.5036,10.8917,3.5183,17.725,28.3934,17.1694,24.2019,4.7139,7.1875,16.8393,5.4298,8.6721,12.149,3.9774,8.5542,-4.6539,-3.115,-9.95,3.9321,-6.9302,-1.7488,-6.4493,-3.2861
usa_NC_0034_0036,49,-2.4764,3.525,-7.445,-4.0021,7.0883,1.9736,4.305,6.7236,10.3503,6.02,16.1555,26.2608,13.645,23.9879,3.0575,7.825,16.0672,5.65,6.3391,11.7533,2.245,5.9158,-6.9813,-3.4002,-11.8717,3.1376,-11.5481,-2.8479,-4.8285,-5.9189
usa_NC_0034_0037,49,-2.2764,1.135,-9.155,-4.1815,5.335,-0.1002,4.135,4.2719,7.9061,4.3303,13.5506,23.8117,9.7664,22.2873,-0.7836,7.5394,18.9394,5.18,5.3417,10.145,2.2995,2.0765,-10.755,-5.6959,-14.625,-0.6858,-13.605,-2.7502,-5.4432,-5.855
usa_NC_0034_0038,49,-2.6357,1.01,-7.77,-2.3382,3.09,-1.5262,3.918,7.4857,9.2889,-0.7633,8.95,22.7444,6.5711,16.3667,0.1929,9.6241,18.7833,6.75,4.7875,10.7955,0.2717,2.4278,-15.545,-8.353,-13.9227,-2.2429,-13.0983,-1.8095,-7.9652,-6.7139
usa_NC_0034_0039,50,-2.3214,-0.77,-10.37,-1.7853,0.52,-3.3833,3.714,7.63,11.0375,-2.5767,5.1437,20.5912,5.8405,12.9167,4.4206,11.85,21.3045,5.8333,6.9625,11.1,-1.0955,1.7845,-15.9735,-9.2765,-13.1955,-6.73,-14.9741,-1.0929,-9.3652,-7.175
usa_NC_0034_0040,50,-0.47,-3.93,-12.2,-0.0641,-1.5233,-6.8427,2.158,4.7167,9.0037,-3.59,-2.1233,17.6182,2.3559,9.8608,2.41,9.4492,20.4482,1.9856,8.3744,6.9856,-2.8992,-0.5769,-19.5016,-10.5825,-16.5617,-9.8433,-19.4045,-3.4163,-14.8942,-12.345
usa_NC_0034_0041,50,0.5264,-5.335,-14.315,3.0109,-4.525,-9.8995,-0.743,0.6208,7.2494,-5.2379,-5.415,14.6109,-1.2104,4.4281,-1.66,8.705,17.1505,-3.3832,8.2697,3.285,-5.263,-3.8217,-21.495,-12.6106,-22.2832,-13.615,-24.1709,-5.8413,-19.6421,-16.1144
usa_NC_0034_0042,50,0.7621,-6.735,-13.775,0.8168,-7.9295,-11.1314,-2.795,-0.48,2.7383,-5.0117,-6.575,12.0317,-2.963,-0.6617,-5.27,7.909,15.055,-8.2715,5.7344,-0.8807,-10.282,-7.0674,-22.2318,-14.3117,-26.095,-19.105,-20.7879,-7.0267,-20.9979,-19.1561
usa_NC_0034_0043,50,1.7521,-12.105,-14.035,-3.7521,-8.905,-14.9186,-7.677,-3.61,-8.885,-3.1959,-9.405,4.9637,-7.1435,-11.005,-12.32,5.4158,12.475,-14.3363,-2.205,-7.3588,-12.6459,-9.105,-21.9892,-18.1188,-30.23,-21.5019,-21.5407,-8.3225,-25.7432,-24.5328
usa_NC_0034_0044,50,2.685,-13.955,-8.625,-5.2326,-8.9417,-15.8741,-9.987,-4.765,-13.055,-5.7423,-9.0444,0.9975,-8.3842,-12.6567,-12.6715,1.4183,13.0975,-16.7268,-6.7045,-10.4221,-12.2559,-9.9686,-20.065,-20.9706,-31.9838,-21.84,-22.4329,-10.9674,-27.5921,-27.0428
usa_NC_0034_0045,50,2.4793,-5.835,-4.245,-5.8026,-10.1717,-16.5532,-11.349,-4.1061,-14.1383,-7.8683,-7.5739,-0.1225,-9.529,-13.6577,-13.9183,-3.325,11.1436,-16.8797,-10.7732,-13.0583,-16.3898,-8.7035,-18.6739,-22.8142,-33.765,-22.0317,-23.7993,-12.816,-29.1164,-29.3767
usa_NC_0034_0046,50,2.0393,-4.475,-1.775,-9.1956,-11.9483,-19.3295,-14.441,-6.3566,-17.2368,-14.2523,-9.8461,-2.5639,-13.3904,-17.525,-17.1536,-7.2074,4.0179,-18.565,-15.4583,-21.4563,-19.1114,-10.4404,-22.1039,-25.7167,-34.9938,-23.3883,-25.825,-15.9369,-31.9936,-33.7889
usa_NC_0034_0047,50,2.2036,-13.855,-0.455,-14.4103,-13.755,-21.0614,-18.695,-10.4961,-19.6632,-19.775,-12.775,-8.3985,-16.9365,-21.8,-21.4568,-10.1187,-0.0036,-22.075,-18.1926,-25.225,-21.78,-13.3365,-27.405,-28.2159,-38.9375,-26.1917,-25.3107,-19.3321,-35.215,-37.8333
usa_NC_0034_0048,50,2.2779,-12.215,1.625,-18.9326,-13.815,-21.4286,-20.043,-14.2045,-17.9915,-23.375,-13.5097,-11.6579,-18.7958,-25.575,-21.2514,-11.6864,-1.2483,-22.53,-18.8525,-24.6463,-22.735,-13.965,-30.76,-29.6514,-39.29,-26.605,-26.5507,-19.7602,-36.5264,-39.4622
usa_NC_0034_0049,51,0.9236,-9.715,3.405,-22.2726,-12.095,-22.2323,-19.279,-17.3761,-17.4425,-19.5935,-12.405,-13.3903,-19.5383,-29.255,-17.1788,-11.2675,-0.755,-22.9414,-18.6197,-23.7024,-21.27,-15.2758,-33.49,-26.9675,-38.1738,-27.5584,-31.2157,-19.374,-33.2864,-39.905
usa_NC_0034_0050,51,-0.5143,-6.81,6.97,-23.7088,-9.58,-21.0318,-19.058,-18.8333,-17.3633,-20.9643,-10.6342,-12.9944,-17.754,-27.1864,-14.0111,-9.9974,1.8357,-21.8682,-17.2889,-26.2545,-18.1976,-17.6583,-35.3132,-23.2808,-36.9833,-27.5242,-34.1067,-19.7167,-31.5786,-41.5778
usa_NC_0034_0051,51,-0.1171,-8.61,10.79,-24.3453,-7.6033,-18.8282,-19.17,-20.0567,-18.8335,-21.1457,-9.81,-11.5153,-16.0005,-28.8017,-15.9788,-2.6688,1.89,-19.5386,-17.4163,-26.8645,-22.235,-16.37,-33.91,-20.96,-35.2177,-23.9358,-33.1967,-20.2219,-30.0329,-40.7017
usa_NC_0034_0052,51,-0.3857,-7.39,10.38,-23.5441,-6.42,-18.0818,-17.998,-19.8633,-16.4,-23.075,-8.4667,-9.4794,-15.4184,-29.65,-15.3333,-4.0395,-2.55,-13.8227,-15.5441,-26.3455,-26.5833,-15.8455,-30.6556,-18.0672,-32.05,-23.3328,-30.5133,-20.0405,-28.3929,-40.4472
usa_NC_0034_0053,51,-0.6921,-6.045,5.585,-24.6968,-6.9617,-19.1532,-18.493,-22.4564,-16.0379,-26.105,-7.6639,-10.185,-16.2144,-29.485,-14.1497,-4.88,-1.635,-13.4517,-17.9725,-26.7767,-27.7986,-18.435,-30.0482,-18.0743,-31.6773,-23.8367,-31.035,-20.585,-28.0964,-39.8794
usa_NC_0034_0054,51,-0.7721,-6.465,1.115,-24.4297,-7.735,-21.0105,-21.213,-23.865,-15.5517,-25.7983,-5.815,-8.7817,-16.1539,-29.8804,-12.8594,-4.265,0.7921,-11.5936,-19.2297,-27.0442,-27.615,-19.252,-30.4229,-18.5719,-28.815,-26.735,-30.2983,-21.3245,-30.605,-41.1206
usa_NC_0034_0055,51,-0.8671,-5.72,0.0,-19.8424,-8.4433,-20.7918,-21.052,-21.8754,-13.7288,-21.6225,-4.1495,-7.5029,-15.0705,-27.4446,-8.4776,-1.816,2.5178,-13.04,-18.4989,-25.4035,-26.4339,-17.2975,-27.73,-19.9439,-26.3683,-25.76,-27.88,-21.5005,-32.1894,-40.8572
usa_NC_0034_0056,51,-1.37,-2.64,-2.58,-13.9906,-8.74,-20.0473,-18.204,-20.0815,-13.2832,-16.7729,-1.88,-5.495,-13.385,-25.6267,-8.3933,-2.6315,2.21,-15.8105,-18.62,-22.607,-26.1983,-16.5496,-26.5779,-21.2717,-20.6836,-24.351,-24.06,-19.3105,-34.1141,-39.0783
usa_NC_0034_0057,51,-0.2886,-4.52,-8.0489,-11.0894,-11.59,-22.4282,-17.28,-20.5215,-15.06,-14.3975,-2.2284,-7.3442,-14.441,-23.4743,-9.06,-5.5119,1.3844,-17.765,-21.4129,-21.5457,-26.6383,-19.5707,-27.375,-24.3533,-19.5327,-27.8324,-26.9233,-20.791,-36.8659,-39.8044
usa_NC_0034_0058,51,0.3143,-4.11,-12.3278,-7.5971,-14.89,-23.25,-18.03,-19.5,-18.27,-21.4857,-2.6889,-8.5056,-15.4738,-21.45,-2.5625,-5.2714,0.2,-21.2722,-23.8735,-18.705,-27.3326,-23.3603,-28.8889,-25.7633,-18.05,-29.41,-30.8867,-21.719,-40.1235,-40.1861
usa_NC_0034_0059,52,0.12,-3.79,-17.9856,-9.0006,-20.43,-26.5618,-18.274,-21.0967,-17.85,-23.8014,-2.4712,-10.9195,-17.5522,-19.8943,-2.62,-5.6707,-4.6217,-23.4467,-22.6418,-18.915,-30.626,-28.0133,-32.4856,-28.1748,-19.9755,-32.8231,-36.1848,-24.5014,-42.4653,-39.1244
usa_NC_0034_0060,52,-0.325,-2.295,-18.9639,-9.175,-22.8233,-28.8932,-17.963,-17.5162,-14.8044,-25.0365,-4.4125,-14.2972,-16.2713,-18.725,-3.12,-8.2917,-5.595,-24.0306,-23.7855,-20.175,-31.5019,-31.7198,-33.7224,-30.5336,-28.5617,-32.2683,-37.1556,-25.3821,-43.2603,-38.5361
usa_NC_0034_0061,52,-0.6164,-0.225,-19.8339,-9.7274,-22.0726,-26.445,-15.189,-14.9661,-13.0509,-17.885,-0.7156,-13.6397,-16.0746,-15.1521,-3.325,-7.0033,-2.345,-24.52,-22.7187,-15.6583,-32.2527,-31.8105,-33.6555,-28.9071,-29.9583,-28.214,-34.6773,-24.384,-44.2303,-34.1422
usa_NC_0034_0062,52,-2.4843,4.63,-19.37,-9.3876,-20.0079,-23.0109,-12.586,-13.13,-11.9876,-22.17,1.0241,-9.3811,-11.7736,-13.77,-3.745,-4.1533,3.08,-22.6465,-19.5332,-14.7414,-31.5396,-31.9562,-30.2922,-23.9623,-30.27,-25.5216,-32.4668,-24.3843,-42.3465,-33.8756
usa_NC_0034_0063,52,-3.4329,6.36,-18.3956,-8.5518,-19.8779,-23.8945,-12.252,-11.755,-16.6871,-22.55,-0.8224,-7.0456,-10.6511,-14.24,-0.9495,-7.2487,5.56,-22.3344,-18.77,-19.1323,-28.6036,-33.465,-28.0178,-26.504,-26.3775,-23.0948,-33.7013,-23.2498,-41.9694,-34.4289
usa_NC_0034_0064,52,-3.3943,8.16,-17.84,-6.9624,-19.7007,-23.5755,-11.768,-13.28,-16.8329,-17.405,-1.1958,-4.2356,-10.1569,-15.0345,1.27,-9.815,9.7771,-21.3432,-16.0747,-21.1533,-30.1514,-32.4086,-27.5189,-28.8573,-27.5133,-22.9948,-35.3233,-21.4125,-42.3212,-33.3356
usa_NC_0034_0065,52,-3.9993,8.745,-16.935,-6.7409,-19.4764,-22.5714,-9.8017,-15.1821,-14.8912,-16.6658,-0.2297,-0.2997,-10.0165,-10.51,-0.154,-9.6961,3.8025,-22.5683,-14.5297,-26.1883,-30.1623,-31.8619,-29.9982,-30.2493,-26.9975,-20.9535,-35.7382,-18.505,-40.0585,-32.2656
usa_NC_0034_0066,52,-5.3314,11.28,-13.23,-4.9894,-18.8014,-20.7691,-10.352,-6.98,-12.7541,-17.5754,-1.295,3.7341,-10.7341,-8.4183,1.2991,-9.5671,0.3257,-22.6736,-10.3656,-26.7467,-29.6074,-31.5193,-31.38,-30.875,-22.1886,-17.7743,-33.5245,-16.7975,-40.4453,-29.8378
usa_NC_0034_0067,52,-5.4671,9.88,-10.03,-4.8835,-17.8117,-19.3555,-9.68,-4.9,-15.1767,-18.9767,-3.7495,4.2467,-10.2415,-6.42,-0.4418,-11.4517,-1.4933,-19.57,-12.1776,-22.0975,-27.9442,-31.3767,-32.1145,-31.2126,-24.4365,-18.8048,-30.7955,-18.3719,-39.1541,-29.3572
usa_NC_0034_0068,52,-4.045,6.865,-10.415,-8.9774,-17.8536,-21.3132,-9.7658,-7.71,-18.9506,-20.5314,-6.975,0.53,-15.295,-6.6839,-5.395,-15.4683,-4.995,-21.5859,-14.645,-28.2362,-28.195,-33.811,-35.7331,-33.9664,-25.845,-23.6506,-30.4466,-21.3902,-41.3274,-29.9061
usa_NC_0034_0069,53,-3.455,5.435,-11.865,-14.2226,-18.3257,-23.0141,-12.2175,-9.575,-21.8815,-20.6204,-11.555,-3.2932,-19.205,-10.8232,-10.2005,-21.58,-10.8383,-22.2414,-16.3524,-32.9288,-27.705,-36.013,-36.8939,-32.818,-27.705,-25.255,-32.8519,-25.6907,-41.9764,-28.5772
usa_NC_0034_0070,53,-2.6021,3.055,-11.145,-16.4274,-18.5726,-22.7132,-15.673,-11.4006,-21.4509,-23.1736,-15.2713,-4.4006,-23.0541,-16.415,-17.4332,-26.125,-7.5783,-23.2117,-17.9921,-37.245,-29.926,-37.5617,-40.1117,-33.7363,-33.1373,-24.9154,-35.8512,-29.2712,-40.7685,-29.4839
usa_NC_0034_0071,53,-2.6393,2.735,-11.495,-16.4956,-17.9283,-21.7477,-15.641,-8.1956,-18.1987,-22.4583,-16.59,-5.225,-25.7917,-17.465,-17.3956,-29.48,-2.405,-22.5205,-15.9438,-38.5977,-31.2989,-35.8083,-39.2139,-35.3107,-32.8788,-24.5179,-34.625,-32.2366,-42.1779,-28.2167
usa_NC_0034_0072,53,-2.5886,1.89,-9.39,-14.0982,-17.14,-20.4191,-13.698,-5.7162,-19.2489,-21.7287,-17.0574,-5.5453,-24.31,-10.56,-17.9394,-27.3622,-2.4767,-21.6145,-14.0725,-33.2892,-29.11,-33.6282,-38.3416,-33.1989,-36.7331,-22.835,-34.1979,-33.7519,-39.3524,-25.9128
usa_NC_0034_0073,53,-2.3686,-0.74,-8.31,-12.9106,-16.2067,-18.3673,-14.7054,-6.9543,-18.6341,-21.9712,-16.659,-3.7844,-23.1084,-9.4477,-18.1733,-24.2733,-2.8733,-19.9357,-13.2341,-31.79,-29.4638,-34.2574,-38.3242,-26.6208,-37.5092,-23.8967,-33.6885,-34.7819,-37.3824,-28.0567
usa_NC_0034_0074,53,-2.67,-1.21,-8.42,-11.2818,-16.1933,-16.27,-15.47,-9.3843,-13.6759,-22.4075,-17.1129,-5.87,-23.4911,-11.1931,-16.1406,-21.6178,-2.1922,-21.7882,-12.9367,-33.4483,-30.1048,-30.3396,-39.7489,-24.0629,-38.7085,-23.4355,-36.9124,-36.7491,-36.1367,-29.9506
usa_NC_0034_0075,53,-2.6179,-1.315,-11.225,-12.5691,-18.615,-15.925,-17.0096,-11.9536,-11.4456,-22.0574,-18.0361,-10.856,-22.0659,-12.725,-18.4883,-17.307,-3.725,-24.1841,-15.2528,-35.4295,-31.2576,-31.8837,-41.5645,-24.4046,-39.7083,-23.0857,-36.8031,-39.2564,-34.4221,-30.0472
usa_NC_0034_0076,53,-1.3671,-3.59,-11.3,-16.1629,-19.0633,-15.2645,-19.586,-14.3869,-11.5822,-23.0394,-20.7453,-10.6626,-21.7145,-14.0957,-21.81,-15.7993,-4.91,-25.6814,-17.3041,-34.8576,-31.41,-37.3137,-39.7,-25.2617,-42.0767,-24.4581,-33.8225,-39.4362,-33.407,-26.3933
usa_NC_0034_0077,53,0.4907,-5.605,-11.355,-16.6332,-17.6083,-14.3677,-19.133,-13.3307,-12.645,-24.5117,-21.2274,-10.6394,-19.3355,-14.3758,-21.2983,-16.0736,-4.7894,-25.81,-15.8512,-33.335,-30.695,-35.0642,-36.7283,-27.1127,-44.7912,-26.0183,-33.7731,-39.2403,-33.8215,-24.7117
usa_NC_0034_0078,53,0.9807,-6.185,-11.175,-15.7344,-14.8517,-13.1823,-14.761,-11.5583,-12.8925,-21.9407,-18.4521,-9.4883,-16.565,-11.6693,-18.035,-15.93,-2.9217,-23.285,-12.2991,-33.3787,-29.337,-36.935,-32.3383,-28.005,-43.4336,-23.9016,-31.8581,-37.7166,-33.6221,-23.4272
usa_NC_0034_0079,54,0.9807,-6.625,-8.315,-14.1697,-11.6817,-12.3232,-9.653,-7.245,-12.3462,-17.955,-13.7917,-7.8217,-12.3943,-8.1693,-15.6002,-15.8264,-2.315,-20.805,-9.905,-32.8874,-27.917,-35.7383,-30.905,-28.735,-41.5983,-22.7583,-31.0113,-35.2608,-31.1936,-20.33
usa_NC_0034_0080,54,-0.6007,-2.925,-6.455,-12.4532,-9.3917,-10.5423,-6.209,-6.0597,-7.2018,-12.4804,-9.7583,-6.7885,-7.6881,-5.0383,-11.7221,-11.8567,-1.805,-17.7121,-5.5483,-28.8436,-25.1465,-32.396,-28.0206,-28.7512,-40.9297,-20.8822,-27.3681,-31.4371,-28.1079,-16.8344
usa_NC_0034_0081,54,-0.9236,-2.805,-9.885,-12.3862,-10.025,-11.0723,-5.957,-6.82,-7.375,-10.4359,-9.285,-6.4894,-5.9006,-3.7219,-10.2164,-9.425,-1.305,-16.8728,-3.5397,-26.8065,-24.9783,-31.335,-28.0672,-28.0486,-41.4979,-19.9256,-25.12,-29.5055,-25.2536,-15.8311
usa_NC_0034_0082,54,-0.465,-4.135,-13.095,-10.8091,-10.2117,-11.5105,-6.815,-10.085,-8.2094,-11.1817,-8.5217,-6.59,-4.2706,-6.3059,-7.7063,-10.3608,-0.765,-16.6261,-5.1361,-25.0733,-21.565,-30.4864,-27.4571,-28.167,-41.9091,-19.9087,-23.5212,-28.0685,-24.3893,-15.6789
usa_NC_0034_0083,54,0.4693,-6.225,-17.135,-10.0862,-9.8483,-10.845,-6.669,-10.2,-6.7512,-8.755,-7.7262,-6.3012,-3.9642,-6.945,-8.4102,-13.2677,2.255,-13.5503,-3.8503,-21.7664,-21.3593,-28.2521,-24.8006,-28.22,-39.3509,-20.4795,-22.5169,-28.5799,-23.9656,-15.22
usa_NC_0034_0084,54,0.1857,-4.31,-17.8833,-10.5735,-8.7967,-9.8045,-3.237,-9.1816,-5.275,-7.89,-3.775,-4.175,0.0154,-2.1667,-7.5136,-14.8357,5.2214,-10.3548,-2.1447,-22.2577,-20.1273,-25.6537,-24.85,-24.9326,-38.0618,-18.0328,-21.3156,-26.8802,-21.8647,-13.8167
usa_NC_0034_0085,54,-0.2264,-4.205,-15.0272,-10.0756,-7.3983,-8.6505,-3.5528,-6.6313,-3.6815,-2.43,0.195,-0.905,-0.7358,-0.605,-4.8005,-8.4383,3.4379,-8.025,0.2003,-22.3183,-15.5717,-21.7319,-25.6787,-22.4963,-36.1168,-15.5907,-17.8519,-22.7934,-18.1903,-10.9078
usa_NC_0034_0086,54,-0.5307,-2.205,-11.9894,-10.6156,-7.0817,-7.7723,-5.413,-3.975,1.5129,-0.7283,0.9828,-0.8075,-1.173,-1.4359,-3.3268,-3.1013,2.1836,-5.9239,0.1197,-17.6263,-12.425,-16.737,-23.6831,-22.5164,-36.3979,-14.5383,-13.8325,-21.6287,-16.945,-11.3811
usa_NC_0034_0087,54,0.2264,-2.955,-13.2394,-13.5009,-7.7883,-9.0723,-5.42,-4.03,-0.275,-0.7033,-0.1244,-1.1637,-1.5024,-3.2728,-5.0995,-3.095,2.6883,-5.9055,0.5272,-15.6512,-13.27,-16.8367,-25.245,-24.0268,-38.7825,-15.6433,-15.22,-22.2569,-16.9007,-13.3478
usa_NC_0034_0088,54,1.0936,-5.095,-13.8572,-16.5291,-8.9017,-10.2805,-6.148,-3.755,-2.4239,-0.6895,-0.6961,-3.4232,-6.603,-1.945,-5.6441,-5.5613,6.615,-3.7398,2.0983,-14.785,-10.5441,-15.66,-22.335,-25.2089,-36.7703,-16.8707,-15.4475,-23.0017,-16.4321,-15.3767
usa_NC_0034_0089,55,0.0671,-4.25,-13.89,-18.4371,-9.56,-10.0218,-7.2025,-2.5321,-6.1713,-3.1208,-3.4456,-3.4959,-6.3809,-3.8082,-7.8233,-5.545,1.9433,-6.31,0.0784,-12.7248,-9.8491,-15.3204,-19.6135,-25.106,-36.1025,-13.9797,-14.3244,-22.8733,-17.0018,-15.6011
usa_NC_0034_0090,55,-0.05,-5.19,-13.6389,-19.3324,-10.01,-9.1545,-6.778,-2.3778,-7.1188,-4.7857,-4.3735,-3.5711,-6.5452,-2.5917,-9.6875,-6.37,2.2667,-5.1,-0.7875,-11.8413,-8.4024,-12.8848,-18.15,-23.2315,-37.8571,-15.3867,-14.225,-19.9857,-18.5912,-14.0833
usa_NC_0034_0091,55,0.5386,-5.51,-12.5456,-17.9429,-7.2867,-6.4718,-3.974,1.91,-2.5532,-2.4367,-2.44,-2.7782,-5.015,0.3485,-4.5233,-3.78,-0.0567,-0.7127,2.7633,-9.1683,-7.6519,-8.0991,-13.9253,-22.0543,-36.0614,-13.2038,-11.6294,-16.09,-17.5047,-13.7317
usa_NC_0034_0092,55,0.22,-4.38,-12.1911,-18.5094,-6.48,-6.2664,-2.328,1.6575,0.3,-1.3987,-2.7918,-2.1967,-4.6356,-0.8867,-5.1578,-4.1943,-2.7133,-0.1936,2.5637,-5.48,-2.93,-8.1573,-12.7744,-18.6014,-36.3443,-11.1467,-11.1133,-16.4752,-17.5182,-14.5883
usa_NC_0034_0093,55,-0.5879,-4.995,-12.5283,-17.8421,-5.0983,-6.2359,-0.459,4.2907,-1.7891,-4.1479,-3.3318,-0.61,-1.5318,0.2204,-4.7897,-5.0037,1.9907,1.8354,3.0109,-4.679,0.0702,-11.5117,-10.8506,-17.7802,-35.095,-8.3122,-10.1314,-15.5783,-15.9656,-15.1367
usa_NC_0034_0094,55,0.0364,-8.885,-15.285,-16.4497,-4.275,-7.5532,-0.765,2.715,0.355,-8.4287,-5.33,-3.375,-1.9564,-0.3993,-5.1225,-6.825,1.015,1.5864,-0.2072,-6.2808,0.202,-14.509,-11.2461,-18.6402,-31.9158,-8.0781,-7.6789,-15.2302,-17.7997,-14.7739
usa_NC_0034_0095,55,-0.0829,-9.64,-12.3956,-13.5165,-2.3667,-6.6855,0.976,2.81,2.7129,-6.5282,-3.6511,-0.5162,-1.29,-0.4067,-4.8667,-7.0208,2.58,2.4505,-0.9694,-7.1855,1.0122,-12.9054,-9.1032,-15.2952,-26.09,-6.8686,-5.9491,-13.8329,-17.8371,-12.8067
usa_NC_0034_0096,55,0.1936,-11.105,-12.1628,-10.5438,0.385,-5.735,1.939,3.1688,8.0206,-6.11,-1.9674,0.7466,-0.0898,1.6612,-3.9225,-4.4702,6.7275,2.9102,-1.5556,-7.2326,-1.5683,-12.1779,-9.2406,-12.865,-21.1517,-6.0108,-3.3153,-12.2564,-16.4174,-12.9378
usa_NC_0034_0097,55,1.2664,-11.645,-12.205,-6.5874,2.0017,-6.424,3.499,6.745,13.6262,-4.4113,-0.2168,2.4362,3.9995,3.1335,-1.6344,-0.9443,10.265,0.2582,2.0637,-3.5734,-4.3615,-10.985,-5.0717,-9.515,-16.7204,-2.705,1.292,-9.436,-15.0697,-9.6967
usa_NC_0034_0098,55,2.045,-11.995,-14.6994,-5.1374,1.4983,-8.2217,1.881,5.195,11.7762,-5.7336,-0.6021,2.6156,3.995,2.8093,0.8593,-1.8846,11.32,1.16,2.8387,-2.6182,-7.455,-11.2783,-10.93,-9.215,-17.0693,-3.3516,1.9935,-8.8336,-16.0932,-8.63
usa_NC_0034_0099,56,3.08,-13.68,-17.5089,-4.6729,1.0133,-9.8867,-1.732,5.73,8.4363,-6.8271,1.1689,2.9189,3.3911,3.83,1.1419,-2.6658,9.7891,3.5388,-0.0144,-6.3629,-8.3508,-11.7361,-16.3095,-8.1986,-17.1644,-6.149,0.9709,-9.1676,-16.3553,-9.7394
usa_NC_0034_0100,56,3.3761,-11.6916,-13.4427,-0.9728,5.4851,-6.0998,2.3484,10.2632,11.8632,-4.0387,5.6018,7.9559,6.3915,6.8223,2.6541,2.1101,14.823,8.8802,5.5632,-0.4854,-4.3441,-6.8416,-13.6368,-5.0673,-10.3375,0.0684,6.7018,-5.8911,-12.1051,-6.1788
usa_NC_0034_0101,56,4.5781,-12.7326,-8.2749,-1.1938,8.1274,-3.7117,4.7354,10.5024,12.4263,-2.4276,7.114,10.5533,7.8402,7.7807,2.5997,3.2182,17.9474,9.6297,8.7316,2.4628,-2.6901,-3.386,-10.4082,-2.5267,-7.5151,3.0667,10.6231,-3.4264,-9.132,-3.2582
usa_NC_0034_0102,56,4.9826,-14.6989,-1.0345,-0.6789,9.4777,-2.8608,7.2851,10.2961,12.1711,1.9301,8.9211,14.1544,7.9396,8.4665,5.5776,3.0483,20.7655,10.1599,11.6306,4.698,1.9347,-1.3111,-4.4789,-2.9206,-3.2977,5.1992,14.6453,-2.1266,-6.8672,1.3405
usa_NC_0034_0103,56,5.8676,-15.7432,1.6368,1.5957,12.5235,-0.2541,10.3488,11.2158,13.531,5.0187,12.5702,19.5806,9.7294,12.4459,5.8151,6.2321,21.5493,13.2947,15.0035,8.894,5.5702,0.4261,0.4663,-1.0859,-0.9632,7.2068,18.4581,-0.4536,-4.7089,4.1785
usa_NC_0034_0104,56,5.8134,-13.7989,2.9311,3.2269,14.0577,0.712,11.4691,9.8263,10.9273,8.3794,14.0858,21.5023,10.1568,12.1665,5.3734,8.5611,20.4433,16.3483,14.6737,5.7211,6.9665,0.9672,4.2822,0.902,0.2916,9.5348,21.0786,1.1139,-3.2875,4.2211
usa_NC_0034_0105,56,4.7931,-11.6684,3.4516,4.3316,13.2716,-0.0321,9.8716,8.9366,9.6669,11.2085,12.5982,19.0878,7.3173,11.9149,2.7043,10.5904,20.1941,14.4016,14.4927,7.6253,2.1616,0.4777,4.0516,0.3887,-0.1743,9.4182,21.1285,1.2387,-6.5427,3.2482
usa_NC_0034_0106,56,4.3615,-11.3,5.67,7.6471,11.93,-0.4364,9.06,8.695,9.4222,9.4333,10.1474,18.7067,5.0345,10.1636,2.4045,6.7923,17.1286,15.89,12.5167,5.5312,-0.535,1.7042,3.74,-2.4632,-0.7471,10.6484,21.1424,1.7167,-6.1171,2.3389
usa_NC_0034_0107,56,3.2073,-5.4908,5.2142,8.5724,7.5775,-2.984,7.9522,8.6292,7.0898,7.0175,5.5398,15.353,3.9175,8.8509,0.0751,6.4309,12.2592,15.1747,11.3953,3.596,-0.6508,0.6482,2.7842,-4.5396,-3.1805,10.429,20.4963,0.211,-7.0701,1.6759
usa_NC_0034_0108,56,2.349,-3.8895,7.1505,8.5223,4.7505,-3.2077,10.7865,9.4155,9.955,8.3939,4.9716,14.1418,4.3272,9.9405,-3.7842,1.5705,10.3105,16.4014,9.9842,3.1105,2.9605,2.3265,4.2383,-5.1764,-3.0645,11.0691,18.6074,-0.0358,-6.8866,1.4994
usa_NC_0034_0109,56,1.3777,-2.8684,9.5616,4.9022,1.4982,-5.4457,11.0756,6.7895,8.5594,5.6085,0.8421,10.776,-0.0911,6.2566,-7.4684,-4.0184,9.8649,15.3268,6.026,1.1011,2.677,2.2396,0.5941,-4.8764,-4.3684,9.1982,15.6253,-1.6587,-6.9541,0.4482
usa_NC_0034_0110,57,0.3891,0.2737,13.5637,2.3443,-0.4196,-4.94,10.8057,4.1737,6.1579,0.5165,-2.8474,9.4,0.0782,5.4654,-9.9701,-4.3216,13.3537,15.7499,1.8404,0.1519,0.5055,2.4606,-3.6576,-2.8448,-5.2263,8.6037,16.6456,-0.7849,-6.5749,1.3126
usa_NC_0034_0111,57,-0.2085,1.0934,16.2284,-0.0551,-1.2516,-1.7179,11.6364,3.8122,5.8384,-0.2503,-4.6094,8.2129,0.3684,4.2223,-6.7816,-4.8043,11.0851,17.8093,2.0934,0.4476,2.3256,0.5275,-4.6669,-3.6423,-8.1816,10.0906,16.2184,-0.7608,-5.0887,0.924
usa_NC_0034_0112,57,-1.1615,3.525,18.6667,-3.4235,-0.7967,-0.6227,10.86,1.84,4.025,-4.2313,-4.7222,7.6529,0.5444,4.1786,-5.5889,-5.9083,12.2,17.4091,1.8187,1.0667,4.06,-1.4455,-4.0235,-2.4214,-9.8917,9.8156,15.2844,-0.8024,-4.6086,2.9
usa_NC_0034_0113,57,-1.8571,6.6987,17.107,-7.6381,-2.8363,-2.293,7.3257,-0.1549,3.1237,-9.2513,-4.9963,6.9263,-0.6842,3.9583,-5.6041,-6.7783,6.6237,12.6146,-2.491,-0.2263,0.61,-1.5096,-8.1616,-5.3763,-12.518,5.7737,13.0834,0.1542,-5.4663,2.6265
usa_NC_0034_0114,57,-1.8518,7.4039,15.4789,-12.2387,-4.9744,-3.8761,4.3549,-2.6711,2.8512,-14.1273,-6.2711,3.9589,-2.8163,4.6504,-8.7461,-9.7518,9.9567,7.8266,-5.3766,-3.4392,-1.2938,-2.6461,-10.8544,-9.6624,-14.5938,0.5989,10.9531,-1.3308,-5.9582,1.2428
usa_NC_0034_0115,57,-1.8621,8.27,16.6061,-18.1109,-5.7783,-5.41,2.639,-5.1336,-0.6272,-16.93,-8.4383,4.545,-3.0323,2.9817,-10.2675,-11.6014,9.1394,1.6521,-4.855,-4.595,-2.5686,-5.9235,-12.2208,-11.805,-15.6868,-3.2947,9.766,-2.5904,-7.4964,0.4422
usa_NC_0034_0116,57,-2.2686,9.25,13.9433,-22.4665,-7.2733,-6.345,-1.534,-10.6054,-1.6067,-17.09,-8.8268,2.51,-5.9216,-1.1285,-13.37,-14.24,6.61,-3.3163,-8.5959,-4.8471,-3.9991,-9.6471,-15.6844,-14.9545,-18.9817,-5.8556,5.9787,-2.7363,-8.4729,-0.9928
usa_NC_0034_0117,57,-2.5221,11.925,12.8628,-22.7326,-6.1917,-4.84,-1.983,-8.5364,-0.6261,-16.8083,-8.6817,3.6271,-4.8483,0.2619,-14.29,-12.3007,5.6305,-3.465,-5.4797,-3.4992,-3.819,-9.465,-16.8562,-14.8215,-19.1612,-5.5247,7.1913,-0.4979,-7.5836,-0.0567
usa_NC_0034_0118,57,-3.9264,17.155,13.2617,-23.3109,-4.5117,-2.935,-2.8342,-7.845,-1.2488,-14.5407,-6.7238,6.8318,-6.605,4.7736,-13.4145,-11.7229,6.795,-2.4945,-4.0661,0.1561,-3.833,-8.7383,-15.6106,-12.6783,-17.3819,-1.6018,8.3575,-0.1074,-5.9336,2.1478
usa_NC_0034_0119,57,-5.8136,23.785,13.7872,-23.2291,-2.205,-1.435,-2.4267,-5.3283,0.4928,-10.3658,-5.0997,6.7872,-5.235,5.045,-12.1874,-9.2263,7.1741,-3.8526,-3.7017,3.2436,-3.998,-9.7382,-12.2683,-13.1764,-16.9037,0.8618,9.215,1.7674,-4.155,2.765
usa_NC_0034_0120,58,-6.9521,25.745,10.7161,-21.3126,-2.3417,-2.19,-1.7492,-3.4792,1.655,-8.3335,-4.3617,5.3208,-7.1876,5.9281,-12.8331,-10.1117,6.9868,-4.4421,-1.04,4.7896,-8.1283,-8.0176,-9.8839,-11.4771,-16.2263,5.1774,10.0373,2.2343,-4.5493,4.1328
usa_NC_0034_0121,58,-8.4543,30.87,9.7989,-16.3018,-3.1033,-4.615,-1.0608,-1.865,4.5416,-8.9809,-2.0712,4.9267,-6.4122,6.21,-11.971,-7.886,8.5009,-1.5789,1.3153,6.2638,-3.4422,-4.8383,-3.3233,-9.026,-14.6712,10.4225,9.735,3.4515,-1.6614,6.3406
usa_NC_0034_0122,58,-9.5521,33.755,10.9772,-10.4391,-2.9317,-4.375,1.3842,0.255,4.1813,-5.4228,0.2138,4.7668,-3.3191,8.0383,-8.0783,-5.532,10.5328,0.7455,2.9339,7.4836,-0.5212,-3.72,1.9726,-9.1928,-11.9512,13.705,14.4863,5.4675,2.0979,7.7633
usa_NC_0034_0123,58,-8.3193,30.085,10.4783,-7.3962,-2.965,-4.815,3.7533,0.49,6.2506,-1.0914,-1.3425,4.1506,-1.3621,10.3177,-6.2777,-4.0693,12.37,1.4976,3.6672,6.4219,-1.5005,-3.555,3.9117,-7.7959,-9.6079,15.475,15.2106,7.2879,2.1185,9.0617
usa_NC_0034_0124,58,-8.5264,28.335,7.8394,-4.3344,-1.9383,-4.455,4.9783,-0.6471,2.2126,3.7405,2.1421,5.095,0.2728,9.3533,-0.0959,0.1891,14.6728,1.76,4.995,6.9217,-1.485,-3.6627,5.8117,-8.0641,-5.905,17.5183,15.1638,7.7804,4.1979,11.2978
usa_NC_0034_0125,58,-8.8643,28.76,5.1778,-1.2706,-0.7467,-3.745,5.8125,-0.37,1.2111,4.6462,3.0278,3.7375,2.2286,8.0417,4.4409,2.6059,13.875,3.55,6.4059,7.4133,-1.4842,-1.576,8.85,-7.595,-2.9471,20.7906,18.5156,8.3488,6.2676,9.5444
usa_NC_0034_0126,58,-9.3364,28.055,4.4461,1.7997,0.8217,-1.71,6.0808,0.34,1.7461,3.2119,3.6455,2.9787,3.8971,6.3239,7.8532,2.4217,13.985,9.605,8.2997,7.6017,-1.0913,0.6183,9.3577,-7.346,1.4585,22.8673,19.8881,9.4445,7.7835,10.41
usa_NC_0034_0127,58,-9.2436,26.465,2.7739,2.7438,2.3483,0.51,6.5767,3.605,0.2113,2.1517,5.7745,1.8262,5.4235,7.035,10.3577,3.9556,15.9475,12.9374,10.8961,9.085,0.89,1.3017,8.5279,-5.6108,2.7791,23.825,19.7225,11.2779,9.2244,13.4489
usa_NC_0034_0128,58,-8.9107,25.265,3.7583,3.8015,5.095,3.5631,8.5292,5.775,0.4721,6.3167,7.2039,1.4368,5.3,4.485,10.6461,3.7917,19.1083,15.2917,13.6829,11.2568,2.455,3.913,9.765,-2.291,3.1062,28.0218,22.7219,11.7702,11.1311,12.55
usa_NC_0034_0129,58,-8.7,23.82,5.5444,4.7941,5.3167,4.7,9.5125,5.7611,1.825,8.15,6.8263,1.4944,5.8476,7.3667,10.1,4.9429,16.2833,17.25,11.4765,11.9,2.1947,4.1792,8.2222,1.5321,4.7571,30.0452,24.0031,9.2429,12.0485,12.8139
usa_NC_0034_0130,59,-7.8929,22.48,6.9,8.2,8.0733,7.8667,12.1,9.5438,4.2778,12.2143,7.8579,2.825,7.99,9.3462,14.5632,6.8952,16.8167,22.07,14.6062,13.6571,4.0952,4.7273,3.9474,3.475,4.5571,33.4138,25.7625,10.2214,13.1182,15.1194
usa_NC_0034_0131,59,-7.4093,19.035,7.6883,13.8609,10.995,9.8732,13.5425,11.4197,8.3598,10.305,8.5772,4.5256,9.4828,11.1083,16.5217,6.6883,17.3883,22.815,16.28,16.0854,5.785,2.8455,2.765,8.9193,7.105,36.1873,28.7331,12.6264,13.258,15.4717
usa_NC_0034_0132,59,-6.4007,18.345,9.9961,17.9615,14.065,12.4486,15.1558,12.3636,7.9061,6.785,10.7534,7.4183,14.4218,15.3465,17.1324,8.7042,17.11,27.3482,18.885,19.6415,5.2945,2.853,2.735,11.9264,8.6619,37.0383,30.985,13.9731,13.182,15.5961
usa_NC_0034_0133,59,-5.1321,13.155,8.5972,20.0574,17.985,14.875,15.791,15.325,9.4926,2.975,10.715,7.3224,15.4274,17.5964,16.8812,13.2404,20.9083,29.19,17.3972,20.1932,3.9068,5.151,4.056,13.4944,6.275,39.9129,30.0781,15.8488,14.478,15.9278
usa_NC_0034_0134,59,-4.8529,11.75,7.87,19.6018,20.3233,14.9991,15.106,15.9543,10.89,-0.5538,11.485,8.3519,16.9309,18.4275,14.59,12.9543,22.4,26.5281,16.7724,20.79,2.3082,4.9641,2.609,12.1431,6.4445,41.6167,30.265,15.9363,13.5459,17.9039
usa_NC_0034_0135,59,-5.3121,12.605,11.985,18.7921,23.245,15.8359,14.837,15.7593,12.4172,1.3862,12.7117,10.8976,16.715,20.1142,16.3983,12.4967,26.1325,26.8029,16.2332,20.635,3.6276,4.9783,-0.0339,13.2547,7.2283,40.1321,31.2044,15.6523,15.5009,15.7089
usa_NC_0034_0136,59,-4.6986,10.54,11.35,17.6388,24.5067,15.8891,14.136,14.8492,13.5633,3.7612,11.7133,11.8244,14.4752,19.2185,16.5506,12.89,27.86,27.6689,16.4112,18.9189,3.9539,2.9559,-4.0965,11.5219,7.18,40.7733,28.9581,16.7751,16.9918,14.2661
usa_NC_0034_0137,59,-4.4593,9.875,9.575,15.3785,22.295,15.4312,13.255,14.9264,13.5491,-0.245,9.8138,11.5668,10.418,19.3407,16.3502,9.318,26.4823,26.6603,17.4939,19.1445,0.371,0.6479,-7.6685,7.984,3.8396,39.4378,25.7269,15.5038,16.2932,16.1411
usa_NC_0034_0138,59,-3.9714,7.91,8.37,14.9147,20.53,15.2214,12.5923,14.83,14.3625,2.35,9.95,15.2444,12.0907,19.05,14.731,8.4457,24.36,25.0265,16.2889,15.4071,-1.85,-3.35,-8.7868,5.9603,1.2188,34.9367,26.1031,11.1573,15.0706,12.55
usa_NC_0034_0139,59,-3.7136,10.365,8.735,15.0121,18.5817,14.265,11.2996,15.165,16.3966,4.5364,9.365,14.4594,9.9188,16.2079,14.2079,10.665,22.075,21.9838,15.5594,15.365,-5.787,-3.555,-9.3771,4.2271,0.5712,28.8217,23.8619,8.3701,12.465,10.8039
usa_NC_0034_0140,60,-4.485,12.925,9.085,13.1179,16.6483,13.6031,10.2342,13.325,15.1261,8.24,8.265,15.0706,7.7686,11.4112,12.9983,8.2227,18.825,21.2062,15.9229,13.6035,-7.7437,-1.7636,-8.3739,3.0007,-2.8475,22.4286,20.1832,5.6552,10.4621,10.4372
usa_NC_0034_0141,60,-4.5679,13.905,9.625,12.8838,16.1017,14.2488,11.385,12.31,16.7092,11.3068,8.0717,14.4,8.0435,8.125,11.612,4.0337,17.4,19.1194,14.445,11.5607,-10.656,-2.312,-6.7044,-1.355,-3.7813,18.4562,18.9462,4.5274,6.825,8.9444
usa_NC_0034_0142,60,-4.13,11.1,8.42,10.6024,16.57,13.3629,11.076,11.72,15.82,12.25,6.0533,14.4267,8.72,14.02,5.4382,0.7518,15.3057,20.5147,14.4884,10.5843,-12.1086,-3.2646,-7.0153,-4.4391,-5.4363,11.8387,17.0473,-1.2629,2.0965,6.6061
usa_NC_0034_0143,60,-4.5657,13.19,8.94,7.57,18.6167,13.851,11.454,12.0016,16.5288,11.03,6.9137,14.4756,9.595,13.8518,1.8336,2.4533,11.47,19.8271,12.9963,9.745,-11.0845,-4.758,-6.98,-4.7845,-6.5653,12.1867,14.1033,-2.2373,2.4435,5.9644
usa_NC_0034_0144,60,-4.2214,11.77,7.67,4.4088,21.15,15.9452,13.234,11.6816,14.0735,11.3115,10.2971,13.0735,9.2464,12.8917,-0.2091,1.4375,8.2214,20.755,11.6389,7.6687,-13.86,-5.494,-6.4184,-6.6167,-6.4559,11.3767,13.6652,-2.2305,0.4871,6.6778
usa_NC_0034_0145,60,-5.1864,14.405,4.615,2.6968,23.265,13.9707,11.4683,10.455,12.6128,8.1004,8.0128,10.9662,8.6386,9.305,-3.1877,-8.09,4.835,16.5639,7.9674,3.3287,-16.06,-8.2672,-9.8293,-12.265,-9.8797,7.9217,9.6911,-6.993,-3.715,1.9239
usa_NC_0034_0146,60,-5.4443,14.98,3.0,3.92,23.64,13.4581,11.1158,9.05,10.6922,2.9617,7.2644,10.57,7.5274,9.29,-4.7664,-11.13,2.7486,19.7867,4.7589,0.17,-15.6943,-8.4675,-12.0118,-15.08,-10.8741,5.0993,5.5291,-10.5727,-7.2359,-0.755
usa_NC_0034_0147,60,-4.3229,11.75,2.5,6.3112,23.17,15.075,12.4492,7.585,11.1347,-1.2755,6.6756,9.1053,5.438,8.41,-7.475,-12.6586,2.37,21.251,4.0121,-1.3891,-15.0845,-8.18,-13.1014,-14.2996,-11.1925,6.0167,1.7465,-11.1422,-9.1447,0.9839
usa_NC_0034_0148,60,-4.0193,11.035,1.285,9.495,20.5683,12.76,13.295,7.8476,10.0825,-3.2973,6.1728,7.2339,3.4086,5.47,-8.6932,-12.786,6.4117,19.805,-0.0579,-5.5441,-16.7002,-8.9789,-15.8892,-14.2193,-12.5836,3.4583,-2.9697,-14.3123,-10.4579,-2.7494
usa_NC_0034_0149,60,-3.7093,9.695,-0.235,7.2844,16.775,11.715,12.3883,5.3217,5.275,-3.5065,4.5138,5.505,-1.0831,2.6217,-11.0509,-13.4021,7.855,18.374,-2.7825,-10.9885,-22.6783,-11.9493,-19.5134,-17.576,-17.1296,1.418,-6.0097,-18.6718,-14.6679,-5.4756
usa_NC_0034_0150,61,-3.4671,7.81,-0.06,0.6429,12.6667,9.2233,10.4942,4.8547,1.8122,-6.6171,3.1456,1.3963,-1.76,-2.4814,-15.7933,-13.2143,1.5233,15.81,-5.9475,-15.7642,-25.46,-16.4236,-26.35,-18.8136,-19.2869,-2.8989,-11.7161,-20.4393,-16.9129,-6.7461
usa_NC_0034_0151,61,-3.7786,7.0,0.39,-0.6294,8.9567,9.9619,9.8958,3.7875,-1.0444,-6.375,2.7941,0.65,-1.25,-2.2,-18.0895,-12.2923,-1.0,13.255,-7.1824,-17.016,-24.2091,-19.2458,-28.625,-19.0429,-19.0667,-9.3867,-14.5969,-21.1878,-18.1735,-8.5333
usa_NC_0034_0152,61,-3.5814,5.25,0.13,-0.8747,7.1067,10.2471,7.8248,5.7471,-4.06,-4.11,5.0724,-2.6,-1.3711,-3.1869,-16.6711,-11.2989,-3.81,9.175,-9.2378,-19.9267,-26.223,-22.1142,-29.18,-19.2067,-22.0683,-12.9063,-17.8319,-24.9441,-18.8894,-9.66
usa_NC_0034_0153,61,-4.5336,6.735,-3.215,-0.1756,4.6683,6.8541,5.7341,6.6664,-2.705,-5.8362,3.0672,-3.515,-2.3193,-3.5193,-19.3317,-11.4161,-4.1717,4.335,-12.6862,-22.9833,-28.7702,-24.33,-31.2261,-22.0602,-25.0232,-17.6754,-21.7808,-28.7977,-20.0226,-12.1661
usa_NC_0034_0154,61,-4.17,6.96,-1.0,2.5565,5.8567,8.3345,6.6887,6.8943,1.4363,-7.2906,3.2565,-1.0867,-0.585,-1.62,-17.1575,-8.8752,-4.9089,2.37,-13.9847,-21.6836,-26.295,-22.7941,-30.8105,-20.4265,-26.1655,-18.4166,-21.2745,-28.2737,-21.8406,-13.0367
usa_NC_0034_0155,61,-3.3121,6.605,-0.265,4.2921,6.7726,9.695,6.3885,7.2164,2.0509,-6.6606,4.4038,2.0728,-1.4497,-3.9264,-14.2425,-6.4067,-2.435,-0.405,-14.5738,-19.8598,-25.4072,-20.4378,-29.1161,-20.1937,-29.955,-19.8764,-23.1238,-29.7135,-20.7432,-13.0911
usa_NC_0034_0156,61,-2.5,6.28,2.17,9.1235,7.9828,10.0409,7.6522,10.0929,7.1941,-4.4,5.8647,6.0111,2.4292,0.7067,-9.555,-3.9667,3.1364,-2.9222,-11.8176,-20.28,-25.62,-18.2429,-29.0824,-19.4226,-32.1923,-20.5759,-21.6625,-27.3073,-18.0394,-11.0
usa_NC_0034_0157,61,-2.6779,8.855,5.405,14.5562,9.484,10.9514,8.6541,12.7817,11.8883,-4.9717,4.5713,10.2444,1.3335,6.2079,-6.4755,-2.4813,2.3968,-4.1072,-10.0376,-18.835,-23.437,-16.835,-24.8429,-16.785,-33.205,-22.695,-19.0037,-22.2021,-17.9395,-8.9878
usa_NC_0034_0158,61,-3.0536,11.655,8.455,16.1103,11.3336,12.4886,8.7054,14.3417,18.3985,-0.4183,5.935,11.5044,4.3917,6.295,-2.3345,-0.477,2.1295,-7.3938,-9.1934,-17.665,-21.7942,-17.8321,-20.3917,-15.7698,-33.5583,-22.9583,-19.6156,-20.6055,-16.3068,-8.1639
usa_NC_0034_0159,61,-3.6636,13.425,9.465,16.8532,13.434,12.0105,9.6128,16.5703,19.8124,2.7007,5.8579,12.1474,5.865,7.2112,3.7983,0.8035,4.0014,-5.9879,-6.5613,-18.435,-22.8872,-15.3171,-14.7468,-14.3493,-33.3417,-22.0517,-17.4663,-18.0984,-17.5835,-6.1128
usa_NC_0034_0161,62,-4.4988,13.9274,12.9807,10.5885,16.206,9.9712,14.4648,17.6774,10.1297,6.111,8.0007,8.7688,9.0674,7.0774,13.1724,-1.4435,8.1474,-6.8316,-5.7053,-18.1726,-19.6003,-13.6119,-9.4173,-15.9396,-29.706,-24.5733,-15.812,-16.9648,-19.4738,-4.4832
usa_NC_0034_0162,62,-4.3923,15.64,12.3111,6.5882,16.5172,11.625,17.9174,18.43,9.1059,7.8091,6.7533,11.3462,11.7407,9.2167,12.1,-1.885,8.0556,-7.5905,-5.2316,-20.7687,-19.287,-13.6308,-9.9684,-15.7818,-28.275,-23.83,-14.7281,-16.1171,-21.4545,-3.0472
usa_NC_0034_0163,62,-3.7393,12.2484,13.5984,2.539,15.1995,10.5234,18.7726,17.1789,7.7997,6.8268,8.7018,7.6214,12.8506,6.6434,12.4957,-4.2538,4.5018,-10.7566,-7.3316,-21.3191,-20.2268,-14.5354,-12.8158,-17.6543,-28.9503,-26.5673,-16.2816,-18.2828,-23.1043,-6.4649
usa_NC_0034_0164,62,-3.481,10.6821,10.4521,-1.2991,12.8938,8.4,16.1741,17.1471,10.0068,8.1806,9.0892,6.8859,10.2998,-0.0124,9.7603,-9.6167,-0.3008,-11.1579,-11.0873,-23.8079,-23.2579,-16.6912,-20.315,-21.1103,-31.0829,-29.4979,-18.0798,-23.3652,-28.0337,-9.244
usa_NC_0034_0165,62,-3.619,10.9379,7.2679,-3.3245,9.0338,6.8979,13.9819,15.1829,8.9523,8.2662,6.0746,2.5991,7.5468,-5.7088,5.4579,-13.3484,-4.931,-13.3021,-12.5699,-26.2068,-25.4421,-18.1921,-28.2921,-26.4148,-31.4671,-30.549,-21.5452,-27.4909,-29.2833,-10.481
usa_NC_0034_0166,62,-4.1389,12.3842,6.6842,-4.1393,4.5808,5.7742,12.1322,13.6942,6.012,5.966,2.9136,0.3579,2.405,-8.0258,1.0388,-17.6408,-9.2444,-10.2491,-14.7421,-28.292,-27.5885,-21.5767,-34.3777,-29.7636,-33.3658,-34.0372,-22.5689,-28.6426,-29.5599,-11.4908
usa_NC_0034_0167,62,-4.1648,10.9937,4.4937,-4.4793,0.9633,4.0887,10.4057,10.8387,4.4972,5.4373,-0.4596,-3.8793,-5.6536,-11.1263,-6.5152,-21.2672,-13.7835,-14.5985,-18.8675,-28.8089,-29.4216,-20.4127,-40.1632,-32.9303,-36.4406,-34.5953,-23.9826,-29.8019,-27.7587,-12.1541
usa_NC_0034_0168,62,-4.7591,12.2147,3.4047,-3.2111,-0.9328,0.9105,10.2227,9.4263,2.1197,3.5197,-3.5464,-5.2759,-10.9453,-9.9219,-11.7053,-25.0195,-19.3386,-12.8576,-21.7115,-29.54,-31.5815,-22.5879,-42.8684,-33.2466,-35.8745,-31.888,-25.4646,-29.8678,-25.0876,-10.7414
usa_NC_0034_0169,62,-4.0595,11.9389,4.7289,0.2025,1.0203,2.6737,12.0069,9.7477,3.7856,3.5097,-4.2681,-5.2086,-12.0711,-7.9518,-13.7655,-24.5972,-17.8544,-11.0401,-17.8144,-29.0602,-30.7483,-22.3544,-39.3361,-30.8818,-33.0441,-26.9461,-22.6492,-23.8186,-21.3299,-9.9405
usa_NC_0034_0170,62,-3.2385,10.64,4.48,2.8706,2.0034,1.3474,11.248,9.0765,4.25,2.3733,-5.0444,-4.7778,-12.4,-9.9692,-17.1778,-22.1125,-15.75,-15.7381,-22.3562,-28.4,-31.9048,-22.21,-36.555,-29.6,-31.7769,-25.971,-21.225,-23.4564,-18.0882,-9.85
usa_NC_0034_0171,63,-2.5915,12.5528,3.3178,3.6778,3.7709,0.783,10.8018,8.8444,-2.0944,1.4044,-3.4516,-3.3222,-11.9012,-11.3222,-21.6012,-21.8684,-13.5651,-17.6822,-22.8,-27.1142,-32.3005,-22.957,-35.1622,-27.8822,-28.4222,-22.5222,-23.2738,-19.3197,-14.6928,-7.5444
usa_NC_0034_0172,63,-2.9184,11.6528,1.5478,3.5631,2.1243,-0.1354,11.8678,9.3421,-5.4535,0.5878,-4.3722,-5.1354,-13.9532,-13.0651,-21.9535,-24.713,-18.7722,-22.5437,-27.1778,-31.8374,-32.5027,-23.9681,-36.0172,-29.8688,-26.0338,-19.7579,-17.784,-18.6649,-13.7105,-10.1167
usa_NC_0034_0173,63,-2.5359,7.8083,1.1233,2.7333,0.323,-1.4719,12.2773,7.9976,-8.6417,-0.7333,-4.5889,-5.6825,-13.4258,-15.8333,-25.9104,-28.5667,-19.2778,-27.0803,-29.8431,-32.8985,-30.8623,-23.1051,-36.914,-30.4892,-24.5417,-20.6322,-18.8137,-16.0517,-14.5373,-10.5222
usa_NC_0034_0174,63,-3.2966,5.8111,-1.8689,-1.1889,-0.0372,-2.0942,10.9191,7.2825,-9.6514,-3.5556,-6.3639,-6.8415,-16.3611,-19.6658,-31.4089,-31.782,-22.8556,-29.0239,-31.1654,-30.4889,-32.5193,-23.562,-36.0359,-30.1663,-25.0556,-20.2682,-19.5124,-14.2709,-11.2056,-9.4806
usa_NC_0034_0175,63,-3.3637,1.6556,-5.9244,-2.9415,0.4722,-2.5471,8.9896,3.9286,-10.4474,-3.8811,-8.8694,-9.2944,-17.9611,-18.2791,-32.3778,-33.3117,-19.5944,-30.2208,-31.3569,-32.3629,-30.3944,-24.3368,-33.8507,-29.9044,-26.1637,-16.9587,-16.5209,-15.456,-11.5944,-9.5694
usa_NC_0034_0176,63,-2.5368,-2.4444,-7.5544,-4.0562,-1.3611,-5.4833,6.7436,2.3984,-10.815,-6.0368,-11.3069,-11.9209,-18.463,-18.8944,-35.5873,-34.998,-22.0694,-31.5023,-30.3444,-30.3444,-30.8324,-25.2582,-38.4882,-30.8611,-28.9244,-16.9844,-17.4562,-17.9419,-13.5806,-6.6167
usa_NC_0034_0177,63,-1.6239,-4.3528,-9.6444,-5.9601,-4.8444,-6.3778,1.2222,-0.2311,-11.0215,-10.6528,-15.7563,-14.6988,-22.1498,-22.7978,-39.1016,-36.6578,-24.3414,-34.4222,-32.2944,-32.5278,-30.1085,-27.5706,-42.0715,-29.6421,-28.8778,-16.1261,-16.8542,-17.9028,-13.7028,-4.1056
usa_NC_0034_0178,63,-1.0838,-1.3472,-9.2667,-6.9281,-6.0656,-4.2333,-1.2462,-0.8022,-6.9444,-11.0306,-13.4289,-14.3785,-22.0182,-24.741,-40.1603,-37.1376,-23.8404,-35.35,-33.4944,-30.4376,-32.0313,-27.1481,-41.716,-27.8774,-26.7535,-13.3015,-13.0404,-15.8597,-11.3389,-1.9222
usa_NC_0034_0179,63,-0.1231,-2.275,-9.7333,-6.2588,-5.34,-6.3667,-3.492,-2.8,-9.9579,-11.175,-16.4571,-13.9824,-23.9852,-29.8571,-40.2727,-38.0692,-22.4273,-37.5789,-31.76,-29.1538,-30.0591,-27.037,-39.3467,-25.5483,-25.4188,-11.0871,-12.9727,-16.3225,-8.1083,-0.275
usa_NC_0034_0180,63,-0.2274,-0.3389,-7.9111,-7.1771,-3.0789,-7.5444,-4.7649,-2.8839,-12.7333,-10.1889,-17.3746,-13.5201,-25.4274,-27.7722,-40.1715,-40.4139,-19.8222,-36.9889,-31.2698,-27.5675,-27.5889,-26.0926,-34.0089,-21.6249,-23.6076,-6.0356,-10.0764,-14.1264,-7.3639,-1.2389
usa_NC_0034_0181,64,-0.5474,-0.2667,-8.45,-10.1637,-3.2167,-8.0222,-5.4287,-2.1017,-14.9944,-7.6667,-16.5967,-12.6024,-23.7574,-21.6167,-41.4121,-42.2803,-19.2417,-35.7061,-30.3904,-24.7551,-30.1119,-26.609,-31.3167,-20.8297,-21.0633,-8.7063,-7.6854,-13.1936,-7.925,-1.5028
usa_NC_0034_0182,64,-0.5889,-0.1639,-10.0667,-11.7124,-5.8922,-9.9944,-5.3609,-2.3589,-17.1712,-8.5556,-19.9817,-12.8197,-22.5466,-21.3889,-41.7843,-43.252,-20.9,-36.3039,-32.0994,-27.4103,-29.7934,-27.8409,-31.6576,-20.2162,-19.9826,-5.6854,-7.8358,-14.2197,-8.6583,-0.8861
usa_NC_0034_0183,64,-0.4385,-0.75,-11.3333,-17.2353,-10.4167,-12.4316,-5.58,-5.5474,-15.0375,-10.49,-22.3333,-17.8125,-24.2038,-26.9917,-42.9727,-42.775,-21.6625,-37.2278,-35.4765,-28.74,-31.62,-27.7269,-31.8765,-23.1571,-19.9687,-5.3655,-8.6906,-16.2875,-12.25,-2.5417
usa_NC_0034_0184,64,0.238,-4.0139,-14.7722,-18.6918,-13.9285,-15.7494,-7.0989,-5.2389,-16.6944,-10.4389,-20.5801,-20.4139,-21.4759,-27.4722,-42.6434,-47.5158,-22.5675,-33.1442,-34.7231,-29.0256,-31.6639,-28.7563,-33.9757,-27.1722,-18.3565,-4.9922,-10.0076,-17.0925,-12.1333,-3.0889
usa_NC_0034_0185,64,0.0624,-4.0972,-14.4778,-14.9693,-14.7084,-16.6749,-8.6222,-5.6872,-15.5889,-10.0806,-20.0444,-21.1,-20.1568,-32.7522,-42.0768,-45.7651,-21.0222,-30.4413,-33.5833,-27.5889,-28.3556,-26.8431,-34.7072,-27.4961,-17.991,-3.467,-10.9071,-17.0076,-12.2278,0.7861
usa_NC_0034_0186,64,-0.3521,-2.4944,-12.6667,-11.3915,-12.8065,-15.8392,-9.9924,-7.4744,-12.6813,-9.399,-18.4278,-20.6056,-22.5399,-27.9354,-42.2602,-40.7244,-17.6159,-28.0349,-30.3708,-26.5825,-26.7444,-22.9111,-33.5,-27.3644,-15.1911,-0.4378,-9.8899,-14.6794,-13.9389,2.2611
usa_NC_0034_0187,64,-1.3778,-0.3028,-9.5778,-10.3954,-12.2261,-17.583,-11.1378,-9.9628,-13.0013,-12.9578,-20.8556,-20.6131,-23.573,-29.3278,-42.6778,-41.0944,-12.5778,-26.9128,-30.209,-26.7732,-24.7444,-24.7486,-36.1131,-28.3599,-14.7009,-0.864,-8.6202,-14.4388,-11.7235,2.825
usa_NC_0034_0188,64,-1.715,-0.1361,-6.7056,-12.467,-11.2128,-18.4243,-9.3691,-9.4453,-11.4258,-16.7842,-21.6778,-18.4183,-23.8361,-30.1226,-40.8258,-38.4135,-12.4811,-27.0157,-28.8049,-27.3702,-28.5157,-23.2811,-37.1611,-28.304,-13.8534,2.1817,-8.2767,-14.7489,-10.684,5.6056
usa_NC_0034_0189,64,-0.6795,-4.7083,-8.0444,-15.7745,-10.5644,-19.7533,-11.3013,-11.6333,-16.6389,-17.4718,-22.8556,-17.8867,-26.8804,-32.3833,-40.4944,-40.1942,-18.2333,-27.6286,-28.4208,-27.0333,-29.0424,-26.9583,-38.85,-30.7057,-16.5103,4.5908,-9.2108,-14.3033,-10.0276,2.4417
usa_NC_0034_0190,64,-0.094,-6.1306,-11.1256,-21.5379,-11.4211,-22.6306,-14.7276,-13.7438,-18.0506,-22.9484,-26.9379,-19.1144,-27.0503,-33.0402,-37.7924,-41.2476,-22.3389,-28.9794,-30.1389,-27.3431,-28.6175,-25.8601,-40.2278,-32.4489,-18.2402,1.8844,-9.362,-14.9702,-10.4956,-0.5556
usa_NC_0034_0191,65,0.585,-4.2361,-12.0311,-22.5435,-10.9266,-20.9761,-14.7698,-14.8478,-19.6389,-22.8344,-28.6141,-22.1278,-28.1754,-33.5183,-34.4389,-41.5419,-23.6736,-29.3706,-29.9141,-25.4698,-30.8263,-24.802,-39.5944,-33.6577,-19.8611,0.5389,-7.8644,-14.9392,-11.2868,1.6222
usa_NC_0034_0192,65,-0.4385,-6.5,-15.61,-24.2588,-11.7517,-21.42,-14.464,-15.8429,-18.2889,-25.24,-30.4895,-25.3722,-28.6955,-35.6571,-41.1933,-42.8667,-23.6125,-31.7,-30.8,-26.85,-31.8478,-26.2565,-39.2294,-35.1897,-22.25,-1.3643,-4.78,-12.905,-9.5657,1.225
usa_NC_0034_0193,65,0.7377,-9.9316,-17.6416,-23.361,-12.4005,-23.1416,-14.3996,-16.453,-17.0551,-25.5916,-31.2895,-27.9128,-31.6907,-39.6459,-45.4382,-42.1423,-23.9982,-33.3649,-31.7316,-26.103,-33.2607,-26.4556,-35.9427,-36.7058,-23.8899,-4.7019,-4.3082,-13.1244,-9.2087,3.8323
usa_NC_0034_0194,65,1.083,-11.1832,-15.4632,-17.722,-10.1252,-23.7932,-13.8752,-15.1203,-17.7354,-21.9819,-31.8576,-22.6569,-29.7382,-38.7939,-43.8319,-37.5183,-20.952,-32.7526,-29.1757,-24.8474,-28.8066,-24.0632,-30.1365,-34.2374,-23.0247,-1.8002,-0.0232,-7.8132,-4.7974,7.7813
usa_NC_0034_0195,65,0.9061,-11.0832,-15.4032,-14.0985,-10.5804,-24.8732,-14.6992,-16.0709,-19.8043,-20.4382,-32.169,-20.7298,-29.6992,-37.6774,-43.3346,-35.6203,-16.9324,-32.1947,-25.9867,-25.5421,-25.9757,-24.4113,-31.3694,-30.6498,-23.1989,-2.2076,3.0335,-5.3282,-1.2432,12.734
usa_NC_0034_0196,65,0.8197,-10.0611,-15.5311,-16.0229,-12.0628,-27.0811,-17.4511,-19.9825,-22.0405,-23.6325,-34.1582,-23.4044,-32.4741,-40.6468,-45.2778,-37.515,-17.0747,-31.4278,-26.6585,-27.2486,-26.5631,-26.3183,-29.9986,-27.3525,-22.5325,-1.1004,5.9389,-2.8786,-3.254,17.9028
usa_NC_0034_0197,65,1.0521,-8.2889,-16.2456,-21.5379,-11.2004,-28.5806,-18.8556,-25.5422,-23.0806,-21.8698,-35.7756,-27.1889,-31.3836,-42.9198,-42.9984,-36.1139,-18.0374,-30.8389,-26.5503,-29.0341,-24.6956,-26.2176,-26.8493,-25.959,-21.9806,1.1016,9.2544,-0.0299,0.4787,19.7611
usa_NC_0034_0198,65,1.2073,-5.2389,-15.8389,-23.4212,-9.032,-28.2639,-20.1429,-27.402,-23.2652,-21.8603,-35.9764,-29.3122,-29.8759,-41.1312,-39.4579,-34.0509,-16.7934,-29.1722,-23.6178,-25.7556,-23.7911,-23.563,-22.8056,-19.6889,-21.0122,3.0004,13.1944,2.0136,2.8964,23.4694
usa_NC_0034_0199,65,1.2346,-7.05,-15.34,-22.6029,-7.119,-28.86,-19.982,-26.07,-21.2605,-21.8667,-37.9167,-29.6967,-29.078,-38.9136,-37.4864,-31.5958,-12.8,-27.65,-21.24,-22.875,-21.5182,-21.1611,-20.99,-16.1125,-16.3233,7.9638,18.8767,6.075,8.8324,25.3222
usa_NC_0034_0200,65,0.9047,-4.9972,-15.8522,-21.7722,-8.2136,-29.3972,-18.8562,-25.3722,-21.7444,-19.8322,-38.4056,-28.8222,-28.6306,-36.9995,-37.4809,-29.0995,-8.9278,-24.9151,-20.5827,-20.4151,-20.4389,-19.9833,-19.0789,-16.7631,-11.8222,9.9742,22.2344,10.1962,14.2454,28.5472
usa_NC_0034_0201,66,-0.1496,-4.9611,-17.2411,-21.7611,-11.3146,-30.4111,-19.4151,-24.7861,-24.3464,-27.3011,-38.4978,-25.8194,-27.415,-34.5861,-39.0111,-26.9066,-10.2111,-24.2384,-19.0743,-21.6644,-18.2068,-18.8471,-16.1711,-17.8444,-7.9644,12.8427,26.4489,13.3376,18.1683,29.85
usa_NC_0034_0202,66,-0.4056,-0.1806,-12.7556,-17.2681,-11.9607,-28.1606,-16.9016,-23.4003,-22.7703,-26.5783,-34.5056,-22.7456,-25.2402,-30.7472,-35.3328,-22.7,-7.2181,-21.2156,-14.9444,-12.8256,-13.9806,-12.9216,-10.1118,-17.1294,0.5478,20.3194,30.8311,20.3842,25.4062,35.55
usa_NC_0034_0203,66,-2.0692,2.9,-10.12,-15.2188,-12.0931,-25.685,-14.6375,-20.1737,-19.0471,-20.1417,-26.2765,-17.8333,-22.592,-25.9,-32.2818,-19.6563,-6.0625,-13.75,-10.1353,-7.2267,-8.855,-7.8,-5.7556,-11.119,7.3733,24.0,36.99,28.2525,30.7059,41.7
usa_NC_0034_0204,66,-2.4628,6.3083,-10.7967,-15.2729,-15.4098,-25.3009,-15.6708,-18.9967,-19.3222,-19.0583,-20.5814,-13.9229,-22.209,-23.3278,-32.7894,-20.3792,-6.1542,-11.1214,-6.4778,-4.9917,-3.7417,-4.0708,-2.6114,-8.208,10.75,28.5574,41.4971,32.7192,31.6924,41.7176
usa_NC_0034_0205,66,-2.3615,6.5,-6.64,-13.3062,-17.1345,-24.6632,-14.2375,-16.955,-17.7889,-18.4091,-17.1611,-8.2722,-21.3958,-19.9727,-32.045,-21.0905,-0.5714,-6.9545,-3.2579,-0.0857,2.8727,0.4478,1.0556,-1.2833,16.5857,30.2808,46.1586,39.6333,35.397,48.2571
usa_NC_0034_0206,66,-2.9926,5.9074,-5.7776,-11.3301,-19.0073,-22.5576,-13.7093,-14.9526,-15.8808,-20.1776,-14.7732,-7.8059,-20.0226,-17.9476,-31.6843,-17.951,1.6109,-5.2748,-0.801,1.1642,5.7596,6.5615,5.7324,2.6977,20.7466,32.1272,47.849,42.1824,38.0884,50.3166
usa_NC_0034_0207,66,-3.0752,5.3556,-5.7744,-8.7819,-21.2266,-24.6344,-13.1486,-14.0994,-16.8621,-22.7344,-13.9444,-9.7194,-19.4444,-21.8214,-32.9389,-16.4159,4.1556,-5.8535,-0.6944,2.9465,7.5283,7.8175,2.9806,6.5383,25.1556,34.2935,48.5625,44.6068,39.2131,53.5756
usa_NC_0034_0208,66,-2.6679,3.0417,-7.3233,-8.1146,-20.9655,-27.7044,-12.3583,-14.9889,-19.4333,-24.3652,-14.7556,-9.4976,-17.8389,-20.091,-28.7833,-16.7138,2.9167,-4.3515,3.0931,4.8993,10.1258,7.8588,4.1049,10.9426,26.7167,38.0278,50.83,48.3218,41.0591,54.4195
usa_NC_0034_0209,66,-2.203,3.2028,-9.8022,-9.2016,-21.5722,-27.067,-11.9806,-14.5597,-18.9056,-24.6306,-11.4611,-8.6389,-14.0143,-14.4645,-26.5667,-16.6562,1.8421,-1.7484,5.4572,7.4778,12.1187,12.0378,8.5866,15.5796,26.8528,38.8544,52.7311,49.5328,43.2807,56.0563
usa_NC_0034_0210,66,-1.3868,2.5056,-13.2144,-11.4003,-22.86,-26.9629,-10.7569,-13.2882,-19.0167,-25.123,-9.518,-3.7889,-10.3155,-17.4944,-23.7787,-14.5791,0.7278,-0.7992,7.2222,7.1795,14.7874,13.4328,10.1845,14.9504,24.7056,37.9163,54.4522,52.503,47.0144,58.5598
usa_NC_0034_0211,66,-1.2983,2.2556,-11.7944,-12.0092,-19.9686,-24.0339,-7.9444,-11.5016,-16.2339,-21.4159,-5.4503,0.5819,-5.4349,-10.9752,-17.9797,-9.0074,5.0222,6.1919,11.985,12.9737,19.0903,16.8686,13.7333,17.6038,26.5972,42.237,57.4022,55.1231,53.0261,61.8611
usa_NC_0034_0212,67,-1.7769,0.65,-13.3,-16.7294,-20.2759,-23.1421,-8.875,-12.9571,-16.3,-21.7267,-4.9632,0.9389,-3.0478,-8.8417,-16.8267,-8.7536,5.0333,6.881,14.45,15.2095,21.9174,17.7846,16.3789,20.39,27.0818,43.869,57.6897,56.845,55.6324,64.5889
usa_NC_0034_0213,67,-1.5556,7.1111,-14.8756,-20.8614,-20.9314,-23.924,-9.2556,-10.827,-16.2908,-23.2689,-3.4819,0.5111,0.0794,-4.7248,-16.0289,-8.2969,5.6444,8.776,15.0257,20.0094,24.2053,17.9333,19.2722,20.3278,25.9194,41.1375,56.9944,54.8214,56.1739,66.4673
usa_NC_0034_0214,67,-2.1863,5.4778,-14.7056,-19.9614,-19.4142,-22.1503,-7.1056,-9.1094,-11.6333,-20.7368,-0.8732,7.8209,5.9492,1.5444,-9.0056,-3.1979,9.4172,12.9694,21.4069,23.4392,27.0244,20.2272,20.7911,24.4638,26.1137,43.063,58.8578,55.447,59.8886,67.9844
usa_NC_0034_0215,67,-2.2748,4.5944,-14.4656,-19.5056,-16.8504,-17.0424,-3.0556,-6.1209,-8.9944,-14.8656,4.6297,14.518,11.2833,9.3087,-3.4484,-0.277,14.4644,19.7681,27.0333,29.2222,32.1664,25.6393,20.7694,31.4427,31.5791,47.5409,60.7073,57.3868,65.0415,72.0916
usa_NC_0034_0216,67,-1.5427,0.7778,-15.3289,-22.3076,-14.4854,-15.452,-0.7181,-6.1103,-7.2389,-14.4175,8.3424,15.6935,15.6071,11.5978,0.2968,2.3153,17.2111,20.7556,28.35,31.0254,32.8226,24.4628,22.4817,32.8559,30.5799,46.0361,61.0272,56.0598,65.7582,71.8425
usa_NC_0034_0217,67,0.0121,-2.9263,-15.2063,-26.2263,-11.9332,-12.9211,0.0779,-7.793,-6.1326,-11.6186,12.4404,16.0487,18.9852,14.9814,4.407,7.0487,21.3373,21.0404,29.2632,33.7737,33.4112,26.7415,24.1031,33.9201,30.7137,48.4058,60.4801,55.6974,66.706,71.7137
usa_NC_0034_0218,67,0.3611,-2.3408,-14.2558,-27.3095,-6.6089,-6.2458,0.8842,-5.7511,-2.1158,-8.9658,18.3914,22.4077,25.5042,14.3933,11.2888,13.7362,25.5742,26.6842,35.1211,39.4259,35.5388,29.0694,30.0548,37.8188,34.9709,50.2909,61.0498,55.4047,67.7989,76.6585
usa_NC_0034_0219,67,0.8781,-4.4776,-14.6626,-29.2714,-2.1147,-4.7926,1.739,-3.6826,2.6238,-7.9693,24.554,30.4786,32.4394,23.1224,19.6682,14.7065,28.9474,31.2378,38.1283,40.4117,37.7807,30.6844,32.7786,41.0794,38.1674,52.6681,62.5797,56.1474,66.4562,76.1845
usa_NC_0034_0220,67,1.5227,-6.8658,-16.1058,-30.8845,-2.3951,-4.8658,-0.9283,-5.1808,-2.7658,-6.8794,25.8509,35.353,35.2442,28.0751,21.9433,13.4271,27.6217,30.6992,38.3398,38.2628,35.5747,28.9916,31.0783,39.2888,36.4775,48.065,60.4607,52.9509,62.7901,74.7414
usa_NC_0034_0221,67,1.6806,-6.1329,-18.6379,-28.1391,-3.3269,-5.1674,-2.9371,-6.6979,-3.9641,-8.1279,27.4609,40.5421,34.694,28.0652,29.2754,14.3892,28.8643,34.1373,39.2158,39.5888,34.2373,26.1152,31.6068,39.3103,37.0954,47.7754,59.039,51.2165,62.7098,75.206
usa_NC_0034_0222,68,1.1113,-7.5829,-16.2879,-24.8829,-1.6958,-1.8388,-1.4621,-6.0474,-2.2112,-6.9579,31.4796,43.6359,38.7767,35.2113,35.0012,17.595,33.8421,37.0684,38.8303,41.7888,36.1371,28.1838,33.4474,41.1326,38.5354,49.6207,61.7171,52.4601,63.7964,73.1004
usa_NC_0034_0223,68,0.5615,-6.95,-11.9,-20.6,-2.7931,0.3048,0.95,-1.48,0.0063,-3.1364,41.9889,47.4933,42.8385,44.0778,41.1318,22.5933,36.1714,42.87,42.5111,43.38,36.54,29.3522,35.92,42.335,41.9312,52.8963,61.4719,53.9692,63.94,72.2083
usa_NC_0034_0224,68,1.0927,-7.0842,-11.3042,-18.7405,-5.2428,-0.2128,-0.0134,0.7858,3.3805,0.7075,49.1263,49.9047,42.0918,47.5158,44.0967,21.904,39.3825,45.6567,42.888,40.8858,38.0203,28.4201,35.0708,42.1612,44.2758,54.7232,58.897,53.1517,65.5301,72.0991
usa_NC_0034_0225,68,1.1688,-6.3158,-10.2258,-19.9283,-7.4123,-1.4063,-0.6283,1.6492,1.1405,1.7206,51.4895,49.0898,39.5799,48.5442,41.6579,25.3947,39.0699,44.616,41.3368,36.3233,36.0569,28.4009,33.6842,40.9362,46.2914,55.0435,57.5373,53.3278,63.7614,69.8287
usa_NC_0034_0226,68,0.2466,-4.2342,-8.3642,-19.5405,-8.998,-1.0461,0.4325,3.7908,2.257,5.9575,51.6632,46.6746,38.4108,51.3794,42.6687,30.5737,45.2872,43.4967,38.1687,33.1984,35.7634,24.8741,32.8276,41.5225,47.4325,55.0479,54.6658,53.4312,63.3386,67.3769
usa_NC_0034_0227,68,-0.3603,-3.1276,-7.2926,-17.1339,-7.5293,-1.5176,1.489,7.3579,1.2474,10.739,52.5085,49.474,38.1895,51.2628,41.5158,36.2316,45.7807,43.6561,38.4661,31.4865,32.9792,27.0701,28.2807,43.7267,46.8057,53.975,53.2942,54.4833,63.9074,68.3807
usa_NC_0034_0228,68,-0.1838,-2.9434,-6.6784,-18.5434,-9.1384,-3.2234,1.9359,4.076,-0.5872,11.2854,50.9474,51.2916,40.5094,47.5387,41.376,40.6649,44.2482,42.3173,37.2566,28.8024,30.9866,22.8078,22.7421,42.0316,42.4316,52.4173,50.8003,52.9598,58.4544,67.0516
usa_NC_0034_0229,68,0.5769,-1.55,-4.3,-18.8125,-7.8433,-2.1524,1.3292,5.3765,1.3833,14.4308,50.7842,50.0118,40.9611,48.8154,41.7737,46.1625,40.4,42.415,37.2167,29.272,32.3182,25.2136,20.3105,40.8333,40.4417,48.8429,49.6226,51.8385,58.6324,64.5886
usa_NC_0034_0230,68,0.4291,0.2618,-2.3732,-17.6882,-5.5165,-1.4108,0.6827,6.2702,2.1091,19.5902,52.7257,47.8105,41.4718,50.7083,44.7368,47.9568,38.048,41.1559,37.6868,29.4452,32.8108,24.7914,20.1421,40.2525,38.9868,46.0583,48.7659,50.8343,55.9721,66.6854
usa_NC_0034_0231,68,-1.0174,5.0461,1.6711,-17.8477,-3.5756,1.0461,3.0377,8.6711,3.2505,25.1898,54.0789,49.8526,43.4972,51.6364,46.3148,49.4531,38.3099,39.8983,38.5773,30.6993,34.0124,22.8167,20.9632,40.7598,36.8211,46.3057,50.5711,54.0416,55.1034,68.7382
usa_NC_0034_0232,69,-3.8586,9.07,1.24,-19.8175,-4.8133,0.82,3.495,5.8085,3.6433,28.5629,50.61,48.5762,40.7605,47.3238,45.4033,43.407,35.1075,35.0279,34.6582,30.5382,32.0325,19.754,20.8016,37.9852,32.4518,43.662,49.4609,52.34,52.867,64.1671
usa_NC_0034_0233,69,-5.9829,14.89,0.55,-18.2775,-4.5133,-0.225,3.56,6.41,3.7475,27.51,45.8626,48.6788,40.765,44.4408,42.05,37.7174,33.51,31.6433,34.3288,30.57,29.9796,18.6485,23.7865,35.2312,27.885,41.61,48.0888,53.155,50.2827,62.8671
usa_NC_0034_0234,69,-6.6164,14.595,3.145,-14.3012,-4.4622,-0.765,2.7342,4.555,2.1106,28.6138,41.2383,48.305,40.315,45.2621,37.975,33.5624,36.1967,29.4918,33.4862,29.26,29.087,18.8396,21.6491,33.352,21.7717,38.8729,47.18,53.9775,48.7732,62.0693
usa_NC_0034_0235,69,-7.0586,17.22,4.16,-7.5862,-1.4869,0.905,3.0575,9.2815,2.22,30.9512,39.6478,47.6825,39.2978,44.4771,34.939,30.8992,36.5473,27.7435,35.0989,28.9847,29.5892,16.52,22.3144,33.9781,19.7067,39.3752,46.3294,53.53,48.5594,61.0057
usa_NC_0034_0236,69,-7.2614,18.57,2.8,-2.8275,1.61,0.055,2.9642,8.35,3.3975,24.7457,37.5276,45.0912,39.918,39.6243,31.4957,30.238,35.19,24.4833,34.0044,27.2233,28.4485,13.61,21.2822,30.0233,18.6767,42.4656,48.4648,50.365,46.4312,58.4071
usa_NC_0034_0237,69,-6.8114,18.99,0.21,-0.64,2.0238,-0.07,2.4517,5.9633,5.185,23.51,36.3538,43.335,38.073,35.71,29.7529,30.4892,34.73,22.1629,31.1363,23.9886,26.3013,13.92,21.5162,27.0583,17.9967,40.4583,45.0648,45.8344,44.1676,56.4957
usa_NC_0034_0238,69,-6.625,20.435,2.245,2.325,6.2922,3.86,5.5625,6.9013,11.9338,27.9179,34.7812,43.7562,38.425,36.0386,31.7446,30.3359,34.3194,23.2028,30.555,25.2483,27.0205,15.6964,27.425,27.8635,20.3483,41.2883,45.8234,47.0701,44.9114,56.1893
usa_NC_0034_0239,69,-6.7286,20.37,1.79,2.3312,9.2431,4.535,6.1208,7.21,15.5278,29.2227,30.8125,42.5833,36.47,34.5917,27.5773,24.5763,36.45,21.5921,28.3342,26.21,24.6595,17.2286,28.7056,27.4587,21.1833,43.5786,46.4274,47.811,44.4652,54.1014
usa_NC_0034_0240,69,-6.7521,20.205,-1.365,-3.0888,7.3188,1.135,3.4342,4.88,14.4362,22.4939,25.555,40.7281,31.2309,29.6633,19.4669,18.2994,29.43,18.424,23.4576,20.8487,19.1224,12.7396,22.6828,23.9093,20.2425,41.4976,39.8018,42.4099,38.6929,49.0164
usa_NC_0034_0241,69,-6.3236,19.575,-3.105,-7.07,7.9964,-0.055,1.5758,5.0,14.355,23.2661,21.9256,34.6473,26.7896,25.1717,17.3005,17.1237,26.2675,15.605,18.0161,16.4925,17.285,10.0106,22.255,23.2072,19.3112,41.0693,38.5485,38.355,36.3247,44.7436
usa_NC_0034_0243,70,-5.685,17.165,-6.245,-12.9283,6.8029,-5.485,-1.4267,5.4282,11.9983,17.125,15.5372,25.365,19.8317,17.8428,9.4059,7.5983,19.94,13.146,11.3928,9.6415,12.1176,6.001,18.8269,16.4346,14.49,34.0221,29.3198,29.6504,31.4892,37.1164
usa_NC_0034_0244,70,-5.6321,16.535,-6.915,-9.5188,5.3683,-7.845,-4.4167,2.1645,10.975,13.4568,10.7528,21.4361,13.415,14.395,3.8205,1.7066,13.775,7.8702,4.7382,6.356,12.5274,3.75,14.845,12.6583,12.3817,27.4491,23.4469,24.2238,26.5598,30.1207
usa_NC_0034_0245,70,-5.3357,14.4,-5.39,-2.8588,4.5667,-9.045,-4.0833,2.2421,12.5071,12.23,8.5842,19.9611,10.7091,11.8182,1.5222,-2.9706,14.6333,7.781,1.1833,6.4826,14.49,5.1609,14.7176,13.1148,12.6929,28.0536,20.2062,21.122,27.0091,28.8571
usa_NC_0034_0246,70,-5.4629,14.4,-4.95,4.0035,5.5267,-9.52,-2.6117,3.9747,6.4229,12.2689,6.3905,19.83,10.1755,12.98,0.505,1.7976,15.2467,8.0181,-0.0888,5.5322,14.9848,3.8409,10.8329,14.5421,11.305,28.4133,19.4612,20.2727,26.3467,27.1143
usa_NC_0034_0247,70,-5.8171,14.65,-4.22,8.6959,5.2767,-10.235,-1.9308,4.8067,10.5114,14.55,4.4584,16.3829,7.795,10.6438,-0.71,-4.2153,11.1567,7.6376,-0.8924,4.6335,13.209,2.3186,9.7789,15.1221,9.9983,28.3141,21.7416,20.2705,24.8809,25.7757
usa_NC_0034_0248,70,-5.0029,12.01,-4.31,9.3253,1.95,-11.485,-3.5725,0.2433,9.3033,8.4233,2.0844,12.2462,1.9841,5.27,-4.7806,-8.9645,9.3567,5.6662,-2.0394,3.614,9.36,-0.0055,6.1511,15.0507,8.2983,26.4088,19.9739,16.4266,21.0018,21.2386
usa_NC_0034_0249,70,-3.8536,9.035,-3.325,11.3574,1.3717,-9.25,-1.0583,2.0375,15.1938,6.3596,2.8329,10.6279,1.9472,4.1673,-3.6544,-7.433,7.8625,4.2702,-0.9194,6.187,8.4023,-0.341,6.1171,16.8183,11.8295,27.3417,22.3653,15.7018,20.9309,18.7636
usa_NC_0034_0250,70,-2.9957,8.98,-1.57,10.2753,2.9067,-7.96,0.7192,1.7043,17.5838,6.7329,0.4453,8.0733,1.665,3.5829,-3.7,-6.816,10.1289,5.14,1.2694,9.4775,4.9991,1.2817,5.0567,18.2814,15.07,29.2434,27.4174,13.9546,20.08,20.0314
usa_NC_0035_0001,70,-4.0965,8.7156,1.5127,8.3283,5.7477,-3.6856,2.2852,-1.3058,18.0602,7.1352,2.5182,6.2411,0.7251,3.8942,-3.3273,-8.0811,14.8227,3.7977,4.9352,11.0409,4.4811,-0.7176,6.478,19.7934,14.4273,25.7639,28.9963,15.5684,20.7646,19.3806
usa_NC_0035_0002,70,-3.8892,9.724,2.1155,4.0288,6.9517,-2.3837,3.1871,-2.0403,14.6425,7.4288,3.2136,6.0691,-0.4141,2.7955,-1.6108,-5.0199,15.7843,2.7364,5.7366,12.3545,5.5658,0.5406,5.3902,20.8127,16.3045,23.4955,32.319,15.9976,18.2983,17.9691
usa_NC_0035_0003,71,-3.5542,10.837,4.8427,3.0449,11.6009,1.3686,5.4977,1.2843,16.5596,10.229,3.8608,7.6286,1.4864,5.4227,4.2911,3.3073,18.9304,3.2577,11.1102,12.5027,8.5787,5.2324,8.4494,23.0917,17.2894,25.6168,36.1845,18.4706,18.9084,20.0306
usa_NC_0035_0004,71,-3.3829,9.3149,3.9664,0.7086,12.5457,2.3739,5.503,-2.1521,16.134,8.4511,2.1314,7.2706,-2.8507,5.4045,4.3318,5.821,17.1864,1.253,11.7864,7.5753,8.8864,6.3122,8.4981,22.6721,12.8292,25.3999,34.3158,18.5668,16.5149,19.3574
usa_NC_0035_0005,71,-1.1472,5.6253,3.2382,-0.954,14.8526,4.114,6.2265,0.7825,11.3945,7.227,1.9032,4.9293,-4.4198,4.9955,5.1955,5.9864,15.9318,2.5366,12.4793,5.5432,8.7889,5.8744,8.5858,23.3237,9.8741,24.1682,31.2799,16.916,13.9976,18.6708
usa_NC_0035_0006,71,0.0899,4.8734,2.2291,0.8369,17.7903,6.5883,5.7508,1.7591,6.5778,1.8841,0.6433,1.7538,-4.2948,5.7341,7.15,5.7008,14.8136,3.1041,11.0696,5.4191,6.9551,4.4935,7.8591,21.8129,7.5716,23.1532,29.2856,16.9874,12.5167,18.7617
usa_NC_0035_0007,71,-0.2164,4.4825,0.5382,1.3015,19.9994,8.0432,5.2432,-1.4385,8.6882,0.0432,0.3737,-1.2596,-4.6577,4.7882,7.9318,5.8098,13.75,3.9032,9.5892,7.2325,5.3348,4.1715,9.3152,21.9223,7.1682,21.6024,32.7829,18.1551,10.0106,19.7208
usa_NC_0035_0008,71,0.5794,3.0409,1.9209,4.3576,22.9534,10.9284,8.1659,-2.5328,7.4059,2.5409,-0.7885,-0.3202,-3.3406,5.752,11.0649,6.0028,14.6854,5.6742,12.4209,9.9909,8.2974,5.3823,12.2909,22.2867,10.0534,23.6625,36.5615,21.8648,12.3561,24.8278
usa_NC_0035_0009,71,0.9455,1.9169,1.9755,6.6343,26.6798,14.2288,10.5621,-0.0545,8.5805,5.5526,0.351,1.8513,-1.2694,9.3677,12.8015,4.7693,17.4455,8.5364,11.001,10.4588,10.3498,7.2562,14.233,21.6026,16.8043,26.3484,43.7102,23.5759,14.0879,26.0718
usa_NC_0035_0010,71,1.4773,-1.0084,2.1573,7.3106,29.0554,15.5856,11.7898,2.1106,4.9473,7.8856,1.0662,2.3384,-0.8055,10.2973,10.2564,2.1328,16.7551,7.1045,12.751,15.1243,13.3106,9.4306,16.7832,21.6725,19.5439,26.7949,48.3332,25.7034,13.1258,28.3089
usa_NC_0035_0011,71,2.8055,-2.2548,0.5086,7.373,30.8879,16.9068,11.5411,6.5086,2.9508,5.8619,1.273,-0.8277,-0.7393,10.4586,10.072,3.4639,15.6661,5.4654,13.8341,17.1521,15.7104,10.6251,18.2286,20.4136,21.0675,27.1857,51.9165,28.1416,12.3086,28.6338
usa_NC_0035_0012,71,2.5542,0.1219,3.0519,8.1063,31.3994,17.3532,12.5786,4.0175,-0.8852,8.2869,2.6619,-0.7048,1.2086,11.1244,8.5663,2.3952,15.4333,6.9409,16.9724,18.1031,16.9028,13.5888,19.604,20.1777,24.7356,29.4943,53.6437,30.6076,11.479,30.183
usa_NC_0035_0013,72,2.0645,-1.1448,1.8352,8.7619,30.2702,15.4474,11.1619,3.1479,-0.027,9.4167,4.1742,-0.6998,2.0952,7.5077,7.5257,0.7952,11.5952,10.419,19.8786,15.2426,17.7452,12.936,19.4352,19.6316,26.1531,31.5671,51.2892,30.6583,11.6981,30.5716
usa_NC_0035_0014,72,1.6938,-1.4124,2.7676,9.9198,29.7882,15.7389,11.8143,3.6626,4.031,11.169,6.0739,3.1762,3.1399,10.3076,6.481,-1.1576,10.431,14.5857,21.6003,14.6824,21.8976,15.4698,23.1587,24.1396,29.9698,35.8676,48.081,32.0824,12.899,29.6239
usa_NC_0035_0015,72,1.8125,-1.9752,5.4348,11.4937,31.5423,18.3091,13.5173,5.2837,7.0159,12.4971,6.7627,5.9866,4.3095,11.1381,7.7103,3.4153,16.6381,19.3948,23.6937,17.983,24.3656,18.0125,28.1459,28.2344,34.8981,42.7075,45.9548,34.1287,15.9105,32.3495
usa_NC_0035_0016,72,1.1366,-1.6495,7.0105,11.4516,31.5999,19.6079,13.9946,7.6505,7.9611,12.8738,6.6855,6.9905,5.8381,12.645,4.2738,4.6484,22.9505,22.3087,24.014,20.8209,28.7513,23.0505,32.9552,28.8745,36.3438,45.3117,44.2117,33.3947,19.4105,33.7546
usa_NC_0035_0017,72,0.0062,0.0124,8.9224,11.4357,31.5368,20.0219,14.7232,9.623,10.4149,12.2678,7.2024,7.6171,6.3913,11.2024,4.6208,6.8874,21.5024,24.3857,25.5112,26.7884,29.4569,23.5844,36.8746,29.3404,38.9324,46.1867,41.6342,33.1779,20.7867,34.6883
usa_NC_0035_0018,72,0.637,-1.8676,10.4324,13.3968,32.8899,22.5133,16.344,13.6952,12.0994,9.499,8.969,8.7208,8.6682,13.5433,3.2313,6.6872,23.4095,27.1714,27.0246,33.8964,30.644,30.944,44.1313,32.182,42.0667,49.3578,40.3978,35.7247,25.1695,35.2242
usa_NC_0035_0019,72,1.159,-3.2733,9.2767,16.8167,31.4667,23.5014,17.1083,13.7917,13.9456,7.1,9.8088,6.7817,7.6035,13.9212,3.0351,7.5292,23.5042,27.4877,27.8444,35.7125,28.7387,32.25,47.1298,31.7881,38.8513,52.0238,41.4608,37.3208,24.8639,33.4615
usa_NC_0035_0020,72,0.4418,-2.0429,9.4871,22.6794,32.3353,25.005,20.0905,16.7286,15.2071,4.5571,10.9738,6.781,5.3286,15.2988,1.3454,6.5171,29.4571,32.0481,28.9794,36.0946,28.2051,35.8411,50.7238,33.8201,37.3821,55.3486,43.3087,37.5655,24.9143,32.07
usa_NC_0035_0021,72,0.4938,-1.3124,12.5276,26.8532,32.7351,26.1954,22.6226,17.3548,17.4371,2.6359,9.2857,6.5845,5.8524,13.6476,2.8421,6.3396,33.0076,32.4613,28.831,35.7567,29.663,38.6698,51.9626,35.7959,37.6726,56.882,45.7359,37.6622,28.2505,30.0751
usa_NC_0035_0022,72,-0.4707,2.4524,13.5124,27.0802,32.0024,25.235,23.7482,19.3601,16.8936,-0.0664,7.4952,6.0913,5.1524,12.3524,1.0635,6.3524,33.6824,35.8576,30.9112,36.3048,28.3884,42.0635,52.7961,36.579,35.6062,50.0055,47.9906,35.9753,26.081,29.2299
usa_NC_0035_0023,73,-0.9048,3.8552,16.4952,27.9119,31.4452,26.5431,25.0702,18.5886,19.3216,1.2717,7.2752,6.9675,9.2771,15.8052,2.8134,9.7799,41.7702,37.7476,34.1835,36.3952,30.7804,43.6381,47.2717,38.5719,35.5568,48.3188,50.9658,36.3598,27.9638,29.2542
usa_NC_0035_0024,73,-0.678,1.2943,18.3943,28.6865,29.3924,26.537,25.556,20.4066,18.481,1.3865,4.8248,7.7617,9.4106,16.7543,1.9404,10.0181,44.7726,38.2993,36.2643,38.6248,33.3074,42.7885,46.2254,39.4576,36.1393,45.1521,48.5437,35.4851,29.1943,27.281
usa_NC_0035_0025,73,0.004,0.101,17.141,27.381,26.806,26.4082,25.6351,23.1381,20.231,1.7247,4.3915,7.0986,12.554,17.931,2.9679,14.8762,45.9976,38.7476,42.3231,44.5935,35.6345,45.5202,47.3976,41.6465,36.4872,44.2431,45.781,35.6247,30.8038,25.7245
usa_NC_0035_0026,73,0.4355,0.0848,15.1448,22.6325,21.9079,23.519,21.8881,20.5181,18.4235,-0.5286,-0.1508,6.2437,13.1869,17.2298,2.5917,15.7366,43.532,38.8748,43.5153,47.3114,36.0488,48.2273,46.0548,46.0677,33.286,42.0598,39.9254,35.0068,28.1548,22.7898
usa_NC_0035_0027,73,-0.2795,1.2833,11.9467,16.7278,17.7542,20.4714,18.725,16.7667,15.15,-2.1533,-2.6863,5.2222,13.4185,15.2917,3.3875,14.4449,40.9067,40.1762,43.6717,46.42,33.1507,48.3805,45.0667,43.3444,31.8979,39.0642,33.2212,31.8062,22.9608,21.3081
usa_NC_0035_0028,73,-0.6842,2.8119,9.6519,12.8175,15.2588,19.6286,17.6286,15.2369,17.1619,-2.4048,-4.2756,6.6443,14.9508,18.0369,4.5465,12.5476,39.4952,45.9143,49.6469,45.2557,28.9271,49.986,44.7307,42.4542,31.5807,38.2619,29.2369,28.8994,21.4276,20.4694
usa_NC_0035_0029,73,-0.3297,2.8524,8.7557,9.6857,13.4951,19.281,17.4274,17.7476,17.8489,-0.506,-4.9378,9.5857,17.4786,19.2482,3.6683,12.1007,44.5257,48.563,53.0752,43.6563,26.6457,50.2179,43.2034,41.8482,31.5916,36.9884,25.0138,27.9024,21.12,19.4985
usa_NC_0035_0030,73,0.1769,1.0833,8.2,8.1333,13.6188,18.8238,16.15,19.2211,16.5579,1.3833,-4.4353,10.6833,18.0815,20.1556,6.5667,14.1176,43.3889,55.44,56.3556,37.2176,26.8174,49.231,42.1706,41.1174,29.8647,35.5,23.4594,28.4938,19.2743,18.6923
usa_NC_0035_0031,73,0.8766,-0.2786,7.2081,6.7937,13.785,18.3714,15.1964,18.7048,15.7325,1.329,-2.823,13.2131,17.9524,20.5131,10.4077,19.2248,43.8381,55.1697,57.4499,31.144,26.7426,47.3825,36.5381,36.3524,25.7793,33.0697,23.7287,29.5881,17.2781,16.2022
usa_NC_0035_0032,73,0.7421,1.019,9.179,8.1024,14.0824,19.4667,16.0774,18.9769,17.4413,2.694,2.7079,17.804,20.288,18.5619,13.4799,23.4476,43.4968,55.434,62.0746,28.7661,28.3645,48.7344,33.639,32.3321,25.2524,30.4401,26.1878,31.294,14.8766,14.6678
usa_NC_0035_0034,74,0.1271,1.9476,6.721,7.5421,13.371,17.2143,16.1435,20.351,22.0073,9.5667,12.826,21.9571,17.7268,19.271,17.866,25.9221,46.2524,56.036,57.881,27.181,30.4037,45.354,27.456,25.817,21.7692,26.4888,29.1091,34.4705,15.1781,16.9117
usa_NC_0035_0035,74,0.3051,3.3167,8.7067,9.9722,14.4367,18.4714,18.6167,22.1267,25.4561,13.8667,17.3982,27.6,17.8623,29.6867,22.3137,29.7917,45.3667,57.681,52.1825,29.958,29.5547,45.909,25.7229,25.1345,25.36,28.4342,31.8573,38.5,15.9552,19.341
usa_NC_0035_0036,74,-1.793,5.3597,10.1755,11.5566,15.0421,19.6264,19.3163,23.7455,25.9343,17.4871,23.6191,27.8219,17.7105,34.9545,28.9928,33.2121,46.0288,58.0409,44.7955,30.1538,26.658,46.1889,23.8767,25.1031,27.9169,27.489,33.6486,40.0975,16.0455,18.4762
usa_NC_0035_0037,74,-3.8937,8.6623,10.6609,10.9298,15.5642,18.7861,18.7659,22.3242,24.5556,23.0766,26.4909,26.885,19.0131,31.6986,30.733,31.2591,46.2742,58.1195,38.1965,33.2029,23.9474,44.9136,25.8631,23.5983,28.4217,25.9459,32.7212,37.2284,13.985,17.3499
usa_NC_0035_0038,74,-3.8241,9.4968,11.5582,10.2404,16.1115,17.7825,17.8723,24.1152,24.5629,29.2415,29.6632,24.2932,21.784,31.1015,31.6282,31.9595,40.9682,55.9063,33.0182,34.1002,23.8508,40.439,21.8293,24.1061,23.822,23.0313,33.3955,35.5369,14.127,14.4707
usa_NC_0035_0039,74,-4.7913,10.4032,13.4118,10.2429,16.5185,19.4218,16.786,26.0256,28.4318,32.7918,32.3318,20.9268,23.6218,31.9235,31.8423,30.7193,42.0874,48.1268,29.1529,32.436,19.6838,40.9402,18.8024,24.3104,20.5549,21.6264,33.6833,34.9403,14.373,12.5768
usa_NC_0035_0040,74,-4.9115,10.15,12.59,8.1333,15.4867,18.72,15.0375,25.5,29.94,31.9441,31.9553,19.7071,24.0727,32.5038,30.8265,26.478,37.97,40.0591,26.4382,27.5065,17.926,35.6569,14.4794,22.9052,18.1731,20.8409,32.3812,28.0729,12.1265,9.275
usa_NC_0035_0041,74,-3.1629,6.2623,9.2809,4.9965,12.2976,16.0242,12.2159,21.0784,31.7798,32.0733,27.5433,16.8593,22.8059,29.4659,29.2262,19.1949,35.4009,30.829,19.5242,22.0227,12.8486,30.8116,10.5187,17.5909,13.6552,13.2179,26.5472,22.0597,7.1468,3.3734
usa_NC_0035_0042,74,-1.1318,2.1253,2.3682,-0.3429,9.7282,10.2227,9.1223,16.6494,30.2388,28.7869,19.5777,13.0182,18.5634,25.6182,25.2132,11.6182,30.6136,21.2471,12.127,17.1825,5.3962,23.7448,8.9432,8.6391,5.5825,4.2925,15.7432,12.0515,-1.0612,-4.5118
usa_NC_0035_0043,74,0.7867,-0.7792,-0.0164,-3.5753,9.3503,7.5727,7.0345,13.2199,31.3914,25.6636,13.1847,11.9136,15.7367,20.4545,17.9071,3.2756,21.6351,12.3584,7.0025,9.3827,0.8007,17.4324,3.2048,0.2949,-0.0435,-2.212,7.0199,5.5428,-9.2128,-10.9656
usa_NC_0035_0044,75,1.7098,-2.6792,-0.5564,-6.1364,11.227,7.2773,6.4011,10.6236,31.0215,22.647,11.1747,11.9742,14.0829,16.0273,14.4419,-3.5016,16.672,7.6081,3.3886,5.0695,-4.1467,13.9668,-0.1364,-3.6718,-5.7952,-7.9389,-1.052,1.6949,-14.8422,-13.2803
usa_NC_0035_0045,75,1.8517,-4.9065,0.0764,-8.2192,12.5964,7.2773,6.7114,9.8739,30.6864,18.1246,10.2943,12.3864,12.5171,15.9545,10.5364,-6.8364,12.803,-5.1813,-0.3936,-3.5574,-7.6601,9.9305,-1.7342,-6.0292,-12.8136,-8.8847,-6.3449,-1.8699,-16.743,-15.388
usa_NC_0035_0046,75,0.822,-4.9461,1.7882,-7.1707,11.1037,3.3273,6.7682,8.5211,30.6505,14.4748,10.6515,10.9152,11.02,9.0237,3.8508,-9.9883,6.3682,-15.6371,-6.0476,-15.1318,-9.4758,6.1588,-2.8318,-7.9972,-17.8943,-10.1993,-7.4537,-4.9214,-17.6975,-15.5918
usa_NC_0035_0047,75,1.772,-8.3247,2.4882,-7.6263,8.6601,-0.7273,4.6557,7.9982,30.3293,11.3648,10.1848,9.3299,9.196,2.3626,-4.736,-13.7209,0.7909,-23.8568,-15.9723,-23.0618,-12.3652,4.6615,-4.7348,-10.3226,-24.3318,-10.7599,-6.7349,-8.5068,-18.8561,-14.7193
usa_NC_0035_0048,75,2.107,-10.6403,2.9155,-7.4823,4.4584,-4.3111,0.1163,4.4074,29.1705,8.2669,9.4566,9.816,8.4339,-0.0545,-15.1385,-19.545,-3.9545,-30.0045,-22.4124,-31.2608,-16.8719,0.9955,-6.9858,-15.6545,-29.4733,-12.6084,-7.8639,-11.0879,-21.6403,-18.3838
usa_NC_0035_0049,75,4.4321,-14.9952,1.9805,-8.5762,-0.0386,-10.2443,-2.7345,-0.3641,26.5952,4.1988,7.1794,9.2717,4.8312,-2.2795,-24.8487,-21.5095,-8.7195,-31.9186,-33.0195,-43.2158,-23.2929,-4.4026,-10.2213,-22.9262,-34.6683,-13.6906,-11.6386,-15.2679,-25.7123,-21.5168
usa_NC_0035_0050,75,5.5857,-18.8381,0.169,-10.7587,-5.0971,-14.2592,-5.1018,-2.89,21.519,-5.3355,5.4413,7.819,-0.7847,-6.051,-30.5114,-22.0398,-12.406,-32.5952,-39.4587,-48.0398,-28.0128,-10.0499,-14.4339,-31.8582,-41.4221,-17.3573,-15.9551,-18.4705,-28.106,-24.798
usa_NC_0035_0051,75,5.4524,-18.8476,-3.7176,-10.5143,-8.1154,-14.9998,-8.5226,-5.419,16.6734,-14.6385,6.9124,6.3324,-7.3012,-9.1476,-34.9911,-21.8943,-16.9698,-35.5626,-43.9921,-55.7653,-31.1113,-14.8587,-22.3792,-38.5,-43.2123,-21.1989,-18.3643,-22.1601,-34.7087,-31.1208
usa_NC_0035_0052,75,5.8274,-21.481,-6.911,-13.5643,-9.8068,-15.7766,-10.6185,-7.5476,10.3413,-25.7726,8.4243,4.2243,-13.1452,-14.531,-39.7766,-23.1622,-20.661,-32.8476,-48.0231,-63.0435,-32.8219,-20.4476,-29.9524,-43.4768,-44.3587,-24.2674,-23.5843,-27.5997,-37.7143,-37.7907
usa_NC_0035_0053,75,6.8367,-22.4979,-12.555,-16.5717,-10.3098,-16.2072,-14.505,-10.2931,3.4871,-30.0836,8.1545,-0.92,-21.4319,-17.895,-44.7115,-25.9918,-30.0836,-37.836,-52.2497,-70.3,-35.8092,-28.6358,-37.445,-48.83,-46.0328,-28.8901,-28.6283,-35.2883,-40.9828,-46.6013
usa_NC_0035_0054,76,5.9583,-21.1464,-18.285,-16.6306,-11.6524,-17.6054,-17.4875,-12.075,-2.2512,-37.6393,3.606,-6.245,-30.2315,-28.085,-51.2329,-31.41,-35.7036,-44.365,-54.8908,-73.1432,-39.0228,-32.995,-41.475,-51.9194,-46.9338,-32.7671,-36.5017,-44.7312,-47.0694,-53.2921
usa_NC_0035_0055,76,5.0383,-19.8379,-22.085,-17.5172,-12.4885,-22.2733,-20.4325,-14.9495,-8.9998,-43.8565,-3.3855,-11.545,-34.1041,-37.8132,-54.5126,-39.79,-39.515,-53.1677,-61.7561,-75.2223,-44.4211,-40.0431,-48.1672,-55.3916,-50.3521,-38.4112,-49.325,-54.7562,-54.5644,-60.9121
usa_NC_0035_0056,76,4.6567,-21.1314,-25.08,-19.8544,-16.4665,-28.5383,-24.1892,-20.3191,-18.4337,-47.685,-11.2457,-22.3718,-41.16,-47.0782,-57.9232,-48.4933,-49.2767,-58.9457,-65.6071,-77.5327,-50.735,-45.6408,-50.0878,-60.1703,-52.8,-44.32,-57.2277,-62.1478,-65.1816,-69.0917
usa_NC_0035_0057,76,4.37,-22.58,-26.81,-21.08,-21.6639,-34.7061,-30.7342,-25.925,-29.78,-46.2492,-18.52,-30.58,-46.4011,-55.38,-60.8537,-55.7573,-56.1967,-67.8209,-71.2078,-80.4342,-55.3974,-49.372,-53.9274,-61.9267,-57.3586,-50.9133,-63.5982,-71.8004,-73.955,-76.2751
usa_NC_0035_0058,76,5.82,-25.2514,-30.25,-23.9578,-30.2574,-40.6982,-40.1925,-32.76,-40.895,-49.0533,-28.92,-42.41,-51.86,-61.6345,-62.08,-61.83,-69.38,-79.715,-82.18,-86.0365,-60.568,-53.8492,-59.95,-64.9219,-67.1657,-60.5161,-72.18,-82.8473,-81.9217,-85.2483
usa_NC_0035_0059,76,7.1917,-27.9607,-33.335,-29.475,-38.9718,-47.3614,-49.9583,-38.9908,-48.3464,-49.7125,-40.695,-53.7,-60.0068,-64.9583,-68.7972,-69.963,-77.2417,-90.665,-91.1472,-92.2098,-67.131,-59.6491,-65.36,-66.6957,-78.8904,-70.7128,-79.4653,-92.533,-91.9521,-91.7165
usa_NC_0035_0060,76,7.15,-25.9893,-34.535,-32.9639,-45.9137,-51.0977,-56.8417,-45.7375,-54.8274,-53.6632,-49.7139,-60.5961,-69.2369,-68.9667,-76.025,-75.5827,-82.985,-100.5068,-96.8221,-95.9533,-70.755,-65.4483,-68.6417,-69.0386,-85.1167,-75.8721,-84.5685,-99.8958,-99.4636,-97.5287
usa_NC_0035_0061,76,7.0017,-25.6721,-33.475,-35.0761,-49.5215,-51.6741,-60.1358,-49.8883,-58.085,-53.9761,-56.4,-64.115,-71.4203,-70.6968,-78.6444,-76.9035,-84.955,-103.7674,-99.8856,-93.7014,-71.8775,-64.3683,-68.375,-69.965,-90.7919,-79.6979,-86.44,-102.5639,-101.4344,-99.6516
usa_NC_0035_0062,76,5.7733,-24.8671,-30.48,-36.3878,-49.19,-53.16,-59.8017,-48.6475,-61.1942,-54.5982,-57.94,-64.3933,-68.2055,-67.2191,-73.05,-74.8952,-80.6555,-103.4889,-98.0629,-85.77,-67.538,-61.1944,-68.56,-66.8569,-91.8254,-76.7009,-83.4256,-99.8845,-99.0406,-97.23
usa_NC_0035_0063,76,4.645,-21.1693,-23.845,-36.9772,-47.5679,-52.1186,-57.58,-49.4925,-60.815,-51.6161,-60.3655,-62.2726,-67.1143,-62.855,-70.0202,-73.7012,-74.6633,-100.6272,-90.7494,-74.4217,-63.2031,-57.005,-72.9903,-66.3175,-94.2781,-75.3217,-82.355,-98.7039,-96.6293,-94.7477
usa_NC_0035_0064,77,4.8167,-21.6286,-20.7,-41.1333,-48.029,-52.7667,-57.5375,-52.7214,-63.3818,-54.0118,-64.2105,-61.54,-68.763,-61.4636,-69.5957,-74.7042,-72.525,-97.6,-86.3263,-67.6941,-60.9724,-56.5941,-74.2167,-66.2188,-97.4938,-76.7838,-79.7355,-99.666,-95.14,-93.2927
usa_NC_0035_0065,77,5.1333,-22.2071,-19.69,-42.8,-45.5855,-50.7833,-54.9458,-48.83,-62.7357,-54.3912,-63.8111,-62.8944,-68.7352,-62.25,-67.4935,-72.5022,-71.0833,-93.2367,-83.38,-60.0633,-57.6423,-54.5045,-74.2611,-64.6145,-97.0875,-76.3878,-78.7145,-96.7245,-90.4986,-90.0256
usa_NC_0035_0066,77,6.15,-22.5857,-20.57,-43.0722,-43.9,-51.7909,-52.4,-47.7812,-65.7647,-69.5462,-63.9118,-63.4722,-66.8852,-62.4333,-66.2304,-70.6875,-71.125,-89.9389,-77.8474,-53.9267,-53.316,-53.6935,-69.1056,-65.1857,-96.7,-74.7179,-80.8567,-97.7447,-86.36,-87.039
usa_NC_0035_0067,77,6.925,-23.7893,-22.355,-43.1917,-42.7556,-49.425,-50.9833,-45.8985,-63.53,-71.4673,-60.2312,-61.5806,-66.1565,-63.025,-65.639,-69.775,-70.1295,-88.1382,-71.9614,-47.4812,-49.3458,-51.3483,-67.1306,-68.6607,-94.5375,-74.5212,-79.705,-95.4854,-83.5636,-83.7652
usa_NC_0035_0068,77,7.1817,-24.1779,-20.755,-40.3906,-39.6124,-44.9046,-46.3142,-42.27,-58.515,-59.5725,-53.3217,-56.635,-60.3427,-59.2475,-65.2475,-66.7982,-61.805,-78.375,-57.5718,-38.36,-45.2393,-45.0083,-62.5683,-69.2773,-89.2975,-71.1664,-79.8217,-90.3912,-77.785,-77.6301
usa_NC_0035_0069,77,7.5833,-23.975,-18.885,-34.6694,-34.6234,-40.9489,-39.175,-35.805,-50.845,-55.8365,-46.45,-49.4279,-51.8865,-52.605,-60.1489,-61.2306,-58.545,-67.355,-43.0908,-30.175,-38.1458,-37.7922,-56.5487,-64.915,-81.2917,-62.5279,-76.6883,-84.2516,-71.7921,-71.597
usa_NC_0035_0070,77,7.0842,-23.0048,-19.9319,-34.0841,-35.1329,-42.7706,-36.3994,-35.3319,-46.7819,-53.985,-46.4619,-48.723,-47.4878,-55.1219,-56.4793,-59.7182,-58.2508,-58.5969,-32.8508,-23.1443,-34.9074,-35.6447,-55.9356,-65.2228,-75.9093,-61.2536,-76.8286,-83.3684,-70.4762,-69.2863
usa_NC_0035_0071,77,7.2212,-22.281,-22.1995,-32.0373,-38.0676,-45.9487,-34.7637,-35.4695,-42.0206,-49.755,-47.3566,-46.2783,-46.1452,-57.3762,-55.7226,-63.247,-57.722,-52.699,-27.586,-19.0801,-36.3459,-35.228,-56.0395,-67.2095,-71.799,-60.7277,-78.0509,-84.2313,-71.5438,-69.4729
usa_NC_0035_0072,77,7.5835,-21.5571,-22.6257,-28.5802,-39.7954,-48.5379,-32.3649,-34.3962,-38.4857,-45.3024,-44.7357,-47.6057,-48.6588,-56.6107,-57.5075,-63.992,-57.3482,-44.0657,-22.8635,-14.3968,-35.0994,-32.3672,-51.4143,-69.0379,-68.6007,-61.5797,-76.4892,-84.3401,-70.9714,-70.2125
usa_NC_0035_0073,77,7.0487,-19.3952,-22.8967,-27.4111,-42.1828,-50.3449,-32.1958,-35.6035,-36.6278,-42.4513,-42.149,-49.4714,-51.9867,-55.7067,-58.8712,-65.7917,-54.9667,-39.9067,-19.414,-14.6576,-34.1708,-31.7474,-49.4317,-70.6267,-68.4246,-63.499,-79.9933,-85.0058,-73.761,-72.5179
usa_NC_0035_0074,78,5.1941,-17.219,-23.9805,-29.6627,-45.2389,-50.3383,-33.3405,-35.6705,-34.9505,-39.4476,-41.296,-50.545,-55.6359,-54.8087,-61.3728,-65.0955,-44.419,-37.4536,-19.8221,-15.7087,-34.4859,-32.2905,-47.4728,-70.4865,-68.8258,-64.8905,-83.4238,-84.6513,-78.3962,-76.6368
usa_NC_0035_0075,78,4.3484,-17.5143,-21.6286,-32.8397,-47.5544,-49.3329,-34.3661,-34.8436,-35.1936,-36.4747,-44.8286,-50.3667,-56.574,-53.4869,-61.3168,-64.9736,-38.6686,-34.3905,-19.2707,-20.574,-36.6744,-36.6693,-50.6397,-68.0964,-70.2419,-63.1657,-87.9286,-87.8677,-81.8086,-78.9993
usa_NC_0035_0076,78,4.0934,-17.7286,-20.0843,-36.8198,-48.724,-48.8143,-34.9685,-33.9193,-37.6038,-34.9374,-48.2038,-53.0406,-60.2543,-52.2726,-58.3248,-63.987,-43.1476,-30.3429,-20.2025,-27.5752,-38.5601,-41.5103,-52.7195,-67.5929,-70.2743,-66.2948,-90.7443,-94.4708,-86.0943,-80.7704
usa_NC_0035_0077,78,3.1645,-15.6476,-17.0348,-39.4603,-47.8177,-48.5411,-34.1464,-33.2258,-35.3784,-33.7833,-56.1469,-52.877,-62.1363,-49.7817,-56.8995,-63.5184,-41.2214,-29.4667,-21.5603,-34.7506,-42.2631,-48.7298,-58.327,-64.8214,-68.8619,-68.0337,-89.3919,-93.5091,-90.1019,-83.2243
usa_NC_0035_0078,78,2.9245,-14.8524,-15.4624,-40.4135,-44.2492,-48.0741,-31.4399,-32.2576,-36.584,-35.079,-60.8024,-53.9945,-61.0576,-44.6524,-56.1274,-58.7444,-39.0274,-31.8892,-19.9468,-39.7785,-50.3732,-52.8408,-66.7857,-63.7957,-74.4595,-72.0181,-90.0556,-93.4524,-94.0981,-81.8621
usa_NC_0035_0079,78,2.9985,-12.219,-15.7576,-41.9087,-41.1896,-45.3433,-29.9101,-29.8365,-36.7857,-39.9276,-61.4126,-57.0576,-57.3429,-43.163,-54.795,-55.7796,-42.3226,-31.316,-26.73,-44.4867,-55.7236,-55.0361,-72.1006,-66.5176,-78.8015,-72.1153,-90.1863,-89.2063,-94.5219,-80.5427
usa_NC_0035_0080,78,2.2139,-5.5619,-18.0276,-42.231,-38.5315,-43.3041,-26.0643,-28.5039,-38.0429,-47.9241,-63.5726,-57.3226,-51.2113,-40.0643,-51.6754,-52.7707,-42.1226,-28.0931,-34.1851,-48.334,-59.5476,-55.6226,-75.8198,-68.7914,-79.1938,-73.5506,-87.5039,-81.7676,-91.6562,-75.3598
usa_NC_0035_0081,78,0.2326,-1.119,-21.6305,-42.5294,-39.6131,-42.2861,-23.828,-27.9705,-38.1605,-53.6787,-63.901,-54.8273,-48.0516,-38.4988,-49.2375,-48.7328,-43.728,-27.2484,-37.553,-51.9905,-61.1946,-53.9525,-77.6375,-71.4967,-79.1674,-75.6814,-83.0561,-71.5594,-87.6848,-67.5783
usa_NC_0035_0082,78,-0.6388,-1.9048,-22.8919,-42.8286,-41.8038,-42.4532,-23.7244,-25.4352,-41.1461,-54.909,-60.1095,-50.3063,-43.6238,-34.1369,-45.1461,-45.6878,-39.9619,-28.7969,-38.5682,-55.5519,-56.6504,-49.6684,-72.2057,-72.5432,-75.1619,-70.6384,-72.7407,-62.5032,-83.406,-59.3424
usa_NC_0035_0083,78,-1.337,-1.5952,-23.9924,-42.6913,-40.6169,-41.3046,-23.5649,-23.699,-41.8629,-53.7289,-52.5724,-46.7465,-42.3005,-32.2978,-41.2567,-47.3332,-36.3706,-32.9155,-35.7112,-58.0524,-53.8783,-46.0266,-79.819,-72.5918,-74.1952,-68.5607,-63.7743,-56.5241,-80.2847,-49.7768
usa_NC_0035_0084,79,-2.6736,-1.8857,-21.4429,-39.5429,-41.0106,-40.1516,-23.6887,-24.1286,-39.8952,-52.3762,-45.9429,-42.704,-39.9236,-29.1595,-36.3342,-50.0429,-32.6229,-36.4873,-38.9206,-63.7804,-51.0911,-48.8295,-70.9241,-67.8816,-73.4295,-65.1645,-58.158,-49.5273,-66.358,-45.1502
usa_NC_0035_0085,79,-3.2795,-1.0619,-23.0333,-38.4039,-41.5882,-42.1924,-24.5917,-25.0976,-38.0714,-52.3833,-42.7056,-37.0056,-37.4444,-30.1233,-32.8768,-46.7551,-30.9833,-41.4281,-46.0807,-65.14,-50.4987,-49.8108,-72.0833,-67.4575,-74.0583,-67.6472,-58.6364,-49.4267,-67.5455,-44.1699
usa_NC_0035_0086,79,-2.6883,-2.1193,-24.395,-32.155,-36.534,-38.9368,-26.0383,-24.6764,-35.3344,-56.555,-37.1892,-32.0883,-32.6976,-29.7494,-31.805,-43.905,-26.795,-45.3366,-49.5524,-64.2317,-49.317,-53.3729,-68.0988,-60.7013,-68.4874,-66.27,-55.8081,-50.7901,-56.7474,-41.3318
usa_NC_0035_0087,79,0.795,-5.9264,-21.255,-23.0606,-34.4292,-37.0777,-26.2675,-25.695,-32.03,-55.1693,-33.2217,-27.555,-27.2513,-29.345,-33.083,-40.6072,-26.6217,-51.874,-54.5788,-59.3112,-49.53,-54.4121,-63.205,-53.3365,-64.655,-63.6425,-57.4489,-51.4188,-48.5398,-42.8599
usa_NC_0035_0088,79,3.345,-6.4121,-18.025,-15.555,-33.8582,-36.0368,-26.3967,-24.6383,-28.6074,-54.6121,-29.6432,-22.205,-24.8439,-35.355,-34.4941,-41.5788,-27.7439,-56.4407,-57.355,-56.6238,-52.9777,-53.2657,-60.6083,-49.819,-62.4328,-62.3994,-61.3823,-53.4167,-44.4823,-43.3135
usa_NC_0035_0089,79,4.575,-6.9929,-11.55,-9.8667,-31.3919,-31.5227,-21.6167,-22.08,-24.8452,-55.4731,-22.3813,-15.0,-25.8692,-36.04,-33.6708,-39.3974,-27.9375,-58.3045,-57.1658,-53.1062,-47.862,-48.1426,-59.2214,-46.6208,-61.9763,-60.7186,-62.3682,-52.2904,-40.8682,-42.4768
usa_NC_0035_0090,79,2.4759,-5.9991,-7.7458,-8.3158,-29.1029,-26.8294,-17.195,-21.3908,-25.492,-53.9067,-14.1099,-15.1947,-30.8158,-41.3858,-36.2476,-41.204,-36.5158,-65.3408,-59.3211,-47.357,-47.2984,-43.8122,-58.6276,-50.5249,-63.6474,-58.8758,-57.0946,-54.4441,-46.2627,-45.6207
usa_NC_0036_0001,79,-0.3163,0.9337,-1.2963,-3.6125,-25.8196,-17.9212,-11.4544,-18.7378,-29.1431,-46.0244,-4.6118,-11.8415,-34.1634,-43.2174,-43.1193,-42.1375,-46.1938,-71.1062,-59.9785,-40.3357,-42.4104,-40.9396,-57.0539,-59.4205,-59.8484,-52.6909,-49.3804,-54.1182,-48.3268,-45.6794
usa_NC_0036_0002,79,-1.0325,2.6775,-0.8625,-3.9625,-25.3692,-17.1025,-11.4588,-20.3125,-26.2993,-36.9875,-3.9903,-11.9569,-36.6181,-43.1768,-48.906,-45.5125,-50.1181,-65.3054,-61.5725,-39.239,-39.2167,-41.3477,-58.8216,-63.4929,-58.4425,-52.2467,-45.0058,-52.0462,-51.0507,-48.0454
usa_NC_0036_0003,79,-2.5413,4.6688,-2.4112,-4.4062,-23.6312,-17.9412,-12.1535,-20.2035,-20.5839,-26.6159,-5.4365,-9.5362,-38.8952,-44.1201,-51.8573,-51.4812,-50.5757,-67.2551,-60.3767,-40.8791,-39.1736,-41.8387,-59.1362,-66.9192,-62.1962,-53.0204,-42.9679,-52.8243,-52.7077,-53.3947
usa_NC_0036_0004,80,-3.3187,4.0812,-7.8688,-11.1437,-22.8865,-19.6838,-12.0113,-20.6737,-14.7902,-18.6759,-8.8787,-12.0087,-45.6506,-50.1788,-57.6743,-54.433,-52.2438,-68.3038,-61.5378,-45.7146,-37.7479,-44.8076,-61.2011,-67.6468,-67.7188,-50.9345,-46.1621,-55.4025,-56.3776,-60.2407
usa_NC_0036_0005,80,-3.585,1.985,-11.755,-15.0688,-20.6589,-19.725,-11.1083,-20.34,-11.8607,-15.1964,-13.9655,-18.4179,-47.39,-52.7,-61.075,-56.57,-52.4083,-67.08,-63.3806,-50.259,-41.703,-47.025,-66.4456,-66.1643,-69.3,-49.9725,-51.6983,-59.0494,-64.3893,-67.3604
usa_NC_0036_0006,80,-1.4375,-2.9675,-13.6575,-18.175,-17.4165,-19.2675,-11.4134,-22.5225,-13.8875,-11.0875,-23.4602,-25.9612,-52.1319,-59.2958,-65.8296,-60.7065,-55.4589,-65.331,-63.6542,-52.8529,-47.1315,-53.3835,-69.9708,-68.3653,-71.9875,-51.2575,-57.3108,-62.0919,-71.4463,-74.4119
usa_NC_0036_0007,80,0.1588,-4.3713,-11.9712,-21.2625,-15.2538,-18.3812,-13.9942,-24.3012,-19.5786,-17.8979,-34.4455,-37.8146,-62.075,-67.9229,-72.4207,-68.2312,-59.4312,-68.3358,-70.9102,-53.9387,-54.1188,-59.6312,-73.8628,-70.3623,-72.9884,-54.3146,-60.7012,-67.9668,-80.3724,-83.5971
usa_NC_0036_0008,80,-0.5088,-4.3787,-9.4287,-22.0875,-13.9091,-18.8237,-16.6891,-25.7965,-26.591,-41.146,-43.3616,-46.4538,-69.7305,-72.6437,-79.1238,-73.5479,-70.7688,-71.4664,-72.7819,-54.0039,-64.2467,-66.7148,-73.9609,-73.5291,-75.4402,-59.1538,-64.9021,-76.2301,-91.1599,-90.87
usa_NC_0036_0009,80,-0.8137,-3.7638,-7.0138,-21.825,-14.5115,-18.8199,-19.6141,-27.2437,-32.6137,-50.2437,-50.5152,-51.4587,-77.5437,-76.7983,-84.4604,-83.0638,-83.3438,-77.0038,-78.3687,-58.4361,-73.0476,-73.2014,-76.4648,-78.0259,-77.9822,-61.5806,-72.0631,-84.8104,-97.1831,-95.3837
usa_NC_0036_0010,80,-1.8037,0.2635,-0.4265,-18.039,-11.0152,-13.9193,-18.1691,-21.614,-39.1923,-58.2265,-52.1098,-51.2615,-81.4431,-79.3765,-88.4098,-88.8056,-87.8542,-79.0848,-76.5654,-65.0885,-76.488,-76.032,-75.832,-77.0903,-72.0765,-62.4502,-74.1152,-85.2003,-97.6674,-97.6944
usa_NC_0036_0011,80,-1.8701,1.8718,4.2918,-13.1507,-7.7786,-9.0359,-16.7253,-21.0597,-42.0787,-60.4765,-49.6082,-53.1216,-77.0938,-76.9632,-87.3016,-89.7242,-81.3168,-79.2746,-69.9716,-67.0216,-80.9322,-77.4365,-77.4251,-71.8282,-72.6729,-64.3856,-72.9044,-82.9347,-98.5519,-100.2567
usa_NC_0036_0012,80,-2.7246,2.0318,2.6018,-10.957,-8.9011,-7.9837,-16.5489,-22.4739,-45.1532,-61.9824,-52.7082,-53.3353,-73.8182,-78.0155,-89.0632,-88.7459,-74.8549,-81.0019,-66.616,-69.2597,-83.6841,-81.2749,-73.5282,-68.8049,-71.3575,-65.1724,-74.282,-83.5929,-100.0701,-101.6303
usa_NC_0036_0013,80,-1.9306,0.9278,-1.6822,-11.3472,-12.3884,-10.9177,-18.7508,-27.5437,-48.6512,-62.6605,-58.8268,-57.9667,-73.1181,-75.6359,-91.8472,-91.0684,-74.854,-84.0722,-64.684,-74.0722,-85.1722,-83.94,-77.2472,-67.0356,-73.6079,-65.9466,-75.2003,-84.2836,-101.8237,-101.9512
usa_NC_0036_0014,81,-1.5588,-0.2188,-3.2188,-9.1338,-13.1524,-14.9861,-20.1445,-31.9945,-50.5207,-64.6144,-61.5738,-59.8026,-71.0857,-73.8679,-93.2255,-93.8023,-78.5788,-84.2325,-65.4904,-77.1088,-83.9514,-82.2395,-77.7276,-64.2278,-75.6388,-63.9434,-71.0244,-81.0975,-98.8526,-98.8983
usa_NC_0036_0015,81,-1.5781,-2.8435,-2.0935,-8.7735,-11.3429,-17.1144,-19.9807,-35.5543,-51.1372,-62.7867,-58.6341,-60.7513,-65.212,-69.4872,-91.1521,-87.5135,-76.1435,-78.3972,-63.1585,-74.2798,-81.8791,-78.2687,-74.7235,-62.9235,-77.161,-60.1911,-67.8329,-77.8144,-93.6423,-94.9183
usa_NC_0036_0016,81,0.1242,-5.6833,-3.9167,-9.2042,-13.028,-20.1797,-21.8444,-38.831,-53.5017,-63.0333,-55.8404,-58.2843,-57.4595,-59.8778,-87.9238,-85.9623,-71.5167,-71.5714,-62.5167,-72.7024,-77.9867,-73.7391,-71.2667,-60.9,-75.7854,-61.7472,-63.3698,-74.0167,-88.301,-91.5588
usa_NC_0036_0017,81,-0.0939,-4.8833,-6.3267,-11.9479,-19.99,-24.2232,-27.4738,-43.7533,-56.0982,-67.9667,-54.7167,-58.2222,-51.3381,-57.9444,-81.2848,-86.6348,-69.6667,-70.2667,-63.6985,-71.8513,-75.1042,-68.7943,-68.9354,-61.2917,-76.4314,-61.5276,-62.7152,-72.2467,-87.9792,-89.064
usa_NC_0036_0018,81,-0.0106,-4.05,-11.3233,-15.6833,-25.4467,-25.7399,-31.219,-46.7896,-57.6254,-66.2271,-54.1127,-58.2892,-48.1833,-53.9433,-75.1051,-85.631,-67.1333,-65.331,-62.2786,-69.6262,-73.1138,-63.0433,-65.4146,-62.6873,-74.2363,-60.3104,-61.953,-72.1652,-83.6227,-85.8123
usa_NC_0036_0019,81,0.2949,-3.3611,-15.3478,-16.9711,-26.6978,-27.3082,-32.8206,-48.9128,-55.5159,-62.0278,-50.7954,-52.6072,-43.6956,-45.9111,-67.7187,-78.5528,-58.4153,-61.9914,-58.9028,-64.2194,-66.6778,-56.5244,-63.0403,-59.9819,-69.9389,-55.2349,-57.816,-68.8573,-78.5778,-80.3488
usa_NC_0036_0020,81,-1.1843,-0.7389,-19.8689,-17.6989,-24.5256,-30.6215,-34.0532,-50.3489,-54.3162,-58.9322,-47.3576,-51.5889,-42.7574,-39.7389,-56.8616,-72.1126,-55.0611,-59.2616,-56.2789,-55.4122,-60.7347,-50.9789,-59.2222,-58.6824,-69.1547,-49.7217,-57.8977,-67.2078,-76.8571,-75.5784
usa_NC_0036_0021,81,-2.6192,-0.8556,-20.1156,-15.1622,-15.9156,-26.9556,-27.077,-46.2079,-50.0256,-51.9325,-42.9026,-45.5667,-37.6245,-35.5756,-45.551,-61.8306,-50.4556,-54.7306,-51.7556,-48.0422,-52.1295,-42.1222,-53.5871,-57.2651,-62.1819,-46.1096,-53.032,-61.2733,-71.7556,-70.9345
usa_NC_0036_0022,81,-2.0051,-1.5978,-16.3878,-15.1511,-11.8078,-23.0995,-24.3921,-44.9462,-47.1094,-46.7778,-37.7111,-39.9028,-32.9528,-32.1778,-39.346,-54.6903,-46.2403,-49.3278,-48.2778,-43.4403,-44.7734,-36.0222,-48.2444,-54.1039,-56.1304,-42.6833,-48.5717,-55.94,-68.2747,-66.883
usa_NC_0036_0023,81,-1.1652,1.2767,-13.3633,-16.7367,-12.1967,-23.6442,-24.2976,-44.5111,-44.5886,-36.5679,-37.9518,-36.2383,-28.8833,-28.4056,-35.6652,-50.9722,-45.8733,-43.2024,-47.4357,-39.2738,-40.1273,-32.9944,-46.4167,-52.8625,-52.0433,-41.7972,-46.1258,-52.0486,-62.9379,-61.9596
usa_NC_0036_0024,82,0.1005,0.4035,-13.4032,-20.3632,-14.6765,-23.7936,-24.4167,-37.4474,-39.8632,-30.5798,-35.0354,-33.1586,-26.459,-27.5732,-35.0526,-50.2332,-40.2757,-39.2251,-48.5086,-33.8892,-34.7352,-29.8854,-42.3584,-50.3247,-48.5465,-40.6507,-47.7419,-50.4719,-62.0212,-59.3658
usa_NC_0036_0025,82,-0.0498,2.8184,-13.1916,-21.6382,-11.7816,-20.2359,-20.1352,-29.0866,-37.5166,-28.6149,-29.0666,-26.5089,-22.6579,-18.2134,-31.5503,-38.0427,-29.7173,-33.8166,-42.6066,-26.5185,-30.9796,-25.6008,-38.8038,-46.9016,-42.4628,-34.5841,-46.4698,-49.0251,-64.7767,-55.0397
usa_NC_0036_0026,82,-1.5278,4.7889,-15.9678,-25.0078,-9.1678,-13.0886,-13.6528,-18.9478,-34.0978,-26.0278,-24.5897,-21.6754,-16.4389,-15.4528,-25.8699,-32.6328,-22.4944,-31.306,-38.7225,-21.4944,-29.8158,-24.3981,-36.1778,-41.8078,-37.9344,-31.5124,-40.9925,-44.4365,-64.6116,-54.1845
usa_NC_0036_0027,82,-2.76,6.1983,-13.035,-24.8417,-1.845,-5.0611,-3.8743,-10.435,-26.865,-19.4259,-18.4874,-13.0398,-7.3115,-11.1441,-18.5128,-23.9623,-22.935,-27.2785,-31.135,-12.4735,-26.611,-20.951,-31.3718,-34.5417,-31.6812,-26.6521,-37.2968,-40.198,-58.5511,-46.7377
usa_NC_0036_0028,82,-2.3483,3.81,-12.69,-26.4867,1.3233,0.4991,3.2136,-7.425,-23.3189,-9.0471,-14.0733,-3.83,-2.4165,-7.9855,-15.2233,-19.6317,-22.4114,-21.0491,-25.26,-11.5474,-26.048,-20.2807,-31.07,-30.8434,-29.2477,-25.9579,-35.437,-37.9509,-55.7239,-41.4481
usa_NC_0036_0029,82,-0.6017,-0.335,-11.145,-24.715,1.715,5.378,8.7721,-3.0997,-15.8087,-8.7421,-5.9493,3.4079,1.1387,-2.3581,-11.6232,-15.811,-15.495,-17.7759,-18.5139,-13.0542,-23.3196,-18.9572,-30.1139,-29.4417,-27.0895,-22.6042,-32.2997,-33.5676,-55.2005,-39.5891
usa_NC_0036_0030,82,-0.1355,-1.3214,-9.7748,-22.0448,0.6114,8.4257,12.2881,4.2515,-11.0498,-10.0248,1.8771,9.5998,4.4652,-1.1278,-9.511,-15.7968,-16.0492,-16.8048,-15.5603,-13.3448,-22.4278,-18.2307,-28.6942,-28.6681,-25.4448,-19.2232,-29.6695,-30.3156,-53.1564,-39.4291
usa_NC_0036_0031,82,-1.7033,4.1429,-7.0171,-19.1905,-0.6217,10.7733,12.2643,9.0962,-4.7286,-10.1446,7.081,13.1929,6.6029,0.8845,-10.7696,-16.0225,-14.4196,-18.903,-16.9729,-13.8905,-21.5868,-18.7871,-26.7671,-28.6009,-22.039,-19.5598,-31.2542,-30.2984,-51.0138,-37.8653
usa_NC_0036_0032,82,-2.9879,4.9262,-5.5171,-17.4905,-1.2442,8.995,9.8857,12.1095,-4.0708,-11.2513,9.5529,13.6679,3.4476,-0.3571,-16.8042,-20.2016,-21.7196,-20.3095,-19.4794,-16.4571,-22.2451,-20.5605,-28.1571,-31.0728,-23.7738,-23.9598,-36.1895,-33.868,-49.9571,-37.4085
usa_NC_0036_0033,82,-2.8201,2.8286,-4.9148,-16.5485,-0.5048,5.5692,6.1238,9.5819,-5.0348,-13.9992,7.8039,10.6143,-1.1768,-12.1881,-22.381,-27.3937,-24.2139,-27.6729,-21.0948,-19.8714,-25.3762,-22.9144,-34.1173,-35.0017,-31.5355,-28.6227,-37.0312,-37.1178,-49.3081,-40.1129
usa_NC_0036_0034,83,-1.356,0.1619,-4.8714,-13.4339,0.0834,2.5634,3.2143,4.9411,-5.8064,-14.1103,6.4013,5.7086,-7.8122,-17.9945,-26.9714,-32.3907,-27.7814,-33.2714,-24.9767,-22.219,-28.7159,-26.8058,-38.2067,-38.1521,-38.9253,-30.5989,-41.7214,-44.0932,-53.0814,-45.0093
usa_NC_0036_0035,83,-2.1312,2.755,-3.375,-10.7787,0.5602,0.9193,1.3257,1.495,-4.4577,-15.3683,3.655,1.8571,-12.6504,-22.5032,-33.0707,-35.4058,-28.585,-37.3017,-26.5061,-26.96,-33.2921,-29.2444,-40.0183,-40.0183,-43.125,-33.9081,-42.5444,-48.235,-55.1006,-46.6255
usa_NC_0036_0036,83,-2.2331,3.27,-3.68,-10.4288,-2.9003,-2.8057,-0.3957,3.84,-4.3373,-17.2322,0.3111,1.2847,-16.6314,-25.67,-34.9671,-38.9558,-31.85,-40.51,-28.53,-29.5433,-36.1285,-31.9552,-42.7433,-43.6997,-47.8767,-40.8588,-45.46,-53.3404,-56.9256,-49.6749
usa_NC_0036_0037,83,-1.075,0.905,-4.885,-11.6938,-10.4234,-7.7315,-2.575,3.1812,-7.85,-21.8321,-5.355,-3.335,-21.2821,-30.2528,-34.0886,-44.8837,-35.4306,-46.025,-29.965,-32.6179,-37.167,-35.395,-44.7528,-47.0788,-54.0,-44.4634,-51.1875,-58.041,-60.8125,-50.9885
usa_NC_0036_0038,83,-0.7131,-0.19,-4.93,-12.1712,-12.99,-10.1857,-4.0007,1.6041,-7.615,-25.1167,-8.04,-7.0678,-24.353,-31.26,-36.0519,-47.34,-40.6775,-52.9948,-34.271,-34.21,-40.4692,-37.1867,-46.2841,-54.0515,-59.5025,-47.449,-55.4556,-60.8389,-57.9994,-51.4927
usa_NC_0036_0039,83,2.0267,-6.031,-1.241,-8.881,-13.9261,-14.7719,-5.4452,-2.216,-6.281,-21.6276,-7.7532,-8.7862,-26.7844,-27.7587,-39.1264,-50.0491,-40.1685,-53.8628,-35.031,-32.531,-42.1002,-37.7051,-44.6532,-52.601,-55.0457,-46.8381,-52.7903,-60.5448,-56.8745,-49.9755
usa_NC_0036_0040,83,2.34,-4.01,2.36,-4.01,-13.1406,-15.9145,-6.5493,-3.68,-7.4373,-18.7743,-7.7541,-10.2433,-31.9637,-29.86,-40.5513,-51.7337,-45.7378,-52.3009,-34.46,-31.7412,-40.4408,-38.8814,-44.56,-51.4558,-53.8433,-45.3156,-51.5225,-60.6749,-56.1867,-47.5627
usa_NC_0036_0041,83,3.1967,-4.7283,3.475,-2.7325,-12.5918,-18.3814,-10.3093,-11.365,-14.5859,-20.795,-15.2283,-17.8108,-38.535,-37.625,-45.3993,-53.7217,-47.9325,-57.1379,-38.2839,-33.3597,-44.0492,-42.2914,-49.1161,-56.8405,-57.4839,-46.6424,-54.7888,-62.8929,-56.5337,-48.9239
usa_NC_0036_0042,83,2.822,-4.4024,0.681,-3.8545,-16.2631,-21.4175,-14.9036,-16.9857,-22.2807,-22.394,-23.419,-24.6752,-41.1133,-43.6571,-52.5422,-57.1724,-53.2635,-62.2594,-41.0357,-35.9034,-49.394,-44.6665,-54.7257,-59.9248,-58.7579,-50.2163,-60.1607,-67.7772,-61.2728,-50.3331
usa_NC_0036_0043,83,1.1963,-1.7857,-1.3079,-2.844,-18.8707,-24.86,-16.994,-20.964,-25.949,-19.9463,-24.7927,-27.859,-41.7894,-44.944,-52.4495,-59.7057,-56.049,-67.114,-37.919,-38.9138,-48.655,-44.6883,-55.4238,-62.0538,-58.6875,-52.6302,-62.6784,-66.9999,-60.8094,-52.6638
usa_NC_0036_0044,84,0.0033,3.4571,-0.3206,-2.1866,-18.9912,-26.2883,-16.3679,-19.5729,-27.3271,-18.9156,-23.2779,-29.1019,-42.1029,-48.0229,-51.7619,-60.3113,-56.3304,-65.9529,-39.8429,-38.9554,-46.3621,-41.3852,-54.8619,-61.7509,-57.5605,-51.9286,-62.7366,-67.4726,-59.1335,-50.7771
usa_NC_0036_0045,84,-0.3017,1.7733,-0.3156,-5.7287,-21.4019,-28.21,-18.0171,-19.6838,-26.0648,-17.81,-22.4648,-31.7964,-44.5457,-49.8327,-53.6424,-60.3337,-57.4457,-65.59,-41.46,-39.4183,-45.408,-42.9896,-53.705,-60.4733,-57.2482,-48.833,-63.5912,-68.2685,-58.26,-48.5205
usa_NC_0036_0046,84,2.6718,-5.757,-5.307,-9.7112,-27.4834,-32.4964,-23.438,-22.5308,-30.2689,-23.5968,-29.7308,-38.0832,-49.9105,-53.2646,-61.0053,-65.7895,-61.4904,-68.8784,-44.0947,-43.1617,-50.4577,-48.6897,-58.1842,-63.6137,-60.388,-53.4794,-66.2299,-70.6907,-60.6799,-51.2632
usa_NC_0036_0047,84,1.445,-9.78,-2.8467,-8.0175,-28.0058,-32.6573,-22.7621,-21.935,-28.5895,-23.2492,-29.5705,-39.48,-44.8967,-49.48,-60.8011,-69.3017,-64.5086,-63.8391,-38.13,-40.0281,-47.648,-46.7974,-55.7695,-58.54,-59.9031,-52.6189,-63.305,-67.1098,-57.0897,-47.6879
usa_NC_0036_0048,84,0.5083,-9.0667,-2.5111,-6.575,-30.8065,-36.7773,-28.2929,-25.06,-32.755,-28.8385,-33.0667,-42.319,-43.9611,-51.3167,-61.1895,-71.3583,-62.85,-64.1,-44.0579,-40.8407,-47.2833,-48.1042,-55.6579,-56.2484,-59.7385,-54.8054,-63.4774,-66.4149,-57.2094,-49.4842
usa_NC_0036_0049,84,-0.1133,-6.13,-3.8356,-6.4925,-30.3865,-40.3345,-32.3407,-24.82,-33.135,-32.9723,-35.675,-43.2657,-45.8133,-53.1891,-59.74,-69.348,-62.58,-61.94,-41.3326,-38.0393,-46.58,-45.1185,-55.76,-54.4413,-59.8492,-53.8686,-65.8252,-64.743,-57.177,-48.5826
usa_NC_0036_0050,84,0.0967,-2.0033,-4.2144,-7.52,-28.1765,-39.9791,-31.9486,-27.7437,-32.6858,-35.87,-34.985,-41.1176,-45.765,-51.9783,-57.9811,-65.9931,-62.6144,-56.6652,-38.0811,-36.1238,-46.0658,-42.5008,-54.2911,-53.3467,-56.7033,-48.7609,-63.3926,-62.5722,-54.3641,-44.8542
usa_NC_0036_0051,84,-0.055,-1.6467,-2.4356,-7.5925,-25.0735,-38.0709,-28.93,-25.5484,-33.4705,-35.6933,-33.42,-37.6482,-44.0229,-50.2345,-54.4741,-61.1185,-59.28,-50.2583,-35.4744,-31.92,-43.596,-39.88,-51.045,-49.9477,-52.68,-48.2086,-58.7284,-57.5365,-50.3447,-41.6853
usa_NC_0036_0052,84,-0.3433,-2.3933,-4.9433,-9.7912,-23.7132,-37.2236,-26.3957,-25.0544,-34.8005,-37.7912,-33.3862,-38.35,-43.091,-51.7645,-51.4924,-59.8693,-54.51,-50.0782,-34.7889,-29.8267,-42.106,-39.11,-50.045,-47.2975,-52.4933,-48.2659,-54.3261,-55.0143,-50.9365,-43.0758
usa_NC_0036_0053,84,-0.0883,-2.03,-2.8633,-10.4237,-21.93,-34.7709,-22.6871,-23.3487,-32.4391,-39.2359,-29.64,-35.77,-39.8014,-46.8482,-49.03,-55.5729,-51.98,-48.1395,-29.4744,-27.1729,-39.6257,-36.2567,-47.6612,-44.0581,-52.0454,-43.9418,-49.7767,-51.6148,-47.7182,-41.4221
usa_NC_0036_0054,84,-0.1933,-0.91,-0.9322,-9.2288,-18.4487,-32.8373,-20.0993,-23.7475,-30.135,-38.1924,-28.9481,-33.4719,-39.46,-42.2009,-48.4205,-53.2957,-48.0736,-46.2433,-24.3784,-25.9148,-39.123,-35.4567,-47.8663,-41.8319,-48.4792,-39.9924,-45.4029,-48.4535,-43.4335,-38.1179
usa_NC_0036_0055,85,0.5183,-0.9317,-1.1261,-5.29,-17.1021,-28.065,-15.5436,-21.69,-30.18,-38.1483,-27.6237,-32.7055,-37.0829,-39.0817,-47.6377,-49.8113,-45.44,-42.68,-22.2428,-24.9198,-39.987,-33.5408,-46.8444,-40.7505,-47.2293,-37.035,-44.2293,-46.715,-41.7238,-34.9703
usa_NC_0036_0056,85,0.7017,-1.5233,-0.99,-1.89,-15.9642,-20.7627,-8.8493,-17.0588,-28.8945,-38.9289,-27.39,-31.9289,-34.1092,-37.7131,-44.1582,-46.9858,-41.42,-40.9956,-18.0584,-23.5135,-37.49,-32.4233,-43.9665,-37.8267,-46.5971,-36.9014,-41.7471,-42.6813,-38.9224,-32.0979
usa_NC_0036_0057,85,-0.6733,0.035,-0.165,-3.015,-15.7327,-15.0786,-3.728,-12.5517,-29.1389,-36.6261,-25.5412,-29.1507,-32.6265,-39.19,-42.5923,-43.9559,-39.985,-40.965,-14.05,-22.365,-34.385,-32.0431,-43.0591,-36.6409,-45.7962,-38.2536,-40.3547,-39.9911,-36.1032,-31.8045
usa_NC_0036_0058,85,-0.74,-0.1317,-0.6928,-7.0275,-12.815,-9.8628,-0.5928,-9.735,-27.528,-34.2206,-24.71,-27.4361,-31.8409,-32.255,-40.2014,-41.9025,-40.735,-41.325,-13.33,-20.275,-31.419,-30.9667,-40.8562,-35.5224,-46.2775,-38.1622,-38.6219,-38.5817,-34.0908,-29.9782
usa_NC_0036_0059,85,-1.5433,3.0483,-2.3017,-11.4038,-9.6419,-5.335,1.5996,-7.4017,-24.89,-32.6288,-25.235,-27.975,-31.485,-30.7975,-33.9225,-41.7089,-39.3572,-40.97,-14.6759,-19.1042,-28.1915,-30.835,-38.7938,-36.7757,-46.285,-37.8324,-38.9136,-35.2461,-32.2229,-26.6061
usa_NC_0036_0060,85,-2.45,6.5833,-3.3944,-12.8375,-7.9569,-5.1239,-0.8574,-9.05,-21.6658,-32.575,-26.1816,-26.7658,-31.887,-33.0056,-33.237,-40.4318,-36.85,-39.675,-15.8071,-17.9833,-32.4409,-31.65,-37.05,-37.818,-43.3833,-38.3986,-37.3893,-33.113,-31.25,-24.7211
usa_NC_0036_0061,85,-3.3767,9.7733,-4.2322,-13.26,-6.6755,-5.8361,-3.8063,-8.0225,-16.9862,-34.785,-25.86,-24.1489,-29.4314,-30.16,-30.2338,-37.5964,-33.8475,-37.49,-17.5624,-19.6814,-33.8317,-31.0272,-34.1453,-36.294,-40.5967,-36.4012,-35.8814,-31.8678,-29.6736,-23.4968
usa_NC_0036_0062,85,-3.3967,8.795,-7.9606,-13.38,-8.4809,-10.3789,-9.2309,-11.3,-18.355,-36.155,-27.705,-25.6439,-31.9235,-31.7272,-31.4669,-36.6576,-34.805,-38.9526,-19.885,-20.1738,-33.209,-31.6836,-32.8272,-36.5963,-40.855,-35.4564,-36.4407,-32.1868,-29.5323,-26.2024
usa_NC_0036_0063,85,-2.5147,8.6071,-11.4317,-12.7199,-11.6262,-11.3545,-12.028,-12.8962,-21.4675,-36.1229,-29.9938,-26.0393,-32.7314,-32.8562,-30.5489,-36.3074,-33.7262,-40.4499,-21.3873,-22.3262,-32.7137,-32.1048,-32.7873,-38.2716,-40.6984,-34.9234,-35.2012,-32.9806,-29.8126,-26.6972
usa_NC_0036_0064,85,-1.7487,7.1667,-11.5111,-12.8896,-12.1048,-10.129,-11.8741,-12.1633,-23.9833,-35.5718,-30.5686,-26.1702,-31.8591,-32.8433,-29.7159,-33.2271,-31.9333,-39.6033,-19.1778,-22.7098,-31.8125,-31.1512,-34.3283,-37.8571,-39.3281,-31.8387,-32.7762,-31.1511,-27.8606,-23.5912
usa_NC_0036_0065,85,-1.2318,5.2682,-10.1429,-13.2193,-9.6354,-9.4,-10.9207,-11.1718,-26.8368,-36.678,-31.8495,-25.7118,-29.9042,-30.9318,-26.7231,-32.2068,-29.0763,-37.3792,-21.4218,-23.3848,-31.4693,-29.8664,-34.4556,-34.8045,-36.0495,-29.9985,-30.189,-28.5205,-26.847,-20.7029
usa_NC_0036_0066,85,-1.1597,2.8879,-10.7177,-14.0767,-7.3205,-10.8364,-10.8214,-14.6855,-27.0105,-37.2871,-30.2288,-23.9621,-29.3103,-28.0621,-26.1998,-25.2778,-26.8555,-34.5105,-19.705,-21.6364,-30.7915,-28.1762,-31.8764,-31.4035,-34.4955,-27.6497,-29.6847,-28.5114,-27.9923,-19.7244
usa_NC_0036_0067,86,-2.1916,3.3727,-11.6495,-13.9898,-9.188,-13.149,-12.1458,-16.2973,-28.9062,-36.6888,-26.8483,-24.7844,-28.2393,-28.1273,-27.7023,-24.0802,-26.7273,-35.2723,-21.1987,-19.5606,-30.3873,-25.9003,-30.432,-32.1913,-33.5979,-23.2578,-29.4487,-28.3591,-29.5616,-21.101
usa_NC_0036_0068,86,-2.411,1.2485,-12.1071,-17.0994,-12.5646,-16.9964,-15.0478,-20.4087,-31.3182,-34.9968,-28.8632,-27.3095,-30.8134,-34.9909,-33.0299,-22.6417,-30.6468,-38.5232,-28.3282,-22.0723,-31.0942,-27.9663,-31.6282,-31.9718,-36.3358,-24.5533,-35.4003,-30.2996,-32.4932,-24.955
usa_NC_0036_0069,86,-1.6351,0.4364,-11.4692,-19.7511,-14.0654,-18.718,-16.3655,-24.047,-33.1682,-35.5922,-30.0565,-28.7089,-33.1525,-36.6318,-35.3386,-23.1842,-28.697,-39.5898,-27.8242,-24.2616,-36.0616,-30.0176,-34.8978,-32.8826,-39.2922,-25.0947,-38.5815,-31.6229,-33.0168,-25.4505
usa_NC_0036_0070,86,-2.2156,1.3606,-11.7427,-18.5227,-14.6796,-17.8727,-16.0764,-24.3442,-32.3918,-37.6156,-33.2569,-28.3427,-32.1894,-36.8,-34.2675,-22.7938,-27.9227,-38.9423,-27.9569,-23.8381,-33.1186,-31.2644,-32.7277,-31.5589,-37.3942,-23.2592,-37.9442,-31.4262,-31.9884,-23.7464
usa_NC_0036_0071,86,-2.2539,1.9985,-13.2482,-19.9932,-17.1182,-21.1964,-18.0478,-26.6682,-35.2866,-39.8951,-34.6234,-28.5955,-31.8241,-38.3932,-35.9761,-33.6399,-29.0057,-40.7382,-27.9882,-25.7108,-35.5095,-31.889,-33.6656,-33.6515,-35.5105,-23.7857,-39.4432,-34.175,-32.7557,-23.356
usa_NC_0036_0072,86,-1.4462,0.3,-13.51,-21.2312,-18.8586,-24.887,-20.9148,-27.3762,-39.3368,-42.3923,-36.8053,-30.76,-34.7235,-41.0083,-38.3053,-34.3455,-30.0125,-45.3,-29.9429,-27.5407,-38.3957,-32.62,-34.71,-32.7714,-37.8154,-27.7714,-36.2172,-37.1023,-34.8437,-23.5649
usa_NC_0036_0073,86,-1.8227,0.2786,-14.4581,-22.7756,-15.9974,-23.912,-23.5677,-30.6631,-42.6381,-38.8381,-36.5548,-31.7048,-34.8118,-36.8298,-42.217,-35.5741,-27.4381,-46.8331,-27.2065,-26.6958,-39.0506,-31.6112,-35.1381,-32.0131,-39.8381,-29.541,-34.3481,-36.2199,-34.4411,-25.5138
usa_NC_0036_0074,86,-0.9264,-1.9738,-16.1371,-21.8134,-17.475,-24.518,-26.9386,-30.3414,-44.4466,-39.4786,-33.919,-32.919,-34.5521,-37.8071,-44.5924,-37.0051,-33.8238,-45.0921,-26.5405,-25.6091,-37.7821,-31.8533,-37.994,-32.564,-41.6299,-30.7935,-36.6105,-36.0781,-33.3541,-26.8031
usa_NC_0036_0075,86,0.4317,-4.5933,-19.35,-24.9725,-19.8814,-28.3513,-28.0044,-31.6489,-49.635,-43.14,-36.7282,-36.5373,-38.7648,-41.21,-46.6894,-40.36,-36.3489,-46.56,-28.2179,-27.9058,-39.0892,-32.1243,-41.45,-35.4333,-41.8183,-33.6115,-44.6148,-36.5391,-33.5297,-29.3059
usa_NC_0036_0076,86,1.1867,-6.0967,-17.19,-24.4112,-20.7693,-29.8843,-24.1992,-32.2506,-53.565,-43.84,-39.1038,-37.8905,-41.1859,-44.4345,-45.955,-41.7223,-38.0514,-46.9164,-27.1633,-29.6573,-38.2755,-32.02,-41.68,-36.3167,-43.1492,-31.3606,-49.58,-34.766,-31.1425,-28.4935
usa_NC_0036_0077,86,0.5901,-2.7714,-12.2014,-19.1902,-18.7548,-28.754,-21.4677,-30.3773,-53.2314,-43.8714,-37.3619,-34.7609,-39.0314,-34.9532,-38.6655,-38.4907,-31.7492,-44.2305,-22.5825,-27.7714,-34.5173,-26.5848,-37.2339,-31.5614,-38.0868,-26.3086,-46.3908,-30.29,-25.2902,-25.3931
usa_NC_0036_0078,86,1.7283,-5.155,-14.665,-20.73,-21.825,-32.0593,-24.9031,-34.9613,-56.455,-48.9374,-39.1407,-37.1217,-41.9133,-41.0967,-41.355,-40.9165,-35.705,-47.7788,-26.4655,-31.0026,-37.6088,-27.725,-39.3988,-33.7017,-40.0396,-29.5522,-47.0417,-32.4015,-25.505,-27.5955
usa_NC_0036_0079,87,0.225,-3.4417,-11.815,-17.0312,-19.4317,-27.6728,-21.4435,-34.0317,-52.5694,-46.9806,-35.2163,-35.64,-39.193,-37.675,-39.2488,-37.4019,-33.415,-40.385,-21.1092,-27.1012,-31.7981,-24.5927,-36.0,-29.645,-36.2536,-29.8709,-43.1917,-28.0785,-22.1008,-25.6682
usa_NC_0036_0080,87,0.065,-2.4933,-11.62,-18.36,-18.9433,-26.0665,-22.2636,-35.6233,-50.4416,-47.3211,-37.7195,-35.1489,-35.658,-33.9485,-36.6052,-38.1752,-31.04,-37.86,-19.6156,-25.17,-31.6754,-24.5842,-34.4218,-29.4893,-36.15,-30.7628,-41.51,-27.3914,-20.413,-24.2641
usa_NC_0036_0081,87,0.7233,-4.0267,-7.61,-17.3662,-16.5462,-22.7296,-21.3207,-34.6287,-48.415,-45.9878,-36.1327,-32.86,-32.2785,-27.0236,-33.541,-33.7509,-27.75,-34.8552,-16.1705,-21.4667,-28.684,-23.61,-32.6482,-27.3048,-34.4933,-28.6126,-36.4933,-25.3391,-17.5418,-20.2005
usa_NC_0036_0082,87,2.5317,-7.6267,-9.04,-17.86,-16.6238,-23.297,-23.2671,-34.3225,-47.0671,-47.6225,-35.375,-31.595,-32.1408,-25.1544,-30.9839,-34.8918,-27.0767,-35.429,-17.2,-20.4792,-28.3254,-23.9066,-30.3218,-27.566,-35.5663,-28.7525,-31.7203,-24.5123,-16.1009,-19.0532
usa_NC_0036_0083,87,2.7867,-8.0883,-10.075,-13.8675,-16.2567,-23.1572,-24.18,-34.8863,-45.4439,-50.5407,-36.27,-31.86,-31.9935,-26.7777,-30.6425,-32.1141,-27.0828,-35.455,-18.595,-22.1693,-26.33,-23.8705,-31.1661,-31.065,-35.2425,-26.6229,-29.336,-22.7841,-14.2747,-16.4482
usa_NC_0036_0084,87,2.92,-7.3467,-10.96,-14.6363,-16.3162,-23.9691,-23.33,-37.4476,-41.33,-49.7633,-37.2689,-31.4984,-31.1336,-26.84,-32.2343,-32.415,-23.2967,-36.0729,-13.3252,-25.5685,-23.4175,-23.7714,-31.4856,-28.982,-36.4613,-26.6976,-28.9231,-18.2618,-14.6519,-15.2651
usa_NC_0036_0085,87,0.9784,-2.419,-8.8524,-12.2274,-13.48,-22.0524,-19.0202,-32.7857,-37.3474,-47.499,-34.8079,-25.6997,-26.6988,-24.219,-28.4046,-27.6103,-17.1274,-29.9,-14.9629,-24.1724,-19.1332,-20.3903,-28.3357,-23.6002,-31.0877,-19.82,-25.329,-11.2887,-11.2805,-10.301
usa_NC_0036_0086,87,0.0872,1.2167,-8.8767,-11.3167,-13.2943,-23.0841,-18.3222,-33.6617,-35.3517,-47.2267,-33.6772,-24.6877,-27.9519,-21.2767,-25.1667,-27.54,-19.0238,-28.9417,-12.9667,-23.8729,-18.85,-19.7881,-29.2278,-23.0621,-31.9722,-18.041,-22.97,-7.0848,-9.1885,-8.7667
usa_NC_0036_0087,87,0.4033,-0.0762,-7.8929,-10.5929,-13.1567,-23.3342,-20.1873,-32.3029,-35.781,-49.3505,-32.8429,-24.4902,-30.1679,-20.1529,-23.8646,-26.2495,-17.1054,-30.3113,-12.1929,-20.7554,-18.6845,-19.4536,-29.9829,-22.6714,-29.6151,-14.5657,-19.2821,-3.914,-8.2762,-5.7483
usa_NC_0036_0088,87,1.3344,-2.0143,-8.521,-10.7247,-14.1396,-22.0375,-20.2402,-30.5857,-36.7865,-47.831,-32.281,-25.5952,-29.0143,-21.1238,-23.6505,-25.6676,-19.1254,-28.3238,-11.6125,-17.6457,-16.909,-18.454,-28.3905,-20.2082,-26.3254,-13.2667,-13.0258,-1.0298,-8.0446,-2.4999
usa_NC_0036_0089,87,2.0066,-2.6357,-9.8057,-10.0857,-15.4719,-20.4118,-20.9079,-29.5907,-38.0957,-44.3857,-31.6489,-26.0407,-27.7817,-18.519,-21.0448,-23.1982,-18.4957,-23.4257,-15.5107,-14.4331,-14.7049,-16.7153,-28.8429,-17.4814,-24.4135,-11.4143,-11.0024,1.1506,-8.4918,1.8927
usa_NC_0036_0090,88,-0.5132,3.2048,-8.4586,-9.1536,-14.7424,-20.1373,-19.4138,-25.6586,-38.0759,-43.9202,-32.8036,-24.1095,-24.3869,-18.0686,-18.0095,-16.5496,-15.1661,-17.7586,-15.6331,-11.3869,-13.6846,-13.1016,-27.3333,-15.5593,-18.2227,-5.9934,-7.6452,4.776,-6.3379,4.7336
usa_NC_0036_0091,88,-1.3238,3.6262,-4.9238,-8.9926,-14.5238,-19.2629,-18.0623,-21.6588,-33.8938,-40.0238,-29.6788,-21.2064,-22.108,-17.8738,-11.8062,-15.7817,-10.1381,-14.4554,-14.6838,-9.6446,-10.0398,-10.42,-27.3238,-11.9135,-13.6801,-0.6319,-0.7605,10.1989,-2.4176,10.8194
usa_NC_0036_0092,88,0.2125,1.2881,-4.7052,-7.5327,-13.6883,-17.6083,-17.5145,-17.2048,-36.968,-36.981,-27.3402,-17.0143,-19.1897,-15.6119,-9.1426,-14.4952,-9.381,-10.0714,-11.4321,-10.3632,-11.0072,-9.3452,-27.0216,-10.2401,-11.2452,1.1426,4.9186,15.4502,1.2329,13.3345
usa_NC_0036_0093,88,1.4634,-0.6571,-7.8505,-7.4092,-13.4422,-17.1253,-17.3597,-14.8905,-40.9359,-37.5366,-27.0857,-15.3655,-17.7405,-13.2738,-10.0694,-16.7948,-9.5048,-10.3571,-12.0378,-10.4942,-11.8488,-10.3988,-27.3063,-7.9038,-11.019,0.8779,7.4524,19.8118,1.9283,15.1609
usa_NC_0036_0094,88,2.0897,-2.3833,-7.2222,-8.5396,-12.9023,-18.129,-16.2533,-13.3571,-43.2667,-35.7718,-25.3379,-14.3606,-15.6111,-16.2641,-11.6702,-14.9613,-9.2708,-9.5439,-10.3476,-10.0926,-10.7093,-10.8773,-22.9491,-6.8527,-9.0179,2.9524,9.6874,23.4167,5.2698,18.0045
usa_NC_0036_0095,88,1.2722,-2.5881,-3.1937,-6.9673,-11.7461,-16.3656,-15.1432,-12.8548,-40.3298,-25.1048,-19.2457,-14.0857,-13.8995,-10.8798,-6.5898,-9.924,-4.3381,-8.5998,-5.8448,-6.0011,-5.6768,-6.3048,-14.4333,-3.9155,-2.5509,7.3536,14.6019,28.2231,9.5202,23.7277
usa_NC_0036_0096,88,0.9868,-2.8786,-2.6286,-3.1419,-11.4182,-15.1764,-14.4593,-8.7759,-33.7571,-21.7593,-16.0686,-14.9667,-14.1762,-10.1119,-5.805,-8.9093,-2.4508,-6.8286,-3.5952,-1.3086,-1.6286,-2.7526,-12.5686,-3.6424,0.6881,9.4886,17.0281,29.5555,15.7183,30.2255
usa_NC_0036_0097,88,0.8256,-2.55,-2.3444,-4.0667,-11.4805,-15.8188,-14.6821,-7.7067,-31.0667,-23.2095,-17.9619,-15.8894,-16.6048,-10.9303,-5.1843,-7.7474,-4.2444,-8.5095,-6.0278,-1.3907,-1.0267,-5.008,-8.5917,-2.4267,1.025,9.5304,14.7865,28.6156,17.1865,32.936
usa_NC_0036_0098,88,-0.9996,0.7786,-0.6714,-2.8448,-9.3174,-13.6077,-11.0958,-8.3693,-22.0238,-22.8581,-16.481,-12.4539,-16.5659,-10.4581,-2.8557,-7.1529,1.8841,-7.8276,-5.027,1.6793,1.2539,-1.476,-2.1256,4.8652,4.2927,12.9825,13.34,29.9074,24.2557,38.0808
usa_NC_0036_0099,88,-2.7579,4.469,1.1413,-1.2476,-6.2189,-12.1027,-8.7117,-4.4372,-16.3037,-21.3045,-12.1714,-8.456,-13.9673,-13.8393,0.849,-4.7952,8.2009,-5.5231,-1.6587,3.4524,4.5883,3.4524,6.7724,9.3061,6.944,17.8876,10.432,31.9028,32.3253,41.3055
usa_NC_0036_0100,89,-3.23,6.7571,3.1349,1.9438,-3.9934,-9.5545,-4.707,-3.5637,-12.3012,-17.088,-4.008,-6.6662,-8.4095,-11.6126,1.2738,-1.4577,8.4538,-2.8644,5.2554,4.8667,4.9275,6.3141,10.4426,13.0204,7.7167,20.4933,11.5819,31.0471,36.0863,41.1076
usa_NC_0036_0101,89,-1.5659,2.8405,3.3571,2.4171,-5.2567,-7.082,-3.5313,-4.2366,-13.3529,-11.0487,0.7662,-3.0929,-7.4236,-8.761,2.7708,0.4071,7.6071,0.4627,8.0414,4.1983,10.1794,9.2378,12.9634,14.2929,7.45,19.2627,14.6268,30.7049,33.0134,41.8821
usa_NC_0036_0102,89,0.9689,-2.4452,2.9159,4.5514,-6.0136,-7.5054,-3.7119,-6.2119,-15.4074,-7.7619,0.3143,0.2619,-10.0158,-8.2175,2.8745,3.2464,6.1381,1.8749,7.5431,5.3881,10.7541,10.8994,12.9852,13.4159,8.1048,17.884,15.8537,30.4449,27.0881,36.5238
usa_NC_0036_0103,89,2.4245,-4.8524,4.4143,3.2876,-5.3757,-6.5002,-4.587,-6.7124,-12.0069,-6.6877,-0.5997,-1.1874,-11.4202,-10.4857,4.1726,3.4911,5.981,0.5634,7.5714,9.3405,13.6658,13.5718,12.077,13.9361,7.9548,18.863,11.7186,28.8317,25.9121,35.099
usa_NC_0036_0104,89,1.2022,-1.7952,3.527,-0.3086,-2.3419,-6.4416,-3.8786,-5.1286,-10.2036,-9.9086,0.0925,-3.0686,-11.836,-10.3486,1.3169,2.2805,4.4714,-0.673,7.981,12.0448,16.5351,15.2852,9.3902,10.1834,12.5648,17.8881,8.0359,28.3981,25.6048,34.66
usa_NC_0036_0105,89,0.6223,-1.4405,3.9984,2.0829,0.4439,-6.3021,-3.7353,-4.4801,-7.5488,-6.9853,0.7232,-1.5712,-8.0274,-8.2938,2.4979,2.6612,7.9887,0.9078,11.1381,14.4362,18.7429,18.3141,11.1706,13.7642,14.0949,20.2156,11.4887,29.683,26.2529,34.039
usa_NC_0036_0106,89,0.3689,-1.7452,4.2714,7.2181,4.0929,-2.0228,-1.085,-1.3566,-4.971,1.2314,5.1443,3.6499,-4.5286,-5.2719,3.2426,3.6616,12.2131,4.3825,13.4907,16.3693,25.7468,21.5024,15.1852,15.7926,17.7381,24.1937,15.3929,34.4517,25.5542,33.4495
usa_NC_0036_0107,89,-0.1703,-1.119,3.7032,6.0743,5.9207,0.9006,0.6912,-1.2657,-2.8683,4.1297,8.861,8.2985,-3.7754,-4.1857,3.7056,2.7955,15.1018,9.0421,15.6143,18.0849,26.9491,22.9357,15.4143,15.5333,18.5555,25.3754,15.9768,35.1188,27.1111,32.8086
usa_NC_0036_0108,89,-2.6289,2.5762,4.9595,7.2829,9.1837,1.7777,3.8172,3.0381,1.7277,9.6429,17.4408,11.6395,-0.9905,-2.028,6.34,6.6683,17.7345,16.1937,17.4571,21.4213,29.5443,24.6206,17.1095,16.3095,19.7095,25.8679,19.372,37.7254,29.116,32.0667
usa_NC_0036_0109,90,-2.7805,3.4909,2.8009,6.7972,11.7376,3.1136,4.8986,3.4052,1.2159,8.6659,16.0497,7.9909,-2.1437,-3.2216,5.4091,6.0854,14.7409,15.8383,16.5182,25.8091,28.8069,24.5242,14.4699,13.9227,15.1409,23.0798,20.3103,38.3398,26.5135,29.3566
usa_NC_0036_0110,90,-2.6481,3.7758,1.8391,9.6278,12.5358,5.6909,6.036,4.2891,0.8986,8.8674,10.5091,7.8567,-2.2992,-1.8182,3.2891,3.0472,14.4313,16.3986,18.3409,27.9758,31.2924,25.0552,16.0144,15.0131,15.4973,26.617,20.1446,40.7802,27.8478,28.2491
usa_NC_0036_0111,90,-1.8682,3.2485,0.3918,2.8443,9.1752,4.7727,5.4472,4.0918,1.1294,6.2985,7.4929,6.15,-5.7482,-5.3098,-0.0241,0.2199,11.4985,14.8818,16.2518,26.9693,30.8443,21.1658,11.9881,15.3497,12.6175,28.9818,16.1496,41.4952,28.1689,27.3561
usa_NC_0036_0112,90,-1.5987,3.4561,0.8627,2.3602,11.0627,5.4227,8.3147,7.9877,3.0591,8.3513,8.3005,7.2275,-4.3404,-2.7523,1.2543,3.9818,16.6394,20.5577,19.5754,31.0487,29.1186,21.0958,13.5665,17.0656,13.3442,30.0227,20.4485,45.6983,32.1098,29.1999
usa_NC_0037_0001,90,-1.1325,3.1281,3.8447,6.5359,11.6361,6.5316,8.7078,8.3526,8.0447,9.487,7.8947,5.7121,-2.7203,-1.6053,0.9474,5.8406,12.6947,24.5421,27.3892,34.8034,32.5717,21.6084,13.059,19.4688,14.5101,28.0241,25.5076,50.8313,36.2041,28.8262
usa_NC_0037_0002,90,-0.3359,3.4368,0.8118,4.2486,9.592,4.9632,5.1021,7.3368,9.1768,8.8676,5.7797,2.613,-4.1082,-2.7401,0.9757,5.4568,13.594,22.3368,28.1646,33.2064,28.3088,17.9195,8.0502,15.8924,12.3676,25.6884,25.2497,51.1734,32.5962,25.6111
usa_NC_0037_0003,90,-1.9129,3.8553,3.0303,6.7523,14.4838,7.4211,7.7922,9.1997,13.1153,9.841,7.7853,1.0653,-1.1995,0.7591,1.133,9.8706,14.4497,24.5164,29.47,31.8598,27.3399,17.5261,8.0986,16.016,13.8437,26.9686,28.4666,54.4248,34.6771,26.8395
usa_NC_0037_0004,90,-1.7732,1.8465,5.7257,12.0867,17.9846,11.5053,13.1371,14.9514,19.3108,13.8093,9.4316,4.8203,3.5979,6.6132,6.3819,13.6516,21.9882,26.3161,33.2102,30.4782,28.3362,17.4465,6.6882,20.5265,18.8965,29.8565,32.4115,59.0982,37.6535,28.8774
usa_NC_0037_0005,90,-0.0751,-0.3842,8.1908,12.604,17.7301,13.4684,16.181,22.447,21.6508,10.4595,9.9708,7.4316,4.592,7.4908,8.5334,15.1565,24.2783,29.8746,35.3102,30.8808,24.17,14.7454,3.9891,23.3258,22.1741,28.8835,35.2577,59.3696,38.5964,25.6672
usa_NC_0037_0006,90,-1.57,0.3833,11.55,12.4088,16.2036,15.7763,17.2109,21.7429,23.7045,9.3812,6.0868,10.5553,7.0542,10.9583,8.5444,15.4607,28.4875,29.9625,35.6889,28.5974,20.81,11.2431,-2.9115,22.2468,21.9115,30.4594,38.0435,58.0526,33.7726,23.47
