transect_id,domain_number,lrr_m_yr,unc_m_yr,r_squared,n_obs,start_date,end_date,position_start_m,n_start,position_end_m,n_end,total_change_m,total_unc_m,observed_change_m,observed_minus_total_m,window,lrr_window,span_years
usa_NC_0032_0021,1,1.1463,0.3821,0.1063,295,1996-01-26,2015-12-16,62.6000,12,37.3111,9,21.7797,7.2599,-25.2889,-47.0686,1996_2015,1996_2015,19
usa_NC_0032_0022,1,1.3362,0.3866,0.1348,299,1996-01-26,2015-12-16,56.7000,12,39.1091,11,25.3878,7.3454,-17.5909,-42.9787,1996_2015,1996_2015,19
usa_NC_0032_0023,1,1.4915,0.4232,0.1432,290,1996-01-26,2015-12-16,57.6750,12,42.2000,11,28.3385,8.0408,-15.4750,-43.8135,1996_2015,1996_2015,19
usa_NC_0032_0024,1,1.6798,0.4193,0.1761,293,1996-01-26,2015-12-16,71.1083,12,56.9000,13,31.9162,7.9667,-14.2083,-46.1245,1996_2015,1996_2015,19
usa_NC_0032_0025,1,1.7010,0.4143,0.1797,300,1996-01-26,2015-12-16,51.2077,13,38.2286,14,32.3190,7.8717,-12.9791,-45.2981,1996_2015,1996_2015,19
usa_NC_0032_0026,1,1.7395,0.4058,0.1960,294,1996-01-26,2015-12-16,58.8846,13,45.8400,15,33.0505,7.7102,-13.0446,-46.0951,1996_2015,1996_2015,19
usa_NC_0032_0027,1,1.8936,0.3937,0.2355,293,1996-01-26,2015-12-16,49.7231,13,40.1267,15,35.9784,7.4803,-9.5964,-45.5748,1996_2015,1996_2015,19
usa_NC_0032_0028,1,2.0429,0.3882,0.2735,287,1996-01-26,2015-12-16,48.5308,13,43.0600,15,38.8151,7.3758,-5.4708,-44.2859,1996_2015,1996_2015,19
usa_NC_0032_0029,1,2.2423,0.3757,0.3240,290,1996-01-26,2015-12-16,50.6846,13,52.1687,16,42.6037,7.1383,1.4841,-41.1196,1996_2015,1996_2015,19
usa_NC_0032_0030,2,2.4197,0.3666,0.3687,291,1996-01-26,2015-12-16,75.4308,13,79.2688,16,45.9743,6.9654,3.8380,-42.1363,1996_2015,1996_2015,19
usa_NC_0032_0031,2,2.4766,0.3905,0.3503,291,1996-01-26,2015-12-16,74.8846,13,75.9733,15,47.0554,7.4195,1.0887,-45.9667,1996_2015,1996_2015,19
usa_NC_0032_0032,2,2.4079,0.3957,0.3356,286,1996-01-26,2015-12-16,83.5077,13,78.9214,14,45.7501,7.5183,-4.5863,-50.3364,1996_2015,1996_2015,19
usa_NC_0032_0033,2,2.4713,0.4327,0.3111,282,1996-01-26,2015-12-16,69.4692,13,57.4667,12,46.9547,8.2213,-12.0026,-58.9573,1996_2015,1996_2015,19
usa_NC_0032_0034,2,2.4857,0.4493,0.2938,287,1996-01-26,2015-12-16,88.7615,13,73.5300,10,47.2283,8.5367,-15.2315,-62.4598,1996_2015,1996_2015,19
usa_NC_0032_0035,2,2.5594,0.4423,0.3151,284,1996-01-26,2015-12-16,74.2000,13,64.5857,7,48.6286,8.4037,-9.6143,-58.2429,1996_2015,1996_2015,19
usa_NC_0032_0036,2,2.4742,0.4359,0.3053,286,1996-01-26,2015-12-16,61.0462,13,52.9429,7,47.0098,8.2821,-8.1033,-55.1131,1996_2015,1996_2015,19
usa_NC_0032_0037,2,2.3717,0.4205,0.3019,287,1996-01-26,2015-12-16,53.8154,13,49.2714,7,45.0623,7.9895,-4.5440,-49.6063,1996_2015,1996_2015,19
usa_NC_0032_0038,2,2.2501,0.4052,0.2925,291,1996-01-26,2015-12-16,45.1077,13,43.2333,6,42.7519,7.6988,-1.8744,-44.6263,1996_2015,1996_2015,19
usa_NC_0032_0039,2,2.1470,0.3902,0.2873,293,1996-01-26,2015-12-16,50.1077,13,50.6000,6,40.7930,7.4138,0.4923,-40.3007,1996_2015,1996_2015,19
usa_NC_0032_0040,2,2.1060,0.3674,0.3013,297,1996-01-26,2015-12-16,46.5923,13,53.0250,8,40.0140,6.9806,6.4327,-33.5813,1996_2015,1996_2015,19
usa_NC_0032_0041,3,2.0635,0.3553,0.3041,301,1996-01-26,2015-12-16,45.1077,13,53.8556,9,39.2065,6.7507,8.7479,-30.4586,1996_2015,1996_2015,19
usa_NC_0032_0042,3,2.1353,0.3595,0.3203,292,1996-01-26,2015-12-16,42.9231,13,55.3500,10,40.5707,6.8305,12.4269,-28.1438,1996_2015,1996_2015,19
usa_NC_0032_0043,3,2.1637,0.3376,0.3567,289,1996-01-26,2015-12-16,41.5250,12,53.6818,11,41.1103,6.4144,12.1568,-28.9535,1996_2015,1996_2015,19
usa_NC_0032_0044,3,2.1138,0.3265,0.3598,291,1996-01-26,2015-12-16,35.1083,12,44.5429,14,40.1622,6.2035,9.4345,-30.7277,1996_2015,1996_2015,19
usa_NC_0032_0045,3,2.0758,0.3131,0.3773,283,1996-01-26,2015-12-16,43.0667,12,50.2733,15,39.4402,5.9489,7.2067,-32.2335,1996_2015,1996_2015,19
usa_NC_0032_0046,3,2.1226,0.3131,0.3896,281,1996-01-26,2015-12-16,45.6417,12,53.3267,15,40.3294,5.9489,7.6850,-32.6444,1996_2015,1996_2015,19
usa_NC_0032_0047,3,2.2652,0.3073,0.4292,282,1996-01-26,2015-12-16,41.0417,12,52.0062,16,43.0388,5.8387,10.9646,-32.0742,1996_2015,1996_2015,19
usa_NC_0032_0048,3,2.2080,0.3202,0.3893,291,1996-01-26,2015-12-16,39.7250,12,49.4437,16,41.9520,6.0838,9.7187,-32.2333,1996_2015,1996_2015,19
usa_NC_0032_0049,3,2.1789,0.3228,0.3783,292,1996-01-26,2015-12-16,38.0667,12,51.6765,17,41.3991,6.1332,13.6098,-27.7893,1996_2015,1996_2015,19
usa_NC_0032_0050,3,2.2033,0.3303,0.3711,294,1996-01-26,2015-12-16,36.3083,12,53.6250,16,41.8627,6.2757,17.3167,-24.5460,1996_2015,1996_2015,19
usa_NC_0032_0051,4,2.0017,0.3411,0.3114,297,1996-01-26,2015-12-16,32.3250,12,48.6857,14,38.0323,6.4809,16.3607,-21.6716,1996_2015,1996_2015,19
usa_NC_0032_0052,4,1.9895,0.3400,0.3138,292,1996-01-26,2015-12-16,25.2077,13,43.6071,14,37.8005,6.4600,18.3995,-19.4010,1996_2015,1996_2015,19
usa_NC_0032_0053,4,1.9372,0.3539,0.2865,291,1996-01-26,2015-12-16,24.8000,13,42.3692,13,36.8068,6.7241,17.5692,-19.2376,1996_2015,1996_2015,19
usa_NC_0032_0054,4,1.8748,0.3676,0.2612,287,1996-01-26,2015-12-16,17.9231,13,34.1333,12,35.6212,6.9844,16.2103,-19.4109,1996_2015,1996_2015,19
usa_NC_0032_0055,4,1.7528,0.3582,0.2417,293,1996-01-26,2015-12-16,15.7538,13,34.4636,11,33.3032,6.8058,18.7098,-14.5934,1996_2015,1996_2015,19
usa_NC_0032_0056,4,1.6537,0.3616,0.2196,290,1996-01-26,2015-12-16,23.2462,13,44.4429,7,31.4203,6.8704,21.1967,-10.2236,1996_2015,1996_2015,19
usa_NC_0032_0057,4,1.5648,0.3673,0.1957,291,1996-01-26,2015-12-16,14.9846,13,32.1000,7,29.7312,6.9787,17.1154,-12.6158,1996_2015,1996_2015,19
usa_NC_0032_0058,4,1.4315,0.3694,0.1671,292,1996-01-26,2015-12-16,16.4000,13,28.5000,7,27.1985,7.0186,12.1000,-15.0985,1996_2015,1996_2015,19
usa_NC_0032_0059,4,1.2927,0.3768,0.1358,292,1996-01-26,2015-12-16,18.2615,13,28.9333,6,24.5613,7.1592,10.6718,-13.8895,1996_2015,1996_2015,19
usa_NC_0032_0060,4,1.0256,0.3803,0.0877,295,1996-01-26,2015-12-16,21.1923,13,30.6429,7,19.4864,7.2257,9.4505,-10.0359,1996_2015,1996_2015,19
usa_NC_0032_0061,4,0.8772,0.3847,0.0649,292,1996-01-26,2015-12-16,21.1385,13,31.0143,7,16.6668,7.3093,9.8758,-6.7910,1996_2015,1996_2015,19
usa_NC_0032_0062,4,0.6540,0.3664,0.0398,300,1996-01-26,2015-12-16,18.9615,13,28.1300,10,12.4260,6.9616,9.1685,-3.2575,1996_2015,1996_2015,19
usa_NC_0032_0063,4,0.6063,0.3526,0.0362,307,1996-01-26,2015-12-16,20.2231,13,30.6250,12,11.5197,6.6994,10.4019,-1.1178,1996_2015,1996_2015,19
usa_NC_0032_0064,5,0.3380,0.3497,0.0120,300,1996-01-26,2015-12-16,24.7308,13,30.9364,11,6.4220,6.6443,6.2056,-0.2164,1996_2015,1996_2015,19
usa_NC_0032_0065,5,0.1841,0.3402,0.0038,298,1996-01-26,2015-12-16,20.8538,13,22.6583,12,3.4979,6.4638,1.8045,-1.6934,1996_2015,1996_2015,19
usa_NC_0032_0066,5,0.0814,0.3377,0.0008,301,1996-01-26,2015-12-16,19.4923,13,22.1571,14,1.5466,6.4163,2.6648,1.1182,1996_2015,1996_2015,19
usa_NC_0032_0067,5,-0.0854,0.3587,0.0007,305,1996-01-26,2015-12-16,17.1385,13,20.7438,16,-1.6226,6.8153,3.6053,5.2279,1996_2015,1996_2015,19
usa_NC_0032_0068,5,-0.3717,0.3594,0.0138,298,1996-01-26,2015-12-16,19.1538,13,22.1588,17,-7.0623,6.8286,3.0050,10.0673,1996_2015,1996_2015,19
usa_NC_0032_0069,5,-0.4931,0.3793,0.0216,298,1996-01-26,2015-12-16,20.1923,13,26.4294,17,-9.3689,7.2067,6.2371,15.6060,1996_2015,1996_2015,19
usa_NC_0032_0070,5,-0.4626,0.3824,0.0189,297,1996-01-26,2015-12-16,20.5692,13,32.7118,17,-8.7894,7.2656,12.1425,20.9319,1996_2015,1996_2015,19
usa_NC_0032_0071,5,-0.3636,0.3920,0.0113,294,1996-01-26,2015-12-16,22.8231,13,39.5882,17,-6.9084,7.4480,16.7652,23.6736,1996_2015,1996_2015,19
usa_NC_0032_0072,5,-0.3508,0.3897,0.0105,298,1996-01-26,2015-12-16,21.9462,13,38.7278,18,-6.6652,7.4043,16.7816,23.4468,1996_2015,1996_2015,19
usa_NC_0032_0073,5,-0.2343,0.3786,0.0050,298,1996-01-26,2015-12-16,21.2692,13,39.4529,17,-4.4517,7.1934,18.1837,22.6354,1996_2015,1996_2015,19
usa_NC_0032_0074,5,-0.1226,0.3521,0.0016,297,1996-01-26,2015-12-16,21.2077,13,39.1688,16,-2.3294,6.6899,17.9611,20.2905,1996_2015,1996_2015,19
usa_NC_0032_0075,5,0.0143,0.3593,0.0000,299,1996-01-26,2015-12-16,14.1154,13,37.1733,15,0.2717,6.8267,23.0579,22.7862,1996_2015,1996_2015,19
usa_NC_0032_0076,5,0.1371,0.3229,0.0024,288,1996-01-26,2015-12-16,15.6833,12,42.6071,14,2.6049,6.1351,26.9238,24.3189,1996_2015,1996_2015,19
usa_NC_0032_0077,6,-0.0005,0.3224,0.0000,289,1996-01-26,2015-12-08,30.4231,13,53.5583,12,-0.0095,6.1256,23.1353,23.1448,1996_2015,1996_2015,19
usa_NC_0032_0078,6,-0.9172,0.3663,0.1403,152,1996-01-26,2015-12-16,124.2667,3,128.1714,7,-17.4268,6.9597,3.9048,21.3316,1996_2015,1996_2015,19
usa_NC_0032_0079,6,-1.4250,0.2493,0.2974,301,1996-01-26,2015-12-16,56.2923,13,38.5714,7,-27.0750,4.7367,-17.7209,9.3541,1996_2015,1996_2015,19
usa_NC_0032_0080,6,-1.8590,0.2402,0.4336,305,1996-01-26,2015-12-16,70.7231,13,39.1875,8,-35.3210,4.5638,-31.5356,3.7854,1996_2015,1996_2015,19
usa_NC_0032_0081,6,-1.9829,0.2578,0.4289,307,1996-01-26,2015-12-16,77.9846,13,34.7636,11,-37.6751,4.8982,-43.2210,-5.5459,1996_2015,1996_2015,19
usa_NC_0032_0082,6,-1.8662,0.2611,0.3959,304,1996-01-26,2015-12-16,75.1077,13,32.9583,12,-35.4578,4.9609,-42.1494,-6.6916,1996_2015,1996_2015,19
usa_NC_0032_0083,7,-2.0835,0.2420,0.4899,301,1996-01-26,2015-12-16,71.0154,13,30.2353,17,-39.5865,4.5980,-40.7801,-1.1936,1996_2015,1996_2015,19
usa_NC_0032_0084,7,-2.1427,0.2361,0.5238,292,1996-01-26,2015-12-16,59.6000,12,21.2588,17,-40.7113,4.4859,-38.3412,2.3701,1996_2015,1996_2015,19
usa_NC_0032_0085,7,-2.0939,0.2323,0.5161,297,1996-01-26,2015-12-16,76.0750,12,35.3813,16,-39.7841,4.4137,-40.6938,-0.9096,1996_2015,1996_2015,19
usa_NC_0032_0086,7,-2.1282,0.2253,0.5395,297,1996-01-26,2015-12-16,57.8750,12,17.5667,15,-40.4358,4.2807,-40.3083,0.1275,1996_2015,1996_2015,19
usa_NC_0032_0088,8,-1.8659,0.2609,0.4043,294,1996-01-26,2015-12-16,51.9333,12,5.7875,8,-35.4521,4.9571,-46.1458,-10.6937,1996_2015,1996_2015,19
usa_NC_0032_0089,8,-1.9007,0.2535,0.4264,295,1996-01-26,2015-12-16,46.8250,12,4.4143,7,-36.1133,4.8165,-42.4107,-6.2974,1996_2015,1996_2015,19
usa_NC_0032_0090,8,-1.9206,0.2344,0.4710,294,1996-01-26,2015-12-16,38.5083,12,1.4857,7,-36.4914,4.4536,-37.0226,-0.5312,1996_2015,1996_2015,19
usa_NC_0032_0091,8,-1.8164,0.2384,0.4300,300,1996-01-26,2015-12-16,92.4083,12,57.0000,8,-34.5116,4.5296,-35.4083,-0.8967,1996_2015,1996_2015,19
usa_NC_0032_0092,8,-1.8386,0.2388,0.4352,300,1996-01-26,2015-12-16,59.3667,12,20.0900,10,-34.9334,4.5372,-39.2767,-4.3433,1996_2015,1996_2015,19
usa_NC_0032_0093,8,-1.7212,0.2396,0.3983,304,1996-01-26,2015-12-16,66.4167,12,29.3583,12,-32.7028,4.5524,-37.0583,-4.3555,1996_2015,1996_2015,19
usa_NC_0032_0094,8,-1.8918,0.2559,0.4203,294,1996-01-26,2015-12-16,35.1333,12,-4.2833,12,-35.9442,4.8621,-39.4167,-3.4725,1996_2015,1996_2015,19
usa_NC_0032_0095,8,-2.0087,0.2573,0.4412,301,1996-01-26,2015-12-16,82.9917,12,48.5643,14,-38.1653,4.8887,-34.4274,3.7379,1996_2015,1996_2015,19
usa_NC_0032_0096,9,-2.0569,0.2385,0.4857,307,1996-01-26,2015-12-16,40.5750,12,10.3938,16,-39.0811,4.5315,-30.1812,8.8999,1996_2015,1996_2015,19
usa_NC_0032_0097,9,-1.8753,0.2234,0.4781,300,1996-01-26,2015-12-16,61.7417,12,35.1294,17,-35.6307,4.2446,-26.6123,9.0184,1996_2015,1996_2015,19
usa_NC_0032_0098,9,-1.6747,0.2138,0.4462,297,1996-01-26,2015-12-16,56.6333,12,31.3882,17,-31.8193,4.0622,-25.2451,6.5742,1996_2015,1996_2015,19
usa_NC_0032_0099,9,-1.6282,0.2094,0.4433,296,1996-01-26,2015-12-16,52.7917,12,24.7000,17,-30.9358,3.9786,-28.0917,2.8441,1996_2015,1996_2015,19
usa_NC_0032_0100,9,-1.6489,0.2355,0.3948,293,1996-01-26,2015-12-16,51.6583,12,22.6412,17,-31.3291,4.4745,-29.0172,2.3119,1996_2015,1996_2015,19
usa_NC_0032_0101,9,-1.6683,0.2228,0.4215,300,1996-01-26,2015-12-16,50.6250,12,22.5235,17,-31.6977,4.2332,-28.1015,3.5962,1996_2015,1996_2015,19
usa_NC_0032_0102,9,-1.7201,0.2331,0.4170,297,1996-01-26,2015-12-16,52.8917,12,27.6937,16,-32.6819,4.4289,-25.1979,7.4840,1996_2015,1996_2015,19
usa_NC_0032_0103,9,-1.7157,0.2362,0.4151,290,1996-01-26,2015-12-16,56.3833,12,29.5357,14,-32.5983,4.4878,-26.8476,5.7507,1996_2015,1996_2015,19
usa_NC_0032_0104,9,-1.6651,0.2466,0.3769,294,1996-01-26,2015-12-16,54.4000,12,28.0091,11,-31.6369,4.6854,-26.3909,5.2460,1996_2015,1996_2015,19
usa_NC_0032_0105,10,-1.6583,0.2543,0.3664,287,1996-01-26,2015-12-16,57.3583,12,28.7125,8,-31.5077,4.8317,-28.6458,2.8619,1996_2015,1996_2015,19
usa_NC_0032_0106,10,-1.5966,0.2634,0.3363,283,1996-01-26,2015-12-16,55.9250,12,21.8714,7,-30.3354,5.0046,-34.0536,-3.7182,1996_2015,1996_2015,19
usa_NC_0032_0107,10,-1.6001,0.2565,0.3451,288,1996-01-26,2015-12-16,61.0333,12,28.0429,7,-30.4019,4.8735,-32.9905,-2.5886,1996_2015,1996_2015,19
usa_NC_0032_0108,10,-1.5713,0.2681,0.3137,293,1996-01-26,2015-12-16,58.8583,12,30.5000,6,-29.8547,5.0939,-28.3583,1.4964,1996_2015,1996_2015,19
usa_NC_0032_0109,10,-1.7064,0.2504,0.3838,291,1996-01-26,2015-12-16,64.5917,12,34.6857,7,-32.4216,4.7576,-29.9060,2.5156,1996_2015,1996_2015,19
usa_NC_0032_0110,10,-1.7495,0.2525,0.3916,291,1996-01-26,2015-12-16,78.5667,12,43.4000,10,-33.2405,4.7975,-35.1667,-1.9262,1996_2015,1996_2015,19
usa_NC_0032_0111,10,-1.6379,0.2644,0.3343,298,1996-01-26,2015-12-16,64.4692,13,28.2636,11,-31.1201,5.0236,-36.2056,-5.0855,1996_2015,1996_2015,19
usa_NC_0032_0112,10,-1.7394,0.2661,0.3642,291,1996-01-26,2015-12-16,61.6538,13,25.5364,11,-33.0486,5.0559,-36.1175,-3.0689,1996_2015,1996_2015,19
usa_NC_0032_0113,10,-1.7869,0.2550,0.3961,292,1996-01-26,2015-12-16,59.6000,13,24.9692,13,-33.9511,4.8450,-34.6308,-0.6797,1996_2015,1996_2015,19
usa_NC_0032_0114,10,-1.6451,0.2408,0.3760,302,1996-01-26,2015-12-16,58.4462,13,28.7625,16,-31.2569,4.5752,-29.6837,1.5732,1996_2015,1996_2015,19
usa_NC_0032_0115,11,-1.5540,0.2400,0.3590,292,1996-01-26,2015-12-16,58.2538,13,32.6294,17,-29.5260,4.5600,-25.6244,3.9016,1996_2015,1996_2015,19
usa_NC_0032_0116,11,-1.7634,0.2372,0.4423,272,1996-01-26,2015-12-16,61.8769,13,30.7067,15,-33.5046,4.5068,-31.1703,2.3343,1996_2015,1996_2015,19
usa_NC_0032_0117,11,-1.7851,0.2449,0.4364,268,1996-01-26,2015-12-16,68.0385,13,31.7533,15,-33.9169,4.6531,-36.2851,-2.3682,1996_2015,1996_2015,19
usa_NC_0032_0118,11,-1.8087,0.2360,0.4622,267,1996-01-26,2015-12-16,71.5846,13,31.6125,16,-34.3653,4.4840,-39.9721,-5.6068,1996_2015,1996_2015,19
usa_NC_0032_0119,11,-1.6953,0.2263,0.4491,269,1996-01-26,2015-12-16,73.0250,12,30.3375,16,-32.2107,4.2997,-42.6875,-10.4768,1996_2015,1996_2015,19
usa_NC_0032_0120,11,-1.7663,0.2273,0.4671,269,1996-01-26,2015-12-16,72.6083,12,26.6533,15,-33.5597,4.3187,-45.9550,-12.3953,1996_2015,1996_2015,19
usa_NC_0032_0121,11,-1.9037,0.2373,0.4615,293,1996-01-26,2015-12-16,73.1500,12,28.1200,15,-36.1703,4.5087,-45.0300,-8.8597,1996_2015,1996_2015,19
usa_NC_0032_0122,11,-1.7784,0.2418,0.4202,291,1996-01-26,2015-12-16,67.0583,12,28.2071,14,-33.7896,4.5942,-38.8512,-5.0616,1996_2015,1996_2015,19
usa_NC_0032_0123,11,-1.7460,0.2479,0.4003,290,1996-01-26,2015-12-16,66.2250,12,29.5750,12,-33.1740,4.7101,-36.6500,-3.4760,1996_2015,1996_2015,19
usa_NC_0032_0124,11,-1.8232,0.2546,0.4083,290,1996-01-26,2015-12-16,71.4917,12,36.1333,9,-34.6408,4.8374,-35.3583,-0.7175,1996_2015,1996_2015,19
usa_NC_0032_0125,12,-1.8082,0.2680,0.3806,289,1996-01-26,2015-12-16,74.2750,12,46.1000,7,-34.3558,5.0920,-28.1750,6.1808,1996_2015,1996_2015,19
usa_NC_0032_0126,12,-1.8839,0.2625,0.4076,292,1996-01-26,2015-12-16,68.5667,12,41.3714,7,-35.7941,4.9875,-27.1952,8.5989,1996_2015,1996_2015,19
usa_NC_0032_0127,12,-2.0107,0.2618,0.4642,266,1996-01-26,2015-12-16,74.8583,12,50.3200,5,-38.2033,4.9742,-24.5383,13.6650,1996_2015,1996_2015,19
usa_NC_0032_0128,12,-1.9973,0.2596,0.4613,270,1996-01-26,2015-12-16,76.3083,12,44.6000,7,-37.9487,4.9324,-31.7083,6.2404,1996_2015,1996_2015,19
usa_NC_0032_0129,12,-2.0121,0.2655,0.4367,289,1996-01-26,2015-12-16,72.2083,12,37.2667,9,-38.2299,5.0445,-34.9417,3.2882,1996_2015,1996_2015,19
usa_NC_0032_0130,12,-1.9357,0.2713,0.4006,297,1996-01-26,2015-12-16,71.4833,12,40.6917,12,-36.7783,5.1547,-30.7917,5.9866,1996_2015,1996_2015,19
usa_NC_0032_0131,12,-1.7220,0.2865,0.3278,289,1996-01-26,2015-12-16,69.4250,12,40.4417,12,-32.7180,5.4435,-28.9833,3.7347,1996_2015,1996_2015,19
usa_NC_0032_0132,12,-1.6088,0.2902,0.2911,292,1996-01-26,2015-12-16,68.4917,12,39.9000,13,-30.5672,5.5138,-28.5917,1.9755,1996_2015,1996_2015,19
usa_NC_0032_0133,12,-1.5659,0.2856,0.2851,294,1996-01-26,2015-12-16,70.3000,12,40.4400,15,-29.7521,5.4264,-29.8600,-0.1079,1996_2015,1996_2015,19
usa_NC_0032_0134,12,-1.4006,0.2790,0.2525,291,1996-01-26,2015-12-16,73.6167,12,45.0176,17,-26.6114,5.3010,-28.5990,-1.9876,1996_2015,1996_2015,19
usa_NC_0032_0135,13,-1.3072,0.2825,0.2242,289,1996-01-26,2015-12-16,71.9083,12,44.7941,17,-24.8368,5.3675,-27.1142,-2.2774,1996_2015,1996_2015,19
usa_NC_0032_0136,13,-1.2687,0.2894,0.2077,286,1996-01-26,2015-12-16,71.6917,12,45.1353,17,-24.1053,5.4986,-26.5564,-2.4511,1996_2015,1996_2015,19
usa_NC_0032_0137,13,-1.2655,0.2875,0.2068,290,1996-01-26,2015-12-16,72.0500,12,47.7529,17,-24.0445,5.4625,-24.2971,-0.2526,1996_2015,1996_2015,19
usa_NC_0032_0138,13,-1.2436,0.2598,0.2350,291,1996-01-26,2015-12-16,69.7667,12,47.2611,18,-23.6284,4.9362,-22.5056,1.1228,1996_2015,1996_2015,19
usa_NC_0032_0139,13,-1.2405,0.2657,0.2242,294,1996-01-26,2015-12-16,71.1167,12,47.7625,16,-23.5695,5.0483,-23.3542,0.2153,1996_2015,1996_2015,19
usa_NC_0032_0140,13,-1.2017,0.2645,0.2150,294,1996-01-26,2015-12-16,64.7417,12,40.3067,15,-22.8323,5.0255,-24.4350,-1.6027,1996_2015,1996_2015,19
usa_NC_0032_0141,13,-1.1565,0.2664,0.2028,289,1996-01-26,2015-12-16,63.1750,12,38.4000,14,-21.9735,5.0616,-24.7750,-2.8015,1996_2015,1996_2015,19
usa_NC_0032_0142,13,-0.9691,0.2731,0.1440,292,1996-01-26,2015-12-16,59.9417,12,34.8462,13,-18.4129,5.1889,-25.0955,-6.6826,1996_2015,1996_2015,19
usa_NC_0032_0143,13,-0.8814,0.2642,0.1310,288,1996-01-26,2015-12-16,54.2333,12,29.7364,11,-16.7466,5.0198,-24.4970,-7.7504,1996_2015,1996_2015,19
usa_NC_0032_0144,13,-0.9687,0.2775,0.1471,276,1996-01-26,2015-12-16,57.3000,12,31.4125,8,-18.4053,5.2725,-25.8875,-7.4822,1996_2015,1996_2015,19
usa_NC_0032_0145,13,-0.9052,0.2969,0.1166,275,1996-01-26,2015-12-16,50.8583,12,23.7571,7,-17.1988,5.6411,-27.1012,-9.9024,1996_2015,1996_2015,19
usa_NC_0032_0146,14,-0.8934,0.2941,0.1147,278,1996-01-26,2015-12-16,62.7250,12,33.5286,7,-16.9746,5.5879,-29.1964,-12.2218,1996_2015,1996_2015,19
usa_NC_0032_0147,14,-0.8145,0.2919,0.0976,281,1996-01-26,2015-12-16,57.0750,12,27.9667,6,-15.4755,5.5461,-29.1083,-13.6328,1996_2015,1996_2015,19
usa_NC_0032_0148,14,-0.8160,0.2879,0.0991,285,1996-01-26,2015-12-16,54.9083,12,22.1667,9,-15.5040,5.4701,-32.7417,-17.2377,1996_2015,1996_2015,19
usa_NC_0032_0149,14,-0.7316,0.2920,0.0766,295,1996-01-26,2015-12-16,59.6583,12,23.6500,10,-13.9004,5.5480,-36.0083,-22.1079,1996_2015,1996_2015,19
usa_NC_0032_0150,14,-0.6749,0.3030,0.0608,299,1996-01-26,2015-12-16,61.7333,12,26.6364,11,-12.8231,5.7570,-35.0970,-22.2739,1996_2015,1996_2015,19
usa_NC_0032_0151,14,-0.6528,0.3046,0.0567,298,1996-01-26,2015-12-16,62.5917,12,29.6000,12,-12.4032,5.7874,-32.9917,-20.5885,1996_2015,1996_2015,19
usa_NC_0032_0152,14,-0.5663,0.3047,0.0431,299,1996-01-26,2015-12-16,63.6667,12,32.0786,14,-10.7597,5.7893,-31.5881,-20.8284,1996_2015,1996_2015,19
usa_NC_0032_0153,14,-0.6457,0.3094,0.0543,296,1996-01-26,2015-12-16,65.5500,12,35.0688,16,-12.2683,5.8786,-30.4812,-18.2129,1996_2015,1996_2015,19
usa_NC_0032_0154,14,-0.6222,0.3154,0.0484,298,1996-01-26,2015-12-16,61.8417,12,38.1294,17,-11.8218,5.9926,-23.7123,-11.8905,1996_2015,1996_2015,19
usa_NC_0032_0155,14,-0.5968,0.3268,0.0421,296,1996-01-26,2015-12-16,63.8500,12,39.6353,17,-11.3392,6.2092,-24.2147,-12.8755,1996_2015,1996_2015,19
usa_NC_0032_0156,15,-0.5662,0.3271,0.0382,294,1996-01-26,2015-12-16,65.3000,12,40.3824,17,-10.7578,6.2149,-24.9176,-14.1598,1996_2015,1996_2015,19
usa_NC_0032_0157,15,-0.4314,0.3089,0.0254,292,1996-01-26,2015-12-16,61.8750,12,43.5889,18,-8.1966,5.8691,-18.2861,-10.0895,1996_2015,1996_2015,19
usa_NC_0032_0158,15,-0.3423,0.2949,0.0177,292,1996-01-26,2015-12-16,61.0692,13,45.6235,17,-6.5037,5.6031,-15.4457,-8.9420,1996_2015,1996_2015,19
usa_NC_0032_0159,15,-0.1970,0.2738,0.0070,287,1996-01-26,2015-12-16,65.7308,13,51.2687,16,-3.7430,5.2022,-14.4620,-10.7190,1996_2015,1996_2015,19
usa_NC_0032_0160,15,-0.2032,0.2692,0.0076,289,1996-01-26,2015-12-16,58.5769,13,47.9933,15,-3.8608,5.1148,-10.5836,-6.7228,1996_2015,1996_2015,19
usa_NC_0032_0161,15,-0.0519,0.2780,0.0005,288,1996-01-26,2015-12-16,53.4538,13,48.1538,13,-0.9861,5.2820,-5.3000,-4.3139,1996_2015,1996_2015,19
usa_NC_0032_0162,15,0.1666,0.2817,0.0048,285,1996-01-26,2015-12-16,48.0462,13,44.4100,10,3.1654,5.3523,-3.6362,-6.8016,1996_2015,1996_2015,19
usa_NC_0032_0163,15,0.1904,0.2791,0.0063,288,1996-01-26,2015-12-16,52.8308,13,48.1250,8,3.6176,5.3029,-4.7058,-8.3234,1996_2015,1996_2015,19
usa_NC_0032_0164,15,0.1813,0.2727,0.0060,285,1996-01-26,2015-12-16,44.1385,13,38.0714,7,3.4447,5.1813,-6.0670,-9.5117,1996_2015,1996_2015,19
usa_NC_0032_0165,15,0.2053,0.2665,0.0079,289,1996-01-26,2015-12-16,37.2923,13,33.6857,7,3.9007,5.0635,-3.6066,-7.5073,1996_2015,1996_2015,19
usa_NC_0032_0166,16,0.3431,0.2703,0.0210,293,1996-01-26,2015-12-16,36.2692,13,33.8000,6,6.5189,5.1357,-2.4692,-8.9881,1996_2015,1996_2015,19
usa_NC_0032_0167,16,0.2965,0.2692,0.0157,297,1996-01-26,2015-12-16,34.9538,13,32.2889,9,5.6335,5.1148,-2.6650,-8.2985,1996_2015,1996_2015,19
usa_NC_0032_0168,16,0.3054,0.2716,0.0162,299,1996-01-26,2015-12-16,37.0769,13,33.4000,10,5.8026,5.1604,-3.6769,-9.4795,1996_2015,1996_2015,19
usa_NC_0032_0169,16,0.3294,0.2850,0.0171,300,1996-01-26,2015-12-16,32.7385,13,31.7273,11,6.2586,5.4150,-1.0112,-7.2698,1996_2015,1996_2015,19
usa_NC_0032_0170,16,0.3927,0.2978,0.0222,298,1996-02-11,2015-12-16,32.4583,12,31.7545,11,7.4613,5.6582,-0.7038,-8.1651,1996_2015,1996_2015,19
usa_NC_0032_0171,16,0.4652,0.3009,0.0301,300,1996-02-11,2015-12-16,31.0000,12,34.5083,12,8.8388,5.7171,3.5083,-5.3305,1996_2015,1996_2015,19
usa_NC_0032_0172,16,0.2786,0.3069,0.0106,299,1996-02-11,2015-12-16,31.0833,12,34.7133,15,5.2934,5.8311,3.6300,-1.6634,1996_2015,1996_2015,19
usa_NC_0032_0173,16,0.0925,0.3016,0.0012,298,1996-02-11,2015-12-16,30.0500,12,33.5562,16,1.7575,5.7304,3.5063,1.7488,1996_2015,1996_2015,19
usa_NC_0032_0174,16,0.1418,0.3046,0.0029,295,1996-02-11,2015-12-16,29.5667,12,34.6000,16,2.6942,5.7874,5.0333,2.3391,1996_2015,1996_2015,19
usa_NC_0032_0175,16,0.1907,0.3177,0.0049,288,1996-02-11,2015-12-16,32.9091,11,38.2938,16,3.6233,6.0363,5.3847,1.7614,1996_2015,1996_2015,19
usa_NC_0032_0176,17,0.2850,0.3197,0.0108,285,1996-02-11,2015-12-16,27.9333,12,36.9875,16,5.4150,6.0743,9.0542,3.6392,1996_2015,1996_2015,19
usa_NC_0032_0177,17,0.3648,0.3122,0.0179,292,1996-02-11,2015-12-16,20.7000,12,33.0471,17,6.9312,5.9318,12.3471,5.4159,1996_2015,1996_2015,19
usa_NC_0032_0178,17,0.3761,0.3226,0.0181,288,1996-02-11,2015-12-16,34.9500,12,44.7000,15,7.1459,6.1294,9.7500,2.6041,1996_2015,1996_2015,19
usa_NC_0032_0179,17,0.3462,0.3251,0.0148,294,1996-02-11,2015-12-16,22.2167,12,33.7667,15,6.5778,6.1769,11.5500,4.9722,1996_2015,1996_2015,19
usa_NC_0032_0180,17,0.4592,0.3178,0.0273,290,1996-01-26,2015-12-16,22.1385,13,37.8429,14,8.7248,6.0382,15.7044,6.9796,1996_2015,1996_2015,19
usa_NC_0032_0181,17,0.7528,0.3332,0.0653,285,1996-01-26,2015-12-16,26.1615,13,47.4273,11,14.3032,6.3308,21.2657,6.9625,1996_2015,1996_2015,19
usa_NC_0032_0182,17,0.7698,0.3326,0.0683,285,1996-01-26,2015-12-16,27.0923,13,48.2778,9,14.6262,6.3194,21.1855,6.5593,1996_2015,1996_2015,19
usa_NC_0032_0183,17,0.8349,0.3292,0.0809,285,1996-01-26,2015-12-16,31.5538,13,50.0571,7,15.8631,6.2548,18.5033,2.6402,1996_2015,1996_2015,19
usa_NC_0032_0184,17,0.8215,0.3277,0.0792,285,1996-01-26,2015-12-16,28.8000,13,45.5000,7,15.6085,6.2263,16.7000,1.0915,1996_2015,1996_2015,19
usa_NC_0032_0185,17,0.8940,0.3210,0.0951,288,1996-01-26,2015-12-16,25.6083,12,49.0500,6,16.9860,6.0990,23.4417,6.4557,1996_2015,1996_2015,19
usa_NC_0032_0186,18,0.8742,0.2964,0.1031,295,1996-01-26,2015-12-16,28.6167,12,50.0875,8,16.6098,5.6316,21.4708,4.8610,1996_2015,1996_2015,19
usa_NC_0032_0187,18,0.7793,0.2824,0.0924,292,1996-01-26,2015-12-16,28.5833,12,46.4200,10,14.8067,5.3656,17.8367,3.0300,1996_2015,1996_2015,19
usa_NC_0032_0188,18,0.8054,0.2760,0.0999,299,1996-01-26,2015-12-16,29.8615,13,46.1500,12,15.3026,5.2440,16.2885,0.9859,1996_2015,1996_2015,19
usa_NC_0032_0189,18,0.8544,0.2824,0.1076,296,1996-01-26,2015-12-16,23.6846,13,40.2167,12,16.2336,5.3656,16.5321,0.2985,1996_2015,1996_2015,19
usa_NC_0032_0190,18,0.9070,0.2773,0.1236,296,1996-01-26,2015-12-16,22.1000,13,43.5250,12,17.2330,5.2687,21.4250,4.1920,1996_2015,1996_2015,19
usa_NC_0032_0191,18,0.9733,0.2675,0.1485,296,1996-01-26,2015-12-16,20.9692,13,50.0467,15,18.4927,5.0825,29.0774,10.5847,1996_2015,1996_2015,19
usa_NC_0032_0192,18,1.1064,0.2770,0.1727,298,1996-01-26,2015-12-16,14.5615,13,52.3176,17,21.0216,5.2630,37.7561,16.7345,1996_2015,1996_2015,19
usa_NC_0032_0193,18,1.1595,0.2847,0.1783,298,1996-01-26,2015-12-16,32.4385,13,75.7765,17,22.0305,5.4093,43.3380,21.3075,1996_2015,1996_2015,19
usa_NC_0032_0194,18,1.2023,0.2798,0.1946,298,1996-01-26,2015-12-16,37.1154,13,80.4824,17,22.8437,5.3162,43.3670,20.5233,1996_2015,1996_2015,19
usa_NC_0032_0195,18,1.2263,0.2765,0.2058,296,1996-01-26,2015-12-16,34.9385,13,78.1444,18,23.2997,5.2535,43.2060,19.9063,1996_2015,1996_2015,19
usa_NC_0032_0196,19,1.3150,0.2789,0.2271,295,1996-01-26,2015-12-16,27.1385,13,71.7706,17,24.9850,5.2991,44.6321,19.6471,1996_2015,1996_2015,19
usa_NC_0032_0197,19,1.4353,0.2738,0.2678,293,1996-01-26,2015-12-16,36.3667,12,81.2500,16,27.2707,5.2022,44.8833,17.6126,1996_2015,1996_2015,19
usa_NC_0032_0198,19,1.3826,0.2660,0.2639,294,1996-01-26,2015-12-16,27.4167,12,70.7667,15,26.2694,5.0540,43.3500,17.0806,1996_2015,1996_2015,19
usa_NC_0032_0199,19,1.4150,0.2749,0.2620,291,1996-01-26,2015-12-16,16.6250,12,61.9929,14,26.8850,5.2231,45.3679,18.4829,1996_2015,1996_2015,19
usa_NC_0032_0200,19,1.4859,0.2822,0.2709,291,1996-01-26,2015-12-16,5.1083,12,52.5750,12,28.2321,5.3618,47.4667,19.2346,1996_2015,1996_2015,19
usa_NC_0032_0201,19,1.4266,0.2763,0.2626,292,1996-01-26,2015-12-16,10.9250,12,56.3700,10,27.1054,5.2497,45.4450,18.3396,1996_2015,1996_2015,19
usa_NC_0032_0202,19,1.4649,0.2740,0.2812,285,1996-01-26,2015-12-16,3.6333,12,47.8429,7,27.8331,5.2060,44.2095,16.3764,1996_2015,1996_2015,19
usa_NC_0032_0203,19,1.3226,0.2713,0.2423,290,1996-01-26,2015-12-16,3.9917,12,45.7429,7,25.1294,5.1547,41.7512,16.6218,1996_2015,1996_2015,19
usa_NC_0032_0204,19,1.1348,0.2641,0.1990,290,1996-01-26,2015-12-16,0.6333,12,39.7667,6,21.5612,5.0179,39.1333,17.5721,1996_2015,1996_2015,19
usa_NC_0032_0205,19,1.0994,0.2705,0.1812,291,1996-01-26,2015-12-16,6.6583,12,40.5857,7,20.8886,5.1395,33.9274,13.0388,1996_2015,1996_2015,19
usa_NC_0032_0206,20,0.8226,0.2667,0.1131,291,1996-01-26,2015-12-16,26.2833,12,54.8778,9,15.6294,5.0673,28.5944,12.9650,1996_2015,1996_2015,19
usa_NC_0032_0207,20,0.6547,0.2773,0.0682,297,1996-01-26,2015-12-16,14.5083,12,34.8818,11,12.4393,5.2687,20.3735,7.9342,1996_2015,1996_2015,19
usa_NC_0032_0208,20,0.4749,0.2935,0.0337,293,1996-01-26,2015-12-16,20.1385,13,37.2500,10,9.0231,5.5765,17.1115,8.0884,1996_2015,1996_2015,19
usa_NC_0032_0209,20,0.2177,0.2919,0.0073,294,1996-01-26,2015-12-16,30.8417,12,44.4273,11,4.1363,5.5461,13.5856,9.4493,1996_2015,1996_2015,19
usa_NC_0032_0210,20,0.0023,0.2813,0.0000,298,1996-01-26,2015-12-16,47.5750,12,56.4214,14,0.0437,5.3447,8.8464,8.8027,1996_2015,1996_2015,19
usa_NC_0032_0211,20,-0.2178,0.2975,0.0071,291,1996-01-26,2015-12-16,37.2250,12,41.0750,16,-4.1382,5.6525,3.8500,7.9882,1996_2015,1996_2015,19
usa_NC_0032_0212,20,-0.3889,0.3009,0.0217,294,1996-01-26,2015-12-16,55.1167,12,60.1375,16,-7.3891,5.7171,5.0208,12.4099,1996_2015,1996_2015,19
usa_NC_0032_0213,20,-0.5456,0.3158,0.0382,293,1996-01-26,2015-12-16,54.1250,12,58.0812,16,-10.3664,6.0002,3.9563,14.3227,1996_2015,1996_2015,19
usa_NC_0032_0214,20,-0.7121,0.3243,0.0603,293,1996-01-26,2015-12-16,83.6500,12,84.7188,16,-13.5299,6.1617,1.0688,14.5987,1996_2015,1996_2015,19
usa_NC_0033_0001,20,-0.7510,0.3032,0.0723,307,1996-02-11,2015-12-16,58.0917,12,58.5087,23,-14.2690,5.7608,0.4170,14.6860,1996_2015,1996_2015,19
usa_NC_0033_0002,21,-0.8237,0.3016,0.0855,311,1996-02-11,2015-12-16,51.7833,12,53.3727,22,-15.6503,5.7304,1.5894,17.2397,1996_2015,1996_2015,19
usa_NC_0033_0003,21,-0.8975,0.3002,0.1019,307,1996-02-11,2015-12-16,40.9333,12,43.5409,22,-17.0525,5.7038,2.6076,19.6601,1996_2015,1996_2015,19
usa_NC_0033_0004,21,-1.0575,0.3020,0.1358,304,1996-02-11,2015-12-16,36.1750,12,40.7850,20,-20.0925,5.7380,4.6100,24.7025,1996_2015,1996_2015,19
usa_NC_0033_0005,21,-0.9888,0.2997,0.1193,313,1996-02-11,2015-12-16,38.0231,13,43.7684,19,-18.7872,5.6943,5.7453,24.5325,1996_2015,1996_2015,19
usa_NC_0033_0006,21,-1.0476,0.3034,0.1278,317,1996-02-11,2015-12-16,34.5077,13,39.5000,17,-19.9044,5.7646,4.9923,24.8967,1996_2015,1996_2015,19
usa_NC_0033_0007,21,-1.0150,0.3012,0.1235,314,1996-02-11,2015-12-16,34.3077,13,37.1667,15,-19.2850,5.7228,2.8590,22.1440,1996_2015,1996_2015,19
usa_NC_0033_0008,21,-1.0189,0.2827,0.1365,320,1996-02-11,2015-12-16,37.3769,13,37.5000,14,-19.3591,5.3713,0.1231,19.4822,1996_2015,1996_2015,19
usa_NC_0033_0009,21,-0.8625,0.2825,0.1019,320,1996-02-11,2015-12-16,40.6231,13,38.9385,13,-16.3875,5.3675,-1.6846,14.7029,1996_2015,1996_2015,19
usa_NC_0033_0010,21,-0.7566,0.2731,0.0849,322,1996-02-11,2015-12-16,41.9308,13,40.9500,14,-14.3754,5.1889,-0.9808,13.3946,1996_2015,1996_2015,19
usa_NC_0033_0011,21,-0.6942,0.2631,0.0775,323,1996-02-11,2015-12-16,37.6462,13,37.4400,15,-13.1898,4.9989,-0.2062,12.9836,1996_2015,1996_2015,19
usa_NC_0033_0012,21,-0.5989,0.2681,0.0566,324,1996-02-11,2015-12-16,37.1615,13,37.2294,17,-11.3791,5.0939,0.0679,11.4470,1996_2015,1996_2015,19
usa_NC_0033_0013,22,-0.6498,0.2754,0.0625,325,1996-02-11,2015-12-16,37.9769,13,37.3176,17,-12.3462,5.2326,-0.6593,11.6869,1996_2015,1996_2015,19
usa_NC_0033_0014,22,-0.7548,0.2736,0.0836,325,1996-02-11,2015-12-16,43.5077,13,38.8333,18,-14.3412,5.1984,-4.6744,9.6668,1996_2015,1996_2015,19
usa_NC_0033_0015,22,-0.6915,0.2584,0.0786,327,1996-02-11,2015-12-16,44.9231,13,40.3381,21,-13.1385,4.9096,-4.5850,8.5535,1996_2015,1996_2015,19
usa_NC_0033_0016,22,-0.7248,0.2500,0.0912,326,1996-02-11,2015-12-16,44.9308,13,38.5217,23,-13.7712,4.7500,-6.4090,7.3622,1996_2015,1996_2015,19
usa_NC_0033_0017,22,-0.8324,0.2530,0.1174,317,1996-02-11,2015-12-16,48.3077,13,38.5870,23,-15.8156,4.8070,-9.7207,6.0949,1996_2015,1996_2015,19
usa_NC_0033_0018,22,-0.8564,0.2433,0.1315,319,1996-02-11,2015-12-16,49.4846,13,38.9739,23,-16.2716,4.6227,-10.5107,5.7609,1996_2015,1996_2015,19
usa_NC_0033_0019,22,-0.9606,0.2253,0.1850,312,1996-02-11,2015-12-16,48.9769,13,35.9478,23,-18.2514,4.2807,-13.0291,5.2223,1996_2015,1996_2015,19
usa_NC_0033_0020,22,-1.0834,0.2246,0.2223,317,1996-02-11,2015-12-16,50.9615,13,36.5083,24,-20.5846,4.2674,-14.4532,6.1314,1996_2015,1996_2015,19
usa_NC_0033_0021,22,-1.2151,0.2234,0.2679,315,1996-02-11,2015-12-16,52.1385,13,36.0522,23,-23.0869,4.2446,-16.0863,7.0006,1996_2015,1996_2015,19
usa_NC_0033_0022,22,-1.4055,0.2279,0.3144,323,1996-02-11,2015-12-16,56.7154,13,35.7826,23,-26.7045,4.3301,-20.9328,5.7717,1996_2015,1996_2015,19
usa_NC_0033_0023,23,-1.5746,0.2346,0.3557,318,1996-02-11,2015-12-16,65.0846,13,40.9476,21,-29.9174,4.4574,-24.1370,5.7804,1996_2015,1996_2015,19
usa_NC_0033_0024,23,-1.6350,0.2432,0.3549,320,1996-02-11,2015-12-16,71.8538,13,45.1850,20,-31.0650,4.6208,-26.6688,4.3962,1996_2015,1996_2015,19
usa_NC_0033_0025,23,-1.6934,0.2497,0.3539,327,1996-02-11,2015-12-16,76.4538,13,44.8167,18,-32.1746,4.7443,-31.6372,0.5374,1996_2015,1996_2015,19
usa_NC_0033_0026,23,-1.8478,0.2595,0.3757,328,1996-02-11,2015-12-16,77.7385,13,40.7867,15,-35.1082,4.9305,-36.9518,-1.8436,1996_2015,1996_2015,19
usa_NC_0033_0027,23,-2.0309,0.2697,0.3993,332,1996-02-11,2015-12-16,78.6923,13,35.1929,14,-38.5871,5.1243,-43.4995,-4.9124,1996_2015,1996_2015,19
usa_NC_0033_0028,23,-2.0515,0.2807,0.3837,334,1996-02-11,2015-12-16,79.2077,13,33.8231,13,-38.9785,5.3333,-45.3846,-6.4061,1996_2015,1996_2015,19
usa_NC_0033_0029,23,-2.1861,0.2731,0.4298,331,1996-02-11,2015-12-16,102.5154,13,54.8615,13,-41.5359,5.1889,-47.6538,-6.1179,1996_2015,1996_2015,19
usa_NC_0033_0030,23,-2.3497,0.2772,0.4535,337,1996-02-11,2015-12-16,97.5923,13,48.8800,15,-44.6443,5.2668,-48.7123,-4.0680,1996_2015,1996_2015,19
usa_NC_0033_0031,23,-2.4845,0.2686,0.4971,337,1996-02-11,2015-12-16,96.3615,13,49.0437,16,-47.2055,5.1034,-47.3178,-0.1123,1996_2015,1996_2015,19
usa_NC_0033_0032,23,-2.5964,0.2597,0.5329,341,1996-02-11,2015-12-16,99.1692,13,54.0765,17,-49.3316,4.9343,-45.0928,4.2388,1996_2015,1996_2015,19
usa_NC_0033_0033,24,-2.8418,0.2723,0.5491,348,1996-02-11,2015-12-16,99.8000,13,52.8278,18,-53.9942,5.1737,-46.9722,7.0220,1996_2015,1996_2015,19
usa_NC_0033_0034,24,-3.0782,0.2832,0.5714,345,1996-02-11,2015-12-16,93.9462,13,47.8684,19,-58.4858,5.3808,-46.0777,12.4081,1996_2015,1996_2015,19
usa_NC_0033_0035,24,-3.2623,0.2819,0.6017,345,1996-02-11,2015-12-16,93.9308,13,46.2571,21,-61.9837,5.3561,-47.6736,14.3101,1996_2015,1996_2015,19
usa_NC_0033_0036,24,-3.3083,0.2830,0.6079,343,1996-02-11,2015-12-16,93.8231,13,46.5609,23,-62.8577,5.3770,-47.2622,15.5955,1996_2015,1996_2015,19
usa_NC_0033_0037,24,-3.4526,0.2809,0.6370,335,1996-02-11,2015-12-16,95.8769,13,48.9652,23,-65.5994,5.3371,-46.9117,18.6877,1996_2015,1996_2015,19
usa_NC_0033_0038,24,-3.4572,0.2937,0.6198,331,1996-02-11,2015-12-16,97.2538,13,49.8522,23,-65.6868,5.5803,-47.4017,18.2851,1996_2015,1996_2015,19
usa_NC_0033_0039,24,-3.4807,0.2923,0.6259,330,1996-02-11,2015-12-16,84.7615,13,37.9500,24,-66.1333,5.5537,-46.8115,19.3218,1996_2015,1996_2015,19
usa_NC_0033_0040,24,-3.5096,0.2756,0.6546,333,1996-02-11,2015-12-16,88.5846,13,39.1478,23,-66.6824,5.2364,-49.4368,17.2456,1996_2015,1996_2015,19
usa_NC_0033_0041,24,-3.5794,0.2799,0.6545,336,1996-02-11,2015-12-16,84.6000,13,34.4087,23,-68.0086,5.3181,-50.1913,17.8173,1996_2015,1996_2015,19
usa_NC_0033_0042,24,-3.5622,0.2757,0.6592,336,1996-02-11,2015-12-16,97.8769,13,49.8905,21,-67.6818,5.2383,-47.9864,19.6954,1996_2015,1996_2015,19
usa_NC_0033_0043,25,-3.6065,0.2787,0.6674,325,1996-02-11,2015-12-16,91.4154,13,43.5286,21,-68.5235,5.2953,-47.8868,20.6367,1996_2015,1996_2015,19
usa_NC_0033_0044,25,-3.6343,0.2775,0.6666,334,1996-02-11,2015-12-16,102.4077,13,54.5444,18,-69.0517,5.2725,-47.8632,21.1885,1996_2015,1996_2015,19
usa_NC_0033_0045,25,-3.7875,0.2936,0.6584,336,1996-02-11,2015-12-16,95.6000,13,46.5250,16,-71.9625,5.5784,-49.0750,22.8875,1996_2015,1996_2015,19
usa_NC_0033_0046,25,-3.9135,0.3089,0.6510,335,1996-02-11,2015-12-16,100.3308,13,50.3214,14,-74.3565,5.8691,-50.0093,24.3472,1996_2015,1996_2015,19
usa_NC_0033_0047,25,-3.9093,0.3014,0.6602,337,1996-02-11,2015-12-16,100.3154,13,50.5714,14,-74.2767,5.7266,-49.7440,24.5327,1996_2015,1996_2015,19
usa_NC_0033_0048,25,-3.9885,0.3131,0.6487,342,1996-02-11,2015-12-16,100.7538,13,50.9154,13,-75.7815,5.9489,-49.8385,25.9430,1996_2015,1996_2015,19
usa_NC_0033_0049,25,-3.7712,0.3147,0.6211,341,1996-02-11,2015-12-16,100.1846,13,55.4467,15,-71.6528,5.9793,-44.7379,26.9149,1996_2015,1996_2015,19
usa_NC_0033_0050,25,-3.6410,0.3178,0.5961,346,1996-02-11,2015-12-16,103.8615,13,62.1467,15,-69.1790,6.0382,-41.7149,27.4641,1996_2015,1996_2015,19
usa_NC_0033_0051,25,-3.4215,0.3260,0.5541,345,1996-02-11,2015-12-16,97.1923,13,57.9444,18,-65.0085,6.1940,-39.2479,25.7606,1996_2015,1996_2015,19
usa_NC_0033_0052,25,-3.2297,0.3194,0.5401,339,1996-02-11,2015-12-16,99.1154,13,59.8588,17,-61.3643,6.0686,-39.2566,22.1077,1996_2015,1996_2015,19
usa_NC_0033_0053,26,-3.1396,0.3140,0.5330,341,1996-02-11,2015-12-16,94.1077,13,51.7444,18,-59.6524,5.9660,-42.3632,17.2892,1996_2015,1996_2015,19
usa_NC_0033_0054,26,-3.0041,0.3037,0.5225,348,1996-02-11,2015-12-16,91.0154,13,49.3238,21,-57.0779,5.7703,-41.6916,15.3863,1996_2015,1996_2015,19
usa_NC_0033_0055,26,-2.8809,0.3031,0.5076,341,1996-02-11,2015-12-16,82.0077,13,39.7391,23,-54.7371,5.7589,-42.2686,12.4685,1996_2015,1996_2015,19
usa_NC_0033_0056,26,-2.7752,0.3015,0.4946,337,1996-02-11,2015-12-16,78.6231,13,36.1739,23,-52.7288,5.7285,-42.4492,10.2796,1996_2015,1996_2015,19
usa_NC_0033_0057,26,-2.4771,0.3034,0.4380,333,1996-02-11,2015-12-16,75.0385,13,36.6957,23,-47.0649,5.7646,-38.3428,8.7221,1996_2015,1996_2015,19
usa_NC_0033_0058,26,-2.1651,0.2938,0.3928,327,1996-02-11,2015-12-16,72.5154,13,39.0565,23,-41.1369,5.5822,-33.4589,7.6780,1996_2015,1996_2015,19
usa_NC_0033_0059,26,-1.7596,0.3013,0.2888,327,1996-02-11,2015-12-16,53.2462,13,27.0958,24,-33.4324,5.7247,-26.1503,7.2821,1996_2015,1996_2015,19
usa_NC_0033_0060,26,-1.5349,0.3017,0.2351,328,1996-02-11,2015-12-16,69.6154,13,42.6217,23,-29.1631,5.7323,-26.9936,2.1695,1996_2015,1996_2015,19
usa_NC_0033_0061,26,-1.0447,0.2867,0.1358,329,1996-02-11,2015-12-16,55.8462,13,35.9182,22,-19.8493,5.4473,-19.9280,-0.0787,1996_2015,1996_2015,19
usa_NC_0033_0062,26,-0.6748,0.2824,0.0642,324,1996-02-11,2015-12-16,49.4231,13,35.7190,21,-12.8212,5.3656,-13.7040,-0.8828,1996_2015,1996_2015,19
usa_NC_0033_0064,27,0.0786,0.2692,0.0010,334,1996-02-11,2015-12-16,41.3462,13,33.1647,17,1.4934,5.1148,-8.1814,-9.6748,1996_2015,1996_2015,19
usa_NC_0033_0065,27,0.3483,0.2915,0.0164,333,1996-02-11,2015-12-16,42.6462,13,33.8857,14,6.6177,5.5385,-8.7604,-15.3781,1996_2015,1996_2015,19
usa_NC_0033_0066,27,0.6463,0.3142,0.0471,333,1996-02-11,2015-12-16,38.3846,13,30.4071,14,12.2797,5.9698,-7.9775,-20.2572,1996_2015,1996_2015,19
usa_NC_0033_0067,27,0.8816,0.3113,0.0843,339,1996-02-11,2015-12-16,37.8923,13,32.2692,13,16.7504,5.9147,-5.6231,-22.3735,1996_2015,1996_2015,19
usa_NC_0033_0068,27,1.0526,0.3107,0.1170,337,1996-02-11,2015-12-16,33.7615,13,32.1857,14,19.9994,5.9033,-1.5758,-21.5752,1996_2015,1996_2015,19
usa_NC_0033_0069,27,1.0571,0.3197,0.1118,338,1996-02-11,2015-12-16,31.3231,13,33.6400,15,20.0849,6.0743,2.3169,-17.7680,1996_2015,1996_2015,19
usa_NC_0033_0070,27,1.0576,0.3310,0.1041,342,1996-02-11,2015-12-16,23.2462,13,28.0722,18,20.0944,6.2890,4.8261,-15.2683,1996_2015,1996_2015,19
usa_NC_0033_0071,27,1.1728,0.3338,0.1248,337,1996-02-11,2015-12-16,25.4167,12,30.0944,18,22.2832,6.3422,4.6778,-17.6054,1996_2015,1996_2015,19
usa_NC_0033_0072,27,1.3578,0.3275,0.1665,335,1996-02-11,2015-12-16,17.5692,13,29.5611,18,25.7982,6.2225,11.9919,-13.8063,1996_2015,1996_2015,19
usa_NC_0033_0073,27,1.4801,0.3129,0.1979,353,1996-02-11,2015-12-16,13.2615,13,34.9000,21,28.1219,5.9451,21.6385,-6.4834,1996_2015,1996_2015,19
usa_NC_0033_0074,28,1.4809,0.3042,0.2114,344,1996-02-11,2015-12-16,11.2231,13,37.1455,22,28.1371,5.7798,25.9224,-2.2147,1996_2015,1996_2015,19
usa_NC_0033_0075,28,1.5255,0.3013,0.2253,343,1996-02-11,2015-12-16,10.0923,13,38.2913,23,28.9845,5.7247,28.1990,-0.7855,1996_2015,1996_2015,19
usa_NC_0033_0076,28,1.5801,0.2919,0.2552,333,1996-02-11,2015-12-16,7.1692,13,39.3522,23,30.0219,5.5461,32.1829,2.1610,1996_2015,1996_2015,19
usa_NC_0033_0077,28,1.5671,0.2911,0.2524,334,1996-02-11,2015-12-16,8.2846,13,40.5826,23,29.7749,5.5309,32.2980,2.5231,1996_2015,1996_2015,19
usa_NC_0033_0078,28,1.6162,0.2916,0.2636,334,1996-02-11,2015-12-16,11.1308,13,46.4958,24,30.7078,5.5404,35.3651,4.6573,1996_2015,1996_2015,19
usa_NC_0033_0079,28,1.6848,0.3037,0.2617,338,1996-02-11,2015-12-16,9.9154,13,45.2522,23,32.0112,5.7703,35.3368,3.3256,1996_2015,1996_2015,19
usa_NC_0033_0080,28,1.6732,0.3132,0.2490,335,1996-02-11,2015-12-16,3.8000,13,39.6130,23,31.7908,5.9508,35.8130,4.0222,1996_2015,1996_2015,19
usa_NC_0033_0081,28,1.6429,0.3365,0.2169,335,1996-02-11,2015-12-16,3.5692,13,40.3190,21,31.2151,6.3935,36.7498,5.5347,1996_2015,1996_2015,19
usa_NC_0033_0082,28,1.6089,0.3411,0.2049,336,1996-02-11,2015-12-16,5.5615,13,43.9350,20,30.5691,6.4809,38.3735,7.8044,1996_2015,1996_2015,19
usa_NC_0033_0083,28,1.8290,0.3397,0.2465,345,1996-02-11,2015-12-16,8.4846,13,48.9389,18,34.7510,6.4543,40.4543,5.7033,1996_2015,1996_2015,19
usa_NC_0033_0084,29,1.8363,0.3554,0.2335,341,1996-02-11,2015-12-16,3.3000,13,43.9933,15,34.8897,6.7526,40.6933,5.8036,1996_2015,1996_2015,19
usa_NC_0033_0085,29,1.9058,0.3682,0.2352,339,1996-02-11,2015-12-16,6.6077,13,49.8286,14,36.2102,6.9958,43.2209,7.0107,1996_2015,1996_2015,19
usa_NC_0033_0086,29,1.9314,0.3648,0.2386,348,1996-02-11,2015-12-16,-3.0231,13,45.1071,14,36.6966,6.9312,48.1302,11.4336,1996_2015,1996_2015,19
usa_NC_0033_0087,29,1.8885,0.3630,0.2349,343,1996-02-11,2015-12-16,-11.4385,13,40.1846,13,35.8815,6.8970,51.6231,15.7416,1996_2015,1996_2015,19
usa_NC_0033_0088,29,1.7628,0.3485,0.2224,348,1996-02-11,2015-12-16,0.6846,13,54.2533,15,33.4932,6.6215,53.5687,20.0755,1996_2015,1996_2015,19
usa_NC_0033_0089,29,1.6761,0.3451,0.2101,345,1996-02-11,2015-12-16,6.5077,13,63.1250,16,31.8459,6.5569,56.6173,24.7714,1996_2015,1996_2015,19
usa_NC_0033_0090,29,1.6624,0.3289,0.2232,346,1996-02-11,2015-12-16,8.4615,13,66.7235,17,31.5856,6.2491,58.2620,26.6764,1996_2015,1996_2015,19
usa_NC_0033_0091,29,1.6602,0.3279,0.2248,344,1996-02-11,2015-12-16,6.5077,13,63.8333,18,31.5438,6.2301,57.3256,25.7818,1996_2015,1996_2015,19
usa_NC_0033_0092,29,1.5959,0.3061,0.2325,349,1996-02-11,2015-12-16,12.8923,13,67.3476,21,30.3221,5.8159,54.4553,24.1332,1996_2015,1996_2015,19
usa_NC_0033_0093,29,1.5904,0.3012,0.2360,351,1996-02-11,2015-12-16,24.1462,13,75.8905,21,30.2176,5.7228,51.7443,21.5267,1996_2015,1996_2015,19
usa_NC_0033_0094,30,1.5907,0.2946,0.2486,343,1996-02-11,2015-12-16,27.0385,13,75.3909,22,30.2233,5.5974,48.3524,18.1291,1996_2015,1996_2015,19
usa_NC_0033_0095,30,1.5326,0.2892,0.2433,340,1996-02-11,2015-12-16,41.2154,13,85.6455,22,29.1194,5.4948,44.4301,15.3107,1996_2015,1996_2015,19
usa_NC_0033_0096,30,1.6938,0.2935,0.2778,337,1996-02-11,2015-12-16,31.0923,13,77.8455,22,32.1822,5.5765,46.7531,14.5709,1996_2015,1996_2015,19
usa_NC_0033_0097,30,1.8138,0.2858,0.3194,334,1996-02-11,2015-12-16,37.7692,13,85.5636,22,34.4622,5.4302,47.7944,13.3322,1996_2015,1996_2015,19
usa_NC_0033_0098,30,2.0432,0.2851,0.3744,334,1996-02-11,2015-12-16,30.4385,13,78.0043,23,38.8208,5.4169,47.5659,8.7451,1996_2015,1996_2015,19
usa_NC_0033_0099,30,2.1573,0.2873,0.3965,334,1996-02-11,2015-12-16,38.9000,13,83.7000,22,40.9887,5.4587,44.8000,3.8113,1996_2015,1996_2015,19
usa_NC_0033_0100,30,2.2623,0.2936,0.4098,333,1996-02-11,2015-12-16,44.8167,12,88.3286,21,42.9837,5.5784,43.5119,0.5282,1996_2015,1996_2015,19
usa_NC_0033_0101,30,2.4593,0.3009,0.4407,330,1996-02-11,2015-12-16,43.4000,12,87.7150,20,46.7267,5.7171,44.3150,-2.4117,1996_2015,1996_2015,19
usa_NC_0033_0102,30,2.8031,0.3038,0.4959,337,1996-02-11,2015-12-16,39.4167,12,83.8882,17,53.2589,5.7722,44.4716,-8.7873,1996_2015,1996_2015,19
usa_NC_0033_0103,30,2.8946,0.3154,0.4902,341,1996-02-11,2015-12-16,42.4167,12,86.1933,15,54.9974,5.9926,43.7767,-11.2207,1996_2015,1996_2015,19
usa_NC_0033_0104,31,2.9546,0.3152,0.4949,349,1996-02-11,2015-12-16,54.4583,12,96.4214,14,56.1374,5.9888,41.9631,-14.1743,1996_2015,1996_2015,19
usa_NC_0033_0105,31,3.1158,0.3116,0.5300,345,1996-02-11,2015-12-16,47.3083,12,88.7357,14,59.2002,5.9204,41.4274,-17.7728,1996_2015,1996_2015,19
usa_NC_0033_0106,31,3.1223,0.3156,0.5203,351,1996-02-11,2015-12-16,46.2667,12,83.0286,14,59.3237,5.9964,36.7619,-22.5618,1996_2015,1996_2015,19
usa_NC_0033_0107,31,3.0971,0.3223,0.5036,354,1996-02-11,2015-12-16,55.9333,12,87.3286,14,58.8449,6.1237,31.3952,-27.4497,1996_2015,1996_2015,19
usa_NC_0033_0108,31,3.0808,0.3261,0.4988,349,1996-02-11,2015-12-16,60.7250,12,87.9667,15,58.5352,6.1959,27.2417,-31.2935,1996_2015,1996_2015,19
usa_NC_0033_0109,31,3.0521,0.3250,0.5001,343,1996-02-11,2015-12-16,61.6917,12,84.1294,17,57.9899,6.1750,22.4377,-35.5522,1996_2015,1996_2015,19
usa_NC_0033_0110,31,3.0647,0.3323,0.4874,348,1996-02-11,2015-12-16,52.0167,12,72.7667,18,58.2293,6.3137,20.7500,-37.4793,1996_2015,1996_2015,19
usa_NC_0033_0111,31,3.0884,0.3336,0.4930,343,1996-02-11,2015-12-16,45.1167,12,64.1222,18,58.6796,6.3384,19.0056,-39.6740,1996_2015,1996_2015,19
usa_NC_0033_0112,31,2.9413,0.3211,0.4833,349,1996-02-11,2015-12-16,50.9333,12,66.3857,21,55.8847,6.1009,15.4524,-40.4323,1996_2015,1996_2015,19
usa_NC_0033_0113,31,2.6947,0.3260,0.4359,344,1996-02-11,2015-12-16,46.2917,12,61.5545,22,51.1993,6.1940,15.2629,-35.9364,1996_2015,1996_2015,19
usa_NC_0033_0114,31,2.4102,0.3229,0.3908,338,1996-02-11,2015-12-16,45.1417,12,59.4545,22,45.7938,6.1351,14.3129,-31.4809,1996_2015,1996_2015,19
usa_NC_0033_0115,32,2.1893,0.3208,0.3526,333,1996-02-11,2015-12-16,38.6917,12,52.4273,22,41.5967,6.0952,13.7356,-27.8611,1996_2015,1996_2015,19
usa_NC_0033_0116,32,2.0136,0.3066,0.3346,334,1996-02-11,2015-12-16,33.8000,12,47.3682,22,38.2584,5.8254,13.5682,-24.6902,1996_2015,1996_2015,19
usa_NC_0033_0117,32,1.7269,0.2844,0.2994,336,1996-02-11,2015-12-16,38.0462,13,50.9826,23,32.8111,5.4036,12.9365,-19.8746,1996_2015,1996_2015,19
usa_NC_0033_0118,32,1.4970,0.2868,0.2388,338,1996-02-11,2015-12-16,45.2308,13,55.2318,22,28.4430,5.4492,10.0010,-18.4420,1996_2015,1996_2015,19
usa_NC_0033_0119,32,1.2374,0.3029,0.1604,340,1996-02-11,2015-12-16,50.4923,13,59.2818,22,23.5106,5.7551,8.7895,-14.7211,1996_2015,1996_2015,19
usa_NC_0033_0120,32,1.1053,0.3177,0.1223,338,1996-02-11,2015-12-16,48.3538,13,58.9150,20,21.0007,6.0363,10.5612,-10.4395,1996_2015,1996_2015,19
usa_NC_0033_0121,32,1.1042,0.3265,0.1170,336,1996-02-11,2015-12-16,43.5385,13,57.5632,19,20.9798,6.2035,14.0247,-6.9551,1996_2015,1996_2015,19
usa_NC_0033_0122,32,1.1379,0.3447,0.1095,345,1996-02-11,2015-12-16,39.6308,13,54.5588,17,21.6201,6.5493,14.9281,-6.6920,1996_2015,1996_2015,19
usa_NC_0033_0123,32,1.0680,0.3521,0.0961,337,1996-02-11,2015-12-16,51.8385,13,63.7357,14,20.2920,6.6899,11.8973,-8.3947,1996_2015,1996_2015,19
usa_NC_0033_0124,32,0.8674,0.3513,0.0652,340,1996-02-11,2015-12-16,58.2667,12,69.2000,14,16.4806,6.6747,10.9333,-5.5473,1996_2015,1996_2015,19
usa_NC_0033_0125,33,0.8881,0.3426,0.0701,347,1996-02-11,2015-12-16,85.4333,12,94.0714,14,16.8739,6.5094,8.6381,-8.2358,1996_2015,1996_2015,19
usa_NC_0033_0126,33,0.8834,0.3363,0.0712,350,1996-02-11,2015-12-16,104.9000,12,116.0538,13,16.7846,6.3897,11.1538,-5.6308,1996_2015,1996_2015,19
usa_NC_0033_0127,33,0.6769,0.3406,0.0429,343,1996-02-11,2015-12-16,58.1833,12,70.7000,15,12.8611,6.4714,12.5167,-0.3444,1996_2015,1996_2015,19
usa_NC_0033_0128,33,0.6945,0.3343,0.0467,343,1996-02-11,2015-12-16,50.0250,12,63.7333,15,13.1955,6.3517,13.7083,0.5128,1996_2015,1996_2015,19
usa_NC_0033_0129,33,0.7963,0.3288,0.0614,349,1996-02-11,2015-12-16,43.8500,12,63.5833,18,15.1297,6.2472,19.7333,4.6036,1996_2015,1996_2015,19
usa_NC_0033_0130,33,0.8294,0.3387,0.0644,339,1996-02-11,2015-12-16,48.8417,12,65.4056,18,15.7586,6.4353,16.5639,0.8053,1996_2015,1996_2015,19
usa_NC_0033_0131,33,0.8147,0.3410,0.0613,340,1996-02-11,2015-12-16,59.1833,12,72.2667,18,15.4793,6.4790,13.0833,-2.3960,1996_2015,1996_2015,19
usa_NC_0033_0132,33,0.7279,0.3447,0.0476,347,1996-02-11,2015-12-16,61.7583,12,73.0550,20,13.8301,6.5493,11.2967,-2.5334,1996_2015,1996_2015,19
usa_NC_0033_0133,33,0.7046,0.3503,0.0440,342,1996-02-11,2015-12-16,63.9083,12,73.9238,21,13.3874,6.6557,10.0155,-3.3719,1996_2015,1996_2015,19
usa_NC_0033_0134,33,0.7093,0.3525,0.0451,334,1996-02-11,2015-12-16,67.9333,12,76.6905,21,13.4767,6.6975,8.7571,-4.7196,1996_2015,1996_2015,19
usa_NC_0033_0135,33,0.7435,0.3612,0.0472,333,1996-02-11,2015-12-16,63.2000,12,69.8143,21,14.1265,6.8628,6.6143,-7.5122,1996_2015,1996_2015,19
usa_NC_0033_0136,34,0.8014,0.3623,0.0544,331,1996-02-11,2015-12-16,64.7667,12,70.7857,21,15.2266,6.8837,6.0190,-9.2076,1996_2015,1996_2015,19
usa_NC_0033_0137,34,0.8270,0.3630,0.0577,330,1996-02-11,2015-12-16,70.6000,12,75.5818,22,15.7130,6.8970,4.9818,-10.7312,1996_2015,1996_2015,19
usa_NC_0033_0138,34,0.8354,0.3549,0.0616,329,1996-02-11,2015-12-16,71.4167,12,73.0476,21,15.8726,6.7431,1.6310,-14.2416,1996_2015,1996_2015,19
usa_NC_0033_0139,34,0.7291,0.3447,0.0501,330,1996-02-11,2015-12-16,73.3750,12,71.9238,21,13.8529,6.5493,-1.4512,-15.3041,1996_2015,1996_2015,19
usa_NC_0033_0140,34,0.6032,0.3375,0.0363,330,1996-02-11,2015-12-16,77.9500,12,77.0684,19,11.4608,6.4125,-0.8816,-12.3424,1996_2015,1996_2015,19
usa_NC_0033_0141,34,0.4913,0.3265,0.0256,335,1996-02-11,2015-12-16,85.0750,12,79.7111,18,9.3347,6.2035,-5.3639,-14.6986,1996_2015,1996_2015,19
usa_NC_0033_0142,34,0.2116,0.3351,0.0046,335,1996-02-11,2015-12-16,85.6250,12,73.9333,15,4.0204,6.3669,-11.6917,-15.7121,1996_2015,1996_2015,19
usa_NC_0033_0143,34,-0.0795,0.3400,0.0006,335,1996-02-11,2015-12-16,84.4000,12,71.0714,14,-1.5105,6.4600,-13.3286,-11.8181,1996_2015,1996_2015,19
usa_NC_0033_0144,34,-0.2138,0.3460,0.0044,340,1996-02-11,2015-12-16,81.3250,12,65.8714,14,-4.0622,6.5740,-15.4536,-11.3914,1996_2015,1996_2015,19
usa_NC_0033_0145,34,-0.3021,0.3570,0.0080,345,1996-02-11,2015-12-16,77.5083,12,65.0429,14,-5.7399,6.7830,-12.4655,-6.7256,1996_2015,1996_2015,19
usa_NC_0033_0146,35,-0.5097,0.3646,0.0215,346,1996-02-11,2015-12-16,77.1385,13,62.7071,14,-9.6843,6.9274,-14.4313,-4.7470,1996_2015,1996_2015,19
usa_NC_0033_0147,35,-0.6804,0.3651,0.0377,345,1996-02-11,2015-12-16,80.7154,13,61.4400,15,-12.9276,6.9369,-19.2754,-6.3478,1996_2015,1996_2015,19
usa_NC_0033_0148,35,-0.9442,0.3616,0.0722,341,1996-02-11,2015-12-16,86.5308,13,66.3937,16,-17.9398,6.8704,-20.1370,-2.1972,1996_2015,1996_2015,19
usa_NC_0033_0149,35,-1.1518,0.3486,0.1111,340,1996-02-11,2015-12-16,89.2615,13,65.2471,17,-21.8842,6.6234,-24.0145,-2.1303,1996_2015,1996_2015,19
usa_NC_0033_0150,35,-1.3862,0.3451,0.1587,333,1996-02-11,2015-12-16,88.8462,13,63.2176,17,-26.3378,6.5569,-25.6285,0.7093,1996_2015,1996_2015,19
usa_NC_0033_0151,35,-1.6310,0.3449,0.2043,339,1996-02-11,2015-12-16,89.9846,13,63.4278,18,-30.9890,6.5531,-26.5568,4.4322,1996_2015,1996_2015,19
usa_NC_0033_0152,35,-1.7799,0.3448,0.2316,344,1996-02-11,2015-12-16,85.8385,13,57.4550,20,-33.8181,6.5512,-28.3835,5.4346,1996_2015,1996_2015,19
usa_NC_0033_0153,35,-1.8754,0.3518,0.2449,341,1996-02-11,2015-12-16,83.1462,13,56.7714,21,-35.6326,6.6842,-26.3747,9.2579,1996_2015,1996_2015,19
usa_NC_0033_0154,35,-1.8689,0.3518,0.2475,334,1996-02-11,2015-12-16,78.4538,13,53.0000,21,-35.5091,6.6842,-25.4538,10.0553,1996_2015,1996_2015,19
usa_NC_0033_0155,35,-1.8623,0.3551,0.2479,325,1996-02-11,2015-12-16,78.8385,13,53.9571,21,-35.3837,6.7469,-24.8813,10.5024,1996_2015,1996_2015,19
usa_NC_0033_0156,35,-1.7691,0.3569,0.2231,333,1996-02-11,2015-12-16,77.7308,13,58.4500,22,-33.6129,6.7811,-19.2808,14.3321,1996_2015,1996_2015,19
usa_NC_0033_0157,36,-1.7985,0.3557,0.2301,333,1996-02-11,2015-12-16,75.3462,13,53.9636,22,-34.1715,6.7583,-21.3825,12.7890,1996_2015,1996_2015,19
usa_NC_0033_0158,36,-1.7921,0.3676,0.2154,337,1996-02-11,2015-12-16,76.8692,13,52.3636,22,-34.0499,6.9844,-24.5056,9.5443,1996_2015,1996_2015,19
usa_NC_0033_0159,36,-1.9397,0.3692,0.2423,336,1996-02-11,2015-12-16,77.3000,13,52.6000,20,-36.8543,7.0148,-24.7000,12.1543,1996_2015,1996_2015,19
usa_NC_0033_0160,36,-1.8889,0.3582,0.2459,332,1996-02-11,2015-12-16,80.2923,13,51.1350,20,-35.8891,6.8058,-29.1573,6.7318,1996_2015,1996_2015,19
usa_NC_0033_0161,36,-1.8127,0.3466,0.2368,343,1996-02-11,2015-12-16,83.4154,13,53.3889,18,-34.4413,6.5854,-30.0265,4.4148,1996_2015,1996_2015,19
usa_NC_0033_0162,36,-1.8754,0.3418,0.2552,342,1996-02-11,2015-12-16,77.6385,13,46.6187,16,-35.6326,6.4942,-31.0197,4.6129,1996_2015,1996_2015,19
usa_NC_0033_0163,36,-1.9594,0.3384,0.2779,339,1996-02-11,2015-12-16,82.9923,13,48.5571,14,-37.2286,6.4296,-34.4352,2.7934,1996_2015,1996_2015,19
usa_NC_0033_0164,36,-1.9399,0.3349,0.2769,341,1996-02-11,2015-12-16,80.0077,13,46.8071,14,-36.8581,6.3631,-33.2005,3.6576,1996_2015,1996_2015,19
usa_NC_0033_0165,36,-1.9475,0.3288,0.2841,344,1996-02-11,2015-12-16,79.3077,13,47.6154,13,-37.0025,6.2472,-31.6923,5.3102,1996_2015,1996_2015,19
usa_NC_0033_0166,36,-1.9016,0.3210,0.2801,351,1996-02-11,2015-12-16,79.2769,13,48.1071,14,-36.1304,6.0990,-31.1698,4.9606,1996_2015,1996_2015,19
usa_NC_0033_0167,37,-1.9156,0.3260,0.2804,345,1996-02-11,2015-12-16,77.7692,13,47.9267,15,-36.3964,6.1940,-29.8426,6.5538,1996_2015,1996_2015,19
usa_NC_0033_0168,37,-1.6566,0.3294,0.2210,347,1996-02-11,2015-12-16,70.9083,12,46.3647,17,-31.4754,6.2586,-24.5436,6.9318,1996_2015,1996_2015,19
usa_NC_0033_0169,37,-1.4604,0.3316,0.1821,339,1996-02-11,2015-12-16,66.2364,11,44.6056,18,-27.7476,6.3004,-21.6308,6.1168,1996_2015,1996_2015,19
usa_NC_0033_0170,37,-1.3182,0.3204,0.1644,335,1996-02-11,2015-12-16,64.2545,11,42.3333,18,-25.0458,6.0876,-21.9212,3.1246,1996_2015,1996_2015,19
usa_NC_0033_0171,37,-1.1098,0.2982,0.1365,341,1996-02-11,2015-12-16,58.0091,11,37.5429,21,-21.0862,5.6658,-20.4662,0.6200,1996_2015,1996_2015,19
usa_NC_0033_0172,37,-0.9588,0.2994,0.1059,337,1996-02-11,2015-12-16,57.0091,11,37.9087,23,-18.2172,5.6886,-19.1004,-0.8832,1996_2015,1996_2015,19
usa_NC_0033_0173,37,-0.7797,0.3089,0.0683,338,1996-02-11,2015-12-16,54.6455,11,39.0957,23,-14.8143,5.8691,-15.5498,-0.7355,1996_2015,1996_2015,19
usa_NC_0033_0174,37,-0.6603,0.3138,0.0494,332,1996-02-11,2015-12-16,56.2091,11,43.8652,23,-12.5457,5.9622,-12.3439,0.2018,1996_2015,1996_2015,19
usa_NC_0033_0175,37,-0.5541,0.3179,0.0350,326,1996-02-11,2015-12-16,48.1364,11,36.8609,23,-10.5279,6.0401,-11.2755,-0.7476,1996_2015,1996_2015,19
usa_NC_0033_0176,37,-0.3642,0.3164,0.0152,334,1996-02-11,2015-12-16,61.2455,11,52.0125,24,-6.9198,6.0116,-9.2330,-2.3132,1996_2015,1996_2015,19
usa_NC_0033_0177,37,-0.2965,0.3148,0.0103,333,1996-02-11,2015-12-16,48.2273,11,38.6739,23,-5.6335,5.9812,-9.5534,-3.9199,1996_2015,1996_2015,19
usa_NC_0033_0178,38,-0.3186,0.3155,0.0120,327,1996-02-11,2015-12-16,44.3091,11,34.8043,23,-6.0534,5.9945,-9.5047,-3.4513,1996_2015,1996_2015,19
usa_NC_0033_0179,38,-0.3653,0.3119,0.0159,331,1996-02-11,2015-12-16,45.8000,11,35.7905,21,-6.9407,5.9261,-10.0095,-3.0688,1996_2015,1996_2015,19
usa_NC_0033_0180,38,-0.3142,0.3142,0.0117,328,1996-02-11,2015-12-16,48.8545,11,37.8200,20,-5.9698,5.9698,-11.0345,-5.0647,1996_2015,1996_2015,19
usa_NC_0033_0181,38,-0.2189,0.3142,0.0055,340,1996-02-11,2015-12-16,47.7636,11,36.8667,18,-4.1591,5.9698,-10.8970,-6.7379,1996_2015,1996_2015,19
usa_NC_0033_0182,38,-0.2054,0.3245,0.0046,336,1996-02-11,2015-12-16,49.3364,11,38.2600,15,-3.9026,6.1655,-11.0764,-7.1738,1996_2015,1996_2015,19
usa_NC_0033_0183,38,-0.2786,0.3195,0.0088,335,1996-02-11,2015-12-16,45.2818,11,34.3571,14,-5.2934,6.0705,-10.9247,-5.6313,1996_2015,1996_2015,19
usa_NC_0033_0184,38,-0.2146,0.3324,0.0048,339,1996-02-11,2015-12-16,46.5455,11,36.4846,13,-4.0774,6.3156,-10.0608,-5.9834,1996_2015,1996_2015,19
usa_NC_0033_0185,38,-0.1397,0.3375,0.0019,345,1996-02-11,2015-12-16,42.6909,11,36.6615,13,-2.6543,6.4125,-6.0294,-3.3751,1996_2015,1996_2015,19
usa_NC_0033_0186,38,-0.2249,0.3318,0.0052,343,1996-02-11,2015-12-16,42.4909,11,36.3071,14,-4.2731,6.3042,-6.1838,-1.9107,1996_2015,1996_2015,19
usa_NC_0033_0187,38,-0.4222,0.3287,0.0185,341,1996-02-11,2015-12-16,41.4000,12,32.1250,16,-8.0218,6.2453,-9.2750,-1.2532,1996_2015,1996_2015,19
usa_NC_0033_0188,39,-0.4767,0.3279,0.0235,342,1996-02-11,2015-12-16,41.4667,12,33.3625,16,-9.0573,6.2301,-8.1042,0.9531,1996_2015,1996_2015,19
usa_NC_0033_0189,39,-0.5762,0.3272,0.0342,341,1996-02-11,2015-12-16,40.3500,12,32.8882,17,-10.9478,6.2168,-7.4618,3.4860,1996_2015,1996_2015,19
usa_NC_0033_0190,39,-0.5546,0.3232,0.0329,337,1996-02-11,2015-12-16,40.3167,12,34.9647,17,-10.5374,6.1408,-5.3520,5.1854,1996_2015,1996_2015,19
usa_NC_0033_0191,39,-0.5540,0.3070,0.0355,344,1996-02-11,2015-12-16,41.9500,12,36.2650,20,-10.5260,5.8330,-5.6850,4.8410,1996_2015,1996_2015,19
usa_NC_0033_0192,39,-0.6103,0.2890,0.0478,346,1996-02-11,2015-12-16,42.4083,12,39.0136,22,-11.5957,5.4910,-3.3947,8.2010,1996_2015,1996_2015,19
usa_NC_0033_0193,39,-0.5662,0.2897,0.0419,340,1996-02-11,2015-12-16,43.4250,12,43.2273,22,-10.7578,5.5043,-0.1977,10.5601,1996_2015,1996_2015,19
usa_NC_0033_0194,39,-0.6026,0.2823,0.0499,338,1996-02-11,2015-12-16,40.3333,12,40.0591,22,-11.4494,5.3637,-0.2742,11.1752,1996_2015,1996_2015,19
usa_NC_0033_0195,39,-0.4968,0.2732,0.0373,332,1996-02-11,2015-12-16,40.0750,12,41.8545,22,-9.4392,5.1908,1.7795,11.2187,1996_2015,1996_2015,19
usa_NC_0033_0196,39,-0.3794,0.2765,0.0214,335,1996-02-11,2015-12-16,38.7750,12,41.1696,23,-7.2086,5.2535,2.3946,9.6032,1996_2015,1996_2015,19
usa_NC_0033_0197,39,-0.3460,0.2682,0.0187,339,1996-02-11,2015-12-16,42.4417,12,43.8273,22,-6.5740,5.0958,1.3856,7.9596,1996_2015,1996_2015,19
usa_NC_0033_0198,40,-0.2943,0.2577,0.0148,337,1996-02-11,2015-12-16,43.2750,12,44.2545,22,-5.5917,4.8963,0.9795,6.5712,1996_2015,1996_2015,19
usa_NC_0033_0199,40,-0.2853,0.2635,0.0136,332,1996-02-11,2015-12-16,44.1667,12,43.6381,21,-5.4207,5.0065,-0.5286,4.8921,1996_2015,1996_2015,19
usa_NC_0033_0200,40,-0.0472,0.2613,0.0004,334,1996-02-11,2015-12-16,43.3250,12,45.3000,20,-0.8968,4.9647,1.9750,2.8718,1996_2015,1996_2015,19
usa_NC_0033_0201,40,0.0769,0.2580,0.0010,338,1996-02-11,2015-12-16,45.1083,12,48.2000,18,1.4611,4.9020,3.0917,1.6306,1996_2015,1996_2015,19
usa_NC_0033_0202,40,0.0276,0.2713,0.0001,345,1996-02-11,2015-12-16,44.8000,12,44.8438,16,0.5244,5.1547,0.0437,-0.4807,1996_2015,1996_2015,19
usa_NC_0033_0203,40,0.0770,0.2794,0.0009,342,1996-02-11,2015-12-16,50.9750,12,50.9643,14,1.4630,5.3086,-0.0107,-1.4737,1996_2015,1996_2015,19
usa_NC_0033_0204,40,0.1078,0.2995,0.0015,346,1996-02-11,2015-12-16,48.9000,12,47.3000,14,2.0482,5.6905,-1.6000,-3.6482,1996_2015,1996_2015,19
usa_NC_0033_0205,40,0.1426,0.2839,0.0028,345,1996-02-11,2015-12-16,50.3583,12,49.8154,13,2.7094,5.3941,-0.5429,-3.2523,1996_2015,1996_2015,19
usa_NC_0033_0206,40,0.2748,0.2871,0.0103,344,1996-02-11,2015-12-16,48.0500,12,47.2500,14,5.2212,5.4549,-0.8000,-6.0212,1996_2015,1996_2015,19
usa_NC_0033_0207,40,0.3684,0.2884,0.0179,349,1996-02-11,2015-12-16,44.8333,12,43.4133,15,6.9996,5.4796,-1.4200,-8.4196,1996_2015,1996_2015,19
usa_NC_0033_0209,41,0.5791,0.3074,0.0389,341,1996-02-11,2015-12-16,48.8667,12,46.9937,16,11.0029,5.8406,-1.8729,-12.8758,1996_2015,1996_2015,19
usa_NC_0033_0210,41,0.7037,0.3079,0.0569,337,1996-02-11,2015-12-16,48.0750,12,46.2471,17,13.3703,5.8501,-1.8279,-15.1982,1996_2015,1996_2015,19
usa_NC_0033_0211,41,0.8114,0.3078,0.0729,344,1996-02-11,2015-12-16,41.3500,12,40.7600,20,15.4166,5.8482,-0.5900,-16.0066,1996_2015,1996_2015,19
usa_NC_0033_0212,41,0.7124,0.3118,0.0570,336,1996-02-11,2015-12-16,45.0750,12,45.2850,20,13.5356,5.9242,0.2100,-13.3256,1996_2015,1996_2015,19
usa_NC_0033_0213,41,0.6680,0.3134,0.0496,339,1996-02-11,2015-12-16,34.3250,12,33.2190,21,12.6920,5.9546,-1.1060,-13.7980,1996_2015,1996_2015,19
usa_NC_0033_0214,41,0.7174,0.3085,0.0585,339,1996-02-11,2015-12-16,37.3909,11,37.6667,21,13.6306,5.8615,0.2758,-13.3548,1996_2015,1996_2015,19
usa_NC_0033_0215,41,0.7834,0.2959,0.0762,331,1996-02-11,2015-12-16,38.6273,11,40.0500,22,14.8846,5.6221,1.4227,-13.4619,1996_2015,1996_2015,19
usa_NC_0033_0216,41,0.9246,0.2843,0.1100,333,1996-02-11,2015-12-16,42.7909,11,46.8273,22,17.5674,5.4017,4.0364,-13.5310,1996_2015,1996_2015,19
usa_NC_0033_0217,41,0.9508,0.2661,0.1275,340,1996-02-11,2015-12-16,37.0727,11,42.4095,21,18.0652,5.0559,5.3368,-12.7284,1996_2015,1996_2015,19
usa_NC_0033_0218,41,0.9759,0.2613,0.1413,330,1996-02-11,2015-12-16,36.8000,11,43.2048,21,18.5421,4.9647,6.4048,-12.1373,1996_2015,1996_2015,19
usa_NC_0033_0219,42,0.9683,0.2676,0.1356,325,1996-02-11,2015-12-16,34.3455,11,42.9842,19,18.3977,5.0844,8.6388,-9.7589,1996_2015,1996_2015,19
usa_NC_0033_0220,42,1.1002,0.2748,0.1598,328,1996-02-11,2015-12-16,39.0909,11,48.0471,17,20.9038,5.2212,8.9561,-11.9477,1996_2015,1996_2015,19
usa_NC_0033_0221,42,1.1281,0.2706,0.1672,337,1996-02-11,2015-12-16,31.7182,11,41.9937,16,21.4339,5.1414,10.2756,-11.1583,1996_2015,1996_2015,19
usa_NC_0033_0222,42,1.1394,0.2711,0.1708,334,1996-02-11,2015-12-16,41.8364,11,53.1154,13,21.6486,5.1509,11.2790,-10.3696,1996_2015,1996_2015,19
usa_NC_0033_0223,42,1.1957,0.2792,0.1739,339,1996-02-11,2015-12-16,31.4250,12,42.7385,13,22.7183,5.3048,11.3135,-11.4048,1996_2015,1996_2015,19
usa_NC_0033_0224,42,1.2156,0.2761,0.1834,336,1996-02-11,2015-12-16,30.8917,12,41.8833,12,23.0964,5.2459,10.9917,-12.1047,1996_2015,1996_2015,19
usa_NC_0033_0225,42,1.1661,0.2584,0.1891,340,1996-02-11,2015-12-16,31.9583,12,45.2417,12,22.1559,4.9096,13.2833,-8.8726,1996_2015,1996_2015,19
usa_NC_0033_0226,42,1.0205,0.2618,0.1455,347,1996-02-11,2015-12-16,23.4923,13,38.9214,14,19.3895,4.9742,15.4291,-3.9604,1996_2015,1996_2015,19
usa_NC_0033_0227,42,0.8789,0.2648,0.1108,344,1996-02-11,2015-12-16,22.6769,13,39.3800,15,16.6991,5.0312,16.7031,0.0040,1996_2015,1996_2015,19
usa_NC_0033_0228,42,0.8245,0.2721,0.0938,345,1996-02-11,2015-12-16,23.3769,13,42.6000,15,15.6655,5.1699,19.2231,3.5576,1996_2015,1996_2015,19
usa_NC_0033_0229,43,0.7670,0.2673,0.0859,341,1996-02-11,2015-12-16,30.5923,13,50.7437,16,14.5730,5.0787,20.1514,5.5784,1996_2015,1996_2015,19
usa_NC_0033_0230,43,0.7278,0.2614,0.0831,333,1996-02-11,2015-12-16,20.9231,13,41.5938,16,13.8282,4.9666,20.6707,6.8425,1996_2015,1996_2015,19
usa_NC_0033_0231,43,0.5020,0.2551,0.0428,337,1996-02-11,2015-12-16,21.9231,13,39.7368,19,9.5380,4.8469,17.8138,8.2758,1996_2015,1996_2015,19
usa_NC_0033_0232,43,0.4706,0.2500,0.0391,339,1996-02-11,2015-12-16,18.0846,13,37.5800,20,8.9414,4.7500,19.4954,10.5540,1996_2015,1996_2015,19
usa_NC_0033_0233,43,0.4840,0.2522,0.0409,336,1996-02-11,2015-12-16,17.9077,13,39.0050,20,9.1960,4.7918,21.0973,11.9013,1996_2015,1996_2015,19
usa_NC_0033_0234,43,0.6250,0.2541,0.0670,328,1996-02-11,2015-12-16,17.7154,13,38.1400,20,11.8750,4.8279,20.4246,8.5496,1996_2015,1996_2015,19
usa_NC_0033_0235,43,0.6683,0.2515,0.0763,333,1996-02-11,2015-12-16,15.9154,13,34.9476,21,12.6977,4.7785,19.0322,6.3345,1996_2015,1996_2015,19
usa_NC_0033_0236,43,0.7760,0.2597,0.0958,328,1996-02-11,2015-12-16,29.6846,13,48.7200,20,14.7440,4.9343,19.0354,4.2914,1996_2015,1996_2015,19
usa_NC_0033_0237,43,0.8210,0.2656,0.0999,335,1996-02-11,2015-12-16,25.0538,13,42.4700,20,15.5990,5.0464,17.4162,1.8172,1996_2015,1996_2015,19
usa_NC_0033_0238,43,0.6611,0.2700,0.0644,339,1996-02-11,2015-12-16,23.7308,13,41.7000,18,12.5609,5.1300,17.9692,5.4083,1996_2015,1996_2015,19
usa_NC_0033_0239,44,0.5892,0.2661,0.0553,326,1996-02-11,2015-12-16,29.3692,13,46.5000,18,11.1948,5.0559,17.1308,5.9360,1996_2015,1996_2015,19
usa_NC_0033_0240,44,0.5568,0.2645,0.0498,329,1996-02-11,2015-12-16,12.6846,13,28.8059,17,10.5792,5.0255,16.1213,5.5421,1996_2015,1996_2015,19
usa_NC_0033_0241,44,0.5015,0.2608,0.0407,339,1996-02-11,2015-12-16,17.2615,13,35.4938,16,9.5285,4.9552,18.2322,8.7037,1996_2015,1996_2015,19
usa_NC_0033_0242,44,0.4807,0.2661,0.0370,331,1996-02-11,2015-12-16,32.3462,13,53.1692,13,9.1333,5.0559,20.8231,11.6898,1996_2015,1996_2015,19
usa_NC_0033_0243,44,0.4423,0.2611,0.0326,332,1996-02-11,2015-12-16,23.7692,13,46.2615,13,8.4037,4.9609,22.4923,14.0886,1996_2015,1996_2015,19
usa_NC_0033_0244,44,0.5740,0.2606,0.0528,339,1996-02-11,2015-12-16,22.3385,13,47.7333,12,10.9060,4.9514,25.3949,14.4889,1996_2015,1996_2015,19
usa_NC_0033_0245,44,0.6122,0.2721,0.0551,338,1996-02-11,2015-12-16,22.6385,13,47.4462,13,11.6318,5.1699,24.8077,13.1759,1996_2015,1996_2015,19
usa_NC_0033_0246,44,0.5886,0.2847,0.0465,341,1996-02-11,2015-12-16,21.8538,13,45.1786,14,11.1834,5.4093,23.3247,12.1413,1996_2015,1996_2015,19
usa_NC_0033_0247,44,0.4449,0.2906,0.0261,341,1996-02-11,2015-12-16,19.5769,13,40.6533,15,8.4531,5.5214,21.0764,12.6233,1996_2015,1996_2015,19
usa_NC_0033_0248,44,0.3604,0.3008,0.0161,342,1996-02-11,2015-12-16,29.9769,13,50.0063,16,6.8476,5.7152,20.0293,13.1817,1996_2015,1996_2015,19
usa_NC_0033_0249,45,0.3575,0.3070,0.0156,334,1996-02-11,2015-12-16,23.7231,13,42.6750,16,6.7925,5.8330,18.9519,12.1594,1996_2015,1996_2015,19
usa_NC_0033_0250,45,0.1801,0.2948,0.0043,337,1996-02-11,2015-12-16,23.6462,13,38.9632,19,3.4219,5.6012,15.3170,11.8951,1996_2015,1996_2015,19
usa_NC_0033_0251,45,0.0211,0.2850,0.0001,336,1996-02-11,2015-12-16,29.6385,13,39.8750,20,0.4009,5.4150,10.2365,9.8356,1996_2015,1996_2015,19
usa_NC_0033_0252,45,-0.2045,0.2720,0.0065,339,1996-02-11,2015-12-16,30.8769,13,35.4619,21,-3.8855,5.1680,4.5850,8.4705,1996_2015,1996_2015,19
usa_NC_0033_0253,45,-0.3101,0.2725,0.0147,338,1996-02-11,2015-12-16,33.8385,13,37.6000,21,-5.8919,5.1775,3.7615,9.6534,1996_2015,1996_2015,19
usa_NC_0033_0254,45,-0.3949,0.2693,0.0245,333,1996-02-11,2015-12-16,37.7846,13,38.2238,21,-7.5031,5.1167,0.4392,7.9423,1996_2015,1996_2015,19
usa_NC_0033_0255,45,-0.4770,0.2642,0.0365,335,1996-02-11,2015-12-16,43.7231,13,39.0591,22,-9.0630,5.0198,-4.6640,4.3990,1996_2015,1996_2015,19
usa_NC_0033_0256,45,-0.5037,0.2561,0.0423,341,1996-02-11,2015-12-16,42.1923,13,31.5000,21,-9.5703,4.8659,-10.6923,-1.1220,1996_2015,1996_2015,19
usa_NC_0033_0257,45,-0.6075,0.2559,0.0609,338,1996-02-11,2015-12-16,47.3462,13,32.7286,21,-11.5425,4.8621,-14.6176,-3.0751,1996_2015,1996_2015,19
usa_NC_0033_0258,45,-0.6743,0.2498,0.0785,333,1996-02-11,2015-12-16,52.0385,13,36.9842,19,-12.8117,4.7462,-15.0543,-2.2426,1996_2015,1996_2015,19
usa_NC_0033_0259,46,-0.6888,0.2341,0.0920,333,1996-02-11,2015-12-16,55.4846,13,39.6368,19,-13.0872,4.4479,-15.8478,-2.7606,1996_2015,1996_2015,19
usa_NC_0033_0260,46,-0.5739,0.2376,0.0628,339,1996-02-11,2015-12-16,54.7385,13,42.9294,17,-10.9041,4.5144,-11.8090,-0.9049,1996_2015,1996_2015,19
usa_NC_0034_0001,46,-0.6189,0.2648,0.0562,357,1996-01-26,2015-12-16,54.2571,14,50.3941,17,-11.7591,5.0312,-3.8630,7.8961,1996_2015,1996_2015,19
usa_NC_0034_0002,46,-0.6747,0.2746,0.0627,351,1996-01-26,2015-12-16,54.9214,14,51.6714,14,-12.8193,5.2174,-3.2500,9.5693,1996_2015,1996_2015,19
usa_NC_0034_0003,46,-0.8004,0.2687,0.0920,341,1996-01-26,2015-12-16,55.6429,14,50.5538,13,-15.2076,5.1053,-5.0890,10.1186,1996_2015,1996_2015,19
usa_NC_0034_0004,46,-0.9444,0.2647,0.1265,342,1996-01-26,2015-12-16,56.7786,14,47.2167,12,-17.9436,5.0293,-9.5619,8.3817,1996_2015,1996_2015,19
usa_NC_0034_0005,46,-1.0465,0.2633,0.1494,350,1996-01-26,2015-12-16,69.8643,14,54.1143,14,-19.8835,5.0027,-15.7500,4.1335,1996_2015,1996_2015,19
usa_NC_0034_0006,46,-1.1187,0.2799,0.1546,340,1996-01-26,2015-12-16,68.6500,14,45.9067,15,-21.2553,5.3181,-22.7433,-1.4880,1996_2015,1996_2015,19
usa_NC_0034_0007,46,-1.1956,0.2840,0.1682,341,1996-01-26,2015-12-16,76.6000,14,50.3133,15,-22.7164,5.3960,-26.2867,-3.5703,1996_2015,1996_2015,19
usa_NC_0034_0008,46,-1.3051,0.2805,0.2000,337,1996-01-26,2015-12-16,73.9286,14,45.4067,15,-24.7969,5.3295,-28.5219,-3.7250,1996_2015,1996_2015,19
usa_NC_0034_0009,47,-1.3726,0.2734,0.2303,328,1996-01-26,2015-12-16,69.1786,14,39.1733,15,-26.0794,5.1946,-30.0052,-3.9258,1996_2015,1996_2015,19
usa_NC_0034_0010,47,-1.4810,0.2670,0.2623,337,1996-01-26,2015-12-16,73.1786,14,39.0105,19,-28.1390,5.0730,-34.1680,-6.0290,1996_2015,1996_2015,19
usa_NC_0034_0011,47,-1.6252,0.2614,0.3087,337,1996-01-26,2015-12-16,70.7500,14,34.7762,21,-30.8788,4.9666,-35.9738,-5.0950,1996_2015,1996_2015,19
usa_NC_0034_0012,47,-1.7318,0.2591,0.3377,341,1996-01-26,2015-12-16,65.6143,14,29.1318,22,-32.9042,4.9229,-36.4825,-3.5783,1996_2015,1996_2015,19
usa_NC_0034_0013,47,-1.7207,0.2548,0.3436,339,1996-01-26,2015-12-16,65.4357,14,29.1500,22,-32.6933,4.8412,-36.2857,-3.5924,1996_2015,1996_2015,19
usa_NC_0034_0014,47,-1.7291,0.2515,0.3518,339,1996-01-26,2015-12-16,67.2429,14,32.0167,24,-32.8529,4.7785,-35.2262,-2.3733,1996_2015,1996_2015,19
usa_NC_0034_0015,47,-1.6175,0.2484,0.3241,344,1996-01-26,2015-12-16,62.3357,14,30.0920,25,-30.7325,4.7196,-32.2437,-1.5112,1996_2015,1996_2015,19
usa_NC_0034_0016,47,-1.5708,0.2477,0.3088,350,1996-01-26,2015-12-16,73.1786,14,40.3542,24,-29.8452,4.7063,-32.8244,-2.9792,1996_2015,1996_2015,19
usa_NC_0034_0017,47,-1.5650,0.2478,0.3065,351,1996-01-26,2015-12-16,58.9214,14,25.1583,24,-29.7350,4.7082,-33.7631,-4.0281,1996_2015,1996_2015,19
usa_NC_0034_0018,47,-1.4403,0.2556,0.2609,350,1996-01-26,2015-12-16,59.0500,14,28.3591,22,-27.3657,4.8564,-30.6909,-3.3252,1996_2015,1996_2015,19
usa_NC_0034_0019,48,-1.2516,0.2548,0.2139,345,1996-01-26,2015-12-16,55.0714,14,29.5300,20,-23.7804,4.8412,-25.5414,-1.7610,1996_2015,1996_2015,19
usa_NC_0034_0020,48,-1.0467,0.2508,0.1591,358,1996-01-26,2015-12-16,54.9571,14,35.1800,20,-19.8873,4.7652,-19.7771,0.1102,1996_2015,1996_2015,19
usa_NC_0034_0021,48,-0.9216,0.2586,0.1218,356,1996-01-26,2015-12-16,53.9071,14,41.0059,17,-17.5104,4.9134,-12.9013,4.6091,1996_2015,1996_2015,19
usa_NC_0034_0022,48,-0.7289,0.2605,0.0805,348,1996-01-26,2015-12-16,58.0571,14,51.0533,15,-13.8491,4.9495,-7.0038,6.8453,1996_2015,1996_2015,19
usa_NC_0034_0023,48,-0.5121,0.2736,0.0379,346,1996-01-26,2015-12-16,42.5857,14,38.5357,14,-9.7299,5.1984,-4.0500,5.6799,1996_2015,1996_2015,19
usa_NC_0034_0024,48,-0.3753,0.2805,0.0198,345,1996-01-26,2015-12-16,40.3929,14,38.7615,13,-7.1307,5.3295,-1.6313,5.4994,1996_2015,1996_2015,19
usa_NC_0034_0025,48,-0.2325,0.2881,0.0073,344,1996-01-26,2015-12-16,33.2929,14,37.0267,15,-4.4175,5.4739,3.7338,8.1513,1996_2015,1996_2015,19
usa_NC_0034_0026,48,-0.1023,0.2998,0.0013,348,1996-01-26,2015-12-16,32.6143,14,39.0786,14,-1.9437,5.6962,6.4643,8.4080,1996_2015,1996_2015,19
usa_NC_0034_0027,48,0.0515,0.2959,0.0003,346,1996-01-26,2015-12-16,25.0857,14,31.2875,16,0.9785,5.6221,6.2018,5.2233,1996_2015,1996_2015,19
usa_NC_0034_0028,48,0.1730,0.2955,0.0039,337,1996-01-26,2015-12-16,23.3286,14,33.2313,16,3.2870,5.6145,9.9027,6.6157,1996_2015,1996_2015,19
usa_NC_0034_0029,49,0.3291,0.2858,0.0150,338,1996-01-26,2015-12-16,26.9357,14,40.1937,16,6.2529,5.4302,13.2580,7.0051,1996_2015,1996_2015,19
usa_NC_0034_0030,49,0.3147,0.2736,0.0146,348,1996-01-26,2015-12-16,33.1500,14,44.8409,22,5.9793,5.1984,11.6909,5.7116,1996_2015,1996_2015,19
usa_NC_0034_0031,49,0.4740,0.2778,0.0320,343,1996-01-26,2015-12-16,32.3643,14,46.0870,23,9.0060,5.2782,13.7227,4.7167,1996_2015,1996_2015,19
usa_NC_0034_0032,49,0.5925,0.2754,0.0507,337,1996-01-26,2015-12-16,31.7643,14,47.4000,23,11.2575,5.2326,15.6357,4.3782,1996_2015,1996_2015,19
usa_NC_0034_0033,49,0.6396,0.2754,0.0583,339,1996-01-26,2015-12-16,32.7071,14,47.5458,24,12.1524,5.2326,14.8387,2.6863,1996_2015,1996_2015,19
usa_NC_0034_0034,49,0.6520,0.2787,0.0585,343,1996-01-26,2015-12-16,31.0929,14,46.8560,25,12.3880,5.2953,15.7631,3.3751,1996_2015,1996_2015,19
usa_NC_0034_0035,49,0.6940,0.2690,0.0685,352,1996-01-26,2015-12-16,31.7643,14,46.2240,25,13.1860,5.1110,14.4597,1.2737,1996_2015,1996_2015,19
usa_NC_0034_0036,49,0.6471,0.2651,0.0614,354,1996-01-26,2015-12-16,33.8786,14,48.1083,24,12.2949,5.0369,14.2298,1.9349,1996_2015,1996_2015,19
usa_NC_0034_0037,49,0.6598,0.2645,0.0652,347,1996-01-26,2015-12-16,43.9286,14,56.3500,22,12.5362,5.0255,12.4214,-0.1148,1996_2015,1996_2015,19
usa_NC_0034_0038,49,0.6840,0.2577,0.0740,343,1996-01-26,2015-12-16,37.9143,14,51.3455,22,12.9960,4.8963,13.4312,0.4352,1996_2015,1996_2015,19
usa_NC_0034_0039,50,0.8419,0.2675,0.1007,344,1996-01-26,2015-12-16,40.0286,14,53.4500,20,15.9961,5.0825,13.4214,-2.5747,1996_2015,1996_2015,19
usa_NC_0034_0040,50,0.7341,0.2654,0.0774,355,1996-01-26,2015-12-16,44.8000,14,52.2556,18,13.9479,5.0426,7.4556,-6.4923,1996_2015,1996_2015,19
usa_NC_0034_0041,50,0.6147,0.2753,0.0530,347,1996-01-26,2015-12-16,47.5214,14,50.2800,15,11.6793,5.2307,2.7586,-8.9207,1996_2015,1996_2015,19
usa_NC_0034_0042,50,0.4943,0.2762,0.0352,342,1996-01-26,2015-12-16,47.9571,14,46.3143,14,9.3917,5.2478,-1.6429,-11.0346,1996_2015,1996_2015,19
usa_NC_0034_0043,50,0.2519,0.2797,0.0092,339,1996-01-26,2015-12-16,53.0571,14,43.9462,13,4.7861,5.3143,-9.1110,-13.8971,1996_2015,1996_2015,19
usa_NC_0034_0044,50,0.0063,0.2764,0.0000,342,1996-01-26,2015-12-16,51.6000,14,38.4929,14,0.1197,5.2516,-13.1071,-13.2268,1996_2015,1996_2015,19
usa_NC_0034_0045,50,-0.2115,0.2743,0.0068,337,1996-01-26,2015-12-16,50.9643,14,35.4267,15,-4.0185,5.2117,-15.5376,-11.5191,1996_2015,1996_2015,19
usa_NC_0034_0046,50,-0.4535,0.2807,0.0288,343,1996-01-26,2015-12-16,57.6643,14,34.1688,16,-8.6165,5.3333,-23.4955,-14.8790,1996_2015,1996_2015,19
usa_NC_0034_0047,50,-0.5519,0.2926,0.0390,341,1996-01-26,2015-12-16,58.2786,14,30.8500,16,-10.4861,5.5594,-27.4286,-16.9425,1996_2015,1996_2015,19
usa_NC_0034_0048,50,-0.5709,0.2881,0.0440,332,1996-01-26,2015-12-16,60.7929,14,33.8687,16,-10.8471,5.4739,-26.9241,-16.0770,1996_2015,1996_2015,19
usa_NC_0034_0049,51,-0.5206,0.2827,0.0374,340,1996-01-26,2015-12-16,62.8786,14,38.2526,19,-9.8914,5.3713,-24.6259,-14.7345,1996_2015,1996_2015,19
usa_NC_0034_0050,51,-0.5154,0.2865,0.0348,349,1996-01-26,2015-12-16,64.2357,14,38.4955,22,-9.7926,5.4435,-25.7403,-15.9477,1996_2015,1996_2015,19
usa_NC_0034_0051,51,-0.5318,0.3052,0.0338,338,1996-01-26,2015-12-16,67.5929,14,40.8455,22,-10.1042,5.7988,-26.7474,-16.6432,1996_2015,1996_2015,19
usa_NC_0034_0052,51,-0.4687,0.3072,0.0257,343,1996-01-26,2015-12-16,55.6643,14,29.7045,22,-8.9053,5.8368,-25.9597,-17.0544,1996_2015,1996_2015,19
usa_NC_0034_0053,51,-0.4475,0.3040,0.0241,341,1996-01-26,2015-12-16,52.9929,14,26.9083,24,-8.5025,5.7760,-26.0845,-17.5820,1996_2015,1996_2015,19
usa_NC_0034_0054,51,-0.2960,0.3087,0.0103,345,1996-01-26,2015-12-16,57.9929,14,31.7208,24,-5.6240,5.8653,-26.2720,-20.6480,1996_2015,1996_2015,19
usa_NC_0034_0055,51,-0.2106,0.2993,0.0054,352,1996-01-26,2015-12-16,57.8929,14,33.3565,23,-4.0014,5.6867,-24.5363,-20.5349,1996_2015,1996_2015,19
usa_NC_0034_0056,51,-0.2770,0.2864,0.0100,359,1996-01-26,2015-12-16,59.0500,14,37.8130,23,-5.2630,5.4416,-21.2370,-15.9740,1996_2015,1996_2015,19
usa_NC_0034_0057,51,-0.2883,0.2846,0.0113,350,1996-01-26,2015-12-16,55.8714,14,34.6143,21,-5.4777,5.4074,-21.2571,-15.7794,1996_2015,1996_2015,19
usa_NC_0034_0058,51,-0.1868,0.2801,0.0050,344,1996-01-26,2015-12-16,61.3643,14,42.3450,20,-3.5492,5.3219,-19.0193,-15.4701,1996_2015,1996_2015,19
usa_NC_0034_0059,52,-0.0394,0.2892,0.0002,356,1996-01-26,2015-12-16,63.6500,14,44.6150,20,-0.7486,5.4948,-19.0350,-18.2864,1996_2015,1996_2015,19
usa_NC_0034_0060,52,-0.0992,0.2944,0.0013,351,1996-01-26,2015-12-16,69.9500,14,50.1000,17,-1.8848,5.5936,-19.8500,-17.9652,1996_2015,1996_2015,19
usa_NC_0034_0061,52,-0.0403,0.2885,0.0002,348,1996-01-26,2015-12-16,65.9286,14,50.8867,15,-0.7657,5.4815,-15.0419,-14.2762,1996_2015,1996_2015,19
usa_NC_0034_0062,52,0.0400,0.2885,0.0002,348,1996-01-26,2015-12-16,73.4857,14,61.2286,14,0.7600,5.4815,-12.2571,-13.0171,1996_2015,1996_2015,19
usa_NC_0034_0063,52,-0.0146,0.2922,0.0000,344,1996-01-26,2015-12-16,66.4071,14,50.7077,13,-0.2774,5.5518,-15.6995,-15.4221,1996_2015,1996_2015,19
usa_NC_0034_0064,52,-0.0238,0.2860,0.0001,346,1996-01-26,2015-12-16,73.1857,14,55.4267,15,-0.4522,5.4340,-17.7590,-17.3068,1996_2015,1996_2015,19
usa_NC_0034_0065,52,-0.1397,0.2893,0.0026,344,1996-01-26,2015-12-16,60.7357,14,38.5467,15,-2.6543,5.4967,-22.1890,-19.5347,1996_2015,1996_2015,19
usa_NC_0034_0066,52,-0.2004,0.2965,0.0051,346,1996-01-26,2015-12-16,66.9286,14,45.5133,15,-3.8076,5.6335,-21.4152,-17.6076,1996_2015,1996_2015,19
usa_NC_0034_0067,52,-0.2097,0.3001,0.0056,336,1996-01-26,2015-12-16,69.6929,14,53.0625,16,-3.9843,5.7019,-16.6304,-12.6461,1996_2015,1996_2015,19
usa_NC_0034_0068,52,-0.4324,0.2804,0.0263,343,1996-01-26,2015-12-16,70.6500,14,46.4588,17,-8.2156,5.3276,-24.1912,-15.9756,1996_2015,1996_2015,19
usa_NC_0034_0069,53,-0.6134,0.2674,0.0546,354,1996-01-26,2015-12-16,68.5500,14,39.0762,21,-11.6546,5.0806,-29.4738,-17.8192,1996_2015,1996_2015,19
usa_NC_0034_0070,53,-0.8211,0.2716,0.0940,343,1996-01-26,2015-12-16,85.8429,14,51.2000,22,-15.6009,5.1604,-34.6429,-19.0420,1996_2015,1996_2015,19
usa_NC_0034_0071,53,-0.8891,0.2734,0.1065,345,1996-01-26,2015-12-16,69.8857,14,33.9273,22,-16.8929,5.1946,-35.9584,-19.0655,1996_2015,1996_2015,19
usa_NC_0034_0072,53,-0.7836,0.2670,0.0874,350,1996-01-26,2015-12-16,72.1214,14,41.4208,24,-14.8884,5.0730,-30.7006,-15.8122,1996_2015,1996_2015,19
usa_NC_0034_0073,53,-0.7018,0.2567,0.0759,354,1996-01-26,2015-12-16,75.6714,14,46.2500,24,-13.3342,4.8773,-29.4214,-16.0872,1996_2015,1996_2015,19
usa_NC_0034_0074,53,-0.7074,0.2555,0.0775,355,1996-01-26,2015-12-16,74.0000,14,43.2217,23,-13.4406,4.8545,-30.7783,-17.3377,1996_2015,1996_2015,19
usa_NC_0034_0075,53,-0.6822,0.2476,0.0760,359,1996-01-26,2015-12-16,78.4571,14,45.6455,22,-12.9618,4.7044,-32.8117,-19.8499,1996_2015,1996_2015,19
usa_NC_0034_0076,53,-0.6621,0.2496,0.0720,353,1996-01-26,2015-12-16,80.3429,14,46.8524,21,-12.5799,4.7424,-33.4905,-20.9106,1996_2015,1996_2015,19
usa_NC_0034_0077,53,-0.6500,0.2538,0.0689,345,1996-01-26,2015-12-16,78.2357,14,44.4100,20,-12.3500,4.8222,-33.8257,-21.4757,1996_2015,1996_2015,19
usa_NC_0034_0078,53,-0.5971,0.2501,0.0583,358,1996-01-26,2015-12-16,73.7857,14,39.4263,19,-11.3449,4.7519,-34.3594,-23.0145,1996_2015,1996_2015,19
usa_NC_0034_0079,54,-0.6113,0.2519,0.0602,358,1996-01-26,2015-12-16,74.5857,14,40.7176,17,-11.6147,4.7861,-33.8681,-22.2534,1996_2015,1996_2015,19
usa_NC_0034_0080,54,-0.4273,0.2471,0.0321,351,1996-01-26,2015-12-16,67.8643,14,39.6214,14,-8.1187,4.6949,-28.2429,-20.1242,1996_2015,1996_2015,19
usa_NC_0034_0081,54,-0.2375,0.2484,0.0100,353,1996-01-26,2015-12-16,63.8214,14,37.9385,13,-4.5125,4.7196,-25.8830,-21.3705,1996_2015,1996_2015,19
usa_NC_0034_0082,54,-0.1769,0.2518,0.0055,345,1996-01-26,2015-12-16,60.8500,14,36.2417,12,-3.3611,4.7842,-24.6083,-21.2472,1996_2015,1996_2015,19
usa_NC_0034_0083,54,-0.1434,0.2521,0.0037,342,1996-01-26,2015-12-16,56.7143,14,34.4786,14,-2.7246,4.7899,-22.2357,-19.5111,1996_2015,1996_2015,19
usa_NC_0034_0084,54,-0.0921,0.2503,0.0016,338,1996-01-26,2015-12-16,54.1357,14,31.6923,13,-1.7499,4.7557,-22.4434,-20.6935,1996_2015,1996_2015,19
usa_NC_0034_0085,54,-0.0144,0.2522,0.0000,341,1996-01-26,2015-12-16,51.6786,14,29.5867,15,-0.2736,4.7918,-22.0919,-21.8183,1996_2015,1996_2015,19
usa_NC_0034_0086,54,0.0664,0.2639,0.0007,340,1996-01-26,2015-12-16,51.2143,14,34.1187,16,1.2616,5.0141,-17.0955,-18.3571,1996_2015,1996_2015,19
usa_NC_0034_0087,54,0.1383,0.2592,0.0033,338,1996-01-26,2015-12-16,53.9214,14,38.0438,16,2.6277,4.9248,-15.8777,-18.5054,1996_2015,1996_2015,19
usa_NC_0034_0088,54,0.2093,0.2628,0.0071,347,1996-01-26,2015-12-16,56.1286,14,40.2500,20,3.9767,4.9932,-15.8786,-19.8553,1996_2015,1996_2015,19
usa_NC_0034_0089,55,0.1670,0.2545,0.0049,343,1996-01-26,2015-12-16,52.7571,14,39.9652,23,3.1730,4.8355,-12.7919,-15.9649,1996_2015,1996_2015,19
usa_NC_0034_0090,55,0.1768,0.2602,0.0053,340,1996-01-26,2015-12-16,49.6000,14,37.8087,23,3.3592,4.9438,-11.7913,-15.1505,1996_2015,1996_2015,19
usa_NC_0034_0091,55,0.2504,0.2600,0.0104,345,1996-01-26,2015-12-16,47.2286,14,37.5217,23,4.7576,4.9400,-9.7068,-14.4644,1996_2015,1996_2015,19
usa_NC_0034_0092,55,0.2704,0.2579,0.0121,350,1996-01-26,2015-12-16,48.6000,14,42.9000,25,5.1376,4.9001,-5.7000,-10.8376,1996_2015,1996_2015,19
usa_NC_0034_0093,55,0.3228,0.2529,0.0175,355,1996-01-26,2015-12-16,49.3071,14,45.2160,25,6.1332,4.8051,-4.0911,-10.2243,1996_2015,1996_2015,19
usa_NC_0034_0094,55,0.2347,0.2524,0.0094,355,1996-01-26,2015-12-16,51.5214,14,45.2042,24,4.4593,4.7956,-6.3173,-10.7766,1996_2015,1996_2015,19
usa_NC_0034_0095,55,0.1261,0.2510,0.0027,357,1996-01-26,2015-12-16,51.0571,14,43.9545,22,2.3959,4.7690,-7.1026,-9.4985,1996_2015,1996_2015,19
usa_NC_0034_0096,55,0.0783,0.2511,0.0011,349,1996-01-26,2015-12-16,50.7786,14,43.3524,21,1.4877,4.7709,-7.4262,-8.9139,1996_2015,1996_2015,19
usa_NC_0034_0097,55,0.1523,0.2537,0.0040,345,1996-01-26,2015-12-16,50.1714,14,45.3316,19,2.8937,4.8203,-4.8398,-7.7335,1996_2015,1996_2015,19
usa_NC_0034_0098,55,0.2551,0.2523,0.0111,354,1996-01-26,2015-12-16,50.5000,14,45.8368,19,4.8469,4.7937,-4.6632,-9.5101,1996_2015,1996_2015,19
usa_NC_0034_0099,56,0.2852,0.2547,0.0138,349,1996-01-26,2015-12-16,51.5000,14,42.0571,14,5.4188,4.8393,-9.4429,-14.8617,1996_2015,1996_2015,19
usa_NC_0034_0100,56,0.3905,0.2508,0.0264,348,1996-01-26,2015-12-16,47.3077,13,43.4462,13,7.4195,4.7652,-3.8615,-11.2810,1996_2015,1996_2015,19
usa_NC_0034_0101,56,0.3959,0.2451,0.0283,349,1996-01-26,2015-12-16,46.3308,13,44.2154,13,7.5221,4.6569,-2.1154,-9.6375,1996_2015,1996_2015,19
usa_NC_0034_0102,56,0.4080,0.2412,0.0313,344,1996-01-26,2015-12-16,44.6615,13,44.3769,13,7.7520,4.5828,-0.2846,-8.0366,1996_2015,1996_2015,19
usa_NC_0034_0103,56,0.4565,0.2444,0.0381,343,1996-01-26,2015-12-16,43.5308,13,46.5571,14,8.6735,4.6436,3.0264,-5.6471,1996_2015,1996_2015,19
usa_NC_0034_0104,56,0.4389,0.2462,0.0346,345,1996-01-26,2015-12-16,42.3923,13,42.3000,13,8.3391,4.6778,-0.0923,-8.4314,1996_2015,1996_2015,19
usa_NC_0034_0105,56,0.4070,0.2489,0.0291,347,1996-01-26,2015-12-16,41.9615,13,44.7938,16,7.7330,4.7291,2.8322,-4.9008,1996_2015,1996_2015,19
usa_NC_0034_0106,56,0.2802,0.2503,0.0141,342,1996-01-26,2015-12-16,40.8615,13,42.0312,16,5.3238,4.7557,1.1697,-4.1541,1996_2015,1996_2015,19
usa_NC_0034_0107,56,0.2515,0.2453,0.0118,342,1996-01-26,2015-12-16,41.7231,13,42.1118,17,4.7785,4.6607,0.3887,-4.3898,1996_2015,1996_2015,19
usa_NC_0034_0108,56,0.1549,0.2585,0.0040,348,1996-01-26,2015-12-16,42.0385,13,42.8000,22,2.9431,4.9115,0.7615,-2.1816,1996_2015,1996_2015,19
usa_NC_0034_0109,56,0.0423,0.2648,0.0003,348,1996-01-26,2015-12-16,44.7462,13,44.4696,23,0.8037,5.0312,-0.2766,-1.0803,1996_2015,1996_2015,19
usa_NC_0034_0110,57,0.0152,0.2777,0.0000,343,1996-01-26,2015-12-16,46.5154,13,46.2783,23,0.2888,5.2763,-0.2371,-0.5259,1996_2015,1996_2015,19
usa_NC_0034_0111,57,0.0472,0.2762,0.0003,348,1996-01-26,2015-12-16,46.3231,13,46.9792,24,0.8968,5.2478,0.6561,-0.2407,1996_2015,1996_2015,19
usa_NC_0034_0112,57,0.0810,0.2728,0.0010,348,1996-01-26,2015-12-16,45.3385,13,47.5667,24,1.5390,5.1832,2.2282,0.6892,1996_2015,1996_2015,19
usa_NC_0034_0113,57,0.0536,0.2651,0.0005,350,1996-01-26,2015-12-16,46.5692,13,48.2000,22,1.0184,5.0369,1.6308,0.6124,1996_2015,1996_2015,19
usa_NC_0034_0114,57,-0.0092,0.2747,0.0000,353,1996-01-26,2015-12-16,46.6692,13,45.0818,22,-0.1748,5.2193,-1.5874,-1.4126,1996_2015,1996_2015,19
usa_NC_0034_0115,57,-0.0343,0.2805,0.0002,352,1996-01-26,2015-12-16,45.6429,14,42.9100,20,-0.6517,5.3295,-2.7329,-2.0812,1996_2015,1996_2015,19
usa_NC_0034_0116,57,-0.1075,0.2809,0.0016,346,1996-01-26,2015-12-16,45.2214,14,42.6429,21,-2.0425,5.3371,-2.5786,-0.5361,1996_2015,1996_2015,19
usa_NC_0034_0117,57,-0.0550,0.2736,0.0004,356,1996-01-26,2015-12-16,44.3929,14,43.4158,19,-1.0450,5.1984,-0.9771,0.0679,1996_2015,1996_2015,19
usa_NC_0034_0118,57,0.0256,0.2834,0.0001,356,1996-01-26,2015-12-16,41.9786,14,46.0611,18,0.4864,5.3846,4.0825,3.5961,1996_2015,1996_2015,19
usa_NC_0034_0119,57,0.0219,0.2823,0.0001,344,1996-01-26,2015-12-16,41.1214,14,50.1786,14,0.4161,5.3637,9.0571,8.6410,1996_2015,1996_2015,19
usa_NC_0034_0120,58,0.0307,0.2836,0.0001,349,1996-01-26,2015-12-16,41.2429,14,52.9846,13,0.5833,5.3884,11.7418,11.1585,1996_2015,1996_2015,19
usa_NC_0034_0121,58,0.1269,0.2761,0.0023,350,1996-01-26,2015-12-16,38.2357,14,52.9538,13,2.4111,5.2459,14.7181,12.3070,1996_2015,1996_2015,19
usa_NC_0034_0122,58,0.1759,0.2580,0.0051,350,1996-01-26,2015-12-16,34.1929,14,51.2286,14,3.3421,4.9020,17.0357,13.6936,1996_2015,1996_2015,19
usa_NC_0034_0123,58,0.1892,0.2603,0.0060,342,1996-01-26,2015-12-16,32.8357,14,47.5769,13,3.5948,4.9457,14.7412,11.1464,1996_2015,1996_2015,19
usa_NC_0034_0124,58,0.3464,0.2546,0.0206,343,1996-01-26,2015-12-16,31.8786,14,47.3267,15,6.5816,4.8374,15.4481,8.8665,1996_2015,1996_2015,19
usa_NC_0034_0125,58,0.4134,0.2592,0.0280,343,1996-01-26,2015-12-16,30.9357,14,47.2133,15,7.8546,4.9248,16.2776,8.4230,1996_2015,1996_2015,19
usa_NC_0034_0126,58,0.4979,0.2591,0.0406,340,1996-01-26,2015-12-16,28.0286,14,44.9667,15,9.4601,4.9229,16.9381,7.4780,1996_2015,1996_2015,19
usa_NC_0034_0127,58,0.6011,0.2519,0.0600,347,1996-01-26,2015-12-16,25.3714,14,43.7000,19,11.4209,4.7861,18.3286,6.9077,1996_2015,1996_2015,19
usa_NC_0034_0128,58,0.5715,0.2541,0.0537,347,1996-01-26,2015-12-16,23.5643,14,43.7318,22,10.8585,4.8279,20.1675,9.3090,1996_2015,1996_2015,19
usa_NC_0034_0129,58,0.5361,0.2594,0.0467,339,1996-01-26,2015-12-16,23.0000,14,43.6000,21,10.1859,4.9286,20.6000,10.4141,1996_2015,1996_2015,19
usa_NC_0034_0130,59,0.5819,0.2690,0.0510,339,1996-01-26,2015-12-16,23.4071,14,44.9571,21,11.0561,5.1110,21.5500,10.4939,1996_2015,1996_2015,19
usa_NC_0034_0131,59,0.5230,0.2650,0.0415,350,1996-01-26,2015-12-16,26.2357,14,49.7304,23,9.9370,5.0350,23.4947,13.5577,1996_2015,1996_2015,19
usa_NC_0034_0132,59,0.5868,0.2657,0.0512,352,1996-01-26,2015-12-16,24.3143,14,50.3565,23,11.1492,5.0483,26.0422,14.8930,1996_2015,1996_2015,19
usa_NC_0034_0133,59,0.5708,0.2690,0.0473,353,1996-01-26,2015-12-16,21.5929,14,46.9182,22,10.8452,5.1110,25.3253,14.4801,1996_2015,1996_2015,19
usa_NC_0034_0134,59,0.5225,0.2697,0.0389,361,1996-01-26,2015-12-16,23.0571,14,48.7000,21,9.9275,5.1243,25.6429,15.7154,1996_2015,1996_2015,19
usa_NC_0034_0135,59,0.4455,0.2771,0.0279,350,1996-01-26,2015-12-16,23.5429,14,49.4900,20,8.4645,5.2649,25.9471,17.4826,1996_2015,1996_2015,19
usa_NC_0034_0136,59,0.4317,0.2705,0.0276,349,1996-01-26,2015-12-16,28.2214,14,51.8389,18,8.2023,5.1395,23.6175,15.4152,1996_2015,1996_2015,19
usa_NC_0034_0137,59,0.4600,0.2595,0.0331,357,1996-01-26,2015-12-16,28.7857,14,52.3895,19,8.7400,4.9305,23.6038,14.8638,1996_2015,1996_2015,19
usa_NC_0034_0138,59,0.3961,0.2583,0.0258,346,1996-01-26,2015-12-16,28.6786,14,48.0571,14,7.5259,4.9077,19.3786,11.8527,1996_2015,1996_2015,19
usa_NC_0034_0139,59,0.3534,0.2494,0.0219,349,1996-01-26,2015-12-16,41.2214,14,60.3000,13,6.7146,4.7386,19.0786,12.3640,1996_2015,1996_2015,19
usa_NC_0034_0140,60,0.2984,0.2450,0.0161,353,1996-01-26,2015-12-16,32.7500,14,50.8385,13,5.6696,4.6550,18.0885,12.4189,1996_2015,1996_2015,19
usa_NC_0034_0141,60,0.1290,0.2429,0.0031,348,1996-01-26,2015-12-16,30.5071,14,46.6357,14,2.4510,4.6151,16.1286,13.6776,1996_2015,1996_2015,19
usa_NC_0034_0142,60,0.1068,0.2521,0.0021,340,1996-01-26,2015-12-16,32.1500,14,46.8643,14,2.0292,4.7899,14.7143,12.6851,1996_2015,1996_2015,19
usa_NC_0034_0143,60,0.0507,0.2581,0.0004,345,1996-01-26,2015-12-16,33.4643,14,47.7750,16,0.9633,4.9039,14.3107,13.3474,1996_2015,1996_2015,19
usa_NC_0034_0144,60,-0.0524,0.2742,0.0004,343,1996-01-26,2015-12-16,38.1286,14,50.0187,16,-0.9956,5.2098,11.8902,12.8858,1996_2015,1996_2015,19
usa_NC_0034_0145,60,-0.3347,0.2879,0.0152,340,1996-01-26,2015-12-16,39.5286,14,48.0438,16,-6.3593,5.4701,8.5152,14.8745,1996_2015,1996_2015,19
usa_NC_0034_0146,60,-0.4257,0.3018,0.0218,348,1996-01-26,2015-12-16,39.4357,14,45.0500,18,-8.0883,5.7342,5.6143,13.7026,1996_2015,1996_2015,19
usa_NC_0034_0147,60,-0.5513,0.3006,0.0364,347,1996-01-26,2015-12-16,42.3071,14,45.2409,22,-10.4747,5.7114,2.9338,13.4085,1996_2015,1996_2015,19
usa_NC_0034_0148,60,-0.6928,0.3003,0.0571,342,1996-01-26,2015-12-16,46.5857,14,45.0609,23,-13.1632,5.7057,-1.5248,11.6384,1996_2015,1996_2015,19
usa_NC_0034_0149,60,-0.7603,0.2930,0.0722,337,1996-01-26,2015-12-16,47.6357,14,40.3565,23,-14.4457,5.5670,-7.2792,7.1665,1996_2015,1996_2015,19
usa_NC_0034_0150,61,-0.8527,0.2886,0.0901,343,1996-01-26,2015-12-16,49.9429,14,37.6458,24,-16.2013,5.4834,-12.2970,3.9043,1996_2015,1996_2015,19
usa_NC_0034_0151,61,-0.8705,0.2803,0.0966,351,1996-01-26,2015-12-16,48.2214,14,34.9840,25,-16.5395,5.3257,-13.2374,3.3021,1996_2015,1996_2015,19
usa_NC_0034_0152,61,-0.9358,0.2743,0.1146,350,1996-01-26,2015-12-16,50.8286,14,34.4833,24,-17.7802,5.2117,-16.3452,1.4350,1996_2015,1996_2015,19
usa_NC_0034_0153,61,-0.9963,0.2718,0.1299,350,1996-01-26,2015-12-16,53.0714,14,34.6217,23,-18.9297,5.1642,-18.4497,0.4800,1996_2015,1996_2015,19
usa_NC_0034_0154,61,-1.0569,0.2647,0.1505,350,1996-01-26,2015-12-16,49.7500,14,32.2364,22,-20.0811,5.0293,-17.5136,2.5675,1996_2015,1996_2015,19
usa_NC_0034_0155,61,-1.0680,0.2589,0.1602,347,1996-01-26,2015-12-16,51.9429,14,35.3952,21,-20.2920,4.9191,-16.5476,3.7444,1996_2015,1996_2015,19
usa_NC_0034_0156,61,-1.0709,0.2591,0.1569,357,1996-01-26,2015-12-16,51.6000,14,33.8200,20,-20.3471,4.9229,-17.7800,2.5671,1996_2015,1996_2015,19
usa_NC_0034_0157,61,-1.1203,0.2621,0.1676,353,1996-01-26,2015-12-16,49.7071,14,33.5500,18,-21.2857,4.9799,-16.1571,5.1286,1996_2015,1996_2015,19
usa_NC_0034_0158,61,-1.1416,0.2696,0.1682,345,1996-01-26,2015-12-16,49.1714,14,34.5600,15,-21.6904,5.1224,-14.6114,7.0790,1996_2015,1996_2015,19
usa_NC_0034_0159,61,-1.0781,0.2713,0.1497,349,1996-01-26,2015-12-16,46.6714,14,31.9000,14,-20.4839,5.1547,-14.7714,5.7125,1996_2015,1996_2015,19
usa_NC_0034_0161,62,-1.0166,0.2781,0.1337,337,1996-01-26,2015-12-16,49.1538,13,35.4800,15,-19.3154,5.2839,-13.6738,5.6416,1996_2015,1996_2015,19
usa_NC_0034_0162,62,-1.0877,0.2750,0.1530,337,1996-01-26,2015-12-16,48.4077,13,32.0312,16,-20.6663,5.2250,-16.3764,4.2899,1996_2015,1996_2015,19
usa_NC_0034_0163,62,-1.1199,0.2828,0.1522,340,1996-01-26,2015-12-16,45.5923,13,28.0125,16,-21.2781,5.3732,-17.5798,3.6983,1996_2015,1996_2015,19
usa_NC_0034_0164,62,-1.2111,0.2898,0.1687,335,1996-01-26,2015-12-16,49.0769,13,28.7500,16,-23.0109,5.5062,-20.3269,2.6840,1996_2015,1996_2015,19
usa_NC_0034_0165,62,-1.3052,0.2766,0.2021,342,1996-01-26,2015-12-16,53.9231,13,31.3353,17,-24.7988,5.2554,-22.5878,2.2110,1996_2015,1996_2015,19
usa_NC_0034_0166,62,-1.4135,0.2668,0.2389,348,1996-01-26,2015-12-16,57.7769,13,33.6238,21,-26.8565,5.0692,-24.1531,2.7034,1996_2015,1996_2015,19
usa_NC_0034_0167,62,-1.6136,0.2615,0.3035,340,1996-01-26,2015-12-16,61.7615,13,37.1174,23,-30.6584,4.9685,-24.6441,6.0143,1996_2015,1996_2015,19
usa_NC_0034_0168,62,-1.6770,0.2738,0.3036,335,1996-01-26,2015-12-16,62.2462,13,37.4652,23,-31.8630,5.2022,-24.7809,7.0821,1996_2015,1996_2015,19
usa_NC_0034_0169,62,-1.7057,0.2694,0.3211,330,1996-01-26,2015-12-16,62.5615,13,37.5609,23,-32.4083,5.1186,-25.0007,7.4076,1996_2015,1996_2015,19
usa_NC_0034_0170,62,-1.8669,0.2624,0.3627,346,1996-01-26,2015-12-16,65.1615,13,40.0000,25,-35.4711,4.9856,-25.1615,10.3096,1996_2015,1996_2015,19
usa_NC_0034_0171,63,-1.9097,0.2478,0.3990,348,1996-01-26,2015-12-16,66.2308,13,41.7080,25,-36.2843,4.7082,-24.5228,11.7615,1996_2015,1996_2015,19
usa_NC_0034_0172,63,-2.1261,0.2414,0.4644,348,1996-01-26,2015-12-16,65.6538,13,36.7348,23,-40.3959,4.5866,-28.9191,11.4768,1996_2015,1996_2015,19
usa_NC_0034_0173,63,-2.2502,0.2487,0.4757,351,1996-01-26,2015-12-16,66.5308,13,36.1682,22,-42.7538,4.7253,-30.3626,12.3912,1996_2015,1996_2015,19
usa_NC_0034_0174,63,-2.2465,0.2606,0.4597,340,1996-01-26,2015-12-16,67.8923,13,40.7000,22,-42.6835,4.9514,-27.1923,15.4912,1996_2015,1996_2015,19
usa_NC_0034_0175,63,-2.2248,0.2568,0.4606,342,1996-01-26,2015-12-16,73.7308,13,44.7316,19,-42.2712,4.8792,-28.9992,13.2720,1996_2015,1996_2015,19
usa_NC_0034_0176,63,-2.1572,0.2535,0.4445,352,1996-01-26,2015-12-16,73.6077,13,45.8000,19,-40.9868,4.8165,-27.8077,13.1791,1996_2015,1996_2015,19
usa_NC_0034_0177,63,-2.2055,0.2559,0.4603,339,1996-01-26,2015-12-16,71.5538,13,40.6500,14,-41.9045,4.8621,-30.9038,11.0007,1996_2015,1996_2015,19
usa_NC_0034_0178,63,-2.2370,0.2584,0.4618,340,1996-01-26,2015-12-16,68.3385,13,38.9846,13,-42.5030,4.9096,-29.3538,13.1492,1996_2015,1996_2015,19
usa_NC_0034_0179,63,-2.2411,0.2573,0.4582,349,1996-01-26,2015-12-16,69.9769,13,40.9462,13,-42.5809,4.8887,-29.0308,13.5501,1996_2015,1996_2015,19
usa_NC_0034_0180,63,-2.2251,0.2553,0.4636,342,1996-01-26,2015-12-16,68.0615,13,40.7214,14,-42.2769,4.8507,-27.3401,14.9368,1996_2015,1996_2015,19
usa_NC_0034_0181,64,-2.1073,0.2685,0.4180,334,1996-01-26,2015-12-16,68.2692,13,44.0615,13,-40.0387,5.1015,-24.2077,15.8310,1996_2015,1996_2015,19
usa_NC_0034_0182,64,-2.0564,0.2631,0.4182,331,1996-01-26,2015-12-16,69.5000,13,42.6786,14,-39.0716,4.9989,-26.8214,12.2502,1996_2015,1996_2015,19
usa_NC_0034_0183,64,-1.9724,0.2652,0.3972,327,1996-01-26,2015-12-16,73.0615,13,44.7600,15,-37.4756,5.0388,-28.3015,9.1741,1996_2015,1996_2015,19
usa_NC_0034_0184,64,-1.7663,0.2658,0.3425,330,1996-01-26,2015-12-16,71.4769,13,42.2133,15,-33.5597,5.0502,-29.2636,4.2961,1996_2015,1996_2015,19
usa_NC_0034_0185,64,-1.6580,0.2618,0.3154,339,1996-01-26,2015-12-16,67.0846,13,39.4333,18,-31.5020,4.9742,-27.6513,3.8507,1996_2015,1996_2015,19
usa_NC_0034_0186,64,-1.5870,0.2509,0.3128,342,1996-01-26,2015-12-16,68.8923,13,42.6619,21,-30.1530,4.7671,-26.2304,3.9226,1996_2015,1996_2015,19
usa_NC_0034_0187,64,-1.5353,0.2514,0.3050,331,1996-01-26,2015-12-16,66.7000,13,41.3045,22,-29.1707,4.7766,-25.3955,3.7752,1996_2015,1996_2015,19
usa_NC_0034_0188,64,-1.5467,0.2599,0.2928,333,1996-01-26,2015-12-16,66.3462,13,40.6909,22,-29.3873,4.9381,-25.6552,3.7321,1996_2015,1996_2015,19
usa_NC_0034_0189,64,-1.4984,0.2513,0.2917,336,1996-01-26,2015-12-16,67.8538,13,41.5000,24,-28.4696,4.7747,-26.3538,2.1158,1996_2015,1996_2015,19
usa_NC_0034_0190,64,-1.3880,0.2502,0.2560,348,1996-01-26,2015-12-16,70.0615,13,42.8125,24,-26.3720,4.7538,-27.2490,-0.8770,1996_2015,1996_2015,19
usa_NC_0034_0191,65,-1.3594,0.2547,0.2421,347,1996-01-26,2015-12-16,70.1462,13,44.0913,23,-25.8286,4.8393,-26.0548,-0.2262,1996_2015,1996_2015,19
usa_NC_0034_0192,65,-1.4296,0.2577,0.2560,348,1996-01-26,2015-12-16,72.9615,13,46.5500,22,-27.1624,4.8963,-26.4115,0.7509,1996_2015,1996_2015,19
usa_NC_0034_0193,65,-1.4784,0.2638,0.2605,347,1996-01-26,2015-12-16,72.8692,13,46.0286,21,-28.0896,5.0122,-26.8407,1.2489,1996_2015,1996_2015,19
usa_NC_0034_0194,65,-1.4577,0.2696,0.2496,342,1996-01-26,2015-12-16,69.8462,13,43.9158,19,-27.6963,5.1224,-25.9304,1.7659,1996_2015,1996_2015,19
usa_NC_0034_0195,65,-1.3625,0.2749,0.2130,353,1996-01-26,2015-12-16,72.2692,13,45.8211,19,-25.8875,5.2231,-26.4482,-0.5607,1996_2015,1996_2015,19
usa_NC_0034_0196,65,-1.3647,0.2830,0.2068,347,1996-01-26,2015-12-16,69.2308,13,41.1625,16,-25.9293,5.3770,-28.0683,-2.1390,1996_2015,1996_2015,19
usa_NC_0034_0197,65,-1.2703,0.2879,0.1831,338,1996-01-26,2015-12-16,72.9077,13,42.8214,14,-24.1357,5.4701,-30.0863,-5.9506,1996_2015,1996_2015,19
usa_NC_0034_0198,65,-1.1092,0.2894,0.1418,346,1996-01-26,2015-12-16,72.2462,13,45.2833,12,-21.0748,5.4986,-26.9628,-5.8880,1996_2015,1996_2015,19
usa_NC_0034_0199,65,-0.9843,0.2982,0.1103,342,1996-01-26,2015-12-16,72.4846,13,48.3750,12,-18.7017,5.6658,-24.1096,-5.4079,1996_2015,1996_2015,19
usa_NC_0034_0200,65,-0.8445,0.2871,0.0909,337,1996-01-26,2015-12-16,69.7769,13,48.4571,14,-16.0455,5.4549,-21.3198,-5.2743,1996_2015,1996_2015,19
usa_NC_0034_0201,66,-0.6854,0.2797,0.0649,337,1996-01-26,2015-12-16,68.8615,13,47.3467,15,-13.0226,5.3143,-21.5149,-8.4923,1996_2015,1996_2015,19
usa_NC_0034_0202,66,-0.5033,0.2803,0.0362,334,1996-01-26,2015-12-16,66.8000,13,54.3800,15,-9.5627,5.3257,-12.4200,-2.8573,1996_2015,1996_2015,19
usa_NC_0034_0203,66,-0.2360,0.2739,0.0087,330,1996-01-26,2015-12-16,63.8308,13,58.6733,15,-4.4840,5.2041,-5.1574,-0.6734,1996_2015,1996_2015,19
usa_NC_0034_0204,66,-0.0206,0.2777,0.0001,334,1996-01-26,2015-12-16,61.2538,13,58.7250,16,-0.3914,5.2763,-2.5288,-2.1374,1996_2015,1996_2015,19
usa_NC_0034_0205,66,0.2176,0.2895,0.0063,345,1996-01-26,2015-12-16,52.9385,13,55.2143,21,4.1344,5.5005,2.2758,-1.8586,1996_2015,1996_2015,19
usa_NC_0034_0206,66,0.3717,0.2965,0.0179,336,1996-01-26,2015-12-16,49.3250,12,53.4818,22,7.0623,5.6335,4.1568,-2.9055,1996_2015,1996_2015,19
usa_NC_0034_0207,66,0.3721,0.3176,0.0158,333,1996-01-26,2015-12-16,57.0692,13,63.0909,22,7.0699,6.0344,6.0217,-1.0482,1996_2015,1996_2015,19
usa_NC_0034_0208,66,0.5797,0.3164,0.0380,331,1996-01-26,2015-12-16,50.8154,13,58.3826,23,11.0143,6.0116,7.5672,-3.4471,1996_2015,1996_2015,19
usa_NC_0034_0209,66,0.7706,0.3086,0.0668,339,1996-01-26,2015-12-16,53.6692,13,63.3500,24,14.6414,5.8634,9.6808,-4.9606,1996_2015,1996_2015,19
usa_NC_0034_0210,66,0.9007,0.3072,0.0881,346,1996-01-26,2015-12-16,53.0077,13,61.5739,23,17.1133,5.8368,8.5662,-8.5471,1996_2015,1996_2015,19
usa_NC_0034_0211,66,1.2069,0.2967,0.1565,347,1996-01-26,2015-12-16,47.2462,13,61.5182,22,22.9311,5.6373,14.2720,-8.6591,1996_2015,1996_2015,19
usa_NC_0034_0212,67,1.3852,0.3022,0.1921,344,1996-01-26,2015-12-16,41.9231,13,58.9095,21,26.3188,5.7418,16.9864,-9.3324,1996_2015,1996_2015,19
usa_NC_0034_0213,67,1.5900,0.3118,0.2315,336,1996-01-26,2015-12-16,37.4000,13,58.9650,20,30.2100,5.9242,21.5650,-8.6450,1996_2015,1996_2015,19
usa_NC_0034_0214,67,1.8853,0.3013,0.3075,343,1996-01-26,2015-12-16,46.4692,13,72.0947,19,35.8207,5.7247,25.6255,-10.1952,1996_2015,1996_2015,19
usa_NC_0034_0215,67,2.1403,0.3091,0.3484,349,1996-01-26,2015-12-16,34.8308,13,66.3278,18,40.6657,5.8729,31.4970,-9.1687,1996_2015,1996_2015,19
usa_NC_0034_0216,67,2.2544,0.3051,0.3875,336,1996-01-26,2015-12-16,32.8462,13,65.4143,14,42.8336,5.7969,32.5681,-10.2655,1996_2015,1996_2015,19
usa_NC_0034_0217,67,2.3995,0.2973,0.4307,335,1996-01-26,2015-12-16,33.0385,13,66.8000,13,45.5905,5.6487,33.7615,-11.8290,1996_2015,1996_2015,19
usa_NC_0034_0218,67,2.6482,0.3038,0.4682,336,1996-01-26,2015-12-16,27.2769,13,66.3417,12,50.3158,5.7722,39.0647,-11.2511,1996_2015,1996_2015,19
usa_NC_0034_0219,67,2.8899,0.3173,0.4840,344,1996-01-26,2015-12-16,29.0308,13,68.5643,14,54.9081,6.0287,39.5335,-15.3746,1996_2015,1996_2015,19
usa_NC_0034_0220,67,2.9907,0.3461,0.4646,335,1996-01-26,2015-12-16,25.9385,13,62.6786,14,56.8233,6.5759,36.7401,-20.0832,1996_2015,1996_2015,19
usa_NC_0034_0221,67,3.2349,0.3462,0.5029,336,1996-01-26,2015-12-16,27.1385,13,65.0467,15,61.4631,6.5778,37.9082,-23.5549,1996_2015,1996_2015,19
usa_NC_0034_0222,68,3.3530,0.3591,0.5063,331,1996-01-26,2015-12-16,32.9692,13,73.6467,15,63.7070,6.8229,40.6774,-23.0296,1996_2015,1996_2015,19
usa_NC_0034_0223,68,3.5735,0.3653,0.5311,329,1996-01-26,2015-12-16,22.0615,13,64.8800,15,67.8965,6.9407,42.8185,-25.0780,1996_2015,1996_2015,19
usa_NC_0034_0224,68,3.5670,0.3677,0.5148,345,1996-01-26,2015-12-16,23.2769,13,63.0700,20,67.7730,6.9863,39.7931,-27.9799,1996_2015,1996_2015,19
usa_NC_0034_0225,68,3.4310,0.3667,0.4983,343,1996-01-26,2015-12-16,27.4846,13,62.6391,23,65.1890,6.9673,35.1545,-30.0345,1996_2015,1996_2015,19
usa_NC_0034_0226,68,3.3763,0.3664,0.4952,337,1996-01-26,2015-12-16,30.5308,13,63.4826,23,64.1497,6.9616,32.9518,-31.1979,1996_2015,1996_2015,19
usa_NC_0034_0227,68,3.3334,0.3610,0.4977,335,1996-01-26,2015-12-16,29.9923,13,61.8391,23,63.3346,6.8590,31.8468,-31.4878,1996_2015,1996_2015,19
usa_NC_0034_0228,68,3.3253,0.3689,0.4856,335,1996-01-26,2015-12-16,21.5846,13,50.5708,24,63.1807,7.0091,28.9862,-34.1945,1996_2015,1996_2015,19
usa_NC_0034_0229,68,3.3068,0.3640,0.4814,346,1996-01-26,2015-12-16,27.0769,13,55.7720,25,62.8292,6.9160,28.6951,-34.1341,1996_2015,1996_2015,19
usa_NC_0034_0230,68,3.2785,0.3544,0.4861,352,1996-01-26,2015-12-16,24.0923,13,53.1083,24,62.2915,6.7336,29.0160,-33.2755,1996_2015,1996_2015,19
usa_NC_0034_0231,68,3.2282,0.3645,0.4679,347,1996-01-26,2015-12-16,16.8615,13,48.5783,23,61.3358,6.9255,31.7167,-29.6191,1996_2015,1996_2015,19
usa_NC_0034_0232,69,3.0520,0.3621,0.4492,339,1996-01-26,2015-12-16,20.0714,14,54.4682,22,57.9880,6.8799,34.3968,-23.5912,1996_2015,1996_2015,19
usa_NC_0034_0233,69,2.9246,0.3543,0.4396,338,1996-01-26,2015-12-16,12.3071,14,48.8600,20,55.5674,6.7317,36.5529,-19.0145,1996_2015,1996_2015,19
usa_NC_0034_0234,69,2.7915,0.3422,0.4238,352,1996-01-26,2015-12-16,15.7286,14,51.6050,20,53.0385,6.5018,35.8764,-17.1621,1996_2015,1996_2015,19
usa_NC_0034_0235,69,2.6011,0.3331,0.4061,347,1996-01-26,2015-12-16,8.0214,14,44.0647,17,49.4209,6.3289,36.0433,-13.3776,1996_2015,1996_2015,19
usa_NC_0034_0236,69,2.4226,0.3181,0.3997,339,1996-01-26,2015-12-16,12.6286,14,47.1133,15,46.0294,6.0439,34.4848,-11.5446,1996_2015,1996_2015,19
usa_NC_0034_0237,69,2.2604,0.3184,0.3659,340,1996-01-26,2015-12-16,16.8786,14,47.6786,14,42.9476,6.0496,30.8000,-12.1476,1996_2015,1996_2015,19
usa_NC_0034_0238,69,2.0481,0.3071,0.3341,345,1996-01-26,2015-12-16,7.4000,14,39.2733,15,38.9139,5.8349,31.8733,-7.0406,1996_2015,1996_2015,19
usa_NC_0034_0239,69,1.8249,0.3038,0.2948,336,1996-01-26,2015-12-16,5.3214,14,38.2600,15,34.6731,5.7722,32.9386,-1.7345,1996_2015,1996_2015,19
usa_NC_0034_0240,69,1.5772,0.2950,0.2500,334,1996-01-26,2015-12-16,23.6429,14,51.2438,16,29.9668,5.6050,27.6009,-2.3659,1996_2015,1996_2015,19
usa_NC_0034_0241,69,1.3716,0.2909,0.2078,330,1996-01-26,2015-12-16,16.9214,14,39.7375,16,26.0604,5.5271,22.8161,-3.2443,1996_2015,1996_2015,19
usa_NC_0034_0243,70,1.0357,0.2832,0.1352,333,1996-01-26,2015-12-16,23.6500,14,38.9765,17,19.6783,5.3808,15.3265,-4.3518,1996_2015,1996_2015,19
usa_NC_0034_0244,70,0.6507,0.2754,0.0594,344,1996-01-26,2015-12-16,30.4929,14,42.4810,21,12.3633,5.2326,11.9881,-0.3752,1996_2015,1996_2015,19
usa_NC_0034_0245,70,0.4869,0.2700,0.0363,336,1996-01-26,2015-12-16,24.7643,14,36.5826,23,9.2511,5.1300,11.8183,2.5672,1996_2015,1996_2015,19
usa_NC_0034_0246,70,0.4158,0.2830,0.0248,330,1996-01-26,2015-12-16,38.5571,14,49.5522,23,7.9002,5.3770,10.9950,3.0948,1996_2015,1996_2015,19
usa_NC_0034_0247,70,0.2036,0.2831,0.0060,331,1996-01-26,2015-12-16,25.6929,14,36.1435,23,3.8684,5.3789,10.4506,6.5822,1996_2015,1996_2015,19
usa_NC_0034_0248,70,0.1015,0.2731,0.0016,336,1996-01-26,2015-12-16,29.8071,14,38.4240,25,1.9285,5.1889,8.6169,6.6884,1996_2015,1996_2015,19
usa_NC_0034_0249,70,0.0652,0.2695,0.0007,346,1996-01-26,2015-12-16,28.6714,14,38.7120,25,1.2388,5.1205,10.0406,8.8018,1996_2015,1996_2015,19
usa_NC_0034_0250,70,0.1163,0.2675,0.0021,345,1996-01-26,2015-12-16,29.8643,14,42.3375,24,2.2097,5.0825,12.4732,10.2635,1996_2015,1996_2015,19
usa_NC_0035_0001,70,0.0799,0.2731,0.0009,365,1996-01-26,2015-12-16,35.3308,13,50.4682,22,1.5181,5.1889,15.1374,13.6193,1996_2015,1996_2015,19
usa_NC_0035_0002,70,0.1395,0.2724,0.0028,360,1996-01-26,2015-12-16,34.2154,13,50.4591,22,2.6505,5.1756,16.2437,13.5932,1996_2015,1996_2015,19
usa_NC_0035_0003,71,0.2251,0.2719,0.0073,362,1996-01-26,2015-12-16,23.8231,13,39.8800,20,4.2769,5.1661,16.0569,11.7800,1996_2015,1996_2015,19
usa_NC_0035_0004,71,0.1247,0.2796,0.0021,372,1996-01-26,2015-12-16,34.8308,13,45.7889,18,2.3693,5.3124,10.9581,8.5888,1996_2015,1996_2015,19
usa_NC_0035_0005,71,0.0822,0.2721,0.0010,360,1996-01-26,2015-12-16,31.9846,13,38.6750,16,1.5618,5.1699,6.6904,5.1286,1996_2015,1996_2015,19
usa_NC_0035_0006,71,-0.0100,0.2601,0.0000,361,1996-01-26,2015-12-16,34.2308,13,39.5600,15,-0.1900,4.9419,5.3292,5.5192,1996_2015,1996_2015,19
usa_NC_0035_0007,71,-0.0411,0.2710,0.0002,362,1996-01-26,2015-12-16,36.6154,13,44.0643,14,-0.7809,5.1490,7.4489,8.2298,1996_2015,1996_2015,19
usa_NC_0035_0008,71,-0.0196,0.2690,0.0001,365,1996-01-26,2015-12-16,32.4385,13,41.8500,16,-0.3724,5.1110,9.4115,9.7839,1996_2015,1996_2015,19
usa_NC_0035_0009,71,-0.1153,0.2746,0.0019,362,1996-01-26,2015-12-16,29.7000,13,39.2133,15,-2.1907,5.2174,9.5133,11.7040,1996_2015,1996_2015,19
usa_NC_0035_0010,71,-0.1474,0.2801,0.0030,362,1996-01-26,2015-12-16,28.7000,13,42.3471,17,-2.8006,5.3219,13.6471,16.4477,1996_2015,1996_2015,19
usa_NC_0035_0011,71,-0.1820,0.3035,0.0040,350,1996-01-26,2015-12-16,33.5769,13,47.9235,17,-3.4580,5.7665,14.3466,17.8046,1996_2015,1996_2015,19
usa_NC_0035_0012,71,-0.1555,0.2957,0.0031,347,1996-01-26,2015-12-16,28.9923,13,44.5412,17,-2.9545,5.6183,15.5489,18.5034,1996_2015,1996_2015,19
usa_NC_0035_0013,72,-0.0819,0.2892,0.0009,356,1996-01-26,2015-12-16,27.4692,13,40.6474,19,-1.5561,5.4948,13.1781,14.7342,1996_2015,1996_2015,19
usa_NC_0035_0014,72,-0.0268,0.2800,0.0001,362,1996-01-26,2015-12-16,33.7462,13,46.7348,23,-0.5092,5.3200,12.9886,13.4978,1996_2015,1996_2015,19
usa_NC_0035_0015,72,0.0977,0.2869,0.0013,353,1996-01-26,2015-12-16,23.7077,13,39.8783,23,1.8563,5.4511,16.1706,14.3143,1996_2015,1996_2015,19
usa_NC_0035_0016,72,0.1874,0.2928,0.0045,349,1996-01-26,2015-12-16,21.9462,13,41.6304,23,3.5606,5.5632,19.6843,16.1237,1996_2015,1996_2015,19
usa_NC_0035_0017,72,0.3505,0.2983,0.0153,346,1996-01-26,2015-12-16,18.9538,13,45.7360,25,6.6595,5.6677,26.7822,20.1227,1996_2015,1996_2015,19
usa_NC_0035_0018,72,0.4493,0.3090,0.0229,351,1996-01-26,2015-12-16,17.0846,13,50.3440,25,8.5367,5.8710,33.2594,24.7227,1996_2015,1996_2015,19
usa_NC_0035_0019,72,0.4544,0.3060,0.0235,356,1996-01-26,2015-12-16,32.8923,13,67.4458,24,8.6336,5.8140,34.5535,25.9199,1996_2015,1996_2015,19
usa_NC_0035_0020,72,0.4305,0.3175,0.0194,361,1996-01-26,2015-12-16,22.9846,13,58.6375,24,8.1795,6.0325,35.6529,27.4734,1996_2015,1996_2015,19
usa_NC_0035_0021,72,0.3131,0.3253,0.0098,363,1996-01-26,2015-12-16,18.9462,13,54.2091,22,5.9489,6.1807,35.2629,29.3140,1996_2015,1996_2015,19
usa_NC_0035_0022,72,0.3368,0.3386,0.0109,350,1996-01-26,2015-12-16,23.8769,13,60.6524,21,6.3992,6.4334,36.7755,30.3763,1996_2015,1996_2015,19
usa_NC_0035_0023,73,0.4822,0.3388,0.0211,365,1996-01-26,2015-12-16,18.6000,13,55.9000,21,9.1618,6.4372,37.3000,28.1382,1996_2015,1996_2015,19
usa_NC_0035_0024,73,0.5713,0.3436,0.0282,371,1996-01-26,2015-12-16,19.4077,13,58.7105,19,10.8547,6.5284,39.3028,28.4481,1996_2015,1996_2015,19
usa_NC_0035_0025,73,0.8594,0.3501,0.0623,353,1996-01-26,2015-12-16,21.5231,13,66.1125,16,16.3286,6.6519,44.5894,28.2608,1996_2015,1996_2015,19
usa_NC_0035_0026,73,1.1177,0.3476,0.1028,351,1996-01-26,2015-12-16,21.7308,13,68.6067,15,21.2363,6.6044,46.8759,25.6396,1996_2015,1996_2015,19
usa_NC_0035_0027,73,1.3505,0.3307,0.1542,356,1996-01-26,2015-12-16,17.5538,13,64.2533,15,25.6595,6.2833,46.6995,21.0400,1996_2015,1996_2015,19
usa_NC_0035_0028,73,1.6295,0.3303,0.2082,360,1996-01-26,2015-12-16,17.8538,13,63.7938,16,30.9605,6.2757,45.9399,14.9794,1996_2015,1996_2015,19
usa_NC_0035_0029,73,1.8280,0.3386,0.2411,357,1996-01-26,2015-12-16,16.1846,13,60.1706,17,34.7320,6.4334,43.9860,9.2540,1996_2015,1996_2015,19
usa_NC_0035_0030,73,1.9201,0.3412,0.2604,350,1996-01-26,2015-12-16,13.8769,13,50.9176,17,36.4819,6.4828,37.0407,0.5588,1996_2015,1996_2015,19
usa_NC_0035_0031,73,1.9569,0.3328,0.2829,341,1996-01-26,2015-12-16,12.9385,13,43.2059,17,37.1811,6.3232,30.2674,-6.9137,1996_2015,1996_2015,19
usa_NC_0035_0032,73,2.0535,0.3194,0.3173,346,1996-01-26,2015-12-16,7.7231,13,35.7471,17,39.0165,6.0686,28.0240,-10.9925,1996_2015,1996_2015,19
usa_NC_0035_0034,74,2.0290,0.3009,0.3307,358,1996-01-26,2015-12-16,10.7462,13,37.8000,24,38.5510,5.7171,27.0538,-11.4972,1996_2015,1996_2015,19
usa_NC_0035_0035,74,2.0157,0.2857,0.3542,353,1996-01-26,2015-12-16,6.5385,13,36.1913,23,38.2983,5.4283,29.6528,-8.6455,1996_2015,1996_2015,19
usa_NC_0035_0036,74,1.9689,0.2747,0.3634,350,1996-01-26,2015-12-16,6.9615,13,38.9083,24,37.4091,5.2193,31.9468,-5.4623,1996_2015,1996_2015,19
usa_NC_0035_0037,74,1.9361,0.2676,0.3678,350,1996-01-26,2015-12-16,4.9154,13,42.0120,25,36.7859,5.0844,37.0966,0.3107,1996_2015,1996_2015,19
usa_NC_0035_0038,74,1.8407,0.2620,0.3478,360,1996-01-26,2015-12-16,15.2077,13,53.1320,25,34.9733,4.9780,37.9243,2.9510,1996_2015,1996_2015,19
usa_NC_0035_0039,74,1.6024,0.2630,0.2862,360,1996-01-26,2015-12-16,16.3769,13,53.6042,24,30.4456,4.9970,37.2272,6.7816,1996_2015,1996_2015,19
usa_NC_0035_0040,74,1.3943,0.2644,0.2301,362,1996-01-26,2015-12-16,12.6385,13,45.0565,23,26.4917,5.0236,32.4181,5.9264,1996_2015,1996_2015,19
usa_NC_0035_0041,74,1.1136,0.2736,0.1521,359,1996-01-26,2015-12-16,26.7462,13,51.9318,22,21.1584,5.1984,25.1857,4.0273,1996_2015,1996_2015,19
usa_NC_0035_0042,74,0.8976,0.2798,0.1003,359,1996-01-26,2015-12-16,26.7000,13,45.0143,21,17.0544,5.3162,18.3143,1.2599,1996_2015,1996_2015,19
usa_NC_0035_0043,74,0.4647,0.2790,0.0284,369,1996-01-26,2015-12-16,35.8231,13,44.4190,21,8.8293,5.3010,8.5960,-0.2333,1996_2015,1996_2015,19
usa_NC_0035_0044,75,0.1575,0.2882,0.0032,363,1996-01-26,2015-12-16,42.8462,13,46.2059,17,2.9925,5.4758,3.3597,0.3672,1996_2015,1996_2015,19
usa_NC_0035_0045,75,-0.2492,0.2968,0.0076,359,1996-01-26,2015-12-16,42.4154,13,37.0062,16,-4.7348,5.6392,-5.4091,-0.6743,1996_2015,1996_2015,19
usa_NC_0035_0046,75,-0.7358,0.3057,0.0597,355,1996-01-26,2015-12-16,49.8538,13,33.9000,14,-13.9802,5.8083,-15.9538,-1.9736,1996_2015,1996_2015,19
usa_NC_0035_0047,75,-1.2167,0.3199,0.1358,358,1996-01-26,2015-12-16,58.4538,13,33.6200,15,-23.1173,6.0781,-24.8338,-1.7165,1996_2015,1996_2015,19
usa_NC_0035_0048,75,-1.5663,0.3301,0.1952,361,1996-01-26,2015-12-16,62.2615,13,28.8937,16,-29.7597,6.2719,-33.3678,-3.6081,1996_2015,1996_2015,19
usa_NC_0035_0049,75,-1.8919,0.3433,0.2460,362,1996-01-26,2015-12-16,70.6417,12,22.9938,16,-35.9461,6.5227,-47.6479,-11.7018,1996_2015,1996_2015,19
usa_NC_0035_0050,75,-1.9575,0.3477,0.2589,353,1996-01-26,2015-12-16,79.1667,12,25.5412,17,-37.1925,6.6063,-53.6255,-16.4330,1996_2015,1996_2015,19
usa_NC_0035_0051,75,-2.1461,0.3555,0.2883,350,1996-01-26,2015-12-16,85.9000,12,24.6824,17,-40.7759,6.7545,-61.2176,-20.4417,1996_2015,1996_2015,19
usa_NC_0035_0052,75,-2.2221,0.3591,0.2955,355,1996-01-26,2015-12-16,96.8083,12,27.9375,16,-42.2199,6.8229,-68.8708,-26.6509,1996_2015,1996_2015,19
usa_NC_0035_0053,75,-2.5938,0.3627,0.3527,365,1996-01-26,2015-12-16,101.0917,12,23.9550,20,-49.2822,6.8913,-77.1367,-27.8545,1996_2015,1996_2015,19
usa_NC_0035_0054,76,-2.8758,0.3593,0.4070,363,1996-01-26,2015-12-16,104.0333,12,24.9318,22,-54.6402,6.8267,-79.1015,-24.4613,1996_2015,1996_2015,19
usa_NC_0035_0055,76,-3.1476,0.3461,0.4725,359,1996-01-26,2015-12-16,105.1333,12,24.8727,22,-59.8044,6.5759,-80.2606,-20.4562,1996_2015,1996_2015,19
usa_NC_0035_0056,76,-3.2836,0.3139,0.5467,353,1996-01-26,2015-12-16,105.1167,12,22.9273,22,-62.3884,5.9641,-82.1894,-19.8010,1996_2015,1996_2015,19
usa_NC_0035_0057,76,-3.4482,0.2907,0.6051,357,1996-01-26,2015-12-16,109.6500,12,24.8458,24,-65.5158,5.5233,-84.8042,-19.2884,1996_2015,1996_2015,19
usa_NC_0035_0058,76,-3.6350,0.2798,0.6445,362,1996-01-26,2015-12-16,117.9000,12,26.0435,23,-69.0650,5.3162,-91.8565,-22.7915,1996_2015,1996_2015,19
usa_NC_0035_0059,76,-3.8188,0.2774,0.6675,367,1996-01-26,2015-12-16,131.0667,12,31.6652,23,-72.5572,5.2706,-99.4014,-26.8442,1996_2015,1996_2015,19
usa_NC_0035_0060,76,-3.9970,0.2868,0.6748,364,1996-01-26,2015-12-16,138.2250,12,35.1217,23,-75.9430,5.4492,-103.1033,-27.1603,1996_2015,1996_2015,19
usa_NC_0035_0061,76,-3.9555,0.2878,0.6717,359,1996-01-26,2015-12-16,144.9167,12,44.2136,22,-75.1545,5.4682,-100.7030,-25.5485,1996_2015,1996_2015,19
usa_NC_0035_0062,76,-3.6465,0.2944,0.6236,360,1996-01-26,2015-12-16,141.3833,12,49.8400,20,-69.2835,5.5936,-91.5433,-22.2598,1996_2015,1996_2015,19
usa_NC_0035_0063,76,-3.3055,0.2957,0.5684,369,1996-01-26,2015-12-16,139.1000,12,60.0333,21,-62.8045,5.6183,-79.0667,-16.2622,1996_2015,1996_2015,19
usa_NC_0035_0064,77,-3.0840,0.3025,0.5254,365,1996-01-26,2015-12-16,138.7167,12,66.2059,17,-58.5960,5.7475,-72.5108,-13.9148,1996_2015,1996_2015,19
usa_NC_0035_0065,77,-2.9544,0.3128,0.4929,357,1996-01-26,2015-12-16,122.2833,12,57.0867,15,-56.1336,5.9432,-65.1967,-9.0631,1996_2015,1996_2015,19
usa_NC_0035_0066,77,-2.7657,0.3214,0.4500,352,1996-01-26,2015-12-16,115.7500,12,55.6733,15,-52.5483,6.1066,-60.0767,-7.5284,1996_2015,1996_2015,19
usa_NC_0035_0067,77,-2.5534,0.3255,0.3993,360,1996-01-26,2015-12-16,112.4000,12,57.9937,16,-48.5146,6.1845,-54.4062,-5.8916,1996_2015,1996_2015,19
usa_NC_0035_0068,77,-2.1794,0.3279,0.3261,355,1996-01-26,2015-12-16,100.8167,12,55.2750,16,-41.4086,6.2301,-45.5417,-4.1331,1996_2015,1996_2015,19
usa_NC_0035_0069,77,-1.7818,0.3230,0.2506,354,1996-01-26,2015-12-16,98.8583,12,61.1000,17,-33.8542,6.1370,-37.7583,-3.9041,1996_2015,1996_2015,19
usa_NC_0035_0070,77,-1.3801,0.3355,0.1572,353,1996-01-26,2015-12-16,91.1462,13,60.9176,17,-26.2219,6.3745,-30.2285,-4.0066,1996_2015,1996_2015,19
usa_NC_0035_0071,77,-1.1428,0.3492,0.1078,345,1996-01-26,2015-12-16,93.0308,13,66.7294,17,-21.7132,6.6348,-26.3014,-4.5882,1996_2015,1996_2015,19
usa_NC_0035_0072,77,-0.8960,0.3628,0.0637,349,1996-01-26,2015-12-16,90.7692,13,68.7889,18,-17.0240,6.8932,-21.9803,-4.9563,1996_2015,1996_2015,19
usa_NC_0035_0073,77,-0.6957,0.3730,0.0363,359,1996-01-26,2015-12-16,97.6154,13,75.9091,22,-13.2183,7.0870,-21.7063,-8.4880,1996_2015,1996_2015,19
usa_NC_0035_0074,78,-0.5484,0.3802,0.0222,357,1996-01-26,2015-12-16,92.1846,13,71.2818,22,-10.4196,7.2238,-20.9028,-10.4832,1996_2015,1996_2015,19
usa_NC_0035_0075,78,-0.5049,0.3745,0.0194,357,1996-01-26,2015-12-16,96.4769,13,71.5545,22,-9.5931,7.1155,-24.9224,-15.3293,1996_2015,1996_2015,19
usa_NC_0035_0076,78,-0.5877,0.3740,0.0263,355,1996-01-26,2015-12-16,91.9077,13,60.2391,23,-11.1663,7.1060,-31.6686,-20.5023,1996_2015,1996_2015,19
usa_NC_0035_0077,78,-0.7070,0.3730,0.0378,356,1996-01-26,2015-12-16,88.9692,13,51.0542,24,-13.4330,7.0870,-37.9151,-24.4821,1996_2015,1996_2015,19
usa_NC_0035_0078,78,-0.8647,0.3661,0.0565,362,1996-01-26,2015-12-16,99.4769,13,56.7739,23,-16.4293,6.9559,-42.7030,-26.2737,1996_2015,1996_2015,19
usa_NC_0035_0079,78,-1.1055,0.3509,0.0956,365,1996-01-26,2015-12-16,88.7462,13,41.2609,23,-21.0045,6.6671,-47.4853,-26.4808,1996_2015,1996_2015,19
usa_NC_0035_0080,78,-1.2166,0.3475,0.1152,366,1996-01-26,2015-12-16,99.2615,13,48.7136,22,-23.1154,6.6025,-50.5479,-27.4325,1996_2015,1996_2015,19
usa_NC_0035_0081,78,-1.2445,0.3491,0.1229,353,1996-01-26,2015-12-16,96.5231,13,44.3000,21,-23.6455,6.6329,-52.2231,-28.5776,1996_2015,1996_2015,19
usa_NC_0035_0082,78,-1.1305,0.3287,0.1133,360,1996-01-26,2015-12-16,103.7231,13,48.8100,20,-21.4795,6.2453,-54.9131,-33.4336,1996_2015,1996_2015,19
usa_NC_0035_0083,78,-1.1683,0.3130,0.1280,369,1996-01-26,2015-12-16,103.5154,13,46.8000,21,-22.1977,5.9470,-56.7154,-34.5177,1996_2015,1996_2015,19
usa_NC_0035_0084,79,-1.2773,0.3278,0.1416,358,1996-01-26,2015-12-16,65.8692,13,4.7625,16,-24.2687,6.2282,-61.1067,-36.8380,1996_2015,1996_2015,19
usa_NC_0035_0085,79,-1.3086,0.3143,0.1588,357,1996-01-26,2015-12-16,94.8538,13,32.9933,15,-24.8634,5.9717,-61.8605,-36.9971,1996_2015,1996_2015,19
usa_NC_0035_0086,79,-1.4462,0.2923,0.2135,351,1996-01-26,2015-12-16,94.4167,12,32.8733,15,-27.4778,5.5537,-61.5433,-34.0655,1996_2015,1996_2015,19
usa_NC_0035_0087,79,-1.7063,0.2853,0.2782,361,1996-01-26,2015-12-16,91.9500,12,31.8438,16,-32.4197,5.4207,-60.1062,-27.6865,1996_2015,1996_2015,19
usa_NC_0035_0088,79,-1.9710,0.2898,0.3350,357,1996-01-26,2015-12-16,116.2000,12,56.2312,16,-37.4490,5.5062,-59.9688,-22.5198,1996_2015,1996_2015,19
usa_NC_0035_0089,79,-2.1978,0.2989,0.3713,356,1996-01-26,2015-12-16,92.7250,12,35.0438,16,-41.7582,5.6791,-57.6812,-15.9230,1996_2015,1996_2015,19
usa_NC_0035_0090,79,-2.5122,0.3025,0.4340,350,1996-01-26,2015-12-16,88.0917,12,38.2588,17,-47.7318,5.7475,-49.8328,-2.1010,1996_2015,1996_2015,19
usa_NC_0036_0001,79,-2.9169,0.3274,0.4761,340,1996-01-26,2015-12-16,92.7900,10,52.7706,17,-55.4211,6.2206,-40.0194,15.4017,1996_2015,1996_2015,19
usa_NC_0036_0002,79,-3.0152,0.3146,0.5103,343,1996-01-26,2015-12-16,89.2300,10,51.0235,17,-57.2888,5.9774,-38.2065,19.0823,1996_2015,1996_2015,19
usa_NC_0036_0003,79,-3.0883,0.3050,0.5256,360,1996-01-26,2015-12-16,86.9900,10,48.6522,23,-58.6777,5.7950,-38.3378,20.3399,1996_2015,1996_2015,19
usa_NC_0036_0004,80,-3.2086,0.3126,0.5337,358,1996-01-26,2015-12-16,92.9000,10,50.5042,24,-60.9634,5.9394,-42.3958,18.5676,1996_2015,1996_2015,19
usa_NC_0036_0005,80,-3.3407,0.3131,0.5557,354,1996-01-26,2015-12-16,86.9900,10,40.3160,25,-63.4733,5.9489,-46.6740,16.7993,1996_2015,1996_2015,19
usa_NC_0036_0006,80,-3.5335,0.3042,0.5958,356,1996-01-26,2015-12-16,112.8500,10,61.4346,26,-67.1365,5.7798,-51.4154,15.7211,1996_2015,1996_2015,19
usa_NC_0036_0007,80,-3.8601,0.3116,0.6284,353,1996-01-26,2015-12-16,108.2900,10,54.1926,27,-73.3419,5.9204,-54.0974,19.2445,1996_2015,1996_2015,19
usa_NC_0036_0008,80,-4.0713,0.3216,0.6371,355,1996-01-26,2015-12-16,118.3100,10,64.8148,27,-77.3547,6.1104,-53.4952,23.8595,1996_2015,1996_2015,19
usa_NC_0036_0009,80,-4.5101,0.3257,0.6737,361,1996-01-26,2015-12-16,124.1300,10,66.5077,26,-85.6919,6.1883,-57.6223,28.0696,1996_2015,1996_2015,19
usa_NC_0036_0010,80,-4.9942,0.3391,0.6992,363,1996-01-26,2015-12-16,124.8727,11,61.5880,25,-94.8898,6.4429,-63.2847,31.6051,1996_2015,1996_2015,19
usa_NC_0036_0011,80,-5.0882,0.3457,0.7054,352,1996-01-26,2015-12-16,131.6182,11,66.4667,24,-96.6758,6.5683,-65.1515,31.5243,1996_2015,1996_2015,19
usa_NC_0036_0012,80,-5.1343,0.3505,0.7022,354,1996-01-26,2015-12-16,120.2636,11,53.7286,21,-97.5517,6.6595,-66.5351,31.0166,1996_2015,1996_2015,19
usa_NC_0036_0013,80,-5.1563,0.3395,0.7108,365,1996-01-26,2015-12-16,121.8417,12,49.7000,21,-97.9697,6.4505,-72.1417,25.8280,1996_2015,1996_2015,19
usa_NC_0036_0014,81,-5.1936,0.3461,0.7093,359,1996-01-26,2015-12-16,124.3000,11,48.7500,18,-98.6784,6.5759,-75.5500,23.1284,1996_2015,1996_2015,19
usa_NC_0036_0015,81,-4.8833,0.3426,0.6888,357,1996-01-26,2015-12-16,123.9455,11,51.2437,16,-92.7827,6.5094,-72.7017,20.0810,1996_2015,1996_2015,19
usa_NC_0036_0016,81,-4.5427,0.3275,0.6763,358,1996-01-26,2015-12-16,115.8909,11,43.0643,14,-86.3113,6.2225,-72.8266,13.4847,1996_2015,1996_2015,19
usa_NC_0036_0017,81,-4.1215,0.3176,0.6479,356,1996-01-26,2015-12-16,98.4727,11,26.7154,13,-78.3085,6.0344,-71.7573,6.5512,1996_2015,1996_2015,19
usa_NC_0036_0018,81,-3.6446,0.3051,0.6113,353,1996-01-26,2015-12-16,114.9727,11,45.3571,14,-69.2474,5.7969,-69.6156,-0.3682,1996_2015,1996_2015,19
usa_NC_0036_0019,81,-3.1339,0.2920,0.5580,355,1996-01-26,2015-12-16,106.5727,11,42.0583,12,-59.5441,5.5480,-64.5144,-4.9703,1996_2015,1996_2015,19
usa_NC_0036_0020,81,-2.6118,0.2841,0.4794,357,1996-01-26,2015-12-16,82.2545,11,28.0267,15,-49.6242,5.3979,-54.2279,-4.6037,1996_2015,1996_2015,19
usa_NC_0036_0021,81,-2.3988,0.2880,0.4361,349,1996-01-26,2015-12-16,80.2364,11,34.8133,15,-45.5772,5.4720,-45.4230,0.1542,1996_2015,1996_2015,19
usa_NC_0036_0022,81,-2.2002,0.2844,0.4052,342,1996-01-26,2015-12-16,109.8727,11,68.4375,16,-41.8038,5.4036,-41.4352,0.3686,1996_2015,1996_2015,19
usa_NC_0036_0023,81,-1.9213,0.2671,0.3599,358,1996-01-26,2015-12-16,85.1182,11,47.0095,21,-36.5047,5.0749,-38.1087,-1.6040,1996_2015,1996_2015,19
usa_NC_0036_0024,82,-1.7136,0.2622,0.3151,361,1996-01-26,2015-12-16,48.7636,11,14.7739,23,-32.5584,4.9818,-33.9897,-1.4313,1996_2015,1996_2015,19
usa_NC_0036_0025,82,-1.3206,0.2514,0.2342,351,1996-01-26,2015-12-16,84.6818,11,58.2130,23,-25.0914,4.7766,-26.4688,-1.3774,1996_2015,1996_2015,19
usa_NC_0036_0026,82,-1.1464,0.2529,0.1829,357,1996-01-26,2015-12-16,66.2000,10,46.2333,24,-21.7816,4.8051,-19.9667,1.8149,1996_2015,1996_2015,19
usa_NC_0036_0027,82,-1.0049,0.2561,0.1426,360,1996-01-26,2015-12-16,53.7750,12,44.0615,26,-19.0931,4.8659,-9.7135,9.3796,1996_2015,1996_2015,19
usa_NC_0036_0028,82,-0.9150,0.2686,0.1103,364,1996-01-26,2015-12-16,59.7917,12,50.5926,27,-17.3850,5.1034,-9.1991,8.1859,1996_2015,1996_2015,19
usa_NC_0036_0029,82,-0.8596,0.2511,0.1105,367,1996-01-26,2015-12-16,59.3333,12,46.8808,26,-16.3324,4.7709,-12.4526,3.8798,1996_2015,1996_2015,19
usa_NC_0036_0030,82,-0.8917,0.2682,0.1043,369,1996-01-26,2015-12-16,56.3692,13,43.1600,25,-16.9423,5.0958,-13.2092,3.7331,1996_2015,1996_2015,19
usa_NC_0036_0031,82,-1.0407,0.2866,0.1223,368,1996-01-26,2015-12-16,59.7538,13,47.5667,24,-19.7733,5.4454,-12.1872,7.5861,1996_2015,1996_2015,19
usa_NC_0036_0032,82,-1.2341,0.2903,0.1618,364,1996-01-26,2015-12-16,73.3692,13,59.9000,21,-23.4479,5.5157,-13.4692,9.9787,1996_2015,1996_2015,19
usa_NC_0036_0033,82,-1.5629,0.2848,0.2340,383,1996-01-26,2015-12-16,60.9846,13,43.9333,21,-29.6951,5.4112,-17.0513,12.6438,1996_2015,1996_2015,19
usa_NC_0036_0034,83,-1.8509,0.2753,0.3161,380,1996-01-26,2015-12-16,65.0154,13,44.1524,21,-35.1671,5.2307,-20.8630,14.3041,1996_2015,1996_2015,19
usa_NC_0036_0035,83,-2.1399,0.2775,0.3879,365,1996-01-26,2015-12-16,87.9538,13,63.1250,16,-40.6581,5.2725,-24.8288,15.8293,1996_2015,1996_2015,19
usa_NC_0036_0036,83,-2.2773,0.2833,0.4051,369,1996-01-26,2015-12-16,71.1769,13,43.8667,15,-43.2687,5.3827,-27.3103,15.9584,1996_2015,1996_2015,19
usa_NC_0036_0037,83,-2.3038,0.2889,0.4066,361,1996-01-26,2015-12-16,72.5000,13,40.9571,14,-43.7722,5.4891,-31.5429,12.2293,1996_2015,1996_2015,19
usa_NC_0036_0038,83,-2.4938,0.2982,0.4311,359,1996-01-26,2015-12-16,62.6769,13,29.1800,15,-47.3822,5.6658,-33.4969,13.8853,1996_2015,1996_2015,19
usa_NC_0036_0039,83,-2.5780,0.2975,0.4444,365,1996-01-26,2015-12-16,101.8077,13,67.2500,14,-48.9820,5.6525,-34.5577,14.4243,1996_2015,1996_2015,19
usa_NC_0036_0040,83,-2.6723,0.2946,0.4691,362,1996-01-26,2015-12-16,111.3000,12,77.2188,16,-50.7737,5.5974,-34.0812,16.6925,1996_2015,1996_2015,19
usa_NC_0036_0041,83,-2.8603,0.2953,0.5041,359,1996-01-26,2015-12-16,72.2917,12,35.7353,17,-54.3457,5.6107,-36.5564,17.7893,1996_2015,1996_2015,19
usa_NC_0036_0042,83,-2.9211,0.3201,0.4778,354,1996-01-26,2015-12-16,104.8077,13,66.0824,17,-55.5009,6.0819,-38.7253,16.7756,1996_2015,1996_2015,19
usa_NC_0036_0043,83,-2.8837,0.3163,0.4759,356,1996-01-26,2015-12-16,99.1154,13,59.0053,19,-54.7903,6.0097,-40.1101,14.6802,1996_2015,1996_2015,19
usa_NC_0036_0044,84,-2.8403,0.3176,0.4601,365,1996-01-26,2015-12-16,91.9462,13,52.9875,24,-53.9657,6.0344,-38.9587,15.0070,1996_2015,1996_2015,19
usa_NC_0036_0045,84,-2.7674,0.3250,0.4371,363,1996-01-26,2015-12-16,87.2583,12,48.1417,24,-52.5806,6.1750,-39.1167,13.4639,1996_2015,1996_2015,19
usa_NC_0036_0046,84,-2.7853,0.3257,0.4420,359,1996-01-26,2015-12-16,90.9455,11,45.1120,25,-52.9207,6.1883,-45.8335,7.0872,1996_2015,1996_2015,19
usa_NC_0036_0047,84,-2.6297,0.3368,0.3944,364,1996-01-26,2015-12-16,85.9250,12,44.4519,27,-49.9643,6.3992,-41.4731,8.4912,1996_2015,1996_2015,19
usa_NC_0036_0048,84,-2.5927,0.3428,0.3761,369,1996-01-26,2015-12-16,87.4083,12,46.0593,27,-49.2613,6.5132,-41.3491,7.9122,1996_2015,1996_2015,19
usa_NC_0036_0049,84,-2.3686,0.3427,0.3366,366,1996-01-26,2015-12-16,91.0667,12,53.1407,27,-45.0034,6.5113,-37.9259,7.0775,1996_2015,1996_2015,19
usa_NC_0036_0050,84,-2.2398,0.3302,0.3277,367,1996-01-26,2015-12-16,92.9667,12,56.7462,26,-42.5562,6.2738,-36.2205,6.3357,1996_2015,1996_2015,19
usa_NC_0036_0051,84,-2.0514,0.3162,0.3061,371,1996-01-26,2015-12-16,98.5250,12,66.6600,25,-38.9766,6.0078,-31.8650,7.1116,1996_2015,1996_2015,19
usa_NC_0036_0052,84,-1.9564,0.3144,0.2897,369,1996-01-26,2015-12-16,104.3667,12,74.8833,24,-37.1716,5.9736,-29.4833,7.6883,1996_2015,1996_2015,19
usa_NC_0036_0053,84,-1.8745,0.3087,0.2821,365,1996-01-26,2015-12-16,102.2417,12,75.1571,21,-35.6155,5.8653,-27.0845,8.5310,1996_2015,1996_2015,19
usa_NC_0036_0054,84,-1.8277,0.3085,0.2689,371,1996-01-26,2015-12-16,90.8167,12,65.0952,21,-34.7263,5.8615,-25.7214,9.0049,1996_2015,1996_2015,19
usa_NC_0036_0055,85,-1.8514,0.2942,0.2872,382,1996-01-26,2015-12-16,90.6333,12,65.1952,21,-35.1766,5.5898,-25.4381,9.7385,1996_2015,1996_2015,19
usa_NC_0036_0056,85,-1.8765,0.3087,0.2814,367,1996-01-26,2015-12-16,87.4917,12,63.2765,17,-35.6535,5.8653,-24.2152,11.4383,1996_2015,1996_2015,19
usa_NC_0036_0057,85,-1.8407,0.3121,0.2682,369,1996-01-26,2015-12-16,83.3917,12,61.7000,16,-34.9733,5.9299,-21.6917,13.2816,1996_2015,1996_2015,19
usa_NC_0036_0058,85,-1.8728,0.3143,0.2745,365,1996-01-26,2015-12-16,80.4750,12,60.9400,15,-35.5832,5.9717,-19.5350,16.0482,1996_2015,1996_2015,19
usa_NC_0036_0059,85,-1.8915,0.3120,0.2847,359,1996-01-26,2015-12-16,75.3917,12,57.8308,13,-35.9385,5.9280,-17.5609,18.3776,1996_2015,1996_2015,19
usa_NC_0036_0060,85,-1.8236,0.3121,0.2717,356,1996-01-26,2015-12-16,71.7000,12,56.1667,15,-34.6484,5.9299,-15.5333,19.1151,1996_2015,1996_2015,19
usa_NC_0036_0061,85,-1.7566,0.2967,0.2775,355,1996-01-26,2015-12-16,69.8333,12,53.5286,14,-33.3754,5.6373,-16.3048,17.0706,1996_2015,1996_2015,19
usa_NC_0036_0062,85,-1.6482,0.2879,0.2626,358,1996-01-26,2015-12-16,71.8083,12,55.0312,16,-31.3158,5.4701,-16.7771,14.5387,1996_2015,1996_2015,19
usa_NC_0036_0063,85,-1.6145,0.2870,0.2580,354,1996-01-26,2015-12-16,71.5615,13,51.7500,16,-30.6755,5.4530,-19.8115,10.8640,1996_2015,1996_2015,19
usa_NC_0036_0064,85,-1.5285,0.2785,0.2476,356,1996-01-26,2015-12-16,66.2846,13,45.3235,17,-29.0415,5.2915,-20.9611,8.0804,1996_2015,1996_2015,19
usa_NC_0036_0065,85,-1.4941,0.2810,0.2381,352,1996-01-26,2015-12-16,69.1000,14,46.9471,17,-28.3879,5.3390,-22.1529,6.2350,1996_2015,1996_2015,19
usa_NC_0036_0066,85,-1.2377,0.2623,0.1930,362,1996-01-26,2015-12-16,71.6357,14,51.1591,22,-23.5163,4.9837,-20.4766,3.0397,1996_2015,1996_2015,19
usa_NC_0036_0067,86,-1.1196,0.2680,0.1582,361,1996-01-26,2015-12-16,71.8357,14,54.4667,24,-21.2724,5.0920,-17.3690,3.9034,1996_2015,1996_2015,19
usa_NC_0036_0068,86,-1.2099,0.2732,0.1752,359,1996-01-26,2015-12-16,73.2071,14,53.5458,24,-22.9881,5.1908,-19.6613,3.3268,1996_2015,1996_2015,19
usa_NC_0036_0069,86,-1.2005,0.2894,0.1568,360,1996-01-26,2015-12-16,74.7786,14,52.1520,25,-22.8095,5.4986,-22.6266,0.1829,1996_2015,1996_2015,19
usa_NC_0036_0070,86,-1.1704,0.2855,0.1532,361,1996-01-26,2015-12-16,79.7571,14,58.1346,26,-22.2376,5.4245,-21.6225,0.6151,1996_2015,1996_2015,19
usa_NC_0036_0071,86,-1.1946,0.3027,0.1426,364,1996-01-26,2015-12-16,75.5643,14,52.1074,27,-22.6974,5.7513,-23.4569,-0.7595,1996_2015,1996_2015,19
usa_NC_0036_0072,86,-1.2156,0.3096,0.1428,360,1996-01-26,2015-12-16,79.5538,13,53.4593,27,-23.0964,5.8824,-26.0946,-2.9982,1996_2015,1996_2015,19
usa_NC_0036_0073,86,-1.2038,0.2975,0.1496,362,1996-01-26,2015-12-16,86.4154,13,61.5423,26,-22.8722,5.6525,-24.8731,-2.0009,1996_2015,1996_2015,19
usa_NC_0036_0074,86,-1.1667,0.2991,0.1402,363,1996-01-26,2015-12-16,87.5308,13,62.8480,25,-22.1673,5.6829,-24.6828,-2.5155,1996_2015,1996_2015,19
usa_NC_0036_0075,86,-1.1732,0.3084,0.1326,368,1996-01-26,2015-12-16,88.4917,12,60.1542,24,-22.2908,5.8596,-28.3375,-6.0467,1996_2015,1996_2015,19
usa_NC_0036_0076,86,-1.2828,0.3142,0.1555,352,1996-01-26,2015-12-16,87.7667,12,56.9227,22,-24.3732,5.9698,-30.8439,-6.4707,1996_2015,1996_2015,19
usa_NC_0036_0077,86,-1.1948,0.3113,0.1363,363,1996-01-26,2015-12-16,96.9615,13,68.6000,21,-22.7012,5.9147,-28.3615,-5.6603,1996_2015,1996_2015,19
usa_NC_0036_0078,86,-1.2454,0.3072,0.1462,373,1996-01-26,2015-12-16,95.2833,12,62.5524,21,-23.6626,5.8368,-32.7310,-9.0684,1996_2015,1996_2015,19
usa_NC_0036_0079,87,-1.0992,0.3052,0.1194,372,1996-01-26,2015-12-16,93.5500,12,66.2238,21,-20.8848,5.7988,-27.3262,-6.4414,1996_2015,1996_2015,19
usa_NC_0036_0080,87,-1.0464,0.3150,0.1068,359,1996-01-26,2015-12-16,84.7750,12,59.5400,15,-19.8816,5.9850,-25.2350,-5.3534,1996_2015,1996_2015,19
usa_NC_0036_0081,87,-0.8739,0.3087,0.0784,366,1996-01-26,2015-12-16,84.8833,12,62.6933,15,-16.6041,5.8653,-22.1900,-5.5859,1996_2015,1996_2015,19
usa_NC_0036_0082,87,-0.8444,0.3095,0.0744,360,1996-01-26,2015-12-16,83.3417,12,60.3308,13,-16.0436,5.8805,-23.0109,-6.9673,1996_2015,1996_2015,19
usa_NC_0036_0083,87,-0.8874,0.2975,0.0881,358,1996-01-26,2015-12-16,85.1917,12,60.2357,14,-16.8606,5.6525,-24.9560,-8.0954,1996_2015,1996_2015,19
usa_NC_0036_0084,87,-0.8302,0.3066,0.0742,356,1996-01-26,2015-12-16,87.7500,12,59.2615,13,-15.7738,5.8254,-28.4885,-12.7147,1996_2015,1996_2015,19
usa_NC_0036_0085,87,-0.8002,0.2808,0.0813,357,1996-01-26,2015-12-16,82.0308,13,56.8800,15,-15.2038,5.3352,-25.1508,-9.9470,1996_2015,1996_2015,19
usa_NC_0036_0086,87,-0.7334,0.2800,0.0701,354,1996-01-26,2015-12-16,74.1538,13,50.1937,16,-13.9346,5.3200,-23.9601,-10.0255,1996_2015,1996_2015,19
usa_NC_0036_0087,87,-0.6775,0.2869,0.0582,351,1996-01-26,2015-12-16,68.8462,13,47.6875,16,-12.8725,5.4511,-21.1587,-8.2862,1996_2015,1996_2015,19
usa_NC_0036_0088,87,-0.5853,0.2831,0.0451,352,1996-01-26,2015-12-16,67.2154,13,48.2353,17,-11.1207,5.3789,-18.9801,-7.8594,1996_2015,1996_2015,19
usa_NC_0036_0089,87,-0.4229,0.2749,0.0253,355,1996-01-26,2015-12-16,62.1923,13,45.7526,19,-8.0351,5.2231,-16.4397,-8.4046,1996_2015,1996_2015,19
usa_NC_0036_0090,88,-0.1891,0.2734,0.0051,364,1996-01-26,2015-12-16,57.0154,13,46.1417,24,-3.5929,5.1946,-10.8737,-7.2808,1996_2015,1996_2015,19
usa_NC_0036_0091,88,-0.1026,0.2773,0.0015,356,1996-01-26,2015-12-16,57.5000,13,49.1792,24,-1.9494,5.2687,-8.3208,-6.3714,1996_2015,1996_2015,19
usa_NC_0036_0092,88,0.0032,0.2745,0.0000,361,1996-01-26,2015-12-16,59.7077,13,49.1320,25,0.0608,5.2155,-10.5757,-10.6365,1996_2015,1996_2015,19
usa_NC_0036_0093,88,-0.0086,0.2822,0.0000,366,1996-01-26,2015-12-16,58.9538,13,46.9963,27,-0.1634,5.3618,-11.9575,-11.7941,1996_2015,1996_2015,19
usa_NC_0036_0094,88,0.0403,0.2796,0.0002,370,1996-01-26,2015-12-16,56.5231,13,44.3407,27,0.7657,5.3124,-12.1823,-12.9480,1996_2015,1996_2015,19
usa_NC_0036_0095,88,0.2377,0.2671,0.0082,372,1996-01-26,2015-12-16,58.0769,13,50.8037,27,4.5163,5.0749,-7.2732,-11.7895,1996_2015,1996_2015,19
usa_NC_0036_0096,88,0.2945,0.2602,0.0136,362,1996-01-26,2015-12-16,59.5154,13,57.2200,25,5.5955,4.9438,-2.2954,-7.8909,1996_2015,1996_2015,19
usa_NC_0036_0097,88,0.2392,0.2540,0.0093,367,1996-01-26,2015-12-16,51.7923,13,49.5760,25,4.5448,4.8260,-2.2163,-6.7611,1996_2015,1996_2015,19
usa_NC_0036_0098,88,0.2411,0.2532,0.0099,354,1996-01-26,2015-12-16,43.9385,13,46.6174,23,4.5809,4.8108,2.6789,-1.9020,1996_2015,1996_2015,19
usa_NC_0036_0099,88,0.2915,0.2543,0.0137,368,1996-01-26,2015-12-16,43.6231,13,49.8333,21,5.5385,4.8317,6.2103,0.6718,1996_2015,1996_2015,19
usa_NC_0036_0100,89,0.3478,0.2378,0.0220,370,1996-01-26,2015-12-16,40.9462,13,49.0429,21,6.6082,4.5182,8.0967,1.4885,1996_2015,1996_2015,19
usa_NC_0036_0101,89,0.4267,0.2378,0.0335,361,1996-01-26,2015-12-16,40.7769,13,46.5412,17,8.1073,4.5182,5.7643,-2.3430,1996_2015,1996_2015,19
usa_NC_0036_0102,89,0.4911,0.2452,0.0412,363,1996-01-26,2015-12-16,41.7308,13,46.1500,14,9.3309,4.6588,4.4192,-4.9117,1996_2015,1996_2015,19
usa_NC_0036_0103,89,0.4868,0.2334,0.0446,362,1996-01-26,2015-12-16,40.4769,13,47.3929,14,9.2492,4.4346,6.9159,-2.3333,1996_2015,1996_2015,19
usa_NC_0036_0104,89,0.4273,0.2289,0.0368,355,1996-01-26,2015-12-16,40.8308,13,51.6733,15,8.1187,4.3491,10.8426,2.7239,1996_2015,1996_2015,19
usa_NC_0036_0105,89,0.5051,0.2208,0.0547,352,1996-01-26,2015-12-16,35.9462,13,49.7600,15,9.5969,4.1952,13.8138,4.2169,1996_2015,1996_2015,19
usa_NC_0036_0106,89,0.4965,0.2300,0.0494,349,1996-01-26,2015-12-16,28.8308,13,44.8312,16,9.4335,4.3700,16.0005,6.5670,1996_2015,1996_2015,19
usa_NC_0036_0107,89,0.5748,0.2286,0.0655,351,1996-01-26,2015-12-16,31.6154,13,49.8706,17,10.9212,4.3434,18.2552,7.3340,1996_2015,1996_2015,19
usa_NC_0036_0108,89,0.7325,0.2350,0.0962,355,1996-01-26,2015-12-16,29.5615,13,53.6118,17,13.9175,4.4650,24.0502,10.1327,1996_2015,1996_2015,19
usa_NC_0036_0109,90,0.7489,0.2290,0.1031,362,1996-01-26,2015-12-16,33.5286,14,62.1182,22,14.2291,4.3510,28.5896,14.3605,1996_2015,1996_2015,19
usa_NC_0036_0110,90,0.7117,0.2367,0.0883,363,1996-01-26,2015-12-16,33.4429,14,64.0667,24,13.5223,4.4973,30.6238,17.1015,1996_2015,1996_2015,19
usa_NC_0036_0111,90,0.6917,0.2418,0.0821,356,1996-01-26,2015-12-16,34.8500,14,63.6875,24,13.1423,4.5942,28.8375,15.6952,1996_2015,1996_2015,19
usa_NC_0036_0112,90,0.9104,0.2509,0.1239,362,1996-01-26,2015-12-16,36.5786,14,69.2259,27,17.2976,4.7671,32.6474,15.3498,1996_2015,1996_2015,19
usa_NC_0037_0001,90,0.9802,0.2717,0.1261,351,1996-01-26,2015-12-16,34.6727,11,70.6087,23,18.6238,5.1623,35.9360,17.3122,1996_2015,1996_2015,19
usa_NC_0037_0002,90,1.0213,0.2661,0.1414,348,1996-01-26,2015-12-17,33.3273,11,66.8696,23,19.4047,5.0559,33.5423,14.1376,1996_2015,1996_2015,19
usa_NC_0037_0003,90,0.9221,0.2660,0.1184,348,1996-01-26,2015-12-17,28.4818,11,62.2545,22,17.5199,5.0540,33.7727,16.2528,1996_2015,1996_2015,19
usa_NC_0037_0004,90,0.8456,0.2646,0.1041,342,1996-01-26,2015-12-16,26.6636,11,58.9150,20,16.0664,5.0274,32.2514,16.1850,1996_2015,1996_2015,19
usa_NC_0037_0005,90,0.8883,0.2724,0.1077,343,1996-01-26,2015-12-16,23.0091,11,53.9650,20,16.8777,5.1756,30.9559,14.0782,1996_2015,1996_2015,19
usa_NC_0037_0006,90,0.8600,0.2729,0.1010,344,1996-01-26,2015-12-16,25.8800,10,56.0474,19,16.3400,5.1851,30.1674,13.8274,1996_2015,1996_2015,19
