transect_id,domain_number,lrr_m_yr,unc_m_yr,r_squared,n_obs,start_date,end_date,position_start_m,n_start,position_end_m,n_end,total_change_m,total_unc_m,observed_change_m,observed_minus_total_m,window,lrr_window,span_years
usa_NC_0032_0021,1,9.0707,1.4676,0.3348,296,2010-02-01,2024-12-08,66.4188,16,246.2167,30,126.9898,20.5464,179.7979,52.8081,2010_2024,2010_2024,14
usa_NC_0032_0022,1,8.7647,1.3595,0.3454,307,2010-02-01,2024-12-08,64.1688,16,228.2400,35,122.7058,19.0330,164.0712,41.3654,2010_2024,2010_2024,14
usa_NC_0032_0023,1,7.9680,1.2854,0.3369,295,2010-02-01,2024-12-08,68.9813,16,215.9844,32,111.5520,17.9956,147.0031,35.4511,2010_2024,2010_2024,14
usa_NC_0032_0024,1,7.2240,1.1591,0.3332,303,2010-02-01,2024-12-08,81.5312,16,219.3212,33,101.1360,16.2274,137.7900,36.6540,2010_2024,2010_2024,14
usa_NC_0032_0025,1,6.7768,1.0311,0.3557,305,2010-02-01,2024-12-01,62.7071,14,184.1697,33,94.8752,14.4354,121.4626,26.5874,2010_2024,2010_2024,14
usa_NC_0032_0026,1,6.3566,0.9411,0.3667,307,2010-02-01,2024-12-08,72.3385,13,180.8091,33,88.9924,13.1754,108.4706,19.4782,2010_2024,2010_2024,14
usa_NC_0032_0027,1,5.7365,0.8644,0.3541,313,2010-02-01,2024-12-08,65.9615,13,160.6853,34,80.3110,12.1016,94.7238,14.4128,2010_2024,2010_2024,14
usa_NC_0032_0028,1,5.3220,0.8216,0.3446,311,2010-02-01,2024-12-08,64.4615,13,152.2250,36,74.5080,11.5024,87.7635,13.2555,2010_2024,2010_2024,14
usa_NC_0032_0029,1,4.8452,0.7332,0.3529,312,2010-02-01,2024-12-08,64.2857,14,145.9061,33,67.8328,10.2648,81.6203,13.7875,2010_2024,2010_2024,14
usa_NC_0032_0030,2,4.5420,0.6792,0.3584,312,2010-02-01,2024-12-08,88.3462,13,165.3667,36,63.5880,9.5088,77.0205,13.4325,2010_2024,2010_2024,14
usa_NC_0032_0031,2,4.4361,0.6813,0.3462,312,2010-02-01,2024-12-08,82.7385,13,159.7944,36,62.1054,9.5382,77.0560,14.9506,2010_2024,2010_2024,14
usa_NC_0032_0032,2,4.3309,0.6273,0.3709,315,2010-02-01,2024-12-08,82.3833,12,159.1083,36,60.6326,8.7822,76.7250,16.0924,2010_2024,2010_2024,14
usa_NC_0032_0033,2,4.3283,0.6102,0.3882,309,2010-02-01,2024-12-08,61.9231,13,137.2139,36,60.5962,8.5428,75.2908,14.6946,2010_2024,2010_2024,14
usa_NC_0032_0034,2,3.9912,0.5609,0.3929,305,2010-02-01,2024-12-08,76.8800,15,149.7943,35,55.8768,7.8526,72.9143,17.0375,2010_2024,2010_2024,14
usa_NC_0032_0035,2,4.0054,0.5186,0.4294,309,2010-02-01,2024-12-08,63.4867,15,134.1028,36,56.0756,7.2604,70.6161,14.5405,2010_2024,2010_2024,14
usa_NC_0032_0036,2,3.8718,0.4836,0.4462,310,2010-02-01,2024-12-08,51.7400,15,117.7472,36,54.2052,6.7704,66.0072,11.8020,2010_2024,2010_2024,14
usa_NC_0032_0037,2,3.8185,0.4457,0.4799,310,2010-02-01,2024-12-08,47.0333,15,111.0806,36,53.4590,6.2398,64.0472,10.5882,2010_2024,2010_2024,14
usa_NC_0032_0038,2,3.7898,0.4209,0.5047,310,2010-02-01,2024-12-08,38.7133,15,102.1361,36,53.0572,5.8926,63.4228,10.3656,2010_2024,2010_2024,14
usa_NC_0032_0039,2,3.7266,0.3814,0.5439,312,2010-02-01,2024-12-08,42.5176,17,104.3500,36,52.1724,5.3396,61.8324,9.6600,2010_2024,2010_2024,14
usa_NC_0032_0040,2,3.7049,0.3702,0.5581,309,2010-02-01,2024-12-08,41.7875,16,100.7444,36,51.8686,5.1828,58.9569,7.0883,2010_2024,2010_2024,14
usa_NC_0032_0041,3,3.3997,0.3402,0.5558,311,2010-02-01,2024-12-08,44.4176,17,97.2694,36,47.5958,4.7628,52.8518,5.2560,2010_2024,2010_2024,14
usa_NC_0032_0042,3,3.2954,0.3437,0.5402,305,2010-02-01,2024-12-08,44.9062,16,97.3139,36,46.1356,4.8118,52.4076,6.2720,2010_2024,2010_2024,14
usa_NC_0032_0043,3,3.3867,0.3390,0.5565,310,2010-02-01,2024-12-08,45.4625,16,98.7111,36,47.4138,4.7460,53.2486,5.8348,2010_2024,2010_2024,14
usa_NC_0032_0044,3,3.4905,0.3224,0.5941,312,2010-02-01,2024-12-08,39.9437,16,94.8917,36,48.8670,4.5136,54.9479,6.0809,2010_2024,2010_2024,14
usa_NC_0032_0045,3,3.6095,0.3407,0.5845,311,2010-02-01,2024-12-08,41.0154,13,97.5444,36,50.5330,4.7698,56.5291,5.9961,2010_2024,2010_2024,14
usa_NC_0032_0046,3,3.5018,0.3510,0.5567,309,2010-02-01,2024-12-08,40.7000,13,94.4667,36,49.0252,4.9140,53.7667,4.7415,2010_2024,2010_2024,14
usa_NC_0032_0047,3,3.3835,0.3494,0.5402,311,2010-02-01,2024-12-08,38.5846,13,91.1139,36,47.3690,4.8916,52.5293,5.1603,2010_2024,2010_2024,14
usa_NC_0032_0048,3,3.3810,0.3495,0.5390,312,2010-02-01,2024-12-08,39.6000,13,92.1472,36,47.3340,4.8930,52.5472,5.2132,2010_2024,2010_2024,14
usa_NC_0032_0049,3,3.4726,0.3539,0.5468,311,2010-02-01,2024-12-08,42.0571,14,93.7694,36,48.6164,4.9546,51.7123,3.0959,2010_2024,2010_2024,14
usa_NC_0032_0050,3,3.4885,0.3519,0.5510,312,2010-02-01,2024-12-08,44.8750,12,94.9861,36,48.8390,4.9266,50.1111,1.2721,2010_2024,2010_2024,14
usa_NC_0032_0051,4,3.5004,0.3539,0.5515,310,2010-02-01,2024-12-08,40.5462,13,89.7944,36,49.0056,4.9546,49.2483,0.2427,2010_2024,2010_2024,14
usa_NC_0032_0052,4,3.5083,0.3557,0.5469,314,2010-02-01,2024-12-08,36.6615,13,83.8611,36,49.1162,4.9798,47.1996,-1.9166,2010_2024,2010_2024,14
usa_NC_0032_0053,4,3.5871,0.3612,0.5520,312,2010-02-01,2024-12-08,34.9583,12,82.3639,36,50.2194,5.0568,47.4056,-2.8138,2010_2024,2010_2024,14
usa_NC_0032_0054,4,3.3978,0.3586,0.5334,306,2010-02-01,2024-12-08,28.8154,13,71.9000,36,47.5692,5.0204,43.0846,-4.4846,2010_2024,2010_2024,14
usa_NC_0032_0055,4,3.3531,0.3692,0.5099,309,2010-02-01,2024-12-08,24.7600,15,67.4639,36,46.9434,5.1688,42.7039,-4.2395,2010_2024,2010_2024,14
usa_NC_0032_0056,4,3.3841,0.3782,0.5025,309,2010-02-01,2024-12-08,34.1867,15,76.8778,36,47.3774,5.2948,42.6911,-4.6863,2010_2024,2010_2024,14
usa_NC_0032_0057,4,3.3201,0.3650,0.5099,310,2010-02-01,2024-12-08,28.2800,15,68.5389,36,46.4814,5.1100,40.2589,-6.2225,2010_2024,2010_2024,14
usa_NC_0032_0058,4,3.1440,0.3547,0.4977,309,2010-02-01,2024-12-08,33.1867,15,71.1139,36,44.0160,4.9658,37.9272,-6.0888,2010_2024,2010_2024,14
usa_NC_0032_0059,4,3.1485,0.3644,0.4817,313,2010-02-01,2024-12-08,38.2867,15,76.1361,36,44.0790,5.1016,37.8494,-6.2296,2010_2024,2010_2024,14
usa_NC_0032_0060,4,3.2364,0.3695,0.4901,311,2010-02-01,2024-12-08,41.4733,15,78.0056,36,45.3096,5.1730,36.5322,-8.7774,2010_2024,2010_2024,14
usa_NC_0032_0061,4,3.1199,0.3934,0.4432,308,2010-02-01,2024-12-08,39.4824,17,71.5417,36,43.6786,5.5076,32.0593,-11.6193,2010_2024,2010_2024,14
usa_NC_0032_0062,4,3.2545,0.4136,0.4410,306,2010-02-01,2024-12-08,28.3125,16,63.0306,36,45.5630,5.7904,34.7181,-10.8449,2010_2024,2010_2024,14
usa_NC_0032_0063,4,3.0854,0.4483,0.3725,311,2010-02-01,2024-12-08,28.3353,17,59.8472,36,43.1956,6.2762,31.5119,-11.6837,2010_2024,2010_2024,14
usa_NC_0032_0064,5,3.2111,0.4752,0.3677,306,2010-02-01,2024-12-08,29.6400,15,61.6111,36,44.9554,6.6528,31.9711,-12.9843,2010_2024,2010_2024,14
usa_NC_0032_0065,5,3.1228,0.4688,0.3619,305,2010-02-01,2024-12-08,25.8600,15,57.1000,36,43.7192,6.5632,31.2400,-12.4792,2010_2024,2010_2024,14
usa_NC_0032_0066,5,2.9132,0.4416,0.3528,311,2010-02-01,2024-12-08,26.1133,15,56.5083,36,40.7848,6.1824,30.3950,-10.3898,2010_2024,2010_2024,14
usa_NC_0032_0067,5,2.8580,0.4453,0.3382,314,2010-02-01,2024-12-08,25.8733,15,53.1611,36,40.0120,6.2342,27.2878,-12.7242,2010_2024,2010_2024,14
usa_NC_0032_0068,5,2.8919,0.4386,0.3541,309,2010-02-01,2024-12-08,26.4231,13,52.1306,36,40.4866,6.1404,25.7075,-14.7791,2010_2024,2010_2024,14
usa_NC_0032_0069,5,2.8320,0.4590,0.3201,315,2010-02-01,2024-12-08,29.7077,13,50.7250,36,39.6480,6.4260,21.0173,-18.6307,2010_2024,2010_2024,14
usa_NC_0032_0070,5,2.7356,0.4758,0.2902,315,2010-02-01,2024-12-08,31.6923,13,52.1833,36,38.2984,6.6612,20.4910,-17.8074,2010_2024,2010_2024,14
usa_NC_0032_0071,5,2.3719,0.4682,0.2427,312,2010-02-01,2024-12-08,34.0154,13,53.5028,36,33.2066,6.5548,19.4874,-13.7192,2010_2024,2010_2024,14
usa_NC_0032_0072,5,2.0650,0.4895,0.1814,313,2010-02-01,2024-12-08,33.0500,14,48.0944,36,28.9100,6.8530,15.0444,-13.8656,2010_2024,2010_2024,14
usa_NC_0032_0073,5,1.8760,0.4949,0.1543,307,2010-02-01,2024-12-08,34.2077,13,48.2500,36,26.2640,6.9286,14.0423,-12.2217,2010_2024,2010_2024,14
usa_NC_0032_0074,5,1.7159,0.4674,0.1482,302,2010-02-01,2024-12-08,33.7538,13,48.1886,35,24.0226,6.5436,14.4347,-9.5879,2010_2024,2010_2024,14
usa_NC_0032_0075,5,1.4653,0.5013,0.0988,304,2010-02-01,2024-12-08,31.3833,12,41.9056,36,20.5142,7.0182,10.5222,-9.9920,2010_2024,2010_2024,14
usa_NC_0032_0076,5,1.2802,0.4424,0.0994,296,2010-02-01,2024-12-08,29.8000,12,42.2562,32,17.9228,6.1936,12.4562,-5.4666,2010_2024,2010_2024,14
usa_NC_0032_0077,6,1.6256,0.4560,0.1434,296,2010-02-01,2024-12-08,35.4769,13,52.9625,32,22.7584,6.3840,17.4856,-5.2728,2010_2024,2010_2024,14
usa_NC_0032_0078,6,-0.1898,0.4494,0.0024,284,2010-03-21,2024-12-08,133.6833,6,120.8694,36,-2.6572,6.2916,-12.8139,-10.1567,2010_2024,2010_2024,14
usa_NC_0032_0079,6,-1.5180,0.3863,0.1639,307,2010-02-01,2024-12-08,48.6400,15,17.2389,36,-21.2520,5.4082,-31.4011,-10.1491,2010_2024,2010_2024,14
usa_NC_0032_0080,6,-2.2811,0.3798,0.3148,306,2010-02-01,2024-12-08,49.3471,17,10.2972,36,-31.9354,5.3172,-39.0498,-7.1144,2010_2024,2010_2024,14
usa_NC_0032_0081,6,-2.4649,0.3646,0.3687,305,2010-02-01,2024-12-08,45.4500,16,8.0778,36,-34.5086,5.1044,-37.3722,-2.8636,2010_2024,2010_2024,14
usa_NC_0032_0082,6,-1.9541,0.4082,0.2237,310,2010-02-01,2024-12-08,42.7533,15,9.5543,35,-27.3574,5.7148,-33.1990,-5.8416,2010_2024,2010_2024,14
usa_NC_0032_0083,7,-1.4596,0.4235,0.1310,307,2010-02-01,2024-12-08,38.5917,12,11.7457,35,-20.4344,5.9290,-26.8460,-6.4116,2010_2024,2010_2024,14
usa_NC_0032_0084,7,-0.3463,0.4463,0.0075,309,2010-02-01,2024-12-08,34.8083,12,15.8914,35,-4.8482,6.2482,-18.9169,-14.0687,2010_2024,2010_2024,14
usa_NC_0032_0085,7,0.3263,0.5347,0.0046,314,2010-02-01,2024-12-08,51.6923,13,35.2676,34,4.5682,7.4858,-16.4247,-20.9929,2010_2024,2010_2024,14
usa_NC_0032_0086,7,0.8079,0.5284,0.0282,314,2010-02-01,2024-12-08,31.2500,12,22.5000,34,11.3106,7.3976,-8.7500,-20.0606,2010_2024,2010_2024,14
usa_NC_0032_0088,8,0.9390,0.5624,0.0336,312,2010-02-01,2024-12-08,28.8733,15,18.8882,34,13.1460,7.8736,-9.9851,-23.1311,2010_2024,2010_2024,14
usa_NC_0032_0089,8,1.0847,0.6190,0.0362,318,2010-02-01,2024-12-08,28.9867,15,18.3382,34,15.1858,8.6660,-10.6484,-25.8342,2010_2024,2010_2024,14
usa_NC_0032_0090,8,1.4128,0.6462,0.0563,312,2010-02-01,2024-12-08,17.4667,15,6.9618,34,19.7792,9.0468,-10.5049,-30.2841,2010_2024,2010_2024,14
usa_NC_0032_0091,8,1.5419,0.6416,0.0667,315,2010-02-01,2024-12-08,72.2176,17,62.8600,35,21.5866,8.9824,-9.3576,-30.9442,2010_2024,2010_2024,14
usa_NC_0032_0092,8,1.6427,0.6514,0.0738,311,2010-02-01,2024-12-08,41.1625,16,32.9429,35,22.9978,9.1196,-8.2196,-31.2174,2010_2024,2010_2024,14
usa_NC_0032_0093,8,1.7620,0.6455,0.0851,312,2010-02-01,2024-12-08,52.7933,15,44.4857,35,24.6680,9.0370,-8.3076,-32.9756,2010_2024,2010_2024,14
usa_NC_0032_0094,8,2.0178,0.7035,0.0951,305,2010-02-01,2024-12-08,18.1467,15,12.7400,35,28.2492,9.8490,-5.4067,-33.6559,2010_2024,2010_2024,14
usa_NC_0032_0095,8,2.1845,0.6640,0.1184,314,2010-02-01,2024-12-08,62.4600,15,61.3800,35,30.5830,9.2960,-1.0800,-31.6630,2010_2024,2010_2024,14
usa_NC_0032_0096,9,2.3713,0.6345,0.1477,314,2010-02-01,2024-12-08,19.6800,15,19.8029,35,33.1982,8.8830,0.1229,-33.0753,2010_2024,2010_2024,14
usa_NC_0032_0097,9,2.6630,0.5992,0.1994,309,2010-02-01,2024-12-08,36.3417,12,45.7571,35,37.2820,8.3888,9.4155,-27.8665,2010_2024,2010_2024,14
usa_NC_0032_0098,9,2.5708,0.5464,0.2188,308,2010-02-01,2024-12-08,31.1917,12,41.4486,35,35.9912,7.6496,10.2569,-25.7343,2010_2024,2010_2024,14
usa_NC_0032_0099,9,2.5674,0.5069,0.2476,304,2010-02-01,2024-12-08,29.6333,12,37.8941,34,35.9436,7.0966,8.2608,-27.6828,2010_2024,2010_2024,14
usa_NC_0032_0100,9,2.6654,0.4981,0.2692,303,2010-02-01,2024-12-08,27.4917,12,37.0118,34,37.3156,6.9734,9.5201,-27.7955,2010_2024,2010_2024,14
usa_NC_0032_0101,9,2.5101,0.4509,0.2817,308,2010-02-01,2024-12-08,29.4667,12,34.4941,34,35.1414,6.3126,5.0275,-30.1139,2010_2024,2010_2024,14
usa_NC_0032_0102,9,2.6437,0.4546,0.3011,306,2010-02-01,2024-12-08,28.0333,12,35.3706,34,37.0118,6.3644,7.3373,-29.6745,2010_2024,2010_2024,14
usa_NC_0032_0103,9,2.8720,0.4736,0.3234,300,2010-02-01,2024-12-08,26.2167,12,36.1794,34,40.2080,6.6304,9.9627,-30.2453,2010_2024,2010_2024,14
usa_NC_0032_0104,9,2.9210,0.4595,0.3443,300,2010-02-01,2024-12-08,21.0200,15,34.5588,34,40.8940,6.4330,13.5388,-27.3552,2010_2024,2010_2024,14
usa_NC_0032_0105,10,3.1489,0.4612,0.3797,297,2010-02-01,2024-12-08,20.9400,15,41.3794,34,44.0846,6.4568,20.4394,-23.6452,2010_2024,2010_2024,14
usa_NC_0032_0106,10,3.2514,0.4732,0.3819,298,2010-02-01,2024-12-08,20.9267,15,44.5206,34,45.5196,6.6248,23.5939,-21.9257,2010_2024,2010_2024,14
usa_NC_0032_0107,10,3.3941,0.4756,0.3950,304,2010-02-01,2024-12-08,31.8000,15,55.6229,35,47.5174,6.6584,23.8229,-23.6945,2010_2024,2010_2024,14
usa_NC_0032_0108,10,3.6918,0.4736,0.4363,306,2010-02-01,2024-12-08,27.2000,15,54.8914,35,51.6852,6.6304,27.6914,-23.9938,2010_2024,2010_2024,14
usa_NC_0032_0109,10,3.9201,0.4621,0.4783,306,2010-02-01,2024-12-08,27.1059,17,58.6143,35,54.8814,6.4694,31.5084,-23.3730,2010_2024,2010_2024,14
usa_NC_0032_0110,10,3.9814,0.4665,0.4813,306,2010-02-01,2024-12-08,35.5062,16,69.4086,35,55.7396,6.5310,33.9023,-21.8373,2010_2024,2010_2024,14
usa_NC_0032_0111,10,4.0126,0.4346,0.5214,305,2010-02-01,2024-12-08,24.5562,16,58.4771,35,56.1764,6.0844,33.9209,-22.2555,2010_2024,2010_2024,14
usa_NC_0032_0112,10,4.0024,0.4341,0.5224,303,2010-02-01,2024-12-08,27.6000,15,59.8857,35,56.0336,6.0774,32.2857,-23.7479,2010_2024,2010_2024,14
usa_NC_0032_0113,10,4.0091,0.4404,0.5127,307,2010-02-01,2024-12-08,26.4133,15,57.2686,35,56.1274,6.1656,30.8552,-25.2722,2010_2024,2010_2024,14
usa_NC_0032_0114,10,3.8289,0.4277,0.4978,315,2010-02-01,2024-12-08,28.1067,15,55.6059,34,53.6046,5.9878,27.4992,-26.1054,2010_2024,2010_2024,14
usa_NC_0032_0115,11,4.0339,0.4340,0.5231,307,2010-02-01,2024-12-08,26.4333,12,59.6412,34,56.4746,6.0760,33.2078,-23.2668,2010_2024,2010_2024,14
usa_NC_0032_0116,11,4.3617,0.4265,0.6011,271,2010-02-01,2024-12-08,20.2636,11,61.7520,25,61.0638,5.9710,41.4884,-19.5754,2010_2024,2010_2024,14
usa_NC_0032_0117,11,4.3156,0.4402,0.5798,272,2010-02-01,2024-12-08,23.6182,11,64.8560,25,60.4184,6.1628,41.2378,-19.1806,2010_2024,2010_2024,14
usa_NC_0032_0118,11,4.4626,0.4447,0.5947,268,2010-02-01,2024-12-08,26.2273,11,70.1080,25,62.4764,6.2258,43.8807,-18.5957,2010_2024,2010_2024,14
usa_NC_0032_0119,11,4.1885,0.4270,0.5829,269,2010-02-01,2024-12-08,29.5091,11,68.6560,25,58.6390,5.9780,39.1469,-19.4921,2010_2024,2010_2024,14
usa_NC_0032_0120,11,3.9461,0.4177,0.5653,268,2010-02-01,2024-12-08,32.6500,12,66.0000,24,55.2454,5.8478,33.3500,-21.8954,2010_2024,2010_2024,14
usa_NC_0032_0121,11,3.9714,0.4132,0.5430,303,2010-02-01,2024-12-08,34.3833,12,68.0182,33,55.5996,5.7848,33.6348,-21.9648,2010_2024,2010_2024,14
usa_NC_0032_0122,11,3.7771,0.4099,0.5263,298,2010-02-01,2024-12-08,31.3917,12,66.1848,33,52.8794,5.7386,34.7932,-18.0862,2010_2024,2010_2024,14
usa_NC_0032_0123,11,3.6348,0.3927,0.5345,291,2010-02-01,2024-12-08,33.4533,15,68.9121,33,50.8872,5.4978,35.4588,-15.4284,2010_2024,2010_2024,14
usa_NC_0032_0124,11,3.7866,0.3934,0.5479,298,2010-02-01,2024-12-08,37.0267,15,77.0576,33,53.0124,5.5076,40.0309,-12.9815,2010_2024,2010_2024,14
usa_NC_0032_0125,12,3.6879,0.4062,0.5188,298,2010-02-01,2024-12-08,40.7267,15,79.5636,33,51.6306,5.6868,38.8370,-12.7936,2010_2024,2010_2024,14
usa_NC_0032_0126,12,3.7674,0.4202,0.5126,298,2010-02-01,2024-12-08,35.2333,15,72.0303,33,52.7436,5.8828,36.7970,-15.9466,2010_2024,2010_2024,14
usa_NC_0032_0127,12,3.8240,0.4266,0.5413,266,2010-02-01,2024-12-08,39.1533,15,72.2000,27,53.5360,5.9724,33.0467,-20.4893,2010_2024,2010_2024,14
usa_NC_0032_0128,12,3.7356,0.4096,0.5451,271,2010-02-01,2024-12-08,37.2059,17,68.5407,27,52.2984,5.7344,31.3349,-20.9635,2010_2024,2010_2024,14
usa_NC_0032_0129,12,3.7058,0.4112,0.5212,291,2010-02-01,2024-12-08,33.6812,16,62.2576,33,51.8812,5.7568,28.5763,-23.3049,2010_2024,2010_2024,14
usa_NC_0032_0130,12,3.6207,0.3986,0.5217,295,2010-02-01,2024-12-08,37.4625,16,65.4706,34,50.6898,5.5804,28.0081,-22.6817,2010_2024,2010_2024,14
usa_NC_0032_0131,12,3.3867,0.4028,0.4874,290,2010-02-01,2024-12-08,37.6200,15,62.7400,35,47.4138,5.6392,25.1200,-22.2938,2010_2024,2010_2024,14
usa_NC_0032_0132,12,3.2352,0.3901,0.4788,292,2010-02-01,2024-12-08,38.7800,15,63.1057,35,45.2928,5.4614,24.3257,-20.9671,2010_2024,2010_2024,14
usa_NC_0032_0133,12,3.1290,0.3739,0.4773,299,2010-02-01,2024-12-08,40.9400,15,63.1086,35,43.8060,5.2346,22.1686,-21.6374,2010_2024,2010_2024,14
usa_NC_0032_0134,12,3.2179,0.3740,0.4895,301,2010-02-01,2024-12-08,43.8667,12,67.4029,35,45.0506,5.2360,23.5362,-21.5144,2010_2024,2010_2024,14
usa_NC_0032_0135,13,3.0464,0.3908,0.4371,305,2010-02-01,2024-12-08,44.4917,12,66.9686,35,42.6496,5.4712,22.4769,-20.1727,2010_2024,2010_2024,14
usa_NC_0032_0136,13,2.9372,0.4033,0.4072,301,2010-02-01,2024-12-08,45.5333,12,67.2743,35,41.1208,5.6462,21.7410,-19.3798,2010_2024,2010_2024,14
usa_NC_0032_0137,13,2.9363,0.3997,0.4131,299,2010-02-01,2024-12-08,47.7417,12,70.1639,36,41.1082,5.5958,22.4222,-18.6860,2010_2024,2010_2024,14
usa_NC_0032_0138,13,2.8497,0.3825,0.4199,299,2010-02-01,2024-12-08,48.7917,12,69.8750,36,39.8958,5.3550,21.0833,-18.8125,2010_2024,2010_2024,14
usa_NC_0032_0139,13,2.8477,0.3990,0.4016,296,2010-02-01,2024-12-08,49.6750,12,72.4222,36,39.8678,5.5860,22.7472,-17.1206,2010_2024,2010_2024,14
usa_NC_0032_0140,13,2.8009,0.4102,0.3822,294,2010-02-01,2024-12-08,44.2250,12,68.2444,36,39.2126,5.7428,24.0194,-15.1932,2010_2024,2010_2024,14
usa_NC_0032_0141,13,2.8641,0.4048,0.4119,279,2010-02-01,2024-12-08,45.6000,12,68.8389,36,40.0974,5.6672,23.2389,-16.8585,2010_2024,2010_2024,14
usa_NC_0032_0142,13,2.6805,0.4150,0.3746,272,2010-02-01,2024-12-08,47.6923,13,68.8583,36,37.5270,5.8100,21.1660,-16.3610,2010_2024,2010_2024,14
usa_NC_0032_0143,13,2.5336,0.4234,0.3429,268,2010-02-01,2024-12-08,48.8267,15,66.9750,36,35.4704,5.9276,18.1483,-17.3221,2010_2024,2010_2024,14
usa_NC_0032_0144,13,2.8042,0.4302,0.3888,261,2010-02-01,2024-12-08,51.4333,15,75.4667,36,39.2588,6.0228,24.0333,-15.2255,2010_2024,2010_2024,14
usa_NC_0032_0145,13,2.8107,0.4316,0.3911,258,2010-02-01,2024-12-08,41.6933,15,71.1944,36,39.3498,6.0424,29.5011,-9.8487,2010_2024,2010_2024,14
usa_NC_0032_0146,14,3.0015,0.4325,0.4152,265,2010-02-01,2024-12-08,53.2000,15,85.0028,36,42.0210,6.0550,31.8028,-10.2182,2010_2024,2010_2024,14
usa_NC_0032_0147,14,3.1709,0.4258,0.4479,267,2010-02-01,2024-12-08,46.5933,15,80.6444,36,44.3926,5.9612,34.0511,-10.3415,2010_2024,2010_2024,14
usa_NC_0032_0148,14,3.2939,0.4186,0.4669,276,2010-02-01,2024-12-08,38.8000,17,78.6750,36,46.1146,5.8604,39.8750,-6.2396,2010_2024,2010_2024,14
usa_NC_0032_0149,14,3.4397,0.4201,0.4673,298,2010-02-01,2024-12-08,42.1812,16,83.1694,36,48.1558,5.8814,40.9882,-7.1676,2010_2024,2010_2024,14
usa_NC_0032_0150,14,3.5304,0.4393,0.4538,303,2010-02-01,2024-12-08,44.5500,16,84.6833,36,49.4256,6.1502,40.1333,-9.2923,2010_2024,2010_2024,14
usa_NC_0032_0151,14,3.5722,0.4333,0.4665,303,2010-02-01,2024-12-08,45.6187,16,87.2912,34,50.0108,6.0662,41.6724,-8.3384,2010_2024,2010_2024,14
usa_NC_0032_0152,14,3.7975,0.4369,0.4904,306,2010-02-01,2024-12-08,44.3750,16,91.1441,34,53.1650,6.1166,46.7691,-6.3959,2010_2024,2010_2024,14
usa_NC_0032_0153,14,4.0407,0.4308,0.5301,304,2010-02-01,2024-12-08,43.1615,13,93.1171,35,56.5698,6.0312,49.9556,-6.6142,2010_2024,2010_2024,14
usa_NC_0032_0154,14,4.1057,0.4340,0.5327,306,2010-02-01,2024-12-08,42.3333,12,92.4400,35,57.4798,6.0760,50.1067,-7.3731,2010_2024,2010_2024,14
usa_NC_0032_0155,14,4.0801,0.4290,0.5370,304,2010-02-01,2024-12-08,43.2333,12,94.7114,35,57.1214,6.0060,51.4781,-5.6433,2010_2024,2010_2024,14
usa_NC_0032_0156,15,4.0971,0.4281,0.5426,301,2010-02-01,2024-12-08,41.5167,12,96.7743,35,57.3594,5.9934,55.2576,-2.1018,2010_2024,2010_2024,14
usa_NC_0032_0157,15,4.0526,0.4224,0.5413,304,2010-02-01,2024-12-08,41.3231,13,98.0108,37,56.7364,5.9136,56.6877,-0.0487,2010_2024,2010_2024,14
usa_NC_0032_0158,15,3.8966,0.4298,0.5123,305,2010-02-01,2024-12-08,43.3538,13,100.5914,35,54.5524,6.0172,57.2376,2.6852,2010_2024,2010_2024,14
usa_NC_0032_0159,15,3.7918,0.4428,0.4871,301,2010-02-01,2024-12-08,49.2538,13,106.4886,35,53.0852,6.1992,57.2347,4.1495,2010_2024,2010_2024,14
usa_NC_0032_0160,15,3.8609,0.4235,0.5143,306,2010-02-01,2024-12-08,42.4833,12,102.3111,36,54.0526,5.9290,59.8278,5.7752,2010_2024,2010_2024,14
usa_NC_0032_0161,15,3.7079,0.4220,0.4983,303,2010-02-01,2024-12-08,39.0417,12,97.9361,36,51.9106,5.9080,58.8944,6.9838,2010_2024,2010_2024,14
usa_NC_0032_0162,15,3.3399,0.4082,0.4686,296,2010-02-01,2024-12-08,37.8667,15,91.7757,37,46.7586,5.7148,53.9090,7.1504,2010_2024,2010_2024,14
usa_NC_0032_0163,15,3.2178,0.4110,0.4417,302,2010-02-01,2024-12-08,45.0800,15,96.8919,37,45.0492,5.7540,51.8119,6.7627,2010_2024,2010_2024,14
usa_NC_0032_0164,15,2.9580,0.4165,0.3944,302,2010-02-01,2024-12-08,39.2067,15,88.4139,36,41.4120,5.8310,49.2072,7.7952,2010_2024,2010_2024,14
usa_NC_0032_0165,15,2.9301,0.4214,0.3811,306,2010-02-01,2024-12-08,40.2600,15,86.5806,36,41.0214,5.8996,46.3206,5.2992,2010_2024,2010_2024,14
usa_NC_0032_0166,16,2.7970,0.4257,0.3555,305,2010-02-01,2024-12-08,44.7067,15,86.9528,36,39.1580,5.9598,42.2461,3.0881,2010_2024,2010_2024,14
usa_NC_0032_0167,16,2.7155,0.4230,0.3420,309,2010-02-01,2024-12-08,45.8176,17,84.1972,36,38.0170,5.9220,38.3796,0.3626,2010_2024,2010_2024,14
usa_NC_0032_0168,16,2.7616,0.4344,0.3376,309,2010-02-01,2024-12-08,49.5687,16,87.6750,36,38.6624,6.0816,38.1063,-0.5561,2010_2024,2010_2024,14
usa_NC_0032_0169,16,2.7959,0.4490,0.3306,306,2010-02-01,2024-12-08,45.1750,16,84.4343,35,39.1426,6.2860,39.2593,0.1167,2010_2024,2010_2024,14
usa_NC_0032_0170,16,2.6502,0.4567,0.2981,309,2010-02-01,2024-12-08,46.7125,16,85.0514,35,37.1028,6.3938,38.3389,1.2361,2010_2024,2010_2024,14
usa_NC_0032_0171,16,2.5510,0.4621,0.2744,314,2010-02-01,2024-12-08,51.1313,16,87.3771,35,35.7140,6.4694,36.2459,0.5319,2010_2024,2010_2024,14
usa_NC_0032_0172,16,2.5822,0.4656,0.2756,315,2010-02-01,2024-12-08,53.4333,15,89.2686,35,36.1508,6.5184,35.8352,-0.3156,2010_2024,2010_2024,14
usa_NC_0032_0173,16,2.8471,0.4506,0.3313,314,2010-02-01,2024-12-08,51.7077,13,88.7824,34,39.8594,6.3084,37.0747,-2.7847,2010_2024,2010_2024,14
usa_NC_0032_0174,16,2.9295,0.4588,0.3367,313,2010-02-01,2024-12-08,53.8000,13,91.2824,34,41.0130,6.4232,37.4824,-3.5306,2010_2024,2010_2024,14
usa_NC_0032_0175,16,2.9324,0.4708,0.3279,310,2010-02-01,2024-12-08,56.8538,13,94.9176,34,41.0536,6.5912,38.0638,-2.9898,2010_2024,2010_2024,14
usa_NC_0032_0176,17,2.7862,0.4762,0.3051,304,2010-02-01,2024-12-08,58.6083,12,92.8853,34,39.0068,6.6668,34.2770,-4.7298,2010_2024,2010_2024,14
usa_NC_0032_0177,17,2.7316,0.4480,0.3185,310,2010-02-01,2024-12-08,48.4429,14,86.5941,34,38.2424,6.2720,38.1513,-0.0911,2010_2024,2010_2024,14
usa_NC_0032_0178,17,2.9581,0.4431,0.3675,299,2010-02-01,2024-12-08,59.3538,13,98.3667,33,41.4134,6.2034,39.0128,-2.4006,2010_2024,2010_2024,14
usa_NC_0032_0179,17,3.0586,0.4391,0.3781,311,2010-02-01,2024-12-08,45.3462,13,83.0515,33,42.8204,6.1474,37.7054,-5.1150,2010_2024,2010_2024,14
usa_NC_0032_0180,17,3.1592,0.4332,0.4023,308,2010-02-01,2024-12-08,39.1250,12,80.0455,33,44.2288,6.0648,40.9205,-3.3083,2010_2024,2010_2024,14
usa_NC_0032_0181,17,3.1112,0.4198,0.4181,298,2010-02-01,2024-12-08,41.7643,14,83.1182,33,43.5568,5.8772,41.3539,-2.2029,2010_2024,2010_2024,14
usa_NC_0032_0182,17,3.0484,0.4033,0.4228,304,2010-02-01,2024-12-08,43.2200,15,83.7970,33,42.6776,5.6462,40.5770,-2.1006,2010_2024,2010_2024,14
usa_NC_0032_0183,17,2.9661,0.4032,0.4096,304,2010-02-01,2024-12-08,47.6000,15,86.8500,32,41.5254,5.6448,39.2500,-2.2754,2010_2024,2010_2024,14
usa_NC_0032_0184,17,2.9982,0.4057,0.4103,306,2010-02-01,2024-12-08,45.7067,15,84.5500,32,41.9748,5.6798,38.8433,-3.1315,2010_2024,2010_2024,14
usa_NC_0032_0185,17,2.9933,0.3809,0.4428,303,2010-02-01,2024-12-08,43.9800,15,83.1656,32,41.9062,5.3326,39.1856,-2.7206,2010_2024,2010_2024,14
usa_NC_0032_0186,18,3.0179,0.3683,0.4552,313,2010-02-01,2024-12-08,45.0941,17,84.2313,32,42.2506,5.1562,39.1371,-3.1135,2010_2024,2010_2024,14
usa_NC_0032_0187,18,3.0964,0.3868,0.4494,306,2010-02-01,2024-12-08,44.5812,16,82.5938,32,43.3496,5.4152,38.0125,-5.3371,2010_2024,2010_2024,14
usa_NC_0032_0188,18,3.1482,0.3763,0.4688,309,2010-02-01,2024-12-08,42.2500,16,82.2394,33,44.0748,5.2682,39.9894,-4.0854,2010_2024,2010_2024,14
usa_NC_0032_0189,18,3.1416,0.3748,0.4707,308,2010-02-01,2024-12-08,35.7467,15,75.9156,32,43.9824,5.2472,40.1690,-3.8134,2010_2024,2010_2024,14
usa_NC_0032_0190,18,3.2711,0.4014,0.4624,301,2010-02-01,2024-12-08,36.6267,15,77.1437,32,45.7954,5.6196,40.5171,-5.2783,2010_2024,2010_2024,14
usa_NC_0032_0191,18,3.4595,0.4193,0.4660,304,2010-02-01,2024-12-08,37.5214,14,80.2438,32,48.4330,5.8702,42.7223,-5.7107,2010_2024,2010_2024,14
usa_NC_0032_0192,18,3.5334,0.4249,0.4691,305,2010-02-01,2024-12-08,30.1333,12,76.2375,32,49.4676,5.9486,46.1042,-3.3634,2010_2024,2010_2024,14
usa_NC_0032_0193,18,3.7822,0.4446,0.4797,306,2010-02-01,2024-12-08,48.0500,12,96.4844,32,52.9508,6.2244,48.4344,-4.5164,2010_2024,2010_2024,14
usa_NC_0032_0194,18,3.6776,0.4488,0.4619,305,2010-02-01,2024-12-08,54.6692,13,99.9375,32,51.4864,6.2832,45.2683,-6.2181,2010_2024,2010_2024,14
usa_NC_0032_0195,18,3.5823,0.4273,0.4765,301,2010-02-01,2024-12-08,53.3462,13,98.9742,31,50.1522,5.9822,45.6280,-4.5242,2010_2024,2010_2024,14
usa_NC_0032_0196,19,3.4646,0.4269,0.4654,295,2010-02-01,2024-12-08,47.3071,14,91.9161,31,48.5044,5.9766,44.6090,-3.8954,2010_2024,2010_2024,14
usa_NC_0032_0197,19,3.3504,0.4179,0.4551,300,2010-02-01,2024-12-08,58.1000,13,100.9323,31,46.9056,5.8506,42.8323,-4.0733,2010_2024,2010_2024,14
usa_NC_0032_0198,19,3.3179,0.4010,0.4692,302,2010-02-01,2024-12-08,46.1462,13,90.9935,31,46.4506,5.6140,44.8474,-1.6032,2010_2024,2010_2024,14
usa_NC_0032_0199,19,3.3984,0.4076,0.4729,302,2010-02-01,2024-12-08,34.8333,12,83.9484,31,47.5776,5.7064,49.1151,1.5375,2010_2024,2010_2024,14
usa_NC_0032_0200,19,3.3378,0.3833,0.4998,296,2010-02-01,2024-12-08,22.2462,13,72.8355,31,46.7292,5.3662,50.5893,3.8601,2010_2024,2010_2024,14
usa_NC_0032_0201,19,3.3505,0.3820,0.4999,300,2010-02-01,2024-12-08,30.4000,15,77.8645,31,46.9070,5.3480,47.4645,0.5575,2010_2024,2010_2024,14
usa_NC_0032_0202,19,3.2599,0.3674,0.5066,299,2010-02-01,2024-12-08,25.6600,15,71.0484,31,45.6386,5.1436,45.3884,-0.2502,2010_2024,2010_2024,14
usa_NC_0032_0203,19,3.2367,0.3617,0.5034,308,2010-02-01,2024-12-08,24.1467,15,69.3548,31,45.3138,5.0638,45.2082,-0.1056,2010_2024,2010_2024,14
usa_NC_0032_0204,19,3.1972,0.3528,0.5104,307,2010-02-01,2024-12-08,19.7667,15,63.6000,31,44.7608,4.9392,43.8333,-0.9275,2010_2024,2010_2024,14
usa_NC_0032_0205,19,3.1592,0.3666,0.4887,303,2010-02-01,2024-12-08,24.5333,15,66.2258,31,44.2288,5.1324,41.6925,-2.5363,2010_2024,2010_2024,14
usa_NC_0032_0206,20,3.4620,0.3495,0.5596,301,2010-02-01,2024-12-08,37.2313,16,80.7516,31,48.4680,4.8930,43.5204,-4.9476,2010_2024,2010_2024,14
usa_NC_0032_0207,20,3.3529,0.3452,0.5450,307,2010-02-01,2024-12-08,20.9235,17,62.1000,32,46.9406,4.8328,41.1765,-5.7641,2010_2024,2010_2024,14
usa_NC_0032_0208,20,3.5595,0.3666,0.5457,306,2010-02-01,2024-12-08,21.4500,16,62.6469,32,49.8330,5.1324,41.1969,-8.6361,2010_2024,2010_2024,14
usa_NC_0032_0209,20,3.5388,0.3530,0.5672,299,2010-02-01,2024-12-08,27.3688,16,67.9742,31,49.5432,4.9420,40.6054,-8.9378,2010_2024,2010_2024,14
usa_NC_0032_0210,20,3.2706,0.3337,0.5478,309,2010-02-01,2024-12-08,38.6625,16,76.9903,31,45.7884,4.6718,38.3278,-7.4606,2010_2024,2010_2024,14
usa_NC_0032_0211,20,3.3063,0.3425,0.5486,299,2010-02-01,2024-12-08,22.9333,12,60.9194,31,46.2882,4.7950,37.9860,-8.3022,2010_2024,2010_2024,14
usa_NC_0032_0212,20,3.2554,0.3455,0.5340,302,2010-02-01,2024-12-08,38.4615,13,75.3710,31,45.5756,4.8370,36.9094,-8.6662,2010_2024,2010_2024,14
usa_NC_0032_0213,20,3.0020,0.3492,0.4866,304,2010-02-01,2024-12-08,37.6462,13,71.7097,31,42.0280,4.8888,34.0635,-7.9645,2010_2024,2010_2024,14
usa_NC_0032_0214,20,2.8818,0.3642,0.4495,299,2010-02-01,2024-12-08,66.0615,13,96.0750,32,40.3452,5.0988,30.0135,-10.3317,2010_2024,2010_2024,14
usa_NC_0033_0001,20,2.6015,0.3386,0.4174,321,2010-02-01,2024-12-08,34.3500,14,66.8333,30,36.4210,4.7404,32.4833,-3.9377,2010_2024,2010_2024,14
usa_NC_0033_0002,21,2.4591,0.3319,0.3953,327,2010-02-01,2024-12-08,30.3071,14,60.7200,30,34.4274,4.6466,30.4129,-4.0145,2010_2024,2010_2024,14
usa_NC_0033_0003,21,2.3998,0.3287,0.3919,322,2010-02-01,2024-12-08,20.3538,13,47.8167,30,33.5972,4.6018,27.4628,-6.1344,2010_2024,2010_2024,14
usa_NC_0033_0004,21,2.3072,0.3301,0.3693,325,2010-02-01,2024-12-08,16.5308,13,42.6367,30,32.3008,4.6214,26.1059,-6.1949,2010_2024,2010_2024,14
usa_NC_0033_0005,21,2.2071,0.3403,0.3351,325,2010-02-01,2024-12-08,23.5643,14,45.6600,30,30.8994,4.7642,22.0957,-8.8037,2010_2024,2010_2024,14
usa_NC_0033_0006,21,2.0224,0.3709,0.2620,326,2010-02-01,2024-12-08,24.7938,16,42.2333,30,28.3136,5.1926,17.4396,-10.8740,2010_2024,2010_2024,14
usa_NC_0033_0007,21,1.7552,0.3733,0.2063,331,2010-02-01,2024-12-08,26.6187,16,39.5167,30,24.5728,5.2262,12.8979,-11.6749,2010_2024,2010_2024,14
usa_NC_0033_0008,21,1.6850,0.3572,0.2050,336,2010-02-01,2024-12-08,30.7125,16,42.8533,30,23.5900,5.0008,12.1408,-11.4492,2010_2024,2010_2024,14
usa_NC_0033_0009,21,1.3899,0.3603,0.1463,338,2010-02-01,2024-12-08,35.8471,17,43.4667,30,19.4586,5.0442,7.6196,-11.8390,2010_2024,2010_2024,14
usa_NC_0033_0010,21,1.0633,0.3659,0.0882,340,2010-02-01,2024-12-08,39.3625,16,41.2258,31,14.8862,5.1226,1.8633,-13.0229,2010_2024,2010_2024,14
usa_NC_0033_0011,21,0.6879,0.3669,0.0388,339,2010-02-01,2024-12-08,36.7263,19,36.3903,31,9.6306,5.1366,-0.3360,-9.9666,2010_2024,2010_2024,14
usa_NC_0033_0012,21,0.3624,0.3740,0.0107,337,2010-02-01,2024-12-08,39.7333,18,33.3226,31,5.0736,5.2360,-6.4108,-11.4844,2010_2024,2010_2024,14
usa_NC_0033_0013,22,0.2948,0.3763,0.0071,334,2010-02-01,2024-12-08,39.6444,18,30.7613,31,4.1272,5.2682,-8.8832,-13.0104,2010_2024,2010_2024,14
usa_NC_0033_0014,22,0.1723,0.3735,0.0025,332,2010-02-01,2024-12-08,43.2611,18,33.3581,31,2.4122,5.2290,-9.9030,-12.3152,2010_2024,2010_2024,14
usa_NC_0033_0015,22,-0.0449,0.3779,0.0002,334,2010-02-01,2024-12-08,45.7833,18,32.6710,31,-0.6286,5.2906,-13.1124,-12.4838,2010_2024,2010_2024,14
usa_NC_0033_0016,22,0.0011,0.4003,0.0000,332,2010-02-01,2024-12-08,40.6643,14,29.7129,31,0.0154,5.6042,-10.9514,-10.9668,2010_2024,2010_2024,14
usa_NC_0033_0017,22,0.0425,0.4077,0.0001,331,2010-02-01,2024-12-08,42.1000,14,31.3733,30,0.5950,5.7078,-10.7267,-11.3217,2010_2024,2010_2024,14
usa_NC_0033_0018,22,0.0191,0.4244,0.0000,331,2010-02-01,2024-12-08,40.6500,14,31.7300,30,0.2674,5.9416,-8.9200,-9.1874,2010_2024,2010_2024,14
usa_NC_0033_0019,22,-0.0769,0.4196,0.0004,327,2010-02-01,2024-12-08,37.7500,12,29.3733,30,-1.0766,5.8744,-8.3767,-7.3001,2010_2024,2010_2024,14
usa_NC_0033_0020,22,-0.1999,0.4164,0.0027,328,2010-02-01,2024-12-08,38.1538,13,28.5133,30,-2.7986,5.8296,-9.6405,-6.8419,2010_2024,2010_2024,14
usa_NC_0033_0021,22,-0.2267,0.4415,0.0032,325,2010-02-17,2024-12-08,43.5700,10,28.7100,30,-3.1738,6.1810,-14.8600,-11.6862,2010_2024,2010_2024,14
usa_NC_0033_0022,22,-0.2431,0.4347,0.0037,332,2010-02-01,2024-12-08,42.9167,12,30.6133,30,-3.4034,6.0858,-12.3033,-8.8999,2010_2024,2010_2024,14
usa_NC_0033_0023,23,-0.2243,0.4624,0.0028,329,2010-02-01,2024-12-08,48.4417,12,34.4533,30,-3.1402,6.4736,-13.9883,-10.8481,2010_2024,2010_2024,14
usa_NC_0033_0024,23,-0.3382,0.4599,0.0063,330,2010-02-01,2024-12-08,54.7385,13,39.6567,30,-4.7348,6.4386,-15.0818,-10.3470,2010_2024,2010_2024,14
usa_NC_0033_0025,23,-0.5595,0.4521,0.0175,334,2010-02-01,2024-12-08,59.9812,16,42.5967,30,-7.8330,6.3294,-17.3846,-9.5516,2010_2024,2010_2024,14
usa_NC_0033_0026,23,-0.5901,0.4671,0.0180,338,2010-02-01,2024-12-08,60.4500,18,40.7533,30,-8.2614,6.5394,-19.6967,-11.4353,2010_2024,2010_2024,14
usa_NC_0033_0027,23,-0.6468,0.4722,0.0206,347,2010-02-01,2024-12-08,61.2444,18,41.8000,30,-9.0552,6.6108,-19.4444,-10.3892,2010_2024,2010_2024,14
usa_NC_0033_0028,23,-0.8135,0.4685,0.0328,346,2010-02-01,2024-12-08,63.0944,18,43.9290,31,-11.3890,6.5590,-19.1654,-7.7764,2010_2024,2010_2024,14
usa_NC_0033_0029,23,-0.9088,0.4693,0.0402,348,2010-02-01,2024-12-08,87.5474,19,64.9194,31,-12.7232,6.5702,-22.6280,-9.9048,2010_2024,2010_2024,14
usa_NC_0033_0030,23,-0.7937,0.4880,0.0283,353,2010-02-01,2024-12-08,81.4286,21,60.3194,31,-11.1118,6.8320,-21.1092,-9.9974,2010_2024,2010_2024,14
usa_NC_0033_0031,23,-0.5249,0.4957,0.0123,351,2010-02-01,2024-12-08,74.8000,21,61.2742,31,-7.3486,6.9398,-13.5258,-6.1772,2010_2024,2010_2024,14
usa_NC_0033_0032,23,-0.4246,0.4821,0.0085,351,2010-02-01,2024-12-08,72.1429,21,62.3677,31,-5.9444,6.7494,-9.7751,-3.8307,2010_2024,2010_2024,14
usa_NC_0033_0033,24,-0.0620,0.4781,0.0002,346,2010-02-01,2024-12-08,67.5762,21,64.9323,31,-0.8680,6.6934,-2.6439,-1.7759,2010_2024,2010_2024,14
usa_NC_0033_0034,24,0.3329,0.4684,0.0057,343,2010-02-01,2024-12-08,58.1571,21,60.6581,31,4.6606,6.5576,2.5009,-2.1597,2010_2024,2010_2024,14
usa_NC_0033_0035,24,0.5495,0.4580,0.0159,346,2010-02-01,2024-12-08,54.8842,19,61.2258,31,7.6930,6.4120,6.3416,-1.3514,2010_2024,2010_2024,14
usa_NC_0033_0036,24,0.7723,0.4668,0.0305,339,2010-02-01,2024-12-08,53.5059,17,62.1032,31,10.8122,6.5352,8.5973,-2.2149,2010_2024,2010_2024,14
usa_NC_0033_0037,24,1.0596,0.4737,0.0548,336,2010-02-01,2024-12-08,53.0000,15,64.3194,31,14.8344,6.6318,11.3194,-3.5150,2010_2024,2010_2024,14
usa_NC_0033_0038,24,0.9613,0.4856,0.0437,334,2010-02-01,2024-12-08,54.3312,16,65.2645,31,13.4582,6.7984,10.9333,-2.5249,2010_2024,2010_2024,14
usa_NC_0033_0039,24,1.0455,0.4851,0.0514,334,2010-02-01,2024-12-08,42.4000,16,53.1581,31,14.6370,6.7914,10.7581,-3.8789,2010_2024,2010_2024,14
usa_NC_0033_0040,24,0.8064,0.4832,0.0313,336,2010-02-01,2024-12-08,46.3400,15,56.3903,31,11.2896,6.7648,10.0503,-1.2393,2010_2024,2010_2024,14
usa_NC_0033_0041,24,0.8332,0.4612,0.0363,337,2010-02-01,2024-12-08,39.7200,15,49.7581,31,11.6648,6.4568,10.0381,-1.6267,2010_2024,2010_2024,14
usa_NC_0033_0042,24,0.7492,0.4555,0.0300,341,2010-02-01,2024-12-08,49.9429,14,60.9290,31,10.4888,6.3770,10.9862,0.4974,2010_2024,2010_2024,14
usa_NC_0033_0043,25,0.6375,0.4526,0.0223,338,2010-02-01,2024-12-08,41.9067,15,51.7935,31,8.9250,6.3364,9.8869,0.9619,2010_2024,2010_2024,14
usa_NC_0033_0044,25,0.4637,0.4327,0.0131,336,2010-02-01,2024-12-08,50.7632,19,57.4677,31,6.4918,6.0578,6.7046,0.2128,2010_2024,2010_2024,14
usa_NC_0033_0045,25,0.5233,0.4418,0.0155,347,2010-02-01,2024-12-08,43.6857,21,50.3323,31,7.3262,6.1852,6.6465,-0.6797,2010_2024,2010_2024,14
usa_NC_0033_0046,25,0.5912,0.4465,0.0192,348,2010-02-01,2024-12-08,46.5000,21,54.3419,31,8.2768,6.2510,7.8419,-0.4349,2010_2024,2010_2024,14
usa_NC_0033_0047,25,0.5289,0.4510,0.0150,351,2010-02-01,2024-12-08,45.6762,21,53.3677,31,7.4046,6.3140,7.6916,0.2870,2010_2024,2010_2024,14
usa_NC_0033_0048,25,0.5133,0.4419,0.0146,354,2010-02-01,2024-12-08,46.0818,22,54.3968,31,7.1862,6.1866,8.3150,1.1288,2010_2024,2010_2024,14
usa_NC_0033_0049,25,0.4016,0.4432,0.0089,355,2010-02-01,2024-12-08,48.0542,24,54.8548,31,5.6224,6.2048,6.8007,1.1783,2010_2024,2010_2024,14
usa_NC_0033_0050,25,0.2767,0.4487,0.0042,354,2010-02-01,2024-12-08,52.7720,25,57.4968,31,3.8738,6.2818,4.7248,0.8510,2010_2024,2010_2024,14
usa_NC_0033_0051,25,0.2749,0.4631,0.0038,355,2010-02-01,2024-12-08,45.8826,23,50.0452,31,3.8486,6.4834,4.1626,0.3140,2010_2024,2010_2024,14
usa_NC_0033_0052,25,0.2125,0.4603,0.0024,347,2010-02-01,2024-12-08,46.5727,22,51.8258,31,2.9750,6.4442,5.2531,2.2781,2010_2024,2010_2024,14
usa_NC_0033_0053,26,0.2557,0.4518,0.0036,346,2010-02-01,2024-12-08,43.2227,22,46.8774,31,3.5798,6.3252,3.6547,0.0749,2010_2024,2010_2024,14
usa_NC_0033_0054,26,0.3398,0.4399,0.0066,348,2010-02-01,2024-12-08,42.9955,22,47.7516,31,4.7572,6.1586,4.7562,-0.0010,2010_2024,2010_2024,14
usa_NC_0033_0055,26,0.5069,0.4394,0.0148,344,2010-02-01,2024-12-08,34.6667,18,41.3290,31,7.0966,6.1516,6.6624,-0.4342,2010_2024,2010_2024,14
usa_NC_0033_0056,26,0.7803,0.4441,0.0338,343,2010-02-01,2024-12-08,32.6235,17,43.8677,31,10.9242,6.2174,11.2442,0.3200,2010_2024,2010_2024,14
usa_NC_0033_0057,26,0.9096,0.4604,0.0431,337,2010-02-01,2024-12-08,32.0529,17,48.4806,31,12.7344,6.4456,16.4277,3.6933,2010_2024,2010_2024,14
usa_NC_0033_0058,26,0.7108,0.4594,0.0275,330,2010-02-01,2024-12-08,37.2000,16,49.6355,31,9.9512,6.4316,12.4355,2.4843,2010_2024,2010_2024,14
usa_NC_0033_0059,26,0.3278,0.4602,0.0059,333,2010-02-01,2024-12-08,26.0188,16,36.6935,31,4.5892,6.4428,10.6748,6.0856,2010_2024,2010_2024,14
usa_NC_0033_0060,26,-0.1938,0.4629,0.0021,329,2010-02-01,2024-12-08,48.0600,15,52.8290,31,-2.7132,6.4806,4.7690,7.4822,2010_2024,2010_2024,14
usa_NC_0033_0061,26,-0.2976,0.4430,0.0052,336,2010-02-01,2024-12-08,49.8267,15,48.8194,31,-4.1664,6.2020,-1.0073,3.1591,2010_2024,2010_2024,14
usa_NC_0033_0062,26,-0.4221,0.4194,0.0115,338,2010-02-01,2024-12-08,52.4000,15,47.8903,31,-5.9094,5.8716,-4.5097,1.3997,2010_2024,2010_2024,14
usa_NC_0033_0064,27,-0.8274,0.4190,0.0418,348,2010-02-01,2024-12-08,61.6429,21,47.8906,32,-11.5836,5.8660,-13.7522,-2.1686,2010_2024,2010_2024,14
usa_NC_0033_0065,27,-0.7619,0.4383,0.0323,352,2010-02-01,2024-12-08,69.2143,21,52.2125,32,-10.6666,6.1362,-17.0018,-6.3352,2010_2024,2010_2024,14
usa_NC_0033_0066,27,-0.7588,0.4462,0.0311,351,2010-02-01,2024-12-08,72.0190,21,51.8097,31,-10.6232,6.2468,-20.2094,-9.5862,2010_2024,2010_2024,14
usa_NC_0033_0067,27,-0.6348,0.4388,0.0225,353,2010-02-01,2024-12-08,75.3318,22,52.5677,31,-8.8872,6.1432,-22.7641,-13.8769,2010_2024,2010_2024,14
usa_NC_0033_0068,27,-0.6901,0.4363,0.0266,356,2010-02-01,2024-12-08,74.8783,23,49.2000,31,-9.6614,6.1082,-25.6783,-16.0169,2010_2024,2010_2024,14
usa_NC_0033_0069,27,-0.6652,0.4130,0.0279,352,2010-02-01,2024-12-08,72.9500,24,49.6710,31,-9.3128,5.7820,-23.2790,-13.9662,2010_2024,2010_2024,14
usa_NC_0033_0070,27,-0.7002,0.4083,0.0312,355,2010-02-01,2024-12-08,69.2273,22,42.6581,31,-9.8028,5.7162,-26.5692,-16.7664,2010_2024,2010_2024,14
usa_NC_0033_0071,27,-0.5827,0.4023,0.0229,348,2010-02-01,2024-12-08,68.4905,21,43.8968,31,-8.1578,5.6322,-24.5937,-16.4359,2010_2024,2010_2024,14
usa_NC_0033_0072,27,-0.3394,0.3899,0.0085,344,2010-02-01,2024-12-08,64.3667,21,42.7452,31,-4.7516,5.4586,-21.6215,-16.8699,2010_2024,2010_2024,14
usa_NC_0033_0073,27,0.0861,0.4000,0.0005,348,2010-02-01,2024-12-08,62.9905,21,44.1516,31,1.2054,5.6000,-18.8389,-20.0443,2010_2024,2010_2024,14
usa_NC_0033_0074,28,0.4956,0.4000,0.0172,342,2010-02-01,2024-12-08,60.6778,18,47.4581,31,6.9384,5.6000,-13.2197,-20.1581,2010_2024,2010_2024,14
usa_NC_0033_0075,28,0.8956,0.4368,0.0460,339,2010-02-01,2024-12-08,61.1941,17,50.8968,31,12.5384,6.1152,-10.2973,-22.8357,2010_2024,2010_2024,14
usa_NC_0033_0076,28,1.2949,0.4630,0.0822,340,2010-02-01,2024-12-08,61.7800,15,56.9129,31,18.1286,6.4820,-4.8671,-22.9957,2010_2024,2010_2024,14
usa_NC_0033_0077,28,1.6128,0.4845,0.1147,333,2010-02-01,2024-12-08,65.3938,16,62.6806,31,22.5792,6.7830,-2.7131,-25.2923,2010_2024,2010_2024,14
usa_NC_0033_0078,28,2.0943,0.4974,0.1704,336,2010-02-01,2024-12-08,69.9867,15,70.5677,31,29.3202,6.9636,0.5811,-28.7391,2010_2024,2010_2024,14
usa_NC_0033_0079,28,2.2028,0.4970,0.1840,339,2010-02-01,2024-12-08,73.8000,14,73.0774,31,30.8392,6.9580,-0.7226,-31.5618,2010_2024,2010_2024,14
usa_NC_0033_0080,28,2.6844,0.4997,0.2500,337,2010-02-01,2024-12-08,66.8000,14,69.8645,31,37.5816,6.9958,3.0645,-34.5171,2010_2024,2010_2024,14
usa_NC_0033_0081,28,3.4016,0.5242,0.3252,340,2010-02-01,2024-12-08,65.6500,14,77.3355,31,47.6224,7.3388,11.6855,-35.9369,2010_2024,2010_2024,14
usa_NC_0033_0082,28,3.8046,0.5201,0.3792,341,2010-02-01,2024-12-08,63.6533,15,82.2677,31,53.2644,7.2814,18.6144,-34.6500,2010_2024,2010_2024,14
usa_NC_0033_0083,28,3.8183,0.4796,0.4183,343,2010-02-01,2024-12-08,65.7600,20,90.4968,31,53.4562,6.7144,24.7368,-28.7194,2010_2024,2010_2024,14
usa_NC_0033_0084,29,3.9443,0.4777,0.4326,348,2010-02-01,2024-12-08,59.3286,21,86.5806,31,55.2202,6.6878,27.2521,-27.9681,2010_2024,2010_2024,14
usa_NC_0033_0085,29,3.9812,0.4687,0.4444,351,2010-02-01,2024-12-08,65.6050,20,95.4387,31,55.7368,6.5618,29.8337,-25.9031,2010_2024,2010_2024,14
usa_NC_0033_0086,29,4.1041,0.4493,0.4783,354,2010-02-01,2024-12-08,55.7091,22,89.1290,31,57.4574,6.2902,33.4199,-24.0375,2010_2024,2010_2024,14
usa_NC_0033_0087,29,4.3768,0.4314,0.5308,354,2010-02-01,2024-12-08,45.2091,22,85.1677,31,61.2752,6.0396,39.9587,-21.3165,2010_2024,2010_2024,14
usa_NC_0033_0088,29,4.6065,0.4091,0.5787,359,2010-02-01,2024-12-08,54.3667,24,96.2677,31,64.4910,5.7274,41.9011,-22.5899,2010_2024,2010_2024,14
usa_NC_0033_0089,29,4.8929,0.3985,0.6249,352,2010-02-01,2024-12-08,56.8909,22,103.2935,31,68.5006,5.5790,46.4026,-22.0980,2010_2024,2010_2024,14
usa_NC_0033_0090,29,4.9749,0.3825,0.6515,352,2010-02-01,2024-12-08,52.8955,22,102.3419,31,69.6486,5.3550,49.4465,-20.2021,2010_2024,2010_2024,14
usa_NC_0033_0091,29,5.1514,0.3898,0.6627,346,2010-02-01,2024-12-08,45.5429,21,96.1032,31,72.1196,5.4572,50.5604,-21.5592,2010_2024,2010_2024,14
usa_NC_0033_0092,29,5.2505,0.3864,0.6736,348,2010-02-01,2024-12-08,44.4476,21,95.8161,31,73.5070,5.4096,51.3685,-22.1385,2010_2024,2010_2024,14
usa_NC_0033_0093,29,5.1415,0.3749,0.6790,346,2010-02-01,2024-12-08,50.6789,19,103.8387,31,71.9810,5.2486,53.1598,-18.8212,2010_2024,2010_2024,14
usa_NC_0033_0094,30,5.2523,0.3910,0.6738,340,2010-02-01,2024-12-08,51.6353,17,105.0935,31,73.5322,5.4740,53.4583,-20.0739,2010_2024,2010_2024,14
usa_NC_0033_0095,30,5.1855,0.3781,0.6848,337,2010-02-01,2024-12-08,62.4125,16,116.9710,31,72.5970,5.2934,54.5585,-18.0385,2010_2024,2010_2024,14
usa_NC_0033_0096,30,5.1398,0.3936,0.6633,337,2010-02-01,2024-12-08,51.4312,16,111.2548,31,71.9572,5.5104,59.8236,-12.1336,2010_2024,2010_2024,14
usa_NC_0033_0097,30,5.1484,0.3871,0.6740,333,2010-02-01,2024-12-08,54.9937,16,119.7935,31,72.0776,5.4194,64.7998,-7.2778,2010_2024,2010_2024,14
usa_NC_0033_0098,30,4.9091,0.3693,0.6712,337,2010-02-01,2024-12-08,50.3214,14,114.1258,31,68.7274,5.1702,63.8044,-4.9230,2010_2024,2010_2024,14
usa_NC_0033_0099,30,4.6946,0.3768,0.6427,336,2010-02-01,2024-12-08,54.7400,15,119.6097,31,65.7244,5.2752,64.8697,-0.8547,2010_2024,2010_2024,14
usa_NC_0033_0100,30,4.5585,0.3665,0.6398,339,2010-02-01,2024-12-08,56.8000,13,122.6516,31,63.8190,5.1310,65.8516,2.0326,2010_2024,2010_2024,14
usa_NC_0033_0101,30,4.1459,0.3676,0.5914,342,2010-02-01,2024-12-08,55.1643,14,116.6613,31,58.0426,5.1464,61.4970,3.4544,2010_2024,2010_2024,14
usa_NC_0033_0102,30,3.5946,0.3558,0.5352,345,2010-02-01,2024-12-08,53.3632,19,108.6290,31,50.3244,4.9812,55.2659,4.9415,2010_2024,2010_2024,14
usa_NC_0033_0103,30,3.3842,0.3524,0.5121,342,2010-02-01,2024-12-08,51.5900,20,106.0161,31,47.3788,4.9336,54.4261,7.0473,2010_2024,2010_2024,14
usa_NC_0033_0104,31,3.0855,0.3647,0.4410,353,2010-02-01,2024-12-08,64.1400,20,114.7688,32,43.1970,5.1058,50.6288,7.4318,2010_2024,2010_2024,14
usa_NC_0033_0105,31,2.7530,0.3583,0.3990,346,2010-02-01,2024-12-08,59.8737,19,106.9156,32,38.5420,5.0162,47.0419,8.4999,2010_2024,2010_2024,14
usa_NC_0033_0106,31,2.7402,0.3714,0.3750,353,2010-02-01,2024-12-08,55.3850,20,101.7250,32,38.3628,5.1996,46.3400,7.9772,2010_2024,2010_2024,14
usa_NC_0033_0107,31,2.6986,0.3771,0.3581,357,2010-02-01,2024-12-08,61.4773,22,107.6000,32,37.7804,5.2794,46.1227,8.3423,2010_2024,2010_2024,14
usa_NC_0033_0108,31,2.5536,0.3936,0.3213,346,2010-02-01,2024-12-08,66.5409,22,112.1906,32,35.7504,5.5104,45.6497,9.8993,2010_2024,2010_2024,14
usa_NC_0033_0109,31,2.4879,0.4070,0.2990,341,2010-02-01,2024-12-08,67.6789,19,113.1594,32,34.8306,5.6980,45.4804,10.6498,2010_2024,2010_2024,14
usa_NC_0033_0110,31,2.2228,0.4229,0.2386,343,2010-02-01,2024-12-08,56.9143,21,98.6156,32,31.1192,5.9206,41.7013,10.5821,2010_2024,2010_2024,14
usa_NC_0033_0111,31,2.2519,0.4458,0.2266,339,2010-02-01,2024-12-08,51.6048,21,95.6656,32,31.5266,6.2412,44.0609,12.5343,2010_2024,2010_2024,14
usa_NC_0033_0112,31,2.1219,0.4395,0.2097,342,2010-02-01,2024-12-08,58.3947,19,99.4250,32,29.7066,6.1530,41.0303,11.3237,2010_2024,2010_2024,14
usa_NC_0033_0113,31,2.2301,0.4542,0.2183,336,2010-02-01,2024-12-08,54.2375,16,96.5906,32,31.2214,6.3588,42.3531,11.1317,2010_2024,2010_2024,14
usa_NC_0033_0114,31,2.5510,0.4884,0.2441,329,2010-02-01,2024-12-08,53.3571,14,101.9437,32,35.7140,6.8376,48.5866,12.8726,2010_2024,2010_2024,14
usa_NC_0033_0115,32,2.4779,0.5034,0.2218,331,2010-02-01,2024-12-08,52.1067,15,96.9969,32,34.6906,7.0476,44.8902,10.1996,2010_2024,2010_2024,14
usa_NC_0033_0116,32,2.4382,0.5111,0.2122,329,2010-02-01,2024-12-08,50.1714,14,92.6750,32,34.1348,7.1554,42.5036,8.3688,2010_2024,2010_2024,14
usa_NC_0033_0117,32,2.5783,0.4872,0.2484,330,2010-02-01,2024-12-08,54.1571,14,95.4031,32,36.0962,6.8208,41.2460,5.1498,2010_2024,2010_2024,14
usa_NC_0033_0118,32,2.4433,0.4789,0.2350,330,2010-02-01,2024-12-08,61.7538,13,96.3400,30,34.2062,6.7046,34.5862,0.3800,2010_2024,2010_2024,14
usa_NC_0033_0119,32,2.5641,0.4726,0.2577,330,2010-02-01,2024-12-08,63.6357,14,94.7633,30,35.8974,6.6164,31.1276,-4.7698,2010_2024,2010_2024,14
usa_NC_0033_0120,32,2.4170,0.4570,0.2464,333,2010-02-01,2024-12-08,62.0857,14,86.5400,30,33.8380,6.3980,24.4543,-9.3837,2010_2024,2010_2024,14
usa_NC_0033_0121,32,2.2151,0.4684,0.2083,331,2010-02-01,2024-12-08,61.1286,14,77.0067,30,31.0114,6.5576,15.8781,-15.1333,2010_2024,2010_2024,14
usa_NC_0033_0122,32,1.8471,0.4539,0.1618,334,2010-02-01,2024-12-08,61.5158,19,69.6387,31,25.8594,6.3546,8.1229,-17.7365,2010_2024,2010_2024,14
usa_NC_0033_0123,32,1.7886,0.4645,0.1462,337,2010-02-01,2024-12-08,70.2350,20,73.9516,31,25.0404,6.5030,3.7166,-21.3238,2010_2024,2010_2024,14
usa_NC_0033_0124,32,1.7781,0.4651,0.1430,341,2010-02-01,2024-12-08,73.5950,20,75.4968,31,24.8934,6.5114,1.9018,-22.9916,2010_2024,2010_2024,14
usa_NC_0033_0125,33,1.5806,0.4456,0.1243,345,2010-02-01,2024-12-08,99.4429,21,96.5419,31,22.1284,6.2384,-2.9009,-25.0293,2010_2024,2010_2024,14
usa_NC_0033_0126,33,1.6632,0.4287,0.1430,351,2010-02-01,2024-12-08,119.5455,22,118.5806,31,23.2848,6.0018,-0.9648,-24.2496,2010_2024,2010_2024,14
usa_NC_0033_0127,33,1.9145,0.4151,0.1917,349,2010-02-01,2024-12-08,70.5417,24,72.4613,31,26.8030,5.8114,1.9196,-24.8834,2010_2024,2010_2024,14
usa_NC_0033_0128,33,2.0751,0.4164,0.2193,344,2010-02-01,2024-12-08,60.8136,22,65.4452,31,29.0514,5.8296,4.6315,-24.4199,2010_2024,2010_2024,14
usa_NC_0033_0129,33,2.1885,0.4137,0.2399,345,2010-02-01,2024-12-08,53.0091,22,59.7129,31,30.6390,5.7918,6.7038,-23.9352,2010_2024,2010_2024,14
usa_NC_0033_0130,33,2.3357,0.4255,0.2588,336,2010-02-01,2024-12-08,49.9050,20,59.8903,31,32.6998,5.9570,9.9853,-22.7145,2010_2024,2010_2024,14
usa_NC_0033_0131,33,2.6044,0.4335,0.2974,332,2010-02-01,2024-12-08,52.9524,21,65.0290,31,36.4616,6.0690,12.0767,-24.3849,2010_2024,2010_2024,14
usa_NC_0033_0132,33,2.9215,0.4514,0.3287,333,2010-02-01,2024-12-08,50.0550,20,66.6613,31,40.9010,6.3196,16.6063,-24.2947,2010_2024,2010_2024,14
usa_NC_0033_0133,33,3.2710,0.4881,0.3470,329,2010-02-01,2024-12-08,46.8235,17,66.0161,31,45.7940,6.8334,19.1926,-26.6014,2010_2024,2010_2024,14
usa_NC_0033_0134,33,3.5765,0.5186,0.3623,326,2010-02-01,2024-12-08,43.8667,15,70.5000,31,50.0710,7.2604,26.6333,-23.4377,2010_2024,2010_2024,14
usa_NC_0033_0135,33,3.7703,0.5196,0.3876,324,2010-02-01,2024-12-08,35.9133,15,65.7226,31,52.7842,7.2744,29.8092,-22.9750,2010_2024,2010_2024,14
usa_NC_0033_0136,34,3.7905,0.5276,0.3858,320,2010-02-01,2024-12-08,37.8000,14,66.4581,31,53.0670,7.3864,28.6581,-24.4089,2010_2024,2010_2024,14
usa_NC_0033_0137,34,3.9365,0.5024,0.4246,324,2010-02-01,2024-12-08,43.3429,14,75.5839,31,55.1110,7.0336,32.2410,-22.8700,2010_2024,2010_2024,14
usa_NC_0033_0138,34,3.8848,0.4803,0.4433,320,2010-02-01,2024-12-08,41.9429,14,76.3161,31,54.3872,6.7242,34.3733,-20.0139,2010_2024,2010_2024,14
usa_NC_0033_0139,34,3.9367,0.4704,0.4563,325,2010-02-01,2024-12-08,43.5769,13,78.1258,31,55.1138,6.5856,34.5489,-20.5649,2010_2024,2010_2024,14
usa_NC_0033_0140,34,3.8087,0.4586,0.4480,331,2010-02-01,2024-12-08,50.6200,15,80.0032,31,53.3218,6.4204,29.3832,-23.9386,2010_2024,2010_2024,14
usa_NC_0033_0141,34,3.6620,0.4275,0.4664,327,2010-02-01,2024-12-08,55.5176,17,83.0258,31,51.2680,5.9850,27.5082,-23.7598,2010_2024,2010_2024,14
usa_NC_0033_0142,34,3.7251,0.4181,0.4813,333,2010-02-01,2024-12-08,54.4000,21,80.9742,31,52.1514,5.8534,26.5742,-25.5772,2010_2024,2010_2024,14
usa_NC_0033_0143,34,3.7854,0.4109,0.4935,339,2010-02-01,2024-12-08,48.6286,21,78.5774,31,52.9956,5.7526,29.9488,-23.0468,2010_2024,2010_2024,14
usa_NC_0033_0144,34,3.7866,0.4126,0.4879,344,2010-02-01,2024-12-08,43.6286,21,75.3516,31,53.0124,5.7764,31.7230,-21.2894,2010_2024,2010_2024,14
usa_NC_0033_0145,34,3.7383,0.4074,0.4856,347,2010-02-01,2024-12-08,42.0864,22,73.3065,31,52.3362,5.7036,31.2201,-21.1161,2010_2024,2010_2024,14
usa_NC_0033_0146,35,3.6963,0.4074,0.4785,349,2010-02-01,2024-12-08,35.9087,23,68.8968,31,51.7482,5.7036,32.9881,-18.7601,2010_2024,2010_2024,14
usa_NC_0033_0147,35,3.5798,0.3924,0.4805,350,2010-02-01,2024-12-08,35.2840,25,70.2935,31,50.1172,5.4936,35.0095,-15.1077,2010_2024,2010_2024,14
usa_NC_0033_0148,35,3.6370,0.4041,0.4774,345,2010-02-01,2024-12-08,36.4609,23,76.1097,31,50.9180,5.6574,39.6488,-11.2692,2010_2024,2010_2024,14
usa_NC_0033_0149,35,3.5153,0.4005,0.4672,342,2010-02-01,2024-12-08,35.4571,21,75.6645,31,49.2142,5.6070,40.2074,-9.0068,2010_2024,2010_2024,14
usa_NC_0033_0150,35,3.4526,0.4075,0.4533,337,2010-02-01,2024-12-08,31.7714,21,72.4100,30,48.3364,5.7050,40.6386,-7.6978,2010_2024,2010_2024,14
usa_NC_0033_0151,35,3.5442,0.4025,0.4725,337,2010-02-01,2024-12-08,30.7952,21,71.7467,30,49.6188,5.6350,40.9514,-8.6674,2010_2024,2010_2024,14
usa_NC_0033_0152,35,3.5153,0.4084,0.4612,337,2010-02-01,2024-12-08,26.5684,19,67.1367,30,49.2142,5.7176,40.5682,-8.6460,2010_2024,2010_2024,14
usa_NC_0033_0153,35,3.4937,0.3987,0.4723,334,2010-02-01,2024-12-08,23.5765,17,65.5800,30,48.9118,5.5818,42.0035,-6.9083,2010_2024,2010_2024,14
usa_NC_0033_0154,35,3.2610,0.3982,0.4440,327,2010-02-01,2024-12-08,20.7375,16,60.3567,30,45.6540,5.5748,39.6192,-6.0348,2010_2024,2010_2024,14
usa_NC_0033_0155,35,3.2027,0.3891,0.4496,323,2010-02-01,2024-12-08,22.9667,15,62.0800,30,44.8378,5.4474,39.1133,-5.7245,2010_2024,2010_2024,14
usa_NC_0033_0156,35,3.2091,0.3803,0.4573,329,2010-02-01,2024-12-08,25.7067,15,67.2862,29,44.9274,5.3242,41.5795,-3.3479,2010_2024,2010_2024,14
usa_NC_0033_0157,36,3.1126,0.3832,0.4354,333,2010-02-01,2024-12-08,25.2143,14,64.3414,29,43.5764,5.3648,39.1271,-4.4493,2010_2024,2010_2024,14
usa_NC_0033_0158,36,3.1577,0.3856,0.4410,331,2010-02-01,2024-12-08,24.4643,14,64.5690,29,44.2078,5.3984,40.1047,-4.1031,2010_2024,2010_2024,14
usa_NC_0033_0159,36,3.2216,0.3893,0.4454,332,2010-02-01,2024-12-08,25.7357,14,64.5310,29,45.1024,5.4502,38.7953,-6.3071,2010_2024,2010_2024,14
usa_NC_0033_0160,36,3.0848,0.3889,0.4230,334,2010-02-01,2024-12-08,26.1800,15,63.4759,29,43.1872,5.4446,37.2959,-5.8913,2010_2024,2010_2024,14
usa_NC_0033_0161,36,2.7832,0.3760,0.3847,341,2010-02-01,2024-12-08,31.4667,18,64.4241,29,38.9648,5.2640,32.9575,-6.0073,2010_2024,2010_2024,14
usa_NC_0033_0162,36,2.5001,0.3516,0.3672,339,2010-02-01,2024-12-08,26.6550,20,56.5655,29,35.0014,4.9224,29.9105,-5.0909,2010_2024,2010_2024,14
usa_NC_0033_0163,36,2.2733,0.3644,0.3063,343,2010-02-01,2024-12-08,32.1800,20,58.6241,29,31.8262,5.1016,26.4441,-5.3821,2010_2024,2010_2024,14
usa_NC_0033_0164,36,1.8750,0.3582,0.2372,343,2010-02-01,2024-12-08,32.7750,20,57.2379,29,26.2500,5.0148,24.4629,-1.7871,2010_2024,2010_2024,14
usa_NC_0033_0165,36,1.5036,0.3360,0.1847,344,2010-02-01,2024-12-08,36.4000,21,56.9233,30,21.0504,4.7040,20.5233,-0.5271,2010_2024,2010_2024,14
usa_NC_0033_0166,36,1.3797,0.3381,0.1558,351,2010-02-01,2024-12-08,37.8130,23,57.4387,31,19.3158,4.7334,19.6257,0.3099,2010_2024,2010_2024,14
usa_NC_0033_0167,37,1.2402,0.3581,0.1192,345,2010-02-01,2024-12-08,37.1409,22,55.0194,31,17.3628,5.0134,17.8784,0.5156,2010_2024,2010_2024,14
usa_NC_0033_0168,37,1.0073,0.3641,0.0805,340,2010-02-01,2024-12-08,35.8273,22,52.1742,31,14.1022,5.0974,16.3469,2.2447,2010_2024,2010_2024,14
usa_NC_0033_0169,37,0.8573,0.3729,0.0574,338,2010-02-01,2024-12-08,36.7571,21,51.2387,31,12.0022,5.2206,14.4816,2.4794,2010_2024,2010_2024,14
usa_NC_0033_0170,37,0.8480,0.3707,0.0572,336,2010-02-01,2024-12-08,37.3048,21,50.2387,31,11.8720,5.1898,12.9339,1.0619,2010_2024,2010_2024,14
usa_NC_0033_0171,37,0.9402,0.3582,0.0723,344,2010-02-01,2024-12-08,35.0524,21,47.8935,31,13.1628,5.0148,12.8412,-0.3216,2010_2024,2010_2024,14
usa_NC_0033_0172,37,1.0263,0.3556,0.0875,338,2010-02-01,2024-12-08,37.4444,18,51.0742,31,14.3682,4.9784,13.6297,-0.7385,2010_2024,2010_2024,14
usa_NC_0033_0173,37,1.1321,0.3771,0.0951,334,2010-02-01,2024-12-08,40.0529,17,53.2161,31,15.8494,5.2794,13.1632,-2.6862,2010_2024,2010_2024,14
usa_NC_0033_0174,37,1.2811,0.3998,0.1072,333,2010-02-01,2024-12-08,43.5333,15,58.3419,31,17.9354,5.5972,14.8086,-3.1268,2010_2024,2010_2024,14
usa_NC_0033_0175,37,1.1089,0.4134,0.0785,329,2010-02-01,2024-12-08,41.1000,16,51.5387,31,15.5246,5.7876,10.4387,-5.0859,2010_2024,2010_2024,14
usa_NC_0033_0176,37,0.9524,0.4142,0.0582,333,2010-02-01,2024-12-08,57.9600,15,64.4290,31,13.3336,5.7988,6.4690,-6.8646,2010_2024,2010_2024,14
usa_NC_0033_0177,37,0.8289,0.4057,0.0464,334,2010-02-01,2024-12-08,48.9643,14,51.0032,31,11.6046,5.6798,2.0389,-9.5657,2010_2024,2010_2024,14
usa_NC_0033_0178,38,0.8335,0.4034,0.0478,331,2010-02-01,2024-12-08,48.1571,14,48.4355,31,11.6690,5.6476,0.2783,-11.3907,2010_2024,2010_2024,14
usa_NC_0033_0179,38,1.0304,0.3929,0.0734,338,2010-02-01,2024-12-08,51.9308,13,51.0677,31,14.4256,5.5006,-0.8630,-15.2886,2010_2024,2010_2024,14
usa_NC_0033_0180,38,0.9481,0.3934,0.0622,341,2010-02-01,2024-12-08,56.1714,14,52.7548,31,13.2734,5.5076,-3.4166,-16.6900,2010_2024,2010_2024,14
usa_NC_0033_0181,38,0.7859,0.3801,0.0462,343,2010-02-01,2024-12-08,55.5579,19,52.7129,31,11.0026,5.3214,-2.8450,-13.8476,2010_2024,2010_2024,14
usa_NC_0033_0182,38,0.8441,0.3834,0.0524,341,2010-02-01,2024-12-08,55.2650,20,54.0290,31,11.8174,5.3676,-1.2360,-13.0534,2010_2024,2010_2024,14
usa_NC_0033_0183,38,0.9716,0.3777,0.0693,346,2010-02-01,2024-12-08,49.0550,20,50.5097,31,13.6024,5.2878,1.4547,-12.1477,2010_2024,2010_2024,14
usa_NC_0033_0184,38,0.9704,0.3702,0.0719,345,2010-02-01,2024-12-08,53.9350,20,52.8258,31,13.5856,5.1828,-1.1092,-14.6948,2010_2024,2010_2024,14
usa_NC_0033_0185,38,0.9339,0.3656,0.0680,348,2010-02-01,2024-12-08,54.3048,21,51.4903,31,13.0746,5.1184,-2.8144,-15.8890,2010_2024,2010_2024,14
usa_NC_0033_0186,38,1.0240,0.3628,0.0822,346,2010-02-01,2024-12-08,52.0000,23,51.2774,31,14.3360,5.0792,-0.7226,-15.0586,2010_2024,2010_2024,14
usa_NC_0033_0187,38,1.2748,0.3699,0.1178,346,2010-02-01,2024-12-08,46.9391,23,49.6129,31,17.8472,5.1786,2.6738,-15.1734,2010_2024,2010_2024,14
usa_NC_0033_0188,39,1.4218,0.3614,0.1494,343,2010-02-01,2024-12-08,46.4952,21,49.9419,31,19.9052,5.0596,3.4467,-16.4585,2010_2024,2010_2024,14
usa_NC_0033_0189,39,1.4598,0.3686,0.1511,343,2010-02-01,2024-12-08,45.9190,21,49.8194,31,20.4372,5.1604,3.9003,-16.5369,2010_2024,2010_2024,14
usa_NC_0033_0190,39,1.4692,0.3693,0.1545,337,2010-02-01,2024-12-08,45.3000,22,48.6161,31,20.5688,5.1702,3.3161,-17.2527,2010_2024,2010_2024,14
usa_NC_0033_0191,39,1.3927,0.3538,0.1492,344,2010-02-01,2024-12-08,45.9364,22,48.3581,31,19.4978,4.9532,2.4217,-17.0761,2010_2024,2010_2024,14
usa_NC_0033_0192,39,1.4749,0.3529,0.1646,345,2010-02-01,2024-12-08,44.9211,19,47.4194,31,20.6486,4.9406,2.4983,-18.1503,2010_2024,2010_2024,14
usa_NC_0033_0193,39,1.5615,0.3658,0.1761,332,2010-02-01,2024-12-08,45.2667,15,49.3774,31,21.8610,5.1212,4.1108,-17.7502,2010_2024,2010_2024,14
usa_NC_0033_0194,39,1.4230,0.3598,0.1546,333,2010-02-01,2024-12-08,42.1882,17,45.5677,31,19.9220,5.0372,3.3795,-16.5425,2010_2024,2010_2024,14
usa_NC_0033_0195,39,1.3267,0.3613,0.1366,332,2010-02-01,2024-12-08,41.3750,16,45.6452,31,18.5738,5.0582,4.2702,-14.3036,2010_2024,2010_2024,14
usa_NC_0033_0196,39,1.2911,0.3537,0.1345,334,2010-02-01,2024-12-08,39.9437,16,45.7484,31,18.0754,4.9518,5.8046,-12.2708,2010_2024,2010_2024,14
usa_NC_0033_0197,39,1.1862,0.3582,0.1118,339,2010-02-01,2024-12-08,45.2571,14,47.7000,31,16.6068,5.0148,2.4429,-14.1639,2010_2024,2010_2024,14
usa_NC_0033_0198,40,1.2143,0.3426,0.1257,340,2010-02-01,2024-12-08,43.1200,15,48.7387,31,17.0002,4.7964,5.6187,-11.3815,2010_2024,2010_2024,14
usa_NC_0033_0199,40,1.2383,0.3476,0.1265,341,2010-02-01,2024-12-08,43.2600,15,50.2323,31,17.3362,4.8664,6.9723,-10.3639,2010_2024,2010_2024,14
usa_NC_0033_0200,40,1.0298,0.3443,0.0914,346,2010-02-01,2024-12-08,46.7933,15,51.7839,31,14.4172,4.8202,4.9905,-9.4267,2010_2024,2010_2024,14
usa_NC_0033_0201,40,0.8050,0.3365,0.0615,340,2010-02-01,2024-12-08,51.5650,20,54.9581,31,11.2700,4.7110,3.3931,-7.8769,2010_2024,2010_2024,14
usa_NC_0033_0202,40,0.7331,0.3489,0.0469,349,2010-02-01,2024-12-08,50.9810,21,53.5806,31,10.2634,4.8846,2.5997,-7.6637,2010_2024,2010_2024,14
usa_NC_0033_0203,40,0.6341,0.3578,0.0338,349,2010-02-01,2024-12-08,58.7714,21,59.6484,31,8.8774,5.0092,0.8770,-8.0004,2010_2024,2010_2024,14
usa_NC_0033_0204,40,0.6653,0.3587,0.0366,352,2010-02-01,2024-12-08,56.1500,22,58.3742,31,9.3142,5.0218,2.2242,-7.0900,2010_2024,2010_2024,14
usa_NC_0033_0205,40,0.6566,0.3577,0.0362,349,2010-02-01,2024-12-08,59.3955,22,58.8742,31,9.1924,5.0078,-0.5213,-9.7137,2010_2024,2010_2024,14
usa_NC_0033_0206,40,0.6405,0.3736,0.0316,351,2010-02-01,2024-12-08,59.5565,23,57.4355,31,8.9670,5.2304,-2.1210,-11.0880,2010_2024,2010_2024,14
usa_NC_0033_0207,40,0.7341,0.3750,0.0413,346,2010-02-01,2024-12-08,53.4696,23,54.9677,31,10.2774,5.2500,1.4982,-8.7792,2010_2024,2010_2024,14
usa_NC_0033_0209,41,0.9093,0.4099,0.0538,337,2010-02-01,2024-12-08,58.2955,22,55.2194,31,12.7302,5.7386,-3.0761,-15.8063,2010_2024,2010_2024,14
usa_NC_0033_0210,41,0.9113,0.4091,0.0551,331,2010-02-01,2024-12-08,56.8409,22,52.6871,31,12.7582,5.7274,-4.1538,-16.9120,2010_2024,2010_2024,14
usa_NC_0033_0211,41,0.8973,0.3941,0.0562,339,2010-02-01,2024-12-08,49.7591,22,45.0968,31,12.5622,5.5174,-4.6623,-17.2245,2010_2024,2010_2024,14
usa_NC_0033_0212,41,1.1066,0.3901,0.0860,333,2010-02-01,2024-12-08,52.1778,18,48.9000,31,15.4924,5.4614,-3.2778,-18.7702,2010_2024,2010_2024,14
usa_NC_0033_0213,41,1.1543,0.3785,0.0983,332,2010-02-01,2024-12-08,36.8500,16,34.4516,31,16.1602,5.2990,-2.3984,-18.5586,2010_2024,2010_2024,14
usa_NC_0033_0214,41,0.9533,0.3529,0.0782,335,2010-02-01,2024-12-08,37.1353,17,37.6613,31,13.3462,4.9406,0.5260,-12.8202,2010_2024,2010_2024,14
usa_NC_0033_0215,41,0.7377,0.3444,0.0511,332,2010-02-01,2024-12-08,37.3438,16,38.0000,31,10.3278,4.8216,0.6562,-9.6716,2010_2024,2010_2024,14
usa_NC_0033_0216,41,0.5055,0.3435,0.0248,331,2010-02-01,2024-12-08,41.5438,16,42.7000,31,7.0770,4.8090,1.1562,-5.9208,2010_2024,2010_2024,14
usa_NC_0033_0217,41,0.2604,0.3347,0.0069,337,2010-02-01,2024-12-08,35.8125,16,35.5452,31,3.6456,4.6858,-0.2673,-3.9129,2010_2024,2010_2024,14
usa_NC_0033_0218,41,0.3008,0.3561,0.0084,330,2010-02-01,2024-12-08,36.3867,15,36.2581,31,4.2112,4.9854,-0.1286,-4.3398,2010_2024,2010_2024,14
usa_NC_0033_0219,42,0.3149,0.3680,0.0084,335,2010-02-01,2024-12-08,33.8667,15,33.8032,31,4.4086,5.1520,-0.0634,-4.4720,2010_2024,2010_2024,14
usa_NC_0033_0220,42,0.1476,0.3729,0.0018,339,2010-02-01,2024-12-08,45.0778,18,40.5258,31,2.0664,5.2206,-4.5520,-6.6184,2010_2024,2010_2024,14
usa_NC_0033_0221,42,0.0853,0.3742,0.0006,340,2010-02-01,2024-12-08,41.8950,20,36.6000,31,1.1942,5.2388,-5.2950,-6.4892,2010_2024,2010_2024,14
usa_NC_0033_0222,42,0.1607,0.3704,0.0021,342,2010-02-01,2024-12-08,51.1333,21,48.8935,31,2.2498,5.1856,-2.2398,-4.4896,2010_2024,2010_2024,14
usa_NC_0033_0223,42,0.0815,0.3714,0.0005,348,2010-02-01,2024-12-08,41.9381,21,40.0419,31,1.1410,5.1996,-1.8962,-3.0372,2010_2024,2010_2024,14
usa_NC_0033_0224,42,0.0546,0.3756,0.0002,342,2010-02-01,2024-12-08,42.9381,21,39.3452,31,0.7644,5.2584,-3.5929,-4.3573,2010_2024,2010_2024,14
usa_NC_0033_0225,42,0.0301,0.3692,0.0001,346,2010-02-01,2024-12-08,46.0682,22,44.5484,31,0.4214,5.1688,-1.5198,-1.9412,2010_2024,2010_2024,14
usa_NC_0033_0226,42,0.0160,0.3559,0.0000,349,2010-02-01,2024-12-08,40.0600,25,39.9000,31,0.2240,4.9826,-0.1600,-0.3840,2010_2024,2010_2024,14
usa_NC_0033_0227,42,0.1626,0.3456,0.0025,341,2010-02-01,2024-12-08,37.9609,23,42.1161,31,2.2764,4.8384,4.1553,1.8789,2010_2024,2010_2024,14
usa_NC_0033_0228,42,0.2775,0.3538,0.0070,342,2010-02-01,2024-12-08,38.6727,22,46.8065,31,3.8850,4.9532,8.1337,4.2487,2010_2024,2010_2024,14
usa_NC_0033_0229,43,0.4284,0.3512,0.0168,339,2010-02-01,2024-12-08,47.2955,22,57.3935,31,5.9976,4.9168,10.0981,4.1005,2010_2024,2010_2024,14
usa_NC_0033_0230,43,0.5093,0.3476,0.0246,331,2010-02-01,2024-12-08,37.1000,22,48.2452,31,7.1302,4.8664,11.1452,4.0150,2010_2024,2010_2024,14
usa_NC_0033_0231,43,0.5623,0.3316,0.0323,335,2010-02-01,2024-12-08,35.0150,20,47.4677,31,7.8722,4.6424,12.4527,4.5805,2010_2024,2010_2024,14
usa_NC_0033_0232,43,0.4773,0.3198,0.0254,333,2010-02-01,2024-12-08,30.7778,18,44.2258,31,6.6822,4.4772,13.4480,6.7658,2010_2024,2010_2024,14
usa_NC_0033_0233,43,0.4150,0.3223,0.0194,326,2010-02-01,2024-12-08,30.5813,16,45.2700,30,5.8100,4.5122,14.6888,8.8788,2010_2024,2010_2024,14
usa_NC_0033_0234,43,0.2229,0.3566,0.0047,321,2010-02-01,2024-12-08,30.3063,16,43.7000,30,3.1206,4.9924,13.3937,10.2731,2010_2024,2010_2024,14
usa_NC_0033_0235,43,0.2731,0.3434,0.0075,325,2010-02-01,2024-12-08,26.8375,16,41.6033,30,3.8234,4.8076,14.7658,10.9424,2010_2024,2010_2024,14
usa_NC_0033_0236,43,0.1226,0.3321,0.0017,321,2010-02-01,2024-12-08,39.9438,16,52.7700,30,1.7164,4.6494,12.8262,11.1098,2010_2024,2010_2024,14
usa_NC_0033_0237,43,0.0350,0.3259,0.0001,325,2010-02-01,2024-12-08,36.9600,15,46.9733,30,0.4900,4.5626,10.0133,9.5233,2010_2024,2010_2024,14
usa_NC_0033_0238,43,-0.0246,0.3273,0.0001,332,2010-02-01,2024-12-08,39.0200,15,43.8724,29,-0.3444,4.5822,4.8524,5.1968,2010_2024,2010_2024,14
usa_NC_0033_0239,44,-0.0269,0.3307,0.0001,329,2010-02-01,2024-12-08,44.2714,14,49.3966,29,-0.3766,4.6298,5.1251,5.5017,2010_2024,2010_2024,14
usa_NC_0033_0240,44,-0.2328,0.3341,0.0057,331,2010-02-01,2024-12-08,28.1529,17,32.9655,29,-3.2592,4.6774,4.8126,8.0718,2010_2024,2010_2024,14
usa_NC_0033_0241,44,-0.1999,0.3324,0.0042,338,2010-02-01,2024-12-08,33.8550,20,37.2100,30,-2.7986,4.6536,3.3550,6.1536,2010_2024,2010_2024,14
usa_NC_0033_0242,44,-0.1108,0.3344,0.0013,337,2010-02-01,2024-12-08,48.0850,20,53.0933,30,-1.5512,4.6816,5.0083,6.5595,2010_2024,2010_2024,14
usa_NC_0033_0243,44,0.0730,0.3198,0.0006,338,2010-02-01,2024-12-08,38.4450,20,44.3567,30,1.0220,4.4772,5.9117,4.8897,2010_2024,2010_2024,14
usa_NC_0033_0244,44,0.1431,0.2990,0.0026,340,2010-02-01,2024-12-08,38.2900,20,43.1633,30,2.0034,4.1860,4.8733,2.8699,2010_2024,2010_2024,14
usa_NC_0033_0245,44,0.2115,0.3080,0.0053,343,2010-02-01,2024-12-08,37.4190,21,44.3367,30,2.9610,4.3120,6.9176,3.9566,2010_2024,2010_2024,14
usa_NC_0033_0246,44,0.2129,0.3136,0.0052,342,2010-02-01,2024-12-08,31.9818,22,41.2167,30,2.9806,4.3904,9.2348,6.2542,2010_2024,2010_2024,14
usa_NC_0033_0247,44,0.3147,0.3045,0.0122,337,2010-02-01,2024-12-08,26.9667,21,38.1379,29,4.4058,4.2630,11.1713,6.7655,2010_2024,2010_2024,14
usa_NC_0033_0248,44,0.3131,0.3002,0.0125,335,2010-02-01,2024-12-08,36.6048,21,47.9759,29,4.3834,4.2028,11.3711,6.9877,2010_2024,2010_2024,14
usa_NC_0033_0249,45,0.2658,0.2980,0.0094,327,2010-02-01,2024-12-08,30.6524,21,39.5241,29,3.7212,4.1720,8.8718,5.1506,2010_2024,2010_2024,14
usa_NC_0033_0250,45,0.1971,0.2749,0.0060,333,2010-02-01,2024-12-08,29.8524,21,36.8414,29,2.7594,3.8486,6.9890,4.2296,2010_2024,2010_2024,14
usa_NC_0033_0251,45,0.1709,0.2765,0.0045,331,2010-02-01,2024-12-08,32.1947,19,38.9621,29,2.3926,3.8710,6.7673,4.3747,2010_2024,2010_2024,14
usa_NC_0033_0252,45,0.2897,0.3194,0.0098,323,2010-02-01,2024-12-08,27.2063,16,35.4448,29,4.0558,4.4716,8.2386,4.1828,2010_2024,2010_2024,14
usa_NC_0033_0253,45,0.1677,0.3489,0.0028,326,2010-02-01,2024-12-08,29.6267,15,35.0034,29,2.3478,4.8846,5.3768,3.0290,2010_2024,2010_2024,14
usa_NC_0033_0254,45,-0.0058,0.3643,0.0000,322,2010-02-01,2024-12-08,31.7333,15,31.5276,29,-0.0812,5.1002,-0.2057,-0.1245,2010_2024,2010_2024,14
usa_NC_0033_0255,45,-0.2729,0.3641,0.0067,326,2010-02-01,2024-12-08,36.7563,16,30.6724,29,-3.8206,5.0974,-6.0838,-2.2632,2010_2024,2010_2024,14
usa_NC_0033_0256,45,-0.5342,0.3564,0.0256,333,2010-02-01,2024-12-08,34.2000,15,22.7276,29,-7.4788,4.9896,-11.4724,-3.9936,2010_2024,2010_2024,14
usa_NC_0033_0257,45,-0.6491,0.3609,0.0371,327,2010-02-01,2024-12-08,38.9571,14,23.0138,29,-9.0874,5.0526,-15.9433,-6.8559,2010_2024,2010_2024,14
usa_NC_0033_0258,45,-0.7210,0.3629,0.0436,337,2010-02-01,2024-12-08,46.7714,14,26.1138,29,-10.0940,5.0806,-20.6576,-10.5636,2010_2024,2010_2024,14
usa_NC_0033_0259,46,-0.8768,0.3604,0.0642,336,2010-02-01,2024-12-08,54.5143,14,27.9034,29,-12.2752,5.0456,-26.6108,-14.3356,2010_2024,2010_2024,14
usa_NC_0033_0260,46,-1.2450,0.3545,0.1243,338,2010-02-01,2024-12-08,60.0316,19,29.3483,29,-17.4300,4.9630,-30.6833,-13.2533,2010_2024,2010_2024,14
usa_NC_0034_0001,46,-1.4471,0.3516,0.1532,364,2010-02-01,2024-12-08,59.7238,21,29.4303,33,-20.2594,4.9224,-30.2935,-10.0341,2010_2024,2010_2024,14
usa_NC_0034_0002,46,-1.4448,0.3588,0.1480,363,2010-02-01,2024-12-08,56.9524,21,28.2182,33,-20.2272,5.0232,-28.7342,-8.5070,2010_2024,2010_2024,14
usa_NC_0034_0003,46,-1.2795,0.3430,0.1333,352,2010-02-01,2024-12-08,52.4333,21,26.7364,33,-17.9130,4.8020,-25.6970,-7.7840,2010_2024,2010_2024,14
usa_NC_0034_0004,46,-1.0187,0.3254,0.0977,352,2010-02-01,2024-12-08,46.0429,21,24.8212,33,-14.2618,4.5556,-21.2216,-6.9598,2010_2024,2010_2024,14
usa_NC_0034_0005,46,-0.8005,0.3224,0.0634,354,2010-02-01,2024-12-08,51.2920,25,33.8333,33,-11.2070,4.5136,-17.4587,-6.2517,2010_2024,2010_2024,14
usa_NC_0034_0006,46,-0.6100,0.3330,0.0372,338,2010-02-01,2024-12-08,40.7524,21,28.6000,33,-8.5400,4.6620,-12.1524,-3.6124,2010_2024,2010_2024,14
usa_NC_0034_0007,46,-0.6143,0.3373,0.0368,338,2010-02-01,2024-12-08,44.1571,21,34.5848,33,-8.6002,4.7222,-9.5723,-0.9721,2010_2024,2010_2024,14
usa_NC_0034_0008,46,-0.6073,0.3221,0.0396,336,2010-02-01,2024-12-08,41.4429,21,34.5088,34,-8.5022,4.5094,-6.9340,1.5682,2010_2024,2010_2024,14
usa_NC_0034_0009,47,-0.3391,0.3037,0.0147,325,2010-02-01,2024-12-08,36.3857,21,32.9412,34,-4.7474,4.2518,-3.4445,1.3029,2010_2024,2010_2024,14
usa_NC_0034_0010,47,-0.2197,0.2933,0.0064,337,2010-02-01,2024-12-08,36.9476,21,33.8706,34,-3.0758,4.1062,-3.0770,-0.0012,2010_2024,2010_2024,14
usa_NC_0034_0011,47,-0.0942,0.2862,0.0012,339,2010-02-01,2024-12-08,32.5235,17,29.7294,34,-1.3188,4.0068,-2.7941,-1.4753,2010_2024,2010_2024,14
usa_NC_0034_0012,47,-0.1041,0.3135,0.0013,336,2010-02-01,2024-12-08,31.1313,16,22.4118,34,-1.4574,4.3890,-8.7195,-7.2621,2010_2024,2010_2024,14
usa_NC_0034_0013,47,-0.1619,0.3103,0.0031,343,2010-02-01,2024-12-08,34.7778,18,23.2343,35,-2.2666,4.3442,-11.5435,-9.2769,2010_2024,2010_2024,14
usa_NC_0034_0014,47,-0.0833,0.3126,0.0008,347,2010-02-01,2024-12-08,38.1000,17,26.7029,35,-1.1662,4.3764,-11.3971,-10.2309,2010_2024,2010_2024,14
usa_NC_0034_0015,47,-0.0361,0.3180,0.0001,355,2010-02-01,2024-12-08,36.9500,18,26.0800,35,-0.5054,4.4520,-10.8700,-10.3646,2010_2024,2010_2024,14
usa_NC_0034_0016,47,0.0683,0.3229,0.0005,356,2010-02-01,2024-12-08,51.7562,16,43.2714,35,0.9562,4.5206,-8.4848,-9.4410,2010_2024,2010_2024,14
usa_NC_0034_0017,47,0.2414,0.3297,0.0058,355,2010-02-01,2024-12-08,39.3267,15,34.4571,35,3.3796,4.6158,-4.8695,-8.2491,2010_2024,2010_2024,14
usa_NC_0034_0018,47,0.3626,0.3325,0.0127,359,2010-02-01,2024-12-08,39.4667,15,39.4943,35,5.0764,4.6550,0.0276,-5.0488,2010_2024,2010_2024,14
usa_NC_0034_0019,48,0.3305,0.3298,0.0108,357,2010-02-01,2024-12-08,34.8438,16,37.5242,33,4.6270,4.6172,2.6805,-1.9465,2010_2024,2010_2024,14
usa_NC_0034_0020,48,0.2666,0.3304,0.0068,367,2010-02-01,2024-12-08,34.6750,20,38.6543,35,3.7324,4.6256,3.9793,0.2469,2010_2024,2010_2024,14
usa_NC_0034_0021,48,0.1135,0.3310,0.0012,371,2010-02-01,2024-12-08,35.0714,21,36.3778,36,1.5890,4.6340,1.3063,-0.2827,2010_2024,2010_2024,14
usa_NC_0034_0022,48,0.0080,0.3263,0.0000,363,2010-02-01,2024-12-08,42.0333,21,42.0028,36,0.1120,4.5682,-0.0306,-0.1426,2010_2024,2010_2024,14
usa_NC_0034_0023,48,-0.1313,0.3185,0.0018,360,2010-02-01,2024-12-08,31.3190,21,28.4833,36,-1.8382,4.4590,-2.8357,-0.9975,2010_2024,2010_2024,14
usa_NC_0034_0024,48,-0.0640,0.3084,0.0005,356,2010-02-01,2024-12-08,33.9773,22,31.8083,36,-0.8960,4.3176,-2.1689,-1.2729,2010_2024,2010_2024,14
usa_NC_0034_0025,48,0.0426,0.2938,0.0002,346,2010-02-01,2024-12-08,34.3826,23,33.5086,35,0.5964,4.1132,-0.8740,-1.4704,2010_2024,2010_2024,14
usa_NC_0034_0026,48,0.1384,0.2930,0.0025,346,2010-02-01,2024-12-08,39.9810,21,41.8457,35,1.9376,4.1020,1.8648,-0.0728,2010_2024,2010_2024,14
usa_NC_0034_0027,48,0.1320,0.3059,0.0021,341,2010-02-01,2024-12-08,35.9455,22,38.7286,35,1.8480,4.2826,2.7831,0.9351,2010_2024,2010_2024,14
usa_NC_0034_0028,48,0.0673,0.3035,0.0006,336,2010-02-01,2024-12-08,37.1682,22,36.7229,35,0.9422,4.2490,-0.4453,-1.3875,2010_2024,2010_2024,14
usa_NC_0034_0029,49,-0.1224,0.3018,0.0019,337,2010-02-01,2024-12-08,43.8545,22,39.9143,35,-1.7136,4.2252,-3.9403,-2.2267,2010_2024,2010_2024,14
usa_NC_0034_0030,49,-0.2357,0.3008,0.0069,346,2010-02-01,2024-12-08,46.1429,21,38.9206,34,-3.2998,4.2112,-7.2223,-3.9225,2010_2024,2010_2024,14
usa_NC_0034_0031,49,-0.5309,0.2986,0.0353,336,2010-02-01,2024-12-08,44.7389,18,33.5971,34,-7.4326,4.1804,-11.1418,-3.7092,2010_2024,2010_2024,14
usa_NC_0034_0032,49,-0.4805,0.3099,0.0270,337,2010-02-01,2024-12-08,40.2500,16,30.3529,34,-6.7270,4.3386,-9.8971,-3.1701,2010_2024,2010_2024,14
usa_NC_0034_0033,49,-0.6496,0.3202,0.0458,334,2010-02-01,2024-12-08,39.2059,17,28.1324,34,-9.0944,4.4828,-11.0735,-1.9791,2010_2024,2010_2024,14
usa_NC_0034_0034,49,-0.8129,0.2990,0.0774,343,2010-02-01,2024-12-08,39.4059,17,27.5257,35,-11.3806,4.1860,-11.8802,-0.4996,2010_2024,2010_2024,14
usa_NC_0034_0035,49,-1.0785,0.2851,0.1366,352,2010-02-01,2024-12-08,38.7889,18,27.6257,35,-15.0990,3.9914,-11.1632,3.9358,2010_2024,2010_2024,14
usa_NC_0034_0036,49,-1.1217,0.2908,0.1416,351,2010-02-01,2024-12-08,39.4125,16,31.5265,34,-15.7038,4.0712,-7.8860,7.8178,2010_2024,2010_2024,14
usa_NC_0034_0037,49,-1.1528,0.2986,0.1421,350,2010-02-01,2024-12-08,45.4214,14,40.7618,34,-16.1392,4.1804,-4.6597,11.4795,2010_2024,2010_2024,14
usa_NC_0034_0038,49,-1.3197,0.3072,0.1686,354,2010-02-01,2024-12-08,40.7429,14,32.5848,33,-18.4758,4.3008,-8.1580,10.3178,2010_2024,2010_2024,14
usa_NC_0034_0039,50,-1.5802,0.3093,0.2214,357,2010-02-01,2024-12-08,46.7706,17,32.9848,33,-22.1228,4.3302,-13.7857,8.3371,2010_2024,2010_2024,14
usa_NC_0034_0040,50,-1.7244,0.3138,0.2460,360,2010-02-01,2024-12-08,47.6800,20,30.3758,33,-24.1416,4.3932,-17.3042,6.8374,2010_2024,2010_2024,14
usa_NC_0034_0041,50,-1.8149,0.3294,0.2474,359,2010-02-01,2024-12-08,45.3350,20,27.3529,34,-25.4086,4.6116,-17.9821,7.4265,2010_2024,2010_2024,14
usa_NC_0034_0042,50,-1.6417,0.3337,0.2106,353,2010-02-01,2024-12-08,41.9250,20,26.1971,34,-22.9838,4.6718,-15.7279,7.2559,2010_2024,2010_2024,14
usa_NC_0034_0043,50,-1.4401,0.3351,0.1703,350,2010-02-01,2024-12-08,38.9850,20,25.5618,34,-20.1614,4.6914,-13.4232,6.7382,2010_2024,2010_2024,14
usa_NC_0034_0044,50,-1.3038,0.3284,0.1491,350,2010-02-01,2024-12-08,36.2435,23,21.3229,35,-18.2532,4.5976,-14.9206,3.3326,2010_2024,2010_2024,14
usa_NC_0034_0045,50,-1.1756,0.3375,0.1223,339,2010-02-01,2024-12-08,34.5667,21,19.3686,35,-16.4584,4.7250,-15.1981,1.2603,2010_2024,2010_2024,14
usa_NC_0034_0046,50,-1.0289,0.3374,0.0960,341,2010-02-01,2024-12-08,38.4714,21,23.6314,35,-14.4046,4.7236,-14.8400,-0.4354,2010_2024,2010_2024,14
usa_NC_0034_0047,50,-0.9267,0.3367,0.0804,337,2010-02-01,2024-12-08,34.6182,22,20.8600,35,-12.9738,4.7138,-13.7582,-0.7844,2010_2024,2010_2024,14
usa_NC_0034_0048,50,-0.9161,0.3369,0.0800,331,2010-02-01,2024-12-08,37.2636,22,21.9886,35,-12.8254,4.7166,-15.2751,-2.4497,2010_2024,2010_2024,14
usa_NC_0034_0049,51,-1.0063,0.3375,0.0926,339,2010-02-01,2024-12-08,44.7762,21,28.6686,35,-14.0882,4.7250,-16.1076,-2.0194,2010_2024,2010_2024,14
usa_NC_0034_0050,51,-1.1715,0.3456,0.1136,349,2010-02-01,2024-12-08,50.7389,18,33.1714,35,-16.4010,4.8384,-17.5675,-1.1665,2010_2024,2010_2024,14
usa_NC_0034_0051,51,-1.1439,0.3634,0.1022,339,2010-02-01,2024-12-08,51.7313,16,37.6771,35,-16.0146,5.0876,-14.0541,1.9605,2010_2024,2010_2024,14
usa_NC_0034_0052,51,-1.0901,0.3407,0.1041,343,2010-02-01,2024-12-08,40.7167,18,27.6571,35,-15.2614,4.7698,-13.0595,2.2019,2010_2024,2010_2024,14
usa_NC_0034_0053,51,-1.0900,0.3381,0.1052,344,2010-02-01,2024-12-08,39.5353,17,25.5886,35,-15.2600,4.7334,-13.9467,1.3133,2010_2024,2010_2024,14
usa_NC_0034_0054,51,-1.3163,0.3348,0.1459,352,2010-02-01,2024-12-08,45.9056,18,28.1600,35,-18.4282,4.6872,-17.7456,0.6826,2010_2024,2010_2024,14
usa_NC_0034_0055,51,-1.5389,0.3326,0.1896,356,2010-02-01,2024-12-08,50.2824,17,26.5706,34,-21.5446,4.6564,-23.7118,-2.1672,2010_2024,2010_2024,14
usa_NC_0034_0056,51,-1.4283,0.3282,0.1715,356,2010-02-01,2024-12-08,52.0267,15,26.3059,34,-19.9962,4.5948,-25.7208,-5.7246,2010_2024,2010_2024,14
usa_NC_0034_0057,51,-1.5075,0.3365,0.1802,355,2010-02-01,2024-12-08,47.1000,14,19.2941,34,-21.1050,4.7110,-27.8059,-6.7009,2010_2024,2010_2024,14
usa_NC_0034_0058,51,-1.8109,0.3401,0.2365,356,2010-02-01,2024-12-08,58.4875,16,20.9265,34,-25.3526,4.7614,-37.5610,-12.2084,2010_2024,2010_2024,14
usa_NC_0034_0059,52,-2.0365,0.3294,0.2906,363,2010-02-01,2024-12-08,60.9100,20,21.0647,34,-28.5110,4.6116,-39.8453,-11.3343,2010_2024,2010_2024,14
usa_NC_0034_0060,52,-1.9631,0.3277,0.2777,363,2010-02-01,2024-12-08,67.1550,20,27.0147,34,-27.4834,4.5878,-40.1403,-12.6569,2010_2024,2010_2024,14
usa_NC_0034_0061,52,-1.9718,0.3338,0.2754,357,2010-02-01,2024-12-08,63.2200,20,22.3147,34,-27.6052,4.6732,-40.9053,-13.3001,2010_2024,2010_2024,14
usa_NC_0034_0062,52,-1.9898,0.3311,0.2847,353,2010-02-01,2024-12-08,72.2250,20,33.6235,34,-27.8572,4.6354,-38.6015,-10.7443,2010_2024,2010_2024,14
usa_NC_0034_0063,52,-1.9152,0.3465,0.2541,349,2010-02-01,2024-12-08,68.8905,21,27.8706,34,-26.8128,4.8510,-41.0199,-14.2071,2010_2024,2010_2024,14
usa_NC_0034_0064,52,-1.9690,0.3562,0.2609,337,2010-02-01,2024-12-08,77.8500,22,34.2588,34,-27.5660,4.9868,-43.5912,-16.0252,2010_2024,2010_2024,14
usa_NC_0034_0065,52,-1.6838,0.3698,0.1927,338,2010-02-01,2024-12-08,64.5810,21,24.6765,34,-23.5732,5.1772,-39.9045,-16.3313,2010_2024,2010_2024,14
usa_NC_0034_0066,52,-1.5991,0.3826,0.1705,331,2010-02-01,2024-12-08,73.5591,22,31.8147,34,-22.3874,5.3564,-41.7444,-19.3570,2010_2024,2010_2024,14
usa_NC_0034_0067,52,-1.5318,0.3696,0.1685,330,2010-02-01,2024-12-08,74.7182,22,36.0059,34,-21.4452,5.1744,-38.7123,-17.2671,2010_2024,2010_2024,14
usa_NC_0034_0068,52,-1.4184,0.3433,0.1647,337,2010-02-01,2024-12-08,69.3000,22,33.3676,34,-19.8576,4.8062,-35.9324,-16.0748,2010_2024,2010_2024,14
usa_NC_0034_0069,53,-1.2507,0.3199,0.1452,350,2010-02-01,2024-12-08,61.8045,22,30.0286,35,-17.5098,4.4786,-31.7760,-14.2662,2010_2024,2010_2024,14
usa_NC_0034_0070,53,-0.9888,0.3380,0.0899,337,2010-02-01,2024-12-08,71.0118,17,47.6765,34,-13.8432,4.7320,-23.3353,-9.4921,2010_2024,2010_2024,14
usa_NC_0034_0071,53,-1.0378,0.3555,0.0877,345,2010-02-01,2024-12-08,55.1294,17,30.3471,34,-14.5292,4.9770,-24.7824,-10.2532,2010_2024,2010_2024,14
usa_NC_0034_0072,53,-1.1222,0.3516,0.1025,347,2010-02-01,2024-12-08,56.7706,17,35.3576,33,-15.7108,4.9224,-21.4130,-5.7022,2010_2024,2010_2024,14
usa_NC_0034_0073,53,-1.1940,0.3460,0.1160,353,2010-02-01,2024-12-08,59.8667,18,40.6576,33,-16.7160,4.8440,-19.2091,-2.4931,2010_2024,2010_2024,14
usa_NC_0034_0074,53,-1.4013,0.3561,0.1447,356,2010-02-01,2024-12-08,60.5294,17,40.5333,33,-19.6182,4.9854,-19.9961,-0.3779,2010_2024,2010_2024,14
usa_NC_0034_0075,53,-1.3991,0.3548,0.1463,353,2010-02-01,2024-12-08,62.5867,15,46.6529,34,-19.5874,4.9672,-15.9337,3.6537,2010_2024,2010_2024,14
usa_NC_0034_0076,53,-1.2644,0.3553,0.1219,355,2010-02-01,2024-12-08,59.9000,14,48.3030,33,-17.7016,4.9742,-11.5970,6.1046,2010_2024,2010_2024,14
usa_NC_0034_0077,53,-1.3361,0.3316,0.1503,357,2010-02-01,2024-12-08,56.4467,15,43.9235,34,-18.7054,4.6424,-12.5231,6.1823,2010_2024,2010_2024,14
usa_NC_0034_0078,53,-1.4250,0.3173,0.1737,373,2010-02-01,2024-12-08,54.7700,20,39.1829,35,-19.9500,4.4422,-15.5871,4.3629,2010_2024,2010_2024,14
usa_NC_0034_0079,54,-1.3684,0.3174,0.1627,372,2010-02-01,2024-12-08,58.0048,21,42.4114,35,-19.1576,4.4436,-15.5933,3.5643,2010_2024,2010_2024,14
usa_NC_0034_0080,54,-1.4170,0.3296,0.1653,363,2010-02-01,2024-12-08,56.7429,21,40.3571,35,-19.8380,4.6144,-16.3857,3.4523,2010_2024,2010_2024,14
usa_NC_0034_0081,54,-1.3780,0.3378,0.1510,364,2010-02-01,2024-12-08,54.5286,21,39.4914,35,-19.2920,4.7292,-15.0371,4.2549,2010_2024,2010_2024,14
usa_NC_0034_0082,54,-1.3519,0.3283,0.1552,359,2010-02-01,2024-12-08,53.6087,23,36.9257,35,-18.9266,4.5962,-16.6830,2.2436,2010_2024,2010_2024,14
usa_NC_0034_0083,54,-1.3336,0.3263,0.1562,351,2010-02-01,2024-12-08,47.8348,23,32.2794,34,-18.6704,4.5682,-15.5554,3.1150,2010_2024,2010_2024,14
usa_NC_0034_0084,54,-1.2367,0.3241,0.1396,349,2010-02-01,2024-12-08,46.4364,22,32.0853,34,-17.3138,4.5374,-14.3511,2.9627,2010_2024,2010_2024,14
usa_NC_0034_0085,54,-1.1920,0.3343,0.1257,344,2010-02-01,2024-12-08,47.1045,22,33.7147,34,-16.6880,4.6802,-13.3898,3.2982,2010_2024,2010_2024,14
usa_NC_0034_0086,54,-1.2405,0.3466,0.1276,341,2010-02-01,2024-12-08,48.4182,22,34.8000,35,-17.3670,4.8524,-13.6182,3.7488,2010_2024,2010_2024,14
usa_NC_0034_0087,54,-1.2557,0.3544,0.1263,338,2010-02-01,2024-12-08,48.5955,22,36.7943,35,-17.5798,4.9616,-11.8012,5.7786,2010_2024,2010_2024,14
usa_NC_0034_0088,54,-1.3669,0.3453,0.1476,352,2010-02-01,2024-12-08,49.3909,22,38.6029,35,-19.1366,4.8342,-10.7881,8.3485,2010_2024,2010_2024,14
usa_NC_0034_0089,55,-1.2011,0.3546,0.1143,346,2010-02-01,2024-12-08,44.8667,18,35.6882,34,-16.8154,4.9644,-9.1784,7.6370,2010_2024,2010_2024,14
usa_NC_0034_0090,55,-1.1309,0.3649,0.0988,341,2010-02-01,2024-12-08,39.9625,16,31.0588,34,-15.8326,5.1086,-8.9037,6.9289,2010_2024,2010_2024,14
usa_NC_0034_0091,55,-1.2105,0.3716,0.1072,344,2010-02-01,2024-12-08,42.1667,18,29.1853,34,-16.9470,5.2024,-12.9814,3.9656,2010_2024,2010_2024,14
usa_NC_0034_0092,55,-1.2312,0.3637,0.1118,354,2010-02-01,2024-12-08,43.2222,18,30.8618,34,-17.2368,5.0918,-12.3605,4.8763,2010_2024,2010_2024,14
usa_NC_0034_0093,55,-1.1612,0.3553,0.1042,357,2010-02-01,2024-12-08,45.1053,19,33.9294,34,-16.2568,4.9742,-11.1759,5.0809,2010_2024,2010_2024,14
usa_NC_0034_0094,55,-1.0411,0.3471,0.0888,359,2010-02-01,2024-12-08,46.3625,16,33.6853,34,-14.5754,4.8594,-12.6772,1.8982,2010_2024,2010_2024,14
usa_NC_0034_0095,55,-0.9362,0.3211,0.0847,357,2010-02-01,2024-12-08,46.2733,15,33.3029,34,-13.1068,4.4954,-12.9704,0.1364,2010_2024,2010_2024,14
usa_NC_0034_0096,55,-0.8463,0.3152,0.0719,362,2010-02-01,2024-12-08,46.6625,16,34.1676,34,-11.8482,4.4128,-12.4949,-0.6467,2010_2024,2010_2024,14
usa_NC_0034_0097,55,-0.7733,0.3118,0.0627,358,2010-02-01,2024-12-08,47.2706,17,33.8353,34,-10.8262,4.3652,-13.4353,-2.6091,2010_2024,2010_2024,14
usa_NC_0034_0098,55,-0.8419,0.3088,0.0728,368,2010-02-01,2024-12-08,49.3143,21,32.3618,34,-11.7866,4.3232,-16.9525,-5.1659,2010_2024,2010_2024,14
usa_NC_0034_0099,56,-0.8527,0.3173,0.0711,367,2010-02-01,2024-12-08,49.5619,21,32.0647,34,-11.9378,4.4422,-17.4972,-5.5594,2010_2024,2010_2024,14
usa_NC_0034_0100,56,-0.8234,0.3265,0.0641,361,2010-02-01,2024-12-08,46.5857,21,31.8265,34,-11.5276,4.5710,-14.7592,-3.2316,2010_2024,2010_2024,14
usa_NC_0034_0101,56,-0.6671,0.3194,0.0450,360,2010-02-01,2024-12-08,44.3524,21,32.6206,34,-9.3394,4.4716,-11.7318,-2.3924,2010_2024,2010_2024,14
usa_NC_0034_0102,56,-0.6175,0.3219,0.0388,355,2010-02-01,2024-12-08,45.2565,23,32.8118,34,-8.6450,4.5066,-12.4448,-3.7998,2010_2024,2010_2024,14
usa_NC_0034_0103,56,-0.6111,0.3217,0.0389,347,2010-02-01,2024-12-08,43.4783,23,32.9543,35,-8.5554,4.5038,-10.5240,-1.9686,2010_2024,2010_2024,14
usa_NC_0034_0104,56,-0.5423,0.3157,0.0320,347,2010-02-01,2024-12-08,41.9524,21,33.2914,35,-7.5922,4.4198,-8.6610,-1.0688,2010_2024,2010_2024,14
usa_NC_0034_0105,56,-0.5188,0.3336,0.0266,345,2010-02-01,2024-12-08,39.8727,22,30.6257,35,-7.2632,4.6704,-9.2470,-1.9838,2010_2024,2010_2024,14
usa_NC_0034_0106,56,-0.3566,0.3434,0.0123,337,2010-02-01,2024-12-08,38.9045,22,30.3829,35,-4.9924,4.8076,-8.5217,-3.5293,2010_2024,2010_2024,14
usa_NC_0034_0107,56,-0.3286,0.3469,0.0101,342,2010-02-01,2024-12-08,38.5909,22,31.4457,35,-4.6004,4.8566,-7.1452,-2.5448,2010_2024,2010_2024,14
usa_NC_0034_0108,56,-0.2165,0.3339,0.0047,350,2010-02-01,2024-12-08,35.9053,19,32.8029,35,-3.0310,4.6746,-3.1024,-0.0714,2010_2024,2010_2024,14
usa_NC_0034_0109,56,-0.0424,0.3417,0.0002,347,2010-02-01,2024-12-08,35.9000,18,36.4143,35,-0.5936,4.7838,0.5143,1.1079,2010_2024,2010_2024,14
usa_NC_0034_0110,57,0.1162,0.3658,0.0012,341,2010-02-01,2024-12-08,36.1562,16,39.5514,35,1.6268,5.1212,3.3952,1.7684,2010_2024,2010_2024,14
usa_NC_0034_0111,57,0.0635,0.3593,0.0004,345,2010-02-01,2024-12-08,39.7500,18,41.4429,35,0.8890,5.0302,1.6929,0.8039,2010_2024,2010_2024,14
usa_NC_0034_0112,57,0.0784,0.3462,0.0006,349,2010-02-01,2024-12-08,40.9111,18,41.8914,35,1.0976,4.8468,0.9803,-0.1173,2010_2024,2010_2024,14
usa_NC_0034_0113,57,0.1560,0.3350,0.0024,354,2010-02-01,2024-12-08,42.8222,18,42.9600,35,2.1840,4.6900,0.1378,-2.0462,2010_2024,2010_2024,14
usa_NC_0034_0114,57,0.2327,0.3320,0.0054,353,2010-02-01,2024-12-08,39.7750,16,42.5629,35,3.2578,4.6480,2.7879,-0.4699,2010_2024,2010_2024,14
usa_NC_0034_0115,57,0.2751,0.3245,0.0078,356,2010-02-01,2024-12-08,37.2375,16,40.0086,35,3.8514,4.5430,2.7711,-1.0803,2010_2024,2010_2024,14
usa_NC_0034_0116,57,0.4158,0.3349,0.0164,360,2010-02-01,2024-12-08,34.1200,15,39.0171,35,5.8212,4.6886,4.8971,-0.9241,2010_2024,2010_2024,14
usa_NC_0034_0117,57,0.4587,0.3208,0.0210,370,2010-02-01,2024-12-08,32.6250,20,39.3314,35,6.4218,4.4912,6.7064,0.2846,2010_2024,2010_2024,14
usa_NC_0034_0118,57,0.5182,0.3130,0.0280,370,2010-02-01,2024-12-08,32.4905,21,39.9714,35,7.2548,4.3820,7.4810,0.2262,2010_2024,2010_2024,14
usa_NC_0034_0119,57,0.5800,0.3248,0.0329,364,2010-02-01,2024-12-08,34.7476,21,42.7800,35,8.1200,4.5472,8.0324,-0.0876,2010_2024,2010_2024,14
usa_NC_0034_0120,58,0.6807,0.3255,0.0452,359,2010-02-01,2024-12-08,35.3619,21,43.6457,35,9.5298,4.5570,8.2838,-1.2460,2010_2024,2010_2024,14
usa_NC_0034_0121,58,0.6938,0.3207,0.0484,358,2010-02-01,2024-12-08,34.7190,21,45.0286,35,9.7132,4.4898,10.3095,0.5963,2010_2024,2010_2024,14
usa_NC_0034_0122,58,0.7768,0.3228,0.0602,352,2010-02-01,2024-12-08,35.6667,24,45.8429,35,10.8752,4.5192,10.1762,-0.6990,2010_2024,2010_2024,14
usa_NC_0034_0123,58,0.7943,0.3337,0.0601,345,2010-02-01,2024-12-08,34.8773,22,43.2735,34,11.1202,4.6718,8.3963,-2.7239,2010_2024,2010_2024,14
usa_NC_0034_0124,58,0.6024,0.3316,0.0362,342,2010-02-01,2024-12-08,40.3091,22,44.6029,34,8.4336,4.6424,4.2939,-4.1397,2010_2024,2010_2024,14
usa_NC_0034_0125,58,0.6028,0.3467,0.0335,339,2010-02-01,2024-12-08,44.2409,22,46.0676,34,8.4392,4.8538,1.8267,-6.6125,2010_2024,2010_2024,14
usa_NC_0034_0126,58,0.5300,0.3646,0.0238,338,2010-02-01,2024-12-08,45.2182,22,45.1485,33,7.4200,5.1044,-0.0697,-7.4897,2010_2024,2010_2024,14
usa_NC_0034_0127,58,0.4179,0.3500,0.0157,348,2010-02-01,2024-12-08,44.9727,22,43.8394,33,5.8506,4.9000,-1.1333,-6.9839,2010_2024,2010_2024,14
usa_NC_0034_0128,58,0.5200,0.3537,0.0233,352,2010-02-01,2024-12-08,43.1211,19,43.6061,33,7.2800,4.9518,0.4850,-6.7950,2010_2024,2010_2024,14
usa_NC_0034_0129,58,0.5489,0.3565,0.0263,342,2010-02-01,2024-12-08,41.8000,16,43.7485,33,7.6846,4.9910,1.9485,-5.7361,2010_2024,2010_2024,14
usa_NC_0034_0130,59,0.3851,0.3787,0.0116,343,2010-02-01,2024-12-08,45.8632,19,44.4182,33,5.3914,5.3018,-1.4450,-6.8364,2010_2024,2010_2024,14
usa_NC_0034_0131,59,0.5127,0.3834,0.0196,348,2010-02-01,2024-12-08,50.1667,18,46.9030,33,7.1778,5.3676,-3.2636,-10.4414,2010_2024,2010_2024,14
usa_NC_0034_0132,59,0.4425,0.3886,0.0139,358,2010-02-01,2024-12-08,47.8474,19,43.8970,33,6.1950,5.4404,-3.9504,-10.1454,2010_2024,2010_2024,14
usa_NC_0034_0133,59,0.4025,0.3971,0.0111,357,2010-02-01,2024-12-08,43.6063,16,41.2030,33,5.6350,5.5594,-2.4032,-8.0382,2010_2024,2010_2024,14
usa_NC_0034_0134,59,0.4909,0.4106,0.0151,362,2010-02-01,2024-12-08,42.5000,15,41.4559,34,6.8726,5.7484,-1.0441,-7.9167,2010_2024,2010_2024,14
usa_NC_0034_0135,59,0.5334,0.4034,0.0186,358,2010-02-01,2024-12-08,45.2533,15,44.3559,34,7.4676,5.6476,-0.8975,-8.3651,2010_2024,2010_2024,14
usa_NC_0034_0136,59,0.5156,0.3958,0.0181,358,2010-02-01,2024-12-08,49.4706,17,49.9118,34,7.2184,5.5412,0.4412,-6.7772,2010_2024,2010_2024,14
usa_NC_0034_0137,59,0.4458,0.3911,0.0137,365,2010-02-01,2024-12-08,49.5952,21,49.5382,34,6.2412,5.4754,-0.0570,-6.2982,2010_2024,2010_2024,14
usa_NC_0034_0138,59,0.4163,0.4063,0.0112,359,2010-02-01,2024-12-08,47.3810,21,47.7206,34,5.8282,5.6882,0.3396,-5.4886,2010_2024,2010_2024,14
usa_NC_0034_0139,59,0.2056,0.3923,0.0030,355,2010-02-01,2024-12-08,59.1429,21,57.4000,34,2.8784,5.4922,-1.7429,-4.6213,2010_2024,2010_2024,14
usa_NC_0034_0140,60,0.0263,0.3602,0.0001,360,2010-02-01,2024-12-08,50.2333,21,47.6971,34,0.3682,5.0428,-2.5363,-2.9045,2010_2024,2010_2024,14
usa_NC_0034_0141,60,-0.0155,0.3470,0.0000,352,2010-02-01,2024-12-08,46.6870,23,41.9000,34,-0.2170,4.8580,-4.7870,-4.5700,2010_2024,2010_2024,14
usa_NC_0034_0142,60,-0.2010,0.3620,0.0035,345,2010-02-01,2024-12-08,41.7182,22,38.3765,34,-2.8140,5.0680,-3.3417,-0.5277,2010_2024,2010_2024,14
usa_NC_0034_0143,60,-0.2160,0.3591,0.0041,346,2010-02-01,2024-12-08,39.8636,22,40.4735,34,-3.0240,5.0274,0.6099,3.6339,2010_2024,2010_2024,14
usa_NC_0034_0144,60,-0.1553,0.3803,0.0019,340,2010-02-01,2024-12-08,42.1409,22,42.8371,35,-2.1742,5.3242,0.6962,2.8704,2010_2024,2010_2024,14
usa_NC_0034_0145,60,-0.1043,0.3773,0.0009,336,2010-02-01,2024-12-08,41.5273,22,41.0000,35,-1.4602,5.2822,-0.5273,0.9329,2010_2024,2010_2024,14
usa_NC_0034_0146,60,-0.3536,0.3831,0.0094,348,2010-02-01,2024-12-08,40.1136,22,37.6441,34,-4.9504,5.3634,-2.4695,2.4809,2010_2024,2010_2024,14
usa_NC_0034_0147,60,-0.3595,0.3877,0.0094,354,2010-02-01,2024-12-08,39.1550,20,37.4853,34,-5.0330,5.4278,-1.6697,3.3633,2010_2024,2010_2024,14
usa_NC_0034_0148,60,-0.4841,0.3998,0.0161,348,2010-02-01,2024-12-08,41.9118,17,40.1471,34,-6.7774,5.5972,-1.7647,5.0127,2010_2024,2010_2024,14
usa_NC_0034_0149,60,-0.6500,0.4080,0.0278,345,2010-02-01,2024-12-08,40.2941,17,36.6771,35,-9.1000,5.7120,-3.6170,5.4830,2010_2024,2010_2024,14
usa_NC_0034_0150,61,-0.6218,0.4060,0.0256,347,2010-02-01,2024-12-08,37.6167,18,36.4971,34,-8.7052,5.6840,-1.1196,7.5856,2010_2024,2010_2024,14
usa_NC_0034_0151,61,-0.6935,0.3691,0.0370,357,2010-02-01,2024-12-08,33.9105,19,33.8265,34,-9.7090,5.1674,-0.0841,9.6249,2010_2024,2010_2024,14
usa_NC_0034_0152,61,-0.8817,0.3568,0.0621,359,2010-02-01,2024-12-08,37.7389,18,35.5206,34,-12.3438,4.9952,-2.2183,10.1255,2010_2024,2010_2024,14
usa_NC_0034_0153,61,-0.9792,0.3532,0.0785,351,2010-02-01,2024-12-08,38.2733,15,37.5824,34,-13.7088,4.9448,-0.6910,13.0178,2010_2024,2010_2024,14
usa_NC_0034_0154,61,-1.1134,0.3257,0.1110,364,2010-02-01,2024-12-08,36.7625,16,32.0794,34,-15.5876,4.5598,-4.6831,10.9045,2010_2024,2010_2024,14
usa_NC_0034_0155,61,-1.3198,0.3220,0.1544,358,2010-02-01,2024-12-08,41.0125,16,34.5118,34,-18.4772,4.5080,-6.5007,11.9765,2010_2024,2010_2024,14
usa_NC_0034_0156,61,-1.3712,0.3221,0.1618,365,2010-02-01,2024-12-08,44.5450,20,36.0606,33,-19.1968,4.5094,-8.4844,10.7124,2010_2024,2010_2024,14
usa_NC_0034_0157,61,-1.3184,0.3181,0.1533,369,2010-02-01,2024-12-08,45.9095,21,34.4455,33,-18.4576,4.4534,-11.4641,6.9935,2010_2024,2010_2024,14
usa_NC_0034_0158,61,-1.3539,0.3124,0.1691,359,2010-02-01,2024-12-08,49.8905,21,35.9182,33,-18.9546,4.3736,-13.9723,4.9823,2010_2024,2010_2024,14
usa_NC_0034_0159,61,-1.5088,0.3102,0.2058,355,2010-02-01,2024-12-08,54.1333,21,32.7515,33,-21.1232,4.3428,-21.3818,-0.2586,2010_2024,2010_2024,14
usa_NC_0034_0161,62,-1.7661,0.3178,0.2578,346,2010-02-01,2024-12-08,66.8250,24,34.1788,33,-24.7254,4.4492,-32.6462,-7.9208,2010_2024,2010_2024,14
usa_NC_0034_0162,62,-1.6500,0.3344,0.2140,348,2010-02-01,2024-12-08,64.9000,21,31.3455,33,-23.1000,4.6816,-33.5545,-10.4545,2010_2024,2010_2024,14
usa_NC_0034_0163,62,-1.6929,0.3446,0.2159,341,2010-02-01,2024-12-08,61.8273,22,26.2273,33,-23.7006,4.8244,-35.6000,-11.8994,2010_2024,2010_2024,14
usa_NC_0034_0164,62,-1.7749,0.3443,0.2359,335,2010-02-01,2024-12-08,62.3182,22,24.5242,33,-24.8486,4.8202,-37.7939,-12.9453,2010_2024,2010_2024,14
usa_NC_0034_0165,62,-1.7226,0.3286,0.2377,343,2010-02-01,2024-12-08,63.0000,22,28.2588,34,-24.1164,4.6004,-34.7412,-10.6248,2010_2024,2010_2024,14
usa_NC_0034_0166,62,-1.5548,0.3351,0.1931,350,2010-02-01,2024-12-08,62.9545,22,32.3559,34,-21.7672,4.6914,-30.5987,-8.8315,2010_2024,2010_2024,14
usa_NC_0034_0167,62,-1.0962,0.3398,0.1059,342,2010-02-01,2024-12-08,59.4111,18,38.1676,34,-15.3468,4.7572,-21.2435,-5.8967,2010_2024,2010_2024,14
usa_NC_0034_0168,62,-0.7412,0.3692,0.0436,344,2010-02-01,2024-12-08,55.3000,17,41.9176,34,-10.3768,5.1688,-13.3824,-3.0056,2010_2024,2010_2024,14
usa_NC_0034_0169,62,-0.3762,0.3608,0.0122,342,2010-02-01,2024-12-08,52.8556,18,45.2912,34,-5.2668,5.0512,-7.5644,-2.2976,2010_2024,2010_2024,14
usa_NC_0034_0170,62,-0.0997,0.3500,0.0009,348,2010-02-01,2024-12-08,51.2222,18,50.3118,34,-1.3958,4.9000,-0.9105,0.4853,2010_2024,2010_2024,14
usa_NC_0034_0171,63,0.2359,0.3344,0.0054,358,2010-02-01,2024-12-08,47.2211,19,54.1294,34,3.3026,4.6816,6.9084,3.6058,2010_2024,2010_2024,14
usa_NC_0034_0172,63,0.7030,0.3342,0.0456,360,2010-02-01,2024-12-08,46.6188,16,54.8618,34,9.8420,4.6788,8.2430,-1.5990,2010_2024,2010_2024,14
usa_NC_0034_0173,63,0.9902,0.3317,0.0871,363,2010-02-01,2024-12-08,43.1562,16,54.5294,34,13.8628,4.6438,11.3732,-2.4896,2010_2024,2010_2024,14
usa_NC_0034_0174,63,1.4159,0.3275,0.1684,359,2010-02-01,2024-12-08,39.7800,15,59.9833,36,19.8226,4.5850,20.2033,0.3807,2010_2024,2010_2024,14
usa_NC_0034_0175,63,1.4870,0.3216,0.1885,358,2010-02-01,2024-12-08,44.7167,18,65.5000,36,20.8180,4.5024,20.7833,-0.0347,2010_2024,2010_2024,14
usa_NC_0034_0176,63,1.4412,0.3212,0.1738,372,2010-02-01,2024-12-08,40.5571,21,62.5639,36,20.1768,4.4968,22.0067,1.8299,2010_2024,2010_2024,14
usa_NC_0034_0177,63,1.6837,0.3193,0.2310,360,2010-02-01,2024-12-08,34.0762,21,59.4750,36,23.5718,4.4702,25.3988,1.8270,2010_2024,2010_2024,14
usa_NC_0034_0178,63,1.9789,0.3258,0.2879,355,2010-02-01,2024-12-08,29.2619,21,58.0833,36,27.7046,4.5612,28.8214,1.1168,2010_2024,2010_2024,14
usa_NC_0034_0179,63,2.1209,0.3175,0.3253,360,2010-02-01,2024-12-08,29.8273,22,61.9917,36,29.6926,4.4450,32.1644,2.4718,2010_2024,2010_2024,14
usa_NC_0034_0180,63,2.3526,0.3209,0.3720,353,2010-02-01,2024-12-08,28.1174,23,60.9250,36,32.9364,4.4926,32.8076,-0.1288,2010_2024,2010_2024,14
usa_NC_0034_0181,64,2.4452,0.3133,0.4115,339,2010-02-01,2024-12-08,27.4045,22,60.8917,36,34.2328,4.3862,33.4871,-0.7457,2010_2024,2010_2024,14
usa_NC_0034_0182,64,2.4876,0.3147,0.4169,340,2010-02-01,2024-12-08,28.3045,22,61.4306,36,34.8264,4.4058,33.1260,-1.7004,2010_2024,2010_2024,14
usa_NC_0034_0183,64,2.3968,0.3179,0.3992,333,2010-02-01,2024-12-08,30.5273,22,61.2500,36,33.5552,4.4506,30.7227,-2.8325,2010_2024,2010_2024,14
usa_NC_0034_0184,64,2.3711,0.3243,0.3839,334,2010-02-01,2024-12-08,28.5955,22,59.1056,36,33.1954,4.5402,30.5101,-2.6853,2010_2024,2010_2024,14
usa_NC_0034_0185,64,2.1958,0.3182,0.3501,344,2010-02-01,2024-12-08,24.9455,22,54.7944,36,30.7412,4.4548,29.8490,-0.8922,2010_2024,2010_2024,14
usa_NC_0034_0186,64,2.1015,0.3282,0.3130,350,2010-02-01,2024-12-08,26.9842,19,55.3056,36,29.4210,4.5948,28.3213,-1.0997,2010_2024,2010_2024,14
usa_NC_0034_0187,64,2.1254,0.3434,0.3041,341,2010-02-01,2024-12-08,25.4000,17,56.3543,35,29.7556,4.8076,30.9543,1.1987,2010_2024,2010_2024,14
usa_NC_0034_0188,64,2.1406,0.3601,0.2880,340,2010-02-01,2024-12-08,27.2353,17,57.3771,35,29.9684,5.0414,30.1418,0.1734,2010_2024,2010_2024,14
usa_NC_0034_0189,64,2.2480,0.3710,0.2929,345,2010-02-01,2024-12-08,28.0389,18,58.5057,35,31.4720,5.1940,30.4668,-1.0052,2010_2024,2010_2024,14
usa_NC_0034_0190,64,2.2068,0.3552,0.2978,354,2010-02-01,2024-12-08,32.3632,19,59.6600,35,30.8952,4.9728,27.2968,-3.5984,2010_2024,2010_2024,14
usa_NC_0034_0191,65,2.1002,0.3552,0.2787,352,2010-02-01,2024-12-08,35.1222,18,58.2743,35,29.4028,4.9728,23.1521,-6.2507,2010_2024,2010_2024,14
usa_NC_0034_0192,65,2.4812,0.3568,0.3516,347,2010-02-01,2024-12-08,32.2067,15,63.8343,35,34.7368,4.9952,31.6276,-3.1092,2010_2024,2010_2024,14
usa_NC_0034_0193,65,2.5161,0.3565,0.3531,355,2010-02-01,2024-12-08,26.6933,15,62.9229,35,35.2254,4.9910,36.2295,1.0041,2010_2024,2010_2024,14
usa_NC_0034_0194,65,2.6826,0.3629,0.3799,347,2010-02-01,2024-12-08,24.9312,16,63.9657,35,37.5564,5.0806,39.0345,1.4781,2010_2024,2010_2024,14
usa_NC_0034_0195,65,2.7322,0.3565,0.3883,360,2010-02-01,2024-12-08,28.0286,21,70.1200,35,38.2508,4.9910,42.0914,3.8406,2010_2024,2010_2024,14
usa_NC_0034_0196,65,2.9765,0.3636,0.4227,356,2010-02-01,2024-12-08,23.1333,21,65.1571,35,41.6710,5.0904,42.0238,0.3528,2010_2024,2010_2024,14
usa_NC_0034_0197,65,3.1715,0.3726,0.4433,354,2010-02-01,2024-12-08,28.8571,21,72.3343,35,44.4010,5.2164,43.4771,-0.9239,2010_2024,2010_2024,14
usa_NC_0034_0198,65,3.1943,0.3582,0.4707,348,2010-02-01,2024-12-08,31.5810,21,73.9353,34,44.7202,5.0148,42.3543,-2.3659,2010_2024,2010_2024,14
usa_NC_0034_0199,65,3.4695,0.3774,0.4895,343,2010-02-01,2024-12-08,33.7636,22,80.0824,34,48.5730,5.2836,46.3187,-2.2543,2010_2024,2010_2024,14
usa_NC_0034_0200,65,3.7236,0.3610,0.5514,337,2010-02-01,2024-12-08,31.3913,23,83.1176,34,52.1304,5.0540,51.7263,-0.4041,2010_2024,2010_2024,14
usa_NC_0034_0201,66,4.0117,0.3633,0.5855,336,2010-02-01,2024-12-08,30.0000,21,87.1794,34,56.1638,5.0862,57.1794,1.0156,2010_2024,2010_2024,14
usa_NC_0034_0202,66,4.2925,0.3779,0.6043,329,2010-02-01,2024-12-08,31.8727,22,92.6118,34,60.0950,5.2906,60.7390,0.6440,2010_2024,2010_2024,14
usa_NC_0034_0203,66,4.5012,0.3790,0.6254,329,2010-02-01,2024-12-08,33.6182,22,96.6059,34,63.0168,5.3060,62.9877,-0.0291,2010_2024,2010_2024,14
usa_NC_0034_0204,66,4.6684,0.3867,0.6322,330,2010-02-01,2024-12-08,30.9273,22,95.4091,33,65.3576,5.4138,64.4818,-0.8758,2010_2024,2010_2024,14
usa_NC_0034_0205,66,4.8655,0.3876,0.6447,338,2010-02-01,2024-12-08,23.2550,20,90.6970,33,68.1170,5.4264,67.4420,-0.6750,2010_2024,2010_2024,14
usa_NC_0034_0206,66,4.9143,0.3930,0.6409,341,2010-02-01,2024-12-08,20.6333,18,90.4061,33,68.8002,5.5020,69.7727,0.9725,2010_2024,2010_2024,14
usa_NC_0034_0207,66,5.0575,0.4150,0.6345,333,2010-02-01,2024-12-08,27.2056,18,99.3576,33,70.8050,5.8100,72.1520,1.3470,2010_2024,2010_2024,14
usa_NC_0034_0208,66,5.1454,0.4024,0.6559,334,2010-02-01,2024-12-08,24.7000,18,94.5424,33,72.0356,5.6336,69.8424,-2.1932,2010_2024,2010_2024,14
usa_NC_0034_0209,66,5.1419,0.3825,0.6715,344,2010-02-01,2024-12-08,29.3056,18,99.1529,34,71.9866,5.3550,69.8474,-2.1392,2010_2024,2010_2024,14
usa_NC_0034_0210,66,5.1823,0.3776,0.6761,351,2010-02-01,2024-12-08,30.6158,19,101.4088,34,72.5522,5.2864,70.7930,-1.7592,2010_2024,2010_2024,14
usa_NC_0034_0211,66,5.0127,0.3722,0.6685,350,2010-02-01,2024-12-08,30.5647,17,101.5706,34,70.1778,5.2108,71.0059,0.8281,2010_2024,2010_2024,14
usa_NC_0034_0212,67,5.0713,0.3667,0.6795,351,2010-02-01,2024-12-08,26.8733,15,99.3324,34,70.9982,5.1338,72.4590,1.4608,2010_2024,2010_2024,14
usa_NC_0034_0213,67,4.8651,0.3716,0.6558,350,2010-02-01,2024-12-08,22.9267,15,95.1294,34,68.1114,5.2024,72.2027,4.0913,2010_2024,2010_2024,14
usa_NC_0034_0214,67,4.5857,0.3559,0.6453,355,2010-02-01,2024-12-08,39.6500,20,108.5441,34,64.1998,4.9826,68.8941,4.6943,2010_2024,2010_2024,14
usa_NC_0034_0215,67,4.4687,0.3507,0.6382,358,2010-02-01,2024-12-08,33.6571,21,102.1471,34,62.5618,4.9098,68.4899,5.9281,2010_2024,2010_2024,14
usa_NC_0034_0216,67,4.2271,0.3545,0.6098,354,2010-02-01,2024-12-08,34.6857,21,100.1471,34,59.1794,4.9630,65.4613,6.2819,2010_2024,2010_2024,14
usa_NC_0034_0217,67,3.9678,0.3394,0.6037,349,2010-02-01,2024-12-08,37.4333,21,99.7324,34,55.5492,4.7516,62.2990,6.7498,2010_2024,2010_2024,14
usa_NC_0034_0218,67,3.5125,0.3244,0.5673,348,2010-02-01,2024-12-08,38.2045,22,94.7147,34,49.1750,4.5416,56.5102,7.3352,2010_2024,2010_2024,14
usa_NC_0034_0219,67,3.1670,0.3273,0.5093,351,2010-02-01,2024-12-08,47.8208,24,94.6088,34,44.3380,4.5822,46.7880,2.4500,2010_2024,2010_2024,14
usa_NC_0034_0220,67,2.9013,0.3278,0.4743,338,2010-02-01,2024-12-08,46.3591,22,87.2059,34,40.6182,4.5892,40.8468,0.2286,2010_2024,2010_2024,14
usa_NC_0034_0221,67,2.4988,0.3388,0.3873,335,2010-02-01,2024-12-08,54.7333,21,88.1676,34,34.9832,4.7432,33.4343,-1.5489,2010_2024,2010_2024,14
usa_NC_0034_0222,68,2.3260,0.3467,0.3462,331,2010-02-01,2024-12-08,66.8591,22,95.6543,35,32.5640,4.8538,28.7952,-3.7688,2010_2024,2010_2024,14
usa_NC_0034_0223,68,1.9853,0.3415,0.2857,329,2010-02-01,2024-12-08,62.6318,22,85.4400,35,27.7942,4.7810,22.8082,-4.9860,2010_2024,2010_2024,14
usa_NC_0034_0224,68,1.8878,0.3427,0.2567,342,2010-02-01,2024-12-08,66.2810,21,87.7143,35,26.4292,4.7978,21.4333,-4.9959,2010_2024,2010_2024,14
usa_NC_0034_0225,68,1.9693,0.3434,0.2700,346,2010-02-01,2024-12-08,67.9737,19,90.0771,35,27.5702,4.8076,22.1035,-5.4667,2010_2024,2010_2024,14
usa_NC_0034_0226,68,1.8860,0.3564,0.2417,342,2010-02-01,2024-12-08,72.9529,17,93.6229,35,26.4040,4.9896,20.6699,-5.7341,2010_2024,2010_2024,14
usa_NC_0034_0227,68,1.8092,0.3598,0.2224,344,2010-02-01,2024-12-08,71.8684,19,94.2600,35,25.3288,5.0372,22.3916,-2.9372,2010_2024,2010_2024,14
usa_NC_0034_0228,68,1.5149,0.3745,0.1574,341,2010-02-01,2024-12-08,63.1444,18,80.2229,35,21.2086,5.2430,17.0784,-4.1302,2010_2024,2010_2024,14
usa_NC_0034_0229,68,1.2228,0.3636,0.1117,350,2010-02-01,2024-12-08,68.2737,19,85.1324,34,17.1192,5.0904,16.8587,-0.2605,2010_2024,2010_2024,14
usa_NC_0034_0230,68,0.9615,0.3528,0.0751,356,2010-02-01,2024-12-08,68.4000,18,79.6353,34,13.4610,4.9392,11.2353,-2.2257,2010_2024,2010_2024,14
usa_NC_0034_0231,68,0.9997,0.3786,0.0721,349,2010-02-01,2024-12-08,64.1937,16,72.9824,34,13.9958,5.3004,8.7886,-5.2072,2010_2024,2010_2024,14
usa_NC_0034_0232,69,1.1412,0.3781,0.0917,351,2010-02-01,2024-12-08,69.3333,15,76.7970,33,15.9768,5.2934,7.4636,-8.5132,2010_2024,2010_2024,14
usa_NC_0034_0233,69,1.2909,0.3645,0.1226,349,2010-02-01,2024-12-08,60.3400,15,68.5727,33,18.0726,5.1030,8.2327,-9.8399,2010_2024,2010_2024,14
usa_NC_0034_0234,69,1.3287,0.3615,0.1274,360,2010-02-01,2024-12-08,60.3200,20,71.1182,33,18.6018,5.0610,10.7982,-7.8036,2010_2024,2010_2024,14
usa_NC_0034_0235,69,1.4443,0.3687,0.1412,363,2010-02-01,2024-12-08,50.0190,21,63.6394,33,20.2202,5.1618,13.6203,-6.5999,2010_2024,2010_2024,14
usa_NC_0034_0236,69,1.5354,0.3614,0.1651,355,2010-02-01,2024-12-08,51.3857,21,66.3212,33,21.4956,5.0596,14.9355,-6.5601,2010_2024,2010_2024,14
usa_NC_0034_0237,69,1.3847,0.3362,0.1579,352,2010-02-01,2024-12-08,53.4429,21,67.8576,33,19.3858,4.7068,14.4147,-4.9711,2010_2024,2010_2024,14
usa_NC_0034_0238,69,1.4127,0.3267,0.1713,352,2010-02-01,2024-12-08,45.7696,23,58.9364,33,19.7778,4.5738,13.1668,-6.6110,2010_2024,2010_2024,14
usa_NC_0034_0239,69,1.7831,0.3345,0.2460,339,2010-02-01,2024-12-08,39.6273,22,56.5152,33,24.9634,4.6830,16.8879,-8.0755,2010_2024,2010_2024,14
usa_NC_0034_0240,69,1.8644,0.3098,0.2924,341,2010-02-01,2024-12-08,49.8619,21,69.0879,33,26.1016,4.3372,19.2260,-6.8756,2010_2024,2010_2024,14
usa_NC_0034_0241,69,1.9112,0.3232,0.2877,337,2010-02-01,2024-12-08,40.5455,22,59.5697,33,26.7568,4.5248,19.0242,-7.7326,2010_2024,2010_2024,14
usa_NC_0034_0243,70,1.8439,0.2934,0.3127,338,2010-02-01,2024-12-08,38.7409,22,60.8242,33,25.8146,4.1076,22.0833,-3.7313,2010_2024,2010_2024,14
usa_NC_0034_0244,70,1.8327,0.2677,0.3458,345,2010-02-01,2024-12-08,39.9455,22,62.6848,33,25.6578,3.7478,22.7394,-2.9184,2010_2024,2010_2024,14
usa_NC_0034_0245,70,1.8775,0.2858,0.3320,338,2010-02-01,2024-12-08,31.6222,18,57.1091,33,26.2850,4.0012,25.4869,-0.7981,2010_2024,2010_2024,14
usa_NC_0034_0246,70,1.7837,0.3237,0.2597,337,2010-02-01,2024-12-08,44.5250,16,70.3667,33,24.9718,4.5318,25.8417,0.8699,2010_2024,2010_2024,14
usa_NC_0034_0247,70,2.0000,0.3253,0.3039,337,2010-02-01,2024-12-08,30.8000,17,56.3909,33,28.0000,4.5542,25.5909,-2.4091,2010_2024,2010_2024,14
usa_NC_0034_0248,70,2.0343,0.3195,0.3131,346,2010-02-01,2024-12-08,30.0294,17,55.8118,34,28.4802,4.4730,25.7824,-2.6978,2010_2024,2010_2024,14
usa_NC_0034_0249,70,2.0169,0.3149,0.3089,357,2010-02-01,2024-12-08,28.8706,17,53.4559,34,28.2366,4.4086,24.5853,-3.6513,2010_2024,2010_2024,14
usa_NC_0034_0250,70,1.9738,0.3305,0.2844,349,2010-02-01,2024-12-08,29.1600,15,52.9400,35,27.6332,4.6270,23.7800,-3.8532,2010_2024,2010_2024,14
usa_NC_0035_0001,70,2.0010,0.3262,0.2779,380,2010-02-01,2024-12-08,36.1000,17,60.1919,37,28.0140,4.5668,24.0919,-3.9221,2010_2024,2010_2024,14
usa_NC_0035_0002,70,1.8676,0.3407,0.2355,379,2010-02-01,2024-12-08,36.4937,16,56.4029,35,26.1464,4.7698,19.9091,-6.2373,2010_2024,2010_2024,14
usa_NC_0035_0003,71,1.5613,0.3360,0.1829,375,2010-02-01,2024-12-08,31.6684,19,46.2857,35,21.8582,4.7040,14.6173,-7.2409,2010_2024,2010_2024,14
usa_NC_0035_0004,71,1.4776,0.3332,0.1657,385,2010-02-01,2024-12-08,42.5455,22,54.7286,35,20.6864,4.6648,12.1831,-8.5033,2010_2024,2010_2024,14
usa_NC_0035_0005,71,1.2517,0.3287,0.1292,380,2010-02-01,2024-12-08,38.3273,22,47.1294,34,17.5238,4.6018,8.8021,-8.7217,2010_2024,2010_2024,14
usa_NC_0035_0006,71,1.1408,0.3160,0.1193,374,2010-02-01,2024-12-08,41.2909,22,46.6576,33,15.9712,4.4240,5.3667,-10.6045,2010_2024,2010_2024,14
usa_NC_0035_0007,71,1.1482,0.3198,0.1187,372,2010-02-01,2024-12-08,44.7636,22,46.8424,33,16.0748,4.4772,2.0788,-13.9960,2010_2024,2010_2024,14
usa_NC_0035_0008,71,1.2423,0.3211,0.1359,370,2010-02-01,2024-12-08,42.9240,25,44.2152,33,17.3922,4.4954,1.2912,-16.1010,2010_2024,2010_2024,14
usa_NC_0035_0009,71,1.4255,0.3367,0.1615,362,2010-02-01,2024-12-08,41.5560,25,42.8424,33,19.9570,4.7138,1.2864,-18.6706,2010_2024,2010_2024,14
usa_NC_0035_0010,71,1.6111,0.3500,0.1830,368,2010-02-01,2024-12-08,37.4792,24,40.3486,35,22.5554,4.9000,2.8694,-19.6860,2010_2024,2010_2024,14
usa_NC_0035_0011,71,1.6740,0.3738,0.1789,358,2010-02-01,2024-12-08,40.8435,23,43.0800,35,23.4360,5.2332,2.2365,-21.1995,2010_2024,2010_2024,14
usa_NC_0035_0012,71,1.7567,0.3751,0.1946,353,2010-02-01,2024-12-08,35.0043,23,37.9171,35,24.5938,5.2514,2.9128,-21.6810,2010_2024,2010_2024,14
usa_NC_0035_0013,72,1.7702,0.3646,0.2026,361,2010-02-01,2024-12-08,32.9304,23,37.1029,35,24.7828,5.1044,4.1724,-20.6104,2010_2024,2010_2024,14
usa_NC_0035_0014,72,1.8562,0.3629,0.2156,370,2010-02-01,2024-12-08,38.5333,21,44.9514,35,25.9868,5.0806,6.4181,-19.5687,2010_2024,2010_2024,14
usa_NC_0035_0015,72,1.7787,0.3693,0.1990,363,2010-02-01,2024-12-08,29.6056,18,37.8057,35,24.9018,5.1702,8.2002,-16.7016,2010_2024,2010_2024,14
usa_NC_0035_0016,72,1.7334,0.3647,0.1975,357,2010-02-01,2024-12-08,25.0833,18,40.2200,35,24.2676,5.1058,15.1367,-9.1309,2010_2024,2010_2024,14
usa_NC_0035_0017,72,1.6005,0.3743,0.1638,363,2010-02-01,2024-12-08,23.5684,19,39.7343,35,22.4070,5.2402,16.1659,-6.2411,2010_2024,2010_2024,14
usa_NC_0035_0018,72,1.7322,0.3613,0.1932,373,2010-02-01,2024-12-08,19.6789,19,41.6171,35,24.2508,5.0582,21.9382,-2.3126,2010_2024,2010_2024,14
usa_NC_0035_0019,72,1.7762,0.3613,0.2008,374,2010-02-01,2024-12-08,34.7684,19,56.5972,36,24.8668,5.0582,21.8288,-3.0380,2010_2024,2010_2024,14
usa_NC_0035_0020,72,1.7688,0.3811,0.1837,372,2010-02-01,2024-12-08,23.8882,17,47.4571,35,24.7632,5.3354,23.5689,-1.1943,2010_2024,2010_2024,14
usa_NC_0035_0021,72,1.8494,0.3821,0.1941,378,2010-02-01,2024-12-08,21.2944,18,46.7029,35,25.8916,5.3494,25.4084,-0.4832,2010_2024,2010_2024,14
usa_NC_0035_0022,72,1.6576,0.3780,0.1681,370,2010-02-01,2024-12-08,25.4111,18,50.4286,35,23.2064,5.2920,25.0175,1.8111,2010_2024,2010_2024,14
usa_NC_0035_0023,73,1.5651,0.3670,0.1551,385,2010-02-01,2024-12-08,22.3182,22,47.4686,35,21.9114,5.1380,25.1504,3.2390,2010_2024,2010_2024,14
usa_NC_0035_0024,73,1.4450,0.3602,0.1358,398,2010-02-01,2024-12-08,22.0261,23,49.2800,35,20.2300,5.0428,27.2539,7.0239,2010_2024,2010_2024,14
usa_NC_0035_0025,73,1.1104,0.3650,0.0860,382,2010-02-01,2024-12-08,24.4870,23,52.3229,35,15.5456,5.1100,27.8359,12.2903,2010_2024,2010_2024,14
usa_NC_0035_0026,73,0.8815,0.3666,0.0557,381,2010-02-01,2024-12-08,23.8870,23,49.4500,34,12.3410,5.1324,25.5630,13.2220,2010_2024,2010_2024,14
usa_NC_0035_0027,73,0.5447,0.3754,0.0209,383,2010-02-01,2024-12-08,21.2208,24,40.7941,34,7.6258,5.2556,19.5733,11.9475,2010_2024,2010_2024,14
usa_NC_0035_0028,73,0.2433,0.4015,0.0038,377,2010-02-01,2024-12-08,23.0846,26,39.9657,35,3.4062,5.6210,16.8811,13.4749,2010_2024,2010_2024,14
usa_NC_0035_0029,73,-0.0664,0.4252,0.0003,374,2010-02-01,2024-12-08,20.1826,23,37.6343,35,-0.9296,5.9528,17.4517,18.3813,2010_2024,2010_2024,14
usa_NC_0035_0030,73,-0.3245,0.4292,0.0060,366,2010-02-01,2024-12-08,20.2667,24,32.9743,35,-4.5430,6.0088,12.7076,17.2506,2010_2024,2010_2024,14
usa_NC_0035_0031,73,-0.5633,0.4001,0.0210,359,2010-02-01,2024-12-08,22.4696,23,29.3400,35,-7.8862,5.6014,6.8704,14.7566,2010_2024,2010_2024,14
usa_NC_0035_0032,73,-0.8067,0.3899,0.0441,361,2010-02-01,2024-12-08,20.4609,23,21.8576,33,-11.2938,5.4586,1.3967,12.6905,2010_2024,2010_2024,14
usa_NC_0035_0034,74,-0.9026,0.3857,0.0548,367,2010-02-01,2024-12-08,28.4850,20,25.7971,35,-12.6364,5.3998,-2.6879,9.9485,2010_2024,2010_2024,14
usa_NC_0035_0035,74,-0.8510,0.3832,0.0492,371,2010-02-01,2024-12-08,28.5471,17,22.1886,35,-11.9140,5.3648,-6.3585,5.5555,2010_2024,2010_2024,14
usa_NC_0035_0036,74,-0.8413,0.3856,0.0481,366,2010-02-01,2024-12-08,37.7474,19,24.8000,34,-11.7782,5.3984,-12.9474,-1.1692,2010_2024,2010_2024,14
usa_NC_0035_0037,74,-0.9461,0.3828,0.0605,369,2010-02-01,2024-12-08,39.5421,19,22.7941,34,-13.2454,5.3592,-16.7480,-3.5026,2010_2024,2010_2024,14
usa_NC_0035_0038,74,-0.9479,0.3678,0.0644,375,2010-02-01,2024-12-08,50.6600,20,33.1588,34,-13.2706,5.1492,-17.5012,-4.2306,2010_2024,2010_2024,14
usa_NC_0035_0039,74,-0.7573,0.3597,0.0442,373,2010-02-01,2024-12-08,53.0105,19,35.5412,34,-10.6022,5.0358,-17.4693,-6.8671,2010_2024,2010_2024,14
usa_NC_0035_0040,74,-0.7231,0.3380,0.0454,374,2010-02-01,2024-12-08,48.3765,17,29.6765,34,-10.1234,4.7320,-18.7000,-8.5766,2010_2024,2010_2024,14
usa_NC_0035_0041,74,-0.7477,0.3330,0.0488,382,2010-02-01,2024-12-08,59.1353,17,37.0559,34,-10.4678,4.6620,-22.0794,-11.6116,2010_2024,2010_2024,14
usa_NC_0035_0042,74,-1.0390,0.3216,0.0962,381,2010-02-01,2024-12-08,53.0450,20,26.7706,34,-14.5460,4.5024,-26.2744,-11.7284,2010_2024,2010_2024,14
usa_NC_0035_0043,74,-1.0618,0.3035,0.1079,393,2010-02-01,2024-12-08,52.9435,23,25.8235,34,-14.8652,4.2490,-27.1199,-12.2547,2010_2024,2010_2024,14
usa_NC_0035_0044,75,-1.1270,0.3212,0.1088,392,2010-02-01,2024-12-08,55.5783,23,26.2941,34,-15.7780,4.4968,-29.2841,-13.5061,2010_2024,2010_2024,14
usa_NC_0035_0045,75,-0.9477,0.3231,0.0797,386,2010-02-01,2024-12-08,51.1000,23,23.8206,34,-13.2678,4.5234,-27.2794,-14.0116,2010_2024,2010_2024,14
usa_NC_0035_0046,75,-0.5423,0.3144,0.0295,380,2010-02-01,2024-12-08,52.8826,23,31.3343,35,-7.5922,4.4016,-21.5483,-13.9561,2010_2024,2010_2024,14
usa_NC_0035_0047,75,-0.0593,0.3123,0.0004,384,2010-02-01,2024-12-08,51.9458,24,37.8257,35,-0.8302,4.3722,-14.1201,-13.2899,2010_2024,2010_2024,14
usa_NC_0035_0048,75,0.3798,0.3233,0.0141,374,2010-02-01,2024-12-08,45.0160,25,38.5143,35,5.3172,4.5262,-6.5017,-11.8189,2010_2024,2010_2024,14
usa_NC_0035_0049,75,0.6374,0.3392,0.0354,374,2010-02-01,2024-12-08,41.3609,23,40.4972,36,8.9236,4.7488,-0.8636,-9.7872,2010_2024,2010_2024,14
usa_NC_0035_0050,75,0.6938,0.3568,0.0388,364,2010-02-01,2024-12-08,43.0696,23,45.4750,36,9.7132,4.9952,2.4054,-7.3078,2010_2024,2010_2024,14
usa_NC_0035_0051,75,0.6325,0.3659,0.0312,361,2010-02-01,2024-12-08,45.4565,23,45.7389,36,8.8550,5.1226,0.2824,-8.5726,2010_2024,2010_2024,14
usa_NC_0035_0052,75,0.4688,0.3593,0.0177,368,2010-02-01,2024-12-08,51.2043,23,53.2667,36,6.5632,5.0302,2.0623,-4.5009,2010_2024,2010_2024,14
usa_NC_0035_0053,75,0.4819,0.3503,0.0194,372,2010-02-01,2024-12-08,49.5435,23,53.2722,36,6.7466,4.9042,3.7287,-3.0179,2010_2024,2010_2024,14
usa_NC_0035_0054,76,0.3156,0.3585,0.0081,368,2010-02-01,2024-12-08,46.8421,19,51.0056,36,4.4184,5.0190,4.1635,-0.2549,2010_2024,2010_2024,14
usa_NC_0035_0055,76,0.0527,0.3600,0.0002,367,2010-02-01,2024-12-08,45.5824,17,45.5306,36,0.7378,5.0400,-0.0518,-0.7896,2010_2024,2010_2024,14
usa_NC_0035_0056,76,-0.2212,0.3517,0.0041,370,2010-02-01,2024-12-08,42.5368,19,35.2784,37,-3.0968,4.9238,-7.2585,-4.1617,2010_2024,2010_2024,14
usa_NC_0035_0057,76,-0.4164,0.3573,0.0137,379,2010-02-01,2024-12-08,44.4263,19,31.3250,36,-5.8296,5.0022,-13.1013,-7.2717,2010_2024,2010_2024,14
usa_NC_0035_0058,76,-0.7285,0.3723,0.0377,380,2010-02-01,2024-12-08,50.0000,19,30.1583,36,-10.1990,5.2122,-19.8417,-9.6427,2010_2024,2010_2024,14
usa_NC_0035_0059,76,-0.8730,0.3870,0.0495,380,2010-02-01,2024-12-08,55.0778,18,31.9229,35,-12.2220,5.4180,-23.1549,-10.9329,2010_2024,2010_2024,14
usa_NC_0035_0060,76,-0.8670,0.4096,0.0433,385,2010-02-01,2024-12-08,55.0500,18,31.6114,35,-12.1380,5.7344,-23.4386,-11.3006,2010_2024,2010_2024,14
usa_NC_0035_0061,76,-0.9737,0.4161,0.0528,382,2010-02-01,2024-12-08,59.2706,17,36.4806,36,-13.6318,5.8254,-22.7900,-9.1582,2010_2024,2010_2024,14
usa_NC_0035_0062,76,-1.1145,0.4148,0.0684,382,2010-02-01,2024-12-08,62.5600,20,36.5694,36,-15.6030,5.8072,-25.9906,-10.3876,2010_2024,2010_2024,14
usa_NC_0035_0063,76,-1.3599,0.3977,0.1046,389,2010-02-01,2024-12-08,64.4348,23,37.8257,35,-19.0386,5.5678,-26.6091,-7.5705,2010_2024,2010_2024,14
usa_NC_0035_0064,77,-1.5299,0.3963,0.1290,391,2010-02-01,2024-12-08,64.3043,23,38.7600,35,-21.4186,5.5482,-25.5443,-4.1257,2010_2024,2010_2024,14
usa_NC_0035_0065,77,-1.5644,0.3883,0.1418,382,2010-02-01,2024-12-08,49.6565,23,26.6514,35,-21.9016,5.4362,-23.0051,-1.1035,2010_2024,2010_2024,14
usa_NC_0035_0066,77,-1.6599,0.3937,0.1542,379,2010-02-01,2024-12-08,43.3696,23,23.2400,35,-23.2386,5.5118,-20.1296,3.1090,2010_2024,2010_2024,14
usa_NC_0035_0067,77,-1.6853,0.3929,0.1573,383,2010-02-01,2024-12-08,39.8360,25,21.9114,35,-23.5942,5.5006,-17.9246,5.6696,2010_2024,2010_2024,14
usa_NC_0035_0068,77,-1.8812,0.3959,0.1918,370,2010-02-01,2024-12-08,28.3875,24,15.8500,36,-26.3368,5.5426,-12.5375,13.7993,2010_2024,2010_2024,14
usa_NC_0035_0069,77,-2.0729,0.4099,0.2128,368,2010-02-01,2024-12-08,31.1261,23,19.4829,35,-29.0206,5.7386,-11.6432,17.3774,2010_2024,2010_2024,14
usa_NC_0035_0070,77,-2.4278,0.4291,0.2559,362,2010-02-01,2024-12-08,27.5826,23,13.5857,35,-33.9892,6.0074,-13.9969,19.9923,2010_2024,2010_2024,14
usa_NC_0035_0071,77,-2.6126,0.4505,0.2710,352,2010-02-01,2024-12-08,30.0870,23,14.2657,35,-36.5764,6.3070,-15.8212,20.7552,2010_2024,2010_2024,14
usa_NC_0035_0072,77,-2.7858,0.4659,0.2792,359,2010-02-01,2024-12-08,25.6783,23,12.2143,35,-39.0012,6.5226,-13.4640,25.5372,2010_2024,2010_2024,14
usa_NC_0035_0073,77,-3.0408,0.4789,0.2981,369,2010-02-01,2024-12-08,31.6955,22,16.8057,35,-42.5712,6.7046,-14.8897,27.6815,2010_2024,2010_2024,14
usa_NC_0035_0074,78,-3.4205,0.4997,0.3386,356,2010-02-01,2024-12-08,25.6176,17,8.5943,35,-47.8870,6.9958,-17.0234,30.8636,2010_2024,2010_2024,14
usa_NC_0035_0075,78,-3.7162,0.5049,0.3672,363,2010-02-01,2024-12-08,30.8118,17,10.3200,35,-52.0268,7.0686,-20.4918,31.5350,2010_2024,2010_2024,14
usa_NC_0035_0076,78,-3.9872,0.4879,0.4151,366,2010-02-01,2024-12-08,29.4895,19,1.7200,35,-55.8208,6.8306,-27.7695,28.0513,2010_2024,2010_2024,14
usa_NC_0035_0077,78,-4.0034,0.4490,0.4551,370,2010-02-01,2024-12-08,28.9053,19,-4.2971,35,-56.0476,6.2860,-33.2024,22.8452,2010_2024,2010_2024,14
usa_NC_0035_0078,78,-4.0898,0.4209,0.4966,372,2010-02-01,2024-12-08,40.4250,20,2.4543,35,-57.2572,5.8926,-37.9707,19.2865,2010_2024,2010_2024,14
usa_NC_0035_0079,78,-3.9388,0.3883,0.5208,368,2010-02-01,2024-12-08,30.9526,19,-8.7743,35,-55.1432,5.4362,-39.7269,15.4163,2010_2024,2010_2024,14
usa_NC_0035_0080,78,-3.6928,0.3610,0.5210,374,2010-02-01,2024-12-08,45.3722,18,5.3914,35,-51.6992,5.0540,-39.9808,11.7184,2010_2024,2010_2024,14
usa_NC_0035_0081,78,-3.2793,0.3614,0.4659,367,2010-02-01,2024-12-08,47.0529,17,8.6057,35,-45.9102,5.0596,-38.4472,7.4630,2010_2024,2010_2024,14
usa_NC_0035_0082,78,-2.7754,0.3612,0.3790,376,2010-02-01,2024-12-08,59.2158,19,20.9559,34,-38.8556,5.0568,-38.2599,0.5957,2010_2024,2010_2024,14
usa_NC_0035_0083,78,-2.3686,0.3614,0.3024,385,2010-02-01,2024-12-08,63.5957,23,24.5676,34,-33.1604,5.0596,-39.0280,-5.8676,2010_2024,2010_2024,14
usa_NC_0035_0084,79,-1.6254,0.3477,0.1839,377,2010-02-01,2024-12-08,32.2087,23,2.1848,33,-22.7556,4.8678,-30.0238,-7.2682,2010_2024,2010_2024,14
usa_NC_0035_0085,79,-1.7319,0.3531,0.2000,374,2010-02-01,2024-12-08,65.2565,23,30.5879,33,-24.2466,4.9434,-34.6686,-10.4220,2010_2024,2010_2024,14
usa_NC_0035_0086,79,-1.4025,0.3260,0.1613,374,2010-02-01,2024-12-08,65.3000,23,40.3576,33,-19.6350,4.5640,-24.9424,-5.3074,2010_2024,2010_2024,14
usa_NC_0035_0087,79,-1.0812,0.3150,0.1075,380,2010-02-01,2024-12-08,58.0720,25,42.6152,33,-15.1368,4.4100,-15.4568,-0.3200,2010_2024,2010_2024,14
usa_NC_0035_0088,79,-0.8897,0.3195,0.0761,366,2010-02-01,2024-12-08,78.3609,23,68.3727,33,-12.4558,4.4730,-9.9881,2.4677,2010_2024,2010_2024,14
usa_NC_0035_0089,79,-0.8469,0.3311,0.0652,365,2010-02-01,2024-12-08,54.4792,24,47.2818,33,-11.8566,4.6354,-7.1973,4.6593,2010_2024,2010_2024,14
usa_NC_0035_0090,79,-0.7209,0.3377,0.0473,357,2010-02-01,2024-12-08,49.3682,22,39.3531,32,-10.0926,4.7278,-10.0151,0.0775,2010_2024,2010_2024,14
usa_NC_0036_0001,79,-0.2971,0.3376,0.0083,359,2010-02-01,2024-12-08,49.9870,23,44.7794,34,-4.1594,4.7264,-5.2075,-1.0481,2010_2024,2010_2024,14
usa_NC_0036_0002,79,-0.0467,0.3301,0.0002,367,2010-02-01,2024-12-08,41.3565,23,39.2118,34,-0.6538,4.6214,-2.1448,-1.4910,2010_2024,2010_2024,14
usa_NC_0036_0003,79,0.0458,0.3344,0.0002,380,2010-02-01,2024-12-08,37.6739,23,36.8235,34,0.6412,4.6816,-0.8504,-1.4916,2010_2024,2010_2024,14
usa_NC_0036_0004,80,0.0956,0.3463,0.0008,368,2010-02-01,2024-12-08,38.5444,18,39.8412,34,1.3384,4.8482,1.2967,-0.0417,2010_2024,2010_2024,14
usa_NC_0036_0005,80,-0.1247,0.3602,0.0013,366,2010-02-01,2024-12-08,29.5000,17,26.1857,35,-1.7458,5.0428,-3.3143,-1.5685,2010_2024,2010_2024,14
usa_NC_0036_0006,80,-0.2342,0.3438,0.0048,373,2010-02-01,2024-12-08,48.4579,19,42.8412,34,-3.2788,4.8132,-5.6167,-2.3379,2010_2024,2010_2024,14
usa_NC_0036_0007,80,-0.2484,0.3543,0.0050,379,2010-02-01,2024-12-08,35.7105,19,27.7588,34,-3.4776,4.9602,-7.9517,-4.4741,2010_2024,2010_2024,14
usa_NC_0036_0008,80,-0.4548,0.3506,0.0170,379,2010-02-01,2024-12-08,39.6950,20,27.6588,34,-6.3672,4.9084,-12.0362,-5.6690,2010_2024,2010_2024,14
usa_NC_0036_0009,80,-0.3489,0.3598,0.0097,375,2010-02-01,2024-12-08,40.4833,18,27.7606,33,-4.8846,5.0372,-12.7227,-7.8381,2010_2024,2010_2024,14
usa_NC_0036_0010,80,-0.0607,0.3534,0.0003,371,2010-02-01,2024-12-08,38.2667,15,29.0091,33,-0.8498,4.9476,-9.2576,-8.4078,2010_2024,2010_2024,14
usa_NC_0036_0011,80,-0.0415,0.3573,0.0001,372,2010-02-01,2024-12-08,46.1867,15,34.9364,33,-0.5810,5.0022,-11.2503,-10.6693,2010_2024,2010_2024,14
usa_NC_0036_0012,80,-0.0730,0.3585,0.0004,370,2010-02-01,2024-12-08,33.9250,16,22.9182,33,-1.0220,5.0190,-11.0068,-9.9848,2010_2024,2010_2024,14
usa_NC_0036_0013,80,0.0858,0.3618,0.0006,381,2010-02-01,2024-12-08,31.9250,20,21.9485,33,1.2012,5.0652,-9.9765,-11.1777,2010_2024,2010_2024,14
usa_NC_0036_0014,81,0.5054,0.3662,0.0194,375,2010-02-01,2024-12-08,32.6333,21,27.0063,32,7.0756,5.1268,-5.6271,-12.7027,2010_2024,2010_2024,14
usa_NC_0036_0015,81,0.4536,0.3513,0.0172,370,2010-02-01,2024-12-08,34.3714,21,31.8813,32,6.3504,4.9182,-2.4902,-8.8406,2010_2024,2010_2024,14
usa_NC_0036_0016,81,0.5062,0.3381,0.0230,371,2010-02-01,2024-12-08,27.8429,21,27.4656,32,7.0868,4.7334,-0.3772,-7.4640,2010_2024,2010_2024,14
usa_NC_0036_0017,81,0.3533,0.3394,0.0111,374,2010-02-01,2024-12-08,17.2818,22,10.5875,32,4.9462,4.7516,-6.6943,-11.6405,2010_2024,2010_2024,14
usa_NC_0036_0018,81,0.1184,0.3200,0.0015,366,2010-02-01,2024-12-08,39.8783,23,31.3606,33,1.6576,4.4800,-8.5177,-10.1753,2010_2024,2010_2024,14
usa_NC_0036_0019,81,-0.0944,0.3196,0.0009,363,2010-02-01,2024-12-08,38.5591,22,27.7000,33,-1.3216,4.4744,-10.8591,-9.5375,2010_2024,2010_2024,14
usa_NC_0036_0020,81,-0.5568,0.3250,0.0301,368,2010-02-01,2024-12-08,26.5773,22,6.5818,33,-7.7952,4.5500,-19.9955,-12.2003,2010_2024,2010_2024,14
usa_NC_0036_0021,81,-0.8810,0.3164,0.0773,360,2010-02-01,2024-12-08,37.3045,22,11.1000,33,-12.3340,4.4296,-26.2045,-13.8705,2010_2024,2010_2024,14
usa_NC_0036_0022,81,-1.0138,0.3040,0.1067,362,2010-02-01,2024-12-08,72.5318,22,43.6030,33,-14.1932,4.2560,-28.9288,-14.7356,2010_2024,2010_2024,14
usa_NC_0036_0023,81,-0.9892,0.2744,0.1178,378,2010-02-01,2024-12-08,50.6182,22,23.3455,33,-13.8488,3.8416,-27.2727,-13.4239,2010_2024,2010_2024,14
usa_NC_0036_0024,82,-1.0743,0.2926,0.1212,380,2010-02-01,2024-12-08,13.6105,19,-13.3581,31,-15.0402,4.0964,-26.9686,-11.9284,2010_2024,2010_2024,14
usa_NC_0036_0025,82,-1.6631,0.3281,0.2126,370,2010-02-01,2024-12-08,53.1813,16,19.9548,31,-23.2834,4.5934,-33.2264,-9.9430,2010_2024,2010_2024,14
usa_NC_0036_0026,82,-1.7371,0.3291,0.2236,376,2010-02-01,2024-12-08,41.8579,19,3.1161,31,-24.3194,4.6074,-38.7418,-14.4224,2010_2024,2010_2024,14
usa_NC_0036_0027,82,-1.8918,0.3061,0.2815,379,2010-02-01,2024-12-08,38.0222,18,-2.0161,31,-26.4852,4.2854,-40.0384,-13.5532,2010_2024,2010_2024,14
usa_NC_0036_0028,82,-2.0371,0.2929,0.3304,381,2010-02-01,2024-12-08,46.9167,18,6.4161,31,-28.5194,4.1006,-40.5005,-11.9811,2010_2024,2010_2024,14
usa_NC_0036_0029,82,-2.0541,0.2918,0.3364,380,2010-02-01,2024-12-08,48.3118,17,4.7345,29,-28.7574,4.0852,-43.5773,-14.8199,2010_2024,2010_2024,14
usa_NC_0036_0030,82,-1.9061,0.3096,0.2815,376,2010-02-01,2024-12-08,46.9938,16,3.3484,31,-26.6854,4.3344,-43.6454,-16.9600,2010_2024,2010_2024,14
usa_NC_0036_0031,82,-1.7906,0.3095,0.2530,384,2010-02-01,2024-12-08,50.6875,16,10.4433,30,-25.0684,4.3330,-40.2442,-15.1758,2010_2024,2010_2024,14
usa_NC_0036_0032,82,-1.6896,0.3017,0.2453,375,2010-02-01,2024-12-08,59.5529,17,26.4000,30,-23.6544,4.2238,-33.1529,-9.4985,2010_2024,2010_2024,14
usa_NC_0036_0033,82,-1.3822,0.2973,0.1764,392,2010-02-01,2024-12-08,41.4238,21,14.4967,30,-19.3508,4.1622,-26.9271,-7.5763,2010_2024,2010_2024,14
usa_NC_0036_0034,83,-1.4309,0.2995,0.1873,385,2010-02-01,2024-12-08,39.4000,21,13.2900,30,-20.0326,4.1930,-26.1100,-6.0774,2010_2024,2010_2024,14
usa_NC_0036_0035,83,-1.3637,0.2975,0.1768,380,2010-02-01,2024-12-08,57.0143,21,34.9844,32,-19.0918,4.1650,-22.0299,-2.9381,2010_2024,2010_2024,14
usa_NC_0036_0036,83,-1.4628,0.2990,0.1958,382,2010-02-01,2024-12-08,38.4429,21,16.4844,32,-20.4792,4.1860,-21.9585,-1.4793,2010_2024,2010_2024,14
usa_NC_0036_0037,83,-1.6347,0.3117,0.2209,377,2010-02-01,2024-12-08,39.4864,22,12.7625,32,-22.8858,4.3638,-26.7239,-3.8381,2010_2024,2010_2024,14
usa_NC_0036_0038,83,-1.5012,0.3077,0.1996,371,2010-02-01,2024-12-08,27.3381,21,5.3906,32,-21.0168,4.3078,-21.9475,-0.9307,2010_2024,2010_2024,14
usa_NC_0036_0039,83,-1.2182,0.3080,0.1418,368,2010-02-01,2024-12-08,60.6545,22,42.9065,31,-17.0548,4.3120,-17.7481,-0.6933,2010_2024,2010_2024,14
usa_NC_0036_0040,83,-1.1170,0.3195,0.1143,368,2010-02-01,2024-12-08,68.4087,23,52.7733,30,-15.6380,4.4730,-15.6354,0.0026,2010_2024,2010_2024,14
usa_NC_0036_0041,83,-0.9827,0.3226,0.0909,361,2010-02-01,2024-12-08,23.6957,23,12.5613,31,-13.7578,4.5164,-11.1344,2.6234,2010_2024,2010_2024,14
usa_NC_0036_0042,83,-0.9643,0.3701,0.0683,360,2010-02-01,2024-12-08,49.4435,23,40.7129,31,-13.5002,5.1814,-8.7306,4.7696,2010_2024,2010_2024,14
usa_NC_0036_0043,83,-0.8904,0.3563,0.0622,366,2010-02-01,2024-12-08,45.4696,23,37.1097,31,-12.4656,4.9882,-8.3599,4.1057,2010_2024,2010_2024,14
usa_NC_0036_0044,84,-0.8941,0.3639,0.0590,374,2010-02-01,2024-12-08,40.1810,21,32.8094,32,-12.5174,5.0946,-7.3716,5.1458,2010_2024,2010_2024,14
usa_NC_0036_0045,84,-0.8119,0.3855,0.0439,375,2010-02-01,2024-12-08,33.9176,17,29.3000,32,-11.3666,5.3970,-4.6176,6.7490,2010_2024,2010_2024,14
usa_NC_0036_0046,84,-0.5846,0.3773,0.0247,368,2010-02-01,2024-12-08,27.2684,19,27.5938,32,-8.1844,5.2822,0.3253,8.5097,2010_2024,2010_2024,14
usa_NC_0036_0047,84,-0.3424,0.3748,0.0086,372,2010-02-01,2024-12-08,23.6789,19,27.3903,31,-4.7936,5.2472,3.7114,8.5050,2010_2024,2010_2024,14
usa_NC_0036_0048,84,-0.2046,0.3735,0.0031,378,2010-02-01,2024-12-08,25.7105,19,29.6906,32,-2.8644,5.2290,3.9801,6.8445,2010_2024,2010_2024,14
usa_NC_0036_0049,84,-0.3613,0.3747,0.0094,379,2010-02-01,2024-12-08,31.4400,20,34.0030,33,-5.0582,5.2458,2.5630,7.6212,2010_2024,2010_2024,14
usa_NC_0036_0050,84,-0.3212,0.3667,0.0079,373,2010-02-01,2024-12-08,34.8889,18,38.5059,34,-4.4968,5.1338,3.6170,8.1138,2010_2024,2010_2024,14
usa_NC_0036_0051,84,-0.3386,0.3415,0.0100,379,2010-02-01,2024-12-08,44.1059,17,48.2353,34,-4.7404,4.7810,4.1294,8.8698,2010_2024,2010_2024,14
usa_NC_0036_0052,84,-0.3579,0.3316,0.0118,380,2010-02-01,2024-12-08,53.2176,17,53.7735,34,-5.0106,4.6424,0.5559,5.5665,2010_2024,2010_2024,14
usa_NC_0036_0053,84,-0.2709,0.3308,0.0070,372,2010-02-01,2024-12-08,53.3000,18,54.6118,34,-3.7926,4.6312,1.3118,5.1044,2010_2024,2010_2024,14
usa_NC_0036_0054,84,-0.0783,0.3352,0.0006,375,2010-02-01,2024-12-08,42.5895,19,47.5765,34,-1.0962,4.6928,4.9870,6.0832,2010_2024,2010_2024,14
usa_NC_0036_0055,85,-0.0952,0.3148,0.0009,381,2010-02-01,2024-12-08,42.4773,22,48.3912,34,-1.3328,4.4072,5.9139,7.2467,2010_2024,2010_2024,14
usa_NC_0036_0056,85,-0.1330,0.3280,0.0017,370,2010-02-01,2024-12-08,42.6318,22,47.8676,34,-1.8620,4.5920,5.2358,7.0978,2010_2024,2010_2024,14
usa_NC_0036_0057,85,-0.1654,0.3306,0.0026,373,2010-02-01,2024-12-08,41.4727,22,47.9618,34,-2.3156,4.6284,6.4890,8.8046,2010_2024,2010_2024,14
usa_NC_0036_0058,85,-0.1539,0.3374,0.0022,368,2010-02-01,2024-12-08,41.0136,22,47.1242,33,-2.1546,4.7236,6.1106,8.2652,2010_2024,2010_2024,14
usa_NC_0036_0059,85,-0.2102,0.3485,0.0038,368,2010-02-01,2024-12-08,43.0125,24,44.7121,33,-2.9428,4.8790,1.6996,4.6424,2010_2024,2010_2024,14
usa_NC_0036_0060,85,-0.1500,0.3350,0.0022,360,2010-02-01,2024-12-08,40.9130,23,42.9000,33,-2.1000,4.6900,1.9870,4.0870,2010_2024,2010_2024,14
usa_NC_0036_0061,85,-0.1469,0.3158,0.0024,355,2010-02-01,2024-12-08,42.9762,21,43.5364,33,-2.0566,4.4212,0.5602,2.6168,2010_2024,2010_2024,14
usa_NC_0036_0062,85,-0.0989,0.3148,0.0011,358,2010-02-01,2024-12-08,43.7381,21,45.6727,33,-1.3846,4.4072,1.9346,3.3192,2010_2024,2010_2024,14
usa_NC_0036_0063,85,-0.0987,0.3094,0.0011,351,2010-02-01,2024-12-08,43.5273,22,44.2636,33,-1.3818,4.3316,0.7364,2.1182,2010_2024,2010_2024,14
usa_NC_0036_0064,85,-0.0262,0.3049,0.0001,357,2010-02-01,2024-12-08,38.3174,23,40.1727,33,-0.3668,4.2686,1.8553,2.2221,2010_2024,2010_2024,14
usa_NC_0036_0065,85,0.0345,0.3126,0.0001,355,2010-02-01,2024-12-08,43.6087,23,43.4848,33,0.4830,4.3764,-0.1238,-0.6068,2010_2024,2010_2024,14
usa_NC_0036_0066,85,-0.1978,0.2929,0.0048,368,2010-02-01,2024-12-08,46.5957,23,44.8031,32,-2.7692,4.1006,-1.7925,0.9767,2010_2024,2010_2024,14
usa_NC_0036_0067,86,-0.1618,0.3022,0.0031,364,2010-02-01,2024-12-08,46.3250,20,44.4656,32,-2.2652,4.2308,-1.8594,0.4058,2010_2024,2010_2024,14
usa_NC_0036_0068,86,-0.1280,0.3229,0.0017,362,2010-02-01,2024-12-08,42.5882,17,43.1250,32,-1.7920,4.5206,0.5368,2.3288,2010_2024,2010_2024,14
usa_NC_0036_0069,86,-0.0917,0.3478,0.0007,360,2010-02-01,2024-12-08,41.0750,20,43.3969,32,-1.2838,4.8692,2.3219,3.6057,2010_2024,2010_2024,14
usa_NC_0036_0070,86,-0.0883,0.3467,0.0007,363,2010-02-01,2024-12-08,47.7053,19,49.9844,32,-1.2362,4.8538,2.2791,3.5153,2010_2024,2010_2024,14
usa_NC_0036_0071,86,0.0643,0.3555,0.0003,367,2010-02-01,2024-12-08,41.8421,19,45.0625,32,0.9002,4.9770,3.2204,2.3202,2010_2024,2010_2024,14
usa_NC_0036_0072,86,0.0830,0.3480,0.0006,364,2010-02-01,2024-12-08,42.6947,19,46.1562,32,1.1620,4.8720,3.4615,2.2995,2010_2024,2010_2024,14
usa_NC_0036_0073,86,0.2103,0.3338,0.0042,370,2010-02-01,2024-12-08,46.0211,19,53.7970,33,2.9442,4.6732,7.7759,4.8317,2010_2024,2010_2024,14
usa_NC_0036_0074,86,0.2578,0.3326,0.0064,362,2010-02-01,2024-12-08,43.8647,17,55.1030,33,3.6092,4.6564,11.2383,7.6291,2010_2024,2010_2024,14
usa_NC_0036_0075,86,0.2624,0.3365,0.0064,370,2010-02-01,2024-12-08,41.3706,17,54.5303,33,3.6736,4.7110,13.1597,9.4861,2010_2024,2010_2024,14
usa_NC_0036_0076,86,0.3659,0.3361,0.0124,366,2010-02-01,2024-12-08,40.6250,16,55.4375,32,5.1226,4.7054,14.8125,9.6899,2010_2024,2010_2024,14
usa_NC_0036_0077,86,0.4096,0.3340,0.0157,367,2010-02-01,2024-12-08,57.7059,17,71.0813,32,5.7344,4.6760,13.3754,7.6410,2010_2024,2010_2024,14
usa_NC_0036_0078,86,0.5589,0.3171,0.0311,376,2010-02-01,2024-12-08,52.2000,21,68.0500,32,7.8246,4.4394,15.8500,8.0254,2010_2024,2010_2024,14
usa_NC_0036_0079,87,0.4834,0.3015,0.0258,377,2010-02-01,2024-12-08,54.0762,21,71.2242,33,6.7676,4.2210,17.1481,10.3805,2010_2024,2010_2024,14
usa_NC_0036_0080,87,0.4467,0.3068,0.0221,365,2010-02-01,2024-12-08,48.1048,21,64.2970,33,6.2538,4.2952,16.1922,9.9384,2010_2024,2010_2024,14
usa_NC_0036_0081,87,0.3883,0.3045,0.0168,370,2010-02-01,2024-12-08,50.6190,21,66.6182,33,5.4362,4.2630,15.9991,10.5629,2010_2024,2010_2024,14
usa_NC_0036_0082,87,0.5012,0.2978,0.0292,366,2010-02-01,2024-12-08,49.8261,23,64.7091,33,7.0168,4.1692,14.8830,7.8662,2010_2024,2010_2024,14
usa_NC_0036_0083,87,0.6090,0.2952,0.0434,365,2010-02-01,2024-12-08,51.7625,24,68.1303,33,8.5260,4.1328,16.3678,7.8418,2010_2024,2010_2024,14
usa_NC_0036_0084,87,0.7097,0.3152,0.0522,358,2010-02-01,2024-12-08,52.5957,23,70.1781,32,9.9358,4.4128,17.5825,7.6467,2010_2024,2010_2024,14
usa_NC_0036_0085,87,0.8612,0.2827,0.0916,358,2010-02-01,2024-12-08,52.6478,23,69.7719,32,12.0568,3.9578,17.1240,5.0672,2010_2024,2010_2024,14
usa_NC_0036_0086,87,0.9935,0.2923,0.1135,351,2010-02-01,2024-12-08,48.9000,23,64.8781,32,13.9090,4.0922,15.9781,2.0691,2010_2024,2010_2024,14
usa_NC_0036_0087,87,1.1720,0.2986,0.1458,351,2010-02-01,2024-12-08,44.5783,23,60.1667,33,16.4080,4.1804,15.5884,-0.8196,2010_2024,2010_2024,14
usa_NC_0036_0088,87,1.3220,0.2951,0.1790,358,2010-02-01,2024-12-08,42.2304,23,57.8364,33,18.5080,4.1314,15.6059,-2.9021,2010_2024,2010_2024,14
usa_NC_0036_0089,87,1.2412,0.2957,0.1584,364,2010-02-01,2024-12-08,39.1409,22,51.6939,33,17.3768,4.1398,12.5530,-4.8238,2010_2024,2010_2024,14
usa_NC_0036_0090,88,1.2264,0.2974,0.1509,372,2010-02-01,2024-12-08,39.5190,21,51.1906,32,17.1696,4.1636,11.6716,-5.4980,2010_2024,2010_2024,14
usa_NC_0036_0091,88,1.4679,0.3281,0.1762,364,2010-02-01,2024-12-08,47.0176,17,56.4062,32,20.5506,4.5934,9.3886,-11.1620,2010_2024,2010_2024,14
usa_NC_0036_0092,88,1.6674,0.3436,0.2006,365,2010-02-01,2024-12-08,50.3526,19,60.7281,32,23.3436,4.8104,10.3755,-12.9681,2010_2024,2010_2024,14
usa_NC_0036_0093,88,1.9364,0.3632,0.2309,368,2010-02-01,2024-12-08,47.4211,19,59.4188,32,27.1096,5.0848,11.9977,-15.1119,2010_2024,2010_2024,14
usa_NC_0036_0094,88,2.1624,0.3605,0.2744,370,2010-02-01,2024-12-08,42.7632,19,59.7031,32,30.2736,5.0470,16.9400,-13.3336,2010_2024,2010_2024,14
usa_NC_0036_0095,88,2.2013,0.3521,0.2878,376,2010-02-01,2024-12-08,50.2150,20,66.3250,32,30.8182,4.9294,16.1100,-14.7082,2010_2024,2010_2024,14
usa_NC_0036_0096,88,2.3489,0.3396,0.3363,367,2010-02-01,2024-12-08,52.7235,17,74.2469,32,32.8846,4.7544,21.5233,-11.3613,2010_2024,2010_2024,14
usa_NC_0036_0097,88,2.3546,0.3344,0.3395,375,2010-02-01,2024-12-08,45.7824,17,68.1531,32,32.9644,4.6816,22.3708,-10.5936,2010_2024,2010_2024,14
usa_NC_0036_0098,88,2.4527,0.3280,0.3714,368,2010-02-01,2024-12-08,42.0824,17,69.1937,32,34.3378,4.5920,27.1114,-7.2264,2010_2024,2010_2024,14
usa_NC_0036_0099,88,2.4170,0.3288,0.3609,372,2010-02-01,2024-12-08,47.2300,20,78.7062,32,33.8380,4.6032,31.4762,-2.3618,2010_2024,2010_2024,14
usa_NC_0036_0100,89,2.3291,0.3127,0.3651,375,2010-02-01,2024-12-08,45.4500,22,80.2625,32,32.6074,4.3778,34.8125,2.2051,2010_2024,2010_2024,14
usa_NC_0036_0101,89,2.0924,0.3010,0.3362,371,2010-02-01,2024-12-08,45.1136,22,75.3563,32,29.2936,4.2140,30.2426,0.9490,2010_2024,2010_2024,14
usa_NC_0036_0102,89,1.8364,0.2876,0.3005,369,2010-02-01,2024-12-08,43.6364,22,67.8500,32,25.7096,4.0264,24.2136,-1.4960,2010_2024,2010_2024,14
usa_NC_0036_0103,89,1.6293,0.2863,0.2576,363,2010-02-01,2024-12-08,42.2250,24,63.9645,31,22.8102,4.0082,21.7395,-1.0707,2010_2024,2010_2024,14
usa_NC_0036_0104,89,1.6148,0.2893,0.2539,356,2010-02-01,2024-12-08,40.9455,22,65.2333,30,22.6072,4.0502,24.2879,1.6807,2010_2024,2010_2024,14
usa_NC_0036_0105,89,1.6122,0.2876,0.2550,357,2010-02-01,2024-12-08,37.8217,23,61.5767,30,22.5708,4.0264,23.7549,1.1841,2010_2024,2010_2024,14
usa_NC_0036_0106,89,1.6692,0.2963,0.2613,349,2010-02-01,2024-12-08,31.7045,22,54.0161,31,23.3688,4.1482,22.3116,-1.0572,2010_2024,2010_2024,14
usa_NC_0036_0107,89,1.6139,0.2894,0.2563,351,2010-02-01,2024-12-08,35.4913,23,58.8968,31,22.5946,4.0516,23.4055,0.8109,2010_2024,2010_2024,14
usa_NC_0036_0108,89,1.4968,0.2845,0.2317,357,2010-02-01,2024-12-08,38.5304,23,61.3065,31,20.9552,3.9830,22.7760,1.8208,2010_2024,2010_2024,14
usa_NC_0036_0109,90,1.4203,0.2933,0.1990,367,2010-02-01,2024-12-08,41.7182,22,62.8226,31,19.8842,4.1062,21.1044,1.2202,2010_2024,2010_2024,14
usa_NC_0036_0110,90,1.6303,0.3179,0.2160,371,2010-02-01,2024-12-08,39.3800,20,63.9387,31,22.8242,4.4506,24.5587,1.7345,2010_2024,2010_2024,14
usa_NC_0036_0111,90,1.8392,0.3473,0.2340,357,2010-02-01,2024-12-08,36.6941,17,64.8871,31,25.7488,4.8622,28.1930,2.4442,2010_2024,2010_2024,14
usa_NC_0036_0112,90,1.8913,0.3536,0.2336,365,2010-02-01,2024-12-08,39.4316,19,70.2871,31,26.4782,4.9504,30.8555,4.3773,2010_2024,2010_2024,14
usa_NC_0037_0001,90,2.0205,0.3723,0.2472,349,2010-02-01,2024-12-08,36.7526,19,72.0094,32,28.2870,5.2122,35.2567,6.9697,2010_2024,2010_2024,14
usa_NC_0037_0002,90,1.9816,0.3825,0.2308,348,2010-02-01,2024-12-08,34.6389,18,66.2594,32,27.7424,5.3550,31.6205,3.8781,2010_2024,2010_2024,14
usa_NC_0037_0003,90,2.0914,0.3701,0.2619,350,2010-02-01,2024-12-08,31.5278,18,65.0719,32,29.2796,5.1814,33.5441,4.2645,2010_2024,2010_2024,14
usa_NC_0037_0004,90,2.1448,0.3842,0.2607,344,2010-02-01,2024-12-08,34.8187,16,66.0903,31,30.0272,5.3788,31.2716,1.2444,2010_2024,2010_2024,14
usa_NC_0037_0005,90,2.0963,0.3885,0.2461,347,2010-02-01,2024-12-08,31.6176,17,61.6806,31,29.3482,5.4390,30.0630,0.7148,2010_2024,2010_2024,14
usa_NC_0037_0006,90,2.0051,0.3954,0.2218,351,2010-02-01,2024-12-08,35.9944,18,61.2226,31,28.0714,5.5356,25.2281,-2.8433,2010_2024,2010_2024,14
