transect_id,site,transect_number,domain_number,n_obs,mean_chainage_m,sd_chainage_m,se_chainage_m,min_chainage_m,max_chainage_m,first_date,last_date,n_years,x,y,included,excluded_because
usa_NC_0032_0021,usa_NC_0032,21,1,25,67.116,13.786970902510337,2.757394180502067,31.3,86.1,1995-03-12,1997-08-24,3,452048.67000398395,3898798.949208866,True,
usa_NC_0032_0022,usa_NC_0032,22,1,25,63.048,13.59077873657969,2.718155747315938,29.2,86.3,1995-03-12,1997-08-24,3,452053.25139005395,3898853.754025481,True,
usa_NC_0032_0023,usa_NC_0032,23,1,25,64.26800000000001,12.996112239178812,2.5992224478357624,37.4,92.3,1995-03-12,1997-08-24,3,452056.55421039485,3898909.0497235046,True,
usa_NC_0032_0024,usa_NC_0032,24,1,25,76.416,12.333547745883989,2.4667095491767976,51.7,96.3,1995-03-12,1997-08-24,3,452061.5767223388,3898963.8876939663,True,
usa_NC_0032_0025,usa_NC_0032,25,1,27,53.68148148148148,11.884056450589492,2.2870877302708505,26.9,74.0,1995-03-12,1997-12-30,3,452066.6486738787,3899018.7904446637,True,
usa_NC_0032_0026,usa_NC_0032,26,1,27,60.029629629629625,10.927798526088436,2.103055806895718,38.6,75.5,1995-03-12,1997-12-30,3,452072.3351834824,3899073.570036459,True,
usa_NC_0032_0027,usa_NC_0032,27,1,27,50.58148148148148,9.910446587664532,1.9072663350591752,27.4,66.6,1995-03-12,1997-12-30,3,452077.5909402679,3899124.40703567,True,
usa_NC_0032_0028,usa_NC_0032,28,1,27,48.32222222222223,9.047283201786785,1.7411504639954598,26.0,64.1,1995-03-12,1997-12-30,3,452082.394634022,3899173.5903747184,True,
usa_NC_0032_0029,usa_NC_0032,29,1,27,51.0888888888889,9.6792137845581,1.8627655613528515,30.2,69.7,1995-03-12,1997-12-30,3,452087.74228486826,3899222.5984581346,True,
usa_NC_0032_0030,usa_NC_0032,30,2,27,77.08888888888889,10.148146224551152,1.953011651506764,53.6,98.1,1995-03-12,1997-12-30,3,452094.5908820302,3899271.111180576,True,
usa_NC_0032_0031,usa_NC_0032,31,2,27,76.15185185185186,9.720888308980282,1.8707858273173505,55.9,97.7,1995-03-12,1997-12-30,3,452102.327591642,3899319.332809654,True,
usa_NC_0032_0032,usa_NC_0032,32,2,27,84.14814814814815,10.395981855815196,2.000707640981789,50.3,101.7,1995-03-12,1997-12-30,3,452110.90063468856,3899367.2803207207,True,
usa_NC_0032_0033,usa_NC_0032,33,2,27,67.7851851851852,13.971253555995823,2.6887690004902347,11.2,82.3,1995-03-12,1997-12-30,3,452120.26215199335,3899414.969354482,True,
usa_NC_0032_0034,usa_NC_0032,34,2,27,85.62962962962963,16.452000458555766,3.166188964485006,19.4,100.5,1995-03-12,1997-12-30,3,452128.65038438176,3899462.9895474366,True,
usa_NC_0032_0035,usa_NC_0032,35,2,27,73.28518518518518,15.8152969695045,3.0436553208857653,14.6,98.2,1995-03-12,1997-12-30,3,452135.7605815056,3899511.5985132284,True,
usa_NC_0032_0036,usa_NC_0032,36,2,27,62.31851851851852,16.00245262540996,3.079673443658224,12.9,94.4,1995-03-12,1997-12-30,3,452143.62369734084,3899561.8187955273,True,
usa_NC_0032_0037,usa_NC_0032,37,2,27,58.11481481481482,18.783149234265675,3.614818755544067,-1.2,92.5,1995-03-12,1997-12-30,3,452151.3946449192,3899612.072589091,True,
usa_NC_0032_0038,usa_NC_0032,38,2,27,50.44444444444444,22.016363378411437,4.237051107700821,-20.5,92.1,1995-03-12,1997-12-30,3,452158.8192546086,3899662.4451754475,True,
usa_NC_0032_0039,usa_NC_0032,39,2,27,55.18518518518518,21.45592447685942,4.129194590809022,-13.3,90.7,1995-03-12,1997-12-30,3,452165.70901160233,3899710.7561181253,True,
usa_NC_0032_0040,usa_NC_0032,40,2,27,51.68148148148148,21.128508575947208,4.066183371299479,-13.9,91.6,1995-03-12,1997-12-30,3,452170.64768214925,3899759.1033437783,True,
usa_NC_0032_0041,usa_NC_0032,41,3,27,50.78518518518518,19.369478443073657,3.7276578643904097,-8.9,88.7,1995-03-12,1997-12-30,3,452176.87942542543,3899808.037958012,True,
usa_NC_0032_0042,usa_NC_0032,42,3,27,49.37037037037036,17.259820277494086,3.321653961125257,6.8,89.5,1995-03-12,1997-12-30,3,452182.0261489134,3899858.002807261,True,
usa_NC_0032_0043,usa_NC_0032,43,3,26,47.607692307692304,14.141143463720976,2.773306402539551,24.6,79.3,1995-03-12,1997-12-30,3,452187.95151376387,3899907.6923250547,True,
usa_NC_0032_0044,usa_NC_0032,44,3,26,40.26538461538462,12.547507873922765,2.4607687498496653,18.5,59.4,1995-03-12,1997-12-30,3,452193.6227590289,3899957.446300768,True,
usa_NC_0032_0045,usa_NC_0032,45,3,26,44.63846153846154,12.597748272547024,2.4706217026556567,21.4,61.7,1995-03-12,1997-12-30,3,452202.1445278377,3900006.2511599646,True,
usa_NC_0032_0046,usa_NC_0032,46,3,26,45.96153846153846,13.415843675984808,2.6310634113521885,11.4,65.7,1995-03-12,1997-12-30,3,452212.3233781882,3900054.502453242,True,
usa_NC_0032_0047,usa_NC_0032,47,3,26,40.96923076923077,14.282962416271191,2.8011193874030447,7.2,63.1,1995-03-12,1997-12-30,3,452220.60620512895,3900103.357651702,True,
usa_NC_0032_0048,usa_NC_0032,48,3,26,39.44230769230769,13.636456228123874,2.674329092440673,9.5,58.3,1995-03-12,1997-12-30,3,452229.8258579972,3900151.8948399136,True,
usa_NC_0032_0049,usa_NC_0032,49,3,26,38.70769230769231,14.227098736620144,2.7901636184552836,8.2,62.0,1995-03-12,1997-12-30,3,452239.15176098,3900200.3845915766,True,
usa_NC_0032_0050,usa_NC_0032,50,3,26,38.07692307692307,15.680160909692418,3.0751325559537093,4.1,64.4,1995-03-12,1997-12-30,3,452248.56167789805,3900248.8343431796,True,
usa_NC_0032_0051,usa_NC_0032,51,4,26,34.58461538461538,15.944144813885561,3.126904058982757,7.5,66.3,1995-03-12,1997-12-30,3,452258.2571575872,3900297.1795723718,True,
usa_NC_0032_0052,usa_NC_0032,52,4,28,30.603571428571428,18.09672534614946,3.4199596293250525,0.3,63.1,1995-03-12,1997-12-30,3,452264.9574373918,3900337.8324612663,True,
usa_NC_0032_0053,usa_NC_0032,53,4,28,31.40714285714285,18.932686385101658,3.5779414160969596,-2.6,68.1,1995-03-12,1997-12-30,3,452272.02528852504,3900377.1313198553,True,
usa_NC_0032_0054,usa_NC_0032,54,4,28,23.86785714285714,19.67421801488828,3.7180777219329464,-14.6,63.5,1995-03-12,1997-12-30,3,452279.59015042224,3900414.9904488516,True,
usa_NC_0032_0055,usa_NC_0032,55,4,28,21.824999999999992,19.824108498940824,3.7464043608399553,-16.3,60.7,1995-03-12,1997-12-30,3,452288.6347354851,3900450.600117012,True,
usa_NC_0032_0056,usa_NC_0032,56,4,28,30.35714285714286,19.190322186155857,3.6266300059838397,-7.7,71.6,1995-03-12,1997-12-30,3,452296.2624499833,3900486.7294126814,True,
usa_NC_0032_0057,usa_NC_0032,57,4,28,20.8,18.346298445917277,3.467124511890564,-12.8,65.0,1995-03-12,1997-12-30,3,452303.1827365028,3900523.1442735293,True,
usa_NC_0032_0058,usa_NC_0032,58,4,28,22.310714285714283,17.48640401560096,3.304619739291526,-6.1,67.3,1995-03-12,1997-12-30,3,452310.3829278405,3900559.571554356,True,
usa_NC_0032_0059,usa_NC_0032,59,4,28,24.79642857142857,15.767605848063749,2.979797417490312,-5.6,65.7,1995-03-12,1997-12-30,3,452316.72923577775,3900596.2936545652,True,
usa_NC_0032_0060,usa_NC_0032,60,4,28,25.821428571428573,13.11135660249053,2.4778134943481924,-3.6,58.2,1995-03-12,1997-12-30,3,452322.3213141741,3900633.7397803366,True,
usa_NC_0032_0061,usa_NC_0032,61,4,28,23.42142857142857,11.875070592939714,2.2441773993039154,-7.2,45.6,1995-03-12,1997-12-30,3,452330.64699461055,3900676.341432836,True,
usa_NC_0032_0062,usa_NC_0032,62,4,28,17.642857142857142,11.713064202670154,2.2135610693427346,-11.6,33.4,1995-03-12,1997-12-30,3,452340.8230460396,3900718.5596329155,True,
usa_NC_0032_0063,usa_NC_0032,63,4,28,19.50714285714286,12.190097030313812,2.3037117999969525,-9.3,39.8,1995-03-12,1997-12-30,3,452352.8614960644,3900760.4216655283,True,
usa_NC_0032_0064,usa_NC_0032,64,5,28,25.192857142857143,10.4057294962538,1.9664980326640693,3.9,44.1,1995-03-12,1997-12-30,3,452364.82099076296,3900802.365581164,True,
usa_NC_0032_0065,usa_NC_0032,65,5,28,21.760714285714293,7.953538196379637,1.5030774364766946,6.1,39.5,1995-03-12,1997-12-30,3,452376.6365351465,3900844.403155447,True,
usa_NC_0032_0066,usa_NC_0032,66,5,28,20.2,6.870926402576994,1.2984830384175994,1.8,34.5,1995-03-12,1997-12-30,3,452386.3427325689,3900885.8795141946,True,
usa_NC_0032_0067,usa_NC_0032,67,5,28,15.7,7.412801739533416,1.400887851502315,-4.5,29.7,1995-03-12,1997-12-30,3,452396.1302564323,3900926.329498398,True,
usa_NC_0032_0068,usa_NC_0032,68,5,28,14.632142857142858,9.202417298024695,1.7390934022294502,-3.4,34.1,1995-03-12,1997-12-30,3,452408.32554506743,3900966.3415107336,True,
usa_NC_0032_0069,usa_NC_0032,69,5,28,14.874999999999998,10.857208733439801,2.0518195886428767,-13.5,32.7,1995-03-12,1997-12-30,3,452420.60058233514,3901006.379464903,True,
usa_NC_0032_0070,usa_NC_0032,70,5,28,15.182142857142859,12.313198386177106,2.3269757695447484,-9.3,35.4,1995-03-12,1997-12-30,3,452432.33935752406,3901046.549879281,True,
usa_NC_0032_0071,usa_NC_0032,71,5,28,17.47857142857143,13.36184055692864,2.525150512266426,-11.0,39.8,1995-03-12,1997-12-30,3,452446.45654170366,3901086.3651442793,True,
usa_NC_0032_0072,usa_NC_0032,72,5,28,15.785714285714286,13.981329197811133,2.642222861109603,-14.4,39.9,1995-03-12,1997-12-30,3,452462.3502731054,3901125.969198535,True,
usa_NC_0032_0073,usa_NC_0032,73,5,27,16.496296296296297,14.091663697200048,2.711941942969375,-15.6,46.7,1995-03-12,1997-08-24,3,452481.03970045625,3901164.903386285,True,
usa_NC_0032_0074,usa_NC_0032,74,5,27,17.133333333333333,15.094497214344244,2.904937343327902,-20.0,47.6,1995-03-12,1997-08-24,3,452502.47010031686,3901203.3739362983,True,
usa_NC_0032_0075,usa_NC_0032,75,5,28,10.825000000000001,16.092593764650683,3.0412143608038855,-28.2,43.7,1995-03-12,1997-12-30,3,452521.38952118246,3901242.3600926492,True,
usa_NC_0032_0076,usa_NC_0032,76,5,26,12.542307692307693,17.725939706022313,3.4763427868375745,-22.5,42.4,1995-03-12,1997-12-30,3,452548.0449099424,3901280.5056687566,True,
usa_NC_0032_0077,usa_NC_0032,77,6,25,29.632,15.817203714099826,3.163440742819965,-1.3,53.3,1995-04-29,1997-12-30,3,452578.771781313,3901321.2395066386,True,
usa_NC_0032_0078,usa_NC_0032,78,6,6,139.08333333333331,21.597168024226384,8.817006924751228,99.4,159.2,1995-03-12,1996-09-06,2,452670.5569219505,3901410.9930585083,False,n_obs 6 < min_obs 10
usa_NC_0032_0079,usa_NC_0032,79,6,27,57.83333333333334,9.965864816385057,1.917931578149111,25.1,68.4,1995-03-12,1997-12-30,3,452708.72254100436,3901486.4264763677,True,
usa_NC_0032_0080,usa_NC_0032,80,6,27,72.12962962962963,10.991178799201265,2.115253346143386,38.7,86.8,1995-03-12,1997-12-30,3,452747.04910877906,3901591.7621693164,True,
usa_NC_0032_0081,usa_NC_0032,81,6,27,78.56666666666666,12.065334959805622,2.3219747956355925,49.0,106.8,1995-03-12,1997-12-30,3,452766.6585457094,3901664.7866146034,True,
usa_NC_0032_0082,usa_NC_0032,82,6,27,77.31481481481481,13.714722681615486,2.6393996106972555,43.5,110.5,1995-03-12,1997-12-30,3,452782.9963382987,3901767.8418224226,True,
usa_NC_0032_0083,usa_NC_0032,83,7,27,74.76296296296296,10.069571381457495,1.9378899159028788,50.6,93.3,1995-03-12,1997-12-30,3,452792.1180179225,3901895.328983957,True,
usa_NC_0032_0084,usa_NC_0032,84,7,26,63.00769230769231,10.021493823853731,1.9653766370453751,32.4,82.9,1995-03-12,1997-12-30,3,452797.2471309648,3902021.9470402026,True,
usa_NC_0032_0085,usa_NC_0032,85,7,27,77.72962962962963,6.902441865289683,1.328375556330247,61.7,89.9,1995-03-12,1997-12-30,3,452807.8815787232,3902137.6511532045,True,
usa_NC_0032_0086,usa_NC_0032,86,7,27,59.785185185185185,6.853505767892904,1.318957799995207,43.1,75.0,1995-03-12,1997-12-30,3,452814.49110622815,3902221.3369373907,True,
usa_NC_0032_0088,usa_NC_0032,88,8,27,55.41481481481482,8.813831075849947,1.6962225814112852,36.5,75.7,1995-03-12,1997-12-30,3,452833.42685344594,3902371.8157554916,True,
usa_NC_0032_0089,usa_NC_0032,89,8,27,51.44814814814814,10.007934174381166,1.9260278298703404,30.5,73.6,1995-03-12,1997-12-30,3,452840.8344546613,3902433.4524905523,True,
usa_NC_0032_0090,usa_NC_0032,90,8,27,40.72222222222222,7.940758214782832,1.5281996309582,25.1,56.7,1995-03-12,1997-12-30,3,452850.6796365062,3902518.8000962213,True,
usa_NC_0032_0091,usa_NC_0032,91,8,27,94.16296296296298,6.94290718027831,1.336163109830756,78.3,105.4,1995-03-12,1997-12-30,3,452855.53575856815,3902568.1998544126,True,
usa_NC_0032_0092,usa_NC_0032,92,8,27,60.574074074074076,7.791691462093184,1.499511721027336,43.8,73.7,1995-03-12,1997-12-30,3,452859.99494760396,3902618.953238808,True,
usa_NC_0032_0093,usa_NC_0032,93,8,27,67.95185185185186,6.8179835937687825,1.3121215543976195,55.1,81.3,1995-03-12,1997-12-30,3,452864.7980630923,3902669.6808717195,True,
usa_NC_0032_0094,usa_NC_0032,94,8,27,36.75185185185185,8.201189893516409,1.578319730898979,24.5,50.6,1995-03-12,1997-12-30,3,452871.6931169038,3902720.3010829804,True,
usa_NC_0032_0095,usa_NC_0032,95,8,27,85.03703703703705,9.492594204396642,1.8268506064054275,70.3,103.4,1995-03-12,1997-12-30,3,452876.62534962705,3902770.9984681807,True,
usa_NC_0032_0096,usa_NC_0032,96,9,27,43.31851851851852,7.954681110324383,1.5308790934544712,29.2,57.9,1995-03-12,1997-12-30,3,452882.8626879791,3902821.6217021896,True,
usa_NC_0032_0097,usa_NC_0032,97,9,27,65.57407407407408,8.56812485511057,1.6489363971828035,48.9,82.4,1995-03-12,1997-12-30,3,452888.8801983929,3902872.2417646036,True,
usa_NC_0032_0098,usa_NC_0032,98,9,27,59.21481481481482,8.880995426869658,1.7091483667916776,34.2,75.2,1995-03-12,1997-12-30,3,452893.53692201537,3902922.0775102843,True,
usa_NC_0032_0099,usa_NC_0032,99,9,27,54.325925925925915,8.322240480164377,1.6016159271612342,30.1,68.7,1995-03-12,1997-12-30,3,452898.90457637433,3902971.3337960723,True,
usa_NC_0032_0100,usa_NC_0032,100,9,27,52.12962962962962,8.226075558145519,1.5831089792898387,29.3,61.9,1995-03-12,1997-12-30,3,452905.5527846058,3903020.534207727,True,
usa_NC_0032_0101,usa_NC_0032,101,9,27,51.59259259259258,7.5160303519020095,1.4464607156360076,37.6,67.7,1995-03-12,1997-12-30,3,452915.7012245984,3903088.034846738,True,
usa_NC_0032_0102,usa_NC_0032,102,9,27,55.07037037037038,8.929889947414496,1.7185581216578307,37.9,69.0,1995-03-12,1997-12-30,3,452925.33663547033,3903160.6293463693,True,
usa_NC_0032_0103,usa_NC_0032,103,9,27,57.851851851851855,8.45769428346713,1.6276840237611023,39.7,71.0,1995-03-12,1997-12-30,3,452934.1470148151,3903219.4895082675,True,
usa_NC_0032_0104,usa_NC_0032,104,9,27,56.05925925925926,7.405416897798491,1.425173146468454,38.2,70.0,1995-03-12,1997-12-30,3,452942.1191384518,3903270.072151345,True,
usa_NC_0032_0105,usa_NC_0032,105,10,27,59.63333333333334,7.061215846493381,1.3589316232596682,41.9,76.0,1995-03-12,1997-12-30,3,452948.99125535437,3903320.690925338,True,
usa_NC_0032_0106,usa_NC_0032,106,10,27,58.818518518518516,7.557270418764713,1.4543973702042008,47.9,75.3,1995-03-12,1997-12-30,3,452954.4761254165,3903371.3648332455,True,
usa_NC_0032_0107,usa_NC_0032,107,10,27,66.29629629629629,8.516928007096379,1.6390835591885857,50.4,85.8,1995-03-12,1997-12-30,3,452961.71056409675,3903421.9094754667,True,
usa_NC_0032_0108,usa_NC_0032,108,10,26,62.957692307692305,8.919783543424048,1.7493134748055006,43.3,81.4,1995-03-12,1997-12-30,3,452970.1372266157,3903472.2801100467,True,
usa_NC_0032_0109,usa_NC_0032,109,10,26,65.4923076923077,8.676816147731751,1.7016636481977376,34.0,76.4,1995-03-12,1997-12-30,3,452979.24215112615,3903522.843557573,True,
usa_NC_0032_0110,usa_NC_0032,110,10,25,78.1,5.507948801504965,1.101589760300993,66.5,88.3,1995-03-12,1997-08-24,3,452990.078139649,3903573.4454476126,True,
usa_NC_0032_0111,usa_NC_0032,111,10,26,62.98461538461539,9.25365624205664,1.8147912980894805,30.3,80.3,1995-03-12,1997-12-30,3,452995.3744690543,3903624.3666400816,True,
usa_NC_0032_0112,usa_NC_0032,112,10,26,64.28076923076922,7.626166493371055,1.495614298600249,51.2,81.6,1995-03-12,1997-12-30,3,453002.584741521,3903675.177640648,True,
usa_NC_0032_0113,usa_NC_0032,113,10,26,63.53846153846154,8.831628476020803,1.7320248436935304,45.1,78.6,1995-03-12,1997-12-30,3,453010.6535706741,3903725.9353865297,True,
usa_NC_0032_0114,usa_NC_0032,114,10,26,63.465384615384615,9.25755658076978,1.8155562174436313,46.8,83.1,1995-03-12,1997-12-30,3,453017.96293009823,3903776.740210317,True,
usa_NC_0032_0115,usa_NC_0032,115,11,25,65.504,10.647240644098044,2.1294481288196088,44.6,84.4,1995-03-12,1997-08-24,3,453025.2353252363,3903827.547971662,True,
usa_NC_0032_0116,usa_NC_0032,116,11,25,66.788,9.390878553149328,1.8781757106298655,51.3,84.3,1995-03-12,1997-08-24,3,453035.6667400781,3903878.141675146,True,
usa_NC_0032_0117,usa_NC_0032,117,11,25,70.264,6.7441876209567795,1.348837524191356,56.6,81.8,1995-03-12,1997-08-24,3,453045.8209588774,3903928.7448120415,True,
usa_NC_0032_0118,usa_NC_0032,118,11,25,71.36800000000001,7.1777851737148,1.43555703474296,56.7,83.8,1995-03-12,1997-08-24,3,453054.02462270367,3903979.478023481,True,
usa_NC_0032_0119,usa_NC_0032,119,11,24,70.42083333333333,7.40017503709947,1.5105544040146066,52.1,81.3,1995-03-12,1997-08-24,3,453063.1487001585,3904030.141631438,True,
usa_NC_0032_0120,usa_NC_0032,120,11,24,71.2375,7.640328498514799,1.5595755240505,43.6,81.6,1995-03-12,1997-08-24,3,453074.28342273383,3904080.649733294,True,
usa_NC_0032_0121,usa_NC_0032,121,11,26,73.12692307692308,8.614850326839472,1.6895111508936789,51.5,85.9,1995-03-12,1997-12-30,3,453081.45359342033,3904131.447930142,True,
usa_NC_0032_0122,usa_NC_0032,122,11,26,68.75,8.480341974236653,1.66313189263741,53.6,82.2,1995-03-12,1997-12-30,3,453087.5632007671,3904182.405912412,True,
usa_NC_0032_0123,usa_NC_0032,123,11,26,69.54615384615384,8.640843975873224,1.6946089248803167,49.5,83.0,1995-03-12,1997-12-30,3,453095.99673491396,3904233.174155838,True,
usa_NC_0032_0124,usa_NC_0032,124,11,27,74.34074074074074,7.42626623542613,1.4291856033657016,58.7,87.3,1995-03-12,1997-12-30,3,453102.71756008145,3904283.7788319583,True,
usa_NC_0032_0125,usa_NC_0032,125,12,27,76.42592592592592,8.432427909910672,1.6228215079030133,56.7,90.2,1995-03-12,1997-12-30,3,453110.00813515345,3904334.32903118,True,
usa_NC_0032_0126,usa_NC_0032,126,12,27,69.85185185185185,8.451598409148156,1.6265108722014334,53.5,87.3,1995-03-12,1997-12-30,3,453117.8290536051,3904384.8259144155,True,
usa_NC_0032_0127,usa_NC_0032,127,12,24,75.15833333333333,8.0174221524761,1.6365494438377364,61.5,94.1,1995-03-12,1997-08-24,3,453128.2259994363,3904435.094745498,True,
usa_NC_0032_0128,usa_NC_0032,128,12,24,75.2,7.163008840715884,1.4621430568998985,60.3,91.8,1995-03-12,1997-08-24,3,453137.67890068574,3904485.4276082255,True,
usa_NC_0032_0129,usa_NC_0032,129,12,25,70.44800000000001,7.621686165147447,1.5243372330294895,55.0,85.5,1995-03-12,1997-12-30,3,453145.22455692093,3904535.911761806,True,
usa_NC_0032_0130,usa_NC_0032,130,12,27,71.74814814814815,7.470473693680823,1.437693332673547,60.4,88.8,1995-03-12,1997-12-30,3,453151.6914309463,3904586.4812229564,True,
usa_NC_0032_0131,usa_NC_0032,131,12,27,71.15925925925926,6.758086851449744,1.3005944209637934,58.7,85.4,1995-03-12,1997-12-30,3,453160.9174284986,3904636.796853459,True,
usa_NC_0032_0132,usa_NC_0032,132,12,27,70.34444444444443,6.493092977176317,1.2495963260820049,58.4,83.5,1995-03-12,1997-12-30,3,453169.88809176954,3904686.7028930536,True,
usa_NC_0032_0133,usa_NC_0032,133,12,27,69.77777777777777,7.321692392280592,1.409060357868945,51.5,82.8,1995-03-12,1997-12-30,3,453177.6648260494,3904734.7043082044,True,
usa_NC_0032_0134,usa_NC_0032,134,12,27,71.52962962962962,7.64404317173811,1.4710967943000395,54.3,86.1,1995-03-12,1997-12-30,3,453183.96420285245,3904782.850274293,True,
usa_NC_0032_0135,usa_NC_0032,135,13,27,69.32962962962962,8.982710521835173,1.7287234459446736,53.4,84.5,1995-03-12,1997-12-30,3,453191.06052179524,3904830.9406144554,True,
usa_NC_0032_0136,usa_NC_0032,136,13,26,68.96153846153847,8.666167638492897,1.6995753037208303,53.8,84.1,1995-03-12,1997-12-30,3,453199.7400100664,3904878.915473981,True,
usa_NC_0032_0137,usa_NC_0032,137,13,26,68.83076923076923,7.83212713026387,1.5360065026982668,54.7,85.3,1995-03-12,1997-12-30,3,453206.4724058143,3904927.067297765,True,
usa_NC_0032_0138,usa_NC_0032,138,13,26,67.53461538461539,7.679528230702316,1.5060793962899148,49.9,80.4,1995-03-12,1997-12-30,3,453214.74211905,3904975.1120417025,True,
usa_NC_0032_0139,usa_NC_0032,139,13,26,69.8576923076923,7.519849630247833,1.4747638463045074,58.0,82.0,1995-03-12,1997-12-30,3,453224.56471808994,3905023.05765211,True,
usa_NC_0032_0140,usa_NC_0032,140,13,26,63.65384615384615,7.220372886173166,1.4160316246928166,50.9,79.8,1995-03-12,1997-12-30,3,453232.2397369743,3905071.188028023,True,
usa_NC_0032_0141,usa_NC_0032,141,13,26,62.58846153846154,7.276115827724401,1.4269637149510785,48.8,80.1,1995-03-12,1997-12-30,3,453239.5450561428,3905119.6574278753,True,
usa_NC_0032_0142,usa_NC_0032,142,13,26,60.29615384615385,7.71681181676634,1.513391309092883,45.3,71.4,1995-03-12,1997-12-30,3,453248.1942795662,3905168.108335779,True,
usa_NC_0032_0143,usa_NC_0032,143,13,26,54.75384615384615,7.0217508226499055,1.377078633241464,41.3,64.6,1995-03-12,1997-12-30,3,453255.61508639005,3905216.6602406134,True,
usa_NC_0032_0144,usa_NC_0032,144,13,26,58.63461538461539,7.160052642694314,1.4042018516711499,47.0,73.1,1995-03-12,1997-12-30,3,453263.8472609862,3905265.1684999224,True,
usa_NC_0032_0145,usa_NC_0032,145,13,26,53.223076923076924,8.602758055056887,1.6871396612866378,37.9,77.7,1995-03-12,1997-12-30,3,453274.35448182217,3905313.538973425,True,
usa_NC_0032_0146,usa_NC_0032,146,14,26,64.75384615384615,7.7518116989117205,1.520255350709527,44.4,84.1,1995-03-12,1997-12-30,3,453284.10118485824,3905361.9799190974,True,
usa_NC_0032_0147,usa_NC_0032,147,14,26,58.95,7.775975823007682,1.5249943253362266,39.8,76.1,1995-03-12,1997-12-30,3,453294.73092892504,3905411.027069674,True,
usa_NC_0032_0148,usa_NC_0032,148,14,25,56.748000000000005,8.175273695724199,1.6350547391448398,35.9,69.9,1995-03-12,1997-08-24,3,453307.7596503437,3905460.341038322,True,
usa_NC_0032_0149,usa_NC_0032,149,14,25,60.75599999999999,7.10950537426245,1.42190107485249,47.0,77.1,1995-03-12,1997-08-24,3,453319.8235470778,3905509.712544348,True,
usa_NC_0032_0150,usa_NC_0032,150,14,25,62.02400000000001,7.580747544492782,1.5161495088985564,43.8,73.7,1995-03-12,1997-08-24,3,453330.1523005542,3905559.1952960202,True,
usa_NC_0032_0151,usa_NC_0032,151,14,25,64.86399999999999,8.89961984206816,1.779923968413632,43.2,80.6,1995-03-12,1997-08-24,3,453341.1726907278,3905608.631765091,True,
usa_NC_0032_0152,usa_NC_0032,152,14,25,66.364,9.23286160046458,1.8465723200929158,38.8,78.6,1995-03-12,1997-08-24,3,453351.3070657704,3905658.124590946,True,
usa_NC_0032_0153,usa_NC_0032,153,14,25,67.43599999999999,10.059609004992854,2.0119218009985707,41.6,84.2,1995-03-12,1997-08-24,3,453360.51571187977,3905707.6765799243,True,
usa_NC_0032_0154,usa_NC_0032,154,14,25,63.87200000000001,10.043966679886323,2.0087933359772645,46.2,85.5,1995-03-12,1997-08-24,3,453367.9322981423,3905757.3445467805,True,
usa_NC_0032_0155,usa_NC_0032,155,14,25,64.51599999999999,9.706427423791585,1.941285484758317,49.5,86.4,1995-03-12,1997-08-24,3,453377.9428695079,3905806.842076569,True,
usa_NC_0032_0156,usa_NC_0032,156,15,25,64.48,10.585406621067202,2.1170813242134403,45.1,84.0,1995-03-12,1997-08-24,3,453387.4897395242,3905856.3687440674,True,
usa_NC_0032_0157,usa_NC_0032,157,15,25,61.16,10.797491992742266,2.159498398548453,41.9,83.2,1995-03-12,1997-08-24,3,453393.41218382854,3905906.13191257,True,
usa_NC_0032_0158,usa_NC_0032,158,15,26,60.00384615384616,9.708449135437885,1.9039835226277222,40.6,79.0,1995-03-12,1997-08-24,3,453400.3698444216,3905955.8265834106,True,
usa_NC_0032_0159,usa_NC_0032,159,15,26,65.04230769230769,7.744064724777193,1.518736044083248,50.8,80.5,1995-03-12,1997-08-24,3,453409.0220029185,3906005.397289811,True,
usa_NC_0032_0160,usa_NC_0032,160,15,26,59.07307692307692,6.388524567836157,1.2528927474793645,49.0,69.4,1995-03-12,1997-08-24,3,453415.95539747656,3906055.0791143053,True,
usa_NC_0032_0161,usa_NC_0032,161,15,26,52.88461538461539,7.984569734566406,1.5659029570844796,38.6,65.4,1995-03-12,1997-08-24,3,453422.87740586186,3906104.7611561758,True,
usa_NC_0032_0162,usa_NC_0032,162,15,26,46.426923076923075,6.607181407668943,1.2957748818288994,33.3,59.7,1995-03-12,1997-08-24,3,453430.47323733434,3906154.398283296,True,
usa_NC_0032_0163,usa_NC_0032,163,15,26,51.30384615384616,6.622113304330018,1.2987032676923522,37.0,63.2,1995-03-12,1997-08-24,3,453439.2449497436,3906203.9572691834,True,
usa_NC_0032_0164,usa_NC_0032,164,15,27,42.448148148148135,8.897725308724453,1.712368034055803,26.5,55.6,1995-03-12,1997-12-30,3,453446.73138982203,3906253.6003450234,True,
usa_NC_0032_0165,usa_NC_0032,165,15,27,36.53703703703704,9.577664246654944,1.843222343671362,17.5,54.9,1995-03-12,1997-12-30,3,453452.8702776749,3906303.331844979,True,
usa_NC_0032_0166,usa_NC_0032,166,16,27,36.05185185185186,8.688426004676936,1.672088364211458,21.6,57.5,1995-03-12,1997-12-30,3,453460.4609415676,3906352.970133471,True,
usa_NC_0032_0167,usa_NC_0032,167,16,27,34.44444444444445,7.009791686432592,1.3490350390416859,22.2,52.8,1995-03-12,1997-12-30,3,453468.24980613217,3906402.5955266613,True,
usa_NC_0032_0168,usa_NC_0032,168,16,27,35.49629629629629,7.765331311049798,1.4944387075937435,21.8,53.9,1995-03-12,1997-12-30,3,453476.251388402,3906452.206365243,True,
usa_NC_0032_0169,usa_NC_0032,169,16,27,30.94814814814815,8.85608744877132,1.7043548241716624,10.0,49.2,1995-03-12,1997-12-30,3,453484.35702782753,3906501.809800209,True,
usa_NC_0032_0170,usa_NC_0032,170,16,26,31.93846153846154,9.53759201992104,1.8704756854717006,8.6,55.8,1995-03-12,1997-12-30,3,453492.3991807575,3906551.4169292026,True,
usa_NC_0032_0171,usa_NC_0032,171,16,26,32.56923076923077,11.00933310353608,2.159107858714365,6.7,55.8,1995-03-12,1997-12-30,3,453501.290951697,3906600.9671334084,True,
usa_NC_0032_0172,usa_NC_0032,172,16,26,33.42692307692308,11.312243197255183,2.218513415588901,10.0,57.4,1995-03-12,1997-12-30,3,453510.1915187076,3906650.5161358872,True,
usa_NC_0032_0173,usa_NC_0032,173,16,26,32.357692307692304,11.220202246908851,2.2004627001325323,8.1,58.8,1995-03-12,1997-12-30,3,453517.44695374905,3906700.2067135773,True,
usa_NC_0032_0174,usa_NC_0032,174,16,26,31.442307692307686,11.304766183408592,2.2170470525309325,6.4,52.5,1995-03-12,1997-12-30,3,453523.32715003187,3906750.6240058285,True,
usa_NC_0032_0175,usa_NC_0032,175,16,25,34.264,11.481248480312003,2.2962496960624006,8.3,53.4,1995-03-12,1997-12-30,3,453532.0716586476,3906800.8634517,True,
usa_NC_0032_0176,usa_NC_0032,176,17,25,30.355999999999995,11.690775565946568,2.3381551131893135,7.1,48.4,1995-03-12,1997-08-24,3,453538.3157592957,3906851.2661288055,True,
usa_NC_0032_0177,usa_NC_0032,177,17,25,22.224,10.556880852474055,2.111376170494811,1.2,43.9,1995-03-12,1997-08-24,3,453544.75525692606,3906901.6481850916,True,
usa_NC_0032_0178,usa_NC_0032,178,17,25,33.907999999999994,10.290769326602035,2.0581538653204072,5.9,52.4,1995-03-12,1997-08-24,3,453553.8362720512,3906951.829432817,True,
usa_NC_0032_0179,usa_NC_0032,179,17,25,19.715999999999998,9.696892973181324,1.9393785946362647,1.4,40.5,1995-03-12,1997-08-24,3,453562.8857540133,3907001.9987742538,True,
usa_NC_0032_0180,usa_NC_0032,180,17,27,19.31851851851852,8.23365686758353,1.584568002971454,4.7,40.2,1995-03-12,1997-08-24,3,453574.00746753457,3907051.996343207,True,
usa_NC_0032_0181,usa_NC_0032,181,17,27,22.53703703703704,7.6437077263765,1.4710322378100982,6.4,39.8,1995-03-12,1997-08-24,3,453583.54294811573,3907102.0968764005,True,
usa_NC_0032_0182,usa_NC_0032,182,17,27,23.818518518518523,7.698203438617102,1.4815199425206955,9.6,40.2,1995-03-12,1997-08-24,3,453593.12272493704,3907152.178399181,True,
usa_NC_0032_0183,usa_NC_0032,183,17,27,28.91111111111111,7.281553793046209,1.4013356808446564,18.4,43.7,1995-03-12,1997-08-24,3,453604.42884550634,3907202.105957267,True,
usa_NC_0032_0184,usa_NC_0032,184,17,27,26.81111111111111,6.538720960162759,1.258377435501939,17.2,39.5,1995-03-12,1997-08-24,3,453613.5525900617,3907252.1906848936,True,
usa_NC_0032_0185,usa_NC_0032,185,17,26,24.215384615384615,7.161826153025069,1.4045496656628451,11.9,40.5,1995-03-12,1997-08-24,3,453620.8023930023,3907302.4160727365,True,
usa_NC_0032_0186,usa_NC_0032,186,18,26,27.207692307692305,8.394041842970433,1.6462070444315609,12.8,44.5,1995-03-12,1997-08-24,3,453631.14441870496,3907352.3716201917,True,
usa_NC_0032_0187,usa_NC_0032,187,18,26,26.907692307692308,8.134810290445529,1.5953675542445056,9.2,41.2,1995-03-12,1997-08-24,3,453641.16092616384,3907402.337139794,True,
usa_NC_0032_0188,usa_NC_0032,188,18,27,28.040740740740738,8.786627044253944,1.69098716308962,9.0,42.8,1995-03-12,1997-08-24,3,453651.6223910394,3907452.2469690265,True,
usa_NC_0032_0189,usa_NC_0032,189,18,27,21.75925925925926,9.701437611915656,1.8670425389219547,3.6,35.1,1995-03-12,1997-08-24,3,453660.3841741901,3907502.2886332753,True,
usa_NC_0032_0190,usa_NC_0032,190,18,27,21.38148148148148,8.983918839838086,1.7289559868527564,0.7,34.8,1995-03-12,1997-08-24,3,453668.7947877126,3907552.374619169,True,
usa_NC_0032_0191,usa_NC_0032,191,18,28,21.696428571428577,8.659376512619232,1.636468340090304,4.9,42.6,1995-03-12,1997-12-30,3,453676.02875818434,3907602.6753682485,True,
usa_NC_0032_0192,usa_NC_0032,192,18,28,16.442857142857143,8.632944159886874,1.631473094954864,2.3,36.2,1995-03-12,1997-12-30,3,453683.4533507998,3907652.906290295,True,
usa_NC_0032_0193,usa_NC_0032,193,18,28,34.714285714285715,7.909053147698635,1.494670552485942,17.9,49.4,1995-03-12,1997-12-30,3,453690.33406219905,3907703.177037883,True,
usa_NC_0032_0194,usa_NC_0032,194,18,28,39.2,7.9334267034654875,1.4992767215663318,25.0,52.2,1995-03-12,1997-12-30,3,453699.18005781,3907753.2488599657,True,
usa_NC_0032_0195,usa_NC_0032,195,18,28,37.739285714285714,8.258613428850861,1.5607312362112713,22.7,53.7,1995-03-12,1997-12-30,3,453708.11217784596,3907803.296068982,True,
usa_NC_0032_0196,usa_NC_0032,196,19,28,30.15357142857143,8.895836818333208,1.6811551375086957,15.7,46.8,1995-03-12,1997-12-30,3,453715.35503393435,3907853.494726812,True,
usa_NC_0032_0197,usa_NC_0032,197,19,27,39.048148148148144,8.862078692182706,1.7055078395037773,23.6,57.3,1995-03-12,1997-12-30,3,453723.34288297675,3907903.607063676,True,
usa_NC_0032_0198,usa_NC_0032,198,19,27,29.977777777777778,8.402121221789235,1.6169889830546273,14.8,49.0,1995-03-12,1997-12-30,3,453732.71157821605,3907953.564274226,True,
usa_NC_0032_0199,usa_NC_0032,199,19,27,20.11851851851852,8.662875567928534,1.6671711803665903,7.3,40.1,1995-03-12,1997-12-30,3,453739.9156468337,3908003.7450974365,True,
usa_NC_0032_0200,usa_NC_0032,200,19,27,8.151851851851852,8.056978359465806,1.5505662082308573,-2.2,24.5,1995-03-12,1997-12-30,3,453747.71183037566,3908053.8600257365,True,
usa_NC_0032_0201,usa_NC_0032,201,19,27,13.85185185185185,7.930339519861989,1.5261945521858156,-0.1,29.2,1995-03-12,1997-12-30,3,453755.5517486723,3908103.9643520038,True,
usa_NC_0032_0202,usa_NC_0032,202,19,27,7.470370370370371,10.024117640617277,1.9291423393996203,-7.6,33.3,1995-03-12,1997-12-30,3,453762.45382695115,3908154.164886491,True,
usa_NC_0032_0203,usa_NC_0032,203,19,27,7.651851851851852,11.222551827265914,2.1597811061555006,-8.1,44.8,1995-03-12,1997-12-30,3,453771.7391269541,3908204.098732118,True,
usa_NC_0032_0204,usa_NC_0032,204,19,27,3.440740740740741,11.750753143105314,2.2614334967842313,-17.8,34.1,1995-03-12,1997-12-30,3,453779.84984329564,3908254.1537186624,True,
usa_NC_0032_0205,usa_NC_0032,205,19,27,7.537037037037037,12.583938118709046,2.4217800201007535,-19.0,29.2,1995-03-12,1997-12-30,3,453788.48839423177,3908304.141693822,True,
usa_NC_0032_0206,usa_NC_0032,206,20,27,25.888888888888886,14.353432538630807,2.76231937999121,-3.0,50.6,1995-03-12,1997-12-30,3,453798.0570971718,3908354.0136455307,True,
usa_NC_0032_0207,usa_NC_0032,207,20,27,10.329629629629629,15.458649926492853,2.975018565456279,-15.9,33.9,1995-03-12,1997-12-30,3,453808.25091235514,3908403.8008077675,True,
usa_NC_0032_0208,usa_NC_0032,208,20,28,13.507142857142858,15.508681644459864,2.9308653424080737,-20.3,34.5,1995-03-12,1997-12-30,3,453818.9416511091,3908453.5153452754,True,
usa_NC_0032_0209,usa_NC_0032,209,20,27,23.15555555555556,16.548770192125904,3.184812308393715,-13.5,47.0,1995-03-12,1997-12-30,3,453831.0766748737,3908503.048539357,True,
usa_NC_0032_0210,usa_NC_0032,210,20,27,38.37407407407408,17.21237463152137,3.312523042300516,4.2,61.8,1995-03-12,1997-12-30,3,453844.7769526399,3908552.3714645784,True,
usa_NC_0032_0211,usa_NC_0032,211,20,27,26.97407407407407,18.53065220722334,3.566225680033243,-8.9,54.1,1995-03-12,1997-12-30,3,453856.94106281473,3908601.8467789744,True,
usa_NC_0032_0212,usa_NC_0032,212,20,27,45.94444444444444,18.505162134956443,3.5613201133382573,7.8,77.4,1995-03-12,1997-12-30,3,453868.3064218559,3908651.6821310604,True,
usa_NC_0032_0213,usa_NC_0032,213,20,27,45.7074074074074,18.404074087547652,3.5418657095438175,12.6,82.6,1995-03-12,1997-12-30,3,453879.15783937793,3908701.4200161053,True,
usa_NC_0032_0214,usa_NC_0032,214,20,27,75.84444444444445,18.26165240929606,3.51445664478482,41.6,114.7,1995-03-12,1997-12-30,3,453890.8567731012,3908751.0284063737,True,
usa_NC_0033_0001,usa_NC_0033,1,20,29,48.46551724137932,20.558788108079387,3.817671110240154,-10.1,86.3,1995-03-12,1997-12-30,3,453900.11359877285,3908800.9352767295,True,
usa_NC_0033_0002,usa_NC_0033,2,21,29,44.63103448275862,18.989002521163886,3.5261692448124187,-16.6,79.3,1995-03-12,1997-12-30,3,453910.8414569587,3908850.6271054493,True,
usa_NC_0033_0003,usa_NC_0033,3,21,29,36.42413793103448,17.151273488170194,3.1849115305528684,-18.8,64.7,1995-03-12,1997-12-30,3,453921.9238915821,3908900.2590646753,True,
usa_NC_0033_0004,usa_NC_0033,4,21,29,33.52758620689655,15.668665194122863,2.909598082005647,-15.7,56.2,1995-03-12,1997-12-30,3,453931.1206532712,3908950.1378402086,True,
usa_NC_0033_0005,usa_NC_0033,5,21,30,37.79333333333333,14.05172546364848,2.5654823361033374,-8.7,61.3,1995-03-12,1997-12-30,3,453940.99869117205,3908999.9157306375,True,
usa_NC_0033_0006,usa_NC_0033,6,21,30,35.82666666666667,13.44921311204984,2.455479134054651,-8.4,56.2,1995-03-12,1997-12-30,3,453951.44205595116,3909049.6050896305,True,
usa_NC_0033_0007,usa_NC_0033,7,21,30,36.593333333333334,13.90626089047746,2.5389242600887942,-11.7,57.0,1995-03-12,1997-12-30,3,453962.2101184186,3909099.2371512903,True,
usa_NC_0033_0008,usa_NC_0033,8,21,30,41.013333333333335,12.165857633312294,2.2211715523871858,7.0,60.1,1995-03-12,1997-12-30,3,453974.96627946716,3909148.567359308,True,
usa_NC_0033_0009,usa_NC_0033,9,21,30,44.74,11.987884688732407,2.1886782869298456,18.4,65.9,1995-03-12,1997-12-30,3,453986.3341996337,3909198.0829490037,True,
usa_NC_0033_0010,usa_NC_0033,10,21,30,45.89000000000001,11.01210462517779,2.0105260362722825,18.9,63.4,1995-03-12,1997-12-30,3,453997.5487064741,3909247.337865479,True,
usa_NC_0033_0011,usa_NC_0033,11,21,30,42.953333333333326,10.620043942156421,1.9389458762717204,18.1,58.4,1995-03-12,1997-12-30,3,454008.7295083664,3909296.5741853463,True,
usa_NC_0033_0012,usa_NC_0033,12,21,30,44.41,12.945065628954186,2.3634348177876694,6.8,61.2,1995-03-12,1997-12-30,3,454020.635448664,3909345.6932663177,True,
usa_NC_0033_0013,usa_NC_0033,13,22,30,44.300000000000004,12.18563314614443,2.2247820505419833,9.3,60.1,1995-03-12,1997-12-30,3,454032.8259705132,3909394.759775567,True,
usa_NC_0033_0014,usa_NC_0033,14,22,29,50.06896551724139,12.049187982369714,2.2374780371450136,20.6,71.7,1995-03-12,1997-10-11,3,454045.46229406656,3909443.74804153,True,
usa_NC_0033_0015,usa_NC_0033,15,22,29,52.81724137931034,13.701617969253464,2.5443265823732926,22.5,81.1,1995-03-12,1997-10-11,3,454058.3921189888,3909492.680094723,True,
usa_NC_0033_0016,usa_NC_0033,16,22,29,52.7551724137931,14.180207186852702,2.633198368983274,22.4,77.7,1995-03-12,1997-10-11,3,454071.26301318075,3909541.6098317374,True,
usa_NC_0033_0017,usa_NC_0033,17,22,29,55.85517241379311,14.346666765860295,2.664109136799899,24.5,84.6,1995-03-12,1997-10-11,3,454084.3319372974,3909590.6040341123,True,
usa_NC_0033_0018,usa_NC_0033,18,22,29,57.734482758620686,14.539656997871841,2.6999465231981503,27.4,86.7,1995-03-12,1997-10-11,3,454097.7128427437,3909639.599481764,True,
usa_NC_0033_0019,usa_NC_0033,19,22,29,57.45862068965518,14.822003846631421,2.7523770167617854,29.7,88.3,1995-03-12,1997-10-11,3,454110.86068427225,3909688.6130908863,True,
usa_NC_0033_0020,usa_NC_0033,20,22,29,58.665517241379305,15.684871597954986,2.912607535645887,24.9,88.9,1995-03-12,1997-10-11,3,454122.962638066,3909737.777977127,True,
usa_NC_0033_0021,usa_NC_0033,21,22,29,60.90344827586207,16.27556193365248,3.0222959772911495,25.3,89.8,1995-03-12,1997-10-11,3,454134.47757387644,3909787.0242659473,True,
usa_NC_0033_0022,usa_NC_0033,22,22,29,65.2,16.246098432722683,3.016824742522111,30.8,99.1,1995-03-12,1997-10-11,3,454146.4162955664,3909836.188127908,True,
usa_NC_0033_0023,usa_NC_0033,23,23,29,73.56551724137931,15.517968291676517,2.8816143697436387,42.3,105.5,1995-03-12,1997-10-11,3,454158.29680586857,3909885.3503645654,True,
usa_NC_0033_0024,usa_NC_0033,24,23,29,80.96206896551726,15.46896463875569,2.872514619842595,45.3,109.4,1995-03-12,1997-10-11,3,454170.70416727965,3909934.4122599224,True,
usa_NC_0033_0025,usa_NC_0033,25,23,29,84.15172413793105,14.813305329274936,2.750761742639634,44.0,111.9,1995-03-12,1997-10-11,3,454181.57988603157,3909983.722943535,True,
usa_NC_0033_0026,usa_NC_0033,26,23,28,86.21785714285714,13.284941449331617,2.510617946927532,55.2,111.1,1995-03-12,1997-10-11,3,454194.51623812097,3910032.6550335847,True,
usa_NC_0033_0027,usa_NC_0033,27,23,29,85.7241379310345,15.214529126848593,2.8252671314147553,44.4,115.8,1995-03-12,1997-10-11,3,454204.69639714767,3910081.8790668277,True,
usa_NC_0033_0028,usa_NC_0033,28,23,29,87.15862068965517,14.641636258126034,2.7188835964180984,55.4,116.2,1995-03-12,1997-10-11,3,454215.16536248603,3910131.0496432954,True,
usa_NC_0033_0029,usa_NC_0033,29,23,29,110.16551724137932,14.67960869131222,2.7259349002400124,76.7,138.1,1995-03-12,1997-10-11,3,454225.76282682904,3910180.1940480815,True,
usa_NC_0033_0030,usa_NC_0033,30,23,28,106.07857142857144,14.004135821457178,2.6465329078533517,78.0,131.0,1995-03-12,1997-10-11,3,454236.48156192986,3910229.3131993623,True,
usa_NC_0033_0031,usa_NC_0033,31,23,29,105.33793103448275,13.570751473905284,2.520025284263567,75.7,131.3,1995-03-12,1997-12-30,3,454245.6819522991,3910278.6976759573,True,
usa_NC_0033_0032,usa_NC_0033,32,23,29,107.43103448275862,13.192749725519581,2.4498321217655668,74.4,127.8,1995-03-12,1997-12-30,3,454255.2915750085,3910328.0079882513,True,
usa_NC_0033_0033,usa_NC_0033,33,24,29,107.77931034482759,13.453342104960518,2.4982229117922143,73.8,131.3,1995-03-12,1997-12-30,3,454264.6965692956,3910377.3530676994,True,
usa_NC_0033_0034,usa_NC_0033,34,24,29,102.20344827586206,13.834544825973564,2.5690104799847444,68.2,126.5,1995-03-12,1997-12-30,3,454273.0541007972,3910426.8855140726,True,
usa_NC_0033_0035,usa_NC_0033,35,24,29,102.43448275862069,14.184304098496362,2.6339591463764247,66.9,126.8,1995-03-12,1997-12-30,3,454282.398229949,3910476.23954628,True,
usa_NC_0033_0036,usa_NC_0033,36,24,29,101.84827586206895,14.885578367996109,2.7641825090060452,67.3,128.2,1995-03-12,1997-12-30,3,454291.5699100714,3910525.623585843,True,
usa_NC_0033_0037,usa_NC_0033,37,24,30,101.47333333333331,15.595466479481903,2.8473295952093056,69.0,137.4,1995-03-12,1997-12-30,3,454298.30884166807,3910575.4524229392,True,
usa_NC_0033_0038,usa_NC_0033,38,24,30,100.96999999999998,16.806734077292578,3.068475790707973,62.9,136.1,1995-03-12,1997-12-30,3,454305.69164903957,3910625.1662587863,True,
usa_NC_0033_0039,usa_NC_0033,39,24,30,87.57333333333334,18.6959323131389,3.413394620498638,42.2,123.8,1995-03-12,1997-12-30,3,454314.38083036075,3910674.640479246,True,
usa_NC_0033_0040,usa_NC_0033,40,24,30,91.31666666666666,16.571102461260963,3.0254555402540024,48.1,128.6,1995-03-12,1997-12-30,3,454324.7484029785,3910723.802018839,True,
usa_NC_0033_0041,usa_NC_0033,41,24,30,86.3033333333333,16.807787261971107,3.0686680750431896,43.6,126.4,1995-03-12,1997-12-30,3,454334.7379180244,3910773.030883659,True,
usa_NC_0033_0042,usa_NC_0033,42,24,30,98.25333333333332,16.61245343696717,3.0330051609770483,53.0,140.2,1995-03-12,1997-12-30,3,454343.84488765633,3910822.4221806694,True,
usa_NC_0033_0043,usa_NC_0033,43,25,30,91.48666666666668,15.26803587696302,2.787549219536939,46.6,129.3,1995-03-12,1997-12-30,3,454353.44107011607,3910871.7216501473,True,
usa_NC_0033_0044,usa_NC_0033,44,25,30,101.19,14.99711121608379,2.738085370154275,55.1,136.0,1995-03-12,1997-12-30,3,454364.2123782264,3910920.7986258343,True,
usa_NC_0033_0045,usa_NC_0033,45,25,29,95.33448275862068,13.108211054310004,2.434133684626266,70.3,132.6,1995-03-12,1997-12-30,3,454375.3461667882,3910969.8049536133,True,
usa_NC_0033_0046,usa_NC_0033,46,25,29,100.03793103448275,13.560668277704128,2.518152881735088,73.6,133.6,1995-03-12,1997-12-30,3,454385.53184376913,3911018.991303354,True,
usa_NC_0033_0047,usa_NC_0033,47,25,29,99.55172413793103,11.995255630267657,2.227463050782738,73.4,123.1,1995-03-12,1997-12-30,3,454395.623426821,3911068.1099521853,True,
usa_NC_0033_0048,usa_NC_0033,48,25,29,100.43103448275862,12.266507928044089,2.2778333379496347,73.1,127.3,1995-03-12,1997-12-30,3,454405.8048093736,3911117.2108048503,True,
usa_NC_0033_0049,usa_NC_0033,49,25,29,100.07931034482759,11.91962305583123,2.2134184342955647,71.0,125.9,1995-03-12,1997-12-30,3,454415.73969214,3911166.3592974995,True,
usa_NC_0033_0050,usa_NC_0033,50,25,28,105.0857142857143,11.146290340727193,2.1064508773203965,73.9,125.8,1995-03-12,1997-10-11,3,454426.33525918936,3911215.379409691,True,
usa_NC_0033_0051,usa_NC_0033,51,25,28,99.07142857142857,12.05185884365153,2.2775872383111726,65.5,124.8,1995-03-12,1997-10-11,3,454436.74454093905,3911264.4351931936,True,
usa_NC_0033_0052,usa_NC_0033,52,25,28,101.53571428571426,12.262928605737619,2.317475674008698,63.4,123.9,1995-03-12,1997-10-11,3,454448.15701021237,3911313.2941654082,True,
usa_NC_0033_0053,usa_NC_0033,53,26,28,95.79642857142858,13.084695106564237,2.472774945219483,55.2,118.5,1995-03-12,1997-10-11,3,454458.10826255695,3911362.4383981577,True,
usa_NC_0033_0054,usa_NC_0033,54,26,28,93.00714285714287,14.292783171714696,2.701082129666148,52.9,116.1,1995-03-12,1997-10-11,3,454466.57470655406,3911411.875255908,True,
usa_NC_0033_0055,usa_NC_0033,55,26,28,83.6,14.667297966211418,2.771858773134204,47.9,108.0,1995-03-12,1997-10-11,3,454475.6568245446,3911461.270407625,True,
usa_NC_0033_0056,usa_NC_0033,56,26,28,79.62142857142855,14.272645609641286,2.6972764881477644,44.7,107.0,1995-03-12,1997-10-11,3,454484.12809908093,3911511.0871310374,True,
usa_NC_0033_0057,usa_NC_0033,57,26,28,75.94642857142856,14.117167960215367,2.6678939742327743,39.5,100.0,1995-03-12,1997-10-11,3,454490.1422255292,3911561.408271164,True,
usa_NC_0033_0058,usa_NC_0033,58,26,28,73.42142857142858,15.283866030771168,2.888379184932027,30.5,96.6,1995-03-12,1997-10-11,3,454496.11892367876,3911611.7551776767,True,
usa_NC_0033_0059,usa_NC_0033,59,26,28,55.45357142857143,15.623806197781004,2.9526218379712974,11.9,78.5,1995-03-12,1997-10-11,3,454507.9009906553,3911660.92034165,True,
usa_NC_0033_0060,usa_NC_0033,60,26,28,70.23928571428571,14.158947943908363,2.6757896489922026,30.1,91.3,1995-03-12,1997-10-11,3,454514.18398205575,3911711.2271002317,True,
usa_NC_0033_0061,usa_NC_0033,61,26,28,56.778571428571425,14.058880339561767,2.6568786493211243,15.7,77.8,1995-03-12,1997-10-11,3,454515.8234039462,3911762.531113449,True,
usa_NC_0033_0062,usa_NC_0033,62,26,28,53.267857142857146,14.72684758128975,2.7831125925746965,12.0,79.9,1995-03-12,1997-10-11,3,454523.516609799,3911812.5812714286,True,
usa_NC_0033_0064,usa_NC_0033,64,27,28,45.58571428571428,14.560746681243511,2.751722472998529,6.2,73.5,1995-03-12,1997-10-11,3,454537.6869417648,3911912.978822098,True,
usa_NC_0033_0065,usa_NC_0033,65,27,28,47.40714285714286,14.522624203518237,2.7445180018969095,8.5,73.4,1995-03-12,1997-10-11,3,454545.0306398721,3911963.1410383503,True,
usa_NC_0033_0066,usa_NC_0033,66,27,28,43.64642857142858,15.516621485621227,2.93236583134824,1.7,72.0,1995-03-12,1997-10-11,3,454553.4487689663,3912013.076995866,True,
usa_NC_0033_0067,usa_NC_0033,67,27,28,43.16428571428571,15.552401607700201,2.939127638841132,2.7,71.5,1995-03-12,1997-10-11,3,454562.8879740297,3912062.688185077,True,
usa_NC_0033_0068,usa_NC_0033,68,27,28,38.35357142857142,13.569887200133193,2.5644676321965,3.1,68.0,1995-03-12,1997-10-11,3,454571.66704984213,3912112.385130585,True,
usa_NC_0033_0069,usa_NC_0033,69,27,28,35.739285714285714,12.421675776662708,2.3474760694089016,-0.4,64.7,1995-03-12,1997-10-11,3,454579.41223748587,3912162.321216973,True,
usa_NC_0033_0070,usa_NC_0033,70,27,29,25.762068965517248,14.061508093096442,2.6111565006268957,-14.4,58.4,1995-03-12,1997-10-11,3,454586.03566301835,3912212.513870526,True,
usa_NC_0033_0071,usa_NC_0033,71,27,28,24.871428571428574,12.296908890203596,2.3238973441641417,-20.3,53.1,1995-03-12,1997-10-11,3,454596.760283647,3912261.763215976,True,
usa_NC_0033_0072,usa_NC_0033,72,27,29,17.913793103448278,12.783352012283425,2.373808874957267,-24.6,37.3,1995-03-12,1997-10-11,3,454604.5697315325,3912311.6863863925,True,
usa_NC_0033_0073,usa_NC_0033,73,27,30,13.27,11.245110814988855,2.0530669516715663,-19.1,34.6,1995-03-12,1997-12-30,3,454612.1648886349,3912361.666654816,True,
usa_NC_0033_0074,usa_NC_0033,74,28,30,12.686666666666667,11.940448017163122,2.1800175752393582,-18.9,30.9,1995-03-12,1997-12-30,3,454622.90540314943,3912410.916005684,True,
usa_NC_0033_0075,usa_NC_0033,75,28,30,11.933333333333335,12.30341509453801,2.246285993876008,-20.9,28.6,1995-03-12,1997-12-30,3,454633.28796472115,3912460.2480730135,True,
usa_NC_0033_0076,usa_NC_0033,76,28,30,8.853333333333333,13.507768731065617,2.466169878522524,-30.2,32.2,1995-03-12,1997-12-30,3,454641.20362184907,3912510.166267403,True,
usa_NC_0033_0077,usa_NC_0033,77,28,30,8.9,14.800675660252812,2.702221308479378,-37.4,29.8,1995-03-12,1997-12-30,3,454650.80651576555,3912559.6872214423,True,
usa_NC_0033_0078,usa_NC_0033,78,28,30,10.98,13.401374093211745,2.4467449641391377,-26.4,30.4,1995-03-12,1997-12-30,3,454660.8933362243,3912609.093177288,True,
usa_NC_0033_0079,usa_NC_0033,79,28,30,8.16,15.108586277688088,2.7584378387675925,-31.1,30.6,1995-03-12,1997-12-30,3,454671.8895371866,3912658.278663975,True,
usa_NC_0033_0080,usa_NC_0033,80,28,30,1.0599999999999998,15.890760707469893,2.901242698466004,-37.3,27.2,1995-03-12,1997-12-30,3,454682.987725016,3912707.4363269457,True,
usa_NC_0033_0081,usa_NC_0033,81,28,30,0.9766666666666662,16.122348663789083,2.9435246810401847,-44.1,29.4,1995-03-12,1997-12-30,3,454694.1155676058,3912756.589618616,True,
usa_NC_0033_0082,usa_NC_0033,82,28,30,4.256666666666667,16.433873414454027,3.0004010587603056,-43.4,31.0,1995-03-12,1997-12-30,3,454705.7284882578,3912805.631251923,True,
usa_NC_0033_0083,usa_NC_0033,83,28,30,5.686666666666666,16.86746988228777,3.0795645808560073,-46.0,29.6,1995-03-12,1997-12-30,3,454717.08174769965,3912854.7442335035,True,
usa_NC_0033_0084,usa_NC_0033,84,29,30,0.3266666666666668,16.512501707605608,3.0147565553660556,-53.0,26.4,1995-03-12,1997-12-30,3,454728.4366400185,3912903.8643713323,True,
usa_NC_0033_0085,usa_NC_0033,85,29,30,3.1366666666666663,16.90507949237974,3.086431124798122,-49.5,30.3,1995-03-12,1997-12-30,3,454739.1436615903,3912953.155216563,True,
usa_NC_0033_0086,usa_NC_0033,86,29,30,-5.376666666666665,15.293579525822059,2.7922128304306346,-49.6,18.4,1995-03-12,1997-12-30,3,454751.4224017792,3913002.0574625856,True,
usa_NC_0033_0087,usa_NC_0033,87,29,30,-13.719999999999997,14.959817443105194,2.7312764899159907,-59.1,8.4,1995-03-12,1997-12-30,3,454764.0375844584,3913050.878664584,True,
usa_NC_0033_0088,usa_NC_0033,88,29,30,-3.153333333333333,15.27821828692693,2.7894082647459384,-49.3,20.9,1995-03-12,1997-12-30,3,454776.4081078908,3913099.766305296,True,
usa_NC_0033_0089,usa_NC_0033,89,29,30,2.6066666666666665,14.369578337905237,2.6235140658360967,-39.2,25.4,1995-03-12,1997-12-30,3,454789.53829190717,3913148.4624034483,True,
usa_NC_0033_0090,usa_NC_0033,90,29,30,3.9100000000000006,13.752926961196296,2.510929442789396,-37.8,29.4,1995-03-12,1997-12-30,3,454802.9762901424,3913197.080716703,True,
usa_NC_0033_0091,usa_NC_0033,91,29,30,0.6966666666666665,14.545801226929141,2.6556878163251376,-43.5,30.8,1995-03-12,1997-12-30,3,454815.51958552387,3913245.933777913,True,
usa_NC_0033_0092,usa_NC_0033,92,29,30,3.35,16.65700122036294,3.041138436261287,-42.9,36.0,1995-03-12,1997-12-30,3,454829.41623514285,3913294.4352888125,True,
usa_NC_0033_0093,usa_NC_0033,93,29,30,14.753333333333332,16.00779407864706,2.9226099709242073,-31.3,48.2,1995-03-12,1997-12-30,3,454843.7313850788,3913342.8259619726,True,
usa_NC_0033_0094,usa_NC_0033,94,30,30,17.419999999999998,16.728963114806362,3.0542768205504434,-33.0,52.0,1995-03-12,1997-12-30,3,454857.6171874122,3913391.3291478343,True,
usa_NC_0033_0095,usa_NC_0033,95,30,30,31.10333333333333,19.01715166556928,3.4720409822430782,-27.9,67.5,1995-03-12,1997-12-30,3,454871.1124991866,3913439.937488885,True,
usa_NC_0033_0096,usa_NC_0033,96,30,30,22.016666666666666,19.234973236329154,3.5118095781818752,-40.4,63.7,1995-03-12,1997-12-30,3,454882.29110635386,3913489.1706925486,True,
usa_NC_0033_0097,usa_NC_0033,97,30,30,29.12,19.530125271063884,3.5656967206211285,-32.8,74.5,1995-03-12,1997-12-30,3,454895.4547636881,3913537.874812319,True,
usa_NC_0033_0098,usa_NC_0033,98,30,29,23.182758620689658,15.108750278410502,2.805624492382065,-6.0,64.6,1995-03-12,1997-12-30,3,454910.66337269114,3913586.024237565,True,
usa_NC_0033_0099,usa_NC_0033,99,30,29,31.13103448275862,15.137043102654681,2.8108783379480715,3.5,75.0,1995-03-12,1997-12-30,3,454923.4478390692,3913634.7812283896,True,
usa_NC_0033_0100,usa_NC_0033,100,30,29,32.11724137931035,21.089436573208147,3.916210056425373,-34.9,76.1,1995-03-12,1997-12-30,3,454932.14844867925,3913684.3920933674,True,
usa_NC_0033_0101,usa_NC_0033,101,30,29,30.448275862068968,19.23931281609268,3.5726506996784186,-27.3,64.8,1995-03-12,1997-12-30,3,454944.37684554706,3913733.0398307308,True,
usa_NC_0033_0102,usa_NC_0033,102,30,29,25.513793103448275,18.911593650040086,3.5117947783111805,-29.8,52.6,1995-03-12,1997-12-30,3,454957.0835121745,3913781.557463856,True,
usa_NC_0033_0103,usa_NC_0033,103,30,29,26.175862068965515,21.397290468862337,3.9733770896880007,-33.0,54.3,1995-03-12,1997-12-30,3,454969.82733125583,3913830.065766185,True,
usa_NC_0033_0104,usa_NC_0033,104,31,29,38.43103448275861,20.561130170582203,3.8181060203286465,-18.9,68.3,1995-03-12,1997-12-30,3,454981.689433134,3913878.818236359,True,
usa_NC_0033_0105,usa_NC_0033,105,31,29,32.78965517241379,19.3406556401569,3.5914695896648414,-19.9,64.8,1995-03-12,1997-12-30,3,454994.2537838907,3913927.2724178312,True,
usa_NC_0033_0106,usa_NC_0033,106,31,29,31.972413793103446,20.403376760997958,3.788811947587317,-25.5,61.3,1995-03-12,1997-12-30,3,455008.7383729535,3913974.7957415525,True,
usa_NC_0033_0107,usa_NC_0033,107,31,28,43.25,17.179649890797265,3.246648658729108,16.3,72.9,1995-03-12,1997-12-30,3,455024.0758701884,3914022.0877298084,True,
usa_NC_0033_0108,usa_NC_0033,108,31,28,49.314285714285724,15.226869873272253,2.8776079236157126,26.7,73.1,1995-03-12,1997-12-30,3,455037.05652935605,3914070.02676532,True,
usa_NC_0033_0109,usa_NC_0033,109,31,28,51.08571428571428,14.11906287640708,2.6682520797326728,31.5,73.6,1995-03-12,1997-12-30,3,455050.11458448844,3914117.943662582,True,
usa_NC_0033_0110,usa_NC_0033,110,31,29,40.217241379310344,16.007120490704782,2.972447652762241,-12.7,63.0,1995-03-12,1997-12-30,3,455063.2799884343,3914165.8305859207,True,
usa_NC_0033_0111,usa_NC_0033,111,31,28,34.417857142857144,15.548563196010024,2.938402247215297,-18.4,56.8,1995-03-12,1997-10-11,3,455074.7849912484,3914214.1641811235,True,
usa_NC_0033_0112,usa_NC_0033,112,31,28,41.05357142857143,14.555932534800784,2.7508126848369217,-6.7,62.5,1995-03-12,1997-10-11,3,455088.1884351941,3914261.984019037,True,
usa_NC_0033_0113,usa_NC_0033,113,31,28,39.74642857142857,13.205876417628328,2.4956760604069363,-2.7,56.9,1995-03-12,1997-10-11,3,455100.60061192216,3914310.068575706,True,
usa_NC_0033_0114,usa_NC_0033,114,31,28,41.56071428571429,11.549517844215941,2.182653712749872,5.1,57.0,1995-03-12,1997-10-11,3,455112.0939142941,3914358.3952593603,True,
usa_NC_0033_0115,usa_NC_0033,115,32,28,38.496428571428574,12.18348858824492,2.3024629218349624,-0.2,57.4,1995-03-12,1997-10-11,3,455125.3067913643,3914406.261878211,True,
usa_NC_0033_0116,usa_NC_0033,116,32,28,35.760714285714286,12.572230989903584,2.3759283303245917,-0.3,62.0,1995-03-12,1997-10-11,3,455138.823488564,3914454.047773502,True,
usa_NC_0033_0117,usa_NC_0033,117,32,30,39.57333333333334,12.860898593942734,2.348068089896303,-6.1,58.8,1995-03-12,1997-12-30,3,455151.183084341,3914502.1377985654,True,
usa_NC_0033_0118,usa_NC_0033,118,32,30,46.596666666666664,13.78436103689258,2.5166684935671224,-2.0,63.8,1995-03-12,1997-12-30,3,455166.0961200074,3914549.5572769977,True,
usa_NC_0033_0119,usa_NC_0033,119,32,30,52.57666666666667,13.72839200804074,2.506449993692519,4.8,68.8,1995-03-12,1997-12-30,3,455180.3624195808,3914597.111438325,True,
usa_NC_0033_0120,usa_NC_0033,120,32,30,52.17666666666666,13.747217482303359,2.5098870393289756,5.1,71.7,1995-03-12,1997-12-30,3,455193.5690532402,3914644.8598987944,True,
usa_NC_0033_0121,usa_NC_0033,121,32,30,48.086666666666666,12.474435467382285,2.2775098992092593,7.5,70.5,1995-03-12,1997-12-30,3,455205.34359673475,3914692.9877476613,True,
usa_NC_0033_0122,usa_NC_0033,122,32,30,45.343333333333334,13.277455181319725,2.4241205696908863,-0.9,65.0,1995-03-12,1997-12-30,3,455219.1416939371,3914740.320045919,True,
usa_NC_0033_0123,usa_NC_0033,123,32,29,58.34827586206895,9.494344959337456,1.7630555979937566,35.8,77.1,1995-03-12,1997-12-30,3,455236.446351715,3914787.3058867697,True,
usa_NC_0033_0124,usa_NC_0033,124,32,28,65.12142857142857,8.749194974305505,1.6534424338591798,47.8,81.6,1995-03-12,1997-12-30,3,455250.91767122445,3914834.7483477434,True,
usa_NC_0033_0125,usa_NC_0033,125,33,28,91.33571428571427,8.09513865485143,1.5298374078087726,77.4,106.6,1995-03-12,1997-12-30,3,455264.4260310486,3914882.444698422,True,
usa_NC_0033_0126,usa_NC_0033,126,33,29,109.9241379310345,11.447634040409953,2.125772274461057,72.6,127.7,1995-03-12,1997-12-30,3,455275.5920175116,3914930.7342146616,True,
usa_NC_0033_0127,usa_NC_0033,127,33,29,63.04482758620689,10.477069730978373,1.9455430067985828,32.5,77.0,1995-03-12,1997-12-30,3,455287.3951017965,3914978.865454611,True,
usa_NC_0033_0128,usa_NC_0033,128,33,29,54.51724137931033,9.665552565887833,1.7948480523906125,26.1,69.9,1995-03-12,1997-12-30,3,455300.0439599252,3915026.78958807,True,
usa_NC_0033_0129,usa_NC_0033,129,33,29,48.8344827586207,10.67293893994356,1.9819150057958448,18.2,66.9,1995-03-12,1997-12-30,3,455313.64788986184,3915074.4834141824,True,
usa_NC_0033_0130,usa_NC_0033,130,33,29,52.48620689655172,10.678373476261363,1.9829241738552148,21.4,71.7,1995-03-12,1997-12-30,3,455329.78204059775,3915121.5659446903,True,
usa_NC_0033_0131,usa_NC_0033,131,33,29,60.07241379310344,10.41660407206152,1.9343148158179198,26.4,77.6,1995-03-12,1997-12-30,3,455344.47306650213,3915169.013751107,True,
usa_NC_0033_0132,usa_NC_0033,132,33,29,62.94137931034482,10.928845097832331,2.0294355863265903,28.4,79.6,1995-03-12,1997-12-30,3,455359.8435892046,3915216.307784768,True,
usa_NC_0033_0133,usa_NC_0033,133,33,29,65.00689655172414,12.326827046106818,2.289034316976835,26.6,83.1,1995-03-12,1997-12-30,3,455374.54675738525,3915263.7855081824,True,
usa_NC_0033_0134,usa_NC_0033,134,33,29,68.95172413793104,12.413691194162976,2.305164584325585,32.4,89.7,1995-03-12,1997-12-30,3,455388.4804540049,3915311.460837986,True,
usa_NC_0033_0135,usa_NC_0033,135,33,29,62.99999999999999,13.114005599249333,2.435209704608357,25.8,85.8,1995-03-12,1997-12-30,3,455402.92108115694,3915359.0236938354,True,
usa_NC_0033_0136,usa_NC_0033,136,34,29,64.51034482758621,12.639064862209269,2.3470154238296437,28.0,92.8,1995-03-12,1997-12-30,3,455416.9517267866,3915406.6925906907,True,
usa_NC_0033_0137,usa_NC_0033,137,34,29,70.78275862068966,12.771454469287503,2.3715995566871637,40.1,99.2,1995-03-12,1997-12-30,3,455431.0813537726,3915454.3463917626,True,
usa_NC_0033_0138,usa_NC_0033,138,34,29,72.251724137931,13.896469764698598,2.5805096524228825,40.9,100.0,1995-03-12,1997-12-30,3,455444.8651219637,3915502.0892571323,True,
usa_NC_0033_0139,usa_NC_0033,139,34,29,72.7896551724138,14.453233568690884,2.683898095289972,36.7,102.4,1995-03-12,1997-12-30,3,455455.67320254626,3915550.5295469416,True,
usa_NC_0033_0140,usa_NC_0033,140,34,29,76.05517241379312,13.892124855648474,2.5797028230674712,44.3,99.3,1995-03-12,1997-12-30,3,455466.3487426014,3915598.9995878134,True,
usa_NC_0033_0141,usa_NC_0033,141,34,29,81.90689655172415,13.63218175166194,2.5314326004658994,45.6,101.1,1995-03-12,1997-12-30,3,455480.17792778846,3915646.972748703,True,
usa_NC_0033_0142,usa_NC_0033,142,34,29,82.49655172413792,15.854640662653694,2.9441328595271155,41.5,106.3,1995-03-12,1997-12-30,3,455495.1866096735,3915695.78294211,True,
usa_NC_0033_0143,usa_NC_0033,143,34,29,83.5206896551724,18.315574545614467,3.401116809154882,43.8,110.2,1995-03-12,1997-12-30,3,455511.1601585214,3915743.922814157,True,
usa_NC_0033_0144,usa_NC_0033,144,34,28,81.42857142857143,19.185543499340312,3.625726919061883,40.0,122.1,1995-03-12,1997-12-30,3,455524.02514739917,3915791.678710852,True,
usa_NC_0033_0145,usa_NC_0033,145,34,28,80.39642857142857,20.69559770942276,3.9111003409264717,44.5,137.1,1995-03-12,1997-12-30,3,455535.882609172,3915838.363882322,True,
usa_NC_0033_0146,usa_NC_0033,146,35,29,79.05862068965519,20.065331104052856,3.726038445001613,41.3,134.0,1995-03-12,1997-12-30,3,455549.08270056953,3915885.159138679,True,
usa_NC_0033_0147,usa_NC_0033,147,35,29,82.1241379310345,18.595845449462512,3.4531618094261325,46.3,126.4,1995-03-12,1997-12-30,3,455562.08573436126,3915932.983710538,True,
usa_NC_0033_0148,usa_NC_0033,148,35,30,87.85666666666664,16.7715622066215,3.062054315055905,57.3,129.2,1995-03-12,1997-12-30,3,455573.00534151803,3915981.2704880354,True,
usa_NC_0033_0149,usa_NC_0033,149,35,30,89.13000000000004,15.553603640536059,2.839686521472024,59.3,120.8,1995-03-12,1997-12-30,3,455583.7832644377,3916029.632390874,True,
usa_NC_0033_0150,usa_NC_0033,150,35,30,87.81333333333333,13.137409951352096,2.398551925849463,56.8,112.3,1995-03-12,1997-12-30,3,455595.7846715255,3916077.953155928,True,
usa_NC_0033_0151,usa_NC_0033,151,35,30,87.6666666666667,13.751371927377189,2.5106455337559264,54.4,107.4,1995-03-12,1997-12-30,3,455606.6040803208,3916126.5287270355,True,
usa_NC_0033_0152,usa_NC_0033,152,35,30,83.50000000000001,14.448266809313271,2.6378805494380235,50.8,111.4,1995-03-12,1997-12-30,3,455617.4242568537,3916175.1053030896,True,
usa_NC_0033_0153,usa_NC_0033,153,35,30,81.71000000000001,14.858559590466644,2.7127894199111013,46.3,111.1,1995-03-12,1997-12-30,3,455627.3755454305,3916223.8661795687,True,
usa_NC_0033_0154,usa_NC_0033,154,35,30,77.12333333333332,13.984564972542563,2.5532205641193917,46.4,110.1,1995-03-12,1997-12-30,3,455637.13517749927,3916272.6667643175,True,
usa_NC_0033_0155,usa_NC_0033,155,35,30,77.29666666666667,14.851877469458737,2.711569437108431,48.7,110.9,1995-03-12,1997-12-30,3,455645.898450035,3916321.67458555,True,
usa_NC_0033_0156,usa_NC_0033,156,35,30,76.96000000000001,14.333818222217909,2.6169851918291154,45.4,102.3,1995-03-12,1997-12-30,3,455653.9190881667,3916370.6458673235,True,
usa_NC_0033_0157,usa_NC_0033,157,36,30,74.75999999999999,12.815927590307304,2.339857545521379,36.9,96.3,1995-03-12,1997-12-30,3,455663.63252054335,3916419.1418707725,True,
usa_NC_0033_0158,usa_NC_0033,158,36,30,74.31333333333333,13.615476319332307,2.4858345037585723,30.1,98.0,1995-03-12,1997-12-30,3,455673.9190861033,3916467.5189753785,True,
usa_NC_0033_0159,usa_NC_0033,159,36,29,74.06206896551724,12.384852897018526,2.2998094469848955,28.2,90.1,1995-03-12,1997-12-30,3,455684.2097652072,3916515.8950930736,True,
usa_NC_0033_0160,usa_NC_0033,160,36,29,75.6413793103448,13.256656474643203,2.461699307155874,30.4,97.9,1995-03-12,1997-12-30,3,455694.55479873245,3916564.2604637654,True,
usa_NC_0033_0161,usa_NC_0033,161,36,29,78.81379310344829,13.563204534378272,2.518623852775897,40.2,100.7,1995-03-12,1997-12-30,3,455705.8372082863,3916612.4420224847,True,
usa_NC_0033_0162,usa_NC_0033,162,36,29,71.88965517241378,13.772211795277842,2.5574355267701017,30.7,94.0,1995-03-12,1997-12-30,3,455715.6676481581,3916660.909901927,True,
usa_NC_0033_0163,usa_NC_0033,163,36,29,75.78275862068966,14.6298635128268,2.716697452498485,31.6,97.2,1995-03-12,1997-12-30,3,455725.48899422993,3916709.377588541,True,
usa_NC_0033_0164,usa_NC_0033,164,36,30,72.92333333333333,14.668537367636457,2.6780962672873123,31.4,95.5,1995-03-12,1997-12-30,3,455734.66468688054,3916757.9143746262,True,
usa_NC_0033_0165,usa_NC_0033,165,36,30,72.64666666666668,14.581275979673462,2.6621645904251316,31.9,98.9,1995-03-12,1997-12-30,3,455744.3448798871,3916806.016969888,True,
usa_NC_0033_0166,usa_NC_0033,166,36,30,72.90666666666668,14.694848577397579,2.6829000149877844,36.7,98.7,1995-03-12,1997-12-30,3,455755.09097804525,3916853.920942043,True,
usa_NC_0033_0167,usa_NC_0033,167,37,30,71.96333333333334,14.400274981410247,2.629118480531893,39.2,100.2,1995-03-12,1997-12-30,3,455763.96647402627,3916902.1630568784,True,
usa_NC_0033_0168,usa_NC_0033,168,37,29,66.54137931034484,13.488368461153572,2.504727142850593,36.3,96.2,1995-03-12,1997-12-30,3,455769.60906157084,3916950.96272369,True,
usa_NC_0033_0169,usa_NC_0033,169,37,28,62.65357142857143,13.81798297289273,2.611353326199938,30.0,91.6,1995-03-12,1997-12-30,3,455775.2719706735,3916999.791179244,True,
usa_NC_0033_0170,usa_NC_0033,170,37,28,61.45,13.107942178242478,2.47716822881742,29.2,89.0,1995-03-12,1997-12-30,3,455783.31956393266,3917048.271097331,True,
usa_NC_0033_0171,usa_NC_0033,171,37,27,55.78888888888888,12.1557942288167,2.3393836900736735,23.9,80.9,1995-03-12,1997-12-30,3,455789.0423864058,3917097.1300630807,True,
usa_NC_0033_0172,usa_NC_0033,172,37,26,55.469230769230755,14.432734161780136,2.8304920432851586,10.6,86.6,1995-03-12,1997-08-24,3,455794.45192214876,3917146.0197272026,True,
usa_NC_0033_0173,usa_NC_0033,173,37,26,54.87692307692306,14.049777441434655,2.7553880513658084,11.2,85.0,1995-03-12,1997-08-24,3,455800.363949921,3917194.8075308613,True,
usa_NC_0033_0174,usa_NC_0033,174,37,26,57.87692307692308,13.136401567927425,2.576260305125108,16.7,87.9,1995-03-12,1997-08-24,3,455806.7039995891,3917243.5099492692,True,
usa_NC_0033_0175,usa_NC_0033,175,37,26,49.04230769230769,13.359855480563345,2.6200832228527697,5.1,74.2,1995-03-12,1997-08-24,3,455812.5623736484,3917292.269723985,True,
usa_NC_0033_0176,usa_NC_0033,176,37,26,61.08461538461539,14.402991142334077,2.8246589572640577,9.4,81.2,1995-03-12,1997-08-24,3,455818.23503216694,3917341.0381028857,True,
usa_NC_0033_0177,usa_NC_0033,177,37,27,48.418518518518525,13.09841555412295,2.520791248710155,-0.4,65.0,1995-03-12,1997-12-30,3,455825.0453301511,3917389.6201843224,True,
usa_NC_0033_0178,usa_NC_0033,178,38,27,45.82222222222222,12.112559703221386,2.3310632017434267,-0.9,62.1,1995-03-12,1997-12-30,3,455831.88727351977,3917438.1848135656,True,
usa_NC_0033_0179,usa_NC_0033,179,38,28,46.73928571428572,12.901574388155954,2.438168382304354,1.1,65.4,1995-03-12,1997-12-30,3,455838.1583646714,3917486.816348115,True,
usa_NC_0033_0180,usa_NC_0033,180,38,28,49.189285714285724,13.314162308963263,2.516140170333308,4.9,65.5,1995-03-12,1997-12-30,3,455845.2957403417,3917535.3134366046,True,
usa_NC_0033_0181,usa_NC_0033,181,38,28,49.04642857142857,12.887073113750594,2.435427899035062,8.9,68.1,1995-03-12,1997-12-30,3,455851.44423612126,3917583.964477566,True,
usa_NC_0033_0182,usa_NC_0033,182,38,28,50.628571428571426,13.565911994921988,2.5637163890251218,4.6,74.7,1995-03-12,1997-12-30,3,455857.38077061874,3917632.661794861,True,
usa_NC_0033_0183,usa_NC_0033,183,38,28,45.517857142857146,12.444604767958195,2.351809241464718,0.6,66.8,1995-03-12,1997-12-30,3,455862.35904430994,3917681.4693520213,True,
usa_NC_0033_0184,usa_NC_0033,184,38,28,44.98571428571428,10.587333952022114,2.0008180488743683,5.6,62.5,1995-03-12,1997-12-30,3,455864.8944859172,3917730.5683418554,True,
usa_NC_0033_0185,usa_NC_0033,185,38,28,42.10714285714285,11.70504571704422,2.2120457179957653,3.5,62.3,1995-03-12,1997-12-30,3,455867.1353582805,3917779.588289158,True,
usa_NC_0033_0186,usa_NC_0033,186,38,28,42.25,10.552286043352916,1.9941946167092541,8.6,70.9,1995-03-12,1997-12-30,3,455872.98286147695,3917827.9587067417,True,
usa_NC_0033_0187,usa_NC_0033,187,38,28,39.653571428571425,11.263690670167906,2.128637454144481,7.2,65.7,1995-03-12,1997-12-30,3,455876.74151580606,3917876.561133094,True,
usa_NC_0033_0188,usa_NC_0033,188,39,28,39.771428571428565,12.529693831583737,2.367889563010756,4.8,67.0,1995-03-12,1997-12-30,3,455880.53941544925,3917925.140953001,True,
usa_NC_0033_0189,usa_NC_0033,189,39,28,40.59285714285715,11.202609767749014,2.1170942485976387,4.1,63.5,1995-03-12,1997-12-30,3,455884.8636379291,3917973.6401917147,True,
usa_NC_0033_0190,usa_NC_0033,190,39,28,40.65714285714286,10.48778579079735,1.9820052147261908,3.0,61.8,1995-03-12,1997-12-30,3,455888.6663412922,3918022.1411047154,True,
usa_NC_0033_0191,usa_NC_0033,191,39,28,41.364285714285714,10.424799999350348,1.9701020189905234,-2.4,56.4,1995-03-12,1997-12-30,3,455893.04242446163,3918070.599938697,True,
usa_NC_0033_0192,usa_NC_0033,192,39,28,41.80714285714286,9.864148649094282,1.8641488729198006,1.0,57.9,1995-03-12,1997-12-30,3,455896.2670492157,3918119.1800369816,True,
usa_NC_0033_0193,usa_NC_0033,193,39,28,43.74642857142858,10.866649016442965,2.0536036344380513,4.5,65.9,1995-03-12,1997-12-30,3,455899.8998567265,3918167.738507024,True,
usa_NC_0033_0194,usa_NC_0033,194,39,28,40.59642857142857,11.102501624770982,2.0981755878453265,-0.3,60.8,1995-03-12,1997-12-30,3,455903.6776306519,3918216.4682246284,True,
usa_NC_0033_0195,usa_NC_0033,195,39,28,40.785714285714285,10.726488993960984,2.0271158799208697,1.1,59.1,1995-03-12,1997-12-30,3,455906.67306660593,3918265.269952942,True,
usa_NC_0033_0196,usa_NC_0033,196,39,27,40.20740740740741,6.857894155694753,1.3198023456214423,25.8,53.8,1995-03-12,1997-12-30,3,455911.46965208364,3918313.9398707296,True,
usa_NC_0033_0197,usa_NC_0033,197,39,27,42.855555555555554,6.4632293269953935,1.2438490639250248,31.4,54.0,1995-03-12,1997-12-30,3,455915.66969226697,3918362.670101478,True,
usa_NC_0033_0198,usa_NC_0033,198,40,27,44.08518518518518,6.334684965981624,1.2191106901136552,31.8,53.1,1995-03-12,1997-12-30,3,455920.83247971156,3918411.347427121,True,
usa_NC_0033_0199,usa_NC_0033,199,40,28,42.42142857142857,12.002819333709558,2.2683196420452485,-7.3,56.7,1995-03-12,1997-12-30,3,455923.43783692335,3918460.2106413627,True,
usa_NC_0033_0200,usa_NC_0033,200,40,28,43.6142857142857,12.85856723444534,2.4300407942104245,-5.4,61.6,1995-03-12,1997-12-30,3,455926.9727883508,3918509.1648538625,True,
usa_NC_0033_0201,usa_NC_0033,201,40,28,46.79642857142857,13.722824516053999,2.5933700682042264,0.0,73.7,1995-03-12,1997-12-30,3,455931.0677954774,3918558.319871472,True,
usa_NC_0033_0202,usa_NC_0033,202,40,28,46.075,13.462585327629446,2.544189484349609,-2.4,72.2,1995-03-12,1997-12-30,3,455934.1342995538,3918607.54156489,True,
usa_NC_0033_0203,usa_NC_0033,203,40,27,52.851851851851855,9.93410482864152,1.9118193656580473,37.3,75.7,1995-03-12,1997-12-30,3,455937.5481799613,3918656.747307554,True,
usa_NC_0033_0204,usa_NC_0033,204,40,27,49.266666666666666,10.435073992587176,2.0082309262112896,35.0,75.4,1995-03-12,1997-12-30,3,455939.18939563195,3918706.0509495954,True,
usa_NC_0033_0205,usa_NC_0033,205,40,28,48.32857142857143,14.782493578625916,2.7936286976038147,-3.7,68.2,1995-03-12,1997-12-30,3,455937.8650590116,3918755.500141808,True,
usa_NC_0033_0206,usa_NC_0033,206,40,28,46.064285714285724,16.135220603243823,3.0492700760963385,-3.0,73.2,1995-03-12,1997-12-30,3,455940.2998597324,3918804.962301635,True,
usa_NC_0033_0207,usa_NC_0033,207,40,28,43.21785714285714,17.49503746720298,3.30625130828403,-3.9,78.1,1995-03-12,1997-12-30,3,455942.6948896927,3918854.560505314,True,
usa_NC_0033_0209,usa_NC_0033,209,41,28,45.01785714285715,18.809297416760927,3.554623092899931,-3.6,78.7,1995-03-12,1997-12-30,3,455946.9389602924,3918953.781265645,True,
usa_NC_0033_0210,usa_NC_0033,210,41,28,44.021428571428565,19.729998913909174,3.728619320984153,-8.8,77.2,1995-03-12,1997-12-30,3,455949.3055473503,3919003.366073307,True,
usa_NC_0033_0211,usa_NC_0033,211,41,28,37.72142857142857,20.382787893907995,3.851984842389896,-15.9,71.3,1995-03-12,1997-12-30,3,455951.89747967076,3919052.91449725,True,
usa_NC_0033_0212,usa_NC_0033,212,41,28,41.792857142857144,20.42726806068987,3.8603908037884325,-12.5,74.6,1995-03-12,1997-12-30,3,455954.5454545476,3919102.46640738,True,
usa_NC_0033_0213,usa_NC_0033,213,41,28,30.814285714285717,19.827921096939413,3.7471248741366217,-18.6,59.6,1995-03-12,1997-12-30,3,455959.30218924687,3919151.9386814684,True,
usa_NC_0033_0214,usa_NC_0033,214,41,27,35.525925925925925,17.57959027685214,3.3831937261946368,-14.9,65.4,1995-03-12,1997-12-30,3,455964.43931686593,3919201.461880166,True,
usa_NC_0033_0215,usa_NC_0033,215,41,27,38.98148148148148,16.6932975273366,3.2126266070234335,-13.4,74.8,1995-03-12,1997-12-30,3,455969.6892686821,3919251.3406231278,True,
usa_NC_0033_0216,usa_NC_0033,216,41,27,43.8074074074074,16.550898788653463,3.1852219569864424,-12.1,80.3,1995-03-12,1997-12-30,3,455972.3759465454,3919301.3194070635,True,
usa_NC_0033_0217,usa_NC_0033,217,41,26,41.0076923076923,11.916372705716217,2.3369929599112096,22.4,69.4,1995-03-12,1997-12-30,3,455978.4181780307,3919351.1606356436,True,
usa_NC_0033_0218,usa_NC_0033,218,41,26,40.98076923076923,12.38021063571276,2.427959062072627,17.8,66.0,1995-03-12,1997-12-30,3,455981.0815245373,3919401.127097406,True,
usa_NC_0033_0219,usa_NC_0033,219,42,25,36.900000000000006,12.53538325434581,2.5070766508691618,11.1,55.4,1995-03-12,1997-12-30,3,455982.54213087674,3919451.1233244566,True,
usa_NC_0033_0220,usa_NC_0033,220,42,25,40.196,12.079199752743005,2.415839950548601,15.1,59.9,1995-03-12,1997-12-30,3,455983.45804222557,3919501.1414588145,True,
usa_NC_0033_0221,usa_NC_0033,221,42,25,32.272,13.12883340844367,2.625766681688734,3.6,58.3,1995-03-12,1997-12-30,3,455984.12431148463,3919551.1695960807,True,
usa_NC_0033_0222,usa_NC_0033,222,42,25,42.343999999999994,12.46405097336603,2.492810194673206,13.5,72.2,1995-03-12,1997-12-30,3,455985.9292486085,3919601.150160445,True,
usa_NC_0033_0223,usa_NC_0033,223,42,27,31.69259259259259,12.222140248365351,2.3521519874890315,0.1,64.1,1995-03-12,1997-12-30,3,455986.3258620948,3919651.18889428,True,
usa_NC_0033_0224,usa_NC_0033,224,42,27,30.71111111111111,11.996644830096754,2.3087553740095643,-0.2,59.8,1995-03-12,1997-12-30,3,455986.9286216599,3919701.2188507835,True,
usa_NC_0033_0225,usa_NC_0033,225,42,27,33.785185185185185,11.68680069742402,2.2491258428744216,2.5,58.9,1995-03-12,1997-12-30,3,455987.5041668387,3919751.260791634,True,
usa_NC_0033_0226,usa_NC_0033,226,42,28,27.021428571428572,11.598446803515042,2.191900416908059,-6.9,52.6,1995-03-12,1997-12-30,3,455987.26247733156,3919801.3552178675,True,
usa_NC_0033_0227,usa_NC_0033,227,42,28,26.417857142857144,13.679832508489183,2.5852453424628044,-12.0,57.8,1995-03-12,1997-12-30,3,455987.653058718,3919851.424089753,True,
usa_NC_0033_0228,usa_NC_0033,228,42,29,26.52758620689656,16.850114381801774,3.1289876884506858,-21.6,59.8,1995-03-12,1997-12-30,3,455987.22862052865,3919901.5289238207,True,
usa_NC_0033_0229,usa_NC_0033,229,43,29,34.334482758620695,15.339800610132475,2.8485294618670967,-8.3,65.8,1995-03-12,1997-12-30,3,455988.38484947145,3919951.567293769,True,
usa_NC_0033_0230,usa_NC_0033,230,43,30,24.23333333333333,14.718726831497005,2.68725956778915,-18.7,58.1,1995-03-12,1997-12-30,3,455990.44925058866,3920001.567285524,True,
usa_NC_0033_0231,usa_NC_0033,231,43,30,24.88333333333333,14.536448442908375,2.6539802393972547,-19.4,55.1,1995-03-12,1997-12-30,3,455993.5139485251,3920051.524382099,True,
usa_NC_0033_0232,usa_NC_0033,232,43,30,20.259999999999998,13.263265318033554,2.4215298669543026,-14.5,44.7,1995-03-12,1997-12-30,3,455994.40813521517,3920101.5760428887,True,
usa_NC_0033_0233,usa_NC_0033,233,43,30,20.423333333333336,13.861723118576997,2.53079281264516,-10.6,44.7,1995-03-12,1997-12-30,3,455995.53391976724,3920151.618489227,True,
usa_NC_0033_0234,usa_NC_0033,234,43,30,19.44,13.06903684813579,2.38606876219673,-11.1,37.7,1995-03-12,1997-12-30,3,455997.3700207919,3920201.63055127,True,
usa_NC_0033_0235,usa_NC_0033,235,43,30,17.16,12.460685761833995,2.274999557913308,-14.1,33.8,1995-03-12,1997-12-30,3,455999.48400882207,3920251.715554932,True,
usa_NC_0033_0236,usa_NC_0033,236,43,30,30.069999999999997,12.309798452088259,2.247451430183639,-5.5,57.1,1995-03-12,1997-12-30,3,456000.82969274104,3920302.0241532405,True,
usa_NC_0033_0237,usa_NC_0033,237,43,30,24.92,11.196994670677146,2.044282185798334,-10.2,45.0,1995-03-12,1997-12-30,3,456003.0777290201,3920352.2949357387,True,
usa_NC_0033_0238,usa_NC_0033,238,43,30,23.949999999999996,10.36225744277495,1.8918807160278794,-4.3,41.8,1995-03-12,1997-12-30,3,456004.3775482124,3920402.6133989026,True,
usa_NC_0033_0239,usa_NC_0033,239,44,30,29.36333333333334,10.713494015632273,1.9560074473528002,5.2,49.6,1995-03-12,1997-12-30,3,456006.0872884108,3920452.916227095,True,
usa_NC_0033_0240,usa_NC_0033,240,44,30,12.683333333333334,11.32842270219205,2.0682775516480714,-10.8,32.9,1995-03-12,1997-12-30,3,456008.51744607405,3920503.1863998994,True,
usa_NC_0033_0241,usa_NC_0033,241,44,29,17.420689655172417,11.998820754865418,2.228125077800563,-14.1,40.8,1995-03-12,1997-12-30,3,456009.1840897679,3920553.548989746,True,
usa_NC_0033_0242,usa_NC_0033,242,44,29,33.09310344827586,11.94026594087905,2.2172517218154697,0.8,56.9,1995-03-12,1997-12-30,3,456010.394654153,3920603.8889401318,True,
usa_NC_0033_0243,usa_NC_0033,243,44,30,22.876666666666665,12.602125801333825,2.300822857969468,-19.2,39.2,1995-03-12,1997-12-30,3,456011.511409666,3920654.2393107023,True,
usa_NC_0033_0244,usa_NC_0033,244,44,30,21.163333333333338,11.987363557407912,2.1885831418025625,-16.8,37.0,1995-03-12,1997-12-30,3,456012.9595225969,3920704.577425734,True,
usa_NC_0033_0245,usa_NC_0033,245,44,30,21.290000000000006,12.006473828443697,2.1920721839780084,-14.0,38.0,1995-03-12,1997-12-30,3,456014.81316242693,3920754.896381522,True,
usa_NC_0033_0246,usa_NC_0033,246,44,30,20.656666666666663,11.56053582260559,2.110655415629208,-8.9,39.3,1995-03-12,1997-12-30,3,456017.2133248789,3920805.186708319,True,
usa_NC_0033_0247,usa_NC_0033,247,44,30,18.086666666666662,12.630115442542635,2.305933043924982,-13.2,37.5,1995-03-12,1997-12-30,3,456020.2807319442,3920855.2472431804,True,
usa_NC_0033_0248,usa_NC_0033,248,44,30,30.27,13.84074818587592,2.526963331384316,-4.6,53.7,1995-03-12,1997-12-30,3,456023.5109971876,3920905.251090216,True,
usa_NC_0033_0249,usa_NC_0033,249,45,30,24.71,14.369372361692264,2.623476459896712,-13.7,50.4,1995-03-12,1997-12-30,3,456026.2975555868,3920955.280635795,True,
usa_NC_0033_0250,usa_NC_0033,250,45,30,25.046666666666663,13.19453213118675,2.4089809613258986,-12.0,52.6,1995-03-12,1997-12-30,3,456029.5987320674,3921005.132658943,True,
usa_NC_0033_0251,usa_NC_0033,251,45,30,31.38,13.94054864600831,2.5451843191389507,-8.5,55.9,1995-03-12,1997-12-30,3,456034.47575565655,3921054.665158248,True,
usa_NC_0033_0252,usa_NC_0033,252,45,30,31.70333333333333,14.593302274138225,2.6643602813456484,-14.0,57.1,1995-03-12,1997-12-30,3,456038.91185354325,3921104.225984337,True,
usa_NC_0033_0253,usa_NC_0033,253,45,30,35.99000000000001,13.829861494805984,2.524975702625784,-8.8,64.7,1995-03-12,1997-12-30,3,456043.4940518154,3921153.781368374,True,
usa_NC_0033_0254,usa_NC_0033,254,45,30,37.98333333333334,12.669759906642039,2.3131710996807975,-3.9,63.5,1995-03-12,1997-12-30,3,456047.87190201954,3921203.3508488024,True,
usa_NC_0033_0255,usa_NC_0033,255,45,30,41.013333333333335,13.677586330054435,2.4971741883983714,-3.8,76.2,1995-03-12,1997-12-30,3,456052.9816262693,3921252.8835809166,True,
usa_NC_0033_0256,usa_NC_0033,256,45,30,37.526666666666664,14.7288582167056,2.6891092971949906,-10.6,78.3,1995-03-12,1997-12-30,3,456058.13454202097,3921302.4178941594,True,
usa_NC_0033_0257,usa_NC_0033,257,45,30,43.0,12.979825194083528,2.3697810170911398,-0.9,75.1,1995-03-12,1997-12-30,3,456064.1082430412,3921351.913566939,True,
usa_NC_0033_0258,usa_NC_0033,258,45,30,48.67333333333334,12.296815773236563,2.245081128162332,6.6,70.2,1995-03-12,1997-12-30,3,456069.01291200257,3921401.469206958,True,
usa_NC_0033_0259,usa_NC_0033,259,46,30,53.06000000000001,11.165976647063104,2.0386190953907875,15.6,75.6,1995-03-12,1997-12-30,3,456073.3731973894,3921451.055634196,True,
usa_NC_0033_0260,usa_NC_0033,260,46,30,54.526666666666664,10.053646905076485,1.8355363983674635,18.0,75.0,1995-03-12,1997-12-30,3,456077.11127735506,3921500.6752103614,True,
usa_NC_0034_0001,usa_NC_0034,1,46,29,56.758620689655174,9.371061734379762,1.7401624778436802,36.1,77.3,1995-03-12,1997-12-30,3,456081.713087706,3921550.2544581494,True,
usa_NC_0034_0002,usa_NC_0034,2,46,29,59.255172413793105,11.566688197667858,2.1478800764544475,34.2,80.6,1995-03-12,1997-12-30,3,456087.41680315346,3921599.7844274975,True,
usa_NC_0034_0003,usa_NC_0034,3,46,29,60.02758620689656,14.534758746627345,2.6990369407768275,30.5,89.2,1995-03-12,1997-12-30,3,456093.6403521475,3921649.295149811,True,
usa_NC_0034_0004,usa_NC_0034,4,46,29,60.36206896551725,16.53361108670766,3.0702145020340326,23.2,96.5,1995-03-12,1997-12-30,3,456099.50948758336,3921698.8279238236,True,
usa_NC_0034_0005,usa_NC_0034,5,46,28,74.51071428571429,17.682369107353157,3.3416536606076876,29.4,113.0,1995-03-12,1997-12-30,3,456107.2316739059,3921748.2830758444,True,
usa_NC_0034_0006,usa_NC_0034,6,46,29,73.27931034482759,19.108120549545436,3.548288907375714,27.5,117.3,1995-03-12,1997-12-30,3,456115.56115955784,3921797.720189177,True,
usa_NC_0034_0007,usa_NC_0034,7,46,28,81.33214285714287,17.29536554433497,3.2685168617332567,44.3,121.5,1995-03-12,1997-08-24,3,456121.26744325855,3921847.2795523573,True,
usa_NC_0034_0008,usa_NC_0034,8,46,28,78.56785714285714,16.918082668080952,3.1972170999838787,43.1,118.2,1995-03-12,1997-08-24,3,456123.4923048259,3921896.9990391773,True,
usa_NC_0034_0009,usa_NC_0034,9,47,28,73.89642857142857,17.000925511688127,3.2128729258471647,37.9,107.9,1995-03-12,1997-08-24,3,456124.8252549777,3921946.7718803426,True,
usa_NC_0034_0010,usa_NC_0034,10,47,28,77.36785714285713,16.31123342910756,3.0825333735815645,45.3,107.3,1995-03-12,1997-08-24,3,456128.4861651062,3921996.4479257814,True,
usa_NC_0034_0011,usa_NC_0034,11,47,28,74.48928571428571,14.8559338259589,2.807507599794254,43.0,102.1,1995-03-12,1997-08-24,3,456129.7781082649,3922046.219063656,True,
usa_NC_0034_0012,usa_NC_0034,12,47,28,68.54285714285716,14.268105549751024,2.696418497475838,39.1,94.7,1995-03-12,1997-08-24,3,456130.06692037254,3922096.0275623435,True,
usa_NC_0034_0013,usa_NC_0034,13,47,28,68.24285714285715,13.990722549615425,2.643998037741853,36.4,94.7,1995-03-12,1997-08-24,3,456130.3013235146,3922146.2527484954,True,
usa_NC_0034_0014,usa_NC_0034,14,47,28,69.61428571428571,12.604458772687583,2.3820188087926963,40.0,93.4,1995-03-12,1997-08-24,3,456131.2659383002,3922195.8397037988,True,
usa_NC_0034_0015,usa_NC_0034,15,47,28,65.54285714285713,13.579107824602078,2.566210166430599,32.9,89.3,1995-03-12,1997-08-24,3,456132.59447918984,3922245.3857271485,True,
usa_NC_0034_0016,usa_NC_0034,16,47,28,75.25714285714287,13.64302639857335,2.5782896414938756,45.3,96.4,1995-03-12,1997-08-24,3,456132.8007549258,3922295.194073376,True,
usa_NC_0034_0017,usa_NC_0034,17,47,28,62.08571428571429,14.390215664760097,2.719495140110088,29.0,84.4,1995-03-12,1997-08-24,3,456134.7099944067,3922344.9417842594,True,
usa_NC_0034_0018,usa_NC_0034,18,47,28,62.33571428571429,14.748564632877287,2.787216729553995,24.6,83.6,1995-03-12,1997-08-24,3,456136.10348347155,3922394.9476071536,True,
usa_NC_0034_0019,usa_NC_0034,19,48,28,57.478571428571435,13.137319111567377,2.4827199473788064,19.8,75.8,1995-03-12,1997-08-24,3,456136.68856343086,3922445.063202174,True,
usa_NC_0034_0020,usa_NC_0034,20,48,28,55.77857142857143,11.077984745961064,2.0935423332557157,17.7,71.5,1995-03-12,1997-08-24,3,456136.8806987424,3922495.1932364935,True,
usa_NC_0034_0021,usa_NC_0034,21,48,28,54.79642857142857,10.484502925141545,1.9813848114324126,18.9,73.6,1995-03-12,1997-08-24,3,456137.3766579508,3922545.312915065,True,
usa_NC_0034_0022,usa_NC_0034,22,48,28,60.175,11.879912239356603,2.2450923844721435,19.8,80.3,1995-03-12,1997-08-24,3,456138.70238320593,3922595.4025600967,True,
usa_NC_0034_0023,usa_NC_0034,23,48,28,44.725,12.168131570866825,2.29956071834481,6.4,64.0,1995-03-12,1997-08-24,3,456138.4684684999,3922645.549817322,True,
usa_NC_0034_0024,usa_NC_0034,24,48,29,43.744827586206895,12.288222764875801,2.281865681918559,9.1,64.2,1995-03-12,1997-12-30,3,456138.46240748314,3922695.689564595,True,
usa_NC_0034_0025,usa_NC_0034,25,48,29,39.693103448275856,14.377684371336485,2.669868961538242,5.7,66.8,1995-03-12,1997-12-30,3,456138.47064122977,3922745.8296007663,True,
usa_NC_0034_0026,usa_NC_0034,26,48,29,41.12413793103448,16.19604570726213,3.0075301847410305,11.7,69.0,1995-03-12,1997-12-30,3,456139.3470545613,3922795.9371372797,True,
usa_NC_0034_0027,usa_NC_0034,27,48,28,34.06071428571429,15.053222597902769,2.844791673153455,2.7,55.5,1995-03-12,1997-12-30,3,456141.36983833014,3922846.000274575,True,
usa_NC_0034_0028,usa_NC_0034,28,48,28,31.66428571428571,16.466604009905854,3.111895653427847,-3.0,58.5,1995-03-12,1997-12-30,3,456142.2055925484,3922896.1091142423,True,
usa_NC_0034_0029,usa_NC_0034,29,49,27,34.22592592592592,16.84178851713322,3.241203711333871,1.7,57.8,1995-03-12,1997-12-30,3,456142.34097981267,3922946.2458588667,True,
usa_NC_0034_0030,usa_NC_0034,30,49,27,37.670370370370364,14.848382839032435,2.8575726097153322,4.7,60.5,1995-03-12,1997-12-30,3,456146.6793661342,3922996.2148601986,True,
usa_NC_0034_0031,usa_NC_0034,31,49,27,35.54814814814815,14.638263095010503,2.8171350461242928,1.7,68.5,1995-03-12,1997-12-30,3,456150.4245007461,3923046.2050580396,True,
usa_NC_0034_0032,usa_NC_0034,32,49,29,32.30344827586207,14.667200598580997,2.723630775264156,-6.0,55.5,1995-03-12,1997-12-30,3,456151.6187833065,3923096.297311226,True,
usa_NC_0034_0033,usa_NC_0034,33,49,29,32.324137931034485,13.335871474346757,2.4764091633145204,-4.6,54.3,1995-03-12,1997-12-30,3,456155.3100912594,3923146.286144749,True,
usa_NC_0034_0034,usa_NC_0034,34,49,29,30.95862068965517,13.686163952833619,2.541456843568016,-7.9,50.5,1995-03-12,1997-12-30,3,456158.32463990955,3923196.3009680505,True,
usa_NC_0034_0035,usa_NC_0034,35,49,29,30.882758620689657,13.584657021947255,2.522607479709758,-8.2,53.4,1995-03-12,1997-12-30,3,456162.4888267763,3923246.265548324,True,
usa_NC_0034_0036,usa_NC_0034,36,49,29,32.789655172413795,12.709651698823958,2.3601230703256566,-7.8,51.1,1995-03-12,1997-12-30,3,456166.1785045967,3923296.247662098,True,
usa_NC_0034_0037,usa_NC_0034,37,49,29,43.08275862068965,13.502911563424208,2.5074277291448825,-2.5,59.7,1995-03-12,1997-12-30,3,456171.2114460124,3923346.327267176,True,
usa_NC_0034_0038,usa_NC_0034,38,49,29,37.9103448275862,13.860461361822036,2.573823059873504,-7.3,55.8,1995-03-12,1997-12-30,3,456175.48375542264,3923396.470476366,True,
usa_NC_0034_0039,usa_NC_0034,39,50,29,39.762068965517244,13.648610965251672,2.534483428839428,1.0,65.3,1995-03-12,1997-12-30,3,456179.56549109175,3923446.6144750887,True,
usa_NC_0034_0040,usa_NC_0034,40,50,29,42.45862068965516,12.937473733344746,2.4024285600701782,5.8,61.4,1995-03-12,1997-12-30,3,456184.9809731341,3923496.6877905927,True,
usa_NC_0034_0041,usa_NC_0034,41,50,29,43.69655172413794,13.973686566406075,2.594848452528903,-3.8,62.1,1995-03-12,1997-12-30,3,456190.09689263906,3923546.7648581667,True,
usa_NC_0034_0042,usa_NC_0034,42,50,28,46.596428571428575,10.033591068777405,1.8961704803502704,29.0,61.4,1995-03-12,1997-12-30,3,456198.28800679394,3923596.678739515,True,
usa_NC_0034_0043,usa_NC_0034,43,50,29,48.1551724137931,15.34818710110873,2.850086794145051,0.8,66.9,1995-03-12,1997-12-30,3,456202.93928074604,3923646.757702572,True,
usa_NC_0034_0044,usa_NC_0034,44,50,29,46.224137931034484,15.034095895958192,2.791761521586184,5.1,63.9,1995-03-12,1997-12-30,3,456207.95501870883,3923696.8158581783,True,
usa_NC_0034_0045,usa_NC_0034,45,50,28,47.25714285714285,13.90700405927754,2.6281767302010093,6.7,63.0,1995-03-12,1997-08-24,3,456213.7134319973,3923746.831931922,True,
usa_NC_0034_0046,usa_NC_0034,46,50,28,54.72142857142857,14.204025437330737,2.684308494515185,13.6,78.7,1995-03-12,1997-08-24,3,456220.06471695786,3923796.8113780865,True,
usa_NC_0034_0047,usa_NC_0034,47,50,29,52.65862068965518,17.27271831616427,3.207463268957082,6.4,77.5,1995-03-12,1997-12-30,3,456224.2193325682,3923846.907953162,True,
usa_NC_0034_0048,usa_NC_0034,48,50,29,55.599999999999994,15.21545267154415,2.825438629359318,10.4,80.1,1995-03-12,1997-12-30,3,456229.96400216856,3923896.91340418,True,
usa_NC_0034_0049,usa_NC_0034,49,51,29,59.44137931034483,14.878928466635994,2.762947653324135,15.5,85.7,1995-03-12,1997-12-30,3,456234.9203524087,3923946.9606717676,True,
usa_NC_0034_0050,usa_NC_0034,50,51,29,62.88275862068965,14.080763701019235,2.6147321772519234,23.5,87.8,1995-03-12,1997-12-30,3,456239.04614592664,3923997.0551517196,True,
usa_NC_0034_0051,usa_NC_0034,51,51,29,65.56896551724138,14.099090736849357,2.618135422368181,24.2,90.0,1995-03-12,1997-12-30,3,456241.9375254347,3924047.2244430683,True,
usa_NC_0034_0052,usa_NC_0034,52,51,29,53.95172413793103,14.63180539318506,2.717058050628311,9.0,81.6,1995-03-12,1997-12-30,3,456245.35466575203,3924097.3639252004,True,
usa_NC_0034_0053,usa_NC_0034,53,51,29,51.186206896551724,14.857434986707378,2.758956414300189,1.4,72.0,1995-03-12,1997-12-30,3,456249.82669860206,3924147.438216931,True,
usa_NC_0034_0054,usa_NC_0034,54,51,29,55.55172413793103,15.74986668174086,2.924676819709351,5.3,76.9,1995-03-12,1997-12-30,3,456253.88027919264,3924197.5384083665,True,
usa_NC_0034_0055,usa_NC_0034,55,51,29,55.865517241379315,14.602892958541492,2.7116891462996517,7.9,76.9,1995-03-12,1997-12-30,3,456256.9245664287,3924247.879016634,True,
usa_NC_0034_0056,usa_NC_0034,56,51,29,57.62413793103448,13.423185037528317,2.4926228849569636,13.2,77.1,1995-03-12,1997-12-30,3,456259.92861001816,3924298.784637145,True,
usa_NC_0034_0057,usa_NC_0034,57,51,29,52.431034482758626,13.970047127650231,2.594172625718362,4.2,70.0,1995-03-12,1997-12-30,3,456264.70703984797,3924349.5665714946,True,
usa_NC_0034_0058,usa_NC_0034,58,51,29,57.28275862068965,13.534982953324986,2.5133832367383158,9.9,72.4,1995-03-12,1997-12-30,3,456270.19915430434,3924400.285487477,True,
usa_NC_0034_0059,usa_NC_0034,59,52,29,59.39655172413795,13.641336412291155,2.5331325782673377,14.1,75.7,1995-03-12,1997-12-30,3,456276.38823726866,3924450.9329528785,True,
usa_NC_0034_0060,usa_NC_0034,60,52,29,66.43448275862069,12.52734939077779,2.3262703815825665,26.9,83.6,1995-03-12,1997-12-30,3,456281.6181729918,3924501.6474561403,True,
usa_NC_0034_0061,usa_NC_0034,61,52,29,63.90344827586206,12.294902624334682,2.2831061006797513,17.1,78.6,1995-03-12,1997-12-30,3,456286.07012876717,3924552.4252175945,True,
usa_NC_0034_0062,usa_NC_0034,62,52,29,74.38275862068966,12.353254891077933,2.293941844586037,27.0,91.7,1995-03-12,1997-12-30,3,456289.6651017727,3924603.284791349,True,
usa_NC_0034_0063,usa_NC_0034,63,52,29,68.37931034482759,11.712703095063215,2.1749943622051657,26.2,84.6,1995-03-12,1997-12-30,3,456294.01956741425,3924654.0710310447,True,
usa_NC_0034_0064,usa_NC_0034,64,52,29,75.6793103448276,11.661946030644925,2.1655690119631372,36.1,93.2,1995-03-12,1997-12-30,3,456298.35442391055,3924704.8575077616,True,
usa_NC_0034_0065,usa_NC_0034,65,52,29,64.36206896551724,12.210838680483343,2.2674958181977805,28.5,87.5,1995-03-12,1997-12-30,3,456302.70432222955,3924755.6405893145,True,
usa_NC_0034_0066,usa_NC_0034,66,52,29,72.84827586206896,13.056405671701512,2.4245136665833904,38.9,101.8,1995-03-12,1997-12-30,3,456306.5478723435,3924806.4812024324,True,
usa_NC_0034_0067,usa_NC_0034,67,52,29,74.92413793103448,12.550345902245478,2.3305407265564515,43.7,98.7,1995-03-12,1997-12-30,3,456309.29184882244,3924857.4586912883,True,
usa_NC_0034_0068,usa_NC_0034,68,52,29,73.35172413793103,10.70242364706155,1.9873901784551715,39.8,92.8,1995-03-12,1997-12-30,3,456315.45452937676,3924907.822197575,True,
usa_NC_0034_0069,usa_NC_0034,69,53,29,69.82413793103449,10.872627989997035,2.0189963314757793,36.1,92.8,1995-03-12,1997-12-30,3,456321.6962761123,3924958.094839272,True,
usa_NC_0034_0070,usa_NC_0034,70,53,28,85.66785714285713,11.985115879519173,2.264974003678492,49.0,112.0,1995-03-12,1997-12-30,3,456326.8724349831,3925008.4942375775,True,
usa_NC_0034_0071,usa_NC_0034,71,53,28,69.4,12.537026642591018,2.3692753340347776,35.7,99.1,1995-03-12,1997-12-30,3,456331.8510880414,3925058.7644415745,True,
usa_NC_0034_0072,usa_NC_0034,72,53,28,72.22142857142858,11.960842195754696,2.260386708632476,44.1,100.8,1995-03-12,1997-12-30,3,456336.4192171741,3925108.712855508,True,
usa_NC_0034_0073,usa_NC_0034,73,53,28,75.4607142857143,10.668796290384137,2.016212983768919,49.3,100.4,1995-03-12,1997-12-30,3,456340.8599408761,3925158.6777837602,True,
usa_NC_0034_0074,usa_NC_0034,74,53,28,73.66785714285716,10.957089826241157,2.0706953409450017,47.4,94.7,1995-03-12,1997-12-30,3,456345.89925143245,3925208.559449609,True,
usa_NC_0034_0075,usa_NC_0034,75,53,28,77.03928571428571,11.228447314768374,2.1219770860191502,45.2,100.2,1995-03-12,1997-12-30,3,456351.18230749934,3925258.405521372,True,
usa_NC_0034_0076,usa_NC_0034,76,53,28,78.45357142857142,11.186879952372022,2.1141215929078903,43.8,102.9,1995-03-12,1997-12-30,3,456357.9556672391,3925308.041228147,True,
usa_NC_0034_0077,usa_NC_0034,77,53,28,76.00357142857145,9.641364669921613,1.822046658278352,49.1,94.0,1995-03-12,1997-12-30,3,456364.7939633306,3925357.6629014257,True,
usa_NC_0034_0078,usa_NC_0034,78,53,28,71.58928571428571,10.091813304218215,1.9071734486181728,45.0,89.6,1995-03-12,1997-12-30,3,456369.27538144693,3925407.6129437927,True,
usa_NC_0034_0079,usa_NC_0034,79,54,28,72.88214285714287,10.556060347161248,1.9949078930842006,46.1,91.0,1995-03-12,1997-12-30,3,456372.89055950084,3925457.6854933472,True,
usa_NC_0034_0080,usa_NC_0034,80,54,28,69.57142857142858,11.208259426203488,2.1181619336878525,48.5,90.8,1995-03-12,1997-12-30,3,456377.6082101641,3925507.5556127913,True,
usa_NC_0034_0081,usa_NC_0034,81,54,28,67.22142857142856,13.332565454079031,2.5196180378560045,45.6,93.8,1995-03-12,1997-12-30,3,456384.26850784005,3925557.009479493,True,
usa_NC_0034_0082,usa_NC_0034,82,54,28,63.328571428571436,13.472464569903371,2.5460564856495065,42.9,90.7,1995-03-12,1997-12-30,3,456389.94590247556,3925606.5949664502,True,
usa_NC_0034_0083,usa_NC_0034,83,54,28,57.79285714285714,12.351246108117206,2.334166113130894,36.1,82.0,1995-03-12,1997-12-30,3,456395.1829106549,3925655.968570451,True,
usa_NC_0034_0084,usa_NC_0034,84,54,28,55.70714285714285,11.34868008547865,2.1446989439291246,36.1,81.9,1995-03-12,1997-12-30,3,456400.7198103938,3925705.291703683,True,
usa_NC_0034_0085,usa_NC_0034,85,54,28,54.28214285714286,11.493574809638726,2.1720814729586153,31.4,84.2,1995-03-12,1997-12-30,3,456406.08941205277,3925754.631849908,True,
usa_NC_0034_0086,usa_NC_0034,86,54,28,53.40714285714286,10.947413987598761,2.068866779318304,32.7,77.0,1995-03-12,1997-12-30,3,456410.82669866603,3925804.0551734082,True,
usa_NC_0034_0087,usa_NC_0034,87,54,28,54.846428571428575,10.79716979867297,2.0404732964732863,35.3,76.9,1995-03-12,1997-12-30,3,456417.8542923923,3925853.144647415,True,
usa_NC_0034_0088,usa_NC_0034,88,54,28,55.73214285714287,12.17255728241403,2.300397099211125,32.9,79.2,1995-03-12,1997-12-30,3,456424.565962893,3925902.273491545,True,
usa_NC_0034_0089,usa_NC_0034,89,55,28,54.378571428571426,12.732151112741002,2.4061503928004995,26.2,86.3,1995-03-12,1997-12-30,3,456432.45518170786,3925951.2301468663,True,
usa_NC_0034_0090,usa_NC_0034,90,55,28,51.682142857142864,13.873343840335298,2.62181554674407,20.5,81.8,1995-03-12,1997-12-30,3,456439.0139013602,3926000.3695802493,True,
usa_NC_0034_0091,usa_NC_0034,91,55,28,49.50000000000001,14.971602749501768,2.8293669716594665,24.4,87.0,1995-03-12,1997-12-30,3,456444.28864967235,3926049.683213481,True,
usa_NC_0034_0092,usa_NC_0034,92,55,28,52.04642857142857,16.203028572480974,3.0620845777756114,31.7,94.5,1995-03-12,1997-12-30,3,456451.7645765446,3926098.681940291,True,
usa_NC_0034_0093,usa_NC_0034,93,55,28,54.50000000000001,17.601199454077616,3.3263140379953717,28.0,101.6,1995-03-12,1997-12-30,3,456459.1481585147,3926147.6885352577,True,
usa_NC_0034_0094,usa_NC_0034,94,55,28,55.414285714285704,18.682705694398013,3.5306995060848165,23.6,99.1,1995-03-12,1997-12-30,3,456466.4494664558,3926196.701470557,True,
usa_NC_0034_0095,usa_NC_0034,95,55,28,54.371428571428574,18.08121302762247,3.4170280766764507,18.5,93.6,1995-03-12,1997-12-30,3,456471.84614850965,3926245.972509369,True,
usa_NC_0034_0096,usa_NC_0034,96,55,27,55.762962962962966,18.225745698538816,3.507546395077683,21.9,95.8,1995-03-12,1997-12-30,3,456479.6649515732,3926294.9915028145,True,
usa_NC_0034_0097,usa_NC_0034,97,55,28,52.08928571428571,19.267538221073522,3.6412224649565985,16.7,89.0,1995-03-12,1997-12-30,3,456483.2007898518,3926345.2144795996,True,
usa_NC_0034_0098,usa_NC_0034,98,55,28,48.846428571428575,17.379414859153368,3.284400689224318,10.6,78.3,1995-03-12,1997-12-30,3,456488.59015625075,3926395.3680132604,True,
usa_NC_0034_0099,usa_NC_0034,99,56,28,46.753571428571426,16.654873208382632,3.1474751876209193,4.2,78.5,1995-03-12,1997-12-30,3,456495.1182571255,3926445.3630060665,True,
usa_NC_0034_0100,usa_NC_0034,100,56,27,42.53333333333333,15.79381573226101,3.039521254850747,0.8,72.1,1995-03-12,1997-12-30,3,456498.69626337267,3926495.778648898,True,
usa_NC_0034_0101,usa_NC_0034,101,56,27,39.69259259259258,16.90004383075622,3.2524149516678595,-4.9,68.3,1995-03-12,1997-12-30,3,456503.6246864025,3926546.007147614,True,
usa_NC_0034_0102,usa_NC_0034,102,56,27,36.64074074074073,16.8208492253206,3.237173942745652,-7.6,62.1,1995-03-12,1997-12-30,3,456508.34465721744,3926596.2698659655,True,
usa_NC_0034_0103,usa_NC_0034,103,56,27,34.144444444444446,16.582319902032204,3.1912689530755936,-7.0,66.0,1995-03-12,1997-12-30,3,456512.88400413207,3926646.563603697,True,
usa_NC_0034_0104,usa_NC_0034,104,56,27,32.55555555555556,15.627326493464366,3.007480385905274,-2.4,64.0,1995-03-12,1997-12-30,3,456518.85003958247,3926696.6502221636,True,
usa_NC_0034_0105,usa_NC_0034,105,56,27,32.42592592592593,14.793985071710539,2.847103754513128,0.5,61.9,1995-03-12,1997-12-30,3,456527.0998927935,3926746.1476940997,True,
usa_NC_0034_0106,usa_NC_0034,106,56,27,29.962962962962962,15.96513384145271,3.072491440337042,-4.1,60.7,1995-03-12,1997-12-30,3,456533.90339581575,3926795.073823904,True,
usa_NC_0034_0107,usa_NC_0034,107,56,26,31.203846153846158,17.132833525584278,3.3600250950034964,-10.9,62.2,1995-03-12,1997-08-24,3,456542.3464438079,3926843.8398067397,True,
usa_NC_0034_0108,usa_NC_0034,108,56,26,32.23461538461538,17.56141092982434,3.444076039130613,-17.8,60.8,1995-03-12,1997-08-24,3,456549.866885776,3926892.400545898,True,
usa_NC_0034_0109,usa_NC_0034,109,56,26,35.565384615384616,18.181659820988674,3.565716854489506,-18.4,61.2,1995-03-12,1997-08-24,3,456558.9992203207,3926940.8415703406,True,
usa_NC_0034_0110,usa_NC_0034,110,57,26,37.92307692307692,18.953528593743332,3.7170927750360025,-17.5,66.4,1995-03-12,1997-08-24,3,456567.170991651,3926989.4422352747,True,
usa_NC_0034_0111,usa_NC_0034,111,57,26,39.20769230769231,17.262512518794548,3.3854572379605052,-7.6,63.7,1995-03-12,1997-08-24,3,456575.7682765424,3927038.006414248,True,
usa_NC_0034_0112,usa_NC_0034,112,57,26,40.19230769230769,15.293421411232298,2.9992867002104306,2.8,62.1,1995-03-12,1997-08-24,3,456584.9716363253,3927086.5121878525,True,
usa_NC_0034_0113,usa_NC_0034,113,57,26,42.19230769230769,14.602326474282737,2.8637518321623157,9.9,64.5,1995-03-12,1997-08-24,3,456595.18552781193,3927134.909193922,True,
usa_NC_0034_0114,usa_NC_0034,114,57,26,41.965384615384615,14.975177923689381,2.936874017400617,4.8,66.1,1995-03-12,1997-08-24,3,456604.866599071,3927183.6231288416,True,
usa_NC_0034_0115,usa_NC_0034,115,57,27,40.729629629629635,15.359031790769155,2.9558470462975306,-2.3,66.3,1995-03-12,1997-08-24,3,456613.81288819405,3927232.495392452,True,
usa_NC_0034_0116,usa_NC_0034,116,57,28,41.09285714285714,15.218529849944467,2.876031807354727,-4.1,68.9,1995-03-12,1997-12-30,3,456624.34730401693,3927281.172384692,True,
usa_NC_0034_0117,usa_NC_0034,117,57,28,41.232142857142854,15.568987539845775,2.9422620853925165,-4.7,70.6,1995-03-12,1997-12-30,3,456633.19133427116,3927330.0828531743,True,
usa_NC_0034_0118,usa_NC_0034,118,57,28,41.339285714285715,16.421966753817646,3.1034600049408683,-3.2,79.0,1995-03-12,1997-12-30,3,456641.7968002795,3927379.035520561,True,
usa_NC_0034_0119,usa_NC_0034,119,57,28,42.90714285714285,18.235170099876463,3.4461232285167123,-1.0,87.3,1995-03-12,1997-12-30,3,456649.45816216554,3927428.119662457,True,
usa_NC_0034_0120,usa_NC_0034,120,58,28,44.92857142857143,19.33716163519921,3.6543800534711575,6.6,93.4,1995-03-12,1997-12-30,3,456657.9551593057,3927477.1073265313,True,
usa_NC_0034_0121,usa_NC_0034,121,58,28,43.89285714285713,20.308508134412595,3.83794728731343,8.0,92.3,1995-03-12,1997-12-30,3,456666.1309944179,3927526.2984629828,True,
usa_NC_0034_0122,usa_NC_0034,122,58,28,41.68928571428571,20.46129750937598,3.866821765108153,7.0,89.7,1995-03-12,1997-12-30,3,456673.78362589463,3927576.011620273,True,
usa_NC_0034_0123,usa_NC_0034,123,58,28,39.01428571428572,19.352437195268855,3.65726686297698,4.5,84.4,1995-03-12,1997-12-30,3,456681.7762954802,3927625.7151413755,True,
usa_NC_0034_0124,usa_NC_0034,124,58,28,38.9,18.957496318519137,3.582630052801725,11.7,85.7,1995-03-12,1997-12-30,3,456690.31225389475,3927675.3461386445,True,
usa_NC_0034_0125,usa_NC_0034,125,58,28,38.771428571428565,18.797160091706072,3.5523293540658814,10.8,78.9,1995-03-12,1997-12-30,3,456698.9689543427,3927724.9580883607,True,
usa_NC_0034_0126,usa_NC_0034,126,58,28,36.089285714285715,18.60884575172894,3.5167412889311125,8.7,75.2,1995-03-12,1997-12-30,3,456706.80214358564,3927774.6772419414,True,
usa_NC_0034_0127,usa_NC_0034,127,58,28,32.721428571428575,17.653188929059798,3.3361391252522052,2.0,72.5,1995-03-12,1997-12-30,3,456713.955017549,3927824.488058771,True,
usa_NC_0034_0128,usa_NC_0034,128,58,28,31.5,16.082472630970834,3.0393016463251055,5.1,65.5,1995-03-12,1997-12-30,3,456722.255876933,3927874.142423456,True,
usa_NC_0034_0129,usa_NC_0034,129,58,28,31.34642857142857,15.850983896155798,2.9955543874941366,3.4,65.5,1995-03-12,1997-12-30,3,456730.9898252993,3927923.7342698704,True,
usa_NC_0034_0130,usa_NC_0034,130,59,28,30.985714285714288,14.665245241366339,2.7714708446020526,3.5,58.7,1995-03-12,1997-12-30,3,456738.0193294566,3927973.5622321465,True,
usa_NC_0034_0131,usa_NC_0034,131,59,28,33.56785714285714,13.443380680728495,2.540560147226986,10.0,59.6,1995-03-12,1997-12-30,3,456746.1717357503,3928023.232214735,True,
usa_NC_0034_0132,usa_NC_0034,132,59,28,32.11785714285714,12.983780581982206,2.453703892668171,8.3,53.5,1995-03-12,1997-12-30,3,456754.9193608439,3928072.8351936424,True,
usa_NC_0034_0133,usa_NC_0034,133,59,28,28.25714285714286,12.03843931595874,2.2750511859549536,2.2,51.8,1995-03-12,1997-12-30,3,456762.71943886916,3928122.8405737397,True,
usa_NC_0034_0134,usa_NC_0034,134,59,28,28.650000000000002,11.69053114783578,2.2093027222448534,3.8,52.4,1995-03-12,1997-12-30,3,456771.0012242549,3928172.7725752755,True,
usa_NC_0034_0135,usa_NC_0034,135,59,28,29.946428571428573,11.974710454795579,2.2630075632424473,5.1,53.3,1995-03-12,1997-12-30,3,456779.4788331763,3928222.670578551,True,
usa_NC_0034_0136,usa_NC_0034,136,59,28,34.667857142857144,12.258271691707803,2.316595599980134,8.5,61.2,1995-03-12,1997-12-30,3,456789.71422074223,3928272.289134632,True,
usa_NC_0034_0137,usa_NC_0034,137,59,28,34.625,12.596284725620047,2.3804740590965796,8.6,58.3,1995-03-12,1997-12-30,3,456800.34394915256,3928321.829151629,True,
usa_NC_0034_0138,usa_NC_0034,138,59,28,34.228571428571435,12.985771619363426,2.4540801633654383,9.2,60.4,1995-03-12,1997-12-30,3,456810.8479943961,3928371.371286127,True,
usa_NC_0034_0139,usa_NC_0034,139,59,28,47.185714285714276,12.886734904852217,2.435363983561041,24.1,77.5,1995-03-12,1997-12-30,3,456821.7971831801,3928420.7111380803,True,
usa_NC_0034_0140,usa_NC_0034,140,60,28,39.59285714285714,13.089971523932148,2.4737720943744024,13.4,69.2,1995-03-12,1997-12-30,3,456833.0066077797,3928469.9250455545,True,
usa_NC_0034_0141,usa_NC_0034,141,60,28,37.67142857142857,12.528747894722914,2.3677107977472054,11.8,63.7,1995-03-12,1997-12-30,3,456843.6904114332,3928519.2228576187,True,
usa_NC_0034_0142,usa_NC_0034,142,60,28,38.550000000000004,11.669666281051533,2.2053596330555956,13.8,61.6,1995-03-12,1997-12-30,3,456854.3190842957,3928568.5274936557,True,
usa_NC_0034_0143,usa_NC_0034,143,60,28,40.292857142857144,12.446208066640025,2.352112236435395,14.6,66.2,1995-03-12,1997-12-30,3,456864.12335084396,3928617.9727716916,True,
usa_NC_0034_0144,usa_NC_0034,144,60,28,44.83571428571429,13.1065495158581,2.4769050403653243,20.5,70.0,1995-03-12,1997-12-30,3,456874.6444634125,3928667.2933695684,True,
usa_NC_0034_0145,usa_NC_0034,145,60,28,46.69642857142857,13.05164902715524,2.4665298232250614,24.1,72.6,1995-03-12,1997-12-30,3,456886.80494814325,3928716.3203105624,True,
usa_NC_0034_0146,usa_NC_0034,146,60,28,46.003571428571426,13.636103552914964,2.5769813466383775,22.6,75.1,1995-03-12,1997-12-30,3,456897.59240757854,3928765.585446309,True,
usa_NC_0034_0147,usa_NC_0034,147,60,28,47.378571428571426,12.881205290478439,2.4343189846696762,19.9,74.8,1995-03-12,1997-12-30,3,456908.13619443827,3928814.6402929276,True,
usa_NC_0034_0148,usa_NC_0034,148,60,28,50.13214285714285,12.301582360470078,2.324780547027339,20.5,79.7,1995-03-12,1997-12-30,3,456918.6718623464,3928863.5786989587,True,
usa_NC_0034_0149,usa_NC_0034,149,60,28,49.62857142857143,12.89464020559496,2.436857944975646,13.7,77.8,1995-03-12,1997-12-30,3,456929.9728947526,3928912.3778891866,True,
usa_NC_0034_0150,usa_NC_0034,150,61,28,50.12500000000001,12.93466845915071,2.4444225738559857,12.9,77.0,1995-03-12,1997-12-30,3,456941.19922683283,3928961.1900360226,True,
usa_NC_0034_0151,usa_NC_0034,151,61,28,48.5,12.47465578831885,2.35748835050172,12.1,75.8,1995-03-12,1997-12-30,3,456951.9282151462,3929010.092150931,True,
usa_NC_0034_0152,usa_NC_0034,152,61,28,50.525,13.404880951852327,2.533284382359146,12.5,75.9,1995-03-12,1997-12-30,3,456962.8302431137,3929058.9623729177,True,
usa_NC_0034_0153,usa_NC_0034,153,61,28,53.050000000000004,14.69064958349988,2.7762718139953777,12.0,84.4,1995-03-12,1997-12-30,3,456974.4532512599,3929107.7005382283,True,
usa_NC_0034_0154,usa_NC_0034,154,61,28,48.960714285714296,16.061071854036676,3.035257279637152,-1.7,83.8,1995-03-12,1997-12-30,3,456982.9789016792,3929157.1045336802,True,
usa_NC_0034_0155,usa_NC_0034,155,61,28,50.471428571428575,14.91782074102567,2.8192031274139433,1.0,81.7,1995-03-12,1997-12-30,3,456992.5000024519,3929206.3389951815,True,
usa_NC_0034_0156,usa_NC_0034,156,61,28,49.65357142857143,13.683850501604603,2.5860046717880167,1.2,77.6,1995-03-12,1997-12-30,3,457000.9870074379,3929255.765835067,True,
usa_NC_0034_0157,usa_NC_0034,157,61,28,48.13928571428571,14.259222857783538,2.6947398264816407,2.4,80.5,1995-03-12,1997-12-30,3,457009.02311683836,3929305.2792752846,True,
usa_NC_0034_0158,usa_NC_0034,158,61,28,47.575,15.34274167879464,2.899505636571161,1.1,77.1,1995-03-12,1997-12-30,3,457016.7814472754,3929354.848139126,True,
usa_NC_0034_0159,usa_NC_0034,159,61,28,45.78214285714286,15.399400026105601,2.9102130577626415,0.4,80.3,1995-03-12,1997-12-30,3,457025.83365067974,3929404.1781493495,True,
usa_NC_0034_0161,usa_NC_0034,161,62,27,50.766666666666666,14.408624554011446,2.7729410883035865,14.0,83.6,1995-03-12,1997-12-30,3,457045.42015783174,3929502.562723272,True,
usa_NC_0034_0162,usa_NC_0034,162,62,27,51.38888888888888,13.64997417110358,2.6269387540393634,18.1,80.4,1995-03-12,1997-12-30,3,457056.2226397455,3929551.5636797715,True,
usa_NC_0034_0163,usa_NC_0034,163,62,27,48.64814814814814,11.48655971694981,2.210589448214561,18.1,72.1,1995-03-12,1997-12-30,3,457067.7049050173,3929600.4334235205,True,
usa_NC_0034_0164,usa_NC_0034,164,62,27,53.237037037037034,11.68734187546339,2.249229992636658,30.2,75.8,1995-03-12,1997-12-30,3,457081.08889020234,3929648.768682006,True,
usa_NC_0034_0165,usa_NC_0034,165,62,27,57.13333333333333,12.67180395147492,2.438689807500736,29.4,82.2,1995-03-12,1997-12-30,3,457092.5573398356,3929697.430436151,True,
usa_NC_0034_0166,usa_NC_0034,166,62,27,61.414814814814825,12.808221629505843,2.4649434018785286,35.3,85.5,1995-03-12,1997-12-30,3,457104.0708542054,3929746.084883366,True,
usa_NC_0034_0167,usa_NC_0034,167,62,27,64.79629629629629,12.805391937698069,2.4643988274362143,36.5,86.8,1995-03-12,1997-12-30,3,457115.1862712631,3929794.8165061953,True,
usa_NC_0034_0168,usa_NC_0034,168,62,27,65.91111111111111,13.266711763871296,2.5531798693774226,34.1,87.2,1995-03-12,1997-12-30,3,457126.31892978156,3929843.545994362,True,
usa_NC_0034_0169,usa_NC_0034,169,62,27,65.24074074074073,13.32823086128605,2.565019225194993,31.9,86.6,1995-03-12,1997-12-30,3,457134.4334337267,3929892.8507011835,True,
usa_NC_0034_0170,usa_NC_0034,170,62,27,66.28148148148148,13.2087394448069,2.5420230913716306,35.4,86.1,1995-03-12,1997-12-30,3,457143.98536617524,3929941.8822798403,True,
usa_NC_0034_0171,usa_NC_0034,171,63,26,66.81923076923077,12.347534789771414,2.4215508014542397,38.5,91.7,1995-03-12,1997-12-30,3,457153.2471669625,3929990.9768732763,True,
usa_NC_0034_0172,usa_NC_0034,172,63,26,65.49230769230769,12.587070289052114,2.4685275778015656,35.3,90.4,1995-03-12,1997-12-30,3,457162.5353581389,3930040.12880667,True,
usa_NC_0034_0173,usa_NC_0034,173,63,26,65.07307692307694,13.064258346873203,2.5621118554355338,35.3,90.0,1995-03-12,1997-12-30,3,457171.8864167249,3930089.268265653,True,
usa_NC_0034_0174,usa_NC_0034,174,63,26,66.33076923076923,14.398437949465746,2.823766002676182,33.2,101.7,1995-03-12,1997-12-30,3,457181.29001791315,3930138.3971803957,True,
usa_NC_0034_0175,usa_NC_0034,175,63,26,72.04615384615384,13.697247337161748,2.686251209795945,36.6,101.3,1995-03-12,1997-12-30,3,457190.23046686046,3930187.6138833077,True,
usa_NC_0034_0176,usa_NC_0034,176,63,26,70.13461538461539,14.42037287472671,2.828067795442907,34.7,97.4,1995-03-12,1997-12-30,3,457198.44854908553,3930236.9681741334,True,
usa_NC_0034_0177,usa_NC_0034,177,63,26,66.74615384615385,15.921287153223028,3.122421302915321,22.6,98.0,1995-03-12,1997-12-30,3,457207.78394452913,3930286.1088020257,True,
usa_NC_0034_0178,usa_NC_0034,178,63,26,64.30769230769229,13.833001787809414,2.7128748479847724,24.1,92.6,1995-03-12,1997-12-30,3,457217.04737707664,3930335.2626723573,True,
usa_NC_0034_0179,usa_NC_0034,179,63,26,65.32307692307693,13.279557453237896,2.604335484074482,31.4,93.6,1995-03-12,1997-12-30,3,457226.0534471666,3930384.4805071405,True,
usa_NC_0034_0180,usa_NC_0034,180,63,26,63.449999999999996,13.79162789521237,2.704760760073018,26.0,94.5,1995-03-12,1997-12-30,3,457234.6247087019,3930433.78368503,True,
usa_NC_0034_0181,usa_NC_0034,181,64,26,64.16153846153847,14.259763726600154,2.796569750044491,21.5,98.6,1995-03-12,1997-12-30,3,457243.549520611,3930483.0194249465,True,
usa_NC_0034_0182,usa_NC_0034,182,64,26,65.9076923076923,13.316063174284599,2.6114948449965945,21.0,95.9,1995-03-12,1997-12-30,3,457253.7687759715,3930532.006524144,True,
usa_NC_0034_0183,usa_NC_0034,183,64,26,69.71923076923078,12.210520684418638,2.3946801246530374,32.3,99.4,1995-03-12,1997-12-30,3,457265.36495881004,3930580.7282378646,True,
usa_NC_0034_0184,usa_NC_0034,184,64,26,66.96153846153845,12.203346325433099,2.393273117096699,28.4,90.3,1995-03-12,1997-12-30,3,457275.3832331701,3930629.753220251,True,
usa_NC_0034_0185,usa_NC_0034,185,64,26,62.373076923076916,14.12313159868753,2.769773985182561,18.6,89.8,1995-03-12,1997-12-30,3,457284.02669503685,3930679.0433242554,True,
usa_NC_0034_0186,usa_NC_0034,186,64,26,65.96153846153847,13.253198162649705,2.599166001879342,28.3,96.3,1995-03-12,1997-12-30,3,457293.63403713657,3930728.147624821,True,
usa_NC_0034_0187,usa_NC_0034,187,64,26,64.61538461538461,12.855432853317456,2.521157806721057,26.7,97.0,1995-03-12,1997-12-30,3,457303.00434481556,3930777.2977715796,True,
usa_NC_0034_0188,usa_NC_0034,188,64,26,65.63846153846154,11.563323983114092,2.267754408919008,33.0,92.8,1995-03-12,1997-12-30,3,457313.1398073756,3930826.3087576013,True,
usa_NC_0034_0189,usa_NC_0034,189,64,26,66.2076923076923,11.745021858708414,2.3033882940433847,39.9,89.6,1995-03-12,1997-12-30,3,457323.8882021271,3930875.3028318575,True,
usa_NC_0034_0190,usa_NC_0034,190,64,26,67.65384615384616,12.204236338885961,2.3934476630952957,37.2,87.0,1995-03-12,1997-12-30,3,457335.4653834536,3930924.1915234094,True,
usa_NC_0034_0191,usa_NC_0034,191,65,26,67.62307692307694,10.80819347318719,2.119661131787218,45.2,84.9,1995-03-12,1997-12-30,3,457346.1301672701,3930973.255097406,True,
usa_NC_0034_0192,usa_NC_0034,192,65,26,71.2346153846154,11.914862728800273,2.3366968290743064,47.4,93.7,1995-03-12,1997-12-30,3,457356.88906517846,3931022.2973227636,True,
usa_NC_0034_0193,usa_NC_0034,193,65,27,69.57407407407408,12.933337739007092,2.4890220083786967,42.9,89.3,1995-03-12,1997-12-30,3,457367.27653629595,3931071.4108396964,True,
usa_NC_0034_0194,usa_NC_0034,194,65,27,66.51851851851852,15.008203834442758,2.8883301746227668,36.0,87.5,1995-03-12,1997-12-30,3,457375.969033227,3931120.86321567,True,
usa_NC_0034_0195,usa_NC_0034,195,65,27,68.67037037037038,15.746545770539765,3.030424146475965,23.0,87.3,1995-03-12,1997-12-30,3,457385.60268221784,3931170.127548952,True,
usa_NC_0034_0196,usa_NC_0034,196,65,25,67.208,12.559422757435948,2.5118845514871895,39.0,85.5,1995-03-12,1997-12-30,3,457398.4482990478,3931218.7374604978,True,
usa_NC_0034_0197,usa_NC_0034,197,65,25,68.752,17.129996108191815,3.425999221638363,13.3,86.7,1995-03-12,1997-06-21,3,457406.7085668904,3931268.2783508403,True,
usa_NC_0034_0198,usa_NC_0034,198,65,25,68.54,16.418358626854268,3.2836717253708536,18.5,84.9,1995-03-12,1997-06-21,3,457416.91046406055,3931317.4248436424,True,
usa_NC_0034_0199,usa_NC_0034,199,65,25,71.044,12.525443438590642,2.5050886877181284,40.9,86.8,1995-03-12,1997-12-30,3,457428.11168755236,3931366.3649868416,True,
usa_NC_0034_0200,usa_NC_0034,200,65,25,68.492,11.615181158007537,2.3230362316015074,45.3,83.1,1995-03-12,1997-12-30,3,457438.00954815565,3931415.5758042037,True,
usa_NC_0034_0201,usa_NC_0034,201,66,26,68.91923076923078,11.025208178742721,2.1622212171089195,49.1,85.6,1995-03-12,1997-12-30,3,457449.00962900044,3931464.556838671,True,
usa_NC_0034_0202,usa_NC_0034,202,66,26,68.60000000000001,9.180675356421226,1.8004785688597011,50.6,85.0,1995-03-12,1997-12-30,3,457457.5139201216,3931514.0645960015,True,
usa_NC_0034_0203,usa_NC_0034,203,66,27,66.98148148148148,11.679733829851704,2.24776582357602,29.3,88.6,1995-03-12,1997-12-30,3,457464.35666752834,3931563.931312823,True,
usa_NC_0034_0204,usa_NC_0034,204,66,27,64.53703703703702,11.503716728757649,2.2138913166764764,30.1,83.6,1995-03-12,1997-12-30,3,457473.8898406612,3931613.1419003964,True,
usa_NC_0034_0205,usa_NC_0034,205,66,27,56.44814814814816,10.172752837108561,1.9577471963013857,26.8,75.3,1995-03-12,1997-12-30,3,457482.5785217246,3931662.524723379,True,
usa_NC_0034_0206,usa_NC_0034,206,66,26,53.5076923076923,11.681093204899039,2.290850853533703,24.5,73.8,1995-03-12,1997-12-30,3,457492.0661062766,3931711.738489957,True,
usa_NC_0034_0207,usa_NC_0034,207,66,27,60.914814814814825,13.429150374170353,2.5844411945050725,24.9,86.2,1995-03-12,1997-12-30,3,457502.1655963172,3931760.7673270274,True,
usa_NC_0034_0208,usa_NC_0034,208,66,26,55.24999999999999,11.735015977833179,2.3014259793574805,32.8,77.0,1995-03-12,1997-12-30,3,457513.5585864658,3931809.436851783,True,
usa_NC_0034_0209,usa_NC_0034,209,66,27,55.91111111111112,14.318985066454022,2.7556899608798204,16.6,78.4,1995-03-12,1997-12-30,3,457522.5882950791,3931858.6145139183,True,
usa_NC_0034_0210,usa_NC_0034,210,66,27,54.35925925925926,15.644567974939644,3.010798510562267,16.1,80.0,1995-03-12,1997-12-30,3,457533.7039413525,3931907.3437335766,True,
usa_NC_0034_0211,usa_NC_0034,211,66,27,48.34074074074074,15.61757538700105,3.005603784591443,10.3,76.5,1995-03-12,1997-12-30,3,457541.49791984196,3931956.7860486717,True,
usa_NC_0034_0212,usa_NC_0034,212,67,27,42.43703703703703,15.53440717464964,2.9895980546617413,5.6,66.1,1995-03-12,1997-12-30,3,457550.8735868233,3932005.888311983,True,
usa_NC_0034_0213,usa_NC_0034,213,67,26,36.76923076923077,17.077886736496858,3.3492491430894185,-12.2,59.4,1995-03-12,1997-06-21,3,457561.2969347352,3932054.7645573304,True,
usa_NC_0034_0214,usa_NC_0034,214,67,26,46.8,17.134339788856764,3.360320497534997,-3.9,70.4,1995-03-12,1997-06-21,3,457570.82457265875,3932103.828455417,True,
usa_NC_0034_0215,usa_NC_0034,215,67,26,35.82692307692308,16.930010223087468,3.3202481728018594,-12.6,60.6,1995-03-12,1997-06-21,3,457579.4819084447,3932153.078163614,True,
usa_NC_0034_0216,usa_NC_0034,216,67,26,33.23846153846154,17.011433259383573,3.3362165439914673,-19.0,58.8,1995-03-12,1997-06-21,3,457590.5440271562,3932201.812740525,True,
usa_NC_0034_0217,usa_NC_0034,217,67,27,31.666666666666668,15.734723971571237,3.0281490402037035,-20.5,55.3,1995-03-12,1997-08-24,3,457601.2580670116,3932250.621677245,True,
usa_NC_0034_0218,usa_NC_0034,218,67,27,26.433333333333334,14.568511882190936,2.8037114189583994,-17.8,51.0,1995-03-12,1997-08-24,3,457611.1559548011,3932299.6048506536,True,
usa_NC_0034_0219,usa_NC_0034,219,67,27,28.21481481481482,14.842550675046072,2.856450209232837,-16.6,50.9,1995-03-12,1997-08-24,3,457620.7201239412,3932348.658907249,True,
usa_NC_0034_0220,usa_NC_0034,220,67,27,23.374074074074073,16.098079020434337,3.0980767519612105,-30.2,49.1,1995-03-12,1997-08-24,3,457631.44832415506,3932397.464161937,True,
usa_NC_0034_0221,usa_NC_0034,221,67,27,24.770370370370372,15.151309027346953,2.91587078183799,-21.6,53.2,1995-03-12,1997-08-24,3,457642.98616442113,3932446.088798358,True,
usa_NC_0034_0222,usa_NC_0034,222,68,27,31.733333333333334,14.305754624787026,2.753143761193841,-7.6,59.3,1995-03-12,1997-08-24,3,457651.60849943553,3932495.2671426334,True,
usa_NC_0034_0223,usa_NC_0034,223,68,27,22.04074074074074,12.142052141192206,2.336739024077264,-6.0,46.1,1995-03-12,1997-08-24,3,457660.6712912242,3932544.349233729,True,
usa_NC_0034_0224,usa_NC_0034,224,68,27,23.21481481481481,12.245083902206623,2.3565674957295157,-6.4,41.4,1995-03-12,1997-08-24,3,457671.4045382816,3932592.9892110648,True,
usa_NC_0034_0225,usa_NC_0034,225,68,27,26.67037037037037,12.453878444849552,2.3967500241962556,-8.5,47.2,1995-03-12,1997-08-24,3,457681.6972147373,3932641.6803226024,True,
usa_NC_0034_0226,usa_NC_0034,226,68,27,30.181481481481484,12.522903234198745,2.4100338511000934,-3.6,53.7,1995-03-12,1997-08-24,3,457691.8403401135,3932690.4004931506,True,
usa_NC_0034_0227,usa_NC_0034,227,68,26,31.28846153846154,11.128497721546315,2.1824779630437505,11.8,54.0,1995-03-12,1997-08-24,3,457702.20079341996,3932739.0731153013,True,
usa_NC_0034_0228,usa_NC_0034,228,68,26,22.357692307692307,11.12877973820753,2.1825332710613923,3.7,43.6,1995-03-12,1997-08-24,3,457713.1702912101,3932787.618328623,True,
usa_NC_0034_0229,usa_NC_0034,229,68,26,26.619230769230764,10.78847604551335,2.1157942260769578,2.0,46.0,1995-03-12,1997-08-24,3,457722.3912604286,3932836.5210966463,True,
usa_NC_0034_0230,usa_NC_0034,230,68,26,24.123076923076926,9.727992914977177,1.907816373136961,2.0,42.8,1995-03-12,1997-08-24,3,457731.65072350507,3932885.411226834,True,
usa_NC_0034_0231,usa_NC_0034,231,68,26,18.380769230769232,10.046691763193266,1.970318359522091,-4.5,38.1,1995-03-12,1997-08-24,3,457739.4626258061,3932934.5893943855,True,
usa_NC_0034_0232,usa_NC_0034,232,69,28,23.99285714285714,9.95749963303032,1.8817905506439392,-0.7,42.2,1995-03-12,1997-12-30,3,457749.6479065727,3932983.288296699,True,
usa_NC_0034_0233,usa_NC_0034,233,69,28,18.207142857142856,10.80743669103307,2.0424135567534503,-0.3,41.7,1995-03-12,1997-12-30,3,457759.1322890307,3933032.137218386,True,
usa_NC_0034_0234,usa_NC_0034,234,69,28,21.61428571428571,12.778532758924221,2.4149157000289696,2.0,46.5,1995-03-12,1997-12-30,3,457767.78858521977,3933081.1511818036,True,
usa_NC_0034_0235,usa_NC_0034,235,69,28,14.453571428571426,14.031881216579283,2.6517762946762313,-6.5,47.3,1995-03-12,1997-12-30,3,457776.0555655042,3933130.2405300736,True,
usa_NC_0034_0236,usa_NC_0034,236,69,28,19.289285714285715,14.082753815445864,2.66139031218684,-4.0,47.2,1995-03-12,1997-12-30,3,457785.7732767915,3933179.04319769,True,
usa_NC_0034_0237,usa_NC_0034,237,69,28,22.871428571428574,14.733254327160143,2.784323353738,-1.3,53.2,1995-03-12,1997-12-30,3,457796.10689579725,3933227.727190058,True,
usa_NC_0034_0238,usa_NC_0034,238,69,28,13.917857142857143,15.682144920646834,2.963646820293305,-14.9,46.9,1995-03-12,1997-12-30,3,457804.08245901024,3933276.859485485,True,
usa_NC_0034_0239,usa_NC_0034,239,69,28,12.578571428571427,14.93411101999955,2.8222817007677112,-21.1,39.4,1995-03-12,1997-12-30,3,457813.791727968,3933325.6161366715,True,
usa_NC_0034_0240,usa_NC_0034,240,69,29,28.627586206896552,15.422036565339225,2.863800295379527,-9.3,65.3,1995-03-12,1997-12-30,3,457824.0036070705,3933374.2786028665,True,
usa_NC_0034_0241,usa_NC_0034,241,69,29,21.831034482758618,15.217872562227516,2.8258879917781177,-17.4,55.0,1995-03-12,1997-12-30,3,457835.12236311607,3933422.772796519,True,
usa_NC_0034_0243,usa_NC_0034,243,70,29,27.7,12.969221807252516,2.408324029390952,-4.0,54.5,1995-03-12,1997-12-30,3,457856.63796881854,3933519.9126504245,True,
usa_NC_0034_0244,usa_NC_0034,244,70,29,33.43448275862069,13.431393818270607,2.4941472172729244,1.7,62.8,1995-03-12,1997-12-30,3,457867.63430798386,3933568.445598115,True,
usa_NC_0034_0245,usa_NC_0034,245,70,29,27.117241379310343,12.527058398451993,2.326216345664221,-1.6,52.5,1995-03-12,1997-12-30,3,457876.04030231084,3933617.457679907,True,
usa_NC_0034_0246,usa_NC_0034,246,70,29,41.51379310344827,12.416139385548929,2.3056192020529216,9.8,66.7,1995-03-12,1997-12-30,3,457884.7240393541,3933666.372070556,True,
usa_NC_0034_0247,usa_NC_0034,247,70,29,28.896551724137936,13.301704583533128,2.470064530970425,-2.5,54.1,1995-03-12,1997-12-30,3,457893.2212212176,3933715.1992147467,True,
usa_NC_0034_0248,usa_NC_0034,248,70,29,31.72413793103448,12.804649132595044,2.3777636509157305,-3.0,54.7,1995-03-12,1997-12-30,3,457903.5641674476,3933763.6974855247,True,
usa_NC_0034_0249,usa_NC_0034,249,70,29,29.41379310344827,11.502506687610408,2.1359618692396154,-1.8,48.8,1995-03-12,1997-12-30,3,457911.3496537314,3933812.643194319,True,
usa_NC_0034_0250,usa_NC_0034,250,70,29,30.124137931034475,11.192173769852811,2.078334493129147,0.8,49.7,1995-03-12,1997-12-30,3,457919.43473089207,3933861.535897342,True,
usa_NC_0035_0001,usa_NC_0035,1,70,31,36.635483870967754,12.492412320740852,2.243703487909665,7.2,63.3,1995-03-12,1997-12-30,3,457927.8378668689,3933910.3773183143,True,
usa_NC_0035_0002,usa_NC_0035,2,70,31,35.332258064516125,12.564855406961494,2.256714650290075,0.4,63.5,1995-03-12,1997-12-30,3,457935.6324991947,3933959.324385657,True,
usa_NC_0035_0003,usa_NC_0035,3,71,31,24.603225806451615,13.554494552754267,2.4344590879677055,-13.7,51.1,1995-03-12,1997-12-30,3,457941.18356828904,3934008.6419116976,True,
usa_NC_0035_0004,usa_NC_0035,4,71,31,35.183870967741946,13.561098696251065,2.435645227155076,-2.6,62.2,1995-03-12,1997-12-30,3,457949.5999702284,3934057.485186753,True,
usa_NC_0035_0005,usa_NC_0035,5,71,31,30.087096774193554,13.07860191140434,2.3489862463857323,-6.6,53.9,1995-03-12,1997-12-30,3,457957.8868179011,3934106.3615018902,True,
usa_NC_0035_0006,usa_NC_0035,6,71,31,31.083870967741934,13.021702315089057,2.338766777204324,-8.0,50.8,1995-03-12,1997-12-30,3,457966.1006026529,3934155.257179008,True,
usa_NC_0035_0007,usa_NC_0035,7,71,31,33.08709677419354,14.056072043438117,2.5245450646718104,-6.9,58.9,1995-03-12,1997-12-30,3,457973.8624924858,3934204.286143454,True,
usa_NC_0035_0008,usa_NC_0035,8,71,31,28.60967741935484,13.313010048788357,2.3910871906981224,-8.5,55.1,1995-03-12,1997-12-30,3,457980.1878922471,3934253.6267125164,True,
usa_NC_0035_0009,usa_NC_0035,9,71,31,25.46129032258065,13.618753673258915,2.4460003667139176,-13.0,54.5,1995-03-12,1997-12-30,3,457986.51523830264,3934302.9632799197,True,
usa_NC_0035_0010,usa_NC_0035,10,71,31,23.229032258064514,14.170725541255514,2.54513744077573,-17.9,50.2,1995-03-12,1997-12-30,3,457993.0193128939,3934352.2694314467,True,
usa_NC_0035_0011,usa_NC_0035,11,71,30,26.783333333333335,13.821599371831116,2.523467252250379,-14.0,49.9,1995-03-12,1997-12-30,3,458000.6468037214,3934401.4041726883,True,
usa_NC_0035_0012,usa_NC_0035,12,71,29,22.865517241379315,13.025723886165432,2.4188162020423922,-14.7,44.6,1995-03-12,1997-09-09,3,458008.1405853867,3934450.5589060527,True,
usa_NC_0035_0013,usa_NC_0035,13,72,29,22.420689655172417,13.130073966453196,2.438193525490231,-5.9,40.0,1995-03-12,1997-09-09,3,458016.7477267592,3934499.549949951,True,
usa_NC_0035_0014,usa_NC_0035,14,72,29,29.148275862068967,12.39094198799081,2.300940162792185,1.4,48.0,1995-03-12,1997-09-09,3,458022.5055687703,3934548.958124707,True,
usa_NC_0035_0015,usa_NC_0035,15,72,29,18.7,12.255960648948388,2.275874757391111,-8.5,42.0,1995-03-12,1997-09-09,3,458026.9070878409,3934598.556034143,True,
usa_NC_0035_0016,usa_NC_0035,16,72,29,17.079310344827583,12.656488435082977,2.3502509000866794,-8.8,42.5,1995-03-12,1997-09-09,3,458032.61405343976,3934647.9587249653,True,
usa_NC_0035_0017,usa_NC_0035,17,72,29,14.386206896551723,13.341496064586583,2.477453623501212,-10.5,42.9,1995-03-12,1997-09-09,3,458038.1876544683,3934697.3747022087,True,
usa_NC_0035_0018,usa_NC_0035,18,72,29,11.189655172413794,14.236029362842169,2.643564286831417,-18.2,36.8,1995-03-12,1997-09-09,3,458043.0180700262,3934746.823417389,True,
usa_NC_0035_0019,usa_NC_0035,19,72,29,26.455172413793107,13.230554091811676,2.4568522163487465,-0.9,49.5,1995-03-12,1997-09-09,3,458049.8451716608,3934795.8849704224,True,
usa_NC_0035_0020,usa_NC_0035,20,72,29,18.113793103448277,11.650374737625121,2.163420276792679,-11.6,36.3,1995-03-12,1997-09-09,3,458056.4772612529,3934844.9693737575,True,
usa_NC_0035_0021,usa_NC_0035,21,72,28,14.142857142857142,12.142378453060774,2.2946938365448553,-14.6,36.6,1995-03-12,1997-09-09,3,458062.9468571353,3934894.071212773,True,
usa_NC_0035_0022,usa_NC_0035,22,72,28,19.478571428571428,13.555601743350925,2.561767934624297,-14.9,40.9,1995-03-12,1997-09-09,3,458069.4842744449,3934943.16595586,True,
usa_NC_0035_0023,usa_NC_0035,23,73,28,14.332142857142857,14.672601162293102,2.7728609829903434,-27.6,39.7,1995-03-12,1997-09-09,3,458074.6194426206,3934992.4445451526,True,
usa_NC_0035_0024,usa_NC_0035,24,73,28,15.264285714285716,14.337679296840463,2.7095666998028065,-29.9,43.1,1995-03-12,1997-09-09,3,458080.7545446362,3935041.6892936206,True,
usa_NC_0035_0025,usa_NC_0035,25,73,28,17.27142857142857,13.477439506871312,2.546996660364177,-24.7,43.4,1995-03-12,1997-09-09,3,458086.3442715407,3935091.0473197354,True,
usa_NC_0035_0026,usa_NC_0035,26,73,28,17.264285714285716,13.80944964402635,2.60974067862594,-25.5,40.8,1995-03-12,1997-09-09,3,458093.9611242854,3935140.1574236224,True,
usa_NC_0035_0027,usa_NC_0035,27,73,29,13.39310344827586,14.162120781317695,2.6298398077910434,-26.2,39.1,1995-03-12,1997-12-30,3,458100.9617093249,3935189.3489256827,True,
usa_NC_0035_0028,usa_NC_0035,28,73,29,14.631034482758624,12.901165602054165,2.395686309351597,-21.9,43.0,1995-03-12,1997-12-30,3,458107.3131314465,3935238.622744394,True,
usa_NC_0035_0029,usa_NC_0035,29,73,29,12.565517241379311,13.276221382124966,2.4653324192671024,-27.0,43.8,1995-03-12,1997-12-30,3,458112.371543873,3935287.9970129402,True,
usa_NC_0035_0030,usa_NC_0035,30,73,29,8.882758620689653,13.891623091569487,2.5796096478171386,-28.4,38.8,1995-03-12,1997-12-30,3,458116.39200235996,3935337.431264229,True,
usa_NC_0035_0031,usa_NC_0035,31,73,29,7.772413793103448,13.867147624916651,2.575064667759999,-33.1,40.5,1995-03-12,1997-12-30,3,458122.222148016,3935386.6542879394,True,
usa_NC_0035_0032,usa_NC_0035,32,73,29,4.479310344827587,12.605310086012642,2.3407473192487203,-35.2,32.7,1995-03-12,1997-12-30,3,458128.5553123269,3935435.8224181705,True,
usa_NC_0035_0034,usa_NC_0035,34,74,29,10.4,12.763844024654732,2.3701863325974033,-20.2,42.1,1995-03-12,1997-12-30,3,458140.811519199,3935534.2113610716,True,
usa_NC_0035_0035,usa_NC_0035,35,74,29,6.9172413793103456,13.935362750045993,2.5877318984896824,-23.9,48.1,1995-03-12,1997-12-30,3,458144.06334929983,3935583.7086829673,True,
usa_NC_0035_0036,usa_NC_0035,36,74,30,8.836666666666668,13.485125479408868,2.462035805286635,-18.0,50.5,1995-03-12,1997-12-30,3,458147.46448985033,3935633.180313314,True,
usa_NC_0035_0037,usa_NC_0035,37,74,30,7.813333333333334,12.259316888583665,2.238234799827107,-18.8,35.6,1995-03-12,1997-12-30,3,458151.2295908466,3935682.605820465,True,
usa_NC_0035_0038,usa_NC_0035,38,74,30,16.923333333333332,12.549479542260276,2.2912110100818532,-13.4,38.7,1995-03-12,1997-12-30,3,458154.4440519429,3935732.0768759293,True,
usa_NC_0035_0039,usa_NC_0035,39,74,30,19.35666666666667,12.728048942593576,2.3238131729627596,-7.9,44.7,1995-03-12,1997-12-30,3,458159.18121995433,3935781.3919958193,True,
usa_NC_0035_0040,usa_NC_0035,40,74,31,16.548387096774192,11.94193928884646,2.144835612758678,-10.1,36.7,1995-03-12,1997-12-30,3,458165.5307406894,3935830.5528055406,True,
usa_NC_0035_0041,usa_NC_0035,41,74,31,28.451612903225804,11.28062855718427,2.026060699064943,-0.9,44.5,1995-03-12,1997-12-30,3,458171.13142439484,3935879.784911211,True,
usa_NC_0035_0042,usa_NC_0035,42,74,31,25.65483870967742,13.855512470004552,2.4885235019109135,-11.0,51.8,1995-03-12,1997-12-30,3,458179.14287951565,3935928.8025158835,True,
usa_NC_0035_0043,usa_NC_0035,43,74,31,31.909677419354843,15.133590779866921,2.7180731427676146,-8.7,60.8,1995-03-12,1997-12-30,3,458185.41690914275,3935977.9866458727,True,
usa_NC_0035_0044,usa_NC_0035,44,75,31,38.41935483870967,15.795936594682376,2.8370339628837145,-6.2,69.0,1995-03-12,1997-12-30,3,458191.2061335343,3936027.229440326,True,
usa_NC_0035_0045,usa_NC_0035,45,75,30,39.80666666666666,11.954451871174602,2.182574317484057,9.5,65.4,1995-03-12,1997-12-30,3,458198.2003505258,3936076.396013544,True,
usa_NC_0035_0046,usa_NC_0035,46,75,30,48.230000000000004,10.525933491242904,1.921763737317615,26.7,67.7,1995-03-12,1997-12-30,3,458203.4604162198,3936125.774678068,True,
usa_NC_0035_0047,usa_NC_0035,47,75,31,54.09032258064516,13.16445605506762,2.3644061057886256,14.8,76.9,1995-03-12,1997-12-30,3,458206.9690896428,3936175.4182501934,True,
usa_NC_0035_0048,usa_NC_0035,48,75,31,57.599999999999994,12.115169554460776,2.1759486869345155,29.6,80.8,1995-03-12,1997-12-30,3,458213.156496816,3936224.8519978537,True,
usa_NC_0035_0049,usa_NC_0035,49,75,30,64.62666666666665,14.405313515202105,2.630038386736744,33.6,88.4,1995-03-12,1997-12-30,3,458220.60401295853,3936274.1948005497,True,
usa_NC_0035_0050,usa_NC_0035,50,75,29,72.7448275862069,15.884641868504318,2.9497039435932666,36.2,99.0,1995-03-12,1997-12-30,3,458227.76307377394,3936323.5686161956,True,
usa_NC_0035_0051,usa_NC_0035,51,75,29,80.90344827586208,17.174284821013668,3.189184627787142,45.1,107.8,1995-03-12,1997-12-30,3,458235.44913523574,3936372.9115348826,True,
usa_NC_0035_0052,usa_NC_0035,52,75,29,93.42068965517242,19.692282377156662,3.6567650355041055,51.4,120.0,1995-03-12,1997-12-30,3,458244.19606872916,3936422.186229195,True,
usa_NC_0035_0053,usa_NC_0035,53,75,28,98.40714285714284,22.93234701644251,4.333806227467209,52.2,133.8,1995-03-12,1997-12-30,3,458253.63734225713,3936471.4229679815,True,
usa_NC_0035_0054,usa_NC_0035,54,76,28,103.375,24.001568235800296,4.5358700448196325,56.5,140.9,1995-03-12,1997-12-30,3,458262.0171899554,3936520.7407380478,True,
usa_NC_0035_0055,usa_NC_0035,55,76,28,106.79285714285717,24.682591384624054,4.664571322595761,61.8,147.9,1995-03-12,1997-12-30,3,458270.4800991452,3936570.050806764,True,
usa_NC_0035_0056,usa_NC_0035,56,76,28,108.30357142857143,26.95626749279019,5.094255718604103,62.1,158.0,1995-03-12,1997-12-30,3,458277.90550066705,3936619.443883995,True,
usa_NC_0035_0057,usa_NC_0035,57,76,27,114.07407407407408,29.546542067527092,5.686234672103122,66.2,161.5,1995-03-12,1997-12-30,3,458285.19168184075,3936668.859425438,True,
usa_NC_0035_0058,usa_NC_0035,58,76,27,119.93333333333334,28.952069143539767,5.571828304539781,69.9,165.6,1995-03-12,1997-12-30,3,458291.87148380897,3936718.3277784013,True,
usa_NC_0035_0059,usa_NC_0035,59,76,27,130.2,28.23538423816689,5.433902230192723,78.6,173.5,1995-03-12,1997-12-30,3,458297.80792992306,3936767.855504907,True,
usa_NC_0035_0060,usa_NC_0035,60,76,27,136.73703703703706,26.3365079769823,5.068463323341819,87.4,178.8,1995-03-12,1997-12-30,3,458302.77830134117,3936817.453970858,True,
usa_NC_0035_0061,usa_NC_0035,61,76,27,143.3148148148148,25.936945785792837,4.9915675437947415,92.4,186.6,1995-03-12,1997-12-30,3,458304.36594875145,3936867.2700378243,True,
usa_NC_0035_0062,usa_NC_0035,62,76,27,140.97037037037038,25.770970770868033,4.9596256372795455,90.6,184.6,1995-03-12,1997-12-30,3,458302.6077969671,3936917.2887115492,True,
usa_NC_0035_0063,usa_NC_0035,63,76,27,138.4111111111111,22.502672205990475,4.330641285204837,92.4,178.2,1995-03-12,1997-12-30,3,458299.1388085047,3936967.399623602,True,
usa_NC_0035_0064,usa_NC_0035,64,77,28,136.3357142857143,24.00023478721135,4.53561804672303,91.0,176.1,1995-03-12,1997-12-30,3,458296.4527143618,3937017.4504373576,True,
usa_NC_0035_0065,usa_NC_0035,65,77,29,120.62758620689655,24.300351210744203,4.512461935900276,74.6,165.6,1995-03-12,1997-12-30,3,458294.71042250976,3937067.43487757,True,
usa_NC_0035_0066,usa_NC_0035,66,77,29,112.80689655172412,22.52395440786292,4.182593330852603,66.2,150.2,1995-03-12,1997-12-30,3,458292.4188554955,3937117.287937916,True,
usa_NC_0035_0067,usa_NC_0035,67,77,28,109.68928571428572,22.882717710999056,4.324427170328335,56.6,143.5,1995-03-12,1997-12-30,3,458291.105425275,3937166.966762863,True,
usa_NC_0035_0068,usa_NC_0035,68,77,28,98.7,23.09396265501248,4.364348712298282,48.5,133.2,1995-03-12,1997-12-30,3,458286.239242531,3937216.8565860987,True,
usa_NC_0035_0069,usa_NC_0035,69,77,28,97.05,22.87005967700193,4.322035026753806,46.9,131.7,1995-03-12,1997-12-30,3,458280.2920928692,3937266.853605613,True,
usa_NC_0035_0070,usa_NC_0035,70,77,29,89.2103448275862,21.62736931409541,4.016101658660942,41.7,122.5,1995-03-12,1997-12-30,3,458276.53913805354,3937316.7172731566,True,
usa_NC_0035_0071,usa_NC_0035,71,77,30,90.30333333333333,21.023885977839477,3.8384188654930793,40.9,127.7,1995-03-12,1997-12-30,3,458274.07817627443,3937366.4992299904,True,
usa_NC_0035_0072,usa_NC_0035,72,77,30,87.81333333333333,19.53747474829411,3.5670385454427502,41.1,120.9,1995-03-12,1997-12-30,3,458272.3229272644,3937416.2317350027,True,
usa_NC_0035_0073,usa_NC_0035,73,77,30,96.00333333333332,18.901295035605063,3.4508885523537685,54.5,135.4,1995-03-12,1997-12-30,3,458272.7772665977,3937465.8591055414,True,
usa_NC_0035_0074,usa_NC_0035,74,78,30,92.09666666666665,18.54704146559329,3.386210995229707,52.9,128.3,1995-03-12,1997-12-30,3,458272.53502005525,3937514.8605949515,True,
usa_NC_0035_0075,usa_NC_0035,75,78,30,96.53333333333333,17.9071808623463,3.2693889665439606,62.5,125.7,1995-03-12,1997-12-30,3,458271.8027792838,3937565.156314758,True,
usa_NC_0035_0076,usa_NC_0035,76,78,30,91.83333333333333,18.691051396292572,3.412503491079291,58.5,121.3,1995-03-12,1997-12-30,3,458271.85636815993,3937614.768459766,True,
usa_NC_0035_0077,usa_NC_0035,77,78,30,88.89666666666668,17.764231464947475,3.2432900966982583,54.0,119.3,1995-03-12,1997-12-30,3,458270.6853626429,3937664.4097156753,True,
usa_NC_0035_0078,usa_NC_0035,78,78,29,97.53448275862067,16.362943235556656,3.0385222776985965,63.1,126.9,1995-03-12,1997-12-30,3,458268.90099148685,3937714.054502594,True,
usa_NC_0035_0079,usa_NC_0035,79,78,29,85.99655172413794,14.669148450273369,2.7239924822428896,56.6,107.8,1995-03-12,1997-12-30,3,458268.78453130246,3937763.694952711,True,
usa_NC_0035_0080,usa_NC_0035,80,78,29,97.02758620689654,11.512939817927979,2.137899252902182,73.7,116.2,1995-03-12,1997-12-30,3,458267.9703591286,3937813.409070398,True,
usa_NC_0035_0081,usa_NC_0035,81,78,29,96.43448275862067,11.309265350084447,2.1000778537179463,75.6,118.5,1995-03-12,1997-12-30,3,458267.19450719224,3937863.1126050605,True,
usa_NC_0035_0082,usa_NC_0035,82,78,28,104.73928571428573,12.177494095004212,2.3013300690956218,85.4,127.6,1995-03-12,1997-12-30,3,458266.43053153227,3937912.806360466,True,
usa_NC_0035_0083,usa_NC_0035,83,78,28,105.8607142857143,13.30453387733376,2.5143205677899325,79.1,134.5,1995-03-12,1997-12-30,3,458265.121183448,3937962.5029219384,True,
usa_NC_0035_0084,usa_NC_0035,84,79,28,69.81428571428572,15.44804228962397,2.91940558151099,36.7,102.6,1995-03-12,1997-12-30,3,458267.1477372736,3938012.1181651647,True,
usa_NC_0035_0085,usa_NC_0035,85,79,28,99.15714285714284,14.975694593955518,2.8301402575757653,67.7,129.1,1995-03-12,1997-12-30,3,458263.094509572,3938061.851367485,True,
usa_NC_0035_0086,usa_NC_0035,86,79,27,97.52592592592595,15.181228099521022,2.921628709962524,64.2,124.6,1995-03-12,1997-12-30,3,458256.10307524656,3938111.6193057913,True,
usa_NC_0035_0087,usa_NC_0035,87,79,27,89.91111111111111,14.062835181190646,2.7063938924765862,51.8,109.6,1995-03-12,1997-12-30,3,458248.11780089367,3938161.376773687,True,
usa_NC_0035_0088,usa_NC_0035,88,79,27,110.74074074074075,12.087000622387013,2.326144354343439,75.8,129.4,1995-03-12,1997-12-30,3,458240.26975973736,3938211.1021259455,True,
usa_NC_0035_0089,usa_NC_0035,89,79,27,85.8777777777778,10.89203425703437,2.0961729701071397,48.9,101.8,1995-03-12,1997-12-30,3,458232.0634556097,3938260.802879494,True,
usa_NC_0035_0090,usa_NC_0035,90,79,26,81.9346153846154,11.351191736824546,2.226151852638521,41.9,101.8,1995-03-12,1997-12-30,3,458223.9113791029,3938310.4723180262,True,
usa_NC_0036_0001,usa_NC_0036,1,79,22,93.3409090909091,8.38051362733864,1.7867315087765534,81.1,115.0,1995-03-12,1997-12-30,3,458218.90016882884,3938360.0796289877,True,
usa_NC_0036_0002,usa_NC_0036,2,79,22,90.4681818181818,9.63878012256127,2.0549948269242813,78.9,112.8,1995-03-12,1997-12-30,3,458213.47494400747,3938409.6804088317,True,
usa_NC_0036_0003,usa_NC_0036,3,79,22,90.75454545454545,9.625547715905252,2.0521736683461094,76.1,117.5,1995-03-12,1997-12-30,3,458209.4725174185,3938459.2577366587,True,
usa_NC_0036_0004,usa_NC_0036,4,80,22,97.89090909090909,9.195025005321348,1.960385918042262,80.1,118.7,1995-03-12,1997-12-30,3,458206.89003112714,3938508.905121842,True,
usa_NC_0036_0005,usa_NC_0036,5,80,22,92.94545454545457,11.518917247096383,2.4558414087219447,65.2,115.2,1995-03-12,1997-12-30,3,458205.2614517471,3938558.596315608,True,
usa_NC_0036_0006,usa_NC_0036,6,80,22,117.25,13.373418909663053,2.8512224916638296,84.7,137.8,1995-03-12,1997-12-30,3,458205.0111008895,3938608.2602332057,True,
usa_NC_0036_0007,usa_NC_0036,7,80,22,111.7,14.38319124798772,3.066506677550728,76.7,134.8,1995-03-12,1997-12-30,3,458204.83212573035,3938657.92606112,True,
usa_NC_0036_0008,usa_NC_0036,8,80,23,120.39565217391302,12.358673003966581,2.57696145994508,89.1,141.8,1995-03-12,1997-12-30,3,458202.71561174316,3938707.6002399325,True,
usa_NC_0036_0009,usa_NC_0036,9,80,22,124.46818181818179,9.821423927586464,2.093934616993567,96.5,135.7,1995-03-12,1997-12-30,3,458199.8802741253,3938757.274275795,True,
usa_NC_0036_0010,usa_NC_0036,10,80,23,126.17826086956521,11.1238873405486,2.319490850851403,100.0,141.1,1995-03-12,1997-12-30,3,458194.18480730354,3938806.9481801,True,
usa_NC_0036_0011,usa_NC_0036,11,80,23,132.62608695652173,11.171319503381877,2.329381140492044,110.4,148.4,1995-03-12,1997-12-30,3,458186.86734364467,3938856.613131923,True,
usa_NC_0036_0012,usa_NC_0036,12,80,24,121.69166666666666,9.726025894996628,1.9853167223198185,104.0,138.5,1995-03-12,1997-12-30,3,458181.9728521203,3938906.2682237495,True,
usa_NC_0036_0013,usa_NC_0036,13,80,25,121.9,9.016558841006546,1.8033117682013091,104.2,139.5,1995-03-12,1997-12-30,3,458177.49710322113,3938955.916842566,True,
usa_NC_0036_0014,usa_NC_0036,14,81,24,124.52916666666665,8.840346204447696,1.804528112537236,104.5,140.8,1995-03-12,1997-12-30,3,458171.31886927696,3939005.553758878,True,
usa_NC_0036_0015,usa_NC_0036,15,81,24,125.92916666666667,10.410132153305033,2.1249593275448366,108.1,144.2,1995-03-12,1997-12-30,3,458164.35378865723,3939054.7047785176,True,
usa_NC_0036_0016,usa_NC_0036,16,81,25,117.6,10.96311999387036,2.1926239987740717,102.3,135.8,1995-03-12,1997-12-30,3,458156.6298788096,3939103.7028627177,True,
usa_NC_0036_0017,usa_NC_0036,17,81,24,100.57083333333333,11.454730527134865,2.338187077713517,79.6,124.6,1995-03-12,1997-12-30,3,458149.82997200894,3939152.675234213,True,
usa_NC_0036_0018,usa_NC_0036,18,81,24,116.84583333333335,12.198787508054506,2.49006707294759,93.3,144.6,1995-03-12,1997-12-30,3,458141.4422874207,3939201.594705259,True,
usa_NC_0036_0019,usa_NC_0036,19,81,25,109.33600000000003,11.974378202367477,2.3948756404734954,85.4,137.8,1995-03-12,1997-12-30,3,458132.8958611528,3939250.471815959,True,
usa_NC_0036_0020,usa_NC_0036,20,81,25,87.52799999999999,12.036282648725061,2.407256529745012,62.1,116.3,1995-03-12,1997-12-30,3,458123.4248900512,3939299.6394541594,True,
usa_NC_0036_0021,usa_NC_0036,21,81,25,87.7,14.830823757746343,2.9661647515492686,52.2,116.4,1995-03-12,1997-12-30,3,458110.813010983,3939349.82652028,True,
usa_NC_0036_0022,usa_NC_0036,22,81,25,116.92000000000002,14.659979536138515,2.931995907227703,90.3,151.3,1995-03-12,1997-12-30,3,458100.4566120782,3939400.0753111937,True,
usa_NC_0036_0023,usa_NC_0036,23,81,25,91.34,13.318877580336865,2.663775516067373,70.5,127.8,1995-03-12,1997-12-30,3,458089.99862283876,3939450.3424158148,True,
usa_NC_0036_0024,usa_NC_0036,24,82,26,53.64615384615385,13.309642542735121,2.6102356555519646,36.1,86.2,1995-03-12,1997-12-30,3,458079.5669157367,3939500.630000243,True,
usa_NC_0036_0025,usa_NC_0036,25,82,26,89.24615384615383,13.012677841835039,2.5519960861389737,72.1,123.8,1995-03-12,1997-12-30,3,458069.0185549766,3939550.9360795594,True,
usa_NC_0036_0026,usa_NC_0036,26,82,26,72.4423076923077,12.774949646144929,2.5053737511868555,50.7,102.0,1995-03-12,1997-12-30,3,458058.60095595574,3939601.6608783286,True,
usa_NC_0036_0027,usa_NC_0036,27,82,28,61.94285714285714,13.885148702745482,2.6240464560439754,36.2,90.2,1995-03-12,1997-12-30,3,458046.08702032437,3939652.6730911923,True,
usa_NC_0036_0028,usa_NC_0036,28,82,28,67.67142857142859,14.026083034511286,2.6506805412613605,32.3,99.7,1995-03-12,1997-12-30,3,458034.96137799666,3939703.7528945277,True,
usa_NC_0036_0029,usa_NC_0036,29,82,28,65.31785714285714,13.442967418537956,2.540482048013955,37.6,97.0,1995-03-12,1997-12-30,3,458024.1283900461,3939754.893072621,True,
usa_NC_0036_0030,usa_NC_0036,30,82,29,61.68965517241379,14.013777527531005,2.6022931571128396,32.8,90.7,1995-03-12,1997-12-30,3,458014.48154244816,3939806.095929567,True,
usa_NC_0036_0031,usa_NC_0036,31,82,29,67.33793103448274,14.327057663064952,2.6604678178249688,35.9,92.9,1995-03-12,1997-12-30,3,458006.1700988092,3939857.3472770746,True,
usa_NC_0036_0032,usa_NC_0036,32,82,28,80.83571428571427,13.165561536904175,2.488057264083269,53.1,106.1,1995-03-12,1997-12-30,3,457998.57635209046,3939908.6395009686,True,
usa_NC_0036_0033,usa_NC_0036,33,82,28,66.99642857142857,12.868263635576827,2.431873241782299,39.6,93.7,1995-03-12,1997-12-30,3,457992.7603040342,3939959.669612245,True,
usa_NC_0036_0034,usa_NC_0036,34,83,28,68.28571428571429,12.142539678389767,2.29472430526811,43.4,89.8,1995-03-12,1997-12-30,3,457986.9639081902,3940010.680984,True,
usa_NC_0036_0035,usa_NC_0036,35,83,27,91.95555555555555,11.063743049095557,2.1292183425467233,65.7,111.9,1995-03-12,1997-12-30,3,457981.9387367177,3940061.7069380614,True,
usa_NC_0036_0036,usa_NC_0036,36,83,27,75.76296296296297,11.94127129387655,2.2980987319953257,50.1,99.0,1995-03-12,1997-12-30,3,457975.29226915573,3940112.773604642,True,
usa_NC_0036_0037,usa_NC_0036,37,83,27,75.54444444444445,11.201625339941085,2.1557538017921063,47.1,99.0,1995-03-12,1997-12-30,3,457970.6908091872,3940163.836321978,True,
usa_NC_0036_0038,usa_NC_0036,38,83,27,64.70370370370371,11.068787769130939,2.1301891993701947,34.3,83.8,1995-03-12,1997-12-30,3,457963.47813225724,3940214.9610905494,True,
usa_NC_0036_0039,usa_NC_0036,39,83,28,101.46428571428571,11.389540825320406,2.152420897929653,74.9,120.6,1995-03-12,1997-12-30,3,457956.42215409677,3940266.016045571,True,
usa_NC_0036_0040,usa_NC_0036,40,83,27,111.86296296296297,12.058579714433401,2.3206747480575616,80.2,133.5,1995-03-12,1997-12-30,3,457950.3381677811,3940314.9602050227,True,
usa_NC_0036_0041,usa_NC_0036,41,83,27,72.26666666666668,11.894277874417016,2.2890548442036245,46.2,96.2,1995-03-12,1997-12-30,3,457944.594034705,3940363.8378385636,True,
usa_NC_0036_0042,usa_NC_0036,42,83,28,104.29285714285716,11.001916619942605,2.0791668086740325,84.9,125.7,1995-03-12,1997-12-30,3,457939.55285324657,3940412.7012190567,True,
usa_NC_0036_0043,usa_NC_0036,43,83,28,100.24642857142858,11.06370382503266,2.09084349287932,75.9,120.2,1995-03-12,1997-12-30,3,457933.87083030544,3940461.569441192,True,
usa_NC_0036_0044,usa_NC_0036,44,84,28,94.99999999999999,11.988543914303571,2.265621841358864,54.6,114.2,1995-03-12,1997-12-30,3,457926.51919478923,3940510.448869167,True,
usa_NC_0036_0045,usa_NC_0036,45,84,27,90.5925925925926,14.169982517928682,2.7270144070461386,41.1,110.5,1995-03-12,1997-12-30,3,457918.9571944943,3940559.3166684075,True,
usa_NC_0036_0046,usa_NC_0036,46,84,26,89.71153846153847,10.923381415040927,2.1422513457580945,72.7,108.0,1995-03-12,1997-12-30,3,457912.7926719743,3940608.1351523125,True,
usa_NC_0036_0047,usa_NC_0036,47,84,27,85.2777777777778,13.861133634772651,2.6675764117697884,46.8,103.7,1995-03-12,1997-12-30,3,457902.6067201901,3940654.0869873115,True,
usa_NC_0036_0048,usa_NC_0036,48,84,27,86.95925925925924,13.603117834335437,2.6179212478239213,46.0,107.4,1995-03-12,1997-12-30,3,457895.9158491887,3940699.809573071,True,
usa_NC_0036_0049,usa_NC_0036,49,84,27,91.27407407407408,11.565851346914217,2.2258491295160394,62.6,110.5,1995-03-12,1997-12-30,3,457889.11429104337,3940745.353021781,True,
usa_NC_0036_0050,usa_NC_0036,50,84,27,94.17037037037036,10.790801453617615,2.0766907080059784,64.3,112.6,1995-03-12,1997-12-30,3,457881.7841121275,3940790.7051983005,True,
usa_NC_0036_0051,usa_NC_0036,51,84,27,100.11111111111111,11.40173176230204,2.194264300730996,70.8,121.5,1995-03-12,1997-12-30,3,457872.2637887906,3940835.806624083,True,
usa_NC_0036_0052,usa_NC_0036,52,84,27,105.94814814814815,10.521127841354797,2.0247919971282196,77.7,123.2,1995-03-12,1997-12-30,3,457864.13213649974,3940880.7381628305,True,
usa_NC_0036_0053,usa_NC_0036,53,84,27,103.72592592592594,11.19672316736507,2.1548103782399806,70.0,120.6,1995-03-12,1997-12-30,3,457855.1817512754,3940925.433902527,True,
usa_NC_0036_0054,usa_NC_0036,54,84,27,92.07407407407409,10.806642992323415,2.0797394135513687,55.7,108.3,1995-03-12,1997-12-30,3,457846.40032526205,3940969.733376562,True,
usa_NC_0036_0055,usa_NC_0036,55,85,27,90.9962962962963,10.71298570325111,2.0617150598655467,59.4,105.3,1995-03-12,1997-12-30,3,457838.13603971497,3941013.678591923,True,
usa_NC_0036_0056,usa_NC_0036,56,85,27,87.7814814814815,10.350438007715757,1.9919427233284088,59.1,104.1,1995-03-12,1997-12-30,3,457829.2165231815,3941057.360035165,True,
usa_NC_0036_0057,usa_NC_0036,57,85,27,85.16296296296296,10.513549797510322,2.023333601910373,53.0,100.8,1995-03-12,1997-12-30,3,457821.73529920337,3941100.8903663,True,
usa_NC_0036_0058,usa_NC_0036,58,85,27,81.2925925925926,10.732801122867224,2.065528539148703,49.6,94.5,1995-03-12,1997-12-30,3,457813.5134449648,3941144.382743983,True,
usa_NC_0036_0059,usa_NC_0036,59,85,27,77.26666666666667,10.348281165339637,1.9915276388195913,46.1,90.7,1995-03-12,1997-12-30,3,457806.2967035465,3941187.79992513,True,
usa_NC_0036_0060,usa_NC_0036,60,85,27,74.39259259259259,10.926992897827553,2.102900763664622,42.2,87.8,1995-03-12,1997-12-30,3,457799.6160531983,3941231.0843586065,True,
usa_NC_0036_0061,usa_NC_0036,61,85,27,73.61111111111111,11.226148505004298,2.160473287108982,39.5,91.6,1995-03-12,1997-12-30,3,457792.7347711601,3941274.1711940663,True,
usa_NC_0036_0062,usa_NC_0036,62,85,28,75.1107142857143,10.300965049566035,1.9466994132228472,43.5,93.7,1995-03-12,1997-12-30,3,457787.17798118165,3941317.2253152165,True,
usa_NC_0036_0063,usa_NC_0036,63,85,29,73.86896551724138,9.36803468672195,1.7396003692051847,44.5,90.0,1995-03-12,1997-12-30,3,457781.67279181036,3941360.1248909673,True,
usa_NC_0036_0064,usa_NC_0036,64,85,29,68.0551724137931,9.50385584181857,1.7648217245324493,39.4,84.2,1995-03-12,1997-12-30,3,457775.01027986244,3941402.764325617,True,
usa_NC_0036_0065,usa_NC_0036,65,85,30,70.53666666666666,8.571664761387323,1.5649647150613246,46.0,87.0,1995-03-12,1997-12-30,3,457767.82171573624,3941447.309283603,True,
usa_NC_0036_0066,usa_NC_0036,66,85,30,72.97333333333334,8.61029589516521,1.5720177628587075,49.1,85.2,1995-03-12,1997-12-30,3,457760.46450107085,3941492.078946501,True,
usa_NC_0036_0067,usa_NC_0036,67,86,30,74.53,9.151414060698206,1.670811971371453,44.9,90.4,1995-03-12,1997-12-30,3,457755.1102083062,3941537.0955649815,True,
usa_NC_0036_0068,usa_NC_0036,68,86,30,76.25333333333333,10.566725044256595,1.9292112218980373,43.5,92.5,1995-03-12,1997-12-30,3,457751.839865074,3941582.421292027,True,
usa_NC_0036_0069,usa_NC_0036,69,86,30,76.72,9.488955467387807,1.7324383188834263,46.1,89.2,1995-03-12,1997-12-30,3,457746.8439027489,3941627.4917084095,True,
usa_NC_0036_0070,usa_NC_0036,70,86,30,82.22666666666667,10.4969267533106,1.9164678557558938,48.0,93.7,1995-03-12,1997-12-30,3,457740.453105698,3941671.5709829857,True,
usa_NC_0036_0071,usa_NC_0036,71,86,30,77.61999999999999,10.733074888014343,1.9595824091858969,44.9,92.9,1995-03-12,1997-12-30,3,457735.9287871381,3941713.6021987903,True,
usa_NC_0036_0072,usa_NC_0036,72,86,29,80.81379310344828,9.484902444634654,1.7613021670327782,44.5,93.2,1995-03-12,1997-12-30,3,457732.709491716,3941755.3801808157,True,
usa_NC_0036_0073,usa_NC_0036,73,86,29,88.11379310344829,9.197426819416512,1.7079192835902357,51.7,100.6,1995-03-12,1997-12-30,3,457727.3137075752,3941798.433912122,True,
usa_NC_0036_0074,usa_NC_0036,74,86,29,87.34482758620692,9.05371219078106,1.681232147024786,53.8,100.9,1995-03-12,1997-12-30,3,457721.56851948565,3941841.6165256975,True,
usa_NC_0036_0075,usa_NC_0036,75,86,28,86.22857142857141,6.737559572627836,1.273279076618277,69.5,97.5,1995-03-12,1997-12-30,3,457717.465805393,3941885.3364092656,True,
usa_NC_0036_0076,usa_NC_0036,76,86,28,85.4964285714286,7.032173792929769,1.3289559308769994,67.6,96.6,1995-03-12,1997-12-30,3,457712.6552016073,3941929.1230910635,True,
usa_NC_0036_0077,usa_NC_0036,77,86,29,96.37586206896552,9.943650349142905,1.8464895142984517,58.7,112.1,1995-03-12,1997-12-30,3,457704.73977163894,3941972.42130676,True,
usa_NC_0036_0078,usa_NC_0036,78,86,28,92.59642857142856,6.600363746590152,1.2473515025745776,81.1,108.6,1995-03-12,1997-12-30,3,457700.6638659142,3942016.773902359,True,
usa_NC_0036_0079,usa_NC_0036,79,87,28,92.59285714285714,9.662180130163424,1.8259804105087225,59.4,109.8,1995-03-12,1997-12-30,3,457691.5790141844,3942060.1429370306,True,
usa_NC_0036_0080,usa_NC_0036,80,87,28,83.60357142857144,9.483454681623817,1.7922044755234172,55.4,97.2,1995-03-12,1997-12-30,3,457683.9254415928,3942104.01065784,True,
usa_NC_0036_0081,usa_NC_0036,81,87,28,83.19285714285716,9.909850265020774,1.8727856665094638,63.3,102.9,1995-03-12,1997-12-30,3,457676.0064091457,3942147.9761174754,True,
usa_NC_0036_0082,usa_NC_0036,82,87,28,79.87857142857142,9.317580243137249,1.7608571531592787,60.9,99.0,1995-03-12,1997-12-30,3,457669.5444508272,3942192.477976233,True,
usa_NC_0036_0083,usa_NC_0036,83,87,28,81.40357142857144,9.798317396855635,1.8517079356398416,59.7,94.8,1995-03-12,1997-12-30,3,457662.6678105844,3942237.4250745615,True,
usa_NC_0036_0084,usa_NC_0036,84,87,28,84.02857142857144,9.312590328385472,1.7599141479095206,65.4,97.7,1995-03-12,1997-12-30,3,457656.2164329231,3942282.7116238605,True,
usa_NC_0036_0085,usa_NC_0036,85,87,29,80.74137931034483,9.895544352361654,1.837556454957813,62.4,99.1,1995-03-12,1997-12-30,3,457646.9663330593,3942327.367984095,True,
usa_NC_0036_0086,usa_NC_0036,86,87,29,74.14137931034483,8.478945236010842,1.5745006029857362,57.4,93.2,1995-03-12,1997-12-30,3,457640.4738195871,3942372.965499142,True,
usa_NC_0036_0087,usa_NC_0036,87,87,28,68.1,9.56068337864332,1.8067993274085001,46.6,81.2,1995-03-12,1997-12-30,3,457633.7117906901,3942418.6535237827,True,
usa_NC_0036_0088,usa_NC_0036,88,87,28,65.41785714285714,11.257295694313369,2.1274289173050973,42.1,84.1,1995-03-12,1997-12-30,3,457626.85834746424,3942464.481428695,True,
usa_NC_0036_0089,usa_NC_0036,89,87,28,60.34642857142857,10.994695089261006,2.077802067654837,37.2,76.2,1995-03-12,1997-12-30,3,457620.8816571902,3942510.859346887,True,
usa_NC_0036_0090,usa_NC_0036,90,88,28,57.99642857142857,8.84200757088558,1.6709823659366827,39.2,72.2,1995-03-12,1997-12-30,3,457613.29194558354,3942558.938625611,True,
usa_NC_0036_0091,usa_NC_0036,91,88,28,59.725,9.039896140013017,1.7083797903090836,36.4,78.4,1995-03-12,1997-12-30,3,457605.1365520939,3942606.9070999646,True,
usa_NC_0036_0092,usa_NC_0036,92,88,28,60.521428571428565,8.78573579383955,1.660347999658435,39.9,78.6,1995-03-12,1997-12-30,3,457597.8518437868,3942655.2243279517,True,
usa_NC_0036_0093,usa_NC_0036,93,88,28,58.089285714285715,9.345006164344689,1.76604016508726,40.7,72.2,1995-03-12,1997-12-30,3,457591.37341535895,3942703.8813347304,True,
usa_NC_0036_0094,usa_NC_0036,94,88,28,54.49285714285714,8.659053432633751,1.6364072837120778,40.3,72.1,1995-03-12,1997-12-30,3,457584.7683397485,3942752.576331882,True,
usa_NC_0036_0095,usa_NC_0036,95,88,28,57.22500000000001,7.63222335452346,1.442354639040588,41.4,73.0,1995-03-12,1997-12-30,3,457575.8236756494,3942800.5652137636,True,
usa_NC_0036_0096,usa_NC_0036,96,88,28,59.18928571428571,9.145463934760805,1.7283302282633806,39.4,74.2,1995-03-12,1997-12-30,3,457567.8782526802,3942848.9566862057,True,
usa_NC_0036_0097,usa_NC_0036,97,88,28,50.885714285714286,9.385477918955209,1.7736886077888219,31.3,66.9,1995-03-12,1997-12-30,3,457560.9339644003,3942900.413597302,True,
usa_NC_0036_0098,usa_NC_0036,98,88,28,45.417857142857144,8.847600786797498,1.6720393843889703,26.7,66.3,1995-03-12,1997-12-30,3,457553.02449624566,3942951.542394456,True,
usa_NC_0036_0099,usa_NC_0036,99,88,28,47.425000000000004,10.255427650580755,1.938093653718006,22.8,66.1,1995-03-12,1997-12-30,3,457544.66075216554,3943002.492392145,True,
usa_NC_0036_0100,usa_NC_0036,100,89,28,45.77499999999999,10.979058348611789,2.0748470014353053,26.6,60.6,1995-03-12,1997-12-30,3,457536.50144637044,3943054.3537369887,True,
usa_NC_0036_0101,usa_NC_0036,101,89,28,43.34642857142857,11.272039551978853,2.1302152445014264,25.9,63.3,1995-03-12,1997-12-30,3,457527.95305563795,3943106.1580527057,True,
usa_NC_0036_0102,usa_NC_0036,102,89,28,41.95714285714285,10.910967250853902,2.0619789934949657,21.1,59.4,1995-03-12,1997-12-30,3,457521.8454132435,3943158.6897449796,True,
usa_NC_0036_0103,usa_NC_0036,103,89,28,39.44642857142857,10.590578697259991,2.0014312480863103,17.6,54.1,1995-03-12,1997-12-30,3,457514.98415810475,3943210.9135918235,True,
usa_NC_0036_0104,usa_NC_0036,104,89,28,40.510714285714286,10.187077481743604,1.9251766859456934,15.5,54.5,1995-03-12,1997-12-30,3,457508.14690037345,3943263.0804911256,True,
usa_NC_0036_0105,usa_NC_0036,105,89,29,36.11034482758621,9.186533032791074,1.7058963581987965,15.6,49.2,1995-03-12,1997-12-30,3,457499.438420999,3943314.613669836,True,
usa_NC_0036_0106,usa_NC_0036,106,89,29,29.67241379310345,8.284878503795943,1.538463315518175,12.6,45.0,1995-03-12,1997-12-30,3,457489.4216048612,3943365.7078371183,True,
usa_NC_0036_0107,usa_NC_0036,107,89,29,34.13448275862069,9.620746773141178,1.7865278255542316,14.8,55.6,1995-03-12,1997-12-30,3,457481.40536156384,3943417.373157938,True,
usa_NC_0036_0108,usa_NC_0036,108,89,29,34.73793103448276,9.593502778782236,1.7814687428084541,14.8,50.4,1995-03-12,1997-12-30,3,457472.3204368008,3943468.6859578043,True,
usa_NC_0036_0109,usa_NC_0036,109,90,30,38.086666666666666,8.741408918764611,1.5959556163947406,18.8,53.4,1995-03-12,1997-12-30,3,457464.8326269386,3943520.4116208823,True,
usa_NC_0036_0110,usa_NC_0036,110,90,30,38.04333333333333,8.781394254756545,1.603255906558809,16.7,57.8,1995-03-12,1997-12-30,3,457457.28223674657,3943572.06152856,True,
usa_NC_0036_0111,usa_NC_0036,111,90,29,38.63103448275863,8.6505616435448,1.6063689698194852,15.1,52.2,1995-03-12,1997-12-30,3,457451.5381870272,3943624.153635272,True,
usa_NC_0036_0112,usa_NC_0036,112,90,30,39.74666666666667,9.453542789048337,1.7259728779673587,14.5,57.2,1995-03-12,1997-12-30,3,457442.3282084525,3943675.22931693,True,
usa_NC_0037_0001,usa_NC_0037,1,90,25,36.54,9.206564686859771,1.8413129373719541,19.6,51.5,1995-03-12,1997-12-30,3,457432.6412413516,3943726.13572401,True,
usa_NC_0037_0002,usa_NC_0037,2,90,25,33.468,8.60095537329042,1.720191074658084,16.3,52.1,1995-03-12,1997-12-30,3,457426.1338862791,3943777.8405670878,True,
usa_NC_0037_0003,usa_NC_0037,3,90,25,30.284000000000002,7.508921360621644,1.5017842721243286,15.9,45.1,1995-03-12,1997-12-30,3,457416.98505449266,3943828.797149662,True,
usa_NC_0037_0004,usa_NC_0037,4,90,25,28.92,8.255452743490208,1.6510905486980416,16.0,49.3,1995-03-12,1997-12-30,3,457406.66535051464,3943879.4157335083,True,
usa_NC_0037_0005,usa_NC_0037,5,90,25,23.712,7.996161579157839,1.5992323158315678,7.4,39.1,1995-03-12,1997-12-30,3,457398.0578784026,3943930.4362796647,True,
usa_NC_0037_0006,usa_NC_0037,6,90,24,28.354166666666668,8.147391109064175,1.6630792460079633,15.4,43.9,1995-03-12,1997-12-30,3,457390.9613091076,3943981.779719952,True,
