transect_id,domain_number,mean_start_m,n_start,sd_start_m,first_obs_start,last_obs_start,mean_end_m,n_end,sd_end_m,first_obs_end,last_obs_end,change_m,endpoint_rate_m_yr
usa_NC_0032_0021,1,64.319,21,15.344,2003-11-29,2004-11-15,155.438,32,46.908,2023-01-21,2023-12-15,91.118,4.771
usa_NC_0032_0022,1,60.505,19,13.425,2003-11-29,2004-11-15,143.283,35,40.612,2023-01-21,2023-12-15,82.778,4.334
usa_NC_0032_0023,1,66.074,19,18.952,2003-11-29,2004-11-15,133.369,35,34.803,2023-01-21,2023-12-15,67.295,3.523
usa_NC_0032_0024,1,78.574,19,17.628,2003-11-29,2004-11-15,134.688,34,29.014,2023-01-21,2023-12-15,56.115,2.938
usa_NC_0032_0025,1,56.037,19,18.030,2003-11-29,2004-11-15,108.192,37,24.379,2023-01-21,2023-12-15,52.155,2.731
usa_NC_0032_0026,1,60.706,18,18.715,2003-11-29,2004-11-15,110.182,38,19.711,2023-01-21,2023-12-15,49.476,2.590
usa_NC_0032_0027,1,49.794,18,18.641,2003-11-29,2004-11-15,97.019,37,19.145,2023-01-21,2023-12-15,47.224,2.473
usa_NC_0032_0028,1,47.106,18,19.152,2003-11-29,2004-11-15,92.495,39,19.372,2023-01-21,2023-12-15,45.389,2.376
usa_NC_0032_0029,1,47.913,16,21.644,2003-11-29,2004-11-15,95.979,39,15.870,2023-01-21,2023-12-15,48.067,2.517
usa_NC_0032_0030,2,65.680,15,15.852,2003-11-29,2004-11-15,117.982,39,14.699,2023-01-21,2023-12-15,52.302,2.738
usa_NC_0032_0031,2,63.319,16,15.837,2003-11-29,2004-11-15,113.618,38,12.640,2023-01-21,2023-12-15,50.300,2.634
usa_NC_0032_0032,2,69.627,15,14.947,2003-11-29,2004-11-15,118.405,38,11.534,2023-01-21,2023-12-15,48.779,2.554
usa_NC_0032_0033,2,51.681,16,14.188,2003-11-29,2004-11-15,99.013,38,12.770,2023-01-21,2023-12-15,47.332,2.478
usa_NC_0032_0034,2,68.119,16,14.438,2003-11-29,2004-11-15,115.629,38,12.362,2023-01-21,2023-12-15,47.510,2.488
usa_NC_0032_0035,2,54.919,16,14.827,2003-11-29,2004-11-15,104.697,38,11.564,2023-01-21,2023-12-15,49.779,2.606
usa_NC_0032_0036,2,43.881,16,14.166,2003-11-29,2004-11-15,91.134,38,9.807,2023-01-21,2023-12-15,47.253,2.474
usa_NC_0032_0037,2,40.350,16,15.254,2003-11-29,2004-11-15,85.550,38,11.822,2023-01-21,2023-12-15,45.200,2.367
usa_NC_0032_0038,2,34.620,15,15.119,2003-11-29,2004-11-15,80.008,37,12.292,2023-01-21,2023-12-15,45.388,2.376
usa_NC_0032_0039,2,38.183,18,12.595,2003-11-29,2004-11-15,84.426,38,11.648,2023-01-21,2023-12-15,46.243,2.421
usa_NC_0032_0040,2,37.216,19,13.158,2003-11-29,2004-11-15,83.539,38,10.924,2023-01-21,2023-12-15,46.324,2.425
usa_NC_0032_0041,3,38.385,20,11.036,2003-11-29,2004-11-15,80.887,38,10.427,2023-01-21,2023-12-15,42.502,2.225
usa_NC_0032_0042,3,41.533,18,10.918,2003-11-29,2004-11-15,83.192,38,11.617,2023-01-21,2023-12-15,41.659,2.181
usa_NC_0032_0043,3,41.222,18,11.326,2003-11-29,2004-11-15,84.932,38,10.986,2023-01-21,2023-12-15,43.709,2.289
usa_NC_0032_0044,3,36.312,17,11.613,2003-11-29,2004-11-15,79.411,38,10.186,2023-01-21,2023-12-15,43.099,2.257
usa_NC_0032_0045,3,38.129,17,12.090,2003-11-29,2004-11-15,85.654,37,12.543,2023-01-21,2023-12-15,47.525,2.488
usa_NC_0032_0046,3,38.072,18,13.155,2003-11-29,2004-11-15,84.237,38,14.320,2023-01-21,2023-12-15,46.165,2.417
usa_NC_0032_0047,3,31.389,18,13.457,2003-11-29,2004-11-15,78.232,37,14.182,2023-01-21,2023-12-15,46.844,2.453
usa_NC_0032_0048,3,30.406,18,13.546,2003-11-29,2004-11-15,76.984,37,13.389,2023-01-21,2023-12-15,46.578,2.439
usa_NC_0032_0049,3,28.888,17,11.440,2003-11-29,2004-11-15,77.900,37,14.468,2023-01-21,2023-12-15,49.012,2.566
usa_NC_0032_0050,3,27.118,17,10.634,2003-11-29,2004-11-15,80.043,37,12.360,2023-01-21,2023-12-15,52.926,2.771
usa_NC_0032_0051,4,22.100,19,13.589,2003-11-29,2004-11-15,79.864,36,12.329,2023-01-21,2023-12-15,57.764,3.024
usa_NC_0032_0052,4,18.229,17,12.381,2003-11-29,2004-11-15,81.092,36,12.710,2023-01-21,2023-12-15,62.862,3.291
usa_NC_0032_0053,4,20.872,18,13.486,2003-11-29,2004-11-15,84.895,37,12.497,2023-01-21,2023-12-15,64.022,3.352
usa_NC_0032_0054,4,13.444,18,13.854,2003-11-29,2004-11-15,79.144,36,14.579,2023-01-21,2023-12-15,65.700,3.440
usa_NC_0032_0055,4,12.337,19,13.103,2003-11-29,2004-11-15,76.334,35,14.508,2023-01-21,2023-12-15,63.997,3.351
usa_NC_0032_0056,4,24.179,19,14.204,2003-11-29,2004-11-15,83.280,35,13.744,2023-01-21,2023-12-15,59.101,3.094
usa_NC_0032_0057,4,18.900,19,14.900,2003-11-29,2004-11-15,72.011,37,13.408,2023-01-21,2023-12-15,53.111,2.781
usa_NC_0032_0058,4,26.260,20,15.636,2003-11-29,2004-11-15,73.673,37,12.789,2023-01-21,2023-12-15,47.413,2.482
usa_NC_0032_0059,4,33.576,17,17.672,2003-11-29,2004-11-15,78.319,37,13.452,2023-01-21,2023-12-15,44.742,2.343
usa_NC_0032_0060,4,39.224,17,17.938,2003-11-29,2004-11-15,83.792,36,11.569,2023-01-21,2023-12-15,44.568,2.334
usa_NC_0032_0061,4,42.275,20,18.624,2003-11-29,2004-11-15,82.795,37,13.770,2023-01-21,2023-12-15,40.520,2.122
usa_NC_0032_0062,4,37.862,21,17.594,2003-11-29,2004-11-15,78.406,36,12.855,2023-01-21,2023-12-15,40.544,2.123
usa_NC_0032_0063,4,38.633,21,17.452,2003-11-29,2004-11-15,77.364,36,11.824,2023-01-21,2023-12-15,38.731,2.028
usa_NC_0032_0064,5,44.250,20,16.394,2003-11-29,2004-11-15,81.108,36,12.681,2023-01-21,2023-12-15,36.858,1.930
usa_NC_0032_0065,5,36.672,18,16.693,2003-11-29,2004-11-15,73.639,36,12.701,2023-01-21,2023-12-15,36.967,1.936
usa_NC_0032_0066,5,38.194,18,19.373,2003-11-29,2004-11-15,70.497,38,13.020,2023-01-21,2023-12-15,32.303,1.691
usa_NC_0032_0067,5,38.822,18,20.812,2003-11-29,2004-11-15,68.539,38,13.054,2023-01-21,2023-12-15,29.717,1.556
usa_NC_0032_0068,5,39.665,17,19.076,2003-11-29,2004-11-15,66.045,38,12.467,2023-01-21,2023-12-15,26.380,1.381
usa_NC_0032_0069,5,49.372,18,25.163,2003-11-29,2004-11-15,64.253,38,11.453,2023-01-21,2023-12-15,14.880,0.779
usa_NC_0032_0070,5,52.211,18,21.722,2003-11-29,2004-11-15,65.266,38,13.930,2023-01-21,2023-12-15,13.055,0.684
usa_NC_0032_0071,5,59.011,18,24.242,2003-11-29,2004-11-15,64.950,38,13.197,2023-01-21,2023-12-15,5.939,0.311
usa_NC_0032_0072,5,57.711,18,25.886,2003-11-29,2004-11-15,61.795,38,13.880,2023-01-21,2023-12-15,4.084,0.214
usa_NC_0032_0073,5,59.718,17,22.068,2003-11-29,2004-11-15,62.139,38,13.894,2023-01-21,2023-12-15,2.422,0.127
usa_NC_0032_0074,5,56.935,17,20.833,2003-11-29,2004-11-15,58.592,37,13.751,2023-01-21,2023-12-15,1.657,0.087
usa_NC_0032_0075,5,50.365,17,19.657,2003-11-29,2004-11-15,51.914,36,15.498,2023-01-21,2023-12-15,1.549,0.081
usa_NC_0032_0076,5,48.911,18,16.854,2003-11-29,2004-11-15,49.783,36,15.114,2023-01-21,2023-12-15,0.872,0.046
usa_NC_0032_0077,6,52.506,17,15.648,2003-11-29,2004-11-15,62.369,35,16.929,2023-01-21,2023-12-14,9.863,0.516
usa_NC_0032_0078,6,147.918,11,13.579,2003-11-29,2004-10-31,128.349,37,13.590,2023-01-21,2023-12-15,-19.570,-1.025
usa_NC_0032_0079,6,55.690,20,11.423,2003-11-29,2004-11-15,24.657,37,11.383,2023-01-21,2023-12-15,-31.033,-1.625
usa_NC_0032_0080,6,62.229,21,14.809,2003-11-29,2004-11-15,16.658,36,12.447,2023-01-21,2023-12-15,-45.570,-2.386
usa_NC_0032_0081,6,60.536,22,17.948,2003-11-29,2004-11-15,15.233,36,11.124,2023-01-21,2023-12-15,-45.303,-2.372
usa_NC_0032_0082,6,56.005,20,16.770,2003-11-29,2004-11-15,17.614,36,12.763,2023-01-21,2023-12-15,-38.391,-2.010
usa_NC_0032_0083,7,52.589,19,16.512,2003-11-29,2004-11-15,25.273,37,12.935,2023-01-21,2023-12-15,-27.317,-1.430
usa_NC_0032_0084,7,43.500,16,12.207,2003-11-29,2004-11-15,29.297,37,11.826,2023-01-21,2023-12-15,-14.203,-0.744
usa_NC_0032_0085,7,58.724,17,9.595,2003-11-29,2004-11-15,52.092,37,12.657,2023-01-21,2023-12-15,-6.632,-0.347
usa_NC_0032_0086,7,45.918,17,11.245,2003-11-29,2004-11-15,39.868,37,11.188,2023-01-21,2023-12-15,-6.050,-0.317
usa_NC_0032_0088,8,49.675,20,16.741,2003-11-29,2004-11-15,39.557,37,12.381,2023-01-21,2023-12-15,-10.118,-0.530
usa_NC_0032_0089,8,46.270,20,15.922,2003-11-29,2004-11-15,38.384,37,12.417,2023-01-21,2023-12-15,-7.886,-0.413
usa_NC_0032_0090,8,30.512,17,10.739,2003-11-29,2004-11-15,31.216,37,13.893,2023-01-21,2023-12-15,0.704,0.037
usa_NC_0032_0091,8,87.320,20,15.220,2003-11-29,2004-11-15,88.354,37,12.529,2023-01-21,2023-12-15,1.034,0.054
usa_NC_0032_0092,8,51.868,22,12.651,2003-11-29,2004-11-15,56.097,37,11.389,2023-01-21,2023-12-15,4.229,0.221
usa_NC_0032_0093,8,58.555,22,11.658,2003-11-29,2004-11-15,67.435,37,12.351,2023-01-21,2023-12-15,8.881,0.465
usa_NC_0032_0094,8,24.582,22,12.063,2003-11-29,2004-11-15,37.830,37,14.352,2023-01-21,2023-12-15,13.248,0.694
usa_NC_0032_0095,8,76.957,21,10.320,2003-11-29,2004-11-15,85.505,37,13.635,2023-01-21,2023-12-15,8.548,0.448
usa_NC_0032_0096,9,35.000,20,10.064,2003-11-29,2004-11-15,44.189,37,12.832,2023-01-21,2023-12-15,9.189,0.481
usa_NC_0032_0097,9,57.450,20,10.715,2003-11-29,2004-11-15,66.259,37,12.756,2023-01-21,2023-12-15,8.809,0.461
usa_NC_0032_0098,9,51.847,19,9.160,2003-11-29,2004-11-15,60.122,37,11.956,2023-01-21,2023-12-15,8.274,0.433
usa_NC_0032_0099,9,46.905,20,10.276,2003-11-29,2004-11-15,57.978,37,11.967,2023-01-21,2023-12-15,11.073,0.580
usa_NC_0032_0100,9,43.947,19,11.020,2003-11-29,2004-11-15,56.508,36,11.503,2023-01-21,2023-12-15,12.561,0.658
usa_NC_0032_0101,9,40.333,18,8.212,2003-11-29,2004-11-15,53.651,37,12.535,2023-01-21,2023-12-15,13.318,0.697
usa_NC_0032_0102,9,41.644,18,10.930,2003-11-29,2004-11-15,56.726,38,14.148,2023-01-21,2023-12-15,15.082,0.790
usa_NC_0032_0103,9,44.820,15,9.995,2003-11-29,2004-11-15,61.130,37,14.242,2023-01-21,2023-12-15,16.310,0.854
usa_NC_0032_0104,9,40.153,17,14.627,2003-11-29,2004-11-15,59.049,37,12.522,2023-01-21,2023-12-15,18.896,0.989
usa_NC_0032_0105,10,45.789,18,15.245,2003-11-29,2004-11-15,63.535,37,11.299,2023-01-21,2023-12-15,17.746,0.929
usa_NC_0032_0106,10,46.939,18,15.676,2003-11-29,2004-11-15,66.370,37,12.120,2023-01-21,2023-12-15,19.431,1.017
usa_NC_0032_0107,10,50.867,18,17.143,2003-11-29,2004-11-15,76.819,37,11.137,2023-01-21,2023-12-15,25.952,1.359
usa_NC_0032_0108,10,43.233,18,18.200,2003-11-29,2004-11-15,75.835,37,11.454,2023-01-21,2023-12-15,32.602,1.707
usa_NC_0032_0109,10,48.425,16,12.211,2003-11-29,2004-11-15,76.278,37,12.139,2023-01-21,2023-12-15,27.853,1.458
usa_NC_0032_0110,10,61.025,20,13.083,2003-11-29,2004-11-15,85.103,37,11.381,2023-01-21,2023-12-15,24.078,1.261
usa_NC_0032_0111,10,46.529,21,16.445,2003-11-29,2004-11-15,70.989,36,10.036,2023-01-21,2023-12-15,24.460,1.281
usa_NC_0032_0112,10,49.510,20,14.907,2003-11-29,2004-11-15,70.797,37,9.564,2023-01-21,2023-12-15,21.287,1.115
usa_NC_0032_0113,10,50.563,19,10.868,2003-11-29,2004-11-15,70.266,38,10.336,2023-01-21,2023-12-15,19.703,1.032
usa_NC_0032_0114,10,50.900,19,10.634,2003-11-29,2004-11-15,71.235,37,10.063,2023-01-21,2023-12-15,20.335,1.065
usa_NC_0032_0115,11,50.617,18,11.087,2003-12-15,2004-11-15,74.176,38,9.313,2023-01-21,2023-12-15,23.560,1.234
usa_NC_0032_0116,11,46.082,17,10.063,2003-12-15,2004-11-15,73.088,33,8.718,2023-01-21,2023-12-15,27.006,1.414
usa_NC_0032_0117,11,47.506,17,9.808,2003-12-07,2004-11-15,74.000,33,9.690,2023-01-21,2023-12-15,26.494,1.387
usa_NC_0032_0118,11,43.331,16,8.051,2003-12-07,2004-11-15,74.421,33,9.249,2023-01-21,2023-12-15,31.090,1.628
usa_NC_0032_0119,11,38.444,18,7.555,2003-12-07,2004-11-15,70.206,32,8.000,2023-01-21,2023-12-15,31.762,1.663
usa_NC_0032_0120,11,34.522,18,9.107,2003-12-07,2004-11-15,65.671,31,8.081,2023-01-21,2023-12-15,31.149,1.631
usa_NC_0032_0121,11,36.495,19,10.772,2003-11-29,2004-11-15,65.600,36,9.617,2023-01-21,2023-12-15,29.105,1.524
usa_NC_0032_0122,11,33.374,19,8.616,2003-11-29,2004-11-15,60.500,36,10.135,2023-01-21,2023-12-15,27.126,1.420
usa_NC_0032_0123,11,38.484,19,8.412,2003-11-29,2004-11-15,61.647,36,10.341,2023-01-21,2023-12-15,23.163,1.213
usa_NC_0032_0124,11,47.330,20,9.184,2003-11-29,2004-11-15,68.108,36,8.988,2023-01-21,2023-12-15,20.778,1.088
usa_NC_0032_0125,12,54.662,21,11.257,2003-11-29,2004-11-15,71.261,36,10.311,2023-01-21,2023-12-15,16.599,0.869
usa_NC_0032_0126,12,50.648,21,10.575,2003-11-29,2004-11-15,67.034,35,11.301,2023-01-21,2023-12-15,16.387,0.858
usa_NC_0032_0127,12,54.905,19,9.636,2003-12-07,2004-11-15,72.248,31,8.445,2023-01-21,2023-12-15,17.343,0.908
usa_NC_0032_0128,12,54.388,17,9.570,2003-12-15,2004-11-15,72.171,31,9.725,2023-01-21,2023-12-15,17.783,0.931
usa_NC_0032_0129,12,51.600,22,11.710,2003-11-29,2004-11-15,69.491,35,12.042,2023-01-21,2023-12-15,17.891,0.937
usa_NC_0032_0130,12,54.383,23,12.409,2003-11-29,2004-11-15,72.847,34,10.517,2023-01-21,2023-12-15,18.464,0.967
usa_NC_0032_0131,12,51.977,22,11.520,2003-11-29,2004-11-15,72.271,35,9.411,2023-01-21,2023-12-15,20.294,1.063
usa_NC_0032_0132,12,52.729,21,11.166,2003-11-29,2004-11-15,70.436,36,10.435,2023-01-21,2023-12-15,17.708,0.927
usa_NC_0032_0133,12,55.400,19,9.756,2003-11-29,2004-11-15,69.619,36,9.830,2023-01-21,2023-12-15,14.219,0.745
usa_NC_0032_0134,12,60.832,19,10.561,2003-11-29,2004-11-15,73.931,36,8.804,2023-01-21,2023-12-15,13.099,0.686
usa_NC_0032_0135,13,59.732,19,10.525,2003-11-29,2004-11-15,70.692,36,9.071,2023-01-21,2023-12-15,10.960,0.574
usa_NC_0032_0136,13,60.372,18,10.003,2003-11-29,2004-11-15,69.720,35,8.260,2023-01-21,2023-12-15,9.348,0.489
usa_NC_0032_0137,13,60.647,19,9.026,2003-11-29,2004-11-15,72.538,34,7.295,2023-01-21,2023-12-15,11.891,0.623
usa_NC_0032_0138,13,57.828,18,9.692,2003-11-29,2004-11-15,71.312,34,7.328,2023-01-21,2023-12-15,13.484,0.706
usa_NC_0032_0139,13,60.200,19,9.897,2003-11-29,2004-11-15,73.969,35,7.857,2023-01-21,2023-12-15,13.769,0.721
usa_NC_0032_0140,13,54.856,18,8.452,2003-11-29,2004-11-15,69.109,35,8.265,2023-01-21,2023-12-15,14.253,0.746
usa_NC_0032_0141,13,53.437,19,7.758,2003-11-29,2004-11-15,71.874,35,7.529,2023-01-21,2023-12-15,18.437,0.965
usa_NC_0032_0142,13,49.894,18,7.488,2003-11-29,2004-11-15,69.883,35,9.089,2023-01-21,2023-12-15,19.988,1.047
usa_NC_0032_0143,13,42.811,18,7.703,2003-11-29,2004-11-15,64.726,35,10.101,2023-01-21,2023-12-15,21.915,1.147
usa_NC_0032_0144,13,46.660,20,7.846,2003-11-29,2004-11-15,72.706,35,9.705,2023-01-21,2023-12-15,26.046,1.364
usa_NC_0032_0145,13,41.000,20,8.407,2003-11-29,2004-11-15,67.157,35,9.986,2023-01-21,2023-12-15,26.157,1.370
usa_NC_0032_0146,14,52.215,20,8.365,2003-11-29,2004-11-15,78.989,35,10.609,2023-01-21,2023-12-15,26.774,1.402
usa_NC_0032_0147,14,47.048,21,8.412,2003-11-29,2004-11-15,74.022,36,9.423,2023-01-21,2023-12-15,26.975,1.412
usa_NC_0032_0148,14,42.016,19,10.513,2003-11-29,2004-11-15,68.514,35,10.043,2023-01-21,2023-12-15,26.498,1.387
usa_NC_0032_0149,14,45.427,22,11.132,2003-11-29,2004-11-15,74.524,33,7.218,2023-01-21,2023-12-15,29.097,1.523
usa_NC_0032_0150,14,46.157,23,9.889,2003-11-29,2004-11-15,76.344,34,10.665,2023-01-21,2023-12-15,30.188,1.581
usa_NC_0032_0151,14,45.682,22,11.943,2003-11-29,2004-11-15,79.026,34,11.161,2023-01-21,2023-12-15,33.345,1.746
usa_NC_0032_0152,14,47.243,21,11.116,2003-11-29,2004-11-15,84.050,34,10.540,2023-01-21,2023-12-15,36.807,1.927
usa_NC_0032_0153,14,50.737,19,9.938,2003-11-29,2004-11-15,86.333,36,12.199,2023-01-21,2023-12-15,35.596,1.864
usa_NC_0032_0154,14,47.955,20,10.439,2003-11-29,2004-11-15,84.446,37,11.143,2023-01-21,2023-12-15,36.491,1.911
usa_NC_0032_0155,14,46.321,19,11.847,2003-11-29,2004-11-15,83.816,37,9.292,2023-01-21,2023-12-15,37.495,1.963
usa_NC_0032_0156,15,47.328,18,10.708,2003-11-29,2004-11-15,79.762,37,8.578,2023-01-21,2023-12-15,32.434,1.698
usa_NC_0032_0157,15,45.394,18,10.834,2003-11-29,2004-11-15,78.695,37,11.305,2023-01-21,2023-12-15,33.300,1.744
usa_NC_0032_0158,15,46.256,18,11.403,2003-11-29,2004-11-15,79.642,36,12.112,2023-01-21,2023-12-15,33.386,1.748
usa_NC_0032_0159,15,51.500,17,9.774,2003-11-29,2004-11-15,83.653,36,11.835,2023-01-21,2023-12-15,32.153,1.683
usa_NC_0032_0160,15,49.400,17,10.436,2003-11-29,2004-11-15,79.578,36,12.567,2023-01-21,2023-12-15,30.178,1.580
usa_NC_0032_0161,15,43.794,17,12.501,2003-11-29,2004-11-15,75.150,36,11.597,2023-01-21,2023-12-15,31.356,1.642
usa_NC_0032_0162,15,39.741,17,12.663,2003-11-29,2004-11-15,68.447,36,9.858,2023-01-21,2023-12-15,28.706,1.503
usa_NC_0032_0163,15,46.570,20,13.522,2003-11-29,2004-11-15,72.183,36,8.640,2023-01-21,2023-12-15,25.613,1.341
usa_NC_0032_0164,15,41.780,20,15.224,2003-11-29,2004-11-15,64.386,36,7.862,2023-01-21,2023-12-15,22.606,1.184
usa_NC_0032_0165,15,41.935,20,16.173,2003-11-29,2004-11-15,63.072,36,8.577,2023-01-21,2023-12-15,21.137,1.107
usa_NC_0032_0166,16,41.875,20,17.168,2003-11-29,2004-11-15,65.939,36,7.060,2023-01-21,2023-12-15,24.064,1.260
usa_NC_0032_0167,16,41.720,20,15.793,2003-11-29,2004-11-15,65.589,36,8.059,2023-01-21,2023-12-15,23.869,1.250
usa_NC_0032_0168,16,43.884,19,16.757,2003-11-29,2004-11-15,70.130,37,8.670,2023-01-21,2023-12-15,26.246,1.374
usa_NC_0032_0169,16,38.587,23,16.136,2003-11-29,2004-11-15,67.346,37,9.272,2023-01-21,2023-12-15,28.759,1.506
usa_NC_0032_0170,16,41.778,23,17.318,2003-11-29,2004-11-15,68.587,38,9.844,2023-01-21,2023-12-15,26.809,1.404
usa_NC_0032_0171,16,40.995,21,11.647,2003-11-29,2004-11-15,70.370,40,9.391,2023-01-21,2023-12-15,29.375,1.538
usa_NC_0032_0172,16,43.685,20,11.916,2003-11-29,2004-11-15,70.468,40,7.990,2023-01-21,2023-12-15,26.783,1.402
usa_NC_0032_0173,16,45.521,19,12.866,2003-11-29,2004-11-15,70.690,40,9.862,2023-01-21,2023-12-15,25.169,1.318
usa_NC_0032_0174,16,47.700,19,13.943,2003-11-29,2004-11-15,71.800,40,11.049,2023-01-21,2023-12-15,24.100,1.262
usa_NC_0032_0175,16,50.863,19,14.269,2003-11-29,2004-11-15,73.822,40,11.287,2023-01-21,2023-12-15,22.959,1.202
usa_NC_0032_0176,17,49.000,18,13.807,2003-11-29,2004-11-15,70.713,40,12.247,2023-01-21,2023-12-15,21.713,1.137
usa_NC_0032_0177,17,40.172,18,11.438,2003-11-29,2004-11-15,63.547,38,12.715,2023-01-21,2023-12-15,23.375,1.224
usa_NC_0032_0178,17,51.000,19,11.888,2003-11-29,2004-11-15,76.532,37,12.082,2023-01-21,2023-12-15,25.532,1.337
usa_NC_0032_0179,17,34.879,19,11.712,2003-11-29,2004-11-15,62.965,37,11.802,2023-01-21,2023-12-15,28.086,1.471
usa_NC_0032_0180,17,32.642,19,14.309,2003-11-29,2004-11-15,61.519,37,9.505,2023-01-21,2023-12-15,28.877,1.512
usa_NC_0032_0181,17,35.556,18,16.236,2003-11-29,2004-11-15,68.603,37,10.146,2023-01-21,2023-12-15,33.047,1.730
usa_NC_0032_0182,17,35.228,18,16.313,2003-11-29,2004-11-15,69.384,37,7.359,2023-01-21,2023-12-15,34.156,1.788
usa_NC_0032_0183,17,37.345,20,16.681,2003-11-29,2004-11-15,75.142,36,7.677,2023-01-21,2023-12-15,37.797,1.979
usa_NC_0032_0184,17,33.560,20,17.447,2003-11-29,2004-11-15,75.083,35,7.436,2023-01-21,2023-12-15,41.523,2.174
usa_NC_0032_0185,17,30.290,20,15.069,2003-11-29,2004-11-15,74.897,36,6.628,2023-01-21,2023-12-15,44.607,2.336
usa_NC_0032_0186,18,31.195,21,14.323,2003-11-29,2004-11-15,77.956,36,9.868,2023-01-21,2023-12-15,46.760,2.448
usa_NC_0032_0187,18,29.489,19,14.308,2003-11-29,2004-11-15,75.323,35,8.904,2023-01-21,2023-12-15,45.833,2.400
usa_NC_0032_0188,18,28.186,22,12.313,2003-11-29,2004-11-15,72.860,35,7.685,2023-01-21,2023-12-15,44.674,2.339
usa_NC_0032_0189,18,22.014,22,12.190,2003-11-29,2004-11-15,64.056,36,8.204,2023-01-21,2023-12-15,42.042,2.201
usa_NC_0032_0190,18,21.733,21,11.333,2003-11-29,2004-11-15,64.786,35,10.982,2023-01-21,2023-12-15,43.052,2.254
usa_NC_0032_0191,18,25.050,20,10.075,2003-11-29,2004-11-15,67.949,35,13.186,2023-01-21,2023-12-15,42.899,2.246
usa_NC_0032_0192,18,21.900,19,11.276,2003-11-29,2004-11-15,63.678,36,11.717,2023-01-21,2023-12-15,41.778,2.187
usa_NC_0032_0193,18,43.153,19,11.604,2003-11-29,2004-11-15,87.472,36,11.247,2023-01-21,2023-12-15,44.320,2.320
usa_NC_0032_0194,18,48.984,19,10.459,2003-11-29,2004-11-15,93.311,36,9.535,2023-01-21,2023-12-15,44.327,2.321
usa_NC_0032_0195,18,46.141,17,9.128,2003-11-29,2004-11-15,92.061,36,8.644,2023-01-21,2023-12-15,45.920,2.404
usa_NC_0032_0196,19,43.389,18,14.004,2003-11-29,2004-11-15,87.408,36,11.048,2023-01-21,2023-12-15,44.019,2.305
usa_NC_0032_0197,19,52.017,18,14.602,2003-11-29,2004-11-15,97.753,36,10.865,2023-01-21,2023-12-15,45.736,2.395
usa_NC_0032_0198,19,43.271,17,13.435,2003-11-29,2004-11-15,86.392,36,9.352,2023-01-21,2023-12-15,43.121,2.258
usa_NC_0032_0199,19,34.450,16,11.169,2003-11-29,2004-11-15,74.814,36,9.488,2023-01-21,2023-12-15,40.364,2.113
usa_NC_0032_0200,19,21.663,16,12.224,2003-11-29,2004-11-15,63.333,36,9.732,2023-01-21,2023-12-15,41.671,2.182
usa_NC_0032_0201,19,26.665,17,10.787,2003-11-29,2004-11-15,70.794,36,9.722,2023-01-21,2023-12-15,44.130,2.311
usa_NC_0032_0202,19,20.562,16,9.486,2003-11-29,2004-11-15,66.408,37,8.731,2023-01-21,2023-12-15,45.846,2.400
usa_NC_0032_0203,19,21.912,17,9.117,2003-11-29,2004-11-15,67.819,37,10.482,2023-01-21,2023-12-15,45.907,2.404
usa_NC_0032_0204,19,16.341,17,7.516,2003-11-29,2004-11-15,64.625,36,9.908,2023-01-21,2023-12-15,48.284,2.528
usa_NC_0032_0205,19,21.617,18,8.037,2003-11-29,2004-11-15,68.639,36,10.112,2023-01-21,2023-12-15,47.022,2.462
usa_NC_0032_0206,20,39.800,17,9.111,2003-11-29,2004-11-15,88.864,36,11.258,2023-01-21,2023-12-15,49.064,2.569
usa_NC_0032_0207,20,27.422,18,12.341,2003-11-29,2004-11-15,69.442,36,10.203,2023-01-21,2023-12-15,42.019,2.200
usa_NC_0032_0208,20,30.525,20,13.499,2003-11-29,2004-11-15,69.397,37,9.693,2023-01-21,2023-12-15,38.872,2.035
usa_NC_0032_0209,20,39.435,20,13.688,2003-11-29,2004-11-15,72.633,36,11.089,2023-01-21,2023-12-15,33.198,1.738
usa_NC_0032_0210,20,51.200,19,12.221,2003-11-29,2004-11-15,79.028,36,11.565,2023-01-21,2023-12-15,27.828,1.457
usa_NC_0032_0211,20,37.115,20,18.397,2003-11-29,2004-11-15,61.978,36,13.150,2023-01-21,2023-12-15,24.863,1.302
usa_NC_0032_0212,20,52.555,20,14.540,2003-11-29,2004-11-15,77.808,36,12.029,2023-01-21,2023-12-15,25.253,1.322
usa_NC_0032_0213,20,52.030,20,14.407,2003-11-29,2004-11-15,73.511,37,10.359,2023-01-21,2023-12-15,21.481,1.125
usa_NC_0032_0214,20,77.825,20,14.718,2003-11-29,2004-11-15,102.738,37,10.464,2023-01-21,2023-12-15,24.913,1.304
usa_NC_0033_0001,20,45.235,20,11.184,2003-11-29,2004-11-15,72.995,39,11.640,2023-01-21,2023-12-23,27.760,1.453
usa_NC_0033_0002,21,41.510,21,11.961,2003-11-29,2004-11-15,65.485,39,10.286,2023-01-21,2023-12-23,23.975,1.255
usa_NC_0033_0003,21,31.252,21,12.917,2003-11-29,2004-11-15,53.337,38,10.363,2023-01-21,2023-12-23,22.084,1.156
usa_NC_0033_0004,21,26.863,19,13.522,2003-11-29,2004-11-15,46.111,38,8.465,2023-01-21,2023-12-23,19.247,1.008
usa_NC_0033_0005,21,31.225,20,18.109,2003-11-29,2004-11-15,50.921,38,11.578,2023-01-21,2023-12-23,19.696,1.031
usa_NC_0033_0006,21,30.900,18,13.625,2003-11-29,2004-11-15,45.076,38,11.625,2023-01-21,2023-12-23,14.176,0.742
usa_NC_0033_0007,21,29.750,18,13.870,2003-11-29,2004-11-15,43.024,38,10.684,2023-01-21,2023-12-23,13.274,0.695
usa_NC_0033_0008,21,30.732,19,10.819,2003-11-29,2004-11-15,44.318,39,12.832,2023-01-21,2023-12-23,13.586,0.711
usa_NC_0033_0009,21,34.630,20,10.661,2003-11-29,2004-11-15,45.818,39,11.224,2023-01-21,2023-12-23,11.188,0.586
usa_NC_0033_0010,21,36.953,19,11.828,2003-11-29,2004-11-15,44.521,39,10.289,2023-01-21,2023-12-23,7.568,0.396
usa_NC_0033_0011,21,37.742,19,11.524,2003-11-29,2004-11-15,37.672,39,10.093,2023-01-21,2023-12-23,-0.070,-0.004
usa_NC_0033_0012,21,39.963,16,11.693,2003-11-29,2004-11-15,38.459,39,10.303,2023-01-21,2023-12-23,-1.504,-0.079
usa_NC_0033_0013,22,41.432,19,13.567,2003-11-29,2004-11-15,37.705,38,9.503,2023-01-21,2023-12-23,-3.726,-0.195
usa_NC_0033_0014,22,47.343,21,13.259,2003-11-29,2004-11-15,40.205,38,8.706,2023-01-21,2023-12-23,-7.138,-0.374
usa_NC_0033_0015,22,49.553,19,12.872,2003-11-29,2004-11-15,42.297,38,12.714,2023-01-21,2023-12-23,-7.255,-0.380
usa_NC_0033_0016,22,47.953,19,11.579,2003-11-29,2004-11-15,39.805,38,14.439,2023-01-21,2023-12-23,-8.147,-0.427
usa_NC_0033_0017,22,48.763,19,10.924,2003-11-29,2004-11-15,40.426,39,13.467,2023-01-21,2023-12-23,-8.338,-0.437
usa_NC_0033_0018,22,51.222,18,11.403,2003-11-29,2004-11-15,37.521,39,12.781,2023-01-21,2023-12-23,-13.702,-0.717
usa_NC_0033_0019,22,50.395,19,10.474,2003-11-29,2004-11-15,33.185,39,9.141,2023-01-21,2023-12-23,-17.210,-0.901
usa_NC_0033_0020,22,51.167,18,10.187,2003-11-29,2004-11-15,35.205,39,10.606,2023-01-21,2023-12-23,-15.962,-0.836
usa_NC_0033_0021,22,54.384,19,11.261,2003-11-29,2004-11-15,36.431,39,10.506,2023-01-21,2023-12-23,-17.953,-0.940
usa_NC_0033_0022,22,59.062,21,11.761,2003-11-29,2004-11-15,38.777,39,9.623,2023-01-21,2023-12-23,-20.285,-1.062
usa_NC_0033_0023,23,66.410,21,11.558,2003-11-29,2004-11-15,47.821,39,11.217,2023-01-21,2023-12-23,-18.589,-0.973
usa_NC_0033_0024,23,70.756,18,11.323,2003-11-29,2004-11-15,52.472,39,10.271,2023-01-21,2023-12-23,-18.284,-0.957
usa_NC_0033_0025,23,73.239,18,11.338,2003-11-29,2004-11-15,53.395,39,10.171,2023-01-21,2023-12-23,-19.844,-1.039
usa_NC_0033_0026,23,75.250,18,11.167,2003-11-29,2004-11-15,51.703,39,11.887,2023-01-21,2023-12-23,-23.547,-1.233
usa_NC_0033_0027,23,79.472,18,11.497,2003-11-29,2004-11-15,48.362,39,10.115,2023-01-21,2023-12-23,-31.111,-1.629
usa_NC_0033_0028,23,85.984,19,13.275,2003-11-29,2004-11-15,47.821,39,8.494,2023-01-21,2023-12-23,-38.164,-1.998
usa_NC_0033_0029,23,109.900,19,11.270,2003-11-29,2004-11-15,69.605,39,8.908,2023-01-21,2023-12-23,-40.295,-2.110
usa_NC_0033_0030,23,102.121,19,9.807,2003-11-29,2004-11-15,65.123,39,9.973,2023-01-21,2023-12-23,-36.998,-1.937
usa_NC_0033_0031,23,99.781,16,9.600,2003-11-29,2004-11-15,63.885,39,9.015,2023-01-21,2023-12-23,-35.897,-1.879
usa_NC_0033_0032,23,103.031,16,11.186,2003-11-29,2004-11-15,64.946,39,8.544,2023-01-21,2023-12-23,-38.085,-1.994
usa_NC_0033_0033,24,105.420,20,14.096,2003-11-29,2004-11-15,66.292,39,11.589,2023-01-21,2023-12-23,-39.128,-2.049
usa_NC_0033_0034,24,103.215,20,13.313,2003-11-29,2004-11-15,61.944,39,9.815,2023-01-21,2023-12-23,-41.271,-2.161
usa_NC_0033_0035,24,106.837,19,13.840,2003-11-29,2004-11-15,62.795,39,10.189,2023-01-21,2023-12-23,-44.042,-2.306
usa_NC_0033_0036,24,105.279,19,12.505,2003-11-29,2004-11-15,64.223,39,10.811,2023-01-21,2023-12-23,-41.056,-2.150
usa_NC_0033_0037,24,102.668,19,10.465,2003-11-29,2004-11-15,65.272,39,9.165,2023-01-21,2023-12-23,-37.397,-1.958
usa_NC_0033_0038,24,102.185,20,10.263,2003-11-29,2004-11-15,64.985,39,10.377,2023-01-21,2023-12-23,-37.200,-1.948
usa_NC_0033_0039,24,88.415,20,11.284,2003-11-29,2004-11-15,53.708,39,12.017,2023-01-21,2023-12-23,-34.707,-1.817
usa_NC_0033_0040,24,91.294,18,10.165,2003-11-29,2004-11-15,55.344,39,9.836,2023-01-21,2023-12-23,-35.951,-1.882
usa_NC_0033_0041,24,87.224,21,10.149,2003-11-29,2004-11-15,49.608,39,8.867,2023-01-21,2023-12-23,-37.616,-1.970
usa_NC_0033_0042,24,98.170,23,8.780,2003-11-29,2004-11-15,61.723,39,10.274,2023-01-21,2023-12-23,-36.446,-1.908
usa_NC_0033_0043,25,90.895,22,8.859,2003-11-29,2004-11-15,54.995,39,10.727,2023-01-21,2023-12-23,-35.901,-1.880
usa_NC_0033_0044,25,99.165,23,10.160,2003-11-29,2004-11-15,63.923,39,11.308,2023-01-21,2023-12-23,-35.242,-1.845
usa_NC_0033_0045,25,91.738,21,10.285,2003-11-29,2004-11-15,56.115,40,12.591,2023-01-21,2023-12-23,-35.623,-1.865
usa_NC_0033_0046,25,97.185,20,10.938,2003-11-29,2004-11-15,58.983,40,11.165,2023-01-21,2023-12-23,-38.203,-2.000
usa_NC_0033_0047,25,99.679,19,11.341,2003-11-29,2004-11-15,55.838,39,10.435,2023-01-21,2023-12-23,-43.840,-2.295
usa_NC_0033_0048,25,100.460,20,11.577,2003-11-29,2004-11-15,53.054,39,9.504,2023-01-21,2023-12-23,-47.406,-2.482
usa_NC_0033_0049,25,101.155,20,13.199,2003-11-29,2004-11-15,52.418,39,10.038,2023-01-21,2023-12-23,-48.737,-2.552
usa_NC_0033_0050,25,103.360,20,12.130,2003-11-29,2004-11-15,55.872,39,10.103,2023-01-21,2023-12-23,-47.488,-2.486
usa_NC_0033_0051,25,93.847,17,13.299,2003-11-29,2004-11-15,50.192,39,8.214,2023-01-21,2023-12-23,-43.655,-2.286
usa_NC_0033_0052,25,93.925,20,12.991,2003-11-29,2004-11-15,51.026,39,10.240,2023-01-21,2023-12-23,-42.899,-2.246
usa_NC_0033_0053,26,85.423,22,11.968,2003-11-29,2004-11-15,46.205,39,9.150,2023-01-21,2023-12-23,-39.218,-2.053
usa_NC_0033_0054,26,83.073,22,12.623,2003-11-29,2004-11-15,45.469,39,9.247,2023-01-21,2023-12-23,-37.603,-1.969
usa_NC_0033_0055,26,74.316,19,12.380,2003-11-29,2004-11-15,40.103,39,11.208,2023-01-21,2023-12-23,-34.213,-1.791
usa_NC_0033_0056,26,71.205,19,13.099,2003-11-29,2004-11-15,41.159,39,9.484,2023-01-21,2023-12-23,-30.046,-1.573
usa_NC_0033_0057,26,74.345,20,16.862,2003-11-29,2004-11-15,45.524,38,9.888,2023-01-21,2023-12-23,-28.821,-1.509
usa_NC_0033_0058,26,77.175,20,16.798,2003-11-29,2004-11-15,47.274,38,10.402,2023-01-21,2023-12-23,-29.901,-1.566
usa_NC_0033_0059,26,63.044,18,15.477,2003-11-29,2004-11-15,29.941,37,9.282,2023-01-21,2023-12-23,-33.104,-1.733
usa_NC_0033_0060,26,76.932,19,14.741,2003-11-29,2004-11-15,43.965,37,9.903,2023-01-21,2023-12-23,-32.967,-1.726
usa_NC_0033_0061,26,67.855,20,14.490,2003-11-29,2004-11-15,40.043,37,9.485,2023-01-21,2023-12-23,-27.812,-1.456
usa_NC_0033_0062,26,63.495,21,13.576,2003-11-29,2004-11-15,38.722,37,7.523,2023-01-21,2023-12-23,-24.774,-1.297
usa_NC_0033_0064,27,52.595,21,16.296,2003-11-29,2004-11-15,36.429,38,9.168,2023-01-21,2023-12-23,-16.166,-0.846
usa_NC_0033_0065,27,50.825,20,16.346,2003-11-29,2004-11-15,44.039,38,9.143,2023-01-21,2023-12-23,-6.786,-0.355
usa_NC_0033_0066,27,49.695,19,15.064,2003-11-29,2004-11-15,45.747,38,9.783,2023-01-21,2023-12-23,-3.947,-0.207
usa_NC_0033_0067,27,51.110,20,14.733,2003-11-29,2004-11-15,50.297,38,8.854,2023-01-21,2023-12-23,-0.813,-0.043
usa_NC_0033_0068,27,48.255,20,13.615,2003-11-29,2004-11-15,49.450,38,10.993,2023-01-21,2023-12-23,1.195,0.063
usa_NC_0033_0069,27,51.043,21,14.022,2003-11-29,2004-11-15,48.603,38,10.502,2023-01-21,2023-12-23,-2.440,-0.128
usa_NC_0033_0070,27,45.205,19,13.562,2003-11-29,2004-11-15,41.611,38,10.285,2023-01-21,2023-12-23,-3.595,-0.188
usa_NC_0033_0071,27,45.441,17,13.445,2003-11-29,2004-11-15,43.774,38,10.641,2023-01-21,2023-12-23,-1.667,-0.087
usa_NC_0033_0072,27,42.438,21,13.299,2003-11-29,2004-11-15,43.813,38,8.999,2023-01-21,2023-12-23,1.375,0.072
usa_NC_0033_0073,27,42.887,24,13.713,2003-11-29,2004-11-15,51.295,38,10.026,2023-01-21,2023-12-23,8.407,0.440
usa_NC_0033_0074,28,42.633,21,14.664,2003-11-29,2004-11-15,56.805,38,9.962,2023-01-21,2023-12-23,14.172,0.742
usa_NC_0033_0075,28,41.986,21,15.371,2003-11-29,2004-11-15,62.266,38,10.070,2023-01-21,2023-12-23,20.280,1.062
usa_NC_0033_0076,28,38.253,19,8.784,2003-11-29,2004-11-15,68.777,39,10.540,2023-01-21,2023-12-23,30.524,1.598
usa_NC_0033_0077,28,42.200,21,9.182,2003-11-29,2004-11-15,77.928,39,8.645,2023-01-21,2023-12-23,35.728,1.871
usa_NC_0033_0078,28,46.700,20,10.747,2003-11-29,2004-11-15,89.449,39,9.481,2023-01-21,2023-12-23,42.749,2.238
usa_NC_0033_0079,28,48.219,21,11.160,2003-11-29,2004-11-15,93.892,39,8.898,2023-01-21,2023-12-23,45.673,2.391
usa_NC_0033_0080,28,44.295,21,12.867,2003-11-29,2004-11-15,97.900,39,8.015,2023-01-21,2023-12-23,53.605,2.807
usa_NC_0033_0081,28,45.305,22,12.419,2003-11-29,2004-11-15,105.667,39,9.188,2023-01-21,2023-12-23,60.362,3.160
usa_NC_0033_0082,28,47.664,22,10.501,2003-11-29,2004-11-15,113.964,39,8.609,2023-01-21,2023-12-23,66.300,3.471
usa_NC_0033_0083,28,47.486,22,8.863,2003-11-29,2004-11-15,115.861,38,10.179,2023-01-21,2023-12-23,68.374,3.580
usa_NC_0033_0084,29,40.930,20,10.368,2003-11-29,2004-11-15,109.521,38,9.309,2023-01-21,2023-12-23,68.591,3.591
usa_NC_0033_0085,29,45.547,19,12.059,2003-11-29,2004-11-15,110.947,38,9.818,2023-01-21,2023-12-23,65.400,3.424
usa_NC_0033_0086,29,37.895,20,12.447,2003-11-29,2004-11-15,104.037,38,11.067,2023-01-21,2023-12-23,66.142,3.463
usa_NC_0033_0087,29,30.820,20,13.818,2003-11-29,2004-11-15,95.174,38,8.806,2023-01-21,2023-12-23,64.354,3.369
usa_NC_0033_0088,29,43.175,20,15.119,2003-11-29,2004-11-15,106.823,39,10.214,2023-01-21,2023-12-23,63.648,3.332
usa_NC_0033_0089,29,48.271,21,15.827,2003-11-29,2004-11-15,111.072,39,9.956,2023-01-21,2023-12-23,62.800,3.288
usa_NC_0033_0090,29,45.750,18,13.107,2003-11-29,2004-11-15,109.469,39,8.827,2023-01-21,2023-12-23,63.719,3.336
usa_NC_0033_0091,29,44.900,19,13.194,2003-11-29,2004-11-15,109.051,39,9.952,2023-01-21,2023-12-23,64.151,3.359
usa_NC_0033_0092,29,46.791,22,13.415,2003-11-29,2004-11-15,108.790,39,8.359,2023-01-21,2023-12-23,61.999,3.246
usa_NC_0033_0093,29,56.843,23,16.514,2003-11-29,2004-11-15,114.274,39,9.310,2023-01-21,2023-12-23,57.431,3.007
usa_NC_0033_0094,30,59.785,20,14.281,2003-11-29,2004-11-07,114.451,39,10.071,2023-01-21,2023-12-23,54.666,2.862
usa_NC_0033_0095,30,69.462,21,15.270,2003-11-29,2004-11-15,122.821,39,7.763,2023-01-21,2023-12-23,53.359,2.794
usa_NC_0033_0096,30,61.355,22,13.867,2003-11-29,2004-11-15,112.218,39,9.462,2023-01-21,2023-12-23,50.863,2.663
usa_NC_0033_0097,30,64.800,22,11.527,2003-11-29,2004-11-15,116.351,39,9.999,2023-01-21,2023-12-23,51.551,2.699
usa_NC_0033_0098,30,53.000,20,11.104,2003-11-29,2004-11-15,104.897,39,8.430,2023-01-21,2023-12-23,51.897,2.717
usa_NC_0033_0099,30,59.648,21,10.731,2003-11-29,2004-11-15,108.410,39,8.691,2023-01-21,2023-12-23,48.763,2.553
usa_NC_0033_0100,30,63.552,21,10.625,2003-11-29,2004-11-15,110.850,38,9.568,2023-01-21,2023-12-23,47.298,2.476
usa_NC_0033_0101,30,60.500,23,11.338,2003-11-29,2004-11-15,105.987,39,9.122,2023-01-21,2023-12-23,45.487,2.382
usa_NC_0033_0102,30,53.645,22,12.851,2003-11-29,2004-11-15,95.431,39,9.144,2023-01-21,2023-12-23,41.785,2.188
usa_NC_0033_0103,30,52.090,21,13.455,2003-11-29,2004-11-15,94.124,38,10.299,2023-01-21,2023-12-23,42.033,2.201
usa_NC_0033_0104,31,61.605,21,14.390,2003-11-29,2004-11-15,104.253,40,11.752,2023-01-21,2023-12-23,42.648,2.233
usa_NC_0033_0105,31,54.350,20,15.368,2003-11-29,2004-11-15,97.246,39,10.171,2023-01-21,2023-12-23,42.896,2.246
usa_NC_0033_0106,31,48.557,21,13.072,2003-11-29,2004-11-15,94.226,39,10.987,2023-01-21,2023-12-23,45.668,2.391
usa_NC_0033_0107,31,54.510,21,13.470,2003-11-29,2004-11-15,101.446,39,10.013,2023-01-21,2023-12-23,46.937,2.458
usa_NC_0033_0108,31,59.764,22,13.862,2003-11-29,2004-11-15,105.700,39,9.754,2023-01-21,2023-12-23,45.936,2.405
usa_NC_0033_0109,31,59.357,21,14.619,2003-11-29,2004-11-15,107.305,40,11.516,2023-01-21,2023-12-23,47.948,2.510
usa_NC_0033_0110,31,45.022,18,15.356,2003-11-29,2004-11-15,95.223,39,10.946,2023-01-21,2023-12-23,50.201,2.628
usa_NC_0033_0111,31,41.781,21,13.704,2003-11-29,2004-11-15,89.536,39,11.747,2023-01-21,2023-12-23,47.755,2.500
usa_NC_0033_0112,31,47.050,22,12.881,2003-11-29,2004-11-15,93.003,39,11.086,2023-01-21,2023-12-23,45.953,2.406
usa_NC_0033_0113,31,46.014,22,14.143,2003-11-29,2004-11-15,90.692,39,12.613,2023-01-21,2023-12-23,44.679,2.339
usa_NC_0033_0114,31,47.024,21,13.351,2003-11-29,2004-11-15,92.395,39,13.091,2023-01-21,2023-12-23,45.371,2.376
usa_NC_0033_0115,32,43.000,21,11.672,2003-11-29,2004-11-15,85.640,40,12.871,2023-01-21,2023-12-23,42.640,2.233
usa_NC_0033_0116,32,38.795,22,10.833,2003-11-29,2004-11-15,79.140,40,13.191,2023-01-21,2023-12-23,40.345,2.112
usa_NC_0033_0117,32,43.332,22,11.517,2003-11-29,2004-11-15,83.290,40,12.916,2023-01-21,2023-12-23,39.958,2.092
usa_NC_0033_0118,32,47.609,22,11.603,2003-11-29,2004-11-15,86.977,40,11.607,2023-01-21,2023-12-23,39.368,2.061
usa_NC_0033_0119,32,50.862,21,11.455,2003-11-29,2004-11-15,92.074,39,11.278,2023-01-21,2023-12-23,41.212,2.158
usa_NC_0033_0120,32,49.505,22,11.116,2003-11-29,2004-11-15,89.963,40,10.381,2023-01-21,2023-12-23,40.458,2.118
usa_NC_0033_0121,32,48.027,22,13.095,2003-11-29,2004-11-15,86.341,39,11.458,2023-01-21,2023-12-23,38.314,2.006
usa_NC_0033_0122,32,42.410,21,12.024,2003-11-29,2004-11-15,80.687,39,10.127,2023-01-21,2023-12-23,38.278,2.004
usa_NC_0033_0123,32,47.786,21,10.008,2003-11-29,2004-11-15,88.352,40,10.666,2023-01-21,2023-12-23,40.567,2.124
usa_NC_0033_0124,32,50.910,20,10.022,2003-11-29,2004-11-15,91.944,39,11.053,2023-01-21,2023-12-23,41.034,2.148
usa_NC_0033_0125,33,74.389,19,11.797,2003-11-29,2004-11-15,115.700,39,9.474,2023-01-21,2023-12-23,41.311,2.163
usa_NC_0033_0126,33,94.260,20,14.672,2003-11-29,2004-11-15,134.946,39,10.447,2023-01-21,2023-12-23,40.686,2.130
usa_NC_0033_0127,33,47.305,20,14.918,2003-11-29,2004-11-15,86.938,39,10.213,2023-01-21,2023-12-23,39.633,2.075
usa_NC_0033_0128,33,38.229,21,14.637,2003-11-29,2004-11-15,80.313,39,10.083,2023-01-21,2023-12-23,42.084,2.203
usa_NC_0033_0129,33,31.480,20,13.642,2003-11-29,2004-11-15,73.913,39,11.808,2023-01-21,2023-12-23,42.433,2.222
usa_NC_0033_0130,33,31.318,17,13.411,2003-11-29,2004-11-15,75.751,39,12.381,2023-01-21,2023-12-23,44.434,2.326
usa_NC_0033_0131,33,38.711,19,11.628,2003-11-29,2004-11-15,82.741,39,12.019,2023-01-21,2023-12-23,44.030,2.305
usa_NC_0033_0132,33,42.852,21,11.514,2003-11-29,2004-11-15,83.538,39,11.884,2023-01-21,2023-12-23,40.686,2.130
usa_NC_0033_0133,33,44.805,21,11.624,2003-11-29,2004-11-15,85.037,40,11.976,2023-01-21,2023-12-23,40.233,2.107
usa_NC_0033_0134,33,47.820,20,11.723,2003-11-29,2004-11-15,88.995,40,12.383,2023-01-21,2023-12-23,41.175,2.156
usa_NC_0033_0135,33,40.475,20,11.671,2003-11-29,2004-11-15,83.322,40,12.266,2023-01-21,2023-12-23,42.847,2.243
usa_NC_0033_0136,34,41.095,22,13.440,2003-11-29,2004-11-15,84.665,40,10.694,2023-01-21,2023-12-23,43.570,2.281
usa_NC_0033_0137,34,46.771,21,13.852,2003-11-29,2004-11-15,90.638,40,10.798,2023-01-21,2023-12-23,43.866,2.297
usa_NC_0033_0138,34,46.652,21,14.134,2003-11-29,2004-11-15,90.925,40,9.493,2023-01-21,2023-12-23,44.273,2.318
usa_NC_0033_0139,34,49.545,20,14.972,2003-11-29,2004-11-15,92.935,40,10.314,2023-01-21,2023-12-23,43.390,2.272
usa_NC_0033_0140,34,55.343,21,15.122,2003-11-29,2004-11-15,97.380,40,10.563,2023-01-21,2023-12-23,42.037,2.201
usa_NC_0033_0141,34,60.530,23,15.441,2003-11-29,2004-11-15,101.203,40,9.333,2023-01-21,2023-12-23,40.672,2.130
usa_NC_0033_0142,34,57.859,22,16.637,2003-11-29,2004-11-15,97.822,40,10.586,2023-01-21,2023-12-23,39.963,2.092
usa_NC_0033_0143,34,56.173,22,14.793,2003-11-29,2004-11-15,94.620,40,10.511,2023-01-21,2023-12-23,38.447,2.013
usa_NC_0033_0144,34,53.210,21,14.282,2003-11-29,2004-11-15,90.718,40,10.743,2023-01-21,2023-12-23,37.508,1.964
usa_NC_0033_0145,34,54.257,21,12.216,2003-11-29,2004-11-15,87.578,40,12.071,2023-01-21,2023-12-23,33.320,1.745
usa_NC_0033_0146,35,51.095,21,10.516,2003-11-29,2004-11-15,82.463,40,13.023,2023-01-21,2023-12-23,31.367,1.642
usa_NC_0033_0147,35,55.210,21,10.802,2003-11-29,2004-11-15,81.715,40,13.313,2023-01-21,2023-12-23,26.505,1.388
usa_NC_0033_0148,35,63.959,22,11.568,2003-11-29,2004-11-15,85.133,40,12.743,2023-01-21,2023-12-23,21.173,1.109
usa_NC_0033_0149,35,67.170,20,11.528,2003-11-29,2004-11-15,84.478,40,12.929,2023-01-21,2023-12-23,17.308,0.906
usa_NC_0033_0150,35,63.888,17,10.860,2003-11-29,2004-11-15,80.792,40,13.991,2023-01-21,2023-12-23,16.904,0.885
usa_NC_0033_0151,35,68.505,20,12.364,2003-11-29,2004-11-15,80.228,40,14.246,2023-01-21,2023-12-23,11.723,0.614
usa_NC_0033_0152,35,67.348,23,13.742,2003-11-29,2004-11-15,74.597,40,14.773,2023-01-21,2023-12-23,7.250,0.380
usa_NC_0033_0153,35,68.739,23,13.396,2003-11-29,2004-11-15,72.222,40,14.092,2023-01-21,2023-12-23,3.483,0.182
usa_NC_0033_0154,35,66.124,21,12.246,2003-11-29,2004-11-15,65.977,40,12.887,2023-01-21,2023-12-23,-0.146,-0.008
usa_NC_0033_0155,35,66.176,21,12.774,2003-11-29,2004-11-15,66.933,40,11.745,2023-01-21,2023-12-23,0.756,0.040
usa_NC_0033_0156,35,66.577,22,13.066,2003-11-29,2004-11-15,68.805,40,11.315,2023-01-21,2023-12-23,2.228,0.117
usa_NC_0033_0157,36,64.605,22,12.253,2003-11-29,2004-11-15,66.760,40,11.195,2023-01-21,2023-12-23,2.155,0.113
usa_NC_0033_0158,36,61.523,22,10.964,2003-11-29,2004-11-15,66.677,40,11.449,2023-01-21,2023-12-23,5.155,0.270
usa_NC_0033_0159,36,59.664,22,9.987,2003-11-29,2004-11-15,67.142,40,12.291,2023-01-21,2023-12-23,7.479,0.392
usa_NC_0033_0160,36,60.468,22,9.077,2003-11-29,2004-11-15,68.993,40,11.740,2023-01-21,2023-12-23,8.524,0.446
usa_NC_0033_0161,36,62.852,23,9.079,2003-11-29,2004-11-15,70.118,40,10.806,2023-01-21,2023-12-23,7.265,0.380
usa_NC_0033_0162,36,55.795,22,9.740,2003-11-29,2004-11-15,61.842,40,10.478,2023-01-21,2023-12-23,6.047,0.317
usa_NC_0033_0163,36,57.668,22,10.487,2003-11-29,2004-11-15,65.490,40,10.862,2023-01-21,2023-12-23,7.822,0.410
usa_NC_0033_0164,36,52.762,21,10.997,2003-11-29,2004-11-15,59.733,40,10.745,2023-01-21,2023-12-23,6.971,0.365
usa_NC_0033_0165,36,49.905,19,9.263,2003-11-29,2004-11-15,56.397,40,10.719,2023-01-21,2023-12-23,6.492,0.340
usa_NC_0033_0166,36,46.229,21,9.147,2003-11-29,2004-11-15,54.663,40,10.593,2023-01-21,2023-12-23,8.434,0.442
usa_NC_0033_0167,37,42.181,21,9.650,2003-11-29,2004-11-15,52.487,40,11.476,2023-01-21,2023-12-23,10.307,0.540
usa_NC_0033_0168,37,40.236,22,9.394,2003-11-29,2004-11-15,49.887,40,12.216,2023-01-21,2023-12-23,9.651,0.505
usa_NC_0033_0169,37,39.135,20,8.708,2003-11-29,2004-10-31,48.087,40,11.835,2023-01-21,2023-12-23,8.952,0.469
usa_NC_0033_0170,37,38.856,18,10.995,2003-11-29,2004-11-15,46.932,40,12.044,2023-01-21,2023-12-23,8.077,0.423
usa_NC_0033_0171,37,35.995,20,11.103,2003-11-29,2004-11-15,44.420,40,11.714,2023-01-21,2023-12-23,8.425,0.441
usa_NC_0033_0172,37,37.191,22,12.945,2003-11-29,2004-11-15,47.600,40,13.602,2023-01-21,2023-12-23,10.409,0.545
usa_NC_0033_0173,37,36.733,21,12.904,2003-11-29,2004-11-15,49.832,40,12.716,2023-01-21,2023-12-23,13.099,0.686
usa_NC_0033_0174,37,39.105,21,13.058,2003-11-29,2004-11-15,55.270,40,13.777,2023-01-21,2023-12-23,16.165,0.846
usa_NC_0033_0175,37,31.824,21,13.349,2003-11-29,2004-11-15,47.448,40,13.467,2023-01-21,2023-12-23,15.624,0.818
usa_NC_0033_0176,37,46.782,22,13.654,2003-11-29,2004-11-15,60.763,40,11.115,2023-01-21,2023-12-23,13.981,0.732
usa_NC_0033_0177,37,37.032,22,11.946,2003-11-29,2004-11-15,46.503,40,9.663,2023-01-21,2023-12-23,9.471,0.496
usa_NC_0033_0178,38,36.226,19,11.976,2003-11-29,2004-11-15,43.290,40,8.662,2023-01-21,2023-12-23,7.064,0.370
usa_NC_0033_0179,38,34.945,20,10.091,2003-11-29,2004-11-15,44.750,40,7.849,2023-01-21,2023-12-23,9.805,0.513
usa_NC_0033_0180,38,37.524,21,9.011,2003-11-29,2004-11-15,45.930,40,8.076,2023-01-21,2023-12-23,8.406,0.440
usa_NC_0033_0181,38,37.117,23,9.180,2003-11-29,2004-11-15,45.483,40,8.735,2023-01-21,2023-12-23,8.365,0.438
usa_NC_0033_0182,38,39.655,22,10.921,2003-11-29,2004-11-15,46.807,40,10.603,2023-01-21,2023-12-23,7.153,0.375
usa_NC_0033_0183,38,36.109,23,11.019,2003-11-29,2004-11-15,40.948,40,10.824,2023-01-21,2023-12-23,4.839,0.253
usa_NC_0033_0184,38,34.748,21,10.536,2003-11-29,2004-11-15,42.383,40,11.186,2023-01-21,2023-12-23,7.635,0.400
usa_NC_0033_0185,38,32.205,20,9.785,2003-11-29,2004-11-15,42.145,40,11.765,2023-01-21,2023-12-23,9.940,0.520
usa_NC_0033_0186,38,31.419,21,10.335,2003-11-29,2004-11-15,42.665,40,12.364,2023-01-21,2023-12-23,11.246,0.589
usa_NC_0033_0187,38,31.629,21,12.230,2003-11-29,2004-11-15,42.777,40,13.076,2023-01-21,2023-12-23,11.149,0.584
usa_NC_0033_0188,39,32.624,21,12.161,2003-11-29,2004-11-15,44.953,40,11.672,2023-01-21,2023-12-23,12.329,0.646
usa_NC_0033_0189,39,34.285,20,11.701,2003-11-29,2004-11-15,47.475,40,10.270,2023-01-21,2023-12-23,13.190,0.691
usa_NC_0033_0190,39,35.172,18,14.040,2003-11-29,2004-11-15,47.615,40,9.586,2023-01-21,2023-12-23,12.443,0.651
usa_NC_0033_0191,39,35.863,19,13.311,2003-11-29,2004-11-15,47.575,40,9.276,2023-01-21,2023-12-23,11.712,0.613
usa_NC_0033_0192,39,37.950,22,13.104,2003-11-29,2004-11-15,49.060,40,9.982,2023-01-21,2023-12-23,11.110,0.582
usa_NC_0033_0193,39,38.800,23,12.968,2003-11-29,2004-11-15,50.420,40,9.843,2023-01-21,2023-12-23,11.620,0.608
usa_NC_0033_0194,39,33.810,21,14.155,2003-11-29,2004-11-15,45.328,40,8.942,2023-01-21,2023-12-23,11.518,0.603
usa_NC_0033_0195,39,36.867,21,14.105,2003-11-29,2004-11-15,46.938,40,8.300,2023-01-21,2023-12-23,10.071,0.527
usa_NC_0033_0196,39,36.014,21,13.602,2003-11-29,2004-11-15,45.756,39,7.654,2023-01-21,2023-12-23,9.742,0.510
usa_NC_0033_0197,39,38.091,22,13.836,2003-11-29,2004-11-15,48.541,39,7.111,2023-01-21,2023-12-23,10.450,0.547
usa_NC_0033_0198,40,37.173,22,14.217,2003-11-29,2004-11-15,50.903,40,9.197,2023-01-21,2023-12-23,13.730,0.719
usa_NC_0033_0199,40,34.800,19,14.273,2003-11-29,2004-11-15,51.692,40,10.507,2023-01-21,2023-12-23,16.892,0.884
usa_NC_0033_0200,40,35.395,21,12.877,2003-11-29,2004-11-15,53.682,39,9.923,2023-01-21,2023-12-23,18.287,0.957
usa_NC_0033_0201,40,37.248,23,12.981,2003-11-29,2004-11-15,54.862,40,10.433,2023-01-21,2023-12-23,17.615,0.922
usa_NC_0033_0202,40,33.148,23,12.229,2003-11-29,2004-11-15,53.779,38,10.290,2023-01-28,2023-12-23,20.631,1.080
usa_NC_0033_0203,40,37.070,23,11.767,2003-11-29,2004-11-15,61.111,38,11.516,2023-01-28,2023-12-23,24.041,1.259
usa_NC_0033_0204,40,34.082,22,13.326,2003-11-29,2004-11-15,58.458,38,13.429,2023-01-28,2023-12-23,24.376,1.276
usa_NC_0033_0205,40,35.700,21,12.495,2003-11-29,2004-11-15,61.749,37,14.489,2023-01-28,2023-12-23,26.049,1.364
usa_NC_0033_0206,40,32.255,20,12.567,2003-11-29,2004-11-15,60.462,37,17.149,2023-01-28,2023-12-23,28.207,1.477
usa_NC_0033_0207,40,30.124,21,11.971,2003-11-29,2004-11-15,56.322,37,14.171,2023-01-28,2023-12-23,26.198,1.372
usa_NC_0033_0209,41,30.305,21,12.465,2003-11-29,2004-11-15,63.303,37,11.057,2023-01-28,2023-12-23,32.998,1.728
usa_NC_0033_0210,41,27.406,17,12.101,2003-11-29,2004-11-15,64.111,37,10.456,2023-01-28,2023-12-23,36.705,1.922
usa_NC_0033_0211,41,20.388,17,11.145,2003-11-29,2004-11-15,59.116,37,9.157,2023-01-28,2023-12-23,38.728,2.028
usa_NC_0033_0212,41,27.085,20,12.135,2003-11-29,2004-11-15,62.651,37,8.975,2023-01-28,2023-12-23,35.566,1.862
usa_NC_0033_0213,41,15.176,21,12.558,2003-11-29,2004-11-15,50.189,37,8.593,2023-01-28,2023-12-23,35.013,1.833
usa_NC_0033_0214,41,17.358,19,13.145,2003-11-29,2004-11-15,51.122,36,7.085,2023-01-28,2023-12-15,33.764,1.768
usa_NC_0033_0215,41,20.468,19,13.859,2003-11-29,2004-11-15,52.050,36,8.884,2023-01-28,2023-12-15,31.582,1.654
usa_NC_0033_0216,41,26.905,19,14.000,2003-11-29,2004-11-15,55.808,36,10.385,2023-01-28,2023-12-15,28.903,1.513
usa_NC_0033_0217,41,25.410,21,14.002,2003-11-29,2004-11-15,47.872,36,10.767,2023-01-21,2023-12-15,22.463,1.176
usa_NC_0033_0218,41,26.395,21,15.996,2003-11-29,2004-11-15,47.528,36,11.925,2023-01-21,2023-12-15,21.133,1.106
usa_NC_0033_0219,42,22.258,19,15.851,2003-11-29,2004-11-15,42.986,36,12.101,2023-01-21,2023-12-15,20.728,1.085
usa_NC_0033_0220,42,27.155,20,15.726,2003-11-29,2004-11-15,47.467,36,11.618,2023-01-21,2023-12-15,20.312,1.063
usa_NC_0033_0221,42,21.427,22,14.416,2003-11-29,2004-11-15,41.031,36,12.322,2023-01-21,2023-12-15,19.603,1.026
usa_NC_0033_0222,42,30.296,23,12.453,2003-11-29,2004-11-15,51.203,36,12.655,2023-01-21,2023-12-15,20.907,1.095
usa_NC_0033_0223,42,17.430,23,11.645,2003-11-29,2004-11-15,42.806,36,12.026,2023-01-21,2023-12-15,25.375,1.329
usa_NC_0033_0224,42,16.910,21,11.802,2003-11-29,2004-11-15,43.511,36,11.355,2023-01-21,2023-12-15,26.602,1.393
usa_NC_0033_0225,42,22.186,21,10.319,2003-11-29,2004-11-15,46.962,37,11.534,2023-01-21,2023-12-15,24.776,1.297
usa_NC_0033_0226,42,18.045,20,10.629,2003-11-29,2004-11-15,41.323,35,10.333,2023-01-21,2023-12-15,23.278,1.219
usa_NC_0033_0227,42,21.881,21,11.913,2003-11-29,2004-11-15,43.177,35,11.066,2023-01-21,2023-12-15,21.296,1.115
usa_NC_0033_0228,42,25.510,21,12.220,2003-11-29,2004-11-15,46.064,36,12.063,2023-01-21,2023-12-15,20.554,1.076
usa_NC_0033_0229,43,35.832,22,11.553,2003-11-29,2004-11-15,55.051,35,10.414,2023-01-21,2023-12-15,19.220,1.006
usa_NC_0033_0230,43,29.005,19,11.213,2003-11-29,2004-11-15,45.383,35,11.903,2023-01-21,2023-12-15,16.378,0.857
usa_NC_0033_0231,43,32.358,19,12.478,2003-11-29,2004-11-15,44.263,35,11.347,2023-01-21,2023-12-15,11.905,0.623
usa_NC_0033_0232,43,32.527,22,12.347,2003-11-29,2004-11-15,37.719,36,9.796,2023-01-21,2023-12-23,5.192,0.272
usa_NC_0033_0233,43,35.165,23,11.515,2003-11-29,2004-11-15,36.869,36,10.515,2023-01-21,2023-12-23,1.704,0.089
usa_NC_0033_0234,43,35.514,21,11.187,2003-11-29,2004-11-15,34.069,35,9.453,2023-01-21,2023-12-23,-1.446,-0.076
usa_NC_0033_0235,43,31.638,21,12.957,2003-11-29,2004-11-15,29.891,35,8.591,2023-01-21,2023-12-23,-1.747,-0.091
usa_NC_0033_0236,43,46.310,20,11.194,2003-11-29,2004-11-15,41.866,35,7.912,2023-01-21,2023-12-23,-4.444,-0.233
usa_NC_0033_0237,43,41.833,21,12.439,2003-11-29,2004-11-15,35.611,35,8.728,2023-01-21,2023-12-23,-6.222,-0.326
usa_NC_0033_0238,43,41.223,22,13.989,2003-11-29,2004-11-15,35.363,35,10.360,2023-01-21,2023-12-23,-5.860,-0.307
usa_NC_0033_0239,44,45.600,21,11.876,2003-11-29,2004-11-15,39.881,36,10.946,2023-01-21,2023-12-23,-5.719,-0.299
usa_NC_0033_0240,44,29.133,21,11.469,2003-11-29,2004-11-15,20.186,36,11.750,2023-01-21,2023-12-23,-8.947,-0.468
usa_NC_0033_0241,44,36.361,23,11.696,2003-11-29,2004-11-15,25.461,36,13.398,2023-01-21,2023-12-23,-10.900,-0.571
usa_NC_0033_0242,44,52.518,22,12.700,2003-11-29,2004-11-15,41.165,37,12.907,2023-01-21,2023-12-23,-11.353,-0.594
usa_NC_0033_0243,44,40.645,22,14.404,2003-11-29,2004-11-15,33.933,36,11.625,2023-01-21,2023-12-15,-6.712,-0.351
usa_NC_0033_0244,44,37.310,21,14.001,2003-11-29,2004-11-15,35.136,36,10.177,2023-01-21,2023-12-15,-2.173,-0.114
usa_NC_0033_0245,44,35.705,20,14.152,2003-11-29,2004-11-15,35.031,36,9.535,2023-01-21,2023-12-15,-0.674,-0.035
usa_NC_0033_0246,44,33.175,20,12.567,2003-11-29,2004-11-15,34.446,37,9.491,2023-01-21,2023-12-15,1.271,0.067
usa_NC_0033_0247,44,30.681,21,12.675,2003-11-29,2004-11-15,30.289,37,10.206,2023-01-21,2023-12-15,-0.392,-0.021
usa_NC_0033_0248,44,43.519,21,11.928,2003-11-29,2004-11-15,41.768,37,9.856,2023-01-21,2023-12-15,-1.751,-0.092
usa_NC_0033_0249,45,39.419,21,10.968,2003-11-29,2004-11-15,35.075,36,8.375,2023-01-21,2023-12-15,-4.344,-0.227
usa_NC_0033_0250,45,40.156,18,9.997,2003-11-29,2004-11-15,33.006,36,6.939,2023-01-21,2023-12-15,-7.150,-0.374
usa_NC_0033_0251,45,42.822,18,10.021,2003-11-29,2004-11-15,36.011,36,6.896,2023-01-21,2023-12-15,-6.811,-0.357
usa_NC_0033_0252,45,42.427,22,10.187,2003-11-29,2004-11-15,33.397,36,9.027,2023-01-21,2023-12-15,-9.030,-0.473
usa_NC_0033_0253,45,45.545,22,11.390,2003-11-29,2004-11-15,34.016,37,9.805,2023-01-21,2023-12-15,-11.529,-0.604
usa_NC_0033_0254,45,48.267,21,12.982,2003-11-29,2004-11-15,32.164,36,9.059,2023-01-21,2023-12-15,-16.103,-0.843
usa_NC_0033_0255,45,49.281,21,13.531,2003-11-29,2004-11-15,31.225,36,8.266,2023-01-21,2023-12-15,-18.056,-0.945
usa_NC_0033_0256,45,44.895,22,12.787,2003-11-29,2004-11-15,24.814,36,10.192,2023-01-21,2023-12-15,-20.082,-1.051
usa_NC_0033_0257,45,45.668,22,12.537,2003-11-29,2004-11-15,26.620,35,10.103,2023-01-21,2023-12-15,-19.048,-0.997
usa_NC_0033_0258,45,45.475,20,9.691,2003-11-29,2004-11-15,29.760,35,10.326,2023-01-21,2023-12-15,-15.715,-0.823
usa_NC_0033_0259,46,49.295,21,11.526,2003-11-29,2004-11-15,33.617,36,11.080,2023-01-21,2023-12-15,-15.679,-0.821
usa_NC_0033_0260,46,53.136,22,12.988,2003-11-29,2004-11-15,32.531,36,12.338,2023-01-21,2023-12-15,-20.606,-1.079
usa_NC_0034_0001,46,60.796,23,12.689,2003-11-29,2004-11-07,33.754,39,11.951,2023-01-21,2023-12-15,-27.042,-1.416
usa_NC_0034_0002,46,59.209,22,14.760,2003-11-29,2004-10-30,31.492,39,11.903,2023-01-21,2023-12-15,-27.717,-1.451
usa_NC_0034_0003,46,52.095,20,13.260,2003-11-29,2004-10-30,27.218,39,10.690,2023-01-21,2023-12-15,-24.877,-1.303
usa_NC_0034_0004,46,45.800,20,12.900,2003-11-29,2004-10-30,24.646,39,9.313,2023-01-21,2023-12-15,-21.154,-1.108
usa_NC_0034_0005,46,52.350,20,13.065,2003-11-29,2004-10-30,33.974,39,7.797,2023-01-21,2023-12-15,-18.376,-0.962
usa_NC_0034_0006,46,43.315,20,13.106,2003-11-29,2004-10-31,27.579,39,7.762,2023-01-21,2023-12-15,-15.736,-0.824
usa_NC_0034_0007,46,48.857,21,13.055,2003-11-29,2004-10-31,32.547,40,9.302,2023-01-21,2023-12-15,-16.310,-0.854
usa_NC_0034_0008,46,51.895,22,15.828,2003-11-29,2004-10-31,30.562,40,9.716,2023-01-21,2023-12-15,-21.333,-1.117
usa_NC_0034_0009,47,49.718,22,14.577,2003-11-29,2004-10-31,29.495,40,11.233,2023-01-21,2023-12-15,-20.223,-1.059
usa_NC_0034_0010,47,53.079,19,15.697,2003-11-29,2004-10-31,32.032,40,11.375,2023-01-21,2023-12-15,-21.046,-1.102
usa_NC_0034_0011,47,52.260,20,16.237,2003-11-29,2004-10-31,29.395,40,11.483,2023-01-21,2023-12-15,-22.865,-1.197
usa_NC_0034_0012,47,49.891,22,17.647,2003-11-29,2004-11-07,23.355,40,11.243,2023-01-21,2023-12-15,-26.536,-1.389
usa_NC_0034_0013,47,51.243,21,17.410,2003-11-29,2004-11-07,24.993,41,9.242,2023-01-21,2023-12-15,-26.250,-1.374
usa_NC_0034_0014,47,54.475,20,17.491,2003-11-29,2004-11-07,29.244,41,9.226,2023-01-21,2023-12-15,-25.231,-1.321
usa_NC_0034_0015,47,47.600,19,12.525,2003-11-29,2004-11-07,26.634,41,9.449,2023-01-21,2023-12-15,-20.966,-1.098
usa_NC_0034_0016,47,62.748,21,15.315,2003-11-29,2004-11-07,39.541,41,9.273,2023-01-21,2023-12-15,-23.206,-1.215
usa_NC_0034_0017,47,52.795,21,14.792,2003-11-29,2004-11-07,27.305,41,9.646,2023-01-21,2023-12-15,-25.490,-1.335
usa_NC_0034_0018,47,55.163,19,13.694,2003-11-29,2004-11-07,28.727,41,10.061,2023-01-21,2023-12-15,-26.436,-1.384
usa_NC_0034_0019,48,50.116,19,12.716,2003-11-29,2004-11-07,27.124,41,10.827,2023-01-21,2023-12-15,-22.991,-1.204
usa_NC_0034_0020,48,51.370,20,13.466,2003-11-29,2004-11-07,28.290,40,11.177,2023-01-21,2023-12-15,-23.080,-1.208
usa_NC_0034_0021,48,53.500,23,12.585,2003-11-29,2004-11-07,30.875,40,9.883,2023-01-21,2023-12-15,-22.625,-1.185
usa_NC_0034_0022,48,58.714,21,11.846,2003-11-29,2004-10-30,40.513,40,10.600,2023-01-21,2023-12-15,-18.202,-0.953
usa_NC_0034_0023,48,45.814,21,12.668,2003-11-29,2004-10-30,29.658,40,10.139,2023-01-21,2023-12-15,-16.157,-0.846
usa_NC_0034_0024,48,46.100,20,12.428,2003-11-29,2004-10-30,33.820,40,9.116,2023-01-21,2023-12-15,-12.280,-0.643
usa_NC_0034_0025,48,45.611,19,10.443,2003-11-29,2004-10-30,36.526,39,9.507,2023-01-21,2023-12-15,-9.085,-0.476
usa_NC_0034_0026,48,52.035,20,11.645,2003-11-29,2004-10-31,42.377,39,10.706,2023-01-21,2023-12-15,-9.658,-0.506
usa_NC_0034_0027,48,46.476,21,11.818,2003-11-29,2004-10-31,37.977,39,10.765,2023-01-21,2023-12-15,-8.499,-0.445
usa_NC_0034_0028,48,45.390,21,11.129,2003-11-29,2004-10-31,36.936,39,9.972,2023-01-21,2023-12-15,-8.455,-0.443
usa_NC_0034_0029,49,50.005,21,9.930,2003-11-29,2004-10-31,41.549,39,9.035,2023-01-21,2023-12-15,-8.456,-0.443
usa_NC_0034_0030,49,50.921,19,10.159,2003-11-29,2004-10-31,43.174,39,8.883,2023-01-21,2023-12-15,-7.747,-0.406
usa_NC_0034_0031,49,48.710,20,11.405,2003-11-29,2004-10-31,38.475,40,8.393,2023-01-21,2023-12-15,-10.235,-0.536
usa_NC_0034_0032,49,46.757,21,12.129,2003-11-29,2004-11-07,38.025,40,7.822,2023-01-21,2023-12-15,-8.732,-0.457
usa_NC_0034_0033,49,49.087,23,14.647,2003-11-29,2004-11-07,36.758,40,8.579,2023-01-21,2023-12-15,-12.329,-0.646
usa_NC_0034_0034,49,46.715,20,15.271,2003-11-29,2004-11-07,34.265,40,8.817,2023-01-21,2023-12-15,-12.450,-0.652
usa_NC_0034_0035,49,44.960,20,16.101,2003-11-29,2004-11-07,31.962,40,9.480,2023-01-21,2023-12-15,-12.998,-0.681
usa_NC_0034_0036,49,46.767,21,15.851,2003-11-29,2004-11-07,33.057,40,9.797,2023-01-21,2023-12-15,-13.709,-0.718
usa_NC_0034_0037,49,54.040,20,12.269,2003-11-29,2004-11-07,43.295,40,12.289,2023-01-21,2023-12-15,-10.745,-0.563
usa_NC_0034_0038,49,49.385,20,12.272,2003-11-29,2004-11-07,37.935,40,11.589,2023-01-21,2023-12-15,-11.450,-0.600
usa_NC_0034_0039,50,52.558,19,15.013,2003-11-29,2004-11-07,40.582,40,11.400,2023-01-21,2023-12-15,-11.975,-0.627
usa_NC_0034_0040,50,53.323,22,12.851,2003-11-29,2004-11-07,41.351,39,11.307,2023-01-21,2023-12-15,-11.971,-0.627
usa_NC_0034_0041,50,52.409,22,12.896,2003-11-29,2004-11-07,40.641,39,11.490,2023-01-21,2023-12-15,-11.768,-0.616
usa_NC_0034_0042,50,49.610,21,15.093,2003-11-29,2004-10-30,39.846,39,11.731,2023-01-21,2023-12-15,-9.763,-0.511
usa_NC_0034_0043,50,43.961,18,11.067,2003-11-29,2004-10-30,42.637,38,13.180,2023-01-21,2023-12-15,-1.324,-0.069
usa_NC_0034_0044,50,38.467,18,11.640,2003-11-29,2004-10-30,37.502,40,12.791,2023-01-21,2023-12-15,-0.964,-0.050
usa_NC_0034_0045,50,36.639,18,13.787,2003-11-29,2004-10-30,35.440,40,11.949,2023-01-21,2023-12-15,-1.199,-0.063
usa_NC_0034_0046,50,40.410,20,14.002,2003-11-29,2004-10-31,39.260,40,11.734,2023-01-21,2023-12-15,-1.150,-0.060
usa_NC_0034_0047,50,37.440,20,13.612,2003-11-29,2004-10-31,36.700,40,12.229,2023-01-21,2023-12-15,-0.740,-0.039
usa_NC_0034_0048,50,39.415,20,12.453,2003-11-29,2004-10-31,38.225,40,12.591,2023-01-21,2023-12-15,-1.190,-0.062
usa_NC_0034_0049,51,42.332,19,12.270,2003-11-29,2004-10-31,42.170,40,11.637,2023-01-21,2023-12-15,-0.162,-0.008
usa_NC_0034_0050,51,44.565,17,14.053,2003-11-29,2004-10-31,44.683,40,11.945,2023-01-21,2023-12-15,0.118,0.006
usa_NC_0034_0051,51,47.295,19,13.117,2003-11-29,2004-10-31,47.160,40,12.269,2023-01-21,2023-12-15,-0.135,-0.007
usa_NC_0034_0052,51,37.760,20,14.993,2003-11-29,2004-11-07,35.782,40,10.977,2023-01-21,2023-12-15,-1.978,-0.104
usa_NC_0034_0053,51,36.683,18,12.758,2003-11-29,2004-11-07,32.948,40,11.067,2023-01-21,2023-12-15,-3.736,-0.196
usa_NC_0034_0054,51,41.600,17,13.237,2003-11-29,2004-11-07,37.585,40,11.817,2023-01-21,2023-12-15,-4.015,-0.210
usa_NC_0034_0055,51,43.900,18,14.280,2003-11-29,2004-11-07,37.422,40,12.454,2023-01-21,2023-12-15,-6.477,-0.339
usa_NC_0034_0056,51,46.410,21,14.641,2003-11-29,2004-11-07,41.030,40,10.496,2023-01-21,2023-12-15,-5.380,-0.282
usa_NC_0034_0057,51,40.005,20,14.616,2003-11-29,2004-11-07,35.163,40,10.750,2023-01-21,2023-12-15,-4.843,-0.254
usa_NC_0034_0058,51,42.029,17,13.217,2003-11-29,2004-11-07,39.075,40,13.508,2023-01-21,2023-12-15,-2.954,-0.155
usa_NC_0034_0059,52,43.994,18,12.293,2003-11-29,2004-11-07,38.967,40,13.883,2023-01-21,2023-12-15,-5.027,-0.263
usa_NC_0034_0060,52,53.586,21,12.366,2003-11-29,2004-11-07,44.953,40,12.839,2023-01-21,2023-12-15,-8.633,-0.452
usa_NC_0034_0061,52,51.833,21,11.851,2003-11-29,2004-11-07,42.295,39,11.696,2023-01-21,2023-12-15,-9.538,-0.499
usa_NC_0034_0062,52,62.885,20,11.670,2003-11-29,2004-08-27,51.785,40,13.647,2023-01-21,2023-12-15,-11.100,-0.581
usa_NC_0034_0063,52,53.290,20,13.472,2003-11-29,2004-10-30,46.959,39,13.592,2023-01-21,2023-12-15,-6.331,-0.331
usa_NC_0034_0064,52,60.535,20,13.410,2003-11-29,2004-10-30,55.461,38,13.620,2023-01-21,2023-12-15,-5.074,-0.266
usa_NC_0034_0065,52,51.321,19,13.368,2003-11-29,2004-10-31,46.505,38,15.283,2023-01-21,2023-12-15,-4.816,-0.252
usa_NC_0034_0066,52,60.600,20,12.486,2003-11-29,2004-10-31,55.845,38,14.626,2023-01-21,2023-12-15,-4.755,-0.249
usa_NC_0034_0067,52,61.029,21,13.159,2003-11-29,2004-10-31,57.080,40,14.943,2023-01-21,2023-12-15,-3.949,-0.207
usa_NC_0034_0068,52,56.614,21,11.600,2003-11-29,2004-10-31,53.675,40,14.400,2023-01-21,2023-12-15,-2.939,-0.154
usa_NC_0034_0069,53,51.465,20,11.449,2003-11-29,2004-10-31,46.547,40,13.420,2023-01-21,2023-12-15,-4.917,-0.257
usa_NC_0034_0070,53,69.826,19,13.525,2003-11-29,2004-10-31,59.620,40,12.769,2023-01-21,2023-12-15,-10.206,-0.534
usa_NC_0034_0071,53,57.362,21,16.461,2003-11-29,2004-11-07,40.180,41,12.853,2023-01-21,2023-12-15,-17.181,-0.900
usa_NC_0034_0072,53,59.505,20,15.349,2003-11-29,2004-11-07,40.505,41,11.526,2023-01-21,2023-12-15,-19.000,-0.995
usa_NC_0034_0073,53,62.572,18,14.831,2003-11-29,2004-11-07,43.015,41,12.569,2023-01-21,2023-12-15,-19.558,-1.024
usa_NC_0034_0074,53,64.553,19,15.887,2003-11-29,2004-11-07,39.602,41,12.307,2023-01-21,2023-12-15,-24.950,-1.306
usa_NC_0034_0075,53,70.758,19,11.230,2003-11-29,2004-11-07,41.485,41,12.386,2023-01-21,2023-12-15,-29.273,-1.533
usa_NC_0034_0076,53,69.840,20,9.565,2003-11-29,2004-11-07,41.640,40,11.712,2023-01-21,2023-12-15,-28.200,-1.476
usa_NC_0034_0077,53,64.150,18,10.133,2003-11-29,2004-11-07,37.580,41,11.312,2023-01-21,2023-12-15,-26.570,-1.391
usa_NC_0034_0078,53,58.021,19,10.979,2003-11-29,2004-11-07,34.485,41,10.370,2023-01-21,2023-12-15,-23.536,-1.232
usa_NC_0034_0079,54,58.950,20,12.630,2003-11-29,2004-11-07,37.768,41,10.290,2023-01-21,2023-12-15,-21.182,-1.109
usa_NC_0034_0080,54,58.770,23,13.143,2003-11-29,2004-11-07,36.673,41,11.627,2023-01-21,2023-12-15,-22.096,-1.157
usa_NC_0034_0081,54,54.170,23,13.569,2003-11-29,2004-11-07,34.968,41,11.503,2023-01-21,2023-12-15,-19.201,-1.005
usa_NC_0034_0082,54,49.719,21,12.414,2003-11-29,2004-10-30,32.485,41,10.815,2023-01-21,2023-12-15,-17.234,-0.902
usa_NC_0034_0083,54,45.358,19,13.344,2003-11-29,2004-10-30,27.137,41,10.468,2023-01-21,2023-12-15,-18.221,-0.954
usa_NC_0034_0084,54,45.974,19,11.788,2003-11-29,2004-10-30,26.527,41,9.981,2023-01-21,2023-12-15,-19.447,-1.018
usa_NC_0034_0085,54,46.590,20,11.652,2003-11-29,2004-10-31,28.415,41,10.923,2023-01-21,2023-12-15,-18.175,-0.952
usa_NC_0034_0086,54,51.368,22,15.620,2003-11-29,2004-10-31,29.429,41,11.170,2023-01-21,2023-12-15,-21.939,-1.149
usa_NC_0034_0087,54,52.148,23,14.923,2003-11-29,2004-10-31,30.680,40,9.697,2023-01-21,2023-12-15,-21.468,-1.124
usa_NC_0034_0088,54,51.876,21,15.980,2003-11-29,2004-10-31,31.473,40,9.465,2023-01-21,2023-12-15,-20.404,-1.068
usa_NC_0034_0089,55,46.944,18,13.925,2003-11-29,2004-10-31,29.012,40,9.470,2023-01-21,2023-12-15,-17.932,-0.939
usa_NC_0034_0090,55,42.528,18,14.803,2003-11-29,2004-10-31,28.903,40,9.944,2023-01-21,2023-12-15,-13.625,-0.713
usa_NC_0034_0091,55,43.114,21,14.647,2003-11-29,2004-11-07,30.102,40,10.036,2023-01-21,2023-12-15,-13.012,-0.681
usa_NC_0034_0092,55,47.018,22,17.793,2003-11-29,2004-11-07,31.402,40,10.262,2023-01-21,2023-12-15,-15.616,-0.818
usa_NC_0034_0093,55,46.528,18,12.861,2003-11-29,2004-11-07,33.973,40,10.153,2023-01-21,2023-12-15,-12.555,-0.657
usa_NC_0034_0094,55,50.006,17,10.226,2003-11-29,2004-11-07,35.612,40,10.125,2023-01-21,2023-12-15,-14.393,-0.754
usa_NC_0034_0095,55,51.979,19,14.352,2003-11-29,2004-11-07,36.737,40,9.547,2023-01-21,2023-12-15,-15.241,-0.798
usa_NC_0034_0096,55,56.975,20,13.762,2003-11-29,2004-11-07,37.957,40,8.264,2023-01-21,2023-12-15,-19.018,-0.996
usa_NC_0034_0097,55,60.894,18,9.937,2003-11-29,2004-11-07,38.942,40,8.784,2023-01-21,2023-12-15,-21.952,-1.149
usa_NC_0034_0098,55,58.950,18,9.171,2003-11-29,2004-11-07,38.925,40,9.659,2023-01-21,2023-12-15,-20.025,-1.048
usa_NC_0034_0099,56,55.679,19,9.560,2003-11-29,2004-11-07,38.703,40,10.448,2023-01-21,2023-12-15,-16.976,-0.889
usa_NC_0034_0100,56,55.026,23,11.876,2003-11-29,2004-11-07,37.450,40,11.148,2023-01-21,2023-12-15,-17.576,-0.920
usa_NC_0034_0101,56,53.100,22,12.204,2003-11-29,2004-11-07,37.645,40,11.074,2023-01-21,2023-12-15,-15.455,-0.809
usa_NC_0034_0102,56,50.290,21,12.367,2003-11-29,2004-10-30,36.760,40,11.013,2023-01-21,2023-12-15,-13.530,-0.708
usa_NC_0034_0103,56,49.790,20,10.855,2003-11-29,2004-10-30,36.568,40,11.045,2023-01-21,2023-12-15,-13.223,-0.692
usa_NC_0034_0104,56,46.216,19,8.383,2003-11-29,2004-10-30,37.288,40,8.976,2023-01-21,2023-12-15,-8.928,-0.467
usa_NC_0034_0105,56,45.990,20,10.143,2003-11-29,2004-10-31,37.945,40,9.937,2023-01-21,2023-12-15,-8.045,-0.421
usa_NC_0034_0106,56,45.895,21,10.599,2003-11-29,2004-10-31,37.473,40,10.169,2023-01-21,2023-12-15,-8.423,-0.441
usa_NC_0034_0107,56,45.776,21,9.941,2003-11-29,2004-10-31,38.267,39,10.756,2023-01-21,2023-12-15,-7.510,-0.393
usa_NC_0034_0108,56,49.281,21,15.703,2003-11-29,2004-10-31,39.344,39,9.356,2023-01-21,2023-12-15,-9.937,-0.520
usa_NC_0034_0109,56,51.495,20,15.339,2003-11-29,2004-10-31,41.564,39,8.947,2023-01-21,2023-12-15,-9.931,-0.520
usa_NC_0034_0110,57,51.243,21,14.792,2003-11-29,2004-11-07,45.064,39,8.254,2023-01-21,2023-12-15,-6.179,-0.324
usa_NC_0034_0111,57,51.377,22,15.171,2003-11-29,2004-11-07,45.449,39,8.582,2023-01-21,2023-12-15,-5.929,-0.310
usa_NC_0034_0112,57,49.733,21,14.819,2003-11-29,2004-11-07,45.544,39,9.100,2023-01-21,2023-12-15,-4.190,-0.219
usa_NC_0034_0113,57,50.400,20,13.995,2003-11-29,2004-11-07,48.062,39,10.434,2023-01-21,2023-12-15,-2.338,-0.122
usa_NC_0034_0114,57,50.070,20,16.833,2003-11-29,2004-11-07,46.728,39,8.840,2023-01-21,2023-12-15,-3.342,-0.175
usa_NC_0034_0115,57,45.885,20,12.137,2003-11-29,2004-11-07,44.646,39,8.605,2023-01-21,2023-12-15,-1.239,-0.065
usa_NC_0034_0116,57,44.345,20,12.893,2003-11-29,2004-11-07,44.313,39,10.198,2023-01-21,2023-12-15,-0.032,-0.002
usa_NC_0034_0117,57,45.080,20,12.913,2003-11-29,2004-11-07,46.151,39,9.183,2023-01-21,2023-12-15,1.071,0.056
usa_NC_0034_0118,57,42.337,19,11.883,2003-11-29,2004-11-07,45.623,39,8.397,2023-01-21,2023-12-15,3.286,0.172
usa_NC_0034_0119,57,45.529,21,10.929,2003-11-29,2004-10-30,48.518,39,9.095,2023-01-21,2023-12-15,2.989,0.157
usa_NC_0034_0120,58,48.327,22,10.211,2003-11-29,2004-10-30,50.233,39,8.445,2023-01-21,2023-12-15,1.906,0.100
usa_NC_0034_0121,58,49.023,22,11.436,2003-11-29,2004-11-07,49.803,39,9.569,2023-01-21,2023-12-15,0.780,0.041
usa_NC_0034_0122,58,45.668,22,9.267,2003-11-29,2004-10-30,49.145,38,10.003,2023-01-21,2023-12-15,3.477,0.182
usa_NC_0034_0123,58,44.705,21,13.820,2003-11-29,2004-10-30,48.145,40,12.857,2023-01-21,2023-12-15,3.440,0.180
usa_NC_0034_0124,58,39.905,20,11.495,2003-11-29,2004-10-30,47.741,39,9.810,2023-01-21,2023-12-15,7.836,0.410
usa_NC_0034_0125,58,38.290,21,12.461,2003-11-29,2004-10-31,47.938,39,10.613,2023-01-21,2023-12-15,9.648,0.505
usa_NC_0034_0126,58,36.162,21,11.094,2003-11-29,2004-10-31,46.485,40,11.494,2023-01-21,2023-12-15,10.323,0.540
usa_NC_0034_0127,58,34.014,22,10.556,2003-11-29,2004-10-31,45.520,40,8.303,2023-01-21,2023-12-15,11.506,0.602
usa_NC_0034_0128,58,32.695,20,11.568,2003-11-29,2004-10-31,44.060,40,7.961,2023-01-21,2023-12-15,11.365,0.595
usa_NC_0034_0129,58,33.622,18,11.071,2003-11-29,2004-10-31,40.720,40,8.407,2023-01-21,2023-12-15,7.098,0.372
usa_NC_0034_0130,59,35.920,20,10.688,2003-11-29,2004-10-31,41.358,40,8.717,2023-01-21,2023-12-15,5.438,0.285
usa_NC_0034_0131,59,42.213,23,11.851,2003-11-29,2004-11-07,45.902,40,7.549,2023-01-21,2023-12-15,3.689,0.193
usa_NC_0034_0132,59,38.810,20,11.807,2003-11-29,2004-11-07,44.477,40,9.726,2023-01-21,2023-12-15,5.667,0.297
usa_NC_0034_0133,59,37.121,19,12.411,2003-11-29,2004-11-07,42.380,40,11.448,2023-01-21,2023-12-15,5.259,0.275
usa_NC_0034_0134,59,39.411,19,12.070,2003-11-29,2004-11-07,43.349,39,11.211,2023-01-21,2023-12-15,3.938,0.206
usa_NC_0034_0135,59,41.470,20,10.934,2003-11-29,2004-11-07,44.313,39,9.406,2023-01-21,2023-12-15,2.843,0.149
usa_NC_0034_0136,59,46.530,20,11.802,2003-11-29,2004-11-07,49.546,39,10.005,2023-01-21,2023-12-15,3.016,0.158
usa_NC_0034_0137,59,46.247,19,11.806,2003-11-29,2004-11-07,48.226,39,10.013,2023-01-21,2023-12-15,1.978,0.104
usa_NC_0034_0138,59,46.142,19,11.616,2003-11-29,2004-11-07,43.390,39,9.237,2023-01-21,2023-12-15,-2.752,-0.144
usa_NC_0034_0139,59,60.970,23,11.545,2003-11-29,2004-11-07,52.795,37,9.898,2023-01-21,2023-12-15,-8.175,-0.428
usa_NC_0034_0140,60,52.345,22,10.564,2003-11-29,2004-11-07,42.138,39,10.193,2023-01-21,2023-12-15,-10.207,-0.534
usa_NC_0034_0141,60,52.145,22,11.486,2003-11-29,2004-10-30,39.079,39,9.297,2023-01-21,2023-12-15,-13.066,-0.684
usa_NC_0034_0142,60,53.325,20,11.391,2003-11-29,2004-10-30,34.556,39,7.919,2023-01-21,2023-12-15,-18.769,-0.983
usa_NC_0034_0143,60,55.720,20,12.048,2003-11-29,2004-10-30,35.433,39,9.242,2023-01-21,2023-12-15,-20.287,-1.062
usa_NC_0034_0144,60,57.805,20,10.214,2003-11-29,2004-10-31,39.369,39,10.790,2023-01-21,2023-12-15,-18.436,-0.965
usa_NC_0034_0145,60,57.819,21,10.040,2003-11-29,2004-10-31,37.097,39,9.137,2023-01-21,2023-12-15,-20.722,-1.085
usa_NC_0034_0146,60,55.057,21,11.373,2003-11-29,2004-10-31,33.941,39,8.945,2023-01-21,2023-12-15,-21.116,-1.106
usa_NC_0034_0147,60,56.255,20,11.085,2003-11-29,2004-10-31,34.582,39,10.956,2023-01-21,2023-12-15,-21.673,-1.135
usa_NC_0034_0148,60,59.839,18,11.515,2003-11-29,2004-10-31,35.646,39,10.203,2023-01-21,2023-12-15,-24.193,-1.267
usa_NC_0034_0149,60,55.882,17,12.157,2003-11-29,2004-10-31,32.197,39,9.404,2023-01-21,2023-12-15,-23.685,-1.240
usa_NC_0034_0150,61,55.575,20,12.933,2003-11-29,2004-11-07,31.890,39,11.385,2023-01-21,2023-12-15,-23.685,-1.240
usa_NC_0034_0151,61,52.035,20,12.576,2003-11-29,2004-11-07,30.136,39,10.590,2023-01-21,2023-12-15,-21.899,-1.147
usa_NC_0034_0152,61,51.682,17,11.824,2003-11-29,2004-11-07,28.521,39,9.825,2023-01-21,2023-12-15,-23.162,-1.213
usa_NC_0034_0153,61,56.067,18,12.262,2003-11-29,2004-11-07,27.659,39,10.967,2023-01-21,2023-12-15,-28.408,-1.487
usa_NC_0034_0154,61,55.911,18,12.201,2003-11-29,2004-11-07,24.944,39,11.844,2023-01-21,2023-12-15,-30.968,-1.621
usa_NC_0034_0155,61,57.668,19,10.909,2003-11-29,2004-11-07,24.846,39,10.366,2023-01-21,2023-12-15,-32.822,-1.719
usa_NC_0034_0156,61,61.874,19,12.145,2003-11-29,2004-11-07,26.400,39,11.217,2023-01-21,2023-12-15,-35.474,-1.857
usa_NC_0034_0157,61,64.228,18,10.315,2003-11-29,2004-11-07,29.308,39,11.389,2023-01-21,2023-12-15,-34.920,-1.828
usa_NC_0034_0158,61,70.170,20,14.801,2003-11-29,2004-11-07,30.936,39,9.571,2023-01-21,2023-12-15,-39.234,-2.054
usa_NC_0034_0159,61,69.896,23,14.434,2003-11-29,2004-11-07,31.613,39,10.708,2023-01-21,2023-12-15,-38.283,-2.004
usa_NC_0034_0161,62,64.445,20,14.291,2003-11-29,2004-10-30,36.179,39,9.087,2023-01-21,2023-12-15,-28.266,-1.480
usa_NC_0034_0162,62,62.740,20,12.797,2003-11-29,2004-10-30,35.974,39,11.365,2023-01-21,2023-12-15,-26.766,-1.401
usa_NC_0034_0163,62,57.900,19,10.551,2003-11-29,2004-10-30,30.131,39,11.465,2023-01-21,2023-12-15,-27.769,-1.454
usa_NC_0034_0164,62,63.465,20,11.392,2003-11-29,2004-10-31,28.469,39,10.460,2023-01-21,2023-12-15,-34.996,-1.832
usa_NC_0034_0165,62,67.586,21,11.972,2003-11-29,2004-10-31,29.033,39,10.290,2023-01-21,2023-12-15,-38.552,-2.019
usa_NC_0034_0166,62,69.443,21,11.982,2003-11-29,2004-10-31,32.287,39,12.070,2023-01-21,2023-12-15,-37.156,-1.945
usa_NC_0034_0167,62,72.595,20,12.469,2003-11-29,2004-10-31,35.377,39,11.828,2023-01-21,2023-12-15,-37.218,-1.949
usa_NC_0034_0168,62,71.583,18,15.610,2003-11-29,2004-10-31,36.447,38,10.064,2023-01-21,2023-12-15,-35.136,-1.840
usa_NC_0034_0169,62,72.859,17,13.502,2003-11-29,2004-10-31,42.155,38,10.337,2023-01-21,2023-12-15,-30.704,-1.608
usa_NC_0034_0170,62,74.560,20,17.348,2003-11-29,2004-11-07,44.673,37,10.560,2023-01-21,2023-12-15,-29.887,-1.565
usa_NC_0034_0171,63,67.253,19,13.894,2003-11-29,2004-11-07,49.639,38,10.842,2023-01-21,2023-12-15,-17.613,-0.922
usa_NC_0034_0172,63,64.278,18,13.911,2003-11-29,2004-11-07,49.597,39,11.348,2023-01-21,2023-12-15,-14.680,-0.769
usa_NC_0034_0173,63,61.828,18,14.273,2003-11-29,2004-11-07,53.021,38,11.407,2023-01-21,2023-12-15,-8.807,-0.461
usa_NC_0034_0174,63,62.544,18,15.302,2003-11-29,2004-11-07,56.870,37,10.957,2023-01-21,2023-12-15,-5.674,-0.297
usa_NC_0034_0175,63,67.395,19,14.536,2003-11-29,2004-11-07,61.265,37,10.587,2023-01-21,2023-12-15,-6.130,-0.321
usa_NC_0034_0176,63,65.879,19,12.836,2003-11-29,2004-11-07,57.884,38,10.384,2023-01-21,2023-12-15,-7.995,-0.419
usa_NC_0034_0177,63,61.853,19,12.803,2003-11-29,2004-11-07,55.008,38,10.968,2023-01-21,2023-12-15,-6.845,-0.358
usa_NC_0034_0178,63,61.705,21,13.270,2003-11-29,2004-11-07,53.168,38,9.951,2023-01-21,2023-12-15,-8.536,-0.447
usa_NC_0034_0179,63,60.630,23,15.177,2003-11-29,2004-11-07,53.458,38,8.995,2023-01-21,2023-12-15,-7.173,-0.376
usa_NC_0034_0180,63,56.962,21,15.122,2003-11-29,2004-10-30,54.142,38,10.728,2023-01-21,2023-12-15,-2.820,-0.148
usa_NC_0034_0181,64,56.729,21,15.893,2003-11-29,2004-10-30,55.054,37,10.233,2023-01-21,2023-12-15,-1.675,-0.088
usa_NC_0034_0182,64,57.095,20,16.015,2003-11-29,2004-10-30,55.543,37,10.215,2023-01-21,2023-12-15,-1.552,-0.081
usa_NC_0034_0183,64,61.921,19,16.317,2003-11-29,2004-10-30,57.082,38,10.832,2023-01-21,2023-12-15,-4.839,-0.253
usa_NC_0034_0184,64,58.024,21,17.017,2003-11-29,2004-10-31,53.487,39,10.205,2023-01-21,2023-12-15,-4.537,-0.238
usa_NC_0034_0185,64,55.076,21,16.730,2003-11-29,2004-10-31,49.562,39,9.823,2023-01-21,2023-12-15,-5.515,-0.289
usa_NC_0034_0186,64,58.891,22,17.210,2003-11-29,2004-10-31,54.111,38,11.371,2023-01-21,2023-12-15,-4.780,-0.250
usa_NC_0034_0187,64,56.695,20,16.786,2003-11-29,2004-10-31,52.915,39,10.711,2023-01-21,2023-12-15,-3.780,-0.198
usa_NC_0034_0188,64,57.963,19,22.279,2003-11-29,2004-10-31,52.959,39,11.015,2023-01-21,2023-12-15,-5.004,-0.262
usa_NC_0034_0189,64,53.295,20,16.867,2003-11-29,2004-10-31,53.379,38,11.367,2023-01-21,2023-12-15,0.084,0.004
usa_NC_0034_0190,64,52.732,22,15.497,2003-11-29,2004-11-07,54.533,39,11.051,2023-01-21,2023-12-15,1.802,0.094
usa_NC_0034_0191,65,49.542,19,14.776,2003-11-29,2004-11-07,54.218,39,11.184,2023-01-21,2023-12-15,4.676,0.245
usa_NC_0034_0192,65,53.932,19,16.167,2003-11-29,2004-11-07,60.000,38,11.568,2023-01-21,2023-12-15,6.068,0.318
usa_NC_0034_0193,65,53.837,19,18.128,2003-11-29,2004-11-07,58.722,40,11.925,2023-01-21,2023-12-15,4.886,0.256
usa_NC_0034_0194,65,49.515,20,16.115,2003-11-29,2004-11-07,60.858,38,12.726,2023-01-21,2023-12-15,11.343,0.594
usa_NC_0034_0195,65,49.511,19,16.613,2003-11-29,2004-11-07,66.097,38,12.447,2023-01-21,2023-12-15,16.587,0.868
usa_NC_0034_0196,65,42.584,19,18.141,2003-11-29,2004-11-07,65.837,38,13.784,2023-01-21,2023-12-15,23.253,1.217
usa_NC_0034_0197,65,43.268,19,18.629,2003-11-29,2004-11-07,72.227,37,13.297,2023-01-21,2023-12-15,28.959,1.516
usa_NC_0034_0198,65,43.365,23,18.045,2003-11-29,2004-11-07,73.447,38,12.880,2023-01-21,2023-12-15,30.082,1.575
usa_NC_0034_0199,65,45.530,23,18.090,2003-11-29,2004-11-07,77.684,38,14.432,2023-01-21,2023-12-15,32.154,1.684
usa_NC_0034_0200,65,42.110,21,14.093,2003-11-29,2004-10-30,79.667,36,12.355,2023-01-21,2023-12-15,37.557,1.966
usa_NC_0034_0201,66,40.660,20,14.281,2003-11-29,2004-10-30,83.084,37,14.871,2023-01-21,2023-12-15,42.424,2.221
usa_NC_0034_0202,66,41.420,20,13.870,2003-11-29,2004-10-30,88.262,37,14.447,2023-01-21,2023-12-15,46.842,2.453
usa_NC_0034_0203,66,44.565,20,14.164,2003-11-29,2004-10-31,94.658,38,14.180,2023-01-21,2023-12-15,50.093,2.623
usa_NC_0034_0204,66,42.671,21,13.493,2003-11-29,2004-10-31,97.070,37,15.361,2023-01-21,2023-12-15,54.399,2.848
usa_NC_0034_0205,66,35.962,21,14.478,2003-11-29,2004-10-31,95.454,37,15.239,2023-01-21,2023-12-15,59.492,3.115
usa_NC_0034_0206,66,35.332,22,15.740,2003-11-29,2004-10-31,95.211,38,15.083,2023-01-21,2023-12-15,59.879,3.135
usa_NC_0034_0207,66,42.795,20,15.054,2003-11-29,2004-10-31,105.614,37,16.645,2023-01-21,2023-12-15,62.819,3.289
usa_NC_0034_0208,66,34.594,18,15.256,2003-11-29,2004-10-31,102.443,37,15.065,2023-01-21,2023-12-15,67.849,3.552
usa_NC_0034_0209,66,37.300,20,15.415,2003-11-29,2004-10-31,105.642,38,15.725,2023-01-21,2023-12-15,68.342,3.578
usa_NC_0034_0210,66,34.935,20,15.605,2003-11-29,2004-11-07,106.970,37,14.251,2023-01-21,2023-12-15,72.035,3.772
usa_NC_0034_0211,66,31.130,20,15.353,2003-11-29,2004-11-07,103.253,38,14.394,2023-01-21,2023-12-15,72.123,3.776
usa_NC_0034_0212,67,26.168,19,15.037,2003-11-29,2004-11-07,100.239,38,15.260,2023-01-21,2023-12-15,74.071,3.878
usa_NC_0034_0213,67,21.268,19,14.285,2003-11-29,2004-11-07,93.446,37,15.575,2023-01-28,2023-12-15,72.178,3.779
usa_NC_0034_0214,67,35.455,20,14.965,2003-11-29,2004-11-07,103.589,37,15.553,2023-01-28,2023-12-15,68.134,3.567
usa_NC_0034_0215,67,26.935,20,15.102,2003-11-29,2004-11-07,93.897,37,14.787,2023-01-28,2023-12-15,66.962,3.506
usa_NC_0034_0216,67,25.211,18,14.936,2003-11-29,2004-11-07,90.019,37,14.511,2023-01-28,2023-12-15,64.808,3.393
usa_NC_0034_0217,67,24.058,19,14.371,2003-11-29,2004-11-07,88.233,36,13.535,2023-01-28,2023-12-15,64.175,3.360
usa_NC_0034_0218,67,22.255,22,14.402,2003-11-29,2004-11-07,81.678,37,13.493,2023-01-28,2023-12-15,59.424,3.111
usa_NC_0034_0219,67,27.986,21,13.898,2003-11-29,2004-11-07,83.508,37,14.067,2023-01-28,2023-12-15,55.522,2.907
usa_NC_0034_0220,67,20.500,21,15.158,2003-11-29,2004-10-30,76.749,37,12.702,2023-01-28,2023-12-15,56.249,2.945
usa_NC_0034_0221,67,19.811,19,17.214,2003-11-29,2004-10-30,75.797,37,11.211,2023-01-28,2023-12-15,55.987,2.931
usa_NC_0034_0222,68,27.650,18,18.064,2003-11-29,2004-10-30,83.432,37,12.016,2023-01-28,2023-12-15,55.782,2.921
usa_NC_0034_0223,68,19.816,19,16.884,2003-11-29,2004-10-31,74.862,37,11.494,2023-01-28,2023-12-15,55.046,2.882
usa_NC_0034_0224,68,24.750,20,18.271,2003-11-29,2004-10-31,74.889,37,11.399,2023-01-28,2023-12-15,50.139,2.625
usa_NC_0034_0225,68,28.453,19,15.729,2003-11-29,2004-10-31,79.016,37,13.264,2023-01-28,2023-12-15,50.564,2.647
usa_NC_0034_0226,68,33.870,20,14.428,2003-11-29,2004-10-31,82.843,37,13.120,2023-01-28,2023-12-15,48.973,2.564
usa_NC_0034_0227,68,34.200,18,13.327,2003-11-29,2004-10-31,84.251,37,12.623,2023-01-28,2023-12-15,50.051,2.621
usa_NC_0034_0228,68,23.278,18,14.090,2003-11-29,2004-10-31,74.116,37,13.584,2023-01-28,2023-12-15,50.838,2.662
usa_NC_0034_0229,68,28.770,20,13.220,2003-11-29,2004-11-07,77.554,37,12.358,2023-01-28,2023-12-15,48.784,2.554
usa_NC_0034_0230,68,26.275,20,10.058,2003-11-29,2004-11-07,73.897,38,13.560,2023-01-28,2023-12-15,47.622,2.493
usa_NC_0034_0231,68,22.133,18,9.566,2003-11-29,2004-11-07,71.122,37,13.296,2023-01-28,2023-12-15,48.988,2.565
usa_NC_0034_0232,69,26.944,18,10.179,2003-11-29,2004-11-07,75.276,38,13.554,2023-01-28,2023-12-15,48.332,2.531
usa_NC_0034_0233,69,21.674,19,10.742,2003-11-29,2004-11-07,70.332,38,12.573,2023-01-28,2023-12-15,48.658,2.548
usa_NC_0034_0234,69,25.025,20,10.602,2003-11-29,2004-11-07,75.000,38,13.484,2023-01-28,2023-12-15,49.975,2.617
usa_NC_0034_0235,69,17.333,18,10.695,2003-11-29,2004-11-07,67.721,38,11.900,2023-01-28,2023-12-15,50.388,2.638
usa_NC_0034_0236,69,21.511,19,10.171,2003-11-29,2004-11-07,69.629,38,10.397,2023-01-28,2023-12-15,48.118,2.519
usa_NC_0034_0237,69,25.489,19,13.233,2003-11-29,2004-11-07,68.931,39,9.967,2023-01-21,2023-12-15,43.441,2.275
usa_NC_0034_0238,69,22.200,21,14.712,2003-11-29,2004-11-07,60.285,39,10.306,2023-01-21,2023-12-15,38.085,1.994
usa_NC_0034_0239,69,23.448,21,14.458,2003-11-29,2004-11-07,58.818,39,9.774,2023-01-21,2023-12-15,35.370,1.852
usa_NC_0034_0240,69,40.084,19,15.641,2003-11-29,2004-10-30,71.785,39,8.691,2023-01-21,2023-12-15,31.700,1.660
usa_NC_0034_0241,69,31.983,18,16.445,2003-11-29,2004-10-30,60.315,39,9.329,2023-01-21,2023-12-15,28.332,1.483
usa_NC_0034_0243,70,35.072,18,14.675,2003-11-29,2004-10-31,58.036,39,9.548,2023-01-21,2023-12-15,22.964,1.202
usa_NC_0034_0244,70,40.742,19,14.158,2003-11-29,2004-10-31,59.677,39,9.115,2023-01-21,2023-12-15,18.935,0.991
usa_NC_0034_0245,70,36.247,17,11.442,2003-11-29,2004-08-27,50.562,39,10.338,2023-01-21,2023-12-15,14.314,0.749
usa_NC_0034_0246,70,45.982,17,11.598,2003-11-29,2004-10-31,63.933,39,9.643,2023-01-21,2023-12-15,17.951,0.940
usa_NC_0034_0247,70,37.369,16,11.669,2003-11-29,2004-10-31,51.351,39,10.093,2023-01-21,2023-12-15,13.983,0.732
usa_NC_0034_0248,70,39.782,17,12.533,2003-11-29,2004-10-31,50.787,39,9.892,2023-01-21,2023-12-15,11.005,0.576
usa_NC_0034_0249,70,43.000,18,14.558,2003-11-29,2004-11-07,47.897,39,10.144,2023-01-21,2023-12-15,4.897,0.256
usa_NC_0034_0250,70,45.335,17,15.728,2003-11-29,2004-11-07,46.485,39,9.053,2023-01-21,2023-12-15,1.149,0.060
usa_NC_0035_0001,70,52.233,18,18.310,2003-11-29,2004-11-07,54.555,44,8.927,2023-01-21,2023-12-15,2.321,0.122
usa_NC_0035_0002,70,47.763,19,17.051,2003-11-29,2004-11-07,53.670,44,9.004,2023-01-21,2023-12-15,5.907,0.309
usa_NC_0035_0003,71,39.748,21,14.817,2003-11-29,2004-11-07,45.318,44,8.350,2023-01-21,2023-12-15,5.571,0.292
usa_NC_0035_0004,71,49.930,23,17.686,2003-11-29,2004-11-07,56.232,44,10.508,2023-01-21,2023-12-15,6.301,0.330
usa_NC_0035_0005,71,40.038,21,16.068,2003-11-29,2004-11-07,49.732,44,10.581,2023-01-21,2023-12-15,9.694,0.508
usa_NC_0035_0006,71,36.044,18,12.663,2003-11-29,2004-10-30,50.745,44,10.060,2023-01-21,2023-12-15,14.701,0.770
usa_NC_0035_0007,71,40.152,23,17.573,2003-11-29,2004-11-07,54.793,44,10.348,2023-01-21,2023-12-15,14.641,0.767
usa_NC_0035_0008,71,34.425,24,14.497,2003-11-29,2004-11-07,53.677,44,9.547,2023-01-21,2023-12-15,19.252,1.008
usa_NC_0035_0009,71,32.013,23,14.150,2003-11-29,2004-11-07,52.598,44,9.370,2023-01-21,2023-12-15,20.585,1.078
usa_NC_0035_0010,71,26.896,23,13.034,2003-11-29,2004-10-30,52.895,44,8.570,2023-01-21,2023-12-15,26.000,1.361
usa_NC_0035_0011,71,28.624,21,12.527,2003-11-29,2004-10-30,58.993,44,9.518,2023-01-21,2023-12-15,30.369,1.590
usa_NC_0035_0012,71,21.585,20,11.107,2003-11-29,2004-10-30,57.182,44,9.073,2023-01-21,2023-12-15,35.597,1.864
usa_NC_0035_0013,72,21.271,21,12.581,2003-11-29,2004-10-31,55.952,44,8.671,2023-01-21,2023-12-15,34.681,1.816
usa_NC_0035_0014,72,31.200,21,12.083,2003-11-29,2004-10-31,64.309,44,9.820,2023-01-21,2023-12-15,33.109,1.734
usa_NC_0035_0015,72,24.424,21,11.721,2003-11-29,2004-10-31,56.409,44,11.321,2023-01-21,2023-12-15,31.985,1.675
usa_NC_0035_0016,72,24.720,20,11.736,2003-11-29,2004-10-31,54.678,45,10.960,2023-01-21,2023-12-15,29.958,1.569
usa_NC_0035_0017,72,26.922,18,11.488,2003-11-29,2004-10-31,52.716,45,12.164,2023-01-21,2023-12-15,25.793,1.350
usa_NC_0035_0018,72,26.505,19,12.417,2003-11-29,2004-10-31,52.444,45,12.213,2023-01-21,2023-12-15,25.939,1.358
usa_NC_0035_0019,72,43.086,21,14.800,2003-11-29,2004-11-07,69.352,46,11.940,2023-01-21,2023-12-15,26.266,1.375
usa_NC_0035_0020,72,35.567,21,15.270,2003-11-29,2004-11-07,60.433,46,11.149,2023-01-21,2023-12-15,24.866,1.302
usa_NC_0035_0021,72,33.195,20,14.725,2003-11-29,2004-11-07,56.228,46,11.704,2023-01-21,2023-12-15,23.033,1.206
usa_NC_0035_0022,72,38.874,19,15.254,2003-11-29,2004-11-07,60.233,46,11.312,2023-01-21,2023-12-15,21.359,1.118
usa_NC_0035_0023,73,37.176,21,14.990,2003-11-29,2004-11-07,55.780,46,11.083,2023-01-21,2023-12-15,18.604,0.974
usa_NC_0035_0024,73,37.461,23,13.118,2003-11-29,2004-11-07,55.622,46,10.328,2023-01-21,2023-12-15,18.161,0.951
usa_NC_0035_0025,73,41.350,20,11.445,2003-11-29,2004-11-07,57.067,46,8.896,2023-01-21,2023-12-15,15.717,0.823
usa_NC_0035_0026,73,39.458,19,11.874,2003-11-29,2004-11-07,55.939,46,8.721,2023-01-21,2023-12-15,16.481,0.863
usa_NC_0035_0027,73,32.381,21,12.788,2003-11-29,2004-11-07,49.143,46,9.601,2023-01-21,2023-12-15,16.763,0.878
usa_NC_0035_0028,73,35.800,24,12.216,2003-11-29,2004-11-07,46.887,46,10.145,2023-01-21,2023-12-15,11.087,0.580
usa_NC_0035_0029,73,35.777,22,12.428,2003-11-29,2004-10-30,43.943,46,13.374,2023-01-21,2023-12-15,8.166,0.428
usa_NC_0035_0030,73,32.377,22,15.406,2003-11-29,2004-10-30,41.478,46,14.777,2023-01-21,2023-12-15,9.101,0.477
usa_NC_0035_0031,73,30.262,21,17.421,2003-11-29,2004-10-30,40.739,46,13.287,2023-01-21,2023-12-15,10.477,0.549
usa_NC_0035_0032,73,26.771,21,18.135,2003-11-29,2004-10-30,37.617,46,12.204,2023-01-21,2023-12-15,10.846,0.568
usa_NC_0035_0034,74,33.786,22,16.152,2003-11-29,2004-10-31,44.691,46,8.739,2023-01-21,2023-12-15,10.905,0.571
usa_NC_0035_0035,74,31.600,22,12.840,2003-11-29,2004-10-31,44.463,46,10.182,2023-01-21,2023-12-15,12.863,0.673
usa_NC_0035_0036,74,34.386,21,14.159,2003-11-29,2004-10-31,48.270,46,11.551,2023-01-21,2023-12-15,13.884,0.727
usa_NC_0035_0037,74,34.025,20,14.134,2003-11-29,2004-10-31,45.367,46,11.188,2023-01-21,2023-12-15,11.342,0.594
usa_NC_0035_0038,74,43.476,21,13.068,2003-11-29,2004-10-31,53.909,46,10.666,2023-01-21,2023-12-15,10.433,0.546
usa_NC_0035_0039,74,48.795,22,13.810,2003-11-29,2004-11-07,55.444,45,9.638,2023-01-21,2023-12-15,6.649,0.348
usa_NC_0035_0040,74,46.133,21,15.622,2003-11-29,2004-11-07,44.883,46,11.307,2023-01-21,2023-12-15,-1.251,-0.065
usa_NC_0035_0041,74,58.879,19,16.621,2003-11-29,2004-11-07,51.057,46,10.821,2023-01-21,2023-12-15,-7.822,-0.410
usa_NC_0035_0042,74,54.558,19,15.068,2003-11-29,2004-11-07,38.904,46,10.824,2023-01-21,2023-12-15,-15.654,-0.820
usa_NC_0035_0043,74,62.355,20,16.961,2003-11-29,2004-11-07,39.787,46,10.676,2023-01-21,2023-12-15,-22.568,-1.182
usa_NC_0035_0044,75,67.086,21,19.125,2003-11-29,2004-11-07,41.972,46,10.691,2023-01-21,2023-12-15,-25.114,-1.315
usa_NC_0035_0045,75,65.565,20,19.770,2003-11-29,2004-11-07,37.957,46,9.895,2023-01-21,2023-12-15,-27.608,-1.446
usa_NC_0035_0046,75,72.815,20,20.972,2003-11-29,2004-11-07,43.550,46,10.085,2023-01-21,2023-12-15,-29.265,-1.532
usa_NC_0035_0047,75,80.850,20,21.299,2003-11-29,2004-11-07,47.698,46,8.526,2023-01-21,2023-12-15,-33.152,-1.736
usa_NC_0035_0048,75,83.717,24,19.457,2003-11-29,2004-11-07,48.852,46,10.324,2023-01-21,2023-12-15,-34.864,-1.825
usa_NC_0035_0049,75,87.867,24,18.606,2003-11-29,2004-11-07,50.663,46,10.729,2023-01-21,2023-12-15,-37.204,-1.948
usa_NC_0035_0050,75,90.586,22,18.056,2003-11-29,2004-10-30,54.941,46,11.921,2023-01-21,2023-12-15,-35.645,-1.866
usa_NC_0035_0051,75,93.673,22,18.027,2003-11-29,2004-10-30,58.259,46,13.380,2023-01-21,2023-12-15,-35.414,-1.854
usa_NC_0035_0052,75,99.243,21,15.641,2003-11-29,2004-10-30,63.333,46,12.739,2023-01-21,2023-12-15,-35.910,-1.880
usa_NC_0035_0053,75,97.045,22,13.789,2003-11-29,2004-10-31,59.065,46,11.952,2023-01-21,2023-12-15,-37.980,-1.989
usa_NC_0035_0054,76,96.000,24,13.846,2003-11-29,2004-10-31,53.220,46,11.093,2023-01-21,2023-12-15,-42.780,-2.240
usa_NC_0035_0055,76,91.667,24,13.081,2003-11-29,2004-10-31,45.066,47,10.064,2023-01-21,2023-12-15,-46.601,-2.440
usa_NC_0035_0056,76,83.123,22,13.859,2003-11-29,2004-10-31,38.098,47,10.133,2023-01-21,2023-12-15,-45.025,-2.357
usa_NC_0035_0057,76,77.619,21,12.972,2003-11-29,2004-10-31,33.130,47,9.825,2023-01-21,2023-12-15,-44.489,-2.329
usa_NC_0035_0058,76,73.027,22,11.959,2003-11-29,2004-10-31,28.840,47,9.484,2023-01-21,2023-12-15,-44.187,-2.314
usa_NC_0035_0059,76,77.378,23,12.004,2003-11-29,2004-11-07,30.846,48,8.478,2023-01-21,2023-12-15,-46.532,-2.436
usa_NC_0035_0060,76,77.055,22,11.932,2003-11-29,2004-11-07,30.611,46,8.737,2023-01-21,2023-12-15,-46.444,-2.432
usa_NC_0035_0061,76,80.724,21,11.997,2003-11-29,2004-11-07,34.947,45,7.729,2023-01-21,2023-12-15,-45.777,-2.397
usa_NC_0035_0062,76,76.300,21,11.415,2003-11-29,2004-11-07,35.307,45,8.195,2023-01-21,2023-12-15,-40.993,-2.146
usa_NC_0035_0063,76,75.709,22,12.013,2003-11-29,2004-11-07,35.322,45,7.621,2023-01-21,2023-12-15,-40.387,-2.115
usa_NC_0035_0064,77,72.263,24,13.144,2003-11-29,2004-11-07,33.676,45,9.651,2023-01-21,2023-12-15,-38.587,-2.020
usa_NC_0035_0065,77,56.413,23,14.251,2003-11-29,2004-11-07,19.811,45,8.980,2023-01-21,2023-12-15,-36.602,-1.916
usa_NC_0035_0066,77,46.180,20,12.235,2003-11-29,2004-11-07,11.109,45,10.166,2023-01-21,2023-12-15,-35.071,-1.836
usa_NC_0035_0067,77,44.675,24,13.501,2003-11-29,2004-11-07,9.230,46,9.846,2023-01-21,2023-12-15,-35.445,-1.856
usa_NC_0035_0068,77,38.029,24,14.083,2003-11-29,2004-11-07,2.517,46,10.392,2023-01-21,2023-12-15,-35.512,-1.859
usa_NC_0035_0069,77,42.904,23,13.328,2003-11-29,2004-11-07,6.213,45,10.921,2023-01-21,2023-12-15,-36.691,-1.921
usa_NC_0035_0070,77,39.674,23,12.418,2003-11-29,2004-10-30,-0.248,44,11.474,2023-01-28,2023-12-15,-39.922,-2.090
usa_NC_0035_0071,77,45.157,21,12.799,2003-11-29,2004-10-30,0.502,44,12.431,2023-01-28,2023-12-15,-44.655,-2.338
usa_NC_0035_0072,77,44.400,20,13.283,2003-11-29,2004-10-30,-2.377,44,12.075,2023-01-28,2023-12-15,-46.777,-2.449
usa_NC_0035_0073,77,51.824,21,14.216,2003-11-29,2004-10-31,4.405,44,10.173,2023-01-28,2023-12-15,-47.419,-2.483
usa_NC_0035_0074,78,49.661,23,14.507,2003-11-29,2004-10-31,1.227,44,11.558,2023-01-28,2023-12-15,-48.434,-2.536
usa_NC_0035_0075,78,55.265,23,12.972,2003-11-29,2004-10-31,3.264,44,14.730,2023-01-28,2023-12-15,-52.002,-2.723
usa_NC_0035_0076,78,48.973,22,11.494,2003-11-29,2004-10-31,-7.818,44,14.761,2023-01-28,2023-12-15,-56.791,-2.973
usa_NC_0035_0077,78,49.733,21,13.789,2003-11-29,2004-10-31,-8.439,44,11.319,2023-01-28,2023-12-15,-58.172,-3.046
usa_NC_0035_0078,78,58.952,21,14.694,2003-11-29,2004-10-31,2.427,44,12.634,2023-01-28,2023-12-15,-56.525,-2.960
usa_NC_0035_0079,78,47.078,23,15.697,2003-11-29,2004-11-07,-3.852,44,14.145,2023-01-28,2023-12-15,-50.931,-2.667
usa_NC_0035_0080,78,55.518,22,16.907,2003-11-29,2004-11-07,14.988,43,13.289,2023-01-28,2023-12-15,-40.530,-2.122
usa_NC_0035_0081,78,54.186,21,15.555,2003-11-29,2004-11-07,24.521,43,10.927,2023-01-28,2023-12-15,-29.665,-1.553
usa_NC_0035_0082,78,61.748,21,12.486,2003-11-29,2004-11-07,41.575,44,10.185,2023-01-28,2023-12-15,-20.173,-1.056
usa_NC_0035_0083,78,63.010,21,11.672,2003-11-29,2004-11-07,48.234,44,9.280,2023-01-28,2023-12-15,-14.775,-0.774
usa_NC_0035_0084,79,28.943,23,13.349,2003-11-29,2004-11-07,19.144,43,12.161,2023-01-28,2023-12-15,-9.799,-0.513
usa_NC_0035_0085,79,60.300,23,12.948,2003-11-29,2004-11-07,48.914,43,13.653,2023-01-28,2023-12-15,-11.386,-0.596
usa_NC_0035_0086,79,62.837,19,11.507,2003-11-29,2004-11-07,46.156,45,12.150,2023-01-21,2023-12-15,-16.681,-0.873
usa_NC_0035_0087,79,59.283,23,11.281,2003-11-29,2004-11-07,39.371,45,11.609,2023-01-21,2023-12-15,-19.911,-1.043
usa_NC_0035_0088,79,84.064,25,9.558,2003-11-29,2004-11-07,58.836,45,12.163,2023-01-21,2023-12-15,-25.228,-1.321
usa_NC_0035_0089,79,62.396,25,10.776,2003-11-29,2004-11-07,35.500,45,13.078,2023-01-21,2023-12-15,-26.896,-1.408
usa_NC_0035_0090,79,59.108,24,12.670,2003-11-29,2004-11-07,30.993,44,14.166,2023-01-21,2023-12-15,-28.115,-1.472
usa_NC_0036_0001,79,63.541,22,11.619,2003-11-29,2004-10-30,39.290,40,12.711,2023-01-28,2023-12-15,-24.251,-1.270
usa_NC_0036_0002,79,63.032,22,11.134,2003-11-29,2004-10-30,38.556,41,13.188,2023-01-28,2023-12-15,-24.476,-1.282
usa_NC_0036_0003,79,66.827,22,12.117,2003-11-29,2004-10-31,36.871,41,13.076,2023-01-28,2023-12-15,-29.957,-1.568
usa_NC_0036_0004,80,78.783,24,13.596,2003-11-29,2004-10-31,40.824,41,12.253,2023-01-28,2023-12-15,-37.959,-1.987
usa_NC_0036_0005,80,75.879,24,15.180,2003-11-29,2004-10-31,31.312,41,12.116,2023-01-28,2023-12-15,-44.567,-2.333
usa_NC_0036_0006,80,98.378,23,15.539,2003-11-29,2004-10-31,51.786,43,10.194,2023-01-04,2023-12-15,-46.592,-2.439
usa_NC_0036_0007,80,88.118,22,13.359,2003-11-29,2004-10-31,40.253,43,10.129,2023-01-04,2023-12-15,-47.865,-2.506
usa_NC_0036_0008,80,92.800,20,11.936,2003-11-29,2004-10-31,42.436,42,10.848,2023-01-04,2023-12-15,-50.364,-2.637
usa_NC_0036_0009,80,92.427,22,11.520,2003-11-29,2004-10-31,39.883,40,11.418,2023-01-04,2023-12-15,-52.545,-2.751
usa_NC_0036_0010,80,88.333,21,12.000,2003-11-29,2004-11-07,41.205,40,10.573,2023-01-04,2023-12-15,-47.128,-2.468
usa_NC_0036_0011,80,92.468,22,13.398,2003-11-29,2004-11-07,49.980,41,11.595,2023-01-04,2023-12-15,-42.488,-2.225
usa_NC_0036_0012,80,79.962,21,14.777,2003-11-29,2004-11-07,38.539,41,11.494,2023-01-04,2023-12-15,-41.423,-2.169
usa_NC_0036_0013,80,76.552,21,14.423,2003-11-29,2004-11-07,38.433,42,12.074,2023-01-04,2023-12-15,-38.119,-1.996
usa_NC_0036_0014,81,76.487,23,12.258,2003-11-29,2004-11-07,43.771,42,11.728,2023-01-04,2023-12-15,-32.716,-1.713
usa_NC_0036_0015,81,75.675,24,10.874,2003-11-29,2004-11-07,47.460,42,10.789,2023-01-04,2023-12-15,-28.215,-1.477
usa_NC_0036_0016,81,63.800,22,10.318,2003-11-29,2004-11-07,41.445,42,11.152,2023-01-04,2023-12-15,-22.355,-1.170
usa_NC_0036_0017,81,43.664,22,8.996,2003-11-29,2004-11-07,26.400,43,11.568,2023-01-04,2023-12-15,-17.264,-0.904
usa_NC_0036_0018,81,56.768,22,9.963,2003-11-29,2004-11-07,42.788,42,11.148,2023-01-04,2023-12-15,-13.980,-0.732
usa_NC_0036_0019,81,49.808,25,12.163,2003-11-29,2004-11-07,37.043,42,11.908,2023-01-04,2023-12-15,-12.765,-0.668
usa_NC_0036_0020,81,26.396,25,12.231,2003-11-29,2004-11-07,15.849,43,9.992,2023-01-04,2023-12-15,-10.547,-0.552
usa_NC_0036_0021,81,28.617,23,13.299,2003-11-29,2004-10-30,20.993,43,10.772,2023-01-04,2023-12-15,-7.624,-0.399
usa_NC_0036_0022,81,59.795,21,14.996,2003-11-29,2004-10-30,55.060,43,10.423,2023-01-04,2023-12-15,-4.735,-0.248
usa_NC_0036_0023,81,38.390,21,15.593,2003-11-29,2004-10-30,33.532,44,8.224,2023-01-04,2023-12-15,-4.859,-0.254
usa_NC_0036_0024,82,7.127,22,15.569,2003-11-29,2004-10-31,-2.230,44,7.038,2023-01-04,2023-12-15,-9.357,-0.490
usa_NC_0036_0025,82,46.777,22,12.097,2003-11-29,2004-10-31,35.111,44,10.455,2023-01-04,2023-12-15,-11.666,-0.611
usa_NC_0036_0026,82,34.918,22,11.542,2003-11-29,2004-10-31,22.573,44,12.032,2023-01-04,2023-12-15,-12.345,-0.646
usa_NC_0036_0027,82,30.695,22,10.266,2003-11-29,2004-10-31,16.070,44,9.225,2023-01-04,2023-12-15,-14.625,-0.766
usa_NC_0036_0028,82,38.386,21,10.341,2003-11-29,2004-10-31,23.802,44,8.077,2023-01-04,2023-12-15,-14.583,-0.764
usa_NC_0036_0029,82,43.195,20,11.146,2003-11-29,2004-10-31,25.907,44,9.443,2023-01-04,2023-12-15,-17.288,-0.905
usa_NC_0036_0030,82,44.533,21,11.797,2003-11-29,2004-10-31,25.745,44,10.110,2023-01-04,2023-12-15,-18.788,-0.984
usa_NC_0036_0031,82,55.977,22,14.318,2003-11-29,2004-11-07,30.900,44,9.111,2023-01-04,2023-12-15,-25.077,-1.313
usa_NC_0036_0032,82,72.104,23,13.192,2003-11-29,2004-11-07,42.261,44,9.737,2023-01-04,2023-12-15,-29.843,-1.563
usa_NC_0036_0033,82,59.073,22,11.048,2003-11-29,2004-11-07,26.159,44,10.634,2023-01-04,2023-12-15,-32.914,-1.723
usa_NC_0036_0034,83,60.491,22,10.123,2003-11-29,2004-11-07,22.034,44,10.172,2023-01-04,2023-12-15,-38.457,-2.014
usa_NC_0036_0035,83,84.975,24,9.925,2003-11-29,2004-11-07,41.561,44,9.798,2023-01-04,2023-12-15,-43.414,-2.273
usa_NC_0036_0036,83,69.788,24,10.922,2003-11-29,2004-11-07,19.734,44,10.094,2023-01-04,2023-12-15,-50.053,-2.621
usa_NC_0036_0037,83,67.605,22,12.425,2003-11-29,2004-11-07,15.418,45,10.228,2023-01-04,2023-12-15,-52.187,-2.732
usa_NC_0036_0038,83,57.861,23,13.295,2003-11-29,2004-11-07,2.180,45,7.146,2023-01-04,2023-12-15,-55.681,-2.915
usa_NC_0036_0039,83,94.983,24,12.322,2003-11-29,2004-11-07,38.633,45,8.363,2023-01-04,2023-12-15,-56.350,-2.950
usa_NC_0036_0040,83,102.832,25,14.483,2003-11-29,2004-11-07,47.496,45,9.688,2023-01-04,2023-12-15,-55.336,-2.897
usa_NC_0036_0041,83,55.400,24,15.247,2003-11-29,2004-11-07,5.753,45,7.294,2023-01-04,2023-12-15,-49.647,-2.599
usa_NC_0036_0042,83,79.777,22,14.752,2003-11-29,2004-10-30,33.604,45,6.777,2023-01-04,2023-12-15,-46.173,-2.418
usa_NC_0036_0043,83,70.636,22,13.919,2003-11-29,2004-10-30,30.278,45,7.774,2023-01-04,2023-12-15,-40.359,-2.113
usa_NC_0036_0044,84,62.867,21,11.911,2003-11-29,2004-10-30,23.731,45,8.039,2023-01-04,2023-12-15,-39.136,-2.049
usa_NC_0036_0045,84,60.278,23,10.302,2003-11-29,2004-10-31,18.618,45,9.015,2023-01-04,2023-12-15,-41.660,-2.181
usa_NC_0036_0046,84,57.039,23,8.907,2003-11-29,2004-10-31,17.100,45,7.685,2023-01-04,2023-12-15,-39.939,-2.091
usa_NC_0036_0047,84,54.822,23,9.462,2003-11-29,2004-10-31,16.600,45,7.972,2023-01-04,2023-12-15,-38.222,-2.001
usa_NC_0036_0048,84,52.523,22,10.917,2003-11-29,2004-10-31,19.673,45,9.297,2023-01-04,2023-12-15,-32.849,-1.720
usa_NC_0036_0049,84,55.900,21,10.579,2003-11-29,2004-10-31,25.557,44,10.095,2023-01-04,2023-12-15,-30.343,-1.589
usa_NC_0036_0050,84,57.825,20,11.119,2003-11-29,2004-10-31,29.457,44,8.986,2023-01-04,2023-12-15,-28.368,-1.485
usa_NC_0036_0051,84,63.473,22,10.035,2003-11-29,2004-10-31,40.275,44,8.374,2023-01-04,2023-12-15,-23.198,-1.215
usa_NC_0036_0052,84,68.827,22,9.411,2003-11-29,2004-11-07,48.943,44,7.081,2023-01-04,2023-12-15,-19.884,-1.041
usa_NC_0036_0053,84,68.735,23,10.180,2003-11-29,2004-11-07,49.873,44,8.076,2023-01-04,2023-12-15,-18.862,-0.988
usa_NC_0036_0054,84,59.132,22,9.951,2003-11-29,2004-11-07,41.807,44,8.294,2023-01-04,2023-12-15,-17.325,-0.907
usa_NC_0036_0055,85,58.350,22,9.531,2003-11-29,2004-11-07,42.693,44,7.923,2023-01-04,2023-12-15,-15.657,-0.820
usa_NC_0036_0056,85,56.400,24,9.391,2003-11-29,2004-11-07,43.600,44,9.562,2023-01-04,2023-12-15,-12.800,-0.670
usa_NC_0036_0057,85,54.100,25,7.636,2003-11-29,2004-11-07,43.584,44,11.069,2023-01-04,2023-12-15,-10.516,-0.551
usa_NC_0036_0058,85,53.156,25,9.026,2003-11-29,2004-11-07,42.019,43,12.033,2023-01-04,2023-12-15,-11.137,-0.583
usa_NC_0036_0059,85,51.691,22,9.375,2003-11-29,2004-11-07,41.009,43,12.958,2023-01-04,2023-12-15,-10.682,-0.559
usa_NC_0036_0060,85,51.041,22,10.358,2003-11-29,2004-11-07,40.584,44,12.258,2023-01-04,2023-12-15,-10.457,-0.547
usa_NC_0036_0061,85,54.800,24,10.795,2003-11-29,2004-11-07,40.902,43,12.367,2023-01-04,2023-12-15,-13.898,-0.728
usa_NC_0036_0062,85,56.364,25,11.013,2003-11-29,2004-11-07,42.593,42,13.196,2023-01-04,2023-12-15,-13.771,-0.721
usa_NC_0036_0063,85,52.916,25,11.243,2003-11-29,2004-11-07,40.584,43,10.798,2023-01-04,2023-12-15,-12.332,-0.646
usa_NC_0036_0064,85,44.904,24,10.997,2003-11-29,2004-11-07,36.179,43,9.190,2023-01-04,2023-12-15,-8.725,-0.457
usa_NC_0036_0065,85,44.536,22,11.322,2003-11-29,2004-10-30,41.002,42,9.243,2023-01-04,2023-12-15,-3.534,-0.185
usa_NC_0036_0066,85,46.486,22,10.427,2003-11-29,2004-10-30,43.810,42,8.971,2023-01-04,2023-12-15,-2.677,-0.140
usa_NC_0036_0067,86,45.829,21,10.541,2003-11-29,2004-10-30,45.171,42,9.275,2023-01-04,2023-12-15,-0.657,-0.034
usa_NC_0036_0068,86,43.948,23,10.453,2003-11-29,2004-10-31,44.851,41,8.275,2023-01-04,2023-12-15,0.903,0.047
usa_NC_0036_0069,86,42.062,24,11.336,2003-11-29,2004-10-31,44.178,41,10.209,2023-01-04,2023-12-15,2.116,0.111
usa_NC_0036_0070,86,48.230,23,11.190,2003-11-29,2004-10-31,49.771,41,10.684,2023-01-04,2023-12-15,1.540,0.081
usa_NC_0036_0071,86,41.557,21,11.187,2003-11-29,2004-10-31,42.986,42,9.997,2023-01-04,2023-12-15,1.429,0.075
usa_NC_0036_0072,86,41.024,21,11.208,2003-11-29,2004-10-31,43.410,42,8.864,2023-01-04,2023-12-15,2.386,0.125
usa_NC_0036_0073,86,45.471,21,10.823,2003-11-29,2004-10-31,51.648,42,9.480,2023-01-04,2023-12-15,6.176,0.323
usa_NC_0036_0074,86,44.065,20,10.550,2003-11-29,2004-10-31,51.846,41,9.425,2023-01-04,2023-12-15,7.781,0.407
usa_NC_0036_0075,86,38.443,21,11.520,2003-11-29,2004-10-31,50.890,41,10.327,2023-01-04,2023-12-15,12.447,0.652
usa_NC_0036_0076,86,33.343,21,10.624,2003-11-29,2004-11-07,51.020,41,10.450,2023-01-04,2023-12-15,17.677,0.926
usa_NC_0036_0077,86,43.148,21,11.731,2003-11-29,2004-11-07,65.551,41,11.638,2023-01-04,2023-12-15,22.404,1.173
usa_NC_0036_0078,86,37.495,20,12.617,2003-11-29,2004-11-07,60.990,41,11.533,2023-01-04,2023-12-15,23.495,1.230
usa_NC_0036_0079,87,41.355,20,13.851,2003-11-29,2004-11-07,65.049,41,10.705,2023-01-04,2023-12-15,23.694,1.241
usa_NC_0036_0080,87,34.462,21,12.378,2003-11-29,2004-11-07,56.939,41,8.535,2023-01-04,2023-12-15,22.477,1.177
usa_NC_0036_0081,87,35.923,22,10.852,2003-11-29,2004-11-07,58.151,41,9.293,2023-01-04,2023-12-15,22.228,1.164
usa_NC_0036_0082,87,33.378,23,10.562,2003-11-29,2004-11-07,55.468,41,10.839,2023-01-04,2023-12-15,22.090,1.157
usa_NC_0036_0083,87,36.460,20,8.306,2003-11-29,2004-11-07,58.893,41,10.499,2023-01-04,2023-12-15,22.433,1.175
usa_NC_0036_0084,87,41.614,21,10.352,2003-11-29,2004-11-07,66.140,42,12.341,2023-01-04,2023-12-15,24.526,1.284
usa_NC_0036_0085,87,41.671,24,11.460,2003-11-29,2004-11-07,69.474,42,11.618,2023-01-04,2023-12-15,27.803,1.456
usa_NC_0036_0086,87,35.975,24,11.613,2003-11-29,2004-11-07,66.602,42,10.525,2023-01-04,2023-12-15,30.627,1.604
usa_NC_0036_0087,87,31.008,24,10.629,2003-11-29,2004-11-07,64.084,43,10.683,2023-01-04,2023-12-15,33.075,1.732
usa_NC_0036_0088,87,27.300,21,10.550,2003-11-29,2004-10-30,64.288,43,10.394,2023-01-04,2023-12-15,36.988,1.937
usa_NC_0036_0089,87,21.348,23,10.445,2003-11-29,2004-10-30,60.612,42,11.483,2023-01-04,2023-12-15,39.264,2.056
usa_NC_0036_0090,88,20.395,22,10.859,2003-11-29,2004-10-30,61.595,42,12.618,2023-01-04,2023-12-15,41.200,2.157
usa_NC_0036_0091,88,26.187,23,11.926,2003-11-29,2004-10-30,68.050,42,13.805,2023-01-04,2023-12-15,41.863,2.192
usa_NC_0036_0092,88,24.708,25,10.989,2003-11-29,2004-10-31,74.588,42,14.890,2023-01-04,2023-12-15,49.880,2.612
usa_NC_0036_0093,88,19.420,25,13.415,2003-11-29,2004-10-31,76.646,41,14.729,2023-01-04,2023-12-15,57.226,2.996
usa_NC_0036_0094,88,15.617,24,16.491,2003-11-29,2004-10-31,77.565,40,15.165,2023-01-04,2023-12-15,61.948,3.243
usa_NC_0036_0095,88,20.517,23,16.123,2003-11-29,2004-10-31,84.546,41,14.577,2023-01-04,2023-12-15,64.029,3.352
usa_NC_0036_0096,88,28.139,23,16.246,2003-11-29,2004-10-31,87.433,42,15.402,2023-01-04,2023-12-15,59.294,3.105
usa_NC_0036_0097,88,23.422,23,15.670,2003-11-29,2004-10-31,78.770,43,17.538,2023-01-04,2023-12-15,55.348,2.898
usa_NC_0036_0098,88,24.368,22,12.195,2003-11-29,2004-11-07,74.321,42,17.927,2023-01-04,2023-12-15,49.953,2.615
usa_NC_0036_0099,88,30.839,23,11.712,2003-11-29,2004-11-07,78.354,41,18.899,2023-01-04,2023-12-15,47.515,2.488
usa_NC_0036_0100,89,32.205,22,11.279,2003-11-29,2004-11-07,75.566,41,17.734,2023-01-04,2023-12-15,43.361,2.270
usa_NC_0036_0101,89,28.927,22,11.971,2003-11-29,2004-11-07,73.562,42,16.358,2023-01-04,2023-12-15,44.635,2.337
usa_NC_0036_0102,89,25.688,24,12.470,2003-11-29,2004-11-07,71.557,42,16.800,2023-01-04,2023-12-15,45.870,2.402
usa_NC_0036_0103,89,25.392,24,10.899,2003-11-29,2004-11-07,66.733,42,16.552,2023-01-04,2023-12-15,41.342,2.165
usa_NC_0036_0104,89,28.764,22,10.355,2003-11-29,2004-11-07,68.500,43,15.831,2023-01-04,2023-12-15,39.736,2.081
usa_NC_0036_0105,89,26.470,23,9.571,2003-11-29,2004-11-07,65.212,42,16.123,2023-01-04,2023-12-15,38.742,2.028
usa_NC_0036_0106,89,22.242,26,10.550,2003-11-29,2004-11-07,63.033,42,14.197,2023-01-04,2023-12-15,40.791,2.136
usa_NC_0036_0107,89,27.281,26,10.326,2003-11-29,2004-11-07,66.914,42,13.715,2023-01-04,2023-12-15,39.634,2.075
usa_NC_0036_0108,89,32.016,25,10.964,2003-11-29,2004-11-07,69.840,42,11.945,2023-01-04,2023-12-15,37.824,1.980
usa_NC_0036_0109,90,36.043,23,9.745,2003-11-29,2004-10-30,74.647,43,12.009,2023-01-04,2023-12-15,38.603,2.021
usa_NC_0036_0110,90,35.395,22,10.165,2003-11-29,2004-10-30,76.872,43,12.510,2023-01-04,2023-12-15,41.477,2.172
usa_NC_0036_0111,90,37.046,24,10.636,2003-11-29,2004-10-31,78.191,43,12.386,2023-01-04,2023-12-15,41.145,2.154
usa_NC_0036_0112,90,40.880,25,9.622,2003-11-29,2004-10-31,83.888,43,12.469,2023-01-04,2023-12-15,43.008,2.252
usa_NC_0037_0001,90,43.650,26,8.378,2003-11-29,2004-10-31,86.644,39,11.446,2023-01-21,2023-12-15,42.994,2.251
usa_NC_0037_0002,90,42.408,24,8.927,2003-11-29,2004-10-31,84.877,39,10.191,2023-01-21,2023-12-15,42.469,2.224
usa_NC_0037_0003,90,42.304,24,9.560,2003-11-29,2004-10-31,84.962,39,9.961,2023-01-21,2023-12-15,42.657,2.233
usa_NC_0037_0004,90,46.821,24,10.853,2003-11-29,2004-10-31,87.732,38,10.209,2023-01-21,2023-12-15,40.911,2.142
usa_NC_0037_0005,90,43.943,23,12.233,2003-11-29,2004-10-31,82.459,37,10.864,2023-01-21,2023-12-15,38.516,2.017
usa_NC_0037_0006,90,49.296,24,13.284,2003-11-29,2004-11-07,85.562,37,10.357,2023-01-21,2023-12-15,36.266,1.899
