transect_id,alongshore_km,origin_lon,origin_lat,lrr_m_yr,unc_m_yr,flag
usa_NC_0032_0021,0.0,-75.527674,35.231276,2.2423,0.4145,within_2_km_of_cape_point
usa_NC_0032_0022,0.054,-75.527583,35.231762,2.1486,0.3948,within_2_km_of_cape_point
usa_NC_0032_0023,0.108,-75.527562,35.232266,1.885,0.3727,within_2_km_of_cape_point
usa_NC_0032_0024,0.162,-75.527636,35.232796,1.7511,0.35,within_2_km_of_cape_point
usa_NC_0032_0025,0.216,-75.527345,35.233232,1.5476,0.3223,within_2_km_of_cape_point
usa_NC_0032_0026,0.27,-75.527351,35.233746,1.3904,0.3067,within_2_km_of_cape_point
usa_NC_0032_0027,0.32,-75.527197,35.234179,1.2596,0.2922,within_2_km_of_cape_point
usa_NC_0032_0028,0.368,-75.527124,35.234616,1.2458,0.2833,within_2_km_of_cape_point
usa_NC_0032_0029,0.416,-75.527097,35.235066,1.2446,0.2729,within_2_km_of_cape_point
usa_NC_0032_0030,0.465,-75.527296,35.235577,1.2552,0.2614,within_2_km_of_cape_point
usa_NC_0032_0031,0.513,-75.527204,35.23601,1.1742,0.2571,within_2_km_of_cape_point
usa_NC_0032_0032,0.561,-75.527196,35.236465,1.1171,0.2491,within_2_km_of_cape_point
usa_NC_0032_0033,0.609,-75.526925,35.236849,1.0654,0.2448,within_2_km_of_cape_point
usa_NC_0032_0034,0.657,-75.527022,35.237333,0.9975,0.2362,within_2_km_of_cape_point
usa_NC_0032_0035,0.706,-75.526817,35.237737,0.9695,0.2259,within_2_km_of_cape_point
usa_NC_0032_0036,0.756,-75.526619,35.238159,0.9077,0.219,within_2_km_of_cape_point
usa_NC_0032_0037,0.806,-75.526493,35.238601,0.9268,0.2136,within_2_km_of_cape_point
usa_NC_0032_0038,0.856,-75.526334,35.239034,0.9134,0.2095,within_2_km_of_cape_point
usa_NC_0032_0039,0.904,-75.526311,35.239483,0.885,0.2038,within_2_km_of_cape_point
usa_NC_0032_0040,0.951,-75.526223,35.239908,0.8539,0.1993,within_2_km_of_cape_point
usa_NC_0032_0041,1.0,-75.526149,35.240346,0.7339,0.1941,within_2_km_of_cape_point
usa_NC_0032_0042,1.049,-75.52608,35.240793,0.6978,0.1953,within_2_km_of_cape_point
usa_NC_0032_0043,1.098,-75.526,35.241236,0.7201,0.1952,within_2_km_of_cape_point
usa_NC_0032_0044,1.147,-75.525864,35.241664,0.7552,0.1951,within_2_km_of_cape_point
usa_NC_0032_0045,1.196,-75.525819,35.242117,0.7384,0.1961,within_2_km_of_cape_point
usa_NC_0032_0046,1.245,-75.525724,35.242556,0.7003,0.1958,within_2_km_of_cape_point
usa_NC_0032_0047,1.294,-75.525583,35.242983,0.6711,0.1932,within_2_km_of_cape_point
usa_NC_0032_0048,1.343,-75.525469,35.243416,0.661,0.1914,within_2_km_of_cape_point
usa_NC_0032_0049,1.392,-75.525362,35.243852,0.6769,0.1893,within_2_km_of_cape_point
usa_NC_0032_0050,1.441,-75.525254,35.244287,0.6792,0.1863,within_2_km_of_cape_point
usa_NC_0032_0051,1.49,-75.525114,35.244714,0.601,0.1854,within_2_km_of_cape_point
usa_NC_0032_0052,1.53,-75.525002,35.245068,0.5569,0.1821,within_2_km_of_cape_point
usa_NC_0032_0053,1.57,-75.524936,35.245423,0.5543,0.1801,within_2_km_of_cape_point
usa_NC_0032_0054,1.608,-75.524776,35.245743,0.5409,0.1784,within_2_km_of_cape_point
usa_NC_0032_0055,1.644,-75.524658,35.246057,0.4802,0.1755,within_2_km_of_cape_point
usa_NC_0032_0056,1.681,-75.524667,35.246402,0.428,0.1726,within_2_km_of_cape_point
usa_NC_0032_0057,1.718,-75.524492,35.246706,0.4017,0.1684,within_2_km_of_cape_point
usa_NC_0032_0058,1.755,-75.524432,35.247036,0.3367,0.1656,within_2_km_of_cape_point
usa_NC_0032_0059,1.791,-75.524392,35.247371,0.3113,0.1639,within_2_km_of_cape_point
usa_NC_0032_0060,1.829,-75.524344,35.247709,0.2544,0.1622,within_2_km_of_cape_point
usa_NC_0032_0061,1.872,-75.524229,35.248088,0.1598,0.1622,within_2_km_of_cape_point
usa_NC_0032_0062,1.916,-75.524058,35.248457,0.1277,0.1638,within_2_km_of_cape_point
usa_NC_0032_0063,1.959,-75.523949,35.248837,0.094,0.1638,within_2_km_of_cape_point
usa_NC_0032_0064,2.002,-75.523881,35.249226,0.0045,0.1638,
usa_NC_0032_0065,2.046,-75.523717,35.249598,-0.0333,0.1597,
usa_NC_0032_0066,2.088,-75.523596,35.249969,-0.0494,0.1562,
usa_NC_0032_0067,2.13,-75.523442,35.250325,-0.0665,0.1553,
usa_NC_0032_0068,2.171,-75.523299,35.250684,-0.0455,0.1519,
usa_NC_0032_0069,2.213,-75.52317,35.251045,-0.0564,0.1548,
usa_NC_0032_0070,2.254,-75.523046,35.251407,-0.0408,0.1555,
usa_NC_0032_0071,2.296,-75.522919,35.251769,-0.0315,0.1507,
usa_NC_0032_0072,2.337,-75.522728,35.252124,-0.0506,0.1532,
usa_NC_0032_0073,2.378,-75.522533,35.252476,0.0351,0.1508,
usa_NC_0032_0074,2.419,-75.522307,35.252823,0.0583,0.1422,
usa_NC_0032_0075,2.46,-75.522032,35.253167,0.0647,0.1437,
usa_NC_0032_0076,2.502,-75.52176,35.253514,0.0817,0.1304,
usa_NC_0032_0077,2.546,-75.521612,35.2539,0.0943,0.1357,
usa_NC_0032_0078,2.646,-75.521802,35.254832,-0.9545,0.1109,
usa_NC_0032_0079,2.726,-75.5205,35.255428,-1.4429,0.0931,
usa_NC_0032_0080,2.835,-75.520242,35.256387,-2.03,0.0946,
usa_NC_0032_0081,2.908,-75.520102,35.257041,-2.2767,0.0938,
usa_NC_0032_0082,3.013,-75.519914,35.257978,-2.2435,0.0981,
usa_NC_0032_0083,3.137,-75.519796,35.259093,-2.1015,0.0988,
usa_NC_0032_0084,3.262,-75.519619,35.260214,-1.8335,0.1059,
usa_NC_0032_0085,3.377,-75.519671,35.261248,-1.5473,0.1222,
usa_NC_0032_0086,3.46,-75.519406,35.261998,-1.4236,0.1192,
usa_NC_0032_0087,3.541,-75.519284,35.262726,-1.364,0.1221,
usa_NC_0032_0088,3.611,-75.519158,35.263358,-1.3044,0.1255,
usa_NC_0032_0089,3.673,-75.519037,35.263913,-1.1656,0.1322,
usa_NC_0032_0090,3.76,-75.518815,35.264693,-0.9911,0.1349,
usa_NC_0032_0091,3.809,-75.519352,35.265157,-0.8677,0.1369,
usa_NC_0032_0092,3.86,-75.518937,35.265604,-0.7995,0.1384,
usa_NC_0032_0093,3.911,-75.518968,35.266065,-0.7024,0.1363,
usa_NC_0032_0094,3.962,-75.518552,35.266511,-0.7157,0.1436,
usa_NC_0032_0095,4.013,-75.519031,35.266987,-0.7616,0.1433,
usa_NC_0032_0096,4.064,-75.518507,35.267428,-0.7615,0.1407,
usa_NC_0032_0097,4.115,-75.518688,35.267894,-0.6656,0.137,
usa_NC_0032_0098,4.165,-75.51857,35.268341,-0.6471,0.1291,
usa_NC_0032_0099,4.214,-75.51846,35.268783,-0.6778,0.1243,
usa_NC_0032_0100,4.264,-75.518366,35.269226,-0.675,0.1272,
usa_NC_0032_0101,4.332,-75.518252,35.269835,-0.6737,0.1194,
usa_NC_0032_0102,4.405,-75.518189,35.270495,-0.6354,0.1199,
usa_NC_0032_0103,4.464,-75.518126,35.271024,-0.5694,0.1258,
usa_NC_0032_0104,4.515,-75.518021,35.27148,-0.54,0.1265,
usa_NC_0032_0105,4.566,-75.517988,35.271939,-0.471,0.1295,
usa_NC_0032_0106,4.617,-75.517922,35.272397,-0.4119,0.1317,
usa_NC_0032_0107,4.668,-75.517927,35.272857,-0.3277,0.1345,
usa_NC_0032_0108,4.719,-75.517801,35.27331,-0.2436,0.1401,
usa_NC_0032_0109,4.77,-75.517731,35.273769,-0.2096,0.1416,
usa_NC_0032_0110,4.821,-75.517753,35.274233,-0.1936,0.1438,
usa_NC_0032_0111,4.872,-75.517532,35.274686,-0.1604,0.1433,
usa_NC_0032_0112,4.924,-75.51747,35.275146,-0.1589,0.1422,
usa_NC_0032_0113,4.975,-75.517376,35.275604,-0.1752,0.1439,
usa_NC_0032_0114,5.026,-75.517297,35.276064,-0.2235,0.1417,
usa_NC_0032_0115,5.077,-75.517243,35.276524,-0.1355,0.147,
usa_NC_0032_0116,5.129,-75.517145,35.276983,-0.2014,0.154,
usa_NC_0032_0117,5.18,-75.517074,35.277442,-0.2464,0.1523,
usa_NC_0032_0118,5.231,-75.516999,35.277902,-0.239,0.1556,
usa_NC_0032_0119,5.283,-75.516891,35.27836,-0.2041,0.1503,
usa_NC_0032_0120,5.334,-75.51678,35.278817,-0.2722,0.1463,
usa_NC_0032_0121,5.385,-75.516725,35.279278,-0.3133,0.142,
usa_NC_0032_0122,5.437,-75.516613,35.279736,-0.321,0.1401,
usa_NC_0032_0123,5.488,-75.516532,35.280195,-0.3011,0.1404,
usa_NC_0032_0124,5.539,-75.516513,35.280656,-0.2653,0.1414,
usa_NC_0032_0125,5.59,-75.516459,35.281114,-0.2332,0.1383,
usa_NC_0032_0126,5.641,-75.516303,35.281566,-0.2042,0.1409,
usa_NC_0032_0127,5.692,-75.51625,35.282025,-0.2245,0.1462,
usa_NC_0032_0128,5.743,-75.516149,35.28248,-0.232,0.1447,
usa_NC_0032_0129,5.794,-75.516017,35.282933,-0.2622,0.1426,
usa_NC_0032_0130,5.845,-75.515963,35.283391,-0.2689,0.1417,
usa_NC_0032_0131,5.896,-75.515858,35.283845,-0.2407,0.1383,
usa_NC_0032_0132,5.947,-75.515753,35.284295,-0.2181,0.1382,
usa_NC_0032_0133,5.995,-75.515664,35.284727,-0.2159,0.1353,
usa_NC_0032_0134,6.044,-75.515617,35.285161,-0.1419,0.1321,
usa_NC_0032_0135,6.092,-75.515518,35.285592,-0.1234,0.1317,
usa_NC_0032_0136,6.14,-75.515421,35.286024,-0.1269,0.1329,
usa_NC_0032_0137,6.189,-75.515348,35.286457,-0.0739,0.1339,
usa_NC_0032_0138,6.237,-75.515246,35.286889,-0.0624,0.1332,
usa_NC_0032_0139,6.286,-75.515166,35.287322,-0.0373,0.1321,
usa_NC_0032_0140,6.334,-75.515017,35.287751,-0.0356,0.1347,
usa_NC_0032_0141,6.383,-75.514928,35.288187,0.0221,0.1344,
usa_NC_0032_0142,6.432,-75.51481,35.288622,0.0565,0.1356,
usa_NC_0032_0143,6.481,-75.514671,35.289056,0.0905,0.1349,
usa_NC_0032_0144,6.529,-75.514626,35.289495,0.1713,0.1369,
usa_NC_0032_0145,6.578,-75.514453,35.289928,0.2539,0.138,
usa_NC_0032_0146,6.627,-75.514476,35.290371,0.3271,0.1408,
usa_NC_0032_0147,6.677,-75.514298,35.29081,0.4262,0.1382,
usa_NC_0032_0148,6.727,-75.514133,35.291254,0.4716,0.1362,
usa_NC_0032_0149,6.777,-75.514047,35.291702,0.531,0.1376,
usa_NC_0032_0150,6.827,-75.51395,35.29215,0.5913,0.1393,
usa_NC_0032_0151,6.877,-75.513863,35.292597,0.6201,0.1356,
usa_NC_0032_0152,6.927,-75.513771,35.293045,0.7344,0.1391,
usa_NC_0032_0153,6.977,-75.513684,35.293493,0.8214,0.1401,
usa_NC_0032_0154,7.027,-75.513567,35.293939,0.8533,0.1393,
usa_NC_0032_0155,7.077,-75.513466,35.294386,0.9287,0.1401,
usa_NC_0032_0156,7.127,-75.513364,35.294833,0.955,0.139,
usa_NC_0032_0157,7.177,-75.513265,35.295281,0.994,0.1339,
usa_NC_0032_0158,7.227,-75.513179,35.295728,1.0301,0.1314,
usa_NC_0032_0159,7.277,-75.513142,35.296179,1.0632,0.125,
usa_NC_0032_0160,7.327,-75.513003,35.296624,1.0881,0.1228,
usa_NC_0032_0161,7.377,-75.512861,35.297069,1.099,0.1215,
usa_NC_0032_0162,7.428,-75.51271,35.297513,1.1634,0.1171,
usa_NC_0032_0163,7.478,-75.51267,35.297963,1.1746,0.1153,
usa_NC_0032_0164,7.528,-75.512493,35.298406,1.1081,0.1118,
usa_NC_0032_0165,7.578,-75.512363,35.298852,1.1222,0.1138,
usa_NC_0032_0166,7.628,-75.512277,35.299299,1.1203,0.1121,
usa_NC_0032_0167,7.678,-75.512177,35.299746,1.1062,0.1112,
usa_NC_0032_0168,7.728,-75.512103,35.300194,1.1492,0.1128,
usa_NC_0032_0169,7.778,-75.511967,35.30064,1.1483,0.1148,
usa_NC_0032_0170,7.828,-75.511892,35.301088,1.1204,0.1138,
usa_NC_0032_0171,7.878,-75.511804,35.301535,1.1234,0.1141,
usa_NC_0032_0172,7.928,-75.511718,35.301983,1.1181,0.117,
usa_NC_0032_0173,7.978,-75.51163,35.302431,1.1244,0.1159,
usa_NC_0032_0174,8.029,-75.511558,35.302886,1.1125,0.1184,
usa_NC_0032_0175,8.079,-75.511495,35.303341,1.1379,0.1193,
usa_NC_0032_0176,8.13,-75.511387,35.303794,1.1342,0.1188,
usa_NC_0032_0177,8.181,-75.511229,35.304244,1.1334,0.1163,
usa_NC_0032_0178,8.232,-75.511261,35.304704,1.1742,0.1169,
usa_NC_0032_0179,8.282,-75.511008,35.305149,1.1726,0.1183,
usa_NC_0032_0180,8.333,-75.510884,35.3056,1.1729,0.1153,
usa_NC_0032_0181,8.384,-75.510818,35.306054,1.239,0.1148,
usa_NC_0032_0182,8.435,-75.510729,35.306508,1.2185,0.1143,
usa_NC_0032_0183,8.485,-75.510663,35.306962,1.215,0.1115,
usa_NC_0032_0184,8.536,-75.510543,35.307413,1.2194,0.1115,
usa_NC_0032_0185,8.587,-75.510437,35.307865,1.2634,0.1092,
usa_NC_0032_0186,8.637,-75.510359,35.308318,1.2576,0.1066,
usa_NC_0032_0187,8.688,-75.510249,35.308769,1.2595,0.1083,
usa_NC_0032_0188,8.739,-75.510149,35.309221,1.279,0.1078,
usa_NC_0032_0189,8.789,-75.509986,35.309668,1.31,0.1075,
usa_NC_0032_0190,8.84,-75.509892,35.31012,1.3465,0.1102,
usa_NC_0032_0191,8.891,-75.509819,35.310574,1.4076,0.1134,
usa_NC_0032_0192,8.941,-75.509683,35.311024,1.4605,0.1131,
usa_NC_0032_0193,8.992,-75.50981,35.311492,1.486,0.1152,
usa_NC_0032_0194,9.043,-75.509765,35.311948,1.4897,0.1134,
usa_NC_0032_0195,9.094,-75.509653,35.312399,1.4585,0.1085,
usa_NC_0032_0196,9.144,-75.509493,35.312846,1.4427,0.1093,
usa_NC_0032_0197,9.195,-75.509505,35.313307,1.4228,0.1068,
usa_NC_0032_0198,9.246,-75.509306,35.31375,1.4057,0.104,
usa_NC_0032_0199,9.297,-75.509121,35.314195,1.4216,0.1046,
usa_NC_0032_0200,9.347,-75.508908,35.314636,1.4177,0.1029,
usa_NC_0032_0201,9.398,-75.508886,35.315094,1.4136,0.103,
usa_NC_0032_0202,9.449,-75.508744,35.315541,1.4478,0.1012,
usa_NC_0032_0203,9.499,-75.508646,35.315992,1.4069,0.101,
usa_NC_0032_0204,9.55,-75.508514,35.31644,1.399,0.0986,
usa_NC_0032_0205,9.6,-75.508466,35.316895,1.3904,0.1003,
usa_NC_0032_0206,9.651,-75.508564,35.317363,1.3261,0.1013,
usa_NC_0032_0207,9.702,-75.508285,35.317798,1.2126,0.1032,
usa_NC_0032_0208,9.752,-75.508205,35.31825,1.2156,0.1064,
usa_NC_0032_0209,9.803,-75.50818,35.318707,1.1284,0.1046,
usa_NC_0032_0210,9.854,-75.508198,35.319169,1.033,0.101,
usa_NC_0032_0211,9.905,-75.507942,35.319605,0.9612,0.1029,
usa_NC_0032_0212,9.955,-75.508027,35.320075,0.888,0.1028,
usa_NC_0032_0213,10.006,-75.507908,35.320524,0.7829,0.1027,
usa_NC_0032_0214,10.057,-75.508111,35.321006,0.7215,0.1049,
usa_NC_0033_0001,10.108,-75.507713,35.321427,0.6279,0.1023,
usa_NC_0033_0002,10.159,-75.507556,35.321872,0.5773,0.1004,
usa_NC_0033_0003,10.209,-75.507347,35.322311,0.5418,0.1001,
usa_NC_0033_0004,10.26,-75.507217,35.322759,0.4355,0.1003,
usa_NC_0033_0005,10.311,-75.507157,35.323214,0.3548,0.1001,
usa_NC_0033_0006,10.361,-75.507024,35.32366,0.2459,0.1033,
usa_NC_0033_0007,10.412,-75.506916,35.32411,0.1214,0.1016,
usa_NC_0033_0008,10.463,-75.506827,35.324562,0.018,0.0975,
usa_NC_0033_0009,10.514,-75.506745,35.325014,-0.0663,0.0961,
usa_NC_0033_0010,10.564,-75.506637,35.325461,-0.1642,0.0944,
usa_NC_0033_0011,10.614,-75.506484,35.325902,-0.2306,0.0926,
usa_NC_0033_0012,10.665,-75.506372,35.326347,-0.3433,0.0929,
usa_NC_0033_0013,10.715,-75.506239,35.326791,-0.4048,0.0945,
usa_NC_0033_0014,10.766,-75.506166,35.327241,-0.4932,0.0919,
usa_NC_0033_0015,10.816,-75.506056,35.327687,-0.5789,0.0907,
usa_NC_0033_0016,10.866,-75.505916,35.328129,-0.6281,0.0934,
usa_NC_0033_0017,10.917,-75.505809,35.328576,-0.7233,0.0946,
usa_NC_0033_0018,10.968,-75.505685,35.329022,-0.8149,0.0966,
usa_NC_0033_0019,11.018,-75.50554,35.329465,-0.8976,0.0938,
usa_NC_0033_0020,11.069,-75.505422,35.329912,-1.0174,0.0947,
usa_NC_0033_0021,11.119,-75.505323,35.33036,-1.1163,0.0971,
usa_NC_0033_0022,11.17,-75.50524,35.330811,-1.2073,0.0988,
usa_NC_0033_0023,11.22,-75.505203,35.331268,-1.3261,0.1023,
usa_NC_0033_0024,11.271,-75.505149,35.331723,-1.3844,0.1029,
usa_NC_0033_0025,11.321,-75.505067,35.332174,-1.4427,0.104,
usa_NC_0033_0026,11.372,-75.50495,35.33262,-1.5671,0.1062,
usa_NC_0033_0027,11.422,-75.504835,35.333064,-1.6538,0.1087,
usa_NC_0033_0028,11.473,-75.504738,35.333511,-1.7319,0.1086,
usa_NC_0033_0029,11.523,-75.504873,35.33399,-1.8083,0.1094,
usa_NC_0033_0030,11.573,-75.504714,35.334428,-1.8426,0.1145,
usa_NC_0033_0031,11.624,-75.504607,35.334874,-1.8896,0.118,
usa_NC_0033_0032,11.674,-75.504526,35.335323,-1.9633,0.1183,
usa_NC_0033_0033,11.724,-75.504429,35.33577,-1.9492,0.1226,
usa_NC_0033_0034,11.775,-75.50428,35.336209,-1.9387,0.1261,
usa_NC_0033_0035,11.825,-75.504182,35.336656,-1.9036,0.1276,
usa_NC_0033_0036,11.875,-75.504077,35.337101,-1.8601,0.1295,
usa_NC_0033_0037,11.926,-75.504001,35.337551,-1.8643,0.1318,
usa_NC_0033_0038,11.976,-75.503917,35.338,-1.8615,0.1338,
usa_NC_0033_0039,12.026,-75.503679,35.338426,-1.8573,0.134,
usa_NC_0033_0040,12.077,-75.503608,35.338876,-1.9041,0.1316,
usa_NC_0033_0041,12.127,-75.503447,35.339313,-1.8937,0.1294,
usa_NC_0033_0042,12.177,-75.503478,35.339779,-1.8528,0.1272,
usa_NC_0033_0043,12.228,-75.503302,35.340214,-1.8473,0.1256,
usa_NC_0033_0044,12.278,-75.503291,35.340673,-1.8731,0.1223,
usa_NC_0033_0045,12.328,-75.503108,35.341107,-1.9366,0.1267,
usa_NC_0033_0046,12.378,-75.503049,35.341559,-1.9726,0.1291,
usa_NC_0033_0047,12.429,-75.502936,35.342003,-2.0016,0.1297,
usa_NC_0033_0048,12.479,-75.502836,35.342448,-1.9851,0.1323,
usa_NC_0033_0049,12.529,-75.502725,35.342891,-1.9663,0.1322,
usa_NC_0033_0050,12.579,-75.502665,35.343343,-1.9454,0.1319,
usa_NC_0033_0051,12.629,-75.502488,35.343776,-1.8666,0.1338,
usa_NC_0033_0052,12.68,-75.502392,35.344222,-1.8249,0.1301,
usa_NC_0033_0053,12.73,-75.502223,35.344656,-1.7497,0.1294,
usa_NC_0033_0054,12.78,-75.502102,35.345098,-1.6377,0.1281,
usa_NC_0033_0055,12.83,-75.501903,35.345528,-1.5026,0.1266,
usa_NC_0033_0056,12.881,-75.50177,35.345973,-1.3337,0.126,
usa_NC_0033_0057,12.932,-75.501666,35.346422,-1.1383,0.1259,
usa_NC_0033_0058,12.982,-75.501576,35.346873,-1.0488,0.1193,
usa_NC_0033_0059,13.033,-75.501255,35.347286,-1.0093,0.1169,
usa_NC_0033_0060,13.084,-75.501347,35.347768,-1.0161,0.1118,
usa_NC_0033_0061,13.134,-75.501187,35.348207,-0.8049,0.1033,
usa_NC_0033_0062,13.185,-75.501067,35.348653,-0.7059,0.0973,
usa_NC_0033_0063,13.236,-75.500939,35.349098,-0.607,0.0942,
usa_NC_0033_0064,13.286,-75.500833,35.349547,-0.5169,0.0971,
usa_NC_0033_0065,13.337,-75.500775,35.350004,-0.456,0.1007,
usa_NC_0033_0066,13.388,-75.500644,35.350448,-0.3379,0.1057,
usa_NC_0033_0067,13.438,-75.500538,35.350896,-0.2015,0.1047,
usa_NC_0033_0068,13.489,-75.500392,35.351335,-0.1082,0.1056,
usa_NC_0033_0069,13.539,-75.500281,35.351781,-0.0323,0.1051,
usa_NC_0033_0070,13.59,-75.500104,35.352215,0.0427,0.1066,
usa_NC_0033_0071,13.64,-75.499979,35.352658,0.1715,0.1056,
usa_NC_0033_0072,13.691,-75.499821,35.353095,0.3745,0.1037,
usa_NC_0033_0073,13.741,-75.49969,35.353537,0.5873,0.1053,
usa_NC_0033_0074,13.791,-75.499568,35.353981,0.7842,0.1023,
usa_NC_0033_0075,13.842,-75.499449,35.354425,0.9648,0.1057,
usa_NC_0033_0076,13.892,-75.499331,35.354869,1.1429,0.1062,
usa_NC_0033_0077,13.943,-75.499229,35.355316,1.3013,0.1101,
usa_NC_0033_0078,13.993,-75.499143,35.355766,1.4739,0.113,
usa_NC_0033_0079,14.043,-75.498994,35.356205,1.5903,0.1144,
usa_NC_0033_0080,14.094,-75.498799,35.356634,1.772,0.1167,
usa_NC_0033_0081,14.144,-75.498678,35.357077,1.9473,0.1232,
usa_NC_0033_0082,14.195,-75.498588,35.357527,2.0786,0.1249,
usa_NC_0033_0083,14.245,-75.498481,35.357973,2.2325,0.1219,
usa_NC_0033_0084,14.295,-75.498302,35.358405,2.2898,0.1219,
usa_NC_0033_0085,14.346,-75.498217,35.358856,2.37,0.1224,
usa_NC_0033_0086,14.396,-75.497993,35.359279,2.4665,0.1221,
usa_NC_0033_0087,14.447,-75.497768,35.359702,2.5446,0.1193,
usa_NC_0033_0088,14.497,-75.497747,35.360166,2.6112,0.1181,
usa_NC_0033_0089,14.548,-75.497667,35.360618,2.6983,0.1167,
usa_NC_0033_0090,14.598,-75.497536,35.36106,2.7657,0.1112,
usa_NC_0033_0091,14.648,-75.497366,35.361494,2.8737,0.1122,
usa_NC_0033_0092,14.699,-75.497244,35.361938,2.9,0.1104,
usa_NC_0033_0093,14.749,-75.497211,35.362401,2.9257,0.1078,
usa_NC_0033_0094,14.8,-75.497089,35.362845,2.9854,0.1089,
usa_NC_0033_0095,14.85,-75.497089,35.363316,2.9467,0.1058,
usa_NC_0033_0096,14.901,-75.496871,35.36374,2.9534,0.1072,
usa_NC_0033_0097,14.951,-75.496805,35.364196,2.9607,0.1058,
usa_NC_0033_0098,15.002,-75.496577,35.364617,2.9222,0.1017,
usa_NC_0033_0099,15.052,-75.496523,35.365076,2.8995,0.1007,
usa_NC_0033_0100,15.102,-75.49644,35.365527,2.9064,0.101,
usa_NC_0033_0101,15.153,-75.496291,35.365962,2.8771,0.0971,
usa_NC_0033_0102,15.203,-75.496101,35.366389,2.8651,0.0943,
usa_NC_0033_0103,15.253,-75.49597,35.366828,2.8622,0.0956,
usa_NC_0033_0104,15.303,-75.495973,35.367297,2.8002,0.0949,
usa_NC_0033_0105,15.353,-75.495777,35.367721,2.767,0.0943,
usa_NC_0033_0106,15.403,-75.495612,35.368148,2.7419,0.0956,
usa_NC_0033_0107,15.452,-75.495566,35.368602,2.6748,0.0964,
usa_NC_0033_0108,15.502,-75.49549,35.369048,2.6099,0.0995,
usa_NC_0033_0109,15.552,-75.495368,35.369484,2.5698,0.1009,
usa_NC_0033_0110,15.601,-75.49511,35.369891,2.4569,0.1047,
usa_NC_0033_0111,15.651,-75.494924,35.370314,2.4274,0.1068,
usa_NC_0033_0112,15.7,-75.49485,35.37076,2.351,0.1065,
usa_NC_0033_0113,15.75,-75.494702,35.371191,2.2749,0.1069,
usa_NC_0033_0114,15.8,-75.494598,35.371631,2.2104,0.1086,
usa_NC_0033_0115,15.849,-75.494423,35.372056,2.1065,0.1093,
usa_NC_0033_0116,15.899,-75.494247,35.372481,2.0191,0.1084,
usa_NC_0033_0117,15.949,-75.494155,35.372923,1.9624,0.1062,
usa_NC_0033_0118,15.998,-75.494068,35.373367,1.8458,0.1068,
usa_NC_0033_0119,16.048,-75.493978,35.373809,1.7908,0.1106,
usa_NC_0033_0120,16.097,-75.493831,35.374239,1.7369,0.111,
usa_NC_0033_0121,16.147,-75.49366,35.374664,1.6423,0.1126,
usa_NC_0033_0122,16.196,-75.493481,35.375087,1.5767,0.1137,
usa_NC_0033_0123,16.246,-75.493433,35.375537,1.5202,0.1126,
usa_NC_0033_0124,16.295,-75.493349,35.375979,1.4266,0.1112,
usa_NC_0033_0125,16.344,-75.493483,35.376466,1.377,0.1087,
usa_NC_0033_0126,16.394,-75.493562,35.37694,1.3581,0.1073,
usa_NC_0033_0127,16.443,-75.492934,35.377274,1.3185,0.1062,
usa_NC_0033_0128,16.493,-75.492706,35.377687,1.2714,0.1052,
usa_NC_0033_0129,16.542,-75.492498,35.378105,1.2092,0.1046,
usa_NC_0033_0130,16.592,-75.492363,35.378538,1.2074,0.1073,
usa_NC_0033_0131,16.641,-75.492285,35.378981,1.2002,0.1104,
usa_NC_0033_0132,16.691,-75.492149,35.379414,1.2173,0.1154,
usa_NC_0033_0133,16.74,-75.492012,35.379846,1.2255,0.1209,
usa_NC_0033_0134,16.79,-75.491904,35.380284,1.2429,0.1285,
usa_NC_0033_0135,16.839,-75.491684,35.3807,1.2461,0.1335,
usa_NC_0033_0136,16.889,-75.491549,35.381133,1.2351,0.1384,
usa_NC_0033_0137,16.938,-75.491463,35.381575,1.2407,0.1404,
usa_NC_0033_0138,16.988,-75.49133,35.382009,1.1794,0.1414,
usa_NC_0033_0139,17.037,-75.49122,35.382446,1.1254,0.1431,
usa_NC_0033_0140,17.087,-75.49114,35.382889,1.0233,0.1405,
usa_NC_0033_0141,17.137,-75.491054,35.383331,0.9143,0.1385,
usa_NC_0033_0142,17.186,-75.490901,35.383761,0.8065,0.1415,
usa_NC_0033_0143,17.235,-75.490741,35.384189,0.6726,0.1405,
usa_NC_0033_0144,17.285,-75.49058,35.384615,0.5561,0.142,
usa_NC_0033_0145,17.334,-75.490438,35.385045,0.4135,0.1441,
usa_NC_0033_0146,17.383,-75.490279,35.385472,0.2654,0.1448,
usa_NC_0033_0147,17.433,-75.490172,35.385909,0.1173,0.1432,
usa_NC_0033_0148,17.482,-75.490116,35.386354,-0.0478,0.1435,
usa_NC_0033_0149,17.531,-75.490014,35.386791,-0.2151,0.1421,
usa_NC_0033_0150,17.581,-75.489871,35.387224,-0.3605,0.1408,
usa_NC_0033_0151,17.631,-75.489753,35.387662,-0.4856,0.1436,
usa_NC_0033_0152,17.68,-75.489592,35.388092,-0.5714,0.1452,
usa_NC_0033_0153,17.73,-75.489466,35.388528,-0.6379,0.1445,
usa_NC_0033_0154,17.78,-75.489311,35.38896,-0.6819,0.1436,
usa_NC_0033_0155,17.829,-75.48922,35.389402,-0.6899,0.1448,
usa_NC_0033_0156,17.879,-75.489131,35.389842,-0.6466,0.1438,
usa_NC_0033_0157,17.928,-75.489003,35.390274,-0.6548,0.1436,
usa_NC_0033_0158,17.978,-75.488888,35.390709,-0.6482,0.1457,
usa_NC_0033_0159,18.027,-75.488775,35.391144,-0.6417,0.1472,
usa_NC_0033_0160,18.076,-75.488681,35.391582,-0.634,0.1426,
usa_NC_0033_0161,18.125,-75.488594,35.39202,-0.6155,0.1378,
usa_NC_0033_0162,18.175,-75.488414,35.392445,-0.6422,0.1334,
usa_NC_0033_0163,18.224,-75.488351,35.392887,-0.6506,0.1286,
usa_NC_0033_0164,18.273,-75.488222,35.393319,-0.6706,0.1226,
usa_NC_0033_0165,18.322,-75.488115,35.393751,-0.6861,0.1168,
usa_NC_0033_0166,18.371,-75.488003,35.394181,-0.6843,0.1147,
usa_NC_0033_0167,18.42,-75.487898,35.394613,-0.7,0.1162,
usa_NC_0033_0168,18.468,-75.48778,35.395043,-0.6499,0.1158,
usa_NC_0033_0169,18.517,-75.487679,35.395475,-0.6088,0.1164,
usa_NC_0033_0170,18.566,-75.48758,35.395909,-0.5556,0.114,
usa_NC_0033_0171,18.615,-75.487458,35.39634,-0.4634,0.1119,
usa_NC_0033_0172,18.664,-75.487398,35.396779,-0.3478,0.1117,
usa_NC_0033_0173,18.713,-75.48733,35.397217,-0.2552,0.1135,
usa_NC_0033_0174,18.762,-75.487295,35.397659,-0.1941,0.1145,
usa_NC_0033_0175,18.811,-75.487137,35.398086,-0.1726,0.1144,
usa_NC_0033_0176,18.86,-75.487209,35.39854,-0.1515,0.1125,
usa_NC_0033_0177,18.909,-75.486999,35.398961,-0.1671,0.1108,
usa_NC_0033_0178,18.958,-75.486898,35.399394,-0.1781,0.1093,
usa_NC_0033_0179,19.006,-75.486842,35.399833,-0.1843,0.1073,
usa_NC_0033_0180,19.055,-75.486793,35.400272,-0.2083,0.1062,
usa_NC_0033_0181,19.104,-75.486727,35.400709,-0.2054,0.1049,
usa_NC_0033_0182,19.153,-75.486681,35.401149,-0.2377,0.1054,
usa_NC_0033_0183,19.202,-75.486574,35.401582,-0.2448,0.1033,
usa_NC_0033_0184,19.251,-75.486543,35.402023,-0.2221,0.105,
usa_NC_0033_0185,19.3,-75.486489,35.402461,-0.2068,0.1058,
usa_NC_0033_0186,19.348,-75.486429,35.402896,-0.1919,0.1037,
usa_NC_0033_0187,19.397,-75.486362,35.40333,-0.1724,0.1053,
usa_NC_0033_0188,19.445,-75.486325,35.403767,-0.163,0.1038,
usa_NC_0033_0189,19.494,-75.486289,35.404204,-0.1637,0.1038,
usa_NC_0033_0190,19.542,-75.48625,35.40464,-0.1293,0.1033,
usa_NC_0033_0191,19.591,-75.486213,35.405076,-0.1401,0.1011,
usa_NC_0033_0192,19.639,-75.486185,35.405513,-0.1038,0.0992,
usa_NC_0033_0193,19.688,-75.486169,35.405951,-0.1107,0.1007,
usa_NC_0033_0194,19.737,-75.486096,35.406387,-0.1348,0.0998,
usa_NC_0033_0195,19.785,-75.486067,35.406826,-0.1164,0.0993,
usa_NC_0033_0196,19.834,-75.486011,35.407263,-0.0776,0.0998,
usa_NC_0033_0197,19.883,-75.485997,35.407703,-0.0522,0.0986,
usa_NC_0033_0198,19.932,-75.485956,35.408142,-0.0351,0.0955,
usa_NC_0033_0199,19.98,-75.485912,35.40858,-0.0127,0.0968,
usa_NC_0033_0200,20.029,-75.485889,35.409021,0.0079,0.0942,
usa_NC_0033_0201,20.078,-75.485881,35.409465,-0.0088,0.0921,
usa_NC_0033_0202,20.128,-75.485842,35.409908,-0.0327,0.0944,
usa_NC_0033_0203,20.177,-75.485882,35.410354,-0.0349,0.0942,
usa_NC_0033_0204,20.226,-75.485827,35.410796,-0.0189,0.0978,
usa_NC_0033_0205,20.275,-75.485834,35.41124,0.0402,0.0978,
usa_NC_0033_0206,20.325,-75.485785,35.411684,0.0903,0.1004,
usa_NC_0033_0207,20.374,-75.48573,35.41213,0.1151,0.1021,
usa_NC_0033_0208,20.424,-75.485704,35.412577,0.1723,0.1056,
usa_NC_0033_0209,20.474,-75.485709,35.413025,0.1918,0.1093,
usa_NC_0033_0210,20.523,-75.485674,35.413471,0.1892,0.1101,
usa_NC_0033_0211,20.573,-75.485579,35.413915,0.1812,0.1119,
usa_NC_0033_0212,20.622,-75.485597,35.414363,0.1685,0.1113,
usa_NC_0033_0213,20.672,-75.485427,35.414806,0.1239,0.1091,
usa_NC_0033_0214,20.722,-75.485425,35.415254,0.0802,0.1038,
usa_NC_0033_0215,20.772,-75.485408,35.415705,0.0188,0.1005,
usa_NC_0033_0216,20.822,-75.485434,35.416157,0.0009,0.099,
usa_NC_0033_0217,20.872,-75.485339,35.416606,-0.0361,0.0941,
usa_NC_0033_0218,20.922,-75.485312,35.417057,-0.0317,0.096,
usa_NC_0033_0219,20.972,-75.485254,35.417506,-0.0254,0.0972,
usa_NC_0033_0220,21.022,-75.485283,35.417958,0.0124,0.0984,
usa_NC_0033_0221,21.072,-75.485191,35.418407,0.0416,0.0977,
usa_NC_0033_0222,21.122,-75.485285,35.418861,0.0259,0.0968,
usa_NC_0033_0223,21.172,-75.485166,35.419309,0.0442,0.0972,
usa_NC_0033_0224,21.222,-75.485151,35.41976,0.0655,0.0978,
usa_NC_0033_0225,21.272,-75.485181,35.420212,0.0627,0.0953,
usa_NC_0033_0226,21.322,-75.485112,35.420661,0.0463,0.0925,
usa_NC_0033_0227,21.372,-75.485104,35.421113,0.061,0.0914,
usa_NC_0033_0228,21.422,-75.485113,35.421565,0.0901,0.0947,
usa_NC_0033_0229,21.472,-75.485189,35.422019,0.0942,0.0934,
usa_NC_0033_0230,21.522,-75.485057,35.422466,0.0998,0.0928,
usa_NC_0033_0231,21.572,-75.485033,35.422917,0.0547,0.0902,
usa_NC_0033_0232,21.622,-75.484975,35.423367,0.0155,0.0863,
usa_NC_0033_0233,21.672,-75.484968,35.423818,-0.0022,0.0864,
usa_NC_0033_0234,21.722,-75.484939,35.424269,-0.0266,0.0882,
usa_NC_0033_0235,21.772,-75.484893,35.42472,-0.0081,0.0865,
usa_NC_0033_0236,21.823,-75.485023,35.425178,-0.0163,0.0868,
usa_NC_0033_0237,21.873,-75.484945,35.42563,-0.0251,0.0883,
usa_NC_0033_0238,21.923,-75.484922,35.426084,-0.0627,0.0882,
usa_NC_0033_0239,21.974,-75.484966,35.42654,-0.0417,0.0872,
usa_NC_0033_0240,22.024,-75.484758,35.426986,-0.0446,0.0875,
usa_NC_0033_0241,22.075,-75.484806,35.427443,-0.0344,0.0878,
usa_NC_0033_0242,22.125,-75.484968,35.427904,-0.015,0.0879,
usa_NC_0033_0243,22.175,-75.484846,35.428353,0.0589,0.0881,
usa_NC_0033_0244,22.226,-75.484813,35.428807,0.1101,0.0873,
usa_NC_0033_0245,22.276,-75.484797,35.429261,0.1277,0.0891,
usa_NC_0033_0246,22.326,-75.484766,35.429714,0.0931,0.0896,
usa_NC_0033_0247,22.377,-75.484707,35.430165,0.0512,0.0886,
usa_NC_0033_0248,22.427,-75.484808,35.430622,0.0083,0.0895,
usa_NC_0033_0249,22.477,-75.484719,35.43107,-0.0251,0.0891,
usa_NC_0033_0250,22.527,-75.484689,35.43152,-0.0768,0.0867,
usa_NC_0033_0251,22.576,-75.484708,35.43197,-0.1288,0.0856,
usa_NC_0033_0252,22.626,-75.484665,35.432417,-0.1728,0.0884,
usa_NC_0033_0253,22.676,-75.484664,35.432865,-0.2535,0.0927,
usa_NC_0033_0254,22.726,-75.484641,35.433313,-0.3124,0.0948,
usa_NC_0033_0255,22.775,-75.484621,35.433761,-0.3942,0.0955,
usa_NC_0033_0256,22.825,-75.484528,35.434206,-0.4679,0.0945,
usa_NC_0033_0257,22.875,-75.484525,35.434655,-0.523,0.0945,
usa_NC_0033_0258,22.924,-75.484536,35.435104,-0.5538,0.0936,
usa_NC_0033_0259,22.974,-75.484539,35.435552,-0.58,0.0907,
usa_NC_0033_0260,23.024,-75.484517,35.436,-0.6143,0.0918,
usa_NC_0034_0001,23.073,-75.484494,35.436448,-0.6183,0.0974,
usa_NC_0034_0002,23.123,-75.484461,35.436895,-0.6593,0.0986,
usa_NC_0034_0003,23.173,-75.484404,35.437341,-0.6762,0.0971,
usa_NC_0034_0004,23.223,-75.484345,35.437788,-0.7068,0.0953,
usa_NC_0034_0005,23.272,-75.484419,35.438239,-0.7035,0.0972,
usa_NC_0034_0006,23.322,-75.484316,35.438684,-0.7291,0.1011,
usa_NC_0034_0007,23.372,-75.484345,35.439133,-0.7485,0.1018,
usa_NC_0034_0008,23.421,-75.484292,35.43958,-0.781,0.0987,
usa_NC_0034_0009,23.471,-75.484229,35.440027,-0.7749,0.0935,
usa_NC_0034_0010,23.521,-75.484229,35.440475,-0.8021,0.0931,
usa_NC_0034_0011,23.57,-75.484186,35.440923,-0.8253,0.091,
usa_NC_0034_0012,23.62,-75.48412,35.441369,-0.8593,0.0924,
usa_NC_0034_0013,23.67,-75.484117,35.441818,-0.8871,0.0903,
usa_NC_0034_0014,23.72,-75.484124,35.442267,-0.8752,0.0899,
usa_NC_0034_0015,23.769,-75.484068,35.442714,-0.8381,0.0928,
usa_NC_0034_0016,23.819,-75.484175,35.443165,-0.8213,0.0918,
usa_NC_0034_0017,23.869,-75.484012,35.44361,-0.8251,0.0914,
usa_NC_0034_0018,23.919,-75.484002,35.444061,-0.7769,0.0931,
usa_NC_0034_0019,23.969,-75.483944,35.444512,-0.7711,0.092,
usa_NC_0034_0020,24.019,-75.483926,35.444963,-0.7424,0.0927,
usa_NC_0034_0021,24.069,-75.483913,35.445415,-0.7656,0.0916,
usa_NC_0034_0022,24.119,-75.48396,35.445869,-0.7247,0.0906,
usa_NC_0034_0023,24.17,-75.483795,35.446317,-0.6877,0.0903,
usa_NC_0034_0024,24.22,-75.483787,35.446769,-0.6343,0.0906,
usa_NC_0034_0025,24.27,-75.483745,35.44722,-0.5885,0.0907,
usa_NC_0034_0026,24.32,-75.483754,35.447672,-0.5555,0.0921,
usa_NC_0034_0027,24.37,-75.483657,35.448122,-0.5519,0.0935,
usa_NC_0034_0028,24.42,-75.483624,35.448573,-0.5745,0.0949,
usa_NC_0034_0029,24.47,-75.483653,35.449026,-0.5983,0.0951,
usa_NC_0034_0030,24.52,-75.483646,35.449478,-0.6259,0.0943,
usa_NC_0034_0031,24.57,-75.483584,35.449928,-0.6352,0.0943,
usa_NC_0034_0032,24.621,-75.483538,35.450379,-0.606,0.0956,
usa_NC_0034_0033,24.671,-75.4835,35.45083,-0.6405,0.0968,
usa_NC_0034_0034,24.721,-75.483454,35.451281,-0.6668,0.0968,
usa_NC_0034_0035,24.771,-75.48341,35.451731,-0.6993,0.0959,
usa_NC_0034_0036,24.821,-75.483393,35.452183,-0.7431,0.0948,
usa_NC_0034_0037,24.871,-75.483454,35.452639,-0.7437,0.0947,
usa_NC_0034_0038,24.922,-75.483353,35.45309,-0.7417,0.0947,
usa_NC_0034_0039,24.972,-75.483331,35.453543,-0.7166,0.0962,
usa_NC_0034_0040,25.022,-75.483303,35.453996,-0.7558,0.0952,
usa_NC_0034_0041,25.073,-75.483263,35.454449,-0.8146,0.0956,
usa_NC_0034_0042,25.123,-75.483208,35.454901,-0.841,0.0947,
usa_NC_0034_0043,25.173,-75.483176,35.455354,-0.8364,0.0941,
usa_NC_0034_0044,25.224,-75.483102,35.455805,-0.8618,0.0907,
usa_NC_0034_0045,25.274,-75.483053,35.456257,-0.8809,0.0895,
usa_NC_0034_0046,25.324,-75.483068,35.456712,-0.8982,0.0897,
usa_NC_0034_0047,25.374,-75.483002,35.457164,-0.8953,0.091,
usa_NC_0034_0048,25.425,-75.482974,35.457617,-0.8998,0.0909,
usa_NC_0034_0049,25.475,-75.482964,35.458071,-0.8876,0.0924,
usa_NC_0034_0050,25.525,-75.482959,35.458525,-0.9139,0.0951,
usa_NC_0034_0051,25.576,-75.482959,35.458979,-0.9039,0.0988,
usa_NC_0034_0052,25.626,-75.482797,35.459426,-0.8961,0.0989,
usa_NC_0034_0053,25.676,-75.482719,35.459877,-0.8861,0.0984,
usa_NC_0034_0054,25.727,-75.482725,35.460332,-0.885,0.0999,
usa_NC_0034_0055,25.777,-75.482698,35.460787,-0.9241,0.1,
usa_NC_0034_0056,25.829,-75.482687,35.46125,-0.9294,0.0977,
usa_NC_0034_0057,25.88,-75.48258,35.461707,-0.9728,0.0983,
usa_NC_0034_0058,25.931,-75.482575,35.46217,-0.9939,0.0985,
usa_NC_0034_0059,25.982,-75.482532,35.46263,-1.0076,0.0998,
usa_NC_0034_0060,26.034,-75.482555,35.463096,-1.048,0.0979,
usa_NC_0034_0061,26.085,-75.48248,35.463555,-1.0692,0.0974,
usa_NC_0034_0062,26.136,-75.482558,35.464025,-1.0759,0.0966,
usa_NC_0034_0063,26.187,-75.482447,35.464481,-1.0794,0.0975,
usa_NC_0034_0064,26.239,-75.482481,35.464948,-1.0949,0.0986,
usa_NC_0034_0065,26.29,-75.482312,35.465398,-1.0737,0.0998,
usa_NC_0034_0066,26.341,-75.482365,35.465868,-1.073,0.1012,
usa_NC_0034_0067,26.393,-75.482359,35.466333,-1.0856,0.0991,
usa_NC_0034_0068,26.444,-75.482277,35.466788,-1.078,0.0936,
usa_NC_0034_0069,26.494,-75.482172,35.46724,-1.0339,0.0903,
usa_NC_0034_0070,26.545,-75.48229,35.467715,-1.0422,0.0905,
usa_NC_0034_0071,26.596,-75.48206,35.468152,-1.0479,0.0918,
usa_NC_0034_0072,26.646,-75.482043,35.468606,-1.0384,0.092,
usa_NC_0034_0073,26.696,-75.482032,35.469061,-1.0487,0.0891,
usa_NC_0034_0074,26.747,-75.481959,35.469509,-1.0769,0.0897,
usa_NC_0034_0075,26.797,-75.481941,35.469964,-1.0543,0.0891,
usa_NC_0034_0076,26.847,-75.481884,35.470414,-1.0144,0.0903,
usa_NC_0034_0077,26.897,-75.481784,35.470859,-1.0086,0.0863,
usa_NC_0034_0078,26.947,-75.481689,35.471305,-1.0113,0.0858,
usa_NC_0034_0079,26.997,-75.481666,35.471759,-1.0292,0.0853,
usa_NC_0034_0080,27.047,-75.481581,35.472205,-0.9957,0.0863,
usa_NC_0034_0081,27.097,-75.481484,35.472649,-0.9372,0.0893,
usa_NC_0034_0082,27.147,-75.481382,35.473092,-0.9087,0.0894,
usa_NC_0034_0083,27.197,-75.481266,35.47353,-0.8989,0.0884,
usa_NC_0034_0084,27.246,-75.481185,35.473972,-0.8862,0.0877,
usa_NC_0034_0085,27.296,-75.481113,35.474415,-0.8226,0.089,
usa_NC_0034_0086,27.346,-75.481054,35.47486,-0.782,0.0901,
usa_NC_0034_0087,27.395,-75.480995,35.475304,-0.7821,0.0901,
usa_NC_0034_0088,27.445,-75.480933,35.475748,-0.7497,0.0909,
usa_NC_0034_0089,27.494,-75.480834,35.476188,-0.7012,0.0918,
usa_NC_0034_0090,27.544,-75.480735,35.476628,-0.6801,0.0929,
usa_NC_0034_0091,27.593,-75.480656,35.47707,-0.6636,0.0956,
usa_NC_0034_0092,27.643,-75.480604,35.477515,-0.6351,0.0957,
usa_NC_0034_0093,27.692,-75.480552,35.47796,-0.6014,0.0942,
usa_NC_0034_0094,27.742,-75.480484,35.478403,-0.5744,0.0921,
usa_NC_0034_0095,27.791,-75.480416,35.478846,-0.5652,0.0875,
usa_NC_0034_0096,27.841,-75.480348,35.47929,-0.5689,0.0857,
usa_NC_0034_0097,27.891,-75.480271,35.479739,-0.5116,0.0872,
usa_NC_0034_0098,27.942,-75.480179,35.480188,-0.4682,0.0871,
usa_NC_0034_0099,27.992,-75.480087,35.480637,-0.4658,0.0867,
usa_NC_0034_0100,28.043,-75.480004,35.481087,-0.4465,0.0879,
usa_NC_0034_0101,28.093,-75.479921,35.481537,-0.3979,0.0868,
usa_NC_0034_0102,28.144,-75.479838,35.481987,-0.3444,0.0879,
usa_NC_0034_0103,28.194,-75.479764,35.482438,-0.3387,0.0879,
usa_NC_0034_0104,28.245,-75.479683,35.482889,-0.289,0.0868,
usa_NC_0034_0105,28.295,-75.479594,35.483335,-0.2634,0.0882,
usa_NC_0034_0106,28.344,-75.479494,35.483773,-0.2241,0.0888,
usa_NC_0034_0107,28.394,-75.479418,35.484213,-0.1896,0.0902,
usa_NC_0034_0108,28.443,-75.479349,35.484653,-0.1896,0.0911,
usa_NC_0034_0109,28.492,-75.479287,35.485094,-0.1675,0.0917,
usa_NC_0034_0110,28.541,-75.479225,35.485534,-0.1187,0.0945,
usa_NC_0034_0111,28.59,-75.479147,35.485973,-0.1179,0.0938,
usa_NC_0034_0112,28.64,-75.479059,35.486412,-0.0658,0.0913,
usa_NC_0034_0113,28.689,-75.478971,35.48685,-0.0475,0.0893,
usa_NC_0034_0114,28.738,-75.478865,35.487289,-0.0572,0.0891,
usa_NC_0034_0115,28.788,-75.478755,35.487728,-0.0733,0.0896,
usa_NC_0034_0116,28.837,-75.478646,35.488168,-0.0783,0.0908,
usa_NC_0034_0117,28.887,-75.478552,35.488609,-0.0473,0.0898,
usa_NC_0034_0118,28.937,-75.478461,35.489051,-0.0092,0.0903,
usa_NC_0034_0119,28.986,-75.478397,35.489495,-0.016,0.0909,
usa_NC_0034_0120,29.036,-75.478328,35.489939,0.0258,0.0912,
usa_NC_0034_0121,29.086,-75.478229,35.490381,0.1269,0.0878,
usa_NC_0034_0122,29.136,-75.478123,35.490828,0.1696,0.0865,
usa_NC_0034_0123,29.186,-75.478008,35.491274,0.2103,0.0863,
usa_NC_0034_0124,29.237,-75.477916,35.491723,0.2399,0.084,
usa_NC_0034_0125,29.287,-75.477821,35.492171,0.2887,0.0858,
usa_NC_0034_0126,29.338,-75.477708,35.492617,0.3268,0.0871,
usa_NC_0034_0127,29.388,-75.477595,35.493063,0.3248,0.0856,
usa_NC_0034_0128,29.438,-75.477493,35.49351,0.3306,0.0863,
usa_NC_0034_0129,29.489,-75.477397,35.493958,0.3316,0.0862,
usa_NC_0034_0130,29.539,-75.477319,35.494407,0.3148,0.0898,
usa_NC_0034_0131,29.589,-75.477259,35.494859,0.3122,0.0904,
usa_NC_0034_0132,29.64,-75.47715,35.495305,0.2849,0.0924,
usa_NC_0034_0133,29.691,-75.477024,35.495752,0.2712,0.095,
usa_NC_0034_0134,29.741,-75.47694,35.496204,0.2709,0.0976,
usa_NC_0034_0135,29.792,-75.476863,35.496657,0.2462,0.0972,
usa_NC_0034_0136,29.843,-75.476804,35.497112,0.2457,0.0963,
usa_NC_0034_0137,29.893,-75.476689,35.49756,0.2483,0.0963,
usa_NC_0034_0138,29.944,-75.476571,35.498007,0.1603,0.0963,
usa_NC_0034_0139,29.995,-75.476594,35.498472,0.076,0.0931,
usa_NC_0034_0140,30.045,-75.47639,35.498906,0.0487,0.0893,
usa_NC_0034_0141,30.096,-75.476254,35.499349,-0.0098,0.0881,
usa_NC_0034_0142,30.146,-75.476149,35.499796,-0.0911,0.0906,
usa_NC_0034_0143,30.196,-75.476062,35.500246,-0.1153,0.091,
usa_NC_0034_0144,30.247,-75.475998,35.500698,-0.1663,0.0938,
usa_NC_0034_0145,30.297,-75.475886,35.501145,-0.2581,0.0962,
usa_NC_0034_0146,30.348,-75.475762,35.501589,-0.3088,0.1008,
usa_NC_0034_0147,30.398,-75.475664,35.502034,-0.323,0.101,
usa_NC_0034_0148,30.448,-75.47558,35.502481,-0.3645,0.1011,
usa_NC_0034_0149,30.498,-75.475452,35.50292,-0.403,0.1022,
usa_NC_0034_0150,30.548,-75.475337,35.503362,-0.3884,0.1036,
usa_NC_0034_0151,30.598,-75.475203,35.503801,-0.3958,0.0999,
usa_NC_0034_0152,30.648,-75.475108,35.504245,-0.4477,0.1012,
usa_NC_0034_0153,30.698,-75.475009,35.504689,-0.4898,0.1025,
usa_NC_0034_0154,30.749,-75.474874,35.505129,-0.5356,0.1007,
usa_NC_0034_0155,30.799,-75.474788,35.505576,-0.5671,0.1016,
usa_NC_0034_0156,30.849,-75.474688,35.506021,-0.6031,0.1041,
usa_NC_0034_0157,30.899,-75.474585,35.506466,-0.6436,0.1027,
usa_NC_0034_0158,30.949,-75.474496,35.506913,-0.6783,0.1047,
usa_NC_0034_0159,31.0,-75.474379,35.507355,-0.6873,0.1055,
usa_NC_0034_0160,31.05,-75.474285,35.507801,-0.6965,0.1038,
usa_NC_0034_0161,31.1,-75.474222,35.508252,-0.7195,0.1042,
usa_NC_0034_0162,31.15,-75.474113,35.508696,-0.7158,0.106,
usa_NC_0034_0163,31.2,-75.473959,35.509133,-0.7605,0.1079,
usa_NC_0034_0164,31.25,-75.473863,35.509577,-0.8659,0.1098,
usa_NC_0034_0165,31.3,-75.473782,35.510022,-0.9029,0.109,
usa_NC_0034_0166,31.35,-75.473704,35.510468,-0.9078,0.1088,
usa_NC_0034_0167,31.4,-75.473621,35.510914,-0.9169,0.1068,
usa_NC_0034_0168,31.45,-75.473512,35.511355,-0.8737,0.109,
usa_NC_0034_0169,31.5,-75.473418,35.511799,-0.8381,0.1052,
usa_NC_0034_0170,31.55,-75.473327,35.512243,-0.8259,0.1041,
usa_NC_0034_0171,31.6,-75.473233,35.512687,-0.7597,0.1008,
usa_NC_0034_0172,31.65,-75.473119,35.513128,-0.7365,0.1023,
usa_NC_0034_0173,31.7,-75.473014,35.513571,-0.7233,0.104,
usa_NC_0034_0174,31.75,-75.472926,35.514017,-0.669,0.1073,
usa_NC_0034_0175,31.8,-75.472892,35.514471,-0.6323,0.1059,
usa_NC_0034_0176,31.85,-75.472784,35.514913,-0.6422,0.1071,
usa_NC_0034_0177,31.9,-75.472646,35.515351,-0.6087,0.108,
usa_NC_0034_0178,31.95,-75.47252,35.515791,-0.5864,0.112,
usa_NC_0034_0179,32.0,-75.472435,35.516237,-0.5318,0.1137,
usa_NC_0034_0180,32.05,-75.472322,35.516678,-0.4685,0.1146,
usa_NC_0034_0181,32.1,-75.472234,35.517124,-0.4654,0.1142,
usa_NC_0034_0182,32.15,-75.472143,35.517569,-0.4342,0.1136,
usa_NC_0034_0183,32.2,-75.472059,35.518015,-0.4088,0.1111,
usa_NC_0034_0184,32.25,-75.471921,35.518453,-0.3824,0.1089,
usa_NC_0034_0185,32.3,-75.471779,35.518891,-0.3553,0.1087,
usa_NC_0034_0186,32.351,-75.471714,35.51934,-0.3621,0.1087,
usa_NC_0034_0187,32.401,-75.471599,35.519781,-0.3583,0.1105,
usa_NC_0034_0188,32.451,-75.471501,35.520226,-0.3384,0.1153,
usa_NC_0034_0189,32.501,-75.471391,35.520669,-0.3272,0.1154,
usa_NC_0034_0190,32.551,-75.471281,35.521114,-0.3086,0.113,
usa_NC_0034_0191,32.601,-75.471166,35.521557,-0.3014,0.1151,
usa_NC_0034_0192,32.652,-75.471089,35.522007,-0.2672,0.1185,
usa_NC_0034_0193,32.702,-75.470958,35.522448,-0.2501,0.1222,
usa_NC_0034_0194,32.752,-75.470832,35.52289,-0.1587,0.1242,
usa_NC_0034_0195,32.803,-75.470751,35.523339,-0.0607,0.1267,
usa_NC_0034_0196,32.853,-75.470596,35.523776,0.0412,0.1325,
usa_NC_0034_0197,32.903,-75.470524,35.524226,0.1494,0.1363,
usa_NC_0034_0198,32.953,-75.470412,35.52467,0.2579,0.1356,
usa_NC_0034_0199,33.004,-75.470318,35.525117,0.3741,0.1402,
usa_NC_0034_0200,33.054,-75.470183,35.525558,0.4763,0.142,
usa_NC_0034_0201,33.104,-75.470069,35.526001,0.5969,0.143,
usa_NC_0034_0202,33.155,-75.469974,35.526448,0.7065,0.1476,
usa_NC_0034_0203,33.205,-75.469884,35.526896,0.8084,0.1489,
usa_NC_0034_0204,33.255,-75.469755,35.527336,0.8798,0.1502,
usa_NC_0034_0205,33.305,-75.469574,35.527767,0.9891,0.157,
usa_NC_0034_0206,33.355,-75.46944,35.528206,1.0799,0.1577,
usa_NC_0034_0207,33.405,-75.469411,35.528662,1.1594,0.1636,
usa_NC_0034_0208,33.455,-75.469227,35.529091,1.2462,0.1643,
usa_NC_0034_0209,33.505,-75.469137,35.529536,1.3422,0.1596,
usa_NC_0034_0210,33.555,-75.469,35.529973,1.4514,0.1566,
usa_NC_0034_0211,33.605,-75.468852,35.530408,1.5554,0.1506,
usa_NC_0034_0212,33.655,-75.468687,35.53084,1.6632,0.1499,
usa_NC_0034_0213,33.705,-75.468514,35.531271,1.7136,0.1481,
usa_NC_0034_0214,33.755,-75.46852,35.531732,1.7709,0.142,
usa_NC_0034_0215,33.805,-75.468308,35.532156,1.8533,0.1386,
usa_NC_0034_0216,33.855,-75.468161,35.532591,1.8574,0.1325,
usa_NC_0034_0217,33.905,-75.468028,35.533029,1.9208,0.1249,
usa_NC_0034_0218,33.955,-75.467865,35.533461,1.9622,0.1193,
usa_NC_0034_0219,34.005,-75.467782,35.533907,1.981,0.118,
usa_NC_0034_0220,34.055,-75.467613,35.534339,1.9606,0.1185,
usa_NC_0034_0221,34.105,-75.467504,35.53478,1.9924,0.1175,
usa_NC_0034_0222,34.155,-75.467487,35.535236,1.965,0.1175,
usa_NC_0034_0223,34.205,-75.467284,35.535662,1.946,0.1155,
usa_NC_0034_0224,34.254,-75.467181,35.536102,1.9608,0.1176,
usa_NC_0034_0225,34.304,-75.467108,35.536548,1.963,0.1164,
usa_NC_0034_0226,34.354,-75.467036,35.536994,1.9491,0.1151,
usa_NC_0034_0227,34.404,-75.466937,35.537435,1.9314,0.1141,
usa_NC_0034_0228,34.453,-75.466722,35.537857,1.8693,0.1171,
usa_NC_0034_0229,34.503,-75.466669,35.538305,1.827,0.1164,
usa_NC_0034_0230,34.553,-75.466542,35.538742,1.7851,0.1156,
usa_NC_0034_0231,34.603,-75.466397,35.539175,1.7356,0.1189,
usa_NC_0034_0232,34.652,-75.466348,35.539624,1.6774,0.1162,
usa_NC_0034_0233,34.702,-75.466183,35.540055,1.6525,0.1127,
usa_NC_0034_0234,34.752,-75.466127,35.540503,1.62,0.1124,
usa_NC_0034_0235,34.801,-75.465961,35.540933,1.5227,0.1098,
usa_NC_0034_0236,34.851,-75.465909,35.541382,1.4963,0.1042,
usa_NC_0034_0237,34.901,-75.465836,35.541827,1.4283,0.1011,
usa_NC_0034_0238,34.951,-75.465653,35.542255,1.3739,0.0981,
usa_NC_0034_0239,35.0,-75.465534,35.542693,1.3309,0.0959,
usa_NC_0034_0240,35.05,-75.465598,35.543158,1.2453,0.0935,
usa_NC_0034_0241,35.1,-75.465405,35.543584,1.1894,0.0934,
usa_NC_0034_0242,35.149,-75.465442,35.544045,1.1323,0.0916,
usa_NC_0034_0243,35.199,-75.465236,35.54447,1.0217,0.0874,
usa_NC_0034_0244,35.249,-75.46518,35.544917,0.892,0.0849,
usa_NC_0034_0245,35.298,-75.465021,35.545349,0.8522,0.0853,
usa_NC_0034_0246,35.348,-75.465084,35.545812,0.7797,0.09,
usa_NC_0034_0247,35.398,-75.464856,35.546233,0.7533,0.0914,
usa_NC_0034_0248,35.447,-75.464775,35.546674,0.7111,0.0894,
usa_NC_0034_0249,35.496,-75.464667,35.547111,0.6621,0.0899,
usa_NC_0034_0250,35.546,-75.464588,35.547553,0.6493,0.0912,
usa_NC_0035_0001,35.595,-75.464569,35.548003,0.6551,0.0896,
usa_NC_0035_0002,35.645,-75.464472,35.548442,0.6257,0.0901,
usa_NC_0035_0003,35.694,-75.464296,35.548871,0.6051,0.0911,
usa_NC_0035_0004,35.744,-75.464321,35.549326,0.5719,0.0936,
usa_NC_0035_0005,35.793,-75.464177,35.549759,0.5197,0.092,
usa_NC_0035_0006,35.843,-75.4641,35.550201,0.4679,0.0899,
usa_NC_0035_0007,35.893,-75.464039,35.550646,0.4636,0.0928,
usa_NC_0035_0008,35.942,-75.463923,35.551084,0.4896,0.0948,
usa_NC_0035_0009,35.992,-75.463821,35.551525,0.4946,0.0975,
usa_NC_0035_0010,36.042,-75.463728,35.551967,0.5219,0.1002,
usa_NC_0035_0011,36.091,-75.463685,35.552414,0.536,0.1055,
usa_NC_0035_0012,36.141,-75.463562,35.552852,0.5595,0.1047,
usa_NC_0035_0013,36.191,-75.463465,35.553294,0.5787,0.1023,
usa_NC_0035_0014,36.24,-75.463477,35.553747,0.5781,0.1005,
usa_NC_0035_0015,36.29,-75.463317,35.554181,0.61,0.1017,
usa_NC_0035_0016,36.34,-75.463239,35.554625,0.6219,0.1014,
usa_NC_0035_0017,36.389,-75.463151,35.555067,0.636,0.1029,
usa_NC_0035_0018,36.439,-75.463065,35.555509,0.6698,0.1044,
usa_NC_0035_0019,36.488,-75.46316,35.55597,0.6722,0.105,
usa_NC_0035_0020,36.538,-75.462998,35.556402,0.6536,0.1092,
usa_NC_0035_0021,36.587,-75.462885,35.55684,0.6276,0.1115,
usa_NC_0035_0022,36.637,-75.462874,35.557289,0.5925,0.1116,
usa_NC_0035_0023,36.686,-75.462764,35.557727,0.6135,0.1121,
usa_NC_0035_0024,36.736,-75.462709,35.558172,0.5994,0.1113,
usa_NC_0035_0025,36.786,-75.462672,35.55862,0.6022,0.111,
usa_NC_0035_0026,36.835,-75.46259,35.559062,0.6452,0.1112,
usa_NC_0035_0027,36.885,-75.462473,35.559502,0.6401,0.11,
usa_NC_0035_0028,36.935,-75.462419,35.559948,0.6464,0.1122,
usa_NC_0035_0029,36.984,-75.462344,35.560391,0.6438,0.1139,
usa_NC_0035_0030,37.034,-75.462261,35.560833,0.6332,0.1137,
usa_NC_0035_0031,37.083,-75.462187,35.561276,0.611,0.108,
usa_NC_0035_0032,37.133,-75.462084,35.561716,0.6215,0.1067,
usa_NC_0035_0033,37.182,-75.462027,35.56216,0.6348,0.1057,
usa_NC_0035_0034,37.232,-75.462019,35.562609,0.6691,0.1047,
usa_NC_0035_0035,37.282,-75.461947,35.563052,0.6851,0.1026,
usa_NC_0035_0036,37.331,-75.461933,35.5635,0.6955,0.1043,
usa_NC_0035_0037,37.381,-75.461883,35.563944,0.6756,0.1033,
usa_NC_0035_0038,37.43,-75.46195,35.564398,0.6239,0.1023,
usa_NC_0035_0039,37.48,-75.461927,35.564844,0.5991,0.1023,
usa_NC_0035_0040,37.529,-75.461829,35.565285,0.5223,0.1011,
usa_NC_0035_0041,37.579,-75.461901,35.565738,0.3833,0.1014,
usa_NC_0035_0042,37.628,-75.461784,35.566178,0.2585,0.1036,
usa_NC_0035_0043,37.678,-75.461786,35.566626,0.1333,0.1035,
usa_NC_0035_0044,37.727,-75.461797,35.567074,0.0202,0.1065,
usa_NC_0035_0045,37.777,-75.461737,35.567518,-0.0374,0.1072,
usa_NC_0035_0046,37.826,-75.461775,35.567968,-0.0524,0.1064,
usa_NC_0035_0047,37.876,-75.461803,35.56842,-0.0647,0.1077,
usa_NC_0035_0048,37.926,-75.461776,35.568867,-0.1227,0.1119,
usa_NC_0035_0049,37.975,-75.461774,35.569317,-0.2021,0.1167,
usa_NC_0035_0050,38.025,-75.461787,35.569766,-0.2538,0.1177,
usa_NC_0035_0051,38.075,-75.461794,35.570216,-0.3702,0.1207,
usa_NC_0035_0052,38.124,-75.461838,35.570668,-0.5022,0.1218,
usa_NC_0035_0053,38.174,-75.461792,35.571114,-0.6689,0.1265,
usa_NC_0035_0054,38.224,-75.461756,35.571561,-0.8273,0.1302,
usa_NC_0035_0055,38.273,-75.461703,35.572007,-1.0583,0.1321,
usa_NC_0035_0056,38.323,-75.461641,35.572452,-1.2399,0.131,
usa_NC_0035_0057,38.373,-75.461626,35.5729,-1.4179,0.1303,
usa_NC_0035_0058,38.422,-75.46162,35.573348,-1.619,0.1309,
usa_NC_0035_0059,38.472,-75.46167,35.573799,-1.8093,0.1316,
usa_NC_0035_0060,38.522,-75.46169,35.574249,-1.9595,0.1344,
usa_NC_0035_0061,38.571,-75.461748,35.5747,-2.1004,0.1333,
usa_NC_0035_0062,38.621,-75.461744,35.575148,-2.1644,0.1319,
usa_NC_0035_0063,38.67,-75.461757,35.575597,-2.2412,0.1279,
usa_NC_0035_0064,38.72,-75.461766,35.576045,-2.3276,0.1281,
usa_NC_0035_0065,38.77,-75.461615,35.576487,-2.4338,0.1313,
usa_NC_0035_0066,38.819,-75.461557,35.57693,-2.5096,0.136,
usa_NC_0035_0067,38.868,-75.46154,35.577374,-2.5763,0.1362,
usa_NC_0035_0068,38.918,-75.461475,35.577817,-2.674,0.1384,
usa_NC_0035_0069,38.967,-75.461525,35.578265,-2.7056,0.139,
usa_NC_0035_0070,39.017,-75.461483,35.57871,-2.7274,0.1416,
usa_NC_0035_0071,39.066,-75.461525,35.579157,-2.7755,0.142,
usa_NC_0035_0072,39.115,-75.461519,35.579603,-2.7761,0.1425,
usa_NC_0035_0073,39.165,-75.461607,35.580051,-2.8221,0.1442,
usa_NC_0035_0074,39.214,-75.461569,35.580496,-2.8626,0.146,
usa_NC_0035_0075,39.264,-75.461629,35.580943,-2.901,0.1454,
usa_NC_0035_0076,39.313,-75.461579,35.581388,-2.9612,0.144,
usa_NC_0035_0077,39.362,-75.461562,35.581833,-2.9735,0.1387,
usa_NC_0035_0078,39.412,-75.46168,35.582281,-3.0092,0.1359,
usa_NC_0035_0079,39.461,-75.461557,35.582724,-3.02,0.1315,
usa_NC_0035_0080,39.511,-75.46169,35.583174,-2.9743,0.1306,
usa_NC_0035_0081,39.56,-75.461694,35.583621,-2.8601,0.1333,
usa_NC_0035_0082,39.61,-75.461797,35.584069,-2.664,0.1352,
usa_NC_0035_0083,39.659,-75.461827,35.584516,-2.4836,0.1347,
usa_NC_0035_0084,39.709,-75.461409,35.584956,-2.2363,0.1306,
usa_NC_0035_0085,39.758,-75.46178,35.585408,-2.2438,0.1306,
usa_NC_0035_0086,39.808,-75.461842,35.585855,-2.1427,0.1233,
usa_NC_0035_0087,39.857,-75.461849,35.586301,-2.1196,0.1179,
usa_NC_0035_0088,39.907,-75.462168,35.58675,-2.1243,0.1172,
usa_NC_0035_0089,39.956,-75.461986,35.587194,-2.1496,0.1169,
usa_NC_0035_0090,40.006,-75.462036,35.58764,-2.2208,0.116,
usa_NC_0036_0001,40.055,-75.462219,35.588087,-2.3433,0.1215,
usa_NC_0036_0002,40.105,-75.46225,35.588532,-2.3607,0.1226,
usa_NC_0036_0003,40.154,-75.4623,35.588978,-2.4497,0.1234,
usa_NC_0036_0004,40.204,-75.46241,35.589425,-2.4926,0.1245,
usa_NC_0036_0005,40.253,-75.462376,35.589872,-2.6028,0.1226,
usa_NC_0036_0006,40.303,-75.462649,35.590319,-2.6989,0.1208,
usa_NC_0036_0007,40.352,-75.462593,35.590766,-2.7828,0.1235,
usa_NC_0036_0008,40.402,-75.462715,35.591212,-2.8467,0.125,
usa_NC_0036_0009,40.451,-75.462793,35.591659,-2.9098,0.1297,
usa_NC_0036_0010,40.501,-75.462878,35.592105,-2.9535,0.1349,
usa_NC_0036_0011,40.55,-75.463032,35.592551,-2.9787,0.1341,
usa_NC_0036_0012,40.6,-75.462968,35.592998,-2.9887,0.134,
usa_NC_0036_0013,40.649,-75.463022,35.593444,-2.9159,0.1344,
usa_NC_0036_0014,40.699,-75.463122,35.59389,-2.7908,0.1371,
usa_NC_0036_0015,40.748,-75.463217,35.59433,-2.7406,0.1317,
usa_NC_0036_0016,40.797,-75.463213,35.59477,-2.6802,0.1276,
usa_NC_0036_0017,40.845,-75.463103,35.59521,-2.5926,0.1236,
usa_NC_0036_0018,40.894,-75.463377,35.595646,-2.5755,0.1208,
usa_NC_0036_0019,40.943,-75.463391,35.596085,-2.5116,0.1199,
usa_NC_0036_0020,40.992,-75.463258,35.59653,-2.5014,0.1214,
usa_NC_0036_0021,41.042,-75.463401,35.596983,-2.558,0.1219,
usa_NC_0036_0022,41.093,-75.463841,35.597431,-2.5654,0.1218,
usa_NC_0036_0023,41.143,-75.463677,35.59789,-2.542,0.1213,
usa_NC_0036_0024,41.194,-75.463378,35.59835,-2.5454,0.1233,
usa_NC_0036_0025,41.244,-75.46389,35.598798,-2.5613,0.1245,
usa_NC_0036_0026,41.295,-75.463822,35.599259,-2.5651,0.1238,
usa_NC_0036_0027,41.347,-75.463847,35.599721,-2.5752,0.1209,
usa_NC_0036_0028,41.398,-75.464036,35.600182,-2.6103,0.1221,
usa_NC_0036_0029,41.449,-75.464132,35.600644,-2.6184,0.1197,
usa_NC_0036_0030,41.501,-75.464202,35.601107,-2.6272,0.1215,
usa_NC_0036_0031,41.552,-75.464358,35.601571,-2.6447,0.1211,
usa_NC_0036_0032,41.604,-75.464594,35.602034,-2.6666,0.1177,
usa_NC_0036_0033,41.655,-75.464508,35.602495,-2.6394,0.1122,
usa_NC_0036_0034,41.706,-75.464589,35.602956,-2.6611,0.1046,
usa_NC_0036_0035,41.757,-75.464908,35.603419,-2.6724,0.0989,
usa_NC_0036_0036,41.808,-75.464806,35.603879,-2.7273,0.097,
usa_NC_0036_0037,41.859,-75.464857,35.604341,-2.7085,0.0965,
usa_NC_0036_0038,41.911,-75.464819,35.604802,-2.7442,0.0982,
usa_NC_0036_0039,41.962,-75.465306,35.605267,-2.6819,0.0983,
usa_NC_0036_0040,42.01,-75.46549,35.605708,-2.6538,0.1001,
usa_NC_0036_0041,42.059,-75.465119,35.606143,-2.6513,0.1017,
usa_NC_0036_0042,42.107,-75.465531,35.606584,-2.6878,0.109,
usa_NC_0036_0043,42.156,-75.465551,35.607023,-2.6441,0.1073,
usa_NC_0036_0044,42.205,-75.465577,35.607461,-2.608,0.1101,
usa_NC_0036_0045,42.253,-75.465615,35.6079,-2.5345,0.1136,
usa_NC_0036_0046,42.302,-75.465675,35.608338,-2.514,0.1164,
usa_NC_0036_0047,42.347,-75.465741,35.608747,-2.4414,0.1197,
usa_NC_0036_0048,42.392,-75.465836,35.609153,-2.3662,0.1221,
usa_NC_0036_0049,42.437,-75.465961,35.609558,-2.2964,0.122,
usa_NC_0036_0050,42.482,-75.466076,35.60996,-2.213,0.1217,
usa_NC_0036_0051,42.527,-75.466249,35.610358,-2.1243,0.1181,
usa_NC_0036_0052,42.571,-75.466405,35.610755,-2.0905,0.115,
usa_NC_0036_0053,42.616,-75.466482,35.611151,-2.0236,0.1145,
usa_NC_0036_0054,42.66,-75.466452,35.611549,-1.9403,0.1159,
usa_NC_0036_0055,42.703,-75.466533,35.61194,-1.8944,0.1126,
usa_NC_0036_0056,42.747,-75.466598,35.612329,-1.855,0.1126,
usa_NC_0036_0057,42.79,-75.466654,35.612717,-1.8274,0.1097,
usa_NC_0036_0058,42.833,-75.466703,35.613106,-1.7782,0.1091,
usa_NC_0036_0059,42.877,-75.466741,35.613495,-1.7447,0.1099,
usa_NC_0036_0060,42.92,-75.466784,35.613882,-1.6784,0.1089,
usa_NC_0036_0061,42.963,-75.466853,35.614266,-1.6263,0.1048,
usa_NC_0036_0062,43.006,-75.466933,35.614647,-1.5612,0.1026,
usa_NC_0036_0063,43.048,-75.466981,35.61503,-1.5015,0.1006,
usa_NC_0036_0064,43.091,-75.466993,35.615416,-1.4143,0.1009,
usa_NC_0036_0065,43.135,-75.467101,35.61581,-1.3482,0.1026,
usa_NC_0036_0066,43.18,-75.46721,35.616206,-1.2894,0.0983,
usa_NC_0036_0067,43.225,-75.467288,35.616606,-1.2377,0.0984,
usa_NC_0036_0068,43.27,-75.467345,35.617008,-1.2255,0.0991,
usa_NC_0036_0069,43.315,-75.467407,35.61741,-1.2381,0.1042,
usa_NC_0036_0070,43.359,-75.467538,35.617794,-1.192,0.1054,
usa_NC_0036_0071,43.4,-75.467539,35.618173,-1.1638,0.1089,
usa_NC_0036_0072,43.441,-75.46761,35.618537,-1.1265,0.1096,
usa_NC_0036_0073,43.484,-75.46775,35.618907,-1.105,0.1063,
usa_NC_0036_0074,43.527,-75.467805,35.619292,-1.074,0.1038,
usa_NC_0036_0075,43.57,-75.46784,35.619682,-1.044,0.1048,
usa_NC_0036_0076,43.613,-75.467886,35.620072,-1.0154,0.1061,
usa_NC_0036_0077,43.656,-75.468091,35.620435,-0.9388,0.1078,
usa_NC_0036_0078,43.7,-75.468096,35.620836,-0.8837,0.1077,
usa_NC_0036_0079,43.743,-75.468196,35.62122,-0.8583,0.105,
usa_NC_0036_0080,43.787,-75.468185,35.621629,-0.8526,0.1049,
usa_NC_0036_0081,43.831,-75.468269,35.622021,-0.8116,0.1046,
usa_NC_0036_0082,43.875,-75.468305,35.622424,-0.7733,0.1052,
usa_NC_0036_0083,43.92,-75.468398,35.622821,-0.7432,0.1064,
usa_NC_0036_0084,43.965,-75.468498,35.623218,-0.6998,0.1086,
usa_NC_0036_0085,44.009,-75.468566,35.623623,-0.6355,0.1069,
usa_NC_0036_0086,44.055,-75.468569,35.624046,-0.5771,0.1087,
usa_NC_0036_0087,44.1,-75.46858,35.62447,-0.4708,0.1099,
usa_NC_0036_0088,44.145,-75.468629,35.624886,-0.3561,0.1094,
usa_NC_0036_0089,44.191,-75.468642,35.625314,-0.2585,0.1082,
usa_NC_0036_0090,44.239,-75.468703,35.625752,-0.1692,0.1091,
usa_NC_0036_0091,44.287,-75.468814,35.626178,-0.0463,0.1134,
usa_NC_0036_0092,44.335,-75.468904,35.626609,0.0443,0.1157,
usa_NC_0036_0093,44.383,-75.468952,35.627053,0.1289,0.119,
usa_NC_0036_0094,44.431,-75.468989,35.627501,0.2238,0.12,
usa_NC_0036_0095,44.479,-75.469119,35.627924,0.342,0.1176,
usa_NC_0036_0096,44.527,-75.469229,35.628353,0.4326,0.1165,
usa_NC_0036_0097,44.578,-75.469222,35.628842,0.4712,0.1159,
usa_NC_0036_0098,44.63,-75.469255,35.629319,0.5535,0.1156,
usa_NC_0036_0099,44.681,-75.469372,35.629773,0.6035,0.1163,
usa_NC_0036_0100,44.733,-75.469448,35.630247,0.6152,0.1091,
usa_NC_0036_0101,44.785,-75.46952,35.630722,0.5996,0.1059,
usa_NC_0036_0102,44.837,-75.469576,35.631201,0.578,0.1009,
usa_NC_0036_0103,44.889,-75.469629,35.63168,0.566,0.0976,
usa_NC_0036_0104,44.941,-75.469719,35.632148,0.57,0.0949,
usa_NC_0036_0105,44.993,-75.469772,35.632626,0.595,0.092,
usa_NC_0036_0106,45.045,-75.469818,35.633104,0.5876,0.0907,
usa_NC_0036_0107,45.097,-75.469957,35.633559,0.5886,0.0881,
usa_NC_0036_0108,45.149,-75.470067,35.634021,0.5783,0.0865,
usa_NC_0036_0109,45.201,-75.470188,35.63448,0.5643,0.0859,
usa_NC_0036_0110,45.253,-75.470274,35.634947,0.6206,0.0888,
usa_NC_0036_0111,45.304,-75.470347,35.635416,0.6807,0.0919,
usa_NC_0036_0112,45.356,-75.470464,35.635875,0.7453,0.0939,
usa_NC_0037_0001,45.408,-75.47054,35.636343,0.839,0.0986,
usa_NC_0037_0002,45.46,-75.470582,35.636817,0.8906,0.0968,
usa_NC_0037_0003,45.512,-75.470652,35.637285,0.9136,0.0966,
usa_NC_0037_0004,45.563,-75.470755,35.637745,0.9057,0.098,
usa_NC_0037_0005,45.615,-75.470797,35.638217,0.8753,0.0993,
usa_NC_0037_0006,45.667,-75.470928,35.638671,0.8502,0.0994,
usa_NC_0037_0007,45.718,-75.471081,35.63912,0.8714,0.0995,
usa_NC_0037_0008,45.77,-75.471134,35.639588,0.9024,0.1001,
usa_NC_0037_0009,45.822,-75.471317,35.640031,0.9012,0.0995,
usa_NC_0037_0010,45.873,-75.471411,35.640489,0.9607,0.1031,
usa_NC_0037_0011,45.924,-75.471452,35.64095,1.0026,0.1054,
usa_NC_0037_0012,45.974,-75.471493,35.641411,1.0326,0.1105,
usa_NC_0037_0013,46.025,-75.471522,35.641874,1.0521,0.1151,
usa_NC_0037_0014,46.075,-75.471668,35.642309,1.0741,0.1206,
usa_NC_0037_0015,46.125,-75.471813,35.642743,1.1136,0.1296,
usa_NC_0037_0016,46.175,-75.471914,35.643184,1.094,0.1288,
usa_NC_0037_0017,46.224,-75.472016,35.643625,1.0646,0.1285,
usa_NC_0037_0018,46.274,-75.472117,35.644067,1.0323,0.129,
usa_NC_0037_0019,46.324,-75.472218,35.644508,1.031,0.1258,
usa_NC_0037_0020,46.374,-75.47232,35.644949,1.0,0.1263,
usa_NC_0037_0021,46.423,-75.472421,35.645391,0.9839,0.122,
usa_NC_0037_0022,46.473,-75.472492,35.645838,1.0333,0.1166,
usa_NC_0037_0023,46.523,-75.472496,35.646297,1.1023,0.1124,
usa_NC_0037_0024,46.573,-75.4725,35.646757,1.1526,0.1136,
usa_NC_0037_0025,46.622,-75.472566,35.647205,1.1891,0.1202,
usa_NC_0037_0026,46.672,-75.472694,35.647644,1.2391,0.1302,
usa_NC_0037_0027,46.723,-75.472824,35.648087,1.2445,0.137,
usa_NC_0037_0028,46.773,-75.472953,35.648529,1.2551,0.1399,
usa_NC_0037_0029,46.824,-75.473082,35.648972,1.272,0.1453,
usa_NC_0037_0030,46.874,-75.473168,35.649423,1.2472,0.1473,
usa_NC_0037_0031,46.925,-75.473215,35.649881,1.1959,0.1498,
usa_NC_0037_0032,46.975,-75.473263,35.650338,1.1089,0.1526,
usa_NC_0037_0033,47.026,-75.47331,35.650796,1.0229,0.1519,
usa_NC_0037_0034,47.076,-75.473357,35.651253,0.8724,0.1492,
usa_NC_0037_0035,47.127,-75.473405,35.651711,0.7984,0.1485,
usa_NC_0037_0036,47.177,-75.473452,35.652168,0.7272,0.1477,
usa_NC_0037_0037,47.228,-75.4735,35.652625,0.6035,0.1443,
usa_NC_0037_0038,47.278,-75.47358,35.653071,0.4454,0.138,
usa_NC_0037_0039,47.327,-75.473667,35.653514,0.259,0.1341,
usa_NC_0037_0040,47.377,-75.473753,35.653956,0.0724,0.1315,
usa_NC_0037_0041,47.427,-75.473839,35.654399,-0.1125,0.1283,
usa_NC_0037_0042,47.476,-75.473926,35.654842,-0.2835,0.1253,
usa_NC_0037_0043,47.526,-75.474012,35.655285,-0.484,0.1254,
usa_NC_0037_0044,47.576,-75.474099,35.655728,-0.668,0.1266,
usa_NC_0037_0045,47.625,-75.474209,35.656168,-0.8085,0.1318,
usa_NC_0037_0046,47.675,-75.474321,35.656608,-0.9862,0.1355,
usa_NC_0037_0047,47.725,-75.474432,35.657047,-1.1329,0.139,
usa_NC_0037_0048,47.775,-75.474544,35.657487,-1.2352,0.1413,
usa_NC_0037_0049,47.825,-75.474656,35.657926,-1.2581,0.1417,
usa_NC_0037_0050,47.874,-75.474767,35.658366,-1.3082,0.1403,
usa_NC_0037_0051,47.924,-75.474879,35.658806,-1.3235,0.1399,
usa_NC_0037_0052,47.974,-75.474991,35.659247,-1.3365,0.1351,
usa_NC_0037_0053,48.024,-75.475103,35.659688,-1.3293,0.1315,
usa_NC_0037_0054,48.074,-75.475215,35.660129,-1.3176,0.1281,
usa_NC_0037_0055,48.124,-75.475327,35.660571,-1.3485,0.1265,
usa_NC_0037_0056,48.174,-75.475438,35.661012,-1.3682,0.1245,
usa_NC_0037_0057,48.224,-75.47555,35.661453,-1.4535,0.1221,
usa_NC_0037_0058,48.274,-75.47565,35.661896,-1.558,0.1175,
usa_NC_0037_0059,48.324,-75.475763,35.662337,-1.6155,0.1126,
usa_NC_0037_0060,48.374,-75.475873,35.662778,-1.6894,0.1105,
usa_NC_0037_0061,48.424,-75.475989,35.663219,-1.7548,0.1082,
usa_NC_0037_0062,48.474,-75.476078,35.663663,-1.8338,0.1066,
usa_NC_0037_0063,48.523,-75.476188,35.664103,-1.9874,0.1045,
usa_NC_0037_0064,48.574,-75.476296,35.664547,-2.0353,0.1059,
usa_NC_0037_0065,48.624,-75.476422,35.66499,-2.1779,0.1088,
usa_NC_0037_0066,48.674,-75.476522,35.665437,-2.267,0.111,
usa_NC_0037_0067,48.725,-75.476628,35.665883,-2.3567,0.1123,
usa_NC_0037_0068,48.775,-75.47675,35.666326,-2.4422,0.1124,
usa_NC_0037_0069,48.826,-75.476862,35.666771,-2.5465,0.1119,
usa_NC_0037_0070,48.876,-75.476988,35.667213,-2.6308,0.1104,
usa_NC_0037_0071,48.926,-75.477135,35.667652,-2.739,0.1095,
usa_NC_0037_0072,48.977,-75.47728,35.668092,-2.8247,0.1064,
usa_NC_0037_0073,49.027,-75.477398,35.668536,-2.9088,0.1069,
usa_NC_0037_0074,49.078,-75.47755,35.668974,-2.94,0.1055,
usa_NC_0037_0075,49.128,-75.477728,35.669409,-2.9517,0.106,
usa_NC_0037_0076,49.178,-75.477813,35.669856,-2.9209,0.1055,
usa_NC_0037_0077,49.228,-75.477966,35.670289,-2.8703,0.1026,
usa_NC_0037_0078,49.278,-75.478061,35.670732,-2.8258,0.1009,
usa_NC_0037_0079,49.328,-75.478184,35.671171,-2.7868,0.0977,
usa_NC_0037_0080,49.378,-75.478351,35.671602,-2.7376,0.0954,
usa_NC_0037_0081,49.427,-75.478388,35.672054,-2.6933,0.0958,
usa_NC_0037_0082,49.477,-75.478505,35.672494,-2.6513,0.0965,
usa_NC_0037_0083,49.527,-75.478611,35.672935,-2.6838,0.098,
usa_NC_0037_0084,49.577,-75.478703,35.673378,-2.678,0.0972,
usa_NC_0037_0085,49.627,-75.478875,35.673808,-2.6662,0.0972,
usa_NC_0037_0086,49.677,-75.479018,35.674243,-2.6325,0.0971,
usa_NC_0037_0087,49.727,-75.479098,35.67469,-2.6081,0.0958,
usa_NC_0037_0088,49.777,-75.479332,35.675117,-2.5938,0.0962,
usa_NC_0037_0089,49.828,-75.47948,35.675558,-2.5702,0.0952,
usa_NC_0037_0090,49.879,-75.480092,35.675924,-2.6152,0.095,
usa_NC_0037_0091,49.929,-75.480182,35.676375,-2.6589,0.0925,
usa_NC_0037_0092,49.98,-75.480308,35.676821,-2.6659,0.0907,
usa_NC_0037_0093,50.031,-75.480914,35.677191,-2.6761,0.0887,
usa_NC_0037_0094,50.081,-75.480487,35.677723,-2.6689,0.0864,
usa_NC_0037_0095,50.132,-75.480494,35.678186,-2.6243,0.0859,
usa_NC_0037_0096,50.182,-75.480527,35.678645,-2.5984,0.0849,
usa_NC_0037_0097,50.233,-75.480573,35.679101,-2.557,0.0855,
usa_NC_0037_0098,50.283,-75.480652,35.679552,-2.5292,0.0852,
usa_NC_0037_0099,50.334,-75.4809,35.679978,-2.4445,0.086,
usa_NC_0037_0100,50.384,-75.481038,35.68042,-2.3936,0.0863,
usa_NC_0037_0101,50.435,-75.482338,35.680693,-2.345,0.0897,
usa_NC_0037_0102,50.485,-75.482599,35.681109,-2.2784,0.0956,
usa_NC_0037_0103,50.534,-75.482853,35.681527,-2.1974,0.1034,
usa_NC_0037_0104,50.584,-75.483076,35.681949,-2.1282,0.1086,
usa_NC_0037_0105,50.633,-75.483283,35.682372,-2.0239,0.1115,
usa_NC_0037_0106,50.683,-75.483478,35.682798,-1.9073,0.1181,
usa_NC_0037_0107,50.733,-75.483608,35.683234,-1.8542,0.1283,
usa_NC_0037_0108,50.782,-75.483684,35.683676,-1.7242,0.1296,
usa_NC_0037_0109,50.832,-75.483753,35.684119,-1.61,0.1367,
usa_NC_0037_0110,50.881,-75.483821,35.684562,-1.4612,0.1494,
usa_NC_0037_0111,50.93,-75.483881,35.685006,-1.2978,0.1546,
usa_NC_0037_0112,50.98,-75.483896,35.685458,-1.1909,0.1587,
usa_NC_0037_0113,51.03,-75.483328,35.686,-1.0882,0.1627,
usa_NC_0037_0114,51.079,-75.482968,35.686512,-0.9337,0.1661,
usa_NC_0037_0115,51.129,-75.482971,35.686967,-0.8514,0.1644,
usa_NC_0037_0116,51.179,-75.483151,35.687394,-0.7706,0.1644,
usa_NC_0037_0117,51.228,-75.483237,35.687836,-0.7088,0.1652,
usa_NC_0037_0118,51.278,-75.48331,35.688281,-0.6488,0.166,
usa_NC_0037_0119,51.327,-75.483389,35.688724,-0.5574,0.1619,
usa_NC_0037_0120,51.377,-75.483432,35.689173,-0.4836,0.157,
usa_NC_0037_0121,51.427,-75.483652,35.689594,-0.415,0.1545,
usa_NC_0037_0122,51.476,-75.48381,35.690025,-0.3311,0.1503,
usa_NC_0037_0123,51.526,-75.483834,35.690476,-0.2615,0.1462,
usa_NC_0037_0124,51.576,-75.483924,35.690918,-0.1987,0.1411,
usa_NC_0037_0125,51.625,-75.48412,35.691342,-0.1484,0.1408,
usa_NC_0037_0126,51.675,-75.484344,35.691763,-0.0981,0.1397,
usa_NC_0037_0127,51.725,-75.484363,35.692217,-0.0254,0.1366,
usa_NC_0037_0128,51.774,-75.484479,35.692656,0.0318,0.1375,
usa_NC_0037_0129,51.824,-75.484581,35.693098,0.0791,0.1403,
usa_NC_0037_0130,51.874,-75.484753,35.693528,0.122,0.1418,
usa_NC_0037_0131,51.924,-75.484843,35.693971,0.1334,0.1389,
usa_NC_0037_0132,51.974,-75.485001,35.694404,0.1214,0.1368,
usa_NC_0037_0133,52.023,-75.485198,35.69483,0.1202,0.1375,
usa_NC_0037_0134,52.073,-75.485278,35.695274,0.0836,0.1304,
usa_NC_0037_0135,52.123,-75.485357,35.695719,0.0227,0.125,
usa_NC_0037_0136,52.173,-75.4858,35.696105,-0.0885,0.1202,
usa_NC_0037_0137,52.223,-75.48572,35.696575,-0.2122,0.118,
usa_NC_0037_0138,52.272,-75.485703,35.697029,-0.3202,0.1163,
usa_NC_0037_0139,52.321,-75.485868,35.697453,-0.4304,0.1147,
usa_NC_0037_0140,52.37,-75.486122,35.697862,-0.5854,0.1151,
usa_NC_0037_0141,52.419,-75.486045,35.698326,-0.6398,0.1141,
usa_NC_0037_0142,52.468,-75.486067,35.698775,-0.7592,0.1121,
usa_NC_0037_0143,52.517,-75.486108,35.69922,-0.7999,0.1133,
usa_NC_0037_0144,52.566,-75.486293,35.699641,-0.8332,0.1131,
usa_NC_0037_0145,52.615,-75.486508,35.700056,-0.8897,0.1106,
usa_NC_0037_0146,52.664,-75.486575,35.700497,-0.9019,0.1106,
usa_NC_0037_0147,52.713,-75.486729,35.700922,-0.9566,0.1095,
usa_NC_0037_0148,52.762,-75.48684,35.701356,-0.9732,0.1079,
usa_NC_0037_0149,52.812,-75.486931,35.701793,-0.9557,0.1093,
usa_NC_0037_0150,52.861,-75.487101,35.702216,-1.0087,0.1091,
usa_NC_0037_0151,52.91,-75.487307,35.702633,-1.0668,0.112,
usa_NC_0037_0152,52.96,-75.487523,35.703056,-1.1121,0.1113,
usa_NC_0037_0153,53.01,-75.487881,35.703452,-1.1481,0.1143,
usa_NC_0037_0154,53.06,-75.487769,35.703936,-1.1499,0.1152,
usa_NC_0037_0155,53.11,-75.487927,35.704368,-1.1642,0.1162,
usa_NC_0037_0156,53.16,-75.488079,35.704798,-1.158,0.119,
usa_NC_0037_0157,53.209,-75.488215,35.705232,-1.2,0.1224,
usa_NC_0037_0158,53.259,-75.488352,35.705665,-1.2377,0.1263,
usa_NC_0037_0159,53.309,-75.488548,35.706089,-1.3108,0.1307,
usa_NC_0037_0160,53.358,-75.488742,35.706513,-1.397,0.1341,
usa_NC_0037_0161,53.408,-75.488959,35.706932,-1.4682,0.1338,
usa_NC_0037_0162,53.458,-75.489134,35.70736,-1.5491,0.1342,
usa_NC_0037_0163,53.508,-75.489221,35.707804,-1.6272,0.1323,
usa_NC_0037_0164,53.557,-75.489343,35.708241,-1.7043,0.129,
usa_NC_0037_0165,53.607,-75.489493,35.708673,-1.7433,0.1262,
usa_NC_0037_0166,53.657,-75.489733,35.709088,-1.8221,0.1201,
usa_NC_0037_0167,53.707,-75.489949,35.709507,-1.8664,0.1173,
usa_NC_0037_0168,53.756,-75.490331,35.709894,-1.8966,0.1153,
usa_NC_0037_0169,53.806,-75.490403,35.710341,-1.8779,0.1136,
usa_NC_0037_0170,53.856,-75.490418,35.710799,-1.892,0.1126,
usa_NC_0037_0171,53.906,-75.490593,35.711226,-1.8949,0.1108,
usa_NC_0037_0172,53.955,-75.490784,35.711649,-1.9457,0.1098,
usa_NC_0037_0173,54.005,-75.490916,35.712084,-2.0456,0.1058,
usa_NC_0037_0174,54.055,-75.491066,35.712516,-2.1166,0.1047,
usa_NC_0037_0175,54.105,-75.491311,35.712929,-2.1886,0.1061,
usa_NC_0037_0176,54.154,-75.491522,35.713349,-2.2865,0.107,
usa_NC_0037_0177,54.204,-75.4917,35.713775,-2.3172,0.1093,
usa_NC_0037_0178,54.254,-75.491823,35.714211,-2.3975,0.104,
usa_NC_0038_0001,54.303,-75.49197,35.714643,-2.4927,0.0971,
usa_NC_0038_0002,54.353,-75.492487,35.715001,-2.5789,0.0924,
usa_NC_0038_0003,54.403,-75.49237,35.715486,-2.6389,0.0905,
usa_NC_0038_0004,54.452,-75.492537,35.715914,-2.6793,0.0907,
usa_NC_0038_0005,54.502,-75.492724,35.716338,-2.7444,0.0912,
usa_NC_0038_0006,54.552,-75.493181,35.716708,-2.8034,0.0925,
usa_NC_0038_0007,54.602,-75.493344,35.717137,-2.8481,0.0932,
usa_NC_0038_0008,54.651,-75.493543,35.717558,-2.8857,0.0941,
usa_NC_0038_0009,54.701,-75.493955,35.717933,-2.8623,0.0964,
usa_NC_0038_0010,54.75,-75.494258,35.718329,-2.849,0.0971,
usa_NC_0038_0011,54.799,-75.494472,35.718742,-2.8002,0.0986,
usa_NC_0038_0012,54.848,-75.494676,35.719158,-2.8359,0.1029,
usa_NC_0038_0013,54.897,-75.494863,35.719577,-2.849,0.1078,
usa_NC_0038_0014,54.947,-75.495046,35.719996,-2.8853,0.1131,
usa_NC_0038_0015,54.995,-75.495224,35.72041,-2.8722,0.1156,
usa_NC_0038_0016,55.043,-75.495401,35.720821,-2.8687,0.1152,
usa_NC_0038_0017,55.091,-75.495578,35.721232,-2.8111,0.118,
usa_NC_0038_0018,55.14,-75.495755,35.721643,-2.72,0.1219,
usa_NC_0038_0019,55.188,-75.495932,35.722053,-2.6822,0.1254,
usa_NC_0038_0020,55.236,-75.496109,35.722463,-2.6323,0.128,
usa_NC_0038_0021,55.284,-75.496285,35.722874,-2.6442,0.1271,
usa_NC_0038_0022,55.332,-75.49647,35.723282,-2.5989,0.1258,
usa_NC_0038_0023,55.38,-75.496657,35.723689,-2.5336,0.1244,
usa_NC_0038_0024,55.428,-75.496843,35.724097,-2.4654,0.1264,
usa_NC_0038_0025,55.476,-75.497027,35.724504,-2.4259,0.1248,
usa_NC_0038_0026,55.524,-75.497212,35.724912,-2.38,0.1254,
usa_NC_0038_0027,55.573,-75.497397,35.725322,-2.3907,0.1265,
usa_NC_0038_0028,55.621,-75.497581,35.725737,-2.3467,0.128,
usa_NC_0038_0029,55.67,-75.497766,35.726152,-2.3125,0.1262,
usa_NC_0038_0030,55.719,-75.497944,35.726568,-2.2293,0.1246,
usa_NC_0038_0031,55.768,-75.498108,35.726988,-2.1572,0.1262,
usa_NC_0038_0032,55.817,-75.498271,35.727408,-2.0166,0.1329,
usa_NC_0038_0033,55.866,-75.498431,35.727829,-1.9599,0.133,
usa_NC_0038_0034,55.915,-75.498594,35.728248,-1.8307,0.1355,
usa_NC_0038_0035,55.964,-75.498761,35.728668,-1.7785,0.1346,
usa_NC_0038_0036,56.013,-75.498933,35.729088,-1.7205,0.1366,
usa_NC_0038_0037,56.062,-75.499093,35.72951,-1.6542,0.1353,
usa_NC_0038_0038,56.111,-75.49925,35.729933,-1.5688,0.1395,
usa_NC_0038_0039,56.16,-75.499423,35.730351,-1.5124,0.1385,
usa_NC_0038_0040,56.208,-75.499596,35.73077,-1.3991,0.1368,
usa_NC_0038_0041,56.257,-75.499766,35.731189,-1.4241,0.1362,
usa_NC_0038_0042,56.306,-75.499935,35.731609,-1.3488,0.1326,
usa_NC_0038_0043,56.355,-75.500122,35.732024,-1.2949,0.1339,
usa_NC_0038_0044,56.404,-75.500309,35.732439,-1.2221,0.1347,
usa_NC_0038_0045,56.453,-75.500495,35.732854,-1.1562,0.1323,
usa_NC_0038_0046,56.502,-75.500672,35.733272,-1.0517,0.1279,
usa_NC_0038_0047,56.551,-75.500848,35.73369,-0.9891,0.13,
usa_NC_0038_0048,56.6,-75.501024,35.734107,-0.9345,0.1333,
usa_NC_0038_0049,56.649,-75.501201,35.734525,-0.8804,0.1312,
usa_NC_0038_0050,56.696,-75.501369,35.734926,-0.8542,0.1317,
usa_NC_0038_0051,56.743,-75.501532,35.735327,-0.8017,0.1321,
usa_NC_0038_0052,56.79,-75.501695,35.735729,-0.7289,0.1336,
usa_NC_0038_0053,56.837,-75.501858,35.73613,-0.632,0.1302,
usa_NC_0038_0054,56.884,-75.502021,35.736531,-0.5702,0.1259,
usa_NC_0038_0055,56.931,-75.502184,35.736933,-0.4905,0.1288,
usa_NC_0038_0056,56.978,-75.502349,35.737334,-0.4571,0.1279,
usa_NC_0038_0057,57.025,-75.502514,35.737735,-0.418,0.1232,
usa_NC_0038_0058,57.072,-75.502667,35.73814,-0.4208,0.1242,
usa_NC_0038_0059,57.119,-75.502817,35.738546,-0.4102,0.1275,
usa_NC_0038_0060,57.165,-75.502966,35.738952,-0.4535,0.1283,
usa_NC_0038_0061,57.212,-75.503116,35.739358,-0.4936,0.1307,
usa_NC_0038_0062,57.259,-75.503265,35.739765,-0.5813,0.1364,
usa_NC_0038_0063,57.306,-75.503402,35.740176,-0.5988,0.1365,
usa_NC_0038_0064,57.353,-75.503575,35.740575,-0.6004,0.1367,
usa_NC_0038_0065,57.401,-75.503762,35.740977,-0.606,0.1365,
usa_NC_0038_0066,57.449,-75.503948,35.741383,-0.6479,0.1372,
usa_NC_0038_0067,57.497,-75.50405,35.741823,-0.658,0.137,
usa_NC_0038_0068,57.546,-75.503991,35.74232,-0.6677,0.1348,
usa_NC_0038_0069,57.595,-75.504032,35.742784,-0.7034,0.1297,
usa_NC_0038_0070,57.644,-75.504262,35.743184,-0.7844,0.1316,
usa_NC_0038_0071,57.693,-75.504465,35.743594,-0.8927,0.1306,
usa_NC_0038_0072,57.742,-75.50474,35.743979,-0.9992,0.1321,
usa_NC_0038_0073,57.791,-75.505019,35.744362,-1.0854,0.1283,
usa_NC_0038_0074,57.84,-75.505634,35.74463,-1.1328,0.1256,
usa_NC_0038_0075,57.889,-75.50584,35.745037,-1.182,0.1233,
usa_NC_0038_0076,57.938,-75.506054,35.745441,-1.2107,0.1217,
usa_NC_0038_0077,57.987,-75.506269,35.745846,-1.2302,0.1186,
usa_NC_0038_0078,58.036,-75.506484,35.74625,-1.2198,0.1234,
usa_NC_0038_0079,58.085,-75.506699,35.746654,-1.2015,0.1209,
usa_NC_0038_0080,58.134,-75.506914,35.747059,-1.1636,0.1239,
usa_NC_0038_0081,58.182,-75.507129,35.747463,-1.0866,0.126,
usa_NC_0038_0082,58.231,-75.507342,35.747869,-1.0458,0.1295,
usa_NC_0038_0083,58.28,-75.507554,35.748274,-0.9869,0.133,
usa_NC_0038_0084,58.329,-75.507766,35.748677,-0.9195,0.1344,
usa_NC_0038_0085,58.377,-75.507974,35.749074,-0.8447,0.1352,
usa_NC_0038_0086,58.425,-75.508182,35.749471,-0.7094,0.1342,
usa_NC_0038_0087,58.473,-75.508395,35.749867,-0.6435,0.1357,
usa_NC_0038_0088,58.52,-75.508609,35.750262,-0.6107,0.1387,
usa_NC_0038_0089,58.568,-75.508823,35.750658,-0.5855,0.1421,
usa_NC_0038_0090,58.616,-75.509037,35.751053,-0.5977,0.1455,
usa_NC_0038_0091,58.664,-75.509251,35.751449,-0.6294,0.1497,
usa_NC_0038_0092,58.712,-75.509463,35.751846,-0.6361,0.1514,
usa_NC_0038_0093,58.76,-75.509671,35.752245,-0.6829,0.158,
usa_NC_0038_0094,58.808,-75.50988,35.752643,-0.6885,0.1616,
usa_NC_0038_0095,58.856,-75.510088,35.753042,-0.6249,0.1639,
usa_NC_0038_0096,58.904,-75.510306,35.753437,-0.6142,0.1606,
usa_NC_0038_0097,58.952,-75.51053,35.75383,-0.6292,0.1616,
usa_NC_0038_0098,59.0,-75.510754,35.754222,-0.683,0.1621,
usa_NC_0038_0099,59.048,-75.510991,35.75461,-0.681,0.1587,
usa_NC_0038_0100,59.098,-75.511247,35.755008,-0.6836,0.1581,
usa_NC_0038_0101,59.148,-75.511508,35.755406,-0.656,0.1544,
usa_NC_0038_0102,59.198,-75.51179,35.755795,-0.6878,0.1629,
usa_NC_0038_0103,59.248,-75.512101,35.756173,-0.7143,0.1655,
usa_NC_0038_0104,59.298,-75.512423,35.756546,-0.7368,0.1689,
usa_NC_0038_0105,59.348,-75.512746,35.756919,-0.7317,0.1669,
usa_NC_0038_0106,59.398,-75.513068,35.757292,-0.6506,0.1681,
usa_NC_0038_0107,59.448,-75.513398,35.757662,-0.5293,0.165,
usa_NC_0038_0108,59.498,-75.513729,35.758032,-0.4301,0.166,
usa_NC_0038_0109,59.548,-75.51406,35.758401,-0.3751,0.1703,
usa_NC_0038_0110,59.598,-75.514392,35.758771,-0.3137,0.1759,
usa_NC_0038_0111,59.648,-75.514723,35.759141,-0.2456,0.178,
usa_NC_0038_0112,59.698,-75.515051,35.759513,-0.1671,0.1789,
usa_NC_0038_0113,59.748,-75.515378,35.759884,-0.1355,0.1811,
usa_NC_0038_0114,59.798,-75.515706,35.760255,-0.0944,0.1837,
usa_NC_0038_0115,59.848,-75.516034,35.760627,-0.031,0.1857,
usa_NC_0038_0116,59.898,-75.516362,35.760998,0.062,0.1939,
usa_NC_0038_0117,59.948,-75.516684,35.761364,0.1298,0.1987,
usa_NC_0038_0118,59.997,-75.517,35.761729,0.2197,0.1981,within_2_km_of_oregon_inlet
usa_NC_0038_0119,60.046,-75.517316,35.762093,0.1865,0.1936,within_2_km_of_oregon_inlet
usa_NC_0038_0120,60.095,-75.517633,35.762459,0.2132,0.1929,within_2_km_of_oregon_inlet
usa_NC_0038_0121,60.144,-75.517954,35.762822,0.2717,0.1968,within_2_km_of_oregon_inlet
usa_NC_0038_0122,60.193,-75.518284,35.763182,0.324,0.1957,within_2_km_of_oregon_inlet
usa_NC_0038_0123,60.242,-75.518613,35.763542,0.4417,0.1979,within_2_km_of_oregon_inlet
usa_NC_0038_0124,60.291,-75.518943,35.763902,0.5332,0.1933,within_2_km_of_oregon_inlet
usa_NC_0038_0125,60.34,-75.519315,35.764243,0.6316,0.1967,within_2_km_of_oregon_inlet
usa_NC_0038_0126,60.389,-75.519709,35.764576,0.7118,0.1903,within_2_km_of_oregon_inlet
usa_NC_0038_0127,60.438,-75.520123,35.7649,0.8057,0.193,within_2_km_of_oregon_inlet
usa_NC_0038_0128,60.487,-75.520658,35.765174,0.9035,0.2026,within_2_km_of_oregon_inlet
usa_NC_0038_0129,60.535,-75.520754,35.765629,1.0259,0.2044,within_2_km_of_oregon_inlet
usa_NC_0038_0130,60.584,-75.521095,35.765982,1.2207,0.2058,within_2_km_of_oregon_inlet
usa_NC_0038_0131,60.633,-75.521447,35.766331,1.4161,0.2101,within_2_km_of_oregon_inlet
usa_NC_0038_0132,60.682,-75.521817,35.766672,1.5644,0.2165,within_2_km_of_oregon_inlet
usa_NC_0038_0133,60.731,-75.522189,35.767012,1.7174,0.2271,within_2_km_of_oregon_inlet
usa_NC_0038_0134,60.78,-75.522637,35.767324,1.9158,0.2323,within_2_km_of_oregon_inlet
usa_NC_0038_0135,60.831,-75.523616,35.767421,2.1382,0.2443,within_2_km_of_oregon_inlet
usa_NC_0038_0136,60.881,-75.523669,35.767908,2.2686,0.2603,within_2_km_of_oregon_inlet
usa_NC_0038_0137,60.931,-75.524186,35.7682,2.3933,0.2833,within_2_km_of_oregon_inlet
usa_NC_0038_0138,60.981,-75.524675,35.768503,2.123,0.3031,within_2_km_of_oregon_inlet
usa_NC_0038_0139,61.031,-75.525241,35.768775,2.1246,0.3248,within_2_km_of_oregon_inlet
usa_NC_0038_0140,61.082,-75.526031,35.768952,2.3843,0.3541,within_2_km_of_oregon_inlet
usa_NC_0038_0141,61.132,-75.526545,35.769245,1.6289,0.3364,within_2_km_of_oregon_inlet
usa_NC_0038_0142,61.182,-75.526753,35.769667,1.4218,0.3433,within_2_km_of_oregon_inlet
usa_NC_0038_0143,61.232,-75.526715,35.770192,0.9366,0.3333,within_2_km_of_oregon_inlet
usa_NC_0038_0144,61.282,-75.526731,35.770694,0.6389,0.3254,within_2_km_of_oregon_inlet
usa_NC_0038_0145,61.333,-75.527186,35.771012,0.5602,0.3321,within_2_km_of_oregon_inlet
usa_NC_0038_0146,61.383,-75.527292,35.771477,0.7864,0.32,within_2_km_of_oregon_inlet
usa_NC_0038_0147,61.433,-75.527649,35.771836,1.3224,0.3129,within_2_km_of_oregon_inlet
usa_NC_0039_0001,62.487,-75.537186,35.778536,-15.0018,1.2504,within_2_km_of_oregon_inlet
usa_NC_0039_0002,62.536,-75.536945,35.779131,-13.9327,1.213,within_2_km_of_oregon_inlet
usa_NC_0039_0003,62.585,-75.537079,35.779569,-12.1777,1.0831,within_2_km_of_oregon_inlet
usa_NC_0039_0004,62.633,-75.53751,35.779882,-10.2651,1.0722,within_2_km_of_oregon_inlet
usa_NC_0039_0005,62.682,-75.538952,35.779773,-10.5143,0.8537,within_2_km_of_oregon_inlet
usa_NC_0039_0006,62.731,-75.538841,35.780312,-10.2526,0.811,within_2_km_of_oregon_inlet
usa_NC_0039_0007,62.779,-75.538822,35.780814,-10.6153,0.6692,within_2_km_of_oregon_inlet
usa_NC_0039_0008,62.828,-75.539005,35.781231,-10.6335,0.5996,within_2_km_of_oregon_inlet
usa_NC_0039_0009,62.877,-75.538937,35.781754,-11.159,0.5105,within_2_km_of_oregon_inlet
usa_NC_0039_0010,62.925,-75.539211,35.782133,-9.9078,0.5611,within_2_km_of_oregon_inlet
usa_NC_0039_0011,62.974,-75.53914,35.782658,-9.0446,0.5798,within_2_km_of_oregon_inlet
usa_NC_0039_0012,63.023,-75.538912,35.78325,-8.0136,0.4931,within_2_km_of_oregon_inlet
usa_NC_0039_0013,63.072,-75.538376,35.783974,-6.9737,0.4481,within_2_km_of_oregon_inlet
usa_NC_0039_0014,63.121,-75.538141,35.78457,-6.8578,0.4204,within_2_km_of_oregon_inlet
usa_NC_0039_0015,63.169,-75.53802,35.78512,-6.2995,0.4368,within_2_km_of_oregon_inlet
usa_NC_0039_0016,63.218,-75.538744,35.785308,-5.6174,0.4698,within_2_km_of_oregon_inlet
usa_NC_0039_0017,63.267,-75.538586,35.785873,-5.116,0.4724,within_2_km_of_oregon_inlet
usa_NC_0039_0018,63.316,-75.538182,35.786545,-5.0985,0.4487,within_2_km_of_oregon_inlet
usa_NC_0039_0019,63.365,-75.538022,35.787113,-5.0313,0.4019,within_2_km_of_oregon_inlet
usa_NC_0039_0020,63.414,-75.537845,35.787688,-4.4137,0.4325,within_2_km_of_oregon_inlet
usa_NC_0039_0021,63.463,-75.537582,35.788302,-6.1471,0.3012,within_2_km_of_oregon_inlet
usa_NC_0039_0022,63.512,-75.537526,35.788827,-5.4528,0.3218,within_2_km_of_oregon_inlet
usa_NC_0039_0023,63.561,-75.537386,35.789389,-5.0324,0.3172,within_2_km_of_oregon_inlet
usa_NC_0039_0024,63.611,-75.537266,35.789951,-4.8721,0.3106,within_2_km_of_oregon_inlet
usa_NC_0039_0025,63.662,-75.537372,35.790423,-4.4955,0.311,within_2_km_of_oregon_inlet
usa_NC_0039_0026,63.712,-75.537546,35.790865,-4.1484,0.3261,within_2_km_of_oregon_inlet
usa_NC_0039_0027,63.763,-75.537826,35.791262,-3.57,0.3428,within_2_km_of_oregon_inlet
usa_NC_0039_0028,63.814,-75.538039,35.791687,-3.1198,0.349,within_2_km_of_oregon_inlet
usa_NC_0039_0029,63.865,-75.538312,35.792086,-2.6322,0.3669,within_2_km_of_oregon_inlet
usa_NC_0039_0030,63.915,-75.538519,35.792514,-2.1782,0.3926,within_2_km_of_oregon_inlet
usa_NC_0039_0031,63.966,-75.538617,35.792988,-1.7409,0.411,
usa_NC_0039_0032,64.017,-75.539207,35.793251,-1.3776,0.434,
usa_NC_0039_0033,64.067,-75.5393,35.793728,-1.1014,0.4539,
usa_NC_0039_0034,64.118,-75.539569,35.794129,-0.7744,0.466,
usa_NC_0039_0035,64.169,-75.539837,35.79453,-0.5982,0.4811,
usa_NC_0039_0036,64.219,-75.54002,35.794967,-0.6182,0.4895,
usa_NC_0039_0037,64.27,-75.540227,35.795392,-0.6574,0.4864,
usa_NC_0039_0038,64.32,-75.540427,35.79582,-0.7296,0.4829,
usa_NC_0039_0039,64.371,-75.540624,35.796249,-0.8461,0.4826,
usa_NC_0039_0040,64.421,-75.54082,35.796678,-1.052,0.4729,
usa_NC_0039_0041,64.471,-75.541014,35.797108,-1.1887,0.461,
usa_NC_0039_0042,64.522,-75.54134,35.797482,-1.2624,0.4529,
usa_NC_0039_0043,64.572,-75.542894,35.797339,-1.4937,0.4528,
usa_NC_0039_0044,64.623,-75.541802,35.798311,-1.6159,0.4419,
usa_NC_0039_0045,64.673,-75.541936,35.798766,-1.6667,0.4322,
usa_NC_0039_0046,64.723,-75.542149,35.799188,-1.9153,0.4209,
usa_NC_0039_0047,64.774,-75.542328,35.799624,-2.1985,0.4151,
usa_NC_0039_0048,64.825,-75.542532,35.800057,-2.4511,0.3991,
usa_NC_0039_0049,64.876,-75.542736,35.800492,-2.5767,0.3899,
usa_NC_0039_0050,64.928,-75.542949,35.800923,-2.8426,0.3732,
usa_NC_0039_0051,64.979,-75.543167,35.801351,-3.1818,0.3564,
usa_NC_0039_0052,65.03,-75.543393,35.801776,-3.8646,0.3324,
usa_NC_0039_0053,65.081,-75.54362,35.8022,-4.014,0.3095,
usa_NC_0039_0054,65.133,-75.543826,35.802634,-4.0822,0.2879,
usa_NC_0039_0055,65.184,-75.544045,35.803061,-4.0634,0.265,
usa_NC_0039_0056,65.235,-75.544271,35.803486,-4.0541,0.2484,
usa_NC_0039_0057,65.286,-75.544497,35.803911,-3.9853,0.2302,
usa_NC_0039_0058,65.338,-75.544722,35.804335,-3.9425,0.2145,
usa_NC_0039_0059,65.389,-75.544932,35.804767,-3.9214,0.2013,
usa_NC_0039_0060,65.44,-75.545132,35.805202,-3.846,0.1929,
usa_NC_0039_0061,65.492,-75.545332,35.805637,-3.7264,0.1865,
usa_NC_0039_0062,65.543,-75.545531,35.806071,-3.5844,0.1786,
usa_NC_0039_0063,65.594,-75.545739,35.806503,-3.416,0.1731,
usa_NC_0039_0064,65.645,-75.545966,35.806927,-3.3145,0.1709,
usa_NC_0039_0065,65.697,-75.546192,35.807351,-3.2847,0.1717,
usa_NC_0039_0066,65.748,-75.546417,35.807776,-3.231,0.1715,
usa_NC_0039_0067,65.799,-75.546624,35.808207,-3.1591,0.1745,
usa_NC_0039_0068,65.85,-75.546808,35.808648,-3.0783,0.1741,
usa_NC_0039_0069,65.902,-75.547016,35.809078,-2.9899,0.1735,
usa_NC_0039_0070,65.953,-75.5472,35.809519,-2.9504,0.1796,
usa_NC_0039_0071,66.004,-75.547377,35.809961,-2.8943,0.1807,
usa_NC_0039_0072,66.055,-75.547566,35.810399,-2.8649,0.1825,
usa_NC_0039_0073,66.106,-75.547795,35.81082,-2.7935,0.185,
usa_NC_0039_0074,66.157,-75.548071,35.811216,-2.7274,0.1854,
usa_NC_0039_0075,66.206,-75.548334,35.811611,-2.6658,0.1853,
usa_NC_0039_0076,66.256,-75.548554,35.812023,-2.5469,0.1836,
usa_NC_0039_0077,66.306,-75.54876,35.81244,-2.4415,0.179,
usa_NC_0039_0078,66.356,-75.548961,35.812859,-2.3225,0.1744,
usa_NC_0039_0079,66.405,-75.549099,35.813302,-2.2086,0.1667,
usa_NC_0039_0080,66.455,-75.549263,35.813735,-2.0745,0.1579,
usa_NC_0039_0081,66.505,-75.54944,35.814163,-1.9718,0.1486,
usa_NC_0039_0082,66.555,-75.549628,35.814587,-1.8792,0.1428,
usa_NC_0039_0083,66.605,-75.549804,35.815016,-1.8322,0.137,
usa_NC_0039_0084,66.654,-75.550003,35.815436,-1.7758,0.1352,
usa_NC_0039_0085,66.704,-75.550203,35.815855,-1.804,0.131,
usa_NC_0039_0086,66.754,-75.550438,35.816261,-1.7947,0.1307,
usa_NC_0039_0087,66.804,-75.550663,35.816671,-1.7378,0.1293,
usa_NC_0039_0088,66.854,-75.550851,35.817095,-1.6875,0.1298,
usa_NC_0039_0089,66.903,-75.551023,35.817525,-1.6109,0.1301,
usa_NC_0039_0090,66.953,-75.551196,35.817955,-1.5786,0.1263,
usa_NC_0039_0091,67.003,-75.55137,35.818385,-1.5133,0.1226,
usa_NC_0039_0092,67.053,-75.551545,35.818814,-1.4982,0.1197,
usa_NC_0039_0093,67.102,-75.551732,35.819239,-1.5288,0.1178,
usa_NC_0039_0094,67.152,-75.551919,35.819664,-1.4881,0.1178,
usa_NC_0039_0095,67.202,-75.552112,35.820086,-1.4651,0.117,
usa_NC_0039_0096,67.252,-75.552305,35.820508,-1.3893,0.1163,
usa_NC_0039_0097,67.302,-75.552499,35.820931,-1.3086,0.1167,
usa_NC_0039_0098,67.352,-75.552658,35.821368,-1.2382,0.1164,
usa_NC_0039_0099,67.402,-75.55285,35.821793,-1.2413,0.1096,
usa_NC_0039_0100,67.452,-75.553041,35.822218,-1.212,0.1059,
usa_NC_0039_0101,67.502,-75.553231,35.822644,-1.1458,0.1023,
usa_NC_0039_0102,67.552,-75.553426,35.823067,-1.1293,0.1008,
usa_NC_0039_0103,67.602,-75.553656,35.823478,-1.06,0.1024,
usa_NC_0039_0104,67.652,-75.554694,35.823575,-1.035,0.1032,
usa_NC_0039_0105,67.702,-75.554901,35.823994,-0.9341,0.1012,
usa_NC_0039_0106,67.752,-75.554963,35.82447,-0.8762,0.0981,
usa_NC_0039_0107,67.802,-75.555173,35.824887,-0.8496,0.0933,
usa_NC_0039_0108,67.852,-75.554899,35.825493,-0.7789,0.0946,
usa_NC_0039_0109,67.902,-75.55489,35.825996,-0.7442,0.093,
usa_NC_0039_0110,67.952,-75.555026,35.826442,-0.694,0.0942,
usa_NC_0039_0111,68.002,-75.555188,35.826879,-0.6605,0.0941,
usa_NC_0039_0112,68.052,-75.555387,35.827301,-0.5637,0.0947,
usa_NC_0039_0113,68.102,-75.555545,35.82774,-0.5311,0.0947,
usa_NC_0039_0114,68.152,-75.555754,35.828158,-0.4385,0.096,
usa_NC_0039_0115,68.202,-75.555937,35.828586,-0.4349,0.0923,
usa_NC_0039_0116,68.252,-75.556158,35.829,-0.4,0.0949,
usa_NC_0039_0117,68.302,-75.556346,35.829427,-0.3702,0.0932,
usa_NC_0039_0118,68.352,-75.556492,35.829869,-0.3676,0.0945,
usa_NC_0039_0119,68.402,-75.556758,35.830266,-0.3488,0.0931,
usa_NC_0039_0120,68.452,-75.55695,35.830691,-0.3528,0.0941,
usa_NC_0039_0121,68.502,-75.557077,35.831141,-0.3115,0.0961,
usa_NC_0039_0122,68.552,-75.55754,35.831461,-0.3352,0.0912,
usa_NC_0039_0123,68.602,-75.557504,35.831975,-0.3448,0.0923,
usa_NC_0039_0124,68.652,-75.557686,35.832406,-0.3791,0.0868,
usa_NC_0039_0125,68.703,-75.557822,35.832853,-0.3949,0.091,
usa_NC_0039_0126,68.753,-75.557955,35.833303,-0.3922,0.0904,
usa_NC_0039_0127,68.803,-75.558141,35.833731,-0.3892,0.0914,
usa_NC_0039_0128,68.853,-75.558307,35.834167,-0.3638,0.094,
usa_NC_0039_0129,68.903,-75.558463,35.834607,-0.3878,0.1003,
usa_NC_0039_0130,68.953,-75.55868,35.835023,-0.3985,0.1018,
usa_NC_0039_0131,69.003,-75.558844,35.835461,-0.4427,0.1,
usa_NC_0039_0132,69.054,-75.559022,35.835894,-0.4223,0.0981,
usa_NC_0039_0133,69.104,-75.559351,35.83627,-0.4093,0.0981,
usa_NC_0039_0134,69.155,-75.559383,35.83676,-0.3794,0.0942,
usa_NC_0039_0135,69.205,-75.559562,35.837193,-0.4129,0.0912,
usa_NC_0039_0136,69.255,-75.55981,35.837599,-0.469,0.091,
usa_NC_0039_0137,69.306,-75.559962,35.838043,-0.5312,0.0863,
usa_NC_0039_0138,69.356,-75.560507,35.838337,-0.6003,0.0882,
usa_NC_0039_0139,69.406,-75.560781,35.838734,-0.6223,0.0869,
usa_NC_0039_0140,69.457,-75.560585,35.839309,-0.6578,0.0907,
usa_NC_0039_0141,69.507,-75.560726,35.839756,-0.6778,0.0893,
usa_NC_0039_0142,69.557,-75.560901,35.84019,-0.7482,0.0893,
usa_NC_0039_0143,69.608,-75.5612,35.840577,-0.8119,0.0911,
usa_NC_0039_0144,69.658,-75.561468,35.840977,-0.8583,0.0897,
usa_NC_0039_0145,69.708,-75.561402,35.841501,-0.8607,0.09,
usa_NC_0039_0146,69.759,-75.56162,35.841919,-0.9109,0.0912,
usa_NC_0039_0147,69.809,-75.561836,35.842337,-0.9064,0.0928,
usa_NC_0039_0148,69.859,-75.562024,35.842765,-0.9394,0.09,
usa_NC_0039_0149,69.909,-75.56228,35.843167,-0.9903,0.0898,
usa_NC_0039_0150,69.96,-75.562411,35.843616,-0.9886,0.0907,
usa_NC_0039_0151,70.01,-75.562636,35.84403,-0.9522,0.0899,
usa_NC_0039_0152,70.06,-75.562771,35.844478,-0.8977,0.0901,
usa_NC_0039_0153,70.11,-75.56315,35.844835,-0.8798,0.0903,
usa_NC_0039_0154,70.161,-75.563152,35.845332,-0.8724,0.0899,
usa_NC_0039_0155,70.211,-75.563326,35.845765,-0.8436,0.0902,
usa_NC_0039_0156,70.261,-75.563477,35.846207,-0.8427,0.0903,
usa_NC_0039_0157,70.311,-75.563772,35.846596,-0.7453,0.0912,
usa_NC_0039_0158,70.362,-75.563818,35.847076,-0.7168,0.0896,
usa_NC_0039_0159,70.412,-75.56399,35.84751,-0.6673,0.0937,
usa_NC_0039_0160,70.462,-75.564246,35.847913,-0.6894,0.0973,
usa_NC_0039_0161,70.512,-75.564413,35.848348,-0.657,0.1009,
usa_NC_0039_0162,70.563,-75.564636,35.848763,-0.6601,0.1045,
usa_NC_0039_0163,70.613,-75.564814,35.849196,-0.6305,0.1083,
usa_NC_0039_0164,70.663,-75.564977,35.849634,-0.6441,0.1113,
usa_NC_0039_0165,70.714,-75.565185,35.850057,-0.5598,0.113,
usa_NC_0040_0001,70.764,-75.565288,35.850517,-0.5584,0.1124,
usa_NC_0040_0002,70.814,-75.565621,35.850894,-0.5429,0.1155,
usa_NC_0040_0003,70.865,-75.565711,35.851358,-0.5462,0.1088,
usa_NC_0040_0004,70.915,-75.565886,35.851792,-0.5053,0.1065,
usa_NC_0040_0005,70.966,-75.566146,35.852195,-0.4667,0.1117,
usa_NC_0040_0006,71.016,-75.566312,35.852632,-0.4358,0.1087,
usa_NC_0040_0007,71.067,-75.566519,35.853055,-0.4099,0.1131,
usa_NC_0040_0008,71.117,-75.566639,35.853508,-0.4004,0.1176,
usa_NC_0040_0009,71.167,-75.566911,35.853907,-0.395,0.1129,
usa_NC_0040_0010,71.218,-75.567082,35.854341,-0.3722,0.106,
usa_NC_0040_0011,71.268,-75.567233,35.854783,-0.289,0.1101,
usa_NC_0040_0012,71.318,-75.567525,35.855175,-0.2193,0.111,
usa_NC_0040_0013,71.369,-75.567622,35.855636,-0.2071,0.1076,
usa_NC_0040_0014,71.419,-75.567513,35.856167,-0.1635,0.1118,
usa_NC_0040_0015,71.47,-75.56786,35.85654,-0.1486,0.1209,
usa_NC_0040_0016,71.52,-75.56819,35.85692,-0.0997,0.122,
usa_NC_0040_0017,71.57,-75.568177,35.857415,-0.0121,0.1249,
usa_NC_0040_0018,71.62,-75.568502,35.857793,0.0492,0.1243,
usa_NC_0040_0019,71.67,-75.568759,35.858195,0.1053,0.1296,
usa_NC_0040_0020,71.72,-75.568793,35.858673,0.1706,0.1319,
usa_NC_0040_0021,71.77,-75.56935,35.858971,0.2097,0.1314,
usa_NC_0040_0022,71.82,-75.569387,35.859448,0.2971,0.1295,
usa_NC_0040_0023,71.87,-75.5695,35.859899,0.3625,0.1315,
usa_NC_0040_0024,71.92,-75.569729,35.86031,0.3992,0.1305,
usa_NC_0040_0025,71.97,-75.569984,35.860712,0.4603,0.1322,
usa_NC_0040_0026,72.02,-75.570171,35.861138,0.4777,0.1346,
usa_NC_0040_0027,72.07,-75.57045,35.861532,0.5074,0.1309,
usa_NC_0040_0028,72.121,-75.570634,35.861958,0.5442,0.133,
usa_NC_0040_0029,72.171,-75.570779,35.862398,0.578,0.1395,
usa_NC_0040_0030,72.221,-75.570951,35.862829,0.5928,0.1391,
usa_NC_0040_0031,72.271,-75.571068,35.863278,0.5473,0.1405,
usa_NC_0040_0032,72.321,-75.57139,35.863658,0.5558,0.1452,
usa_NC_0040_0033,72.371,-75.571648,35.864059,0.5121,0.1462,
usa_NC_0040_0034,72.421,-75.571843,35.864481,0.429,0.1444,
usa_NC_0040_0035,72.471,-75.571925,35.864943,0.4212,0.1472,
usa_NC_0040_0036,72.521,-75.572108,35.86537,0.4525,0.1452,
usa_NC_0040_0037,72.571,-75.572356,35.865774,0.4723,0.1456,
usa_NC_0040_0038,72.621,-75.572704,35.866144,0.4968,0.1447,
usa_NC_0040_0039,72.671,-75.572879,35.866575,0.5404,0.148,
usa_NC_0040_0040,72.721,-75.573161,35.86697,0.5703,0.153,
usa_NC_0040_0041,72.772,-75.573283,35.86742,0.575,0.1549,
usa_NC_0040_0042,72.822,-75.57346,35.86785,0.6012,0.1514,
usa_NC_0040_0043,72.872,-75.573621,35.868287,0.6169,0.1513,
usa_NC_0040_0044,72.922,-75.573811,35.868713,0.6349,0.1507,
usa_NC_0040_0045,72.973,-75.573982,35.869145,0.6598,0.1504,
usa_NC_0040_0046,73.023,-75.574252,35.869544,0.6921,0.1501,
usa_NC_0040_0047,73.073,-75.574491,35.869954,0.6941,0.1485,
usa_NC_0040_0048,73.123,-75.574679,35.870379,0.6666,0.1485,
usa_NC_0040_0049,73.173,-75.575113,35.870722,0.6041,0.1458,
usa_NC_0040_0050,73.223,-75.575395,35.871116,0.6127,0.1467,
usa_NC_0040_0051,73.273,-75.575474,35.871578,0.5808,0.1464,
usa_NC_0040_0052,73.323,-75.575669,35.872001,0.5305,0.1417,
usa_NC_0040_0053,73.374,-75.575896,35.872413,0.4952,0.1414,
usa_NC_0040_0054,73.424,-75.576087,35.872837,0.4687,0.14,
usa_NC_0040_0055,73.474,-75.57633,35.873243,0.4182,0.141,
usa_NC_0040_0056,73.524,-75.576553,35.873655,0.3482,0.1437,
usa_NC_0040_0057,73.573,-75.576842,35.874045,0.3144,0.1434,
usa_NC_0040_0058,73.623,-75.576939,35.8745,0.2922,0.1393,
usa_NC_0040_0059,73.673,-75.577277,35.874874,0.2397,0.1336,
usa_NC_0040_0060,73.723,-75.577405,35.875318,0.2114,0.132,
usa_NC_0040_0061,73.773,-75.577725,35.875697,0.2262,0.1269,
usa_NC_0040_0062,73.823,-75.577942,35.876112,0.2012,0.1259,
usa_NC_0040_0063,73.873,-75.578143,35.876531,0.2165,0.1252,
usa_NC_0040_0064,73.923,-75.578431,35.876922,0.2336,0.126,
usa_NC_0040_0065,73.973,-75.578566,35.877364,0.2808,0.1227,
usa_NC_0040_0066,74.023,-75.579112,35.877667,0.3043,0.1216,
usa_NC_0040_0067,74.073,-75.579144,35.878144,0.3064,0.1178,
usa_NC_0040_0068,74.123,-75.579339,35.878568,0.3486,0.1192,
usa_NC_0040_0069,74.173,-75.579458,35.879011,0.3855,0.1174,
usa_NC_0040_0070,74.222,-75.579738,35.8794,0.4334,0.1164,
usa_NC_0040_0071,74.272,-75.57984,35.879849,0.459,0.118,
usa_NC_0040_0072,74.321,-75.580166,35.880222,0.5014,0.1194,
usa_NC_0040_0073,74.371,-75.580311,35.880657,0.5641,0.1187,
usa_NC_0040_0074,74.42,-75.580641,35.881028,0.609,0.1207,
usa_NC_0040_0075,74.47,-75.5808,35.881458,0.6401,0.1219,
usa_NC_0040_0076,74.519,-75.581338,35.881757,0.6453,0.1235,
usa_NC_0040_0077,74.569,-75.581199,35.88229,0.6468,0.1232,
usa_NC_0040_0078,74.618,-75.581373,35.882715,0.6287,0.1211,
usa_NC_0040_0079,74.668,-75.581561,35.883135,0.6072,0.1211,
usa_NC_0040_0080,74.717,-75.581796,35.88354,0.6383,0.1162,
usa_NC_0040_0081,74.767,-75.581996,35.883957,0.6631,0.1164,
usa_NC_0040_0082,74.817,-75.58222,35.884366,0.6948,0.1151,
usa_NC_0040_0083,74.866,-75.582456,35.88477,0.7326,0.1133,
usa_NC_0040_0084,74.916,-75.582189,35.885353,0.7607,0.1115,
usa_NC_0040_0085,74.966,-75.582966,35.885566,0.7298,0.1103,
usa_NC_0040_0086,75.015,-75.583114,35.886001,0.7718,0.1095,
usa_NC_0040_0087,75.065,-75.583265,35.886436,0.7399,0.1084,
usa_NC_0040_0088,75.115,-75.583521,35.886833,0.7224,0.1112,
usa_NC_0040_0089,75.164,-75.583904,35.887182,0.6865,0.1082,
usa_NC_0040_0090,75.213,-75.584103,35.887597,0.6699,0.1105,
usa_NC_0040_0091,75.263,-75.584254,35.888029,0.7013,0.1141,
usa_NC_0040_0092,75.312,-75.584545,35.88841,0.6947,0.1139,
usa_NC_0040_0093,75.361,-75.584753,35.888822,0.7165,0.1172,
usa_NC_0040_0094,75.411,-75.584973,35.889229,0.7669,0.1175,
usa_NC_0040_0095,75.46,-75.585162,35.889647,0.7572,0.1196,
usa_NC_0040_0096,75.509,-75.585366,35.89006,0.7445,0.1186,
usa_NC_0040_0097,75.558,-75.585673,35.890435,0.7701,0.119,
usa_NC_0040_0098,75.608,-75.58593,35.890828,0.7728,0.1173,
usa_NC_0040_0099,75.657,-75.585991,35.891295,0.7825,0.1176,
usa_NC_0040_0100,75.706,-75.586296,35.89167,0.798,0.1241,
usa_NC_0040_0101,75.756,-75.586476,35.892093,0.8293,0.1211,
usa_NC_0040_0102,75.805,-75.586727,35.892489,0.8311,0.1187,
usa_NC_0040_0103,75.855,-75.586975,35.892886,0.8353,0.1182,
usa_NC_0040_0104,75.904,-75.587136,35.893316,0.8358,0.1127,
usa_NC_0040_0105,75.953,-75.587295,35.893749,0.8524,0.1146,
usa_NC_0040_0106,76.003,-75.587775,35.894058,0.8406,0.1126,
usa_NC_0040_0107,76.053,-75.587815,35.894537,0.819,0.1084,
usa_NC_0040_0108,76.102,-75.588095,35.894924,0.7969,0.1055,
usa_NC_0040_0109,76.152,-75.588222,35.895372,0.7857,0.1053,
usa_NC_0040_0110,76.202,-75.5885,35.89576,0.7826,0.1076,
usa_NC_0040_0111,76.251,-75.588732,35.896167,0.7743,0.1035,
usa_NC_0040_0112,76.301,-75.589103,35.896518,0.735,0.0988,
usa_NC_0040_0113,76.351,-75.589148,35.896998,0.7164,0.0977,
usa_NC_0040_0114,76.4,-75.589442,35.897381,0.7331,0.0977,
usa_NC_0040_0115,76.45,-75.5896,35.897816,0.7068,0.097,
usa_NC_0040_0116,76.5,-75.589832,35.898223,0.713,0.0969,
usa_NC_0040_0117,76.549,-75.590179,35.898584,0.7093,0.0963,
usa_NC_0040_0118,76.599,-75.590313,35.899029,0.6873,0.0966,
usa_NC_0040_0119,76.649,-75.590573,35.89943,0.6946,0.0979,
usa_NC_0040_0120,76.7,-75.590753,35.899862,0.664,0.0984,
usa_NC_0040_0121,76.75,-75.590987,35.900273,0.6778,0.0997,
usa_NC_0040_0122,76.8,-75.591251,35.900673,0.6944,0.1032,
usa_NC_0040_0123,76.85,-75.591464,35.901092,0.6971,0.1041,
usa_NC_0040_0124,76.901,-75.591638,35.901527,0.7082,0.1052,
usa_NC_0040_0125,76.951,-75.592036,35.901873,0.7291,0.1047,
usa_NC_0040_0126,77.001,-75.592142,35.902334,0.7196,0.1056,
usa_NC_0040_0127,77.051,-75.592396,35.902737,0.7439,0.1049,
usa_NC_0040_0128,77.101,-75.592541,35.903183,0.7933,0.1046,
usa_NC_0040_0129,77.152,-75.592757,35.903601,0.8259,0.1037,
usa_NC_0040_0130,77.202,-75.592951,35.904026,0.8887,0.1076,
usa_NC_0040_0131,77.252,-75.593136,35.904456,0.9335,0.1153,
usa_NC_0040_0132,77.302,-75.593375,35.904863,0.9486,0.1137,
usa_NC_0040_0133,77.352,-75.593756,35.905216,0.9804,0.1149,
usa_NC_0040_0134,77.402,-75.593918,35.905654,1.0211,0.1148,
usa_NC_0040_0135,77.452,-75.594299,35.906006,1.0521,0.1131,
usa_NC_0040_0136,77.503,-75.594264,35.906523,1.0731,0.1152,
usa_NC_0040_0137,77.553,-75.594505,35.906932,1.0809,0.118,
usa_NC_0040_0138,77.603,-75.594864,35.907295,1.1139,0.1165,
usa_NC_0040_0139,77.654,-75.594967,35.907757,1.1261,0.1146,
usa_NC_0040_0140,77.704,-75.595218,35.908162,1.1557,0.1121,
usa_NC_0040_0141,77.754,-75.595412,35.908589,1.1345,0.1107,
usa_NC_0040_0142,77.804,-75.595577,35.909027,1.1112,0.1061,
usa_NC_0040_0143,77.855,-75.595838,35.909429,1.1585,0.1046,
usa_NC_0040_0144,77.905,-75.595288,35.910138,0.99,0.0996,
usa_NC_0040_0145,77.955,-75.596299,35.910255,0.764,0.0904,
usa_NC_0040_0146,78.006,-75.596802,35.910565,0.8876,0.0896,
usa_NC_0040_0147,78.056,-75.596756,35.911082,0.7993,0.0897,
usa_NC_0040_0148,78.106,-75.596998,35.91149,0.7647,0.0893,
usa_NC_0040_0149,78.156,-75.597196,35.911915,0.7996,0.0895,
usa_NC_0040_0150,78.207,-75.597538,35.912286,0.8604,0.0917,
usa_NC_0040_0151,78.257,-75.597857,35.912666,0.8977,0.0932,
usa_NC_0040_0152,78.307,-75.598469,35.912938,0.9129,0.0957,
usa_NC_0040_0153,78.358,-75.598606,35.913386,0.9401,0.0958,
usa_NC_0040_0154,78.408,-75.598586,35.913891,0.9538,0.0976,
usa_NC_0040_0155,78.458,-75.598612,35.914379,0.958,0.1,
usa_NC_0040_0156,78.509,-75.598958,35.91475,0.9436,0.0995,
usa_NC_0040_0157,78.559,-75.598991,35.915234,0.9373,0.0985,
usa_NC_0040_0158,78.609,-75.599287,35.915619,0.9646,0.1001,
usa_NC_0040_0159,78.659,-75.59953,35.916023,0.9801,0.0965,
usa_NC_0040_0160,78.708,-75.599801,35.916417,0.9649,0.0959,
usa_NC_0040_0161,78.758,-75.600015,35.916831,0.9544,0.095,
usa_NC_0040_0162,78.808,-75.60021,35.917253,0.9358,0.0933,
usa_NC_0040_0163,78.858,-75.600522,35.917631,0.8978,0.0931,
usa_NC_0040_0164,78.908,-75.600698,35.91806,0.8999,0.0944,
usa_NC_0040_0165,78.958,-75.601034,35.918429,0.8734,0.0907,
usa_NC_0040_0166,79.008,-75.601263,35.91884,0.8867,0.0863,
usa_NC_0040_0167,79.058,-75.601473,35.919257,0.8332,0.0854,
usa_NC_0040_0168,79.108,-75.601698,35.919669,0.8189,0.0851,
usa_NC_0040_0169,79.158,-75.601916,35.920083,0.7862,0.083,
usa_NC_0040_0170,79.208,-75.602189,35.920477,0.8078,0.0862,
usa_NC_0040_0171,79.258,-75.602343,35.920915,0.7823,0.086,
usa_NC_0040_0172,79.308,-75.602547,35.921335,0.734,0.0835,
usa_NC_0040_0173,79.358,-75.602786,35.921742,0.7049,0.0866,
usa_NC_0040_0174,79.408,-75.603003,35.922157,0.6965,0.088,
usa_NC_0040_0175,79.458,-75.603196,35.92258,0.6764,0.086,
usa_NC_0040_0176,79.508,-75.603452,35.922981,0.6909,0.0871,
usa_NC_0040_0177,79.558,-75.603729,35.923373,0.7038,0.0874,
usa_NC_0040_0178,79.608,-75.603922,35.923797,0.6851,0.0856,
usa_NC_0040_0179,79.658,-75.604137,35.924212,0.6942,0.0865,
usa_NC_0040_0180,79.708,-75.604387,35.924615,0.6827,0.0856,
usa_NC_0040_0181,79.758,-75.604592,35.925034,0.6941,0.0838,
usa_NC_0040_0182,79.808,-75.604841,35.925438,0.6911,0.0825,
usa_NC_0040_0183,79.857,-75.605091,35.92584,0.6223,0.082,
usa_NC_0040_0184,79.907,-75.605297,35.926258,0.6003,0.0784,
usa_NC_0040_0185,79.957,-75.605538,35.926664,0.5847,0.0767,
usa_NC_0040_0186,80.007,-75.6058,35.92706,0.5501,0.0755,
usa_NC_0040_0187,80.057,-75.606052,35.92746,0.5809,0.0769,
usa_NC_0040_0188,80.107,-75.606266,35.927873,0.6112,0.0746,
usa_NC_0040_0189,80.156,-75.606477,35.928288,0.5829,0.0757,
usa_NC_0040_0190,80.206,-75.606685,35.928705,0.5717,0.0755,
usa_NC_0040_0191,80.256,-75.606927,35.929108,0.6121,0.0761,
usa_NC_0040_0192,80.306,-75.607224,35.929491,0.6579,0.0746,
usa_NC_0040_0193,80.356,-75.607457,35.929902,0.684,0.0754,
usa_NC_0040_0194,80.406,-75.607684,35.930316,0.7157,0.0751,
usa_NC_0040_0195,80.456,-75.607844,35.930754,0.7351,0.0733,
usa_NC_0040_0196,80.507,-75.608074,35.931166,0.7097,0.073,
usa_NC_0040_0197,80.557,-75.608299,35.93158,0.688,0.0759,
usa_NC_0040_0198,80.607,-75.608529,35.931992,0.7138,0.0751,
usa_NC_0040_0199,80.657,-75.608807,35.932387,0.6845,0.074,
usa_NC_0040_0200,80.707,-75.609033,35.9328,0.7046,0.0761,
usa_NC_0040_0201,80.758,-75.609299,35.933199,0.7108,0.076,
usa_NC_0040_0202,80.808,-75.609535,35.933609,0.6698,0.0771,
usa_NC_0040_0203,80.858,-75.609729,35.934035,0.6893,0.0782,
usa_NC_0040_0204,80.908,-75.610011,35.934428,0.6803,0.0791,
usa_NC_0040_0205,80.959,-75.610251,35.934836,0.6698,0.0764,
usa_NC_0040_0206,81.009,-75.610449,35.93526,0.7258,0.0764,
usa_NC_0040_0207,81.059,-75.610695,35.935667,0.7718,0.0769,
usa_NC_0040_0208,81.11,-75.61092,35.936085,0.7995,0.0756,
usa_NC_0041_0001,81.16,-75.611272,35.936456,0.8167,0.0789,
usa_NC_0041_0002,81.211,-75.611397,35.93691,0.8253,0.0786,
usa_NC_0041_0003,81.261,-75.611646,35.937316,0.7927,0.0763,
usa_NC_0041_0004,81.311,-75.61199,35.937688,0.7464,0.0771,
usa_NC_0041_0005,81.361,-75.612151,35.938125,0.7518,0.079,
usa_NC_0041_0006,81.412,-75.612365,35.938543,0.7897,0.0783,
usa_NC_0041_0007,81.462,-75.61263,35.938943,0.7757,0.0782,
usa_NC_0041_0008,81.512,-75.612843,35.93936,0.8126,0.0824,
usa_NC_0041_0009,81.562,-75.613138,35.939748,0.858,0.0846,
usa_NC_0041_0010,81.612,-75.613317,35.940177,0.8754,0.0846,
usa_NC_0041_0011,81.662,-75.613538,35.940591,0.8505,0.0829,
usa_NC_0041_0012,81.712,-75.613773,35.941,0.8673,0.0847,
usa_NC_0041_0013,81.762,-75.614009,35.941409,0.8637,0.0852,
usa_NC_0041_0014,81.812,-75.614325,35.94179,0.8428,0.089,
usa_NC_0041_0015,81.862,-75.614539,35.942206,0.8505,0.092,
usa_NC_0041_0016,81.912,-75.614798,35.942607,0.8638,0.0916,
usa_NC_0041_0017,81.962,-75.615045,35.943012,0.8997,0.092,
usa_NC_0041_0018,82.013,-75.615205,35.943447,0.9058,0.0933,
usa_NC_0041_0019,82.063,-75.615428,35.943861,0.9142,0.0918,
usa_NC_0041_0020,82.113,-75.615829,35.944213,0.9212,0.0908,
usa_NC_0041_0021,82.163,-75.61596,35.944658,0.9046,0.0933,
usa_NC_0041_0022,82.213,-75.616174,35.945075,0.8846,0.0925,
usa_NC_0041_0023,82.263,-75.616349,35.945505,0.8893,0.091,
usa_NC_0041_0024,82.313,-75.616556,35.945924,0.8868,0.0901,
usa_NC_0041_0025,82.363,-75.616814,35.946325,0.8265,0.0896,
usa_NC_0041_0026,82.413,-75.617008,35.946749,0.7593,0.0882,
usa_NC_0041_0027,82.463,-75.6174,35.947104,0.6825,0.0823,
usa_NC_0041_0028,82.513,-75.617663,35.947504,0.6614,0.0833,
usa_NC_0041_0029,82.564,-75.617725,35.947974,0.624,0.0835,
usa_NC_0041_0030,82.614,-75.618003,35.948369,0.555,0.0799,
usa_NC_0041_0031,82.664,-75.618277,35.948765,0.5127,0.0808,
usa_NC_0041_0032,82.714,-75.618518,35.949173,0.5199,0.0798,
usa_NC_0041_0033,82.764,-75.618804,35.949565,0.4727,0.079,
usa_NC_0041_0034,82.814,-75.618946,35.950007,0.4414,0.0794,
usa_NC_0041_0035,82.864,-75.619105,35.950438,0.4442,0.0782,
usa_NC_0041_0036,82.913,-75.619346,35.950841,0.449,0.076,
usa_NC_0041_0037,82.963,-75.619772,35.95118,0.417,0.076,
usa_NC_0041_0038,83.013,-75.62015,35.951535,0.3794,0.0747,
usa_NC_0041_0039,83.062,-75.620259,35.951983,0.3748,0.0746,
usa_NC_0041_0040,83.112,-75.620263,35.952468,0.377,0.076,
usa_NC_0041_0041,83.161,-75.620541,35.952858,0.3822,0.0755,
usa_NC_0041_0042,83.211,-75.620788,35.953258,0.3767,0.0726,
usa_NC_0041_0043,83.261,-75.620974,35.95368,0.3417,0.0725,
usa_NC_0041_0044,83.31,-75.621434,35.954006,0.3345,0.071,
usa_NC_0041_0045,83.36,-75.621533,35.954458,0.3705,0.0712,
usa_NC_0041_0046,83.409,-75.622013,35.954776,0.3506,0.0683,
usa_NC_0041_0047,83.459,-75.622201,35.955195,0.3293,0.0674,
usa_NC_0041_0048,83.508,-75.62234,35.95563,0.3011,0.0672,
usa_NC_0041_0049,83.557,-75.622445,35.956077,0.2897,0.0672,
usa_NC_0041_0050,83.606,-75.623157,35.956305,0.2758,0.0687,
usa_NC_0041_0051,83.655,-75.623126,35.956802,0.3013,0.0695,
usa_NC_0041_0052,83.705,-75.623243,35.957246,0.3136,0.0691,
usa_NC_0041_0053,83.754,-75.623198,35.957753,0.2929,0.0708,
usa_NC_0041_0054,83.804,-75.623524,35.958124,0.3317,0.0731,
usa_NC_0041_0055,83.854,-75.623671,35.958562,0.3566,0.071,
usa_NC_0041_0056,83.903,-75.623918,35.958962,0.3687,0.0692,
usa_NC_0041_0057,83.953,-75.624095,35.959388,0.385,0.0717,
usa_NC_0041_0058,84.003,-75.624383,35.959774,0.3726,0.0745,
usa_NC_0041_0059,84.052,-75.624597,35.960186,0.3679,0.0732,
usa_NC_0041_0060,84.102,-75.624805,35.960601,0.356,0.0753,
usa_NC_0041_0061,84.151,-75.625072,35.960994,0.3658,0.0747,
usa_NC_0041_0062,84.201,-75.625345,35.961384,0.3454,0.0752,
usa_NC_0041_0063,84.251,-75.625496,35.961821,0.3761,0.077,
usa_NC_0041_0064,84.3,-75.625756,35.962216,0.4025,0.0756,
usa_NC_0041_0065,84.35,-75.626101,35.962579,0.4323,0.075,
usa_NC_0041_0066,84.4,-75.626137,35.963059,0.4774,0.0744,
usa_NC_0041_0067,84.449,-75.626673,35.963349,0.4933,0.0728,
usa_NC_0041_0068,84.499,-75.627035,35.963705,0.4819,0.074,
usa_NC_0041_0069,84.548,-75.626823,35.964281,0.5046,0.0762,
usa_NC_0041_0070,84.598,-75.627058,35.964686,0.5122,0.0738,
usa_NC_0041_0071,84.648,-75.627317,35.965081,0.489,0.074,
usa_NC_0041_0072,84.697,-75.627574,35.965477,0.522,0.071,
usa_NC_0041_0073,84.747,-75.627792,35.965888,0.549,0.0703,
usa_NC_0041_0074,84.797,-75.627986,35.966309,0.5055,0.0748,
usa_NC_0041_0075,84.846,-75.628232,35.96671,0.514,0.0733,
usa_NC_0041_0076,84.896,-75.628455,35.967119,0.4997,0.0749,
usa_NC_0041_0077,84.946,-75.628626,35.967549,0.4843,0.0759,
usa_NC_0041_0078,84.995,-75.628911,35.967934,0.5059,0.0764,
usa_NC_0041_0079,85.045,-75.62914,35.968341,0.5464,0.0746,
usa_NC_0041_0080,85.095,-75.629582,35.968668,0.5867,0.0768,
usa_NC_0041_0081,85.145,-75.629598,35.969162,0.5898,0.0763,
usa_NC_0041_0082,85.195,-75.629804,35.969582,0.5856,0.077,
usa_NC_0041_0083,85.245,-75.630081,35.969974,0.5593,0.0795,
usa_NC_0041_0084,85.295,-75.630226,35.970418,0.5867,0.0801,
usa_NC_0041_0085,85.345,-75.630436,35.970836,0.5913,0.0808,
usa_NC_0041_0086,85.395,-75.630666,35.971246,0.6057,0.0781,
usa_NC_0041_0087,85.445,-75.630878,35.971663,0.6059,0.0773,
usa_NC_0041_0088,85.495,-75.631111,35.972073,0.6139,0.0786,
usa_NC_0041_0089,85.545,-75.631388,35.972464,0.6679,0.0795,
usa_NC_0041_0090,85.595,-75.631637,35.972867,0.6934,0.0821,
usa_NC_0041_0091,85.645,-75.631557,35.973399,0.7191,0.0895,
usa_NC_0041_0092,85.695,-75.632105,35.973685,0.6555,0.0805,
usa_NC_0041_0093,85.745,-75.632311,35.974104,0.6837,0.0772,
usa_NC_0041_0094,85.795,-75.632547,35.974512,0.6769,0.0743,
usa_NC_0041_0095,85.845,-75.63281,35.97491,0.6482,0.074,
usa_NC_0041_0096,85.895,-75.633052,35.975315,0.6227,0.074,
usa_NC_0041_0097,85.945,-75.633225,35.975749,0.5884,0.0717,
usa_NC_0041_0098,85.995,-75.633846,35.97601,0.5498,0.0707,
usa_NC_0041_0099,86.046,-75.633759,35.976547,0.5212,0.0708,
usa_NC_0041_0100,86.096,-75.634042,35.97694,0.5188,0.0696,
usa_NC_0041_0101,86.146,-75.634243,35.977364,0.5532,0.066,
usa_NC_0041_0102,86.196,-75.634468,35.977779,0.57,0.0647,
usa_NC_0041_0103,86.247,-75.634769,35.978165,0.6037,0.0679,
usa_NC_0041_0104,86.297,-75.634957,35.978594,0.6752,0.0659,
usa_NC_0041_0105,86.347,-75.635184,35.979008,0.6791,0.0655,
usa_NC_0041_0106,86.398,-75.635457,35.979405,0.6913,0.0695,
usa_NC_0041_0107,86.448,-75.635785,35.979781,0.7007,0.0664,
usa_NC_0041_0108,86.498,-75.635989,35.980203,0.6992,0.0633,
usa_NC_0041_0109,86.549,-75.636249,35.980605,0.7257,0.0663,
usa_NC_0041_0110,86.599,-75.636469,35.981022,0.7581,0.0646,
usa_NC_0041_0111,86.649,-75.636609,35.981469,0.7557,0.062,
usa_NC_0041_0112,86.699,-75.63689,35.981864,0.7477,0.0618,
usa_NC_0041_0113,86.75,-75.637056,35.982301,0.7318,0.0621,
usa_NC_0041_0114,86.8,-75.637412,35.982667,0.7204,0.0625,
usa_NC_0041_0115,86.85,-75.637554,35.983112,0.7097,0.064,
usa_NC_0041_0116,86.9,-75.637829,35.983508,0.6944,0.0638,
usa_NC_0041_0117,86.951,-75.638006,35.98394,0.6792,0.0589,
usa_NC_0041_0118,87.001,-75.638555,35.984233,0.66,0.0578,
usa_NC_0041_0119,87.051,-75.63851,35.984747,0.6562,0.0616,
usa_NC_0041_0120,87.101,-75.638703,35.985173,0.6689,0.0617,
usa_NC_0041_0121,87.151,-75.639027,35.98555,0.6527,0.061,
usa_NC_0041_0122,87.202,-75.639242,35.985968,0.6146,0.06,
usa_NC_0041_0123,87.252,-75.639389,35.98641,0.6061,0.0604,
usa_NC_0041_0124,87.302,-75.639582,35.986836,0.5674,0.0598,
usa_NC_0041_0125,87.352,-75.6398,35.987253,0.4925,0.0591,
usa_NC_0041_0126,87.402,-75.640101,35.987638,0.4582,0.06,
usa_NC_0041_0127,87.452,-75.640303,35.98806,0.4538,0.0604,
usa_NC_0041_0128,87.503,-75.640537,35.988471,0.4304,0.0603,
usa_NC_0041_0129,87.553,-75.640736,35.988894,0.4086,0.0609,
usa_NC_0041_0130,87.603,-75.641117,35.989248,0.4113,0.0612,
usa_NC_0041_0131,87.653,-75.641336,35.989661,0.404,0.061,
usa_NC_0041_0132,87.702,-75.641569,35.990069,0.3246,0.0606,
usa_NC_0041_0133,87.752,-75.641767,35.99049,0.3149,0.0599,
usa_NC_0041_0134,87.802,-75.64195,35.990916,0.3534,0.058,
usa_NC_0041_0135,87.852,-75.642246,35.9913,0.3599,0.0593,
usa_NC_0041_0136,87.902,-75.642555,35.99168,0.3623,0.0591,
usa_NC_0041_0137,87.952,-75.64312,35.991965,0.3642,0.0607,
usa_NC_0041_0138,88.002,-75.643489,35.992322,0.3703,0.0584,
usa_NC_0041_0139,88.051,-75.643266,35.992899,0.3691,0.0583,
usa_NC_0041_0140,88.101,-75.643464,35.993319,0.4173,0.0577,
usa_NC_0041_0141,88.151,-75.643626,35.993753,0.4194,0.0572,
usa_NC_0041_0142,88.201,-75.643892,35.994149,0.4302,0.0596,
usa_NC_0041_0143,88.251,-75.644212,35.994524,0.4263,0.0588,
usa_NC_0041_0144,88.301,-75.644341,35.994971,0.4255,0.0571,
usa_NC_0041_0145,88.351,-75.644546,35.995389,0.4631,0.0593,
usa_NC_0041_0146,88.401,-75.644772,35.995799,0.4903,0.0594,
usa_NC_0041_0147,88.45,-75.645002,35.996208,0.5077,0.0577,
usa_NC_0041_0148,88.5,-75.645436,35.996541,0.4917,0.0596,
usa_NC_0041_0149,88.55,-75.64564,35.996959,0.5095,0.0587,
usa_NC_0041_0150,88.6,-75.645713,35.997427,0.5316,0.0589,
usa_NC_0042_0001,88.65,-75.645985,35.99782,0.5513,0.0616,
usa_NC_0042_0002,88.7,-75.646262,35.998211,0.5727,0.0606,
usa_NC_0042_0003,88.75,-75.646484,35.998624,0.6013,0.0598,
usa_NC_0042_0004,88.799,-75.646657,35.999054,0.5996,0.062,
usa_NC_0042_0005,88.849,-75.64689,35.999462,0.5778,0.0635,
usa_NC_0042_0006,88.899,-75.647149,35.99986,0.5914,0.0639,
usa_NC_0042_0007,88.949,-75.647356,36.000278,0.5723,0.0652,
usa_NC_0042_0008,88.999,-75.647668,36.000656,0.5235,0.0647,
usa_NC_0042_0009,89.049,-75.648185,36.000956,0.5405,0.0634,
usa_NC_0042_0010,89.099,-75.648234,36.001433,0.5932,0.0634,
usa_NC_0042_0011,89.149,-75.648365,36.00188,0.5901,0.0635,
usa_NC_0042_0012,89.198,-75.6486,36.002287,0.5739,0.0644,
usa_NC_0042_0013,89.248,-75.648842,36.002691,0.5469,0.0641,
usa_NC_0042_0014,89.298,-75.649327,36.003003,0.5309,0.0631,
usa_NC_0042_0015,89.348,-75.649279,36.003518,0.5221,0.0637,
usa_NC_0042_0016,89.398,-75.649479,36.00394,0.5221,0.0668,
usa_NC_0042_0017,89.448,-75.649738,36.00434,0.5369,0.0654,
usa_NC_0042_0018,89.498,-75.649845,36.004797,0.5379,0.0645,
usa_NC_0042_0019,89.548,-75.65016,36.005175,0.5765,0.0623,
usa_NC_0042_0020,89.598,-75.650405,36.005579,0.6034,0.0597,
usa_NC_0042_0021,89.648,-75.650514,36.006035,0.5836,0.061,
usa_NC_0042_0022,89.698,-75.650826,36.006415,0.5902,0.0635,
usa_NC_0042_0023,89.748,-75.651051,36.006827,0.5368,0.0652,
usa_NC_0042_0024,89.798,-75.651263,36.007244,0.5058,0.0638,
usa_NC_0042_0025,89.848,-75.651522,36.007643,0.4991,0.0651,
usa_NC_0042_0026,89.898,-75.651699,36.008074,0.5444,0.0653,
usa_NC_0042_0027,89.948,-75.652036,36.008444,0.5764,0.0648,
usa_NC_0042_0028,89.998,-75.652326,36.008831,0.5855,0.0646,
usa_NC_0042_0029,90.048,-75.652509,36.00926,0.5768,0.0637,
usa_NC_0042_0030,90.098,-75.652789,36.009651,0.5819,0.0625,
usa_NC_0042_0031,90.148,-75.652952,36.010087,0.5367,0.063,
usa_NC_0042_0032,90.198,-75.653295,36.010454,0.5534,0.0626,
usa_NC_0042_0033,90.248,-75.653508,36.010871,0.5594,0.0609,
usa_NC_0042_0034,90.298,-75.653794,36.011257,0.557,0.0597,
usa_NC_0042_0035,90.348,-75.654066,36.011648,0.5737,0.0609,
usa_NC_0042_0036,90.397,-75.654453,36.011996,0.5544,0.0615,
usa_NC_0042_0037,90.447,-75.654555,36.012452,0.546,0.0643,
usa_NC_0042_0038,90.497,-75.654726,36.012883,0.5274,0.0645,
usa_NC_0042_0039,90.547,-75.654917,36.013305,0.5583,0.0648,
usa_NC_0042_0040,90.596,-75.65512,36.013723,0.5864,0.0664,
usa_NC_0042_0041,90.646,-75.655386,36.014117,0.577,0.0655,
usa_NC_0042_0042,90.696,-75.655631,36.014519,0.5905,0.0662,
usa_NC_0042_0043,90.746,-75.655829,36.014939,0.6075,0.0654,
usa_NC_0042_0044,90.795,-75.656218,36.015285,0.6492,0.0659,
usa_NC_0042_0045,90.845,-75.656343,36.015733,0.6971,0.0665,
usa_NC_0042_0046,90.895,-75.656519,36.016162,0.7396,0.0658,
usa_NC_0042_0047,90.945,-75.656851,36.01653,0.7876,0.0687,
usa_NC_0042_0048,90.994,-75.656999,36.016969,0.7866,0.0705,
usa_NC_0042_0049,91.044,-75.657255,36.017367,0.7191,0.068,
usa_NC_0042_0050,91.094,-75.657473,36.017779,0.66,0.0696,
usa_NC_0042_0051,91.143,-75.657701,36.018188,0.6326,0.07,
usa_NC_0042_0052,91.193,-75.657938,36.018593,0.5739,0.0682,
usa_NC_0042_0053,91.243,-75.658185,36.018993,0.5014,0.0663,
usa_NC_0042_0054,91.293,-75.658472,36.019378,0.4664,0.0693,
usa_NC_0042_0055,91.342,-75.658688,36.019791,0.4224,0.0686,
usa_NC_0042_0056,91.392,-75.658916,36.0202,0.333,0.0687,
usa_NC_0042_0057,91.442,-75.659183,36.020593,0.2006,0.0693,
usa_NC_0042_0058,91.491,-75.659443,36.020988,0.1169,0.0698,
usa_NC_0042_0059,91.541,-75.659682,36.021392,0.069,0.074,
usa_NC_0042_0060,91.591,-75.659918,36.021797,-0.0238,0.0783,
usa_NC_0042_0061,91.641,-75.660166,36.022198,-0.0723,0.0805,
usa_NC_0042_0062,91.69,-75.660378,36.022612,-0.1034,0.0816,
usa_NC_0042_0063,91.74,-75.660655,36.023001,-0.1567,0.0801,
usa_NC_0042_0064,91.79,-75.66086,36.023419,-0.205,0.0795,
usa_NC_0042_0065,91.839,-75.661173,36.023793,-0.2495,0.0746,
usa_NC_0042_0066,91.889,-75.661442,36.024185,-0.3026,0.0726,
usa_NC_0042_0067,91.939,-75.661581,36.02463,-0.3076,0.0734,
usa_NC_0042_0068,91.989,-75.661945,36.024983,-0.3169,0.0748,
usa_NC_0042_0069,92.038,-75.662168,36.025393,-0.3211,0.0722,
usa_NC_0042_0070,92.088,-75.662416,36.025794,-0.3285,0.0719,
usa_NC_0042_0071,92.138,-75.662672,36.026191,-0.3194,0.075,
usa_NC_0042_0072,92.187,-75.662952,36.026578,-0.3337,0.0741,
usa_NC_0042_0073,92.237,-75.663217,36.026972,-0.3354,0.0735,
usa_NC_0042_0074,92.287,-75.663463,36.027373,-0.3584,0.0747,
usa_NC_0042_0075,92.337,-75.663709,36.027774,-0.3708,0.0768,
usa_NC_0042_0076,92.386,-75.663971,36.028169,-0.32,0.0781,
usa_NC_0042_0077,92.436,-75.664437,36.028478,-0.2536,0.0773,
usa_NC_0042_0078,92.485,-75.664503,36.028949,-0.2412,0.0757,
usa_NC_0042_0079,92.534,-75.664801,36.029324,-0.2168,0.0776,
usa_NC_0042_0080,92.584,-75.665063,36.029714,-0.1633,0.0813,
usa_NC_0042_0081,92.633,-75.665363,36.030087,-0.135,0.0847,
usa_NC_0042_0082,92.682,-75.665601,36.030487,-0.0743,0.0843,
usa_NC_0042_0083,92.731,-75.665887,36.030866,0.0472,0.0861,
usa_NC_0042_0084,92.781,-75.666135,36.031265,0.1686,0.0874,
usa_NC_0042_0085,92.83,-75.66645,36.031634,0.2999,0.0905,
usa_NC_0042_0086,92.88,-75.666901,36.031944,0.4419,0.0899,
usa_NC_0042_0087,92.929,-75.666992,36.032411,0.6222,0.0912,
usa_NC_0042_0088,92.979,-75.667196,36.032829,0.7998,0.094,
usa_NC_0042_0089,93.028,-75.667522,36.033193,0.9042,0.091,
usa_NC_0042_0090,93.078,-75.667764,36.033594,1.0125,0.0851,
usa_NC_0042_0091,93.127,-75.667979,36.034007,1.0747,0.085,
usa_NC_0042_0092,93.177,-75.668221,36.034408,1.1779,0.0891,
usa_NC_0042_0093,93.226,-75.668596,36.034749,1.2538,0.0883,
usa_NC_0042_0094,93.276,-75.668773,36.03518,1.3051,0.0846,
usa_NC_0042_0095,93.325,-75.669047,36.035566,1.3048,0.0817,
usa_NC_0042_0096,93.375,-75.669384,36.035925,1.4157,0.0848,
usa_NC_0042_0097,93.424,-75.669656,36.036312,1.4876,0.0858,
usa_NC_0042_0098,93.474,-75.669908,36.036709,1.5805,0.0909,
usa_NC_0042_0099,93.523,-75.670251,36.037064,1.6798,0.0953,
usa_NC_0042_0100,93.573,-75.670455,36.037487,1.8074,0.0967,
usa_NC_0042_0101,93.623,-75.67071,36.037887,1.8679,0.0965,
usa_NC_0042_0102,93.673,-75.670958,36.03829,1.9265,0.0959,
usa_NC_0042_0103,93.723,-75.671216,36.038688,1.9574,0.0945,
usa_NC_0042_0104,93.773,-75.671459,36.039093,1.9525,0.0938,
usa_NC_0042_0105,93.823,-75.671681,36.039508,1.8953,0.091,
usa_NC_0042_0106,93.873,-75.67204,36.03986,1.8266,0.0888,
usa_NC_0042_0107,93.923,-75.67231,36.040253,1.7232,0.0837,
usa_NC_0042_0108,93.972,-75.672542,36.040664,1.6223,0.0797,
usa_NC_0042_0109,94.022,-75.67283,36.041048,1.5421,0.078,
usa_NC_0042_0110,94.072,-75.673065,36.041457,1.4358,0.0758,
usa_NC_0042_0111,94.122,-75.673297,36.041867,1.3051,0.0749,
usa_NC_0042_0112,94.172,-75.673737,36.042183,1.1609,0.0744,
usa_NC_0042_0113,94.222,-75.673804,36.042668,1.0229,0.0746,
usa_NC_0042_0114,94.272,-75.674058,36.043069,0.9511,0.0751,
usa_NC_0042_0115,94.322,-75.674306,36.043472,0.9091,0.0763,
usa_NC_0042_0116,94.372,-75.674631,36.04384,0.8609,0.0825,
usa_NC_0042_0117,94.422,-75.674884,36.04424,0.8223,0.0847,
usa_NC_0042_0118,94.472,-75.675142,36.044639,0.772,0.0805,
usa_NC_0042_0119,94.522,-75.675431,36.045023,0.7761,0.0802,
usa_NC_0042_0120,94.571,-75.675723,36.045406,0.7839,0.0828,
usa_NC_0042_0121,94.621,-75.676012,36.045791,0.7446,0.0857,
usa_NC_0042_0122,94.671,-75.676279,36.046185,0.7368,0.0863,
usa_NC_0042_0123,94.721,-75.676564,36.046571,0.7439,0.0859,
usa_NC_0042_0124,94.771,-75.676895,36.046936,0.789,0.0872,
usa_NC_0042_0125,94.821,-75.67714,36.047341,0.8833,0.0928,
usa_NC_0042_0126,94.871,-75.677354,36.04776,0.9287,0.0932,
usa_NC_0042_0127,94.921,-75.677679,36.048128,0.9603,0.0948,
usa_NC_0042_0128,94.971,-75.677863,36.048565,1.0263,0.0978,
usa_NC_0042_0129,95.022,-75.678129,36.048965,1.062,0.0982,
usa_NC_0042_0130,95.072,-75.67844,36.049344,1.0951,0.0921,
usa_NC_0043_0001,95.123,-75.678665,36.049763,1.1494,0.0872,
usa_NC_0043_0002,95.173,-75.678936,36.05016,1.2214,0.0854,
usa_NC_0043_0003,95.223,-75.679329,36.050503,1.2667,0.0871,
usa_NC_0043_0004,95.274,-75.679496,36.050947,1.2932,0.0885,
usa_NC_0043_0005,95.324,-75.679763,36.051347,1.2574,0.0887,
usa_NC_0043_0006,95.375,-75.680088,36.05172,1.2178,0.0883,
usa_NC_0043_0007,95.425,-75.680266,36.052159,1.2145,0.0901,
usa_NC_0043_0008,95.475,-75.680655,36.052504,1.0931,0.0852,
usa_NC_0043_0009,95.526,-75.680894,36.052916,0.9874,0.0828,
usa_NC_0043_0010,95.576,-75.681065,36.053358,0.8777,0.0847,
usa_NC_0043_0011,95.627,-75.681342,36.053753,0.786,0.0849,
usa_NC_0043_0012,95.677,-75.68171,36.054108,0.6752,0.0859,
usa_NC_0043_0013,95.727,-75.681884,36.054548,0.6299,0.0855,
usa_NC_0043_0014,95.778,-75.682152,36.054947,0.6185,0.0853,
usa_NC_0043_0015,95.828,-75.682423,36.055345,0.6326,0.0892,
usa_NC_0043_0016,95.879,-75.682668,36.055753,0.6362,0.0893,
usa_NC_0043_0017,95.929,-75.683013,36.056118,0.6157,0.0912,
usa_NC_0043_0018,95.979,-75.683279,36.056517,0.6218,0.0952,
usa_NC_0043_0019,96.03,-75.683551,36.056914,0.6325,0.0981,
usa_NC_0043_0020,96.08,-75.68383,36.057303,0.6418,0.1018,
usa_NC_0043_0021,96.129,-75.684087,36.057702,0.6945,0.1057,
usa_NC_0043_0022,96.179,-75.684399,36.058077,0.7061,0.1051,
usa_NC_0043_0023,96.229,-75.684656,36.058476,0.7055,0.1041,
usa_NC_0043_0024,96.279,-75.684911,36.058876,0.7358,0.1057,
usa_NC_0043_0025,96.329,-75.685168,36.059275,0.7373,0.1016,
usa_NC_0043_0026,96.379,-75.685381,36.059693,0.7161,0.0974,
usa_NC_0043_0027,96.429,-75.685633,36.060094,0.693,0.0963,
usa_NC_0043_0028,96.479,-75.685871,36.060501,0.6135,0.0945,
usa_NC_0043_0029,96.529,-75.686123,36.060902,0.5114,0.0894,
usa_NC_0043_0030,96.579,-75.68641,36.061288,0.4241,0.0881,
usa_NC_0043_0031,96.629,-75.686651,36.061694,0.4126,0.0865,
usa_NC_0043_0032,96.679,-75.686936,36.062081,0.3555,0.083,
usa_NC_0043_0033,96.729,-75.687194,36.062479,0.2706,0.0835,
usa_NC_0043_0034,96.779,-75.687403,36.062899,0.2128,0.0846,
usa_NC_0043_0035,96.829,-75.687745,36.063261,0.1108,0.0856,
usa_NC_0043_0036,96.879,-75.688017,36.063653,0.0166,0.0887,
usa_NC_0043_0037,96.928,-75.688312,36.064036,-0.0232,0.0912,
usa_NC_0043_0038,96.978,-75.688666,36.064393,-0.0772,0.093,
usa_NC_0043_0039,97.028,-75.688839,36.064828,-0.1411,0.0941,
usa_NC_0043_0040,97.078,-75.689123,36.065215,-0.1707,0.0953,
usa_NC_0043_0041,97.128,-75.689444,36.065586,-0.1655,0.0941,
usa_NC_0043_0042,97.178,-75.689772,36.065954,-0.1271,0.0955,
usa_NC_0043_0043,97.228,-75.690035,36.06635,-0.0956,0.0956,
usa_NC_0043_0044,97.278,-75.690302,36.066745,-0.0746,0.0938,
usa_NC_0043_0045,97.328,-75.690566,36.067141,-0.0526,0.094,
usa_NC_0043_0046,97.378,-75.690836,36.067534,0.0102,0.0926,
usa_NC_0043_0047,97.428,-75.691101,36.06793,0.0722,0.093,
usa_NC_0043_0048,97.478,-75.691365,36.068325,0.1309,0.091,
usa_NC_0043_0049,97.528,-75.691624,36.068723,0.1897,0.0927,
usa_NC_0043_0050,97.578,-75.691885,36.069121,0.2822,0.0928,
usa_NC_0043_0051,97.627,-75.692051,36.069559,0.3927,0.0922,
usa_NC_0043_0052,97.677,-75.692322,36.069952,0.4845,0.0954,
usa_NC_0043_0053,97.727,-75.692648,36.070321,0.5946,0.0963,
usa_NC_0043_0054,97.777,-75.692831,36.070752,0.6952,0.0983,
usa_NC_0043_0055,97.827,-75.693132,36.071132,0.7832,0.1007,
usa_NC_0043_0056,97.877,-75.693401,36.071526,0.8714,0.102,
usa_NC_0043_0057,97.927,-75.693657,36.071927,0.8925,0.1017,
usa_NC_0043_0058,97.978,-75.693939,36.072319,0.8913,0.0971,
usa_NC_0043_0059,98.028,-75.694201,36.072719,0.9513,0.0933,
usa_NC_0043_0060,98.078,-75.694432,36.073134,0.9927,0.0907,
usa_NC_0043_0061,98.129,-75.694571,36.073588,1.0165,0.0891,
usa_NC_0043_0062,98.179,-75.694818,36.073995,0.9643,0.0878,
usa_NC_0043_0063,98.229,-75.695032,36.074417,0.9441,0.0864,
usa_NC_0043_0064,98.28,-75.695396,36.074773,0.8856,0.0823,
usa_NC_0043_0065,98.33,-75.695631,36.075186,0.8144,0.0826,
usa_NC_0043_0066,98.38,-75.695865,36.0756,0.7548,0.0815,
usa_NC_0043_0067,98.431,-75.696203,36.075968,0.7272,0.0793,
usa_NC_0043_0068,98.481,-75.696483,36.076362,0.7386,0.0785,
usa_NC_0043_0069,98.531,-75.696873,36.076709,0.7368,0.0773,
usa_NC_0043_0070,98.582,-75.697059,36.077142,0.7502,0.0771,
usa_NC_0043_0071,98.632,-75.697195,36.077597,0.7747,0.0804,
usa_NC_0043_0072,98.683,-75.697486,36.077986,0.786,0.0802,
usa_NC_0043_0073,98.733,-75.697749,36.078387,0.781,0.0806,
usa_NC_0043_0074,98.783,-75.69796,36.078809,0.7822,0.0821,
usa_NC_0043_0075,98.834,-75.698241,36.079203,0.8023,0.0819,
usa_NC_0043_0076,98.884,-75.698631,36.079551,0.8067,0.081,
usa_NC_0043_0077,98.934,-75.698942,36.079932,0.8032,0.083,
usa_NC_0043_0078,98.985,-75.699069,36.080389,0.8102,0.0871,
usa_NC_0043_0079,99.035,-75.699211,36.08084,0.8123,0.0901,
usa_NC_0043_0080,99.085,-75.699487,36.081235,0.8299,0.0899,
usa_NC_0043_0081,99.136,-75.69964,36.081681,0.8473,0.0932,
usa_NC_0043_0082,99.186,-75.700045,36.082023,0.881,0.0922,
usa_NC_0043_0083,99.237,-75.700307,36.082425,0.8599,0.0903,
usa_NC_0043_0084,99.287,-75.700536,36.082839,0.8378,0.0901,
usa_NC_0043_0085,99.337,-75.700782,36.083248,0.8339,0.0931,
usa_NC_0043_0086,99.388,-75.701037,36.083652,0.8411,0.0996,
usa_NC_0043_0087,99.438,-75.701386,36.084018,0.8581,0.099,
usa_NC_0043_0088,99.488,-75.701629,36.084427,0.8555,0.0969,
usa_NC_0043_0089,99.539,-75.701796,36.084867,0.8497,0.0956,
usa_NC_0043_0090,99.589,-75.701969,36.085304,0.8386,0.0953,
usa_NC_0043_0091,99.64,-75.702254,36.085697,0.8628,0.0922,
usa_NC_0043_0092,99.69,-75.702352,36.086164,0.8902,0.0958,
usa_NC_0043_0093,99.74,-75.702604,36.086569,0.8818,0.0986,
usa_NC_0043_0094,99.791,-75.702988,36.086923,0.8709,0.0937,
usa_NC_0043_0095,99.841,-75.70311,36.08738,0.8679,0.0939,
usa_NC_0043_0096,99.892,-75.703347,36.087791,0.8842,0.0968,
usa_NC_0043_0097,99.942,-75.703659,36.088174,0.8999,0.0983,
usa_NC_0043_0098,99.992,-75.70396,36.08856,0.9216,0.1019,
usa_NC_0043_0099,100.043,-75.704192,36.088973,0.9244,0.103,
usa_NC_0043_0100,100.093,-75.704472,36.089368,0.9569,0.1048,
usa_NC_0043_0101,100.144,-75.704676,36.089793,0.9491,0.1044,
usa_NC_0043_0102,100.194,-75.704956,36.090188,0.9579,0.1071,
usa_NC_0043_0103,100.244,-75.705103,36.090634,1.0258,0.1097,
usa_NC_0043_0104,100.295,-75.705327,36.091051,1.0406,0.1103,
usa_NC_0043_0105,100.345,-75.705652,36.091429,1.0165,0.1082,
usa_NC_0043_0106,100.395,-75.705894,36.091839,1.01,0.1094,
usa_NC_0043_0107,100.446,-75.706132,36.092248,1.0257,0.1104,
usa_NC_0043_0108,100.496,-75.706277,36.092691,0.9577,0.1147,
usa_NC_0043_0109,100.546,-75.706619,36.093059,0.9198,0.1135,
usa_NC_0043_0110,100.596,-75.706712,36.093522,0.9128,0.1126,
usa_NC_0043_0111,100.646,-75.707237,36.09382,0.8848,0.1069,
usa_NC_0043_0112,100.696,-75.707405,36.094254,0.8231,0.1017,
usa_NC_0043_0113,100.746,-75.707739,36.094625,0.812,0.0977,
usa_NC_0043_0114,100.796,-75.707708,36.095135,0.7399,0.0982,
usa_NC_0043_0115,100.846,-75.708101,36.095483,0.6734,0.0952,
usa_NC_0043_0116,100.896,-75.708263,36.09592,0.5874,0.0938,
usa_NC_0043_0117,100.946,-75.708535,36.096314,0.5644,0.0922,
usa_NC_0043_0118,100.996,-75.708729,36.096739,0.5321,0.0934,
usa_NC_0043_0119,101.046,-75.709002,36.097133,0.5129,0.0901,
usa_NC_0043_0120,101.096,-75.709217,36.097549,0.4714,0.0916,
usa_NC_0043_0121,101.146,-75.709511,36.097935,0.4403,0.09,
usa_NC_0043_0122,101.196,-75.709709,36.098358,0.4058,0.0859,
usa_NC_0043_0123,101.246,-75.709934,36.09877,0.3642,0.0846,
usa_NC_0043_0124,101.296,-75.710203,36.099166,0.3106,0.0848,
usa_NC_0043_0125,101.346,-75.710344,36.099611,0.3241,0.0828,
usa_NC_0043_0126,101.396,-75.710585,36.100017,0.344,0.084,
usa_NC_0043_0127,101.446,-75.710832,36.100421,0.3685,0.0836,
usa_NC_0043_0128,101.496,-75.711084,36.100823,0.4257,0.0856,
usa_NC_0043_0129,101.546,-75.710812,36.101424,0.5143,0.0817,
usa_NC_0043_0130,101.596,-75.711537,36.101647,0.5067,0.0845,
usa_NC_0044_0001,101.647,-75.71176,36.102065,0.5743,0.0828,
usa_NC_0044_0002,101.697,-75.712007,36.102476,0.5773,0.0794,
usa_NC_0044_0003,101.748,-75.71227,36.102881,0.585,0.0826,
usa_NC_0044_0004,101.799,-75.712515,36.103292,0.5802,0.0845,
usa_NC_0044_0005,101.85,-75.712793,36.103692,0.5579,0.0818,
usa_NC_0044_0006,101.9,-75.713045,36.104101,0.5811,0.0784,
usa_NC_0044_0007,101.951,-75.713239,36.104531,0.5723,0.0803,
usa_NC_0044_0008,102.002,-75.71344,36.104959,0.5578,0.0796,
usa_NC_0044_0009,102.052,-75.713668,36.105377,0.5513,0.0762,
usa_NC_0044_0010,102.103,-75.713883,36.105799,0.5099,0.0774,
usa_NC_0044_0011,102.153,-75.714139,36.106201,0.492,0.074,
usa_NC_0044_0012,102.203,-75.71434,36.106617,0.4972,0.0708,
usa_NC_0044_0013,102.252,-75.714494,36.107051,0.4987,0.0747,
usa_NC_0044_0014,102.302,-75.71473,36.107455,0.4527,0.0731,
usa_NC_0044_0015,102.351,-75.714944,36.107866,0.4668,0.072,
usa_NC_0044_0016,102.401,-75.71518,36.108271,0.4623,0.0732,
usa_NC_0044_0017,102.45,-75.715425,36.108671,0.4419,0.0719,
usa_NC_0044_0018,102.5,-75.715618,36.109091,0.4485,0.0737,
usa_NC_0044_0019,102.55,-75.715833,36.109503,0.4509,0.0772,
usa_NC_0044_0020,102.599,-75.716064,36.109909,0.4176,0.0724,
usa_NC_0044_0021,102.649,-75.716271,36.110323,0.4015,0.0706,
usa_NC_0044_0022,102.699,-75.716489,36.110736,0.3547,0.0721,
usa_NC_0044_0023,102.749,-75.716726,36.111144,0.3117,0.0695,
usa_NC_0044_0024,102.799,-75.716959,36.111553,0.2838,0.0686,
usa_NC_0044_0025,102.849,-75.71719,36.111963,0.2793,0.0703,
usa_NC_0044_0026,102.898,-75.717405,36.112378,0.2785,0.0661,
usa_NC_0044_0027,102.948,-75.717634,36.112786,0.2955,0.0646,
usa_NC_0044_0028,102.998,-75.717839,36.113204,0.2722,0.0673,
usa_NC_0044_0029,103.048,-75.718012,36.113634,0.2694,0.0666,
usa_NC_0044_0030,103.098,-75.71825,36.114039,0.2606,0.0658,
usa_NC_0044_0031,103.147,-75.718527,36.114429,0.2505,0.0678,
usa_NC_0044_0032,103.197,-75.718744,36.114843,0.3038,0.0686,
usa_NC_0044_0033,103.247,-75.718968,36.115253,0.303,0.0674,
usa_NC_0044_0034,103.297,-75.719154,36.115678,0.2672,0.0665,
usa_NC_0044_0035,103.347,-75.719427,36.11607,0.2413,0.0641,
usa_NC_0044_0036,103.396,-75.719589,36.116504,0.2491,0.065,
usa_NC_0044_0037,103.446,-75.719813,36.116916,0.2277,0.0654,
usa_NC_0044_0038,103.496,-75.720042,36.117326,0.2247,0.0655,
usa_NC_0044_0039,103.546,-75.72026,36.117739,0.1783,0.0669,
usa_NC_0044_0040,103.596,-75.720487,36.11815,0.1323,0.0665,
usa_NC_0044_0041,103.646,-75.720677,36.118573,0.1326,0.0675,
usa_NC_0044_0042,103.696,-75.720941,36.11897,0.1305,0.0691,
usa_NC_0044_0043,103.746,-75.721169,36.11938,0.1211,0.0667,
usa_NC_0044_0044,103.796,-75.721384,36.119795,0.1142,0.0663,
usa_NC_0044_0045,103.845,-75.721596,36.120211,0.1328,0.0693,
usa_NC_0044_0046,103.895,-75.721808,36.120627,0.1549,0.072,
usa_NC_0044_0047,103.945,-75.722049,36.121032,0.165,0.0734,
usa_NC_0044_0048,103.995,-75.722247,36.121455,0.1414,0.0695,
usa_NC_0044_0049,104.045,-75.722485,36.121862,0.1268,0.0699,
usa_NC_0044_0050,104.095,-75.722709,36.122275,0.1467,0.0704,
usa_NC_0044_0051,104.145,-75.7229,36.122695,0.1361,0.0676,
usa_NC_0044_0052,104.194,-75.723182,36.123081,0.1338,0.0644,
usa_NC_0044_0053,104.244,-75.723366,36.123502,0.1483,0.0662,
usa_NC_0044_0054,104.293,-75.723584,36.123911,0.1274,0.0683,
usa_NC_0044_0055,104.343,-75.723793,36.124325,0.1581,0.0681,
usa_NC_0044_0056,104.392,-75.724014,36.124734,0.2009,0.0708,
usa_NC_0044_0057,104.442,-75.724252,36.125137,0.1817,0.0697,
usa_NC_0044_0058,104.491,-75.724466,36.125549,0.2189,0.0686,
usa_NC_0044_0059,104.541,-75.724676,36.125962,0.2539,0.0711,
usa_NC_0044_0060,104.59,-75.724902,36.12637,0.2691,0.0673,
usa_NC_0044_0061,104.64,-75.725132,36.126781,0.3378,0.0723,
usa_NC_0044_0062,104.691,-75.725364,36.127195,0.3285,0.071,
usa_NC_0044_0063,104.741,-75.725577,36.127617,0.3331,0.0707,
usa_NC_0044_0064,104.792,-75.725813,36.12803,0.3356,0.0672,
usa_NC_0044_0065,104.842,-75.726091,36.128427,0.3088,0.0684,
usa_NC_0044_0066,104.893,-75.726278,36.128858,0.3403,0.066,
usa_NC_0044_0067,104.943,-75.726454,36.129294,0.3745,0.0664,
usa_NC_0044_0068,104.994,-75.726696,36.129704,0.3689,0.0678,
usa_NC_0044_0069,105.044,-75.726917,36.130123,0.3586,0.0659,
usa_NC_0044_0070,105.095,-75.727145,36.130539,0.4011,0.0648,
usa_NC_0044_0071,105.145,-75.72738,36.130952,0.4275,0.0677,
usa_NC_0044_0072,105.196,-75.727587,36.131374,0.4347,0.0664,
usa_NC_0044_0073,105.246,-75.727821,36.131784,0.435,0.0633,
usa_NC_0044_0074,105.296,-75.728061,36.132191,0.4201,0.0682,
usa_NC_0044_0075,105.346,-75.728267,36.132612,0.4367,0.0658,
usa_NC_0044_0076,105.396,-75.728478,36.13303,0.4788,0.0684,
usa_NC_0044_0077,105.446,-75.728697,36.133445,0.4844,0.0689,
usa_NC_0044_0078,105.496,-75.728909,36.133863,0.5108,0.0674,
usa_NC_0044_0079,105.546,-75.729067,36.134301,0.5447,0.0688,
usa_NC_0044_0080,105.596,-75.729332,36.134699,0.5508,0.0678,
usa_NC_0044_0081,105.646,-75.729532,36.135122,0.5761,0.0665,
usa_NC_0044_0082,105.697,-75.729736,36.135542,0.6329,0.0705,
usa_NC_0044_0083,105.747,-75.729997,36.135942,0.6359,0.0669,
usa_NC_0044_0084,105.797,-75.730175,36.136373,0.6267,0.0636,
usa_NC_0044_0085,105.847,-75.73044,36.136774,0.6051,0.066,
usa_NC_0044_0086,105.897,-75.730644,36.137197,0.5772,0.0643,
usa_NC_0044_0087,105.948,-75.730844,36.137622,0.58,0.0643,
usa_NC_0044_0088,105.998,-75.73102,36.138056,0.5615,0.0653,
usa_NC_0044_0089,106.049,-75.731238,36.138474,0.5495,0.0621,
usa_NC_0044_0090,106.099,-75.731463,36.13889,0.5491,0.0639,
usa_NC_0044_0091,106.149,-75.731653,36.139318,0.5367,0.0619,
usa_NC_0044_0092,106.2,-75.731872,36.139736,0.5188,0.0599,
usa_NC_0044_0093,106.25,-75.73206,36.140164,0.5093,0.0627,
usa_NC_0044_0094,106.3,-75.732275,36.140584,0.5273,0.0602,
usa_NC_0044_0095,106.351,-75.732505,36.140997,0.4995,0.0605,
usa_NC_0044_0096,106.401,-75.732739,36.141411,0.483,0.0625,
usa_NC_0044_0097,106.452,-75.732891,36.141853,0.4682,0.0615,
usa_NC_0044_0098,106.502,-75.733085,36.14228,0.4567,0.0595,
usa_NC_0044_0099,106.552,-75.733272,36.142709,0.4728,0.0585,
usa_NC_0044_0100,106.603,-75.73349,36.143128,0.4497,0.0584,
usa_NC_0044_0101,106.653,-75.733711,36.143546,0.4343,0.061,
usa_NC_0044_0102,106.704,-75.733949,36.143958,0.4151,0.0603,
usa_NC_0044_0103,106.754,-75.734111,36.144395,0.359,0.0606,
usa_NC_0044_0104,106.805,-75.734293,36.144826,0.3906,0.0603,
usa_NC_0044_0105,106.855,-75.734513,36.145243,0.3982,0.06,
usa_NC_0044_0106,106.905,-75.73478,36.145645,0.3633,0.0592,
usa_NC_0044_0107,106.955,-75.734973,36.146071,0.3654,0.0568,
usa_NC_0044_0108,107.006,-75.73515,36.146502,0.3559,0.0587,
usa_NC_0044_0109,107.056,-75.735326,36.146933,0.3763,0.0573,
usa_NC_0044_0110,107.106,-75.735534,36.147354,0.3905,0.0558,
usa_NC_0044_0111,107.157,-75.735791,36.147759,0.3366,0.0578,
usa_NC_0044_0112,107.207,-75.735968,36.14819,0.3528,0.0581,
usa_NC_0044_0113,107.257,-75.736195,36.148605,0.2848,0.0569,
usa_NC_0044_0114,107.308,-75.736384,36.149032,0.283,0.0564,
usa_NC_0044_0115,107.358,-75.736583,36.149456,0.2764,0.0573,
usa_NC_0044_0116,107.408,-75.736782,36.14988,0.2293,0.0574,
usa_NC_0044_0117,107.459,-75.736981,36.150304,0.2584,0.058,
usa_NC_0044_0118,107.509,-75.737192,36.150725,0.2114,0.0562,
usa_NC_0044_0119,107.559,-75.737363,36.151157,0.2254,0.0581,
usa_NC_0044_0120,107.61,-75.737561,36.151582,0.2104,0.0576,
usa_NC_0044_0121,107.66,-75.737774,36.152001,0.203,0.0563,
usa_NC_0044_0122,107.71,-75.737975,36.152424,0.2383,0.0591,
usa_NC_0044_0123,107.761,-75.738182,36.152846,0.2104,0.0563,
usa_NC_0044_0124,107.811,-75.738371,36.153274,0.247,0.0561,
usa_NC_0044_0125,107.861,-75.738563,36.1537,0.2041,0.0571,
usa_NC_0044_0126,107.912,-75.738791,36.154116,0.2076,0.0574,
usa_NC_0044_0127,107.962,-75.739009,36.154535,0.2798,0.0594,
usa_NC_0044_0128,108.012,-75.739201,36.154961,0.2625,0.0579,
usa_NC_0044_0129,108.063,-75.739405,36.155385,0.2748,0.0605,
usa_NC_0044_0130,108.113,-75.739638,36.155799,0.2545,0.0617,
usa_NC_0044_0131,108.164,-75.739891,36.156208,0.2799,0.0603,
usa_NC_0044_0132,108.214,-75.740022,36.156653,0.3269,0.0602,
usa_NC_0044_0133,108.264,-75.740235,36.157074,0.2742,0.0589,
usa_NC_0044_0134,108.315,-75.740408,36.157506,0.3143,0.0605,
usa_NC_0044_0135,108.365,-75.740592,36.157933,0.2986,0.0599,
usa_NC_0044_0136,108.415,-75.740764,36.158363,0.3279,0.0609,
usa_NC_0044_0137,108.465,-75.741063,36.158757,0.3085,0.0615,
usa_NC_0044_0138,108.515,-75.741219,36.159192,0.3391,0.0628,
usa_NC_0044_0139,108.566,-75.741394,36.159621,0.3609,0.0651,
usa_NC_0044_0140,108.616,-75.741585,36.160046,0.3321,0.0638,
usa_NC_0045_0001,108.666,-75.74173,36.160484,0.3686,0.0624,
usa_NC_0045_0002,108.716,-75.74193,36.160906,0.3098,0.0618,
usa_NC_0045_0003,108.766,-75.742094,36.161339,0.3106,0.0609,
usa_NC_0045_0004,108.816,-75.742262,36.16177,0.2889,0.0624,
usa_NC_0045_0005,108.866,-75.742452,36.162195,0.3087,0.0624,
usa_NC_0045_0006,108.917,-75.742653,36.162616,0.3035,0.0649,
usa_NC_0045_0007,108.967,-75.742866,36.163034,0.2739,0.065,
usa_NC_0045_0008,109.017,-75.743067,36.163455,0.2989,0.0672,
usa_NC_0045_0009,109.067,-75.743218,36.16389,0.2871,0.066,
usa_NC_0045_0010,109.117,-75.7434,36.164317,0.3077,0.0671,
usa_NC_0045_0011,109.167,-75.743565,36.164748,0.2985,0.0685,
usa_NC_0045_0012,109.217,-75.743768,36.165168,0.3136,0.0683,
usa_NC_0045_0013,109.267,-75.744045,36.165568,0.3188,0.0671,
usa_NC_0045_0014,109.317,-75.74412,36.166024,0.3448,0.0676,
usa_NC_0045_0015,109.367,-75.74433,36.166443,0.3394,0.0665,
usa_NC_0045_0016,109.417,-75.744499,36.166873,0.3266,0.0649,
usa_NC_0045_0017,109.467,-75.744679,36.1673,0.3413,0.0661,
usa_NC_0045_0018,109.517,-75.744839,36.167732,0.365,0.065,
usa_NC_0045_0019,109.567,-75.745045,36.168152,0.3855,0.0617,
usa_NC_0045_0020,109.617,-75.745232,36.168577,0.3965,0.0616,
usa_NC_0045_0021,109.667,-75.745377,36.169014,0.4189,0.062,
usa_NC_0045_0022,109.717,-75.745567,36.169438,0.4019,0.0626,
usa_NC_0045_0023,109.767,-75.745734,36.169868,0.4299,0.0643,
usa_NC_0045_0024,109.817,-75.745917,36.170294,0.4416,0.0657,
usa_NC_0045_0025,109.867,-75.746093,36.170722,0.4786,0.0661,
usa_NC_0045_0026,109.917,-75.746249,36.171156,0.4542,0.0671,
usa_NC_0045_0027,109.968,-75.746448,36.171578,0.482,0.0636,
usa_NC_0045_0028,110.018,-75.746636,36.172003,0.4893,0.0646,
usa_NC_0045_0029,110.068,-75.746792,36.172436,0.5229,0.0645,
usa_NC_0045_0030,110.118,-75.746951,36.172869,0.479,0.0651,
usa_NC_0045_0031,110.168,-75.747115,36.1733,0.4726,0.0645,
usa_NC_0045_0032,110.218,-75.747381,36.173703,0.4491,0.0643,
usa_NC_0045_0033,110.268,-75.747537,36.174136,0.4986,0.0646,
usa_NC_0045_0034,110.318,-75.747649,36.174582,0.4786,0.063,
usa_NC_0045_0035,110.368,-75.747774,36.175024,0.5345,0.0617,
usa_NC_0045_0036,110.418,-75.748079,36.175415,0.5582,0.0621,
usa_NC_0045_0037,110.468,-75.748158,36.17587,0.5801,0.0628,
usa_NC_0045_0038,110.518,-75.748333,36.176297,0.5203,0.0635,
usa_NC_0045_0039,110.568,-75.7485,36.176728,0.5122,0.0653,
usa_NC_0045_0040,110.618,-75.748621,36.17717,0.4781,0.0684,
usa_NC_0045_0041,110.668,-75.748793,36.177599,0.4768,0.0682,
usa_NC_0045_0042,110.718,-75.748998,36.178019,0.4574,0.07,
usa_NC_0045_0043,110.768,-75.749118,36.178462,0.4852,0.0746,
usa_NC_0045_0044,110.818,-75.749297,36.178889,0.4443,0.0753,
usa_NC_0045_0045,110.868,-75.749457,36.17932,0.4094,0.0776,
usa_NC_0045_0046,110.918,-75.749618,36.179752,0.3926,0.0799,
usa_NC_0045_0047,110.968,-75.749797,36.180179,0.3504,0.078,
usa_NC_0045_0048,111.018,-75.749974,36.180608,0.3455,0.0773,
usa_NC_0045_0049,111.068,-75.750186,36.181028,0.2772,0.0785,
usa_NC_0045_0050,111.118,-75.750362,36.181457,0.2766,0.0839,
usa_NC_0045_0051,111.169,-75.750597,36.181871,0.2159,0.0914,
usa_NC_0045_0052,111.219,-75.750819,36.182287,0.2644,0.0976,
usa_NC_0045_0053,111.269,-75.751,36.182716,0.1965,0.0952,
usa_NC_0045_0054,111.319,-75.7512,36.183139,0.1711,0.0898,
usa_NC_0045_0055,111.369,-75.751425,36.183555,0.1497,0.0874,
usa_NC_0045_0056,111.42,-75.75165,36.183971,0.0637,0.084,
usa_NC_0045_0057,111.47,-75.75181,36.184405,-0.0022,0.0809,
usa_NC_0045_0058,111.52,-75.751964,36.184841,-0.0897,0.0809,
usa_NC_0045_0059,111.57,-75.752149,36.185268,-0.1567,0.0823,
usa_NC_0045_0060,111.62,-75.752356,36.185689,-0.2508,0.0815,
usa_NC_0045_0061,111.671,-75.752549,36.186115,-0.3005,0.0831,
usa_NC_0045_0062,111.721,-75.752704,36.18655,-0.3688,0.0856,
usa_NC_0045_0063,111.771,-75.752858,36.186985,-0.4027,0.0912,
usa_NC_0045_0064,111.821,-75.753024,36.187417,-0.4697,0.0909,
usa_NC_0045_0065,111.871,-75.753232,36.187839,-0.5065,0.095,
usa_NC_0045_0066,111.922,-75.753415,36.188266,-0.5524,0.0954,
usa_NC_0045_0067,111.972,-75.753635,36.188684,-0.5778,0.0971,
usa_NC_0045_0068,112.022,-75.753785,36.189121,-0.5862,0.0955,
usa_NC_0045_0069,112.072,-75.753976,36.189546,-0.6195,0.0964,
usa_NC_0045_0070,112.123,-75.754181,36.189969,-0.6304,0.0967,
usa_NC_0045_0071,112.173,-75.754354,36.190399,-0.6498,0.0964,
usa_NC_0045_0072,112.223,-75.754529,36.190829,-0.6229,0.0975,
usa_NC_0045_0073,112.273,-75.754717,36.191255,-0.5871,0.0967,
usa_NC_0045_0074,112.323,-75.754963,36.191667,-0.5745,0.0978,
usa_NC_0045_0075,112.374,-75.755147,36.192095,-0.5456,0.0979,
usa_NC_0045_0076,112.424,-75.755303,36.19253,-0.5303,0.1024,
usa_NC_0045_0077,112.474,-75.755473,36.192961,-0.5442,0.102,
usa_NC_0045_0078,112.524,-75.755634,36.193395,-0.5047,0.107,
usa_NC_0045_0079,112.574,-75.755853,36.193814,-0.4878,0.1072,
usa_NC_0045_0080,112.625,-75.756031,36.194243,-0.4099,0.1079,
usa_NC_0045_0081,112.675,-75.756185,36.194678,-0.3744,0.1085,
usa_NC_0045_0082,112.725,-75.756453,36.195086,-0.3383,0.1071,
usa_NC_0045_0083,112.775,-75.75661,36.19552,-0.3064,0.1088,
usa_NC_0045_0084,112.825,-75.75676,36.195953,-0.2843,0.108,
usa_NC_0045_0085,112.875,-75.756963,36.196372,-0.2483,0.1085,
usa_NC_0045_0086,112.925,-75.757141,36.196798,-0.2231,0.1118,
usa_NC_0045_0087,112.975,-75.757391,36.197205,-0.1914,0.1105,
usa_NC_0045_0088,113.025,-75.757572,36.19763,-0.0995,0.1076,
usa_NC_0045_0089,113.074,-75.757754,36.198055,-0.0329,0.1056,
usa_NC_0045_0090,113.124,-75.757919,36.198484,0.0721,0.106,
usa_NC_0045_0091,113.174,-75.758164,36.198893,0.1491,0.1058,
usa_NC_0045_0092,113.224,-75.758212,36.199351,0.2299,0.1043,
usa_NC_0045_0093,113.274,-75.758553,36.199735,0.2406,0.1033,
usa_NC_0045_0094,113.324,-75.758728,36.200161,0.2526,0.104,
usa_NC_0045_0095,113.373,-75.758892,36.20059,0.2949,0.1028,
usa_NC_0045_0096,113.423,-75.759134,36.200999,0.3762,0.1003,
usa_NC_0045_0097,113.473,-75.759362,36.201412,0.4584,0.0984,
usa_NC_0045_0098,113.522,-75.759509,36.201843,0.4813,0.0969,
usa_NC_0045_0099,113.572,-75.759728,36.202255,0.5048,0.0941,
usa_NC_0045_0100,113.621,-75.759815,36.2027,0.5088,0.0953,
usa_NC_0046_0001,113.671,-75.760014,36.203117,0.5461,0.0952,
usa_NC_0046_0002,113.72,-75.760261,36.203521,0.5988,0.0932,
usa_NC_0046_0003,113.77,-75.760404,36.203952,0.6693,0.0967,
usa_NC_0046_0004,113.819,-75.760619,36.204365,0.6859,0.0933,
usa_NC_0046_0005,113.869,-75.760841,36.204775,0.7268,0.0899,
usa_NC_0046_0006,113.918,-75.761039,36.205191,0.7301,0.0914,
usa_NC_0046_0007,113.968,-75.761258,36.205602,0.6951,0.0917,
usa_NC_0046_0008,114.017,-75.761549,36.205993,0.6923,0.0885,
usa_NC_0046_0009,114.066,-75.761751,36.206408,0.6956,0.0852,
usa_NC_0046_0010,114.116,-75.761834,36.206855,0.6792,0.0846,
usa_NC_0046_0011,114.165,-75.762053,36.207266,0.6854,0.085,
usa_NC_0046_0012,114.215,-75.762308,36.207666,0.6653,0.0822,
usa_NC_0046_0013,114.264,-75.762559,36.208067,0.6754,0.0811,
usa_NC_0046_0014,114.314,-75.762758,36.208483,0.7022,0.0797,
usa_NC_0046_0015,114.363,-75.762934,36.208905,0.7011,0.0811,
usa_NC_0046_0016,114.412,-75.763131,36.209321,0.6816,0.0804,
usa_NC_0046_0017,114.462,-75.763364,36.209727,0.6538,0.0805,
usa_NC_0046_0018,114.511,-75.76355,36.210147,0.6691,0.0827,
usa_NC_0046_0019,114.561,-75.763781,36.210553,0.6629,0.084,
usa_NC_0046_0020,114.61,-75.763889,36.210994,0.6669,0.0813,
usa_NC_0046_0021,114.659,-75.764133,36.211397,0.6709,0.0789,
usa_NC_0046_0022,114.709,-75.764259,36.211831,0.6684,0.0793,
usa_NC_0046_0023,114.758,-75.764413,36.212257,0.647,0.0784,
usa_NC_0046_0024,114.807,-75.764673,36.212652,0.631,0.0775,
usa_NC_0046_0025,114.856,-75.764894,36.213058,0.6048,0.0779,
usa_NC_0046_0026,114.905,-75.765115,36.213464,0.5766,0.0777,
usa_NC_0046_0027,114.954,-75.765268,36.21389,0.5721,0.0745,
usa_NC_0046_0028,115.003,-75.76546,36.214305,0.509,0.0721,
usa_NC_0046_0029,115.053,-75.765747,36.214691,0.5064,0.0708,
usa_NC_0046_0030,115.102,-75.765857,36.21513,0.4738,0.0713,
usa_NC_0046_0031,115.151,-75.766052,36.215544,0.4823,0.0724,
usa_NC_0046_0032,115.2,-75.766241,36.21596,0.4551,0.0734,
usa_NC_0046_0033,115.249,-75.76642,36.216379,0.4744,0.0741,
usa_NC_0046_0034,115.299,-75.766641,36.21679,0.4509,0.0744,
usa_NC_0046_0035,115.348,-75.76683,36.217211,0.3954,0.074,
usa_NC_0046_0036,115.398,-75.767029,36.217629,0.3912,0.0742,
usa_NC_0046_0037,115.448,-75.767233,36.218046,0.3605,0.072,
usa_NC_0046_0038,115.498,-75.767428,36.218465,0.389,0.072,
usa_NC_0046_0039,115.547,-75.767606,36.21889,0.3806,0.0739,
usa_NC_0046_0040,115.597,-75.767779,36.219316,0.3597,0.0725,
usa_NC_0046_0041,115.647,-75.768018,36.219721,0.3599,0.0759,
usa_NC_0046_0042,115.696,-75.768174,36.220153,0.3542,0.0737,
usa_NC_0046_0043,115.746,-75.768434,36.220551,0.3679,0.0734,
usa_NC_0046_0044,115.796,-75.768521,36.221005,0.3662,0.073,
usa_NC_0046_0045,115.845,-75.768715,36.221424,0.3669,0.073,
usa_NC_0046_0046,115.895,-75.768906,36.221845,0.4005,0.0729,
usa_NC_0046_0047,115.945,-75.76909,36.222268,0.3847,0.0708,
usa_NC_0046_0048,115.994,-75.769255,36.222697,0.3933,0.0716,
usa_NC_0046_0049,116.044,-75.769447,36.223117,0.3735,0.0712,
usa_NC_0046_0050,116.094,-75.769672,36.223527,0.3814,0.0727,
usa_NC_0046_0051,116.144,-75.769858,36.223949,0.3557,0.0715,
usa_NC_0046_0052,116.193,-75.770042,36.224372,0.3913,0.0709,
usa_NC_0046_0053,116.243,-75.770238,36.224792,0.3383,0.0714,
usa_NC_0046_0054,116.293,-75.77046,36.225205,0.3484,0.0704,
usa_NC_0046_0055,116.343,-75.770638,36.225633,0.3202,0.0716,
usa_NC_0046_0056,116.393,-75.770806,36.226063,0.3175,0.0703,
usa_NC_0046_0057,116.443,-75.770983,36.226491,0.3192,0.0707,
usa_NC_0046_0058,116.493,-75.77117,36.226915,0.3012,0.0708,
usa_NC_0046_0059,116.543,-75.771361,36.227338,0.3372,0.0708,
usa_NC_0046_0060,116.593,-75.771535,36.227767,0.3178,0.0705,
usa_NC_0046_0061,116.643,-75.771743,36.228184,0.3315,0.0705,
usa_NC_0046_0062,116.693,-75.771922,36.228611,0.3167,0.0723,
usa_NC_0046_0063,116.742,-75.77212,36.229032,0.3072,0.0701,
usa_NC_0046_0064,116.792,-75.772352,36.229441,0.2824,0.0705,
usa_NC_0046_0065,116.842,-75.77253,36.229869,0.2766,0.0701,
usa_NC_0046_0066,116.892,-75.772746,36.230284,0.2651,0.0708,
usa_NC_0046_0067,116.942,-75.772922,36.230711,0.2411,0.0705,
usa_NC_0046_0068,116.992,-75.773131,36.231129,0.2856,0.0716,
usa_NC_0046_0069,117.042,-75.773319,36.231553,0.2368,0.0699,
usa_NC_0046_0070,117.092,-75.773504,36.231978,0.2384,0.0712,
usa_NC_0046_0071,117.142,-75.77366,36.232413,0.22,0.0724,
usa_NC_0046_0072,117.192,-75.773833,36.232844,0.2412,0.0744,
usa_NC_0046_0073,117.242,-75.77403,36.233267,0.219,0.0768,
usa_NC_0046_0074,117.293,-75.774205,36.233698,0.2034,0.0713,
usa_NC_0046_0075,117.343,-75.774369,36.234132,0.2161,0.0728,
usa_NC_0046_0076,117.393,-75.774584,36.23455,0.2468,0.0673,
usa_NC_0046_0077,117.443,-75.774758,36.234981,0.2929,0.0675,
usa_NC_0046_0078,117.493,-75.774938,36.23541,0.3351,0.0667,
usa_NC_0046_0079,117.543,-75.775133,36.235834,0.3919,0.0653,
usa_NC_0046_0080,117.594,-75.775325,36.236259,0.4453,0.0666,
usa_NC_0046_0081,117.644,-75.775551,36.236673,0.4731,0.0653,
usa_NC_0046_0082,117.694,-75.775743,36.237098,0.4899,0.067,
usa_NC_0046_0083,117.744,-75.775957,36.237515,0.523,0.0671,
usa_NC_0046_0084,117.794,-75.776178,36.237931,0.5332,0.0673,
usa_NC_0046_0085,117.844,-75.77637,36.238356,0.5902,0.0679,
usa_NC_0046_0086,117.895,-75.776529,36.238792,0.5666,0.0693,
usa_NC_0046_0087,117.945,-75.776673,36.239232,0.562,0.069,
usa_NC_0046_0088,117.995,-75.776878,36.239653,0.5502,0.0706,
usa_NC_0046_0089,118.045,-75.777063,36.24008,0.5191,0.0688,
usa_NC_0046_0090,118.095,-75.777253,36.240505,0.4885,0.0707,
usa_NC_0046_0091,118.146,-75.777443,36.240931,0.4275,0.0707,
usa_NC_0046_0092,118.196,-75.777591,36.24137,0.396,0.0737,
usa_NC_0046_0093,118.246,-75.777818,36.241786,0.3222,0.0762,
usa_NC_0046_0094,118.297,-75.77802,36.242211,0.2424,0.0791,
usa_NC_0046_0095,118.347,-75.778186,36.242647,0.1858,0.0804,
usa_NC_0046_0096,118.398,-75.778349,36.243084,0.1424,0.0788,
usa_NC_0046_0097,118.448,-75.778562,36.243505,0.0995,0.0778,
usa_NC_0046_0098,118.499,-75.778722,36.243943,0.0512,0.0713,
usa_NC_0046_0099,118.549,-75.77891,36.244372,0.0304,0.0746,
usa_NC_0046_0100,118.6,-75.779185,36.244774,-0.0033,0.0732,
usa_NC_0046_0101,118.65,-75.779313,36.245221,-0.0411,0.0781,
usa_NC_0046_0102,118.7,-75.779447,36.245666,-0.0169,0.0753,
usa_NC_0046_0103,118.751,-75.779681,36.24608,-0.0407,0.0772,
usa_NC_0046_0104,118.801,-75.77984,36.246516,-0.0217,0.0765,
usa_NC_0046_0105,118.851,-75.780024,36.246945,-0.0258,0.0808,
usa_NC_0046_0106,118.902,-75.780162,36.247386,-0.0325,0.0779,
usa_NC_0046_0107,118.952,-75.780391,36.247801,-0.0065,0.0784,
usa_NC_0046_0108,119.002,-75.780521,36.248246,0.0189,0.0755,
usa_NC_0046_0109,119.053,-75.780683,36.24868,0.063,0.0756,
usa_NC_0046_0110,119.103,-75.780881,36.249104,0.0775,0.0765,
usa_NC_0046_0111,119.153,-75.781065,36.249532,0.1334,0.075,
usa_NC_0046_0112,119.203,-75.781252,36.249959,0.1041,0.0752,
usa_NC_0046_0113,119.254,-75.781431,36.250388,0.1275,0.0728,
usa_NC_0046_0114,119.304,-75.781587,36.250824,0.0933,0.0724,
usa_NC_0046_0115,119.354,-75.781756,36.251256,0.0894,0.0704,
usa_NC_0046_0116,119.404,-75.781944,36.251683,0.069,0.071,
usa_NC_0046_0117,119.455,-75.782116,36.252114,0.0418,0.0715,
usa_NC_0046_0118,119.505,-75.782299,36.252542,0.0028,0.0704,
usa_NC_0046_0119,119.555,-75.782482,36.25297,0.0175,0.0709,
usa_NC_0046_0120,119.605,-75.782651,36.253402,-0.0217,0.0706,
usa_NC_0046_0121,119.656,-75.782849,36.253826,-0.0146,0.0683,
usa_NC_0046_0122,119.706,-75.783029,36.254255,-0.0608,0.0694,
usa_NC_0046_0123,119.756,-75.783193,36.254689,-0.0322,0.0688,
usa_NC_0046_0124,119.806,-75.783341,36.255127,-0.0844,0.0697,
usa_NC_0046_0125,119.857,-75.783524,36.255555,-0.0733,0.067,
usa_NC_0046_0126,119.907,-75.783681,36.25599,-0.1313,0.0694,
usa_NC_0046_0127,119.957,-75.783863,36.256418,-0.1081,0.0703,
usa_NC_0046_0128,120.007,-75.78403,36.256851,-0.1061,0.0712,
usa_NC_0046_0129,120.058,-75.784221,36.257277,-0.0751,0.0696,
usa_NC_0046_0130,120.108,-75.78439,36.257709,-0.0767,0.0719,
usa_NC_0046_0131,120.158,-75.78459,36.258133,-0.0166,0.0701,
usa_NC_0046_0132,120.209,-75.784742,36.258569,-0.018,0.0736,
usa_NC_0046_0133,120.259,-75.784936,36.258995,0.0604,0.0723,
usa_NC_0046_0134,120.309,-75.785116,36.259424,0.06,0.072,
usa_NC_0046_0135,120.359,-75.785293,36.259854,0.1119,0.0687,
usa_NC_0046_0136,120.41,-75.785472,36.260283,0.1279,0.0694,
usa_NC_0046_0137,120.46,-75.785581,36.260731,0.1561,0.0699,
usa_NC_0046_0138,120.51,-75.785738,36.261166,0.1876,0.0721,
usa_NC_0046_0139,120.56,-75.785903,36.261599,0.2215,0.0707,
usa_NC_0046_0140,120.611,-75.786066,36.262033,0.2382,0.0701,
usa_NC_0046_0141,120.661,-75.786211,36.262471,0.2865,0.0698,
usa_NC_0046_0142,120.711,-75.786386,36.262902,0.3022,0.0716,
usa_NC_0046_0143,120.761,-75.786564,36.26333,0.3297,0.0694,
usa_NC_0046_0144,120.811,-75.786732,36.26376,0.324,0.0703,
usa_NC_0046_0145,120.861,-75.786972,36.264172,0.3356,0.0715,
usa_NC_0046_0146,120.911,-75.787082,36.264617,0.343,0.0742,
usa_NC_0046_0147,120.962,-75.78726,36.265044,0.3479,0.0735,
usa_NC_0046_0148,121.012,-75.78745,36.265469,0.3165,0.075,
usa_NC_0046_0149,121.062,-75.787609,36.265901,0.3236,0.0748,
usa_NC_0046_0150,121.112,-75.787767,36.266333,0.3003,0.0743,
usa_NC_0046_0151,121.162,-75.787949,36.26676,0.3165,0.0745,
usa_NC_0047_0001,121.212,-75.788158,36.26718,0.3642,0.0728,
usa_NC_0047_0002,121.262,-75.788267,36.267625,0.3642,0.074,
usa_NC_0047_0003,121.312,-75.788426,36.268057,0.3266,0.0721,
usa_NC_0047_0004,121.362,-75.788572,36.268493,0.3512,0.0686,
usa_NC_0047_0005,121.412,-75.78869,36.268936,0.3632,0.0697,
usa_NC_0047_0006,121.462,-75.788887,36.269358,0.3572,0.0706,
usa_NC_0047_0007,121.512,-75.789045,36.269791,0.3444,0.0687,
usa_NC_0047_0008,121.562,-75.789222,36.270219,0.3324,0.0706,
usa_NC_0047_0009,121.612,-75.789381,36.270651,0.3379,0.0724,
usa_NC_0047_0010,121.662,-75.789524,36.271088,0.3473,0.0735,
usa_NC_0047_0011,121.712,-75.78968,36.271521,0.3413,0.0702,
usa_NC_0047_0012,121.762,-75.789878,36.271943,0.321,0.0706,
usa_NC_0047_0013,121.812,-75.790036,36.272376,0.3104,0.0681,
usa_NC_0047_0014,121.862,-75.790205,36.272806,0.2725,0.0683,
usa_NC_0047_0015,121.912,-75.790382,36.273233,0.2961,0.0668,
usa_NC_0047_0016,121.962,-75.790561,36.27366,0.2638,0.0701,
usa_NC_0047_0017,122.012,-75.790671,36.274105,0.2998,0.0715,
usa_NC_0047_0018,122.062,-75.790834,36.274538,0.3089,0.0734,
usa_NC_0047_0019,122.113,-75.790999,36.27497,0.3324,0.0734,
usa_NC_0047_0020,122.163,-75.791162,36.275403,0.3047,0.0746,
usa_NC_0047_0021,122.213,-75.791323,36.275836,0.2818,0.075,
usa_NC_0047_0022,122.263,-75.79149,36.276267,0.2476,0.0757,
usa_NC_0047_0023,122.313,-75.791656,36.276699,0.239,0.077,
usa_NC_0047_0024,122.363,-75.79181,36.277134,0.1989,0.075,
usa_NC_0047_0025,122.414,-75.791979,36.277566,0.1961,0.0754,
usa_NC_0047_0026,122.464,-75.792146,36.277997,0.1053,0.0786,
usa_NC_0047_0027,122.514,-75.792294,36.278434,0.0902,0.0771,
usa_NC_0047_0028,122.564,-75.792508,36.278854,0.038,0.0781,
usa_NC_0047_0029,122.614,-75.792692,36.279281,0.0026,0.0796,
usa_NC_0047_0030,122.665,-75.792857,36.279713,-0.035,0.0776,
usa_NC_0047_0031,122.715,-75.793044,36.28014,-0.0657,0.0803,
usa_NC_0047_0032,122.765,-75.793208,36.280573,-0.0879,0.0765,
usa_NC_0047_0033,122.815,-75.793357,36.281009,-0.1113,0.0767,
usa_NC_0047_0034,122.865,-75.793549,36.281435,-0.1209,0.072,
usa_NC_0047_0035,122.915,-75.79383,36.281839,-0.1001,0.0731,
usa_NC_0047_0036,122.966,-75.793932,36.282286,-0.0889,0.0711,
usa_NC_0047_0037,123.016,-75.794091,36.28272,-0.0772,0.0701,
usa_NC_0047_0038,123.066,-75.794264,36.28315,-0.0298,0.0696,
usa_NC_0047_0039,123.116,-75.794435,36.283581,-0.0133,0.0734,
usa_NC_0047_0040,123.166,-75.794601,36.284013,0.0315,0.0746,
usa_NC_0047_0041,123.217,-75.794758,36.284447,-0.0013,0.077,
usa_NC_0047_0042,123.267,-75.79493,36.284877,0.0583,0.0761,
usa_NC_0047_0043,123.317,-75.795088,36.285311,0.044,0.0777,
usa_NC_0047_0044,123.367,-75.795257,36.285742,0.0833,0.0767,
usa_NC_0047_0045,123.417,-75.795402,36.286178,0.0925,0.0798,
usa_NC_0047_0046,123.467,-75.795573,36.286609,0.1328,0.0757,
usa_NC_0047_0047,123.517,-75.795742,36.28704,0.1607,0.0767,
usa_NC_0047_0048,123.568,-75.79587,36.287481,0.1539,0.0764,
usa_NC_0047_0049,123.618,-75.796056,36.287909,0.1721,0.0768,
usa_NC_0047_0050,123.668,-75.796178,36.288351,0.1964,0.0782,
usa_NC_0047_0051,123.718,-75.796325,36.288788,0.2129,0.076,
usa_NC_0047_0052,123.768,-75.796461,36.289227,0.1935,0.0781,
usa_NC_0047_0053,123.819,-75.79667,36.289649,0.1978,0.0778,
usa_NC_0047_0054,123.869,-75.796797,36.290091,0.2294,0.0778,
usa_NC_0047_0055,123.919,-75.797052,36.290503,0.2552,0.077,
usa_NC_0047_0056,123.969,-75.797156,36.290949,0.2192,0.0798,
usa_NC_0047_0057,124.019,-75.797287,36.29139,0.2366,0.0814,
usa_NC_0047_0058,124.07,-75.797417,36.29183,0.2222,0.0834,
usa_NC_0047_0059,124.12,-75.797549,36.29227,0.1866,0.0814,
usa_NC_0047_0060,124.17,-75.797775,36.292689,0.1625,0.0824,
usa_NC_0047_0061,124.22,-75.797894,36.293132,0.1443,0.083,
usa_NC_0047_0062,124.27,-75.798099,36.293556,0.1826,0.0786,
usa_NC_0047_0063,124.321,-75.798242,36.293994,0.1538,0.0798,
usa_NC_0047_0064,124.371,-75.798417,36.294425,0.152,0.0817,
usa_NC_0047_0065,124.421,-75.798567,36.294861,0.1002,0.0811,
usa_NC_0047_0066,124.471,-75.798676,36.295306,0.0947,0.0811,
usa_NC_0047_0067,124.522,-75.798796,36.295748,0.0695,0.083,
usa_NC_0047_0068,124.572,-75.79895,36.296182,0.0672,0.0839,
usa_NC_0047_0069,124.622,-75.799117,36.296613,0.0922,0.0832,
usa_NC_0047_0070,124.672,-75.799276,36.297046,0.0363,0.085,
usa_NC_0047_0071,124.722,-75.79941,36.297484,0.0511,0.0851,
usa_NC_0047_0072,124.772,-75.799595,36.297911,0.004,0.0861,
usa_NC_0047_0073,124.822,-75.799726,36.29835,0.0249,0.0816,
usa_NC_0047_0074,124.872,-75.799863,36.298787,-0.0033,0.0823,
usa_NC_0047_0075,124.922,-75.799999,36.299225,0.0408,0.0826,
usa_NC_0047_0076,124.972,-75.800157,36.299657,0.0284,0.0782,
usa_NC_0047_0077,125.022,-75.800348,36.300083,-0.0015,0.0799,
usa_NC_0047_0078,125.072,-75.800466,36.300525,-0.0225,0.0802,
usa_NC_0047_0079,125.122,-75.800602,36.300962,-0.0813,0.0804,
usa_NC_0047_0080,125.172,-75.80078,36.301391,-0.0816,0.0816,
usa_NC_0047_0081,125.222,-75.800938,36.301824,-0.117,0.0835,
usa_NC_0047_0082,125.272,-75.801092,36.302257,-0.1493,0.084,
usa_NC_0047_0083,125.322,-75.801249,36.302691,-0.1744,0.0872,
usa_NC_0047_0084,125.373,-75.801406,36.303124,-0.1633,0.0862,
usa_NC_0047_0085,125.423,-75.801556,36.303559,-0.1891,0.0866,
usa_NC_0047_0086,125.473,-75.801709,36.303994,-0.2121,0.0858,
usa_NC_0047_0087,125.523,-75.801875,36.304425,-0.1844,0.0839,
usa_NC_0047_0088,125.573,-75.802034,36.304859,-0.1405,0.0856,
usa_NC_0047_0089,125.623,-75.802171,36.305297,-0.1284,0.0848,
usa_NC_0047_0090,125.673,-75.802327,36.305731,-0.1221,0.0823,
usa_NC_0047_0091,125.723,-75.802538,36.306153,-0.0947,0.0794,
usa_NC_0047_0092,125.773,-75.802661,36.306594,-0.1323,0.082,
usa_NC_0047_0093,125.824,-75.802823,36.307026,-0.105,0.082,
usa_NC_0047_0094,125.874,-75.802957,36.307465,-0.105,0.0804,
usa_NC_0047_0095,125.924,-75.80313,36.307895,-0.068,0.0797,
usa_NC_0047_0096,125.974,-75.803288,36.308329,-0.0665,0.0793,
usa_NC_0047_0097,126.024,-75.803429,36.308766,-0.0681,0.0802,
usa_NC_0047_0098,126.074,-75.803592,36.309198,-0.047,0.0764,
usa_NC_0047_0099,126.124,-75.803735,36.309635,-0.0856,0.0757,
usa_NC_0047_0100,126.174,-75.803892,36.310068,-0.0575,0.0749,
usa_NC_0047_0101,126.224,-75.804043,36.310502,-0.097,0.078,
usa_NC_0047_0102,126.274,-75.804173,36.310941,-0.1137,0.0762,
usa_NC_0047_0103,126.324,-75.804349,36.311371,-0.1366,0.0741,
usa_NC_0047_0104,126.374,-75.804492,36.311807,-0.1158,0.0768,
usa_NC_0047_0105,126.424,-75.80469,36.312231,-0.1432,0.0777,
usa_NC_0047_0106,126.475,-75.804792,36.312676,-0.1253,0.0794,
usa_NC_0047_0107,126.525,-75.804981,36.313103,-0.1315,0.0793,
usa_NC_0047_0108,126.575,-75.805145,36.313535,-0.1598,0.0793,
usa_NC_0047_0109,126.625,-75.805262,36.313976,-0.1646,0.0778,
usa_NC_0047_0110,126.675,-75.805424,36.314409,-0.1908,0.0808,
usa_NC_0047_0111,126.725,-75.805623,36.314833,-0.1747,0.0817,
usa_NC_0047_0112,126.775,-75.80578,36.315267,-0.2085,0.0814,
usa_NC_0047_0113,126.825,-75.805935,36.3157,-0.1881,0.0766,
usa_NC_0047_0114,126.875,-75.806048,36.316143,-0.2137,0.0766,
usa_NC_0047_0115,126.925,-75.806256,36.316565,-0.1743,0.0763,
usa_NC_0047_0116,126.975,-75.806378,36.317006,-0.187,0.0784,
usa_NC_0047_0117,127.025,-75.806541,36.317438,-0.1993,0.0792,
usa_NC_0047_0118,127.075,-75.806766,36.317858,-0.2285,0.0791,
usa_NC_0047_0119,127.125,-75.806796,36.318317,-0.2641,0.0816,
usa_NC_0047_0120,127.175,-75.807035,36.318734,-0.2709,0.0781,
usa_NC_0047_0121,127.225,-75.807214,36.319162,-0.2816,0.0788,
usa_NC_0047_0122,127.276,-75.807302,36.31961,-0.2536,0.0812,
usa_NC_0047_0123,127.325,-75.80751,36.320031,-0.2694,0.0818,
usa_NC_0047_0124,127.375,-75.80765,36.320465,-0.2516,0.0822,
usa_NC_0047_0125,127.425,-75.807802,36.320897,-0.2683,0.0826,
usa_NC_0047_0126,127.475,-75.807967,36.321326,-0.2912,0.083,
usa_NC_0047_0127,127.525,-75.808114,36.321759,-0.3009,0.0827,
usa_NC_0047_0128,127.574,-75.808257,36.322193,-0.3131,0.0848,
usa_NC_0047_0129,127.624,-75.808342,36.322639,-0.3251,0.086,
usa_NC_0047_0130,127.674,-75.80857,36.323055,-0.3357,0.0842,
usa_NC_0047_0131,127.724,-75.808741,36.323483,-0.3067,0.0851,
usa_NC_0047_0132,127.774,-75.808775,36.323939,-0.3351,0.0864,
usa_NC_0047_0133,127.823,-75.809053,36.324345,-0.3245,0.0842,
usa_NC_0047_0134,127.873,-75.809287,36.324758,-0.3848,0.0842,
usa_NC_0047_0135,127.923,-75.809317,36.325215,-0.3627,0.085,
usa_NC_0047_0136,127.973,-75.809476,36.325645,-0.3727,0.0821,
usa_NC_0047_0137,128.022,-75.80964,36.326073,-0.3562,0.0814,
usa_NC_0047_0138,128.072,-75.809806,36.326501,-0.3215,0.082,
usa_NC_0047_0139,128.122,-75.809792,36.326968,-0.3434,0.0831,
usa_NC_0047_0140,128.171,-75.809986,36.32739,-0.3428,0.0842,
usa_NC_0047_0141,128.221,-75.810241,36.327799,-0.3493,0.0823,
usa_NC_0047_0142,128.271,-75.810561,36.328193,-0.3329,0.0834,
usa_NC_0047_0143,128.32,-75.810506,36.328669,-0.3284,0.0819,
usa_NC_0047_0144,128.37,-75.810693,36.329092,-0.274,0.0828,
usa_NC_0047_0145,128.42,-75.810757,36.329542,-0.2267,0.0825,
usa_NC_0047_0146,128.47,-75.810882,36.329979,-0.2219,0.0825,
usa_NC_0047_0147,128.519,-75.811195,36.330374,-0.1662,0.083,
usa_NC_0047_0148,128.569,-75.81127,36.330822,-0.1583,0.0843,
usa_NC_0047_0149,128.619,-75.811329,36.331275,-0.101,0.0868,
usa_NC_0047_0150,128.669,-75.811471,36.331713,-0.0956,0.0874,
usa_NC_0047_0151,128.719,-75.81166,36.332141,-0.0814,0.0855,
usa_NC_0047_0152,128.769,-75.811865,36.332565,-0.0559,0.0864,
usa_NC_0047_0153,128.82,-75.811979,36.333009,-0.0791,0.0862,
usa_NC_0047_0154,128.87,-75.812167,36.333438,-0.0706,0.0841,
usa_NC_0047_0155,128.92,-75.812293,36.333879,-0.1393,0.0832,
usa_NC_0047_0156,128.971,-75.8124,36.334325,-0.1307,0.0843,
usa_NC_0047_0157,129.021,-75.812513,36.33477,-0.1695,0.0835,
usa_NC_0047_0158,129.071,-75.812615,36.335217,-0.1702,0.0828,
usa_NC_0047_0159,129.121,-75.812742,36.335658,-0.1534,0.083,
usa_NC_0047_0160,129.171,-75.813017,36.336067,-0.2207,0.0832,
usa_NC_0047_0161,129.222,-75.813285,36.336478,-0.2003,0.0843,
usa_NC_0047_0162,129.272,-75.813289,36.336946,-0.1993,0.0844,
usa_NC_0047_0163,129.322,-75.813383,36.337394,-0.2012,0.084,
usa_NC_0047_0164,129.372,-75.813536,36.33783,-0.1789,0.0849,
usa_NC_0047_0165,129.423,-75.81365,36.338274,-0.1928,0.0892,
usa_NC_0047_0166,129.473,-75.81378,36.338714,-0.187,0.0864,
usa_NC_0047_0167,129.523,-75.813867,36.339164,-0.1892,0.0832,
usa_NC_0047_0168,129.573,-75.814044,36.339594,-0.1734,0.0821,
usa_NC_0047_0169,129.624,-75.814223,36.340024,-0.1511,0.0829,
usa_NC_0047_0170,129.674,-75.814339,36.340468,-0.16,0.0863,
usa_NC_0047_0171,129.724,-75.814495,36.340902,-0.1596,0.0869,
usa_NC_0047_0172,129.774,-75.814606,36.341347,-0.1725,0.0861,
usa_NC_0047_0173,129.825,-75.814771,36.341782,-0.2044,0.0875,
usa_NC_0047_0174,129.875,-75.814928,36.342219,-0.1551,0.0889,
usa_NC_0047_0175,129.925,-75.815008,36.342671,-0.1484,0.0879,
usa_NC_0047_0176,129.976,-75.815226,36.343096,-0.1531,0.0879,
usa_NC_0047_0177,130.026,-75.815267,36.343557,-0.1102,0.0854,
usa_NC_0047_0178,130.077,-75.815363,36.344006,-0.1533,0.0854,
usa_NC_0047_0179,130.127,-75.815496,36.344449,-0.1465,0.0856,
usa_NC_0047_0180,130.178,-75.815579,36.344901,-0.1233,0.0856,
usa_NC_0047_0181,130.228,-75.815721,36.345342,-0.1713,0.0862,
usa_NC_0047_0182,130.279,-75.815891,36.345778,-0.1597,0.0835,
usa_NC_0047_0183,130.33,-75.815996,36.346227,-0.1468,0.0826,
usa_NC_0047_0184,130.38,-75.816069,36.346681,-0.1211,0.0843,
usa_NC_0047_0185,130.431,-75.81618,36.347128,-0.0509,0.083,
usa_NC_0047_0186,130.481,-75.816395,36.347556,-0.0232,0.0805,
usa_NC_0047_0187,130.532,-75.816467,36.34801,-0.0175,0.0824,
usa_NC_0047_0188,130.582,-75.816564,36.34846,0.0004,0.0823,
usa_NC_0047_0189,130.633,-75.816732,36.348896,-0.0329,0.0826,
usa_NC_0047_0190,130.684,-75.816875,36.349338,-0.065,0.0833,
usa_NC_0047_0191,130.734,-75.817022,36.349779,-0.0774,0.0842,
usa_NC_0047_0192,130.785,-75.817142,36.350224,-0.1167,0.0852,
usa_NC_0047_0193,130.835,-75.817272,36.350668,-0.1387,0.0838,
usa_NC_0047_0194,130.886,-75.817299,36.35113,-0.1291,0.0827,
usa_NC_0047_0195,130.937,-75.817519,36.351558,-0.1476,0.0847,
usa_NC_0047_0196,130.987,-75.817673,36.351998,-0.1351,0.0868,
usa_NC_0047_0197,131.038,-75.817808,36.352441,-0.1365,0.0873,
usa_NC_0047_0198,131.088,-75.817939,36.352885,-0.1409,0.0881,
usa_NC_0047_0199,131.139,-75.817942,36.35335,-0.1336,0.0891,
usa_NC_0047_0200,131.189,-75.818168,36.353773,-0.149,0.0889,
usa_NC_0047_0201,131.239,-75.818201,36.354228,-0.1303,0.0886,
usa_NC_0048_0001,131.289,-75.81844,36.354649,-0.1542,0.0898,
usa_NC_0048_0002,131.339,-75.818605,36.355083,-0.1789,0.0903,
usa_NC_0048_0003,131.389,-75.818552,36.355553,-0.1888,0.0881,
usa_NC_0048_0004,131.439,-75.818745,36.355982,-0.1823,0.0896,
usa_NC_0048_0005,131.49,-75.818896,36.356418,-0.2002,0.0894,
usa_NC_0048_0006,131.54,-75.819031,36.356857,-0.1771,0.0885,
usa_NC_0048_0007,131.59,-75.819126,36.357303,-0.1601,0.0882,
usa_NC_0048_0008,131.64,-75.819256,36.357742,-0.1703,0.0905,
usa_NC_0048_0009,131.69,-75.819404,36.358179,-0.1118,0.0897,
usa_NC_0048_0010,131.74,-75.819443,36.358633,-0.1095,0.0886,
usa_NC_0048_0011,131.79,-75.819569,36.359074,-0.1107,0.0876,
usa_NC_0048_0012,131.84,-75.819758,36.359504,-0.1277,0.0878,
usa_NC_0048_0013,131.89,-75.819848,36.35995,-0.1421,0.0887,
usa_NC_0048_0014,131.941,-75.819903,36.360402,-0.1313,0.0896,
usa_NC_0048_0015,131.991,-75.820049,36.360839,-0.1109,0.0898,
usa_NC_0048_0016,132.041,-75.820175,36.361279,-0.1389,0.0896,
usa_NC_0048_0017,132.091,-75.820252,36.361727,-0.1813,0.0899,
usa_NC_0048_0018,132.141,-75.820414,36.362162,-0.2317,0.089,
usa_NC_0048_0019,132.191,-75.820387,36.362627,-0.2519,0.0891,
usa_NC_0048_0020,132.241,-75.820595,36.363054,-0.2799,0.0903,
usa_NC_0048_0021,132.291,-75.820761,36.363488,-0.2929,0.0885,
usa_NC_0048_0022,132.341,-75.820847,36.363935,-0.3343,0.0898,
usa_NC_0048_0023,132.392,-75.821002,36.364371,-0.3556,0.0911,
usa_NC_0048_0024,132.442,-75.821031,36.364826,-0.3411,0.0902,
usa_NC_0048_0025,132.492,-75.821186,36.365262,-0.3318,0.0885,
usa_NC_0048_0026,132.542,-75.821229,36.365716,-0.3338,0.0894,
usa_NC_0048_0027,132.592,-75.82139,36.366151,-0.313,0.0886,
usa_NC_0048_0028,132.642,-75.821543,36.366586,-0.2846,0.0864,
usa_NC_0048_0029,132.692,-75.821633,36.367032,-0.2871,0.0881,
usa_NC_0048_0030,132.742,-75.821715,36.367478,-0.3024,0.0854,
usa_NC_0048_0031,132.792,-75.821927,36.367904,-0.3245,0.0848,
usa_NC_0048_0032,132.842,-75.82202,36.368349,-0.3387,0.0821,
usa_NC_0048_0033,132.892,-75.822077,36.3688,-0.337,0.0842,
usa_NC_0048_0034,132.942,-75.822183,36.369243,-0.3381,0.0846,
usa_NC_0048_0035,132.992,-75.822426,36.369664,-0.3234,0.0875,
usa_NC_0048_0036,133.042,-75.822406,36.370126,-0.3236,0.0875,
usa_NC_0048_0037,133.092,-75.822557,36.370562,-0.34,0.0889,
usa_NC_0048_0038,133.142,-75.822721,36.370996,-0.3707,0.0903,
usa_NC_0048_0039,133.192,-75.822776,36.371447,-0.3934,0.0898,
usa_NC_0048_0040,133.243,-75.822811,36.371901,-0.4301,0.0916,
usa_NC_0048_0041,133.293,-75.823022,36.372327,-0.4717,0.0908,
usa_NC_0048_0042,133.343,-75.823131,36.372769,-0.4889,0.0893,
usa_NC_0048_0043,133.393,-75.823265,36.373208,-0.529,0.0885,
usa_NC_0048_0044,133.443,-75.823396,36.373647,-0.5474,0.0897,
usa_NC_0048_0045,133.493,-75.823516,36.374087,-0.5724,0.0909,
usa_NC_0048_0046,133.543,-75.823635,36.374528,-0.5772,0.0878,
usa_NC_0048_0047,133.593,-75.823796,36.374962,-0.5973,0.0848,
usa_NC_0048_0048,133.643,-75.823874,36.37541,-0.6065,0.0857,
usa_NC_0048_0049,133.693,-75.823988,36.375851,-0.6128,0.0882,
usa_NC_0048_0050,133.743,-75.824179,36.376281,-0.6115,0.0894,
usa_NC_0048_0051,133.793,-75.824229,36.376732,-0.5935,0.0886,
usa_NC_0048_0052,133.843,-75.824345,36.377173,-0.6119,0.0885,
usa_NC_0048_0053,133.893,-75.824518,36.377606,-0.6681,0.088,
usa_NC_0048_0054,133.943,-75.824571,36.378056,-0.7219,0.0886,
usa_NC_0048_0055,133.993,-75.82472,36.378492,-0.746,0.0852,
usa_NC_0048_0056,134.043,-75.824793,36.37894,-0.7278,0.0848,
usa_NC_0048_0057,134.093,-75.824924,36.379378,-0.735,0.0867,
usa_NC_0048_0058,134.143,-75.825002,36.379825,-0.7817,0.089,
usa_NC_0048_0059,134.193,-75.825174,36.380257,-0.8127,0.0906,
usa_NC_0048_0060,134.243,-75.825285,36.380699,-0.8519,0.0898,
usa_NC_0048_0061,134.293,-75.825383,36.381143,-0.8592,0.0895,
usa_NC_0048_0062,134.343,-75.825512,36.381582,-0.8703,0.0909,
usa_NC_0048_0063,134.393,-75.825613,36.382026,-0.8904,0.0922,
usa_NC_0048_0064,134.443,-75.825735,36.382467,-0.8526,0.0902,
usa_NC_0048_0065,134.493,-75.825849,36.382909,-0.8466,0.0873,
usa_NC_0048_0066,134.543,-75.825897,36.383361,-0.8887,0.0866,
usa_NC_0048_0067,134.593,-75.826027,36.3838,-0.9279,0.0858,
usa_NC_0048_0068,134.643,-75.826147,36.384241,-0.9037,0.0839,
usa_NC_0048_0069,134.693,-75.826243,36.384686,-0.8937,0.0853,
usa_NC_0048_0070,134.743,-75.826335,36.385131,-0.9087,0.0857,
usa_NC_0048_0071,134.794,-75.826519,36.385562,-0.9512,0.0873,
usa_NC_0048_0072,134.844,-75.826678,36.385997,-0.948,0.0864,
usa_NC_0048_0073,134.894,-75.826673,36.386457,-0.9178,0.0853,
usa_NC_0048_0074,134.944,-75.826867,36.386887,-0.9307,0.0874,
usa_NC_0048_0075,134.994,-75.826964,36.387331,-0.92,0.089,
usa_NC_0048_0076,135.044,-75.827085,36.387772,-0.9198,0.0889,
usa_NC_0048_0077,135.094,-75.82711,36.388228,-0.9197,0.091,
usa_NC_0048_0078,135.144,-75.827253,36.388665,-0.9217,0.0873,
usa_NC_0048_0079,135.194,-75.827548,36.389079,-0.9264,0.0889,
usa_NC_0048_0080,135.244,-75.82753,36.389541,-0.922,0.0915,
usa_NC_0048_0081,135.294,-75.827621,36.389987,-0.8992,0.0913,
usa_NC_0048_0082,135.344,-75.827731,36.390429,-0.8879,0.0921,
usa_NC_0048_0083,135.394,-75.827873,36.390867,-0.8497,0.0906,
usa_NC_0048_0084,135.444,-75.828004,36.391306,-0.8101,0.0902,
usa_NC_0048_0085,135.494,-75.828116,36.391749,-0.8224,0.0914,
usa_NC_0048_0086,135.545,-75.828221,36.392192,-0.8076,0.0903,
usa_NC_0048_0087,135.595,-75.828456,36.392615,-0.7656,0.0907,
usa_NC_0048_0088,135.645,-75.82852,36.393065,-0.7471,0.0913,
usa_NC_0048_0089,135.695,-75.828487,36.393529,-0.7293,0.0914,
usa_NC_0048_0090,135.745,-75.828586,36.393973,-0.7109,0.0908,
usa_NC_0048_0091,135.795,-75.828696,36.394416,-0.7204,0.0927,
usa_NC_0048_0092,135.845,-75.828839,36.394853,-0.7388,0.094,
usa_NC_0048_0093,135.895,-75.828963,36.395294,-0.7802,0.0956,
usa_NC_0048_0094,135.945,-75.829347,36.395695,-0.818,0.0954,
usa_NC_0048_0095,135.995,-75.829535,36.396126,-0.7862,0.0944,
usa_NC_0048_0096,136.045,-75.829382,36.396608,-0.8209,0.0969,
usa_NC_0048_0097,136.095,-75.83003,36.396969,-0.8372,0.0972,
usa_NC_0048_0098,136.146,-75.829995,36.397434,-0.8705,0.0965,
usa_NC_0048_0099,136.196,-75.830257,36.397853,-0.905,0.0984,
usa_NC_0048_0100,136.246,-75.830573,36.398265,-0.8882,0.0967,
usa_NC_0048_0101,136.296,-75.830612,36.398718,-0.877,0.0957,
usa_NC_0048_0102,136.346,-75.830417,36.399206,-0.8736,0.0935,
usa_NC_0048_0103,136.396,-75.830718,36.399619,-0.8936,0.093,
usa_NC_0048_0104,136.446,-75.83102,36.400031,-0.9017,0.0943,
usa_NC_0048_0105,136.496,-75.830876,36.400512,-0.9386,0.0956,
usa_NC_0048_0106,136.546,-75.830726,36.400993,-0.9303,0.093,
usa_NC_0048_0107,136.596,-75.830649,36.401463,-0.9258,0.093,
usa_NC_0048_0108,136.645,-75.831357,36.401815,-0.9259,0.0954,
usa_NC_0048_0109,136.695,-75.831329,36.402277,-0.9059,0.0959,
usa_NC_0048_0110,136.745,-75.831312,36.402738,-0.9561,0.0947,
usa_NC_0048_0111,136.795,-75.831197,36.403214,-0.9313,0.0974,
usa_NC_0048_0112,136.845,-75.831201,36.403672,-0.8925,0.0966,
usa_NC_0048_0113,136.895,-75.831251,36.404122,-0.8869,0.0952,
usa_NC_0048_0114,136.945,-75.831847,36.40449,-0.9338,0.0969,
usa_NC_0048_0115,136.995,-75.831788,36.404956,-0.9767,0.0975,
usa_NC_0048_0116,137.045,-75.832245,36.405345,-1.0066,0.0986,
usa_NC_0048_0117,137.095,-75.832415,36.405777,-1.0453,0.0967,
usa_NC_0048_0118,137.145,-75.832585,36.406209,-1.048,0.0976,
usa_NC_0048_0119,137.195,-75.832552,36.406672,-1.0484,0.0957,
usa_NC_0048_0120,137.245,-75.83249,36.407139,-1.0451,0.0954,
usa_NC_0048_0121,137.295,-75.832997,36.40752,-1.0253,0.0979,
usa_NC_0048_0122,137.345,-75.833,36.407977,-1.0196,0.1011,
usa_NC_0048_0123,137.395,-75.832808,36.408464,-1.0115,0.1009,
usa_NC_0048_0124,137.445,-75.833189,36.408864,-1.0116,0.1027,
usa_NC_0048_0125,137.494,-75.833186,36.409323,-0.9777,0.1002,
usa_NC_0048_0126,137.544,-75.833511,36.409731,-1.0218,0.1012,
usa_NC_0048_0127,137.594,-75.833549,36.410183,-1.0533,0.1013,
usa_NC_0048_0128,137.644,-75.833453,36.410655,-1.0433,0.0966,
usa_NC_0048_0129,137.694,-75.833443,36.411115,-1.0425,0.0913,
usa_NC_0048_0130,137.744,-75.833426,36.411576,-1.0394,0.0928,
usa_NC_0048_0131,137.794,-75.833486,36.412025,-1.0468,0.0948,
usa_NC_0048_0132,137.844,-75.83331,36.41251,-1.0521,0.0941,
usa_NC_0048_0133,137.894,-75.834026,36.412858,-1.0803,0.0953,
usa_NC_0048_0134,137.944,-75.834446,36.413251,-1.0274,0.0981,
usa_NC_0048_0135,137.994,-75.834353,36.413723,-1.0226,0.0993,
usa_NC_0048_0136,138.044,-75.834471,36.414163,-1.0757,0.0984,
usa_NC_0048_0137,138.094,-75.83479,36.414572,-1.094,0.1013,
usa_NC_0048_0138,138.144,-75.834488,36.415077,-1.0714,0.1034,
usa_NC_0048_0139,138.194,-75.834921,36.415468,-1.0323,0.1007,
usa_NC_0048_0140,138.243,-75.834815,36.415942,-1.0014,0.1004,
usa_NC_0048_0141,138.293,-75.834998,36.416372,-1.02,0.1005,
usa_NC_0048_0142,138.343,-75.835341,36.416777,-1.0539,0.0991,
usa_NC_0048_0143,138.393,-75.835312,36.41724,-1.0446,0.096,
usa_NC_0048_0144,138.443,-75.835315,36.417697,-1.0291,0.0956,
usa_NC_0048_0145,138.493,-75.83522,36.41817,-1.0164,0.0949,
usa_NC_0048_0146,138.543,-75.835948,36.418515,-1.0085,0.0934,
usa_NC_0048_0147,138.593,-75.835774,36.419001,-0.9976,0.0924,
usa_NC_0048_0148,138.643,-75.836088,36.41941,-0.9984,0.0943,
usa_NC_0049_0001,138.693,-75.83633,36.41983,-1.0383,0.0974,
usa_NC_0049_0002,138.743,-75.836355,36.420284,-1.0191,0.1003,
usa_NC_0049_0003,138.793,-75.836992,36.420643,-1.0007,0.1002,
usa_NC_0049_0004,138.843,-75.836075,36.421246,-0.9705,0.1028,
usa_NC_0049_0005,138.893,-75.836053,36.421709,-0.9387,0.1038,
usa_NC_0049_0006,138.943,-75.836075,36.422165,-0.857,0.1045,
usa_NC_0049_0007,138.993,-75.836177,36.422608,-0.7676,0.1052,
usa_NC_0049_0008,139.043,-75.837305,36.42289,-0.7451,0.108,
usa_NC_0049_0009,139.093,-75.83713,36.423377,-0.6977,0.1106,
usa_NC_0049_0010,139.143,-75.836928,36.423867,-0.6288,0.1159,
usa_NC_0049_0011,139.193,-75.83678,36.42435,-0.6135,0.1184,
usa_NC_0049_0012,139.243,-75.836935,36.424785,-0.5838,0.1187,
usa_NC_0049_0013,139.293,-75.837945,36.425085,-0.5574,0.1187,
usa_NC_0049_0014,139.343,-75.83724,36.425655,-0.5298,0.1139,
usa_NC_0049_0015,139.393,-75.837321,36.426101,-0.5552,0.1103,
usa_NC_0049_0016,139.443,-75.837447,36.426541,-0.5921,0.1099,
usa_NC_0049_0017,139.493,-75.837604,36.426975,-0.6113,0.1097,
usa_NC_0049_0018,139.543,-75.837746,36.427412,-0.6085,0.1103,
usa_NC_0049_0019,139.592,-75.838562,36.427739,-0.6304,0.109,
usa_NC_0049_0020,139.641,-75.838747,36.42816,-0.6486,0.1087,
usa_NC_0049_0021,139.699,-75.839433,36.428583,-0.6915,0.1092,
usa_NC_0049_0022,139.743,-75.839486,36.42898,-0.7108,0.1064,
usa_NC_0049_0023,139.788,-75.839149,36.429449,-0.7372,0.1037,
usa_NC_0049_0024,139.837,-75.838938,36.429935,-0.7941,0.1005,
usa_NC_0049_0025,139.886,-75.839633,36.430272,-0.8195,0.0981,
usa_NC_0049_0026,139.935,-75.839521,36.430742,-0.8278,0.0984,
usa_NC_0049_0027,139.984,-75.839891,36.431132,-0.8689,0.0996,
usa_NC_0049_0028,140.033,-75.83987,36.431587,-0.9044,0.1044,
usa_NC_0049_0029,140.083,-75.839732,36.432062,-0.9893,0.1033,
usa_NC_0049_0030,140.132,-75.840182,36.432437,-1.0148,0.1021,
usa_NC_0049_0031,140.181,-75.840212,36.432884,-1.0403,0.1038,
usa_NC_0049_0032,140.23,-75.839893,36.433392,-1.0654,0.106,
usa_NC_0049_0033,140.279,-75.840098,36.433809,-1.0871,0.1092,
usa_NC_0049_0034,140.328,-75.840174,36.434248,-1.0804,0.108,
usa_NC_0049_0035,140.377,-75.839985,36.434735,-1.0596,0.108,
usa_NC_0049_0036,140.426,-75.840512,36.435094,-1.0448,0.1025,
usa_NC_0049_0037,140.475,-75.839652,36.435703,-1.0075,0.1032,
usa_NC_0049_0038,140.524,-75.840817,36.435945,-0.9818,0.0966,
usa_NC_0049_0039,140.573,-75.840575,36.436443,-0.9388,0.0954,
usa_NC_0049_0040,140.622,-75.840672,36.436879,-0.9695,0.0985,
usa_NC_0049_0041,140.671,-75.841303,36.437215,-0.9631,0.1009,
usa_NC_0049_0042,140.72,-75.841362,36.437658,-0.9399,0.099,
usa_NC_0049_0043,140.769,-75.84146,36.438093,-0.9473,0.1015,
usa_NC_0049_0044,140.818,-75.841835,36.438476,-0.9492,0.1001,
usa_NC_0049_0045,140.867,-75.841989,36.4389,-0.969,0.098,
usa_NC_0049_0046,140.916,-75.841895,36.439372,-0.9806,0.0974,
usa_NC_0049_0047,140.965,-75.841689,36.439866,-0.9997,0.0949,
usa_NC_0049_0048,141.015,-75.842195,36.440222,-0.9944,0.0961,
usa_NC_0049_0049,141.064,-75.841449,36.440825,-0.9748,0.0966,
usa_NC_0049_0050,141.113,-75.841663,36.441238,-0.9844,0.0956,
usa_NC_0049_0051,141.162,-75.841475,36.441732,-0.9911,0.0965,
usa_NC_0049_0052,141.211,-75.841731,36.442138,-0.9708,0.095,
usa_NC_0049_0053,141.26,-75.841896,36.442561,-0.9791,0.097,
usa_NC_0049_0054,141.309,-75.842248,36.442947,-1.0278,0.0979,
usa_NC_0049_0055,141.359,-75.842091,36.443436,-1.0436,0.0968,
usa_NC_0049_0056,141.408,-75.842146,36.443883,-1.0537,0.0964,
usa_NC_0049_0057,141.457,-75.842775,36.44421,-1.0886,0.0961,
usa_NC_0049_0058,141.506,-75.843533,36.444509,-1.1153,0.0991,
usa_NC_0049_0059,141.555,-75.844276,36.444809,-1.1673,0.098,
usa_NC_0049_0060,141.604,-75.842807,36.445577,-1.1609,0.0972,
usa_NC_0049_0061,141.653,-75.842941,36.446007,-1.2059,0.0992,
usa_NC_0049_0062,141.702,-75.846504,36.445701,-1.1528,0.105,
usa_NC_0049_0063,141.751,-75.843298,36.446849,-1.1359,0.1034,
usa_NC_0049_0064,141.8,-75.845515,36.446826,-1.1205,0.1006,
usa_NC_0049_0065,141.849,-75.846613,36.447042,-1.1073,0.0945,
usa_NC_0049_0066,141.898,-75.844194,36.44803,-1.083,0.0921,
usa_NC_0049_0067,141.947,-75.844949,36.448322,-1.0888,0.0926,
usa_NC_0049_0068,141.996,-75.844896,36.448793,-1.0727,0.094,
usa_NC_0049_0069,142.046,-75.844839,36.44927,-1.0513,0.0985,
usa_NC_0049_0070,142.096,-75.84435,36.449847,-1.0101,0.1037,
usa_NC_0049_0071,142.146,-75.844581,36.450263,-0.9586,0.1084,
usa_NC_0049_0072,142.196,-75.844735,36.450696,-0.9789,0.1115,
usa_NC_0049_0073,142.246,-75.844798,36.45115,-0.9653,0.1138,
usa_NC_0049_0074,142.296,-75.845352,36.451494,-0.9767,0.1116,
usa_NC_0049_0075,142.346,-75.846589,36.451685,-0.9799,0.106,
usa_NC_0049_0076,142.396,-75.847278,36.451999,-0.9447,0.1046,
usa_NC_0049_0077,142.446,-75.84488,36.453002,-0.9249,0.1023,
usa_NC_0049_0078,142.496,-75.845007,36.453441,-0.8867,0.1002,
usa_NC_0049_0079,142.546,-75.846633,36.453546,-0.9033,0.1021,
usa_NC_0049_0080,142.596,-75.847552,36.453808,-0.9215,0.1038,
usa_NC_0049_0081,142.646,-75.84799,36.454178,-0.9248,0.0992,
usa_NC_0049_0082,142.696,-75.84767,36.454717,-0.896,0.1006,
usa_NC_0049_0083,142.746,-75.847918,36.455129,-0.9178,0.1031,
usa_NC_0049_0084,142.796,-75.847573,36.455674,-0.9431,0.1065,
usa_NC_0049_0085,142.846,-75.848181,36.456006,-0.968,0.1063,
usa_NC_0049_0086,142.896,-75.848167,36.456476,-0.9745,0.1033,
usa_NC_0049_0087,142.946,-75.848592,36.456849,-0.9386,0.102,
usa_NC_0049_0088,142.996,-75.848635,36.457307,-0.924,0.1016,
usa_NC_0049_0089,143.046,-75.848946,36.457705,-0.8906,0.1022,
usa_NC_0049_0090,143.096,-75.84978,36.457987,-0.8761,0.0994,
usa_NC_0049_0091,143.146,-75.84992,36.458423,-0.8833,0.0976,
usa_NC_0049_0092,143.196,-75.849757,36.458927,-0.8559,0.0966,
usa_NC_0049_0093,143.246,-75.849569,36.459437,-0.8464,0.0962,
usa_NC_0049_0094,143.296,-75.850061,36.459795,-0.8561,0.0956,
usa_NC_0049_0095,143.346,-75.848792,36.460546,-0.8217,0.0964,
usa_NC_0049_0096,143.396,-75.848639,36.461047,-0.8124,0.0956,
usa_NC_0049_0097,143.446,-75.847733,36.461718,-0.7853,0.0967,
usa_NC_0049_0098,143.496,-75.848234,36.462073,-0.766,0.0968,
usa_NC_0049_0099,143.546,-75.848451,36.462493,-0.7483,0.0956,
usa_NC_0049_0100,143.596,-75.848452,36.46296,-0.7295,0.0934,
usa_NC_0049_0101,143.646,-75.848474,36.463423,-0.729,0.0935,
usa_NC_0049_0102,143.696,-75.848541,36.463875,-0.7233,0.0934,
usa_NC_0049_0103,143.746,-75.848725,36.464302,-0.7075,0.0935,
usa_NC_0049_0104,143.796,-75.849426,36.464613,-0.6852,0.0943,
usa_NC_0049_0105,143.846,-75.84941,36.465084,-0.6441,0.094,
usa_NC_0049_0106,143.896,-75.849451,36.465543,-0.6364,0.0932,
usa_NC_0049_0107,143.946,-75.849398,36.466022,-0.6225,0.0916,
usa_NC_0049_0108,143.996,-75.849373,36.466495,-0.5854,0.0937,
usa_NC_0049_0109,144.092,-75.849857,36.467295,-0.5996,0.0909,
usa_NC_0049_0110,144.196,-75.850754,36.468097,-0.5818,0.0927,
usa_NC_0049_0111,144.346,-75.850565,36.469502,-0.5706,0.0915,
usa_NC_0049_0112,144.58,-75.850931,36.471601,-0.5457,0.1034,
usa_NC_0049_0113,144.902,-75.851482,36.474479,-0.4826,0.1096,
usa_NC_0049_0114,145.352,-75.853012,36.478351,-0.3775,0.1031,
usa_NC_0049_0115,145.854,-75.853784,36.48286,-0.1086,0.1058,
usa_NC_0049_0116,146.424,-75.855167,36.48788,0.0224,0.1009,
usa_NC_0049_0117,146.707,-75.855874,36.490367,0.0606,0.1027,
usa_NC_0049_0118,146.914,-75.856505,36.492175,0.1428,0.1004,
usa_NC_0049_0119,147.14,-75.857084,36.49416,0.3213,0.0934,
usa_NC_0049_0120,147.315,-75.8575,36.495709,0.3554,0.0894,
usa_NC_0049_0121,147.469,-75.858502,36.496973,0.3956,0.0934,
usa_NC_0049_0122,147.639,-75.857701,36.498637,0.4693,0.094,
usa_NC_0049_0123,147.731,-75.857653,36.499478,0.5527,0.0922,
usa_NC_0049_0124,147.829,-75.857877,36.500344,0.6015,0.0894,
usa_NC_0049_0125,147.931,-75.858459,36.501193,0.6447,0.0917,
usa_NC_0049_0126,148.026,-75.858301,36.502086,0.6645,0.0906,
usa_NC_0049_0127,148.076,-75.858461,36.502522,0.7233,0.0911,
usa_NC_0049_0128,148.126,-75.858774,36.502935,0.7253,0.0922,
usa_NC_0049_0129,148.176,-75.858752,36.5034,0.7434,0.0951,
usa_NC_0049_0130,148.227,-75.858848,36.503846,0.7569,0.0946,
usa_NC_0049_0131,148.277,-75.859028,36.50428,0.7324,0.0959,
usa_NC_0049_0132,148.327,-75.858888,36.504763,0.7232,0.094,
usa_NC_0049_0133,148.377,-75.859093,36.505192,0.7468,0.0903,
usa_NC_0049_0134,148.428,-75.85919,36.505639,0.8078,0.0893,
usa_NC_0049_0135,148.478,-75.859338,36.506077,0.8237,0.09,
usa_NC_0049_0136,148.528,-75.8593,36.506544,0.8299,0.087,
usa_NC_0049_0137,148.578,-75.859479,36.506977,0.9096,0.0879,
usa_NC_0049_0138,148.629,-75.859641,36.507414,0.9394,0.0876,
usa_NC_0049_0139,148.679,-75.859929,36.507832,0.9374,0.088,
usa_NC_0049_0140,148.729,-75.859782,36.508314,0.9317,0.0886,
usa_NC_0049_0141,148.779,-75.859872,36.508761,0.9588,0.0867,
usa_NC_0049_0142,148.83,-75.860002,36.509202,0.9495,0.087,
usa_NC_0049_0143,148.88,-75.860104,36.509648,0.964,0.0879,
usa_NC_0049_0144,148.93,-75.860283,36.510082,0.9843,0.0874,
usa_NC_0049_0145,148.98,-75.860318,36.510537,0.9935,0.0879,
usa_NC_0049_0146,149.031,-75.860422,36.510983,0.9794,0.0886,
usa_NC_0049_0147,149.081,-75.860503,36.511431,1.0049,0.0864,
usa_NC_0049_0148,149.131,-75.860603,36.511877,1.0468,0.0844,
usa_NC_0049_0149,149.182,-75.860803,36.512309,1.0546,0.0844,
usa_NC_0049_0150,149.232,-75.860801,36.512769,1.0395,0.0837,
usa_NC_0049_0151,149.282,-75.860917,36.513213,1.0935,0.0823,
usa_NC_0049_0152,149.332,-75.861035,36.513656,1.0842,0.0797,
usa_NC_0049_0153,149.383,-75.861114,36.514105,1.0659,0.082,
usa_NC_0049_0154,149.433,-75.861449,36.514519,1.0775,0.0826,
usa_NC_0049_0155,149.483,-75.86134,36.514994,1.0991,0.0815,
usa_NC_0049_0156,149.533,-75.861535,36.515427,1.0909,0.08,
usa_NC_0049_0157,149.584,-75.861483,36.515893,1.1242,0.0808,
usa_NC_0049_0158,149.634,-75.861553,36.516343,1.1505,0.0814,
usa_NC_0049_0159,149.684,-75.861671,36.516787,1.1633,0.0803,
usa_NC_0049_0160,149.735,-75.861791,36.51723,1.1718,0.0829,
usa_NC_0049_0161,149.785,-75.862007,36.517661,1.196,0.0853,
usa_NC_0049_0162,149.835,-75.861966,36.518125,1.205,0.0845,
usa_NC_0049_0163,149.885,-75.862061,36.51857,1.203,0.0812,
usa_NC_0049_0164,149.935,-75.86213,36.519018,1.1729,0.0815,
usa_NC_0049_0165,149.985,-75.862233,36.519461,1.1977,0.0828,
usa_NC_0049_0166,150.035,-75.862297,36.519909,1.2013,0.0845,
usa_NC_0049_0167,150.085,-75.862424,36.520349,1.209,0.0833,
usa_NC_0049_0168,150.135,-75.862489,36.520797,1.1872,0.0825,
usa_NC_0049_0169,150.185,-75.862592,36.521241,1.2211,0.0844,
usa_NC_0049_0170,150.235,-75.862646,36.521691,1.2258,0.0808,
usa_NC_0049_0171,150.285,-75.862744,36.522135,1.2273,0.0812,
usa_NC_0049_0172,150.335,-75.862819,36.522582,1.247,0.0831,
usa_NC_0049_0173,150.385,-75.862864,36.523034,1.2682,0.0818,
usa_NC_0049_0174,150.436,-75.862957,36.523479,1.2575,0.082,
usa_NC_0049_0175,150.486,-75.86303,36.523926,1.2488,0.0831,
usa_NC_0049_0176,150.536,-75.863128,36.524371,1.2326,0.0808,
usa_NC_0049_0177,150.586,-75.86322,36.524816,1.2447,0.0809,
usa_NC_0049_0178,150.636,-75.863279,36.525265,1.2773,0.0799,
usa_NC_0049_0179,150.686,-75.863366,36.525711,1.2467,0.0796,
usa_NC_0049_0180,150.736,-75.863473,36.526154,1.2189,0.0795,
usa_NC_0049_0181,150.786,-75.863571,36.526599,1.23,0.0796,
usa_NC_0049_0182,150.836,-75.8636,36.527052,1.2215,0.0768,
usa_NC_0049_0183,150.886,-75.863694,36.527497,1.2339,0.0753,
usa_NC_0049_0184,150.936,-75.863813,36.527938,1.1991,0.0751,
usa_NC_0049_0185,150.986,-75.863898,36.528384,1.1948,0.0737,
usa_NC_0049_0186,151.036,-75.863965,36.528833,1.1667,0.0752,
usa_NC_0049_0187,151.086,-75.864019,36.529283,1.1542,0.0732,
usa_NC_0049_0188,151.136,-75.86413,36.529725,1.1035,0.0748,
usa_NC_0049_0189,151.186,-75.864231,36.530169,1.1011,0.0738,
usa_NC_0049_0190,151.236,-75.86426,36.530622,1.0882,0.074,
usa_NC_0049_0191,151.287,-75.864372,36.531065,1.0659,0.0743,
usa_NC_0049_0192,151.337,-75.864432,36.531514,1.0264,0.0724,
usa_NC_0049_0193,151.387,-75.86453,36.531959,1.0085,0.0722,
usa_NC_0049_0194,151.437,-75.864577,36.532409,0.9853,0.0722,
usa_NC_0049_0195,151.487,-75.864669,36.532855,0.9169,0.0728,
usa_NC_0049_0196,151.537,-75.864793,36.533296,0.8643,0.0725,
usa_NC_0049_0197,151.587,-75.864828,36.533748,0.8263,0.0745,
usa_NC_0049_0198,151.637,-75.864944,36.53419,0.7619,0.0753,
usa_NC_0049_0199,151.687,-75.865002,36.534639,0.7015,0.0757,
usa_NC_0049_0200,151.737,-75.865977,36.534974,0.6298,0.0779,
usa_NC_0049_0201,151.787,-75.865193,36.535529,0.5182,0.0808,
usa_NC_0049_0202,151.837,-75.865235,36.53598,0.4389,0.0835,
usa_NC_0049_0203,151.887,-75.865332,36.536425,0.3332,0.084,
usa_NC_0049_0204,151.937,-75.865403,36.536872,0.2339,0.0864,
usa_NC_0049_0205,151.987,-75.865478,36.53732,0.1178,0.0893,
usa_NC_0049_0206,152.037,-75.865581,36.537763,0.0314,0.0904,
usa_NC_0049_0207,152.087,-75.865693,36.538206,-0.0259,0.0913,
usa_NC_0049_0208,152.138,-75.865761,36.538654,-0.0726,0.0917,
usa_NC_0049_0209,152.188,-75.865833,36.539102,-0.1628,0.094,
usa_NC_0049_0210,152.238,-75.86596,36.539543,-0.2372,0.0919,
usa_NC_0049_0211,152.288,-75.865962,36.539999,-0.2612,0.092,
usa_NC_0049_0212,152.338,-75.866111,36.540437,-0.3175,0.0918,
usa_NC_0049_0213,152.388,-75.866201,36.540882,-0.3805,0.0899,
usa_NC_0049_0214,152.438,-75.866321,36.541324,-0.4154,0.0887,
usa_NC_0049_0215,152.488,-75.86635,36.541777,-0.4187,0.0882,
usa_NC_0049_0216,152.538,-75.866456,36.542221,-0.4142,0.0865,
usa_NC_0049_0217,152.588,-75.866534,36.542667,-0.4942,0.0867,
usa_NC_0049_0218,152.638,-75.866578,36.543118,-0.534,0.0818,
usa_NC_0049_0219,152.688,-75.866643,36.543566,-0.549,0.08,
usa_NC_0049_0220,152.738,-75.866743,36.54401,-0.6014,0.0838,
usa_NC_0049_0221,152.788,-75.866839,36.544454,-0.6768,0.0865,
usa_NC_0049_0222,152.838,-75.866912,36.544901,-0.716,0.0847,
usa_NC_0049_0223,152.888,-75.866985,36.545348,-0.7499,0.0814,
usa_NC_0049_0224,152.938,-75.867316,36.545764,-0.7836,0.0793,
usa_NC_0049_0225,152.988,-75.867159,36.546239,-0.7899,0.0772,
usa_NC_0049_0226,153.038,-75.867249,36.546683,-0.7927,0.0752,
usa_NC_0049_0227,153.111,-75.867349,36.547333,-0.7383,0.0738,
usa_NC_0049_0228,153.207,-75.867574,36.548186,-0.7171,0.0739,
usa_NC_0049_0229,153.312,-75.867769,36.549125,-0.652,0.0796,
usa_NC_0049_0230,153.452,-75.868048,36.550364,-0.5311,0.0799,
