{
  "type" : "FeatureCollection",
  "crs" : {
    "type" : "name",
    "properties" : {
      "name" : "EPSG:3725"
    }
  },
  "features" : [{"type":"Feature","id":1,"geometry":{"type":"LineString","coordinates":[[460198.4523,3897762.3268999998],[450198.4523,3897762.3268999998]]},"properties":{"Transects_100m.OBJECTID":1,"Transects_100m.LineID":1,"Transects_100m.Shape_Length":10000,"Transects_100m_AddSpatialJoin.OBJECTID":1,"Transects_100m_AddSpatialJoin.Join_Count":0,"Transects_100m_AddSpatialJoin.TARGET_FID":1,"Transects_100m_AddSpatialJoin.Coords":null,"Transects_100m_AddSpatialJoin.domain_id":null,"Transects_100m_AddSpatialJoin.reach":null,"Transects_100m_AddSpatialJoin.z_mean":null,"Transects_100m_AddSpatialJoin.z_max":null,"Transects_100m_AddSpatialJoin.z_min":null,"Transects_100m_AddSpatialJoin.relief_m":null,"Transects_100m_AddSpatialJoin.slope_avg":null,"Transects_100m_AddSpatialJoin.road_z":null,"Transects_100m_AddSpatialJoin.shch_myr":null,"Transects_100m_AddSpatialJoin.eros_hot":null,"Transects_100m_AddSpatialJoin.bnour":null,"Transects_100m_AddSpatialJoin.bnour_yr":null,"Transects_100m_AddSpatialJoin.bnour_src":null,"Transects_100m_AddSpatialJoin.armor":null,"Transects_100m_AddSpatialJoin.editor":null,"Transects_100m_AddSpatialJoin.edit_date":null,"Transects_100m_AddSpatialJoin.notes":null,"Transects_100m_AddSpatialJoin.hotspot":null,"Transects_100m_AddSpatialJoin.Shape_Length":10000}},{"type":"Feature","id":2,"geometry":{"type":"LineString","coordinates":[[460198.4523,3897862.3268999998],[450198.4523,3897862.3268999998]]},"properties":{"Transects_100m.OBJECTID":2,"Transects_100m.LineID":2,"Transects_100m.Shape_Length":10000,"Transects_100m_AddSpatialJoin.OBJECTID":2,"Transects_100m_AddSpatialJoin.Join_Count":0,"Transects_100m_AddSpatialJoin.TARGET_FID":2,"Transects_100m_AddSpatialJoin.Coords":null,"Transects_100m_AddSpatialJoin.domain_id":null,"Transects_100m_AddSpatialJoin.reach":null,"Transects_100m_AddSpatialJoin.z_mean":null,"Transects_100m_AddSpatialJoin.z_max":null,"Transects_100m_AddSpatialJoin.z_min":null,"Transects_100m_AddSpatialJoin.relief_m":null,"Transects_100m_AddSpatialJoin.slope_avg":null,"Transects_100m_AddSpatialJoin.road_z":null,"Transects_100m_AddSpatialJoin.shch_myr":null,"Transects_100m_AddSpatialJoin.eros_hot":null,"Transects_100m_AddSpatialJoin.bnour":null,"Transects_100m_AddSpatialJoin.bnour_yr":null,"Transects_100m_AddSpatialJoin.bnour_src":null,"Transects_100m_AddSpatialJoin.armor":null,"Transects_100m_AddSpatialJoin.editor":null,"Transects_100m_AddSpatialJoin.edit_date":null,"Transects_100m_AddSpatialJoin.notes":null,"Transects_100m_AddSpatialJoin.hotspot":null,"Transects_100m_AddSpatialJoin.Shape_Length":10000}},{"type":"Feature","id":3,"geometry":{"type":"LineString","coordinates":[[460198.4523,3897962.3268999998],[450198.4523,3897962.3268999998]]},"properties":{"Transects_100m.OBJECTID":3,"Transects_100m.LineID":3,"Transects_100m.Shape_Length":10000,"Transects_100m_AddSpatialJoin.OBJECTID":3,"Transects_100m_AddSpatialJoin.Join_Count":0,"Transects_100m_AddSpatialJoin.TARGET_FID":3,"Transects_100m_AddSpatialJoin.Coords":null,"Transects_100m_AddSpatialJoin.domain_id":null,"Transects_100m_AddSpatialJoin.reach":null,"Transects_100m_AddSpatialJoin.z_mean":null,"Transects_100m_AddSpatialJoin.z_max":null,"Transects_100m_AddSpatialJoin.z_min":null,"Transects_100m_AddSpatialJoin.relief_m":null,"Transects_100m_AddSpatialJoin.slope_avg":null,"Transects_100m_AddSpatialJoin.road_z":null,"Transects_100m_AddSpatialJoin.shch_myr":null,"Transects_100m_AddSpatialJoin.eros_hot":null,"Transects_100m_AddSpatialJoin.bnour":null,"Transects_100m_AddSpatialJoin.bnour_yr":null,"Transects_100m_AddSpatialJoin.bnour_src":null,"Transects_100m_AddSpatialJoin.armor":null,"Transects_100m_AddSpatialJoin.editor":null,"Transects_100m_AddSpatialJoin.edit_date":null,"Transects_100m_AddSpatialJoin.notes":null,"Transects_100m_AddSpatialJoin.hotspot":null,"Transects_100m_AddSpatialJoin.Shape_Length":10000}},{"type":"Feature","id":4,"geometry":{"type":"LineString","coordinates":[[460198.4523,3898062.3268999998],[450198.4523,3898062.3268999998]]},"properties":{"Transects_100m.OBJECTID":4,"Transects_100m.LineID":4,"Transects_100m.Shape_Length":10000,"Transects_100m_AddSpatialJoin.OBJECTID":4,"Transects_100m_AddSpatialJoin.Join_Count":0,"Transects_100m_AddSpatialJoin.TARGET_FID":4,"Transects_100m_AddSpatialJoin.Coords":null,"Transects_100m_AddSpatialJoin.domain_id":null,"Transects_100m_AddSpatialJoin.reach":null,"Transects_100m_AddSpatialJoin.z_mean":null,"Transects_100m_AddSpatialJoin.z_max":null,"Transects_100m_AddSpatialJoin.z_min":null,"Transects_100m_AddSpatialJoin.relief_m":null,"Transects_100m_AddSpatialJoin.slope_avg":null,"Transects_100m_AddSpatialJoin.road_z":null,"Transects_100m_AddSpatialJoin.shch_myr":null,"Transects_100m_AddSpatialJoin.eros_hot":null,"Transects_100m_AddSpatialJoin.bnour":null,"Transects_100m_AddSpatialJoin.bnour_yr":null,"Transects_100m_AddSpatialJoin.bnour_src":null,"Transects_100m_AddSpatialJoin.armor":null,"Transects_100m_AddSpatialJoin.editor":null,"Transects_100m_AddSpatialJoin.edit_date":null,"Transects_100m_AddSpatialJoin.notes":null,"Transects_100m_AddSpatialJoin.hotspot":null,"Transects_100m_AddSpatialJoin.Shape_Length":10000}},{"type":"Feature","id":5,"geometry":{"type":"LineString","coordinates":[[460198.4523,3898162.3268999998],[450198.4523,3898162.3268999998]]},"properties":{"Transects_100m.OBJECTID":5,"Transects_100m.LineID":5,"Transects_100m.Shape_Length":10000,"Transects_100m_AddSpatialJoin.OBJECTID":5,"Transects_100m_AddSpatialJoin.Join_Count":0,"Transects_100m_AddSpatialJoin.TARGET_FID":5,"Transects_100m_AddSpatialJoin.Coords":null,"Transects_100m_AddSpatialJoin.domain_id":null,"Transects_100m_AddSpatialJoin.reach":null,"Transects_100m_AddSpatialJoin.z_mean":null,"Transects_100m_AddSpatialJoin.z_max":null,"Transects_100m_AddSpatialJoin.z_min":null,"Transects_100m_AddSpatialJoin.relief_m":null,"Transects_100m_AddSpatialJoin.slope_avg":null,"Transects_100m_AddSpatialJoin.road_z":null,"Transects_100m_AddSpatialJoin.shch_myr":null,"Transects_100m_AddSpatialJoin.eros_hot":null,"Transects_100m_AddSpatialJoin.bnour":null,"Transects_100m_AddSpatialJoin.bnour_yr":null,"Transects_100m_AddSpatialJoin.bnour_src":null,"Transects_100m_AddSpatialJoin.armor":null,"Transects_100m_AddSpatialJoin.editor":null,"Transects_100m_AddSpatialJoin.edit_date":null,"Transects_100m_AddSpatialJoin.notes":null,"Transects_100m_AddSpatialJoin.hotspot":null,"Transects_100m_AddSpatialJoin.Shape_Length":10000}},{"type":"Feature","id":6,"geometry":{"type":"LineString","coordinates":[[460198.4523,3898262.3268999998],[450198.4523,3898262.3268999998]]},"properties":{"Transects_100m.OBJECTID":6,"Transects_100m.LineID":6,"Transects_100m.Shape_Length":10000,"Transects_100m_AddSpatialJoin.OBJECTID":6,"Transects_100m_AddSpatialJoin.Join_Count":0,"Transects_100m_AddSpatialJoin.TARGET_FID":6,"Transects_100m_AddSpatialJoin.Coords":null,"Transects_100m_AddSpatialJoin.domain_id":null,"Transects_100m_AddSpatialJoin.reach":null,"Transects_100m_AddSpatialJoin.z_mean":null,"Transects_100m_AddSpatialJoin.z_max":null,"Transects_100m_AddSpatialJoin.z_min":null,"Transects_100m_AddSpatialJoin.relief_m":null,"Transects_100m_AddSpatialJoin.slope_avg":null,"Transects_100m_AddSpatialJoin.road_z":null,"Transects_100m_AddSpatialJoin.shch_myr":null,"Transects_100m_AddSpatialJoin.eros_hot":null,"Transects_100m_AddSpatialJoin.bnour":null,"Transects_100m_AddSpatialJoin.bnour_yr":null,"Transects_100m_AddSpatialJoin.bnour_src":null,"Transects_100m_AddSpatialJoin.armor":null,"Transects_100m_AddSpatialJoin.editor":null,"Transects_100m_AddSpatialJoin.edit_date":null,"Transects_100m_AddSpatialJoin.notes":null,"Transects_100m_AddSpatialJoin.hotspot":null,"Transects_100m_AddSpatialJoin.Shape_Length":10000}},{"type":"Feature","id":7,"geometry":{"type":"LineString","coordinates":[[460198.4523,3898362.3268999998],[450198.4523,3898362.3268999998]]},"properties":{"Transects_100m.OBJECTID":7,"Transects_100m.LineID":7,"Transects_100m.Shape_Length":10000,"Transects_100m_AddSpatialJoin.OBJECTID":7,"Transects_100m_AddSpatialJoin.Join_Count":0,"Transects_100m_AddSpatialJoin.TARGET_FID":7,"Transects_100m_AddSpatialJoin.Coords":null,"Transects_100m_AddSpatialJoin.domain_id":null,"Transects_100m_AddSpatialJoin.reach":null,"Transects_100m_AddSpatialJoin.z_mean":null,"Transects_100m_AddSpatialJoin.z_max":null,"Transects_100m_AddSpatialJoin.z_min":null,"Transects_100m_AddSpatialJoin.relief_m":null,"Transects_100m_AddSpatialJoin.slope_avg":null,"Transects_100m_AddSpatialJoin.road_z":null,"Transects_100m_AddSpatialJoin.shch_myr":null,"Transects_100m_AddSpatialJoin.eros_hot":null,"Transects_100m_AddSpatialJoin.bnour":null,"Transects_100m_AddSpatialJoin.bnour_yr":null,"Transects_100m_AddSpatialJoin.bnour_src":null,"Transects_100m_AddSpatialJoin.armor":null,"Transects_100m_AddSpatialJoin.editor":null,"Transects_100m_AddSpatialJoin.edit_date":null,"Transects_100m_AddSpatialJoin.notes":null,"Transects_100m_AddSpatialJoin.hotspot":null,"Transects_100m_AddSpatialJoin.Shape_Length":10000}},{"type":"Feature","id":8,"geometry":{"type":"LineString","coordinates":[[460198.4523,3898462.3268999998],[450198.4523,3898462.3268999998]]},"properties":{"Transects_100m.OBJECTID":8,"Transects_100m.LineID":8,"Transects_100m.Shape_Length":10000,"Transects_100m_AddSpatialJoin.OBJECTID":8,"Transects_100m_AddSpatialJoin.Join_Count":0,"Transects_100m_AddSpatialJoin.TARGET_FID":8,"Transects_100m_AddSpatialJoin.Coords":null,"Transects_100m_AddSpatialJoin.domain_id":null,"Transects_100m_AddSpatialJoin.reach":null,"Transects_100m_AddSpatialJoin.z_mean":null,"Transects_100m_AddSpatialJoin.z_max":null,"Transects_100m_AddSpatialJoin.z_min":null,"Transects_100m_AddSpatialJoin.relief_m":null,"Transects_100m_AddSpatialJoin.slope_avg":null,"Transects_100m_AddSpatialJoin.road_z":null,"Transects_100m_AddSpatialJoin.shch_myr":null,"Transects_100m_AddSpatialJoin.eros_hot":null,"Transects_100m_AddSpatialJoin.bnour":null,"Transects_100m_AddSpatialJoin.bnour_yr":null,"Transects_100m_AddSpatialJoin.bnour_src":null,"Transects_100m_AddSpatialJoin.armor":null,"Transects_100m_AddSpatialJoin.editor":null,"Transects_100m_AddSpatialJoin.edit_date":null,"Transects_100m_AddSpatialJoin.notes":null,"Transects_100m_AddSpatialJoin.hotspot":null,"Transects_100m_AddSpatialJoin.Shape_Length":10000}},{"type":"Feature","id":9,"geometry":{"type":"LineString","coordinates":[[460198.4523,3898562.3268999998],[450198.4523,3898562.3268999998]]},"properties":{"Transects_100m.OBJECTID":9,"Transects_100m.LineID":9,"Transects_100m.Shape_Length":10000,"Transects_100m_AddSpatialJoin.OBJECTID":9,"Transects_100m_AddSpatialJoin.Join_Count":0,"Transects_100m_AddSpatialJoin.TARGET_FID":9,"Transects_100m_AddSpatialJoin.Coords":null,"Transects_100m_AddSpatialJoin.domain_id":null,"Transects_100m_AddSpatialJoin.reach":null,"Transects_100m_AddSpatialJoin.z_mean":null,"Transects_100m_AddSpatialJoin.z_max":null,"Transects_100m_AddSpatialJoin.z_min":null,"Transects_100m_AddSpatialJoin.relief_m":null,"Transects_100m_AddSpatialJoin.slope_avg":null,"Transects_100m_AddSpatialJoin.road_z":null,"Transects_100m_AddSpatialJoin.shch_myr":null,"Transects_100m_AddSpatialJoin.eros_hot":null,"Transects_100m_AddSpatialJoin.bnour":null,"Transects_100m_AddSpatialJoin.bnour_yr":null,"Transects_100m_AddSpatialJoin.bnour_src":null,"Transects_100m_AddSpatialJoin.armor":null,"Transects_100m_AddSpatialJoin.editor":null,"Transects_100m_AddSpatialJoin.edit_date":null,"Transects_100m_AddSpatialJoin.notes":null,"Transects_100m_AddSpatialJoin.hotspot":null,"Transects_100m_AddSpatialJoin.Shape_Length":10000}},{"type":"Feature","id":10,"geometry":{"type":"LineString","coordinates":[[460198.4523,3898662.3268999998],[450198.4523,3898662.3268999998]]},"properties":{"Transects_100m.OBJECTID":10,"Transects_100m.LineID":10,"Transects_100m.Shape_Length":10000,"Transects_100m_AddSpatialJoin.OBJECTID":10,"Transects_100m_AddSpatialJoin.Join_Count":0,"Transects_100m_AddSpatialJoin.TARGET_FID":10,"Transects_100m_AddSpatialJoin.Coords":null,"Transects_100m_AddSpatialJoin.domain_id":null,"Transects_100m_AddSpatialJoin.reach":null,"Transects_100m_AddSpatialJoin.z_mean":null,"Transects_100m_AddSpatialJoin.z_max":null,"Transects_100m_AddSpatialJoin.z_min":null,"Transects_100m_AddSpatialJoin.relief_m":null,"Transects_100m_AddSpatialJoin.slope_avg":null,"Transects_100m_AddSpatialJoin.road_z":null,"Transects_100m_AddSpatialJoin.shch_myr":null,"Transects_100m_AddSpatialJoin.eros_hot":null,"Transects_100m_AddSpatialJoin.bnour":null,"Transects_100m_AddSpatialJoin.bnour_yr":null,"Transects_100m_AddSpatialJoin.bnour_src":null,"Transects_100m_AddSpatialJoin.armor":null,"Transects_100m_AddSpatialJoin.editor":null,"Transects_100m_AddSpatialJoin.edit_date":null,"Transects_100m_AddSpatialJoin.notes":null,"Transects_100m_AddSpatialJoin.hotspot":null,"Transects_100m_AddSpatialJoin.Shape_Length":10000}},{"type":"Feature","id":11,"geometry":{"type":"LineString","coordinates":[[460198.4523,3898762.3268999998],[450198.4523,3898762.3268999998]]},"properties":{"Transects_100m.OBJECTID":11,"Transects_100m.LineID":11,"Transects_100m.Shape_Length":10000,"Transects_100m_AddSpatialJoin.OBJECTID":11,"Transects_100m_AddSpatialJoin.Join_Count":0,"Transects_100m_AddSpatialJoin.TARGET_FID":11,"Transects_100m_AddSpatialJoin.Coords":null,"Transects_100m_AddSpatialJoin.domain_id":null,"Transects_100m_AddSpatialJoin.reach":null,"Transects_100m_AddSpatialJoin.z_mean":null,"Transects_100m_AddSpatialJoin.z_max":null,"Transects_100m_AddSpatialJoin.z_min":null,"Transects_100m_AddSpatialJoin.relief_m":null,"Transects_100m_AddSpatialJoin.slope_avg":null,"Transects_100m_AddSpatialJoin.road_z":null,"Transects_100m_AddSpatialJoin.shch_myr":null,"Transects_100m_AddSpatialJoin.eros_hot":null,"Transects_100m_AddSpatialJoin.bnour":null,"Transects_100m_AddSpatialJoin.bnour_yr":null,"Transects_100m_AddSpatialJoin.bnour_src":null,"Transects_100m_AddSpatialJoin.armor":null,"Transects_100m_AddSpatialJoin.editor":null,"Transects_100m_AddSpatialJoin.edit_date":null,"Transects_100m_AddSpatialJoin.notes":null,"Transects_100m_AddSpatialJoin.hotspot":null,"Transects_100m_AddSpatialJoin.Shape_Length":10000}},{"type":"Feature","id":12,"geometry":{"type":"LineString","coordinates":[[460198.4523,3898862.3268999998],[450198.4523,3898862.3268999998]]},"properties":{"Transects_100m.OBJECTID":12,"Transects_100m.LineID":12,"Transects_100m.Shape_Length":10000,"Transects_100m_AddSpatialJoin.OBJECTID":12,"Transects_100m_AddSpatialJoin.Join_Count":1,"Transects_100m_AddSpatialJoin.TARGET_FID":12,"Transects_100m_AddSpatialJoin.Coords":3899029,"Transects_100m_AddSpatialJoin.domain_id":1,"Transects_100m_AddSpatialJoin.reach":"","Transects_100m_AddSpatialJoin.z_mean":0,"Transects_100m_AddSpatialJoin.z_max":0,"Transects_100m_AddSpatialJoin.z_min":0,"Transects_100m_AddSpatialJoin.relief_m":0,"Transects_100m_AddSpatialJoin.slope_avg":0,"Transects_100m_AddSpatialJoin.road_z":0,"Transects_100m_AddSpatialJoin.shch_myr":0,"Transects_100m_AddSpatialJoin.eros_hot":"","Transects_100m_AddSpatialJoin.bnour":"","Transects_100m_AddSpatialJoin.bnour_yr":0,"Transects_100m_AddSpatialJoin.bnour_src":"","Transects_100m_AddSpatialJoin.armor":"","Transects_100m_AddSpatialJoin.editor":"","Transects_100m_AddSpatialJoin.edit_date":null,"Transects_100m_AddSpatialJoin.notes":"","Transects_100m_AddSpatialJoin.hotspot":0,"Transects_100m_AddSpatialJoin.Shape_Length":10000}},{"type":"Feature","id":13,"geometry":{"type":"LineString","coordinates":[[460198.4523,3898962.3268999998],[450198.4523,3898962.3268999998]]},"properties":{"Transects_100m.OBJECTID":13,"Transects_100m.LineID":13,"Transects_100m.Shape_Length":10000,"Transects_100m_AddSpatialJoin.OBJECTID":13,"Transects_100m_AddSpatialJoin.Join_Count":1,"Transects_100m_AddSpatialJoin.TARGET_FID":13,"Transects_100m_AddSpatialJoin.Coords":3899029,"Transects_100m_AddSpatialJoin.domain_id":1,"Transects_100m_AddSpatialJoin.reach":"","Transects_100m_AddSpatialJoin.z_mean":0,"Transects_100m_AddSpatialJoin.z_max":0,"Transects_100m_AddSpatialJoin.z_min":0,"Transects_100m_AddSpatialJoin.relief_m":0,"Transects_100m_AddSpatialJoin.slope_avg":0,"Transects_100m_AddSpatialJoin.road_z":0,"Transects_100m_AddSpatialJoin.shch_myr":0,"Transects_100m_AddSpatialJoin.eros_hot":"","Transects_100m_AddSpatialJoin.bnour":"","Transects_100m_AddSpatialJoin.bnour_yr":0,"Transects_100m_AddSpatialJoin.bnour_src":"","Transects_100m_AddSpatialJoin.armor":"","Transects_100m_AddSpatialJoin.editor":"","Transects_100m_AddSpatialJoin.edit_date":null,"Transects_100m_AddSpatialJoin.notes":"","Transects_100m_AddSpatialJoin.hotspot":0,"Transects_100m_AddSpatialJoin.Shape_Length":10000}},{"type":"Feature","id":14,"geometry":{"type":"LineString","coordinates":[[460198.4523,3899062.3268999998],[450198.4523,3899062.3268999998]]},"properties":{"Transects_100m.OBJECTID":14,"Transects_100m.LineID":14,"Transects_100m.Shape_Length":10000,"Transects_100m_AddSpatialJoin.OBJECTID":14,"Transects_100m_AddSpatialJoin.Join_Count":1,"Transects_100m_AddSpatialJoin.TARGET_FID":14,"Transects_100m_AddSpatialJoin.Coords":3899029,"Transects_100m_AddSpatialJoin.domain_id":1,"Transects_100m_AddSpatialJoin.reach":"","Transects_100m_AddSpatialJoin.z_mean":0,"Transects_100m_AddSpatialJoin.z_max":0,"Transects_100m_AddSpatialJoin.z_min":0,"Transects_100m_AddSpatialJoin.relief_m":0,"Transects_100m_AddSpatialJoin.slope_avg":0,"Transects_100m_AddSpatialJoin.road_z":0,"Transects_100m_AddSpatialJoin.shch_myr":0,"Transects_100m_AddSpatialJoin.eros_hot":"","Transects_100m_AddSpatialJoin.bnour":"","Transects_100m_AddSpatialJoin.bnour_yr":0,"Transects_100m_AddSpatialJoin.bnour_src":"","Transects_100m_AddSpatialJoin.armor":"","Transects_100m_AddSpatialJoin.editor":"","Transects_100m_AddSpatialJoin.edit_date":null,"Transects_100m_AddSpatialJoin.notes":"","Transects_100m_AddSpatialJoin.hotspot":0,"Transects_100m_AddSpatialJoin.Shape_Length":10000}},{"type":"Feature","id":15,"geometry":{"type":"LineString","coordinates":[[460198.4523,3899162.3268999998],[450198.4523,3899162.3268999998]]},"properties":{"Transects_100m.OBJECTID":15,"Transects_100m.LineID":15,"Transects_100m.Shape_Length":10000,"Transects_100m_AddSpatialJoin.OBJECTID":15,"Transects_100m_AddSpatialJoin.Join_Count":1,"Transects_100m_AddSpatialJoin.TARGET_FID":15,"Transects_100m_AddSpatialJoin.Coords":3899029,"Transects_100m_AddSpatialJoin.domain_id":1,"Transects_100m_AddSpatialJoin.reach":"","Transects_100m_AddSpatialJoin.z_mean":0,"Transects_100m_AddSpatialJoin.z_max":0,"Transects_100m_AddSpatialJoin.z_min":0,"Transects_100m_AddSpatialJoin.relief_m":0,"Transects_100m_AddSpatialJoin.slope_avg":0,"Transects_100m_AddSpatialJoin.road_z":0,"Transects_100m_AddSpatialJoin.shch_myr":0,"Transects_100m_AddSpatialJoin.eros_hot":"","Transects_100m_AddSpatialJoin.bnour":"","Transects_100m_AddSpatialJoin.bnour_yr":0,"Transects_100m_AddSpatialJoin.bnour_src":"","Transects_100m_AddSpatialJoin.armor":"","Transects_100m_AddSpatialJoin.editor":"","Transects_100m_AddSpatialJoin.edit_date":null,"Transects_100m_AddSpatialJoin.notes":"","Transects_100m_AddSpatialJoin.hotspot":0,"Transects_100m_AddSpatialJoin.Shape_Length":10000}},{"type":"Feature","id":16,"geometry":{"type":"LineString","coordinates":[[460198.4523,3899262.3268999998],[450198.4523,3899262.3268999998]]},"properties":{"Transects_100m.OBJECTID":16,"Transects_100m.LineID":16,"Transects_100m.Shape_Length":10000,"Transects_100m_AddSpatialJoin.OBJECTID":16,"Transects_100m_AddSpatialJoin.Join_Count":1,"Transects_100m_AddSpatialJoin.TARGET_FID":16,"Transects_100m_AddSpatialJoin.Coords":3899029,"Transects_100m_AddSpatialJoin.domain_id":1,"Transects_100m_AddSpatialJoin.reach":"","Transects_100m_AddSpatialJoin.z_mean":0,"Transects_100m_AddSpatialJoin.z_max":0,"Transects_100m_AddSpatialJoin.z_min":0,"Transects_100m_AddSpatialJoin.relief_m":0,"Transects_100m_AddSpatialJoin.slope_avg":0,"Transects_100m_AddSpatialJoin.road_z":0,"Transects_100m_AddSpatialJoin.shch_myr":0,"Transects_100m_AddSpatialJoin.eros_hot":"","Transects_100m_AddSpatialJoin.bnour":"","Transects_100m_AddSpatialJoin.bnour_yr":0,"Transects_100m_AddSpatialJoin.bnour_src":"","Transects_100m_AddSpatialJoin.armor":"","Transects_100m_AddSpatialJoin.editor":"","Transects_100m_AddSpatialJoin.edit_date":null,"Transects_100m_AddSpatialJoin.notes":"","Transects_100m_AddSpatialJoin.hotspot":0,"Transects_100m_AddSpatialJoin.Shape_Length":10000}},{"type":"Feature","id":17,"geometry":{"type":"LineString","coordinates":[[460198.4523,3899362.3268999998],[450198.4523,3899362.3268999998]]},"properties":{"Transects_100m.OBJECTID":17,"Transects_100m.LineID":17,"Transects_100m.Shape_Length":10000,"Transects_100m_AddSpatialJoin.OBJECTID":17,"Transects_100m_AddSpatialJoin.Join_Count":1,"Transects_100m_AddSpatialJoin.TARGET_FID":17,"Transects_100m_AddSpatialJoin.Coords":3899535,"Transects_100m_AddSpatialJoin.domain_id":2,"Transects_100m_AddSpatialJoin.reach":"","Transects_100m_AddSpatialJoin.z_mean":0,"Transects_100m_AddSpatialJoin.z_max":0,"Transects_100m_AddSpatialJoin.z_min":0,"Transects_100m_AddSpatialJoin.relief_m":0,"Transects_100m_AddSpatialJoin.slope_avg":0,"Transects_100m_AddSpatialJoin.road_z":0,"Transects_100m_AddSpatialJoin.shch_myr":0,"Transects_100m_AddSpatialJoin.eros_hot":"","Transects_100m_AddSpatialJoin.bnour":"","Transects_100m_AddSpatialJoin.bnour_yr":0,"Transects_100m_AddSpatialJoin.bnour_src":"","Transects_100m_AddSpatialJoin.armor":"","Transects_100m_AddSpatialJoin.editor":"","Transects_100m_AddSpatialJoin.edit_date":null,"Transects_100m_AddSpatialJoin.notes":"","Transects_100m_AddSpatialJoin.hotspot":0,"Transects_100m_AddSpatialJoin.Shape_Length":10000}},{"type":"Feature","id":18,"geometry":{"type":"LineString","coordinates":[[460198.4523,3899462.3268999998],[450198.4523,3899462.3268999998]]},"properties":{"Transects_100m.OBJECTID":18,"Transects_100m.LineID":18,"Transects_100m.Shape_Length":10000,"Transects_100m_AddSpatialJoin.OBJECTID":18,"Transects_100m_AddSpatialJoin.Join_Count":1,"Transects_100m_AddSpatialJoin.TARGET_FID":18,"Transects_100m_AddSpatialJoin.Coords":3899535,"Transects_100m_AddSpatialJoin.domain_id":2,"Transects_100m_AddSpatialJoin.reach":"","Transects_100m_AddSpatialJoin.z_mean":0,"Transects_100m_AddSpatialJoin.z_max":0,"Transects_100m_AddSpatialJoin.z_min":0,"Transects_100m_AddSpatialJoin.relief_m":0,"Transects_100m_AddSpatialJoin.slope_avg":0,"Transects_100m_AddSpatialJoin.road_z":0,"Transects_100m_AddSpatialJoin.shch_myr":0,"Transects_100m_AddSpatialJoin.eros_hot":"","Transects_100m_AddSpatialJoin.bnour":"","Transects_100m_AddSpatialJoin.bnour_yr":0,"Transects_100m_AddSpatialJoin.bnour_src":"","Transects_100m_AddSpatialJoin.armor":"","Transects_100m_AddSpatialJoin.editor":"","Transects_100m_AddSpatialJoin.edit_date":null,"Transects_100m_AddSpatialJoin.notes":"","Transects_100m_AddSpatialJoin.hotspot":0,"Transects_100m_AddSpatialJoin.Shape_Length":10000}},{"type":"Feature","id":19,"geometry":{"type":"LineString","coordinates":[[460198.4523,3899562.3268999998],[450198.4523,3899562.3268999998]]},"properties":{"Transects_100m.OBJECTID":19,"Transects_100m.LineID":19,"Transects_100m.Shape_Length":10000,"Transects_100m_AddSpatialJoin.OBJECTID":19,"Transects_100m_AddSpatialJoin.Join_Count":1,"Transects_100m_AddSpatialJoin.TARGET_FID":19,"Transects_100m_AddSpatialJoin.Coords":3899535,"Transects_100m_AddSpatialJoin.domain_id":2,"Transects_100m_AddSpatialJoin.reach":"","Transects_100m_AddSpatialJoin.z_mean":0,"Transects_100m_AddSpatialJoin.z_max":0,"Transects_100m_AddSpatialJoin.z_min":0,"Transects_100m_AddSpatialJoin.relief_m":0,"Transects_100m_AddSpatialJoin.slope_avg":0,"Transects_100m_AddSpatialJoin.road_z":0,"Transects_100m_AddSpatialJoin.shch_myr":0,"Transects_100m_AddSpatialJoin.eros_hot":"","Transects_100m_AddSpatialJoin.bnour":"","Transects_100m_AddSpatialJoin.bnour_yr":0,"Transects_100m_AddSpatialJoin.bnour_src":"","Transects_100m_AddSpatialJoin.armor":"","Transects_100m_AddSpatialJoin.editor":"","Transects_100m_AddSpatialJoin.edit_date":null,"Transects_100m_AddSpatialJoin.notes":"","Transects_100m_AddSpatialJoin.hotspot":0,"Transects_100m_AddSpatialJoin.Shape_Length":10000}},{"type":"Feature","id":20,"geometry":{"type":"LineString","coordinates":[[460198.4523,3899662.3268999998],[450198.4523,3899662.3268999998]]},"properties":{"Transects_100m.OBJECTID":20,"Transects_100m.LineID":20,"Transects_100m.Shape_Length":10000,"Transects_100m_AddSpatialJoin.OBJECTID":20,"Transects_100m_AddSpatialJoin.Join_Count":1,"Transects_100m_AddSpatialJoin.TARGET_FID":20,"Transects_100m_AddSpatialJoin.Coords":3899535,"Transects_100m_AddSpatialJoin.domain_id":2,"Transects_100m_AddSpatialJoin.reach":"","Transects_100m_AddSpatialJoin.z_mean":0,"Transects_100m_AddSpatialJoin.z_max":0,"Transects_100m_AddSpatialJoin.z_min":0,"Transects_100m_AddSpatialJoin.relief_m":0,"Transects_100m_AddSpatialJoin.slope_avg":0,"Transects_100m_AddSpatialJoin.road_z":0,"Transects_100m_AddSpatialJoin.shch_myr":0,"Transects_100m_AddSpatialJoin.eros_hot":"","Transects_100m_AddSpatialJoin.bnour":"","Transects_100m_AddSpatialJoin.bnour_yr":0,"Transects_100m_AddSpatialJoin.bnour_src":"","Transects_100m_AddSpatialJoin.armor":"","Transects_100m_AddSpatialJoin.editor":"","Transects_100m_AddSpatialJoin.edit_date":null,"Transects_100m_AddSpatialJoin.notes":"","Transects_100m_AddSpatialJoin.hotspot":0,"Transects_100m_AddSpatialJoin.Shape_Length":10000}},{"type":"Feature","id":21,"geometry":{"type":"LineString","coordinates":[[460198.4523,3899762.3268999998],[450198.4523,3899762.3268999998]]},"properties":{"Transects_100m.OBJECTID":21,"Transects_100m.LineID":21,"Transects_100m.Shape_Length":10000,"Transects_100m_AddSpatialJoin.OBJECTID":21,"Transects_100m_AddSpatialJoin.Join_Count":1,"Transects_100m_AddSpatialJoin.TARGET_FID":21,"Transects_100m_AddSpatialJoin.Coords":3899535,"Transects_100m_AddSpatialJoin.domain_id":2,"Transects_100m_AddSpatialJoin.reach":"","Transects_100m_AddSpatialJoin.z_mean":0,"Transects_100m_AddSpatialJoin.z_max":0,"Transects_100m_AddSpatialJoin.z_min":0,"Transects_100m_AddSpatialJoin.relief_m":0,"Transects_100m_AddSpatialJoin.slope_avg":0,"Transects_100m_AddSpatialJoin.road_z":0,"Transects_100m_AddSpatialJoin.shch_myr":0,"Transects_100m_AddSpatialJoin.eros_hot":"","Transects_100m_AddSpatialJoin.bnour":"","Transects_100m_AddSpatialJoin.bnour_yr":0,"Transects_100m_AddSpatialJoin.bnour_src":"","Transects_100m_AddSpatialJoin.armor":"","Transects_100m_AddSpatialJoin.editor":"","Transects_100m_AddSpatialJoin.edit_date":null,"Transects_100m_AddSpatialJoin.notes":"","Transects_100m_AddSpatialJoin.hotspot":0,"Transects_100m_AddSpatialJoin.Shape_Length":10000}},{"type":"Feature","id":22,"geometry":{"type":"LineString","coordinates":[[460198.4523,3899862.3268999998],[450198.4523,3899862.3268999998]]},"properties":{"Transects_100m.OBJECTID":22,"Transects_100m.LineID":22,"Transects_100m.Shape_Length":10000,"Transects_100m_AddSpatialJoin.OBJECTID":22,"Transects_100m_AddSpatialJoin.Join_Count":1,"Transects_100m_AddSpatialJoin.TARGET_FID":22,"Transects_100m_AddSpatialJoin.Coords":3900040,"Transects_100m_AddSpatialJoin.domain_id":3,"Transects_100m_AddSpatialJoin.reach":"","Transects_100m_AddSpatialJoin.z_mean":0,"Transects_100m_AddSpatialJoin.z_max":0,"Transects_100m_AddSpatialJoin.z_min":0,"Transects_100m_AddSpatialJoin.relief_m":0,"Transects_100m_AddSpatialJoin.slope_avg":0,"Transects_100m_AddSpatialJoin.road_z":0,"Transects_100m_AddSpatialJoin.shch_myr":0,"Transects_100m_AddSpatialJoin.eros_hot":"","Transects_100m_AddSpatialJoin.bnour":"","Transects_100m_AddSpatialJoin.bnour_yr":0,"Transects_100m_AddSpatialJoin.bnour_src":"","Transects_100m_AddSpatialJoin.armor":"","Transects_100m_AddSpatialJoin.editor":"","Transects_100m_AddSpatialJoin.edit_date":null,"Transects_100m_AddSpatialJoin.notes":"","Transects_100m_AddSpatialJoin.hotspot":0,"Transects_100m_AddSpatialJoin.Shape_Length":10000}},{"type":"Feature","id":23,"geometry":{"type":"LineString","coordinates":[[460198.4523,3899962.3268999998],[450198.4523,3899962.3268999998]]},"properties":{"Transects_100m.OBJECTID":23,"Transects_100m.LineID":23,"Transects_100m.Shape_Length":10000,"Transects_100m_AddSpatialJoin.OBJECTID":23,"Transects_100m_AddSpatialJoin.Join_Count":1,"Transects_100m_AddSpatialJoin.TARGET_FID":23,"Transects_100m_AddSpatialJoin.Coords":3900040,"Transects_100m_AddSpatialJoin.domain_id":3,"Transects_100m_AddSpatialJoin.reach":"","Transects_100m_AddSpatialJoin.z_mean":0,"Transects_100m_AddSpatialJoin.z_max":0,"Transects_100m_AddSpatialJoin.z_min":0,"Transects_100m_AddSpatialJoin.relief_m":0,"Transects_100m_AddSpatialJoin.slope_avg":0,"Transects_100m_AddSpatialJoin.road_z":0,"Transects_100m_AddSpatialJoin.shch_myr":0,"Transects_100m_AddSpatialJoin.eros_hot":"","Transects_100m_AddSpatialJoin.bnour":"","Transects_100m_AddSpatialJoin.bnour_yr":0,"Transects_100m_AddSpatialJoin.bnour_src":"","Transects_100m_AddSpatialJoin.armor":"","Transects_100m_AddSpatialJoin.editor":"","Transects_100m_AddSpatialJoin.edit_date":null,"Transects_100m_AddSpatialJoin.notes":"","Transects_100m_AddSpatialJoin.hotspot":0,"Transects_100m_AddSpatialJoin.Shape_Length":10000}},{"type":"Feature","id":24,"geometry":{"type":"LineString","coordinates":[[460198.4523,3900062.3268999998],[450198.4523,3900062.3268999998]]},"properties":{"Transects_100m.OBJECTID":24,"Transects_100m.LineID":24,"Transects_100m.Shape_Length":10000,"Transects_100m_AddSpatialJoin.OBJECTID":24,"Transects_100m_AddSpatialJoin.Join_Count":1,"Transects_100m_AddSpatialJoin.TARGET_FID":24,"Transects_100m_AddSpatialJoin.Coords":3900040,"Transects_100m_AddSpatialJoin.domain_id":3,"Transects_100m_AddSpatialJoin.reach":"","Transects_100m_AddSpatialJoin.z_mean":0,"Transects_100m_AddSpatialJoin.z_max":0,"Transects_100m_AddSpatialJoin.z_min":0,"Transects_100m_AddSpatialJoin.relief_m":0,"Transects_100m_AddSpatialJoin.slope_avg":0,"Transects_100m_AddSpatialJoin.road_z":0,"Transects_100m_AddSpatialJoin.shch_myr":0,"Transects_100m_AddSpatialJoin.eros_hot":"","Transects_100m_AddSpatialJoin.bnour":"","Transects_100m_AddSpatialJoin.bnour_yr":0,"Transects_100m_AddSpatialJoin.bnour_src":"","Transects_100m_AddSpatialJoin.armor":"","Transects_100m_AddSpatialJoin.editor":"","Transects_100m_AddSpatialJoin.edit_date":null,"Transects_100m_AddSpatialJoin.notes":"","Transects_100m_AddSpatialJoin.hotspot":0,"Transects_100m_AddSpatialJoin.Shape_Length":10000}},{"type":"Feature","id":25,"geometry":{"type":"LineString","coordinates":[[460198.4523,3900162.3268999998],[450198.4523,3900162.3268999998]]},"properties":{"Transects_100m.OBJECTID":25,"Transects_100m.LineID":25,"Transects_100m.Shape_Length":10000,"Transects_100m_AddSpatialJoin.OBJECTID":25,"Transects_100m_AddSpatialJoin.Join_Count":1,"Transects_100m_AddSpatialJoin.TARGET_FID":25,"Transects_100m_AddSpatialJoin.Coords":3900040,"Transects_100m_AddSpatialJoin.domain_id":3,"Transects_100m_AddSpatialJoin.reach":"","Transects_100m_AddSpatialJoin.z_mean":0,"Transects_100m_AddSpatialJoin.z_max":0,"Transects_100m_AddSpatialJoin.z_min":0,"Transects_100m_AddSpatialJoin.relief_m":0,"Transects_100m_AddSpatialJoin.slope_avg":0,"Transects_100m_AddSpatialJoin.road_z":0,"Transects_100m_AddSpatialJoin.shch_myr":0,"Transects_100m_AddSpatialJoin.eros_hot":"","Transects_100m_AddSpatialJoin.bnour":"","Transects_100m_AddSpatialJoin.bnour_yr":0,"Transects_100m_AddSpatialJoin.bnour_src":"","Transects_100m_AddSpatialJoin.armor":"","Transects_100m_AddSpatialJoin.editor":"","Transects_100m_AddSpatialJoin.edit_date":null,"Transects_100m_AddSpatialJoin.notes":"","Transects_100m_AddSpatialJoin.hotspot":0,"Transects_100m_AddSpatialJoin.Shape_Length":10000}},{"type":"Feature","id":26,"geometry":{"type":"LineString","coordinates":[[460198.4523,3900262.3268999998],[450198.4523,3900262.3268999998]]},"properties":{"Transects_100m.OBJECTID":26,"Transects_100m.LineID":26,"Transects_100m.Shape_Length":10000,"Transects_100m_AddSpatialJoin.OBJECTID":26,"Transects_100m_AddSpatialJoin.Join_Count":1,"Transects_100m_AddSpatialJoin.TARGET_FID":26,"Transects_100m_AddSpatialJoin.Coords":3900040,"Transects_100m_AddSpatialJoin.domain_id":3,"Transects_100m_AddSpatialJoin.reach":"","Transects_100m_AddSpatialJoin.z_mean":0,"Transects_100m_AddSpatialJoin.z_max":0,"Transects_100m_AddSpatialJoin.z_min":0,"Transects_100m_AddSpatialJoin.relief_m":0,"Transects_100m_AddSpatialJoin.slope_avg":0,"Transects_100m_AddSpatialJoin.road_z":0,"Transects_100m_AddSpatialJoin.shch_myr":0,"Transects_100m_AddSpatialJoin.eros_hot":"","Transects_100m_AddSpatialJoin.bnour":"","Transects_100m_AddSpatialJoin.bnour_yr":0,"Transects_100m_AddSpatialJoin.bnour_src":"","Transects_100m_AddSpatialJoin.armor":"","Transects_100m_AddSpatialJoin.editor":"","Transects_100m_AddSpatialJoin.edit_date":null,"Transects_100m_AddSpatialJoin.notes":"","Transects_100m_AddSpatialJoin.hotspot":0,"Transects_100m_AddSpatialJoin.Shape_Length":10000}},{"type":"Feature","id":27,"geometry":{"type":"LineString","coordinates":[[460198.4523,3900362.3268999998],[450198.4523,3900362.3268999998]]},"properties":{"Transects_100m.OBJECTID":27,"Transects_100m.LineID":27,"Transects_100m.Shape_Length":10000,"Transects_100m_AddSpatialJoin.OBJECTID":27,"Transects_100m_AddSpatialJoin.Join_Count":1,"Transects_100m_AddSpatialJoin.TARGET_FID":27,"Transects_100m_AddSpatialJoin.Coords":3900543,"Transects_100m_AddSpatialJoin.domain_id":4,"Transects_100m_AddSpatialJoin.reach":"","Transects_100m_AddSpatialJoin.z_mean":0,"Transects_100m_AddSpatialJoin.z_max":0,"Transects_100m_AddSpatialJoin.z_min":0,"Transects_100m_AddSpatialJoin.relief_m":0,"Transects_100m_AddSpatialJoin.slope_avg":0,"Transects_100m_AddSpatialJoin.road_z":0,"Transects_100m_AddSpatialJoin.shch_myr":0,"Transects_100m_AddSpatialJoin.eros_hot":"","Transects_100m_AddSpatialJoin.bnour":"","Transects_100m_AddSpatialJoin.bnour_yr":0,"Transects_100m_AddSpatialJoin.bnour_src":"","Transects_100m_AddSpatialJoin.armor":"","Transects_100m_AddSpatialJoin.editor":"","Transects_100m_AddSpatialJoin.edit_date":null,"Transects_100m_AddSpatialJoin.notes":"","Transects_100m_AddSpatialJoin.hotspot":0,"Transects_100m_AddSpatialJoin.Shape_Length":10000}},{"type":"Feature","id":28,"geometry":{"type":"LineString","coordinates":[[460198.4523,3900462.3268999998],[450198.4523,3900462.3268999998]]},"properties":{"Transects_100m.OBJECTID":28,"Transects_100m.LineID":28,"Transects_100m.Shape_Length":10000,"Transects_100m_AddSpatialJoin.OBJECTID":28,"Transects_100m_AddSpatialJoin.Join_Count":1,"Transects_100m_AddSpatialJoin.TARGET_FID":28,"Transects_100m_AddSpatialJoin.Coords":3900543,"Transects_100m_AddSpatialJoin.domain_id":4,"Transects_100m_AddSpatialJoin.reach":"","Transects_100m_AddSpatialJoin.z_mean":0,"Transects_100m_AddSpatialJoin.z_max":0,"Transects_100m_AddSpatialJoin.z_min":0,"Transects_100m_AddSpatialJoin.relief_m":0,"Transects_100m_AddSpatialJoin.slope_avg":0,"Transects_100m_AddSpatialJoin.road_z":0,"Transects_100m_AddSpatialJoin.shch_myr":0,"Transects_100m_AddSpatialJoin.eros_hot":"","Transects_100m_AddSpatialJoin.bnour":"","Transects_100m_AddSpatialJoin.bnour_yr":0,"Transects_100m_AddSpatialJoin.bnour_src":"","Transects_100m_AddSpatialJoin.armor":"","Transects_100m_AddSpatialJoin.editor":"","Transects_100m_AddSpatialJoin.edit_date":null,"Transects_100m_AddSpatialJoin.notes":"","Transects_100m_AddSpatialJoin.hotspot":0,"Transects_100m_AddSpatialJoin.Shape_Length":10000}},{"type":"Feature","id":29,"geometry":{"type":"LineString","coordinates":[[460198.4523,3900562.3268999998],[450198.4523,3900562.3268999998]]},"properties":{"Transects_100m.OBJECTID":29,"Transects_100m.LineID":29,"Transects_100m.Shape_Length":10000,"Transects_100m_AddSpatialJoin.OBJECTID":29,"Transects_100m_AddSpatialJoin.Join_Count":1,"Transects_100m_AddSpatialJoin.TARGET_FID":29,"Transects_100m_AddSpatialJoin.Coords":3900543,"Transects_100m_AddSpatialJoin.domain_id":4,"Transects_100m_AddSpatialJoin.reach":"","Transects_100m_AddSpatialJoin.z_mean":0,"Transects_100m_AddSpatialJoin.z_max":0,"Transects_100m_AddSpatialJoin.z_min":0,"Transects_100m_AddSpatialJoin.relief_m":0,"Transects_100m_AddSpatialJoin.slope_avg":0,"Transects_100m_AddSpatialJoin.road_z":0,"Transects_100m_AddSpatialJoin.shch_myr":0,"Transects_100m_AddSpatialJoin.eros_hot":"","Transects_100m_AddSpatialJoin.bnour":"","Transects_100m_AddSpatialJoin.bnour_yr":0,"Transects_100m_AddSpatialJoin.bnour_src":"","Transects_100m_AddSpatialJoin.armor":"","Transects_100m_AddSpatialJoin.editor":"","Transects_100m_AddSpatialJoin.edit_date":null,"Transects_100m_AddSpatialJoin.notes":"","Transects_100m_AddSpatialJoin.hotspot":0,"Transects_100m_AddSpatialJoin.Shape_Length":10000}},{"type":"Feature","id":30,"geometry":{"type":"LineString","coordinates":[[460198.4523,3900662.3268999998],[450198.4523,3900662.3268999998]]},"properties":{"Transects_100m.OBJECTID":30,"Transects_100m.LineID":30,"Transects_100m.Shape_Length":10000,"Transects_100m_AddSpatialJoin.OBJECTID":30,"Transects_100m_AddSpatialJoin.Join_Count":1,"Transects_100m_AddSpatialJoin.TARGET_FID":30,"Transects_100m_AddSpatialJoin.Coords":3900543,"Transects_100m_AddSpatialJoin.domain_id":4,"Transects_100m_AddSpatialJoin.reach":"","Transects_100m_AddSpatialJoin.z_mean":0,"Transects_100m_AddSpatialJoin.z_max":0,"Transects_100m_AddSpatialJoin.z_min":0,"Transects_100m_AddSpatialJoin.relief_m":0,"Transects_100m_AddSpatialJoin.slope_avg":0,"Transects_100m_AddSpatialJoin.road_z":0,"Transects_100m_AddSpatialJoin.shch_myr":0,"Transects_100m_AddSpatialJoin.eros_hot":"","Transects_100m_AddSpatialJoin.bnour":"","Transects_100m_AddSpatialJoin.bnour_yr":0,"Transects_100m_AddSpatialJoin.bnour_src":"","Transects_100m_AddSpatialJoin.armor":"","Transects_100m_AddSpatialJoin.editor":"","Transects_100m_AddSpatialJoin.edit_date":null,"Transects_100m_AddSpatialJoin.notes":"","Transects_100m_AddSpatialJoin.hotspot":0,"Transects_100m_AddSpatialJoin.Shape_Length":10000}},{"type":"Feature","id":31,"geometry":{"type":"LineString","coordinates":[[460198.4523,3900762.3268999998],[450198.4523,3900762.3268999998]]},"properties":{"Transects_100m.OBJECTID":31,"Transects_100m.LineID":31,"Transects_100m.Shape_Length":10000,"Transects_100m_AddSpatialJoin.OBJECTID":31,"Transects_100m_AddSpatialJoin.Join_Count":1,"Transects_100m_AddSpatialJoin.TARGET_FID":31,"Transects_100m_AddSpatialJoin.Coords":3900543,"Transects_100m_AddSpatialJoin.domain_id":4,"Transects_100m_AddSpatialJoin.reach":"","Transects_100m_AddSpatialJoin.z_mean":0,"Transects_100m_AddSpatialJoin.z_max":0,"Transects_100m_AddSpatialJoin.z_min":0,"Transects_100m_AddSpatialJoin.relief_m":0,"Transects_100m_AddSpatialJoin.slope_avg":0,"Transects_100m_AddSpatialJoin.road_z":0,"Transects_100m_AddSpatialJoin.shch_myr":0,"Transects_100m_AddSpatialJoin.eros_hot":"","Transects_100m_AddSpatialJoin.bnour":"","Transects_100m_AddSpatialJoin.bnour_yr":0,"Transects_100m_AddSpatialJoin.bnour_src":"","Transects_100m_AddSpatialJoin.armor":"","Transects_100m_AddSpatialJoin.editor":"","Transects_100m_AddSpatialJoin.edit_date":null,"Transects_100m_AddSpatialJoin.notes":"","Transects_100m_AddSpatialJoin.hotspot":0,"Transects_100m_AddSpatialJoin.Shape_Length":10000}},{"type":"Feature","id":32,"geometry":{"type":"LineString","coordinates":[[460198.4523,3900862.3268999998],[450198.4523,3900862.3268999998]]},"properties":{"Transects_100m.OBJECTID":32,"Transects_100m.LineID":32,"Transects_100m.Shape_Length":10000,"Transects_100m_AddSpatialJoin.OBJECTID":32,"Transects_100m_AddSpatialJoin.Join_Count":1,"Transects_100m_AddSpatialJoin.TARGET_FID":32,"Transects_100m_AddSpatialJoin.Coords":3901046,"Transects_100m_AddSpatialJoin.domain_id":5,"Transects_100m_AddSpatialJoin.reach":"","Transects_100m_AddSpatialJoin.z_mean":0,"Transects_100m_AddSpatialJoin.z_max":0,"Transects_100m_AddSpatialJoin.z_min":0,"Transects_100m_AddSpatialJoin.relief_m":0,"Transects_100m_AddSpatialJoin.slope_avg":0,"Transects_100m_AddSpatialJoin.road_z":0,"Transects_100m_AddSpatialJoin.shch_myr":0,"Transects_100m_AddSpatialJoin.eros_hot":"","Transects_100m_AddSpatialJoin.bnour":"","Transects_100m_AddSpatialJoin.bnour_yr":0,"Transects_100m_AddSpatialJoin.bnour_src":"","Transects_100m_AddSpatialJoin.armor":"","Transects_100m_AddSpatialJoin.editor":"","Transects_100m_AddSpatialJoin.edit_date":null,"Transects_100m_AddSpatialJoin.notes":"","Transects_100m_AddSpatialJoin.hotspot":0,"Transects_100m_AddSpatialJoin.Shape_Length":10000}},{"type":"Feature","id":33,"geometry":{"type":"LineString","coordinates":[[460198.4523,3900962.3268999998],[450198.4523,3900962.3268999998]]},"properties":{"Transects_100m.OBJECTID":33,"Transects_100m.LineID":33,"Transects_100m.Shape_Length":10000,"Transects_100m_AddSpatialJoin.OBJECTID":33,"Transects_100m_AddSpatialJoin.Join_Count":1,"Transects_100m_AddSpatialJoin.TARGET_FID":33,"Transects_100m_AddSpatialJoin.Coords":3901046,"Transects_100m_AddSpatialJoin.domain_id":5,"Transects_100m_AddSpatialJoin.reach":"","Transects_100m_AddSpatialJoin.z_mean":0,"Transects_100m_AddSpatialJoin.z_max":0,"Transects_100m_AddSpatialJoin.z_min":0,"Transects_100m_AddSpatialJoin.relief_m":0,"Transects_100m_AddSpatialJoin.slope_avg":0,"Transects_100m_AddSpatialJoin.road_z":0,"Transects_100m_AddSpatialJoin.shch_myr":0,"Transects_100m_AddSpatialJoin.eros_hot":"","Transects_100m_AddSpatialJoin.bnour":"","Transects_100m_AddSpatialJoin.bnour_yr":0,"Transects_100m_AddSpatialJoin.bnour_src":"","Transects_100m_AddSpatialJoin.armor":"","Transects_100m_AddSpatialJoin.editor":"","Transects_100m_AddSpatialJoin.edit_date":null,"Transects_100m_AddSpatialJoin.notes":"","Transects_100m_AddSpatialJoin.hotspot":0,"Transects_100m_AddSpatialJoin.Shape_Length":10000}},{"type":"Feature","id":34,"geometry":{"type":"LineString","coordinates":[[460198.4523,3901062.3268999998],[450198.4523,3901062.3268999998]]},"properties":{"Transects_100m.OBJECTID":34,"Transects_100m.LineID":34,"Transects_100m.Shape_Length":10000,"Transects_100m_AddSpatialJoin.OBJECTID":34,"Transects_100m_AddSpatialJoin.Join_Count":1,"Transects_100m_AddSpatialJoin.TARGET_FID":34,"Transects_100m_AddSpatialJoin.Coords":3901046,"Transects_100m_AddSpatialJoin.domain_id":5,"Transects_100m_AddSpatialJoin.reach":"","Transects_100m_AddSpatialJoin.z_mean":0,"Transects_100m_AddSpatialJoin.z_max":0,"Transects_100m_AddSpatialJoin.z_min":0,"Transects_100m_AddSpatialJoin.relief_m":0,"Transects_100m_AddSpatialJoin.slope_avg":0,"Transects_100m_AddSpatialJoin.road_z":0,"Transects_100m_AddSpatialJoin.shch_myr":0,"Transects_100m_AddSpatialJoin.eros_hot":"","Transects_100m_AddSpatialJoin.bnour":"","Transects_100m_AddSpatialJoin.bnour_yr":0,"Transects_100m_AddSpatialJoin.bnour_src":"","Transects_100m_AddSpatialJoin.armor":"","Transects_100m_AddSpatialJoin.editor":"","Transects_100m_AddSpatialJoin.edit_date":null,"Transects_100m_AddSpatialJoin.notes":"","Transects_100m_AddSpatialJoin.hotspot":0,"Transects_100m_AddSpatialJoin.Shape_Length":10000}},{"type":"Feature","id":35,"geometry":{"type":"LineString","coordinates":[[460198.4523,3901162.3268999998],[450198.4523,3901162.3268999998]]},"properties":{"Transects_100m.OBJECTID":35,"Transects_100m.LineID":35,"Transects_100m.Shape_Length":10000,"Transects_100m_AddSpatialJoin.OBJECTID":35,"Transects_100m_AddSpatialJoin.Join_Count":1,"Transects_100m_AddSpatialJoin.TARGET_FID":35,"Transects_100m_AddSpatialJoin.Coords":3901046,"Transects_100m_AddSpatialJoin.domain_id":5,"Transects_100m_AddSpatialJoin.reach":"","Transects_100m_AddSpatialJoin.z_mean":0,"Transects_100m_AddSpatialJoin.z_max":0,"Transects_100m_AddSpatialJoin.z_min":0,"Transects_100m_AddSpatialJoin.relief_m":0,"Transects_100m_AddSpatialJoin.slope_avg":0,"Transects_100m_AddSpatialJoin.road_z":0,"Transects_100m_AddSpatialJoin.shch_myr":0,"Transects_100m_AddSpatialJoin.eros_hot":"","Transects_100m_AddSpatialJoin.bnour":"","Transects_100m_AddSpatialJoin.bnour_yr":0,"Transects_100m_AddSpatialJoin.bnour_src":"","Transects_100m_AddSpatialJoin.armor":"","Transects_100m_AddSpatialJoin.editor":"","Transects_100m_AddSpatialJoin.edit_date":null,"Transects_100m_AddSpatialJoin.notes":"","Transects_100m_AddSpatialJoin.hotspot":0,"Transects_100m_AddSpatialJoin.Shape_Length":10000}},{"type":"Feature","id":36,"geometry":{"type":"LineString","coordinates":[[460198.4523,3901262.3268999998],[450198.4523,3901262.3268999998]]},"properties":{"Transects_100m.OBJECTID":36,"Transects_100m.LineID":36,"Transects_100m.Shape_Length":10000,"Transects_100m_AddSpatialJoin.OBJECTID":36,"Transects_100m_AddSpatialJoin.Join_Count":1,"Transects_100m_AddSpatialJoin.TARGET_FID":36,"Transects_100m_AddSpatialJoin.Coords":3901046,"Transects_100m_AddSpatialJoin.domain_id":5,"Transects_100m_AddSpatialJoin.reach":"","Transects_100m_AddSpatialJoin.z_mean":0,"Transects_100m_AddSpatialJoin.z_max":0,"Transects_100m_AddSpatialJoin.z_min":0,"Transects_100m_AddSpatialJoin.relief_m":0,"Transects_100m_AddSpatialJoin.slope_avg":0,"Transects_100m_AddSpatialJoin.road_z":0,"Transects_100m_AddSpatialJoin.shch_myr":0,"Transects_100m_AddSpatialJoin.eros_hot":"","Transects_100m_AddSpatialJoin.bnour":"","Transects_100m_AddSpatialJoin.bnour_yr":0,"Transects_100m_AddSpatialJoin.bnour_src":"","Transects_100m_AddSpatialJoin.armor":"","Transects_100m_AddSpatialJoin.editor":"","Transects_100m_AddSpatialJoin.edit_date":null,"Transects_100m_AddSpatialJoin.notes":"","Transects_100m_AddSpatialJoin.hotspot":0,"Transects_100m_AddSpatialJoin.Shape_Length":10000}},{"type":"Feature","id":37,"geometry":{"type":"LineString","coordinates":[[460198.4523,3901362.3268999998],[450198.4523,3901362.3268999998]]},"properties":{"Transects_100m.OBJECTID":37,"Transects_100m.LineID":37,"Transects_100m.Shape_Length":10000,"Transects_100m_AddSpatialJoin.OBJECTID":37,"Transects_100m_AddSpatialJoin.Join_Count":1,"Transects_100m_AddSpatialJoin.TARGET_FID":37,"Transects_100m_AddSpatialJoin.Coords":3901548,"Transects_100m_AddSpatialJoin.domain_id":6,"Transects_100m_AddSpatialJoin.reach":" ","Transects_100m_AddSpatialJoin.z_mean":0,"Transects_100m_AddSpatialJoin.z_max":0,"Transects_100m_AddSpatialJoin.z_min":0,"Transects_100m_AddSpatialJoin.relief_m":0,"Transects_100m_AddSpatialJoin.slope_avg":0,"Transects_100m_AddSpatialJoin.road_z":0,"Transects_100m_AddSpatialJoin.shch_myr":0,"Transects_100m_AddSpatialJoin.eros_hot":" ","Transects_100m_AddSpatialJoin.bnour":" ","Transects_100m_AddSpatialJoin.bnour_yr":0,"Transects_100m_AddSpatialJoin.bnour_src":" ","Transects_100m_AddSpatialJoin.armor":"3 jetties, from 1930s and 1970s","Transects_100m_AddSpatialJoin.editor":" ","Transects_100m_AddSpatialJoin.edit_date":null,"Transects_100m_AddSpatialJoin.notes":" ","Transects_100m_AddSpatialJoin.hotspot":0,"Transects_100m_AddSpatialJoin.Shape_Length":10000}},{"type":"Feature","id":38,"geometry":{"type":"LineString","coordinates":[[460198.4523,3901462.3268999998],[450198.4523,3901462.3268999998]]},"properties":{"Transects_100m.OBJECTID":38,"Transects_100m.LineID":38,"Transects_100m.Shape_Length":10000,"Transects_100m_AddSpatialJoin.OBJECTID":38,"Transects_100m_AddSpatialJoin.Join_Count":1,"Transects_100m_AddSpatialJoin.TARGET_FID":38,"Transects_100m_AddSpatialJoin.Coords":3901548,"Transects_100m_AddSpatialJoin.domain_id":6,"Transects_100m_AddSpatialJoin.reach":" ","Transects_100m_AddSpatialJoin.z_mean":0,"Transects_100m_AddSpatialJoin.z_max":0,"Transects_100m_AddSpatialJoin.z_min":0,"Transects_100m_AddSpatialJoin.relief_m":0,"Transects_100m_AddSpatialJoin.slope_avg":0,"Transects_100m_AddSpatialJoin.road_z":0,"Transects_100m_AddSpatialJoin.shch_myr":0,"Transects_100m_AddSpatialJoin.eros_hot":" ","Transects_100m_AddSpatialJoin.bnour":" ","Transects_100m_AddSpatialJoin.bnour_yr":0,"Transects_100m_AddSpatialJoin.bnour_src":" ","Transects_100m_AddSpatialJoin.armor":"3 jetties, from 1930s and 1970s","Transects_100m_AddSpatialJoin.editor":" ","Transects_100m_AddSpatialJoin.edit_date":null,"Transects_100m_AddSpatialJoin.notes":" ","Transects_100m_AddSpatialJoin.hotspot":0,"Transects_100m_AddSpatialJoin.Shape_Length":10000}},{"type":"Feature","id":39,"geometry":{"type":"LineString","coordinates":[[460198.4523,3901562.3268999998],[450198.4523,3901562.3268999998]]},"properties":{"Transects_100m.OBJECTID":39,"Transects_100m.LineID":39,"Transects_100m.Shape_Length":10000,"Transects_100m_AddSpatialJoin.OBJECTID":39,"Transects_100m_AddSpatialJoin.Join_Count":1,"Transects_100m_AddSpatialJoin.TARGET_FID":39,"Transects_100m_AddSpatialJoin.Coords":3901548,"Transects_100m_AddSpatialJoin.domain_id":6,"Transects_100m_AddSpatialJoin.reach":" ","Transects_100m_AddSpatialJoin.z_mean":0,"Transects_100m_AddSpatialJoin.z_max":0,"Transects_100m_AddSpatialJoin.z_min":0,"Transects_100m_AddSpatialJoin.relief_m":0,"Transects_100m_AddSpatialJoin.slope_avg":0,"Transects_100m_AddSpatialJoin.road_z":0,"Transects_100m_AddSpatialJoin.shch_myr":0,"Transects_100m_AddSpatialJoin.eros_hot":" ","Transects_100m_AddSpatialJoin.bnour":" ","Transects_100m_AddSpatialJoin.bnour_yr":0,"Transects_100m_AddSpatialJoin.bnour_src":" ","Transects_100m_AddSpatialJoin.armor":"3 jetties, from 1930s and 1970s","Transects_100m_AddSpatialJoin.editor":" ","Transects_100m_AddSpatialJoin.edit_date":null,"Transects_100m_AddSpatialJoin.notes":" ","Transects_100m_AddSpatialJoin.hotspot":0,"Transects_100m_AddSpatialJoin.Shape_Length":10000}},{"type":"Feature","id":40,"geometry":{"type":"LineString","coordinates":[[460198.4523,3901662.3268999998],[450198.4523,3901662.3268999998]]},"properties":{"Transects_100m.OBJECTID":40,"Transects_100m.LineID":40,"Transects_100m.Shape_Length":10000,"Transects_100m_AddSpatialJoin.OBJECTID":40,"Transects_100m_AddSpatialJoin.Join_Count":1,"Transects_100m_AddSpatialJoin.TARGET_FID":40,"Transects_100m_AddSpatialJoin.Coords":3901548,"Transects_100m_AddSpatialJoin.domain_id":6,"Transects_100m_AddSpatialJoin.reach":" ","Transects_100m_AddSpatialJoin.z_mean":0,"Transects_100m_AddSpatialJoin.z_max":0,"Transects_100m_AddSpatialJoin.z_min":0,"Transects_100m_AddSpatialJoin.relief_m":0,"Transects_100m_AddSpatialJoin.slope_avg":0,"Transects_100m_AddSpatialJoin.road_z":0,"Transects_100m_AddSpatialJoin.shch_myr":0,"Transects_100m_AddSpatialJoin.eros_hot":" ","Transects_100m_AddSpatialJoin.bnour":" ","Transects_100m_AddSpatialJoin.bnour_yr":0,"Transects_100m_AddSpatialJoin.bnour_src":" ","Transects_100m_AddSpatialJoin.armor":"3 jetties, from 1930s and 1970s","Transects_100m_AddSpatialJoin.editor":" ","Transects_100m_AddSpatialJoin.edit_date":null,"Transects_100m_AddSpatialJoin.notes":" ","Transects_100m_AddSpatialJoin.hotspot":0,"Transects_100m_AddSpatialJoin.Shape_Length":10000}},{"type":"Feature","id":41,"geometry":{"type":"LineString","coordinates":[[460198.4523,3901762.3268999998],[450198.4523,3901762.3268999998]]},"properties":{"Transects_100m.OBJECTID":41,"Transects_100m.LineID":41,"Transects_100m.Shape_Length":10000,"Transects_100m_AddSpatialJoin.OBJECTID":41,"Transects_100m_AddSpatialJoin.Join_Count":1,"Transects_100m_AddSpatialJoin.TARGET_FID":41,"Transects_100m_AddSpatialJoin.Coords":3901548,"Transects_100m_AddSpatialJoin.domain_id":6,"Transects_100m_AddSpatialJoin.reach":" ","Transects_100m_AddSpatialJoin.z_mean":0,"Transects_100m_AddSpatialJoin.z_max":0,"Transects_100m_AddSpatialJoin.z_min":0,"Transects_100m_AddSpatialJoin.relief_m":0,"Transects_100m_AddSpatialJoin.slope_avg":0,"Transects_100m_AddSpatialJoin.road_z":0,"Transects_100m_AddSpatialJoin.shch_myr":0,"Transects_100m_AddSpatialJoin.eros_hot":" ","Transects_100m_AddSpatialJoin.bnour":" ","Transects_100m_AddSpatialJoin.bnour_yr":0,"Transects_100m_AddSpatialJoin.bnour_src":" ","Transects_100m_AddSpatialJoin.armor":"3 jetties, from 1930s and 1970s","Transects_100m_AddSpatialJoin.editor":" ","Transects_100m_AddSpatialJoin.edit_date":null,"Transects_100m_AddSpatialJoin.notes":" ","Transects_100m_AddSpatialJoin.hotspot":0,"Transects_100m_AddSpatialJoin.Shape_Length":10000}},{"type":"Feature","id":42,"geometry":{"type":"LineString","coordinates":[[460198.4523,3901862.3268999998],[450198.4523,3901862.3268999998]]},"properties":{"Transects_100m.OBJECTID":42,"Transects_100m.LineID":42,"Transects_100m.Shape_Length":10000,"Transects_100m_AddSpatialJoin.OBJECTID":42,"Transects_100m_AddSpatialJoin.Join_Count":1,"Transects_100m_AddSpatialJoin.TARGET_FID":42,"Transects_100m_AddSpatialJoin.Coords":3902050,"Transects_100m_AddSpatialJoin.domain_id":7,"Transects_100m_AddSpatialJoin.reach":"","Transects_100m_AddSpatialJoin.z_mean":0,"Transects_100m_AddSpatialJoin.z_max":0,"Transects_100m_AddSpatialJoin.z_min":0,"Transects_100m_AddSpatialJoin.relief_m":0,"Transects_100m_AddSpatialJoin.slope_avg":0,"Transects_100m_AddSpatialJoin.road_z":0,"Transects_100m_AddSpatialJoin.shch_myr":0,"Transects_100m_AddSpatialJoin.eros_hot":"","Transects_100m_AddSpatialJoin.bnour":"","Transects_100m_AddSpatialJoin.bnour_yr":0,"Transects_100m_AddSpatialJoin.bnour_src":"","Transects_100m_AddSpatialJoin.armor":"","Transects_100m_AddSpatialJoin.editor":"","Transects_100m_AddSpatialJoin.edit_date":null,"Transects_100m_AddSpatialJoin.notes":"","Transects_100m_AddSpatialJoin.hotspot":0,"Transects_100m_AddSpatialJoin.Shape_Length":10000}},{"type":"Feature","id":43,"geometry":{"type":"LineString","coordinates":[[460198.4523,3901962.3268999998],[450198.4523,3901962.3268999998]]},"properties":{"Transects_100m.OBJECTID":43,"Transects_100m.LineID":43,"Transects_100m.Shape_Length":10000,"Transects_100m_AddSpatialJoin.OBJECTID":43,"Transects_100m_AddSpatialJoin.Join_Count":1,"Transects_100m_AddSpatialJoin.TARGET_FID":43,"Transects_100m_AddSpatialJoin.Coords":3902050,"Transects_100m_AddSpatialJoin.domain_id":7,"Transects_100m_AddSpatialJoin.reach":"","Transects_100m_AddSpatialJoin.z_mean":0,"Transects_100m_AddSpatialJoin.z_max":0,"Transects_100m_AddSpatialJoin.z_min":0,"Transects_100m_AddSpatialJoin.relief_m":0,"Transects_100m_AddSpatialJoin.slope_avg":0,"Transects_100m_AddSpatialJoin.road_z":0,"Transects_100m_AddSpatialJoin.shch_myr":0,"Transects_100m_AddSpatialJoin.eros_hot":"","Transects_100m_AddSpatialJoin.bnour":"","Transects_100m_AddSpatialJoin.bnour_yr":0,"Transects_100m_AddSpatialJoin.bnour_src":"","Transects_100m_AddSpatialJoin.armor":"","Transects_100m_AddSpatialJoin.editor":"","Transects_100m_AddSpatialJoin.edit_date":null,"Transects_100m_AddSpatialJoin.notes":"","Transects_100m_AddSpatialJoin.hotspot":0,"Transects_100m_AddSpatialJoin.Shape_Length":10000}},{"type":"Feature","id":44,"geometry":{"type":"LineString","coordinates":[[460198.4523,3902062.3268999998],[450198.4523,3902062.3268999998]]},"properties":{"Transects_100m.OBJECTID":44,"Transects_100m.LineID":44,"Transects_100m.Shape_Length":10000,"Transects_100m_AddSpatialJoin.OBJECTID":44,"Transects_100m_AddSpatialJoin.Join_Count":1,"Transects_100m_AddSpatialJoin.TARGET_FID":44,"Transects_100m_AddSpatialJoin.Coords":3902050,"Transects_100m_AddSpatialJoin.domain_id":7,"Transects_100m_AddSpatialJoin.reach":"","Transects_100m_AddSpatialJoin.z_mean":0,"Transects_100m_AddSpatialJoin.z_max":0,"Transects_100m_AddSpatialJoin.z_min":0,"Transects_100m_AddSpatialJoin.relief_m":0,"Transects_100m_AddSpatialJoin.slope_avg":0,"Transects_100m_AddSpatialJoin.road_z":0,"Transects_100m_AddSpatialJoin.shch_myr":0,"Transects_100m_AddSpatialJoin.eros_hot":"","Transects_100m_AddSpatialJoin.bnour":"","Transects_100m_AddSpatialJoin.bnour_yr":0,"Transects_100m_AddSpatialJoin.bnour_src":"","Transects_100m_AddSpatialJoin.armor":"","Transects_100m_AddSpatialJoin.editor":"","Transects_100m_AddSpatialJoin.edit_date":null,"Transects_100m_AddSpatialJoin.notes":"","Transects_100m_AddSpatialJoin.hotspot":0,"Transects_100m_AddSpatialJoin.Shape_Length":10000}},{"type":"Feature","id":45,"geometry":{"type":"LineString","coordinates":[[460198.4523,3902162.3268999998],[450198.4523,3902162.3268999998]]},"properties":{"Transects_100m.OBJECTID":45,"Transects_100m.LineID":45,"Transects_100m.Shape_Length":10000,"Transects_100m_AddSpatialJoin.OBJECTID":45,"Transects_100m_AddSpatialJoin.Join_Count":1,"Transects_100m_AddSpatialJoin.TARGET_FID":45,"Transects_100m_AddSpatialJoin.Coords":3902050,"Transects_100m_AddSpatialJoin.domain_id":7,"Transects_100m_AddSpatialJoin.reach":"","Transects_100m_AddSpatialJoin.z_mean":0,"Transects_100m_AddSpatialJoin.z_max":0,"Transects_100m_AddSpatialJoin.z_min":0,"Transects_100m_AddSpatialJoin.relief_m":0,"Transects_100m_AddSpatialJoin.slope_avg":0,"Transects_100m_AddSpatialJoin.road_z":0,"Transects_100m_AddSpatialJoin.shch_myr":0,"Transects_100m_AddSpatialJoin.eros_hot":"","Transects_100m_AddSpatialJoin.bnour":"","Transects_100m_AddSpatialJoin.bnour_yr":0,"Transects_100m_AddSpatialJoin.bnour_src":"","Transects_100m_AddSpatialJoin.armor":"","Transects_100m_AddSpatialJoin.editor":"","Transects_100m_AddSpatialJoin.edit_date":null,"Transects_100m_AddSpatialJoin.notes":"","Transects_100m_AddSpatialJoin.hotspot":0,"Transects_100m_AddSpatialJoin.Shape_Length":10000}},{"type":"Feature","id":46,"geometry":{"type":"LineString","coordinates":[[460198.4523,3902262.3268999998],[450198.4523,3902262.3268999998]]},"properties":{"Transects_100m.OBJECTID":46,"Transects_100m.LineID":46,"Transects_100m.Shape_Length":10000,"Transects_100m_AddSpatialJoin.OBJECTID":46,"Transects_100m_AddSpatialJoin.Join_Count":1,"Transects_100m_AddSpatialJoin.TARGET_FID":46,"Transects_100m_AddSpatialJoin.Coords":3902050,"Transects_100m_AddSpatialJoin.domain_id":7,"Transects_100m_AddSpatialJoin.reach":"","Transects_100m_AddSpatialJoin.z_mean":0,"Transects_100m_AddSpatialJoin.z_max":0,"Transects_100m_AddSpatialJoin.z_min":0,"Transects_100m_AddSpatialJoin.relief_m":0,"Transects_100m_AddSpatialJoin.slope_avg":0,"Transects_100m_AddSpatialJoin.road_z":0,"Transects_100m_AddSpatialJoin.shch_myr":0,"Transects_100m_AddSpatialJoin.eros_hot":"","Transects_100m_AddSpatialJoin.bnour":"","Transects_100m_AddSpatialJoin.bnour_yr":0,"Transects_100m_AddSpatialJoin.bnour_src":"","Transects_100m_AddSpatialJoin.armor":"","Transects_100m_AddSpatialJoin.editor":"","Transects_100m_AddSpatialJoin.edit_date":null,"Transects_100m_AddSpatialJoin.notes":"","Transects_100m_AddSpatialJoin.hotspot":0,"Transects_100m_AddSpatialJoin.Shape_Length":10000}},{"type":"Feature","id":47,"geometry":{"type":"LineString","coordinates":[[460198.4523,3902362.3268999998],[450198.4523,3902362.3268999998]]},"properties":{"Transects_100m.OBJECTID":47,"Transects_100m.LineID":47,"Transects_100m.Shape_Length":10000,"Transects_100m_AddSpatialJoin.OBJECTID":47,"Transects_100m_AddSpatialJoin.Join_Count":1,"Transects_100m_AddSpatialJoin.TARGET_FID":47,"Transects_100m_AddSpatialJoin.Coords":3902555,"Transects_100m_AddSpatialJoin.domain_id":8,"Transects_100m_AddSpatialJoin.reach":"","Transects_100m_AddSpatialJoin.z_mean":0,"Transects_100m_AddSpatialJoin.z_max":0,"Transects_100m_AddSpatialJoin.z_min":0,"Transects_100m_AddSpatialJoin.relief_m":0,"Transects_100m_AddSpatialJoin.slope_avg":0,"Transects_100m_AddSpatialJoin.road_z":0,"Transects_100m_AddSpatialJoin.shch_myr":0,"Transects_100m_AddSpatialJoin.eros_hot":"","Transects_100m_AddSpatialJoin.bnour":"","Transects_100m_AddSpatialJoin.bnour_yr":0,"Transects_100m_AddSpatialJoin.bnour_src":"","Transects_100m_AddSpatialJoin.armor":"","Transects_100m_AddSpatialJoin.editor":"","Transects_100m_AddSpatialJoin.edit_date":null,"Transects_100m_AddSpatialJoin.notes":"","Transects_100m_AddSpatialJoin.hotspot":0,"Transects_100m_AddSpatialJoin.Shape_Length":10000}},{"type":"Feature","id":48,"geometry":{"type":"LineString","coordinates":[[460198.4523,3902462.3268999998],[450198.4523,3902462.3268999998]]},"properties":{"Transects_100m.OBJECTID":48,"Transects_100m.LineID":48,"Transects_100m.Shape_Length":10000,"Transects_100m_AddSpatialJoin.OBJECTID":48,"Transects_100m_AddSpatialJoin.Join_Count":1,"Transects_100m_AddSpatialJoin.TARGET_FID":48,"Transects_100m_AddSpatialJoin.Coords":3902555,"Transects_100m_AddSpatialJoin.domain_id":8,"Transects_100m_AddSpatialJoin.reach":"","Transects_100m_AddSpatialJoin.z_mean":0,"Transects_100m_AddSpatialJoin.z_max":0,"Transects_100m_AddSpatialJoin.z_min":0,"Transects_100m_AddSpatialJoin.relief_m":0,"Transects_100m_AddSpatialJoin.slope_avg":0,"Transects_100m_AddSpatialJoin.road_z":0,"Transects_100m_AddSpatialJoin.shch_myr":0,"Transects_100m_AddSpatialJoin.eros_hot":"","Transects_100m_AddSpatialJoin.bnour":"","Transects_100m_AddSpatialJoin.bnour_yr":0,"Transects_100m_AddSpatialJoin.bnour_src":"","Transects_100m_AddSpatialJoin.armor":"","Transects_100m_AddSpatialJoin.editor":"","Transects_100m_AddSpatialJoin.edit_date":null,"Transects_100m_AddSpatialJoin.notes":"","Transects_100m_AddSpatialJoin.hotspot":0,"Transects_100m_AddSpatialJoin.Shape_Length":10000}},{"type":"Feature","id":49,"geometry":{"type":"LineString","coordinates":[[460198.4523,3902562.3268999998],[450198.4523,3902562.3268999998]]},"properties":{"Transects_100m.OBJECTID":49,"Transects_100m.LineID":49,"Transects_100m.Shape_Length":10000,"Transects_100m_AddSpatialJoin.OBJECTID":49,"Transects_100m_AddSpatialJoin.Join_Count":1,"Transects_100m_AddSpatialJoin.TARGET_FID":49,"Transects_100m_AddSpatialJoin.Coords":3902555,"Transects_100m_AddSpatialJoin.domain_id":8,"Transects_100m_AddSpatialJoin.reach":"","Transects_100m_AddSpatialJoin.z_mean":0,"Transects_100m_AddSpatialJoin.z_max":0,"Transects_100m_AddSpatialJoin.z_min":0,"Transects_100m_AddSpatialJoin.relief_m":0,"Transects_100m_AddSpatialJoin.slope_avg":0,"Transects_100m_AddSpatialJoin.road_z":0,"Transects_100m_AddSpatialJoin.shch_myr":0,"Transects_100m_AddSpatialJoin.eros_hot":"","Transects_100m_AddSpatialJoin.bnour":"","Transects_100m_AddSpatialJoin.bnour_yr":0,"Transects_100m_AddSpatialJoin.bnour_src":"","Transects_100m_AddSpatialJoin.armor":"","Transects_100m_AddSpatialJoin.editor":"","Transects_100m_AddSpatialJoin.edit_date":null,"Transects_100m_AddSpatialJoin.notes":"","Transects_100m_AddSpatialJoin.hotspot":0,"Transects_100m_AddSpatialJoin.Shape_Length":10000}},{"type":"Feature","id":50,"geometry":{"type":"LineString","coordinates":[[460198.4523,3902662.3268999998],[450198.4523,3902662.3268999998]]},"properties":{"Transects_100m.OBJECTID":50,"Transects_100m.LineID":50,"Transects_100m.Shape_Length":10000,"Transects_100m_AddSpatialJoin.OBJECTID":50,"Transects_100m_AddSpatialJoin.Join_Count":1,"Transects_100m_AddSpatialJoin.TARGET_FID":50,"Transects_100m_AddSpatialJoin.Coords":3902555,"Transects_100m_AddSpatialJoin.domain_id":8,"Transects_100m_AddSpatialJoin.reach":"","Transects_100m_AddSpatialJoin.z_mean":0,"Transects_100m_AddSpatialJoin.z_max":0,"Transects_100m_AddSpatialJoin.z_min":0,"Transects_100m_AddSpatialJoin.relief_m":0,"Transects_100m_AddSpatialJoin.slope_avg":0,"Transects_100m_AddSpatialJoin.road_z":0,"Transects_100m_AddSpatialJoin.shch_myr":0,"Transects_100m_AddSpatialJoin.eros_hot":"","Transects_100m_AddSpatialJoin.bnour":"","Transects_100m_AddSpatialJoin.bnour_yr":0,"Transects_100m_AddSpatialJoin.bnour_src":"","Transects_100m_AddSpatialJoin.armor":"","Transects_100m_AddSpatialJoin.editor":"","Transects_100m_AddSpatialJoin.edit_date":null,"Transects_100m_AddSpatialJoin.notes":"","Transects_100m_AddSpatialJoin.hotspot":0,"Transects_100m_AddSpatialJoin.Shape_Length":10000}},{"type":"Feature","id":51,"geometry":{"type":"LineString","coordinates":[[460198.4523,3902762.3268999998],[450198.4523,3902762.3268999998]]},"properties":{"Transects_100m.OBJECTID":51,"Transects_100m.LineID":51,"Transects_100m.Shape_Length":10000,"Transects_100m_AddSpatialJoin.OBJECTID":51,"Transects_100m_AddSpatialJoin.Join_Count":1,"Transects_100m_AddSpatialJoin.TARGET_FID":51,"Transects_100m_AddSpatialJoin.Coords":3902555,"Transects_100m_AddSpatialJoin.domain_id":8,"Transects_100m_AddSpatialJoin.reach":"","Transects_100m_AddSpatialJoin.z_mean":0,"Transects_100m_AddSpatialJoin.z_max":0,"Transects_100m_AddSpatialJoin.z_min":0,"Transects_100m_AddSpatialJoin.relief_m":0,"Transects_100m_AddSpatialJoin.slope_avg":0,"Transects_100m_AddSpatialJoin.road_z":0,"Transects_100m_AddSpatialJoin.shch_myr":0,"Transects_100m_AddSpatialJoin.eros_hot":"","Transects_100m_AddSpatialJoin.bnour":"","Transects_100m_AddSpatialJoin.bnour_yr":0,"Transects_100m_AddSpatialJoin.bnour_src":"","Transects_100m_AddSpatialJoin.armor":"","Transects_100m_AddSpatialJoin.editor":"","Transects_100m_AddSpatialJoin.edit_date":null,"Transects_100m_AddSpatialJoin.notes":"","Transects_100m_AddSpatialJoin.hotspot":0,"Transects_100m_AddSpatialJoin.Shape_Length":10000}},{"type":"Feature","id":52,"geometry":{"type":"LineString","coordinates":[[460198.4523,3902862.3268999998],[450198.4523,3902862.3268999998]]},"properties":{"Transects_100m.OBJECTID":52,"Transects_100m.LineID":52,"Transects_100m.Shape_Length":10000,"Transects_100m_AddSpatialJoin.OBJECTID":52,"Transects_100m_AddSpatialJoin.Join_Count":1,"Transects_100m_AddSpatialJoin.TARGET_FID":52,"Transects_100m_AddSpatialJoin.Coords":3903062,"Transects_100m_AddSpatialJoin.domain_id":9,"Transects_100m_AddSpatialJoin.reach":"","Transects_100m_AddSpatialJoin.z_mean":0,"Transects_100m_AddSpatialJoin.z_max":0,"Transects_100m_AddSpatialJoin.z_min":0,"Transects_100m_AddSpatialJoin.relief_m":0,"Transects_100m_AddSpatialJoin.slope_avg":0,"Transects_100m_AddSpatialJoin.road_z":0,"Transects_100m_AddSpatialJoin.shch_myr":0,"Transects_100m_AddSpatialJoin.eros_hot":"","Transects_100m_AddSpatialJoin.bnour":"","Transects_100m_AddSpatialJoin.bnour_yr":0,"Transects_100m_AddSpatialJoin.bnour_src":"","Transects_100m_AddSpatialJoin.armor":"","Transects_100m_AddSpatialJoin.editor":"","Transects_100m_AddSpatialJoin.edit_date":null,"Transects_100m_AddSpatialJoin.notes":"","Transects_100m_AddSpatialJoin.hotspot":0,"Transects_100m_AddSpatialJoin.Shape_Length":10000}},{"type":"Feature","id":53,"geometry":{"type":"LineString","coordinates":[[460198.4523,3902962.3268999998],[450198.4523,3902962.3268999998]]},"properties":{"Transects_100m.OBJECTID":53,"Transects_100m.LineID":53,"Transects_100m.Shape_Length":10000,"Transects_100m_AddSpatialJoin.OBJECTID":53,"Transects_100m_AddSpatialJoin.Join_Count":1,"Transects_100m_AddSpatialJoin.TARGET_FID":53,"Transects_100m_AddSpatialJoin.Coords":3903062,"Transects_100m_AddSpatialJoin.domain_id":9,"Transects_100m_AddSpatialJoin.reach":"","Transects_100m_AddSpatialJoin.z_mean":0,"Transects_100m_AddSpatialJoin.z_max":0,"Transects_100m_AddSpatialJoin.z_min":0,"Transects_100m_AddSpatialJoin.relief_m":0,"Transects_100m_AddSpatialJoin.slope_avg":0,"Transects_100m_AddSpatialJoin.road_z":0,"Transects_100m_AddSpatialJoin.shch_myr":0,"Transects_100m_AddSpatialJoin.eros_hot":"","Transects_100m_AddSpatialJoin.bnour":"","Transects_100m_AddSpatialJoin.bnour_yr":0,"Transects_100m_AddSpatialJoin.bnour_src":"","Transects_100m_AddSpatialJoin.armor":"","Transects_100m_AddSpatialJoin.editor":"","Transects_100m_AddSpatialJoin.edit_date":null,"Transects_100m_AddSpatialJoin.notes":"","Transects_100m_AddSpatialJoin.hotspot":0,"Transects_100m_AddSpatialJoin.Shape_Length":10000}},{"type":"Feature","id":54,"geometry":{"type":"LineString","coordinates":[[460198.4523,3903062.3268999998],[450198.4523,3903062.3268999998]]},"properties":{"Transects_100m.OBJECTID":54,"Transects_100m.LineID":54,"Transects_100m.Shape_Length":10000,"Transects_100m_AddSpatialJoin.OBJECTID":54,"Transects_100m_AddSpatialJoin.Join_Count":1,"Transects_100m_AddSpatialJoin.TARGET_FID":54,"Transects_100m_AddSpatialJoin.Coords":3903062,"Transects_100m_AddSpatialJoin.domain_id":9,"Transects_100m_AddSpatialJoin.reach":"","Transects_100m_AddSpatialJoin.z_mean":0,"Transects_100m_AddSpatialJoin.z_max":0,"Transects_100m_AddSpatialJoin.z_min":0,"Transects_100m_AddSpatialJoin.relief_m":0,"Transects_100m_AddSpatialJoin.slope_avg":0,"Transects_100m_AddSpatialJoin.road_z":0,"Transects_100m_AddSpatialJoin.shch_myr":0,"Transects_100m_AddSpatialJoin.eros_hot":"","Transects_100m_AddSpatialJoin.bnour":"","Transects_100m_AddSpatialJoin.bnour_yr":0,"Transects_100m_AddSpatialJoin.bnour_src":"","Transects_100m_AddSpatialJoin.armor":"","Transects_100m_AddSpatialJoin.editor":"","Transects_100m_AddSpatialJoin.edit_date":null,"Transects_100m_AddSpatialJoin.notes":"","Transects_100m_AddSpatialJoin.hotspot":0,"Transects_100m_AddSpatialJoin.Shape_Length":10000}},{"type":"Feature","id":55,"geometry":{"type":"LineString","coordinates":[[460198.4523,3903162.3268999998],[450198.4523,3903162.3268999998]]},"properties":{"Transects_100m.OBJECTID":55,"Transects_100m.LineID":55,"Transects_100m.Shape_Length":10000,"Transects_100m_AddSpatialJoin.OBJECTID":55,"Transects_100m_AddSpatialJoin.Join_Count":1,"Transects_100m_AddSpatialJoin.TARGET_FID":55,"Transects_100m_AddSpatialJoin.Coords":3903062,"Transects_100m_AddSpatialJoin.domain_id":9,"Transects_100m_AddSpatialJoin.reach":"","Transects_100m_AddSpatialJoin.z_mean":0,"Transects_100m_AddSpatialJoin.z_max":0,"Transects_100m_AddSpatialJoin.z_min":0,"Transects_100m_AddSpatialJoin.relief_m":0,"Transects_100m_AddSpatialJoin.slope_avg":0,"Transects_100m_AddSpatialJoin.road_z":0,"Transects_100m_AddSpatialJoin.shch_myr":0,"Transects_100m_AddSpatialJoin.eros_hot":"","Transects_100m_AddSpatialJoin.bnour":"","Transects_100m_AddSpatialJoin.bnour_yr":0,"Transects_100m_AddSpatialJoin.bnour_src":"","Transects_100m_AddSpatialJoin.armor":"","Transects_100m_AddSpatialJoin.editor":"","Transects_100m_AddSpatialJoin.edit_date":null,"Transects_100m_AddSpatialJoin.notes":"","Transects_100m_AddSpatialJoin.hotspot":0,"Transects_100m_AddSpatialJoin.Shape_Length":10000}},{"type":"Feature","id":56,"geometry":{"type":"LineString","coordinates":[[460198.4523,3903262.3268999998],[450198.4523,3903262.3268999998]]},"properties":{"Transects_100m.OBJECTID":56,"Transects_100m.LineID":56,"Transects_100m.Shape_Length":10000,"Transects_100m_AddSpatialJoin.OBJECTID":56,"Transects_100m_AddSpatialJoin.Join_Count":1,"Transects_100m_AddSpatialJoin.TARGET_FID":56,"Transects_100m_AddSpatialJoin.Coords":3903062,"Transects_100m_AddSpatialJoin.domain_id":9,"Transects_100m_AddSpatialJoin.reach":"","Transects_100m_AddSpatialJoin.z_mean":0,"Transects_100m_AddSpatialJoin.z_max":0,"Transects_100m_AddSpatialJoin.z_min":0,"Transects_100m_AddSpatialJoin.relief_m":0,"Transects_100m_AddSpatialJoin.slope_avg":0,"Transects_100m_AddSpatialJoin.road_z":0,"Transects_100m_AddSpatialJoin.shch_myr":0,"Transects_100m_AddSpatialJoin.eros_hot":"","Transects_100m_AddSpatialJoin.bnour":"","Transects_100m_AddSpatialJoin.bnour_yr":0,"Transects_100m_AddSpatialJoin.bnour_src":"","Transects_100m_AddSpatialJoin.armor":"","Transects_100m_AddSpatialJoin.editor":"","Transects_100m_AddSpatialJoin.edit_date":null,"Transects_100m_AddSpatialJoin.notes":"","Transects_100m_AddSpatialJoin.hotspot":0,"Transects_100m_AddSpatialJoin.Shape_Length":10000}},{"type":"Feature","id":57,"geometry":{"type":"LineString","coordinates":[[460198.4523,3903362.3268999998],[450198.4523,3903362.3268999998]]},"properties":{"Transects_100m.OBJECTID":57,"Transects_100m.LineID":57,"Transects_100m.Shape_Length":10000,"Transects_100m_AddSpatialJoin.OBJECTID":57,"Transects_100m_AddSpatialJoin.Join_Count":1,"Transects_100m_AddSpatialJoin.TARGET_FID":57,"Transects_100m_AddSpatialJoin.Coords":3903566,"Transects_100m_AddSpatialJoin.domain_id":10,"Transects_100m_AddSpatialJoin.reach":" ","Transects_100m_AddSpatialJoin.z_mean":0,"Transects_100m_AddSpatialJoin.z_max":0,"Transects_100m_AddSpatialJoin.z_min":0,"Transects_100m_AddSpatialJoin.relief_m":0,"Transects_100m_AddSpatialJoin.slope_avg":0,"Transects_100m_AddSpatialJoin.road_z":0,"Transects_100m_AddSpatialJoin.shch_myr":0,"Transects_100m_AddSpatialJoin.eros_hot":"5 - Buxton","Transects_100m_AddSpatialJoin.bnour":" ","Transects_100m_AddSpatialJoin.bnour_yr":0,"Transects_100m_AddSpatialJoin.bnour_src":" ","Transects_100m_AddSpatialJoin.armor":" ","Transects_100m_AddSpatialJoin.editor":" ","Transects_100m_AddSpatialJoin.edit_date":null,"Transects_100m_AddSpatialJoin.notes":" ","Transects_100m_AddSpatialJoin.hotspot":1,"Transects_100m_AddSpatialJoin.Shape_Length":10000}},{"type":"Feature","id":58,"geometry":{"type":"LineString","coordinates":[[460198.4523,3903462.3268999998],[450198.4523,3903462.3268999998]]},"properties":{"Transects_100m.OBJECTID":58,"Transects_100m.LineID":58,"Transects_100m.Shape_Length":10000,"Transects_100m_AddSpatialJoin.OBJECTID":58,"Transects_100m_AddSpatialJoin.Join_Count":1,"Transects_100m_AddSpatialJoin.TARGET_FID":58,"Transects_100m_AddSpatialJoin.Coords":3903566,"Transects_100m_AddSpatialJoin.domain_id":10,"Transects_100m_AddSpatialJoin.reach":" ","Transects_100m_AddSpatialJoin.z_mean":0,"Transects_100m_AddSpatialJoin.z_max":0,"Transects_100m_AddSpatialJoin.z_min":0,"Transects_100m_AddSpatialJoin.relief_m":0,"Transects_100m_AddSpatialJoin.slope_avg":0,"Transects_100m_AddSpatialJoin.road_z":0,"Transects_100m_AddSpatialJoin.shch_myr":0,"Transects_100m_AddSpatialJoin.eros_hot":"5 - Buxton","Transects_100m_AddSpatialJoin.bnour":" ","Transects_100m_AddSpatialJoin.bnour_yr":0,"Transects_100m_AddSpatialJoin.bnour_src":" ","Transects_100m_AddSpatialJoin.armor":" ","Transects_100m_AddSpatialJoin.editor":" ","Transects_100m_AddSpatialJoin.edit_date":null,"Transects_100m_AddSpatialJoin.notes":" ","Transects_100m_AddSpatialJoin.hotspot":1,"Transects_100m_AddSpatialJoin.Shape_Length":10000}},{"type":"Feature","id":59,"geometry":{"type":"LineString","coordinates":[[460198.4523,3903562.3268999998],[450198.4523,3903562.3268999998]]},"properties":{"Transects_100m.OBJECTID":59,"Transects_100m.LineID":59,"Transects_100m.Shape_Length":10000,"Transects_100m_AddSpatialJoin.OBJECTID":59,"Transects_100m_AddSpatialJoin.Join_Count":1,"Transects_100m_AddSpatialJoin.TARGET_FID":59,"Transects_100m_AddSpatialJoin.Coords":3903566,"Transects_100m_AddSpatialJoin.domain_id":10,"Transects_100m_AddSpatialJoin.reach":" ","Transects_100m_AddSpatialJoin.z_mean":0,"Transects_100m_AddSpatialJoin.z_max":0,"Transects_100m_AddSpatialJoin.z_min":0,"Transects_100m_AddSpatialJoin.relief_m":0,"Transects_100m_AddSpatialJoin.slope_avg":0,"Transects_100m_AddSpatialJoin.road_z":0,"Transects_100m_AddSpatialJoin.shch_myr":0,"Transects_100m_AddSpatialJoin.eros_hot":"5 - Buxton","Transects_100m_AddSpatialJoin.bnour":" ","Transects_100m_AddSpatialJoin.bnour_yr":0,"Transects_100m_AddSpatialJoin.bnour_src":" ","Transects_100m_AddSpatialJoin.armor":" ","Transects_100m_AddSpatialJoin.editor":" ","Transects_100m_AddSpatialJoin.edit_date":null,"Transects_100m_AddSpatialJoin.notes":" ","Transects_100m_AddSpatialJoin.hotspot":1,"Transects_100m_AddSpatialJoin.Shape_Length":10000}},{"type":"Feature","id":60,"geometry":{"type":"LineString","coordinates":[[460198.4523,3903662.3268999998],[450198.4523,3903662.3268999998]]},"properties":{"Transects_100m.OBJECTID":60,"Transects_100m.LineID":60,"Transects_100m.Shape_Length":10000,"Transects_100m_AddSpatialJoin.OBJECTID":60,"Transects_100m_AddSpatialJoin.Join_Count":1,"Transects_100m_AddSpatialJoin.TARGET_FID":60,"Transects_100m_AddSpatialJoin.Coords":3903566,"Transects_100m_AddSpatialJoin.domain_id":10,"Transects_100m_AddSpatialJoin.reach":" ","Transects_100m_AddSpatialJoin.z_mean":0,"Transects_100m_AddSpatialJoin.z_max":0,"Transects_100m_AddSpatialJoin.z_min":0,"Transects_100m_AddSpatialJoin.relief_m":0,"Transects_100m_AddSpatialJoin.slope_avg":0,"Transects_100m_AddSpatialJoin.road_z":0,"Transects_100m_AddSpatialJoin.shch_myr":0,"Transects_100m_AddSpatialJoin.eros_hot":"5 - Buxton","Transects_100m_AddSpatialJoin.bnour":" ","Transects_100m_AddSpatialJoin.bnour_yr":0,"Transects_100m_AddSpatialJoin.bnour_src":" ","Transects_100m_AddSpatialJoin.armor":" ","Transects_100m_AddSpatialJoin.editor":" ","Transects_100m_AddSpatialJoin.edit_date":null,"Transects_100m_AddSpatialJoin.notes":" ","Transects_100m_AddSpatialJoin.hotspot":1,"Transects_100m_AddSpatialJoin.Shape_Length":10000}},{"type":"Feature","id":61,"geometry":{"type":"LineString","coordinates":[[460198.4523,3903762.3268999998],[450198.4523,3903762.3268999998]]},"properties":{"Transects_100m.OBJECTID":61,"Transects_100m.LineID":61,"Transects_100m.Shape_Length":10000,"Transects_100m_AddSpatialJoin.OBJECTID":61,"Transects_100m_AddSpatialJoin.Join_Count":1,"Transects_100m_AddSpatialJoin.TARGET_FID":61,"Transects_100m_AddSpatialJoin.Coords":3903566,"Transects_100m_AddSpatialJoin.domain_id":10,"Transects_100m_AddSpatialJoin.reach":" ","Transects_100m_AddSpatialJoin.z_mean":0,"Transects_100m_AddSpatialJoin.z_max":0,"Transects_100m_AddSpatialJoin.z_min":0,"Transects_100m_AddSpatialJoin.relief_m":0,"Transects_100m_AddSpatialJoin.slope_avg":0,"Transects_100m_AddSpatialJoin.road_z":0,"Transects_100m_AddSpatialJoin.shch_myr":0,"Transects_100m_AddSpatialJoin.eros_hot":"5 - Buxton","Transects_100m_AddSpatialJoin.bnour":" ","Transects_100m_AddSpatialJoin.bnour_yr":0,"Transects_100m_AddSpatialJoin.bnour_src":" ","Transects_100m_AddSpatialJoin.armor":" ","Transects_100m_AddSpatialJoin.editor":" ","Transects_100m_AddSpatialJoin.edit_date":null,"Transects_100m_AddSpatialJoin.notes":" ","Transects_100m_AddSpatialJoin.hotspot":1,"Transects_100m_AddSpatialJoin.Shape_Length":10000}},{"type":"Feature","id":62,"geometry":{"type":"LineString","coordinates":[[460198.4523,3903862.3268999998],[450198.4523,3903862.3268999998]]},"properties":{"Transects_100m.OBJECTID":62,"Transects_100m.LineID":62,"Transects_100m.Shape_Length":10000,"Transects_100m_AddSpatialJoin.OBJECTID":62,"Transects_100m_AddSpatialJoin.Join_Count":1,"Transects_100m_AddSpatialJoin.TARGET_FID":62,"Transects_100m_AddSpatialJoin.Coords":3904070,"Transects_100m_AddSpatialJoin.domain_id":11,"Transects_100m_AddSpatialJoin.reach":" ","Transects_100m_AddSpatialJoin.z_mean":0,"Transects_100m_AddSpatialJoin.z_max":0,"Transects_100m_AddSpatialJoin.z_min":0,"Transects_100m_AddSpatialJoin.relief_m":0,"Transects_100m_AddSpatialJoin.slope_avg":0,"Transects_100m_AddSpatialJoin.road_z":0,"Transects_100m_AddSpatialJoin.shch_myr":0,"Transects_100m_AddSpatialJoin.eros_hot":"5 - Buxton","Transects_100m_AddSpatialJoin.bnour":" ","Transects_100m_AddSpatialJoin.bnour_yr":0,"Transects_100m_AddSpatialJoin.bnour_src":" ","Transects_100m_AddSpatialJoin.armor":" ","Transects_100m_AddSpatialJoin.editor":" ","Transects_100m_AddSpatialJoin.edit_date":null,"Transects_100m_AddSpatialJoin.notes":" ","Transects_100m_AddSpatialJoin.hotspot":1,"Transects_100m_AddSpatialJoin.Shape_Length":10000}},{"type":"Feature","id":63,"geometry":{"type":"LineString","coordinates":[[460198.4523,3903962.3268999998],[450198.4523,3903962.3268999998]]},"properties":{"Transects_100m.OBJECTID":63,"Transects_100m.LineID":63,"Transects_100m.Shape_Length":10000,"Transects_100m_AddSpatialJoin.OBJECTID":63,"Transects_100m_AddSpatialJoin.Join_Count":1,"Transects_100m_AddSpatialJoin.TARGET_FID":63,"Transects_100m_AddSpatialJoin.Coords":3904070,"Transects_100m_AddSpatialJoin.domain_id":11,"Transects_100m_AddSpatialJoin.reach":" ","Transects_100m_AddSpatialJoin.z_mean":0,"Transects_100m_AddSpatialJoin.z_max":0,"Transects_100m_AddSpatialJoin.z_min":0,"Transects_100m_AddSpatialJoin.relief_m":0,"Transects_100m_AddSpatialJoin.slope_avg":0,"Transects_100m_AddSpatialJoin.road_z":0,"Transects_100m_AddSpatialJoin.shch_myr":0,"Transects_100m_AddSpatialJoin.eros_hot":"5 - Buxton","Transects_100m_AddSpatialJoin.bnour":" ","Transects_100m_AddSpatialJoin.bnour_yr":0,"Transects_100m_AddSpatialJoin.bnour_src":" ","Transects_100m_AddSpatialJoin.armor":" ","Transects_100m_AddSpatialJoin.editor":" ","Transects_100m_AddSpatialJoin.edit_date":null,"Transects_100m_AddSpatialJoin.notes":" ","Transects_100m_AddSpatialJoin.hotspot":1,"Transects_100m_AddSpatialJoin.Shape_Length":10000}},{"type":"Feature","id":64,"geometry":{"type":"LineString","coordinates":[[460198.4523,3904062.3268999998],[450198.4523,3904062.3268999998]]},"properties":{"Transects_100m.OBJECTID":64,"Transects_100m.LineID":64,"Transects_100m.Shape_Length":10000,"Transects_100m_AddSpatialJoin.OBJECTID":64,"Transects_100m_AddSpatialJoin.Join_Count":1,"Transects_100m_AddSpatialJoin.TARGET_FID":64,"Transects_100m_AddSpatialJoin.Coords":3904070,"Transects_100m_AddSpatialJoin.domain_id":11,"Transects_100m_AddSpatialJoin.reach":" ","Transects_100m_AddSpatialJoin.z_mean":0,"Transects_100m_AddSpatialJoin.z_max":0,"Transects_100m_AddSpatialJoin.z_min":0,"Transects_100m_AddSpatialJoin.relief_m":0,"Transects_100m_AddSpatialJoin.slope_avg":0,"Transects_100m_AddSpatialJoin.road_z":0,"Transects_100m_AddSpatialJoin.shch_myr":0,"Transects_100m_AddSpatialJoin.eros_hot":"5 - Buxton","Transects_100m_AddSpatialJoin.bnour":" ","Transects_100m_AddSpatialJoin.bnour_yr":0,"Transects_100m_AddSpatialJoin.bnour_src":" ","Transects_100m_AddSpatialJoin.armor":" ","Transects_100m_AddSpatialJoin.editor":" ","Transects_100m_AddSpatialJoin.edit_date":null,"Transects_100m_AddSpatialJoin.notes":" ","Transects_100m_AddSpatialJoin.hotspot":1,"Transects_100m_AddSpatialJoin.Shape_Length":10000}},{"type":"Feature","id":65,"geometry":{"type":"LineString","coordinates":[[460198.4523,3904162.3268999998],[450198.4523,3904162.3268999998]]},"properties":{"Transects_100m.OBJECTID":65,"Transects_100m.LineID":65,"Transects_100m.Shape_Length":10000,"Transects_100m_AddSpatialJoin.OBJECTID":65,"Transects_100m_AddSpatialJoin.Join_Count":1,"Transects_100m_AddSpatialJoin.TARGET_FID":65,"Transects_100m_AddSpatialJoin.Coords":3904070,"Transects_100m_AddSpatialJoin.domain_id":11,"Transects_100m_AddSpatialJoin.reach":" ","Transects_100m_AddSpatialJoin.z_mean":0,"Transects_100m_AddSpatialJoin.z_max":0,"Transects_100m_AddSpatialJoin.z_min":0,"Transects_100m_AddSpatialJoin.relief_m":0,"Transects_100m_AddSpatialJoin.slope_avg":0,"Transects_100m_AddSpatialJoin.road_z":0,"Transects_100m_AddSpatialJoin.shch_myr":0,"Transects_100m_AddSpatialJoin.eros_hot":"5 - Buxton","Transects_100m_AddSpatialJoin.bnour":" ","Transects_100m_AddSpatialJoin.bnour_yr":0,"Transects_100m_AddSpatialJoin.bnour_src":" ","Transects_100m_AddSpatialJoin.armor":" ","Transects_100m_AddSpatialJoin.editor":" ","Transects_100m_AddSpatialJoin.edit_date":null,"Transects_100m_AddSpatialJoin.notes":" ","Transects_100m_AddSpatialJoin.hotspot":1,"Transects_100m_AddSpatialJoin.Shape_Length":10000}},{"type":"Feature","id":66,"geometry":{"type":"LineString","coordinates":[[460198.4523,3904262.3268999998],[450198.4523,3904262.3268999998]]},"properties":{"Transects_100m.OBJECTID":66,"Transects_100m.LineID":66,"Transects_100m.Shape_Length":10000,"Transects_100m_AddSpatialJoin.OBJECTID":66,"Transects_100m_AddSpatialJoin.Join_Count":1,"Transects_100m_AddSpatialJoin.TARGET_FID":66,"Transects_100m_AddSpatialJoin.Coords":3904070,"Transects_100m_AddSpatialJoin.domain_id":11,"Transects_100m_AddSpatialJoin.reach":" ","Transects_100m_AddSpatialJoin.z_mean":0,"Transects_100m_AddSpatialJoin.z_max":0,"Transects_100m_AddSpatialJoin.z_min":0,"Transects_100m_AddSpatialJoin.relief_m":0,"Transects_100m_AddSpatialJoin.slope_avg":0,"Transects_100m_AddSpatialJoin.road_z":0,"Transects_100m_AddSpatialJoin.shch_myr":0,"Transects_100m_AddSpatialJoin.eros_hot":"5 - Buxton","Transects_100m_AddSpatialJoin.bnour":" ","Transects_100m_AddSpatialJoin.bnour_yr":0,"Transects_100m_AddSpatialJoin.bnour_src":" ","Transects_100m_AddSpatialJoin.armor":" ","Transects_100m_AddSpatialJoin.editor":" ","Transects_100m_AddSpatialJoin.edit_date":null,"Transects_100m_AddSpatialJoin.notes":" ","Transects_100m_AddSpatialJoin.hotspot":1,"Transects_100m_AddSpatialJoin.Shape_Length":10000}},{"type":"Feature","id":67,"geometry":{"type":"LineString","coordinates":[[460198.4523,3904362.3268999998],[450198.4523,3904362.3268999998]]},"properties":{"Transects_100m.OBJECTID":67,"Transects_100m.LineID":67,"Transects_100m.Shape_Length":10000,"Transects_100m_AddSpatialJoin.OBJECTID":67,"Transects_100m_AddSpatialJoin.Join_Count":1,"Transects_100m_AddSpatialJoin.TARGET_FID":67,"Transects_100m_AddSpatialJoin.Coords":3904574,"Transects_100m_AddSpatialJoin.domain_id":12,"Transects_100m_AddSpatialJoin.reach":" ","Transects_100m_AddSpatialJoin.z_mean":0,"Transects_100m_AddSpatialJoin.z_max":0,"Transects_100m_AddSpatialJoin.z_min":0,"Transects_100m_AddSpatialJoin.relief_m":0,"Transects_100m_AddSpatialJoin.slope_avg":0,"Transects_100m_AddSpatialJoin.road_z":0,"Transects_100m_AddSpatialJoin.shch_myr":0,"Transects_100m_AddSpatialJoin.eros_hot":"5 - Buxton","Transects_100m_AddSpatialJoin.bnour":" ","Transects_100m_AddSpatialJoin.bnour_yr":0,"Transects_100m_AddSpatialJoin.bnour_src":" ","Transects_100m_AddSpatialJoin.armor":" ","Transects_100m_AddSpatialJoin.editor":" ","Transects_100m_AddSpatialJoin.edit_date":null,"Transects_100m_AddSpatialJoin.notes":" ","Transects_100m_AddSpatialJoin.hotspot":1,"Transects_100m_AddSpatialJoin.Shape_Length":10000}},{"type":"Feature","id":68,"geometry":{"type":"LineString","coordinates":[[460198.4523,3904462.3268999998],[450198.4523,3904462.3268999998]]},"properties":{"Transects_100m.OBJECTID":68,"Transects_100m.LineID":68,"Transects_100m.Shape_Length":10000,"Transects_100m_AddSpatialJoin.OBJECTID":68,"Transects_100m_AddSpatialJoin.Join_Count":1,"Transects_100m_AddSpatialJoin.TARGET_FID":68,"Transects_100m_AddSpatialJoin.Coords":3904574,"Transects_100m_AddSpatialJoin.domain_id":12,"Transects_100m_AddSpatialJoin.reach":" ","Transects_100m_AddSpatialJoin.z_mean":0,"Transects_100m_AddSpatialJoin.z_max":0,"Transects_100m_AddSpatialJoin.z_min":0,"Transects_100m_AddSpatialJoin.relief_m":0,"Transects_100m_AddSpatialJoin.slope_avg":0,"Transects_100m_AddSpatialJoin.road_z":0,"Transects_100m_AddSpatialJoin.shch_myr":0,"Transects_100m_AddSpatialJoin.eros_hot":"5 - Buxton","Transects_100m_AddSpatialJoin.bnour":" ","Transects_100m_AddSpatialJoin.bnour_yr":0,"Transects_100m_AddSpatialJoin.bnour_src":" ","Transects_100m_AddSpatialJoin.armor":" ","Transects_100m_AddSpatialJoin.editor":" ","Transects_100m_AddSpatialJoin.edit_date":null,"Transects_100m_AddSpatialJoin.notes":" ","Transects_100m_AddSpatialJoin.hotspot":1,"Transects_100m_AddSpatialJoin.Shape_Length":10000}},{"type":"Feature","id":69,"geometry":{"type":"LineString","coordinates":[[460198.4523,3904562.3268999998],[450198.4523,3904562.3268999998]]},"properties":{"Transects_100m.OBJECTID":69,"Transects_100m.LineID":69,"Transects_100m.Shape_Length":10000,"Transects_100m_AddSpatialJoin.OBJECTID":69,"Transects_100m_AddSpatialJoin.Join_Count":1,"Transects_100m_AddSpatialJoin.TARGET_FID":69,"Transects_100m_AddSpatialJoin.Coords":3904574,"Transects_100m_AddSpatialJoin.domain_id":12,"Transects_100m_AddSpatialJoin.reach":" ","Transects_100m_AddSpatialJoin.z_mean":0,"Transects_100m_AddSpatialJoin.z_max":0,"Transects_100m_AddSpatialJoin.z_min":0,"Transects_100m_AddSpatialJoin.relief_m":0,"Transects_100m_AddSpatialJoin.slope_avg":0,"Transects_100m_AddSpatialJoin.road_z":0,"Transects_100m_AddSpatialJoin.shch_myr":0,"Transects_100m_AddSpatialJoin.eros_hot":"5 - Buxton","Transects_100m_AddSpatialJoin.bnour":" ","Transects_100m_AddSpatialJoin.bnour_yr":0,"Transects_100m_AddSpatialJoin.bnour_src":" ","Transects_100m_AddSpatialJoin.armor":" ","Transects_100m_AddSpatialJoin.editor":" ","Transects_100m_AddSpatialJoin.edit_date":null,"Transects_100m_AddSpatialJoin.notes":" ","Transects_100m_AddSpatialJoin.hotspot":1,"Transects_100m_AddSpatialJoin.Shape_Length":10000}},{"type":"Feature","id":70,"geometry":{"type":"LineString","coordinates":[[460198.4523,3904662.3268999998],[450198.4523,3904662.3268999998]]},"properties":{"Transects_100m.OBJECTID":70,"Transects_100m.LineID":70,"Transects_100m.Shape_Length":10000,"Transects_100m_AddSpatialJoin.OBJECTID":70,"Transects_100m_AddSpatialJoin.Join_Count":1,"Transects_100m_AddSpatialJoin.TARGET_FID":70,"Transects_100m_AddSpatialJoin.Coords":3904574,"Transects_100m_AddSpatialJoin.domain_id":12,"Transects_100m_AddSpatialJoin.reach":" ","Transects_100m_AddSpatialJoin.z_mean":0,"Transects_100m_AddSpatialJoin.z_max":0,"Transects_100m_AddSpatialJoin.z_min":0,"Transects_100m_AddSpatialJoin.relief_m":0,"Transects_100m_AddSpatialJoin.slope_avg":0,"Transects_100m_AddSpatialJoin.road_z":0,"Transects_100m_AddSpatialJoin.shch_myr":0,"Transects_100m_AddSpatialJoin.eros_hot":"5 - Buxton","Transects_100m_AddSpatialJoin.bnour":" ","Transects_100m_AddSpatialJoin.bnour_yr":0,"Transects_100m_AddSpatialJoin.bnour_src":" ","Transects_100m_AddSpatialJoin.armor":" ","Transects_100m_AddSpatialJoin.editor":" ","Transects_100m_AddSpatialJoin.edit_date":null,"Transects_100m_AddSpatialJoin.notes":" ","Transects_100m_AddSpatialJoin.hotspot":1,"Transects_100m_AddSpatialJoin.Shape_Length":10000}},{"type":"Feature","id":71,"geometry":{"type":"LineString","coordinates":[[460198.4523,3904762.3268999998],[450198.4523,3904762.3268999998]]},"properties":{"Transects_100m.OBJECTID":71,"Transects_100m.LineID":71,"Transects_100m.Shape_Length":10000,"Transects_100m_AddSpatialJoin.OBJECTID":71,"Transects_100m_AddSpatialJoin.Join_Count":1,"Transects_100m_AddSpatialJoin.TARGET_FID":71,"Transects_100m_AddSpatialJoin.Coords":3904574,"Transects_100m_AddSpatialJoin.domain_id":12,"Transects_100m_AddSpatialJoin.reach":" ","Transects_100m_AddSpatialJoin.z_mean":0,"Transects_100m_AddSpatialJoin.z_max":0,"Transects_100m_AddSpatialJoin.z_min":0,"Transects_100m_AddSpatialJoin.relief_m":0,"Transects_100m_AddSpatialJoin.slope_avg":0,"Transects_100m_AddSpatialJoin.road_z":0,"Transects_100m_AddSpatialJoin.shch_myr":0,"Transects_100m_AddSpatialJoin.eros_hot":"5 - Buxton","Transects_100m_AddSpatialJoin.bnour":" ","Transects_100m_AddSpatialJoin.bnour_yr":0,"Transects_100m_AddSpatialJoin.bnour_src":" ","Transects_100m_AddSpatialJoin.armor":" ","Transects_100m_AddSpatialJoin.editor":" ","Transects_100m_AddSpatialJoin.edit_date":null,"Transects_100m_AddSpatialJoin.notes":" ","Transects_100m_AddSpatialJoin.hotspot":1,"Transects_100m_AddSpatialJoin.Shape_Length":10000}},{"type":"Feature","id":72,"geometry":{"type":"LineString","coordinates":[[460198.4523,3904862.3268999998],[450198.4523,3904862.3268999998]]},"properties":{"Transects_100m.OBJECTID":72,"Transects_100m.LineID":72,"Transects_100m.Shape_Length":10000,"Transects_100m_AddSpatialJoin.OBJECTID":72,"Transects_100m_AddSpatialJoin.Join_Count":1,"Transects_100m_AddSpatialJoin.TARGET_FID":72,"Transects_100m_AddSpatialJoin.Coords":3905075,"Transects_100m_AddSpatialJoin.domain_id":13,"Transects_100m_AddSpatialJoin.reach":" ","Transects_100m_AddSpatialJoin.z_mean":0,"Transects_100m_AddSpatialJoin.z_max":0,"Transects_100m_AddSpatialJoin.z_min":0,"Transects_100m_AddSpatialJoin.relief_m":0,"Transects_100m_AddSpatialJoin.slope_avg":0,"Transects_100m_AddSpatialJoin.road_z":0,"Transects_100m_AddSpatialJoin.shch_myr":0,"Transects_100m_AddSpatialJoin.eros_hot":"5 - Buxton","Transects_100m_AddSpatialJoin.bnour":" ","Transects_100m_AddSpatialJoin.bnour_yr":0,"Transects_100m_AddSpatialJoin.bnour_src":" ","Transects_100m_AddSpatialJoin.armor":" ","Transects_100m_AddSpatialJoin.editor":" ","Transects_100m_AddSpatialJoin.edit_date":null,"Transects_100m_AddSpatialJoin.notes":" ","Transects_100m_AddSpatialJoin.hotspot":1,"Transects_100m_AddSpatialJoin.Shape_Length":10000}},{"type":"Feature","id":73,"geometry":{"type":"LineString","coordinates":[[460198.4523,3904962.3268999998],[450198.4523,3904962.3268999998]]},"properties":{"Transects_100m.OBJECTID":73,"Transects_100m.LineID":73,"Transects_100m.Shape_Length":10000,"Transects_100m_AddSpatialJoin.OBJECTID":73,"Transects_100m_AddSpatialJoin.Join_Count":1,"Transects_100m_AddSpatialJoin.TARGET_FID":73,"Transects_100m_AddSpatialJoin.Coords":3905075,"Transects_100m_AddSpatialJoin.domain_id":13,"Transects_100m_AddSpatialJoin.reach":" ","Transects_100m_AddSpatialJoin.z_mean":0,"Transects_100m_AddSpatialJoin.z_max":0,"Transects_100m_AddSpatialJoin.z_min":0,"Transects_100m_AddSpatialJoin.relief_m":0,"Transects_100m_AddSpatialJoin.slope_avg":0,"Transects_100m_AddSpatialJoin.road_z":0,"Transects_100m_AddSpatialJoin.shch_myr":0,"Transects_100m_AddSpatialJoin.eros_hot":"5 - Buxton","Transects_100m_AddSpatialJoin.bnour":" ","Transects_100m_AddSpatialJoin.bnour_yr":0,"Transects_100m_AddSpatialJoin.bnour_src":" ","Transects_100m_AddSpatialJoin.armor":" ","Transects_100m_AddSpatialJoin.editor":" ","Transects_100m_AddSpatialJoin.edit_date":null,"Transects_100m_AddSpatialJoin.notes":" ","Transects_100m_AddSpatialJoin.hotspot":1,"Transects_100m_AddSpatialJoin.Shape_Length":10000}},{"type":"Feature","id":74,"geometry":{"type":"LineString","coordinates":[[460198.4523,3905062.3268999998],[450198.4523,3905062.3268999998]]},"properties":{"Transects_100m.OBJECTID":74,"Transects_100m.LineID":74,"Transects_100m.Shape_Length":10000,"Transects_100m_AddSpatialJoin.OBJECTID":74,"Transects_100m_AddSpatialJoin.Join_Count":1,"Transects_100m_AddSpatialJoin.TARGET_FID":74,"Transects_100m_AddSpatialJoin.Coords":3905075,"Transects_100m_AddSpatialJoin.domain_id":13,"Transects_100m_AddSpatialJoin.reach":" ","Transects_100m_AddSpatialJoin.z_mean":0,"Transects_100m_AddSpatialJoin.z_max":0,"Transects_100m_AddSpatialJoin.z_min":0,"Transects_100m_AddSpatialJoin.relief_m":0,"Transects_100m_AddSpatialJoin.slope_avg":0,"Transects_100m_AddSpatialJoin.road_z":0,"Transects_100m_AddSpatialJoin.shch_myr":0,"Transects_100m_AddSpatialJoin.eros_hot":"5 - Buxton","Transects_100m_AddSpatialJoin.bnour":" ","Transects_100m_AddSpatialJoin.bnour_yr":0,"Transects_100m_AddSpatialJoin.bnour_src":" ","Transects_100m_AddSpatialJoin.armor":" ","Transects_100m_AddSpatialJoin.editor":" ","Transects_100m_AddSpatialJoin.edit_date":null,"Transects_100m_AddSpatialJoin.notes":" ","Transects_100m_AddSpatialJoin.hotspot":1,"Transects_100m_AddSpatialJoin.Shape_Length":10000}},{"type":"Feature","id":75,"geometry":{"type":"LineString","coordinates":[[460198.4523,3905162.3268999998],[450198.4523,3905162.3268999998]]},"properties":{"Transects_100m.OBJECTID":75,"Transects_100m.LineID":75,"Transects_100m.Shape_Length":10000,"Transects_100m_AddSpatialJoin.OBJECTID":75,"Transects_100m_AddSpatialJoin.Join_Count":1,"Transects_100m_AddSpatialJoin.TARGET_FID":75,"Transects_100m_AddSpatialJoin.Coords":3905075,"Transects_100m_AddSpatialJoin.domain_id":13,"Transects_100m_AddSpatialJoin.reach":" ","Transects_100m_AddSpatialJoin.z_mean":0,"Transects_100m_AddSpatialJoin.z_max":0,"Transects_100m_AddSpatialJoin.z_min":0,"Transects_100m_AddSpatialJoin.relief_m":0,"Transects_100m_AddSpatialJoin.slope_avg":0,"Transects_100m_AddSpatialJoin.road_z":0,"Transects_100m_AddSpatialJoin.shch_myr":0,"Transects_100m_AddSpatialJoin.eros_hot":"5 - Buxton","Transects_100m_AddSpatialJoin.bnour":" ","Transects_100m_AddSpatialJoin.bnour_yr":0,"Transects_100m_AddSpatialJoin.bnour_src":" ","Transects_100m_AddSpatialJoin.armor":" ","Transects_100m_AddSpatialJoin.editor":" ","Transects_100m_AddSpatialJoin.edit_date":null,"Transects_100m_AddSpatialJoin.notes":" ","Transects_100m_AddSpatialJoin.hotspot":1,"Transects_100m_AddSpatialJoin.Shape_Length":10000}},{"type":"Feature","id":76,"geometry":{"type":"LineString","coordinates":[[460198.4523,3905262.3268999998],[450198.4523,3905262.3268999998]]},"properties":{"Transects_100m.OBJECTID":76,"Transects_100m.LineID":76,"Transects_100m.Shape_Length":10000,"Transects_100m_AddSpatialJoin.OBJECTID":76,"Transects_100m_AddSpatialJoin.Join_Count":1,"Transects_100m_AddSpatialJoin.TARGET_FID":76,"Transects_100m_AddSpatialJoin.Coords":3905075,"Transects_100m_AddSpatialJoin.domain_id":13,"Transects_100m_AddSpatialJoin.reach":" ","Transects_100m_AddSpatialJoin.z_mean":0,"Transects_100m_AddSpatialJoin.z_max":0,"Transects_100m_AddSpatialJoin.z_min":0,"Transects_100m_AddSpatialJoin.relief_m":0,"Transects_100m_AddSpatialJoin.slope_avg":0,"Transects_100m_AddSpatialJoin.road_z":0,"Transects_100m_AddSpatialJoin.shch_myr":0,"Transects_100m_AddSpatialJoin.eros_hot":"5 - Buxton","Transects_100m_AddSpatialJoin.bnour":" ","Transects_100m_AddSpatialJoin.bnour_yr":0,"Transects_100m_AddSpatialJoin.bnour_src":" ","Transects_100m_AddSpatialJoin.armor":" ","Transects_100m_AddSpatialJoin.editor":" ","Transects_100m_AddSpatialJoin.edit_date":null,"Transects_100m_AddSpatialJoin.notes":" ","Transects_100m_AddSpatialJoin.hotspot":1,"Transects_100m_AddSpatialJoin.Shape_Length":10000}},{"type":"Feature","id":77,"geometry":{"type":"LineString","coordinates":[[460198.4523,3905362.3268999998],[450198.4523,3905362.3268999998]]},"properties":{"Transects_100m.OBJECTID":77,"Transects_100m.LineID":77,"Transects_100m.Shape_Length":10000,"Transects_100m_AddSpatialJoin.OBJECTID":77,"Transects_100m_AddSpatialJoin.Join_Count":1,"Transects_100m_AddSpatialJoin.TARGET_FID":77,"Transects_100m_AddSpatialJoin.Coords":3905578,"Transects_100m_AddSpatialJoin.domain_id":14,"Transects_100m_AddSpatialJoin.reach":" ","Transects_100m_AddSpatialJoin.z_mean":0,"Transects_100m_AddSpatialJoin.z_max":0,"Transects_100m_AddSpatialJoin.z_min":0,"Transects_100m_AddSpatialJoin.relief_m":0,"Transects_100m_AddSpatialJoin.slope_avg":0,"Transects_100m_AddSpatialJoin.road_z":0,"Transects_100m_AddSpatialJoin.shch_myr":0,"Transects_100m_AddSpatialJoin.eros_hot":"5 - Buxton","Transects_100m_AddSpatialJoin.bnour":" ","Transects_100m_AddSpatialJoin.bnour_yr":0,"Transects_100m_AddSpatialJoin.bnour_src":" ","Transects_100m_AddSpatialJoin.armor":" ","Transects_100m_AddSpatialJoin.editor":" ","Transects_100m_AddSpatialJoin.edit_date":null,"Transects_100m_AddSpatialJoin.notes":" ","Transects_100m_AddSpatialJoin.hotspot":1,"Transects_100m_AddSpatialJoin.Shape_Length":10000}},{"type":"Feature","id":78,"geometry":{"type":"LineString","coordinates":[[460198.4523,3905462.3268999998],[450198.4523,3905462.3268999998]]},"properties":{"Transects_100m.OBJECTID":78,"Transects_100m.LineID":78,"Transects_100m.Shape_Length":10000,"Transects_100m_AddSpatialJoin.OBJECTID":78,"Transects_100m_AddSpatialJoin.Join_Count":1,"Transects_100m_AddSpatialJoin.TARGET_FID":78,"Transects_100m_AddSpatialJoin.Coords":3905578,"Transects_100m_AddSpatialJoin.domain_id":14,"Transects_100m_AddSpatialJoin.reach":" ","Transects_100m_AddSpatialJoin.z_mean":0,"Transects_100m_AddSpatialJoin.z_max":0,"Transects_100m_AddSpatialJoin.z_min":0,"Transects_100m_AddSpatialJoin.relief_m":0,"Transects_100m_AddSpatialJoin.slope_avg":0,"Transects_100m_AddSpatialJoin.road_z":0,"Transects_100m_AddSpatialJoin.shch_myr":0,"Transects_100m_AddSpatialJoin.eros_hot":"5 - Buxton","Transects_100m_AddSpatialJoin.bnour":" ","Transects_100m_AddSpatialJoin.bnour_yr":0,"Transects_100m_AddSpatialJoin.bnour_src":" ","Transects_100m_AddSpatialJoin.armor":" ","Transects_100m_AddSpatialJoin.editor":" ","Transects_100m_AddSpatialJoin.edit_date":null,"Transects_100m_AddSpatialJoin.notes":" ","Transects_100m_AddSpatialJoin.hotspot":1,"Transects_100m_AddSpatialJoin.Shape_Length":10000}},{"type":"Feature","id":79,"geometry":{"type":"LineString","coordinates":[[460198.4523,3905562.3268999998],[450198.4523,3905562.3268999998]]},"properties":{"Transects_100m.OBJECTID":79,"Transects_100m.LineID":79,"Transects_100m.Shape_Length":10000,"Transects_100m_AddSpatialJoin.OBJECTID":79,"Transects_100m_AddSpatialJoin.Join_Count":1,"Transects_100m_AddSpatialJoin.TARGET_FID":79,"Transects_100m_AddSpatialJoin.Coords":3905578,"Transects_100m_AddSpatialJoin.domain_id":14,"Transects_100m_AddSpatialJoin.reach":" ","Transects_100m_AddSpatialJoin.z_mean":0,"Transects_100m_AddSpatialJoin.z_max":0,"Transects_100m_AddSpatialJoin.z_min":0,"Transects_100m_AddSpatialJoin.relief_m":0,"Transects_100m_AddSpatialJoin.slope_avg":0,"Transects_100m_AddSpatialJoin.road_z":0,"Transects_100m_AddSpatialJoin.shch_myr":0,"Transects_100m_AddSpatialJoin.eros_hot":"5 - Buxton","Transects_100m_AddSpatialJoin.bnour":" ","Transects_100m_AddSpatialJoin.bnour_yr":0,"Transects_100m_AddSpatialJoin.bnour_src":" ","Transects_100m_AddSpatialJoin.armor":" ","Transects_100m_AddSpatialJoin.editor":" ","Transects_100m_AddSpatialJoin.edit_date":null,"Transects_100m_AddSpatialJoin.notes":" ","Transects_100m_AddSpatialJoin.hotspot":1,"Transects_100m_AddSpatialJoin.Shape_Length":10000}},{"type":"Feature","id":80,"geometry":{"type":"LineString","coordinates":[[460198.4523,3905662.3268999998],[450198.4523,3905662.3268999998]]},"properties":{"Transects_100m.OBJECTID":80,"Transects_100m.LineID":80,"Transects_100m.Shape_Length":10000,"Transects_100m_AddSpatialJoin.OBJECTID":80,"Transects_100m_AddSpatialJoin.Join_Count":1,"Transects_100m_AddSpatialJoin.TARGET_FID":80,"Transects_100m_AddSpatialJoin.Coords":3905578,"Transects_100m_AddSpatialJoin.domain_id":14,"Transects_100m_AddSpatialJoin.reach":" ","Transects_100m_AddSpatialJoin.z_mean":0,"Transects_100m_AddSpatialJoin.z_max":0,"Transects_100m_AddSpatialJoin.z_min":0,"Transects_100m_AddSpatialJoin.relief_m":0,"Transects_100m_AddSpatialJoin.slope_avg":0,"Transects_100m_AddSpatialJoin.road_z":0,"Transects_100m_AddSpatialJoin.shch_myr":0,"Transects_100m_AddSpatialJoin.eros_hot":"5 - Buxton","Transects_100m_AddSpatialJoin.bnour":" ","Transects_100m_AddSpatialJoin.bnour_yr":0,"Transects_100m_AddSpatialJoin.bnour_src":" ","Transects_100m_AddSpatialJoin.armor":" ","Transects_100m_AddSpatialJoin.editor":" ","Transects_100m_AddSpatialJoin.edit_date":null,"Transects_100m_AddSpatialJoin.notes":" ","Transects_100m_AddSpatialJoin.hotspot":1,"Transects_100m_AddSpatialJoin.Shape_Length":10000}},{"type":"Feature","id":81,"geometry":{"type":"LineString","coordinates":[[460198.4523,3905762.3268999998],[450198.4523,3905762.3268999998]]},"properties":{"Transects_100m.OBJECTID":81,"Transects_100m.LineID":81,"Transects_100m.Shape_Length":10000,"Transects_100m_AddSpatialJoin.OBJECTID":81,"Transects_100m_AddSpatialJoin.Join_Count":1,"Transects_100m_AddSpatialJoin.TARGET_FID":81,"Transects_100m_AddSpatialJoin.Coords":3905578,"Transects_100m_AddSpatialJoin.domain_id":14,"Transects_100m_AddSpatialJoin.reach":" ","Transects_100m_AddSpatialJoin.z_mean":0,"Transects_100m_AddSpatialJoin.z_max":0,"Transects_100m_AddSpatialJoin.z_min":0,"Transects_100m_AddSpatialJoin.relief_m":0,"Transects_100m_AddSpatialJoin.slope_avg":0,"Transects_100m_AddSpatialJoin.road_z":0,"Transects_100m_AddSpatialJoin.shch_myr":0,"Transects_100m_AddSpatialJoin.eros_hot":"5 - Buxton","Transects_100m_AddSpatialJoin.bnour":" ","Transects_100m_AddSpatialJoin.bnour_yr":0,"Transects_100m_AddSpatialJoin.bnour_src":" ","Transects_100m_AddSpatialJoin.armor":" ","Transects_100m_AddSpatialJoin.editor":" ","Transects_100m_AddSpatialJoin.edit_date":null,"Transects_100m_AddSpatialJoin.notes":" ","Transects_100m_AddSpatialJoin.hotspot":1,"Transects_100m_AddSpatialJoin.Shape_Length":10000}},{"type":"Feature","id":82,"geometry":{"type":"LineString","coordinates":[[460198.4523,3905862.3268999998],[450198.4523,3905862.3268999998]]},"properties":{"Transects_100m.OBJECTID":82,"Transects_100m.LineID":82,"Transects_100m.Shape_Length":10000,"Transects_100m_AddSpatialJoin.OBJECTID":82,"Transects_100m_AddSpatialJoin.Join_Count":1,"Transects_100m_AddSpatialJoin.TARGET_FID":82,"Transects_100m_AddSpatialJoin.Coords":3906084,"Transects_100m_AddSpatialJoin.domain_id":15,"Transects_100m_AddSpatialJoin.reach":" ","Transects_100m_AddSpatialJoin.z_mean":0,"Transects_100m_AddSpatialJoin.z_max":0,"Transects_100m_AddSpatialJoin.z_min":0,"Transects_100m_AddSpatialJoin.relief_m":0,"Transects_100m_AddSpatialJoin.slope_avg":0,"Transects_100m_AddSpatialJoin.road_z":0,"Transects_100m_AddSpatialJoin.shch_myr":0,"Transects_100m_AddSpatialJoin.eros_hot":"5 - Buxton","Transects_100m_AddSpatialJoin.bnour":" ","Transects_100m_AddSpatialJoin.bnour_yr":0,"Transects_100m_AddSpatialJoin.bnour_src":" ","Transects_100m_AddSpatialJoin.armor":" ","Transects_100m_AddSpatialJoin.editor":" ","Transects_100m_AddSpatialJoin.edit_date":null,"Transects_100m_AddSpatialJoin.notes":" ","Transects_100m_AddSpatialJoin.hotspot":1,"Transects_100m_AddSpatialJoin.Shape_Length":10000}},{"type":"Feature","id":83,"geometry":{"type":"LineString","coordinates":[[460198.4523,3905962.3268999998],[450198.4523,3905962.3268999998]]},"properties":{"Transects_100m.OBJECTID":83,"Transects_100m.LineID":83,"Transects_100m.Shape_Length":10000,"Transects_100m_AddSpatialJoin.OBJECTID":83,"Transects_100m_AddSpatialJoin.Join_Count":1,"Transects_100m_AddSpatialJoin.TARGET_FID":83,"Transects_100m_AddSpatialJoin.Coords":3906084,"Transects_100m_AddSpatialJoin.domain_id":15,"Transects_100m_AddSpatialJoin.reach":" ","Transects_100m_AddSpatialJoin.z_mean":0,"Transects_100m_AddSpatialJoin.z_max":0,"Transects_100m_AddSpatialJoin.z_min":0,"Transects_100m_AddSpatialJoin.relief_m":0,"Transects_100m_AddSpatialJoin.slope_avg":0,"Transects_100m_AddSpatialJoin.road_z":0,"Transects_100m_AddSpatialJoin.shch_myr":0,"Transects_100m_AddSpatialJoin.eros_hot":"5 - Buxton","Transects_100m_AddSpatialJoin.bnour":" ","Transects_100m_AddSpatialJoin.bnour_yr":0,"Transects_100m_AddSpatialJoin.bnour_src":" ","Transects_100m_AddSpatialJoin.armor":" ","Transects_100m_AddSpatialJoin.editor":" ","Transects_100m_AddSpatialJoin.edit_date":null,"Transects_100m_AddSpatialJoin.notes":" ","Transects_100m_AddSpatialJoin.hotspot":1,"Transects_100m_AddSpatialJoin.Shape_Length":10000}},{"type":"Feature","id":84,"geometry":{"type":"LineString","coordinates":[[460198.4523,3906062.3268999998],[450198.4523,3906062.3268999998]]},"properties":{"Transects_100m.OBJECTID":84,"Transects_100m.LineID":84,"Transects_100m.Shape_Length":10000,"Transects_100m_AddSpatialJoin.OBJECTID":84,"Transects_100m_AddSpatialJoin.Join_Count":1,"Transects_100m_AddSpatialJoin.TARGET_FID":84,"Transects_100m_AddSpatialJoin.Coords":3906084,"Transects_100m_AddSpatialJoin.domain_id":15,"Transects_100m_AddSpatialJoin.reach":" ","Transects_100m_AddSpatialJoin.z_mean":0,"Transects_100m_AddSpatialJoin.z_max":0,"Transects_100m_AddSpatialJoin.z_min":0,"Transects_100m_AddSpatialJoin.relief_m":0,"Transects_100m_AddSpatialJoin.slope_avg":0,"Transects_100m_AddSpatialJoin.road_z":0,"Transects_100m_AddSpatialJoin.shch_myr":0,"Transects_100m_AddSpatialJoin.eros_hot":"5 - Buxton","Transects_100m_AddSpatialJoin.bnour":" ","Transects_100m_AddSpatialJoin.bnour_yr":0,"Transects_100m_AddSpatialJoin.bnour_src":" ","Transects_100m_AddSpatialJoin.armor":" ","Transects_100m_AddSpatialJoin.editor":" ","Transects_100m_AddSpatialJoin.edit_date":null,"Transects_100m_AddSpatialJoin.notes":" ","Transects_100m_AddSpatialJoin.hotspot":1,"Transects_100m_AddSpatialJoin.Shape_Length":10000}},{"type":"Feature","id":85,"geometry":{"type":"LineString","coordinates":[[460198.4523,3906162.3268999998],[450198.4523,3906162.3268999998]]},"properties":{"Transects_100m.OBJECTID":85,"Transects_100m.LineID":85,"Transects_100m.Shape_Length":10000,"Transects_100m_AddSpatialJoin.OBJECTID":85,"Transects_100m_AddSpatialJoin.Join_Count":1,"Transects_100m_AddSpatialJoin.TARGET_FID":85,"Transects_100m_AddSpatialJoin.Coords":3906084,"Transects_100m_AddSpatialJoin.domain_id":15,"Transects_100m_AddSpatialJoin.reach":" ","Transects_100m_AddSpatialJoin.z_mean":0,"Transects_100m_AddSpatialJoin.z_max":0,"Transects_100m_AddSpatialJoin.z_min":0,"Transects_100m_AddSpatialJoin.relief_m":0,"Transects_100m_AddSpatialJoin.slope_avg":0,"Transects_100m_AddSpatialJoin.road_z":0,"Transects_100m_AddSpatialJoin.shch_myr":0,"Transects_100m_AddSpatialJoin.eros_hot":"5 - Buxton","Transects_100m_AddSpatialJoin.bnour":" ","Transects_100m_AddSpatialJoin.bnour_yr":0,"Transects_100m_AddSpatialJoin.bnour_src":" ","Transects_100m_AddSpatialJoin.armor":" ","Transects_100m_AddSpatialJoin.editor":" ","Transects_100m_AddSpatialJoin.edit_date":null,"Transects_100m_AddSpatialJoin.notes":" ","Transects_100m_AddSpatialJoin.hotspot":1,"Transects_100m_AddSpatialJoin.Shape_Length":10000}},{"type":"Feature","id":86,"geometry":{"type":"LineString","coordinates":[[460198.4523,3906262.3268999998],[450198.4523,3906262.3268999998]]},"properties":{"Transects_100m.OBJECTID":86,"Transects_100m.LineID":86,"Transects_100m.Shape_Length":10000,"Transects_100m_AddSpatialJoin.OBJECTID":86,"Transects_100m_AddSpatialJoin.Join_Count":1,"Transects_100m_AddSpatialJoin.TARGET_FID":86,"Transects_100m_AddSpatialJoin.Coords":3906084,"Transects_100m_AddSpatialJoin.domain_id":15,"Transects_100m_AddSpatialJoin.reach":" ","Transects_100m_AddSpatialJoin.z_mean":0,"Transects_100m_AddSpatialJoin.z_max":0,"Transects_100m_AddSpatialJoin.z_min":0,"Transects_100m_AddSpatialJoin.relief_m":0,"Transects_100m_AddSpatialJoin.slope_avg":0,"Transects_100m_AddSpatialJoin.road_z":0,"Transects_100m_AddSpatialJoin.shch_myr":0,"Transects_100m_AddSpatialJoin.eros_hot":"5 - Buxton","Transects_100m_AddSpatialJoin.bnour":" ","Transects_100m_AddSpatialJoin.bnour_yr":0,"Transects_100m_AddSpatialJoin.bnour_src":" ","Transects_100m_AddSpatialJoin.armor":" ","Transects_100m_AddSpatialJoin.editor":" ","Transects_100m_AddSpatialJoin.edit_date":null,"Transects_100m_AddSpatialJoin.notes":" ","Transects_100m_AddSpatialJoin.hotspot":1,"Transects_100m_AddSpatialJoin.Shape_Length":10000}},{"type":"Feature","id":87,"geometry":{"type":"LineString","coordinates":[[460198.4523,3906362.3268999998],[450198.4523,3906362.3268999998]]},"properties":{"Transects_100m.OBJECTID":87,"Transects_100m.LineID":87,"Transects_100m.Shape_Length":10000,"Transects_100m_AddSpatialJoin.OBJECTID":87,"Transects_100m_AddSpatialJoin.Join_Count":1,"Transects_100m_AddSpatialJoin.TARGET_FID":87,"Transects_100m_AddSpatialJoin.Coords":3906587,"Transects_100m_AddSpatialJoin.domain_id":16,"Transects_100m_AddSpatialJoin.reach":" ","Transects_100m_AddSpatialJoin.z_mean":0,"Transects_100m_AddSpatialJoin.z_max":0,"Transects_100m_AddSpatialJoin.z_min":0,"Transects_100m_AddSpatialJoin.relief_m":0,"Transects_100m_AddSpatialJoin.slope_avg":0,"Transects_100m_AddSpatialJoin.road_z":0,"Transects_100m_AddSpatialJoin.shch_myr":0,"Transects_100m_AddSpatialJoin.eros_hot":"5 - Buxton","Transects_100m_AddSpatialJoin.bnour":" ","Transects_100m_AddSpatialJoin.bnour_yr":0,"Transects_100m_AddSpatialJoin.bnour_src":" ","Transects_100m_AddSpatialJoin.armor":" ","Transects_100m_AddSpatialJoin.editor":" ","Transects_100m_AddSpatialJoin.edit_date":null,"Transects_100m_AddSpatialJoin.notes":" ","Transects_100m_AddSpatialJoin.hotspot":1,"Transects_100m_AddSpatialJoin.Shape_Length":10000}},{"type":"Feature","id":88,"geometry":{"type":"LineString","coordinates":[[460198.4523,3906462.3268999998],[450198.4523,3906462.3268999998]]},"properties":{"Transects_100m.OBJECTID":88,"Transects_100m.LineID":88,"Transects_100m.Shape_Length":10000,"Transects_100m_AddSpatialJoin.OBJECTID":88,"Transects_100m_AddSpatialJoin.Join_Count":1,"Transects_100m_AddSpatialJoin.TARGET_FID":88,"Transects_100m_AddSpatialJoin.Coords":3906587,"Transects_100m_AddSpatialJoin.domain_id":16,"Transects_100m_AddSpatialJoin.reach":" ","Transects_100m_AddSpatialJoin.z_mean":0,"Transects_100m_AddSpatialJoin.z_max":0,"Transects_100m_AddSpatialJoin.z_min":0,"Transects_100m_AddSpatialJoin.relief_m":0,"Transects_100m_AddSpatialJoin.slope_avg":0,"Transects_100m_AddSpatialJoin.road_z":0,"Transects_100m_AddSpatialJoin.shch_myr":0,"Transects_100m_AddSpatialJoin.eros_hot":"5 - Buxton","Transects_100m_AddSpatialJoin.bnour":" ","Transects_100m_AddSpatialJoin.bnour_yr":0,"Transects_100m_AddSpatialJoin.bnour_src":" ","Transects_100m_AddSpatialJoin.armor":" ","Transects_100m_AddSpatialJoin.editor":" ","Transects_100m_AddSpatialJoin.edit_date":null,"Transects_100m_AddSpatialJoin.notes":" ","Transects_100m_AddSpatialJoin.hotspot":1,"Transects_100m_AddSpatialJoin.Shape_Length":10000}},{"type":"Feature","id":89,"geometry":{"type":"LineString","coordinates":[[460198.4523,3906562.3268999998],[450198.4523,3906562.3268999998]]},"properties":{"Transects_100m.OBJECTID":89,"Transects_100m.LineID":89,"Transects_100m.Shape_Length":10000,"Transects_100m_AddSpatialJoin.OBJECTID":89,"Transects_100m_AddSpatialJoin.Join_Count":1,"Transects_100m_AddSpatialJoin.TARGET_FID":89,"Transects_100m_AddSpatialJoin.Coords":3906587,"Transects_100m_AddSpatialJoin.domain_id":16,"Transects_100m_AddSpatialJoin.reach":" ","Transects_100m_AddSpatialJoin.z_mean":0,"Transects_100m_AddSpatialJoin.z_max":0,"Transects_100m_AddSpatialJoin.z_min":0,"Transects_100m_AddSpatialJoin.relief_m":0,"Transects_100m_AddSpatialJoin.slope_avg":0,"Transects_100m_AddSpatialJoin.road_z":0,"Transects_100m_AddSpatialJoin.shch_myr":0,"Transects_100m_AddSpatialJoin.eros_hot":"5 - Buxton","Transects_100m_AddSpatialJoin.bnour":" ","Transects_100m_AddSpatialJoin.bnour_yr":0,"Transects_100m_AddSpatialJoin.bnour_src":" ","Transects_100m_AddSpatialJoin.armor":" ","Transects_100m_AddSpatialJoin.editor":" ","Transects_100m_AddSpatialJoin.edit_date":null,"Transects_100m_AddSpatialJoin.notes":" ","Transects_100m_AddSpatialJoin.hotspot":1,"Transects_100m_AddSpatialJoin.Shape_Length":10000}},{"type":"Feature","id":90,"geometry":{"type":"LineString","coordinates":[[460198.4523,3906662.3268999998],[450198.4523,3906662.3268999998]]},"properties":{"Transects_100m.OBJECTID":90,"Transects_100m.LineID":90,"Transects_100m.Shape_Length":10000,"Transects_100m_AddSpatialJoin.OBJECTID":90,"Transects_100m_AddSpatialJoin.Join_Count":1,"Transects_100m_AddSpatialJoin.TARGET_FID":90,"Transects_100m_AddSpatialJoin.Coords":3906587,"Transects_100m_AddSpatialJoin.domain_id":16,"Transects_100m_AddSpatialJoin.reach":" ","Transects_100m_AddSpatialJoin.z_mean":0,"Transects_100m_AddSpatialJoin.z_max":0,"Transects_100m_AddSpatialJoin.z_min":0,"Transects_100m_AddSpatialJoin.relief_m":0,"Transects_100m_AddSpatialJoin.slope_avg":0,"Transects_100m_AddSpatialJoin.road_z":0,"Transects_100m_AddSpatialJoin.shch_myr":0,"Transects_100m_AddSpatialJoin.eros_hot":"5 - Buxton","Transects_100m_AddSpatialJoin.bnour":" ","Transects_100m_AddSpatialJoin.bnour_yr":0,"Transects_100m_AddSpatialJoin.bnour_src":" ","Transects_100m_AddSpatialJoin.armor":" ","Transects_100m_AddSpatialJoin.editor":" ","Transects_100m_AddSpatialJoin.edit_date":null,"Transects_100m_AddSpatialJoin.notes":" ","Transects_100m_AddSpatialJoin.hotspot":1,"Transects_100m_AddSpatialJoin.Shape_Length":10000}},{"type":"Feature","id":91,"geometry":{"type":"LineString","coordinates":[[460198.4523,3906762.3268999998],[450198.4523,3906762.3268999998]]},"properties":{"Transects_100m.OBJECTID":91,"Transects_100m.LineID":91,"Transects_100m.Shape_Length":10000,"Transects_100m_AddSpatialJoin.OBJECTID":91,"Transects_100m_AddSpatialJoin.Join_Count":1,"Transects_100m_AddSpatialJoin.TARGET_FID":91,"Transects_100m_AddSpatialJoin.Coords":3906587,"Transects_100m_AddSpatialJoin.domain_id":16,"Transects_100m_AddSpatialJoin.reach":" ","Transects_100m_AddSpatialJoin.z_mean":0,"Transects_100m_AddSpatialJoin.z_max":0,"Transects_100m_AddSpatialJoin.z_min":0,"Transects_100m_AddSpatialJoin.relief_m":0,"Transects_100m_AddSpatialJoin.slope_avg":0,"Transects_100m_AddSpatialJoin.road_z":0,"Transects_100m_AddSpatialJoin.shch_myr":0,"Transects_100m_AddSpatialJoin.eros_hot":"5 - Buxton","Transects_100m_AddSpatialJoin.bnour":" ","Transects_100m_AddSpatialJoin.bnour_yr":0,"Transects_100m_AddSpatialJoin.bnour_src":" ","Transects_100m_AddSpatialJoin.armor":" ","Transects_100m_AddSpatialJoin.editor":" ","Transects_100m_AddSpatialJoin.edit_date":null,"Transects_100m_AddSpatialJoin.notes":" ","Transects_100m_AddSpatialJoin.hotspot":1,"Transects_100m_AddSpatialJoin.Shape_Length":10000}},{"type":"Feature","id":92,"geometry":{"type":"LineString","coordinates":[[460198.4523,3906862.3268999998],[450198.4523,3906862.3268999998]]},"properties":{"Transects_100m.OBJECTID":92,"Transects_100m.LineID":92,"Transects_100m.Shape_Length":10000,"Transects_100m_AddSpatialJoin.OBJECTID":92,"Transects_100m_AddSpatialJoin.Join_Count":1,"Transects_100m_AddSpatialJoin.TARGET_FID":92,"Transects_100m_AddSpatialJoin.Coords":3907090,"Transects_100m_AddSpatialJoin.domain_id":17,"Transects_100m_AddSpatialJoin.reach":"","Transects_100m_AddSpatialJoin.z_mean":0,"Transects_100m_AddSpatialJoin.z_max":0,"Transects_100m_AddSpatialJoin.z_min":0,"Transects_100m_AddSpatialJoin.relief_m":0,"Transects_100m_AddSpatialJoin.slope_avg":0,"Transects_100m_AddSpatialJoin.road_z":0,"Transects_100m_AddSpatialJoin.shch_myr":0,"Transects_100m_AddSpatialJoin.eros_hot":"","Transects_100m_AddSpatialJoin.bnour":"","Transects_100m_AddSpatialJoin.bnour_yr":0,"Transects_100m_AddSpatialJoin.bnour_src":"","Transects_100m_AddSpatialJoin.armor":"","Transects_100m_AddSpatialJoin.editor":"","Transects_100m_AddSpatialJoin.edit_date":null,"Transects_100m_AddSpatialJoin.notes":"","Transects_100m_AddSpatialJoin.hotspot":0,"Transects_100m_AddSpatialJoin.Shape_Length":10000}},{"type":"Feature","id":93,"geometry":{"type":"LineString","coordinates":[[460198.4523,3906962.3268999998],[450198.4523,3906962.3268999998]]},"properties":{"Transects_100m.OBJECTID":93,"Transects_100m.LineID":93,"Transects_100m.Shape_Length":10000,"Transects_100m_AddSpatialJoin.OBJECTID":93,"Transects_100m_AddSpatialJoin.Join_Count":1,"Transects_100m_AddSpatialJoin.TARGET_FID":93,"Transects_100m_AddSpatialJoin.Coords":3907090,"Transects_100m_AddSpatialJoin.domain_id":17,"Transects_100m_AddSpatialJoin.reach":"","Transects_100m_AddSpatialJoin.z_mean":0,"Transects_100m_AddSpatialJoin.z_max":0,"Transects_100m_AddSpatialJoin.z_min":0,"Transects_100m_AddSpatialJoin.relief_m":0,"Transects_100m_AddSpatialJoin.slope_avg":0,"Transects_100m_AddSpatialJoin.road_z":0,"Transects_100m_AddSpatialJoin.shch_myr":0,"Transects_100m_AddSpatialJoin.eros_hot":"","Transects_100m_AddSpatialJoin.bnour":"","Transects_100m_AddSpatialJoin.bnour_yr":0,"Transects_100m_AddSpatialJoin.bnour_src":"","Transects_100m_AddSpatialJoin.armor":"","Transects_100m_AddSpatialJoin.editor":"","Transects_100m_AddSpatialJoin.edit_date":null,"Transects_100m_AddSpatialJoin.notes":"","Transects_100m_AddSpatialJoin.hotspot":0,"Transects_100m_AddSpatialJoin.Shape_Length":10000}},{"type":"Feature","id":94,"geometry":{"type":"LineString","coordinates":[[460198.4523,3907062.3268999998],[450198.4523,3907062.3268999998]]},"properties":{"Transects_100m.OBJECTID":94,"Transects_100m.LineID":94,"Transects_100m.Shape_Length":10000,"Transects_100m_AddSpatialJoin.OBJECTID":94,"Transects_100m_AddSpatialJoin.Join_Count":1,"Transects_100m_AddSpatialJoin.TARGET_FID":94,"Transects_100m_AddSpatialJoin.Coords":3907090,"Transects_100m_AddSpatialJoin.domain_id":17,"Transects_100m_AddSpatialJoin.reach":"","Transects_100m_AddSpatialJoin.z_mean":0,"Transects_100m_AddSpatialJoin.z_max":0,"Transects_100m_AddSpatialJoin.z_min":0,"Transects_100m_AddSpatialJoin.relief_m":0,"Transects_100m_AddSpatialJoin.slope_avg":0,"Transects_100m_AddSpatialJoin.road_z":0,"Transects_100m_AddSpatialJoin.shch_myr":0,"Transects_100m_AddSpatialJoin.eros_hot":"","Transects_100m_AddSpatialJoin.bnour":"","Transects_100m_AddSpatialJoin.bnour_yr":0,"Transects_100m_AddSpatialJoin.bnour_src":"","Transects_100m_AddSpatialJoin.armor":"","Transects_100m_AddSpatialJoin.editor":"","Transects_100m_AddSpatialJoin.edit_date":null,"Transects_100m_AddSpatialJoin.notes":"","Transects_100m_AddSpatialJoin.hotspot":0,"Transects_100m_AddSpatialJoin.Shape_Length":10000}},{"type":"Feature","id":95,"geometry":{"type":"LineString","coordinates":[[460198.4523,3907162.3268999998],[450198.4523,3907162.3268999998]]},"properties":{"Transects_100m.OBJECTID":95,"Transects_100m.LineID":95,"Transects_100m.Shape_Length":10000,"Transects_100m_AddSpatialJoin.OBJECTID":95,"Transects_100m_AddSpatialJoin.Join_Count":1,"Transects_100m_AddSpatialJoin.TARGET_FID":95,"Transects_100m_AddSpatialJoin.Coords":3907090,"Transects_100m_AddSpatialJoin.domain_id":17,"Transects_100m_AddSpatialJoin.reach":"","Transects_100m_AddSpatialJoin.z_mean":0,"Transects_100m_AddSpatialJoin.z_max":0,"Transects_100m_AddSpatialJoin.z_min":0,"Transects_100m_AddSpatialJoin.relief_m":0,"Transects_100m_AddSpatialJoin.slope_avg":0,"Transects_100m_AddSpatialJoin.road_z":0,"Transects_100m_AddSpatialJoin.shch_myr":0,"Transects_100m_AddSpatialJoin.eros_hot":"","Transects_100m_AddSpatialJoin.bnour":"","Transects_100m_AddSpatialJoin.bnour_yr":0,"Transects_100m_AddSpatialJoin.bnour_src":"","Transects_100m_AddSpatialJoin.armor":"","Transects_100m_AddSpatialJoin.editor":"","Transects_100m_AddSpatialJoin.edit_date":null,"Transects_100m_AddSpatialJoin.notes":"","Transects_100m_AddSpatialJoin.hotspot":0,"Transects_100m_AddSpatialJoin.Shape_Length":10000}},{"type":"Feature","id":96,"geometry":{"type":"LineString","coordinates":[[460198.4523,3907262.3268999998],[450198.4523,3907262.3268999998]]},"properties":{"Transects_100m.OBJECTID":96,"Transects_100m.LineID":96,"Transects_100m.Shape_Length":10000,"Transects_100m_AddSpatialJoin.OBJECTID":96,"Transects_100m_AddSpatialJoin.Join_Count":1,"Transects_100m_AddSpatialJoin.TARGET_FID":96,"Transects_100m_AddSpatialJoin.Coords":3907090,"Transects_100m_AddSpatialJoin.domain_id":17,"Transects_100m_AddSpatialJoin.reach":"","Transects_100m_AddSpatialJoin.z_mean":0,"Transects_100m_AddSpatialJoin.z_max":0,"Transects_100m_AddSpatialJoin.z_min":0,"Transects_100m_AddSpatialJoin.relief_m":0,"Transects_100m_AddSpatialJoin.slope_avg":0,"Transects_100m_AddSpatialJoin.road_z":0,"Transects_100m_AddSpatialJoin.shch_myr":0,"Transects_100m_AddSpatialJoin.eros_hot":"","Transects_100m_AddSpatialJoin.bnour":"","Transects_100m_AddSpatialJoin.bnour_yr":0,"Transects_100m_AddSpatialJoin.bnour_src":"","Transects_100m_AddSpatialJoin.armor":"","Transects_100m_AddSpatialJoin.editor":"","Transects_100m_AddSpatialJoin.edit_date":null,"Transects_100m_AddSpatialJoin.notes":"","Transects_100m_AddSpatialJoin.hotspot":0,"Transects_100m_AddSpatialJoin.Shape_Length":10000}},{"type":"Feature","id":97,"geometry":{"type":"LineString","coordinates":[[460198.4523,3907362.3268999998],[450198.4523,3907362.3268999998]]},"properties":{"Transects_100m.OBJECTID":97,"Transects_100m.LineID":97,"Transects_100m.Shape_Length":10000,"Transects_100m_AddSpatialJoin.OBJECTID":97,"Transects_100m_AddSpatialJoin.Join_Count":1,"Transects_100m_AddSpatialJoin.TARGET_FID":97,"Transects_100m_AddSpatialJoin.Coords":3907595,"Transects_100m_AddSpatialJoin.domain_id":18,"Transects_100m_AddSpatialJoin.reach":"","Transects_100m_AddSpatialJoin.z_mean":0,"Transects_100m_AddSpatialJoin.z_max":0,"Transects_100m_AddSpatialJoin.z_min":0,"Transects_100m_AddSpatialJoin.relief_m":0,"Transects_100m_AddSpatialJoin.slope_avg":0,"Transects_100m_AddSpatialJoin.road_z":0,"Transects_100m_AddSpatialJoin.shch_myr":0,"Transects_100m_AddSpatialJoin.eros_hot":"","Transects_100m_AddSpatialJoin.bnour":"","Transects_100m_AddSpatialJoin.bnour_yr":0,"Transects_100m_AddSpatialJoin.bnour_src":"","Transects_100m_AddSpatialJoin.armor":"","Transects_100m_AddSpatialJoin.editor":"","Transects_100m_AddSpatialJoin.edit_date":null,"Transects_100m_AddSpatialJoin.notes":"","Transects_100m_AddSpatialJoin.hotspot":0,"Transects_100m_AddSpatialJoin.Shape_Length":10000}},{"type":"Feature","id":98,"geometry":{"type":"LineString","coordinates":[[460198.4523,3907462.3268999998],[450198.4523,3907462.3268999998]]},"properties":{"Transects_100m.OBJECTID":98,"Transects_100m.LineID":98,"Transects_100m.Shape_Length":10000,"Transects_100m_AddSpatialJoin.OBJECTID":98,"Transects_100m_AddSpatialJoin.Join_Count":1,"Transects_100m_AddSpatialJoin.TARGET_FID":98,"Transects_100m_AddSpatialJoin.Coords":3907595,"Transects_100m_AddSpatialJoin.domain_id":18,"Transects_100m_AddSpatialJoin.reach":"","Transects_100m_AddSpatialJoin.z_mean":0,"Transects_100m_AddSpatialJoin.z_max":0,"Transects_100m_AddSpatialJoin.z_min":0,"Transects_100m_AddSpatialJoin.relief_m":0,"Transects_100m_AddSpatialJoin.slope_avg":0,"Transects_100m_AddSpatialJoin.road_z":0,"Transects_100m_AddSpatialJoin.shch_myr":0,"Transects_100m_AddSpatialJoin.eros_hot":"","Transects_100m_AddSpatialJoin.bnour":"","Transects_100m_AddSpatialJoin.bnour_yr":0,"Transects_100m_AddSpatialJoin.bnour_src":"","Transects_100m_AddSpatialJoin.armor":"","Transects_100m_AddSpatialJoin.editor":"","Transects_100m_AddSpatialJoin.edit_date":null,"Transects_100m_AddSpatialJoin.notes":"","Transects_100m_AddSpatialJoin.hotspot":0,"Transects_100m_AddSpatialJoin.Shape_Length":10000}},{"type":"Feature","id":99,"geometry":{"type":"LineString","coordinates":[[460198.4523,3907562.3268999998],[450198.4523,3907562.3268999998]]},"properties":{"Transects_100m.OBJECTID":99,"Transects_100m.LineID":99,"Transects_100m.Shape_Length":10000,"Transects_100m_AddSpatialJoin.OBJECTID":99,"Transects_100m_AddSpatialJoin.Join_Count":1,"Transects_100m_AddSpatialJoin.TARGET_FID":99,"Transects_100m_AddSpatialJoin.Coords":3907595,"Transects_100m_AddSpatialJoin.domain_id":18,"Transects_100m_AddSpatialJoin.reach":"","Transects_100m_AddSpatialJoin.z_mean":0,"Transects_100m_AddSpatialJoin.z_max":0,"Transects_100m_AddSpatialJoin.z_min":0,"Transects_100m_AddSpatialJoin.relief_m":0,"Transects_100m_AddSpatialJoin.slope_avg":0,"Transects_100m_AddSpatialJoin.road_z":0,"Transects_100m_AddSpatialJoin.shch_myr":0,"Transects_100m_AddSpatialJoin.eros_hot":"","Transects_100m_AddSpatialJoin.bnour":"","Transects_100m_AddSpatialJoin.bnour_yr":0,"Transects_100m_AddSpatialJoin.bnour_src":"","Transects_100m_AddSpatialJoin.armor":"","Transects_100m_AddSpatialJoin.editor":"","Transects_100m_AddSpatialJoin.edit_date":null,"Transects_100m_AddSpatialJoin.notes":"","Transects_100m_AddSpatialJoin.hotspot":0,"Transects_100m_AddSpatialJoin.Shape_Length":10000}},{"type":"Feature","id":100,"geometry":{"type":"LineString","coordinates":[[460198.4523,3907662.3268999998],[450198.4523,3907662.3268999998]]},"properties":{"Transects_100m.OBJECTID":100,"Transects_100m.LineID":100,"Transects_100m.Shape_Length":10000,"Transects_100m_AddSpatialJoin.OBJECTID":100,"Transects_100m_AddSpatialJoin.Join_Count":1,"Transects_100m_AddSpatialJoin.TARGET_FID":100,"Transects_100m_AddSpatialJoin.Coords":3907595,"Transects_100m_AddSpatialJoin.domain_id":18,"Transects_100m_AddSpatialJoin.reach":"","Transects_100m_AddSpatialJoin.z_mean":0,"Transects_100m_AddSpatialJoin.z_max":0,"Transects_100m_AddSpatialJoin.z_min":0,"Transects_100m_AddSpatialJoin.relief_m":0,"Transects_100m_AddSpatialJoin.slope_avg":0,"Transects_100m_AddSpatialJoin.road_z":0,"Transects_100m_AddSpatialJoin.shch_myr":0,"Transects_100m_AddSpatialJoin.eros_hot":"","Transects_100m_AddSpatialJoin.bnour":"","Transects_100m_AddSpatialJoin.bnour_yr":0,"Transects_100m_AddSpatialJoin.bnour_src":"","Transects_100m_AddSpatialJoin.armor":"","Transects_100m_AddSpatialJoin.editor":"","Transects_100m_AddSpatialJoin.edit_date":null,"Transects_100m_AddSpatialJoin.notes":"","Transects_100m_AddSpatialJoin.hotspot":0,"Transects_100m_AddSpatialJoin.Shape_Length":10000}},{"type":"Feature","id":101,"geometry":{"type":"LineString","coordinates":[[460198.4523,3907762.3268999998],[450198.4523,3907762.3268999998]]},"properties":{"Transects_100m.OBJECTID":101,"Transects_100m.LineID":101,"Transects_100m.Shape_Length":10000,"Transects_100m_AddSpatialJoin.OBJECTID":101,"Transects_100m_AddSpatialJoin.Join_Count":1,"Transects_100m_AddSpatialJoin.TARGET_FID":101,"Transects_100m_AddSpatialJoin.Coords":3907595,"Transects_100m_AddSpatialJoin.domain_id":18,"Transects_100m_AddSpatialJoin.reach":"","Transects_100m_AddSpatialJoin.z_mean":0,"Transects_100m_AddSpatialJoin.z_max":0,"Transects_100m_AddSpatialJoin.z_min":0,"Transects_100m_AddSpatialJoin.relief_m":0,"Transects_100m_AddSpatialJoin.slope_avg":0,"Transects_100m_AddSpatialJoin.road_z":0,"Transects_100m_AddSpatialJoin.shch_myr":0,"Transects_100m_AddSpatialJoin.eros_hot":"","Transects_100m_AddSpatialJoin.bnour":"","Transects_100m_AddSpatialJoin.bnour_yr":0,"Transects_100m_AddSpatialJoin.bnour_src":"","Transects_100m_AddSpatialJoin.armor":"","Transects_100m_AddSpatialJoin.editor":"","Transects_100m_AddSpatialJoin.edit_date":null,"Transects_100m_AddSpatialJoin.notes":"","Transects_100m_AddSpatialJoin.hotspot":0,"Transects_100m_AddSpatialJoin.Shape_Length":10000}},{"type":"Feature","id":102,"geometry":{"type":"LineString","coordinates":[[460198.4523,3907862.3268999998],[450198.4523,3907862.3268999998]]},"properties":{"Transects_100m.OBJECTID":102,"Transects_100m.LineID":102,"Transects_100m.Shape_Length":10000,"Transects_100m_AddSpatialJoin.OBJECTID":102,"Transects_100m_AddSpatialJoin.Join_Count":1,"Transects_100m_AddSpatialJoin.TARGET_FID":102,"Transects_100m_AddSpatialJoin.Coords":3908099,"Transects_100m_AddSpatialJoin.domain_id":19,"Transects_100m_AddSpatialJoin.reach":"","Transects_100m_AddSpatialJoin.z_mean":0,"Transects_100m_AddSpatialJoin.z_max":0,"Transects_100m_AddSpatialJoin.z_min":0,"Transects_100m_AddSpatialJoin.relief_m":0,"Transects_100m_AddSpatialJoin.slope_avg":0,"Transects_100m_AddSpatialJoin.road_z":0,"Transects_100m_AddSpatialJoin.shch_myr":0,"Transects_100m_AddSpatialJoin.eros_hot":"","Transects_100m_AddSpatialJoin.bnour":"","Transects_100m_AddSpatialJoin.bnour_yr":0,"Transects_100m_AddSpatialJoin.bnour_src":"","Transects_100m_AddSpatialJoin.armor":"","Transects_100m_AddSpatialJoin.editor":"","Transects_100m_AddSpatialJoin.edit_date":null,"Transects_100m_AddSpatialJoin.notes":"","Transects_100m_AddSpatialJoin.hotspot":0,"Transects_100m_AddSpatialJoin.Shape_Length":10000}},{"type":"Feature","id":103,"geometry":{"type":"LineString","coordinates":[[460198.4523,3907962.3268999998],[450198.4523,3907962.3268999998]]},"properties":{"Transects_100m.OBJECTID":103,"Transects_100m.LineID":103,"Transects_100m.Shape_Length":10000,"Transects_100m_AddSpatialJoin.OBJECTID":103,"Transects_100m_AddSpatialJoin.Join_Count":1,"Transects_100m_AddSpatialJoin.TARGET_FID":103,"Transects_100m_AddSpatialJoin.Coords":3908099,"Transects_100m_AddSpatialJoin.domain_id":19,"Transects_100m_AddSpatialJoin.reach":"","Transects_100m_AddSpatialJoin.z_mean":0,"Transects_100m_AddSpatialJoin.z_max":0,"Transects_100m_AddSpatialJoin.z_min":0,"Transects_100m_AddSpatialJoin.relief_m":0,"Transects_100m_AddSpatialJoin.slope_avg":0,"Transects_100m_AddSpatialJoin.road_z":0,"Transects_100m_AddSpatialJoin.shch_myr":0,"Transects_100m_AddSpatialJoin.eros_hot":"","Transects_100m_AddSpatialJoin.bnour":"","Transects_100m_AddSpatialJoin.bnour_yr":0,"Transects_100m_AddSpatialJoin.bnour_src":"","Transects_100m_AddSpatialJoin.armor":"","Transects_100m_AddSpatialJoin.editor":"","Transects_100m_AddSpatialJoin.edit_date":null,"Transects_100m_AddSpatialJoin.notes":"","Transects_100m_AddSpatialJoin.hotspot":0,"Transects_100m_AddSpatialJoin.Shape_Length":10000}},{"type":"Feature","id":104,"geometry":{"type":"LineString","coordinates":[[460198.4523,3908062.3268999998],[450198.4523,3908062.3268999998]]},"properties":{"Transects_100m.OBJECTID":104,"Transects_100m.LineID":104,"Transects_100m.Shape_Length":10000,"Transects_100m_AddSpatialJoin.OBJECTID":104,"Transects_100m_AddSpatialJoin.Join_Count":1,"Transects_100m_AddSpatialJoin.TARGET_FID":104,"Transects_100m_AddSpatialJoin.Coords":3908099,"Transects_100m_AddSpatialJoin.domain_id":19,"Transects_100m_AddSpatialJoin.reach":"","Transects_100m_AddSpatialJoin.z_mean":0,"Transects_100m_AddSpatialJoin.z_max":0,"Transects_100m_AddSpatialJoin.z_min":0,"Transects_100m_AddSpatialJoin.relief_m":0,"Transects_100m_AddSpatialJoin.slope_avg":0,"Transects_100m_AddSpatialJoin.road_z":0,"Transects_100m_AddSpatialJoin.shch_myr":0,"Transects_100m_AddSpatialJoin.eros_hot":"","Transects_100m_AddSpatialJoin.bnour":"","Transects_100m_AddSpatialJoin.bnour_yr":0,"Transects_100m_AddSpatialJoin.bnour_src":"","Transects_100m_AddSpatialJoin.armor":"","Transects_100m_AddSpatialJoin.editor":"","Transects_100m_AddSpatialJoin.edit_date":null,"Transects_100m_AddSpatialJoin.notes":"","Transects_100m_AddSpatialJoin.hotspot":0,"Transects_100m_AddSpatialJoin.Shape_Length":10000}},{"type":"Feature","id":105,"geometry":{"type":"LineString","coordinates":[[460198.4523,3908162.3268999998],[450198.4523,3908162.3268999998]]},"properties":{"Transects_100m.OBJECTID":105,"Transects_100m.LineID":105,"Transects_100m.Shape_Length":10000,"Transects_100m_AddSpatialJoin.OBJECTID":105,"Transects_100m_AddSpatialJoin.Join_Count":1,"Transects_100m_AddSpatialJoin.TARGET_FID":105,"Transects_100m_AddSpatialJoin.Coords":3908099,"Transects_100m_AddSpatialJoin.domain_id":19,"Transects_100m_AddSpatialJoin.reach":"","Transects_100m_AddSpatialJoin.z_mean":0,"Transects_100m_AddSpatialJoin.z_max":0,"Transects_100m_AddSpatialJoin.z_min":0,"Transects_100m_AddSpatialJoin.relief_m":0,"Transects_100m_AddSpatialJoin.slope_avg":0,"Transects_100m_AddSpatialJoin.road_z":0,"Transects_100m_AddSpatialJoin.shch_myr":0,"Transects_100m_AddSpatialJoin.eros_hot":"","Transects_100m_AddSpatialJoin.bnour":"","Transects_100m_AddSpatialJoin.bnour_yr":0,"Transects_100m_AddSpatialJoin.bnour_src":"","Transects_100m_AddSpatialJoin.armor":"","Transects_100m_AddSpatialJoin.editor":"","Transects_100m_AddSpatialJoin.edit_date":null,"Transects_100m_AddSpatialJoin.notes":"","Transects_100m_AddSpatialJoin.hotspot":0,"Transects_100m_AddSpatialJoin.Shape_Length":10000}},{"type":"Feature","id":106,"geometry":{"type":"LineString","coordinates":[[460198.4523,3908262.3268999998],[450198.4523,3908262.3268999998]]},"properties":{"Transects_100m.OBJECTID":106,"Transects_100m.LineID":106,"Transects_100m.Shape_Length":10000,"Transects_100m_AddSpatialJoin.OBJECTID":106,"Transects_100m_AddSpatialJoin.Join_Count":1,"Transects_100m_AddSpatialJoin.TARGET_FID":106,"Transects_100m_AddSpatialJoin.Coords":3908099,"Transects_100m_AddSpatialJoin.domain_id":19,"Transects_100m_AddSpatialJoin.reach":"","Transects_100m_AddSpatialJoin.z_mean":0,"Transects_100m_AddSpatialJoin.z_max":0,"Transects_100m_AddSpatialJoin.z_min":0,"Transects_100m_AddSpatialJoin.relief_m":0,"Transects_100m_AddSpatialJoin.slope_avg":0,"Transects_100m_AddSpatialJoin.road_z":0,"Transects_100m_AddSpatialJoin.shch_myr":0,"Transects_100m_AddSpatialJoin.eros_hot":"","Transects_100m_AddSpatialJoin.bnour":"","Transects_100m_AddSpatialJoin.bnour_yr":0,"Transects_100m_AddSpatialJoin.bnour_src":"","Transects_100m_AddSpatialJoin.armor":"","Transects_100m_AddSpatialJoin.editor":"","Transects_100m_AddSpatialJoin.edit_date":null,"Transects_100m_AddSpatialJoin.notes":"","Transects_100m_AddSpatialJoin.hotspot":0,"Transects_100m_AddSpatialJoin.Shape_Length":10000}},{"type":"Feature","id":107,"geometry":{"type":"LineString","coordinates":[[460198.4523,3908362.3268999998],[450198.4523,3908362.3268999998]]},"properties":{"Transects_100m.OBJECTID":107,"Transects_100m.LineID":107,"Transects_100m.Shape_Length":10000,"Transects_100m_AddSpatialJoin.OBJECTID":107,"Transects_100m_AddSpatialJoin.Join_Count":1,"Transects_100m_AddSpatialJoin.TARGET_FID":107,"Transects_100m_AddSpatialJoin.Coords":3908600,"Transects_100m_AddSpatialJoin.domain_id":20,"Transects_100m_AddSpatialJoin.reach":"","Transects_100m_AddSpatialJoin.z_mean":0,"Transects_100m_AddSpatialJoin.z_max":0,"Transects_100m_AddSpatialJoin.z_min":0,"Transects_100m_AddSpatialJoin.relief_m":0,"Transects_100m_AddSpatialJoin.slope_avg":0,"Transects_100m_AddSpatialJoin.road_z":0,"Transects_100m_AddSpatialJoin.shch_myr":0,"Transects_100m_AddSpatialJoin.eros_hot":"","Transects_100m_AddSpatialJoin.bnour":"","Transects_100m_AddSpatialJoin.bnour_yr":0,"Transects_100m_AddSpatialJoin.bnour_src":"","Transects_100m_AddSpatialJoin.armor":"","Transects_100m_AddSpatialJoin.editor":"","Transects_100m_AddSpatialJoin.edit_date":null,"Transects_100m_AddSpatialJoin.notes":"","Transects_100m_AddSpatialJoin.hotspot":0,"Transects_100m_AddSpatialJoin.Shape_Length":10000}},{"type":"Feature","id":108,"geometry":{"type":"LineString","coordinates":[[460198.4523,3908462.3268999998],[450198.4523,3908462.3268999998]]},"properties":{"Transects_100m.OBJECTID":108,"Transects_100m.LineID":108,"Transects_100m.Shape_Length":10000,"Transects_100m_AddSpatialJoin.OBJECTID":108,"Transects_100m_AddSpatialJoin.Join_Count":1,"Transects_100m_AddSpatialJoin.TARGET_FID":108,"Transects_100m_AddSpatialJoin.Coords":3908600,"Transects_100m_AddSpatialJoin.domain_id":20,"Transects_100m_AddSpatialJoin.reach":"","Transects_100m_AddSpatialJoin.z_mean":0,"Transects_100m_AddSpatialJoin.z_max":0,"Transects_100m_AddSpatialJoin.z_min":0,"Transects_100m_AddSpatialJoin.relief_m":0,"Transects_100m_AddSpatialJoin.slope_avg":0,"Transects_100m_AddSpatialJoin.road_z":0,"Transects_100m_AddSpatialJoin.shch_myr":0,"Transects_100m_AddSpatialJoin.eros_hot":"","Transects_100m_AddSpatialJoin.bnour":"","Transects_100m_AddSpatialJoin.bnour_yr":0,"Transects_100m_AddSpatialJoin.bnour_src":"","Transects_100m_AddSpatialJoin.armor":"","Transects_100m_AddSpatialJoin.editor":"","Transects_100m_AddSpatialJoin.edit_date":null,"Transects_100m_AddSpatialJoin.notes":"","Transects_100m_AddSpatialJoin.hotspot":0,"Transects_100m_AddSpatialJoin.Shape_Length":10000}},{"type":"Feature","id":109,"geometry":{"type":"LineString","coordinates":[[460198.4523,3908562.3268999998],[450198.4523,3908562.3268999998]]},"properties":{"Transects_100m.OBJECTID":109,"Transects_100m.LineID":109,"Transects_100m.Shape_Length":10000,"Transects_100m_AddSpatialJoin.OBJECTID":109,"Transects_100m_AddSpatialJoin.Join_Count":1,"Transects_100m_AddSpatialJoin.TARGET_FID":109,"Transects_100m_AddSpatialJoin.Coords":3908600,"Transects_100m_AddSpatialJoin.domain_id":20,"Transects_100m_AddSpatialJoin.reach":"","Transects_100m_AddSpatialJoin.z_mean":0,"Transects_100m_AddSpatialJoin.z_max":0,"Transects_100m_AddSpatialJoin.z_min":0,"Transects_100m_AddSpatialJoin.relief_m":0,"Transects_100m_AddSpatialJoin.slope_avg":0,"Transects_100m_AddSpatialJoin.road_z":0,"Transects_100m_AddSpatialJoin.shch_myr":0,"Transects_100m_AddSpatialJoin.eros_hot":"","Transects_100m_AddSpatialJoin.bnour":"","Transects_100m_AddSpatialJoin.bnour_yr":0,"Transects_100m_AddSpatialJoin.bnour_src":"","Transects_100m_AddSpatialJoin.armor":"","Transects_100m_AddSpatialJoin.editor":"","Transects_100m_AddSpatialJoin.edit_date":null,"Transects_100m_AddSpatialJoin.notes":"","Transects_100m_AddSpatialJoin.hotspot":0,"Transects_100m_AddSpatialJoin.Shape_Length":10000}},{"type":"Feature","id":110,"geometry":{"type":"LineString","coordinates":[[460198.4523,3908662.3268999998],[450198.4523,3908662.3268999998]]},"properties":{"Transects_100m.OBJECTID":110,"Transects_100m.LineID":110,"Transects_100m.Shape_Length":10000,"Transects_100m_AddSpatialJoin.OBJECTID":110,"Transects_100m_AddSpatialJoin.Join_Count":1,"Transects_100m_AddSpatialJoin.TARGET_FID":110,"Transects_100m_AddSpatialJoin.Coords":3908600,"Transects_100m_AddSpatialJoin.domain_id":20,"Transects_100m_AddSpatialJoin.reach":"","Transects_100m_AddSpatialJoin.z_mean":0,"Transects_100m_AddSpatialJoin.z_max":0,"Transects_100m_AddSpatialJoin.z_min":0,"Transects_100m_AddSpatialJoin.relief_m":0,"Transects_100m_AddSpatialJoin.slope_avg":0,"Transects_100m_AddSpatialJoin.road_z":0,"Transects_100m_AddSpatialJoin.shch_myr":0,"Transects_100m_AddSpatialJoin.eros_hot":"","Transects_100m_AddSpatialJoin.bnour":"","Transects_100m_AddSpatialJoin.bnour_yr":0,"Transects_100m_AddSpatialJoin.bnour_src":"","Transects_100m_AddSpatialJoin.armor":"","Transects_100m_AddSpatialJoin.editor":"","Transects_100m_AddSpatialJoin.edit_date":null,"Transects_100m_AddSpatialJoin.notes":"","Transects_100m_AddSpatialJoin.hotspot":0,"Transects_100m_AddSpatialJoin.Shape_Length":10000}},{"type":"Feature","id":111,"geometry":{"type":"LineString","coordinates":[[460198.4523,3908762.3268999998],[450198.4523,3908762.3268999998]]},"properties":{"Transects_100m.OBJECTID":111,"Transects_100m.LineID":111,"Transects_100m.Shape_Length":10000,"Transects_100m_AddSpatialJoin.OBJECTID":111,"Transects_100m_AddSpatialJoin.Join_Count":1,"Transects_100m_AddSpatialJoin.TARGET_FID":111,"Transects_100m_AddSpatialJoin.Coords":3908600,"Transects_100m_AddSpatialJoin.domain_id":20,"Transects_100m_AddSpatialJoin.reach":"","Transects_100m_AddSpatialJoin.z_mean":0,"Transects_100m_AddSpatialJoin.z_max":0,"Transects_100m_AddSpatialJoin.z_min":0,"Transects_100m_AddSpatialJoin.relief_m":0,"Transects_100m_AddSpatialJoin.slope_avg":0,"Transects_100m_AddSpatialJoin.road_z":0,"Transects_100m_AddSpatialJoin.shch_myr":0,"Transects_100m_AddSpatialJoin.eros_hot":"","Transects_100m_AddSpatialJoin.bnour":"","Transects_100m_AddSpatialJoin.bnour_yr":0,"Transects_100m_AddSpatialJoin.bnour_src":"","Transects_100m_AddSpatialJoin.armor":"","Transects_100m_AddSpatialJoin.editor":"","Transects_100m_AddSpatialJoin.edit_date":null,"Transects_100m_AddSpatialJoin.notes":"","Transects_100m_AddSpatialJoin.hotspot":0,"Transects_100m_AddSpatialJoin.Shape_Length":10000}},{"type":"Feature","id":112,"geometry":{"type":"LineString","coordinates":[[460198.4523,3908862.3268999998],[450198.4523,3908862.3268999998]]},"properties":{"Transects_100m.OBJECTID":112,"Transects_100m.LineID":112,"Transects_100m.Shape_Length":10000,"Transects_100m_AddSpatialJoin.OBJECTID":112,"Transects_100m_AddSpatialJoin.Join_Count":1,"Transects_100m_AddSpatialJoin.TARGET_FID":112,"Transects_100m_AddSpatialJoin.Coords":3909103,"Transects_100m_AddSpatialJoin.domain_id":21,"Transects_100m_AddSpatialJoin.reach":"","Transects_100m_AddSpatialJoin.z_mean":0,"Transects_100m_AddSpatialJoin.z_max":0,"Transects_100m_AddSpatialJoin.z_min":0,"Transects_100m_AddSpatialJoin.relief_m":0,"Transects_100m_AddSpatialJoin.slope_avg":0,"Transects_100m_AddSpatialJoin.road_z":0,"Transects_100m_AddSpatialJoin.shch_myr":0,"Transects_100m_AddSpatialJoin.eros_hot":"","Transects_100m_AddSpatialJoin.bnour":"","Transects_100m_AddSpatialJoin.bnour_yr":0,"Transects_100m_AddSpatialJoin.bnour_src":"","Transects_100m_AddSpatialJoin.armor":"","Transects_100m_AddSpatialJoin.editor":"","Transects_100m_AddSpatialJoin.edit_date":null,"Transects_100m_AddSpatialJoin.notes":"","Transects_100m_AddSpatialJoin.hotspot":0,"Transects_100m_AddSpatialJoin.Shape_Length":10000}},{"type":"Feature","id":113,"geometry":{"type":"LineString","coordinates":[[460198.4523,3908962.3268999998],[450198.4523,3908962.3268999998]]},"properties":{"Transects_100m.OBJECTID":113,"Transects_100m.LineID":113,"Transects_100m.Shape_Length":10000,"Transects_100m_AddSpatialJoin.OBJECTID":113,"Transects_100m_AddSpatialJoin.Join_Count":1,"Transects_100m_AddSpatialJoin.TARGET_FID":113,"Transects_100m_AddSpatialJoin.Coords":3909103,"Transects_100m_AddSpatialJoin.domain_id":21,"Transects_100m_AddSpatialJoin.reach":"","Transects_100m_AddSpatialJoin.z_mean":0,"Transects_100m_AddSpatialJoin.z_max":0,"Transects_100m_AddSpatialJoin.z_min":0,"Transects_100m_AddSpatialJoin.relief_m":0,"Transects_100m_AddSpatialJoin.slope_avg":0,"Transects_100m_AddSpatialJoin.road_z":0,"Transects_100m_AddSpatialJoin.shch_myr":0,"Transects_100m_AddSpatialJoin.eros_hot":"","Transects_100m_AddSpatialJoin.bnour":"","Transects_100m_AddSpatialJoin.bnour_yr":0,"Transects_100m_AddSpatialJoin.bnour_src":"","Transects_100m_AddSpatialJoin.armor":"","Transects_100m_AddSpatialJoin.editor":"","Transects_100m_AddSpatialJoin.edit_date":null,"Transects_100m_AddSpatialJoin.notes":"","Transects_100m_AddSpatialJoin.hotspot":0,"Transects_100m_AddSpatialJoin.Shape_Length":10000}},{"type":"Feature","id":114,"geometry":{"type":"LineString","coordinates":[[460198.4523,3909062.3268999998],[450198.4523,3909062.3268999998]]},"properties":{"Transects_100m.OBJECTID":114,"Transects_100m.LineID":114,"Transects_100m.Shape_Length":10000,"Transects_100m_AddSpatialJoin.OBJECTID":114,"Transects_100m_AddSpatialJoin.Join_Count":1,"Transects_100m_AddSpatialJoin.TARGET_FID":114,"Transects_100m_AddSpatialJoin.Coords":3909103,"Transects_100m_AddSpatialJoin.domain_id":21,"Transects_100m_AddSpatialJoin.reach":"","Transects_100m_AddSpatialJoin.z_mean":0,"Transects_100m_AddSpatialJoin.z_max":0,"Transects_100m_AddSpatialJoin.z_min":0,"Transects_100m_AddSpatialJoin.relief_m":0,"Transects_100m_AddSpatialJoin.slope_avg":0,"Transects_100m_AddSpatialJoin.road_z":0,"Transects_100m_AddSpatialJoin.shch_myr":0,"Transects_100m_AddSpatialJoin.eros_hot":"","Transects_100m_AddSpatialJoin.bnour":"","Transects_100m_AddSpatialJoin.bnour_yr":0,"Transects_100m_AddSpatialJoin.bnour_src":"","Transects_100m_AddSpatialJoin.armor":"","Transects_100m_AddSpatialJoin.editor":"","Transects_100m_AddSpatialJoin.edit_date":null,"Transects_100m_AddSpatialJoin.notes":"","Transects_100m_AddSpatialJoin.hotspot":0,"Transects_100m_AddSpatialJoin.Shape_Length":10000}},{"type":"Feature","id":115,"geometry":{"type":"LineString","coordinates":[[460198.4523,3909162.3268999998],[450198.4523,3909162.3268999998]]},"properties":{"Transects_100m.OBJECTID":115,"Transects_100m.LineID":115,"Transects_100m.Shape_Length":10000,"Transects_100m_AddSpatialJoin.OBJECTID":115,"Transects_100m_AddSpatialJoin.Join_Count":1,"Transects_100m_AddSpatialJoin.TARGET_FID":115,"Transects_100m_AddSpatialJoin.Coords":3909103,"Transects_100m_AddSpatialJoin.domain_id":21,"Transects_100m_AddSpatialJoin.reach":"","Transects_100m_AddSpatialJoin.z_mean":0,"Transects_100m_AddSpatialJoin.z_max":0,"Transects_100m_AddSpatialJoin.z_min":0,"Transects_100m_AddSpatialJoin.relief_m":0,"Transects_100m_AddSpatialJoin.slope_avg":0,"Transects_100m_AddSpatialJoin.road_z":0,"Transects_100m_AddSpatialJoin.shch_myr":0,"Transects_100m_AddSpatialJoin.eros_hot":"","Transects_100m_AddSpatialJoin.bnour":"","Transects_100m_AddSpatialJoin.bnour_yr":0,"Transects_100m_AddSpatialJoin.bnour_src":"","Transects_100m_AddSpatialJoin.armor":"","Transects_100m_AddSpatialJoin.editor":"","Transects_100m_AddSpatialJoin.edit_date":null,"Transects_100m_AddSpatialJoin.notes":"","Transects_100m_AddSpatialJoin.hotspot":0,"Transects_100m_AddSpatialJoin.Shape_Length":10000}},{"type":"Feature","id":116,"geometry":{"type":"LineString","coordinates":[[460198.4523,3909262.3268999998],[450198.4523,3909262.3268999998]]},"properties":{"Transects_100m.OBJECTID":116,"Transects_100m.LineID":116,"Transects_100m.Shape_Length":10000,"Transects_100m_AddSpatialJoin.OBJECTID":116,"Transects_100m_AddSpatialJoin.Join_Count":1,"Transects_100m_AddSpatialJoin.TARGET_FID":116,"Transects_100m_AddSpatialJoin.Coords":3909103,"Transects_100m_AddSpatialJoin.domain_id":21,"Transects_100m_AddSpatialJoin.reach":"","Transects_100m_AddSpatialJoin.z_mean":0,"Transects_100m_AddSpatialJoin.z_max":0,"Transects_100m_AddSpatialJoin.z_min":0,"Transects_100m_AddSpatialJoin.relief_m":0,"Transects_100m_AddSpatialJoin.slope_avg":0,"Transects_100m_AddSpatialJoin.road_z":0,"Transects_100m_AddSpatialJoin.shch_myr":0,"Transects_100m_AddSpatialJoin.eros_hot":"","Transects_100m_AddSpatialJoin.bnour":"","Transects_100m_AddSpatialJoin.bnour_yr":0,"Transects_100m_AddSpatialJoin.bnour_src":"","Transects_100m_AddSpatialJoin.armor":"","Transects_100m_AddSpatialJoin.editor":"","Transects_100m_AddSpatialJoin.edit_date":null,"Transects_100m_AddSpatialJoin.notes":"","Transects_100m_AddSpatialJoin.hotspot":0,"Transects_100m_AddSpatialJoin.Shape_Length":10000}},{"type":"Feature","id":117,"geometry":{"type":"LineString","coordinates":[[460198.4523,3909362.3268999998],[450198.4523,3909362.3268999998]]},"properties":{"Transects_100m.OBJECTID":117,"Transects_100m.LineID":117,"Transects_100m.Shape_Length":10000,"Transects_100m_AddSpatialJoin.OBJECTID":117,"Transects_100m_AddSpatialJoin.Join_Count":1,"Transects_100m_AddSpatialJoin.TARGET_FID":117,"Transects_100m_AddSpatialJoin.Coords":3909605,"Transects_100m_AddSpatialJoin.domain_id":22,"Transects_100m_AddSpatialJoin.reach":"","Transects_100m_AddSpatialJoin.z_mean":0,"Transects_100m_AddSpatialJoin.z_max":0,"Transects_100m_AddSpatialJoin.z_min":0,"Transects_100m_AddSpatialJoin.relief_m":0,"Transects_100m_AddSpatialJoin.slope_avg":0,"Transects_100m_AddSpatialJoin.road_z":0,"Transects_100m_AddSpatialJoin.shch_myr":0,"Transects_100m_AddSpatialJoin.eros_hot":"","Transects_100m_AddSpatialJoin.bnour":"","Transects_100m_AddSpatialJoin.bnour_yr":0,"Transects_100m_AddSpatialJoin.bnour_src":"","Transects_100m_AddSpatialJoin.armor":"","Transects_100m_AddSpatialJoin.editor":"","Transects_100m_AddSpatialJoin.edit_date":null,"Transects_100m_AddSpatialJoin.notes":"","Transects_100m_AddSpatialJoin.hotspot":0,"Transects_100m_AddSpatialJoin.Shape_Length":10000}},{"type":"Feature","id":118,"geometry":{"type":"LineString","coordinates":[[460198.4523,3909462.3268999998],[450198.4523,3909462.3268999998]]},"properties":{"Transects_100m.OBJECTID":118,"Transects_100m.LineID":118,"Transects_100m.Shape_Length":10000,"Transects_100m_AddSpatialJoin.OBJECTID":118,"Transects_100m_AddSpatialJoin.Join_Count":1,"Transects_100m_AddSpatialJoin.TARGET_FID":118,"Transects_100m_AddSpatialJoin.Coords":3909605,"Transects_100m_AddSpatialJoin.domain_id":22,"Transects_100m_AddSpatialJoin.reach":"","Transects_100m_AddSpatialJoin.z_mean":0,"Transects_100m_AddSpatialJoin.z_max":0,"Transects_100m_AddSpatialJoin.z_min":0,"Transects_100m_AddSpatialJoin.relief_m":0,"Transects_100m_AddSpatialJoin.slope_avg":0,"Transects_100m_AddSpatialJoin.road_z":0,"Transects_100m_AddSpatialJoin.shch_myr":0,"Transects_100m_AddSpatialJoin.eros_hot":"","Transects_100m_AddSpatialJoin.bnour":"","Transects_100m_AddSpatialJoin.bnour_yr":0,"Transects_100m_AddSpatialJoin.bnour_src":"","Transects_100m_AddSpatialJoin.armor":"","Transects_100m_AddSpatialJoin.editor":"","Transects_100m_AddSpatialJoin.edit_date":null,"Transects_100m_AddSpatialJoin.notes":"","Transects_100m_AddSpatialJoin.hotspot":0,"Transects_100m_AddSpatialJoin.Shape_Length":10000}},{"type":"Feature","id":119,"geometry":{"type":"LineString","coordinates":[[460198.4523,3909562.3268999998],[450198.4523,3909562.3268999998]]},"properties":{"Transects_100m.OBJECTID":119,"Transects_100m.LineID":119,"Transects_100m.Shape_Length":10000,"Transects_100m_AddSpatialJoin.OBJECTID":119,"Transects_100m_AddSpatialJoin.Join_Count":1,"Transects_100m_AddSpatialJoin.TARGET_FID":119,"Transects_100m_AddSpatialJoin.Coords":3909605,"Transects_100m_AddSpatialJoin.domain_id":22,"Transects_100m_AddSpatialJoin.reach":"","Transects_100m_AddSpatialJoin.z_mean":0,"Transects_100m_AddSpatialJoin.z_max":0,"Transects_100m_AddSpatialJoin.z_min":0,"Transects_100m_AddSpatialJoin.relief_m":0,"Transects_100m_AddSpatialJoin.slope_avg":0,"Transects_100m_AddSpatialJoin.road_z":0,"Transects_100m_AddSpatialJoin.shch_myr":0,"Transects_100m_AddSpatialJoin.eros_hot":"","Transects_100m_AddSpatialJoin.bnour":"","Transects_100m_AddSpatialJoin.bnour_yr":0,"Transects_100m_AddSpatialJoin.bnour_src":"","Transects_100m_AddSpatialJoin.armor":"","Transects_100m_AddSpatialJoin.editor":"","Transects_100m_AddSpatialJoin.edit_date":null,"Transects_100m_AddSpatialJoin.notes":"","Transects_100m_AddSpatialJoin.hotspot":0,"Transects_100m_AddSpatialJoin.Shape_Length":10000}},{"type":"Feature","id":120,"geometry":{"type":"LineString","coordinates":[[460198.4523,3909662.3268999998],[450198.4523,3909662.3268999998]]},"properties":{"Transects_100m.OBJECTID":120,"Transects_100m.LineID":120,"Transects_100m.Shape_Length":10000,"Transects_100m_AddSpatialJoin.OBJECTID":120,"Transects_100m_AddSpatialJoin.Join_Count":1,"Transects_100m_AddSpatialJoin.TARGET_FID":120,"Transects_100m_AddSpatialJoin.Coords":3909605,"Transects_100m_AddSpatialJoin.domain_id":22,"Transects_100m_AddSpatialJoin.reach":"","Transects_100m_AddSpatialJoin.z_mean":0,"Transects_100m_AddSpatialJoin.z_max":0,"Transects_100m_AddSpatialJoin.z_min":0,"Transects_100m_AddSpatialJoin.relief_m":0,"Transects_100m_AddSpatialJoin.slope_avg":0,"Transects_100m_AddSpatialJoin.road_z":0,"Transects_100m_AddSpatialJoin.shch_myr":0,"Transects_100m_AddSpatialJoin.eros_hot":"","Transects_100m_AddSpatialJoin.bnour":"","Transects_100m_AddSpatialJoin.bnour_yr":0,"Transects_100m_AddSpatialJoin.bnour_src":"","Transects_100m_AddSpatialJoin.armor":"","Transects_100m_AddSpatialJoin.editor":"","Transects_100m_AddSpatialJoin.edit_date":null,"Transects_100m_AddSpatialJoin.notes":"","Transects_100m_AddSpatialJoin.hotspot":0,"Transects_100m_AddSpatialJoin.Shape_Length":10000}},{"type":"Feature","id":121,"geometry":{"type":"LineString","coordinates":[[460198.4523,3909762.3268999998],[450198.4523,3909762.3268999998]]},"properties":{"Transects_100m.OBJECTID":121,"Transects_100m.LineID":121,"Transects_100m.Shape_Length":10000,"Transects_100m_AddSpatialJoin.OBJECTID":121,"Transects_100m_AddSpatialJoin.Join_Count":1,"Transects_100m_AddSpatialJoin.TARGET_FID":121,"Transects_100m_AddSpatialJoin.Coords":3909605,"Transects_100m_AddSpatialJoin.domain_id":22,"Transects_100m_AddSpatialJoin.reach":"","Transects_100m_AddSpatialJoin.z_mean":0,"Transects_100m_AddSpatialJoin.z_max":0,"Transects_100m_AddSpatialJoin.z_min":0,"Transects_100m_AddSpatialJoin.relief_m":0,"Transects_100m_AddSpatialJoin.slope_avg":0,"Transects_100m_AddSpatialJoin.road_z":0,"Transects_100m_AddSpatialJoin.shch_myr":0,"Transects_100m_AddSpatialJoin.eros_hot":"","Transects_100m_AddSpatialJoin.bnour":"","Transects_100m_AddSpatialJoin.bnour_yr":0,"Transects_100m_AddSpatialJoin.bnour_src":"","Transects_100m_AddSpatialJoin.armor":"","Transects_100m_AddSpatialJoin.editor":"","Transects_100m_AddSpatialJoin.edit_date":null,"Transects_100m_AddSpatialJoin.notes":"","Transects_100m_AddSpatialJoin.hotspot":0,"Transects_100m_AddSpatialJoin.Shape_Length":10000}},{"type":"Feature","id":122,"geometry":{"type":"LineString","coordinates":[[460198.4523,3909862.3268999998],[450198.4523,3909862.3268999998]]},"properties":{"Transects_100m.OBJECTID":122,"Transects_100m.LineID":122,"Transects_100m.Shape_Length":10000,"Transects_100m_AddSpatialJoin.OBJECTID":122,"Transects_100m_AddSpatialJoin.Join_Count":1,"Transects_100m_AddSpatialJoin.TARGET_FID":122,"Transects_100m_AddSpatialJoin.Coords":3910110,"Transects_100m_AddSpatialJoin.domain_id":23,"Transects_100m_AddSpatialJoin.reach":"","Transects_100m_AddSpatialJoin.z_mean":0,"Transects_100m_AddSpatialJoin.z_max":0,"Transects_100m_AddSpatialJoin.z_min":0,"Transects_100m_AddSpatialJoin.relief_m":0,"Transects_100m_AddSpatialJoin.slope_avg":0,"Transects_100m_AddSpatialJoin.road_z":0,"Transects_100m_AddSpatialJoin.shch_myr":0,"Transects_100m_AddSpatialJoin.eros_hot":"","Transects_100m_AddSpatialJoin.bnour":"","Transects_100m_AddSpatialJoin.bnour_yr":0,"Transects_100m_AddSpatialJoin.bnour_src":"","Transects_100m_AddSpatialJoin.armor":"","Transects_100m_AddSpatialJoin.editor":"","Transects_100m_AddSpatialJoin.edit_date":null,"Transects_100m_AddSpatialJoin.notes":"","Transects_100m_AddSpatialJoin.hotspot":0,"Transects_100m_AddSpatialJoin.Shape_Length":10000}},{"type":"Feature","id":123,"geometry":{"type":"LineString","coordinates":[[460198.4523,3909962.3268999998],[450198.4523,3909962.3268999998]]},"properties":{"Transects_100m.OBJECTID":123,"Transects_100m.LineID":123,"Transects_100m.Shape_Length":10000,"Transects_100m_AddSpatialJoin.OBJECTID":123,"Transects_100m_AddSpatialJoin.Join_Count":1,"Transects_100m_AddSpatialJoin.TARGET_FID":123,"Transects_100m_AddSpatialJoin.Coords":3910110,"Transects_100m_AddSpatialJoin.domain_id":23,"Transects_100m_AddSpatialJoin.reach":"","Transects_100m_AddSpatialJoin.z_mean":0,"Transects_100m_AddSpatialJoin.z_max":0,"Transects_100m_AddSpatialJoin.z_min":0,"Transects_100m_AddSpatialJoin.relief_m":0,"Transects_100m_AddSpatialJoin.slope_avg":0,"Transects_100m_AddSpatialJoin.road_z":0,"Transects_100m_AddSpatialJoin.shch_myr":0,"Transects_100m_AddSpatialJoin.eros_hot":"","Transects_100m_AddSpatialJoin.bnour":"","Transects_100m_AddSpatialJoin.bnour_yr":0,"Transects_100m_AddSpatialJoin.bnour_src":"","Transects_100m_AddSpatialJoin.armor":"","Transects_100m_AddSpatialJoin.editor":"","Transects_100m_AddSpatialJoin.edit_date":null,"Transects_100m_AddSpatialJoin.notes":"","Transects_100m_AddSpatialJoin.hotspot":0,"Transects_100m_AddSpatialJoin.Shape_Length":10000}},{"type":"Feature","id":124,"geometry":{"type":"LineString","coordinates":[[460198.4523,3910062.3268999998],[450198.4523,3910062.3268999998]]},"properties":{"Transects_100m.OBJECTID":124,"Transects_100m.LineID":124,"Transects_100m.Shape_Length":10000,"Transects_100m_AddSpatialJoin.OBJECTID":124,"Transects_100m_AddSpatialJoin.Join_Count":1,"Transects_100m_AddSpatialJoin.TARGET_FID":124,"Transects_100m_AddSpatialJoin.Coords":3910110,"Transects_100m_AddSpatialJoin.domain_id":23,"Transects_100m_AddSpatialJoin.reach":"","Transects_100m_AddSpatialJoin.z_mean":0,"Transects_100m_AddSpatialJoin.z_max":0,"Transects_100m_AddSpatialJoin.z_min":0,"Transects_100m_AddSpatialJoin.relief_m":0,"Transects_100m_AddSpatialJoin.slope_avg":0,"Transects_100m_AddSpatialJoin.road_z":0,"Transects_100m_AddSpatialJoin.shch_myr":0,"Transects_100m_AddSpatialJoin.eros_hot":"","Transects_100m_AddSpatialJoin.bnour":"","Transects_100m_AddSpatialJoin.bnour_yr":0,"Transects_100m_AddSpatialJoin.bnour_src":"","Transects_100m_AddSpatialJoin.armor":"","Transects_100m_AddSpatialJoin.editor":"","Transects_100m_AddSpatialJoin.edit_date":null,"Transects_100m_AddSpatialJoin.notes":"","Transects_100m_AddSpatialJoin.hotspot":0,"Transects_100m_AddSpatialJoin.Shape_Length":10000}},{"type":"Feature","id":125,"geometry":{"type":"LineString","coordinates":[[460198.4523,3910162.3268999998],[450198.4523,3910162.3268999998]]},"properties":{"Transects_100m.OBJECTID":125,"Transects_100m.LineID":125,"Transects_100m.Shape_Length":10000,"Transects_100m_AddSpatialJoin.OBJECTID":125,"Transects_100m_AddSpatialJoin.Join_Count":1,"Transects_100m_AddSpatialJoin.TARGET_FID":125,"Transects_100m_AddSpatialJoin.Coords":3910110,"Transects_100m_AddSpatialJoin.domain_id":23,"Transects_100m_AddSpatialJoin.reach":"","Transects_100m_AddSpatialJoin.z_mean":0,"Transects_100m_AddSpatialJoin.z_max":0,"Transects_100m_AddSpatialJoin.z_min":0,"Transects_100m_AddSpatialJoin.relief_m":0,"Transects_100m_AddSpatialJoin.slope_avg":0,"Transects_100m_AddSpatialJoin.road_z":0,"Transects_100m_AddSpatialJoin.shch_myr":0,"Transects_100m_AddSpatialJoin.eros_hot":"","Transects_100m_AddSpatialJoin.bnour":"","Transects_100m_AddSpatialJoin.bnour_yr":0,"Transects_100m_AddSpatialJoin.bnour_src":"","Transects_100m_AddSpatialJoin.armor":"","Transects_100m_AddSpatialJoin.editor":"","Transects_100m_AddSpatialJoin.edit_date":null,"Transects_100m_AddSpatialJoin.notes":"","Transects_100m_AddSpatialJoin.hotspot":0,"Transects_100m_AddSpatialJoin.Shape_Length":10000}},{"type":"Feature","id":126,"geometry":{"type":"LineString","coordinates":[[460198.4523,3910262.3268999998],[450198.4523,3910262.3268999998]]},"properties":{"Transects_100m.OBJECTID":126,"Transects_100m.LineID":126,"Transects_100m.Shape_Length":10000,"Transects_100m_AddSpatialJoin.OBJECTID":126,"Transects_100m_AddSpatialJoin.Join_Count":1,"Transects_100m_AddSpatialJoin.TARGET_FID":126,"Transects_100m_AddSpatialJoin.Coords":3910110,"Transects_100m_AddSpatialJoin.domain_id":23,"Transects_100m_AddSpatialJoin.reach":"","Transects_100m_AddSpatialJoin.z_mean":0,"Transects_100m_AddSpatialJoin.z_max":0,"Transects_100m_AddSpatialJoin.z_min":0,"Transects_100m_AddSpatialJoin.relief_m":0,"Transects_100m_AddSpatialJoin.slope_avg":0,"Transects_100m_AddSpatialJoin.road_z":0,"Transects_100m_AddSpatialJoin.shch_myr":0,"Transects_100m_AddSpatialJoin.eros_hot":"","Transects_100m_AddSpatialJoin.bnour":"","Transects_100m_AddSpatialJoin.bnour_yr":0,"Transects_100m_AddSpatialJoin.bnour_src":"","Transects_100m_AddSpatialJoin.armor":"","Transects_100m_AddSpatialJoin.editor":"","Transects_100m_AddSpatialJoin.edit_date":null,"Transects_100m_AddSpatialJoin.notes":"","Transects_100m_AddSpatialJoin.hotspot":0,"Transects_100m_AddSpatialJoin.Shape_Length":10000}},{"type":"Feature","id":127,"geometry":{"type":"LineString","coordinates":[[460198.4523,3910362.3268999998],[450198.4523,3910362.3268999998]]},"properties":{"Transects_100m.OBJECTID":127,"Transects_100m.LineID":127,"Transects_100m.Shape_Length":10000,"Transects_100m_AddSpatialJoin.OBJECTID":127,"Transects_100m_AddSpatialJoin.Join_Count":0,"Transects_100m_AddSpatialJoin.TARGET_FID":127,"Transects_100m_AddSpatialJoin.Coords":null,"Transects_100m_AddSpatialJoin.domain_id":null,"Transects_100m_AddSpatialJoin.reach":null,"Transects_100m_AddSpatialJoin.z_mean":null,"Transects_100m_AddSpatialJoin.z_max":null,"Transects_100m_AddSpatialJoin.z_min":null,"Transects_100m_AddSpatialJoin.relief_m":null,"Transects_100m_AddSpatialJoin.slope_avg":null,"Transects_100m_AddSpatialJoin.road_z":null,"Transects_100m_AddSpatialJoin.shch_myr":null,"Transects_100m_AddSpatialJoin.eros_hot":null,"Transects_100m_AddSpatialJoin.bnour":null,"Transects_100m_AddSpatialJoin.bnour_yr":null,"Transects_100m_AddSpatialJoin.bnour_src":null,"Transects_100m_AddSpatialJoin.armor":null,"Transects_100m_AddSpatialJoin.editor":null,"Transects_100m_AddSpatialJoin.edit_date":null,"Transects_100m_AddSpatialJoin.notes":null,"Transects_100m_AddSpatialJoin.hotspot":null,"Transects_100m_AddSpatialJoin.Shape_Length":10000}},{"type":"Feature","id":128,"geometry":{"type":"LineString","coordinates":[[460198.4523,3910462.3268999998],[450198.4523,3910462.3268999998]]},"properties":{"Transects_100m.OBJECTID":128,"Transects_100m.LineID":128,"Transects_100m.Shape_Length":10000,"Transects_100m_AddSpatialJoin.OBJECTID":128,"Transects_100m_AddSpatialJoin.Join_Count":1,"Transects_100m_AddSpatialJoin.TARGET_FID":128,"Transects_100m_AddSpatialJoin.Coords":3910613,"Transects_100m_AddSpatialJoin.domain_id":24,"Transects_100m_AddSpatialJoin.reach":"","Transects_100m_AddSpatialJoin.z_mean":0,"Transects_100m_AddSpatialJoin.z_max":0,"Transects_100m_AddSpatialJoin.z_min":0,"Transects_100m_AddSpatialJoin.relief_m":0,"Transects_100m_AddSpatialJoin.slope_avg":0,"Transects_100m_AddSpatialJoin.road_z":0,"Transects_100m_AddSpatialJoin.shch_myr":0,"Transects_100m_AddSpatialJoin.eros_hot":"","Transects_100m_AddSpatialJoin.bnour":"","Transects_100m_AddSpatialJoin.bnour_yr":0,"Transects_100m_AddSpatialJoin.bnour_src":"","Transects_100m_AddSpatialJoin.armor":"","Transects_100m_AddSpatialJoin.editor":"","Transects_100m_AddSpatialJoin.edit_date":null,"Transects_100m_AddSpatialJoin.notes":"","Transects_100m_AddSpatialJoin.hotspot":0,"Transects_100m_AddSpatialJoin.Shape_Length":10000}},{"type":"Feature","id":129,"geometry":{"type":"LineString","coordinates":[[460198.4523,3910562.3268999998],[450198.4523,3910562.3268999998]]},"properties":{"Transects_100m.OBJECTID":129,"Transects_100m.LineID":129,"Transects_100m.Shape_Length":10000,"Transects_100m_AddSpatialJoin.OBJECTID":129,"Transects_100m_AddSpatialJoin.Join_Count":1,"Transects_100m_AddSpatialJoin.TARGET_FID":129,"Transects_100m_AddSpatialJoin.Coords":3910613,"Transects_100m_AddSpatialJoin.domain_id":24,"Transects_100m_AddSpatialJoin.reach":"","Transects_100m_AddSpatialJoin.z_mean":0,"Transects_100m_AddSpatialJoin.z_max":0,"Transects_100m_AddSpatialJoin.z_min":0,"Transects_100m_AddSpatialJoin.relief_m":0,"Transects_100m_AddSpatialJoin.slope_avg":0,"Transects_100m_AddSpatialJoin.road_z":0,"Transects_100m_AddSpatialJoin.shch_myr":0,"Transects_100m_AddSpatialJoin.eros_hot":"","Transects_100m_AddSpatialJoin.bnour":"","Transects_100m_AddSpatialJoin.bnour_yr":0,"Transects_100m_AddSpatialJoin.bnour_src":"","Transects_100m_AddSpatialJoin.armor":"","Transects_100m_AddSpatialJoin.editor":"","Transects_100m_AddSpatialJoin.edit_date":null,"Transects_100m_AddSpatialJoin.notes":"","Transects_100m_AddSpatialJoin.hotspot":0,"Transects_100m_AddSpatialJoin.Shape_Length":10000}},{"type":"Feature","id":130,"geometry":{"type":"LineString","coordinates":[[460198.4523,3910662.3268999998],[450198.4523,3910662.3268999998]]},"properties":{"Transects_100m.OBJECTID":130,"Transects_100m.LineID":130,"Transects_100m.Shape_Length":10000,"Transects_100m_AddSpatialJoin.OBJECTID":130,"Transects_100m_AddSpatialJoin.Join_Count":1,"Transects_100m_AddSpatialJoin.TARGET_FID":130,"Transects_100m_AddSpatialJoin.Coords":3910613,"Transects_100m_AddSpatialJoin.domain_id":24,"Transects_100m_AddSpatialJoin.reach":"","Transects_100m_AddSpatialJoin.z_mean":0,"Transects_100m_AddSpatialJoin.z_max":0,"Transects_100m_AddSpatialJoin.z_min":0,"Transects_100m_AddSpatialJoin.relief_m":0,"Transects_100m_AddSpatialJoin.slope_avg":0,"Transects_100m_AddSpatialJoin.road_z":0,"Transects_100m_AddSpatialJoin.shch_myr":0,"Transects_100m_AddSpatialJoin.eros_hot":"","Transects_100m_AddSpatialJoin.bnour":"","Transects_100m_AddSpatialJoin.bnour_yr":0,"Transects_100m_AddSpatialJoin.bnour_src":"","Transects_100m_AddSpatialJoin.armor":"","Transects_100m_AddSpatialJoin.editor":"","Transects_100m_AddSpatialJoin.edit_date":null,"Transects_100m_AddSpatialJoin.notes":"","Transects_100m_AddSpatialJoin.hotspot":0,"Transects_100m_AddSpatialJoin.Shape_Length":10000}},{"type":"Feature","id":131,"geometry":{"type":"LineString","coordinates":[[460198.4523,3910762.3268999998],[450198.4523,3910762.3268999998]]},"properties":{"Transects_100m.OBJECTID":131,"Transects_100m.LineID":131,"Transects_100m.Shape_Length":10000,"Transects_100m_AddSpatialJoin.OBJECTID":131,"Transects_100m_AddSpatialJoin.Join_Count":1,"Transects_100m_AddSpatialJoin.TARGET_FID":131,"Transects_100m_AddSpatialJoin.Coords":3910613,"Transects_100m_AddSpatialJoin.domain_id":24,"Transects_100m_AddSpatialJoin.reach":"","Transects_100m_AddSpatialJoin.z_mean":0,"Transects_100m_AddSpatialJoin.z_max":0,"Transects_100m_AddSpatialJoin.z_min":0,"Transects_100m_AddSpatialJoin.relief_m":0,"Transects_100m_AddSpatialJoin.slope_avg":0,"Transects_100m_AddSpatialJoin.road_z":0,"Transects_100m_AddSpatialJoin.shch_myr":0,"Transects_100m_AddSpatialJoin.eros_hot":"","Transects_100m_AddSpatialJoin.bnour":"","Transects_100m_AddSpatialJoin.bnour_yr":0,"Transects_100m_AddSpatialJoin.bnour_src":"","Transects_100m_AddSpatialJoin.armor":"","Transects_100m_AddSpatialJoin.editor":"","Transects_100m_AddSpatialJoin.edit_date":null,"Transects_100m_AddSpatialJoin.notes":"","Transects_100m_AddSpatialJoin.hotspot":0,"Transects_100m_AddSpatialJoin.Shape_Length":10000}},{"type":"Feature","id":132,"geometry":{"type":"LineString","coordinates":[[460198.4523,3910862.3268999998],[450198.4523,3910862.3268999998]]},"properties":{"Transects_100m.OBJECTID":132,"Transects_100m.LineID":132,"Transects_100m.Shape_Length":10000,"Transects_100m_AddSpatialJoin.OBJECTID":132,"Transects_100m_AddSpatialJoin.Join_Count":1,"Transects_100m_AddSpatialJoin.TARGET_FID":132,"Transects_100m_AddSpatialJoin.Coords":3910613,"Transects_100m_AddSpatialJoin.domain_id":24,"Transects_100m_AddSpatialJoin.reach":"","Transects_100m_AddSpatialJoin.z_mean":0,"Transects_100m_AddSpatialJoin.z_max":0,"Transects_100m_AddSpatialJoin.z_min":0,"Transects_100m_AddSpatialJoin.relief_m":0,"Transects_100m_AddSpatialJoin.slope_avg":0,"Transects_100m_AddSpatialJoin.road_z":0,"Transects_100m_AddSpatialJoin.shch_myr":0,"Transects_100m_AddSpatialJoin.eros_hot":"","Transects_100m_AddSpatialJoin.bnour":"","Transects_100m_AddSpatialJoin.bnour_yr":0,"Transects_100m_AddSpatialJoin.bnour_src":"","Transects_100m_AddSpatialJoin.armor":"","Transects_100m_AddSpatialJoin.editor":"","Transects_100m_AddSpatialJoin.edit_date":null,"Transects_100m_AddSpatialJoin.notes":"","Transects_100m_AddSpatialJoin.hotspot":0,"Transects_100m_AddSpatialJoin.Shape_Length":10000}},{"type":"Feature","id":133,"geometry":{"type":"LineString","coordinates":[[460198.4523,3910962.3268999998],[450198.4523,3910962.3268999998]]},"properties":{"Transects_100m.OBJECTID":133,"Transects_100m.LineID":133,"Transects_100m.Shape_Length":10000,"Transects_100m_AddSpatialJoin.OBJECTID":133,"Transects_100m_AddSpatialJoin.Join_Count":1,"Transects_100m_AddSpatialJoin.TARGET_FID":133,"Transects_100m_AddSpatialJoin.Coords":3911117,"Transects_100m_AddSpatialJoin.domain_id":25,"Transects_100m_AddSpatialJoin.reach":"","Transects_100m_AddSpatialJoin.z_mean":0,"Transects_100m_AddSpatialJoin.z_max":0,"Transects_100m_AddSpatialJoin.z_min":0,"Transects_100m_AddSpatialJoin.relief_m":0,"Transects_100m_AddSpatialJoin.slope_avg":0,"Transects_100m_AddSpatialJoin.road_z":0,"Transects_100m_AddSpatialJoin.shch_myr":0,"Transects_100m_AddSpatialJoin.eros_hot":"","Transects_100m_AddSpatialJoin.bnour":"","Transects_100m_AddSpatialJoin.bnour_yr":0,"Transects_100m_AddSpatialJoin.bnour_src":"","Transects_100m_AddSpatialJoin.armor":"","Transects_100m_AddSpatialJoin.editor":"","Transects_100m_AddSpatialJoin.edit_date":null,"Transects_100m_AddSpatialJoin.notes":"","Transects_100m_AddSpatialJoin.hotspot":0,"Transects_100m_AddSpatialJoin.Shape_Length":10000}},{"type":"Feature","id":134,"geometry":{"type":"LineString","coordinates":[[460198.4523,3911062.3268999998],[450198.4523,3911062.3268999998]]},"properties":{"Transects_100m.OBJECTID":134,"Transects_100m.LineID":134,"Transects_100m.Shape_Length":10000,"Transects_100m_AddSpatialJoin.OBJECTID":134,"Transects_100m_AddSpatialJoin.Join_Count":1,"Transects_100m_AddSpatialJoin.TARGET_FID":134,"Transects_100m_AddSpatialJoin.Coords":3911117,"Transects_100m_AddSpatialJoin.domain_id":25,"Transects_100m_AddSpatialJoin.reach":"","Transects_100m_AddSpatialJoin.z_mean":0,"Transects_100m_AddSpatialJoin.z_max":0,"Transects_100m_AddSpatialJoin.z_min":0,"Transects_100m_AddSpatialJoin.relief_m":0,"Transects_100m_AddSpatialJoin.slope_avg":0,"Transects_100m_AddSpatialJoin.road_z":0,"Transects_100m_AddSpatialJoin.shch_myr":0,"Transects_100m_AddSpatialJoin.eros_hot":"","Transects_100m_AddSpatialJoin.bnour":"","Transects_100m_AddSpatialJoin.bnour_yr":0,"Transects_100m_AddSpatialJoin.bnour_src":"","Transects_100m_AddSpatialJoin.armor":"","Transects_100m_AddSpatialJoin.editor":"","Transects_100m_AddSpatialJoin.edit_date":null,"Transects_100m_AddSpatialJoin.notes":"","Transects_100m_AddSpatialJoin.hotspot":0,"Transects_100m_AddSpatialJoin.Shape_Length":10000}},{"type":"Feature","id":135,"geometry":{"type":"LineString","coordinates":[[460198.4523,3911162.3268999998],[450198.4523,3911162.3268999998]]},"properties":{"Transects_100m.OBJECTID":135,"Transects_100m.LineID":135,"Transects_100m.Shape_Length":10000,"Transects_100m_AddSpatialJoin.OBJECTID":135,"Transects_100m_AddSpatialJoin.Join_Count":1,"Transects_100m_AddSpatialJoin.TARGET_FID":135,"Transects_100m_AddSpatialJoin.Coords":3911117,"Transects_100m_AddSpatialJoin.domain_id":25,"Transects_100m_AddSpatialJoin.reach":"","Transects_100m_AddSpatialJoin.z_mean":0,"Transects_100m_AddSpatialJoin.z_max":0,"Transects_100m_AddSpatialJoin.z_min":0,"Transects_100m_AddSpatialJoin.relief_m":0,"Transects_100m_AddSpatialJoin.slope_avg":0,"Transects_100m_AddSpatialJoin.road_z":0,"Transects_100m_AddSpatialJoin.shch_myr":0,"Transects_100m_AddSpatialJoin.eros_hot":"","Transects_100m_AddSpatialJoin.bnour":"","Transects_100m_AddSpatialJoin.bnour_yr":0,"Transects_100m_AddSpatialJoin.bnour_src":"","Transects_100m_AddSpatialJoin.armor":"","Transects_100m_AddSpatialJoin.editor":"","Transects_100m_AddSpatialJoin.edit_date":null,"Transects_100m_AddSpatialJoin.notes":"","Transects_100m_AddSpatialJoin.hotspot":0,"Transects_100m_AddSpatialJoin.Shape_Length":10000}},{"type":"Feature","id":136,"geometry":{"type":"LineString","coordinates":[[460198.4523,3911262.3268999998],[450198.4523,3911262.3268999998]]},"properties":{"Transects_100m.OBJECTID":136,"Transects_100m.LineID":136,"Transects_100m.Shape_Length":10000,"Transects_100m_AddSpatialJoin.OBJECTID":136,"Transects_100m_AddSpatialJoin.Join_Count":1,"Transects_100m_AddSpatialJoin.TARGET_FID":136,"Transects_100m_AddSpatialJoin.Coords":3911117,"Transects_100m_AddSpatialJoin.domain_id":25,"Transects_100m_AddSpatialJoin.reach":"","Transects_100m_AddSpatialJoin.z_mean":0,"Transects_100m_AddSpatialJoin.z_max":0,"Transects_100m_AddSpatialJoin.z_min":0,"Transects_100m_AddSpatialJoin.relief_m":0,"Transects_100m_AddSpatialJoin.slope_avg":0,"Transects_100m_AddSpatialJoin.road_z":0,"Transects_100m_AddSpatialJoin.shch_myr":0,"Transects_100m_AddSpatialJoin.eros_hot":"","Transects_100m_AddSpatialJoin.bnour":"","Transects_100m_AddSpatialJoin.bnour_yr":0,"Transects_100m_AddSpatialJoin.bnour_src":"","Transects_100m_AddSpatialJoin.armor":"","Transects_100m_AddSpatialJoin.editor":"","Transects_100m_AddSpatialJoin.edit_date":null,"Transects_100m_AddSpatialJoin.notes":"","Transects_100m_AddSpatialJoin.hotspot":0,"Transects_100m_AddSpatialJoin.Shape_Length":10000}},{"type":"Feature","id":137,"geometry":{"type":"LineString","coordinates":[[460198.4523,3911362.3268999998],[450198.4523,3911362.3268999998]]},"properties":{"Transects_100m.OBJECTID":137,"Transects_100m.LineID":137,"Transects_100m.Shape_Length":10000,"Transects_100m_AddSpatialJoin.OBJECTID":137,"Transects_100m_AddSpatialJoin.Join_Count":1,"Transects_100m_AddSpatialJoin.TARGET_FID":137,"Transects_100m_AddSpatialJoin.Coords":3911117,"Transects_100m_AddSpatialJoin.domain_id":25,"Transects_100m_AddSpatialJoin.reach":"","Transects_100m_AddSpatialJoin.z_mean":0,"Transects_100m_AddSpatialJoin.z_max":0,"Transects_100m_AddSpatialJoin.z_min":0,"Transects_100m_AddSpatialJoin.relief_m":0,"Transects_100m_AddSpatialJoin.slope_avg":0,"Transects_100m_AddSpatialJoin.road_z":0,"Transects_100m_AddSpatialJoin.shch_myr":0,"Transects_100m_AddSpatialJoin.eros_hot":"","Transects_100m_AddSpatialJoin.bnour":"","Transects_100m_AddSpatialJoin.bnour_yr":0,"Transects_100m_AddSpatialJoin.bnour_src":"","Transects_100m_AddSpatialJoin.armor":"","Transects_100m_AddSpatialJoin.editor":"","Transects_100m_AddSpatialJoin.edit_date":null,"Transects_100m_AddSpatialJoin.notes":"","Transects_100m_AddSpatialJoin.hotspot":0,"Transects_100m_AddSpatialJoin.Shape_Length":10000}},{"type":"Feature","id":138,"geometry":{"type":"LineString","coordinates":[[460198.4523,3911462.3268999998],[450198.4523,3911462.3268999998]]},"properties":{"Transects_100m.OBJECTID":138,"Transects_100m.LineID":138,"Transects_100m.Shape_Length":10000,"Transects_100m_AddSpatialJoin.OBJECTID":138,"Transects_100m_AddSpatialJoin.Join_Count":1,"Transects_100m_AddSpatialJoin.TARGET_FID":138,"Transects_100m_AddSpatialJoin.Coords":3911618,"Transects_100m_AddSpatialJoin.domain_id":26,"Transects_100m_AddSpatialJoin.reach":"","Transects_100m_AddSpatialJoin.z_mean":0,"Transects_100m_AddSpatialJoin.z_max":0,"Transects_100m_AddSpatialJoin.z_min":0,"Transects_100m_AddSpatialJoin.relief_m":0,"Transects_100m_AddSpatialJoin.slope_avg":0,"Transects_100m_AddSpatialJoin.road_z":0,"Transects_100m_AddSpatialJoin.shch_myr":0,"Transects_100m_AddSpatialJoin.eros_hot":"","Transects_100m_AddSpatialJoin.bnour":"","Transects_100m_AddSpatialJoin.bnour_yr":0,"Transects_100m_AddSpatialJoin.bnour_src":"","Transects_100m_AddSpatialJoin.armor":"","Transects_100m_AddSpatialJoin.editor":"","Transects_100m_AddSpatialJoin.edit_date":null,"Transects_100m_AddSpatialJoin.notes":"","Transects_100m_AddSpatialJoin.hotspot":0,"Transects_100m_AddSpatialJoin.Shape_Length":10000}},{"type":"Feature","id":139,"geometry":{"type":"LineString","coordinates":[[460198.4523,3911562.3268999998],[450198.4523,3911562.3268999998]]},"properties":{"Transects_100m.OBJECTID":139,"Transects_100m.LineID":139,"Transects_100m.Shape_Length":10000,"Transects_100m_AddSpatialJoin.OBJECTID":139,"Transects_100m_AddSpatialJoin.Join_Count":1,"Transects_100m_AddSpatialJoin.TARGET_FID":139,"Transects_100m_AddSpatialJoin.Coords":3911618,"Transects_100m_AddSpatialJoin.domain_id":26,"Transects_100m_AddSpatialJoin.reach":"","Transects_100m_AddSpatialJoin.z_mean":0,"Transects_100m_AddSpatialJoin.z_max":0,"Transects_100m_AddSpatialJoin.z_min":0,"Transects_100m_AddSpatialJoin.relief_m":0,"Transects_100m_AddSpatialJoin.slope_avg":0,"Transects_100m_AddSpatialJoin.road_z":0,"Transects_100m_AddSpatialJoin.shch_myr":0,"Transects_100m_AddSpatialJoin.eros_hot":"","Transects_100m_AddSpatialJoin.bnour":"","Transects_100m_AddSpatialJoin.bnour_yr":0,"Transects_100m_AddSpatialJoin.bnour_src":"","Transects_100m_AddSpatialJoin.armor":"","Transects_100m_AddSpatialJoin.editor":"","Transects_100m_AddSpatialJoin.edit_date":null,"Transects_100m_AddSpatialJoin.notes":"","Transects_100m_AddSpatialJoin.hotspot":0,"Transects_100m_AddSpatialJoin.Shape_Length":10000}},{"type":"Feature","id":140,"geometry":{"type":"LineString","coordinates":[[460198.4523,3911662.3268999998],[450198.4523,3911662.3268999998]]},"properties":{"Transects_100m.OBJECTID":140,"Transects_100m.LineID":140,"Transects_100m.Shape_Length":10000,"Transects_100m_AddSpatialJoin.OBJECTID":140,"Transects_100m_AddSpatialJoin.Join_Count":1,"Transects_100m_AddSpatialJoin.TARGET_FID":140,"Transects_100m_AddSpatialJoin.Coords":3911618,"Transects_100m_AddSpatialJoin.domain_id":26,"Transects_100m_AddSpatialJoin.reach":"","Transects_100m_AddSpatialJoin.z_mean":0,"Transects_100m_AddSpatialJoin.z_max":0,"Transects_100m_AddSpatialJoin.z_min":0,"Transects_100m_AddSpatialJoin.relief_m":0,"Transects_100m_AddSpatialJoin.slope_avg":0,"Transects_100m_AddSpatialJoin.road_z":0,"Transects_100m_AddSpatialJoin.shch_myr":0,"Transects_100m_AddSpatialJoin.eros_hot":"","Transects_100m_AddSpatialJoin.bnour":"","Transects_100m_AddSpatialJoin.bnour_yr":0,"Transects_100m_AddSpatialJoin.bnour_src":"","Transects_100m_AddSpatialJoin.armor":"","Transects_100m_AddSpatialJoin.editor":"","Transects_100m_AddSpatialJoin.edit_date":null,"Transects_100m_AddSpatialJoin.notes":"","Transects_100m_AddSpatialJoin.hotspot":0,"Transects_100m_AddSpatialJoin.Shape_Length":10000}},{"type":"Feature","id":141,"geometry":{"type":"LineString","coordinates":[[460198.4523,3911762.3268999998],[450198.4523,3911762.3268999998]]},"properties":{"Transects_100m.OBJECTID":141,"Transects_100m.LineID":141,"Transects_100m.Shape_Length":10000,"Transects_100m_AddSpatialJoin.OBJECTID":141,"Transects_100m_AddSpatialJoin.Join_Count":1,"Transects_100m_AddSpatialJoin.TARGET_FID":141,"Transects_100m_AddSpatialJoin.Coords":3911618,"Transects_100m_AddSpatialJoin.domain_id":26,"Transects_100m_AddSpatialJoin.reach":"","Transects_100m_AddSpatialJoin.z_mean":0,"Transects_100m_AddSpatialJoin.z_max":0,"Transects_100m_AddSpatialJoin.z_min":0,"Transects_100m_AddSpatialJoin.relief_m":0,"Transects_100m_AddSpatialJoin.slope_avg":0,"Transects_100m_AddSpatialJoin.road_z":0,"Transects_100m_AddSpatialJoin.shch_myr":0,"Transects_100m_AddSpatialJoin.eros_hot":"","Transects_100m_AddSpatialJoin.bnour":"","Transects_100m_AddSpatialJoin.bnour_yr":0,"Transects_100m_AddSpatialJoin.bnour_src":"","Transects_100m_AddSpatialJoin.armor":"","Transects_100m_AddSpatialJoin.editor":"","Transects_100m_AddSpatialJoin.edit_date":null,"Transects_100m_AddSpatialJoin.notes":"","Transects_100m_AddSpatialJoin.hotspot":0,"Transects_100m_AddSpatialJoin.Shape_Length":10000}},{"type":"Feature","id":142,"geometry":{"type":"LineString","coordinates":[[460198.4523,3911862.3268999998],[450198.4523,3911862.3268999998]]},"properties":{"Transects_100m.OBJECTID":142,"Transects_100m.LineID":142,"Transects_100m.Shape_Length":10000,"Transects_100m_AddSpatialJoin.OBJECTID":142,"Transects_100m_AddSpatialJoin.Join_Count":1,"Transects_100m_AddSpatialJoin.TARGET_FID":142,"Transects_100m_AddSpatialJoin.Coords":3911618,"Transects_100m_AddSpatialJoin.domain_id":26,"Transects_100m_AddSpatialJoin.reach":"","Transects_100m_AddSpatialJoin.z_mean":0,"Transects_100m_AddSpatialJoin.z_max":0,"Transects_100m_AddSpatialJoin.z_min":0,"Transects_100m_AddSpatialJoin.relief_m":0,"Transects_100m_AddSpatialJoin.slope_avg":0,"Transects_100m_AddSpatialJoin.road_z":0,"Transects_100m_AddSpatialJoin.shch_myr":0,"Transects_100m_AddSpatialJoin.eros_hot":"","Transects_100m_AddSpatialJoin.bnour":"","Transects_100m_AddSpatialJoin.bnour_yr":0,"Transects_100m_AddSpatialJoin.bnour_src":"","Transects_100m_AddSpatialJoin.armor":"","Transects_100m_AddSpatialJoin.editor":"","Transects_100m_AddSpatialJoin.edit_date":null,"Transects_100m_AddSpatialJoin.notes":"","Transects_100m_AddSpatialJoin.hotspot":0,"Transects_100m_AddSpatialJoin.Shape_Length":10000}},{"type":"Feature","id":143,"geometry":{"type":"LineString","coordinates":[[460198.4523,3911962.3268999998],[450198.4523,3911962.3268999998]]},"properties":{"Transects_100m.OBJECTID":143,"Transects_100m.LineID":143,"Transects_100m.Shape_Length":10000,"Transects_100m_AddSpatialJoin.OBJECTID":143,"Transects_100m_AddSpatialJoin.Join_Count":1,"Transects_100m_AddSpatialJoin.TARGET_FID":143,"Transects_100m_AddSpatialJoin.Coords":3912125,"Transects_100m_AddSpatialJoin.domain_id":27,"Transects_100m_AddSpatialJoin.reach":"","Transects_100m_AddSpatialJoin.z_mean":0,"Transects_100m_AddSpatialJoin.z_max":0,"Transects_100m_AddSpatialJoin.z_min":0,"Transects_100m_AddSpatialJoin.relief_m":0,"Transects_100m_AddSpatialJoin.slope_avg":0,"Transects_100m_AddSpatialJoin.road_z":0,"Transects_100m_AddSpatialJoin.shch_myr":0,"Transects_100m_AddSpatialJoin.eros_hot":"","Transects_100m_AddSpatialJoin.bnour":"","Transects_100m_AddSpatialJoin.bnour_yr":0,"Transects_100m_AddSpatialJoin.bnour_src":"","Transects_100m_AddSpatialJoin.armor":"","Transects_100m_AddSpatialJoin.editor":"","Transects_100m_AddSpatialJoin.edit_date":null,"Transects_100m_AddSpatialJoin.notes":"","Transects_100m_AddSpatialJoin.hotspot":0,"Transects_100m_AddSpatialJoin.Shape_Length":10000}},{"type":"Feature","id":144,"geometry":{"type":"LineString","coordinates":[[460198.4523,3912062.3268999998],[450198.4523,3912062.3268999998]]},"properties":{"Transects_100m.OBJECTID":144,"Transects_100m.LineID":144,"Transects_100m.Shape_Length":10000,"Transects_100m_AddSpatialJoin.OBJECTID":144,"Transects_100m_AddSpatialJoin.Join_Count":1,"Transects_100m_AddSpatialJoin.TARGET_FID":144,"Transects_100m_AddSpatialJoin.Coords":3912125,"Transects_100m_AddSpatialJoin.domain_id":27,"Transects_100m_AddSpatialJoin.reach":"","Transects_100m_AddSpatialJoin.z_mean":0,"Transects_100m_AddSpatialJoin.z_max":0,"Transects_100m_AddSpatialJoin.z_min":0,"Transects_100m_AddSpatialJoin.relief_m":0,"Transects_100m_AddSpatialJoin.slope_avg":0,"Transects_100m_AddSpatialJoin.road_z":0,"Transects_100m_AddSpatialJoin.shch_myr":0,"Transects_100m_AddSpatialJoin.eros_hot":"","Transects_100m_AddSpatialJoin.bnour":"","Transects_100m_AddSpatialJoin.bnour_yr":0,"Transects_100m_AddSpatialJoin.bnour_src":"","Transects_100m_AddSpatialJoin.armor":"","Transects_100m_AddSpatialJoin.editor":"","Transects_100m_AddSpatialJoin.edit_date":null,"Transects_100m_AddSpatialJoin.notes":"","Transects_100m_AddSpatialJoin.hotspot":0,"Transects_100m_AddSpatialJoin.Shape_Length":10000}},{"type":"Feature","id":145,"geometry":{"type":"LineString","coordinates":[[460198.4523,3912162.3268999998],[450198.4523,3912162.3268999998]]},"properties":{"Transects_100m.OBJECTID":145,"Transects_100m.LineID":145,"Transects_100m.Shape_Length":10000,"Transects_100m_AddSpatialJoin.OBJECTID":145,"Transects_100m_AddSpatialJoin.Join_Count":1,"Transects_100m_AddSpatialJoin.TARGET_FID":145,"Transects_100m_AddSpatialJoin.Coords":3912125,"Transects_100m_AddSpatialJoin.domain_id":27,"Transects_100m_AddSpatialJoin.reach":"","Transects_100m_AddSpatialJoin.z_mean":0,"Transects_100m_AddSpatialJoin.z_max":0,"Transects_100m_AddSpatialJoin.z_min":0,"Transects_100m_AddSpatialJoin.relief_m":0,"Transects_100m_AddSpatialJoin.slope_avg":0,"Transects_100m_AddSpatialJoin.road_z":0,"Transects_100m_AddSpatialJoin.shch_myr":0,"Transects_100m_AddSpatialJoin.eros_hot":"","Transects_100m_AddSpatialJoin.bnour":"","Transects_100m_AddSpatialJoin.bnour_yr":0,"Transects_100m_AddSpatialJoin.bnour_src":"","Transects_100m_AddSpatialJoin.armor":"","Transects_100m_AddSpatialJoin.editor":"","Transects_100m_AddSpatialJoin.edit_date":null,"Transects_100m_AddSpatialJoin.notes":"","Transects_100m_AddSpatialJoin.hotspot":0,"Transects_100m_AddSpatialJoin.Shape_Length":10000}},{"type":"Feature","id":146,"geometry":{"type":"LineString","coordinates":[[460198.4523,3912262.3268999998],[450198.4523,3912262.3268999998]]},"properties":{"Transects_100m.OBJECTID":146,"Transects_100m.LineID":146,"Transects_100m.Shape_Length":10000,"Transects_100m_AddSpatialJoin.OBJECTID":146,"Transects_100m_AddSpatialJoin.Join_Count":1,"Transects_100m_AddSpatialJoin.TARGET_FID":146,"Transects_100m_AddSpatialJoin.Coords":3912125,"Transects_100m_AddSpatialJoin.domain_id":27,"Transects_100m_AddSpatialJoin.reach":"","Transects_100m_AddSpatialJoin.z_mean":0,"Transects_100m_AddSpatialJoin.z_max":0,"Transects_100m_AddSpatialJoin.z_min":0,"Transects_100m_AddSpatialJoin.relief_m":0,"Transects_100m_AddSpatialJoin.slope_avg":0,"Transects_100m_AddSpatialJoin.road_z":0,"Transects_100m_AddSpatialJoin.shch_myr":0,"Transects_100m_AddSpatialJoin.eros_hot":"","Transects_100m_AddSpatialJoin.bnour":"","Transects_100m_AddSpatialJoin.bnour_yr":0,"Transects_100m_AddSpatialJoin.bnour_src":"","Transects_100m_AddSpatialJoin.armor":"","Transects_100m_AddSpatialJoin.editor":"","Transects_100m_AddSpatialJoin.edit_date":null,"Transects_100m_AddSpatialJoin.notes":"","Transects_100m_AddSpatialJoin.hotspot":0,"Transects_100m_AddSpatialJoin.Shape_Length":10000}},{"type":"Feature","id":147,"geometry":{"type":"LineString","coordinates":[[460198.4523,3912362.3268999998],[450198.4523,3912362.3268999998]]},"properties":{"Transects_100m.OBJECTID":147,"Transects_100m.LineID":147,"Transects_100m.Shape_Length":10000,"Transects_100m_AddSpatialJoin.OBJECTID":147,"Transects_100m_AddSpatialJoin.Join_Count":1,"Transects_100m_AddSpatialJoin.TARGET_FID":147,"Transects_100m_AddSpatialJoin.Coords":3912125,"Transects_100m_AddSpatialJoin.domain_id":27,"Transects_100m_AddSpatialJoin.reach":"","Transects_100m_AddSpatialJoin.z_mean":0,"Transects_100m_AddSpatialJoin.z_max":0,"Transects_100m_AddSpatialJoin.z_min":0,"Transects_100m_AddSpatialJoin.relief_m":0,"Transects_100m_AddSpatialJoin.slope_avg":0,"Transects_100m_AddSpatialJoin.road_z":0,"Transects_100m_AddSpatialJoin.shch_myr":0,"Transects_100m_AddSpatialJoin.eros_hot":"","Transects_100m_AddSpatialJoin.bnour":"","Transects_100m_AddSpatialJoin.bnour_yr":0,"Transects_100m_AddSpatialJoin.bnour_src":"","Transects_100m_AddSpatialJoin.armor":"","Transects_100m_AddSpatialJoin.editor":"","Transects_100m_AddSpatialJoin.edit_date":null,"Transects_100m_AddSpatialJoin.notes":"","Transects_100m_AddSpatialJoin.hotspot":0,"Transects_100m_AddSpatialJoin.Shape_Length":10000}},{"type":"Feature","id":148,"geometry":{"type":"LineString","coordinates":[[460198.4523,3912462.3268999998],[450198.4523,3912462.3268999998]]},"properties":{"Transects_100m.OBJECTID":148,"Transects_100m.LineID":148,"Transects_100m.Shape_Length":10000,"Transects_100m_AddSpatialJoin.OBJECTID":148,"Transects_100m_AddSpatialJoin.Join_Count":1,"Transects_100m_AddSpatialJoin.TARGET_FID":148,"Transects_100m_AddSpatialJoin.Coords":3912627,"Transects_100m_AddSpatialJoin.domain_id":28,"Transects_100m_AddSpatialJoin.reach":"","Transects_100m_AddSpatialJoin.z_mean":0,"Transects_100m_AddSpatialJoin.z_max":0,"Transects_100m_AddSpatialJoin.z_min":0,"Transects_100m_AddSpatialJoin.relief_m":0,"Transects_100m_AddSpatialJoin.slope_avg":0,"Transects_100m_AddSpatialJoin.road_z":0,"Transects_100m_AddSpatialJoin.shch_myr":0,"Transects_100m_AddSpatialJoin.eros_hot":"","Transects_100m_AddSpatialJoin.bnour":"","Transects_100m_AddSpatialJoin.bnour_yr":0,"Transects_100m_AddSpatialJoin.bnour_src":"","Transects_100m_AddSpatialJoin.armor":"","Transects_100m_AddSpatialJoin.editor":"","Transects_100m_AddSpatialJoin.edit_date":null,"Transects_100m_AddSpatialJoin.notes":"","Transects_100m_AddSpatialJoin.hotspot":0,"Transects_100m_AddSpatialJoin.Shape_Length":10000}},{"type":"Feature","id":149,"geometry":{"type":"LineString","coordinates":[[460198.4523,3912562.3268999998],[450198.4523,3912562.3268999998]]},"properties":{"Transects_100m.OBJECTID":149,"Transects_100m.LineID":149,"Transects_100m.Shape_Length":10000,"Transects_100m_AddSpatialJoin.OBJECTID":149,"Transects_100m_AddSpatialJoin.Join_Count":1,"Transects_100m_AddSpatialJoin.TARGET_FID":149,"Transects_100m_AddSpatialJoin.Coords":3912627,"Transects_100m_AddSpatialJoin.domain_id":28,"Transects_100m_AddSpatialJoin.reach":"","Transects_100m_AddSpatialJoin.z_mean":0,"Transects_100m_AddSpatialJoin.z_max":0,"Transects_100m_AddSpatialJoin.z_min":0,"Transects_100m_AddSpatialJoin.relief_m":0,"Transects_100m_AddSpatialJoin.slope_avg":0,"Transects_100m_AddSpatialJoin.road_z":0,"Transects_100m_AddSpatialJoin.shch_myr":0,"Transects_100m_AddSpatialJoin.eros_hot":"","Transects_100m_AddSpatialJoin.bnour":"","Transects_100m_AddSpatialJoin.bnour_yr":0,"Transects_100m_AddSpatialJoin.bnour_src":"","Transects_100m_AddSpatialJoin.armor":"","Transects_100m_AddSpatialJoin.editor":"","Transects_100m_AddSpatialJoin.edit_date":null,"Transects_100m_AddSpatialJoin.notes":"","Transects_100m_AddSpatialJoin.hotspot":0,"Transects_100m_AddSpatialJoin.Shape_Length":10000}},{"type":"Feature","id":150,"geometry":{"type":"LineString","coordinates":[[460198.4523,3912662.3268999998],[450198.4523,3912662.3268999998]]},"properties":{"Transects_100m.OBJECTID":150,"Transects_100m.LineID":150,"Transects_100m.Shape_Length":10000,"Transects_100m_AddSpatialJoin.OBJECTID":150,"Transects_100m_AddSpatialJoin.Join_Count":1,"Transects_100m_AddSpatialJoin.TARGET_FID":150,"Transects_100m_AddSpatialJoin.Coords":3912627,"Transects_100m_AddSpatialJoin.domain_id":28,"Transects_100m_AddSpatialJoin.reach":"","Transects_100m_AddSpatialJoin.z_mean":0,"Transects_100m_AddSpatialJoin.z_max":0,"Transects_100m_AddSpatialJoin.z_min":0,"Transects_100m_AddSpatialJoin.relief_m":0,"Transects_100m_AddSpatialJoin.slope_avg":0,"Transects_100m_AddSpatialJoin.road_z":0,"Transects_100m_AddSpatialJoin.shch_myr":0,"Transects_100m_AddSpatialJoin.eros_hot":"","Transects_100m_AddSpatialJoin.bnour":"","Transects_100m_AddSpatialJoin.bnour_yr":0,"Transects_100m_AddSpatialJoin.bnour_src":"","Transects_100m_AddSpatialJoin.armor":"","Transects_100m_AddSpatialJoin.editor":"","Transects_100m_AddSpatialJoin.edit_date":null,"Transects_100m_AddSpatialJoin.notes":"","Transects_100m_AddSpatialJoin.hotspot":0,"Transects_100m_AddSpatialJoin.Shape_Length":10000}},{"type":"Feature","id":151,"geometry":{"type":"LineString","coordinates":[[460198.4523,3912762.3268999998],[450198.4523,3912762.3268999998]]},"properties":{"Transects_100m.OBJECTID":151,"Transects_100m.LineID":151,"Transects_100m.Shape_Length":10000,"Transects_100m_AddSpatialJoin.OBJECTID":151,"Transects_100m_AddSpatialJoin.Join_Count":1,"Transects_100m_AddSpatialJoin.TARGET_FID":151,"Transects_100m_AddSpatialJoin.Coords":3912627,"Transects_100m_AddSpatialJoin.domain_id":28,"Transects_100m_AddSpatialJoin.reach":"","Transects_100m_AddSpatialJoin.z_mean":0,"Transects_100m_AddSpatialJoin.z_max":0,"Transects_100m_AddSpatialJoin.z_min":0,"Transects_100m_AddSpatialJoin.relief_m":0,"Transects_100m_AddSpatialJoin.slope_avg":0,"Transects_100m_AddSpatialJoin.road_z":0,"Transects_100m_AddSpatialJoin.shch_myr":0,"Transects_100m_AddSpatialJoin.eros_hot":"","Transects_100m_AddSpatialJoin.bnour":"","Transects_100m_AddSpatialJoin.bnour_yr":0,"Transects_100m_AddSpatialJoin.bnour_src":"","Transects_100m_AddSpatialJoin.armor":"","Transects_100m_AddSpatialJoin.editor":"","Transects_100m_AddSpatialJoin.edit_date":null,"Transects_100m_AddSpatialJoin.notes":"","Transects_100m_AddSpatialJoin.hotspot":0,"Transects_100m_AddSpatialJoin.Shape_Length":10000}},{"type":"Feature","id":152,"geometry":{"type":"LineString","coordinates":[[460198.4523,3912862.3268999998],[450198.4523,3912862.3268999998]]},"properties":{"Transects_100m.OBJECTID":152,"Transects_100m.LineID":152,"Transects_100m.Shape_Length":10000,"Transects_100m_AddSpatialJoin.OBJECTID":152,"Transects_100m_AddSpatialJoin.Join_Count":1,"Transects_100m_AddSpatialJoin.TARGET_FID":152,"Transects_100m_AddSpatialJoin.Coords":3912627,"Transects_100m_AddSpatialJoin.domain_id":28,"Transects_100m_AddSpatialJoin.reach":"","Transects_100m_AddSpatialJoin.z_mean":0,"Transects_100m_AddSpatialJoin.z_max":0,"Transects_100m_AddSpatialJoin.z_min":0,"Transects_100m_AddSpatialJoin.relief_m":0,"Transects_100m_AddSpatialJoin.slope_avg":0,"Transects_100m_AddSpatialJoin.road_z":0,"Transects_100m_AddSpatialJoin.shch_myr":0,"Transects_100m_AddSpatialJoin.eros_hot":"","Transects_100m_AddSpatialJoin.bnour":"","Transects_100m_AddSpatialJoin.bnour_yr":0,"Transects_100m_AddSpatialJoin.bnour_src":"","Transects_100m_AddSpatialJoin.armor":"","Transects_100m_AddSpatialJoin.editor":"","Transects_100m_AddSpatialJoin.edit_date":null,"Transects_100m_AddSpatialJoin.notes":"","Transects_100m_AddSpatialJoin.hotspot":0,"Transects_100m_AddSpatialJoin.Shape_Length":10000}},{"type":"Feature","id":153,"geometry":{"type":"LineString","coordinates":[[460198.4523,3912962.3268999998],[450198.4523,3912962.3268999998]]},"properties":{"Transects_100m.OBJECTID":153,"Transects_100m.LineID":153,"Transects_100m.Shape_Length":10000,"Transects_100m_AddSpatialJoin.OBJECTID":153,"Transects_100m_AddSpatialJoin.Join_Count":1,"Transects_100m_AddSpatialJoin.TARGET_FID":153,"Transects_100m_AddSpatialJoin.Coords":3913130,"Transects_100m_AddSpatialJoin.domain_id":29,"Transects_100m_AddSpatialJoin.reach":"","Transects_100m_AddSpatialJoin.z_mean":0,"Transects_100m_AddSpatialJoin.z_max":0,"Transects_100m_AddSpatialJoin.z_min":0,"Transects_100m_AddSpatialJoin.relief_m":0,"Transects_100m_AddSpatialJoin.slope_avg":0,"Transects_100m_AddSpatialJoin.road_z":0,"Transects_100m_AddSpatialJoin.shch_myr":0,"Transects_100m_AddSpatialJoin.eros_hot":"","Transects_100m_AddSpatialJoin.bnour":"","Transects_100m_AddSpatialJoin.bnour_yr":0,"Transects_100m_AddSpatialJoin.bnour_src":"","Transects_100m_AddSpatialJoin.armor":"","Transects_100m_AddSpatialJoin.editor":"","Transects_100m_AddSpatialJoin.edit_date":null,"Transects_100m_AddSpatialJoin.notes":"","Transects_100m_AddSpatialJoin.hotspot":0,"Transects_100m_AddSpatialJoin.Shape_Length":10000}},{"type":"Feature","id":154,"geometry":{"type":"LineString","coordinates":[[460198.4523,3913062.3268999998],[450198.4523,3913062.3268999998]]},"properties":{"Transects_100m.OBJECTID":154,"Transects_100m.LineID":154,"Transects_100m.Shape_Length":10000,"Transects_100m_AddSpatialJoin.OBJECTID":154,"Transects_100m_AddSpatialJoin.Join_Count":1,"Transects_100m_AddSpatialJoin.TARGET_FID":154,"Transects_100m_AddSpatialJoin.Coords":3913130,"Transects_100m_AddSpatialJoin.domain_id":29,"Transects_100m_AddSpatialJoin.reach":"","Transects_100m_AddSpatialJoin.z_mean":0,"Transects_100m_AddSpatialJoin.z_max":0,"Transects_100m_AddSpatialJoin.z_min":0,"Transects_100m_AddSpatialJoin.relief_m":0,"Transects_100m_AddSpatialJoin.slope_avg":0,"Transects_100m_AddSpatialJoin.road_z":0,"Transects_100m_AddSpatialJoin.shch_myr":0,"Transects_100m_AddSpatialJoin.eros_hot":"","Transects_100m_AddSpatialJoin.bnour":"","Transects_100m_AddSpatialJoin.bnour_yr":0,"Transects_100m_AddSpatialJoin.bnour_src":"","Transects_100m_AddSpatialJoin.armor":"","Transects_100m_AddSpatialJoin.editor":"","Transects_100m_AddSpatialJoin.edit_date":null,"Transects_100m_AddSpatialJoin.notes":"","Transects_100m_AddSpatialJoin.hotspot":0,"Transects_100m_AddSpatialJoin.Shape_Length":10000}},{"type":"Feature","id":155,"geometry":{"type":"LineString","coordinates":[[460198.4523,3913162.3268999998],[450198.4523,3913162.3268999998]]},"properties":{"Transects_100m.OBJECTID":155,"Transects_100m.LineID":155,"Transects_100m.Shape_Length":10000,"Transects_100m_AddSpatialJoin.OBJECTID":155,"Transects_100m_AddSpatialJoin.Join_Count":1,"Transects_100m_AddSpatialJoin.TARGET_FID":155,"Transects_100m_AddSpatialJoin.Coords":3913130,"Transects_100m_AddSpatialJoin.domain_id":29,"Transects_100m_AddSpatialJoin.reach":"","Transects_100m_AddSpatialJoin.z_mean":0,"Transects_100m_AddSpatialJoin.z_max":0,"Transects_100m_AddSpatialJoin.z_min":0,"Transects_100m_AddSpatialJoin.relief_m":0,"Transects_100m_AddSpatialJoin.slope_avg":0,"Transects_100m_AddSpatialJoin.road_z":0,"Transects_100m_AddSpatialJoin.shch_myr":0,"Transects_100m_AddSpatialJoin.eros_hot":"","Transects_100m_AddSpatialJoin.bnour":"","Transects_100m_AddSpatialJoin.bnour_yr":0,"Transects_100m_AddSpatialJoin.bnour_src":"","Transects_100m_AddSpatialJoin.armor":"","Transects_100m_AddSpatialJoin.editor":"","Transects_100m_AddSpatialJoin.edit_date":null,"Transects_100m_AddSpatialJoin.notes":"","Transects_100m_AddSpatialJoin.hotspot":0,"Transects_100m_AddSpatialJoin.Shape_Length":10000}},{"type":"Feature","id":156,"geometry":{"type":"LineString","coordinates":[[460198.4523,3913262.3268999998],[450198.4523,3913262.3268999998]]},"properties":{"Transects_100m.OBJECTID":156,"Transects_100m.LineID":156,"Transects_100m.Shape_Length":10000,"Transects_100m_AddSpatialJoin.OBJECTID":156,"Transects_100m_AddSpatialJoin.Join_Count":1,"Transects_100m_AddSpatialJoin.TARGET_FID":156,"Transects_100m_AddSpatialJoin.Coords":3913130,"Transects_100m_AddSpatialJoin.domain_id":29,"Transects_100m_AddSpatialJoin.reach":"","Transects_100m_AddSpatialJoin.z_mean":0,"Transects_100m_AddSpatialJoin.z_max":0,"Transects_100m_AddSpatialJoin.z_min":0,"Transects_100m_AddSpatialJoin.relief_m":0,"Transects_100m_AddSpatialJoin.slope_avg":0,"Transects_100m_AddSpatialJoin.road_z":0,"Transects_100m_AddSpatialJoin.shch_myr":0,"Transects_100m_AddSpatialJoin.eros_hot":"","Transects_100m_AddSpatialJoin.bnour":"","Transects_100m_AddSpatialJoin.bnour_yr":0,"Transects_100m_AddSpatialJoin.bnour_src":"","Transects_100m_AddSpatialJoin.armor":"","Transects_100m_AddSpatialJoin.editor":"","Transects_100m_AddSpatialJoin.edit_date":null,"Transects_100m_AddSpatialJoin.notes":"","Transects_100m_AddSpatialJoin.hotspot":0,"Transects_100m_AddSpatialJoin.Shape_Length":10000}},{"type":"Feature","id":157,"geometry":{"type":"LineString","coordinates":[[460198.4523,3913362.3268999998],[450198.4523,3913362.3268999998]]},"properties":{"Transects_100m.OBJECTID":157,"Transects_100m.LineID":157,"Transects_100m.Shape_Length":10000,"Transects_100m_AddSpatialJoin.OBJECTID":157,"Transects_100m_AddSpatialJoin.Join_Count":1,"Transects_100m_AddSpatialJoin.TARGET_FID":157,"Transects_100m_AddSpatialJoin.Coords":3913130,"Transects_100m_AddSpatialJoin.domain_id":29,"Transects_100m_AddSpatialJoin.reach":"","Transects_100m_AddSpatialJoin.z_mean":0,"Transects_100m_AddSpatialJoin.z_max":0,"Transects_100m_AddSpatialJoin.z_min":0,"Transects_100m_AddSpatialJoin.relief_m":0,"Transects_100m_AddSpatialJoin.slope_avg":0,"Transects_100m_AddSpatialJoin.road_z":0,"Transects_100m_AddSpatialJoin.shch_myr":0,"Transects_100m_AddSpatialJoin.eros_hot":"","Transects_100m_AddSpatialJoin.bnour":"","Transects_100m_AddSpatialJoin.bnour_yr":0,"Transects_100m_AddSpatialJoin.bnour_src":"","Transects_100m_AddSpatialJoin.armor":"","Transects_100m_AddSpatialJoin.editor":"","Transects_100m_AddSpatialJoin.edit_date":null,"Transects_100m_AddSpatialJoin.notes":"","Transects_100m_AddSpatialJoin.hotspot":0,"Transects_100m_AddSpatialJoin.Shape_Length":10000}},{"type":"Feature","id":158,"geometry":{"type":"LineString","coordinates":[[460198.4523,3913462.3268999998],[450198.4523,3913462.3268999998]]},"properties":{"Transects_100m.OBJECTID":158,"Transects_100m.LineID":158,"Transects_100m.Shape_Length":10000,"Transects_100m_AddSpatialJoin.OBJECTID":158,"Transects_100m_AddSpatialJoin.Join_Count":1,"Transects_100m_AddSpatialJoin.TARGET_FID":158,"Transects_100m_AddSpatialJoin.Coords":3913631,"Transects_100m_AddSpatialJoin.domain_id":30,"Transects_100m_AddSpatialJoin.reach":"","Transects_100m_AddSpatialJoin.z_mean":0,"Transects_100m_AddSpatialJoin.z_max":0,"Transects_100m_AddSpatialJoin.z_min":0,"Transects_100m_AddSpatialJoin.relief_m":0,"Transects_100m_AddSpatialJoin.slope_avg":0,"Transects_100m_AddSpatialJoin.road_z":0,"Transects_100m_AddSpatialJoin.shch_myr":0,"Transects_100m_AddSpatialJoin.eros_hot":"","Transects_100m_AddSpatialJoin.bnour":"","Transects_100m_AddSpatialJoin.bnour_yr":0,"Transects_100m_AddSpatialJoin.bnour_src":"","Transects_100m_AddSpatialJoin.armor":"","Transects_100m_AddSpatialJoin.editor":"","Transects_100m_AddSpatialJoin.edit_date":null,"Transects_100m_AddSpatialJoin.notes":"","Transects_100m_AddSpatialJoin.hotspot":0,"Transects_100m_AddSpatialJoin.Shape_Length":10000}},{"type":"Feature","id":159,"geometry":{"type":"LineString","coordinates":[[460198.4523,3913562.3268999998],[450198.4523,3913562.3268999998]]},"properties":{"Transects_100m.OBJECTID":159,"Transects_100m.LineID":159,"Transects_100m.Shape_Length":10000,"Transects_100m_AddSpatialJoin.OBJECTID":159,"Transects_100m_AddSpatialJoin.Join_Count":1,"Transects_100m_AddSpatialJoin.TARGET_FID":159,"Transects_100m_AddSpatialJoin.Coords":3913631,"Transects_100m_AddSpatialJoin.domain_id":30,"Transects_100m_AddSpatialJoin.reach":"","Transects_100m_AddSpatialJoin.z_mean":0,"Transects_100m_AddSpatialJoin.z_max":0,"Transects_100m_AddSpatialJoin.z_min":0,"Transects_100m_AddSpatialJoin.relief_m":0,"Transects_100m_AddSpatialJoin.slope_avg":0,"Transects_100m_AddSpatialJoin.road_z":0,"Transects_100m_AddSpatialJoin.shch_myr":0,"Transects_100m_AddSpatialJoin.eros_hot":"","Transects_100m_AddSpatialJoin.bnour":"","Transects_100m_AddSpatialJoin.bnour_yr":0,"Transects_100m_AddSpatialJoin.bnour_src":"","Transects_100m_AddSpatialJoin.armor":"","Transects_100m_AddSpatialJoin.editor":"","Transects_100m_AddSpatialJoin.edit_date":null,"Transects_100m_AddSpatialJoin.notes":"","Transects_100m_AddSpatialJoin.hotspot":0,"Transects_100m_AddSpatialJoin.Shape_Length":10000}},{"type":"Feature","id":160,"geometry":{"type":"LineString","coordinates":[[460198.4523,3913662.3268999998],[450198.4523,3913662.3268999998]]},"properties":{"Transects_100m.OBJECTID":160,"Transects_100m.LineID":160,"Transects_100m.Shape_Length":10000,"Transects_100m_AddSpatialJoin.OBJECTID":160,"Transects_100m_AddSpatialJoin.Join_Count":1,"Transects_100m_AddSpatialJoin.TARGET_FID":160,"Transects_100m_AddSpatialJoin.Coords":3913631,"Transects_100m_AddSpatialJoin.domain_id":30,"Transects_100m_AddSpatialJoin.reach":"","Transects_100m_AddSpatialJoin.z_mean":0,"Transects_100m_AddSpatialJoin.z_max":0,"Transects_100m_AddSpatialJoin.z_min":0,"Transects_100m_AddSpatialJoin.relief_m":0,"Transects_100m_AddSpatialJoin.slope_avg":0,"Transects_100m_AddSpatialJoin.road_z":0,"Transects_100m_AddSpatialJoin.shch_myr":0,"Transects_100m_AddSpatialJoin.eros_hot":"","Transects_100m_AddSpatialJoin.bnour":"","Transects_100m_AddSpatialJoin.bnour_yr":0,"Transects_100m_AddSpatialJoin.bnour_src":"","Transects_100m_AddSpatialJoin.armor":"","Transects_100m_AddSpatialJoin.editor":"","Transects_100m_AddSpatialJoin.edit_date":null,"Transects_100m_AddSpatialJoin.notes":"","Transects_100m_AddSpatialJoin.hotspot":0,"Transects_100m_AddSpatialJoin.Shape_Length":10000}},{"type":"Feature","id":161,"geometry":{"type":"LineString","coordinates":[[460198.4523,3913762.3268999998],[450198.4523,3913762.3268999998]]},"properties":{"Transects_100m.OBJECTID":161,"Transects_100m.LineID":161,"Transects_100m.Shape_Length":10000,"Transects_100m_AddSpatialJoin.OBJECTID":161,"Transects_100m_AddSpatialJoin.Join_Count":1,"Transects_100m_AddSpatialJoin.TARGET_FID":161,"Transects_100m_AddSpatialJoin.Coords":3913631,"Transects_100m_AddSpatialJoin.domain_id":30,"Transects_100m_AddSpatialJoin.reach":"","Transects_100m_AddSpatialJoin.z_mean":0,"Transects_100m_AddSpatialJoin.z_max":0,"Transects_100m_AddSpatialJoin.z_min":0,"Transects_100m_AddSpatialJoin.relief_m":0,"Transects_100m_AddSpatialJoin.slope_avg":0,"Transects_100m_AddSpatialJoin.road_z":0,"Transects_100m_AddSpatialJoin.shch_myr":0,"Transects_100m_AddSpatialJoin.eros_hot":"","Transects_100m_AddSpatialJoin.bnour":"","Transects_100m_AddSpatialJoin.bnour_yr":0,"Transects_100m_AddSpatialJoin.bnour_src":"","Transects_100m_AddSpatialJoin.armor":"","Transects_100m_AddSpatialJoin.editor":"","Transects_100m_AddSpatialJoin.edit_date":null,"Transects_100m_AddSpatialJoin.notes":"","Transects_100m_AddSpatialJoin.hotspot":0,"Transects_100m_AddSpatialJoin.Shape_Length":10000}},{"type":"Feature","id":162,"geometry":{"type":"LineString","coordinates":[[460198.4523,3913862.3268999998],[450198.4523,3913862.3268999998]]},"properties":{"Transects_100m.OBJECTID":162,"Transects_100m.LineID":162,"Transects_100m.Shape_Length":10000,"Transects_100m_AddSpatialJoin.OBJECTID":162,"Transects_100m_AddSpatialJoin.Join_Count":1,"Transects_100m_AddSpatialJoin.TARGET_FID":162,"Transects_100m_AddSpatialJoin.Coords":3913631,"Transects_100m_AddSpatialJoin.domain_id":30,"Transects_100m_AddSpatialJoin.reach":"","Transects_100m_AddSpatialJoin.z_mean":0,"Transects_100m_AddSpatialJoin.z_max":0,"Transects_100m_AddSpatialJoin.z_min":0,"Transects_100m_AddSpatialJoin.relief_m":0,"Transects_100m_AddSpatialJoin.slope_avg":0,"Transects_100m_AddSpatialJoin.road_z":0,"Transects_100m_AddSpatialJoin.shch_myr":0,"Transects_100m_AddSpatialJoin.eros_hot":"","Transects_100m_AddSpatialJoin.bnour":"","Transects_100m_AddSpatialJoin.bnour_yr":0,"Transects_100m_AddSpatialJoin.bnour_src":"","Transects_100m_AddSpatialJoin.armor":"","Transects_100m_AddSpatialJoin.editor":"","Transects_100m_AddSpatialJoin.edit_date":null,"Transects_100m_AddSpatialJoin.notes":"","Transects_100m_AddSpatialJoin.hotspot":0,"Transects_100m_AddSpatialJoin.Shape_Length":10000}},{"type":"Feature","id":163,"geometry":{"type":"LineString","coordinates":[[460198.4523,3913962.3268999998],[450198.4523,3913962.3268999998]]},"properties":{"Transects_100m.OBJECTID":163,"Transects_100m.LineID":163,"Transects_100m.Shape_Length":10000,"Transects_100m_AddSpatialJoin.OBJECTID":163,"Transects_100m_AddSpatialJoin.Join_Count":1,"Transects_100m_AddSpatialJoin.TARGET_FID":163,"Transects_100m_AddSpatialJoin.Coords":3914133,"Transects_100m_AddSpatialJoin.domain_id":31,"Transects_100m_AddSpatialJoin.reach":"","Transects_100m_AddSpatialJoin.z_mean":0,"Transects_100m_AddSpatialJoin.z_max":0,"Transects_100m_AddSpatialJoin.z_min":0,"Transects_100m_AddSpatialJoin.relief_m":0,"Transects_100m_AddSpatialJoin.slope_avg":0,"Transects_100m_AddSpatialJoin.road_z":0,"Transects_100m_AddSpatialJoin.shch_myr":0,"Transects_100m_AddSpatialJoin.eros_hot":"","Transects_100m_AddSpatialJoin.bnour":"","Transects_100m_AddSpatialJoin.bnour_yr":0,"Transects_100m_AddSpatialJoin.bnour_src":"","Transects_100m_AddSpatialJoin.armor":"","Transects_100m_AddSpatialJoin.editor":"","Transects_100m_AddSpatialJoin.edit_date":null,"Transects_100m_AddSpatialJoin.notes":"","Transects_100m_AddSpatialJoin.hotspot":0,"Transects_100m_AddSpatialJoin.Shape_Length":10000}},{"type":"Feature","id":164,"geometry":{"type":"LineString","coordinates":[[460198.4523,3914062.3268999998],[450198.4523,3914062.3268999998]]},"properties":{"Transects_100m.OBJECTID":164,"Transects_100m.LineID":164,"Transects_100m.Shape_Length":10000,"Transects_100m_AddSpatialJoin.OBJECTID":164,"Transects_100m_AddSpatialJoin.Join_Count":1,"Transects_100m_AddSpatialJoin.TARGET_FID":164,"Transects_100m_AddSpatialJoin.Coords":3914133,"Transects_100m_AddSpatialJoin.domain_id":31,"Transects_100m_AddSpatialJoin.reach":"","Transects_100m_AddSpatialJoin.z_mean":0,"Transects_100m_AddSpatialJoin.z_max":0,"Transects_100m_AddSpatialJoin.z_min":0,"Transects_100m_AddSpatialJoin.relief_m":0,"Transects_100m_AddSpatialJoin.slope_avg":0,"Transects_100m_AddSpatialJoin.road_z":0,"Transects_100m_AddSpatialJoin.shch_myr":0,"Transects_100m_AddSpatialJoin.eros_hot":"","Transects_100m_AddSpatialJoin.bnour":"","Transects_100m_AddSpatialJoin.bnour_yr":0,"Transects_100m_AddSpatialJoin.bnour_src":"","Transects_100m_AddSpatialJoin.armor":"","Transects_100m_AddSpatialJoin.editor":"","Transects_100m_AddSpatialJoin.edit_date":null,"Transects_100m_AddSpatialJoin.notes":"","Transects_100m_AddSpatialJoin.hotspot":0,"Transects_100m_AddSpatialJoin.Shape_Length":10000}},{"type":"Feature","id":165,"geometry":{"type":"LineString","coordinates":[[460198.4523,3914162.3268999998],[450198.4523,3914162.3268999998]]},"properties":{"Transects_100m.OBJECTID":165,"Transects_100m.LineID":165,"Transects_100m.Shape_Length":10000,"Transects_100m_AddSpatialJoin.OBJECTID":165,"Transects_100m_AddSpatialJoin.Join_Count":1,"Transects_100m_AddSpatialJoin.TARGET_FID":165,"Transects_100m_AddSpatialJoin.Coords":3914133,"Transects_100m_AddSpatialJoin.domain_id":31,"Transects_100m_AddSpatialJoin.reach":"","Transects_100m_AddSpatialJoin.z_mean":0,"Transects_100m_AddSpatialJoin.z_max":0,"Transects_100m_AddSpatialJoin.z_min":0,"Transects_100m_AddSpatialJoin.relief_m":0,"Transects_100m_AddSpatialJoin.slope_avg":0,"Transects_100m_AddSpatialJoin.road_z":0,"Transects_100m_AddSpatialJoin.shch_myr":0,"Transects_100m_AddSpatialJoin.eros_hot":"","Transects_100m_AddSpatialJoin.bnour":"","Transects_100m_AddSpatialJoin.bnour_yr":0,"Transects_100m_AddSpatialJoin.bnour_src":"","Transects_100m_AddSpatialJoin.armor":"","Transects_100m_AddSpatialJoin.editor":"","Transects_100m_AddSpatialJoin.edit_date":null,"Transects_100m_AddSpatialJoin.notes":"","Transects_100m_AddSpatialJoin.hotspot":0,"Transects_100m_AddSpatialJoin.Shape_Length":10000}},{"type":"Feature","id":166,"geometry":{"type":"LineString","coordinates":[[460198.4523,3914262.3268999998],[450198.4523,3914262.3268999998]]},"properties":{"Transects_100m.OBJECTID":166,"Transects_100m.LineID":166,"Transects_100m.Shape_Length":10000,"Transects_100m_AddSpatialJoin.OBJECTID":166,"Transects_100m_AddSpatialJoin.Join_Count":1,"Transects_100m_AddSpatialJoin.TARGET_FID":166,"Transects_100m_AddSpatialJoin.Coords":3914133,"Transects_100m_AddSpatialJoin.domain_id":31,"Transects_100m_AddSpatialJoin.reach":"","Transects_100m_AddSpatialJoin.z_mean":0,"Transects_100m_AddSpatialJoin.z_max":0,"Transects_100m_AddSpatialJoin.z_min":0,"Transects_100m_AddSpatialJoin.relief_m":0,"Transects_100m_AddSpatialJoin.slope_avg":0,"Transects_100m_AddSpatialJoin.road_z":0,"Transects_100m_AddSpatialJoin.shch_myr":0,"Transects_100m_AddSpatialJoin.eros_hot":"","Transects_100m_AddSpatialJoin.bnour":"","Transects_100m_AddSpatialJoin.bnour_yr":0,"Transects_100m_AddSpatialJoin.bnour_src":"","Transects_100m_AddSpatialJoin.armor":"","Transects_100m_AddSpatialJoin.editor":"","Transects_100m_AddSpatialJoin.edit_date":null,"Transects_100m_AddSpatialJoin.notes":"","Transects_100m_AddSpatialJoin.hotspot":0,"Transects_100m_AddSpatialJoin.Shape_Length":10000}},{"type":"Feature","id":167,"geometry":{"type":"LineString","coordinates":[[460198.4523,3914362.3268999998],[450198.4523,3914362.3268999998]]},"properties":{"Transects_100m.OBJECTID":167,"Transects_100m.LineID":167,"Transects_100m.Shape_Length":10000,"Transects_100m_AddSpatialJoin.OBJECTID":167,"Transects_100m_AddSpatialJoin.Join_Count":1,"Transects_100m_AddSpatialJoin.TARGET_FID":167,"Transects_100m_AddSpatialJoin.Coords":3914133,"Transects_100m_AddSpatialJoin.domain_id":31,"Transects_100m_AddSpatialJoin.reach":"","Transects_100m_AddSpatialJoin.z_mean":0,"Transects_100m_AddSpatialJoin.z_max":0,"Transects_100m_AddSpatialJoin.z_min":0,"Transects_100m_AddSpatialJoin.relief_m":0,"Transects_100m_AddSpatialJoin.slope_avg":0,"Transects_100m_AddSpatialJoin.road_z":0,"Transects_100m_AddSpatialJoin.shch_myr":0,"Transects_100m_AddSpatialJoin.eros_hot":"","Transects_100m_AddSpatialJoin.bnour":"","Transects_100m_AddSpatialJoin.bnour_yr":0,"Transects_100m_AddSpatialJoin.bnour_src":"","Transects_100m_AddSpatialJoin.armor":"","Transects_100m_AddSpatialJoin.editor":"","Transects_100m_AddSpatialJoin.edit_date":null,"Transects_100m_AddSpatialJoin.notes":"","Transects_100m_AddSpatialJoin.hotspot":0,"Transects_100m_AddSpatialJoin.Shape_Length":10000}},{"type":"Feature","id":168,"geometry":{"type":"LineString","coordinates":[[460198.4523,3914462.3268999998],[450198.4523,3914462.3268999998]]},"properties":{"Transects_100m.OBJECTID":168,"Transects_100m.LineID":168,"Transects_100m.Shape_Length":10000,"Transects_100m_AddSpatialJoin.OBJECTID":168,"Transects_100m_AddSpatialJoin.Join_Count":1,"Transects_100m_AddSpatialJoin.TARGET_FID":168,"Transects_100m_AddSpatialJoin.Coords":3914635,"Transects_100m_AddSpatialJoin.domain_id":32,"Transects_100m_AddSpatialJoin.reach":" ","Transects_100m_AddSpatialJoin.z_mean":0,"Transects_100m_AddSpatialJoin.z_max":0,"Transects_100m_AddSpatialJoin.z_min":0,"Transects_100m_AddSpatialJoin.relief_m":0,"Transects_100m_AddSpatialJoin.slope_avg":0,"Transects_100m_AddSpatialJoin.road_z":0,"Transects_100m_AddSpatialJoin.shch_myr":0,"Transects_100m_AddSpatialJoin.eros_hot":"4 - Avon","Transects_100m_AddSpatialJoin.bnour":" ","Transects_100m_AddSpatialJoin.bnour_yr":0,"Transects_100m_AddSpatialJoin.bnour_src":" ","Transects_100m_AddSpatialJoin.armor":" ","Transects_100m_AddSpatialJoin.editor":" ","Transects_100m_AddSpatialJoin.edit_date":null,"Transects_100m_AddSpatialJoin.notes":" ","Transects_100m_AddSpatialJoin.hotspot":1,"Transects_100m_AddSpatialJoin.Shape_Length":10000}},{"type":"Feature","id":169,"geometry":{"type":"LineString","coordinates":[[460198.4523,3914562.3268999998],[450198.4523,3914562.3268999998]]},"properties":{"Transects_100m.OBJECTID":169,"Transects_100m.LineID":169,"Transects_100m.Shape_Length":10000,"Transects_100m_AddSpatialJoin.OBJECTID":169,"Transects_100m_AddSpatialJoin.Join_Count":1,"Transects_100m_AddSpatialJoin.TARGET_FID":169,"Transects_100m_AddSpatialJoin.Coords":3914635,"Transects_100m_AddSpatialJoin.domain_id":32,"Transects_100m_AddSpatialJoin.reach":" ","Transects_100m_AddSpatialJoin.z_mean":0,"Transects_100m_AddSpatialJoin.z_max":0,"Transects_100m_AddSpatialJoin.z_min":0,"Transects_100m_AddSpatialJoin.relief_m":0,"Transects_100m_AddSpatialJoin.slope_avg":0,"Transects_100m_AddSpatialJoin.road_z":0,"Transects_100m_AddSpatialJoin.shch_myr":0,"Transects_100m_AddSpatialJoin.eros_hot":"4 - Avon","Transects_100m_AddSpatialJoin.bnour":" ","Transects_100m_AddSpatialJoin.bnour_yr":0,"Transects_100m_AddSpatialJoin.bnour_src":" ","Transects_100m_AddSpatialJoin.armor":" ","Transects_100m_AddSpatialJoin.editor":" ","Transects_100m_AddSpatialJoin.edit_date":null,"Transects_100m_AddSpatialJoin.notes":" ","Transects_100m_AddSpatialJoin.hotspot":1,"Transects_100m_AddSpatialJoin.Shape_Length":10000}},{"type":"Feature","id":170,"geometry":{"type":"LineString","coordinates":[[460198.4523,3914662.3268999998],[450198.4523,3914662.3268999998]]},"properties":{"Transects_100m.OBJECTID":170,"Transects_100m.LineID":170,"Transects_100m.Shape_Length":10000,"Transects_100m_AddSpatialJoin.OBJECTID":170,"Transects_100m_AddSpatialJoin.Join_Count":1,"Transects_100m_AddSpatialJoin.TARGET_FID":170,"Transects_100m_AddSpatialJoin.Coords":3914635,"Transects_100m_AddSpatialJoin.domain_id":32,"Transects_100m_AddSpatialJoin.reach":" ","Transects_100m_AddSpatialJoin.z_mean":0,"Transects_100m_AddSpatialJoin.z_max":0,"Transects_100m_AddSpatialJoin.z_min":0,"Transects_100m_AddSpatialJoin.relief_m":0,"Transects_100m_AddSpatialJoin.slope_avg":0,"Transects_100m_AddSpatialJoin.road_z":0,"Transects_100m_AddSpatialJoin.shch_myr":0,"Transects_100m_AddSpatialJoin.eros_hot":"4 - Avon","Transects_100m_AddSpatialJoin.bnour":" ","Transects_100m_AddSpatialJoin.bnour_yr":0,"Transects_100m_AddSpatialJoin.bnour_src":" ","Transects_100m_AddSpatialJoin.armor":" ","Transects_100m_AddSpatialJoin.editor":" ","Transects_100m_AddSpatialJoin.edit_date":null,"Transects_100m_AddSpatialJoin.notes":" ","Transects_100m_AddSpatialJoin.hotspot":1,"Transects_100m_AddSpatialJoin.Shape_Length":10000}},{"type":"Feature","id":171,"geometry":{"type":"LineString","coordinates":[[460198.4523,3914762.3268999998],[450198.4523,3914762.3268999998]]},"properties":{"Transects_100m.OBJECTID":171,"Transects_100m.LineID":171,"Transects_100m.Shape_Length":10000,"Transects_100m_AddSpatialJoin.OBJECTID":171,"Transects_100m_AddSpatialJoin.Join_Count":1,"Transects_100m_AddSpatialJoin.TARGET_FID":171,"Transects_100m_AddSpatialJoin.Coords":3914635,"Transects_100m_AddSpatialJoin.domain_id":32,"Transects_100m_AddSpatialJoin.reach":" ","Transects_100m_AddSpatialJoin.z_mean":0,"Transects_100m_AddSpatialJoin.z_max":0,"Transects_100m_AddSpatialJoin.z_min":0,"Transects_100m_AddSpatialJoin.relief_m":0,"Transects_100m_AddSpatialJoin.slope_avg":0,"Transects_100m_AddSpatialJoin.road_z":0,"Transects_100m_AddSpatialJoin.shch_myr":0,"Transects_100m_AddSpatialJoin.eros_hot":"4 - Avon","Transects_100m_AddSpatialJoin.bnour":" ","Transects_100m_AddSpatialJoin.bnour_yr":0,"Transects_100m_AddSpatialJoin.bnour_src":" ","Transects_100m_AddSpatialJoin.armor":" ","Transects_100m_AddSpatialJoin.editor":" ","Transects_100m_AddSpatialJoin.edit_date":null,"Transects_100m_AddSpatialJoin.notes":" ","Transects_100m_AddSpatialJoin.hotspot":1,"Transects_100m_AddSpatialJoin.Shape_Length":10000}},{"type":"Feature","id":172,"geometry":{"type":"LineString","coordinates":[[460198.4523,3914862.3268999998],[450198.4523,3914862.3268999998]]},"properties":{"Transects_100m.OBJECTID":172,"Transects_100m.LineID":172,"Transects_100m.Shape_Length":10000,"Transects_100m_AddSpatialJoin.OBJECTID":172,"Transects_100m_AddSpatialJoin.Join_Count":1,"Transects_100m_AddSpatialJoin.TARGET_FID":172,"Transects_100m_AddSpatialJoin.Coords":3914635,"Transects_100m_AddSpatialJoin.domain_id":32,"Transects_100m_AddSpatialJoin.reach":" ","Transects_100m_AddSpatialJoin.z_mean":0,"Transects_100m_AddSpatialJoin.z_max":0,"Transects_100m_AddSpatialJoin.z_min":0,"Transects_100m_AddSpatialJoin.relief_m":0,"Transects_100m_AddSpatialJoin.slope_avg":0,"Transects_100m_AddSpatialJoin.road_z":0,"Transects_100m_AddSpatialJoin.shch_myr":0,"Transects_100m_AddSpatialJoin.eros_hot":"4 - Avon","Transects_100m_AddSpatialJoin.bnour":" ","Transects_100m_AddSpatialJoin.bnour_yr":0,"Transects_100m_AddSpatialJoin.bnour_src":" ","Transects_100m_AddSpatialJoin.armor":" ","Transects_100m_AddSpatialJoin.editor":" ","Transects_100m_AddSpatialJoin.edit_date":null,"Transects_100m_AddSpatialJoin.notes":" ","Transects_100m_AddSpatialJoin.hotspot":1,"Transects_100m_AddSpatialJoin.Shape_Length":10000}},{"type":"Feature","id":173,"geometry":{"type":"LineString","coordinates":[[460198.4523,3914962.3268999998],[450198.4523,3914962.3268999998]]},"properties":{"Transects_100m.OBJECTID":173,"Transects_100m.LineID":173,"Transects_100m.Shape_Length":10000,"Transects_100m_AddSpatialJoin.OBJECTID":173,"Transects_100m_AddSpatialJoin.Join_Count":1,"Transects_100m_AddSpatialJoin.TARGET_FID":173,"Transects_100m_AddSpatialJoin.Coords":3915137,"Transects_100m_AddSpatialJoin.domain_id":33,"Transects_100m_AddSpatialJoin.reach":" ","Transects_100m_AddSpatialJoin.z_mean":0,"Transects_100m_AddSpatialJoin.z_max":0,"Transects_100m_AddSpatialJoin.z_min":0,"Transects_100m_AddSpatialJoin.relief_m":0,"Transects_100m_AddSpatialJoin.slope_avg":0,"Transects_100m_AddSpatialJoin.road_z":0,"Transects_100m_AddSpatialJoin.shch_myr":0,"Transects_100m_AddSpatialJoin.eros_hot":"4 - Avon","Transects_100m_AddSpatialJoin.bnour":" ","Transects_100m_AddSpatialJoin.bnour_yr":0,"Transects_100m_AddSpatialJoin.bnour_src":" ","Transects_100m_AddSpatialJoin.armor":" ","Transects_100m_AddSpatialJoin.editor":" ","Transects_100m_AddSpatialJoin.edit_date":null,"Transects_100m_AddSpatialJoin.notes":" ","Transects_100m_AddSpatialJoin.hotspot":1,"Transects_100m_AddSpatialJoin.Shape_Length":10000}},{"type":"Feature","id":174,"geometry":{"type":"LineString","coordinates":[[460198.4523,3915062.3268999998],[450198.4523,3915062.3268999998]]},"properties":{"Transects_100m.OBJECTID":174,"Transects_100m.LineID":174,"Transects_100m.Shape_Length":10000,"Transects_100m_AddSpatialJoin.OBJECTID":174,"Transects_100m_AddSpatialJoin.Join_Count":1,"Transects_100m_AddSpatialJoin.TARGET_FID":174,"Transects_100m_AddSpatialJoin.Coords":3915137,"Transects_100m_AddSpatialJoin.domain_id":33,"Transects_100m_AddSpatialJoin.reach":" ","Transects_100m_AddSpatialJoin.z_mean":0,"Transects_100m_AddSpatialJoin.z_max":0,"Transects_100m_AddSpatialJoin.z_min":0,"Transects_100m_AddSpatialJoin.relief_m":0,"Transects_100m_AddSpatialJoin.slope_avg":0,"Transects_100m_AddSpatialJoin.road_z":0,"Transects_100m_AddSpatialJoin.shch_myr":0,"Transects_100m_AddSpatialJoin.eros_hot":"4 - Avon","Transects_100m_AddSpatialJoin.bnour":" ","Transects_100m_AddSpatialJoin.bnour_yr":0,"Transects_100m_AddSpatialJoin.bnour_src":" ","Transects_100m_AddSpatialJoin.armor":" ","Transects_100m_AddSpatialJoin.editor":" ","Transects_100m_AddSpatialJoin.edit_date":null,"Transects_100m_AddSpatialJoin.notes":" ","Transects_100m_AddSpatialJoin.hotspot":1,"Transects_100m_AddSpatialJoin.Shape_Length":10000}},{"type":"Feature","id":175,"geometry":{"type":"LineString","coordinates":[[460198.4523,3915162.3268999998],[450198.4523,3915162.3268999998]]},"properties":{"Transects_100m.OBJECTID":175,"Transects_100m.LineID":175,"Transects_100m.Shape_Length":10000,"Transects_100m_AddSpatialJoin.OBJECTID":175,"Transects_100m_AddSpatialJoin.Join_Count":1,"Transects_100m_AddSpatialJoin.TARGET_FID":175,"Transects_100m_AddSpatialJoin.Coords":3915137,"Transects_100m_AddSpatialJoin.domain_id":33,"Transects_100m_AddSpatialJoin.reach":" ","Transects_100m_AddSpatialJoin.z_mean":0,"Transects_100m_AddSpatialJoin.z_max":0,"Transects_100m_AddSpatialJoin.z_min":0,"Transects_100m_AddSpatialJoin.relief_m":0,"Transects_100m_AddSpatialJoin.slope_avg":0,"Transects_100m_AddSpatialJoin.road_z":0,"Transects_100m_AddSpatialJoin.shch_myr":0,"Transects_100m_AddSpatialJoin.eros_hot":"4 - Avon","Transects_100m_AddSpatialJoin.bnour":" ","Transects_100m_AddSpatialJoin.bnour_yr":0,"Transects_100m_AddSpatialJoin.bnour_src":" ","Transects_100m_AddSpatialJoin.armor":" ","Transects_100m_AddSpatialJoin.editor":" ","Transects_100m_AddSpatialJoin.edit_date":null,"Transects_100m_AddSpatialJoin.notes":" ","Transects_100m_AddSpatialJoin.hotspot":1,"Transects_100m_AddSpatialJoin.Shape_Length":10000}},{"type":"Feature","id":176,"geometry":{"type":"LineString","coordinates":[[460198.4523,3915262.3268999998],[450198.4523,3915262.3268999998]]},"properties":{"Transects_100m.OBJECTID":176,"Transects_100m.LineID":176,"Transects_100m.Shape_Length":10000,"Transects_100m_AddSpatialJoin.OBJECTID":176,"Transects_100m_AddSpatialJoin.Join_Count":1,"Transects_100m_AddSpatialJoin.TARGET_FID":176,"Transects_100m_AddSpatialJoin.Coords":3915137,"Transects_100m_AddSpatialJoin.domain_id":33,"Transects_100m_AddSpatialJoin.reach":" ","Transects_100m_AddSpatialJoin.z_mean":0,"Transects_100m_AddSpatialJoin.z_max":0,"Transects_100m_AddSpatialJoin.z_min":0,"Transects_100m_AddSpatialJoin.relief_m":0,"Transects_100m_AddSpatialJoin.slope_avg":0,"Transects_100m_AddSpatialJoin.road_z":0,"Transects_100m_AddSpatialJoin.shch_myr":0,"Transects_100m_AddSpatialJoin.eros_hot":"4 - Avon","Transects_100m_AddSpatialJoin.bnour":" ","Transects_100m_AddSpatialJoin.bnour_yr":0,"Transects_100m_AddSpatialJoin.bnour_src":" ","Transects_100m_AddSpatialJoin.armor":" ","Transects_100m_AddSpatialJoin.editor":" ","Transects_100m_AddSpatialJoin.edit_date":null,"Transects_100m_AddSpatialJoin.notes":" ","Transects_100m_AddSpatialJoin.hotspot":1,"Transects_100m_AddSpatialJoin.Shape_Length":10000}},{"type":"Feature","id":177,"geometry":{"type":"LineString","coordinates":[[460198.4523,3915362.3268999998],[450198.4523,3915362.3268999998]]},"properties":{"Transects_100m.OBJECTID":177,"Transects_100m.LineID":177,"Transects_100m.Shape_Length":10000,"Transects_100m_AddSpatialJoin.OBJECTID":177,"Transects_100m_AddSpatialJoin.Join_Count":1,"Transects_100m_AddSpatialJoin.TARGET_FID":177,"Transects_100m_AddSpatialJoin.Coords":3915137,"Transects_100m_AddSpatialJoin.domain_id":33,"Transects_100m_AddSpatialJoin.reach":" ","Transects_100m_AddSpatialJoin.z_mean":0,"Transects_100m_AddSpatialJoin.z_max":0,"Transects_100m_AddSpatialJoin.z_min":0,"Transects_100m_AddSpatialJoin.relief_m":0,"Transects_100m_AddSpatialJoin.slope_avg":0,"Transects_100m_AddSpatialJoin.road_z":0,"Transects_100m_AddSpatialJoin.shch_myr":0,"Transects_100m_AddSpatialJoin.eros_hot":"4 - Avon","Transects_100m_AddSpatialJoin.bnour":" ","Transects_100m_AddSpatialJoin.bnour_yr":0,"Transects_100m_AddSpatialJoin.bnour_src":" ","Transects_100m_AddSpatialJoin.armor":" ","Transects_100m_AddSpatialJoin.editor":" ","Transects_100m_AddSpatialJoin.edit_date":null,"Transects_100m_AddSpatialJoin.notes":" ","Transects_100m_AddSpatialJoin.hotspot":1,"Transects_100m_AddSpatialJoin.Shape_Length":10000}},{"type":"Feature","id":178,"geometry":{"type":"LineString","coordinates":[[460198.4523,3915462.3268999998],[450198.4523,3915462.3268999998]]},"properties":{"Transects_100m.OBJECTID":178,"Transects_100m.LineID":178,"Transects_100m.Shape_Length":10000,"Transects_100m_AddSpatialJoin.OBJECTID":178,"Transects_100m_AddSpatialJoin.Join_Count":1,"Transects_100m_AddSpatialJoin.TARGET_FID":178,"Transects_100m_AddSpatialJoin.Coords":3915639,"Transects_100m_AddSpatialJoin.domain_id":34,"Transects_100m_AddSpatialJoin.reach":" ","Transects_100m_AddSpatialJoin.z_mean":0,"Transects_100m_AddSpatialJoin.z_max":0,"Transects_100m_AddSpatialJoin.z_min":0,"Transects_100m_AddSpatialJoin.relief_m":0,"Transects_100m_AddSpatialJoin.slope_avg":0,"Transects_100m_AddSpatialJoin.road_z":0,"Transects_100m_AddSpatialJoin.shch_myr":0,"Transects_100m_AddSpatialJoin.eros_hot":"4 - Avon","Transects_100m_AddSpatialJoin.bnour":" ","Transects_100m_AddSpatialJoin.bnour_yr":0,"Transects_100m_AddSpatialJoin.bnour_src":" ","Transects_100m_AddSpatialJoin.armor":" ","Transects_100m_AddSpatialJoin.editor":" ","Transects_100m_AddSpatialJoin.edit_date":null,"Transects_100m_AddSpatialJoin.notes":" ","Transects_100m_AddSpatialJoin.hotspot":1,"Transects_100m_AddSpatialJoin.Shape_Length":10000}},{"type":"Feature","id":179,"geometry":{"type":"LineString","coordinates":[[460198.4523,3915562.3268999998],[450198.4523,3915562.3268999998]]},"properties":{"Transects_100m.OBJECTID":179,"Transects_100m.LineID":179,"Transects_100m.Shape_Length":10000,"Transects_100m_AddSpatialJoin.OBJECTID":179,"Transects_100m_AddSpatialJoin.Join_Count":1,"Transects_100m_AddSpatialJoin.TARGET_FID":179,"Transects_100m_AddSpatialJoin.Coords":3915639,"Transects_100m_AddSpatialJoin.domain_id":34,"Transects_100m_AddSpatialJoin.reach":" ","Transects_100m_AddSpatialJoin.z_mean":0,"Transects_100m_AddSpatialJoin.z_max":0,"Transects_100m_AddSpatialJoin.z_min":0,"Transects_100m_AddSpatialJoin.relief_m":0,"Transects_100m_AddSpatialJoin.slope_avg":0,"Transects_100m_AddSpatialJoin.road_z":0,"Transects_100m_AddSpatialJoin.shch_myr":0,"Transects_100m_AddSpatialJoin.eros_hot":"4 - Avon","Transects_100m_AddSpatialJoin.bnour":" ","Transects_100m_AddSpatialJoin.bnour_yr":0,"Transects_100m_AddSpatialJoin.bnour_src":" ","Transects_100m_AddSpatialJoin.armor":" ","Transects_100m_AddSpatialJoin.editor":" ","Transects_100m_AddSpatialJoin.edit_date":null,"Transects_100m_AddSpatialJoin.notes":" ","Transects_100m_AddSpatialJoin.hotspot":1,"Transects_100m_AddSpatialJoin.Shape_Length":10000}},{"type":"Feature","id":180,"geometry":{"type":"LineString","coordinates":[[460198.4523,3915662.3268999998],[450198.4523,3915662.3268999998]]},"properties":{"Transects_100m.OBJECTID":180,"Transects_100m.LineID":180,"Transects_100m.Shape_Length":10000,"Transects_100m_AddSpatialJoin.OBJECTID":180,"Transects_100m_AddSpatialJoin.Join_Count":1,"Transects_100m_AddSpatialJoin.TARGET_FID":180,"Transects_100m_AddSpatialJoin.Coords":3915639,"Transects_100m_AddSpatialJoin.domain_id":34,"Transects_100m_AddSpatialJoin.reach":" ","Transects_100m_AddSpatialJoin.z_mean":0,"Transects_100m_AddSpatialJoin.z_max":0,"Transects_100m_AddSpatialJoin.z_min":0,"Transects_100m_AddSpatialJoin.relief_m":0,"Transects_100m_AddSpatialJoin.slope_avg":0,"Transects_100m_AddSpatialJoin.road_z":0,"Transects_100m_AddSpatialJoin.shch_myr":0,"Transects_100m_AddSpatialJoin.eros_hot":"4 - Avon","Transects_100m_AddSpatialJoin.bnour":" ","Transects_100m_AddSpatialJoin.bnour_yr":0,"Transects_100m_AddSpatialJoin.bnour_src":" ","Transects_100m_AddSpatialJoin.armor":" ","Transects_100m_AddSpatialJoin.editor":" ","Transects_100m_AddSpatialJoin.edit_date":null,"Transects_100m_AddSpatialJoin.notes":" ","Transects_100m_AddSpatialJoin.hotspot":1,"Transects_100m_AddSpatialJoin.Shape_Length":10000}},{"type":"Feature","id":181,"geometry":{"type":"LineString","coordinates":[[460198.4523,3915762.3268999998],[450198.4523,3915762.3268999998]]},"properties":{"Transects_100m.OBJECTID":181,"Transects_100m.LineID":181,"Transects_100m.Shape_Length":10000,"Transects_100m_AddSpatialJoin.OBJECTID":181,"Transects_100m_AddSpatialJoin.Join_Count":1,"Transects_100m_AddSpatialJoin.TARGET_FID":181,"Transects_100m_AddSpatialJoin.Coords":3915639,"Transects_100m_AddSpatialJoin.domain_id":34,"Transects_100m_AddSpatialJoin.reach":" ","Transects_100m_AddSpatialJoin.z_mean":0,"Transects_100m_AddSpatialJoin.z_max":0,"Transects_100m_AddSpatialJoin.z_min":0,"Transects_100m_AddSpatialJoin.relief_m":0,"Transects_100m_AddSpatialJoin.slope_avg":0,"Transects_100m_AddSpatialJoin.road_z":0,"Transects_100m_AddSpatialJoin.shch_myr":0,"Transects_100m_AddSpatialJoin.eros_hot":"4 - Avon","Transects_100m_AddSpatialJoin.bnour":" ","Transects_100m_AddSpatialJoin.bnour_yr":0,"Transects_100m_AddSpatialJoin.bnour_src":" ","Transects_100m_AddSpatialJoin.armor":" ","Transects_100m_AddSpatialJoin.editor":" ","Transects_100m_AddSpatialJoin.edit_date":null,"Transects_100m_AddSpatialJoin.notes":" ","Transects_100m_AddSpatialJoin.hotspot":1,"Transects_100m_AddSpatialJoin.Shape_Length":10000}},{"type":"Feature","id":182,"geometry":{"type":"LineString","coordinates":[[460198.4523,3915862.3268999998],[450198.4523,3915862.3268999998]]},"properties":{"Transects_100m.OBJECTID":182,"Transects_100m.LineID":182,"Transects_100m.Shape_Length":10000,"Transects_100m_AddSpatialJoin.OBJECTID":182,"Transects_100m_AddSpatialJoin.Join_Count":1,"Transects_100m_AddSpatialJoin.TARGET_FID":182,"Transects_100m_AddSpatialJoin.Coords":3915639,"Transects_100m_AddSpatialJoin.domain_id":34,"Transects_100m_AddSpatialJoin.reach":" ","Transects_100m_AddSpatialJoin.z_mean":0,"Transects_100m_AddSpatialJoin.z_max":0,"Transects_100m_AddSpatialJoin.z_min":0,"Transects_100m_AddSpatialJoin.relief_m":0,"Transects_100m_AddSpatialJoin.slope_avg":0,"Transects_100m_AddSpatialJoin.road_z":0,"Transects_100m_AddSpatialJoin.shch_myr":0,"Transects_100m_AddSpatialJoin.eros_hot":"4 - Avon","Transects_100m_AddSpatialJoin.bnour":" ","Transects_100m_AddSpatialJoin.bnour_yr":0,"Transects_100m_AddSpatialJoin.bnour_src":" ","Transects_100m_AddSpatialJoin.armor":" ","Transects_100m_AddSpatialJoin.editor":" ","Transects_100m_AddSpatialJoin.edit_date":null,"Transects_100m_AddSpatialJoin.notes":" ","Transects_100m_AddSpatialJoin.hotspot":1,"Transects_100m_AddSpatialJoin.Shape_Length":10000}},{"type":"Feature","id":183,"geometry":{"type":"LineString","coordinates":[[460198.4523,3915962.3268999998],[450198.4523,3915962.3268999998]]},"properties":{"Transects_100m.OBJECTID":183,"Transects_100m.LineID":183,"Transects_100m.Shape_Length":10000,"Transects_100m_AddSpatialJoin.OBJECTID":183,"Transects_100m_AddSpatialJoin.Join_Count":1,"Transects_100m_AddSpatialJoin.TARGET_FID":183,"Transects_100m_AddSpatialJoin.Coords":3916141,"Transects_100m_AddSpatialJoin.domain_id":35,"Transects_100m_AddSpatialJoin.reach":" ","Transects_100m_AddSpatialJoin.z_mean":0,"Transects_100m_AddSpatialJoin.z_max":0,"Transects_100m_AddSpatialJoin.z_min":0,"Transects_100m_AddSpatialJoin.relief_m":0,"Transects_100m_AddSpatialJoin.slope_avg":0,"Transects_100m_AddSpatialJoin.road_z":0,"Transects_100m_AddSpatialJoin.shch_myr":0,"Transects_100m_AddSpatialJoin.eros_hot":"4 - Avon","Transects_100m_AddSpatialJoin.bnour":" ","Transects_100m_AddSpatialJoin.bnour_yr":0,"Transects_100m_AddSpatialJoin.bnour_src":" ","Transects_100m_AddSpatialJoin.armor":" ","Transects_100m_AddSpatialJoin.editor":" ","Transects_100m_AddSpatialJoin.edit_date":null,"Transects_100m_AddSpatialJoin.notes":" ","Transects_100m_AddSpatialJoin.hotspot":1,"Transects_100m_AddSpatialJoin.Shape_Length":10000}},{"type":"Feature","id":184,"geometry":{"type":"LineString","coordinates":[[460198.4523,3916062.3268999998],[450198.4523,3916062.3268999998]]},"properties":{"Transects_100m.OBJECTID":184,"Transects_100m.LineID":184,"Transects_100m.Shape_Length":10000,"Transects_100m_AddSpatialJoin.OBJECTID":184,"Transects_100m_AddSpatialJoin.Join_Count":1,"Transects_100m_AddSpatialJoin.TARGET_FID":184,"Transects_100m_AddSpatialJoin.Coords":3916141,"Transects_100m_AddSpatialJoin.domain_id":35,"Transects_100m_AddSpatialJoin.reach":" ","Transects_100m_AddSpatialJoin.z_mean":0,"Transects_100m_AddSpatialJoin.z_max":0,"Transects_100m_AddSpatialJoin.z_min":0,"Transects_100m_AddSpatialJoin.relief_m":0,"Transects_100m_AddSpatialJoin.slope_avg":0,"Transects_100m_AddSpatialJoin.road_z":0,"Transects_100m_AddSpatialJoin.shch_myr":0,"Transects_100m_AddSpatialJoin.eros_hot":"4 - Avon","Transects_100m_AddSpatialJoin.bnour":" ","Transects_100m_AddSpatialJoin.bnour_yr":0,"Transects_100m_AddSpatialJoin.bnour_src":" ","Transects_100m_AddSpatialJoin.armor":" ","Transects_100m_AddSpatialJoin.editor":" ","Transects_100m_AddSpatialJoin.edit_date":null,"Transects_100m_AddSpatialJoin.notes":" ","Transects_100m_AddSpatialJoin.hotspot":1,"Transects_100m_AddSpatialJoin.Shape_Length":10000}},{"type":"Feature","id":185,"geometry":{"type":"LineString","coordinates":[[460198.4523,3916162.3268999998],[450198.4523,3916162.3268999998]]},"properties":{"Transects_100m.OBJECTID":185,"Transects_100m.LineID":185,"Transects_100m.Shape_Length":10000,"Transects_100m_AddSpatialJoin.OBJECTID":185,"Transects_100m_AddSpatialJoin.Join_Count":1,"Transects_100m_AddSpatialJoin.TARGET_FID":185,"Transects_100m_AddSpatialJoin.Coords":3916141,"Transects_100m_AddSpatialJoin.domain_id":35,"Transects_100m_AddSpatialJoin.reach":" ","Transects_100m_AddSpatialJoin.z_mean":0,"Transects_100m_AddSpatialJoin.z_max":0,"Transects_100m_AddSpatialJoin.z_min":0,"Transects_100m_AddSpatialJoin.relief_m":0,"Transects_100m_AddSpatialJoin.slope_avg":0,"Transects_100m_AddSpatialJoin.road_z":0,"Transects_100m_AddSpatialJoin.shch_myr":0,"Transects_100m_AddSpatialJoin.eros_hot":"4 - Avon","Transects_100m_AddSpatialJoin.bnour":" ","Transects_100m_AddSpatialJoin.bnour_yr":0,"Transects_100m_AddSpatialJoin.bnour_src":" ","Transects_100m_AddSpatialJoin.armor":" ","Transects_100m_AddSpatialJoin.editor":" ","Transects_100m_AddSpatialJoin.edit_date":null,"Transects_100m_AddSpatialJoin.notes":" ","Transects_100m_AddSpatialJoin.hotspot":1,"Transects_100m_AddSpatialJoin.Shape_Length":10000}},{"type":"Feature","id":186,"geometry":{"type":"LineString","coordinates":[[460198.4523,3916262.3268999998],[450198.4523,3916262.3268999998]]},"properties":{"Transects_100m.OBJECTID":186,"Transects_100m.LineID":186,"Transects_100m.Shape_Length":10000,"Transects_100m_AddSpatialJoin.OBJECTID":186,"Transects_100m_AddSpatialJoin.Join_Count":1,"Transects_100m_AddSpatialJoin.TARGET_FID":186,"Transects_100m_AddSpatialJoin.Coords":3916141,"Transects_100m_AddSpatialJoin.domain_id":35,"Transects_100m_AddSpatialJoin.reach":" ","Transects_100m_AddSpatialJoin.z_mean":0,"Transects_100m_AddSpatialJoin.z_max":0,"Transects_100m_AddSpatialJoin.z_min":0,"Transects_100m_AddSpatialJoin.relief_m":0,"Transects_100m_AddSpatialJoin.slope_avg":0,"Transects_100m_AddSpatialJoin.road_z":0,"Transects_100m_AddSpatialJoin.shch_myr":0,"Transects_100m_AddSpatialJoin.eros_hot":"4 - Avon","Transects_100m_AddSpatialJoin.bnour":" ","Transects_100m_AddSpatialJoin.bnour_yr":0,"Transects_100m_AddSpatialJoin.bnour_src":" ","Transects_100m_AddSpatialJoin.armor":" ","Transects_100m_AddSpatialJoin.editor":" ","Transects_100m_AddSpatialJoin.edit_date":null,"Transects_100m_AddSpatialJoin.notes":" ","Transects_100m_AddSpatialJoin.hotspot":1,"Transects_100m_AddSpatialJoin.Shape_Length":10000}},{"type":"Feature","id":187,"geometry":{"type":"LineString","coordinates":[[460198.4523,3916362.3268999998],[450198.4523,3916362.3268999998]]},"properties":{"Transects_100m.OBJECTID":187,"Transects_100m.LineID":187,"Transects_100m.Shape_Length":10000,"Transects_100m_AddSpatialJoin.OBJECTID":187,"Transects_100m_AddSpatialJoin.Join_Count":1,"Transects_100m_AddSpatialJoin.TARGET_FID":187,"Transects_100m_AddSpatialJoin.Coords":3916141,"Transects_100m_AddSpatialJoin.domain_id":35,"Transects_100m_AddSpatialJoin.reach":" ","Transects_100m_AddSpatialJoin.z_mean":0,"Transects_100m_AddSpatialJoin.z_max":0,"Transects_100m_AddSpatialJoin.z_min":0,"Transects_100m_AddSpatialJoin.relief_m":0,"Transects_100m_AddSpatialJoin.slope_avg":0,"Transects_100m_AddSpatialJoin.road_z":0,"Transects_100m_AddSpatialJoin.shch_myr":0,"Transects_100m_AddSpatialJoin.eros_hot":"4 - Avon","Transects_100m_AddSpatialJoin.bnour":" ","Transects_100m_AddSpatialJoin.bnour_yr":0,"Transects_100m_AddSpatialJoin.bnour_src":" ","Transects_100m_AddSpatialJoin.armor":" ","Transects_100m_AddSpatialJoin.editor":" ","Transects_100m_AddSpatialJoin.edit_date":null,"Transects_100m_AddSpatialJoin.notes":" ","Transects_100m_AddSpatialJoin.hotspot":1,"Transects_100m_AddSpatialJoin.Shape_Length":10000}},{"type":"Feature","id":188,"geometry":{"type":"LineString","coordinates":[[460198.4523,3916462.3268999998],[450198.4523,3916462.3268999998]]},"properties":{"Transects_100m.OBJECTID":188,"Transects_100m.LineID":188,"Transects_100m.Shape_Length":10000,"Transects_100m_AddSpatialJoin.OBJECTID":188,"Transects_100m_AddSpatialJoin.Join_Count":1,"Transects_100m_AddSpatialJoin.TARGET_FID":188,"Transects_100m_AddSpatialJoin.Coords":3916644,"Transects_100m_AddSpatialJoin.domain_id":36,"Transects_100m_AddSpatialJoin.reach":" ","Transects_100m_AddSpatialJoin.z_mean":0,"Transects_100m_AddSpatialJoin.z_max":0,"Transects_100m_AddSpatialJoin.z_min":0,"Transects_100m_AddSpatialJoin.relief_m":0,"Transects_100m_AddSpatialJoin.slope_avg":0,"Transects_100m_AddSpatialJoin.road_z":0,"Transects_100m_AddSpatialJoin.shch_myr":0,"Transects_100m_AddSpatialJoin.eros_hot":"4 - Avon","Transects_100m_AddSpatialJoin.bnour":" ","Transects_100m_AddSpatialJoin.bnour_yr":0,"Transects_100m_AddSpatialJoin.bnour_src":" ","Transects_100m_AddSpatialJoin.armor":" ","Transects_100m_AddSpatialJoin.editor":" ","Transects_100m_AddSpatialJoin.edit_date":null,"Transects_100m_AddSpatialJoin.notes":" ","Transects_100m_AddSpatialJoin.hotspot":1,"Transects_100m_AddSpatialJoin.Shape_Length":10000}},{"type":"Feature","id":189,"geometry":{"type":"LineString","coordinates":[[460198.4523,3916562.3268999998],[450198.4523,3916562.3268999998]]},"properties":{"Transects_100m.OBJECTID":189,"Transects_100m.LineID":189,"Transects_100m.Shape_Length":10000,"Transects_100m_AddSpatialJoin.OBJECTID":189,"Transects_100m_AddSpatialJoin.Join_Count":1,"Transects_100m_AddSpatialJoin.TARGET_FID":189,"Transects_100m_AddSpatialJoin.Coords":3916644,"Transects_100m_AddSpatialJoin.domain_id":36,"Transects_100m_AddSpatialJoin.reach":" ","Transects_100m_AddSpatialJoin.z_mean":0,"Transects_100m_AddSpatialJoin.z_max":0,"Transects_100m_AddSpatialJoin.z_min":0,"Transects_100m_AddSpatialJoin.relief_m":0,"Transects_100m_AddSpatialJoin.slope_avg":0,"Transects_100m_AddSpatialJoin.road_z":0,"Transects_100m_AddSpatialJoin.shch_myr":0,"Transects_100m_AddSpatialJoin.eros_hot":"4 - Avon","Transects_100m_AddSpatialJoin.bnour":" ","Transects_100m_AddSpatialJoin.bnour_yr":0,"Transects_100m_AddSpatialJoin.bnour_src":" ","Transects_100m_AddSpatialJoin.armor":" ","Transects_100m_AddSpatialJoin.editor":" ","Transects_100m_AddSpatialJoin.edit_date":null,"Transects_100m_AddSpatialJoin.notes":" ","Transects_100m_AddSpatialJoin.hotspot":1,"Transects_100m_AddSpatialJoin.Shape_Length":10000}},{"type":"Feature","id":190,"geometry":{"type":"LineString","coordinates":[[460198.4523,3916662.3268999998],[450198.4523,3916662.3268999998]]},"properties":{"Transects_100m.OBJECTID":190,"Transects_100m.LineID":190,"Transects_100m.Shape_Length":10000,"Transects_100m_AddSpatialJoin.OBJECTID":190,"Transects_100m_AddSpatialJoin.Join_Count":1,"Transects_100m_AddSpatialJoin.TARGET_FID":190,"Transects_100m_AddSpatialJoin.Coords":3916644,"Transects_100m_AddSpatialJoin.domain_id":36,"Transects_100m_AddSpatialJoin.reach":" ","Transects_100m_AddSpatialJoin.z_mean":0,"Transects_100m_AddSpatialJoin.z_max":0,"Transects_100m_AddSpatialJoin.z_min":0,"Transects_100m_AddSpatialJoin.relief_m":0,"Transects_100m_AddSpatialJoin.slope_avg":0,"Transects_100m_AddSpatialJoin.road_z":0,"Transects_100m_AddSpatialJoin.shch_myr":0,"Transects_100m_AddSpatialJoin.eros_hot":"4 - Avon","Transects_100m_AddSpatialJoin.bnour":" ","Transects_100m_AddSpatialJoin.bnour_yr":0,"Transects_100m_AddSpatialJoin.bnour_src":" ","Transects_100m_AddSpatialJoin.armor":" ","Transects_100m_AddSpatialJoin.editor":" ","Transects_100m_AddSpatialJoin.edit_date":null,"Transects_100m_AddSpatialJoin.notes":" ","Transects_100m_AddSpatialJoin.hotspot":1,"Transects_100m_AddSpatialJoin.Shape_Length":10000}},{"type":"Feature","id":191,"geometry":{"type":"LineString","coordinates":[[460198.4523,3916762.3268999998],[450198.4523,3916762.3268999998]]},"properties":{"Transects_100m.OBJECTID":191,"Transects_100m.LineID":191,"Transects_100m.Shape_Length":10000,"Transects_100m_AddSpatialJoin.OBJECTID":191,"Transects_100m_AddSpatialJoin.Join_Count":1,"Transects_100m_AddSpatialJoin.TARGET_FID":191,"Transects_100m_AddSpatialJoin.Coords":3916644,"Transects_100m_AddSpatialJoin.domain_id":36,"Transects_100m_AddSpatialJoin.reach":" ","Transects_100m_AddSpatialJoin.z_mean":0,"Transects_100m_AddSpatialJoin.z_max":0,"Transects_100m_AddSpatialJoin.z_min":0,"Transects_100m_AddSpatialJoin.relief_m":0,"Transects_100m_AddSpatialJoin.slope_avg":0,"Transects_100m_AddSpatialJoin.road_z":0,"Transects_100m_AddSpatialJoin.shch_myr":0,"Transects_100m_AddSpatialJoin.eros_hot":"4 - Avon","Transects_100m_AddSpatialJoin.bnour":" ","Transects_100m_AddSpatialJoin.bnour_yr":0,"Transects_100m_AddSpatialJoin.bnour_src":" ","Transects_100m_AddSpatialJoin.armor":" ","Transects_100m_AddSpatialJoin.editor":" ","Transects_100m_AddSpatialJoin.edit_date":null,"Transects_100m_AddSpatialJoin.notes":" ","Transects_100m_AddSpatialJoin.hotspot":1,"Transects_100m_AddSpatialJoin.Shape_Length":10000}},{"type":"Feature","id":192,"geometry":{"type":"LineString","coordinates":[[460198.4523,3916862.3268999998],[450198.4523,3916862.3268999998]]},"properties":{"Transects_100m.OBJECTID":192,"Transects_100m.LineID":192,"Transects_100m.Shape_Length":10000,"Transects_100m_AddSpatialJoin.OBJECTID":192,"Transects_100m_AddSpatialJoin.Join_Count":1,"Transects_100m_AddSpatialJoin.TARGET_FID":192,"Transects_100m_AddSpatialJoin.Coords":3916644,"Transects_100m_AddSpatialJoin.domain_id":36,"Transects_100m_AddSpatialJoin.reach":" ","Transects_100m_AddSpatialJoin.z_mean":0,"Transects_100m_AddSpatialJoin.z_max":0,"Transects_100m_AddSpatialJoin.z_min":0,"Transects_100m_AddSpatialJoin.relief_m":0,"Transects_100m_AddSpatialJoin.slope_avg":0,"Transects_100m_AddSpatialJoin.road_z":0,"Transects_100m_AddSpatialJoin.shch_myr":0,"Transects_100m_AddSpatialJoin.eros_hot":"4 - Avon","Transects_100m_AddSpatialJoin.bnour":" ","Transects_100m_AddSpatialJoin.bnour_yr":0,"Transects_100m_AddSpatialJoin.bnour_src":" ","Transects_100m_AddSpatialJoin.armor":" ","Transects_100m_AddSpatialJoin.editor":" ","Transects_100m_AddSpatialJoin.edit_date":null,"Transects_100m_AddSpatialJoin.notes":" ","Transects_100m_AddSpatialJoin.hotspot":1,"Transects_100m_AddSpatialJoin.Shape_Length":10000}},{"type":"Feature","id":193,"geometry":{"type":"LineString","coordinates":[[460198.4523,3916962.3268999998],[450198.4523,3916962.3268999998]]},"properties":{"Transects_100m.OBJECTID":193,"Transects_100m.LineID":193,"Transects_100m.Shape_Length":10000,"Transects_100m_AddSpatialJoin.OBJECTID":193,"Transects_100m_AddSpatialJoin.Join_Count":1,"Transects_100m_AddSpatialJoin.TARGET_FID":193,"Transects_100m_AddSpatialJoin.Coords":3917147,"Transects_100m_AddSpatialJoin.domain_id":37,"Transects_100m_AddSpatialJoin.reach":"","Transects_100m_AddSpatialJoin.z_mean":0,"Transects_100m_AddSpatialJoin.z_max":0,"Transects_100m_AddSpatialJoin.z_min":0,"Transects_100m_AddSpatialJoin.relief_m":0,"Transects_100m_AddSpatialJoin.slope_avg":0,"Transects_100m_AddSpatialJoin.road_z":0,"Transects_100m_AddSpatialJoin.shch_myr":0,"Transects_100m_AddSpatialJoin.eros_hot":"","Transects_100m_AddSpatialJoin.bnour":"","Transects_100m_AddSpatialJoin.bnour_yr":0,"Transects_100m_AddSpatialJoin.bnour_src":"","Transects_100m_AddSpatialJoin.armor":"","Transects_100m_AddSpatialJoin.editor":"","Transects_100m_AddSpatialJoin.edit_date":null,"Transects_100m_AddSpatialJoin.notes":"","Transects_100m_AddSpatialJoin.hotspot":0,"Transects_100m_AddSpatialJoin.Shape_Length":10000}},{"type":"Feature","id":194,"geometry":{"type":"LineString","coordinates":[[460198.4523,3917062.3268999998],[450198.4523,3917062.3268999998]]},"properties":{"Transects_100m.OBJECTID":194,"Transects_100m.LineID":194,"Transects_100m.Shape_Length":10000,"Transects_100m_AddSpatialJoin.OBJECTID":194,"Transects_100m_AddSpatialJoin.Join_Count":1,"Transects_100m_AddSpatialJoin.TARGET_FID":194,"Transects_100m_AddSpatialJoin.Coords":3917147,"Transects_100m_AddSpatialJoin.domain_id":37,"Transects_100m_AddSpatialJoin.reach":"","Transects_100m_AddSpatialJoin.z_mean":0,"Transects_100m_AddSpatialJoin.z_max":0,"Transects_100m_AddSpatialJoin.z_min":0,"Transects_100m_AddSpatialJoin.relief_m":0,"Transects_100m_AddSpatialJoin.slope_avg":0,"Transects_100m_AddSpatialJoin.road_z":0,"Transects_100m_AddSpatialJoin.shch_myr":0,"Transects_100m_AddSpatialJoin.eros_hot":"","Transects_100m_AddSpatialJoin.bnour":"","Transects_100m_AddSpatialJoin.bnour_yr":0,"Transects_100m_AddSpatialJoin.bnour_src":"","Transects_100m_AddSpatialJoin.armor":"","Transects_100m_AddSpatialJoin.editor":"","Transects_100m_AddSpatialJoin.edit_date":null,"Transects_100m_AddSpatialJoin.notes":"","Transects_100m_AddSpatialJoin.hotspot":0,"Transects_100m_AddSpatialJoin.Shape_Length":10000}},{"type":"Feature","id":195,"geometry":{"type":"LineString","coordinates":[[460198.4523,3917162.3268999998],[450198.4523,3917162.3268999998]]},"properties":{"Transects_100m.OBJECTID":195,"Transects_100m.LineID":195,"Transects_100m.Shape_Length":10000,"Transects_100m_AddSpatialJoin.OBJECTID":195,"Transects_100m_AddSpatialJoin.Join_Count":1,"Transects_100m_AddSpatialJoin.TARGET_FID":195,"Transects_100m_AddSpatialJoin.Coords":3917147,"Transects_100m_AddSpatialJoin.domain_id":37,"Transects_100m_AddSpatialJoin.reach":"","Transects_100m_AddSpatialJoin.z_mean":0,"Transects_100m_AddSpatialJoin.z_max":0,"Transects_100m_AddSpatialJoin.z_min":0,"Transects_100m_AddSpatialJoin.relief_m":0,"Transects_100m_AddSpatialJoin.slope_avg":0,"Transects_100m_AddSpatialJoin.road_z":0,"Transects_100m_AddSpatialJoin.shch_myr":0,"Transects_100m_AddSpatialJoin.eros_hot":"","Transects_100m_AddSpatialJoin.bnour":"","Transects_100m_AddSpatialJoin.bnour_yr":0,"Transects_100m_AddSpatialJoin.bnour_src":"","Transects_100m_AddSpatialJoin.armor":"","Transects_100m_AddSpatialJoin.editor":"","Transects_100m_AddSpatialJoin.edit_date":null,"Transects_100m_AddSpatialJoin.notes":"","Transects_100m_AddSpatialJoin.hotspot":0,"Transects_100m_AddSpatialJoin.Shape_Length":10000}},{"type":"Feature","id":196,"geometry":{"type":"LineString","coordinates":[[460198.4523,3917262.3268999998],[450198.4523,3917262.3268999998]]},"properties":{"Transects_100m.OBJECTID":196,"Transects_100m.LineID":196,"Transects_100m.Shape_Length":10000,"Transects_100m_AddSpatialJoin.OBJECTID":196,"Transects_100m_AddSpatialJoin.Join_Count":1,"Transects_100m_AddSpatialJoin.TARGET_FID":196,"Transects_100m_AddSpatialJoin.Coords":3917147,"Transects_100m_AddSpatialJoin.domain_id":37,"Transects_100m_AddSpatialJoin.reach":"","Transects_100m_AddSpatialJoin.z_mean":0,"Transects_100m_AddSpatialJoin.z_max":0,"Transects_100m_AddSpatialJoin.z_min":0,"Transects_100m_AddSpatialJoin.relief_m":0,"Transects_100m_AddSpatialJoin.slope_avg":0,"Transects_100m_AddSpatialJoin.road_z":0,"Transects_100m_AddSpatialJoin.shch_myr":0,"Transects_100m_AddSpatialJoin.eros_hot":"","Transects_100m_AddSpatialJoin.bnour":"","Transects_100m_AddSpatialJoin.bnour_yr":0,"Transects_100m_AddSpatialJoin.bnour_src":"","Transects_100m_AddSpatialJoin.armor":"","Transects_100m_AddSpatialJoin.editor":"","Transects_100m_AddSpatialJoin.edit_date":null,"Transects_100m_AddSpatialJoin.notes":"","Transects_100m_AddSpatialJoin.hotspot":0,"Transects_100m_AddSpatialJoin.Shape_Length":10000}},{"type":"Feature","id":197,"geometry":{"type":"LineString","coordinates":[[460198.4523,3917362.3268999998],[450198.4523,3917362.3268999998]]},"properties":{"Transects_100m.OBJECTID":197,"Transects_100m.LineID":197,"Transects_100m.Shape_Length":10000,"Transects_100m_AddSpatialJoin.OBJECTID":197,"Transects_100m_AddSpatialJoin.Join_Count":1,"Transects_100m_AddSpatialJoin.TARGET_FID":197,"Transects_100m_AddSpatialJoin.Coords":3917147,"Transects_100m_AddSpatialJoin.domain_id":37,"Transects_100m_AddSpatialJoin.reach":"","Transects_100m_AddSpatialJoin.z_mean":0,"Transects_100m_AddSpatialJoin.z_max":0,"Transects_100m_AddSpatialJoin.z_min":0,"Transects_100m_AddSpatialJoin.relief_m":0,"Transects_100m_AddSpatialJoin.slope_avg":0,"Transects_100m_AddSpatialJoin.road_z":0,"Transects_100m_AddSpatialJoin.shch_myr":0,"Transects_100m_AddSpatialJoin.eros_hot":"","Transects_100m_AddSpatialJoin.bnour":"","Transects_100m_AddSpatialJoin.bnour_yr":0,"Transects_100m_AddSpatialJoin.bnour_src":"","Transects_100m_AddSpatialJoin.armor":"","Transects_100m_AddSpatialJoin.editor":"","Transects_100m_AddSpatialJoin.edit_date":null,"Transects_100m_AddSpatialJoin.notes":"","Transects_100m_AddSpatialJoin.hotspot":0,"Transects_100m_AddSpatialJoin.Shape_Length":10000}},{"type":"Feature","id":198,"geometry":{"type":"LineString","coordinates":[[460198.4523,3917462.3268999998],[450198.4523,3917462.3268999998]]},"properties":{"Transects_100m.OBJECTID":198,"Transects_100m.LineID":198,"Transects_100m.Shape_Length":10000,"Transects_100m_AddSpatialJoin.OBJECTID":198,"Transects_100m_AddSpatialJoin.Join_Count":1,"Transects_100m_AddSpatialJoin.TARGET_FID":198,"Transects_100m_AddSpatialJoin.Coords":3917648,"Transects_100m_AddSpatialJoin.domain_id":38,"Transects_100m_AddSpatialJoin.reach":"","Transects_100m_AddSpatialJoin.z_mean":0,"Transects_100m_AddSpatialJoin.z_max":0,"Transects_100m_AddSpatialJoin.z_min":0,"Transects_100m_AddSpatialJoin.relief_m":0,"Transects_100m_AddSpatialJoin.slope_avg":0,"Transects_100m_AddSpatialJoin.road_z":0,"Transects_100m_AddSpatialJoin.shch_myr":0,"Transects_100m_AddSpatialJoin.eros_hot":"","Transects_100m_AddSpatialJoin.bnour":"","Transects_100m_AddSpatialJoin.bnour_yr":0,"Transects_100m_AddSpatialJoin.bnour_src":"","Transects_100m_AddSpatialJoin.armor":"","Transects_100m_AddSpatialJoin.editor":"","Transects_100m_AddSpatialJoin.edit_date":null,"Transects_100m_AddSpatialJoin.notes":"","Transects_100m_AddSpatialJoin.hotspot":0,"Transects_100m_AddSpatialJoin.Shape_Length":10000}},{"type":"Feature","id":199,"geometry":{"type":"LineString","coordinates":[[460198.4523,3917562.3268999998],[450198.4523,3917562.3268999998]]},"properties":{"Transects_100m.OBJECTID":199,"Transects_100m.LineID":199,"Transects_100m.Shape_Length":10000,"Transects_100m_AddSpatialJoin.OBJECTID":199,"Transects_100m_AddSpatialJoin.Join_Count":1,"Transects_100m_AddSpatialJoin.TARGET_FID":199,"Transects_100m_AddSpatialJoin.Coords":3917648,"Transects_100m_AddSpatialJoin.domain_id":38,"Transects_100m_AddSpatialJoin.reach":"","Transects_100m_AddSpatialJoin.z_mean":0,"Transects_100m_AddSpatialJoin.z_max":0,"Transects_100m_AddSpatialJoin.z_min":0,"Transects_100m_AddSpatialJoin.relief_m":0,"Transects_100m_AddSpatialJoin.slope_avg":0,"Transects_100m_AddSpatialJoin.road_z":0,"Transects_100m_AddSpatialJoin.shch_myr":0,"Transects_100m_AddSpatialJoin.eros_hot":"","Transects_100m_AddSpatialJoin.bnour":"","Transects_100m_AddSpatialJoin.bnour_yr":0,"Transects_100m_AddSpatialJoin.bnour_src":"","Transects_100m_AddSpatialJoin.armor":"","Transects_100m_AddSpatialJoin.editor":"","Transects_100m_AddSpatialJoin.edit_date":null,"Transects_100m_AddSpatialJoin.notes":"","Transects_100m_AddSpatialJoin.hotspot":0,"Transects_100m_AddSpatialJoin.Shape_Length":10000}},{"type":"Feature","id":200,"geometry":{"type":"LineString","coordinates":[[460198.4523,3917662.3268999998],[450198.4523,3917662.3268999998]]},"properties":{"Transects_100m.OBJECTID":200,"Transects_100m.LineID":200,"Transects_100m.Shape_Length":10000,"Transects_100m_AddSpatialJoin.OBJECTID":200,"Transects_100m_AddSpatialJoin.Join_Count":1,"Transects_100m_AddSpatialJoin.TARGET_FID":200,"Transects_100m_AddSpatialJoin.Coords":3917648,"Transects_100m_AddSpatialJoin.domain_id":38,"Transects_100m_AddSpatialJoin.reach":"","Transects_100m_AddSpatialJoin.z_mean":0,"Transects_100m_AddSpatialJoin.z_max":0,"Transects_100m_AddSpatialJoin.z_min":0,"Transects_100m_AddSpatialJoin.relief_m":0,"Transects_100m_AddSpatialJoin.slope_avg":0,"Transects_100m_AddSpatialJoin.road_z":0,"Transects_100m_AddSpatialJoin.shch_myr":0,"Transects_100m_AddSpatialJoin.eros_hot":"","Transects_100m_AddSpatialJoin.bnour":"","Transects_100m_AddSpatialJoin.bnour_yr":0,"Transects_100m_AddSpatialJoin.bnour_src":"","Transects_100m_AddSpatialJoin.armor":"","Transects_100m_AddSpatialJoin.editor":"","Transects_100m_AddSpatialJoin.edit_date":null,"Transects_100m_AddSpatialJoin.notes":"","Transects_100m_AddSpatialJoin.hotspot":0,"Transects_100m_AddSpatialJoin.Shape_Length":10000}},{"type":"Feature","id":201,"geometry":{"type":"LineString","coordinates":[[460198.4523,3917762.3268999998],[450198.4523,3917762.3268999998]]},"properties":{"Transects_100m.OBJECTID":201,"Transects_100m.LineID":201,"Transects_100m.Shape_Length":10000,"Transects_100m_AddSpatialJoin.OBJECTID":201,"Transects_100m_AddSpatialJoin.Join_Count":1,"Transects_100m_AddSpatialJoin.TARGET_FID":201,"Transects_100m_AddSpatialJoin.Coords":3917648,"Transects_100m_AddSpatialJoin.domain_id":38,"Transects_100m_AddSpatialJoin.reach":"","Transects_100m_AddSpatialJoin.z_mean":0,"Transects_100m_AddSpatialJoin.z_max":0,"Transects_100m_AddSpatialJoin.z_min":0,"Transects_100m_AddSpatialJoin.relief_m":0,"Transects_100m_AddSpatialJoin.slope_avg":0,"Transects_100m_AddSpatialJoin.road_z":0,"Transects_100m_AddSpatialJoin.shch_myr":0,"Transects_100m_AddSpatialJoin.eros_hot":"","Transects_100m_AddSpatialJoin.bnour":"","Transects_100m_AddSpatialJoin.bnour_yr":0,"Transects_100m_AddSpatialJoin.bnour_src":"","Transects_100m_AddSpatialJoin.armor":"","Transects_100m_AddSpatialJoin.editor":"","Transects_100m_AddSpatialJoin.edit_date":null,"Transects_100m_AddSpatialJoin.notes":"","Transects_100m_AddSpatialJoin.hotspot":0,"Transects_100m_AddSpatialJoin.Shape_Length":10000}},{"type":"Feature","id":202,"geometry":{"type":"LineString","coordinates":[[460198.4523,3917862.3268999998],[450198.4523,3917862.3268999998]]},"properties":{"Transects_100m.OBJECTID":202,"Transects_100m.LineID":202,"Transects_100m.Shape_Length":10000,"Transects_100m_AddSpatialJoin.OBJECTID":202,"Transects_100m_AddSpatialJoin.Join_Count":1,"Transects_100m_AddSpatialJoin.TARGET_FID":202,"Transects_100m_AddSpatialJoin.Coords":3917648,"Transects_100m_AddSpatialJoin.domain_id":38,"Transects_100m_AddSpatialJoin.reach":"","Transects_100m_AddSpatialJoin.z_mean":0,"Transects_100m_AddSpatialJoin.z_max":0,"Transects_100m_AddSpatialJoin.z_min":0,"Transects_100m_AddSpatialJoin.relief_m":0,"Transects_100m_AddSpatialJoin.slope_avg":0,"Transects_100m_AddSpatialJoin.road_z":0,"Transects_100m_AddSpatialJoin.shch_myr":0,"Transects_100m_AddSpatialJoin.eros_hot":"","Transects_100m_AddSpatialJoin.bnour":"","Transects_100m_AddSpatialJoin.bnour_yr":0,"Transects_100m_AddSpatialJoin.bnour_src":"","Transects_100m_AddSpatialJoin.armor":"","Transects_100m_AddSpatialJoin.editor":"","Transects_100m_AddSpatialJoin.edit_date":null,"Transects_100m_AddSpatialJoin.notes":"","Transects_100m_AddSpatialJoin.hotspot":0,"Transects_100m_AddSpatialJoin.Shape_Length":10000}},{"type":"Feature","id":203,"geometry":{"type":"LineString","coordinates":[[460198.4523,3917962.3268999998],[450198.4523,3917962.3268999998]]},"properties":{"Transects_100m.OBJECTID":203,"Transects_100m.LineID":203,"Transects_100m.Shape_Length":10000,"Transects_100m_AddSpatialJoin.OBJECTID":203,"Transects_100m_AddSpatialJoin.Join_Count":1,"Transects_100m_AddSpatialJoin.TARGET_FID":203,"Transects_100m_AddSpatialJoin.Coords":3918149,"Transects_100m_AddSpatialJoin.domain_id":39,"Transects_100m_AddSpatialJoin.reach":"","Transects_100m_AddSpatialJoin.z_mean":0,"Transects_100m_AddSpatialJoin.z_max":0,"Transects_100m_AddSpatialJoin.z_min":0,"Transects_100m_AddSpatialJoin.relief_m":0,"Transects_100m_AddSpatialJoin.slope_avg":0,"Transects_100m_AddSpatialJoin.road_z":0,"Transects_100m_AddSpatialJoin.shch_myr":0,"Transects_100m_AddSpatialJoin.eros_hot":"","Transects_100m_AddSpatialJoin.bnour":"","Transects_100m_AddSpatialJoin.bnour_yr":0,"Transects_100m_AddSpatialJoin.bnour_src":"","Transects_100m_AddSpatialJoin.armor":"","Transects_100m_AddSpatialJoin.editor":"","Transects_100m_AddSpatialJoin.edit_date":null,"Transects_100m_AddSpatialJoin.notes":"","Transects_100m_AddSpatialJoin.hotspot":0,"Transects_100m_AddSpatialJoin.Shape_Length":10000}},{"type":"Feature","id":204,"geometry":{"type":"LineString","coordinates":[[460198.4523,3918062.3268999998],[450198.4523,3918062.3268999998]]},"properties":{"Transects_100m.OBJECTID":204,"Transects_100m.LineID":204,"Transects_100m.Shape_Length":10000,"Transects_100m_AddSpatialJoin.OBJECTID":204,"Transects_100m_AddSpatialJoin.Join_Count":1,"Transects_100m_AddSpatialJoin.TARGET_FID":204,"Transects_100m_AddSpatialJoin.Coords":3918149,"Transects_100m_AddSpatialJoin.domain_id":39,"Transects_100m_AddSpatialJoin.reach":"","Transects_100m_AddSpatialJoin.z_mean":0,"Transects_100m_AddSpatialJoin.z_max":0,"Transects_100m_AddSpatialJoin.z_min":0,"Transects_100m_AddSpatialJoin.relief_m":0,"Transects_100m_AddSpatialJoin.slope_avg":0,"Transects_100m_AddSpatialJoin.road_z":0,"Transects_100m_AddSpatialJoin.shch_myr":0,"Transects_100m_AddSpatialJoin.eros_hot":"","Transects_100m_AddSpatialJoin.bnour":"","Transects_100m_AddSpatialJoin.bnour_yr":0,"Transects_100m_AddSpatialJoin.bnour_src":"","Transects_100m_AddSpatialJoin.armor":"","Transects_100m_AddSpatialJoin.editor":"","Transects_100m_AddSpatialJoin.edit_date":null,"Transects_100m_AddSpatialJoin.notes":"","Transects_100m_AddSpatialJoin.hotspot":0,"Transects_100m_AddSpatialJoin.Shape_Length":10000}},{"type":"Feature","id":205,"geometry":{"type":"LineString","coordinates":[[460198.4523,3918162.3268999998],[450198.4523,3918162.3268999998]]},"properties":{"Transects_100m.OBJECTID":205,"Transects_100m.LineID":205,"Transects_100m.Shape_Length":10000,"Transects_100m_AddSpatialJoin.OBJECTID":205,"Transects_100m_AddSpatialJoin.Join_Count":1,"Transects_100m_AddSpatialJoin.TARGET_FID":205,"Transects_100m_AddSpatialJoin.Coords":3918149,"Transects_100m_AddSpatialJoin.domain_id":39,"Transects_100m_AddSpatialJoin.reach":"","Transects_100m_AddSpatialJoin.z_mean":0,"Transects_100m_AddSpatialJoin.z_max":0,"Transects_100m_AddSpatialJoin.z_min":0,"Transects_100m_AddSpatialJoin.relief_m":0,"Transects_100m_AddSpatialJoin.slope_avg":0,"Transects_100m_AddSpatialJoin.road_z":0,"Transects_100m_AddSpatialJoin.shch_myr":0,"Transects_100m_AddSpatialJoin.eros_hot":"","Transects_100m_AddSpatialJoin.bnour":"","Transects_100m_AddSpatialJoin.bnour_yr":0,"Transects_100m_AddSpatialJoin.bnour_src":"","Transects_100m_AddSpatialJoin.armor":"","Transects_100m_AddSpatialJoin.editor":"","Transects_100m_AddSpatialJoin.edit_date":null,"Transects_100m_AddSpatialJoin.notes":"","Transects_100m_AddSpatialJoin.hotspot":0,"Transects_100m_AddSpatialJoin.Shape_Length":10000}},{"type":"Feature","id":206,"geometry":{"type":"LineString","coordinates":[[460198.4523,3918262.3268999998],[450198.4523,3918262.3268999998]]},"properties":{"Transects_100m.OBJECTID":206,"Transects_100m.LineID":206,"Transects_100m.Shape_Length":10000,"Transects_100m_AddSpatialJoin.OBJECTID":206,"Transects_100m_AddSpatialJoin.Join_Count":1,"Transects_100m_AddSpatialJoin.TARGET_FID":206,"Transects_100m_AddSpatialJoin.Coords":3918149,"Transects_100m_AddSpatialJoin.domain_id":39,"Transects_100m_AddSpatialJoin.reach":"","Transects_100m_AddSpatialJoin.z_mean":0,"Transects_100m_AddSpatialJoin.z_max":0,"Transects_100m_AddSpatialJoin.z_min":0,"Transects_100m_AddSpatialJoin.relief_m":0,"Transects_100m_AddSpatialJoin.slope_avg":0,"Transects_100m_AddSpatialJoin.road_z":0,"Transects_100m_AddSpatialJoin.shch_myr":0,"Transects_100m_AddSpatialJoin.eros_hot":"","Transects_100m_AddSpatialJoin.bnour":"","Transects_100m_AddSpatialJoin.bnour_yr":0,"Transects_100m_AddSpatialJoin.bnour_src":"","Transects_100m_AddSpatialJoin.armor":"","Transects_100m_AddSpatialJoin.editor":"","Transects_100m_AddSpatialJoin.edit_date":null,"Transects_100m_AddSpatialJoin.notes":"","Transects_100m_AddSpatialJoin.hotspot":0,"Transects_100m_AddSpatialJoin.Shape_Length":10000}},{"type":"Feature","id":207,"geometry":{"type":"LineString","coordinates":[[460198.4523,3918362.3268999998],[450198.4523,3918362.3268999998]]},"properties":{"Transects_100m.OBJECTID":207,"Transects_100m.LineID":207,"Transects_100m.Shape_Length":10000,"Transects_100m_AddSpatialJoin.OBJECTID":207,"Transects_100m_AddSpatialJoin.Join_Count":1,"Transects_100m_AddSpatialJoin.TARGET_FID":207,"Transects_100m_AddSpatialJoin.Coords":3918149,"Transects_100m_AddSpatialJoin.domain_id":39,"Transects_100m_AddSpatialJoin.reach":"","Transects_100m_AddSpatialJoin.z_mean":0,"Transects_100m_AddSpatialJoin.z_max":0,"Transects_100m_AddSpatialJoin.z_min":0,"Transects_100m_AddSpatialJoin.relief_m":0,"Transects_100m_AddSpatialJoin.slope_avg":0,"Transects_100m_AddSpatialJoin.road_z":0,"Transects_100m_AddSpatialJoin.shch_myr":0,"Transects_100m_AddSpatialJoin.eros_hot":"","Transects_100m_AddSpatialJoin.bnour":"","Transects_100m_AddSpatialJoin.bnour_yr":0,"Transects_100m_AddSpatialJoin.bnour_src":"","Transects_100m_AddSpatialJoin.armor":"","Transects_100m_AddSpatialJoin.editor":"","Transects_100m_AddSpatialJoin.edit_date":null,"Transects_100m_AddSpatialJoin.notes":"","Transects_100m_AddSpatialJoin.hotspot":0,"Transects_100m_AddSpatialJoin.Shape_Length":10000}},{"type":"Feature","id":208,"geometry":{"type":"LineString","coordinates":[[460198.4523,3918462.3268999998],[450198.4523,3918462.3268999998]]},"properties":{"Transects_100m.OBJECTID":208,"Transects_100m.LineID":208,"Transects_100m.Shape_Length":10000,"Transects_100m_AddSpatialJoin.OBJECTID":208,"Transects_100m_AddSpatialJoin.Join_Count":1,"Transects_100m_AddSpatialJoin.TARGET_FID":208,"Transects_100m_AddSpatialJoin.Coords":3918656,"Transects_100m_AddSpatialJoin.domain_id":40,"Transects_100m_AddSpatialJoin.reach":"","Transects_100m_AddSpatialJoin.z_mean":0,"Transects_100m_AddSpatialJoin.z_max":0,"Transects_100m_AddSpatialJoin.z_min":0,"Transects_100m_AddSpatialJoin.relief_m":0,"Transects_100m_AddSpatialJoin.slope_avg":0,"Transects_100m_AddSpatialJoin.road_z":0,"Transects_100m_AddSpatialJoin.shch_myr":0,"Transects_100m_AddSpatialJoin.eros_hot":"","Transects_100m_AddSpatialJoin.bnour":"","Transects_100m_AddSpatialJoin.bnour_yr":0,"Transects_100m_AddSpatialJoin.bnour_src":"","Transects_100m_AddSpatialJoin.armor":"","Transects_100m_AddSpatialJoin.editor":"","Transects_100m_AddSpatialJoin.edit_date":null,"Transects_100m_AddSpatialJoin.notes":"","Transects_100m_AddSpatialJoin.hotspot":0,"Transects_100m_AddSpatialJoin.Shape_Length":10000}},{"type":"Feature","id":209,"geometry":{"type":"LineString","coordinates":[[460198.4523,3918562.3268999998],[450198.4523,3918562.3268999998]]},"properties":{"Transects_100m.OBJECTID":209,"Transects_100m.LineID":209,"Transects_100m.Shape_Length":10000,"Transects_100m_AddSpatialJoin.OBJECTID":209,"Transects_100m_AddSpatialJoin.Join_Count":1,"Transects_100m_AddSpatialJoin.TARGET_FID":209,"Transects_100m_AddSpatialJoin.Coords":3918656,"Transects_100m_AddSpatialJoin.domain_id":40,"Transects_100m_AddSpatialJoin.reach":"","Transects_100m_AddSpatialJoin.z_mean":0,"Transects_100m_AddSpatialJoin.z_max":0,"Transects_100m_AddSpatialJoin.z_min":0,"Transects_100m_AddSpatialJoin.relief_m":0,"Transects_100m_AddSpatialJoin.slope_avg":0,"Transects_100m_AddSpatialJoin.road_z":0,"Transects_100m_AddSpatialJoin.shch_myr":0,"Transects_100m_AddSpatialJoin.eros_hot":"","Transects_100m_AddSpatialJoin.bnour":"","Transects_100m_AddSpatialJoin.bnour_yr":0,"Transects_100m_AddSpatialJoin.bnour_src":"","Transects_100m_AddSpatialJoin.armor":"","Transects_100m_AddSpatialJoin.editor":"","Transects_100m_AddSpatialJoin.edit_date":null,"Transects_100m_AddSpatialJoin.notes":"","Transects_100m_AddSpatialJoin.hotspot":0,"Transects_100m_AddSpatialJoin.Shape_Length":10000}},{"type":"Feature","id":210,"geometry":{"type":"LineString","coordinates":[[460198.4523,3918662.3268999998],[450198.4523,3918662.3268999998]]},"properties":{"Transects_100m.OBJECTID":210,"Transects_100m.LineID":210,"Transects_100m.Shape_Length":10000,"Transects_100m_AddSpatialJoin.OBJECTID":210,"Transects_100m_AddSpatialJoin.Join_Count":1,"Transects_100m_AddSpatialJoin.TARGET_FID":210,"Transects_100m_AddSpatialJoin.Coords":3918656,"Transects_100m_AddSpatialJoin.domain_id":40,"Transects_100m_AddSpatialJoin.reach":"","Transects_100m_AddSpatialJoin.z_mean":0,"Transects_100m_AddSpatialJoin.z_max":0,"Transects_100m_AddSpatialJoin.z_min":0,"Transects_100m_AddSpatialJoin.relief_m":0,"Transects_100m_AddSpatialJoin.slope_avg":0,"Transects_100m_AddSpatialJoin.road_z":0,"Transects_100m_AddSpatialJoin.shch_myr":0,"Transects_100m_AddSpatialJoin.eros_hot":"","Transects_100m_AddSpatialJoin.bnour":"","Transects_100m_AddSpatialJoin.bnour_yr":0,"Transects_100m_AddSpatialJoin.bnour_src":"","Transects_100m_AddSpatialJoin.armor":"","Transects_100m_AddSpatialJoin.editor":"","Transects_100m_AddSpatialJoin.edit_date":null,"Transects_100m_AddSpatialJoin.notes":"","Transects_100m_AddSpatialJoin.hotspot":0,"Transects_100m_AddSpatialJoin.Shape_Length":10000}},{"type":"Feature","id":211,"geometry":{"type":"LineString","coordinates":[[460198.4523,3918762.3268999998],[450198.4523,3918762.3268999998]]},"properties":{"Transects_100m.OBJECTID":211,"Transects_100m.LineID":211,"Transects_100m.Shape_Length":10000,"Transects_100m_AddSpatialJoin.OBJECTID":211,"Transects_100m_AddSpatialJoin.Join_Count":1,"Transects_100m_AddSpatialJoin.TARGET_FID":211,"Transects_100m_AddSpatialJoin.Coords":3918656,"Transects_100m_AddSpatialJoin.domain_id":40,"Transects_100m_AddSpatialJoin.reach":"","Transects_100m_AddSpatialJoin.z_mean":0,"Transects_100m_AddSpatialJoin.z_max":0,"Transects_100m_AddSpatialJoin.z_min":0,"Transects_100m_AddSpatialJoin.relief_m":0,"Transects_100m_AddSpatialJoin.slope_avg":0,"Transects_100m_AddSpatialJoin.road_z":0,"Transects_100m_AddSpatialJoin.shch_myr":0,"Transects_100m_AddSpatialJoin.eros_hot":"","Transects_100m_AddSpatialJoin.bnour":"","Transects_100m_AddSpatialJoin.bnour_yr":0,"Transects_100m_AddSpatialJoin.bnour_src":"","Transects_100m_AddSpatialJoin.armor":"","Transects_100m_AddSpatialJoin.editor":"","Transects_100m_AddSpatialJoin.edit_date":null,"Transects_100m_AddSpatialJoin.notes":"","Transects_100m_AddSpatialJoin.hotspot":0,"Transects_100m_AddSpatialJoin.Shape_Length":10000}},{"type":"Feature","id":212,"geometry":{"type":"LineString","coordinates":[[460198.4523,3918862.3268999998],[450198.4523,3918862.3268999998]]},"properties":{"Transects_100m.OBJECTID":212,"Transects_100m.LineID":212,"Transects_100m.Shape_Length":10000,"Transects_100m_AddSpatialJoin.OBJECTID":212,"Transects_100m_AddSpatialJoin.Join_Count":1,"Transects_100m_AddSpatialJoin.TARGET_FID":212,"Transects_100m_AddSpatialJoin.Coords":3918656,"Transects_100m_AddSpatialJoin.domain_id":40,"Transects_100m_AddSpatialJoin.reach":"","Transects_100m_AddSpatialJoin.z_mean":0,"Transects_100m_AddSpatialJoin.z_max":0,"Transects_100m_AddSpatialJoin.z_min":0,"Transects_100m_AddSpatialJoin.relief_m":0,"Transects_100m_AddSpatialJoin.slope_avg":0,"Transects_100m_AddSpatialJoin.road_z":0,"Transects_100m_AddSpatialJoin.shch_myr":0,"Transects_100m_AddSpatialJoin.eros_hot":"","Transects_100m_AddSpatialJoin.bnour":"","Transects_100m_AddSpatialJoin.bnour_yr":0,"Transects_100m_AddSpatialJoin.bnour_src":"","Transects_100m_AddSpatialJoin.armor":"","Transects_100m_AddSpatialJoin.editor":"","Transects_100m_AddSpatialJoin.edit_date":null,"Transects_100m_AddSpatialJoin.notes":"","Transects_100m_AddSpatialJoin.hotspot":0,"Transects_100m_AddSpatialJoin.Shape_Length":10000}},{"type":"Feature","id":213,"geometry":{"type":"LineString","coordinates":[[460198.4523,3918962.3268999998],[450198.4523,3918962.3268999998]]},"properties":{"Transects_100m.OBJECTID":213,"Transects_100m.LineID":213,"Transects_100m.Shape_Length":10000,"Transects_100m_AddSpatialJoin.OBJECTID":213,"Transects_100m_AddSpatialJoin.Join_Count":1,"Transects_100m_AddSpatialJoin.TARGET_FID":213,"Transects_100m_AddSpatialJoin.Coords":3919156,"Transects_100m_AddSpatialJoin.domain_id":41,"Transects_100m_AddSpatialJoin.reach":"","Transects_100m_AddSpatialJoin.z_mean":0,"Transects_100m_AddSpatialJoin.z_max":0,"Transects_100m_AddSpatialJoin.z_min":0,"Transects_100m_AddSpatialJoin.relief_m":0,"Transects_100m_AddSpatialJoin.slope_avg":0,"Transects_100m_AddSpatialJoin.road_z":0,"Transects_100m_AddSpatialJoin.shch_myr":0,"Transects_100m_AddSpatialJoin.eros_hot":"","Transects_100m_AddSpatialJoin.bnour":"","Transects_100m_AddSpatialJoin.bnour_yr":0,"Transects_100m_AddSpatialJoin.bnour_src":"","Transects_100m_AddSpatialJoin.armor":"","Transects_100m_AddSpatialJoin.editor":"","Transects_100m_AddSpatialJoin.edit_date":null,"Transects_100m_AddSpatialJoin.notes":"","Transects_100m_AddSpatialJoin.hotspot":0,"Transects_100m_AddSpatialJoin.Shape_Length":10000}},{"type":"Feature","id":214,"geometry":{"type":"LineString","coordinates":[[460198.4523,3919062.3268999998],[450198.4523,3919062.3268999998]]},"properties":{"Transects_100m.OBJECTID":214,"Transects_100m.LineID":214,"Transects_100m.Shape_Length":10000,"Transects_100m_AddSpatialJoin.OBJECTID":214,"Transects_100m_AddSpatialJoin.Join_Count":1,"Transects_100m_AddSpatialJoin.TARGET_FID":214,"Transects_100m_AddSpatialJoin.Coords":3919156,"Transects_100m_AddSpatialJoin.domain_id":41,"Transects_100m_AddSpatialJoin.reach":"","Transects_100m_AddSpatialJoin.z_mean":0,"Transects_100m_AddSpatialJoin.z_max":0,"Transects_100m_AddSpatialJoin.z_min":0,"Transects_100m_AddSpatialJoin.relief_m":0,"Transects_100m_AddSpatialJoin.slope_avg":0,"Transects_100m_AddSpatialJoin.road_z":0,"Transects_100m_AddSpatialJoin.shch_myr":0,"Transects_100m_AddSpatialJoin.eros_hot":"","Transects_100m_AddSpatialJoin.bnour":"","Transects_100m_AddSpatialJoin.bnour_yr":0,"Transects_100m_AddSpatialJoin.bnour_src":"","Transects_100m_AddSpatialJoin.armor":"","Transects_100m_AddSpatialJoin.editor":"","Transects_100m_AddSpatialJoin.edit_date":null,"Transects_100m_AddSpatialJoin.notes":"","Transects_100m_AddSpatialJoin.hotspot":0,"Transects_100m_AddSpatialJoin.Shape_Length":10000}},{"type":"Feature","id":215,"geometry":{"type":"LineString","coordinates":[[460198.4523,3919162.3268999998],[450198.4523,3919162.3268999998]]},"properties":{"Transects_100m.OBJECTID":215,"Transects_100m.LineID":215,"Transects_100m.Shape_Length":10000,"Transects_100m_AddSpatialJoin.OBJECTID":215,"Transects_100m_AddSpatialJoin.Join_Count":1,"Transects_100m_AddSpatialJoin.TARGET_FID":215,"Transects_100m_AddSpatialJoin.Coords":3919156,"Transects_100m_AddSpatialJoin.domain_id":41,"Transects_100m_AddSpatialJoin.reach":"","Transects_100m_AddSpatialJoin.z_mean":0,"Transects_100m_AddSpatialJoin.z_max":0,"Transects_100m_AddSpatialJoin.z_min":0,"Transects_100m_AddSpatialJoin.relief_m":0,"Transects_100m_AddSpatialJoin.slope_avg":0,"Transects_100m_AddSpatialJoin.road_z":0,"Transects_100m_AddSpatialJoin.shch_myr":0,"Transects_100m_AddSpatialJoin.eros_hot":"","Transects_100m_AddSpatialJoin.bnour":"","Transects_100m_AddSpatialJoin.bnour_yr":0,"Transects_100m_AddSpatialJoin.bnour_src":"","Transects_100m_AddSpatialJoin.armor":"","Transects_100m_AddSpatialJoin.editor":"","Transects_100m_AddSpatialJoin.edit_date":null,"Transects_100m_AddSpatialJoin.notes":"","Transects_100m_AddSpatialJoin.hotspot":0,"Transects_100m_AddSpatialJoin.Shape_Length":10000}},{"type":"Feature","id":216,"geometry":{"type":"LineString","coordinates":[[460198.4523,3919262.3268999998],[450198.4523,3919262.3268999998]]},"properties":{"Transects_100m.OBJECTID":216,"Transects_100m.LineID":216,"Transects_100m.Shape_Length":10000,"Transects_100m_AddSpatialJoin.OBJECTID":216,"Transects_100m_AddSpatialJoin.Join_Count":1,"Transects_100m_AddSpatialJoin.TARGET_FID":216,"Transects_100m_AddSpatialJoin.Coords":3919156,"Transects_100m_AddSpatialJoin.domain_id":41,"Transects_100m_AddSpatialJoin.reach":"","Transects_100m_AddSpatialJoin.z_mean":0,"Transects_100m_AddSpatialJoin.z_max":0,"Transects_100m_AddSpatialJoin.z_min":0,"Transects_100m_AddSpatialJoin.relief_m":0,"Transects_100m_AddSpatialJoin.slope_avg":0,"Transects_100m_AddSpatialJoin.road_z":0,"Transects_100m_AddSpatialJoin.shch_myr":0,"Transects_100m_AddSpatialJoin.eros_hot":"","Transects_100m_AddSpatialJoin.bnour":"","Transects_100m_AddSpatialJoin.bnour_yr":0,"Transects_100m_AddSpatialJoin.bnour_src":"","Transects_100m_AddSpatialJoin.armor":"","Transects_100m_AddSpatialJoin.editor":"","Transects_100m_AddSpatialJoin.edit_date":null,"Transects_100m_AddSpatialJoin.notes":"","Transects_100m_AddSpatialJoin.hotspot":0,"Transects_100m_AddSpatialJoin.Shape_Length":10000}},{"type":"Feature","id":217,"geometry":{"type":"LineString","coordinates":[[460198.4523,3919362.3268999998],[450198.4523,3919362.3268999998]]},"properties":{"Transects_100m.OBJECTID":217,"Transects_100m.LineID":217,"Transects_100m.Shape_Length":10000,"Transects_100m_AddSpatialJoin.OBJECTID":217,"Transects_100m_AddSpatialJoin.Join_Count":1,"Transects_100m_AddSpatialJoin.TARGET_FID":217,"Transects_100m_AddSpatialJoin.Coords":3919156,"Transects_100m_AddSpatialJoin.domain_id":41,"Transects_100m_AddSpatialJoin.reach":"","Transects_100m_AddSpatialJoin.z_mean":0,"Transects_100m_AddSpatialJoin.z_max":0,"Transects_100m_AddSpatialJoin.z_min":0,"Transects_100m_AddSpatialJoin.relief_m":0,"Transects_100m_AddSpatialJoin.slope_avg":0,"Transects_100m_AddSpatialJoin.road_z":0,"Transects_100m_AddSpatialJoin.shch_myr":0,"Transects_100m_AddSpatialJoin.eros_hot":"","Transects_100m_AddSpatialJoin.bnour":"","Transects_100m_AddSpatialJoin.bnour_yr":0,"Transects_100m_AddSpatialJoin.bnour_src":"","Transects_100m_AddSpatialJoin.armor":"","Transects_100m_AddSpatialJoin.editor":"","Transects_100m_AddSpatialJoin.edit_date":null,"Transects_100m_AddSpatialJoin.notes":"","Transects_100m_AddSpatialJoin.hotspot":0,"Transects_100m_AddSpatialJoin.Shape_Length":10000}},{"type":"Feature","id":218,"geometry":{"type":"LineString","coordinates":[[460198.4523,3919462.3268999998],[450198.4523,3919462.3268999998]]},"properties":{"Transects_100m.OBJECTID":218,"Transects_100m.LineID":218,"Transects_100m.Shape_Length":10000,"Transects_100m_AddSpatialJoin.OBJECTID":218,"Transects_100m_AddSpatialJoin.Join_Count":1,"Transects_100m_AddSpatialJoin.TARGET_FID":218,"Transects_100m_AddSpatialJoin.Coords":3919658,"Transects_100m_AddSpatialJoin.domain_id":42,"Transects_100m_AddSpatialJoin.reach":"","Transects_100m_AddSpatialJoin.z_mean":0,"Transects_100m_AddSpatialJoin.z_max":0,"Transects_100m_AddSpatialJoin.z_min":0,"Transects_100m_AddSpatialJoin.relief_m":0,"Transects_100m_AddSpatialJoin.slope_avg":0,"Transects_100m_AddSpatialJoin.road_z":0,"Transects_100m_AddSpatialJoin.shch_myr":0,"Transects_100m_AddSpatialJoin.eros_hot":"","Transects_100m_AddSpatialJoin.bnour":"","Transects_100m_AddSpatialJoin.bnour_yr":0,"Transects_100m_AddSpatialJoin.bnour_src":"","Transects_100m_AddSpatialJoin.armor":"","Transects_100m_AddSpatialJoin.editor":"","Transects_100m_AddSpatialJoin.edit_date":null,"Transects_100m_AddSpatialJoin.notes":"","Transects_100m_AddSpatialJoin.hotspot":0,"Transects_100m_AddSpatialJoin.Shape_Length":10000}},{"type":"Feature","id":219,"geometry":{"type":"LineString","coordinates":[[460198.4523,3919562.3268999998],[450198.4523,3919562.3268999998]]},"properties":{"Transects_100m.OBJECTID":219,"Transects_100m.LineID":219,"Transects_100m.Shape_Length":10000,"Transects_100m_AddSpatialJoin.OBJECTID":219,"Transects_100m_AddSpatialJoin.Join_Count":1,"Transects_100m_AddSpatialJoin.TARGET_FID":219,"Transects_100m_AddSpatialJoin.Coords":3919658,"Transects_100m_AddSpatialJoin.domain_id":42,"Transects_100m_AddSpatialJoin.reach":"","Transects_100m_AddSpatialJoin.z_mean":0,"Transects_100m_AddSpatialJoin.z_max":0,"Transects_100m_AddSpatialJoin.z_min":0,"Transects_100m_AddSpatialJoin.relief_m":0,"Transects_100m_AddSpatialJoin.slope_avg":0,"Transects_100m_AddSpatialJoin.road_z":0,"Transects_100m_AddSpatialJoin.shch_myr":0,"Transects_100m_AddSpatialJoin.eros_hot":"","Transects_100m_AddSpatialJoin.bnour":"","Transects_100m_AddSpatialJoin.bnour_yr":0,"Transects_100m_AddSpatialJoin.bnour_src":"","Transects_100m_AddSpatialJoin.armor":"","Transects_100m_AddSpatialJoin.editor":"","Transects_100m_AddSpatialJoin.edit_date":null,"Transects_100m_AddSpatialJoin.notes":"","Transects_100m_AddSpatialJoin.hotspot":0,"Transects_100m_AddSpatialJoin.Shape_Length":10000}},{"type":"Feature","id":220,"geometry":{"type":"LineString","coordinates":[[460198.4523,3919662.3268999998],[450198.4523,3919662.3268999998]]},"properties":{"Transects_100m.OBJECTID":220,"Transects_100m.LineID":220,"Transects_100m.Shape_Length":10000,"Transects_100m_AddSpatialJoin.OBJECTID":220,"Transects_100m_AddSpatialJoin.Join_Count":1,"Transects_100m_AddSpatialJoin.TARGET_FID":220,"Transects_100m_AddSpatialJoin.Coords":3919658,"Transects_100m_AddSpatialJoin.domain_id":42,"Transects_100m_AddSpatialJoin.reach":"","Transects_100m_AddSpatialJoin.z_mean":0,"Transects_100m_AddSpatialJoin.z_max":0,"Transects_100m_AddSpatialJoin.z_min":0,"Transects_100m_AddSpatialJoin.relief_m":0,"Transects_100m_AddSpatialJoin.slope_avg":0,"Transects_100m_AddSpatialJoin.road_z":0,"Transects_100m_AddSpatialJoin.shch_myr":0,"Transects_100m_AddSpatialJoin.eros_hot":"","Transects_100m_AddSpatialJoin.bnour":"","Transects_100m_AddSpatialJoin.bnour_yr":0,"Transects_100m_AddSpatialJoin.bnour_src":"","Transects_100m_AddSpatialJoin.armor":"","Transects_100m_AddSpatialJoin.editor":"","Transects_100m_AddSpatialJoin.edit_date":null,"Transects_100m_AddSpatialJoin.notes":"","Transects_100m_AddSpatialJoin.hotspot":0,"Transects_100m_AddSpatialJoin.Shape_Length":10000}},{"type":"Feature","id":221,"geometry":{"type":"LineString","coordinates":[[460198.4523,3919762.3268999998],[450198.4523,3919762.3268999998]]},"properties":{"Transects_100m.OBJECTID":221,"Transects_100m.LineID":221,"Transects_100m.Shape_Length":10000,"Transects_100m_AddSpatialJoin.OBJECTID":221,"Transects_100m_AddSpatialJoin.Join_Count":1,"Transects_100m_AddSpatialJoin.TARGET_FID":221,"Transects_100m_AddSpatialJoin.Coords":3919658,"Transects_100m_AddSpatialJoin.domain_id":42,"Transects_100m_AddSpatialJoin.reach":"","Transects_100m_AddSpatialJoin.z_mean":0,"Transects_100m_AddSpatialJoin.z_max":0,"Transects_100m_AddSpatialJoin.z_min":0,"Transects_100m_AddSpatialJoin.relief_m":0,"Transects_100m_AddSpatialJoin.slope_avg":0,"Transects_100m_AddSpatialJoin.road_z":0,"Transects_100m_AddSpatialJoin.shch_myr":0,"Transects_100m_AddSpatialJoin.eros_hot":"","Transects_100m_AddSpatialJoin.bnour":"","Transects_100m_AddSpatialJoin.bnour_yr":0,"Transects_100m_AddSpatialJoin.bnour_src":"","Transects_100m_AddSpatialJoin.armor":"","Transects_100m_AddSpatialJoin.editor":"","Transects_100m_AddSpatialJoin.edit_date":null,"Transects_100m_AddSpatialJoin.notes":"","Transects_100m_AddSpatialJoin.hotspot":0,"Transects_100m_AddSpatialJoin.Shape_Length":10000}},{"type":"Feature","id":222,"geometry":{"type":"LineString","coordinates":[[460198.4523,3919862.3268999998],[450198.4523,3919862.3268999998]]},"properties":{"Transects_100m.OBJECTID":222,"Transects_100m.LineID":222,"Transects_100m.Shape_Length":10000,"Transects_100m_AddSpatialJoin.OBJECTID":222,"Transects_100m_AddSpatialJoin.Join_Count":1,"Transects_100m_AddSpatialJoin.TARGET_FID":222,"Transects_100m_AddSpatialJoin.Coords":3919658,"Transects_100m_AddSpatialJoin.domain_id":42,"Transects_100m_AddSpatialJoin.reach":"","Transects_100m_AddSpatialJoin.z_mean":0,"Transects_100m_AddSpatialJoin.z_max":0,"Transects_100m_AddSpatialJoin.z_min":0,"Transects_100m_AddSpatialJoin.relief_m":0,"Transects_100m_AddSpatialJoin.slope_avg":0,"Transects_100m_AddSpatialJoin.road_z":0,"Transects_100m_AddSpatialJoin.shch_myr":0,"Transects_100m_AddSpatialJoin.eros_hot":"","Transects_100m_AddSpatialJoin.bnour":"","Transects_100m_AddSpatialJoin.bnour_yr":0,"Transects_100m_AddSpatialJoin.bnour_src":"","Transects_100m_AddSpatialJoin.armor":"","Transects_100m_AddSpatialJoin.editor":"","Transects_100m_AddSpatialJoin.edit_date":null,"Transects_100m_AddSpatialJoin.notes":"","Transects_100m_AddSpatialJoin.hotspot":0,"Transects_100m_AddSpatialJoin.Shape_Length":10000}},{"type":"Feature","id":223,"geometry":{"type":"LineString","coordinates":[[460198.4523,3919962.3268999998],[450198.4523,3919962.3268999998]]},"properties":{"Transects_100m.OBJECTID":223,"Transects_100m.LineID":223,"Transects_100m.Shape_Length":10000,"Transects_100m_AddSpatialJoin.OBJECTID":223,"Transects_100m_AddSpatialJoin.Join_Count":1,"Transects_100m_AddSpatialJoin.TARGET_FID":223,"Transects_100m_AddSpatialJoin.Coords":3920164,"Transects_100m_AddSpatialJoin.domain_id":43,"Transects_100m_AddSpatialJoin.reach":"","Transects_100m_AddSpatialJoin.z_mean":0,"Transects_100m_AddSpatialJoin.z_max":0,"Transects_100m_AddSpatialJoin.z_min":0,"Transects_100m_AddSpatialJoin.relief_m":0,"Transects_100m_AddSpatialJoin.slope_avg":0,"Transects_100m_AddSpatialJoin.road_z":0,"Transects_100m_AddSpatialJoin.shch_myr":0,"Transects_100m_AddSpatialJoin.eros_hot":"","Transects_100m_AddSpatialJoin.bnour":"","Transects_100m_AddSpatialJoin.bnour_yr":0,"Transects_100m_AddSpatialJoin.bnour_src":"","Transects_100m_AddSpatialJoin.armor":"","Transects_100m_AddSpatialJoin.editor":"","Transects_100m_AddSpatialJoin.edit_date":null,"Transects_100m_AddSpatialJoin.notes":"","Transects_100m_AddSpatialJoin.hotspot":0,"Transects_100m_AddSpatialJoin.Shape_Length":10000}},{"type":"Feature","id":224,"geometry":{"type":"LineString","coordinates":[[460198.4523,3920062.3268999998],[450198.4523,3920062.3268999998]]},"properties":{"Transects_100m.OBJECTID":224,"Transects_100m.LineID":224,"Transects_100m.Shape_Length":10000,"Transects_100m_AddSpatialJoin.OBJECTID":224,"Transects_100m_AddSpatialJoin.Join_Count":1,"Transects_100m_AddSpatialJoin.TARGET_FID":224,"Transects_100m_AddSpatialJoin.Coords":3920164,"Transects_100m_AddSpatialJoin.domain_id":43,"Transects_100m_AddSpatialJoin.reach":"","Transects_100m_AddSpatialJoin.z_mean":0,"Transects_100m_AddSpatialJoin.z_max":0,"Transects_100m_AddSpatialJoin.z_min":0,"Transects_100m_AddSpatialJoin.relief_m":0,"Transects_100m_AddSpatialJoin.slope_avg":0,"Transects_100m_AddSpatialJoin.road_z":0,"Transects_100m_AddSpatialJoin.shch_myr":0,"Transects_100m_AddSpatialJoin.eros_hot":"","Transects_100m_AddSpatialJoin.bnour":"","Transects_100m_AddSpatialJoin.bnour_yr":0,"Transects_100m_AddSpatialJoin.bnour_src":"","Transects_100m_AddSpatialJoin.armor":"","Transects_100m_AddSpatialJoin.editor":"","Transects_100m_AddSpatialJoin.edit_date":null,"Transects_100m_AddSpatialJoin.notes":"","Transects_100m_AddSpatialJoin.hotspot":0,"Transects_100m_AddSpatialJoin.Shape_Length":10000}},{"type":"Feature","id":225,"geometry":{"type":"LineString","coordinates":[[460198.4523,3920162.3268999998],[450198.4523,3920162.3268999998]]},"properties":{"Transects_100m.OBJECTID":225,"Transects_100m.LineID":225,"Transects_100m.Shape_Length":10000,"Transects_100m_AddSpatialJoin.OBJECTID":225,"Transects_100m_AddSpatialJoin.Join_Count":1,"Transects_100m_AddSpatialJoin.TARGET_FID":225,"Transects_100m_AddSpatialJoin.Coords":3920164,"Transects_100m_AddSpatialJoin.domain_id":43,"Transects_100m_AddSpatialJoin.reach":"","Transects_100m_AddSpatialJoin.z_mean":0,"Transects_100m_AddSpatialJoin.z_max":0,"Transects_100m_AddSpatialJoin.z_min":0,"Transects_100m_AddSpatialJoin.relief_m":0,"Transects_100m_AddSpatialJoin.slope_avg":0,"Transects_100m_AddSpatialJoin.road_z":0,"Transects_100m_AddSpatialJoin.shch_myr":0,"Transects_100m_AddSpatialJoin.eros_hot":"","Transects_100m_AddSpatialJoin.bnour":"","Transects_100m_AddSpatialJoin.bnour_yr":0,"Transects_100m_AddSpatialJoin.bnour_src":"","Transects_100m_AddSpatialJoin.armor":"","Transects_100m_AddSpatialJoin.editor":"","Transects_100m_AddSpatialJoin.edit_date":null,"Transects_100m_AddSpatialJoin.notes":"","Transects_100m_AddSpatialJoin.hotspot":0,"Transects_100m_AddSpatialJoin.Shape_Length":10000}},{"type":"Feature","id":226,"geometry":{"type":"LineString","coordinates":[[460198.4523,3920262.3268999998],[450198.4523,3920262.3268999998]]},"properties":{"Transects_100m.OBJECTID":226,"Transects_100m.LineID":226,"Transects_100m.Shape_Length":10000,"Transects_100m_AddSpatialJoin.OBJECTID":226,"Transects_100m_AddSpatialJoin.Join_Count":1,"Transects_100m_AddSpatialJoin.TARGET_FID":226,"Transects_100m_AddSpatialJoin.Coords":3920164,"Transects_100m_AddSpatialJoin.domain_id":43,"Transects_100m_AddSpatialJoin.reach":"","Transects_100m_AddSpatialJoin.z_mean":0,"Transects_100m_AddSpatialJoin.z_max":0,"Transects_100m_AddSpatialJoin.z_min":0,"Transects_100m_AddSpatialJoin.relief_m":0,"Transects_100m_AddSpatialJoin.slope_avg":0,"Transects_100m_AddSpatialJoin.road_z":0,"Transects_100m_AddSpatialJoin.shch_myr":0,"Transects_100m_AddSpatialJoin.eros_hot":"","Transects_100m_AddSpatialJoin.bnour":"","Transects_100m_AddSpatialJoin.bnour_yr":0,"Transects_100m_AddSpatialJoin.bnour_src":"","Transects_100m_AddSpatialJoin.armor":"","Transects_100m_AddSpatialJoin.editor":"","Transects_100m_AddSpatialJoin.edit_date":null,"Transects_100m_AddSpatialJoin.notes":"","Transects_100m_AddSpatialJoin.hotspot":0,"Transects_100m_AddSpatialJoin.Shape_Length":10000}},{"type":"Feature","id":227,"geometry":{"type":"LineString","coordinates":[[460198.4523,3920362.3268999998],[450198.4523,3920362.3268999998]]},"properties":{"Transects_100m.OBJECTID":227,"Transects_100m.LineID":227,"Transects_100m.Shape_Length":10000,"Transects_100m_AddSpatialJoin.OBJECTID":227,"Transects_100m_AddSpatialJoin.Join_Count":1,"Transects_100m_AddSpatialJoin.TARGET_FID":227,"Transects_100m_AddSpatialJoin.Coords":3920164,"Transects_100m_AddSpatialJoin.domain_id":43,"Transects_100m_AddSpatialJoin.reach":"","Transects_100m_AddSpatialJoin.z_mean":0,"Transects_100m_AddSpatialJoin.z_max":0,"Transects_100m_AddSpatialJoin.z_min":0,"Transects_100m_AddSpatialJoin.relief_m":0,"Transects_100m_AddSpatialJoin.slope_avg":0,"Transects_100m_AddSpatialJoin.road_z":0,"Transects_100m_AddSpatialJoin.shch_myr":0,"Transects_100m_AddSpatialJoin.eros_hot":"","Transects_100m_AddSpatialJoin.bnour":"","Transects_100m_AddSpatialJoin.bnour_yr":0,"Transects_100m_AddSpatialJoin.bnour_src":"","Transects_100m_AddSpatialJoin.armor":"","Transects_100m_AddSpatialJoin.editor":"","Transects_100m_AddSpatialJoin.edit_date":null,"Transects_100m_AddSpatialJoin.notes":"","Transects_100m_AddSpatialJoin.hotspot":0,"Transects_100m_AddSpatialJoin.Shape_Length":10000}},{"type":"Feature","id":228,"geometry":{"type":"LineString","coordinates":[[460198.4523,3920462.3268999998],[450198.4523,3920462.3268999998]]},"properties":{"Transects_100m.OBJECTID":228,"Transects_100m.LineID":228,"Transects_100m.Shape_Length":10000,"Transects_100m_AddSpatialJoin.OBJECTID":228,"Transects_100m_AddSpatialJoin.Join_Count":1,"Transects_100m_AddSpatialJoin.TARGET_FID":228,"Transects_100m_AddSpatialJoin.Coords":3920667,"Transects_100m_AddSpatialJoin.domain_id":44,"Transects_100m_AddSpatialJoin.reach":"","Transects_100m_AddSpatialJoin.z_mean":0,"Transects_100m_AddSpatialJoin.z_max":0,"Transects_100m_AddSpatialJoin.z_min":0,"Transects_100m_AddSpatialJoin.relief_m":0,"Transects_100m_AddSpatialJoin.slope_avg":0,"Transects_100m_AddSpatialJoin.road_z":0,"Transects_100m_AddSpatialJoin.shch_myr":0,"Transects_100m_AddSpatialJoin.eros_hot":"","Transects_100m_AddSpatialJoin.bnour":"","Transects_100m_AddSpatialJoin.bnour_yr":0,"Transects_100m_AddSpatialJoin.bnour_src":"","Transects_100m_AddSpatialJoin.armor":"","Transects_100m_AddSpatialJoin.editor":"","Transects_100m_AddSpatialJoin.edit_date":null,"Transects_100m_AddSpatialJoin.notes":"","Transects_100m_AddSpatialJoin.hotspot":0,"Transects_100m_AddSpatialJoin.Shape_Length":10000}},{"type":"Feature","id":229,"geometry":{"type":"LineString","coordinates":[[460198.4523,3920562.3268999998],[450198.4523,3920562.3268999998]]},"properties":{"Transects_100m.OBJECTID":229,"Transects_100m.LineID":229,"Transects_100m.Shape_Length":10000,"Transects_100m_AddSpatialJoin.OBJECTID":229,"Transects_100m_AddSpatialJoin.Join_Count":1,"Transects_100m_AddSpatialJoin.TARGET_FID":229,"Transects_100m_AddSpatialJoin.Coords":3920667,"Transects_100m_AddSpatialJoin.domain_id":44,"Transects_100m_AddSpatialJoin.reach":"","Transects_100m_AddSpatialJoin.z_mean":0,"Transects_100m_AddSpatialJoin.z_max":0,"Transects_100m_AddSpatialJoin.z_min":0,"Transects_100m_AddSpatialJoin.relief_m":0,"Transects_100m_AddSpatialJoin.slope_avg":0,"Transects_100m_AddSpatialJoin.road_z":0,"Transects_100m_AddSpatialJoin.shch_myr":0,"Transects_100m_AddSpatialJoin.eros_hot":"","Transects_100m_AddSpatialJoin.bnour":"","Transects_100m_AddSpatialJoin.bnour_yr":0,"Transects_100m_AddSpatialJoin.bnour_src":"","Transects_100m_AddSpatialJoin.armor":"","Transects_100m_AddSpatialJoin.editor":"","Transects_100m_AddSpatialJoin.edit_date":null,"Transects_100m_AddSpatialJoin.notes":"","Transects_100m_AddSpatialJoin.hotspot":0,"Transects_100m_AddSpatialJoin.Shape_Length":10000}},{"type":"Feature","id":230,"geometry":{"type":"LineString","coordinates":[[460198.4523,3920662.3268999998],[450198.4523,3920662.3268999998]]},"properties":{"Transects_100m.OBJECTID":230,"Transects_100m.LineID":230,"Transects_100m.Shape_Length":10000,"Transects_100m_AddSpatialJoin.OBJECTID":230,"Transects_100m_AddSpatialJoin.Join_Count":1,"Transects_100m_AddSpatialJoin.TARGET_FID":230,"Transects_100m_AddSpatialJoin.Coords":3920667,"Transects_100m_AddSpatialJoin.domain_id":44,"Transects_100m_AddSpatialJoin.reach":"","Transects_100m_AddSpatialJoin.z_mean":0,"Transects_100m_AddSpatialJoin.z_max":0,"Transects_100m_AddSpatialJoin.z_min":0,"Transects_100m_AddSpatialJoin.relief_m":0,"Transects_100m_AddSpatialJoin.slope_avg":0,"Transects_100m_AddSpatialJoin.road_z":0,"Transects_100m_AddSpatialJoin.shch_myr":0,"Transects_100m_AddSpatialJoin.eros_hot":"","Transects_100m_AddSpatialJoin.bnour":"","Transects_100m_AddSpatialJoin.bnour_yr":0,"Transects_100m_AddSpatialJoin.bnour_src":"","Transects_100m_AddSpatialJoin.armor":"","Transects_100m_AddSpatialJoin.editor":"","Transects_100m_AddSpatialJoin.edit_date":null,"Transects_100m_AddSpatialJoin.notes":"","Transects_100m_AddSpatialJoin.hotspot":0,"Transects_100m_AddSpatialJoin.Shape_Length":10000}},{"type":"Feature","id":231,"geometry":{"type":"LineString","coordinates":[[460198.4523,3920762.3268999998],[450198.4523,3920762.3268999998]]},"properties":{"Transects_100m.OBJECTID":231,"Transects_100m.LineID":231,"Transects_100m.Shape_Length":10000,"Transects_100m_AddSpatialJoin.OBJECTID":231,"Transects_100m_AddSpatialJoin.Join_Count":1,"Transects_100m_AddSpatialJoin.TARGET_FID":231,"Transects_100m_AddSpatialJoin.Coords":3920667,"Transects_100m_AddSpatialJoin.domain_id":44,"Transects_100m_AddSpatialJoin.reach":"","Transects_100m_AddSpatialJoin.z_mean":0,"Transects_100m_AddSpatialJoin.z_max":0,"Transects_100m_AddSpatialJoin.z_min":0,"Transects_100m_AddSpatialJoin.relief_m":0,"Transects_100m_AddSpatialJoin.slope_avg":0,"Transects_100m_AddSpatialJoin.road_z":0,"Transects_100m_AddSpatialJoin.shch_myr":0,"Transects_100m_AddSpatialJoin.eros_hot":"","Transects_100m_AddSpatialJoin.bnour":"","Transects_100m_AddSpatialJoin.bnour_yr":0,"Transects_100m_AddSpatialJoin.bnour_src":"","Transects_100m_AddSpatialJoin.armor":"","Transects_100m_AddSpatialJoin.editor":"","Transects_100m_AddSpatialJoin.edit_date":null,"Transects_100m_AddSpatialJoin.notes":"","Transects_100m_AddSpatialJoin.hotspot":0,"Transects_100m_AddSpatialJoin.Shape_Length":10000}},{"type":"Feature","id":232,"geometry":{"type":"LineString","coordinates":[[460198.4523,3920862.3268999998],[450198.4523,3920862.3268999998]]},"properties":{"Transects_100m.OBJECTID":232,"Transects_100m.LineID":232,"Transects_100m.Shape_Length":10000,"Transects_100m_AddSpatialJoin.OBJECTID":232,"Transects_100m_AddSpatialJoin.Join_Count":1,"Transects_100m_AddSpatialJoin.TARGET_FID":232,"Transects_100m_AddSpatialJoin.Coords":3920667,"Transects_100m_AddSpatialJoin.domain_id":44,"Transects_100m_AddSpatialJoin.reach":"","Transects_100m_AddSpatialJoin.z_mean":0,"Transects_100m_AddSpatialJoin.z_max":0,"Transects_100m_AddSpatialJoin.z_min":0,"Transects_100m_AddSpatialJoin.relief_m":0,"Transects_100m_AddSpatialJoin.slope_avg":0,"Transects_100m_AddSpatialJoin.road_z":0,"Transects_100m_AddSpatialJoin.shch_myr":0,"Transects_100m_AddSpatialJoin.eros_hot":"","Transects_100m_AddSpatialJoin.bnour":"","Transects_100m_AddSpatialJoin.bnour_yr":0,"Transects_100m_AddSpatialJoin.bnour_src":"","Transects_100m_AddSpatialJoin.armor":"","Transects_100m_AddSpatialJoin.editor":"","Transects_100m_AddSpatialJoin.edit_date":null,"Transects_100m_AddSpatialJoin.notes":"","Transects_100m_AddSpatialJoin.hotspot":0,"Transects_100m_AddSpatialJoin.Shape_Length":10000}},{"type":"Feature","id":233,"geometry":{"type":"LineString","coordinates":[[460198.4523,3920962.3268999998],[450198.4523,3920962.3268999998]]},"properties":{"Transects_100m.OBJECTID":233,"Transects_100m.LineID":233,"Transects_100m.Shape_Length":10000,"Transects_100m_AddSpatialJoin.OBJECTID":233,"Transects_100m_AddSpatialJoin.Join_Count":1,"Transects_100m_AddSpatialJoin.TARGET_FID":233,"Transects_100m_AddSpatialJoin.Coords":3921168,"Transects_100m_AddSpatialJoin.domain_id":45,"Transects_100m_AddSpatialJoin.reach":"","Transects_100m_AddSpatialJoin.z_mean":0,"Transects_100m_AddSpatialJoin.z_max":0,"Transects_100m_AddSpatialJoin.z_min":0,"Transects_100m_AddSpatialJoin.relief_m":0,"Transects_100m_AddSpatialJoin.slope_avg":0,"Transects_100m_AddSpatialJoin.road_z":0,"Transects_100m_AddSpatialJoin.shch_myr":0,"Transects_100m_AddSpatialJoin.eros_hot":"","Transects_100m_AddSpatialJoin.bnour":"","Transects_100m_AddSpatialJoin.bnour_yr":0,"Transects_100m_AddSpatialJoin.bnour_src":"","Transects_100m_AddSpatialJoin.armor":"","Transects_100m_AddSpatialJoin.editor":"","Transects_100m_AddSpatialJoin.edit_date":null,"Transects_100m_AddSpatialJoin.notes":"","Transects_100m_AddSpatialJoin.hotspot":0,"Transects_100m_AddSpatialJoin.Shape_Length":10000}},{"type":"Feature","id":234,"geometry":{"type":"LineString","coordinates":[[460198.4523,3921062.3268999998],[450198.4523,3921062.3268999998]]},"properties":{"Transects_100m.OBJECTID":234,"Transects_100m.LineID":234,"Transects_100m.Shape_Length":10000,"Transects_100m_AddSpatialJoin.OBJECTID":234,"Transects_100m_AddSpatialJoin.Join_Count":1,"Transects_100m_AddSpatialJoin.TARGET_FID":234,"Transects_100m_AddSpatialJoin.Coords":3921168,"Transects_100m_AddSpatialJoin.domain_id":45,"Transects_100m_AddSpatialJoin.reach":"","Transects_100m_AddSpatialJoin.z_mean":0,"Transects_100m_AddSpatialJoin.z_max":0,"Transects_100m_AddSpatialJoin.z_min":0,"Transects_100m_AddSpatialJoin.relief_m":0,"Transects_100m_AddSpatialJoin.slope_avg":0,"Transects_100m_AddSpatialJoin.road_z":0,"Transects_100m_AddSpatialJoin.shch_myr":0,"Transects_100m_AddSpatialJoin.eros_hot":"","Transects_100m_AddSpatialJoin.bnour":"","Transects_100m_AddSpatialJoin.bnour_yr":0,"Transects_100m_AddSpatialJoin.bnour_src":"","Transects_100m_AddSpatialJoin.armor":"","Transects_100m_AddSpatialJoin.editor":"","Transects_100m_AddSpatialJoin.edit_date":null,"Transects_100m_AddSpatialJoin.notes":"","Transects_100m_AddSpatialJoin.hotspot":0,"Transects_100m_AddSpatialJoin.Shape_Length":10000}},{"type":"Feature","id":235,"geometry":{"type":"LineString","coordinates":[[460198.4523,3921162.3268999998],[450198.4523,3921162.3268999998]]},"properties":{"Transects_100m.OBJECTID":235,"Transects_100m.LineID":235,"Transects_100m.Shape_Length":10000,"Transects_100m_AddSpatialJoin.OBJECTID":235,"Transects_100m_AddSpatialJoin.Join_Count":1,"Transects_100m_AddSpatialJoin.TARGET_FID":235,"Transects_100m_AddSpatialJoin.Coords":3921168,"Transects_100m_AddSpatialJoin.domain_id":45,"Transects_100m_AddSpatialJoin.reach":"","Transects_100m_AddSpatialJoin.z_mean":0,"Transects_100m_AddSpatialJoin.z_max":0,"Transects_100m_AddSpatialJoin.z_min":0,"Transects_100m_AddSpatialJoin.relief_m":0,"Transects_100m_AddSpatialJoin.slope_avg":0,"Transects_100m_AddSpatialJoin.road_z":0,"Transects_100m_AddSpatialJoin.shch_myr":0,"Transects_100m_AddSpatialJoin.eros_hot":"","Transects_100m_AddSpatialJoin.bnour":"","Transects_100m_AddSpatialJoin.bnour_yr":0,"Transects_100m_AddSpatialJoin.bnour_src":"","Transects_100m_AddSpatialJoin.armor":"","Transects_100m_AddSpatialJoin.editor":"","Transects_100m_AddSpatialJoin.edit_date":null,"Transects_100m_AddSpatialJoin.notes":"","Transects_100m_AddSpatialJoin.hotspot":0,"Transects_100m_AddSpatialJoin.Shape_Length":10000}},{"type":"Feature","id":236,"geometry":{"type":"LineString","coordinates":[[460198.4523,3921262.3268999998],[450198.4523,3921262.3268999998]]},"properties":{"Transects_100m.OBJECTID":236,"Transects_100m.LineID":236,"Transects_100m.Shape_Length":10000,"Transects_100m_AddSpatialJoin.OBJECTID":236,"Transects_100m_AddSpatialJoin.Join_Count":1,"Transects_100m_AddSpatialJoin.TARGET_FID":236,"Transects_100m_AddSpatialJoin.Coords":3921168,"Transects_100m_AddSpatialJoin.domain_id":45,"Transects_100m_AddSpatialJoin.reach":"","Transects_100m_AddSpatialJoin.z_mean":0,"Transects_100m_AddSpatialJoin.z_max":0,"Transects_100m_AddSpatialJoin.z_min":0,"Transects_100m_AddSpatialJoin.relief_m":0,"Transects_100m_AddSpatialJoin.slope_avg":0,"Transects_100m_AddSpatialJoin.road_z":0,"Transects_100m_AddSpatialJoin.shch_myr":0,"Transects_100m_AddSpatialJoin.eros_hot":"","Transects_100m_AddSpatialJoin.bnour":"","Transects_100m_AddSpatialJoin.bnour_yr":0,"Transects_100m_AddSpatialJoin.bnour_src":"","Transects_100m_AddSpatialJoin.armor":"","Transects_100m_AddSpatialJoin.editor":"","Transects_100m_AddSpatialJoin.edit_date":null,"Transects_100m_AddSpatialJoin.notes":"","Transects_100m_AddSpatialJoin.hotspot":0,"Transects_100m_AddSpatialJoin.Shape_Length":10000}},{"type":"Feature","id":237,"geometry":{"type":"LineString","coordinates":[[460198.4523,3921362.3268999998],[450198.4523,3921362.3268999998]]},"properties":{"Transects_100m.OBJECTID":237,"Transects_100m.LineID":237,"Transects_100m.Shape_Length":10000,"Transects_100m_AddSpatialJoin.OBJECTID":237,"Transects_100m_AddSpatialJoin.Join_Count":1,"Transects_100m_AddSpatialJoin.TARGET_FID":237,"Transects_100m_AddSpatialJoin.Coords":3921168,"Transects_100m_AddSpatialJoin.domain_id":45,"Transects_100m_AddSpatialJoin.reach":"","Transects_100m_AddSpatialJoin.z_mean":0,"Transects_100m_AddSpatialJoin.z_max":0,"Transects_100m_AddSpatialJoin.z_min":0,"Transects_100m_AddSpatialJoin.relief_m":0,"Transects_100m_AddSpatialJoin.slope_avg":0,"Transects_100m_AddSpatialJoin.road_z":0,"Transects_100m_AddSpatialJoin.shch_myr":0,"Transects_100m_AddSpatialJoin.eros_hot":"","Transects_100m_AddSpatialJoin.bnour":"","Transects_100m_AddSpatialJoin.bnour_yr":0,"Transects_100m_AddSpatialJoin.bnour_src":"","Transects_100m_AddSpatialJoin.armor":"","Transects_100m_AddSpatialJoin.editor":"","Transects_100m_AddSpatialJoin.edit_date":null,"Transects_100m_AddSpatialJoin.notes":"","Transects_100m_AddSpatialJoin.hotspot":0,"Transects_100m_AddSpatialJoin.Shape_Length":10000}},{"type":"Feature","id":238,"geometry":{"type":"LineString","coordinates":[[460198.4523,3921462.3268999998],[450198.4523,3921462.3268999998]]},"properties":{"Transects_100m.OBJECTID":238,"Transects_100m.LineID":238,"Transects_100m.Shape_Length":10000,"Transects_100m_AddSpatialJoin.OBJECTID":238,"Transects_100m_AddSpatialJoin.Join_Count":1,"Transects_100m_AddSpatialJoin.TARGET_FID":238,"Transects_100m_AddSpatialJoin.Coords":3921670,"Transects_100m_AddSpatialJoin.domain_id":46,"Transects_100m_AddSpatialJoin.reach":"","Transects_100m_AddSpatialJoin.z_mean":0,"Transects_100m_AddSpatialJoin.z_max":0,"Transects_100m_AddSpatialJoin.z_min":0,"Transects_100m_AddSpatialJoin.relief_m":0,"Transects_100m_AddSpatialJoin.slope_avg":0,"Transects_100m_AddSpatialJoin.road_z":0,"Transects_100m_AddSpatialJoin.shch_myr":0,"Transects_100m_AddSpatialJoin.eros_hot":"","Transects_100m_AddSpatialJoin.bnour":"","Transects_100m_AddSpatialJoin.bnour_yr":0,"Transects_100m_AddSpatialJoin.bnour_src":"","Transects_100m_AddSpatialJoin.armor":"","Transects_100m_AddSpatialJoin.editor":"","Transects_100m_AddSpatialJoin.edit_date":null,"Transects_100m_AddSpatialJoin.notes":"","Transects_100m_AddSpatialJoin.hotspot":0,"Transects_100m_AddSpatialJoin.Shape_Length":10000}},{"type":"Feature","id":239,"geometry":{"type":"LineString","coordinates":[[460198.4523,3921562.3268999998],[450198.4523,3921562.3268999998]]},"properties":{"Transects_100m.OBJECTID":239,"Transects_100m.LineID":239,"Transects_100m.Shape_Length":10000,"Transects_100m_AddSpatialJoin.OBJECTID":239,"Transects_100m_AddSpatialJoin.Join_Count":1,"Transects_100m_AddSpatialJoin.TARGET_FID":239,"Transects_100m_AddSpatialJoin.Coords":3921670,"Transects_100m_AddSpatialJoin.domain_id":46,"Transects_100m_AddSpatialJoin.reach":"","Transects_100m_AddSpatialJoin.z_mean":0,"Transects_100m_AddSpatialJoin.z_max":0,"Transects_100m_AddSpatialJoin.z_min":0,"Transects_100m_AddSpatialJoin.relief_m":0,"Transects_100m_AddSpatialJoin.slope_avg":0,"Transects_100m_AddSpatialJoin.road_z":0,"Transects_100m_AddSpatialJoin.shch_myr":0,"Transects_100m_AddSpatialJoin.eros_hot":"","Transects_100m_AddSpatialJoin.bnour":"","Transects_100m_AddSpatialJoin.bnour_yr":0,"Transects_100m_AddSpatialJoin.bnour_src":"","Transects_100m_AddSpatialJoin.armor":"","Transects_100m_AddSpatialJoin.editor":"","Transects_100m_AddSpatialJoin.edit_date":null,"Transects_100m_AddSpatialJoin.notes":"","Transects_100m_AddSpatialJoin.hotspot":0,"Transects_100m_AddSpatialJoin.Shape_Length":10000}},{"type":"Feature","id":240,"geometry":{"type":"LineString","coordinates":[[460198.4523,3921662.3268999998],[450198.4523,3921662.3268999998]]},"properties":{"Transects_100m.OBJECTID":240,"Transects_100m.LineID":240,"Transects_100m.Shape_Length":10000,"Transects_100m_AddSpatialJoin.OBJECTID":240,"Transects_100m_AddSpatialJoin.Join_Count":1,"Transects_100m_AddSpatialJoin.TARGET_FID":240,"Transects_100m_AddSpatialJoin.Coords":3921670,"Transects_100m_AddSpatialJoin.domain_id":46,"Transects_100m_AddSpatialJoin.reach":"","Transects_100m_AddSpatialJoin.z_mean":0,"Transects_100m_AddSpatialJoin.z_max":0,"Transects_100m_AddSpatialJoin.z_min":0,"Transects_100m_AddSpatialJoin.relief_m":0,"Transects_100m_AddSpatialJoin.slope_avg":0,"Transects_100m_AddSpatialJoin.road_z":0,"Transects_100m_AddSpatialJoin.shch_myr":0,"Transects_100m_AddSpatialJoin.eros_hot":"","Transects_100m_AddSpatialJoin.bnour":"","Transects_100m_AddSpatialJoin.bnour_yr":0,"Transects_100m_AddSpatialJoin.bnour_src":"","Transects_100m_AddSpatialJoin.armor":"","Transects_100m_AddSpatialJoin.editor":"","Transects_100m_AddSpatialJoin.edit_date":null,"Transects_100m_AddSpatialJoin.notes":"","Transects_100m_AddSpatialJoin.hotspot":0,"Transects_100m_AddSpatialJoin.Shape_Length":10000}},{"type":"Feature","id":241,"geometry":{"type":"LineString","coordinates":[[460198.4523,3921762.3268999998],[450198.4523,3921762.3268999998]]},"properties":{"Transects_100m.OBJECTID":241,"Transects_100m.LineID":241,"Transects_100m.Shape_Length":10000,"Transects_100m_AddSpatialJoin.OBJECTID":241,"Transects_100m_AddSpatialJoin.Join_Count":1,"Transects_100m_AddSpatialJoin.TARGET_FID":241,"Transects_100m_AddSpatialJoin.Coords":3921670,"Transects_100m_AddSpatialJoin.domain_id":46,"Transects_100m_AddSpatialJoin.reach":"","Transects_100m_AddSpatialJoin.z_mean":0,"Transects_100m_AddSpatialJoin.z_max":0,"Transects_100m_AddSpatialJoin.z_min":0,"Transects_100m_AddSpatialJoin.relief_m":0,"Transects_100m_AddSpatialJoin.slope_avg":0,"Transects_100m_AddSpatialJoin.road_z":0,"Transects_100m_AddSpatialJoin.shch_myr":0,"Transects_100m_AddSpatialJoin.eros_hot":"","Transects_100m_AddSpatialJoin.bnour":"","Transects_100m_AddSpatialJoin.bnour_yr":0,"Transects_100m_AddSpatialJoin.bnour_src":"","Transects_100m_AddSpatialJoin.armor":"","Transects_100m_AddSpatialJoin.editor":"","Transects_100m_AddSpatialJoin.edit_date":null,"Transects_100m_AddSpatialJoin.notes":"","Transects_100m_AddSpatialJoin.hotspot":0,"Transects_100m_AddSpatialJoin.Shape_Length":10000}},{"type":"Feature","id":242,"geometry":{"type":"LineString","coordinates":[[460198.4523,3921862.3268999998],[450198.4523,3921862.3268999998]]},"properties":{"Transects_100m.OBJECTID":242,"Transects_100m.LineID":242,"Transects_100m.Shape_Length":10000,"Transects_100m_AddSpatialJoin.OBJECTID":242,"Transects_100m_AddSpatialJoin.Join_Count":1,"Transects_100m_AddSpatialJoin.TARGET_FID":242,"Transects_100m_AddSpatialJoin.Coords":3921670,"Transects_100m_AddSpatialJoin.domain_id":46,"Transects_100m_AddSpatialJoin.reach":"","Transects_100m_AddSpatialJoin.z_mean":0,"Transects_100m_AddSpatialJoin.z_max":0,"Transects_100m_AddSpatialJoin.z_min":0,"Transects_100m_AddSpatialJoin.relief_m":0,"Transects_100m_AddSpatialJoin.slope_avg":0,"Transects_100m_AddSpatialJoin.road_z":0,"Transects_100m_AddSpatialJoin.shch_myr":0,"Transects_100m_AddSpatialJoin.eros_hot":"","Transects_100m_AddSpatialJoin.bnour":"","Transects_100m_AddSpatialJoin.bnour_yr":0,"Transects_100m_AddSpatialJoin.bnour_src":"","Transects_100m_AddSpatialJoin.armor":"","Transects_100m_AddSpatialJoin.editor":"","Transects_100m_AddSpatialJoin.edit_date":null,"Transects_100m_AddSpatialJoin.notes":"","Transects_100m_AddSpatialJoin.hotspot":0,"Transects_100m_AddSpatialJoin.Shape_Length":10000}},{"type":"Feature","id":243,"geometry":{"type":"LineString","coordinates":[[460198.4523,3921962.3268999998],[450198.4523,3921962.3268999998]]},"properties":{"Transects_100m.OBJECTID":243,"Transects_100m.LineID":243,"Transects_100m.Shape_Length":10000,"Transects_100m_AddSpatialJoin.OBJECTID":243,"Transects_100m_AddSpatialJoin.Join_Count":1,"Transects_100m_AddSpatialJoin.TARGET_FID":243,"Transects_100m_AddSpatialJoin.Coords":3922170,"Transects_100m_AddSpatialJoin.domain_id":47,"Transects_100m_AddSpatialJoin.reach":"","Transects_100m_AddSpatialJoin.z_mean":0,"Transects_100m_AddSpatialJoin.z_max":0,"Transects_100m_AddSpatialJoin.z_min":0,"Transects_100m_AddSpatialJoin.relief_m":0,"Transects_100m_AddSpatialJoin.slope_avg":0,"Transects_100m_AddSpatialJoin.road_z":0,"Transects_100m_AddSpatialJoin.shch_myr":0,"Transects_100m_AddSpatialJoin.eros_hot":"","Transects_100m_AddSpatialJoin.bnour":"","Transects_100m_AddSpatialJoin.bnour_yr":0,"Transects_100m_AddSpatialJoin.bnour_src":"","Transects_100m_AddSpatialJoin.armor":"","Transects_100m_AddSpatialJoin.editor":"","Transects_100m_AddSpatialJoin.edit_date":null,"Transects_100m_AddSpatialJoin.notes":"","Transects_100m_AddSpatialJoin.hotspot":0,"Transects_100m_AddSpatialJoin.Shape_Length":10000}},{"type":"Feature","id":244,"geometry":{"type":"LineString","coordinates":[[460198.4523,3922062.3268999998],[450198.4523,3922062.3268999998]]},"properties":{"Transects_100m.OBJECTID":244,"Transects_100m.LineID":244,"Transects_100m.Shape_Length":10000,"Transects_100m_AddSpatialJoin.OBJECTID":244,"Transects_100m_AddSpatialJoin.Join_Count":1,"Transects_100m_AddSpatialJoin.TARGET_FID":244,"Transects_100m_AddSpatialJoin.Coords":3922170,"Transects_100m_AddSpatialJoin.domain_id":47,"Transects_100m_AddSpatialJoin.reach":"","Transects_100m_AddSpatialJoin.z_mean":0,"Transects_100m_AddSpatialJoin.z_max":0,"Transects_100m_AddSpatialJoin.z_min":0,"Transects_100m_AddSpatialJoin.relief_m":0,"Transects_100m_AddSpatialJoin.slope_avg":0,"Transects_100m_AddSpatialJoin.road_z":0,"Transects_100m_AddSpatialJoin.shch_myr":0,"Transects_100m_AddSpatialJoin.eros_hot":"","Transects_100m_AddSpatialJoin.bnour":"","Transects_100m_AddSpatialJoin.bnour_yr":0,"Transects_100m_AddSpatialJoin.bnour_src":"","Transects_100m_AddSpatialJoin.armor":"","Transects_100m_AddSpatialJoin.editor":"","Transects_100m_AddSpatialJoin.edit_date":null,"Transects_100m_AddSpatialJoin.notes":"","Transects_100m_AddSpatialJoin.hotspot":0,"Transects_100m_AddSpatialJoin.Shape_Length":10000}},{"type":"Feature","id":245,"geometry":{"type":"LineString","coordinates":[[460198.4523,3922162.3268999998],[450198.4523,3922162.3268999998]]},"properties":{"Transects_100m.OBJECTID":245,"Transects_100m.LineID":245,"Transects_100m.Shape_Length":10000,"Transects_100m_AddSpatialJoin.OBJECTID":245,"Transects_100m_AddSpatialJoin.Join_Count":1,"Transects_100m_AddSpatialJoin.TARGET_FID":245,"Transects_100m_AddSpatialJoin.Coords":3922170,"Transects_100m_AddSpatialJoin.domain_id":47,"Transects_100m_AddSpatialJoin.reach":"","Transects_100m_AddSpatialJoin.z_mean":0,"Transects_100m_AddSpatialJoin.z_max":0,"Transects_100m_AddSpatialJoin.z_min":0,"Transects_100m_AddSpatialJoin.relief_m":0,"Transects_100m_AddSpatialJoin.slope_avg":0,"Transects_100m_AddSpatialJoin.road_z":0,"Transects_100m_AddSpatialJoin.shch_myr":0,"Transects_100m_AddSpatialJoin.eros_hot":"","Transects_100m_AddSpatialJoin.bnour":"","Transects_100m_AddSpatialJoin.bnour_yr":0,"Transects_100m_AddSpatialJoin.bnour_src":"","Transects_100m_AddSpatialJoin.armor":"","Transects_100m_AddSpatialJoin.editor":"","Transects_100m_AddSpatialJoin.edit_date":null,"Transects_100m_AddSpatialJoin.notes":"","Transects_100m_AddSpatialJoin.hotspot":0,"Transects_100m_AddSpatialJoin.Shape_Length":10000}},{"type":"Feature","id":246,"geometry":{"type":"LineString","coordinates":[[460198.4523,3922262.3268999998],[450198.4523,3922262.3268999998]]},"properties":{"Transects_100m.OBJECTID":246,"Transects_100m.LineID":246,"Transects_100m.Shape_Length":10000,"Transects_100m_AddSpatialJoin.OBJECTID":246,"Transects_100m_AddSpatialJoin.Join_Count":1,"Transects_100m_AddSpatialJoin.TARGET_FID":246,"Transects_100m_AddSpatialJoin.Coords":3922170,"Transects_100m_AddSpatialJoin.domain_id":47,"Transects_100m_AddSpatialJoin.reach":"","Transects_100m_AddSpatialJoin.z_mean":0,"Transects_100m_AddSpatialJoin.z_max":0,"Transects_100m_AddSpatialJoin.z_min":0,"Transects_100m_AddSpatialJoin.relief_m":0,"Transects_100m_AddSpatialJoin.slope_avg":0,"Transects_100m_AddSpatialJoin.road_z":0,"Transects_100m_AddSpatialJoin.shch_myr":0,"Transects_100m_AddSpatialJoin.eros_hot":"","Transects_100m_AddSpatialJoin.bnour":"","Transects_100m_AddSpatialJoin.bnour_yr":0,"Transects_100m_AddSpatialJoin.bnour_src":"","Transects_100m_AddSpatialJoin.armor":"","Transects_100m_AddSpatialJoin.editor":"","Transects_100m_AddSpatialJoin.edit_date":null,"Transects_100m_AddSpatialJoin.notes":"","Transects_100m_AddSpatialJoin.hotspot":0,"Transects_100m_AddSpatialJoin.Shape_Length":10000}},{"type":"Feature","id":247,"geometry":{"type":"LineString","coordinates":[[460198.4523,3922362.3268999998],[450198.4523,3922362.3268999998]]},"properties":{"Transects_100m.OBJECTID":247,"Transects_100m.LineID":247,"Transects_100m.Shape_Length":10000,"Transects_100m_AddSpatialJoin.OBJECTID":247,"Transects_100m_AddSpatialJoin.Join_Count":1,"Transects_100m_AddSpatialJoin.TARGET_FID":247,"Transects_100m_AddSpatialJoin.Coords":3922170,"Transects_100m_AddSpatialJoin.domain_id":47,"Transects_100m_AddSpatialJoin.reach":"","Transects_100m_AddSpatialJoin.z_mean":0,"Transects_100m_AddSpatialJoin.z_max":0,"Transects_100m_AddSpatialJoin.z_min":0,"Transects_100m_AddSpatialJoin.relief_m":0,"Transects_100m_AddSpatialJoin.slope_avg":0,"Transects_100m_AddSpatialJoin.road_z":0,"Transects_100m_AddSpatialJoin.shch_myr":0,"Transects_100m_AddSpatialJoin.eros_hot":"","Transects_100m_AddSpatialJoin.bnour":"","Transects_100m_AddSpatialJoin.bnour_yr":0,"Transects_100m_AddSpatialJoin.bnour_src":"","Transects_100m_AddSpatialJoin.armor":"","Transects_100m_AddSpatialJoin.editor":"","Transects_100m_AddSpatialJoin.edit_date":null,"Transects_100m_AddSpatialJoin.notes":"","Transects_100m_AddSpatialJoin.hotspot":0,"Transects_100m_AddSpatialJoin.Shape_Length":10000}},{"type":"Feature","id":248,"geometry":{"type":"LineString","coordinates":[[460198.4523,3922462.3268999998],[450198.4523,3922462.3268999998]]},"properties":{"Transects_100m.OBJECTID":248,"Transects_100m.LineID":248,"Transects_100m.Shape_Length":10000,"Transects_100m_AddSpatialJoin.OBJECTID":248,"Transects_100m_AddSpatialJoin.Join_Count":1,"Transects_100m_AddSpatialJoin.TARGET_FID":248,"Transects_100m_AddSpatialJoin.Coords":3922671,"Transects_100m_AddSpatialJoin.domain_id":48,"Transects_100m_AddSpatialJoin.reach":"","Transects_100m_AddSpatialJoin.z_mean":0,"Transects_100m_AddSpatialJoin.z_max":0,"Transects_100m_AddSpatialJoin.z_min":0,"Transects_100m_AddSpatialJoin.relief_m":0,"Transects_100m_AddSpatialJoin.slope_avg":0,"Transects_100m_AddSpatialJoin.road_z":0,"Transects_100m_AddSpatialJoin.shch_myr":0,"Transects_100m_AddSpatialJoin.eros_hot":"","Transects_100m_AddSpatialJoin.bnour":"","Transects_100m_AddSpatialJoin.bnour_yr":0,"Transects_100m_AddSpatialJoin.bnour_src":"","Transects_100m_AddSpatialJoin.armor":"","Transects_100m_AddSpatialJoin.editor":"","Transects_100m_AddSpatialJoin.edit_date":null,"Transects_100m_AddSpatialJoin.notes":"","Transects_100m_AddSpatialJoin.hotspot":0,"Transects_100m_AddSpatialJoin.Shape_Length":10000}},{"type":"Feature","id":249,"geometry":{"type":"LineString","coordinates":[[460198.4523,3922562.3268999998],[450198.4523,3922562.3268999998]]},"properties":{"Transects_100m.OBJECTID":249,"Transects_100m.LineID":249,"Transects_100m.Shape_Length":10000,"Transects_100m_AddSpatialJoin.OBJECTID":249,"Transects_100m_AddSpatialJoin.Join_Count":1,"Transects_100m_AddSpatialJoin.TARGET_FID":249,"Transects_100m_AddSpatialJoin.Coords":3922671,"Transects_100m_AddSpatialJoin.domain_id":48,"Transects_100m_AddSpatialJoin.reach":"","Transects_100m_AddSpatialJoin.z_mean":0,"Transects_100m_AddSpatialJoin.z_max":0,"Transects_100m_AddSpatialJoin.z_min":0,"Transects_100m_AddSpatialJoin.relief_m":0,"Transects_100m_AddSpatialJoin.slope_avg":0,"Transects_100m_AddSpatialJoin.road_z":0,"Transects_100m_AddSpatialJoin.shch_myr":0,"Transects_100m_AddSpatialJoin.eros_hot":"","Transects_100m_AddSpatialJoin.bnour":"","Transects_100m_AddSpatialJoin.bnour_yr":0,"Transects_100m_AddSpatialJoin.bnour_src":"","Transects_100m_AddSpatialJoin.armor":"","Transects_100m_AddSpatialJoin.editor":"","Transects_100m_AddSpatialJoin.edit_date":null,"Transects_100m_AddSpatialJoin.notes":"","Transects_100m_AddSpatialJoin.hotspot":0,"Transects_100m_AddSpatialJoin.Shape_Length":10000}},{"type":"Feature","id":250,"geometry":{"type":"LineString","coordinates":[[460198.4523,3922662.3268999998],[450198.4523,3922662.3268999998]]},"properties":{"Transects_100m.OBJECTID":250,"Transects_100m.LineID":250,"Transects_100m.Shape_Length":10000,"Transects_100m_AddSpatialJoin.OBJECTID":250,"Transects_100m_AddSpatialJoin.Join_Count":1,"Transects_100m_AddSpatialJoin.TARGET_FID":250,"Transects_100m_AddSpatialJoin.Coords":3922671,"Transects_100m_AddSpatialJoin.domain_id":48,"Transects_100m_AddSpatialJoin.reach":"","Transects_100m_AddSpatialJoin.z_mean":0,"Transects_100m_AddSpatialJoin.z_max":0,"Transects_100m_AddSpatialJoin.z_min":0,"Transects_100m_AddSpatialJoin.relief_m":0,"Transects_100m_AddSpatialJoin.slope_avg":0,"Transects_100m_AddSpatialJoin.road_z":0,"Transects_100m_AddSpatialJoin.shch_myr":0,"Transects_100m_AddSpatialJoin.eros_hot":"","Transects_100m_AddSpatialJoin.bnour":"","Transects_100m_AddSpatialJoin.bnour_yr":0,"Transects_100m_AddSpatialJoin.bnour_src":"","Transects_100m_AddSpatialJoin.armor":"","Transects_100m_AddSpatialJoin.editor":"","Transects_100m_AddSpatialJoin.edit_date":null,"Transects_100m_AddSpatialJoin.notes":"","Transects_100m_AddSpatialJoin.hotspot":0,"Transects_100m_AddSpatialJoin.Shape_Length":10000}},{"type":"Feature","id":251,"geometry":{"type":"LineString","coordinates":[[460198.4523,3922762.3268999998],[450198.4523,3922762.3268999998]]},"properties":{"Transects_100m.OBJECTID":251,"Transects_100m.LineID":251,"Transects_100m.Shape_Length":10000,"Transects_100m_AddSpatialJoin.OBJECTID":251,"Transects_100m_AddSpatialJoin.Join_Count":1,"Transects_100m_AddSpatialJoin.TARGET_FID":251,"Transects_100m_AddSpatialJoin.Coords":3922671,"Transects_100m_AddSpatialJoin.domain_id":48,"Transects_100m_AddSpatialJoin.reach":"","Transects_100m_AddSpatialJoin.z_mean":0,"Transects_100m_AddSpatialJoin.z_max":0,"Transects_100m_AddSpatialJoin.z_min":0,"Transects_100m_AddSpatialJoin.relief_m":0,"Transects_100m_AddSpatialJoin.slope_avg":0,"Transects_100m_AddSpatialJoin.road_z":0,"Transects_100m_AddSpatialJoin.shch_myr":0,"Transects_100m_AddSpatialJoin.eros_hot":"","Transects_100m_AddSpatialJoin.bnour":"","Transects_100m_AddSpatialJoin.bnour_yr":0,"Transects_100m_AddSpatialJoin.bnour_src":"","Transects_100m_AddSpatialJoin.armor":"","Transects_100m_AddSpatialJoin.editor":"","Transects_100m_AddSpatialJoin.edit_date":null,"Transects_100m_AddSpatialJoin.notes":"","Transects_100m_AddSpatialJoin.hotspot":0,"Transects_100m_AddSpatialJoin.Shape_Length":10000}},{"type":"Feature","id":252,"geometry":{"type":"LineString","coordinates":[[460198.4523,3922862.3268999998],[450198.4523,3922862.3268999998]]},"properties":{"Transects_100m.OBJECTID":252,"Transects_100m.LineID":252,"Transects_100m.Shape_Length":10000,"Transects_100m_AddSpatialJoin.OBJECTID":252,"Transects_100m_AddSpatialJoin.Join_Count":1,"Transects_100m_AddSpatialJoin.TARGET_FID":252,"Transects_100m_AddSpatialJoin.Coords":3922671,"Transects_100m_AddSpatialJoin.domain_id":48,"Transects_100m_AddSpatialJoin.reach":"","Transects_100m_AddSpatialJoin.z_mean":0,"Transects_100m_AddSpatialJoin.z_max":0,"Transects_100m_AddSpatialJoin.z_min":0,"Transects_100m_AddSpatialJoin.relief_m":0,"Transects_100m_AddSpatialJoin.slope_avg":0,"Transects_100m_AddSpatialJoin.road_z":0,"Transects_100m_AddSpatialJoin.shch_myr":0,"Transects_100m_AddSpatialJoin.eros_hot":"","Transects_100m_AddSpatialJoin.bnour":"","Transects_100m_AddSpatialJoin.bnour_yr":0,"Transects_100m_AddSpatialJoin.bnour_src":"","Transects_100m_AddSpatialJoin.armor":"","Transects_100m_AddSpatialJoin.editor":"","Transects_100m_AddSpatialJoin.edit_date":null,"Transects_100m_AddSpatialJoin.notes":"","Transects_100m_AddSpatialJoin.hotspot":0,"Transects_100m_AddSpatialJoin.Shape_Length":10000}},{"type":"Feature","id":253,"geometry":{"type":"LineString","coordinates":[[460198.4523,3922962.3268999998],[450198.4523,3922962.3268999998]]},"properties":{"Transects_100m.OBJECTID":253,"Transects_100m.LineID":253,"Transects_100m.Shape_Length":10000,"Transects_100m_AddSpatialJoin.OBJECTID":253,"Transects_100m_AddSpatialJoin.Join_Count":1,"Transects_100m_AddSpatialJoin.TARGET_FID":253,"Transects_100m_AddSpatialJoin.Coords":3923174,"Transects_100m_AddSpatialJoin.domain_id":49,"Transects_100m_AddSpatialJoin.reach":"","Transects_100m_AddSpatialJoin.z_mean":0,"Transects_100m_AddSpatialJoin.z_max":0,"Transects_100m_AddSpatialJoin.z_min":0,"Transects_100m_AddSpatialJoin.relief_m":0,"Transects_100m_AddSpatialJoin.slope_avg":0,"Transects_100m_AddSpatialJoin.road_z":0,"Transects_100m_AddSpatialJoin.shch_myr":0,"Transects_100m_AddSpatialJoin.eros_hot":"","Transects_100m_AddSpatialJoin.bnour":"","Transects_100m_AddSpatialJoin.bnour_yr":0,"Transects_100m_AddSpatialJoin.bnour_src":"","Transects_100m_AddSpatialJoin.armor":"","Transects_100m_AddSpatialJoin.editor":"","Transects_100m_AddSpatialJoin.edit_date":null,"Transects_100m_AddSpatialJoin.notes":"","Transects_100m_AddSpatialJoin.hotspot":0,"Transects_100m_AddSpatialJoin.Shape_Length":10000}},{"type":"Feature","id":254,"geometry":{"type":"LineString","coordinates":[[460198.4523,3923062.3268999998],[450198.4523,3923062.3268999998]]},"properties":{"Transects_100m.OBJECTID":254,"Transects_100m.LineID":254,"Transects_100m.Shape_Length":10000,"Transects_100m_AddSpatialJoin.OBJECTID":254,"Transects_100m_AddSpatialJoin.Join_Count":1,"Transects_100m_AddSpatialJoin.TARGET_FID":254,"Transects_100m_AddSpatialJoin.Coords":3923174,"Transects_100m_AddSpatialJoin.domain_id":49,"Transects_100m_AddSpatialJoin.reach":"","Transects_100m_AddSpatialJoin.z_mean":0,"Transects_100m_AddSpatialJoin.z_max":0,"Transects_100m_AddSpatialJoin.z_min":0,"Transects_100m_AddSpatialJoin.relief_m":0,"Transects_100m_AddSpatialJoin.slope_avg":0,"Transects_100m_AddSpatialJoin.road_z":0,"Transects_100m_AddSpatialJoin.shch_myr":0,"Transects_100m_AddSpatialJoin.eros_hot":"","Transects_100m_AddSpatialJoin.bnour":"","Transects_100m_AddSpatialJoin.bnour_yr":0,"Transects_100m_AddSpatialJoin.bnour_src":"","Transects_100m_AddSpatialJoin.armor":"","Transects_100m_AddSpatialJoin.editor":"","Transects_100m_AddSpatialJoin.edit_date":null,"Transects_100m_AddSpatialJoin.notes":"","Transects_100m_AddSpatialJoin.hotspot":0,"Transects_100m_AddSpatialJoin.Shape_Length":10000}},{"type":"Feature","id":255,"geometry":{"type":"LineString","coordinates":[[460198.4523,3923162.3268999998],[450198.4523,3923162.3268999998]]},"properties":{"Transects_100m.OBJECTID":255,"Transects_100m.LineID":255,"Transects_100m.Shape_Length":10000,"Transects_100m_AddSpatialJoin.OBJECTID":255,"Transects_100m_AddSpatialJoin.Join_Count":1,"Transects_100m_AddSpatialJoin.TARGET_FID":255,"Transects_100m_AddSpatialJoin.Coords":3923174,"Transects_100m_AddSpatialJoin.domain_id":49,"Transects_100m_AddSpatialJoin.reach":"","Transects_100m_AddSpatialJoin.z_mean":0,"Transects_100m_AddSpatialJoin.z_max":0,"Transects_100m_AddSpatialJoin.z_min":0,"Transects_100m_AddSpatialJoin.relief_m":0,"Transects_100m_AddSpatialJoin.slope_avg":0,"Transects_100m_AddSpatialJoin.road_z":0,"Transects_100m_AddSpatialJoin.shch_myr":0,"Transects_100m_AddSpatialJoin.eros_hot":"","Transects_100m_AddSpatialJoin.bnour":"","Transects_100m_AddSpatialJoin.bnour_yr":0,"Transects_100m_AddSpatialJoin.bnour_src":"","Transects_100m_AddSpatialJoin.armor":"","Transects_100m_AddSpatialJoin.editor":"","Transects_100m_AddSpatialJoin.edit_date":null,"Transects_100m_AddSpatialJoin.notes":"","Transects_100m_AddSpatialJoin.hotspot":0,"Transects_100m_AddSpatialJoin.Shape_Length":10000}},{"type":"Feature","id":256,"geometry":{"type":"LineString","coordinates":[[460198.4523,3923262.3268999998],[450198.4523,3923262.3268999998]]},"properties":{"Transects_100m.OBJECTID":256,"Transects_100m.LineID":256,"Transects_100m.Shape_Length":10000,"Transects_100m_AddSpatialJoin.OBJECTID":256,"Transects_100m_AddSpatialJoin.Join_Count":1,"Transects_100m_AddSpatialJoin.TARGET_FID":256,"Transects_100m_AddSpatialJoin.Coords":3923174,"Transects_100m_AddSpatialJoin.domain_id":49,"Transects_100m_AddSpatialJoin.reach":"","Transects_100m_AddSpatialJoin.z_mean":0,"Transects_100m_AddSpatialJoin.z_max":0,"Transects_100m_AddSpatialJoin.z_min":0,"Transects_100m_AddSpatialJoin.relief_m":0,"Transects_100m_AddSpatialJoin.slope_avg":0,"Transects_100m_AddSpatialJoin.road_z":0,"Transects_100m_AddSpatialJoin.shch_myr":0,"Transects_100m_AddSpatialJoin.eros_hot":"","Transects_100m_AddSpatialJoin.bnour":"","Transects_100m_AddSpatialJoin.bnour_yr":0,"Transects_100m_AddSpatialJoin.bnour_src":"","Transects_100m_AddSpatialJoin.armor":"","Transects_100m_AddSpatialJoin.editor":"","Transects_100m_AddSpatialJoin.edit_date":null,"Transects_100m_AddSpatialJoin.notes":"","Transects_100m_AddSpatialJoin.hotspot":0,"Transects_100m_AddSpatialJoin.Shape_Length":10000}},{"type":"Feature","id":257,"geometry":{"type":"LineString","coordinates":[[460198.4523,3923362.3268999998],[450198.4523,3923362.3268999998]]},"properties":{"Transects_100m.OBJECTID":257,"Transects_100m.LineID":257,"Transects_100m.Shape_Length":10000,"Transects_100m_AddSpatialJoin.OBJECTID":257,"Transects_100m_AddSpatialJoin.Join_Count":1,"Transects_100m_AddSpatialJoin.TARGET_FID":257,"Transects_100m_AddSpatialJoin.Coords":3923174,"Transects_100m_AddSpatialJoin.domain_id":49,"Transects_100m_AddSpatialJoin.reach":"","Transects_100m_AddSpatialJoin.z_mean":0,"Transects_100m_AddSpatialJoin.z_max":0,"Transects_100m_AddSpatialJoin.z_min":0,"Transects_100m_AddSpatialJoin.relief_m":0,"Transects_100m_AddSpatialJoin.slope_avg":0,"Transects_100m_AddSpatialJoin.road_z":0,"Transects_100m_AddSpatialJoin.shch_myr":0,"Transects_100m_AddSpatialJoin.eros_hot":"","Transects_100m_AddSpatialJoin.bnour":"","Transects_100m_AddSpatialJoin.bnour_yr":0,"Transects_100m_AddSpatialJoin.bnour_src":"","Transects_100m_AddSpatialJoin.armor":"","Transects_100m_AddSpatialJoin.editor":"","Transects_100m_AddSpatialJoin.edit_date":null,"Transects_100m_AddSpatialJoin.notes":"","Transects_100m_AddSpatialJoin.hotspot":0,"Transects_100m_AddSpatialJoin.Shape_Length":10000}},{"type":"Feature","id":258,"geometry":{"type":"LineString","coordinates":[[460198.4523,3923462.3268999998],[450198.4523,3923462.3268999998]]},"properties":{"Transects_100m.OBJECTID":258,"Transects_100m.LineID":258,"Transects_100m.Shape_Length":10000,"Transects_100m_AddSpatialJoin.OBJECTID":258,"Transects_100m_AddSpatialJoin.Join_Count":1,"Transects_100m_AddSpatialJoin.TARGET_FID":258,"Transects_100m_AddSpatialJoin.Coords":3923679,"Transects_100m_AddSpatialJoin.domain_id":50,"Transects_100m_AddSpatialJoin.reach":"","Transects_100m_AddSpatialJoin.z_mean":0,"Transects_100m_AddSpatialJoin.z_max":0,"Transects_100m_AddSpatialJoin.z_min":0,"Transects_100m_AddSpatialJoin.relief_m":0,"Transects_100m_AddSpatialJoin.slope_avg":0,"Transects_100m_AddSpatialJoin.road_z":0,"Transects_100m_AddSpatialJoin.shch_myr":0,"Transects_100m_AddSpatialJoin.eros_hot":"","Transects_100m_AddSpatialJoin.bnour":"","Transects_100m_AddSpatialJoin.bnour_yr":0,"Transects_100m_AddSpatialJoin.bnour_src":"","Transects_100m_AddSpatialJoin.armor":"","Transects_100m_AddSpatialJoin.editor":"","Transects_100m_AddSpatialJoin.edit_date":null,"Transects_100m_AddSpatialJoin.notes":"","Transects_100m_AddSpatialJoin.hotspot":0,"Transects_100m_AddSpatialJoin.Shape_Length":10000}},{"type":"Feature","id":259,"geometry":{"type":"LineString","coordinates":[[460198.4523,3923562.3268999998],[450198.4523,3923562.3268999998]]},"properties":{"Transects_100m.OBJECTID":259,"Transects_100m.LineID":259,"Transects_100m.Shape_Length":10000,"Transects_100m_AddSpatialJoin.OBJECTID":259,"Transects_100m_AddSpatialJoin.Join_Count":1,"Transects_100m_AddSpatialJoin.TARGET_FID":259,"Transects_100m_AddSpatialJoin.Coords":3923679,"Transects_100m_AddSpatialJoin.domain_id":50,"Transects_100m_AddSpatialJoin.reach":"","Transects_100m_AddSpatialJoin.z_mean":0,"Transects_100m_AddSpatialJoin.z_max":0,"Transects_100m_AddSpatialJoin.z_min":0,"Transects_100m_AddSpatialJoin.relief_m":0,"Transects_100m_AddSpatialJoin.slope_avg":0,"Transects_100m_AddSpatialJoin.road_z":0,"Transects_100m_AddSpatialJoin.shch_myr":0,"Transects_100m_AddSpatialJoin.eros_hot":"","Transects_100m_AddSpatialJoin.bnour":"","Transects_100m_AddSpatialJoin.bnour_yr":0,"Transects_100m_AddSpatialJoin.bnour_src":"","Transects_100m_AddSpatialJoin.armor":"","Transects_100m_AddSpatialJoin.editor":"","Transects_100m_AddSpatialJoin.edit_date":null,"Transects_100m_AddSpatialJoin.notes":"","Transects_100m_AddSpatialJoin.hotspot":0,"Transects_100m_AddSpatialJoin.Shape_Length":10000}},{"type":"Feature","id":260,"geometry":{"type":"LineString","coordinates":[[460198.4523,3923662.3268999998],[450198.4523,3923662.3268999998]]},"properties":{"Transects_100m.OBJECTID":260,"Transects_100m.LineID":260,"Transects_100m.Shape_Length":10000,"Transects_100m_AddSpatialJoin.OBJECTID":260,"Transects_100m_AddSpatialJoin.Join_Count":1,"Transects_100m_AddSpatialJoin.TARGET_FID":260,"Transects_100m_AddSpatialJoin.Coords":3923679,"Transects_100m_AddSpatialJoin.domain_id":50,"Transects_100m_AddSpatialJoin.reach":"","Transects_100m_AddSpatialJoin.z_mean":0,"Transects_100m_AddSpatialJoin.z_max":0,"Transects_100m_AddSpatialJoin.z_min":0,"Transects_100m_AddSpatialJoin.relief_m":0,"Transects_100m_AddSpatialJoin.slope_avg":0,"Transects_100m_AddSpatialJoin.road_z":0,"Transects_100m_AddSpatialJoin.shch_myr":0,"Transects_100m_AddSpatialJoin.eros_hot":"","Transects_100m_AddSpatialJoin.bnour":"","Transects_100m_AddSpatialJoin.bnour_yr":0,"Transects_100m_AddSpatialJoin.bnour_src":"","Transects_100m_AddSpatialJoin.armor":"","Transects_100m_AddSpatialJoin.editor":"","Transects_100m_AddSpatialJoin.edit_date":null,"Transects_100m_AddSpatialJoin.notes":"","Transects_100m_AddSpatialJoin.hotspot":0,"Transects_100m_AddSpatialJoin.Shape_Length":10000}},{"type":"Feature","id":261,"geometry":{"type":"LineString","coordinates":[[460198.4523,3923762.3268999998],[450198.4523,3923762.3268999998]]},"properties":{"Transects_100m.OBJECTID":261,"Transects_100m.LineID":261,"Transects_100m.Shape_Length":10000,"Transects_100m_AddSpatialJoin.OBJECTID":261,"Transects_100m_AddSpatialJoin.Join_Count":1,"Transects_100m_AddSpatialJoin.TARGET_FID":261,"Transects_100m_AddSpatialJoin.Coords":3923679,"Transects_100m_AddSpatialJoin.domain_id":50,"Transects_100m_AddSpatialJoin.reach":"","Transects_100m_AddSpatialJoin.z_mean":0,"Transects_100m_AddSpatialJoin.z_max":0,"Transects_100m_AddSpatialJoin.z_min":0,"Transects_100m_AddSpatialJoin.relief_m":0,"Transects_100m_AddSpatialJoin.slope_avg":0,"Transects_100m_AddSpatialJoin.road_z":0,"Transects_100m_AddSpatialJoin.shch_myr":0,"Transects_100m_AddSpatialJoin.eros_hot":"","Transects_100m_AddSpatialJoin.bnour":"","Transects_100m_AddSpatialJoin.bnour_yr":0,"Transects_100m_AddSpatialJoin.bnour_src":"","Transects_100m_AddSpatialJoin.armor":"","Transects_100m_AddSpatialJoin.editor":"","Transects_100m_AddSpatialJoin.edit_date":null,"Transects_100m_AddSpatialJoin.notes":"","Transects_100m_AddSpatialJoin.hotspot":0,"Transects_100m_AddSpatialJoin.Shape_Length":10000}},{"type":"Feature","id":262,"geometry":{"type":"LineString","coordinates":[[460198.4523,3923862.3268999998],[450198.4523,3923862.3268999998]]},"properties":{"Transects_100m.OBJECTID":262,"Transects_100m.LineID":262,"Transects_100m.Shape_Length":10000,"Transects_100m_AddSpatialJoin.OBJECTID":262,"Transects_100m_AddSpatialJoin.Join_Count":1,"Transects_100m_AddSpatialJoin.TARGET_FID":262,"Transects_100m_AddSpatialJoin.Coords":3923679,"Transects_100m_AddSpatialJoin.domain_id":50,"Transects_100m_AddSpatialJoin.reach":"","Transects_100m_AddSpatialJoin.z_mean":0,"Transects_100m_AddSpatialJoin.z_max":0,"Transects_100m_AddSpatialJoin.z_min":0,"Transects_100m_AddSpatialJoin.relief_m":0,"Transects_100m_AddSpatialJoin.slope_avg":0,"Transects_100m_AddSpatialJoin.road_z":0,"Transects_100m_AddSpatialJoin.shch_myr":0,"Transects_100m_AddSpatialJoin.eros_hot":"","Transects_100m_AddSpatialJoin.bnour":"","Transects_100m_AddSpatialJoin.bnour_yr":0,"Transects_100m_AddSpatialJoin.bnour_src":"","Transects_100m_AddSpatialJoin.armor":"","Transects_100m_AddSpatialJoin.editor":"","Transects_100m_AddSpatialJoin.edit_date":null,"Transects_100m_AddSpatialJoin.notes":"","Transects_100m_AddSpatialJoin.hotspot":0,"Transects_100m_AddSpatialJoin.Shape_Length":10000}},{"type":"Feature","id":263,"geometry":{"type":"LineString","coordinates":[[460198.4523,3923962.3268999998],[450198.4523,3923962.3268999998]]},"properties":{"Transects_100m.OBJECTID":263,"Transects_100m.LineID":263,"Transects_100m.Shape_Length":10000,"Transects_100m_AddSpatialJoin.OBJECTID":263,"Transects_100m_AddSpatialJoin.Join_Count":1,"Transects_100m_AddSpatialJoin.TARGET_FID":263,"Transects_100m_AddSpatialJoin.Coords":3924184,"Transects_100m_AddSpatialJoin.domain_id":51,"Transects_100m_AddSpatialJoin.reach":"","Transects_100m_AddSpatialJoin.z_mean":0,"Transects_100m_AddSpatialJoin.z_max":0,"Transects_100m_AddSpatialJoin.z_min":0,"Transects_100m_AddSpatialJoin.relief_m":0,"Transects_100m_AddSpatialJoin.slope_avg":0,"Transects_100m_AddSpatialJoin.road_z":0,"Transects_100m_AddSpatialJoin.shch_myr":0,"Transects_100m_AddSpatialJoin.eros_hot":"","Transects_100m_AddSpatialJoin.bnour":"","Transects_100m_AddSpatialJoin.bnour_yr":0,"Transects_100m_AddSpatialJoin.bnour_src":"","Transects_100m_AddSpatialJoin.armor":"","Transects_100m_AddSpatialJoin.editor":"","Transects_100m_AddSpatialJoin.edit_date":null,"Transects_100m_AddSpatialJoin.notes":"","Transects_100m_AddSpatialJoin.hotspot":0,"Transects_100m_AddSpatialJoin.Shape_Length":10000}},{"type":"Feature","id":264,"geometry":{"type":"LineString","coordinates":[[460198.4523,3924062.3268999998],[450198.4523,3924062.3268999998]]},"properties":{"Transects_100m.OBJECTID":264,"Transects_100m.LineID":264,"Transects_100m.Shape_Length":10000,"Transects_100m_AddSpatialJoin.OBJECTID":264,"Transects_100m_AddSpatialJoin.Join_Count":1,"Transects_100m_AddSpatialJoin.TARGET_FID":264,"Transects_100m_AddSpatialJoin.Coords":3924184,"Transects_100m_AddSpatialJoin.domain_id":51,"Transects_100m_AddSpatialJoin.reach":"","Transects_100m_AddSpatialJoin.z_mean":0,"Transects_100m_AddSpatialJoin.z_max":0,"Transects_100m_AddSpatialJoin.z_min":0,"Transects_100m_AddSpatialJoin.relief_m":0,"Transects_100m_AddSpatialJoin.slope_avg":0,"Transects_100m_AddSpatialJoin.road_z":0,"Transects_100m_AddSpatialJoin.shch_myr":0,"Transects_100m_AddSpatialJoin.eros_hot":"","Transects_100m_AddSpatialJoin.bnour":"","Transects_100m_AddSpatialJoin.bnour_yr":0,"Transects_100m_AddSpatialJoin.bnour_src":"","Transects_100m_AddSpatialJoin.armor":"","Transects_100m_AddSpatialJoin.editor":"","Transects_100m_AddSpatialJoin.edit_date":null,"Transects_100m_AddSpatialJoin.notes":"","Transects_100m_AddSpatialJoin.hotspot":0,"Transects_100m_AddSpatialJoin.Shape_Length":10000}},{"type":"Feature","id":265,"geometry":{"type":"LineString","coordinates":[[460198.4523,3924162.3268999998],[450198.4523,3924162.3268999998]]},"properties":{"Transects_100m.OBJECTID":265,"Transects_100m.LineID":265,"Transects_100m.Shape_Length":10000,"Transects_100m_AddSpatialJoin.OBJECTID":265,"Transects_100m_AddSpatialJoin.Join_Count":1,"Transects_100m_AddSpatialJoin.TARGET_FID":265,"Transects_100m_AddSpatialJoin.Coords":3924184,"Transects_100m_AddSpatialJoin.domain_id":51,"Transects_100m_AddSpatialJoin.reach":"","Transects_100m_AddSpatialJoin.z_mean":0,"Transects_100m_AddSpatialJoin.z_max":0,"Transects_100m_AddSpatialJoin.z_min":0,"Transects_100m_AddSpatialJoin.relief_m":0,"Transects_100m_AddSpatialJoin.slope_avg":0,"Transects_100m_AddSpatialJoin.road_z":0,"Transects_100m_AddSpatialJoin.shch_myr":0,"Transects_100m_AddSpatialJoin.eros_hot":"","Transects_100m_AddSpatialJoin.bnour":"","Transects_100m_AddSpatialJoin.bnour_yr":0,"Transects_100m_AddSpatialJoin.bnour_src":"","Transects_100m_AddSpatialJoin.armor":"","Transects_100m_AddSpatialJoin.editor":"","Transects_100m_AddSpatialJoin.edit_date":null,"Transects_100m_AddSpatialJoin.notes":"","Transects_100m_AddSpatialJoin.hotspot":0,"Transects_100m_AddSpatialJoin.Shape_Length":10000}},{"type":"Feature","id":266,"geometry":{"type":"LineString","coordinates":[[460198.4523,3924262.3268999998],[450198.4523,3924262.3268999998]]},"properties":{"Transects_100m.OBJECTID":266,"Transects_100m.LineID":266,"Transects_100m.Shape_Length":10000,"Transects_100m_AddSpatialJoin.OBJECTID":266,"Transects_100m_AddSpatialJoin.Join_Count":1,"Transects_100m_AddSpatialJoin.TARGET_FID":266,"Transects_100m_AddSpatialJoin.Coords":3924184,"Transects_100m_AddSpatialJoin.domain_id":51,"Transects_100m_AddSpatialJoin.reach":"","Transects_100m_AddSpatialJoin.z_mean":0,"Transects_100m_AddSpatialJoin.z_max":0,"Transects_100m_AddSpatialJoin.z_min":0,"Transects_100m_AddSpatialJoin.relief_m":0,"Transects_100m_AddSpatialJoin.slope_avg":0,"Transects_100m_AddSpatialJoin.road_z":0,"Transects_100m_AddSpatialJoin.shch_myr":0,"Transects_100m_AddSpatialJoin.eros_hot":"","Transects_100m_AddSpatialJoin.bnour":"","Transects_100m_AddSpatialJoin.bnour_yr":0,"Transects_100m_AddSpatialJoin.bnour_src":"","Transects_100m_AddSpatialJoin.armor":"","Transects_100m_AddSpatialJoin.editor":"","Transects_100m_AddSpatialJoin.edit_date":null,"Transects_100m_AddSpatialJoin.notes":"","Transects_100m_AddSpatialJoin.hotspot":0,"Transects_100m_AddSpatialJoin.Shape_Length":10000}},{"type":"Feature","id":267,"geometry":{"type":"LineString","coordinates":[[460198.4523,3924362.3268999998],[450198.4523,3924362.3268999998]]},"properties":{"Transects_100m.OBJECTID":267,"Transects_100m.LineID":267,"Transects_100m.Shape_Length":10000,"Transects_100m_AddSpatialJoin.OBJECTID":267,"Transects_100m_AddSpatialJoin.Join_Count":1,"Transects_100m_AddSpatialJoin.TARGET_FID":267,"Transects_100m_AddSpatialJoin.Coords":3924184,"Transects_100m_AddSpatialJoin.domain_id":51,"Transects_100m_AddSpatialJoin.reach":"","Transects_100m_AddSpatialJoin.z_mean":0,"Transects_100m_AddSpatialJoin.z_max":0,"Transects_100m_AddSpatialJoin.z_min":0,"Transects_100m_AddSpatialJoin.relief_m":0,"Transects_100m_AddSpatialJoin.slope_avg":0,"Transects_100m_AddSpatialJoin.road_z":0,"Transects_100m_AddSpatialJoin.shch_myr":0,"Transects_100m_AddSpatialJoin.eros_hot":"","Transects_100m_AddSpatialJoin.bnour":"","Transects_100m_AddSpatialJoin.bnour_yr":0,"Transects_100m_AddSpatialJoin.bnour_src":"","Transects_100m_AddSpatialJoin.armor":"","Transects_100m_AddSpatialJoin.editor":"","Transects_100m_AddSpatialJoin.edit_date":null,"Transects_100m_AddSpatialJoin.notes":"","Transects_100m_AddSpatialJoin.hotspot":0,"Transects_100m_AddSpatialJoin.Shape_Length":10000}},{"type":"Feature","id":268,"geometry":{"type":"LineString","coordinates":[[460198.4523,3924462.3268999998],[450198.4523,3924462.3268999998]]},"properties":{"Transects_100m.OBJECTID":268,"Transects_100m.LineID":268,"Transects_100m.Shape_Length":10000,"Transects_100m_AddSpatialJoin.OBJECTID":268,"Transects_100m_AddSpatialJoin.Join_Count":1,"Transects_100m_AddSpatialJoin.TARGET_FID":268,"Transects_100m_AddSpatialJoin.Coords":3924686,"Transects_100m_AddSpatialJoin.domain_id":52,"Transects_100m_AddSpatialJoin.reach":"","Transects_100m_AddSpatialJoin.z_mean":0,"Transects_100m_AddSpatialJoin.z_max":0,"Transects_100m_AddSpatialJoin.z_min":0,"Transects_100m_AddSpatialJoin.relief_m":0,"Transects_100m_AddSpatialJoin.slope_avg":0,"Transects_100m_AddSpatialJoin.road_z":0,"Transects_100m_AddSpatialJoin.shch_myr":0,"Transects_100m_AddSpatialJoin.eros_hot":"","Transects_100m_AddSpatialJoin.bnour":"","Transects_100m_AddSpatialJoin.bnour_yr":0,"Transects_100m_AddSpatialJoin.bnour_src":"","Transects_100m_AddSpatialJoin.armor":"","Transects_100m_AddSpatialJoin.editor":"","Transects_100m_AddSpatialJoin.edit_date":null,"Transects_100m_AddSpatialJoin.notes":"","Transects_100m_AddSpatialJoin.hotspot":0,"Transects_100m_AddSpatialJoin.Shape_Length":10000}},{"type":"Feature","id":269,"geometry":{"type":"LineString","coordinates":[[460198.4523,3924562.3268999998],[450198.4523,3924562.3268999998]]},"properties":{"Transects_100m.OBJECTID":269,"Transects_100m.LineID":269,"Transects_100m.Shape_Length":10000,"Transects_100m_AddSpatialJoin.OBJECTID":269,"Transects_100m_AddSpatialJoin.Join_Count":1,"Transects_100m_AddSpatialJoin.TARGET_FID":269,"Transects_100m_AddSpatialJoin.Coords":3924686,"Transects_100m_AddSpatialJoin.domain_id":52,"Transects_100m_AddSpatialJoin.reach":"","Transects_100m_AddSpatialJoin.z_mean":0,"Transects_100m_AddSpatialJoin.z_max":0,"Transects_100m_AddSpatialJoin.z_min":0,"Transects_100m_AddSpatialJoin.relief_m":0,"Transects_100m_AddSpatialJoin.slope_avg":0,"Transects_100m_AddSpatialJoin.road_z":0,"Transects_100m_AddSpatialJoin.shch_myr":0,"Transects_100m_AddSpatialJoin.eros_hot":"","Transects_100m_AddSpatialJoin.bnour":"","Transects_100m_AddSpatialJoin.bnour_yr":0,"Transects_100m_AddSpatialJoin.bnour_src":"","Transects_100m_AddSpatialJoin.armor":"","Transects_100m_AddSpatialJoin.editor":"","Transects_100m_AddSpatialJoin.edit_date":null,"Transects_100m_AddSpatialJoin.notes":"","Transects_100m_AddSpatialJoin.hotspot":0,"Transects_100m_AddSpatialJoin.Shape_Length":10000}},{"type":"Feature","id":270,"geometry":{"type":"LineString","coordinates":[[460198.4523,3924662.3268999998],[450198.4523,3924662.3268999998]]},"properties":{"Transects_100m.OBJECTID":270,"Transects_100m.LineID":270,"Transects_100m.Shape_Length":10000,"Transects_100m_AddSpatialJoin.OBJECTID":270,"Transects_100m_AddSpatialJoin.Join_Count":1,"Transects_100m_AddSpatialJoin.TARGET_FID":270,"Transects_100m_AddSpatialJoin.Coords":3924686,"Transects_100m_AddSpatialJoin.domain_id":52,"Transects_100m_AddSpatialJoin.reach":"","Transects_100m_AddSpatialJoin.z_mean":0,"Transects_100m_AddSpatialJoin.z_max":0,"Transects_100m_AddSpatialJoin.z_min":0,"Transects_100m_AddSpatialJoin.relief_m":0,"Transects_100m_AddSpatialJoin.slope_avg":0,"Transects_100m_AddSpatialJoin.road_z":0,"Transects_100m_AddSpatialJoin.shch_myr":0,"Transects_100m_AddSpatialJoin.eros_hot":"","Transects_100m_AddSpatialJoin.bnour":"","Transects_100m_AddSpatialJoin.bnour_yr":0,"Transects_100m_AddSpatialJoin.bnour_src":"","Transects_100m_AddSpatialJoin.armor":"","Transects_100m_AddSpatialJoin.editor":"","Transects_100m_AddSpatialJoin.edit_date":null,"Transects_100m_AddSpatialJoin.notes":"","Transects_100m_AddSpatialJoin.hotspot":0,"Transects_100m_AddSpatialJoin.Shape_Length":10000}},{"type":"Feature","id":271,"geometry":{"type":"LineString","coordinates":[[460198.4523,3924762.3268999998],[450198.4523,3924762.3268999998]]},"properties":{"Transects_100m.OBJECTID":271,"Transects_100m.LineID":271,"Transects_100m.Shape_Length":10000,"Transects_100m_AddSpatialJoin.OBJECTID":271,"Transects_100m_AddSpatialJoin.Join_Count":1,"Transects_100m_AddSpatialJoin.TARGET_FID":271,"Transects_100m_AddSpatialJoin.Coords":3924686,"Transects_100m_AddSpatialJoin.domain_id":52,"Transects_100m_AddSpatialJoin.reach":"","Transects_100m_AddSpatialJoin.z_mean":0,"Transects_100m_AddSpatialJoin.z_max":0,"Transects_100m_AddSpatialJoin.z_min":0,"Transects_100m_AddSpatialJoin.relief_m":0,"Transects_100m_AddSpatialJoin.slope_avg":0,"Transects_100m_AddSpatialJoin.road_z":0,"Transects_100m_AddSpatialJoin.shch_myr":0,"Transects_100m_AddSpatialJoin.eros_hot":"","Transects_100m_AddSpatialJoin.bnour":"","Transects_100m_AddSpatialJoin.bnour_yr":0,"Transects_100m_AddSpatialJoin.bnour_src":"","Transects_100m_AddSpatialJoin.armor":"","Transects_100m_AddSpatialJoin.editor":"","Transects_100m_AddSpatialJoin.edit_date":null,"Transects_100m_AddSpatialJoin.notes":"","Transects_100m_AddSpatialJoin.hotspot":0,"Transects_100m_AddSpatialJoin.Shape_Length":10000}},{"type":"Feature","id":272,"geometry":{"type":"LineString","coordinates":[[460198.4523,3924862.3268999998],[450198.4523,3924862.3268999998]]},"properties":{"Transects_100m.OBJECTID":272,"Transects_100m.LineID":272,"Transects_100m.Shape_Length":10000,"Transects_100m_AddSpatialJoin.OBJECTID":272,"Transects_100m_AddSpatialJoin.Join_Count":1,"Transects_100m_AddSpatialJoin.TARGET_FID":272,"Transects_100m_AddSpatialJoin.Coords":3924686,"Transects_100m_AddSpatialJoin.domain_id":52,"Transects_100m_AddSpatialJoin.reach":"","Transects_100m_AddSpatialJoin.z_mean":0,"Transects_100m_AddSpatialJoin.z_max":0,"Transects_100m_AddSpatialJoin.z_min":0,"Transects_100m_AddSpatialJoin.relief_m":0,"Transects_100m_AddSpatialJoin.slope_avg":0,"Transects_100m_AddSpatialJoin.road_z":0,"Transects_100m_AddSpatialJoin.shch_myr":0,"Transects_100m_AddSpatialJoin.eros_hot":"","Transects_100m_AddSpatialJoin.bnour":"","Transects_100m_AddSpatialJoin.bnour_yr":0,"Transects_100m_AddSpatialJoin.bnour_src":"","Transects_100m_AddSpatialJoin.armor":"","Transects_100m_AddSpatialJoin.editor":"","Transects_100m_AddSpatialJoin.edit_date":null,"Transects_100m_AddSpatialJoin.notes":"","Transects_100m_AddSpatialJoin.hotspot":0,"Transects_100m_AddSpatialJoin.Shape_Length":10000}},{"type":"Feature","id":273,"geometry":{"type":"LineString","coordinates":[[460198.4523,3924962.3268999998],[450198.4523,3924962.3268999998]]},"properties":{"Transects_100m.OBJECTID":273,"Transects_100m.LineID":273,"Transects_100m.Shape_Length":10000,"Transects_100m_AddSpatialJoin.OBJECTID":273,"Transects_100m_AddSpatialJoin.Join_Count":1,"Transects_100m_AddSpatialJoin.TARGET_FID":273,"Transects_100m_AddSpatialJoin.Coords":3925189,"Transects_100m_AddSpatialJoin.domain_id":53,"Transects_100m_AddSpatialJoin.reach":"","Transects_100m_AddSpatialJoin.z_mean":0,"Transects_100m_AddSpatialJoin.z_max":0,"Transects_100m_AddSpatialJoin.z_min":0,"Transects_100m_AddSpatialJoin.relief_m":0,"Transects_100m_AddSpatialJoin.slope_avg":0,"Transects_100m_AddSpatialJoin.road_z":0,"Transects_100m_AddSpatialJoin.shch_myr":0,"Transects_100m_AddSpatialJoin.eros_hot":"","Transects_100m_AddSpatialJoin.bnour":"","Transects_100m_AddSpatialJoin.bnour_yr":0,"Transects_100m_AddSpatialJoin.bnour_src":"","Transects_100m_AddSpatialJoin.armor":"","Transects_100m_AddSpatialJoin.editor":"","Transects_100m_AddSpatialJoin.edit_date":null,"Transects_100m_AddSpatialJoin.notes":"","Transects_100m_AddSpatialJoin.hotspot":0,"Transects_100m_AddSpatialJoin.Shape_Length":10000}},{"type":"Feature","id":274,"geometry":{"type":"LineString","coordinates":[[460198.4523,3925062.3268999998],[450198.4523,3925062.3268999998]]},"properties":{"Transects_100m.OBJECTID":274,"Transects_100m.LineID":274,"Transects_100m.Shape_Length":10000,"Transects_100m_AddSpatialJoin.OBJECTID":274,"Transects_100m_AddSpatialJoin.Join_Count":1,"Transects_100m_AddSpatialJoin.TARGET_FID":274,"Transects_100m_AddSpatialJoin.Coords":3925189,"Transects_100m_AddSpatialJoin.domain_id":53,"Transects_100m_AddSpatialJoin.reach":"","Transects_100m_AddSpatialJoin.z_mean":0,"Transects_100m_AddSpatialJoin.z_max":0,"Transects_100m_AddSpatialJoin.z_min":0,"Transects_100m_AddSpatialJoin.relief_m":0,"Transects_100m_AddSpatialJoin.slope_avg":0,"Transects_100m_AddSpatialJoin.road_z":0,"Transects_100m_AddSpatialJoin.shch_myr":0,"Transects_100m_AddSpatialJoin.eros_hot":"","Transects_100m_AddSpatialJoin.bnour":"","Transects_100m_AddSpatialJoin.bnour_yr":0,"Transects_100m_AddSpatialJoin.bnour_src":"","Transects_100m_AddSpatialJoin.armor":"","Transects_100m_AddSpatialJoin.editor":"","Transects_100m_AddSpatialJoin.edit_date":null,"Transects_100m_AddSpatialJoin.notes":"","Transects_100m_AddSpatialJoin.hotspot":0,"Transects_100m_AddSpatialJoin.Shape_Length":10000}},{"type":"Feature","id":275,"geometry":{"type":"LineString","coordinates":[[460198.4523,3925162.3268999998],[450198.4523,3925162.3268999998]]},"properties":{"Transects_100m.OBJECTID":275,"Transects_100m.LineID":275,"Transects_100m.Shape_Length":10000,"Transects_100m_AddSpatialJoin.OBJECTID":275,"Transects_100m_AddSpatialJoin.Join_Count":1,"Transects_100m_AddSpatialJoin.TARGET_FID":275,"Transects_100m_AddSpatialJoin.Coords":3925189,"Transects_100m_AddSpatialJoin.domain_id":53,"Transects_100m_AddSpatialJoin.reach":"","Transects_100m_AddSpatialJoin.z_mean":0,"Transects_100m_AddSpatialJoin.z_max":0,"Transects_100m_AddSpatialJoin.z_min":0,"Transects_100m_AddSpatialJoin.relief_m":0,"Transects_100m_AddSpatialJoin.slope_avg":0,"Transects_100m_AddSpatialJoin.road_z":0,"Transects_100m_AddSpatialJoin.shch_myr":0,"Transects_100m_AddSpatialJoin.eros_hot":"","Transects_100m_AddSpatialJoin.bnour":"","Transects_100m_AddSpatialJoin.bnour_yr":0,"Transects_100m_AddSpatialJoin.bnour_src":"","Transects_100m_AddSpatialJoin.armor":"","Transects_100m_AddSpatialJoin.editor":"","Transects_100m_AddSpatialJoin.edit_date":null,"Transects_100m_AddSpatialJoin.notes":"","Transects_100m_AddSpatialJoin.hotspot":0,"Transects_100m_AddSpatialJoin.Shape_Length":10000}},{"type":"Feature","id":276,"geometry":{"type":"LineString","coordinates":[[460198.4523,3925262.3268999998],[450198.4523,3925262.3268999998]]},"properties":{"Transects_100m.OBJECTID":276,"Transects_100m.LineID":276,"Transects_100m.Shape_Length":10000,"Transects_100m_AddSpatialJoin.OBJECTID":276,"Transects_100m_AddSpatialJoin.Join_Count":1,"Transects_100m_AddSpatialJoin.TARGET_FID":276,"Transects_100m_AddSpatialJoin.Coords":3925189,"Transects_100m_AddSpatialJoin.domain_id":53,"Transects_100m_AddSpatialJoin.reach":"","Transects_100m_AddSpatialJoin.z_mean":0,"Transects_100m_AddSpatialJoin.z_max":0,"Transects_100m_AddSpatialJoin.z_min":0,"Transects_100m_AddSpatialJoin.relief_m":0,"Transects_100m_AddSpatialJoin.slope_avg":0,"Transects_100m_AddSpatialJoin.road_z":0,"Transects_100m_AddSpatialJoin.shch_myr":0,"Transects_100m_AddSpatialJoin.eros_hot":"","Transects_100m_AddSpatialJoin.bnour":"","Transects_100m_AddSpatialJoin.bnour_yr":0,"Transects_100m_AddSpatialJoin.bnour_src":"","Transects_100m_AddSpatialJoin.armor":"","Transects_100m_AddSpatialJoin.editor":"","Transects_100m_AddSpatialJoin.edit_date":null,"Transects_100m_AddSpatialJoin.notes":"","Transects_100m_AddSpatialJoin.hotspot":0,"Transects_100m_AddSpatialJoin.Shape_Length":10000}},{"type":"Feature","id":277,"geometry":{"type":"LineString","coordinates":[[460198.4523,3925362.3268999998],[450198.4523,3925362.3268999998]]},"properties":{"Transects_100m.OBJECTID":277,"Transects_100m.LineID":277,"Transects_100m.Shape_Length":10000,"Transects_100m_AddSpatialJoin.OBJECTID":277,"Transects_100m_AddSpatialJoin.Join_Count":1,"Transects_100m_AddSpatialJoin.TARGET_FID":277,"Transects_100m_AddSpatialJoin.Coords":3925189,"Transects_100m_AddSpatialJoin.domain_id":53,"Transects_100m_AddSpatialJoin.reach":"","Transects_100m_AddSpatialJoin.z_mean":0,"Transects_100m_AddSpatialJoin.z_max":0,"Transects_100m_AddSpatialJoin.z_min":0,"Transects_100m_AddSpatialJoin.relief_m":0,"Transects_100m_AddSpatialJoin.slope_avg":0,"Transects_100m_AddSpatialJoin.road_z":0,"Transects_100m_AddSpatialJoin.shch_myr":0,"Transects_100m_AddSpatialJoin.eros_hot":"","Transects_100m_AddSpatialJoin.bnour":"","Transects_100m_AddSpatialJoin.bnour_yr":0,"Transects_100m_AddSpatialJoin.bnour_src":"","Transects_100m_AddSpatialJoin.armor":"","Transects_100m_AddSpatialJoin.editor":"","Transects_100m_AddSpatialJoin.edit_date":null,"Transects_100m_AddSpatialJoin.notes":"","Transects_100m_AddSpatialJoin.hotspot":0,"Transects_100m_AddSpatialJoin.Shape_Length":10000}},{"type":"Feature","id":278,"geometry":{"type":"LineString","coordinates":[[460198.4523,3925462.3268999998],[450198.4523,3925462.3268999998]]},"properties":{"Transects_100m.OBJECTID":278,"Transects_100m.LineID":278,"Transects_100m.Shape_Length":10000,"Transects_100m_AddSpatialJoin.OBJECTID":278,"Transects_100m_AddSpatialJoin.Join_Count":1,"Transects_100m_AddSpatialJoin.TARGET_FID":278,"Transects_100m_AddSpatialJoin.Coords":3925690,"Transects_100m_AddSpatialJoin.domain_id":54,"Transects_100m_AddSpatialJoin.reach":"","Transects_100m_AddSpatialJoin.z_mean":0,"Transects_100m_AddSpatialJoin.z_max":0,"Transects_100m_AddSpatialJoin.z_min":0,"Transects_100m_AddSpatialJoin.relief_m":0,"Transects_100m_AddSpatialJoin.slope_avg":0,"Transects_100m_AddSpatialJoin.road_z":0,"Transects_100m_AddSpatialJoin.shch_myr":0,"Transects_100m_AddSpatialJoin.eros_hot":"","Transects_100m_AddSpatialJoin.bnour":"","Transects_100m_AddSpatialJoin.bnour_yr":0,"Transects_100m_AddSpatialJoin.bnour_src":"","Transects_100m_AddSpatialJoin.armor":"","Transects_100m_AddSpatialJoin.editor":"","Transects_100m_AddSpatialJoin.edit_date":null,"Transects_100m_AddSpatialJoin.notes":"","Transects_100m_AddSpatialJoin.hotspot":0,"Transects_100m_AddSpatialJoin.Shape_Length":10000}},{"type":"Feature","id":279,"geometry":{"type":"LineString","coordinates":[[460198.4523,3925562.3268999998],[450198.4523,3925562.3268999998]]},"properties":{"Transects_100m.OBJECTID":279,"Transects_100m.LineID":279,"Transects_100m.Shape_Length":10000,"Transects_100m_AddSpatialJoin.OBJECTID":279,"Transects_100m_AddSpatialJoin.Join_Count":1,"Transects_100m_AddSpatialJoin.TARGET_FID":279,"Transects_100m_AddSpatialJoin.Coords":3925690,"Transects_100m_AddSpatialJoin.domain_id":54,"Transects_100m_AddSpatialJoin.reach":"","Transects_100m_AddSpatialJoin.z_mean":0,"Transects_100m_AddSpatialJoin.z_max":0,"Transects_100m_AddSpatialJoin.z_min":0,"Transects_100m_AddSpatialJoin.relief_m":0,"Transects_100m_AddSpatialJoin.slope_avg":0,"Transects_100m_AddSpatialJoin.road_z":0,"Transects_100m_AddSpatialJoin.shch_myr":0,"Transects_100m_AddSpatialJoin.eros_hot":"","Transects_100m_AddSpatialJoin.bnour":"","Transects_100m_AddSpatialJoin.bnour_yr":0,"Transects_100m_AddSpatialJoin.bnour_src":"","Transects_100m_AddSpatialJoin.armor":"","Transects_100m_AddSpatialJoin.editor":"","Transects_100m_AddSpatialJoin.edit_date":null,"Transects_100m_AddSpatialJoin.notes":"","Transects_100m_AddSpatialJoin.hotspot":0,"Transects_100m_AddSpatialJoin.Shape_Length":10000}},{"type":"Feature","id":280,"geometry":{"type":"LineString","coordinates":[[460198.4523,3925662.3268999998],[450198.4523,3925662.3268999998]]},"properties":{"Transects_100m.OBJECTID":280,"Transects_100m.LineID":280,"Transects_100m.Shape_Length":10000,"Transects_100m_AddSpatialJoin.OBJECTID":280,"Transects_100m_AddSpatialJoin.Join_Count":1,"Transects_100m_AddSpatialJoin.TARGET_FID":280,"Transects_100m_AddSpatialJoin.Coords":3925690,"Transects_100m_AddSpatialJoin.domain_id":54,"Transects_100m_AddSpatialJoin.reach":"","Transects_100m_AddSpatialJoin.z_mean":0,"Transects_100m_AddSpatialJoin.z_max":0,"Transects_100m_AddSpatialJoin.z_min":0,"Transects_100m_AddSpatialJoin.relief_m":0,"Transects_100m_AddSpatialJoin.slope_avg":0,"Transects_100m_AddSpatialJoin.road_z":0,"Transects_100m_AddSpatialJoin.shch_myr":0,"Transects_100m_AddSpatialJoin.eros_hot":"","Transects_100m_AddSpatialJoin.bnour":"","Transects_100m_AddSpatialJoin.bnour_yr":0,"Transects_100m_AddSpatialJoin.bnour_src":"","Transects_100m_AddSpatialJoin.armor":"","Transects_100m_AddSpatialJoin.editor":"","Transects_100m_AddSpatialJoin.edit_date":null,"Transects_100m_AddSpatialJoin.notes":"","Transects_100m_AddSpatialJoin.hotspot":0,"Transects_100m_AddSpatialJoin.Shape_Length":10000}},{"type":"Feature","id":281,"geometry":{"type":"LineString","coordinates":[[460198.4523,3925762.3268999998],[450198.4523,3925762.3268999998]]},"properties":{"Transects_100m.OBJECTID":281,"Transects_100m.LineID":281,"Transects_100m.Shape_Length":10000,"Transects_100m_AddSpatialJoin.OBJECTID":281,"Transects_100m_AddSpatialJoin.Join_Count":1,"Transects_100m_AddSpatialJoin.TARGET_FID":281,"Transects_100m_AddSpatialJoin.Coords":3925690,"Transects_100m_AddSpatialJoin.domain_id":54,"Transects_100m_AddSpatialJoin.reach":"","Transects_100m_AddSpatialJoin.z_mean":0,"Transects_100m_AddSpatialJoin.z_max":0,"Transects_100m_AddSpatialJoin.z_min":0,"Transects_100m_AddSpatialJoin.relief_m":0,"Transects_100m_AddSpatialJoin.slope_avg":0,"Transects_100m_AddSpatialJoin.road_z":0,"Transects_100m_AddSpatialJoin.shch_myr":0,"Transects_100m_AddSpatialJoin.eros_hot":"","Transects_100m_AddSpatialJoin.bnour":"","Transects_100m_AddSpatialJoin.bnour_yr":0,"Transects_100m_AddSpatialJoin.bnour_src":"","Transects_100m_AddSpatialJoin.armor":"","Transects_100m_AddSpatialJoin.editor":"","Transects_100m_AddSpatialJoin.edit_date":null,"Transects_100m_AddSpatialJoin.notes":"","Transects_100m_AddSpatialJoin.hotspot":0,"Transects_100m_AddSpatialJoin.Shape_Length":10000}},{"type":"Feature","id":282,"geometry":{"type":"LineString","coordinates":[[460198.4523,3925862.3268999998],[450198.4523,3925862.3268999998]]},"properties":{"Transects_100m.OBJECTID":282,"Transects_100m.LineID":282,"Transects_100m.Shape_Length":10000,"Transects_100m_AddSpatialJoin.OBJECTID":282,"Transects_100m_AddSpatialJoin.Join_Count":1,"Transects_100m_AddSpatialJoin.TARGET_FID":282,"Transects_100m_AddSpatialJoin.Coords":3925690,"Transects_100m_AddSpatialJoin.domain_id":54,"Transects_100m_AddSpatialJoin.reach":"","Transects_100m_AddSpatialJoin.z_mean":0,"Transects_100m_AddSpatialJoin.z_max":0,"Transects_100m_AddSpatialJoin.z_min":0,"Transects_100m_AddSpatialJoin.relief_m":0,"Transects_100m_AddSpatialJoin.slope_avg":0,"Transects_100m_AddSpatialJoin.road_z":0,"Transects_100m_AddSpatialJoin.shch_myr":0,"Transects_100m_AddSpatialJoin.eros_hot":"","Transects_100m_AddSpatialJoin.bnour":"","Transects_100m_AddSpatialJoin.bnour_yr":0,"Transects_100m_AddSpatialJoin.bnour_src":"","Transects_100m_AddSpatialJoin.armor":"","Transects_100m_AddSpatialJoin.editor":"","Transects_100m_AddSpatialJoin.edit_date":null,"Transects_100m_AddSpatialJoin.notes":"","Transects_100m_AddSpatialJoin.hotspot":0,"Transects_100m_AddSpatialJoin.Shape_Length":10000}},{"type":"Feature","id":283,"geometry":{"type":"LineString","coordinates":[[460198.4523,3925962.3268999998],[450198.4523,3925962.3268999998]]},"properties":{"Transects_100m.OBJECTID":283,"Transects_100m.LineID":283,"Transects_100m.Shape_Length":10000,"Transects_100m_AddSpatialJoin.OBJECTID":283,"Transects_100m_AddSpatialJoin.Join_Count":1,"Transects_100m_AddSpatialJoin.TARGET_FID":283,"Transects_100m_AddSpatialJoin.Coords":3926193,"Transects_100m_AddSpatialJoin.domain_id":55,"Transects_100m_AddSpatialJoin.reach":"","Transects_100m_AddSpatialJoin.z_mean":0,"Transects_100m_AddSpatialJoin.z_max":0,"Transects_100m_AddSpatialJoin.z_min":0,"Transects_100m_AddSpatialJoin.relief_m":0,"Transects_100m_AddSpatialJoin.slope_avg":0,"Transects_100m_AddSpatialJoin.road_z":0,"Transects_100m_AddSpatialJoin.shch_myr":0,"Transects_100m_AddSpatialJoin.eros_hot":"","Transects_100m_AddSpatialJoin.bnour":"","Transects_100m_AddSpatialJoin.bnour_yr":0,"Transects_100m_AddSpatialJoin.bnour_src":"","Transects_100m_AddSpatialJoin.armor":"","Transects_100m_AddSpatialJoin.editor":"","Transects_100m_AddSpatialJoin.edit_date":null,"Transects_100m_AddSpatialJoin.notes":"","Transects_100m_AddSpatialJoin.hotspot":0,"Transects_100m_AddSpatialJoin.Shape_Length":10000}},{"type":"Feature","id":284,"geometry":{"type":"LineString","coordinates":[[460198.4523,3926062.3268999998],[450198.4523,3926062.3268999998]]},"properties":{"Transects_100m.OBJECTID":284,"Transects_100m.LineID":284,"Transects_100m.Shape_Length":10000,"Transects_100m_AddSpatialJoin.OBJECTID":284,"Transects_100m_AddSpatialJoin.Join_Count":1,"Transects_100m_AddSpatialJoin.TARGET_FID":284,"Transects_100m_AddSpatialJoin.Coords":3926193,"Transects_100m_AddSpatialJoin.domain_id":55,"Transects_100m_AddSpatialJoin.reach":"","Transects_100m_AddSpatialJoin.z_mean":0,"Transects_100m_AddSpatialJoin.z_max":0,"Transects_100m_AddSpatialJoin.z_min":0,"Transects_100m_AddSpatialJoin.relief_m":0,"Transects_100m_AddSpatialJoin.slope_avg":0,"Transects_100m_AddSpatialJoin.road_z":0,"Transects_100m_AddSpatialJoin.shch_myr":0,"Transects_100m_AddSpatialJoin.eros_hot":"","Transects_100m_AddSpatialJoin.bnour":"","Transects_100m_AddSpatialJoin.bnour_yr":0,"Transects_100m_AddSpatialJoin.bnour_src":"","Transects_100m_AddSpatialJoin.armor":"","Transects_100m_AddSpatialJoin.editor":"","Transects_100m_AddSpatialJoin.edit_date":null,"Transects_100m_AddSpatialJoin.notes":"","Transects_100m_AddSpatialJoin.hotspot":0,"Transects_100m_AddSpatialJoin.Shape_Length":10000}},{"type":"Feature","id":285,"geometry":{"type":"LineString","coordinates":[[460198.4523,3926162.3268999998],[450198.4523,3926162.3268999998]]},"properties":{"Transects_100m.OBJECTID":285,"Transects_100m.LineID":285,"Transects_100m.Shape_Length":10000,"Transects_100m_AddSpatialJoin.OBJECTID":285,"Transects_100m_AddSpatialJoin.Join_Count":1,"Transects_100m_AddSpatialJoin.TARGET_FID":285,"Transects_100m_AddSpatialJoin.Coords":3926193,"Transects_100m_AddSpatialJoin.domain_id":55,"Transects_100m_AddSpatialJoin.reach":"","Transects_100m_AddSpatialJoin.z_mean":0,"Transects_100m_AddSpatialJoin.z_max":0,"Transects_100m_AddSpatialJoin.z_min":0,"Transects_100m_AddSpatialJoin.relief_m":0,"Transects_100m_AddSpatialJoin.slope_avg":0,"Transects_100m_AddSpatialJoin.road_z":0,"Transects_100m_AddSpatialJoin.shch_myr":0,"Transects_100m_AddSpatialJoin.eros_hot":"","Transects_100m_AddSpatialJoin.bnour":"","Transects_100m_AddSpatialJoin.bnour_yr":0,"Transects_100m_AddSpatialJoin.bnour_src":"","Transects_100m_AddSpatialJoin.armor":"","Transects_100m_AddSpatialJoin.editor":"","Transects_100m_AddSpatialJoin.edit_date":null,"Transects_100m_AddSpatialJoin.notes":"","Transects_100m_AddSpatialJoin.hotspot":0,"Transects_100m_AddSpatialJoin.Shape_Length":10000}},{"type":"Feature","id":286,"geometry":{"type":"LineString","coordinates":[[460198.4523,3926262.3268999998],[450198.4523,3926262.3268999998]]},"properties":{"Transects_100m.OBJECTID":286,"Transects_100m.LineID":286,"Transects_100m.Shape_Length":10000,"Transects_100m_AddSpatialJoin.OBJECTID":286,"Transects_100m_AddSpatialJoin.Join_Count":1,"Transects_100m_AddSpatialJoin.TARGET_FID":286,"Transects_100m_AddSpatialJoin.Coords":3926193,"Transects_100m_AddSpatialJoin.domain_id":55,"Transects_100m_AddSpatialJoin.reach":"","Transects_100m_AddSpatialJoin.z_mean":0,"Transects_100m_AddSpatialJoin.z_max":0,"Transects_100m_AddSpatialJoin.z_min":0,"Transects_100m_AddSpatialJoin.relief_m":0,"Transects_100m_AddSpatialJoin.slope_avg":0,"Transects_100m_AddSpatialJoin.road_z":0,"Transects_100m_AddSpatialJoin.shch_myr":0,"Transects_100m_AddSpatialJoin.eros_hot":"","Transects_100m_AddSpatialJoin.bnour":"","Transects_100m_AddSpatialJoin.bnour_yr":0,"Transects_100m_AddSpatialJoin.bnour_src":"","Transects_100m_AddSpatialJoin.armor":"","Transects_100m_AddSpatialJoin.editor":"","Transects_100m_AddSpatialJoin.edit_date":null,"Transects_100m_AddSpatialJoin.notes":"","Transects_100m_AddSpatialJoin.hotspot":0,"Transects_100m_AddSpatialJoin.Shape_Length":10000}},{"type":"Feature","id":287,"geometry":{"type":"LineString","coordinates":[[460198.4523,3926362.3268999998],[450198.4523,3926362.3268999998]]},"properties":{"Transects_100m.OBJECTID":287,"Transects_100m.LineID":287,"Transects_100m.Shape_Length":10000,"Transects_100m_AddSpatialJoin.OBJECTID":287,"Transects_100m_AddSpatialJoin.Join_Count":1,"Transects_100m_AddSpatialJoin.TARGET_FID":287,"Transects_100m_AddSpatialJoin.Coords":3926193,"Transects_100m_AddSpatialJoin.domain_id":55,"Transects_100m_AddSpatialJoin.reach":"","Transects_100m_AddSpatialJoin.z_mean":0,"Transects_100m_AddSpatialJoin.z_max":0,"Transects_100m_AddSpatialJoin.z_min":0,"Transects_100m_AddSpatialJoin.relief_m":0,"Transects_100m_AddSpatialJoin.slope_avg":0,"Transects_100m_AddSpatialJoin.road_z":0,"Transects_100m_AddSpatialJoin.shch_myr":0,"Transects_100m_AddSpatialJoin.eros_hot":"","Transects_100m_AddSpatialJoin.bnour":"","Transects_100m_AddSpatialJoin.bnour_yr":0,"Transects_100m_AddSpatialJoin.bnour_src":"","Transects_100m_AddSpatialJoin.armor":"","Transects_100m_AddSpatialJoin.editor":"","Transects_100m_AddSpatialJoin.edit_date":null,"Transects_100m_AddSpatialJoin.notes":"","Transects_100m_AddSpatialJoin.hotspot":0,"Transects_100m_AddSpatialJoin.Shape_Length":10000}},{"type":"Feature","id":288,"geometry":{"type":"LineString","coordinates":[[460198.4523,3926462.3268999998],[450198.4523,3926462.3268999998]]},"properties":{"Transects_100m.OBJECTID":288,"Transects_100m.LineID":288,"Transects_100m.Shape_Length":10000,"Transects_100m_AddSpatialJoin.OBJECTID":288,"Transects_100m_AddSpatialJoin.Join_Count":1,"Transects_100m_AddSpatialJoin.TARGET_FID":288,"Transects_100m_AddSpatialJoin.Coords":3926697,"Transects_100m_AddSpatialJoin.domain_id":56,"Transects_100m_AddSpatialJoin.reach":"","Transects_100m_AddSpatialJoin.z_mean":0,"Transects_100m_AddSpatialJoin.z_max":0,"Transects_100m_AddSpatialJoin.z_min":0,"Transects_100m_AddSpatialJoin.relief_m":0,"Transects_100m_AddSpatialJoin.slope_avg":0,"Transects_100m_AddSpatialJoin.road_z":0,"Transects_100m_AddSpatialJoin.shch_myr":0,"Transects_100m_AddSpatialJoin.eros_hot":"","Transects_100m_AddSpatialJoin.bnour":"","Transects_100m_AddSpatialJoin.bnour_yr":0,"Transects_100m_AddSpatialJoin.bnour_src":"","Transects_100m_AddSpatialJoin.armor":"","Transects_100m_AddSpatialJoin.editor":"","Transects_100m_AddSpatialJoin.edit_date":null,"Transects_100m_AddSpatialJoin.notes":"","Transects_100m_AddSpatialJoin.hotspot":0,"Transects_100m_AddSpatialJoin.Shape_Length":10000}},{"type":"Feature","id":289,"geometry":{"type":"LineString","coordinates":[[460198.4523,3926562.3268999998],[450198.4523,3926562.3268999998]]},"properties":{"Transects_100m.OBJECTID":289,"Transects_100m.LineID":289,"Transects_100m.Shape_Length":10000,"Transects_100m_AddSpatialJoin.OBJECTID":289,"Transects_100m_AddSpatialJoin.Join_Count":1,"Transects_100m_AddSpatialJoin.TARGET_FID":289,"Transects_100m_AddSpatialJoin.Coords":3926697,"Transects_100m_AddSpatialJoin.domain_id":56,"Transects_100m_AddSpatialJoin.reach":"","Transects_100m_AddSpatialJoin.z_mean":0,"Transects_100m_AddSpatialJoin.z_max":0,"Transects_100m_AddSpatialJoin.z_min":0,"Transects_100m_AddSpatialJoin.relief_m":0,"Transects_100m_AddSpatialJoin.slope_avg":0,"Transects_100m_AddSpatialJoin.road_z":0,"Transects_100m_AddSpatialJoin.shch_myr":0,"Transects_100m_AddSpatialJoin.eros_hot":"","Transects_100m_AddSpatialJoin.bnour":"","Transects_100m_AddSpatialJoin.bnour_yr":0,"Transects_100m_AddSpatialJoin.bnour_src":"","Transects_100m_AddSpatialJoin.armor":"","Transects_100m_AddSpatialJoin.editor":"","Transects_100m_AddSpatialJoin.edit_date":null,"Transects_100m_AddSpatialJoin.notes":"","Transects_100m_AddSpatialJoin.hotspot":0,"Transects_100m_AddSpatialJoin.Shape_Length":10000}},{"type":"Feature","id":290,"geometry":{"type":"LineString","coordinates":[[460198.4523,3926662.3268999998],[450198.4523,3926662.3268999998]]},"properties":{"Transects_100m.OBJECTID":290,"Transects_100m.LineID":290,"Transects_100m.Shape_Length":10000,"Transects_100m_AddSpatialJoin.OBJECTID":290,"Transects_100m_AddSpatialJoin.Join_Count":1,"Transects_100m_AddSpatialJoin.TARGET_FID":290,"Transects_100m_AddSpatialJoin.Coords":3926697,"Transects_100m_AddSpatialJoin.domain_id":56,"Transects_100m_AddSpatialJoin.reach":"","Transects_100m_AddSpatialJoin.z_mean":0,"Transects_100m_AddSpatialJoin.z_max":0,"Transects_100m_AddSpatialJoin.z_min":0,"Transects_100m_AddSpatialJoin.relief_m":0,"Transects_100m_AddSpatialJoin.slope_avg":0,"Transects_100m_AddSpatialJoin.road_z":0,"Transects_100m_AddSpatialJoin.shch_myr":0,"Transects_100m_AddSpatialJoin.eros_hot":"","Transects_100m_AddSpatialJoin.bnour":"","Transects_100m_AddSpatialJoin.bnour_yr":0,"Transects_100m_AddSpatialJoin.bnour_src":"","Transects_100m_AddSpatialJoin.armor":"","Transects_100m_AddSpatialJoin.editor":"","Transects_100m_AddSpatialJoin.edit_date":null,"Transects_100m_AddSpatialJoin.notes":"","Transects_100m_AddSpatialJoin.hotspot":0,"Transects_100m_AddSpatialJoin.Shape_Length":10000}},{"type":"Feature","id":291,"geometry":{"type":"LineString","coordinates":[[460198.4523,3926762.3268999998],[450198.4523,3926762.3268999998]]},"properties":{"Transects_100m.OBJECTID":291,"Transects_100m.LineID":291,"Transects_100m.Shape_Length":10000,"Transects_100m_AddSpatialJoin.OBJECTID":291,"Transects_100m_AddSpatialJoin.Join_Count":1,"Transects_100m_AddSpatialJoin.TARGET_FID":291,"Transects_100m_AddSpatialJoin.Coords":3926697,"Transects_100m_AddSpatialJoin.domain_id":56,"Transects_100m_AddSpatialJoin.reach":"","Transects_100m_AddSpatialJoin.z_mean":0,"Transects_100m_AddSpatialJoin.z_max":0,"Transects_100m_AddSpatialJoin.z_min":0,"Transects_100m_AddSpatialJoin.relief_m":0,"Transects_100m_AddSpatialJoin.slope_avg":0,"Transects_100m_AddSpatialJoin.road_z":0,"Transects_100m_AddSpatialJoin.shch_myr":0,"Transects_100m_AddSpatialJoin.eros_hot":"","Transects_100m_AddSpatialJoin.bnour":"","Transects_100m_AddSpatialJoin.bnour_yr":0,"Transects_100m_AddSpatialJoin.bnour_src":"","Transects_100m_AddSpatialJoin.armor":"","Transects_100m_AddSpatialJoin.editor":"","Transects_100m_AddSpatialJoin.edit_date":null,"Transects_100m_AddSpatialJoin.notes":"","Transects_100m_AddSpatialJoin.hotspot":0,"Transects_100m_AddSpatialJoin.Shape_Length":10000}},{"type":"Feature","id":292,"geometry":{"type":"LineString","coordinates":[[460198.4523,3926862.3268999998],[450198.4523,3926862.3268999998]]},"properties":{"Transects_100m.OBJECTID":292,"Transects_100m.LineID":292,"Transects_100m.Shape_Length":10000,"Transects_100m_AddSpatialJoin.OBJECTID":292,"Transects_100m_AddSpatialJoin.Join_Count":1,"Transects_100m_AddSpatialJoin.TARGET_FID":292,"Transects_100m_AddSpatialJoin.Coords":3926697,"Transects_100m_AddSpatialJoin.domain_id":56,"Transects_100m_AddSpatialJoin.reach":"","Transects_100m_AddSpatialJoin.z_mean":0,"Transects_100m_AddSpatialJoin.z_max":0,"Transects_100m_AddSpatialJoin.z_min":0,"Transects_100m_AddSpatialJoin.relief_m":0,"Transects_100m_AddSpatialJoin.slope_avg":0,"Transects_100m_AddSpatialJoin.road_z":0,"Transects_100m_AddSpatialJoin.shch_myr":0,"Transects_100m_AddSpatialJoin.eros_hot":"","Transects_100m_AddSpatialJoin.bnour":"","Transects_100m_AddSpatialJoin.bnour_yr":0,"Transects_100m_AddSpatialJoin.bnour_src":"","Transects_100m_AddSpatialJoin.armor":"","Transects_100m_AddSpatialJoin.editor":"","Transects_100m_AddSpatialJoin.edit_date":null,"Transects_100m_AddSpatialJoin.notes":"","Transects_100m_AddSpatialJoin.hotspot":0,"Transects_100m_AddSpatialJoin.Shape_Length":10000}},{"type":"Feature","id":293,"geometry":{"type":"LineString","coordinates":[[460198.4523,3926962.3268999998],[450198.4523,3926962.3268999998]]},"properties":{"Transects_100m.OBJECTID":293,"Transects_100m.LineID":293,"Transects_100m.Shape_Length":10000,"Transects_100m_AddSpatialJoin.OBJECTID":293,"Transects_100m_AddSpatialJoin.Join_Count":1,"Transects_100m_AddSpatialJoin.TARGET_FID":293,"Transects_100m_AddSpatialJoin.Coords":3927200,"Transects_100m_AddSpatialJoin.domain_id":57,"Transects_100m_AddSpatialJoin.reach":"","Transects_100m_AddSpatialJoin.z_mean":0,"Transects_100m_AddSpatialJoin.z_max":0,"Transects_100m_AddSpatialJoin.z_min":0,"Transects_100m_AddSpatialJoin.relief_m":0,"Transects_100m_AddSpatialJoin.slope_avg":0,"Transects_100m_AddSpatialJoin.road_z":0,"Transects_100m_AddSpatialJoin.shch_myr":0,"Transects_100m_AddSpatialJoin.eros_hot":"","Transects_100m_AddSpatialJoin.bnour":"","Transects_100m_AddSpatialJoin.bnour_yr":0,"Transects_100m_AddSpatialJoin.bnour_src":"","Transects_100m_AddSpatialJoin.armor":"","Transects_100m_AddSpatialJoin.editor":"","Transects_100m_AddSpatialJoin.edit_date":null,"Transects_100m_AddSpatialJoin.notes":"","Transects_100m_AddSpatialJoin.hotspot":0,"Transects_100m_AddSpatialJoin.Shape_Length":10000}},{"type":"Feature","id":294,"geometry":{"type":"LineString","coordinates":[[460198.4523,3927062.3268999998],[450198.4523,3927062.3268999998]]},"properties":{"Transects_100m.OBJECTID":294,"Transects_100m.LineID":294,"Transects_100m.Shape_Length":10000,"Transects_100m_AddSpatialJoin.OBJECTID":294,"Transects_100m_AddSpatialJoin.Join_Count":1,"Transects_100m_AddSpatialJoin.TARGET_FID":294,"Transects_100m_AddSpatialJoin.Coords":3927200,"Transects_100m_AddSpatialJoin.domain_id":57,"Transects_100m_AddSpatialJoin.reach":"","Transects_100m_AddSpatialJoin.z_mean":0,"Transects_100m_AddSpatialJoin.z_max":0,"Transects_100m_AddSpatialJoin.z_min":0,"Transects_100m_AddSpatialJoin.relief_m":0,"Transects_100m_AddSpatialJoin.slope_avg":0,"Transects_100m_AddSpatialJoin.road_z":0,"Transects_100m_AddSpatialJoin.shch_myr":0,"Transects_100m_AddSpatialJoin.eros_hot":"","Transects_100m_AddSpatialJoin.bnour":"","Transects_100m_AddSpatialJoin.bnour_yr":0,"Transects_100m_AddSpatialJoin.bnour_src":"","Transects_100m_AddSpatialJoin.armor":"","Transects_100m_AddSpatialJoin.editor":"","Transects_100m_AddSpatialJoin.edit_date":null,"Transects_100m_AddSpatialJoin.notes":"","Transects_100m_AddSpatialJoin.hotspot":0,"Transects_100m_AddSpatialJoin.Shape_Length":10000}},{"type":"Feature","id":295,"geometry":{"type":"LineString","coordinates":[[460198.4523,3927162.3268999998],[450198.4523,3927162.3268999998]]},"properties":{"Transects_100m.OBJECTID":295,"Transects_100m.LineID":295,"Transects_100m.Shape_Length":10000,"Transects_100m_AddSpatialJoin.OBJECTID":295,"Transects_100m_AddSpatialJoin.Join_Count":1,"Transects_100m_AddSpatialJoin.TARGET_FID":295,"Transects_100m_AddSpatialJoin.Coords":3927200,"Transects_100m_AddSpatialJoin.domain_id":57,"Transects_100m_AddSpatialJoin.reach":"","Transects_100m_AddSpatialJoin.z_mean":0,"Transects_100m_AddSpatialJoin.z_max":0,"Transects_100m_AddSpatialJoin.z_min":0,"Transects_100m_AddSpatialJoin.relief_m":0,"Transects_100m_AddSpatialJoin.slope_avg":0,"Transects_100m_AddSpatialJoin.road_z":0,"Transects_100m_AddSpatialJoin.shch_myr":0,"Transects_100m_AddSpatialJoin.eros_hot":"","Transects_100m_AddSpatialJoin.bnour":"","Transects_100m_AddSpatialJoin.bnour_yr":0,"Transects_100m_AddSpatialJoin.bnour_src":"","Transects_100m_AddSpatialJoin.armor":"","Transects_100m_AddSpatialJoin.editor":"","Transects_100m_AddSpatialJoin.edit_date":null,"Transects_100m_AddSpatialJoin.notes":"","Transects_100m_AddSpatialJoin.hotspot":0,"Transects_100m_AddSpatialJoin.Shape_Length":10000}},{"type":"Feature","id":296,"geometry":{"type":"LineString","coordinates":[[460198.4523,3927262.3268999998],[450198.4523,3927262.3268999998]]},"properties":{"Transects_100m.OBJECTID":296,"Transects_100m.LineID":296,"Transects_100m.Shape_Length":10000,"Transects_100m_AddSpatialJoin.OBJECTID":296,"Transects_100m_AddSpatialJoin.Join_Count":1,"Transects_100m_AddSpatialJoin.TARGET_FID":296,"Transects_100m_AddSpatialJoin.Coords":3927200,"Transects_100m_AddSpatialJoin.domain_id":57,"Transects_100m_AddSpatialJoin.reach":"","Transects_100m_AddSpatialJoin.z_mean":0,"Transects_100m_AddSpatialJoin.z_max":0,"Transects_100m_AddSpatialJoin.z_min":0,"Transects_100m_AddSpatialJoin.relief_m":0,"Transects_100m_AddSpatialJoin.slope_avg":0,"Transects_100m_AddSpatialJoin.road_z":0,"Transects_100m_AddSpatialJoin.shch_myr":0,"Transects_100m_AddSpatialJoin.eros_hot":"","Transects_100m_AddSpatialJoin.bnour":"","Transects_100m_AddSpatialJoin.bnour_yr":0,"Transects_100m_AddSpatialJoin.bnour_src":"","Transects_100m_AddSpatialJoin.armor":"","Transects_100m_AddSpatialJoin.editor":"","Transects_100m_AddSpatialJoin.edit_date":null,"Transects_100m_AddSpatialJoin.notes":"","Transects_100m_AddSpatialJoin.hotspot":0,"Transects_100m_AddSpatialJoin.Shape_Length":10000}},{"type":"Feature","id":297,"geometry":{"type":"LineString","coordinates":[[460198.4523,3927362.3268999998],[450198.4523,3927362.3268999998]]},"properties":{"Transects_100m.OBJECTID":297,"Transects_100m.LineID":297,"Transects_100m.Shape_Length":10000,"Transects_100m_AddSpatialJoin.OBJECTID":297,"Transects_100m_AddSpatialJoin.Join_Count":1,"Transects_100m_AddSpatialJoin.TARGET_FID":297,"Transects_100m_AddSpatialJoin.Coords":3927200,"Transects_100m_AddSpatialJoin.domain_id":57,"Transects_100m_AddSpatialJoin.reach":"","Transects_100m_AddSpatialJoin.z_mean":0,"Transects_100m_AddSpatialJoin.z_max":0,"Transects_100m_AddSpatialJoin.z_min":0,"Transects_100m_AddSpatialJoin.relief_m":0,"Transects_100m_AddSpatialJoin.slope_avg":0,"Transects_100m_AddSpatialJoin.road_z":0,"Transects_100m_AddSpatialJoin.shch_myr":0,"Transects_100m_AddSpatialJoin.eros_hot":"","Transects_100m_AddSpatialJoin.bnour":"","Transects_100m_AddSpatialJoin.bnour_yr":0,"Transects_100m_AddSpatialJoin.bnour_src":"","Transects_100m_AddSpatialJoin.armor":"","Transects_100m_AddSpatialJoin.editor":"","Transects_100m_AddSpatialJoin.edit_date":null,"Transects_100m_AddSpatialJoin.notes":"","Transects_100m_AddSpatialJoin.hotspot":0,"Transects_100m_AddSpatialJoin.Shape_Length":10000}},{"type":"Feature","id":298,"geometry":{"type":"LineString","coordinates":[[460198.4523,3927462.3268999998],[450198.4523,3927462.3268999998]]},"properties":{"Transects_100m.OBJECTID":298,"Transects_100m.LineID":298,"Transects_100m.Shape_Length":10000,"Transects_100m_AddSpatialJoin.OBJECTID":298,"Transects_100m_AddSpatialJoin.Join_Count":1,"Transects_100m_AddSpatialJoin.TARGET_FID":298,"Transects_100m_AddSpatialJoin.Coords":3927705,"Transects_100m_AddSpatialJoin.domain_id":58,"Transects_100m_AddSpatialJoin.reach":"","Transects_100m_AddSpatialJoin.z_mean":0,"Transects_100m_AddSpatialJoin.z_max":0,"Transects_100m_AddSpatialJoin.z_min":0,"Transects_100m_AddSpatialJoin.relief_m":0,"Transects_100m_AddSpatialJoin.slope_avg":0,"Transects_100m_AddSpatialJoin.road_z":0,"Transects_100m_AddSpatialJoin.shch_myr":0,"Transects_100m_AddSpatialJoin.eros_hot":"","Transects_100m_AddSpatialJoin.bnour":"","Transects_100m_AddSpatialJoin.bnour_yr":0,"Transects_100m_AddSpatialJoin.bnour_src":"","Transects_100m_AddSpatialJoin.armor":"","Transects_100m_AddSpatialJoin.editor":"","Transects_100m_AddSpatialJoin.edit_date":null,"Transects_100m_AddSpatialJoin.notes":"","Transects_100m_AddSpatialJoin.hotspot":0,"Transects_100m_AddSpatialJoin.Shape_Length":10000}},{"type":"Feature","id":299,"geometry":{"type":"LineString","coordinates":[[460198.4523,3927562.3268999998],[450198.4523,3927562.3268999998]]},"properties":{"Transects_100m.OBJECTID":299,"Transects_100m.LineID":299,"Transects_100m.Shape_Length":10000,"Transects_100m_AddSpatialJoin.OBJECTID":299,"Transects_100m_AddSpatialJoin.Join_Count":1,"Transects_100m_AddSpatialJoin.TARGET_FID":299,"Transects_100m_AddSpatialJoin.Coords":3927705,"Transects_100m_AddSpatialJoin.domain_id":58,"Transects_100m_AddSpatialJoin.reach":"","Transects_100m_AddSpatialJoin.z_mean":0,"Transects_100m_AddSpatialJoin.z_max":0,"Transects_100m_AddSpatialJoin.z_min":0,"Transects_100m_AddSpatialJoin.relief_m":0,"Transects_100m_AddSpatialJoin.slope_avg":0,"Transects_100m_AddSpatialJoin.road_z":0,"Transects_100m_AddSpatialJoin.shch_myr":0,"Transects_100m_AddSpatialJoin.eros_hot":"","Transects_100m_AddSpatialJoin.bnour":"","Transects_100m_AddSpatialJoin.bnour_yr":0,"Transects_100m_AddSpatialJoin.bnour_src":"","Transects_100m_AddSpatialJoin.armor":"","Transects_100m_AddSpatialJoin.editor":"","Transects_100m_AddSpatialJoin.edit_date":null,"Transects_100m_AddSpatialJoin.notes":"","Transects_100m_AddSpatialJoin.hotspot":0,"Transects_100m_AddSpatialJoin.Shape_Length":10000}},{"type":"Feature","id":300,"geometry":{"type":"LineString","coordinates":[[460198.4523,3927662.3268999998],[450198.4523,3927662.3268999998]]},"properties":{"Transects_100m.OBJECTID":300,"Transects_100m.LineID":300,"Transects_100m.Shape_Length":10000,"Transects_100m_AddSpatialJoin.OBJECTID":300,"Transects_100m_AddSpatialJoin.Join_Count":1,"Transects_100m_AddSpatialJoin.TARGET_FID":300,"Transects_100m_AddSpatialJoin.Coords":3927705,"Transects_100m_AddSpatialJoin.domain_id":58,"Transects_100m_AddSpatialJoin.reach":"","Transects_100m_AddSpatialJoin.z_mean":0,"Transects_100m_AddSpatialJoin.z_max":0,"Transects_100m_AddSpatialJoin.z_min":0,"Transects_100m_AddSpatialJoin.relief_m":0,"Transects_100m_AddSpatialJoin.slope_avg":0,"Transects_100m_AddSpatialJoin.road_z":0,"Transects_100m_AddSpatialJoin.shch_myr":0,"Transects_100m_AddSpatialJoin.eros_hot":"","Transects_100m_AddSpatialJoin.bnour":"","Transects_100m_AddSpatialJoin.bnour_yr":0,"Transects_100m_AddSpatialJoin.bnour_src":"","Transects_100m_AddSpatialJoin.armor":"","Transects_100m_AddSpatialJoin.editor":"","Transects_100m_AddSpatialJoin.edit_date":null,"Transects_100m_AddSpatialJoin.notes":"","Transects_100m_AddSpatialJoin.hotspot":0,"Transects_100m_AddSpatialJoin.Shape_Length":10000}},{"type":"Feature","id":301,"geometry":{"type":"LineString","coordinates":[[460198.4523,3927762.3268999998],[450198.4523,3927762.3268999998]]},"properties":{"Transects_100m.OBJECTID":301,"Transects_100m.LineID":301,"Transects_100m.Shape_Length":10000,"Transects_100m_AddSpatialJoin.OBJECTID":301,"Transects_100m_AddSpatialJoin.Join_Count":1,"Transects_100m_AddSpatialJoin.TARGET_FID":301,"Transects_100m_AddSpatialJoin.Coords":3927705,"Transects_100m_AddSpatialJoin.domain_id":58,"Transects_100m_AddSpatialJoin.reach":"","Transects_100m_AddSpatialJoin.z_mean":0,"Transects_100m_AddSpatialJoin.z_max":0,"Transects_100m_AddSpatialJoin.z_min":0,"Transects_100m_AddSpatialJoin.relief_m":0,"Transects_100m_AddSpatialJoin.slope_avg":0,"Transects_100m_AddSpatialJoin.road_z":0,"Transects_100m_AddSpatialJoin.shch_myr":0,"Transects_100m_AddSpatialJoin.eros_hot":"","Transects_100m_AddSpatialJoin.bnour":"","Transects_100m_AddSpatialJoin.bnour_yr":0,"Transects_100m_AddSpatialJoin.bnour_src":"","Transects_100m_AddSpatialJoin.armor":"","Transects_100m_AddSpatialJoin.editor":"","Transects_100m_AddSpatialJoin.edit_date":null,"Transects_100m_AddSpatialJoin.notes":"","Transects_100m_AddSpatialJoin.hotspot":0,"Transects_100m_AddSpatialJoin.Shape_Length":10000}},{"type":"Feature","id":302,"geometry":{"type":"LineString","coordinates":[[460198.4523,3927862.3268999998],[450198.4523,3927862.3268999998]]},"properties":{"Transects_100m.OBJECTID":302,"Transects_100m.LineID":302,"Transects_100m.Shape_Length":10000,"Transects_100m_AddSpatialJoin.OBJECTID":302,"Transects_100m_AddSpatialJoin.Join_Count":1,"Transects_100m_AddSpatialJoin.TARGET_FID":302,"Transects_100m_AddSpatialJoin.Coords":3927705,"Transects_100m_AddSpatialJoin.domain_id":58,"Transects_100m_AddSpatialJoin.reach":"","Transects_100m_AddSpatialJoin.z_mean":0,"Transects_100m_AddSpatialJoin.z_max":0,"Transects_100m_AddSpatialJoin.z_min":0,"Transects_100m_AddSpatialJoin.relief_m":0,"Transects_100m_AddSpatialJoin.slope_avg":0,"Transects_100m_AddSpatialJoin.road_z":0,"Transects_100m_AddSpatialJoin.shch_myr":0,"Transects_100m_AddSpatialJoin.eros_hot":"","Transects_100m_AddSpatialJoin.bnour":"","Transects_100m_AddSpatialJoin.bnour_yr":0,"Transects_100m_AddSpatialJoin.bnour_src":"","Transects_100m_AddSpatialJoin.armor":"","Transects_100m_AddSpatialJoin.editor":"","Transects_100m_AddSpatialJoin.edit_date":null,"Transects_100m_AddSpatialJoin.notes":"","Transects_100m_AddSpatialJoin.hotspot":0,"Transects_100m_AddSpatialJoin.Shape_Length":10000}},{"type":"Feature","id":303,"geometry":{"type":"LineString","coordinates":[[460198.4523,3927962.3268999998],[450198.4523,3927962.3268999998]]},"properties":{"Transects_100m.OBJECTID":303,"Transects_100m.LineID":303,"Transects_100m.Shape_Length":10000,"Transects_100m_AddSpatialJoin.OBJECTID":303,"Transects_100m_AddSpatialJoin.Join_Count":1,"Transects_100m_AddSpatialJoin.TARGET_FID":303,"Transects_100m_AddSpatialJoin.Coords":3928208,"Transects_100m_AddSpatialJoin.domain_id":59,"Transects_100m_AddSpatialJoin.reach":"","Transects_100m_AddSpatialJoin.z_mean":0,"Transects_100m_AddSpatialJoin.z_max":0,"Transects_100m_AddSpatialJoin.z_min":0,"Transects_100m_AddSpatialJoin.relief_m":0,"Transects_100m_AddSpatialJoin.slope_avg":0,"Transects_100m_AddSpatialJoin.road_z":0,"Transects_100m_AddSpatialJoin.shch_myr":0,"Transects_100m_AddSpatialJoin.eros_hot":"","Transects_100m_AddSpatialJoin.bnour":"","Transects_100m_AddSpatialJoin.bnour_yr":0,"Transects_100m_AddSpatialJoin.bnour_src":"","Transects_100m_AddSpatialJoin.armor":"","Transects_100m_AddSpatialJoin.editor":"","Transects_100m_AddSpatialJoin.edit_date":null,"Transects_100m_AddSpatialJoin.notes":"","Transects_100m_AddSpatialJoin.hotspot":0,"Transects_100m_AddSpatialJoin.Shape_Length":10000}},{"type":"Feature","id":304,"geometry":{"type":"LineString","coordinates":[[460198.4523,3928062.3268999998],[450198.4523,3928062.3268999998]]},"properties":{"Transects_100m.OBJECTID":304,"Transects_100m.LineID":304,"Transects_100m.Shape_Length":10000,"Transects_100m_AddSpatialJoin.OBJECTID":304,"Transects_100m_AddSpatialJoin.Join_Count":1,"Transects_100m_AddSpatialJoin.TARGET_FID":304,"Transects_100m_AddSpatialJoin.Coords":3928208,"Transects_100m_AddSpatialJoin.domain_id":59,"Transects_100m_AddSpatialJoin.reach":"","Transects_100m_AddSpatialJoin.z_mean":0,"Transects_100m_AddSpatialJoin.z_max":0,"Transects_100m_AddSpatialJoin.z_min":0,"Transects_100m_AddSpatialJoin.relief_m":0,"Transects_100m_AddSpatialJoin.slope_avg":0,"Transects_100m_AddSpatialJoin.road_z":0,"Transects_100m_AddSpatialJoin.shch_myr":0,"Transects_100m_AddSpatialJoin.eros_hot":"","Transects_100m_AddSpatialJoin.bnour":"","Transects_100m_AddSpatialJoin.bnour_yr":0,"Transects_100m_AddSpatialJoin.bnour_src":"","Transects_100m_AddSpatialJoin.armor":"","Transects_100m_AddSpatialJoin.editor":"","Transects_100m_AddSpatialJoin.edit_date":null,"Transects_100m_AddSpatialJoin.notes":"","Transects_100m_AddSpatialJoin.hotspot":0,"Transects_100m_AddSpatialJoin.Shape_Length":10000}},{"type":"Feature","id":305,"geometry":{"type":"LineString","coordinates":[[460198.4523,3928162.3268999998],[450198.4523,3928162.3268999998]]},"properties":{"Transects_100m.OBJECTID":305,"Transects_100m.LineID":305,"Transects_100m.Shape_Length":10000,"Transects_100m_AddSpatialJoin.OBJECTID":305,"Transects_100m_AddSpatialJoin.Join_Count":1,"Transects_100m_AddSpatialJoin.TARGET_FID":305,"Transects_100m_AddSpatialJoin.Coords":3928208,"Transects_100m_AddSpatialJoin.domain_id":59,"Transects_100m_AddSpatialJoin.reach":"","Transects_100m_AddSpatialJoin.z_mean":0,"Transects_100m_AddSpatialJoin.z_max":0,"Transects_100m_AddSpatialJoin.z_min":0,"Transects_100m_AddSpatialJoin.relief_m":0,"Transects_100m_AddSpatialJoin.slope_avg":0,"Transects_100m_AddSpatialJoin.road_z":0,"Transects_100m_AddSpatialJoin.shch_myr":0,"Transects_100m_AddSpatialJoin.eros_hot":"","Transects_100m_AddSpatialJoin.bnour":"","Transects_100m_AddSpatialJoin.bnour_yr":0,"Transects_100m_AddSpatialJoin.bnour_src":"","Transects_100m_AddSpatialJoin.armor":"","Transects_100m_AddSpatialJoin.editor":"","Transects_100m_AddSpatialJoin.edit_date":null,"Transects_100m_AddSpatialJoin.notes":"","Transects_100m_AddSpatialJoin.hotspot":0,"Transects_100m_AddSpatialJoin.Shape_Length":10000}},{"type":"Feature","id":306,"geometry":{"type":"LineString","coordinates":[[460198.4523,3928262.3268999998],[450198.4523,3928262.3268999998]]},"properties":{"Transects_100m.OBJECTID":306,"Transects_100m.LineID":306,"Transects_100m.Shape_Length":10000,"Transects_100m_AddSpatialJoin.OBJECTID":306,"Transects_100m_AddSpatialJoin.Join_Count":1,"Transects_100m_AddSpatialJoin.TARGET_FID":306,"Transects_100m_AddSpatialJoin.Coords":3928208,"Transects_100m_AddSpatialJoin.domain_id":59,"Transects_100m_AddSpatialJoin.reach":"","Transects_100m_AddSpatialJoin.z_mean":0,"Transects_100m_AddSpatialJoin.z_max":0,"Transects_100m_AddSpatialJoin.z_min":0,"Transects_100m_AddSpatialJoin.relief_m":0,"Transects_100m_AddSpatialJoin.slope_avg":0,"Transects_100m_AddSpatialJoin.road_z":0,"Transects_100m_AddSpatialJoin.shch_myr":0,"Transects_100m_AddSpatialJoin.eros_hot":"","Transects_100m_AddSpatialJoin.bnour":"","Transects_100m_AddSpatialJoin.bnour_yr":0,"Transects_100m_AddSpatialJoin.bnour_src":"","Transects_100m_AddSpatialJoin.armor":"","Transects_100m_AddSpatialJoin.editor":"","Transects_100m_AddSpatialJoin.edit_date":null,"Transects_100m_AddSpatialJoin.notes":"","Transects_100m_AddSpatialJoin.hotspot":0,"Transects_100m_AddSpatialJoin.Shape_Length":10000}},{"type":"Feature","id":307,"geometry":{"type":"LineString","coordinates":[[460198.4523,3928362.3268999998],[450198.4523,3928362.3268999998]]},"properties":{"Transects_100m.OBJECTID":307,"Transects_100m.LineID":307,"Transects_100m.Shape_Length":10000,"Transects_100m_AddSpatialJoin.OBJECTID":307,"Transects_100m_AddSpatialJoin.Join_Count":1,"Transects_100m_AddSpatialJoin.TARGET_FID":307,"Transects_100m_AddSpatialJoin.Coords":3928208,"Transects_100m_AddSpatialJoin.domain_id":59,"Transects_100m_AddSpatialJoin.reach":"","Transects_100m_AddSpatialJoin.z_mean":0,"Transects_100m_AddSpatialJoin.z_max":0,"Transects_100m_AddSpatialJoin.z_min":0,"Transects_100m_AddSpatialJoin.relief_m":0,"Transects_100m_AddSpatialJoin.slope_avg":0,"Transects_100m_AddSpatialJoin.road_z":0,"Transects_100m_AddSpatialJoin.shch_myr":0,"Transects_100m_AddSpatialJoin.eros_hot":"","Transects_100m_AddSpatialJoin.bnour":"","Transects_100m_AddSpatialJoin.bnour_yr":0,"Transects_100m_AddSpatialJoin.bnour_src":"","Transects_100m_AddSpatialJoin.armor":"","Transects_100m_AddSpatialJoin.editor":"","Transects_100m_AddSpatialJoin.edit_date":null,"Transects_100m_AddSpatialJoin.notes":"","Transects_100m_AddSpatialJoin.hotspot":0,"Transects_100m_AddSpatialJoin.Shape_Length":10000}},{"type":"Feature","id":308,"geometry":{"type":"LineString","coordinates":[[460198.4523,3928462.3268999998],[450198.4523,3928462.3268999998]]},"properties":{"Transects_100m.OBJECTID":308,"Transects_100m.LineID":308,"Transects_100m.Shape_Length":10000,"Transects_100m_AddSpatialJoin.OBJECTID":308,"Transects_100m_AddSpatialJoin.Join_Count":1,"Transects_100m_AddSpatialJoin.TARGET_FID":308,"Transects_100m_AddSpatialJoin.Coords":3928710,"Transects_100m_AddSpatialJoin.domain_id":60,"Transects_100m_AddSpatialJoin.reach":"","Transects_100m_AddSpatialJoin.z_mean":0,"Transects_100m_AddSpatialJoin.z_max":0,"Transects_100m_AddSpatialJoin.z_min":0,"Transects_100m_AddSpatialJoin.relief_m":0,"Transects_100m_AddSpatialJoin.slope_avg":0,"Transects_100m_AddSpatialJoin.road_z":0,"Transects_100m_AddSpatialJoin.shch_myr":0,"Transects_100m_AddSpatialJoin.eros_hot":"","Transects_100m_AddSpatialJoin.bnour":"","Transects_100m_AddSpatialJoin.bnour_yr":0,"Transects_100m_AddSpatialJoin.bnour_src":"","Transects_100m_AddSpatialJoin.armor":"","Transects_100m_AddSpatialJoin.editor":"","Transects_100m_AddSpatialJoin.edit_date":null,"Transects_100m_AddSpatialJoin.notes":"","Transects_100m_AddSpatialJoin.hotspot":0,"Transects_100m_AddSpatialJoin.Shape_Length":10000}},{"type":"Feature","id":309,"geometry":{"type":"LineString","coordinates":[[460198.4523,3928562.3268999998],[450198.4523,3928562.3268999998]]},"properties":{"Transects_100m.OBJECTID":309,"Transects_100m.LineID":309,"Transects_100m.Shape_Length":10000,"Transects_100m_AddSpatialJoin.OBJECTID":309,"Transects_100m_AddSpatialJoin.Join_Count":1,"Transects_100m_AddSpatialJoin.TARGET_FID":309,"Transects_100m_AddSpatialJoin.Coords":3928710,"Transects_100m_AddSpatialJoin.domain_id":60,"Transects_100m_AddSpatialJoin.reach":"","Transects_100m_AddSpatialJoin.z_mean":0,"Transects_100m_AddSpatialJoin.z_max":0,"Transects_100m_AddSpatialJoin.z_min":0,"Transects_100m_AddSpatialJoin.relief_m":0,"Transects_100m_AddSpatialJoin.slope_avg":0,"Transects_100m_AddSpatialJoin.road_z":0,"Transects_100m_AddSpatialJoin.shch_myr":0,"Transects_100m_AddSpatialJoin.eros_hot":"","Transects_100m_AddSpatialJoin.bnour":"","Transects_100m_AddSpatialJoin.bnour_yr":0,"Transects_100m_AddSpatialJoin.bnour_src":"","Transects_100m_AddSpatialJoin.armor":"","Transects_100m_AddSpatialJoin.editor":"","Transects_100m_AddSpatialJoin.edit_date":null,"Transects_100m_AddSpatialJoin.notes":"","Transects_100m_AddSpatialJoin.hotspot":0,"Transects_100m_AddSpatialJoin.Shape_Length":10000}},{"type":"Feature","id":310,"geometry":{"type":"LineString","coordinates":[[460198.4523,3928662.3268999998],[450198.4523,3928662.3268999998]]},"properties":{"Transects_100m.OBJECTID":310,"Transects_100m.LineID":310,"Transects_100m.Shape_Length":10000,"Transects_100m_AddSpatialJoin.OBJECTID":310,"Transects_100m_AddSpatialJoin.Join_Count":1,"Transects_100m_AddSpatialJoin.TARGET_FID":310,"Transects_100m_AddSpatialJoin.Coords":3928710,"Transects_100m_AddSpatialJoin.domain_id":60,"Transects_100m_AddSpatialJoin.reach":"","Transects_100m_AddSpatialJoin.z_mean":0,"Transects_100m_AddSpatialJoin.z_max":0,"Transects_100m_AddSpatialJoin.z_min":0,"Transects_100m_AddSpatialJoin.relief_m":0,"Transects_100m_AddSpatialJoin.slope_avg":0,"Transects_100m_AddSpatialJoin.road_z":0,"Transects_100m_AddSpatialJoin.shch_myr":0,"Transects_100m_AddSpatialJoin.eros_hot":"","Transects_100m_AddSpatialJoin.bnour":"","Transects_100m_AddSpatialJoin.bnour_yr":0,"Transects_100m_AddSpatialJoin.bnour_src":"","Transects_100m_AddSpatialJoin.armor":"","Transects_100m_AddSpatialJoin.editor":"","Transects_100m_AddSpatialJoin.edit_date":null,"Transects_100m_AddSpatialJoin.notes":"","Transects_100m_AddSpatialJoin.hotspot":0,"Transects_100m_AddSpatialJoin.Shape_Length":10000}},{"type":"Feature","id":311,"geometry":{"type":"LineString","coordinates":[[460198.4523,3928762.3268999998],[450198.4523,3928762.3268999998]]},"properties":{"Transects_100m.OBJECTID":311,"Transects_100m.LineID":311,"Transects_100m.Shape_Length":10000,"Transects_100m_AddSpatialJoin.OBJECTID":311,"Transects_100m_AddSpatialJoin.Join_Count":1,"Transects_100m_AddSpatialJoin.TARGET_FID":311,"Transects_100m_AddSpatialJoin.Coords":3928710,"Transects_100m_AddSpatialJoin.domain_id":60,"Transects_100m_AddSpatialJoin.reach":"","Transects_100m_AddSpatialJoin.z_mean":0,"Transects_100m_AddSpatialJoin.z_max":0,"Transects_100m_AddSpatialJoin.z_min":0,"Transects_100m_AddSpatialJoin.relief_m":0,"Transects_100m_AddSpatialJoin.slope_avg":0,"Transects_100m_AddSpatialJoin.road_z":0,"Transects_100m_AddSpatialJoin.shch_myr":0,"Transects_100m_AddSpatialJoin.eros_hot":"","Transects_100m_AddSpatialJoin.bnour":"","Transects_100m_AddSpatialJoin.bnour_yr":0,"Transects_100m_AddSpatialJoin.bnour_src":"","Transects_100m_AddSpatialJoin.armor":"","Transects_100m_AddSpatialJoin.editor":"","Transects_100m_AddSpatialJoin.edit_date":null,"Transects_100m_AddSpatialJoin.notes":"","Transects_100m_AddSpatialJoin.hotspot":0,"Transects_100m_AddSpatialJoin.Shape_Length":10000}},{"type":"Feature","id":312,"geometry":{"type":"LineString","coordinates":[[460198.4523,3928862.3268999998],[450198.4523,3928862.3268999998]]},"properties":{"Transects_100m.OBJECTID":312,"Transects_100m.LineID":312,"Transects_100m.Shape_Length":10000,"Transects_100m_AddSpatialJoin.OBJECTID":312,"Transects_100m_AddSpatialJoin.Join_Count":1,"Transects_100m_AddSpatialJoin.TARGET_FID":312,"Transects_100m_AddSpatialJoin.Coords":3928710,"Transects_100m_AddSpatialJoin.domain_id":60,"Transects_100m_AddSpatialJoin.reach":"","Transects_100m_AddSpatialJoin.z_mean":0,"Transects_100m_AddSpatialJoin.z_max":0,"Transects_100m_AddSpatialJoin.z_min":0,"Transects_100m_AddSpatialJoin.relief_m":0,"Transects_100m_AddSpatialJoin.slope_avg":0,"Transects_100m_AddSpatialJoin.road_z":0,"Transects_100m_AddSpatialJoin.shch_myr":0,"Transects_100m_AddSpatialJoin.eros_hot":"","Transects_100m_AddSpatialJoin.bnour":"","Transects_100m_AddSpatialJoin.bnour_yr":0,"Transects_100m_AddSpatialJoin.bnour_src":"","Transects_100m_AddSpatialJoin.armor":"","Transects_100m_AddSpatialJoin.editor":"","Transects_100m_AddSpatialJoin.edit_date":null,"Transects_100m_AddSpatialJoin.notes":"","Transects_100m_AddSpatialJoin.hotspot":0,"Transects_100m_AddSpatialJoin.Shape_Length":10000}},{"type":"Feature","id":313,"geometry":{"type":"LineString","coordinates":[[460198.4523,3928962.3268999998],[450198.4523,3928962.3268999998]]},"properties":{"Transects_100m.OBJECTID":313,"Transects_100m.LineID":313,"Transects_100m.Shape_Length":10000,"Transects_100m_AddSpatialJoin.OBJECTID":313,"Transects_100m_AddSpatialJoin.Join_Count":1,"Transects_100m_AddSpatialJoin.TARGET_FID":313,"Transects_100m_AddSpatialJoin.Coords":3929212,"Transects_100m_AddSpatialJoin.domain_id":61,"Transects_100m_AddSpatialJoin.reach":"","Transects_100m_AddSpatialJoin.z_mean":0,"Transects_100m_AddSpatialJoin.z_max":0,"Transects_100m_AddSpatialJoin.z_min":0,"Transects_100m_AddSpatialJoin.relief_m":0,"Transects_100m_AddSpatialJoin.slope_avg":0,"Transects_100m_AddSpatialJoin.road_z":0,"Transects_100m_AddSpatialJoin.shch_myr":0,"Transects_100m_AddSpatialJoin.eros_hot":"","Transects_100m_AddSpatialJoin.bnour":"","Transects_100m_AddSpatialJoin.bnour_yr":0,"Transects_100m_AddSpatialJoin.bnour_src":"","Transects_100m_AddSpatialJoin.armor":"","Transects_100m_AddSpatialJoin.editor":"","Transects_100m_AddSpatialJoin.edit_date":null,"Transects_100m_AddSpatialJoin.notes":"","Transects_100m_AddSpatialJoin.hotspot":0,"Transects_100m_AddSpatialJoin.Shape_Length":10000}},{"type":"Feature","id":314,"geometry":{"type":"LineString","coordinates":[[460198.4523,3929062.3268999998],[450198.4523,3929062.3268999998]]},"properties":{"Transects_100m.OBJECTID":314,"Transects_100m.LineID":314,"Transects_100m.Shape_Length":10000,"Transects_100m_AddSpatialJoin.OBJECTID":314,"Transects_100m_AddSpatialJoin.Join_Count":1,"Transects_100m_AddSpatialJoin.TARGET_FID":314,"Transects_100m_AddSpatialJoin.Coords":3929212,"Transects_100m_AddSpatialJoin.domain_id":61,"Transects_100m_AddSpatialJoin.reach":"","Transects_100m_AddSpatialJoin.z_mean":0,"Transects_100m_AddSpatialJoin.z_max":0,"Transects_100m_AddSpatialJoin.z_min":0,"Transects_100m_AddSpatialJoin.relief_m":0,"Transects_100m_AddSpatialJoin.slope_avg":0,"Transects_100m_AddSpatialJoin.road_z":0,"Transects_100m_AddSpatialJoin.shch_myr":0,"Transects_100m_AddSpatialJoin.eros_hot":"","Transects_100m_AddSpatialJoin.bnour":"","Transects_100m_AddSpatialJoin.bnour_yr":0,"Transects_100m_AddSpatialJoin.bnour_src":"","Transects_100m_AddSpatialJoin.armor":"","Transects_100m_AddSpatialJoin.editor":"","Transects_100m_AddSpatialJoin.edit_date":null,"Transects_100m_AddSpatialJoin.notes":"","Transects_100m_AddSpatialJoin.hotspot":0,"Transects_100m_AddSpatialJoin.Shape_Length":10000}},{"type":"Feature","id":315,"geometry":{"type":"LineString","coordinates":[[460198.4523,3929162.3268999998],[450198.4523,3929162.3268999998]]},"properties":{"Transects_100m.OBJECTID":315,"Transects_100m.LineID":315,"Transects_100m.Shape_Length":10000,"Transects_100m_AddSpatialJoin.OBJECTID":315,"Transects_100m_AddSpatialJoin.Join_Count":1,"Transects_100m_AddSpatialJoin.TARGET_FID":315,"Transects_100m_AddSpatialJoin.Coords":3929212,"Transects_100m_AddSpatialJoin.domain_id":61,"Transects_100m_AddSpatialJoin.reach":"","Transects_100m_AddSpatialJoin.z_mean":0,"Transects_100m_AddSpatialJoin.z_max":0,"Transects_100m_AddSpatialJoin.z_min":0,"Transects_100m_AddSpatialJoin.relief_m":0,"Transects_100m_AddSpatialJoin.slope_avg":0,"Transects_100m_AddSpatialJoin.road_z":0,"Transects_100m_AddSpatialJoin.shch_myr":0,"Transects_100m_AddSpatialJoin.eros_hot":"","Transects_100m_AddSpatialJoin.bnour":"","Transects_100m_AddSpatialJoin.bnour_yr":0,"Transects_100m_AddSpatialJoin.bnour_src":"","Transects_100m_AddSpatialJoin.armor":"","Transects_100m_AddSpatialJoin.editor":"","Transects_100m_AddSpatialJoin.edit_date":null,"Transects_100m_AddSpatialJoin.notes":"","Transects_100m_AddSpatialJoin.hotspot":0,"Transects_100m_AddSpatialJoin.Shape_Length":10000}},{"type":"Feature","id":316,"geometry":{"type":"LineString","coordinates":[[460198.4523,3929262.3268999998],[450198.4523,3929262.3268999998]]},"properties":{"Transects_100m.OBJECTID":316,"Transects_100m.LineID":316,"Transects_100m.Shape_Length":10000,"Transects_100m_AddSpatialJoin.OBJECTID":316,"Transects_100m_AddSpatialJoin.Join_Count":1,"Transects_100m_AddSpatialJoin.TARGET_FID":316,"Transects_100m_AddSpatialJoin.Coords":3929212,"Transects_100m_AddSpatialJoin.domain_id":61,"Transects_100m_AddSpatialJoin.reach":"","Transects_100m_AddSpatialJoin.z_mean":0,"Transects_100m_AddSpatialJoin.z_max":0,"Transects_100m_AddSpatialJoin.z_min":0,"Transects_100m_AddSpatialJoin.relief_m":0,"Transects_100m_AddSpatialJoin.slope_avg":0,"Transects_100m_AddSpatialJoin.road_z":0,"Transects_100m_AddSpatialJoin.shch_myr":0,"Transects_100m_AddSpatialJoin.eros_hot":"","Transects_100m_AddSpatialJoin.bnour":"","Transects_100m_AddSpatialJoin.bnour_yr":0,"Transects_100m_AddSpatialJoin.bnour_src":"","Transects_100m_AddSpatialJoin.armor":"","Transects_100m_AddSpatialJoin.editor":"","Transects_100m_AddSpatialJoin.edit_date":null,"Transects_100m_AddSpatialJoin.notes":"","Transects_100m_AddSpatialJoin.hotspot":0,"Transects_100m_AddSpatialJoin.Shape_Length":10000}},{"type":"Feature","id":317,"geometry":{"type":"LineString","coordinates":[[460198.4523,3929362.3268999998],[450198.4523,3929362.3268999998]]},"properties":{"Transects_100m.OBJECTID":317,"Transects_100m.LineID":317,"Transects_100m.Shape_Length":10000,"Transects_100m_AddSpatialJoin.OBJECTID":317,"Transects_100m_AddSpatialJoin.Join_Count":1,"Transects_100m_AddSpatialJoin.TARGET_FID":317,"Transects_100m_AddSpatialJoin.Coords":3929212,"Transects_100m_AddSpatialJoin.domain_id":61,"Transects_100m_AddSpatialJoin.reach":"","Transects_100m_AddSpatialJoin.z_mean":0,"Transects_100m_AddSpatialJoin.z_max":0,"Transects_100m_AddSpatialJoin.z_min":0,"Transects_100m_AddSpatialJoin.relief_m":0,"Transects_100m_AddSpatialJoin.slope_avg":0,"Transects_100m_AddSpatialJoin.road_z":0,"Transects_100m_AddSpatialJoin.shch_myr":0,"Transects_100m_AddSpatialJoin.eros_hot":"","Transects_100m_AddSpatialJoin.bnour":"","Transects_100m_AddSpatialJoin.bnour_yr":0,"Transects_100m_AddSpatialJoin.bnour_src":"","Transects_100m_AddSpatialJoin.armor":"","Transects_100m_AddSpatialJoin.editor":"","Transects_100m_AddSpatialJoin.edit_date":null,"Transects_100m_AddSpatialJoin.notes":"","Transects_100m_AddSpatialJoin.hotspot":0,"Transects_100m_AddSpatialJoin.Shape_Length":10000}},{"type":"Feature","id":318,"geometry":{"type":"LineString","coordinates":[[460198.4523,3929462.3268999998],[450198.4523,3929462.3268999998]]},"properties":{"Transects_100m.OBJECTID":318,"Transects_100m.LineID":318,"Transects_100m.Shape_Length":10000,"Transects_100m_AddSpatialJoin.OBJECTID":318,"Transects_100m_AddSpatialJoin.Join_Count":0,"Transects_100m_AddSpatialJoin.TARGET_FID":318,"Transects_100m_AddSpatialJoin.Coords":null,"Transects_100m_AddSpatialJoin.domain_id":null,"Transects_100m_AddSpatialJoin.reach":null,"Transects_100m_AddSpatialJoin.z_mean":null,"Transects_100m_AddSpatialJoin.z_max":null,"Transects_100m_AddSpatialJoin.z_min":null,"Transects_100m_AddSpatialJoin.relief_m":null,"Transects_100m_AddSpatialJoin.slope_avg":null,"Transects_100m_AddSpatialJoin.road_z":null,"Transects_100m_AddSpatialJoin.shch_myr":null,"Transects_100m_AddSpatialJoin.eros_hot":null,"Transects_100m_AddSpatialJoin.bnour":null,"Transects_100m_AddSpatialJoin.bnour_yr":null,"Transects_100m_AddSpatialJoin.bnour_src":null,"Transects_100m_AddSpatialJoin.armor":null,"Transects_100m_AddSpatialJoin.editor":null,"Transects_100m_AddSpatialJoin.edit_date":null,"Transects_100m_AddSpatialJoin.notes":null,"Transects_100m_AddSpatialJoin.hotspot":null,"Transects_100m_AddSpatialJoin.Shape_Length":10000}},{"type":"Feature","id":319,"geometry":{"type":"LineString","coordinates":[[460198.4523,3929562.3268999998],[450198.4523,3929562.3268999998]]},"properties":{"Transects_100m.OBJECTID":319,"Transects_100m.LineID":319,"Transects_100m.Shape_Length":10000,"Transects_100m_AddSpatialJoin.OBJECTID":319,"Transects_100m_AddSpatialJoin.Join_Count":1,"Transects_100m_AddSpatialJoin.TARGET_FID":319,"Transects_100m_AddSpatialJoin.Coords":3929713,"Transects_100m_AddSpatialJoin.domain_id":62,"Transects_100m_AddSpatialJoin.reach":"","Transects_100m_AddSpatialJoin.z_mean":0,"Transects_100m_AddSpatialJoin.z_max":0,"Transects_100m_AddSpatialJoin.z_min":0,"Transects_100m_AddSpatialJoin.relief_m":0,"Transects_100m_AddSpatialJoin.slope_avg":0,"Transects_100m_AddSpatialJoin.road_z":0,"Transects_100m_AddSpatialJoin.shch_myr":0,"Transects_100m_AddSpatialJoin.eros_hot":"","Transects_100m_AddSpatialJoin.bnour":"","Transects_100m_AddSpatialJoin.bnour_yr":0,"Transects_100m_AddSpatialJoin.bnour_src":"","Transects_100m_AddSpatialJoin.armor":"","Transects_100m_AddSpatialJoin.editor":"","Transects_100m_AddSpatialJoin.edit_date":null,"Transects_100m_AddSpatialJoin.notes":"","Transects_100m_AddSpatialJoin.hotspot":0,"Transects_100m_AddSpatialJoin.Shape_Length":10000}},{"type":"Feature","id":320,"geometry":{"type":"LineString","coordinates":[[460198.4523,3929662.3268999998],[450198.4523,3929662.3268999998]]},"properties":{"Transects_100m.OBJECTID":320,"Transects_100m.LineID":320,"Transects_100m.Shape_Length":10000,"Transects_100m_AddSpatialJoin.OBJECTID":320,"Transects_100m_AddSpatialJoin.Join_Count":1,"Transects_100m_AddSpatialJoin.TARGET_FID":320,"Transects_100m_AddSpatialJoin.Coords":3929713,"Transects_100m_AddSpatialJoin.domain_id":62,"Transects_100m_AddSpatialJoin.reach":"","Transects_100m_AddSpatialJoin.z_mean":0,"Transects_100m_AddSpatialJoin.z_max":0,"Transects_100m_AddSpatialJoin.z_min":0,"Transects_100m_AddSpatialJoin.relief_m":0,"Transects_100m_AddSpatialJoin.slope_avg":0,"Transects_100m_AddSpatialJoin.road_z":0,"Transects_100m_AddSpatialJoin.shch_myr":0,"Transects_100m_AddSpatialJoin.eros_hot":"","Transects_100m_AddSpatialJoin.bnour":"","Transects_100m_AddSpatialJoin.bnour_yr":0,"Transects_100m_AddSpatialJoin.bnour_src":"","Transects_100m_AddSpatialJoin.armor":"","Transects_100m_AddSpatialJoin.editor":"","Transects_100m_AddSpatialJoin.edit_date":null,"Transects_100m_AddSpatialJoin.notes":"","Transects_100m_AddSpatialJoin.hotspot":0,"Transects_100m_AddSpatialJoin.Shape_Length":10000}},{"type":"Feature","id":321,"geometry":{"type":"LineString","coordinates":[[460198.4523,3929762.3268999998],[450198.4523,3929762.3268999998]]},"properties":{"Transects_100m.OBJECTID":321,"Transects_100m.LineID":321,"Transects_100m.Shape_Length":10000,"Transects_100m_AddSpatialJoin.OBJECTID":321,"Transects_100m_AddSpatialJoin.Join_Count":1,"Transects_100m_AddSpatialJoin.TARGET_FID":321,"Transects_100m_AddSpatialJoin.Coords":3929713,"Transects_100m_AddSpatialJoin.domain_id":62,"Transects_100m_AddSpatialJoin.reach":"","Transects_100m_AddSpatialJoin.z_mean":0,"Transects_100m_AddSpatialJoin.z_max":0,"Transects_100m_AddSpatialJoin.z_min":0,"Transects_100m_AddSpatialJoin.relief_m":0,"Transects_100m_AddSpatialJoin.slope_avg":0,"Transects_100m_AddSpatialJoin.road_z":0,"Transects_100m_AddSpatialJoin.shch_myr":0,"Transects_100m_AddSpatialJoin.eros_hot":"","Transects_100m_AddSpatialJoin.bnour":"","Transects_100m_AddSpatialJoin.bnour_yr":0,"Transects_100m_AddSpatialJoin.bnour_src":"","Transects_100m_AddSpatialJoin.armor":"","Transects_100m_AddSpatialJoin.editor":"","Transects_100m_AddSpatialJoin.edit_date":null,"Transects_100m_AddSpatialJoin.notes":"","Transects_100m_AddSpatialJoin.hotspot":0,"Transects_100m_AddSpatialJoin.Shape_Length":10000}},{"type":"Feature","id":322,"geometry":{"type":"LineString","coordinates":[[460198.4523,3929862.3268999998],[450198.4523,3929862.3268999998]]},"properties":{"Transects_100m.OBJECTID":322,"Transects_100m.LineID":322,"Transects_100m.Shape_Length":10000,"Transects_100m_AddSpatialJoin.OBJECTID":322,"Transects_100m_AddSpatialJoin.Join_Count":1,"Transects_100m_AddSpatialJoin.TARGET_FID":322,"Transects_100m_AddSpatialJoin.Coords":3929713,"Transects_100m_AddSpatialJoin.domain_id":62,"Transects_100m_AddSpatialJoin.reach":"","Transects_100m_AddSpatialJoin.z_mean":0,"Transects_100m_AddSpatialJoin.z_max":0,"Transects_100m_AddSpatialJoin.z_min":0,"Transects_100m_AddSpatialJoin.relief_m":0,"Transects_100m_AddSpatialJoin.slope_avg":0,"Transects_100m_AddSpatialJoin.road_z":0,"Transects_100m_AddSpatialJoin.shch_myr":0,"Transects_100m_AddSpatialJoin.eros_hot":"","Transects_100m_AddSpatialJoin.bnour":"","Transects_100m_AddSpatialJoin.bnour_yr":0,"Transects_100m_AddSpatialJoin.bnour_src":"","Transects_100m_AddSpatialJoin.armor":"","Transects_100m_AddSpatialJoin.editor":"","Transects_100m_AddSpatialJoin.edit_date":null,"Transects_100m_AddSpatialJoin.notes":"","Transects_100m_AddSpatialJoin.hotspot":0,"Transects_100m_AddSpatialJoin.Shape_Length":10000}},{"type":"Feature","id":323,"geometry":{"type":"LineString","coordinates":[[460198.4523,3929962.3268999998],[450198.4523,3929962.3268999998]]},"properties":{"Transects_100m.OBJECTID":323,"Transects_100m.LineID":323,"Transects_100m.Shape_Length":10000,"Transects_100m_AddSpatialJoin.OBJECTID":323,"Transects_100m_AddSpatialJoin.Join_Count":1,"Transects_100m_AddSpatialJoin.TARGET_FID":323,"Transects_100m_AddSpatialJoin.Coords":3929713,"Transects_100m_AddSpatialJoin.domain_id":62,"Transects_100m_AddSpatialJoin.reach":"","Transects_100m_AddSpatialJoin.z_mean":0,"Transects_100m_AddSpatialJoin.z_max":0,"Transects_100m_AddSpatialJoin.z_min":0,"Transects_100m_AddSpatialJoin.relief_m":0,"Transects_100m_AddSpatialJoin.slope_avg":0,"Transects_100m_AddSpatialJoin.road_z":0,"Transects_100m_AddSpatialJoin.shch_myr":0,"Transects_100m_AddSpatialJoin.eros_hot":"","Transects_100m_AddSpatialJoin.bnour":"","Transects_100m_AddSpatialJoin.bnour_yr":0,"Transects_100m_AddSpatialJoin.bnour_src":"","Transects_100m_AddSpatialJoin.armor":"","Transects_100m_AddSpatialJoin.editor":"","Transects_100m_AddSpatialJoin.edit_date":null,"Transects_100m_AddSpatialJoin.notes":"","Transects_100m_AddSpatialJoin.hotspot":0,"Transects_100m_AddSpatialJoin.Shape_Length":10000}},{"type":"Feature","id":324,"geometry":{"type":"LineString","coordinates":[[460198.4523,3930062.3268999998],[450198.4523,3930062.3268999998]]},"properties":{"Transects_100m.OBJECTID":324,"Transects_100m.LineID":324,"Transects_100m.Shape_Length":10000,"Transects_100m_AddSpatialJoin.OBJECTID":324,"Transects_100m_AddSpatialJoin.Join_Count":1,"Transects_100m_AddSpatialJoin.TARGET_FID":324,"Transects_100m_AddSpatialJoin.Coords":3930214,"Transects_100m_AddSpatialJoin.domain_id":63,"Transects_100m_AddSpatialJoin.reach":"","Transects_100m_AddSpatialJoin.z_mean":0,"Transects_100m_AddSpatialJoin.z_max":0,"Transects_100m_AddSpatialJoin.z_min":0,"Transects_100m_AddSpatialJoin.relief_m":0,"Transects_100m_AddSpatialJoin.slope_avg":0,"Transects_100m_AddSpatialJoin.road_z":0,"Transects_100m_AddSpatialJoin.shch_myr":0,"Transects_100m_AddSpatialJoin.eros_hot":"","Transects_100m_AddSpatialJoin.bnour":"","Transects_100m_AddSpatialJoin.bnour_yr":0,"Transects_100m_AddSpatialJoin.bnour_src":"","Transects_100m_AddSpatialJoin.armor":"","Transects_100m_AddSpatialJoin.editor":"","Transects_100m_AddSpatialJoin.edit_date":null,"Transects_100m_AddSpatialJoin.notes":"","Transects_100m_AddSpatialJoin.hotspot":0,"Transects_100m_AddSpatialJoin.Shape_Length":10000}},{"type":"Feature","id":325,"geometry":{"type":"LineString","coordinates":[[460198.4523,3930162.3268999998],[450198.4523,3930162.3268999998]]},"properties":{"Transects_100m.OBJECTID":325,"Transects_100m.LineID":325,"Transects_100m.Shape_Length":10000,"Transects_100m_AddSpatialJoin.OBJECTID":325,"Transects_100m_AddSpatialJoin.Join_Count":1,"Transects_100m_AddSpatialJoin.TARGET_FID":325,"Transects_100m_AddSpatialJoin.Coords":3930214,"Transects_100m_AddSpatialJoin.domain_id":63,"Transects_100m_AddSpatialJoin.reach":"","Transects_100m_AddSpatialJoin.z_mean":0,"Transects_100m_AddSpatialJoin.z_max":0,"Transects_100m_AddSpatialJoin.z_min":0,"Transects_100m_AddSpatialJoin.relief_m":0,"Transects_100m_AddSpatialJoin.slope_avg":0,"Transects_100m_AddSpatialJoin.road_z":0,"Transects_100m_AddSpatialJoin.shch_myr":0,"Transects_100m_AddSpatialJoin.eros_hot":"","Transects_100m_AddSpatialJoin.bnour":"","Transects_100m_AddSpatialJoin.bnour_yr":0,"Transects_100m_AddSpatialJoin.bnour_src":"","Transects_100m_AddSpatialJoin.armor":"","Transects_100m_AddSpatialJoin.editor":"","Transects_100m_AddSpatialJoin.edit_date":null,"Transects_100m_AddSpatialJoin.notes":"","Transects_100m_AddSpatialJoin.hotspot":0,"Transects_100m_AddSpatialJoin.Shape_Length":10000}},{"type":"Feature","id":326,"geometry":{"type":"LineString","coordinates":[[460198.4523,3930262.3268999998],[450198.4523,3930262.3268999998]]},"properties":{"Transects_100m.OBJECTID":326,"Transects_100m.LineID":326,"Transects_100m.Shape_Length":10000,"Transects_100m_AddSpatialJoin.OBJECTID":326,"Transects_100m_AddSpatialJoin.Join_Count":1,"Transects_100m_AddSpatialJoin.TARGET_FID":326,"Transects_100m_AddSpatialJoin.Coords":3930214,"Transects_100m_AddSpatialJoin.domain_id":63,"Transects_100m_AddSpatialJoin.reach":"","Transects_100m_AddSpatialJoin.z_mean":0,"Transects_100m_AddSpatialJoin.z_max":0,"Transects_100m_AddSpatialJoin.z_min":0,"Transects_100m_AddSpatialJoin.relief_m":0,"Transects_100m_AddSpatialJoin.slope_avg":0,"Transects_100m_AddSpatialJoin.road_z":0,"Transects_100m_AddSpatialJoin.shch_myr":0,"Transects_100m_AddSpatialJoin.eros_hot":"","Transects_100m_AddSpatialJoin.bnour":"","Transects_100m_AddSpatialJoin.bnour_yr":0,"Transects_100m_AddSpatialJoin.bnour_src":"","Transects_100m_AddSpatialJoin.armor":"","Transects_100m_AddSpatialJoin.editor":"","Transects_100m_AddSpatialJoin.edit_date":null,"Transects_100m_AddSpatialJoin.notes":"","Transects_100m_AddSpatialJoin.hotspot":0,"Transects_100m_AddSpatialJoin.Shape_Length":10000}},{"type":"Feature","id":327,"geometry":{"type":"LineString","coordinates":[[460198.4523,3930362.3268999998],[450198.4523,3930362.3268999998]]},"properties":{"Transects_100m.OBJECTID":327,"Transects_100m.LineID":327,"Transects_100m.Shape_Length":10000,"Transects_100m_AddSpatialJoin.OBJECTID":327,"Transects_100m_AddSpatialJoin.Join_Count":1,"Transects_100m_AddSpatialJoin.TARGET_FID":327,"Transects_100m_AddSpatialJoin.Coords":3930214,"Transects_100m_AddSpatialJoin.domain_id":63,"Transects_100m_AddSpatialJoin.reach":"","Transects_100m_AddSpatialJoin.z_mean":0,"Transects_100m_AddSpatialJoin.z_max":0,"Transects_100m_AddSpatialJoin.z_min":0,"Transects_100m_AddSpatialJoin.relief_m":0,"Transects_100m_AddSpatialJoin.slope_avg":0,"Transects_100m_AddSpatialJoin.road_z":0,"Transects_100m_AddSpatialJoin.shch_myr":0,"Transects_100m_AddSpatialJoin.eros_hot":"","Transects_100m_AddSpatialJoin.bnour":"","Transects_100m_AddSpatialJoin.bnour_yr":0,"Transects_100m_AddSpatialJoin.bnour_src":"","Transects_100m_AddSpatialJoin.armor":"","Transects_100m_AddSpatialJoin.editor":"","Transects_100m_AddSpatialJoin.edit_date":null,"Transects_100m_AddSpatialJoin.notes":"","Transects_100m_AddSpatialJoin.hotspot":0,"Transects_100m_AddSpatialJoin.Shape_Length":10000}},{"type":"Feature","id":328,"geometry":{"type":"LineString","coordinates":[[460198.4523,3930462.3268999998],[450198.4523,3930462.3268999998]]},"properties":{"Transects_100m.OBJECTID":328,"Transects_100m.LineID":328,"Transects_100m.Shape_Length":10000,"Transects_100m_AddSpatialJoin.OBJECTID":328,"Transects_100m_AddSpatialJoin.Join_Count":1,"Transects_100m_AddSpatialJoin.TARGET_FID":328,"Transects_100m_AddSpatialJoin.Coords":3930214,"Transects_100m_AddSpatialJoin.domain_id":63,"Transects_100m_AddSpatialJoin.reach":"","Transects_100m_AddSpatialJoin.z_mean":0,"Transects_100m_AddSpatialJoin.z_max":0,"Transects_100m_AddSpatialJoin.z_min":0,"Transects_100m_AddSpatialJoin.relief_m":0,"Transects_100m_AddSpatialJoin.slope_avg":0,"Transects_100m_AddSpatialJoin.road_z":0,"Transects_100m_AddSpatialJoin.shch_myr":0,"Transects_100m_AddSpatialJoin.eros_hot":"","Transects_100m_AddSpatialJoin.bnour":"","Transects_100m_AddSpatialJoin.bnour_yr":0,"Transects_100m_AddSpatialJoin.bnour_src":"","Transects_100m_AddSpatialJoin.armor":"","Transects_100m_AddSpatialJoin.editor":"","Transects_100m_AddSpatialJoin.edit_date":null,"Transects_100m_AddSpatialJoin.notes":"","Transects_100m_AddSpatialJoin.hotspot":0,"Transects_100m_AddSpatialJoin.Shape_Length":10000}},{"type":"Feature","id":329,"geometry":{"type":"LineString","coordinates":[[460198.4523,3930562.3268999998],[450198.4523,3930562.3268999998]]},"properties":{"Transects_100m.OBJECTID":329,"Transects_100m.LineID":329,"Transects_100m.Shape_Length":10000,"Transects_100m_AddSpatialJoin.OBJECTID":329,"Transects_100m_AddSpatialJoin.Join_Count":1,"Transects_100m_AddSpatialJoin.TARGET_FID":329,"Transects_100m_AddSpatialJoin.Coords":3930717,"Transects_100m_AddSpatialJoin.domain_id":64,"Transects_100m_AddSpatialJoin.reach":"","Transects_100m_AddSpatialJoin.z_mean":0,"Transects_100m_AddSpatialJoin.z_max":0,"Transects_100m_AddSpatialJoin.z_min":0,"Transects_100m_AddSpatialJoin.relief_m":0,"Transects_100m_AddSpatialJoin.slope_avg":0,"Transects_100m_AddSpatialJoin.road_z":0,"Transects_100m_AddSpatialJoin.shch_myr":0,"Transects_100m_AddSpatialJoin.eros_hot":"","Transects_100m_AddSpatialJoin.bnour":"","Transects_100m_AddSpatialJoin.bnour_yr":0,"Transects_100m_AddSpatialJoin.bnour_src":"","Transects_100m_AddSpatialJoin.armor":"","Transects_100m_AddSpatialJoin.editor":"","Transects_100m_AddSpatialJoin.edit_date":null,"Transects_100m_AddSpatialJoin.notes":"","Transects_100m_AddSpatialJoin.hotspot":0,"Transects_100m_AddSpatialJoin.Shape_Length":10000}},{"type":"Feature","id":330,"geometry":{"type":"LineString","coordinates":[[460198.4523,3930662.3268999998],[450198.4523,3930662.3268999998]]},"properties":{"Transects_100m.OBJECTID":330,"Transects_100m.LineID":330,"Transects_100m.Shape_Length":10000,"Transects_100m_AddSpatialJoin.OBJECTID":330,"Transects_100m_AddSpatialJoin.Join_Count":1,"Transects_100m_AddSpatialJoin.TARGET_FID":330,"Transects_100m_AddSpatialJoin.Coords":3930717,"Transects_100m_AddSpatialJoin.domain_id":64,"Transects_100m_AddSpatialJoin.reach":"","Transects_100m_AddSpatialJoin.z_mean":0,"Transects_100m_AddSpatialJoin.z_max":0,"Transects_100m_AddSpatialJoin.z_min":0,"Transects_100m_AddSpatialJoin.relief_m":0,"Transects_100m_AddSpatialJoin.slope_avg":0,"Transects_100m_AddSpatialJoin.road_z":0,"Transects_100m_AddSpatialJoin.shch_myr":0,"Transects_100m_AddSpatialJoin.eros_hot":"","Transects_100m_AddSpatialJoin.bnour":"","Transects_100m_AddSpatialJoin.bnour_yr":0,"Transects_100m_AddSpatialJoin.bnour_src":"","Transects_100m_AddSpatialJoin.armor":"","Transects_100m_AddSpatialJoin.editor":"","Transects_100m_AddSpatialJoin.edit_date":null,"Transects_100m_AddSpatialJoin.notes":"","Transects_100m_AddSpatialJoin.hotspot":0,"Transects_100m_AddSpatialJoin.Shape_Length":10000}},{"type":"Feature","id":331,"geometry":{"type":"LineString","coordinates":[[460198.4523,3930762.3268999998],[450198.4523,3930762.3268999998]]},"properties":{"Transects_100m.OBJECTID":331,"Transects_100m.LineID":331,"Transects_100m.Shape_Length":10000,"Transects_100m_AddSpatialJoin.OBJECTID":331,"Transects_100m_AddSpatialJoin.Join_Count":1,"Transects_100m_AddSpatialJoin.TARGET_FID":331,"Transects_100m_AddSpatialJoin.Coords":3930717,"Transects_100m_AddSpatialJoin.domain_id":64,"Transects_100m_AddSpatialJoin.reach":"","Transects_100m_AddSpatialJoin.z_mean":0,"Transects_100m_AddSpatialJoin.z_max":0,"Transects_100m_AddSpatialJoin.z_min":0,"Transects_100m_AddSpatialJoin.relief_m":0,"Transects_100m_AddSpatialJoin.slope_avg":0,"Transects_100m_AddSpatialJoin.road_z":0,"Transects_100m_AddSpatialJoin.shch_myr":0,"Transects_100m_AddSpatialJoin.eros_hot":"","Transects_100m_AddSpatialJoin.bnour":"","Transects_100m_AddSpatialJoin.bnour_yr":0,"Transects_100m_AddSpatialJoin.bnour_src":"","Transects_100m_AddSpatialJoin.armor":"","Transects_100m_AddSpatialJoin.editor":"","Transects_100m_AddSpatialJoin.edit_date":null,"Transects_100m_AddSpatialJoin.notes":"","Transects_100m_AddSpatialJoin.hotspot":0,"Transects_100m_AddSpatialJoin.Shape_Length":10000}},{"type":"Feature","id":332,"geometry":{"type":"LineString","coordinates":[[460198.4523,3930862.3268999998],[450198.4523,3930862.3268999998]]},"properties":{"Transects_100m.OBJECTID":332,"Transects_100m.LineID":332,"Transects_100m.Shape_Length":10000,"Transects_100m_AddSpatialJoin.OBJECTID":332,"Transects_100m_AddSpatialJoin.Join_Count":1,"Transects_100m_AddSpatialJoin.TARGET_FID":332,"Transects_100m_AddSpatialJoin.Coords":3930717,"Transects_100m_AddSpatialJoin.domain_id":64,"Transects_100m_AddSpatialJoin.reach":"","Transects_100m_AddSpatialJoin.z_mean":0,"Transects_100m_AddSpatialJoin.z_max":0,"Transects_100m_AddSpatialJoin.z_min":0,"Transects_100m_AddSpatialJoin.relief_m":0,"Transects_100m_AddSpatialJoin.slope_avg":0,"Transects_100m_AddSpatialJoin.road_z":0,"Transects_100m_AddSpatialJoin.shch_myr":0,"Transects_100m_AddSpatialJoin.eros_hot":"","Transects_100m_AddSpatialJoin.bnour":"","Transects_100m_AddSpatialJoin.bnour_yr":0,"Transects_100m_AddSpatialJoin.bnour_src":"","Transects_100m_AddSpatialJoin.armor":"","Transects_100m_AddSpatialJoin.editor":"","Transects_100m_AddSpatialJoin.edit_date":null,"Transects_100m_AddSpatialJoin.notes":"","Transects_100m_AddSpatialJoin.hotspot":0,"Transects_100m_AddSpatialJoin.Shape_Length":10000}},{"type":"Feature","id":333,"geometry":{"type":"LineString","coordinates":[[460198.4523,3930962.3268999998],[450198.4523,3930962.3268999998]]},"properties":{"Transects_100m.OBJECTID":333,"Transects_100m.LineID":333,"Transects_100m.Shape_Length":10000,"Transects_100m_AddSpatialJoin.OBJECTID":333,"Transects_100m_AddSpatialJoin.Join_Count":1,"Transects_100m_AddSpatialJoin.TARGET_FID":333,"Transects_100m_AddSpatialJoin.Coords":3930717,"Transects_100m_AddSpatialJoin.domain_id":64,"Transects_100m_AddSpatialJoin.reach":"","Transects_100m_AddSpatialJoin.z_mean":0,"Transects_100m_AddSpatialJoin.z_max":0,"Transects_100m_AddSpatialJoin.z_min":0,"Transects_100m_AddSpatialJoin.relief_m":0,"Transects_100m_AddSpatialJoin.slope_avg":0,"Transects_100m_AddSpatialJoin.road_z":0,"Transects_100m_AddSpatialJoin.shch_myr":0,"Transects_100m_AddSpatialJoin.eros_hot":"","Transects_100m_AddSpatialJoin.bnour":"","Transects_100m_AddSpatialJoin.bnour_yr":0,"Transects_100m_AddSpatialJoin.bnour_src":"","Transects_100m_AddSpatialJoin.armor":"","Transects_100m_AddSpatialJoin.editor":"","Transects_100m_AddSpatialJoin.edit_date":null,"Transects_100m_AddSpatialJoin.notes":"","Transects_100m_AddSpatialJoin.hotspot":0,"Transects_100m_AddSpatialJoin.Shape_Length":10000}},{"type":"Feature","id":334,"geometry":{"type":"LineString","coordinates":[[460198.4523,3931062.3268999998],[450198.4523,3931062.3268999998]]},"properties":{"Transects_100m.OBJECTID":334,"Transects_100m.LineID":334,"Transects_100m.Shape_Length":10000,"Transects_100m_AddSpatialJoin.OBJECTID":334,"Transects_100m_AddSpatialJoin.Join_Count":1,"Transects_100m_AddSpatialJoin.TARGET_FID":334,"Transects_100m_AddSpatialJoin.Coords":3931218,"Transects_100m_AddSpatialJoin.domain_id":65,"Transects_100m_AddSpatialJoin.reach":"","Transects_100m_AddSpatialJoin.z_mean":0,"Transects_100m_AddSpatialJoin.z_max":0,"Transects_100m_AddSpatialJoin.z_min":0,"Transects_100m_AddSpatialJoin.relief_m":0,"Transects_100m_AddSpatialJoin.slope_avg":0,"Transects_100m_AddSpatialJoin.road_z":0,"Transects_100m_AddSpatialJoin.shch_myr":0,"Transects_100m_AddSpatialJoin.eros_hot":"","Transects_100m_AddSpatialJoin.bnour":"","Transects_100m_AddSpatialJoin.bnour_yr":0,"Transects_100m_AddSpatialJoin.bnour_src":"","Transects_100m_AddSpatialJoin.armor":"","Transects_100m_AddSpatialJoin.editor":"","Transects_100m_AddSpatialJoin.edit_date":null,"Transects_100m_AddSpatialJoin.notes":"","Transects_100m_AddSpatialJoin.hotspot":0,"Transects_100m_AddSpatialJoin.Shape_Length":10000}},{"type":"Feature","id":335,"geometry":{"type":"LineString","coordinates":[[460198.4523,3931162.3268999998],[450198.4523,3931162.3268999998]]},"properties":{"Transects_100m.OBJECTID":335,"Transects_100m.LineID":335,"Transects_100m.Shape_Length":10000,"Transects_100m_AddSpatialJoin.OBJECTID":335,"Transects_100m_AddSpatialJoin.Join_Count":1,"Transects_100m_AddSpatialJoin.TARGET_FID":335,"Transects_100m_AddSpatialJoin.Coords":3931218,"Transects_100m_AddSpatialJoin.domain_id":65,"Transects_100m_AddSpatialJoin.reach":"","Transects_100m_AddSpatialJoin.z_mean":0,"Transects_100m_AddSpatialJoin.z_max":0,"Transects_100m_AddSpatialJoin.z_min":0,"Transects_100m_AddSpatialJoin.relief_m":0,"Transects_100m_AddSpatialJoin.slope_avg":0,"Transects_100m_AddSpatialJoin.road_z":0,"Transects_100m_AddSpatialJoin.shch_myr":0,"Transects_100m_AddSpatialJoin.eros_hot":"","Transects_100m_AddSpatialJoin.bnour":"","Transects_100m_AddSpatialJoin.bnour_yr":0,"Transects_100m_AddSpatialJoin.bnour_src":"","Transects_100m_AddSpatialJoin.armor":"","Transects_100m_AddSpatialJoin.editor":"","Transects_100m_AddSpatialJoin.edit_date":null,"Transects_100m_AddSpatialJoin.notes":"","Transects_100m_AddSpatialJoin.hotspot":0,"Transects_100m_AddSpatialJoin.Shape_Length":10000}},{"type":"Feature","id":336,"geometry":{"type":"LineString","coordinates":[[460198.4523,3931262.3268999998],[450198.4523,3931262.3268999998]]},"properties":{"Transects_100m.OBJECTID":336,"Transects_100m.LineID":336,"Transects_100m.Shape_Length":10000,"Transects_100m_AddSpatialJoin.OBJECTID":336,"Transects_100m_AddSpatialJoin.Join_Count":1,"Transects_100m_AddSpatialJoin.TARGET_FID":336,"Transects_100m_AddSpatialJoin.Coords":3931218,"Transects_100m_AddSpatialJoin.domain_id":65,"Transects_100m_AddSpatialJoin.reach":"","Transects_100m_AddSpatialJoin.z_mean":0,"Transects_100m_AddSpatialJoin.z_max":0,"Transects_100m_AddSpatialJoin.z_min":0,"Transects_100m_AddSpatialJoin.relief_m":0,"Transects_100m_AddSpatialJoin.slope_avg":0,"Transects_100m_AddSpatialJoin.road_z":0,"Transects_100m_AddSpatialJoin.shch_myr":0,"Transects_100m_AddSpatialJoin.eros_hot":"","Transects_100m_AddSpatialJoin.bnour":"","Transects_100m_AddSpatialJoin.bnour_yr":0,"Transects_100m_AddSpatialJoin.bnour_src":"","Transects_100m_AddSpatialJoin.armor":"","Transects_100m_AddSpatialJoin.editor":"","Transects_100m_AddSpatialJoin.edit_date":null,"Transects_100m_AddSpatialJoin.notes":"","Transects_100m_AddSpatialJoin.hotspot":0,"Transects_100m_AddSpatialJoin.Shape_Length":10000}},{"type":"Feature","id":337,"geometry":{"type":"LineString","coordinates":[[460198.4523,3931362.3268999998],[450198.4523,3931362.3268999998]]},"properties":{"Transects_100m.OBJECTID":337,"Transects_100m.LineID":337,"Transects_100m.Shape_Length":10000,"Transects_100m_AddSpatialJoin.OBJECTID":337,"Transects_100m_AddSpatialJoin.Join_Count":1,"Transects_100m_AddSpatialJoin.TARGET_FID":337,"Transects_100m_AddSpatialJoin.Coords":3931218,"Transects_100m_AddSpatialJoin.domain_id":65,"Transects_100m_AddSpatialJoin.reach":"","Transects_100m_AddSpatialJoin.z_mean":0,"Transects_100m_AddSpatialJoin.z_max":0,"Transects_100m_AddSpatialJoin.z_min":0,"Transects_100m_AddSpatialJoin.relief_m":0,"Transects_100m_AddSpatialJoin.slope_avg":0,"Transects_100m_AddSpatialJoin.road_z":0,"Transects_100m_AddSpatialJoin.shch_myr":0,"Transects_100m_AddSpatialJoin.eros_hot":"","Transects_100m_AddSpatialJoin.bnour":"","Transects_100m_AddSpatialJoin.bnour_yr":0,"Transects_100m_AddSpatialJoin.bnour_src":"","Transects_100m_AddSpatialJoin.armor":"","Transects_100m_AddSpatialJoin.editor":"","Transects_100m_AddSpatialJoin.edit_date":null,"Transects_100m_AddSpatialJoin.notes":"","Transects_100m_AddSpatialJoin.hotspot":0,"Transects_100m_AddSpatialJoin.Shape_Length":10000}},{"type":"Feature","id":338,"geometry":{"type":"LineString","coordinates":[[460198.4523,3931462.3268999998],[450198.4523,3931462.3268999998]]},"properties":{"Transects_100m.OBJECTID":338,"Transects_100m.LineID":338,"Transects_100m.Shape_Length":10000,"Transects_100m_AddSpatialJoin.OBJECTID":338,"Transects_100m_AddSpatialJoin.Join_Count":1,"Transects_100m_AddSpatialJoin.TARGET_FID":338,"Transects_100m_AddSpatialJoin.Coords":3931218,"Transects_100m_AddSpatialJoin.domain_id":65,"Transects_100m_AddSpatialJoin.reach":"","Transects_100m_AddSpatialJoin.z_mean":0,"Transects_100m_AddSpatialJoin.z_max":0,"Transects_100m_AddSpatialJoin.z_min":0,"Transects_100m_AddSpatialJoin.relief_m":0,"Transects_100m_AddSpatialJoin.slope_avg":0,"Transects_100m_AddSpatialJoin.road_z":0,"Transects_100m_AddSpatialJoin.shch_myr":0,"Transects_100m_AddSpatialJoin.eros_hot":"","Transects_100m_AddSpatialJoin.bnour":"","Transects_100m_AddSpatialJoin.bnour_yr":0,"Transects_100m_AddSpatialJoin.bnour_src":"","Transects_100m_AddSpatialJoin.armor":"","Transects_100m_AddSpatialJoin.editor":"","Transects_100m_AddSpatialJoin.edit_date":null,"Transects_100m_AddSpatialJoin.notes":"","Transects_100m_AddSpatialJoin.hotspot":0,"Transects_100m_AddSpatialJoin.Shape_Length":10000}},{"type":"Feature","id":339,"geometry":{"type":"LineString","coordinates":[[460198.4523,3931562.3268999998],[450198.4523,3931562.3268999998]]},"properties":{"Transects_100m.OBJECTID":339,"Transects_100m.LineID":339,"Transects_100m.Shape_Length":10000,"Transects_100m_AddSpatialJoin.OBJECTID":339,"Transects_100m_AddSpatialJoin.Join_Count":1,"Transects_100m_AddSpatialJoin.TARGET_FID":339,"Transects_100m_AddSpatialJoin.Coords":3931721,"Transects_100m_AddSpatialJoin.domain_id":66,"Transects_100m_AddSpatialJoin.reach":"","Transects_100m_AddSpatialJoin.z_mean":0,"Transects_100m_AddSpatialJoin.z_max":0,"Transects_100m_AddSpatialJoin.z_min":0,"Transects_100m_AddSpatialJoin.relief_m":0,"Transects_100m_AddSpatialJoin.slope_avg":0,"Transects_100m_AddSpatialJoin.road_z":0,"Transects_100m_AddSpatialJoin.shch_myr":0,"Transects_100m_AddSpatialJoin.eros_hot":"","Transects_100m_AddSpatialJoin.bnour":"","Transects_100m_AddSpatialJoin.bnour_yr":0,"Transects_100m_AddSpatialJoin.bnour_src":"","Transects_100m_AddSpatialJoin.armor":"","Transects_100m_AddSpatialJoin.editor":"","Transects_100m_AddSpatialJoin.edit_date":null,"Transects_100m_AddSpatialJoin.notes":"","Transects_100m_AddSpatialJoin.hotspot":0,"Transects_100m_AddSpatialJoin.Shape_Length":10000}},{"type":"Feature","id":340,"geometry":{"type":"LineString","coordinates":[[460198.4523,3931662.3268999998],[450198.4523,3931662.3268999998]]},"properties":{"Transects_100m.OBJECTID":340,"Transects_100m.LineID":340,"Transects_100m.Shape_Length":10000,"Transects_100m_AddSpatialJoin.OBJECTID":340,"Transects_100m_AddSpatialJoin.Join_Count":1,"Transects_100m_AddSpatialJoin.TARGET_FID":340,"Transects_100m_AddSpatialJoin.Coords":3931721,"Transects_100m_AddSpatialJoin.domain_id":66,"Transects_100m_AddSpatialJoin.reach":"","Transects_100m_AddSpatialJoin.z_mean":0,"Transects_100m_AddSpatialJoin.z_max":0,"Transects_100m_AddSpatialJoin.z_min":0,"Transects_100m_AddSpatialJoin.relief_m":0,"Transects_100m_AddSpatialJoin.slope_avg":0,"Transects_100m_AddSpatialJoin.road_z":0,"Transects_100m_AddSpatialJoin.shch_myr":0,"Transects_100m_AddSpatialJoin.eros_hot":"","Transects_100m_AddSpatialJoin.bnour":"","Transects_100m_AddSpatialJoin.bnour_yr":0,"Transects_100m_AddSpatialJoin.bnour_src":"","Transects_100m_AddSpatialJoin.armor":"","Transects_100m_AddSpatialJoin.editor":"","Transects_100m_AddSpatialJoin.edit_date":null,"Transects_100m_AddSpatialJoin.notes":"","Transects_100m_AddSpatialJoin.hotspot":0,"Transects_100m_AddSpatialJoin.Shape_Length":10000}},{"type":"Feature","id":341,"geometry":{"type":"LineString","coordinates":[[460198.4523,3931762.3268999998],[450198.4523,3931762.3268999998]]},"properties":{"Transects_100m.OBJECTID":341,"Transects_100m.LineID":341,"Transects_100m.Shape_Length":10000,"Transects_100m_AddSpatialJoin.OBJECTID":341,"Transects_100m_AddSpatialJoin.Join_Count":1,"Transects_100m_AddSpatialJoin.TARGET_FID":341,"Transects_100m_AddSpatialJoin.Coords":3931721,"Transects_100m_AddSpatialJoin.domain_id":66,"Transects_100m_AddSpatialJoin.reach":"","Transects_100m_AddSpatialJoin.z_mean":0,"Transects_100m_AddSpatialJoin.z_max":0,"Transects_100m_AddSpatialJoin.z_min":0,"Transects_100m_AddSpatialJoin.relief_m":0,"Transects_100m_AddSpatialJoin.slope_avg":0,"Transects_100m_AddSpatialJoin.road_z":0,"Transects_100m_AddSpatialJoin.shch_myr":0,"Transects_100m_AddSpatialJoin.eros_hot":"","Transects_100m_AddSpatialJoin.bnour":"","Transects_100m_AddSpatialJoin.bnour_yr":0,"Transects_100m_AddSpatialJoin.bnour_src":"","Transects_100m_AddSpatialJoin.armor":"","Transects_100m_AddSpatialJoin.editor":"","Transects_100m_AddSpatialJoin.edit_date":null,"Transects_100m_AddSpatialJoin.notes":"","Transects_100m_AddSpatialJoin.hotspot":0,"Transects_100m_AddSpatialJoin.Shape_Length":10000}},{"type":"Feature","id":342,"geometry":{"type":"LineString","coordinates":[[460198.4523,3931862.3268999998],[450198.4523,3931862.3268999998]]},"properties":{"Transects_100m.OBJECTID":342,"Transects_100m.LineID":342,"Transects_100m.Shape_Length":10000,"Transects_100m_AddSpatialJoin.OBJECTID":342,"Transects_100m_AddSpatialJoin.Join_Count":1,"Transects_100m_AddSpatialJoin.TARGET_FID":342,"Transects_100m_AddSpatialJoin.Coords":3931721,"Transects_100m_AddSpatialJoin.domain_id":66,"Transects_100m_AddSpatialJoin.reach":"","Transects_100m_AddSpatialJoin.z_mean":0,"Transects_100m_AddSpatialJoin.z_max":0,"Transects_100m_AddSpatialJoin.z_min":0,"Transects_100m_AddSpatialJoin.relief_m":0,"Transects_100m_AddSpatialJoin.slope_avg":0,"Transects_100m_AddSpatialJoin.road_z":0,"Transects_100m_AddSpatialJoin.shch_myr":0,"Transects_100m_AddSpatialJoin.eros_hot":"","Transects_100m_AddSpatialJoin.bnour":"","Transects_100m_AddSpatialJoin.bnour_yr":0,"Transects_100m_AddSpatialJoin.bnour_src":"","Transects_100m_AddSpatialJoin.armor":"","Transects_100m_AddSpatialJoin.editor":"","Transects_100m_AddSpatialJoin.edit_date":null,"Transects_100m_AddSpatialJoin.notes":"","Transects_100m_AddSpatialJoin.hotspot":0,"Transects_100m_AddSpatialJoin.Shape_Length":10000}},{"type":"Feature","id":343,"geometry":{"type":"LineString","coordinates":[[460198.4523,3931962.3268999998],[450198.4523,3931962.3268999998]]},"properties":{"Transects_100m.OBJECTID":343,"Transects_100m.LineID":343,"Transects_100m.Shape_Length":10000,"Transects_100m_AddSpatialJoin.OBJECTID":343,"Transects_100m_AddSpatialJoin.Join_Count":1,"Transects_100m_AddSpatialJoin.TARGET_FID":343,"Transects_100m_AddSpatialJoin.Coords":3931721,"Transects_100m_AddSpatialJoin.domain_id":66,"Transects_100m_AddSpatialJoin.reach":"","Transects_100m_AddSpatialJoin.z_mean":0,"Transects_100m_AddSpatialJoin.z_max":0,"Transects_100m_AddSpatialJoin.z_min":0,"Transects_100m_AddSpatialJoin.relief_m":0,"Transects_100m_AddSpatialJoin.slope_avg":0,"Transects_100m_AddSpatialJoin.road_z":0,"Transects_100m_AddSpatialJoin.shch_myr":0,"Transects_100m_AddSpatialJoin.eros_hot":"","Transects_100m_AddSpatialJoin.bnour":"","Transects_100m_AddSpatialJoin.bnour_yr":0,"Transects_100m_AddSpatialJoin.bnour_src":"","Transects_100m_AddSpatialJoin.armor":"","Transects_100m_AddSpatialJoin.editor":"","Transects_100m_AddSpatialJoin.edit_date":null,"Transects_100m_AddSpatialJoin.notes":"","Transects_100m_AddSpatialJoin.hotspot":0,"Transects_100m_AddSpatialJoin.Shape_Length":10000}},{"type":"Feature","id":344,"geometry":{"type":"LineString","coordinates":[[460198.4523,3932062.3268999998],[450198.4523,3932062.3268999998]]},"properties":{"Transects_100m.OBJECTID":344,"Transects_100m.LineID":344,"Transects_100m.Shape_Length":10000,"Transects_100m_AddSpatialJoin.OBJECTID":344,"Transects_100m_AddSpatialJoin.Join_Count":1,"Transects_100m_AddSpatialJoin.TARGET_FID":344,"Transects_100m_AddSpatialJoin.Coords":3932222,"Transects_100m_AddSpatialJoin.domain_id":67,"Transects_100m_AddSpatialJoin.reach":"","Transects_100m_AddSpatialJoin.z_mean":0,"Transects_100m_AddSpatialJoin.z_max":0,"Transects_100m_AddSpatialJoin.z_min":0,"Transects_100m_AddSpatialJoin.relief_m":0,"Transects_100m_AddSpatialJoin.slope_avg":0,"Transects_100m_AddSpatialJoin.road_z":0,"Transects_100m_AddSpatialJoin.shch_myr":0,"Transects_100m_AddSpatialJoin.eros_hot":"","Transects_100m_AddSpatialJoin.bnour":"","Transects_100m_AddSpatialJoin.bnour_yr":0,"Transects_100m_AddSpatialJoin.bnour_src":"","Transects_100m_AddSpatialJoin.armor":"","Transects_100m_AddSpatialJoin.editor":"","Transects_100m_AddSpatialJoin.edit_date":null,"Transects_100m_AddSpatialJoin.notes":"","Transects_100m_AddSpatialJoin.hotspot":0,"Transects_100m_AddSpatialJoin.Shape_Length":10000}},{"type":"Feature","id":345,"geometry":{"type":"LineString","coordinates":[[460198.4523,3932162.3268999998],[450198.4523,3932162.3268999998]]},"properties":{"Transects_100m.OBJECTID":345,"Transects_100m.LineID":345,"Transects_100m.Shape_Length":10000,"Transects_100m_AddSpatialJoin.OBJECTID":345,"Transects_100m_AddSpatialJoin.Join_Count":1,"Transects_100m_AddSpatialJoin.TARGET_FID":345,"Transects_100m_AddSpatialJoin.Coords":3932222,"Transects_100m_AddSpatialJoin.domain_id":67,"Transects_100m_AddSpatialJoin.reach":"","Transects_100m_AddSpatialJoin.z_mean":0,"Transects_100m_AddSpatialJoin.z_max":0,"Transects_100m_AddSpatialJoin.z_min":0,"Transects_100m_AddSpatialJoin.relief_m":0,"Transects_100m_AddSpatialJoin.slope_avg":0,"Transects_100m_AddSpatialJoin.road_z":0,"Transects_100m_AddSpatialJoin.shch_myr":0,"Transects_100m_AddSpatialJoin.eros_hot":"","Transects_100m_AddSpatialJoin.bnour":"","Transects_100m_AddSpatialJoin.bnour_yr":0,"Transects_100m_AddSpatialJoin.bnour_src":"","Transects_100m_AddSpatialJoin.armor":"","Transects_100m_AddSpatialJoin.editor":"","Transects_100m_AddSpatialJoin.edit_date":null,"Transects_100m_AddSpatialJoin.notes":"","Transects_100m_AddSpatialJoin.hotspot":0,"Transects_100m_AddSpatialJoin.Shape_Length":10000}},{"type":"Feature","id":346,"geometry":{"type":"LineString","coordinates":[[460198.4523,3932262.3268999998],[450198.4523,3932262.3268999998]]},"properties":{"Transects_100m.OBJECTID":346,"Transects_100m.LineID":346,"Transects_100m.Shape_Length":10000,"Transects_100m_AddSpatialJoin.OBJECTID":346,"Transects_100m_AddSpatialJoin.Join_Count":1,"Transects_100m_AddSpatialJoin.TARGET_FID":346,"Transects_100m_AddSpatialJoin.Coords":3932222,"Transects_100m_AddSpatialJoin.domain_id":67,"Transects_100m_AddSpatialJoin.reach":"","Transects_100m_AddSpatialJoin.z_mean":0,"Transects_100m_AddSpatialJoin.z_max":0,"Transects_100m_AddSpatialJoin.z_min":0,"Transects_100m_AddSpatialJoin.relief_m":0,"Transects_100m_AddSpatialJoin.slope_avg":0,"Transects_100m_AddSpatialJoin.road_z":0,"Transects_100m_AddSpatialJoin.shch_myr":0,"Transects_100m_AddSpatialJoin.eros_hot":"","Transects_100m_AddSpatialJoin.bnour":"","Transects_100m_AddSpatialJoin.bnour_yr":0,"Transects_100m_AddSpatialJoin.bnour_src":"","Transects_100m_AddSpatialJoin.armor":"","Transects_100m_AddSpatialJoin.editor":"","Transects_100m_AddSpatialJoin.edit_date":null,"Transects_100m_AddSpatialJoin.notes":"","Transects_100m_AddSpatialJoin.hotspot":0,"Transects_100m_AddSpatialJoin.Shape_Length":10000}},{"type":"Feature","id":347,"geometry":{"type":"LineString","coordinates":[[460198.4523,3932362.3268999998],[450198.4523,3932362.3268999998]]},"properties":{"Transects_100m.OBJECTID":347,"Transects_100m.LineID":347,"Transects_100m.Shape_Length":10000,"Transects_100m_AddSpatialJoin.OBJECTID":347,"Transects_100m_AddSpatialJoin.Join_Count":1,"Transects_100m_AddSpatialJoin.TARGET_FID":347,"Transects_100m_AddSpatialJoin.Coords":3932222,"Transects_100m_AddSpatialJoin.domain_id":67,"Transects_100m_AddSpatialJoin.reach":"","Transects_100m_AddSpatialJoin.z_mean":0,"Transects_100m_AddSpatialJoin.z_max":0,"Transects_100m_AddSpatialJoin.z_min":0,"Transects_100m_AddSpatialJoin.relief_m":0,"Transects_100m_AddSpatialJoin.slope_avg":0,"Transects_100m_AddSpatialJoin.road_z":0,"Transects_100m_AddSpatialJoin.shch_myr":0,"Transects_100m_AddSpatialJoin.eros_hot":"","Transects_100m_AddSpatialJoin.bnour":"","Transects_100m_AddSpatialJoin.bnour_yr":0,"Transects_100m_AddSpatialJoin.bnour_src":"","Transects_100m_AddSpatialJoin.armor":"","Transects_100m_AddSpatialJoin.editor":"","Transects_100m_AddSpatialJoin.edit_date":null,"Transects_100m_AddSpatialJoin.notes":"","Transects_100m_AddSpatialJoin.hotspot":0,"Transects_100m_AddSpatialJoin.Shape_Length":10000}},{"type":"Feature","id":348,"geometry":{"type":"LineString","coordinates":[[460198.4523,3932462.3268999998],[450198.4523,3932462.3268999998]]},"properties":{"Transects_100m.OBJECTID":348,"Transects_100m.LineID":348,"Transects_100m.Shape_Length":10000,"Transects_100m_AddSpatialJoin.OBJECTID":348,"Transects_100m_AddSpatialJoin.Join_Count":1,"Transects_100m_AddSpatialJoin.TARGET_FID":348,"Transects_100m_AddSpatialJoin.Coords":3932222,"Transects_100m_AddSpatialJoin.domain_id":67,"Transects_100m_AddSpatialJoin.reach":"","Transects_100m_AddSpatialJoin.z_mean":0,"Transects_100m_AddSpatialJoin.z_max":0,"Transects_100m_AddSpatialJoin.z_min":0,"Transects_100m_AddSpatialJoin.relief_m":0,"Transects_100m_AddSpatialJoin.slope_avg":0,"Transects_100m_AddSpatialJoin.road_z":0,"Transects_100m_AddSpatialJoin.shch_myr":0,"Transects_100m_AddSpatialJoin.eros_hot":"","Transects_100m_AddSpatialJoin.bnour":"","Transects_100m_AddSpatialJoin.bnour_yr":0,"Transects_100m_AddSpatialJoin.bnour_src":"","Transects_100m_AddSpatialJoin.armor":"","Transects_100m_AddSpatialJoin.editor":"","Transects_100m_AddSpatialJoin.edit_date":null,"Transects_100m_AddSpatialJoin.notes":"","Transects_100m_AddSpatialJoin.hotspot":0,"Transects_100m_AddSpatialJoin.Shape_Length":10000}},{"type":"Feature","id":349,"geometry":{"type":"LineString","coordinates":[[460198.4523,3932562.3268999998],[450198.4523,3932562.3268999998]]},"properties":{"Transects_100m.OBJECTID":349,"Transects_100m.LineID":349,"Transects_100m.Shape_Length":10000,"Transects_100m_AddSpatialJoin.OBJECTID":349,"Transects_100m_AddSpatialJoin.Join_Count":1,"Transects_100m_AddSpatialJoin.TARGET_FID":349,"Transects_100m_AddSpatialJoin.Coords":3932724,"Transects_100m_AddSpatialJoin.domain_id":68,"Transects_100m_AddSpatialJoin.reach":"","Transects_100m_AddSpatialJoin.z_mean":0,"Transects_100m_AddSpatialJoin.z_max":0,"Transects_100m_AddSpatialJoin.z_min":0,"Transects_100m_AddSpatialJoin.relief_m":0,"Transects_100m_AddSpatialJoin.slope_avg":0,"Transects_100m_AddSpatialJoin.road_z":0,"Transects_100m_AddSpatialJoin.shch_myr":0,"Transects_100m_AddSpatialJoin.eros_hot":"","Transects_100m_AddSpatialJoin.bnour":"","Transects_100m_AddSpatialJoin.bnour_yr":0,"Transects_100m_AddSpatialJoin.bnour_src":"","Transects_100m_AddSpatialJoin.armor":"","Transects_100m_AddSpatialJoin.editor":"","Transects_100m_AddSpatialJoin.edit_date":null,"Transects_100m_AddSpatialJoin.notes":"","Transects_100m_AddSpatialJoin.hotspot":0,"Transects_100m_AddSpatialJoin.Shape_Length":10000}},{"type":"Feature","id":350,"geometry":{"type":"LineString","coordinates":[[460198.4523,3932662.3268999998],[450198.4523,3932662.3268999998]]},"properties":{"Transects_100m.OBJECTID":350,"Transects_100m.LineID":350,"Transects_100m.Shape_Length":10000,"Transects_100m_AddSpatialJoin.OBJECTID":350,"Transects_100m_AddSpatialJoin.Join_Count":1,"Transects_100m_AddSpatialJoin.TARGET_FID":350,"Transects_100m_AddSpatialJoin.Coords":3932724,"Transects_100m_AddSpatialJoin.domain_id":68,"Transects_100m_AddSpatialJoin.reach":"","Transects_100m_AddSpatialJoin.z_mean":0,"Transects_100m_AddSpatialJoin.z_max":0,"Transects_100m_AddSpatialJoin.z_min":0,"Transects_100m_AddSpatialJoin.relief_m":0,"Transects_100m_AddSpatialJoin.slope_avg":0,"Transects_100m_AddSpatialJoin.road_z":0,"Transects_100m_AddSpatialJoin.shch_myr":0,"Transects_100m_AddSpatialJoin.eros_hot":"","Transects_100m_AddSpatialJoin.bnour":"","Transects_100m_AddSpatialJoin.bnour_yr":0,"Transects_100m_AddSpatialJoin.bnour_src":"","Transects_100m_AddSpatialJoin.armor":"","Transects_100m_AddSpatialJoin.editor":"","Transects_100m_AddSpatialJoin.edit_date":null,"Transects_100m_AddSpatialJoin.notes":"","Transects_100m_AddSpatialJoin.hotspot":0,"Transects_100m_AddSpatialJoin.Shape_Length":10000}},{"type":"Feature","id":351,"geometry":{"type":"LineString","coordinates":[[460198.4523,3932762.3268999998],[450198.4523,3932762.3268999998]]},"properties":{"Transects_100m.OBJECTID":351,"Transects_100m.LineID":351,"Transects_100m.Shape_Length":10000,"Transects_100m_AddSpatialJoin.OBJECTID":351,"Transects_100m_AddSpatialJoin.Join_Count":1,"Transects_100m_AddSpatialJoin.TARGET_FID":351,"Transects_100m_AddSpatialJoin.Coords":3932724,"Transects_100m_AddSpatialJoin.domain_id":68,"Transects_100m_AddSpatialJoin.reach":"","Transects_100m_AddSpatialJoin.z_mean":0,"Transects_100m_AddSpatialJoin.z_max":0,"Transects_100m_AddSpatialJoin.z_min":0,"Transects_100m_AddSpatialJoin.relief_m":0,"Transects_100m_AddSpatialJoin.slope_avg":0,"Transects_100m_AddSpatialJoin.road_z":0,"Transects_100m_AddSpatialJoin.shch_myr":0,"Transects_100m_AddSpatialJoin.eros_hot":"","Transects_100m_AddSpatialJoin.bnour":"","Transects_100m_AddSpatialJoin.bnour_yr":0,"Transects_100m_AddSpatialJoin.bnour_src":"","Transects_100m_AddSpatialJoin.armor":"","Transects_100m_AddSpatialJoin.editor":"","Transects_100m_AddSpatialJoin.edit_date":null,"Transects_100m_AddSpatialJoin.notes":"","Transects_100m_AddSpatialJoin.hotspot":0,"Transects_100m_AddSpatialJoin.Shape_Length":10000}},{"type":"Feature","id":352,"geometry":{"type":"LineString","coordinates":[[460198.4523,3932862.3268999998],[450198.4523,3932862.3268999998]]},"properties":{"Transects_100m.OBJECTID":352,"Transects_100m.LineID":352,"Transects_100m.Shape_Length":10000,"Transects_100m_AddSpatialJoin.OBJECTID":352,"Transects_100m_AddSpatialJoin.Join_Count":1,"Transects_100m_AddSpatialJoin.TARGET_FID":352,"Transects_100m_AddSpatialJoin.Coords":3932724,"Transects_100m_AddSpatialJoin.domain_id":68,"Transects_100m_AddSpatialJoin.reach":"","Transects_100m_AddSpatialJoin.z_mean":0,"Transects_100m_AddSpatialJoin.z_max":0,"Transects_100m_AddSpatialJoin.z_min":0,"Transects_100m_AddSpatialJoin.relief_m":0,"Transects_100m_AddSpatialJoin.slope_avg":0,"Transects_100m_AddSpatialJoin.road_z":0,"Transects_100m_AddSpatialJoin.shch_myr":0,"Transects_100m_AddSpatialJoin.eros_hot":"","Transects_100m_AddSpatialJoin.bnour":"","Transects_100m_AddSpatialJoin.bnour_yr":0,"Transects_100m_AddSpatialJoin.bnour_src":"","Transects_100m_AddSpatialJoin.armor":"","Transects_100m_AddSpatialJoin.editor":"","Transects_100m_AddSpatialJoin.edit_date":null,"Transects_100m_AddSpatialJoin.notes":"","Transects_100m_AddSpatialJoin.hotspot":0,"Transects_100m_AddSpatialJoin.Shape_Length":10000}},{"type":"Feature","id":353,"geometry":{"type":"LineString","coordinates":[[460198.4523,3932962.3268999998],[450198.4523,3932962.3268999998]]},"properties":{"Transects_100m.OBJECTID":353,"Transects_100m.LineID":353,"Transects_100m.Shape_Length":10000,"Transects_100m_AddSpatialJoin.OBJECTID":353,"Transects_100m_AddSpatialJoin.Join_Count":1,"Transects_100m_AddSpatialJoin.TARGET_FID":353,"Transects_100m_AddSpatialJoin.Coords":3932724,"Transects_100m_AddSpatialJoin.domain_id":68,"Transects_100m_AddSpatialJoin.reach":"","Transects_100m_AddSpatialJoin.z_mean":0,"Transects_100m_AddSpatialJoin.z_max":0,"Transects_100m_AddSpatialJoin.z_min":0,"Transects_100m_AddSpatialJoin.relief_m":0,"Transects_100m_AddSpatialJoin.slope_avg":0,"Transects_100m_AddSpatialJoin.road_z":0,"Transects_100m_AddSpatialJoin.shch_myr":0,"Transects_100m_AddSpatialJoin.eros_hot":"","Transects_100m_AddSpatialJoin.bnour":"","Transects_100m_AddSpatialJoin.bnour_yr":0,"Transects_100m_AddSpatialJoin.bnour_src":"","Transects_100m_AddSpatialJoin.armor":"","Transects_100m_AddSpatialJoin.editor":"","Transects_100m_AddSpatialJoin.edit_date":null,"Transects_100m_AddSpatialJoin.notes":"","Transects_100m_AddSpatialJoin.hotspot":0,"Transects_100m_AddSpatialJoin.Shape_Length":10000}},{"type":"Feature","id":354,"geometry":{"type":"LineString","coordinates":[[460198.4523,3933062.3268999998],[450198.4523,3933062.3268999998]]},"properties":{"Transects_100m.OBJECTID":354,"Transects_100m.LineID":354,"Transects_100m.Shape_Length":10000,"Transects_100m_AddSpatialJoin.OBJECTID":354,"Transects_100m_AddSpatialJoin.Join_Count":1,"Transects_100m_AddSpatialJoin.TARGET_FID":354,"Transects_100m_AddSpatialJoin.Coords":3933227,"Transects_100m_AddSpatialJoin.domain_id":69,"Transects_100m_AddSpatialJoin.reach":"","Transects_100m_AddSpatialJoin.z_mean":0,"Transects_100m_AddSpatialJoin.z_max":0,"Transects_100m_AddSpatialJoin.z_min":0,"Transects_100m_AddSpatialJoin.relief_m":0,"Transects_100m_AddSpatialJoin.slope_avg":0,"Transects_100m_AddSpatialJoin.road_z":0,"Transects_100m_AddSpatialJoin.shch_myr":0,"Transects_100m_AddSpatialJoin.eros_hot":"","Transects_100m_AddSpatialJoin.bnour":"","Transects_100m_AddSpatialJoin.bnour_yr":0,"Transects_100m_AddSpatialJoin.bnour_src":"","Transects_100m_AddSpatialJoin.armor":"","Transects_100m_AddSpatialJoin.editor":"","Transects_100m_AddSpatialJoin.edit_date":null,"Transects_100m_AddSpatialJoin.notes":"","Transects_100m_AddSpatialJoin.hotspot":0,"Transects_100m_AddSpatialJoin.Shape_Length":10000}},{"type":"Feature","id":355,"geometry":{"type":"LineString","coordinates":[[460198.4523,3933162.3268999998],[450198.4523,3933162.3268999998]]},"properties":{"Transects_100m.OBJECTID":355,"Transects_100m.LineID":355,"Transects_100m.Shape_Length":10000,"Transects_100m_AddSpatialJoin.OBJECTID":355,"Transects_100m_AddSpatialJoin.Join_Count":1,"Transects_100m_AddSpatialJoin.TARGET_FID":355,"Transects_100m_AddSpatialJoin.Coords":3933227,"Transects_100m_AddSpatialJoin.domain_id":69,"Transects_100m_AddSpatialJoin.reach":"","Transects_100m_AddSpatialJoin.z_mean":0,"Transects_100m_AddSpatialJoin.z_max":0,"Transects_100m_AddSpatialJoin.z_min":0,"Transects_100m_AddSpatialJoin.relief_m":0,"Transects_100m_AddSpatialJoin.slope_avg":0,"Transects_100m_AddSpatialJoin.road_z":0,"Transects_100m_AddSpatialJoin.shch_myr":0,"Transects_100m_AddSpatialJoin.eros_hot":"","Transects_100m_AddSpatialJoin.bnour":"","Transects_100m_AddSpatialJoin.bnour_yr":0,"Transects_100m_AddSpatialJoin.bnour_src":"","Transects_100m_AddSpatialJoin.armor":"","Transects_100m_AddSpatialJoin.editor":"","Transects_100m_AddSpatialJoin.edit_date":null,"Transects_100m_AddSpatialJoin.notes":"","Transects_100m_AddSpatialJoin.hotspot":0,"Transects_100m_AddSpatialJoin.Shape_Length":10000}},{"type":"Feature","id":356,"geometry":{"type":"LineString","coordinates":[[460198.4523,3933262.3268999998],[450198.4523,3933262.3268999998]]},"properties":{"Transects_100m.OBJECTID":356,"Transects_100m.LineID":356,"Transects_100m.Shape_Length":10000,"Transects_100m_AddSpatialJoin.OBJECTID":356,"Transects_100m_AddSpatialJoin.Join_Count":1,"Transects_100m_AddSpatialJoin.TARGET_FID":356,"Transects_100m_AddSpatialJoin.Coords":3933227,"Transects_100m_AddSpatialJoin.domain_id":69,"Transects_100m_AddSpatialJoin.reach":"","Transects_100m_AddSpatialJoin.z_mean":0,"Transects_100m_AddSpatialJoin.z_max":0,"Transects_100m_AddSpatialJoin.z_min":0,"Transects_100m_AddSpatialJoin.relief_m":0,"Transects_100m_AddSpatialJoin.slope_avg":0,"Transects_100m_AddSpatialJoin.road_z":0,"Transects_100m_AddSpatialJoin.shch_myr":0,"Transects_100m_AddSpatialJoin.eros_hot":"","Transects_100m_AddSpatialJoin.bnour":"","Transects_100m_AddSpatialJoin.bnour_yr":0,"Transects_100m_AddSpatialJoin.bnour_src":"","Transects_100m_AddSpatialJoin.armor":"","Transects_100m_AddSpatialJoin.editor":"","Transects_100m_AddSpatialJoin.edit_date":null,"Transects_100m_AddSpatialJoin.notes":"","Transects_100m_AddSpatialJoin.hotspot":0,"Transects_100m_AddSpatialJoin.Shape_Length":10000}},{"type":"Feature","id":357,"geometry":{"type":"LineString","coordinates":[[460198.4523,3933362.3268999998],[450198.4523,3933362.3268999998]]},"properties":{"Transects_100m.OBJECTID":357,"Transects_100m.LineID":357,"Transects_100m.Shape_Length":10000,"Transects_100m_AddSpatialJoin.OBJECTID":357,"Transects_100m_AddSpatialJoin.Join_Count":1,"Transects_100m_AddSpatialJoin.TARGET_FID":357,"Transects_100m_AddSpatialJoin.Coords":3933227,"Transects_100m_AddSpatialJoin.domain_id":69,"Transects_100m_AddSpatialJoin.reach":"","Transects_100m_AddSpatialJoin.z_mean":0,"Transects_100m_AddSpatialJoin.z_max":0,"Transects_100m_AddSpatialJoin.z_min":0,"Transects_100m_AddSpatialJoin.relief_m":0,"Transects_100m_AddSpatialJoin.slope_avg":0,"Transects_100m_AddSpatialJoin.road_z":0,"Transects_100m_AddSpatialJoin.shch_myr":0,"Transects_100m_AddSpatialJoin.eros_hot":"","Transects_100m_AddSpatialJoin.bnour":"","Transects_100m_AddSpatialJoin.bnour_yr":0,"Transects_100m_AddSpatialJoin.bnour_src":"","Transects_100m_AddSpatialJoin.armor":"","Transects_100m_AddSpatialJoin.editor":"","Transects_100m_AddSpatialJoin.edit_date":null,"Transects_100m_AddSpatialJoin.notes":"","Transects_100m_AddSpatialJoin.hotspot":0,"Transects_100m_AddSpatialJoin.Shape_Length":10000}},{"type":"Feature","id":358,"geometry":{"type":"LineString","coordinates":[[460198.4523,3933462.3268999998],[450198.4523,3933462.3268999998]]},"properties":{"Transects_100m.OBJECTID":358,"Transects_100m.LineID":358,"Transects_100m.Shape_Length":10000,"Transects_100m_AddSpatialJoin.OBJECTID":358,"Transects_100m_AddSpatialJoin.Join_Count":1,"Transects_100m_AddSpatialJoin.TARGET_FID":358,"Transects_100m_AddSpatialJoin.Coords":3933227,"Transects_100m_AddSpatialJoin.domain_id":69,"Transects_100m_AddSpatialJoin.reach":"","Transects_100m_AddSpatialJoin.z_mean":0,"Transects_100m_AddSpatialJoin.z_max":0,"Transects_100m_AddSpatialJoin.z_min":0,"Transects_100m_AddSpatialJoin.relief_m":0,"Transects_100m_AddSpatialJoin.slope_avg":0,"Transects_100m_AddSpatialJoin.road_z":0,"Transects_100m_AddSpatialJoin.shch_myr":0,"Transects_100m_AddSpatialJoin.eros_hot":"","Transects_100m_AddSpatialJoin.bnour":"","Transects_100m_AddSpatialJoin.bnour_yr":0,"Transects_100m_AddSpatialJoin.bnour_src":"","Transects_100m_AddSpatialJoin.armor":"","Transects_100m_AddSpatialJoin.editor":"","Transects_100m_AddSpatialJoin.edit_date":null,"Transects_100m_AddSpatialJoin.notes":"","Transects_100m_AddSpatialJoin.hotspot":0,"Transects_100m_AddSpatialJoin.Shape_Length":10000}},{"type":"Feature","id":359,"geometry":{"type":"LineString","coordinates":[[460198.4523,3933562.3268999998],[450198.4523,3933562.3268999998]]},"properties":{"Transects_100m.OBJECTID":359,"Transects_100m.LineID":359,"Transects_100m.Shape_Length":10000,"Transects_100m_AddSpatialJoin.OBJECTID":359,"Transects_100m_AddSpatialJoin.Join_Count":1,"Transects_100m_AddSpatialJoin.TARGET_FID":359,"Transects_100m_AddSpatialJoin.Coords":3933731,"Transects_100m_AddSpatialJoin.domain_id":70,"Transects_100m_AddSpatialJoin.reach":"","Transects_100m_AddSpatialJoin.z_mean":0,"Transects_100m_AddSpatialJoin.z_max":0,"Transects_100m_AddSpatialJoin.z_min":0,"Transects_100m_AddSpatialJoin.relief_m":0,"Transects_100m_AddSpatialJoin.slope_avg":0,"Transects_100m_AddSpatialJoin.road_z":0,"Transects_100m_AddSpatialJoin.shch_myr":0,"Transects_100m_AddSpatialJoin.eros_hot":"","Transects_100m_AddSpatialJoin.bnour":"","Transects_100m_AddSpatialJoin.bnour_yr":0,"Transects_100m_AddSpatialJoin.bnour_src":"","Transects_100m_AddSpatialJoin.armor":"","Transects_100m_AddSpatialJoin.editor":"","Transects_100m_AddSpatialJoin.edit_date":null,"Transects_100m_AddSpatialJoin.notes":"","Transects_100m_AddSpatialJoin.hotspot":0,"Transects_100m_AddSpatialJoin.Shape_Length":10000}},{"type":"Feature","id":360,"geometry":{"type":"LineString","coordinates":[[460198.4523,3933662.3268999998],[450198.4523,3933662.3268999998]]},"properties":{"Transects_100m.OBJECTID":360,"Transects_100m.LineID":360,"Transects_100m.Shape_Length":10000,"Transects_100m_AddSpatialJoin.OBJECTID":360,"Transects_100m_AddSpatialJoin.Join_Count":1,"Transects_100m_AddSpatialJoin.TARGET_FID":360,"Transects_100m_AddSpatialJoin.Coords":3933731,"Transects_100m_AddSpatialJoin.domain_id":70,"Transects_100m_AddSpatialJoin.reach":"","Transects_100m_AddSpatialJoin.z_mean":0,"Transects_100m_AddSpatialJoin.z_max":0,"Transects_100m_AddSpatialJoin.z_min":0,"Transects_100m_AddSpatialJoin.relief_m":0,"Transects_100m_AddSpatialJoin.slope_avg":0,"Transects_100m_AddSpatialJoin.road_z":0,"Transects_100m_AddSpatialJoin.shch_myr":0,"Transects_100m_AddSpatialJoin.eros_hot":"","Transects_100m_AddSpatialJoin.bnour":"","Transects_100m_AddSpatialJoin.bnour_yr":0,"Transects_100m_AddSpatialJoin.bnour_src":"","Transects_100m_AddSpatialJoin.armor":"","Transects_100m_AddSpatialJoin.editor":"","Transects_100m_AddSpatialJoin.edit_date":null,"Transects_100m_AddSpatialJoin.notes":"","Transects_100m_AddSpatialJoin.hotspot":0,"Transects_100m_AddSpatialJoin.Shape_Length":10000}},{"type":"Feature","id":361,"geometry":{"type":"LineString","coordinates":[[460198.4523,3933762.3268999998],[450198.4523,3933762.3268999998]]},"properties":{"Transects_100m.OBJECTID":361,"Transects_100m.LineID":361,"Transects_100m.Shape_Length":10000,"Transects_100m_AddSpatialJoin.OBJECTID":361,"Transects_100m_AddSpatialJoin.Join_Count":1,"Transects_100m_AddSpatialJoin.TARGET_FID":361,"Transects_100m_AddSpatialJoin.Coords":3933731,"Transects_100m_AddSpatialJoin.domain_id":70,"Transects_100m_AddSpatialJoin.reach":"","Transects_100m_AddSpatialJoin.z_mean":0,"Transects_100m_AddSpatialJoin.z_max":0,"Transects_100m_AddSpatialJoin.z_min":0,"Transects_100m_AddSpatialJoin.relief_m":0,"Transects_100m_AddSpatialJoin.slope_avg":0,"Transects_100m_AddSpatialJoin.road_z":0,"Transects_100m_AddSpatialJoin.shch_myr":0,"Transects_100m_AddSpatialJoin.eros_hot":"","Transects_100m_AddSpatialJoin.bnour":"","Transects_100m_AddSpatialJoin.bnour_yr":0,"Transects_100m_AddSpatialJoin.bnour_src":"","Transects_100m_AddSpatialJoin.armor":"","Transects_100m_AddSpatialJoin.editor":"","Transects_100m_AddSpatialJoin.edit_date":null,"Transects_100m_AddSpatialJoin.notes":"","Transects_100m_AddSpatialJoin.hotspot":0,"Transects_100m_AddSpatialJoin.Shape_Length":10000}},{"type":"Feature","id":362,"geometry":{"type":"LineString","coordinates":[[460198.4523,3933862.3268999998],[450198.4523,3933862.3268999998]]},"properties":{"Transects_100m.OBJECTID":362,"Transects_100m.LineID":362,"Transects_100m.Shape_Length":10000,"Transects_100m_AddSpatialJoin.OBJECTID":362,"Transects_100m_AddSpatialJoin.Join_Count":1,"Transects_100m_AddSpatialJoin.TARGET_FID":362,"Transects_100m_AddSpatialJoin.Coords":3933731,"Transects_100m_AddSpatialJoin.domain_id":70,"Transects_100m_AddSpatialJoin.reach":"","Transects_100m_AddSpatialJoin.z_mean":0,"Transects_100m_AddSpatialJoin.z_max":0,"Transects_100m_AddSpatialJoin.z_min":0,"Transects_100m_AddSpatialJoin.relief_m":0,"Transects_100m_AddSpatialJoin.slope_avg":0,"Transects_100m_AddSpatialJoin.road_z":0,"Transects_100m_AddSpatialJoin.shch_myr":0,"Transects_100m_AddSpatialJoin.eros_hot":"","Transects_100m_AddSpatialJoin.bnour":"","Transects_100m_AddSpatialJoin.bnour_yr":0,"Transects_100m_AddSpatialJoin.bnour_src":"","Transects_100m_AddSpatialJoin.armor":"","Transects_100m_AddSpatialJoin.editor":"","Transects_100m_AddSpatialJoin.edit_date":null,"Transects_100m_AddSpatialJoin.notes":"","Transects_100m_AddSpatialJoin.hotspot":0,"Transects_100m_AddSpatialJoin.Shape_Length":10000}},{"type":"Feature","id":363,"geometry":{"type":"LineString","coordinates":[[460198.4523,3933962.3268999998],[450198.4523,3933962.3268999998]]},"properties":{"Transects_100m.OBJECTID":363,"Transects_100m.LineID":363,"Transects_100m.Shape_Length":10000,"Transects_100m_AddSpatialJoin.OBJECTID":363,"Transects_100m_AddSpatialJoin.Join_Count":1,"Transects_100m_AddSpatialJoin.TARGET_FID":363,"Transects_100m_AddSpatialJoin.Coords":3933731,"Transects_100m_AddSpatialJoin.domain_id":70,"Transects_100m_AddSpatialJoin.reach":"","Transects_100m_AddSpatialJoin.z_mean":0,"Transects_100m_AddSpatialJoin.z_max":0,"Transects_100m_AddSpatialJoin.z_min":0,"Transects_100m_AddSpatialJoin.relief_m":0,"Transects_100m_AddSpatialJoin.slope_avg":0,"Transects_100m_AddSpatialJoin.road_z":0,"Transects_100m_AddSpatialJoin.shch_myr":0,"Transects_100m_AddSpatialJoin.eros_hot":"","Transects_100m_AddSpatialJoin.bnour":"","Transects_100m_AddSpatialJoin.bnour_yr":0,"Transects_100m_AddSpatialJoin.bnour_src":"","Transects_100m_AddSpatialJoin.armor":"","Transects_100m_AddSpatialJoin.editor":"","Transects_100m_AddSpatialJoin.edit_date":null,"Transects_100m_AddSpatialJoin.notes":"","Transects_100m_AddSpatialJoin.hotspot":0,"Transects_100m_AddSpatialJoin.Shape_Length":10000}},{"type":"Feature","id":364,"geometry":{"type":"LineString","coordinates":[[460198.4523,3934062.3268999998],[450198.4523,3934062.3268999998]]},"properties":{"Transects_100m.OBJECTID":364,"Transects_100m.LineID":364,"Transects_100m.Shape_Length":10000,"Transects_100m_AddSpatialJoin.OBJECTID":364,"Transects_100m_AddSpatialJoin.Join_Count":1,"Transects_100m_AddSpatialJoin.TARGET_FID":364,"Transects_100m_AddSpatialJoin.Coords":3934233,"Transects_100m_AddSpatialJoin.domain_id":71,"Transects_100m_AddSpatialJoin.reach":"","Transects_100m_AddSpatialJoin.z_mean":0,"Transects_100m_AddSpatialJoin.z_max":0,"Transects_100m_AddSpatialJoin.z_min":0,"Transects_100m_AddSpatialJoin.relief_m":0,"Transects_100m_AddSpatialJoin.slope_avg":0,"Transects_100m_AddSpatialJoin.road_z":0,"Transects_100m_AddSpatialJoin.shch_myr":0,"Transects_100m_AddSpatialJoin.eros_hot":"","Transects_100m_AddSpatialJoin.bnour":"","Transects_100m_AddSpatialJoin.bnour_yr":0,"Transects_100m_AddSpatialJoin.bnour_src":"","Transects_100m_AddSpatialJoin.armor":"","Transects_100m_AddSpatialJoin.editor":"","Transects_100m_AddSpatialJoin.edit_date":null,"Transects_100m_AddSpatialJoin.notes":"","Transects_100m_AddSpatialJoin.hotspot":0,"Transects_100m_AddSpatialJoin.Shape_Length":10000}},{"type":"Feature","id":365,"geometry":{"type":"LineString","coordinates":[[460198.4523,3934162.3268999998],[450198.4523,3934162.3268999998]]},"properties":{"Transects_100m.OBJECTID":365,"Transects_100m.LineID":365,"Transects_100m.Shape_Length":10000,"Transects_100m_AddSpatialJoin.OBJECTID":365,"Transects_100m_AddSpatialJoin.Join_Count":1,"Transects_100m_AddSpatialJoin.TARGET_FID":365,"Transects_100m_AddSpatialJoin.Coords":3934233,"Transects_100m_AddSpatialJoin.domain_id":71,"Transects_100m_AddSpatialJoin.reach":"","Transects_100m_AddSpatialJoin.z_mean":0,"Transects_100m_AddSpatialJoin.z_max":0,"Transects_100m_AddSpatialJoin.z_min":0,"Transects_100m_AddSpatialJoin.relief_m":0,"Transects_100m_AddSpatialJoin.slope_avg":0,"Transects_100m_AddSpatialJoin.road_z":0,"Transects_100m_AddSpatialJoin.shch_myr":0,"Transects_100m_AddSpatialJoin.eros_hot":"","Transects_100m_AddSpatialJoin.bnour":"","Transects_100m_AddSpatialJoin.bnour_yr":0,"Transects_100m_AddSpatialJoin.bnour_src":"","Transects_100m_AddSpatialJoin.armor":"","Transects_100m_AddSpatialJoin.editor":"","Transects_100m_AddSpatialJoin.edit_date":null,"Transects_100m_AddSpatialJoin.notes":"","Transects_100m_AddSpatialJoin.hotspot":0,"Transects_100m_AddSpatialJoin.Shape_Length":10000}},{"type":"Feature","id":366,"geometry":{"type":"LineString","coordinates":[[460198.4523,3934262.3268999998],[450198.4523,3934262.3268999998]]},"properties":{"Transects_100m.OBJECTID":366,"Transects_100m.LineID":366,"Transects_100m.Shape_Length":10000,"Transects_100m_AddSpatialJoin.OBJECTID":366,"Transects_100m_AddSpatialJoin.Join_Count":1,"Transects_100m_AddSpatialJoin.TARGET_FID":366,"Transects_100m_AddSpatialJoin.Coords":3934233,"Transects_100m_AddSpatialJoin.domain_id":71,"Transects_100m_AddSpatialJoin.reach":"","Transects_100m_AddSpatialJoin.z_mean":0,"Transects_100m_AddSpatialJoin.z_max":0,"Transects_100m_AddSpatialJoin.z_min":0,"Transects_100m_AddSpatialJoin.relief_m":0,"Transects_100m_AddSpatialJoin.slope_avg":0,"Transects_100m_AddSpatialJoin.road_z":0,"Transects_100m_AddSpatialJoin.shch_myr":0,"Transects_100m_AddSpatialJoin.eros_hot":"","Transects_100m_AddSpatialJoin.bnour":"","Transects_100m_AddSpatialJoin.bnour_yr":0,"Transects_100m_AddSpatialJoin.bnour_src":"","Transects_100m_AddSpatialJoin.armor":"","Transects_100m_AddSpatialJoin.editor":"","Transects_100m_AddSpatialJoin.edit_date":null,"Transects_100m_AddSpatialJoin.notes":"","Transects_100m_AddSpatialJoin.hotspot":0,"Transects_100m_AddSpatialJoin.Shape_Length":10000}},{"type":"Feature","id":367,"geometry":{"type":"LineString","coordinates":[[460198.4523,3934362.3268999998],[450198.4523,3934362.3268999998]]},"properties":{"Transects_100m.OBJECTID":367,"Transects_100m.LineID":367,"Transects_100m.Shape_Length":10000,"Transects_100m_AddSpatialJoin.OBJECTID":367,"Transects_100m_AddSpatialJoin.Join_Count":1,"Transects_100m_AddSpatialJoin.TARGET_FID":367,"Transects_100m_AddSpatialJoin.Coords":3934233,"Transects_100m_AddSpatialJoin.domain_id":71,"Transects_100m_AddSpatialJoin.reach":"","Transects_100m_AddSpatialJoin.z_mean":0,"Transects_100m_AddSpatialJoin.z_max":0,"Transects_100m_AddSpatialJoin.z_min":0,"Transects_100m_AddSpatialJoin.relief_m":0,"Transects_100m_AddSpatialJoin.slope_avg":0,"Transects_100m_AddSpatialJoin.road_z":0,"Transects_100m_AddSpatialJoin.shch_myr":0,"Transects_100m_AddSpatialJoin.eros_hot":"","Transects_100m_AddSpatialJoin.bnour":"","Transects_100m_AddSpatialJoin.bnour_yr":0,"Transects_100m_AddSpatialJoin.bnour_src":"","Transects_100m_AddSpatialJoin.armor":"","Transects_100m_AddSpatialJoin.editor":"","Transects_100m_AddSpatialJoin.edit_date":null,"Transects_100m_AddSpatialJoin.notes":"","Transects_100m_AddSpatialJoin.hotspot":0,"Transects_100m_AddSpatialJoin.Shape_Length":10000}},{"type":"Feature","id":368,"geometry":{"type":"LineString","coordinates":[[460198.4523,3934462.3268999998],[450198.4523,3934462.3268999998]]},"properties":{"Transects_100m.OBJECTID":368,"Transects_100m.LineID":368,"Transects_100m.Shape_Length":10000,"Transects_100m_AddSpatialJoin.OBJECTID":368,"Transects_100m_AddSpatialJoin.Join_Count":1,"Transects_100m_AddSpatialJoin.TARGET_FID":368,"Transects_100m_AddSpatialJoin.Coords":3934233,"Transects_100m_AddSpatialJoin.domain_id":71,"Transects_100m_AddSpatialJoin.reach":"","Transects_100m_AddSpatialJoin.z_mean":0,"Transects_100m_AddSpatialJoin.z_max":0,"Transects_100m_AddSpatialJoin.z_min":0,"Transects_100m_AddSpatialJoin.relief_m":0,"Transects_100m_AddSpatialJoin.slope_avg":0,"Transects_100m_AddSpatialJoin.road_z":0,"Transects_100m_AddSpatialJoin.shch_myr":0,"Transects_100m_AddSpatialJoin.eros_hot":"","Transects_100m_AddSpatialJoin.bnour":"","Transects_100m_AddSpatialJoin.bnour_yr":0,"Transects_100m_AddSpatialJoin.bnour_src":"","Transects_100m_AddSpatialJoin.armor":"","Transects_100m_AddSpatialJoin.editor":"","Transects_100m_AddSpatialJoin.edit_date":null,"Transects_100m_AddSpatialJoin.notes":"","Transects_100m_AddSpatialJoin.hotspot":0,"Transects_100m_AddSpatialJoin.Shape_Length":10000}},{"type":"Feature","id":369,"geometry":{"type":"LineString","coordinates":[[460198.4523,3934562.3268999998],[450198.4523,3934562.3268999998]]},"properties":{"Transects_100m.OBJECTID":369,"Transects_100m.LineID":369,"Transects_100m.Shape_Length":10000,"Transects_100m_AddSpatialJoin.OBJECTID":369,"Transects_100m_AddSpatialJoin.Join_Count":1,"Transects_100m_AddSpatialJoin.TARGET_FID":369,"Transects_100m_AddSpatialJoin.Coords":3934734,"Transects_100m_AddSpatialJoin.domain_id":72,"Transects_100m_AddSpatialJoin.reach":"","Transects_100m_AddSpatialJoin.z_mean":0,"Transects_100m_AddSpatialJoin.z_max":0,"Transects_100m_AddSpatialJoin.z_min":0,"Transects_100m_AddSpatialJoin.relief_m":0,"Transects_100m_AddSpatialJoin.slope_avg":0,"Transects_100m_AddSpatialJoin.road_z":0,"Transects_100m_AddSpatialJoin.shch_myr":0,"Transects_100m_AddSpatialJoin.eros_hot":"","Transects_100m_AddSpatialJoin.bnour":"","Transects_100m_AddSpatialJoin.bnour_yr":0,"Transects_100m_AddSpatialJoin.bnour_src":"","Transects_100m_AddSpatialJoin.armor":"","Transects_100m_AddSpatialJoin.editor":"","Transects_100m_AddSpatialJoin.edit_date":null,"Transects_100m_AddSpatialJoin.notes":"","Transects_100m_AddSpatialJoin.hotspot":0,"Transects_100m_AddSpatialJoin.Shape_Length":10000}},{"type":"Feature","id":370,"geometry":{"type":"LineString","coordinates":[[460198.4523,3934662.3268999998],[450198.4523,3934662.3268999998]]},"properties":{"Transects_100m.OBJECTID":370,"Transects_100m.LineID":370,"Transects_100m.Shape_Length":10000,"Transects_100m_AddSpatialJoin.OBJECTID":370,"Transects_100m_AddSpatialJoin.Join_Count":1,"Transects_100m_AddSpatialJoin.TARGET_FID":370,"Transects_100m_AddSpatialJoin.Coords":3934734,"Transects_100m_AddSpatialJoin.domain_id":72,"Transects_100m_AddSpatialJoin.reach":"","Transects_100m_AddSpatialJoin.z_mean":0,"Transects_100m_AddSpatialJoin.z_max":0,"Transects_100m_AddSpatialJoin.z_min":0,"Transects_100m_AddSpatialJoin.relief_m":0,"Transects_100m_AddSpatialJoin.slope_avg":0,"Transects_100m_AddSpatialJoin.road_z":0,"Transects_100m_AddSpatialJoin.shch_myr":0,"Transects_100m_AddSpatialJoin.eros_hot":"","Transects_100m_AddSpatialJoin.bnour":"","Transects_100m_AddSpatialJoin.bnour_yr":0,"Transects_100m_AddSpatialJoin.bnour_src":"","Transects_100m_AddSpatialJoin.armor":"","Transects_100m_AddSpatialJoin.editor":"","Transects_100m_AddSpatialJoin.edit_date":null,"Transects_100m_AddSpatialJoin.notes":"","Transects_100m_AddSpatialJoin.hotspot":0,"Transects_100m_AddSpatialJoin.Shape_Length":10000}},{"type":"Feature","id":371,"geometry":{"type":"LineString","coordinates":[[460198.4523,3934762.3268999998],[450198.4523,3934762.3268999998]]},"properties":{"Transects_100m.OBJECTID":371,"Transects_100m.LineID":371,"Transects_100m.Shape_Length":10000,"Transects_100m_AddSpatialJoin.OBJECTID":371,"Transects_100m_AddSpatialJoin.Join_Count":1,"Transects_100m_AddSpatialJoin.TARGET_FID":371,"Transects_100m_AddSpatialJoin.Coords":3934734,"Transects_100m_AddSpatialJoin.domain_id":72,"Transects_100m_AddSpatialJoin.reach":"","Transects_100m_AddSpatialJoin.z_mean":0,"Transects_100m_AddSpatialJoin.z_max":0,"Transects_100m_AddSpatialJoin.z_min":0,"Transects_100m_AddSpatialJoin.relief_m":0,"Transects_100m_AddSpatialJoin.slope_avg":0,"Transects_100m_AddSpatialJoin.road_z":0,"Transects_100m_AddSpatialJoin.shch_myr":0,"Transects_100m_AddSpatialJoin.eros_hot":"","Transects_100m_AddSpatialJoin.bnour":"","Transects_100m_AddSpatialJoin.bnour_yr":0,"Transects_100m_AddSpatialJoin.bnour_src":"","Transects_100m_AddSpatialJoin.armor":"","Transects_100m_AddSpatialJoin.editor":"","Transects_100m_AddSpatialJoin.edit_date":null,"Transects_100m_AddSpatialJoin.notes":"","Transects_100m_AddSpatialJoin.hotspot":0,"Transects_100m_AddSpatialJoin.Shape_Length":10000}},{"type":"Feature","id":372,"geometry":{"type":"LineString","coordinates":[[460198.4523,3934862.3268999998],[450198.4523,3934862.3268999998]]},"properties":{"Transects_100m.OBJECTID":372,"Transects_100m.LineID":372,"Transects_100m.Shape_Length":10000,"Transects_100m_AddSpatialJoin.OBJECTID":372,"Transects_100m_AddSpatialJoin.Join_Count":1,"Transects_100m_AddSpatialJoin.TARGET_FID":372,"Transects_100m_AddSpatialJoin.Coords":3934734,"Transects_100m_AddSpatialJoin.domain_id":72,"Transects_100m_AddSpatialJoin.reach":"","Transects_100m_AddSpatialJoin.z_mean":0,"Transects_100m_AddSpatialJoin.z_max":0,"Transects_100m_AddSpatialJoin.z_min":0,"Transects_100m_AddSpatialJoin.relief_m":0,"Transects_100m_AddSpatialJoin.slope_avg":0,"Transects_100m_AddSpatialJoin.road_z":0,"Transects_100m_AddSpatialJoin.shch_myr":0,"Transects_100m_AddSpatialJoin.eros_hot":"","Transects_100m_AddSpatialJoin.bnour":"","Transects_100m_AddSpatialJoin.bnour_yr":0,"Transects_100m_AddSpatialJoin.bnour_src":"","Transects_100m_AddSpatialJoin.armor":"","Transects_100m_AddSpatialJoin.editor":"","Transects_100m_AddSpatialJoin.edit_date":null,"Transects_100m_AddSpatialJoin.notes":"","Transects_100m_AddSpatialJoin.hotspot":0,"Transects_100m_AddSpatialJoin.Shape_Length":10000}},{"type":"Feature","id":373,"geometry":{"type":"LineString","coordinates":[[460198.4523,3934962.3268999998],[450198.4523,3934962.3268999998]]},"properties":{"Transects_100m.OBJECTID":373,"Transects_100m.LineID":373,"Transects_100m.Shape_Length":10000,"Transects_100m_AddSpatialJoin.OBJECTID":373,"Transects_100m_AddSpatialJoin.Join_Count":1,"Transects_100m_AddSpatialJoin.TARGET_FID":373,"Transects_100m_AddSpatialJoin.Coords":3934734,"Transects_100m_AddSpatialJoin.domain_id":72,"Transects_100m_AddSpatialJoin.reach":"","Transects_100m_AddSpatialJoin.z_mean":0,"Transects_100m_AddSpatialJoin.z_max":0,"Transects_100m_AddSpatialJoin.z_min":0,"Transects_100m_AddSpatialJoin.relief_m":0,"Transects_100m_AddSpatialJoin.slope_avg":0,"Transects_100m_AddSpatialJoin.road_z":0,"Transects_100m_AddSpatialJoin.shch_myr":0,"Transects_100m_AddSpatialJoin.eros_hot":"","Transects_100m_AddSpatialJoin.bnour":"","Transects_100m_AddSpatialJoin.bnour_yr":0,"Transects_100m_AddSpatialJoin.bnour_src":"","Transects_100m_AddSpatialJoin.armor":"","Transects_100m_AddSpatialJoin.editor":"","Transects_100m_AddSpatialJoin.edit_date":null,"Transects_100m_AddSpatialJoin.notes":"","Transects_100m_AddSpatialJoin.hotspot":0,"Transects_100m_AddSpatialJoin.Shape_Length":10000}},{"type":"Feature","id":374,"geometry":{"type":"LineString","coordinates":[[460198.4523,3935062.3268999998],[450198.4523,3935062.3268999998]]},"properties":{"Transects_100m.OBJECTID":374,"Transects_100m.LineID":374,"Transects_100m.Shape_Length":10000,"Transects_100m_AddSpatialJoin.OBJECTID":374,"Transects_100m_AddSpatialJoin.Join_Count":1,"Transects_100m_AddSpatialJoin.TARGET_FID":374,"Transects_100m_AddSpatialJoin.Coords":3935235,"Transects_100m_AddSpatialJoin.domain_id":73,"Transects_100m_AddSpatialJoin.reach":"","Transects_100m_AddSpatialJoin.z_mean":0,"Transects_100m_AddSpatialJoin.z_max":0,"Transects_100m_AddSpatialJoin.z_min":0,"Transects_100m_AddSpatialJoin.relief_m":0,"Transects_100m_AddSpatialJoin.slope_avg":0,"Transects_100m_AddSpatialJoin.road_z":0,"Transects_100m_AddSpatialJoin.shch_myr":0,"Transects_100m_AddSpatialJoin.eros_hot":"","Transects_100m_AddSpatialJoin.bnour":"","Transects_100m_AddSpatialJoin.bnour_yr":0,"Transects_100m_AddSpatialJoin.bnour_src":"","Transects_100m_AddSpatialJoin.armor":"","Transects_100m_AddSpatialJoin.editor":"","Transects_100m_AddSpatialJoin.edit_date":null,"Transects_100m_AddSpatialJoin.notes":"","Transects_100m_AddSpatialJoin.hotspot":0,"Transects_100m_AddSpatialJoin.Shape_Length":10000}},{"type":"Feature","id":375,"geometry":{"type":"LineString","coordinates":[[460198.4523,3935162.3268999998],[450198.4523,3935162.3268999998]]},"properties":{"Transects_100m.OBJECTID":375,"Transects_100m.LineID":375,"Transects_100m.Shape_Length":10000,"Transects_100m_AddSpatialJoin.OBJECTID":375,"Transects_100m_AddSpatialJoin.Join_Count":1,"Transects_100m_AddSpatialJoin.TARGET_FID":375,"Transects_100m_AddSpatialJoin.Coords":3935235,"Transects_100m_AddSpatialJoin.domain_id":73,"Transects_100m_AddSpatialJoin.reach":"","Transects_100m_AddSpatialJoin.z_mean":0,"Transects_100m_AddSpatialJoin.z_max":0,"Transects_100m_AddSpatialJoin.z_min":0,"Transects_100m_AddSpatialJoin.relief_m":0,"Transects_100m_AddSpatialJoin.slope_avg":0,"Transects_100m_AddSpatialJoin.road_z":0,"Transects_100m_AddSpatialJoin.shch_myr":0,"Transects_100m_AddSpatialJoin.eros_hot":"","Transects_100m_AddSpatialJoin.bnour":"","Transects_100m_AddSpatialJoin.bnour_yr":0,"Transects_100m_AddSpatialJoin.bnour_src":"","Transects_100m_AddSpatialJoin.armor":"","Transects_100m_AddSpatialJoin.editor":"","Transects_100m_AddSpatialJoin.edit_date":null,"Transects_100m_AddSpatialJoin.notes":"","Transects_100m_AddSpatialJoin.hotspot":0,"Transects_100m_AddSpatialJoin.Shape_Length":10000}},{"type":"Feature","id":376,"geometry":{"type":"LineString","coordinates":[[460198.4523,3935262.3268999998],[450198.4523,3935262.3268999998]]},"properties":{"Transects_100m.OBJECTID":376,"Transects_100m.LineID":376,"Transects_100m.Shape_Length":10000,"Transects_100m_AddSpatialJoin.OBJECTID":376,"Transects_100m_AddSpatialJoin.Join_Count":1,"Transects_100m_AddSpatialJoin.TARGET_FID":376,"Transects_100m_AddSpatialJoin.Coords":3935235,"Transects_100m_AddSpatialJoin.domain_id":73,"Transects_100m_AddSpatialJoin.reach":"","Transects_100m_AddSpatialJoin.z_mean":0,"Transects_100m_AddSpatialJoin.z_max":0,"Transects_100m_AddSpatialJoin.z_min":0,"Transects_100m_AddSpatialJoin.relief_m":0,"Transects_100m_AddSpatialJoin.slope_avg":0,"Transects_100m_AddSpatialJoin.road_z":0,"Transects_100m_AddSpatialJoin.shch_myr":0,"Transects_100m_AddSpatialJoin.eros_hot":"","Transects_100m_AddSpatialJoin.bnour":"","Transects_100m_AddSpatialJoin.bnour_yr":0,"Transects_100m_AddSpatialJoin.bnour_src":"","Transects_100m_AddSpatialJoin.armor":"","Transects_100m_AddSpatialJoin.editor":"","Transects_100m_AddSpatialJoin.edit_date":null,"Transects_100m_AddSpatialJoin.notes":"","Transects_100m_AddSpatialJoin.hotspot":0,"Transects_100m_AddSpatialJoin.Shape_Length":10000}},{"type":"Feature","id":377,"geometry":{"type":"LineString","coordinates":[[460198.4523,3935362.3268999998],[450198.4523,3935362.3268999998]]},"properties":{"Transects_100m.OBJECTID":377,"Transects_100m.LineID":377,"Transects_100m.Shape_Length":10000,"Transects_100m_AddSpatialJoin.OBJECTID":377,"Transects_100m_AddSpatialJoin.Join_Count":1,"Transects_100m_AddSpatialJoin.TARGET_FID":377,"Transects_100m_AddSpatialJoin.Coords":3935235,"Transects_100m_AddSpatialJoin.domain_id":73,"Transects_100m_AddSpatialJoin.reach":"","Transects_100m_AddSpatialJoin.z_mean":0,"Transects_100m_AddSpatialJoin.z_max":0,"Transects_100m_AddSpatialJoin.z_min":0,"Transects_100m_AddSpatialJoin.relief_m":0,"Transects_100m_AddSpatialJoin.slope_avg":0,"Transects_100m_AddSpatialJoin.road_z":0,"Transects_100m_AddSpatialJoin.shch_myr":0,"Transects_100m_AddSpatialJoin.eros_hot":"","Transects_100m_AddSpatialJoin.bnour":"","Transects_100m_AddSpatialJoin.bnour_yr":0,"Transects_100m_AddSpatialJoin.bnour_src":"","Transects_100m_AddSpatialJoin.armor":"","Transects_100m_AddSpatialJoin.editor":"","Transects_100m_AddSpatialJoin.edit_date":null,"Transects_100m_AddSpatialJoin.notes":"","Transects_100m_AddSpatialJoin.hotspot":0,"Transects_100m_AddSpatialJoin.Shape_Length":10000}},{"type":"Feature","id":378,"geometry":{"type":"LineString","coordinates":[[460198.4523,3935462.3268999998],[450198.4523,3935462.3268999998]]},"properties":{"Transects_100m.OBJECTID":378,"Transects_100m.LineID":378,"Transects_100m.Shape_Length":10000,"Transects_100m_AddSpatialJoin.OBJECTID":378,"Transects_100m_AddSpatialJoin.Join_Count":1,"Transects_100m_AddSpatialJoin.TARGET_FID":378,"Transects_100m_AddSpatialJoin.Coords":3935235,"Transects_100m_AddSpatialJoin.domain_id":73,"Transects_100m_AddSpatialJoin.reach":"","Transects_100m_AddSpatialJoin.z_mean":0,"Transects_100m_AddSpatialJoin.z_max":0,"Transects_100m_AddSpatialJoin.z_min":0,"Transects_100m_AddSpatialJoin.relief_m":0,"Transects_100m_AddSpatialJoin.slope_avg":0,"Transects_100m_AddSpatialJoin.road_z":0,"Transects_100m_AddSpatialJoin.shch_myr":0,"Transects_100m_AddSpatialJoin.eros_hot":"","Transects_100m_AddSpatialJoin.bnour":"","Transects_100m_AddSpatialJoin.bnour_yr":0,"Transects_100m_AddSpatialJoin.bnour_src":"","Transects_100m_AddSpatialJoin.armor":"","Transects_100m_AddSpatialJoin.editor":"","Transects_100m_AddSpatialJoin.edit_date":null,"Transects_100m_AddSpatialJoin.notes":"","Transects_100m_AddSpatialJoin.hotspot":0,"Transects_100m_AddSpatialJoin.Shape_Length":10000}},{"type":"Feature","id":379,"geometry":{"type":"LineString","coordinates":[[460198.4523,3935562.3268999998],[450198.4523,3935562.3268999998]]},"properties":{"Transects_100m.OBJECTID":379,"Transects_100m.LineID":379,"Transects_100m.Shape_Length":10000,"Transects_100m_AddSpatialJoin.OBJECTID":379,"Transects_100m_AddSpatialJoin.Join_Count":1,"Transects_100m_AddSpatialJoin.TARGET_FID":379,"Transects_100m_AddSpatialJoin.Coords":3935737,"Transects_100m_AddSpatialJoin.domain_id":74,"Transects_100m_AddSpatialJoin.reach":"","Transects_100m_AddSpatialJoin.z_mean":0,"Transects_100m_AddSpatialJoin.z_max":0,"Transects_100m_AddSpatialJoin.z_min":0,"Transects_100m_AddSpatialJoin.relief_m":0,"Transects_100m_AddSpatialJoin.slope_avg":0,"Transects_100m_AddSpatialJoin.road_z":0,"Transects_100m_AddSpatialJoin.shch_myr":0,"Transects_100m_AddSpatialJoin.eros_hot":"","Transects_100m_AddSpatialJoin.bnour":"","Transects_100m_AddSpatialJoin.bnour_yr":0,"Transects_100m_AddSpatialJoin.bnour_src":"","Transects_100m_AddSpatialJoin.armor":"","Transects_100m_AddSpatialJoin.editor":"","Transects_100m_AddSpatialJoin.edit_date":null,"Transects_100m_AddSpatialJoin.notes":"","Transects_100m_AddSpatialJoin.hotspot":0,"Transects_100m_AddSpatialJoin.Shape_Length":10000}},{"type":"Feature","id":380,"geometry":{"type":"LineString","coordinates":[[460198.4523,3935662.3268999998],[450198.4523,3935662.3268999998]]},"properties":{"Transects_100m.OBJECTID":380,"Transects_100m.LineID":380,"Transects_100m.Shape_Length":10000,"Transects_100m_AddSpatialJoin.OBJECTID":380,"Transects_100m_AddSpatialJoin.Join_Count":1,"Transects_100m_AddSpatialJoin.TARGET_FID":380,"Transects_100m_AddSpatialJoin.Coords":3935737,"Transects_100m_AddSpatialJoin.domain_id":74,"Transects_100m_AddSpatialJoin.reach":"","Transects_100m_AddSpatialJoin.z_mean":0,"Transects_100m_AddSpatialJoin.z_max":0,"Transects_100m_AddSpatialJoin.z_min":0,"Transects_100m_AddSpatialJoin.relief_m":0,"Transects_100m_AddSpatialJoin.slope_avg":0,"Transects_100m_AddSpatialJoin.road_z":0,"Transects_100m_AddSpatialJoin.shch_myr":0,"Transects_100m_AddSpatialJoin.eros_hot":"","Transects_100m_AddSpatialJoin.bnour":"","Transects_100m_AddSpatialJoin.bnour_yr":0,"Transects_100m_AddSpatialJoin.bnour_src":"","Transects_100m_AddSpatialJoin.armor":"","Transects_100m_AddSpatialJoin.editor":"","Transects_100m_AddSpatialJoin.edit_date":null,"Transects_100m_AddSpatialJoin.notes":"","Transects_100m_AddSpatialJoin.hotspot":0,"Transects_100m_AddSpatialJoin.Shape_Length":10000}},{"type":"Feature","id":381,"geometry":{"type":"LineString","coordinates":[[460198.4523,3935762.3268999998],[450198.4523,3935762.3268999998]]},"properties":{"Transects_100m.OBJECTID":381,"Transects_100m.LineID":381,"Transects_100m.Shape_Length":10000,"Transects_100m_AddSpatialJoin.OBJECTID":381,"Transects_100m_AddSpatialJoin.Join_Count":1,"Transects_100m_AddSpatialJoin.TARGET_FID":381,"Transects_100m_AddSpatialJoin.Coords":3935737,"Transects_100m_AddSpatialJoin.domain_id":74,"Transects_100m_AddSpatialJoin.reach":"","Transects_100m_AddSpatialJoin.z_mean":0,"Transects_100m_AddSpatialJoin.z_max":0,"Transects_100m_AddSpatialJoin.z_min":0,"Transects_100m_AddSpatialJoin.relief_m":0,"Transects_100m_AddSpatialJoin.slope_avg":0,"Transects_100m_AddSpatialJoin.road_z":0,"Transects_100m_AddSpatialJoin.shch_myr":0,"Transects_100m_AddSpatialJoin.eros_hot":"","Transects_100m_AddSpatialJoin.bnour":"","Transects_100m_AddSpatialJoin.bnour_yr":0,"Transects_100m_AddSpatialJoin.bnour_src":"","Transects_100m_AddSpatialJoin.armor":"","Transects_100m_AddSpatialJoin.editor":"","Transects_100m_AddSpatialJoin.edit_date":null,"Transects_100m_AddSpatialJoin.notes":"","Transects_100m_AddSpatialJoin.hotspot":0,"Transects_100m_AddSpatialJoin.Shape_Length":10000}},{"type":"Feature","id":382,"geometry":{"type":"LineString","coordinates":[[460198.4523,3935862.3268999998],[450198.4523,3935862.3268999998]]},"properties":{"Transects_100m.OBJECTID":382,"Transects_100m.LineID":382,"Transects_100m.Shape_Length":10000,"Transects_100m_AddSpatialJoin.OBJECTID":382,"Transects_100m_AddSpatialJoin.Join_Count":1,"Transects_100m_AddSpatialJoin.TARGET_FID":382,"Transects_100m_AddSpatialJoin.Coords":3935737,"Transects_100m_AddSpatialJoin.domain_id":74,"Transects_100m_AddSpatialJoin.reach":"","Transects_100m_AddSpatialJoin.z_mean":0,"Transects_100m_AddSpatialJoin.z_max":0,"Transects_100m_AddSpatialJoin.z_min":0,"Transects_100m_AddSpatialJoin.relief_m":0,"Transects_100m_AddSpatialJoin.slope_avg":0,"Transects_100m_AddSpatialJoin.road_z":0,"Transects_100m_AddSpatialJoin.shch_myr":0,"Transects_100m_AddSpatialJoin.eros_hot":"","Transects_100m_AddSpatialJoin.bnour":"","Transects_100m_AddSpatialJoin.bnour_yr":0,"Transects_100m_AddSpatialJoin.bnour_src":"","Transects_100m_AddSpatialJoin.armor":"","Transects_100m_AddSpatialJoin.editor":"","Transects_100m_AddSpatialJoin.edit_date":null,"Transects_100m_AddSpatialJoin.notes":"","Transects_100m_AddSpatialJoin.hotspot":0,"Transects_100m_AddSpatialJoin.Shape_Length":10000}},{"type":"Feature","id":383,"geometry":{"type":"LineString","coordinates":[[460198.4523,3935962.3268999998],[450198.4523,3935962.3268999998]]},"properties":{"Transects_100m.OBJECTID":383,"Transects_100m.LineID":383,"Transects_100m.Shape_Length":10000,"Transects_100m_AddSpatialJoin.OBJECTID":383,"Transects_100m_AddSpatialJoin.Join_Count":1,"Transects_100m_AddSpatialJoin.TARGET_FID":383,"Transects_100m_AddSpatialJoin.Coords":3935737,"Transects_100m_AddSpatialJoin.domain_id":74,"Transects_100m_AddSpatialJoin.reach":"","Transects_100m_AddSpatialJoin.z_mean":0,"Transects_100m_AddSpatialJoin.z_max":0,"Transects_100m_AddSpatialJoin.z_min":0,"Transects_100m_AddSpatialJoin.relief_m":0,"Transects_100m_AddSpatialJoin.slope_avg":0,"Transects_100m_AddSpatialJoin.road_z":0,"Transects_100m_AddSpatialJoin.shch_myr":0,"Transects_100m_AddSpatialJoin.eros_hot":"","Transects_100m_AddSpatialJoin.bnour":"","Transects_100m_AddSpatialJoin.bnour_yr":0,"Transects_100m_AddSpatialJoin.bnour_src":"","Transects_100m_AddSpatialJoin.armor":"","Transects_100m_AddSpatialJoin.editor":"","Transects_100m_AddSpatialJoin.edit_date":null,"Transects_100m_AddSpatialJoin.notes":"","Transects_100m_AddSpatialJoin.hotspot":0,"Transects_100m_AddSpatialJoin.Shape_Length":10000}},{"type":"Feature","id":384,"geometry":{"type":"LineString","coordinates":[[460198.4523,3936062.3268999998],[450198.4523,3936062.3268999998]]},"properties":{"Transects_100m.OBJECTID":384,"Transects_100m.LineID":384,"Transects_100m.Shape_Length":10000,"Transects_100m_AddSpatialJoin.OBJECTID":384,"Transects_100m_AddSpatialJoin.Join_Count":1,"Transects_100m_AddSpatialJoin.TARGET_FID":384,"Transects_100m_AddSpatialJoin.Coords":3936238,"Transects_100m_AddSpatialJoin.domain_id":75,"Transects_100m_AddSpatialJoin.reach":"","Transects_100m_AddSpatialJoin.z_mean":0,"Transects_100m_AddSpatialJoin.z_max":0,"Transects_100m_AddSpatialJoin.z_min":0,"Transects_100m_AddSpatialJoin.relief_m":0,"Transects_100m_AddSpatialJoin.slope_avg":0,"Transects_100m_AddSpatialJoin.road_z":0,"Transects_100m_AddSpatialJoin.shch_myr":0,"Transects_100m_AddSpatialJoin.eros_hot":"","Transects_100m_AddSpatialJoin.bnour":"","Transects_100m_AddSpatialJoin.bnour_yr":0,"Transects_100m_AddSpatialJoin.bnour_src":"","Transects_100m_AddSpatialJoin.armor":"","Transects_100m_AddSpatialJoin.editor":"","Transects_100m_AddSpatialJoin.edit_date":null,"Transects_100m_AddSpatialJoin.notes":"","Transects_100m_AddSpatialJoin.hotspot":0,"Transects_100m_AddSpatialJoin.Shape_Length":10000}},{"type":"Feature","id":385,"geometry":{"type":"LineString","coordinates":[[460198.4523,3936162.3268999998],[450198.4523,3936162.3268999998]]},"properties":{"Transects_100m.OBJECTID":385,"Transects_100m.LineID":385,"Transects_100m.Shape_Length":10000,"Transects_100m_AddSpatialJoin.OBJECTID":385,"Transects_100m_AddSpatialJoin.Join_Count":1,"Transects_100m_AddSpatialJoin.TARGET_FID":385,"Transects_100m_AddSpatialJoin.Coords":3936238,"Transects_100m_AddSpatialJoin.domain_id":75,"Transects_100m_AddSpatialJoin.reach":"","Transects_100m_AddSpatialJoin.z_mean":0,"Transects_100m_AddSpatialJoin.z_max":0,"Transects_100m_AddSpatialJoin.z_min":0,"Transects_100m_AddSpatialJoin.relief_m":0,"Transects_100m_AddSpatialJoin.slope_avg":0,"Transects_100m_AddSpatialJoin.road_z":0,"Transects_100m_AddSpatialJoin.shch_myr":0,"Transects_100m_AddSpatialJoin.eros_hot":"","Transects_100m_AddSpatialJoin.bnour":"","Transects_100m_AddSpatialJoin.bnour_yr":0,"Transects_100m_AddSpatialJoin.bnour_src":"","Transects_100m_AddSpatialJoin.armor":"","Transects_100m_AddSpatialJoin.editor":"","Transects_100m_AddSpatialJoin.edit_date":null,"Transects_100m_AddSpatialJoin.notes":"","Transects_100m_AddSpatialJoin.hotspot":0,"Transects_100m_AddSpatialJoin.Shape_Length":10000}},{"type":"Feature","id":386,"geometry":{"type":"LineString","coordinates":[[460198.4523,3936262.3268999998],[450198.4523,3936262.3268999998]]},"properties":{"Transects_100m.OBJECTID":386,"Transects_100m.LineID":386,"Transects_100m.Shape_Length":10000,"Transects_100m_AddSpatialJoin.OBJECTID":386,"Transects_100m_AddSpatialJoin.Join_Count":1,"Transects_100m_AddSpatialJoin.TARGET_FID":386,"Transects_100m_AddSpatialJoin.Coords":3936238,"Transects_100m_AddSpatialJoin.domain_id":75,"Transects_100m_AddSpatialJoin.reach":"","Transects_100m_AddSpatialJoin.z_mean":0,"Transects_100m_AddSpatialJoin.z_max":0,"Transects_100m_AddSpatialJoin.z_min":0,"Transects_100m_AddSpatialJoin.relief_m":0,"Transects_100m_AddSpatialJoin.slope_avg":0,"Transects_100m_AddSpatialJoin.road_z":0,"Transects_100m_AddSpatialJoin.shch_myr":0,"Transects_100m_AddSpatialJoin.eros_hot":"","Transects_100m_AddSpatialJoin.bnour":"","Transects_100m_AddSpatialJoin.bnour_yr":0,"Transects_100m_AddSpatialJoin.bnour_src":"","Transects_100m_AddSpatialJoin.armor":"","Transects_100m_AddSpatialJoin.editor":"","Transects_100m_AddSpatialJoin.edit_date":null,"Transects_100m_AddSpatialJoin.notes":"","Transects_100m_AddSpatialJoin.hotspot":0,"Transects_100m_AddSpatialJoin.Shape_Length":10000}},{"type":"Feature","id":387,"geometry":{"type":"LineString","coordinates":[[460198.4523,3936362.3268999998],[450198.4523,3936362.3268999998]]},"properties":{"Transects_100m.OBJECTID":387,"Transects_100m.LineID":387,"Transects_100m.Shape_Length":10000,"Transects_100m_AddSpatialJoin.OBJECTID":387,"Transects_100m_AddSpatialJoin.Join_Count":1,"Transects_100m_AddSpatialJoin.TARGET_FID":387,"Transects_100m_AddSpatialJoin.Coords":3936238,"Transects_100m_AddSpatialJoin.domain_id":75,"Transects_100m_AddSpatialJoin.reach":"","Transects_100m_AddSpatialJoin.z_mean":0,"Transects_100m_AddSpatialJoin.z_max":0,"Transects_100m_AddSpatialJoin.z_min":0,"Transects_100m_AddSpatialJoin.relief_m":0,"Transects_100m_AddSpatialJoin.slope_avg":0,"Transects_100m_AddSpatialJoin.road_z":0,"Transects_100m_AddSpatialJoin.shch_myr":0,"Transects_100m_AddSpatialJoin.eros_hot":"","Transects_100m_AddSpatialJoin.bnour":"","Transects_100m_AddSpatialJoin.bnour_yr":0,"Transects_100m_AddSpatialJoin.bnour_src":"","Transects_100m_AddSpatialJoin.armor":"","Transects_100m_AddSpatialJoin.editor":"","Transects_100m_AddSpatialJoin.edit_date":null,"Transects_100m_AddSpatialJoin.notes":"","Transects_100m_AddSpatialJoin.hotspot":0,"Transects_100m_AddSpatialJoin.Shape_Length":10000}},{"type":"Feature","id":388,"geometry":{"type":"LineString","coordinates":[[460198.4523,3936462.3268999998],[450198.4523,3936462.3268999998]]},"properties":{"Transects_100m.OBJECTID":388,"Transects_100m.LineID":388,"Transects_100m.Shape_Length":10000,"Transects_100m_AddSpatialJoin.OBJECTID":388,"Transects_100m_AddSpatialJoin.Join_Count":1,"Transects_100m_AddSpatialJoin.TARGET_FID":388,"Transects_100m_AddSpatialJoin.Coords":3936238,"Transects_100m_AddSpatialJoin.domain_id":75,"Transects_100m_AddSpatialJoin.reach":"","Transects_100m_AddSpatialJoin.z_mean":0,"Transects_100m_AddSpatialJoin.z_max":0,"Transects_100m_AddSpatialJoin.z_min":0,"Transects_100m_AddSpatialJoin.relief_m":0,"Transects_100m_AddSpatialJoin.slope_avg":0,"Transects_100m_AddSpatialJoin.road_z":0,"Transects_100m_AddSpatialJoin.shch_myr":0,"Transects_100m_AddSpatialJoin.eros_hot":"","Transects_100m_AddSpatialJoin.bnour":"","Transects_100m_AddSpatialJoin.bnour_yr":0,"Transects_100m_AddSpatialJoin.bnour_src":"","Transects_100m_AddSpatialJoin.armor":"","Transects_100m_AddSpatialJoin.editor":"","Transects_100m_AddSpatialJoin.edit_date":null,"Transects_100m_AddSpatialJoin.notes":"","Transects_100m_AddSpatialJoin.hotspot":0,"Transects_100m_AddSpatialJoin.Shape_Length":10000}},{"type":"Feature","id":389,"geometry":{"type":"LineString","coordinates":[[460198.4523,3936562.3268999998],[450198.4523,3936562.3268999998]]},"properties":{"Transects_100m.OBJECTID":389,"Transects_100m.LineID":389,"Transects_100m.Shape_Length":10000,"Transects_100m_AddSpatialJoin.OBJECTID":389,"Transects_100m_AddSpatialJoin.Join_Count":1,"Transects_100m_AddSpatialJoin.TARGET_FID":389,"Transects_100m_AddSpatialJoin.Coords":3936739,"Transects_100m_AddSpatialJoin.domain_id":76,"Transects_100m_AddSpatialJoin.reach":"","Transects_100m_AddSpatialJoin.z_mean":0,"Transects_100m_AddSpatialJoin.z_max":0,"Transects_100m_AddSpatialJoin.z_min":0,"Transects_100m_AddSpatialJoin.relief_m":0,"Transects_100m_AddSpatialJoin.slope_avg":0,"Transects_100m_AddSpatialJoin.road_z":0,"Transects_100m_AddSpatialJoin.shch_myr":0,"Transects_100m_AddSpatialJoin.eros_hot":"","Transects_100m_AddSpatialJoin.bnour":"","Transects_100m_AddSpatialJoin.bnour_yr":0,"Transects_100m_AddSpatialJoin.bnour_src":"","Transects_100m_AddSpatialJoin.armor":"","Transects_100m_AddSpatialJoin.editor":"","Transects_100m_AddSpatialJoin.edit_date":null,"Transects_100m_AddSpatialJoin.notes":"","Transects_100m_AddSpatialJoin.hotspot":0,"Transects_100m_AddSpatialJoin.Shape_Length":10000}},{"type":"Feature","id":390,"geometry":{"type":"LineString","coordinates":[[460198.4523,3936662.3268999998],[450198.4523,3936662.3268999998]]},"properties":{"Transects_100m.OBJECTID":390,"Transects_100m.LineID":390,"Transects_100m.Shape_Length":10000,"Transects_100m_AddSpatialJoin.OBJECTID":390,"Transects_100m_AddSpatialJoin.Join_Count":1,"Transects_100m_AddSpatialJoin.TARGET_FID":390,"Transects_100m_AddSpatialJoin.Coords":3936739,"Transects_100m_AddSpatialJoin.domain_id":76,"Transects_100m_AddSpatialJoin.reach":"","Transects_100m_AddSpatialJoin.z_mean":0,"Transects_100m_AddSpatialJoin.z_max":0,"Transects_100m_AddSpatialJoin.z_min":0,"Transects_100m_AddSpatialJoin.relief_m":0,"Transects_100m_AddSpatialJoin.slope_avg":0,"Transects_100m_AddSpatialJoin.road_z":0,"Transects_100m_AddSpatialJoin.shch_myr":0,"Transects_100m_AddSpatialJoin.eros_hot":"","Transects_100m_AddSpatialJoin.bnour":"","Transects_100m_AddSpatialJoin.bnour_yr":0,"Transects_100m_AddSpatialJoin.bnour_src":"","Transects_100m_AddSpatialJoin.armor":"","Transects_100m_AddSpatialJoin.editor":"","Transects_100m_AddSpatialJoin.edit_date":null,"Transects_100m_AddSpatialJoin.notes":"","Transects_100m_AddSpatialJoin.hotspot":0,"Transects_100m_AddSpatialJoin.Shape_Length":10000}},{"type":"Feature","id":391,"geometry":{"type":"LineString","coordinates":[[460198.4523,3936762.3268999998],[450198.4523,3936762.3268999998]]},"properties":{"Transects_100m.OBJECTID":391,"Transects_100m.LineID":391,"Transects_100m.Shape_Length":10000,"Transects_100m_AddSpatialJoin.OBJECTID":391,"Transects_100m_AddSpatialJoin.Join_Count":1,"Transects_100m_AddSpatialJoin.TARGET_FID":391,"Transects_100m_AddSpatialJoin.Coords":3936739,"Transects_100m_AddSpatialJoin.domain_id":76,"Transects_100m_AddSpatialJoin.reach":"","Transects_100m_AddSpatialJoin.z_mean":0,"Transects_100m_AddSpatialJoin.z_max":0,"Transects_100m_AddSpatialJoin.z_min":0,"Transects_100m_AddSpatialJoin.relief_m":0,"Transects_100m_AddSpatialJoin.slope_avg":0,"Transects_100m_AddSpatialJoin.road_z":0,"Transects_100m_AddSpatialJoin.shch_myr":0,"Transects_100m_AddSpatialJoin.eros_hot":"","Transects_100m_AddSpatialJoin.bnour":"","Transects_100m_AddSpatialJoin.bnour_yr":0,"Transects_100m_AddSpatialJoin.bnour_src":"","Transects_100m_AddSpatialJoin.armor":"","Transects_100m_AddSpatialJoin.editor":"","Transects_100m_AddSpatialJoin.edit_date":null,"Transects_100m_AddSpatialJoin.notes":"","Transects_100m_AddSpatialJoin.hotspot":0,"Transects_100m_AddSpatialJoin.Shape_Length":10000}},{"type":"Feature","id":392,"geometry":{"type":"LineString","coordinates":[[460198.4523,3936862.3268999998],[450198.4523,3936862.3268999998]]},"properties":{"Transects_100m.OBJECTID":392,"Transects_100m.LineID":392,"Transects_100m.Shape_Length":10000,"Transects_100m_AddSpatialJoin.OBJECTID":392,"Transects_100m_AddSpatialJoin.Join_Count":1,"Transects_100m_AddSpatialJoin.TARGET_FID":392,"Transects_100m_AddSpatialJoin.Coords":3936739,"Transects_100m_AddSpatialJoin.domain_id":76,"Transects_100m_AddSpatialJoin.reach":"","Transects_100m_AddSpatialJoin.z_mean":0,"Transects_100m_AddSpatialJoin.z_max":0,"Transects_100m_AddSpatialJoin.z_min":0,"Transects_100m_AddSpatialJoin.relief_m":0,"Transects_100m_AddSpatialJoin.slope_avg":0,"Transects_100m_AddSpatialJoin.road_z":0,"Transects_100m_AddSpatialJoin.shch_myr":0,"Transects_100m_AddSpatialJoin.eros_hot":"","Transects_100m_AddSpatialJoin.bnour":"","Transects_100m_AddSpatialJoin.bnour_yr":0,"Transects_100m_AddSpatialJoin.bnour_src":"","Transects_100m_AddSpatialJoin.armor":"","Transects_100m_AddSpatialJoin.editor":"","Transects_100m_AddSpatialJoin.edit_date":null,"Transects_100m_AddSpatialJoin.notes":"","Transects_100m_AddSpatialJoin.hotspot":0,"Transects_100m_AddSpatialJoin.Shape_Length":10000}},{"type":"Feature","id":393,"geometry":{"type":"LineString","coordinates":[[460198.4523,3936962.3268999998],[450198.4523,3936962.3268999998]]},"properties":{"Transects_100m.OBJECTID":393,"Transects_100m.LineID":393,"Transects_100m.Shape_Length":10000,"Transects_100m_AddSpatialJoin.OBJECTID":393,"Transects_100m_AddSpatialJoin.Join_Count":1,"Transects_100m_AddSpatialJoin.TARGET_FID":393,"Transects_100m_AddSpatialJoin.Coords":3936739,"Transects_100m_AddSpatialJoin.domain_id":76,"Transects_100m_AddSpatialJoin.reach":"","Transects_100m_AddSpatialJoin.z_mean":0,"Transects_100m_AddSpatialJoin.z_max":0,"Transects_100m_AddSpatialJoin.z_min":0,"Transects_100m_AddSpatialJoin.relief_m":0,"Transects_100m_AddSpatialJoin.slope_avg":0,"Transects_100m_AddSpatialJoin.road_z":0,"Transects_100m_AddSpatialJoin.shch_myr":0,"Transects_100m_AddSpatialJoin.eros_hot":"","Transects_100m_AddSpatialJoin.bnour":"","Transects_100m_AddSpatialJoin.bnour_yr":0,"Transects_100m_AddSpatialJoin.bnour_src":"","Transects_100m_AddSpatialJoin.armor":"","Transects_100m_AddSpatialJoin.editor":"","Transects_100m_AddSpatialJoin.edit_date":null,"Transects_100m_AddSpatialJoin.notes":"","Transects_100m_AddSpatialJoin.hotspot":0,"Transects_100m_AddSpatialJoin.Shape_Length":10000}},{"type":"Feature","id":394,"geometry":{"type":"LineString","coordinates":[[460198.4523,3937062.3268999998],[450198.4523,3937062.3268999998]]},"properties":{"Transects_100m.OBJECTID":394,"Transects_100m.LineID":394,"Transects_100m.Shape_Length":10000,"Transects_100m_AddSpatialJoin.OBJECTID":394,"Transects_100m_AddSpatialJoin.Join_Count":1,"Transects_100m_AddSpatialJoin.TARGET_FID":394,"Transects_100m_AddSpatialJoin.Coords":3937239,"Transects_100m_AddSpatialJoin.domain_id":77,"Transects_100m_AddSpatialJoin.reach":"","Transects_100m_AddSpatialJoin.z_mean":0,"Transects_100m_AddSpatialJoin.z_max":0,"Transects_100m_AddSpatialJoin.z_min":0,"Transects_100m_AddSpatialJoin.relief_m":0,"Transects_100m_AddSpatialJoin.slope_avg":0,"Transects_100m_AddSpatialJoin.road_z":0,"Transects_100m_AddSpatialJoin.shch_myr":0,"Transects_100m_AddSpatialJoin.eros_hot":"","Transects_100m_AddSpatialJoin.bnour":"","Transects_100m_AddSpatialJoin.bnour_yr":0,"Transects_100m_AddSpatialJoin.bnour_src":"","Transects_100m_AddSpatialJoin.armor":"","Transects_100m_AddSpatialJoin.editor":"","Transects_100m_AddSpatialJoin.edit_date":null,"Transects_100m_AddSpatialJoin.notes":"","Transects_100m_AddSpatialJoin.hotspot":0,"Transects_100m_AddSpatialJoin.Shape_Length":10000}},{"type":"Feature","id":395,"geometry":{"type":"LineString","coordinates":[[460198.4523,3937162.3268999998],[450198.4523,3937162.3268999998]]},"properties":{"Transects_100m.OBJECTID":395,"Transects_100m.LineID":395,"Transects_100m.Shape_Length":10000,"Transects_100m_AddSpatialJoin.OBJECTID":395,"Transects_100m_AddSpatialJoin.Join_Count":1,"Transects_100m_AddSpatialJoin.TARGET_FID":395,"Transects_100m_AddSpatialJoin.Coords":3937239,"Transects_100m_AddSpatialJoin.domain_id":77,"Transects_100m_AddSpatialJoin.reach":"","Transects_100m_AddSpatialJoin.z_mean":0,"Transects_100m_AddSpatialJoin.z_max":0,"Transects_100m_AddSpatialJoin.z_min":0,"Transects_100m_AddSpatialJoin.relief_m":0,"Transects_100m_AddSpatialJoin.slope_avg":0,"Transects_100m_AddSpatialJoin.road_z":0,"Transects_100m_AddSpatialJoin.shch_myr":0,"Transects_100m_AddSpatialJoin.eros_hot":"","Transects_100m_AddSpatialJoin.bnour":"","Transects_100m_AddSpatialJoin.bnour_yr":0,"Transects_100m_AddSpatialJoin.bnour_src":"","Transects_100m_AddSpatialJoin.armor":"","Transects_100m_AddSpatialJoin.editor":"","Transects_100m_AddSpatialJoin.edit_date":null,"Transects_100m_AddSpatialJoin.notes":"","Transects_100m_AddSpatialJoin.hotspot":0,"Transects_100m_AddSpatialJoin.Shape_Length":10000}},{"type":"Feature","id":396,"geometry":{"type":"LineString","coordinates":[[460198.4523,3937262.3268999998],[450198.4523,3937262.3268999998]]},"properties":{"Transects_100m.OBJECTID":396,"Transects_100m.LineID":396,"Transects_100m.Shape_Length":10000,"Transects_100m_AddSpatialJoin.OBJECTID":396,"Transects_100m_AddSpatialJoin.Join_Count":1,"Transects_100m_AddSpatialJoin.TARGET_FID":396,"Transects_100m_AddSpatialJoin.Coords":3937239,"Transects_100m_AddSpatialJoin.domain_id":77,"Transects_100m_AddSpatialJoin.reach":"","Transects_100m_AddSpatialJoin.z_mean":0,"Transects_100m_AddSpatialJoin.z_max":0,"Transects_100m_AddSpatialJoin.z_min":0,"Transects_100m_AddSpatialJoin.relief_m":0,"Transects_100m_AddSpatialJoin.slope_avg":0,"Transects_100m_AddSpatialJoin.road_z":0,"Transects_100m_AddSpatialJoin.shch_myr":0,"Transects_100m_AddSpatialJoin.eros_hot":"","Transects_100m_AddSpatialJoin.bnour":"","Transects_100m_AddSpatialJoin.bnour_yr":0,"Transects_100m_AddSpatialJoin.bnour_src":"","Transects_100m_AddSpatialJoin.armor":"","Transects_100m_AddSpatialJoin.editor":"","Transects_100m_AddSpatialJoin.edit_date":null,"Transects_100m_AddSpatialJoin.notes":"","Transects_100m_AddSpatialJoin.hotspot":0,"Transects_100m_AddSpatialJoin.Shape_Length":10000}},{"type":"Feature","id":397,"geometry":{"type":"LineString","coordinates":[[460198.4523,3937362.3268999998],[450198.4523,3937362.3268999998]]},"properties":{"Transects_100m.OBJECTID":397,"Transects_100m.LineID":397,"Transects_100m.Shape_Length":10000,"Transects_100m_AddSpatialJoin.OBJECTID":397,"Transects_100m_AddSpatialJoin.Join_Count":1,"Transects_100m_AddSpatialJoin.TARGET_FID":397,"Transects_100m_AddSpatialJoin.Coords":3937239,"Transects_100m_AddSpatialJoin.domain_id":77,"Transects_100m_AddSpatialJoin.reach":"","Transects_100m_AddSpatialJoin.z_mean":0,"Transects_100m_AddSpatialJoin.z_max":0,"Transects_100m_AddSpatialJoin.z_min":0,"Transects_100m_AddSpatialJoin.relief_m":0,"Transects_100m_AddSpatialJoin.slope_avg":0,"Transects_100m_AddSpatialJoin.road_z":0,"Transects_100m_AddSpatialJoin.shch_myr":0,"Transects_100m_AddSpatialJoin.eros_hot":"","Transects_100m_AddSpatialJoin.bnour":"","Transects_100m_AddSpatialJoin.bnour_yr":0,"Transects_100m_AddSpatialJoin.bnour_src":"","Transects_100m_AddSpatialJoin.armor":"","Transects_100m_AddSpatialJoin.editor":"","Transects_100m_AddSpatialJoin.edit_date":null,"Transects_100m_AddSpatialJoin.notes":"","Transects_100m_AddSpatialJoin.hotspot":0,"Transects_100m_AddSpatialJoin.Shape_Length":10000}},{"type":"Feature","id":398,"geometry":{"type":"LineString","coordinates":[[460198.4523,3937462.3268999998],[450198.4523,3937462.3268999998]]},"properties":{"Transects_100m.OBJECTID":398,"Transects_100m.LineID":398,"Transects_100m.Shape_Length":10000,"Transects_100m_AddSpatialJoin.OBJECTID":398,"Transects_100m_AddSpatialJoin.Join_Count":1,"Transects_100m_AddSpatialJoin.TARGET_FID":398,"Transects_100m_AddSpatialJoin.Coords":3937239,"Transects_100m_AddSpatialJoin.domain_id":77,"Transects_100m_AddSpatialJoin.reach":"","Transects_100m_AddSpatialJoin.z_mean":0,"Transects_100m_AddSpatialJoin.z_max":0,"Transects_100m_AddSpatialJoin.z_min":0,"Transects_100m_AddSpatialJoin.relief_m":0,"Transects_100m_AddSpatialJoin.slope_avg":0,"Transects_100m_AddSpatialJoin.road_z":0,"Transects_100m_AddSpatialJoin.shch_myr":0,"Transects_100m_AddSpatialJoin.eros_hot":"","Transects_100m_AddSpatialJoin.bnour":"","Transects_100m_AddSpatialJoin.bnour_yr":0,"Transects_100m_AddSpatialJoin.bnour_src":"","Transects_100m_AddSpatialJoin.armor":"","Transects_100m_AddSpatialJoin.editor":"","Transects_100m_AddSpatialJoin.edit_date":null,"Transects_100m_AddSpatialJoin.notes":"","Transects_100m_AddSpatialJoin.hotspot":0,"Transects_100m_AddSpatialJoin.Shape_Length":10000}},{"type":"Feature","id":399,"geometry":{"type":"LineString","coordinates":[[460198.4523,3937562.3268999998],[450198.4523,3937562.3268999998]]},"properties":{"Transects_100m.OBJECTID":399,"Transects_100m.LineID":399,"Transects_100m.Shape_Length":10000,"Transects_100m_AddSpatialJoin.OBJECTID":399,"Transects_100m_AddSpatialJoin.Join_Count":1,"Transects_100m_AddSpatialJoin.TARGET_FID":399,"Transects_100m_AddSpatialJoin.Coords":3937740,"Transects_100m_AddSpatialJoin.domain_id":78,"Transects_100m_AddSpatialJoin.reach":"","Transects_100m_AddSpatialJoin.z_mean":0,"Transects_100m_AddSpatialJoin.z_max":0,"Transects_100m_AddSpatialJoin.z_min":0,"Transects_100m_AddSpatialJoin.relief_m":0,"Transects_100m_AddSpatialJoin.slope_avg":0,"Transects_100m_AddSpatialJoin.road_z":0,"Transects_100m_AddSpatialJoin.shch_myr":0,"Transects_100m_AddSpatialJoin.eros_hot":"","Transects_100m_AddSpatialJoin.bnour":"","Transects_100m_AddSpatialJoin.bnour_yr":0,"Transects_100m_AddSpatialJoin.bnour_src":"","Transects_100m_AddSpatialJoin.armor":"","Transects_100m_AddSpatialJoin.editor":"","Transects_100m_AddSpatialJoin.edit_date":null,"Transects_100m_AddSpatialJoin.notes":"","Transects_100m_AddSpatialJoin.hotspot":0,"Transects_100m_AddSpatialJoin.Shape_Length":10000}},{"type":"Feature","id":400,"geometry":{"type":"LineString","coordinates":[[460198.4523,3937662.3268999998],[450198.4523,3937662.3268999998]]},"properties":{"Transects_100m.OBJECTID":400,"Transects_100m.LineID":400,"Transects_100m.Shape_Length":10000,"Transects_100m_AddSpatialJoin.OBJECTID":400,"Transects_100m_AddSpatialJoin.Join_Count":1,"Transects_100m_AddSpatialJoin.TARGET_FID":400,"Transects_100m_AddSpatialJoin.Coords":3937740,"Transects_100m_AddSpatialJoin.domain_id":78,"Transects_100m_AddSpatialJoin.reach":"","Transects_100m_AddSpatialJoin.z_mean":0,"Transects_100m_AddSpatialJoin.z_max":0,"Transects_100m_AddSpatialJoin.z_min":0,"Transects_100m_AddSpatialJoin.relief_m":0,"Transects_100m_AddSpatialJoin.slope_avg":0,"Transects_100m_AddSpatialJoin.road_z":0,"Transects_100m_AddSpatialJoin.shch_myr":0,"Transects_100m_AddSpatialJoin.eros_hot":"","Transects_100m_AddSpatialJoin.bnour":"","Transects_100m_AddSpatialJoin.bnour_yr":0,"Transects_100m_AddSpatialJoin.bnour_src":"","Transects_100m_AddSpatialJoin.armor":"","Transects_100m_AddSpatialJoin.editor":"","Transects_100m_AddSpatialJoin.edit_date":null,"Transects_100m_AddSpatialJoin.notes":"","Transects_100m_AddSpatialJoin.hotspot":0,"Transects_100m_AddSpatialJoin.Shape_Length":10000}},{"type":"Feature","id":401,"geometry":{"type":"LineString","coordinates":[[460198.4523,3937762.3268999998],[450198.4523,3937762.3268999998]]},"properties":{"Transects_100m.OBJECTID":401,"Transects_100m.LineID":401,"Transects_100m.Shape_Length":10000,"Transects_100m_AddSpatialJoin.OBJECTID":401,"Transects_100m_AddSpatialJoin.Join_Count":1,"Transects_100m_AddSpatialJoin.TARGET_FID":401,"Transects_100m_AddSpatialJoin.Coords":3937740,"Transects_100m_AddSpatialJoin.domain_id":78,"Transects_100m_AddSpatialJoin.reach":"","Transects_100m_AddSpatialJoin.z_mean":0,"Transects_100m_AddSpatialJoin.z_max":0,"Transects_100m_AddSpatialJoin.z_min":0,"Transects_100m_AddSpatialJoin.relief_m":0,"Transects_100m_AddSpatialJoin.slope_avg":0,"Transects_100m_AddSpatialJoin.road_z":0,"Transects_100m_AddSpatialJoin.shch_myr":0,"Transects_100m_AddSpatialJoin.eros_hot":"","Transects_100m_AddSpatialJoin.bnour":"","Transects_100m_AddSpatialJoin.bnour_yr":0,"Transects_100m_AddSpatialJoin.bnour_src":"","Transects_100m_AddSpatialJoin.armor":"","Transects_100m_AddSpatialJoin.editor":"","Transects_100m_AddSpatialJoin.edit_date":null,"Transects_100m_AddSpatialJoin.notes":"","Transects_100m_AddSpatialJoin.hotspot":0,"Transects_100m_AddSpatialJoin.Shape_Length":10000}},{"type":"Feature","id":402,"geometry":{"type":"LineString","coordinates":[[460198.4523,3937862.3268999998],[450198.4523,3937862.3268999998]]},"properties":{"Transects_100m.OBJECTID":402,"Transects_100m.LineID":402,"Transects_100m.Shape_Length":10000,"Transects_100m_AddSpatialJoin.OBJECTID":402,"Transects_100m_AddSpatialJoin.Join_Count":1,"Transects_100m_AddSpatialJoin.TARGET_FID":402,"Transects_100m_AddSpatialJoin.Coords":3937740,"Transects_100m_AddSpatialJoin.domain_id":78,"Transects_100m_AddSpatialJoin.reach":"","Transects_100m_AddSpatialJoin.z_mean":0,"Transects_100m_AddSpatialJoin.z_max":0,"Transects_100m_AddSpatialJoin.z_min":0,"Transects_100m_AddSpatialJoin.relief_m":0,"Transects_100m_AddSpatialJoin.slope_avg":0,"Transects_100m_AddSpatialJoin.road_z":0,"Transects_100m_AddSpatialJoin.shch_myr":0,"Transects_100m_AddSpatialJoin.eros_hot":"","Transects_100m_AddSpatialJoin.bnour":"","Transects_100m_AddSpatialJoin.bnour_yr":0,"Transects_100m_AddSpatialJoin.bnour_src":"","Transects_100m_AddSpatialJoin.armor":"","Transects_100m_AddSpatialJoin.editor":"","Transects_100m_AddSpatialJoin.edit_date":null,"Transects_100m_AddSpatialJoin.notes":"","Transects_100m_AddSpatialJoin.hotspot":0,"Transects_100m_AddSpatialJoin.Shape_Length":10000}},{"type":"Feature","id":403,"geometry":{"type":"LineString","coordinates":[[460198.4523,3937962.3268999998],[450198.4523,3937962.3268999998]]},"properties":{"Transects_100m.OBJECTID":403,"Transects_100m.LineID":403,"Transects_100m.Shape_Length":10000,"Transects_100m_AddSpatialJoin.OBJECTID":403,"Transects_100m_AddSpatialJoin.Join_Count":1,"Transects_100m_AddSpatialJoin.TARGET_FID":403,"Transects_100m_AddSpatialJoin.Coords":3937740,"Transects_100m_AddSpatialJoin.domain_id":78,"Transects_100m_AddSpatialJoin.reach":"","Transects_100m_AddSpatialJoin.z_mean":0,"Transects_100m_AddSpatialJoin.z_max":0,"Transects_100m_AddSpatialJoin.z_min":0,"Transects_100m_AddSpatialJoin.relief_m":0,"Transects_100m_AddSpatialJoin.slope_avg":0,"Transects_100m_AddSpatialJoin.road_z":0,"Transects_100m_AddSpatialJoin.shch_myr":0,"Transects_100m_AddSpatialJoin.eros_hot":"","Transects_100m_AddSpatialJoin.bnour":"","Transects_100m_AddSpatialJoin.bnour_yr":0,"Transects_100m_AddSpatialJoin.bnour_src":"","Transects_100m_AddSpatialJoin.armor":"","Transects_100m_AddSpatialJoin.editor":"","Transects_100m_AddSpatialJoin.edit_date":null,"Transects_100m_AddSpatialJoin.notes":"","Transects_100m_AddSpatialJoin.hotspot":0,"Transects_100m_AddSpatialJoin.Shape_Length":10000}},{"type":"Feature","id":404,"geometry":{"type":"LineString","coordinates":[[460198.4523,3938062.3268999998],[450198.4523,3938062.3268999998]]},"properties":{"Transects_100m.OBJECTID":404,"Transects_100m.LineID":404,"Transects_100m.Shape_Length":10000,"Transects_100m_AddSpatialJoin.OBJECTID":404,"Transects_100m_AddSpatialJoin.Join_Count":1,"Transects_100m_AddSpatialJoin.TARGET_FID":404,"Transects_100m_AddSpatialJoin.Coords":3938241,"Transects_100m_AddSpatialJoin.domain_id":79,"Transects_100m_AddSpatialJoin.reach":"","Transects_100m_AddSpatialJoin.z_mean":0,"Transects_100m_AddSpatialJoin.z_max":0,"Transects_100m_AddSpatialJoin.z_min":0,"Transects_100m_AddSpatialJoin.relief_m":0,"Transects_100m_AddSpatialJoin.slope_avg":0,"Transects_100m_AddSpatialJoin.road_z":0,"Transects_100m_AddSpatialJoin.shch_myr":0,"Transects_100m_AddSpatialJoin.eros_hot":"","Transects_100m_AddSpatialJoin.bnour":"","Transects_100m_AddSpatialJoin.bnour_yr":0,"Transects_100m_AddSpatialJoin.bnour_src":"","Transects_100m_AddSpatialJoin.armor":"","Transects_100m_AddSpatialJoin.editor":"","Transects_100m_AddSpatialJoin.edit_date":null,"Transects_100m_AddSpatialJoin.notes":"","Transects_100m_AddSpatialJoin.hotspot":0,"Transects_100m_AddSpatialJoin.Shape_Length":10000}},{"type":"Feature","id":405,"geometry":{"type":"LineString","coordinates":[[460198.4523,3938162.3268999998],[450198.4523,3938162.3268999998]]},"properties":{"Transects_100m.OBJECTID":405,"Transects_100m.LineID":405,"Transects_100m.Shape_Length":10000,"Transects_100m_AddSpatialJoin.OBJECTID":405,"Transects_100m_AddSpatialJoin.Join_Count":1,"Transects_100m_AddSpatialJoin.TARGET_FID":405,"Transects_100m_AddSpatialJoin.Coords":3938241,"Transects_100m_AddSpatialJoin.domain_id":79,"Transects_100m_AddSpatialJoin.reach":"","Transects_100m_AddSpatialJoin.z_mean":0,"Transects_100m_AddSpatialJoin.z_max":0,"Transects_100m_AddSpatialJoin.z_min":0,"Transects_100m_AddSpatialJoin.relief_m":0,"Transects_100m_AddSpatialJoin.slope_avg":0,"Transects_100m_AddSpatialJoin.road_z":0,"Transects_100m_AddSpatialJoin.shch_myr":0,"Transects_100m_AddSpatialJoin.eros_hot":"","Transects_100m_AddSpatialJoin.bnour":"","Transects_100m_AddSpatialJoin.bnour_yr":0,"Transects_100m_AddSpatialJoin.bnour_src":"","Transects_100m_AddSpatialJoin.armor":"","Transects_100m_AddSpatialJoin.editor":"","Transects_100m_AddSpatialJoin.edit_date":null,"Transects_100m_AddSpatialJoin.notes":"","Transects_100m_AddSpatialJoin.hotspot":0,"Transects_100m_AddSpatialJoin.Shape_Length":10000}},{"type":"Feature","id":406,"geometry":{"type":"LineString","coordinates":[[460198.4523,3938262.3268999998],[450198.4523,3938262.3268999998]]},"properties":{"Transects_100m.OBJECTID":406,"Transects_100m.LineID":406,"Transects_100m.Shape_Length":10000,"Transects_100m_AddSpatialJoin.OBJECTID":406,"Transects_100m_AddSpatialJoin.Join_Count":1,"Transects_100m_AddSpatialJoin.TARGET_FID":406,"Transects_100m_AddSpatialJoin.Coords":3938241,"Transects_100m_AddSpatialJoin.domain_id":79,"Transects_100m_AddSpatialJoin.reach":"","Transects_100m_AddSpatialJoin.z_mean":0,"Transects_100m_AddSpatialJoin.z_max":0,"Transects_100m_AddSpatialJoin.z_min":0,"Transects_100m_AddSpatialJoin.relief_m":0,"Transects_100m_AddSpatialJoin.slope_avg":0,"Transects_100m_AddSpatialJoin.road_z":0,"Transects_100m_AddSpatialJoin.shch_myr":0,"Transects_100m_AddSpatialJoin.eros_hot":"","Transects_100m_AddSpatialJoin.bnour":"","Transects_100m_AddSpatialJoin.bnour_yr":0,"Transects_100m_AddSpatialJoin.bnour_src":"","Transects_100m_AddSpatialJoin.armor":"","Transects_100m_AddSpatialJoin.editor":"","Transects_100m_AddSpatialJoin.edit_date":null,"Transects_100m_AddSpatialJoin.notes":"","Transects_100m_AddSpatialJoin.hotspot":0,"Transects_100m_AddSpatialJoin.Shape_Length":10000}},{"type":"Feature","id":407,"geometry":{"type":"LineString","coordinates":[[460198.4523,3938362.3268999998],[450198.4523,3938362.3268999998]]},"properties":{"Transects_100m.OBJECTID":407,"Transects_100m.LineID":407,"Transects_100m.Shape_Length":10000,"Transects_100m_AddSpatialJoin.OBJECTID":407,"Transects_100m_AddSpatialJoin.Join_Count":1,"Transects_100m_AddSpatialJoin.TARGET_FID":407,"Transects_100m_AddSpatialJoin.Coords":3938241,"Transects_100m_AddSpatialJoin.domain_id":79,"Transects_100m_AddSpatialJoin.reach":"","Transects_100m_AddSpatialJoin.z_mean":0,"Transects_100m_AddSpatialJoin.z_max":0,"Transects_100m_AddSpatialJoin.z_min":0,"Transects_100m_AddSpatialJoin.relief_m":0,"Transects_100m_AddSpatialJoin.slope_avg":0,"Transects_100m_AddSpatialJoin.road_z":0,"Transects_100m_AddSpatialJoin.shch_myr":0,"Transects_100m_AddSpatialJoin.eros_hot":"","Transects_100m_AddSpatialJoin.bnour":"","Transects_100m_AddSpatialJoin.bnour_yr":0,"Transects_100m_AddSpatialJoin.bnour_src":"","Transects_100m_AddSpatialJoin.armor":"","Transects_100m_AddSpatialJoin.editor":"","Transects_100m_AddSpatialJoin.edit_date":null,"Transects_100m_AddSpatialJoin.notes":"","Transects_100m_AddSpatialJoin.hotspot":0,"Transects_100m_AddSpatialJoin.Shape_Length":10000}},{"type":"Feature","id":408,"geometry":{"type":"LineString","coordinates":[[460198.4523,3938462.3268999998],[450198.4523,3938462.3268999998]]},"properties":{"Transects_100m.OBJECTID":408,"Transects_100m.LineID":408,"Transects_100m.Shape_Length":10000,"Transects_100m_AddSpatialJoin.OBJECTID":408,"Transects_100m_AddSpatialJoin.Join_Count":1,"Transects_100m_AddSpatialJoin.TARGET_FID":408,"Transects_100m_AddSpatialJoin.Coords":3938241,"Transects_100m_AddSpatialJoin.domain_id":79,"Transects_100m_AddSpatialJoin.reach":"","Transects_100m_AddSpatialJoin.z_mean":0,"Transects_100m_AddSpatialJoin.z_max":0,"Transects_100m_AddSpatialJoin.z_min":0,"Transects_100m_AddSpatialJoin.relief_m":0,"Transects_100m_AddSpatialJoin.slope_avg":0,"Transects_100m_AddSpatialJoin.road_z":0,"Transects_100m_AddSpatialJoin.shch_myr":0,"Transects_100m_AddSpatialJoin.eros_hot":"","Transects_100m_AddSpatialJoin.bnour":"","Transects_100m_AddSpatialJoin.bnour_yr":0,"Transects_100m_AddSpatialJoin.bnour_src":"","Transects_100m_AddSpatialJoin.armor":"","Transects_100m_AddSpatialJoin.editor":"","Transects_100m_AddSpatialJoin.edit_date":null,"Transects_100m_AddSpatialJoin.notes":"","Transects_100m_AddSpatialJoin.hotspot":0,"Transects_100m_AddSpatialJoin.Shape_Length":10000}},{"type":"Feature","id":409,"geometry":{"type":"LineString","coordinates":[[460198.4523,3938562.3268999998],[450198.4523,3938562.3268999998]]},"properties":{"Transects_100m.OBJECTID":409,"Transects_100m.LineID":409,"Transects_100m.Shape_Length":10000,"Transects_100m_AddSpatialJoin.OBJECTID":409,"Transects_100m_AddSpatialJoin.Join_Count":1,"Transects_100m_AddSpatialJoin.TARGET_FID":409,"Transects_100m_AddSpatialJoin.Coords":3938742,"Transects_100m_AddSpatialJoin.domain_id":80,"Transects_100m_AddSpatialJoin.reach":"","Transects_100m_AddSpatialJoin.z_mean":0,"Transects_100m_AddSpatialJoin.z_max":0,"Transects_100m_AddSpatialJoin.z_min":0,"Transects_100m_AddSpatialJoin.relief_m":0,"Transects_100m_AddSpatialJoin.slope_avg":0,"Transects_100m_AddSpatialJoin.road_z":0,"Transects_100m_AddSpatialJoin.shch_myr":0,"Transects_100m_AddSpatialJoin.eros_hot":"","Transects_100m_AddSpatialJoin.bnour":"","Transects_100m_AddSpatialJoin.bnour_yr":0,"Transects_100m_AddSpatialJoin.bnour_src":"","Transects_100m_AddSpatialJoin.armor":"","Transects_100m_AddSpatialJoin.editor":"","Transects_100m_AddSpatialJoin.edit_date":null,"Transects_100m_AddSpatialJoin.notes":"","Transects_100m_AddSpatialJoin.hotspot":0,"Transects_100m_AddSpatialJoin.Shape_Length":10000}},{"type":"Feature","id":410,"geometry":{"type":"LineString","coordinates":[[460198.4523,3938662.3268999998],[450198.4523,3938662.3268999998]]},"properties":{"Transects_100m.OBJECTID":410,"Transects_100m.LineID":410,"Transects_100m.Shape_Length":10000,"Transects_100m_AddSpatialJoin.OBJECTID":410,"Transects_100m_AddSpatialJoin.Join_Count":1,"Transects_100m_AddSpatialJoin.TARGET_FID":410,"Transects_100m_AddSpatialJoin.Coords":3938742,"Transects_100m_AddSpatialJoin.domain_id":80,"Transects_100m_AddSpatialJoin.reach":"","Transects_100m_AddSpatialJoin.z_mean":0,"Transects_100m_AddSpatialJoin.z_max":0,"Transects_100m_AddSpatialJoin.z_min":0,"Transects_100m_AddSpatialJoin.relief_m":0,"Transects_100m_AddSpatialJoin.slope_avg":0,"Transects_100m_AddSpatialJoin.road_z":0,"Transects_100m_AddSpatialJoin.shch_myr":0,"Transects_100m_AddSpatialJoin.eros_hot":"","Transects_100m_AddSpatialJoin.bnour":"","Transects_100m_AddSpatialJoin.bnour_yr":0,"Transects_100m_AddSpatialJoin.bnour_src":"","Transects_100m_AddSpatialJoin.armor":"","Transects_100m_AddSpatialJoin.editor":"","Transects_100m_AddSpatialJoin.edit_date":null,"Transects_100m_AddSpatialJoin.notes":"","Transects_100m_AddSpatialJoin.hotspot":0,"Transects_100m_AddSpatialJoin.Shape_Length":10000}},{"type":"Feature","id":411,"geometry":{"type":"LineString","coordinates":[[460198.4523,3938762.3268999998],[450198.4523,3938762.3268999998]]},"properties":{"Transects_100m.OBJECTID":411,"Transects_100m.LineID":411,"Transects_100m.Shape_Length":10000,"Transects_100m_AddSpatialJoin.OBJECTID":411,"Transects_100m_AddSpatialJoin.Join_Count":1,"Transects_100m_AddSpatialJoin.TARGET_FID":411,"Transects_100m_AddSpatialJoin.Coords":3938742,"Transects_100m_AddSpatialJoin.domain_id":80,"Transects_100m_AddSpatialJoin.reach":"","Transects_100m_AddSpatialJoin.z_mean":0,"Transects_100m_AddSpatialJoin.z_max":0,"Transects_100m_AddSpatialJoin.z_min":0,"Transects_100m_AddSpatialJoin.relief_m":0,"Transects_100m_AddSpatialJoin.slope_avg":0,"Transects_100m_AddSpatialJoin.road_z":0,"Transects_100m_AddSpatialJoin.shch_myr":0,"Transects_100m_AddSpatialJoin.eros_hot":"","Transects_100m_AddSpatialJoin.bnour":"","Transects_100m_AddSpatialJoin.bnour_yr":0,"Transects_100m_AddSpatialJoin.bnour_src":"","Transects_100m_AddSpatialJoin.armor":"","Transects_100m_AddSpatialJoin.editor":"","Transects_100m_AddSpatialJoin.edit_date":null,"Transects_100m_AddSpatialJoin.notes":"","Transects_100m_AddSpatialJoin.hotspot":0,"Transects_100m_AddSpatialJoin.Shape_Length":10000}},{"type":"Feature","id":412,"geometry":{"type":"LineString","coordinates":[[460198.4523,3938862.3268999998],[450198.4523,3938862.3268999998]]},"properties":{"Transects_100m.OBJECTID":412,"Transects_100m.LineID":412,"Transects_100m.Shape_Length":10000,"Transects_100m_AddSpatialJoin.OBJECTID":412,"Transects_100m_AddSpatialJoin.Join_Count":1,"Transects_100m_AddSpatialJoin.TARGET_FID":412,"Transects_100m_AddSpatialJoin.Coords":3938742,"Transects_100m_AddSpatialJoin.domain_id":80,"Transects_100m_AddSpatialJoin.reach":"","Transects_100m_AddSpatialJoin.z_mean":0,"Transects_100m_AddSpatialJoin.z_max":0,"Transects_100m_AddSpatialJoin.z_min":0,"Transects_100m_AddSpatialJoin.relief_m":0,"Transects_100m_AddSpatialJoin.slope_avg":0,"Transects_100m_AddSpatialJoin.road_z":0,"Transects_100m_AddSpatialJoin.shch_myr":0,"Transects_100m_AddSpatialJoin.eros_hot":"","Transects_100m_AddSpatialJoin.bnour":"","Transects_100m_AddSpatialJoin.bnour_yr":0,"Transects_100m_AddSpatialJoin.bnour_src":"","Transects_100m_AddSpatialJoin.armor":"","Transects_100m_AddSpatialJoin.editor":"","Transects_100m_AddSpatialJoin.edit_date":null,"Transects_100m_AddSpatialJoin.notes":"","Transects_100m_AddSpatialJoin.hotspot":0,"Transects_100m_AddSpatialJoin.Shape_Length":10000}},{"type":"Feature","id":413,"geometry":{"type":"LineString","coordinates":[[460198.4523,3938962.3268999998],[450198.4523,3938962.3268999998]]},"properties":{"Transects_100m.OBJECTID":413,"Transects_100m.LineID":413,"Transects_100m.Shape_Length":10000,"Transects_100m_AddSpatialJoin.OBJECTID":413,"Transects_100m_AddSpatialJoin.Join_Count":1,"Transects_100m_AddSpatialJoin.TARGET_FID":413,"Transects_100m_AddSpatialJoin.Coords":3938742,"Transects_100m_AddSpatialJoin.domain_id":80,"Transects_100m_AddSpatialJoin.reach":"","Transects_100m_AddSpatialJoin.z_mean":0,"Transects_100m_AddSpatialJoin.z_max":0,"Transects_100m_AddSpatialJoin.z_min":0,"Transects_100m_AddSpatialJoin.relief_m":0,"Transects_100m_AddSpatialJoin.slope_avg":0,"Transects_100m_AddSpatialJoin.road_z":0,"Transects_100m_AddSpatialJoin.shch_myr":0,"Transects_100m_AddSpatialJoin.eros_hot":"","Transects_100m_AddSpatialJoin.bnour":"","Transects_100m_AddSpatialJoin.bnour_yr":0,"Transects_100m_AddSpatialJoin.bnour_src":"","Transects_100m_AddSpatialJoin.armor":"","Transects_100m_AddSpatialJoin.editor":"","Transects_100m_AddSpatialJoin.edit_date":null,"Transects_100m_AddSpatialJoin.notes":"","Transects_100m_AddSpatialJoin.hotspot":0,"Transects_100m_AddSpatialJoin.Shape_Length":10000}},{"type":"Feature","id":414,"geometry":{"type":"LineString","coordinates":[[460198.4523,3939062.3268999998],[450198.4523,3939062.3268999998]]},"properties":{"Transects_100m.OBJECTID":414,"Transects_100m.LineID":414,"Transects_100m.Shape_Length":10000,"Transects_100m_AddSpatialJoin.OBJECTID":414,"Transects_100m_AddSpatialJoin.Join_Count":1,"Transects_100m_AddSpatialJoin.TARGET_FID":414,"Transects_100m_AddSpatialJoin.Coords":3939243,"Transects_100m_AddSpatialJoin.domain_id":81,"Transects_100m_AddSpatialJoin.reach":"","Transects_100m_AddSpatialJoin.z_mean":0,"Transects_100m_AddSpatialJoin.z_max":0,"Transects_100m_AddSpatialJoin.z_min":0,"Transects_100m_AddSpatialJoin.relief_m":0,"Transects_100m_AddSpatialJoin.slope_avg":0,"Transects_100m_AddSpatialJoin.road_z":0,"Transects_100m_AddSpatialJoin.shch_myr":0,"Transects_100m_AddSpatialJoin.eros_hot":"","Transects_100m_AddSpatialJoin.bnour":"","Transects_100m_AddSpatialJoin.bnour_yr":0,"Transects_100m_AddSpatialJoin.bnour_src":"","Transects_100m_AddSpatialJoin.armor":"","Transects_100m_AddSpatialJoin.editor":"","Transects_100m_AddSpatialJoin.edit_date":null,"Transects_100m_AddSpatialJoin.notes":"","Transects_100m_AddSpatialJoin.hotspot":0,"Transects_100m_AddSpatialJoin.Shape_Length":10000}},{"type":"Feature","id":415,"geometry":{"type":"LineString","coordinates":[[460198.4523,3939162.3268999998],[450198.4523,3939162.3268999998]]},"properties":{"Transects_100m.OBJECTID":415,"Transects_100m.LineID":415,"Transects_100m.Shape_Length":10000,"Transects_100m_AddSpatialJoin.OBJECTID":415,"Transects_100m_AddSpatialJoin.Join_Count":1,"Transects_100m_AddSpatialJoin.TARGET_FID":415,"Transects_100m_AddSpatialJoin.Coords":3939243,"Transects_100m_AddSpatialJoin.domain_id":81,"Transects_100m_AddSpatialJoin.reach":"","Transects_100m_AddSpatialJoin.z_mean":0,"Transects_100m_AddSpatialJoin.z_max":0,"Transects_100m_AddSpatialJoin.z_min":0,"Transects_100m_AddSpatialJoin.relief_m":0,"Transects_100m_AddSpatialJoin.slope_avg":0,"Transects_100m_AddSpatialJoin.road_z":0,"Transects_100m_AddSpatialJoin.shch_myr":0,"Transects_100m_AddSpatialJoin.eros_hot":"","Transects_100m_AddSpatialJoin.bnour":"","Transects_100m_AddSpatialJoin.bnour_yr":0,"Transects_100m_AddSpatialJoin.bnour_src":"","Transects_100m_AddSpatialJoin.armor":"","Transects_100m_AddSpatialJoin.editor":"","Transects_100m_AddSpatialJoin.edit_date":null,"Transects_100m_AddSpatialJoin.notes":"","Transects_100m_AddSpatialJoin.hotspot":0,"Transects_100m_AddSpatialJoin.Shape_Length":10000}},{"type":"Feature","id":416,"geometry":{"type":"LineString","coordinates":[[460198.4523,3939262.3268999998],[450198.4523,3939262.3268999998]]},"properties":{"Transects_100m.OBJECTID":416,"Transects_100m.LineID":416,"Transects_100m.Shape_Length":10000,"Transects_100m_AddSpatialJoin.OBJECTID":416,"Transects_100m_AddSpatialJoin.Join_Count":1,"Transects_100m_AddSpatialJoin.TARGET_FID":416,"Transects_100m_AddSpatialJoin.Coords":3939243,"Transects_100m_AddSpatialJoin.domain_id":81,"Transects_100m_AddSpatialJoin.reach":"","Transects_100m_AddSpatialJoin.z_mean":0,"Transects_100m_AddSpatialJoin.z_max":0,"Transects_100m_AddSpatialJoin.z_min":0,"Transects_100m_AddSpatialJoin.relief_m":0,"Transects_100m_AddSpatialJoin.slope_avg":0,"Transects_100m_AddSpatialJoin.road_z":0,"Transects_100m_AddSpatialJoin.shch_myr":0,"Transects_100m_AddSpatialJoin.eros_hot":"","Transects_100m_AddSpatialJoin.bnour":"","Transects_100m_AddSpatialJoin.bnour_yr":0,"Transects_100m_AddSpatialJoin.bnour_src":"","Transects_100m_AddSpatialJoin.armor":"","Transects_100m_AddSpatialJoin.editor":"","Transects_100m_AddSpatialJoin.edit_date":null,"Transects_100m_AddSpatialJoin.notes":"","Transects_100m_AddSpatialJoin.hotspot":0,"Transects_100m_AddSpatialJoin.Shape_Length":10000}},{"type":"Feature","id":417,"geometry":{"type":"LineString","coordinates":[[460198.4523,3939362.3268999998],[450198.4523,3939362.3268999998]]},"properties":{"Transects_100m.OBJECTID":417,"Transects_100m.LineID":417,"Transects_100m.Shape_Length":10000,"Transects_100m_AddSpatialJoin.OBJECTID":417,"Transects_100m_AddSpatialJoin.Join_Count":1,"Transects_100m_AddSpatialJoin.TARGET_FID":417,"Transects_100m_AddSpatialJoin.Coords":3939243,"Transects_100m_AddSpatialJoin.domain_id":81,"Transects_100m_AddSpatialJoin.reach":"","Transects_100m_AddSpatialJoin.z_mean":0,"Transects_100m_AddSpatialJoin.z_max":0,"Transects_100m_AddSpatialJoin.z_min":0,"Transects_100m_AddSpatialJoin.relief_m":0,"Transects_100m_AddSpatialJoin.slope_avg":0,"Transects_100m_AddSpatialJoin.road_z":0,"Transects_100m_AddSpatialJoin.shch_myr":0,"Transects_100m_AddSpatialJoin.eros_hot":"","Transects_100m_AddSpatialJoin.bnour":"","Transects_100m_AddSpatialJoin.bnour_yr":0,"Transects_100m_AddSpatialJoin.bnour_src":"","Transects_100m_AddSpatialJoin.armor":"","Transects_100m_AddSpatialJoin.editor":"","Transects_100m_AddSpatialJoin.edit_date":null,"Transects_100m_AddSpatialJoin.notes":"","Transects_100m_AddSpatialJoin.hotspot":0,"Transects_100m_AddSpatialJoin.Shape_Length":10000}},{"type":"Feature","id":418,"geometry":{"type":"LineString","coordinates":[[460198.4523,3939462.3268999998],[450198.4523,3939462.3268999998]]},"properties":{"Transects_100m.OBJECTID":418,"Transects_100m.LineID":418,"Transects_100m.Shape_Length":10000,"Transects_100m_AddSpatialJoin.OBJECTID":418,"Transects_100m_AddSpatialJoin.Join_Count":1,"Transects_100m_AddSpatialJoin.TARGET_FID":418,"Transects_100m_AddSpatialJoin.Coords":3939243,"Transects_100m_AddSpatialJoin.domain_id":81,"Transects_100m_AddSpatialJoin.reach":"","Transects_100m_AddSpatialJoin.z_mean":0,"Transects_100m_AddSpatialJoin.z_max":0,"Transects_100m_AddSpatialJoin.z_min":0,"Transects_100m_AddSpatialJoin.relief_m":0,"Transects_100m_AddSpatialJoin.slope_avg":0,"Transects_100m_AddSpatialJoin.road_z":0,"Transects_100m_AddSpatialJoin.shch_myr":0,"Transects_100m_AddSpatialJoin.eros_hot":"","Transects_100m_AddSpatialJoin.bnour":"","Transects_100m_AddSpatialJoin.bnour_yr":0,"Transects_100m_AddSpatialJoin.bnour_src":"","Transects_100m_AddSpatialJoin.armor":"","Transects_100m_AddSpatialJoin.editor":"","Transects_100m_AddSpatialJoin.edit_date":null,"Transects_100m_AddSpatialJoin.notes":"","Transects_100m_AddSpatialJoin.hotspot":0,"Transects_100m_AddSpatialJoin.Shape_Length":10000}},{"type":"Feature","id":419,"geometry":{"type":"LineString","coordinates":[[460198.4523,3939562.3268999998],[450198.4523,3939562.3268999998]]},"properties":{"Transects_100m.OBJECTID":419,"Transects_100m.LineID":419,"Transects_100m.Shape_Length":10000,"Transects_100m_AddSpatialJoin.OBJECTID":419,"Transects_100m_AddSpatialJoin.Join_Count":1,"Transects_100m_AddSpatialJoin.TARGET_FID":419,"Transects_100m_AddSpatialJoin.Coords":3939743,"Transects_100m_AddSpatialJoin.domain_id":82,"Transects_100m_AddSpatialJoin.reach":"","Transects_100m_AddSpatialJoin.z_mean":0,"Transects_100m_AddSpatialJoin.z_max":0,"Transects_100m_AddSpatialJoin.z_min":0,"Transects_100m_AddSpatialJoin.relief_m":0,"Transects_100m_AddSpatialJoin.slope_avg":0,"Transects_100m_AddSpatialJoin.road_z":0,"Transects_100m_AddSpatialJoin.shch_myr":0,"Transects_100m_AddSpatialJoin.eros_hot":"","Transects_100m_AddSpatialJoin.bnour":"","Transects_100m_AddSpatialJoin.bnour_yr":0,"Transects_100m_AddSpatialJoin.bnour_src":"","Transects_100m_AddSpatialJoin.armor":"","Transects_100m_AddSpatialJoin.editor":"","Transects_100m_AddSpatialJoin.edit_date":null,"Transects_100m_AddSpatialJoin.notes":"","Transects_100m_AddSpatialJoin.hotspot":0,"Transects_100m_AddSpatialJoin.Shape_Length":10000}},{"type":"Feature","id":420,"geometry":{"type":"LineString","coordinates":[[460198.4523,3939662.3268999998],[450198.4523,3939662.3268999998]]},"properties":{"Transects_100m.OBJECTID":420,"Transects_100m.LineID":420,"Transects_100m.Shape_Length":10000,"Transects_100m_AddSpatialJoin.OBJECTID":420,"Transects_100m_AddSpatialJoin.Join_Count":1,"Transects_100m_AddSpatialJoin.TARGET_FID":420,"Transects_100m_AddSpatialJoin.Coords":3939743,"Transects_100m_AddSpatialJoin.domain_id":82,"Transects_100m_AddSpatialJoin.reach":"","Transects_100m_AddSpatialJoin.z_mean":0,"Transects_100m_AddSpatialJoin.z_max":0,"Transects_100m_AddSpatialJoin.z_min":0,"Transects_100m_AddSpatialJoin.relief_m":0,"Transects_100m_AddSpatialJoin.slope_avg":0,"Transects_100m_AddSpatialJoin.road_z":0,"Transects_100m_AddSpatialJoin.shch_myr":0,"Transects_100m_AddSpatialJoin.eros_hot":"","Transects_100m_AddSpatialJoin.bnour":"","Transects_100m_AddSpatialJoin.bnour_yr":0,"Transects_100m_AddSpatialJoin.bnour_src":"","Transects_100m_AddSpatialJoin.armor":"","Transects_100m_AddSpatialJoin.editor":"","Transects_100m_AddSpatialJoin.edit_date":null,"Transects_100m_AddSpatialJoin.notes":"","Transects_100m_AddSpatialJoin.hotspot":0,"Transects_100m_AddSpatialJoin.Shape_Length":10000}},{"type":"Feature","id":421,"geometry":{"type":"LineString","coordinates":[[460198.4523,3939762.3268999998],[450198.4523,3939762.3268999998]]},"properties":{"Transects_100m.OBJECTID":421,"Transects_100m.LineID":421,"Transects_100m.Shape_Length":10000,"Transects_100m_AddSpatialJoin.OBJECTID":421,"Transects_100m_AddSpatialJoin.Join_Count":1,"Transects_100m_AddSpatialJoin.TARGET_FID":421,"Transects_100m_AddSpatialJoin.Coords":3939743,"Transects_100m_AddSpatialJoin.domain_id":82,"Transects_100m_AddSpatialJoin.reach":"","Transects_100m_AddSpatialJoin.z_mean":0,"Transects_100m_AddSpatialJoin.z_max":0,"Transects_100m_AddSpatialJoin.z_min":0,"Transects_100m_AddSpatialJoin.relief_m":0,"Transects_100m_AddSpatialJoin.slope_avg":0,"Transects_100m_AddSpatialJoin.road_z":0,"Transects_100m_AddSpatialJoin.shch_myr":0,"Transects_100m_AddSpatialJoin.eros_hot":"","Transects_100m_AddSpatialJoin.bnour":"","Transects_100m_AddSpatialJoin.bnour_yr":0,"Transects_100m_AddSpatialJoin.bnour_src":"","Transects_100m_AddSpatialJoin.armor":"","Transects_100m_AddSpatialJoin.editor":"","Transects_100m_AddSpatialJoin.edit_date":null,"Transects_100m_AddSpatialJoin.notes":"","Transects_100m_AddSpatialJoin.hotspot":0,"Transects_100m_AddSpatialJoin.Shape_Length":10000}},{"type":"Feature","id":422,"geometry":{"type":"LineString","coordinates":[[460198.4523,3939862.3268999998],[450198.4523,3939862.3268999998]]},"properties":{"Transects_100m.OBJECTID":422,"Transects_100m.LineID":422,"Transects_100m.Shape_Length":10000,"Transects_100m_AddSpatialJoin.OBJECTID":422,"Transects_100m_AddSpatialJoin.Join_Count":1,"Transects_100m_AddSpatialJoin.TARGET_FID":422,"Transects_100m_AddSpatialJoin.Coords":3939743,"Transects_100m_AddSpatialJoin.domain_id":82,"Transects_100m_AddSpatialJoin.reach":"","Transects_100m_AddSpatialJoin.z_mean":0,"Transects_100m_AddSpatialJoin.z_max":0,"Transects_100m_AddSpatialJoin.z_min":0,"Transects_100m_AddSpatialJoin.relief_m":0,"Transects_100m_AddSpatialJoin.slope_avg":0,"Transects_100m_AddSpatialJoin.road_z":0,"Transects_100m_AddSpatialJoin.shch_myr":0,"Transects_100m_AddSpatialJoin.eros_hot":"","Transects_100m_AddSpatialJoin.bnour":"","Transects_100m_AddSpatialJoin.bnour_yr":0,"Transects_100m_AddSpatialJoin.bnour_src":"","Transects_100m_AddSpatialJoin.armor":"","Transects_100m_AddSpatialJoin.editor":"","Transects_100m_AddSpatialJoin.edit_date":null,"Transects_100m_AddSpatialJoin.notes":"","Transects_100m_AddSpatialJoin.hotspot":0,"Transects_100m_AddSpatialJoin.Shape_Length":10000}},{"type":"Feature","id":423,"geometry":{"type":"LineString","coordinates":[[460198.4523,3939962.3268999998],[450198.4523,3939962.3268999998]]},"properties":{"Transects_100m.OBJECTID":423,"Transects_100m.LineID":423,"Transects_100m.Shape_Length":10000,"Transects_100m_AddSpatialJoin.OBJECTID":423,"Transects_100m_AddSpatialJoin.Join_Count":1,"Transects_100m_AddSpatialJoin.TARGET_FID":423,"Transects_100m_AddSpatialJoin.Coords":3939743,"Transects_100m_AddSpatialJoin.domain_id":82,"Transects_100m_AddSpatialJoin.reach":"","Transects_100m_AddSpatialJoin.z_mean":0,"Transects_100m_AddSpatialJoin.z_max":0,"Transects_100m_AddSpatialJoin.z_min":0,"Transects_100m_AddSpatialJoin.relief_m":0,"Transects_100m_AddSpatialJoin.slope_avg":0,"Transects_100m_AddSpatialJoin.road_z":0,"Transects_100m_AddSpatialJoin.shch_myr":0,"Transects_100m_AddSpatialJoin.eros_hot":"","Transects_100m_AddSpatialJoin.bnour":"","Transects_100m_AddSpatialJoin.bnour_yr":0,"Transects_100m_AddSpatialJoin.bnour_src":"","Transects_100m_AddSpatialJoin.armor":"","Transects_100m_AddSpatialJoin.editor":"","Transects_100m_AddSpatialJoin.edit_date":null,"Transects_100m_AddSpatialJoin.notes":"","Transects_100m_AddSpatialJoin.hotspot":0,"Transects_100m_AddSpatialJoin.Shape_Length":10000}},{"type":"Feature","id":424,"geometry":{"type":"LineString","coordinates":[[460198.4523,3940062.3268999998],[450198.4523,3940062.3268999998]]},"properties":{"Transects_100m.OBJECTID":424,"Transects_100m.LineID":424,"Transects_100m.Shape_Length":10000,"Transects_100m_AddSpatialJoin.OBJECTID":424,"Transects_100m_AddSpatialJoin.Join_Count":1,"Transects_100m_AddSpatialJoin.TARGET_FID":424,"Transects_100m_AddSpatialJoin.Coords":3940244,"Transects_100m_AddSpatialJoin.domain_id":83,"Transects_100m_AddSpatialJoin.reach":"","Transects_100m_AddSpatialJoin.z_mean":0,"Transects_100m_AddSpatialJoin.z_max":0,"Transects_100m_AddSpatialJoin.z_min":0,"Transects_100m_AddSpatialJoin.relief_m":0,"Transects_100m_AddSpatialJoin.slope_avg":0,"Transects_100m_AddSpatialJoin.road_z":0,"Transects_100m_AddSpatialJoin.shch_myr":0,"Transects_100m_AddSpatialJoin.eros_hot":"","Transects_100m_AddSpatialJoin.bnour":"","Transects_100m_AddSpatialJoin.bnour_yr":0,"Transects_100m_AddSpatialJoin.bnour_src":"","Transects_100m_AddSpatialJoin.armor":"","Transects_100m_AddSpatialJoin.editor":"","Transects_100m_AddSpatialJoin.edit_date":null,"Transects_100m_AddSpatialJoin.notes":"","Transects_100m_AddSpatialJoin.hotspot":0,"Transects_100m_AddSpatialJoin.Shape_Length":10000}},{"type":"Feature","id":425,"geometry":{"type":"LineString","coordinates":[[460198.4523,3940162.3268999998],[450198.4523,3940162.3268999998]]},"properties":{"Transects_100m.OBJECTID":425,"Transects_100m.LineID":425,"Transects_100m.Shape_Length":10000,"Transects_100m_AddSpatialJoin.OBJECTID":425,"Transects_100m_AddSpatialJoin.Join_Count":1,"Transects_100m_AddSpatialJoin.TARGET_FID":425,"Transects_100m_AddSpatialJoin.Coords":3940244,"Transects_100m_AddSpatialJoin.domain_id":83,"Transects_100m_AddSpatialJoin.reach":"","Transects_100m_AddSpatialJoin.z_mean":0,"Transects_100m_AddSpatialJoin.z_max":0,"Transects_100m_AddSpatialJoin.z_min":0,"Transects_100m_AddSpatialJoin.relief_m":0,"Transects_100m_AddSpatialJoin.slope_avg":0,"Transects_100m_AddSpatialJoin.road_z":0,"Transects_100m_AddSpatialJoin.shch_myr":0,"Transects_100m_AddSpatialJoin.eros_hot":"","Transects_100m_AddSpatialJoin.bnour":"","Transects_100m_AddSpatialJoin.bnour_yr":0,"Transects_100m_AddSpatialJoin.bnour_src":"","Transects_100m_AddSpatialJoin.armor":"","Transects_100m_AddSpatialJoin.editor":"","Transects_100m_AddSpatialJoin.edit_date":null,"Transects_100m_AddSpatialJoin.notes":"","Transects_100m_AddSpatialJoin.hotspot":0,"Transects_100m_AddSpatialJoin.Shape_Length":10000}},{"type":"Feature","id":426,"geometry":{"type":"LineString","coordinates":[[460198.4523,3940262.3268999998],[450198.4523,3940262.3268999998]]},"properties":{"Transects_100m.OBJECTID":426,"Transects_100m.LineID":426,"Transects_100m.Shape_Length":10000,"Transects_100m_AddSpatialJoin.OBJECTID":426,"Transects_100m_AddSpatialJoin.Join_Count":1,"Transects_100m_AddSpatialJoin.TARGET_FID":426,"Transects_100m_AddSpatialJoin.Coords":3940244,"Transects_100m_AddSpatialJoin.domain_id":83,"Transects_100m_AddSpatialJoin.reach":"","Transects_100m_AddSpatialJoin.z_mean":0,"Transects_100m_AddSpatialJoin.z_max":0,"Transects_100m_AddSpatialJoin.z_min":0,"Transects_100m_AddSpatialJoin.relief_m":0,"Transects_100m_AddSpatialJoin.slope_avg":0,"Transects_100m_AddSpatialJoin.road_z":0,"Transects_100m_AddSpatialJoin.shch_myr":0,"Transects_100m_AddSpatialJoin.eros_hot":"","Transects_100m_AddSpatialJoin.bnour":"","Transects_100m_AddSpatialJoin.bnour_yr":0,"Transects_100m_AddSpatialJoin.bnour_src":"","Transects_100m_AddSpatialJoin.armor":"","Transects_100m_AddSpatialJoin.editor":"","Transects_100m_AddSpatialJoin.edit_date":null,"Transects_100m_AddSpatialJoin.notes":"","Transects_100m_AddSpatialJoin.hotspot":0,"Transects_100m_AddSpatialJoin.Shape_Length":10000}},{"type":"Feature","id":427,"geometry":{"type":"LineString","coordinates":[[460198.4523,3940362.3268999998],[450198.4523,3940362.3268999998]]},"properties":{"Transects_100m.OBJECTID":427,"Transects_100m.LineID":427,"Transects_100m.Shape_Length":10000,"Transects_100m_AddSpatialJoin.OBJECTID":427,"Transects_100m_AddSpatialJoin.Join_Count":1,"Transects_100m_AddSpatialJoin.TARGET_FID":427,"Transects_100m_AddSpatialJoin.Coords":3940244,"Transects_100m_AddSpatialJoin.domain_id":83,"Transects_100m_AddSpatialJoin.reach":"","Transects_100m_AddSpatialJoin.z_mean":0,"Transects_100m_AddSpatialJoin.z_max":0,"Transects_100m_AddSpatialJoin.z_min":0,"Transects_100m_AddSpatialJoin.relief_m":0,"Transects_100m_AddSpatialJoin.slope_avg":0,"Transects_100m_AddSpatialJoin.road_z":0,"Transects_100m_AddSpatialJoin.shch_myr":0,"Transects_100m_AddSpatialJoin.eros_hot":"","Transects_100m_AddSpatialJoin.bnour":"","Transects_100m_AddSpatialJoin.bnour_yr":0,"Transects_100m_AddSpatialJoin.bnour_src":"","Transects_100m_AddSpatialJoin.armor":"","Transects_100m_AddSpatialJoin.editor":"","Transects_100m_AddSpatialJoin.edit_date":null,"Transects_100m_AddSpatialJoin.notes":"","Transects_100m_AddSpatialJoin.hotspot":0,"Transects_100m_AddSpatialJoin.Shape_Length":10000}},{"type":"Feature","id":428,"geometry":{"type":"LineString","coordinates":[[460198.4523,3940462.3268999998],[450198.4523,3940462.3268999998]]},"properties":{"Transects_100m.OBJECTID":428,"Transects_100m.LineID":428,"Transects_100m.Shape_Length":10000,"Transects_100m_AddSpatialJoin.OBJECTID":428,"Transects_100m_AddSpatialJoin.Join_Count":1,"Transects_100m_AddSpatialJoin.TARGET_FID":428,"Transects_100m_AddSpatialJoin.Coords":3940244,"Transects_100m_AddSpatialJoin.domain_id":83,"Transects_100m_AddSpatialJoin.reach":"","Transects_100m_AddSpatialJoin.z_mean":0,"Transects_100m_AddSpatialJoin.z_max":0,"Transects_100m_AddSpatialJoin.z_min":0,"Transects_100m_AddSpatialJoin.relief_m":0,"Transects_100m_AddSpatialJoin.slope_avg":0,"Transects_100m_AddSpatialJoin.road_z":0,"Transects_100m_AddSpatialJoin.shch_myr":0,"Transects_100m_AddSpatialJoin.eros_hot":"","Transects_100m_AddSpatialJoin.bnour":"","Transects_100m_AddSpatialJoin.bnour_yr":0,"Transects_100m_AddSpatialJoin.bnour_src":"","Transects_100m_AddSpatialJoin.armor":"","Transects_100m_AddSpatialJoin.editor":"","Transects_100m_AddSpatialJoin.edit_date":null,"Transects_100m_AddSpatialJoin.notes":"","Transects_100m_AddSpatialJoin.hotspot":0,"Transects_100m_AddSpatialJoin.Shape_Length":10000}},{"type":"Feature","id":429,"geometry":{"type":"LineString","coordinates":[[460198.4523,3940562.3268999998],[450198.4523,3940562.3268999998]]},"properties":{"Transects_100m.OBJECTID":429,"Transects_100m.LineID":429,"Transects_100m.Shape_Length":10000,"Transects_100m_AddSpatialJoin.OBJECTID":429,"Transects_100m_AddSpatialJoin.Join_Count":1,"Transects_100m_AddSpatialJoin.TARGET_FID":429,"Transects_100m_AddSpatialJoin.Coords":3940745,"Transects_100m_AddSpatialJoin.domain_id":84,"Transects_100m_AddSpatialJoin.reach":" ","Transects_100m_AddSpatialJoin.z_mean":0,"Transects_100m_AddSpatialJoin.z_max":0,"Transects_100m_AddSpatialJoin.z_min":0,"Transects_100m_AddSpatialJoin.relief_m":0,"Transects_100m_AddSpatialJoin.slope_avg":0,"Transects_100m_AddSpatialJoin.road_z":0,"Transects_100m_AddSpatialJoin.shch_myr":0,"Transects_100m_AddSpatialJoin.eros_hot":"3 - Rodanthe 'S' Curves","Transects_100m_AddSpatialJoin.bnour":" ","Transects_100m_AddSpatialJoin.bnour_yr":0,"Transects_100m_AddSpatialJoin.bnour_src":" ","Transects_100m_AddSpatialJoin.armor":" ","Transects_100m_AddSpatialJoin.editor":" ","Transects_100m_AddSpatialJoin.edit_date":null,"Transects_100m_AddSpatialJoin.notes":" ","Transects_100m_AddSpatialJoin.hotspot":1,"Transects_100m_AddSpatialJoin.Shape_Length":10000}},{"type":"Feature","id":430,"geometry":{"type":"LineString","coordinates":[[460198.4523,3940662.3268999998],[450198.4523,3940662.3268999998]]},"properties":{"Transects_100m.OBJECTID":430,"Transects_100m.LineID":430,"Transects_100m.Shape_Length":10000,"Transects_100m_AddSpatialJoin.OBJECTID":430,"Transects_100m_AddSpatialJoin.Join_Count":1,"Transects_100m_AddSpatialJoin.TARGET_FID":430,"Transects_100m_AddSpatialJoin.Coords":3940745,"Transects_100m_AddSpatialJoin.domain_id":84,"Transects_100m_AddSpatialJoin.reach":" ","Transects_100m_AddSpatialJoin.z_mean":0,"Transects_100m_AddSpatialJoin.z_max":0,"Transects_100m_AddSpatialJoin.z_min":0,"Transects_100m_AddSpatialJoin.relief_m":0,"Transects_100m_AddSpatialJoin.slope_avg":0,"Transects_100m_AddSpatialJoin.road_z":0,"Transects_100m_AddSpatialJoin.shch_myr":0,"Transects_100m_AddSpatialJoin.eros_hot":"3 - Rodanthe 'S' Curves","Transects_100m_AddSpatialJoin.bnour":" ","Transects_100m_AddSpatialJoin.bnour_yr":0,"Transects_100m_AddSpatialJoin.bnour_src":" ","Transects_100m_AddSpatialJoin.armor":" ","Transects_100m_AddSpatialJoin.editor":" ","Transects_100m_AddSpatialJoin.edit_date":null,"Transects_100m_AddSpatialJoin.notes":" ","Transects_100m_AddSpatialJoin.hotspot":1,"Transects_100m_AddSpatialJoin.Shape_Length":10000}},{"type":"Feature","id":431,"geometry":{"type":"LineString","coordinates":[[460198.4523,3940762.3268999998],[450198.4523,3940762.3268999998]]},"properties":{"Transects_100m.OBJECTID":431,"Transects_100m.LineID":431,"Transects_100m.Shape_Length":10000,"Transects_100m_AddSpatialJoin.OBJECTID":431,"Transects_100m_AddSpatialJoin.Join_Count":1,"Transects_100m_AddSpatialJoin.TARGET_FID":431,"Transects_100m_AddSpatialJoin.Coords":3940745,"Transects_100m_AddSpatialJoin.domain_id":84,"Transects_100m_AddSpatialJoin.reach":" ","Transects_100m_AddSpatialJoin.z_mean":0,"Transects_100m_AddSpatialJoin.z_max":0,"Transects_100m_AddSpatialJoin.z_min":0,"Transects_100m_AddSpatialJoin.relief_m":0,"Transects_100m_AddSpatialJoin.slope_avg":0,"Transects_100m_AddSpatialJoin.road_z":0,"Transects_100m_AddSpatialJoin.shch_myr":0,"Transects_100m_AddSpatialJoin.eros_hot":"3 - Rodanthe 'S' Curves","Transects_100m_AddSpatialJoin.bnour":" ","Transects_100m_AddSpatialJoin.bnour_yr":0,"Transects_100m_AddSpatialJoin.bnour_src":" ","Transects_100m_AddSpatialJoin.armor":" ","Transects_100m_AddSpatialJoin.editor":" ","Transects_100m_AddSpatialJoin.edit_date":null,"Transects_100m_AddSpatialJoin.notes":" ","Transects_100m_AddSpatialJoin.hotspot":1,"Transects_100m_AddSpatialJoin.Shape_Length":10000}},{"type":"Feature","id":432,"geometry":{"type":"LineString","coordinates":[[460198.4523,3940862.3268999998],[450198.4523,3940862.3268999998]]},"properties":{"Transects_100m.OBJECTID":432,"Transects_100m.LineID":432,"Transects_100m.Shape_Length":10000,"Transects_100m_AddSpatialJoin.OBJECTID":432,"Transects_100m_AddSpatialJoin.Join_Count":1,"Transects_100m_AddSpatialJoin.TARGET_FID":432,"Transects_100m_AddSpatialJoin.Coords":3940745,"Transects_100m_AddSpatialJoin.domain_id":84,"Transects_100m_AddSpatialJoin.reach":" ","Transects_100m_AddSpatialJoin.z_mean":0,"Transects_100m_AddSpatialJoin.z_max":0,"Transects_100m_AddSpatialJoin.z_min":0,"Transects_100m_AddSpatialJoin.relief_m":0,"Transects_100m_AddSpatialJoin.slope_avg":0,"Transects_100m_AddSpatialJoin.road_z":0,"Transects_100m_AddSpatialJoin.shch_myr":0,"Transects_100m_AddSpatialJoin.eros_hot":"3 - Rodanthe 'S' Curves","Transects_100m_AddSpatialJoin.bnour":" ","Transects_100m_AddSpatialJoin.bnour_yr":0,"Transects_100m_AddSpatialJoin.bnour_src":" ","Transects_100m_AddSpatialJoin.armor":" ","Transects_100m_AddSpatialJoin.editor":" ","Transects_100m_AddSpatialJoin.edit_date":null,"Transects_100m_AddSpatialJoin.notes":" ","Transects_100m_AddSpatialJoin.hotspot":1,"Transects_100m_AddSpatialJoin.Shape_Length":10000}},{"type":"Feature","id":433,"geometry":{"type":"LineString","coordinates":[[460198.4523,3940962.3268999998],[450198.4523,3940962.3268999998]]},"properties":{"Transects_100m.OBJECTID":433,"Transects_100m.LineID":433,"Transects_100m.Shape_Length":10000,"Transects_100m_AddSpatialJoin.OBJECTID":433,"Transects_100m_AddSpatialJoin.Join_Count":1,"Transects_100m_AddSpatialJoin.TARGET_FID":433,"Transects_100m_AddSpatialJoin.Coords":3940745,"Transects_100m_AddSpatialJoin.domain_id":84,"Transects_100m_AddSpatialJoin.reach":" ","Transects_100m_AddSpatialJoin.z_mean":0,"Transects_100m_AddSpatialJoin.z_max":0,"Transects_100m_AddSpatialJoin.z_min":0,"Transects_100m_AddSpatialJoin.relief_m":0,"Transects_100m_AddSpatialJoin.slope_avg":0,"Transects_100m_AddSpatialJoin.road_z":0,"Transects_100m_AddSpatialJoin.shch_myr":0,"Transects_100m_AddSpatialJoin.eros_hot":"3 - Rodanthe 'S' Curves","Transects_100m_AddSpatialJoin.bnour":" ","Transects_100m_AddSpatialJoin.bnour_yr":0,"Transects_100m_AddSpatialJoin.bnour_src":" ","Transects_100m_AddSpatialJoin.armor":" ","Transects_100m_AddSpatialJoin.editor":" ","Transects_100m_AddSpatialJoin.edit_date":null,"Transects_100m_AddSpatialJoin.notes":" ","Transects_100m_AddSpatialJoin.hotspot":1,"Transects_100m_AddSpatialJoin.Shape_Length":10000}},{"type":"Feature","id":434,"geometry":{"type":"LineString","coordinates":[[460198.4523,3941062.3268999998],[450198.4523,3941062.3268999998]]},"properties":{"Transects_100m.OBJECTID":434,"Transects_100m.LineID":434,"Transects_100m.Shape_Length":10000,"Transects_100m_AddSpatialJoin.OBJECTID":434,"Transects_100m_AddSpatialJoin.Join_Count":1,"Transects_100m_AddSpatialJoin.TARGET_FID":434,"Transects_100m_AddSpatialJoin.Coords":3941246,"Transects_100m_AddSpatialJoin.domain_id":85,"Transects_100m_AddSpatialJoin.reach":" ","Transects_100m_AddSpatialJoin.z_mean":0,"Transects_100m_AddSpatialJoin.z_max":0,"Transects_100m_AddSpatialJoin.z_min":0,"Transects_100m_AddSpatialJoin.relief_m":0,"Transects_100m_AddSpatialJoin.slope_avg":0,"Transects_100m_AddSpatialJoin.road_z":0,"Transects_100m_AddSpatialJoin.shch_myr":0,"Transects_100m_AddSpatialJoin.eros_hot":"3 - Rodanthe 'S' Curves","Transects_100m_AddSpatialJoin.bnour":" ","Transects_100m_AddSpatialJoin.bnour_yr":0,"Transects_100m_AddSpatialJoin.bnour_src":" ","Transects_100m_AddSpatialJoin.armor":" ","Transects_100m_AddSpatialJoin.editor":" ","Transects_100m_AddSpatialJoin.edit_date":null,"Transects_100m_AddSpatialJoin.notes":" ","Transects_100m_AddSpatialJoin.hotspot":1,"Transects_100m_AddSpatialJoin.Shape_Length":10000}},{"type":"Feature","id":435,"geometry":{"type":"LineString","coordinates":[[460198.4523,3941162.3268999998],[450198.4523,3941162.3268999998]]},"properties":{"Transects_100m.OBJECTID":435,"Transects_100m.LineID":435,"Transects_100m.Shape_Length":10000,"Transects_100m_AddSpatialJoin.OBJECTID":435,"Transects_100m_AddSpatialJoin.Join_Count":1,"Transects_100m_AddSpatialJoin.TARGET_FID":435,"Transects_100m_AddSpatialJoin.Coords":3941246,"Transects_100m_AddSpatialJoin.domain_id":85,"Transects_100m_AddSpatialJoin.reach":" ","Transects_100m_AddSpatialJoin.z_mean":0,"Transects_100m_AddSpatialJoin.z_max":0,"Transects_100m_AddSpatialJoin.z_min":0,"Transects_100m_AddSpatialJoin.relief_m":0,"Transects_100m_AddSpatialJoin.slope_avg":0,"Transects_100m_AddSpatialJoin.road_z":0,"Transects_100m_AddSpatialJoin.shch_myr":0,"Transects_100m_AddSpatialJoin.eros_hot":"3 - Rodanthe 'S' Curves","Transects_100m_AddSpatialJoin.bnour":" ","Transects_100m_AddSpatialJoin.bnour_yr":0,"Transects_100m_AddSpatialJoin.bnour_src":" ","Transects_100m_AddSpatialJoin.armor":" ","Transects_100m_AddSpatialJoin.editor":" ","Transects_100m_AddSpatialJoin.edit_date":null,"Transects_100m_AddSpatialJoin.notes":" ","Transects_100m_AddSpatialJoin.hotspot":1,"Transects_100m_AddSpatialJoin.Shape_Length":10000}},{"type":"Feature","id":436,"geometry":{"type":"LineString","coordinates":[[460198.4523,3941262.3268999998],[450198.4523,3941262.3268999998]]},"properties":{"Transects_100m.OBJECTID":436,"Transects_100m.LineID":436,"Transects_100m.Shape_Length":10000,"Transects_100m_AddSpatialJoin.OBJECTID":436,"Transects_100m_AddSpatialJoin.Join_Count":1,"Transects_100m_AddSpatialJoin.TARGET_FID":436,"Transects_100m_AddSpatialJoin.Coords":3941246,"Transects_100m_AddSpatialJoin.domain_id":85,"Transects_100m_AddSpatialJoin.reach":" ","Transects_100m_AddSpatialJoin.z_mean":0,"Transects_100m_AddSpatialJoin.z_max":0,"Transects_100m_AddSpatialJoin.z_min":0,"Transects_100m_AddSpatialJoin.relief_m":0,"Transects_100m_AddSpatialJoin.slope_avg":0,"Transects_100m_AddSpatialJoin.road_z":0,"Transects_100m_AddSpatialJoin.shch_myr":0,"Transects_100m_AddSpatialJoin.eros_hot":"3 - Rodanthe 'S' Curves","Transects_100m_AddSpatialJoin.bnour":" ","Transects_100m_AddSpatialJoin.bnour_yr":0,"Transects_100m_AddSpatialJoin.bnour_src":" ","Transects_100m_AddSpatialJoin.armor":" ","Transects_100m_AddSpatialJoin.editor":" ","Transects_100m_AddSpatialJoin.edit_date":null,"Transects_100m_AddSpatialJoin.notes":" ","Transects_100m_AddSpatialJoin.hotspot":1,"Transects_100m_AddSpatialJoin.Shape_Length":10000}},{"type":"Feature","id":437,"geometry":{"type":"LineString","coordinates":[[460198.4523,3941362.3268999998],[450198.4523,3941362.3268999998]]},"properties":{"Transects_100m.OBJECTID":437,"Transects_100m.LineID":437,"Transects_100m.Shape_Length":10000,"Transects_100m_AddSpatialJoin.OBJECTID":437,"Transects_100m_AddSpatialJoin.Join_Count":1,"Transects_100m_AddSpatialJoin.TARGET_FID":437,"Transects_100m_AddSpatialJoin.Coords":3941246,"Transects_100m_AddSpatialJoin.domain_id":85,"Transects_100m_AddSpatialJoin.reach":" ","Transects_100m_AddSpatialJoin.z_mean":0,"Transects_100m_AddSpatialJoin.z_max":0,"Transects_100m_AddSpatialJoin.z_min":0,"Transects_100m_AddSpatialJoin.relief_m":0,"Transects_100m_AddSpatialJoin.slope_avg":0,"Transects_100m_AddSpatialJoin.road_z":0,"Transects_100m_AddSpatialJoin.shch_myr":0,"Transects_100m_AddSpatialJoin.eros_hot":"3 - Rodanthe 'S' Curves","Transects_100m_AddSpatialJoin.bnour":" ","Transects_100m_AddSpatialJoin.bnour_yr":0,"Transects_100m_AddSpatialJoin.bnour_src":" ","Transects_100m_AddSpatialJoin.armor":" ","Transects_100m_AddSpatialJoin.editor":" ","Transects_100m_AddSpatialJoin.edit_date":null,"Transects_100m_AddSpatialJoin.notes":" ","Transects_100m_AddSpatialJoin.hotspot":1,"Transects_100m_AddSpatialJoin.Shape_Length":10000}},{"type":"Feature","id":438,"geometry":{"type":"LineString","coordinates":[[460198.4523,3941462.3268999998],[450198.4523,3941462.3268999998]]},"properties":{"Transects_100m.OBJECTID":438,"Transects_100m.LineID":438,"Transects_100m.Shape_Length":10000,"Transects_100m_AddSpatialJoin.OBJECTID":438,"Transects_100m_AddSpatialJoin.Join_Count":1,"Transects_100m_AddSpatialJoin.TARGET_FID":438,"Transects_100m_AddSpatialJoin.Coords":3941246,"Transects_100m_AddSpatialJoin.domain_id":85,"Transects_100m_AddSpatialJoin.reach":" ","Transects_100m_AddSpatialJoin.z_mean":0,"Transects_100m_AddSpatialJoin.z_max":0,"Transects_100m_AddSpatialJoin.z_min":0,"Transects_100m_AddSpatialJoin.relief_m":0,"Transects_100m_AddSpatialJoin.slope_avg":0,"Transects_100m_AddSpatialJoin.road_z":0,"Transects_100m_AddSpatialJoin.shch_myr":0,"Transects_100m_AddSpatialJoin.eros_hot":"3 - Rodanthe 'S' Curves","Transects_100m_AddSpatialJoin.bnour":" ","Transects_100m_AddSpatialJoin.bnour_yr":0,"Transects_100m_AddSpatialJoin.bnour_src":" ","Transects_100m_AddSpatialJoin.armor":" ","Transects_100m_AddSpatialJoin.editor":" ","Transects_100m_AddSpatialJoin.edit_date":null,"Transects_100m_AddSpatialJoin.notes":" ","Transects_100m_AddSpatialJoin.hotspot":1,"Transects_100m_AddSpatialJoin.Shape_Length":10000}},{"type":"Feature","id":439,"geometry":{"type":"LineString","coordinates":[[460198.4523,3941562.3268999998],[450198.4523,3941562.3268999998]]},"properties":{"Transects_100m.OBJECTID":439,"Transects_100m.LineID":439,"Transects_100m.Shape_Length":10000,"Transects_100m_AddSpatialJoin.OBJECTID":439,"Transects_100m_AddSpatialJoin.Join_Count":1,"Transects_100m_AddSpatialJoin.TARGET_FID":439,"Transects_100m_AddSpatialJoin.Coords":3941748,"Transects_100m_AddSpatialJoin.domain_id":86,"Transects_100m_AddSpatialJoin.reach":" ","Transects_100m_AddSpatialJoin.z_mean":0,"Transects_100m_AddSpatialJoin.z_max":0,"Transects_100m_AddSpatialJoin.z_min":0,"Transects_100m_AddSpatialJoin.relief_m":0,"Transects_100m_AddSpatialJoin.slope_avg":0,"Transects_100m_AddSpatialJoin.road_z":0,"Transects_100m_AddSpatialJoin.shch_myr":0,"Transects_100m_AddSpatialJoin.eros_hot":"3 - Rodanthe 'S' Curves","Transects_100m_AddSpatialJoin.bnour":" ","Transects_100m_AddSpatialJoin.bnour_yr":0,"Transects_100m_AddSpatialJoin.bnour_src":" ","Transects_100m_AddSpatialJoin.armor":" ","Transects_100m_AddSpatialJoin.editor":" ","Transects_100m_AddSpatialJoin.edit_date":null,"Transects_100m_AddSpatialJoin.notes":" ","Transects_100m_AddSpatialJoin.hotspot":1,"Transects_100m_AddSpatialJoin.Shape_Length":10000}},{"type":"Feature","id":440,"geometry":{"type":"LineString","coordinates":[[460198.4523,3941662.3268999998],[450198.4523,3941662.3268999998]]},"properties":{"Transects_100m.OBJECTID":440,"Transects_100m.LineID":440,"Transects_100m.Shape_Length":10000,"Transects_100m_AddSpatialJoin.OBJECTID":440,"Transects_100m_AddSpatialJoin.Join_Count":1,"Transects_100m_AddSpatialJoin.TARGET_FID":440,"Transects_100m_AddSpatialJoin.Coords":3941748,"Transects_100m_AddSpatialJoin.domain_id":86,"Transects_100m_AddSpatialJoin.reach":" ","Transects_100m_AddSpatialJoin.z_mean":0,"Transects_100m_AddSpatialJoin.z_max":0,"Transects_100m_AddSpatialJoin.z_min":0,"Transects_100m_AddSpatialJoin.relief_m":0,"Transects_100m_AddSpatialJoin.slope_avg":0,"Transects_100m_AddSpatialJoin.road_z":0,"Transects_100m_AddSpatialJoin.shch_myr":0,"Transects_100m_AddSpatialJoin.eros_hot":"3 - Rodanthe 'S' Curves","Transects_100m_AddSpatialJoin.bnour":" ","Transects_100m_AddSpatialJoin.bnour_yr":0,"Transects_100m_AddSpatialJoin.bnour_src":" ","Transects_100m_AddSpatialJoin.armor":" ","Transects_100m_AddSpatialJoin.editor":" ","Transects_100m_AddSpatialJoin.edit_date":null,"Transects_100m_AddSpatialJoin.notes":" ","Transects_100m_AddSpatialJoin.hotspot":1,"Transects_100m_AddSpatialJoin.Shape_Length":10000}},{"type":"Feature","id":441,"geometry":{"type":"LineString","coordinates":[[460198.4523,3941762.3268999998],[450198.4523,3941762.3268999998]]},"properties":{"Transects_100m.OBJECTID":441,"Transects_100m.LineID":441,"Transects_100m.Shape_Length":10000,"Transects_100m_AddSpatialJoin.OBJECTID":441,"Transects_100m_AddSpatialJoin.Join_Count":1,"Transects_100m_AddSpatialJoin.TARGET_FID":441,"Transects_100m_AddSpatialJoin.Coords":3941748,"Transects_100m_AddSpatialJoin.domain_id":86,"Transects_100m_AddSpatialJoin.reach":" ","Transects_100m_AddSpatialJoin.z_mean":0,"Transects_100m_AddSpatialJoin.z_max":0,"Transects_100m_AddSpatialJoin.z_min":0,"Transects_100m_AddSpatialJoin.relief_m":0,"Transects_100m_AddSpatialJoin.slope_avg":0,"Transects_100m_AddSpatialJoin.road_z":0,"Transects_100m_AddSpatialJoin.shch_myr":0,"Transects_100m_AddSpatialJoin.eros_hot":"3 - Rodanthe 'S' Curves","Transects_100m_AddSpatialJoin.bnour":" ","Transects_100m_AddSpatialJoin.bnour_yr":0,"Transects_100m_AddSpatialJoin.bnour_src":" ","Transects_100m_AddSpatialJoin.armor":" ","Transects_100m_AddSpatialJoin.editor":" ","Transects_100m_AddSpatialJoin.edit_date":null,"Transects_100m_AddSpatialJoin.notes":" ","Transects_100m_AddSpatialJoin.hotspot":1,"Transects_100m_AddSpatialJoin.Shape_Length":10000}},{"type":"Feature","id":442,"geometry":{"type":"LineString","coordinates":[[460198.4523,3941862.3268999998],[450198.4523,3941862.3268999998]]},"properties":{"Transects_100m.OBJECTID":442,"Transects_100m.LineID":442,"Transects_100m.Shape_Length":10000,"Transects_100m_AddSpatialJoin.OBJECTID":442,"Transects_100m_AddSpatialJoin.Join_Count":1,"Transects_100m_AddSpatialJoin.TARGET_FID":442,"Transects_100m_AddSpatialJoin.Coords":3941748,"Transects_100m_AddSpatialJoin.domain_id":86,"Transects_100m_AddSpatialJoin.reach":" ","Transects_100m_AddSpatialJoin.z_mean":0,"Transects_100m_AddSpatialJoin.z_max":0,"Transects_100m_AddSpatialJoin.z_min":0,"Transects_100m_AddSpatialJoin.relief_m":0,"Transects_100m_AddSpatialJoin.slope_avg":0,"Transects_100m_AddSpatialJoin.road_z":0,"Transects_100m_AddSpatialJoin.shch_myr":0,"Transects_100m_AddSpatialJoin.eros_hot":"3 - Rodanthe 'S' Curves","Transects_100m_AddSpatialJoin.bnour":" ","Transects_100m_AddSpatialJoin.bnour_yr":0,"Transects_100m_AddSpatialJoin.bnour_src":" ","Transects_100m_AddSpatialJoin.armor":" ","Transects_100m_AddSpatialJoin.editor":" ","Transects_100m_AddSpatialJoin.edit_date":null,"Transects_100m_AddSpatialJoin.notes":" ","Transects_100m_AddSpatialJoin.hotspot":1,"Transects_100m_AddSpatialJoin.Shape_Length":10000}},{"type":"Feature","id":443,"geometry":{"type":"LineString","coordinates":[[460198.4523,3941962.3268999998],[450198.4523,3941962.3268999998]]},"properties":{"Transects_100m.OBJECTID":443,"Transects_100m.LineID":443,"Transects_100m.Shape_Length":10000,"Transects_100m_AddSpatialJoin.OBJECTID":443,"Transects_100m_AddSpatialJoin.Join_Count":1,"Transects_100m_AddSpatialJoin.TARGET_FID":443,"Transects_100m_AddSpatialJoin.Coords":3941748,"Transects_100m_AddSpatialJoin.domain_id":86,"Transects_100m_AddSpatialJoin.reach":" ","Transects_100m_AddSpatialJoin.z_mean":0,"Transects_100m_AddSpatialJoin.z_max":0,"Transects_100m_AddSpatialJoin.z_min":0,"Transects_100m_AddSpatialJoin.relief_m":0,"Transects_100m_AddSpatialJoin.slope_avg":0,"Transects_100m_AddSpatialJoin.road_z":0,"Transects_100m_AddSpatialJoin.shch_myr":0,"Transects_100m_AddSpatialJoin.eros_hot":"3 - Rodanthe 'S' Curves","Transects_100m_AddSpatialJoin.bnour":" ","Transects_100m_AddSpatialJoin.bnour_yr":0,"Transects_100m_AddSpatialJoin.bnour_src":" ","Transects_100m_AddSpatialJoin.armor":" ","Transects_100m_AddSpatialJoin.editor":" ","Transects_100m_AddSpatialJoin.edit_date":null,"Transects_100m_AddSpatialJoin.notes":" ","Transects_100m_AddSpatialJoin.hotspot":1,"Transects_100m_AddSpatialJoin.Shape_Length":10000}},{"type":"Feature","id":444,"geometry":{"type":"LineString","coordinates":[[460198.4523,3942062.3268999998],[450198.4523,3942062.3268999998]]},"properties":{"Transects_100m.OBJECTID":444,"Transects_100m.LineID":444,"Transects_100m.Shape_Length":10000,"Transects_100m_AddSpatialJoin.OBJECTID":444,"Transects_100m_AddSpatialJoin.Join_Count":1,"Transects_100m_AddSpatialJoin.TARGET_FID":444,"Transects_100m_AddSpatialJoin.Coords":3942250,"Transects_100m_AddSpatialJoin.domain_id":87,"Transects_100m_AddSpatialJoin.reach":" ","Transects_100m_AddSpatialJoin.z_mean":0,"Transects_100m_AddSpatialJoin.z_max":0,"Transects_100m_AddSpatialJoin.z_min":0,"Transects_100m_AddSpatialJoin.relief_m":0,"Transects_100m_AddSpatialJoin.slope_avg":0,"Transects_100m_AddSpatialJoin.road_z":0,"Transects_100m_AddSpatialJoin.shch_myr":0,"Transects_100m_AddSpatialJoin.eros_hot":"3 - Rodanthe 'S' Curves","Transects_100m_AddSpatialJoin.bnour":" ","Transects_100m_AddSpatialJoin.bnour_yr":0,"Transects_100m_AddSpatialJoin.bnour_src":" ","Transects_100m_AddSpatialJoin.armor":" ","Transects_100m_AddSpatialJoin.editor":" ","Transects_100m_AddSpatialJoin.edit_date":null,"Transects_100m_AddSpatialJoin.notes":" ","Transects_100m_AddSpatialJoin.hotspot":1,"Transects_100m_AddSpatialJoin.Shape_Length":10000}},{"type":"Feature","id":445,"geometry":{"type":"LineString","coordinates":[[460198.4523,3942162.3268999998],[450198.4523,3942162.3268999998]]},"properties":{"Transects_100m.OBJECTID":445,"Transects_100m.LineID":445,"Transects_100m.Shape_Length":10000,"Transects_100m_AddSpatialJoin.OBJECTID":445,"Transects_100m_AddSpatialJoin.Join_Count":1,"Transects_100m_AddSpatialJoin.TARGET_FID":445,"Transects_100m_AddSpatialJoin.Coords":3942250,"Transects_100m_AddSpatialJoin.domain_id":87,"Transects_100m_AddSpatialJoin.reach":" ","Transects_100m_AddSpatialJoin.z_mean":0,"Transects_100m_AddSpatialJoin.z_max":0,"Transects_100m_AddSpatialJoin.z_min":0,"Transects_100m_AddSpatialJoin.relief_m":0,"Transects_100m_AddSpatialJoin.slope_avg":0,"Transects_100m_AddSpatialJoin.road_z":0,"Transects_100m_AddSpatialJoin.shch_myr":0,"Transects_100m_AddSpatialJoin.eros_hot":"3 - Rodanthe 'S' Curves","Transects_100m_AddSpatialJoin.bnour":" ","Transects_100m_AddSpatialJoin.bnour_yr":0,"Transects_100m_AddSpatialJoin.bnour_src":" ","Transects_100m_AddSpatialJoin.armor":" ","Transects_100m_AddSpatialJoin.editor":" ","Transects_100m_AddSpatialJoin.edit_date":null,"Transects_100m_AddSpatialJoin.notes":" ","Transects_100m_AddSpatialJoin.hotspot":1,"Transects_100m_AddSpatialJoin.Shape_Length":10000}},{"type":"Feature","id":446,"geometry":{"type":"LineString","coordinates":[[460198.4523,3942262.3268999998],[450198.4523,3942262.3268999998]]},"properties":{"Transects_100m.OBJECTID":446,"Transects_100m.LineID":446,"Transects_100m.Shape_Length":10000,"Transects_100m_AddSpatialJoin.OBJECTID":446,"Transects_100m_AddSpatialJoin.Join_Count":1,"Transects_100m_AddSpatialJoin.TARGET_FID":446,"Transects_100m_AddSpatialJoin.Coords":3942250,"Transects_100m_AddSpatialJoin.domain_id":87,"Transects_100m_AddSpatialJoin.reach":" ","Transects_100m_AddSpatialJoin.z_mean":0,"Transects_100m_AddSpatialJoin.z_max":0,"Transects_100m_AddSpatialJoin.z_min":0,"Transects_100m_AddSpatialJoin.relief_m":0,"Transects_100m_AddSpatialJoin.slope_avg":0,"Transects_100m_AddSpatialJoin.road_z":0,"Transects_100m_AddSpatialJoin.shch_myr":0,"Transects_100m_AddSpatialJoin.eros_hot":"3 - Rodanthe 'S' Curves","Transects_100m_AddSpatialJoin.bnour":" ","Transects_100m_AddSpatialJoin.bnour_yr":0,"Transects_100m_AddSpatialJoin.bnour_src":" ","Transects_100m_AddSpatialJoin.armor":" ","Transects_100m_AddSpatialJoin.editor":" ","Transects_100m_AddSpatialJoin.edit_date":null,"Transects_100m_AddSpatialJoin.notes":" ","Transects_100m_AddSpatialJoin.hotspot":1,"Transects_100m_AddSpatialJoin.Shape_Length":10000}},{"type":"Feature","id":447,"geometry":{"type":"LineString","coordinates":[[460198.4523,3942362.3268999998],[450198.4523,3942362.3268999998]]},"properties":{"Transects_100m.OBJECTID":447,"Transects_100m.LineID":447,"Transects_100m.Shape_Length":10000,"Transects_100m_AddSpatialJoin.OBJECTID":447,"Transects_100m_AddSpatialJoin.Join_Count":1,"Transects_100m_AddSpatialJoin.TARGET_FID":447,"Transects_100m_AddSpatialJoin.Coords":3942250,"Transects_100m_AddSpatialJoin.domain_id":87,"Transects_100m_AddSpatialJoin.reach":" ","Transects_100m_AddSpatialJoin.z_mean":0,"Transects_100m_AddSpatialJoin.z_max":0,"Transects_100m_AddSpatialJoin.z_min":0,"Transects_100m_AddSpatialJoin.relief_m":0,"Transects_100m_AddSpatialJoin.slope_avg":0,"Transects_100m_AddSpatialJoin.road_z":0,"Transects_100m_AddSpatialJoin.shch_myr":0,"Transects_100m_AddSpatialJoin.eros_hot":"3 - Rodanthe 'S' Curves","Transects_100m_AddSpatialJoin.bnour":" ","Transects_100m_AddSpatialJoin.bnour_yr":0,"Transects_100m_AddSpatialJoin.bnour_src":" ","Transects_100m_AddSpatialJoin.armor":" ","Transects_100m_AddSpatialJoin.editor":" ","Transects_100m_AddSpatialJoin.edit_date":null,"Transects_100m_AddSpatialJoin.notes":" ","Transects_100m_AddSpatialJoin.hotspot":1,"Transects_100m_AddSpatialJoin.Shape_Length":10000}},{"type":"Feature","id":448,"geometry":{"type":"LineString","coordinates":[[460198.4523,3942462.3268999998],[450198.4523,3942462.3268999998]]},"properties":{"Transects_100m.OBJECTID":448,"Transects_100m.LineID":448,"Transects_100m.Shape_Length":10000,"Transects_100m_AddSpatialJoin.OBJECTID":448,"Transects_100m_AddSpatialJoin.Join_Count":1,"Transects_100m_AddSpatialJoin.TARGET_FID":448,"Transects_100m_AddSpatialJoin.Coords":3942250,"Transects_100m_AddSpatialJoin.domain_id":87,"Transects_100m_AddSpatialJoin.reach":" ","Transects_100m_AddSpatialJoin.z_mean":0,"Transects_100m_AddSpatialJoin.z_max":0,"Transects_100m_AddSpatialJoin.z_min":0,"Transects_100m_AddSpatialJoin.relief_m":0,"Transects_100m_AddSpatialJoin.slope_avg":0,"Transects_100m_AddSpatialJoin.road_z":0,"Transects_100m_AddSpatialJoin.shch_myr":0,"Transects_100m_AddSpatialJoin.eros_hot":"3 - Rodanthe 'S' Curves","Transects_100m_AddSpatialJoin.bnour":" ","Transects_100m_AddSpatialJoin.bnour_yr":0,"Transects_100m_AddSpatialJoin.bnour_src":" ","Transects_100m_AddSpatialJoin.armor":" ","Transects_100m_AddSpatialJoin.editor":" ","Transects_100m_AddSpatialJoin.edit_date":null,"Transects_100m_AddSpatialJoin.notes":" ","Transects_100m_AddSpatialJoin.hotspot":1,"Transects_100m_AddSpatialJoin.Shape_Length":10000}},{"type":"Feature","id":449,"geometry":{"type":"LineString","coordinates":[[460198.4523,3942562.3268999998],[450198.4523,3942562.3268999998]]},"properties":{"Transects_100m.OBJECTID":449,"Transects_100m.LineID":449,"Transects_100m.Shape_Length":10000,"Transects_100m_AddSpatialJoin.OBJECTID":449,"Transects_100m_AddSpatialJoin.Join_Count":1,"Transects_100m_AddSpatialJoin.TARGET_FID":449,"Transects_100m_AddSpatialJoin.Coords":3942752,"Transects_100m_AddSpatialJoin.domain_id":88,"Transects_100m_AddSpatialJoin.reach":" ","Transects_100m_AddSpatialJoin.z_mean":0,"Transects_100m_AddSpatialJoin.z_max":0,"Transects_100m_AddSpatialJoin.z_min":0,"Transects_100m_AddSpatialJoin.relief_m":0,"Transects_100m_AddSpatialJoin.slope_avg":0,"Transects_100m_AddSpatialJoin.road_z":0,"Transects_100m_AddSpatialJoin.shch_myr":0,"Transects_100m_AddSpatialJoin.eros_hot":"3 - Rodanthe 'S' Curves","Transects_100m_AddSpatialJoin.bnour":" ","Transects_100m_AddSpatialJoin.bnour_yr":0,"Transects_100m_AddSpatialJoin.bnour_src":" ","Transects_100m_AddSpatialJoin.armor":" ","Transects_100m_AddSpatialJoin.editor":" ","Transects_100m_AddSpatialJoin.edit_date":null,"Transects_100m_AddSpatialJoin.notes":" ","Transects_100m_AddSpatialJoin.hotspot":1,"Transects_100m_AddSpatialJoin.Shape_Length":10000}},{"type":"Feature","id":450,"geometry":{"type":"LineString","coordinates":[[460198.4523,3942662.3268999998],[450198.4523,3942662.3268999998]]},"properties":{"Transects_100m.OBJECTID":450,"Transects_100m.LineID":450,"Transects_100m.Shape_Length":10000,"Transects_100m_AddSpatialJoin.OBJECTID":450,"Transects_100m_AddSpatialJoin.Join_Count":1,"Transects_100m_AddSpatialJoin.TARGET_FID":450,"Transects_100m_AddSpatialJoin.Coords":3942752,"Transects_100m_AddSpatialJoin.domain_id":88,"Transects_100m_AddSpatialJoin.reach":" ","Transects_100m_AddSpatialJoin.z_mean":0,"Transects_100m_AddSpatialJoin.z_max":0,"Transects_100m_AddSpatialJoin.z_min":0,"Transects_100m_AddSpatialJoin.relief_m":0,"Transects_100m_AddSpatialJoin.slope_avg":0,"Transects_100m_AddSpatialJoin.road_z":0,"Transects_100m_AddSpatialJoin.shch_myr":0,"Transects_100m_AddSpatialJoin.eros_hot":"3 - Rodanthe 'S' Curves","Transects_100m_AddSpatialJoin.bnour":" ","Transects_100m_AddSpatialJoin.bnour_yr":0,"Transects_100m_AddSpatialJoin.bnour_src":" ","Transects_100m_AddSpatialJoin.armor":" ","Transects_100m_AddSpatialJoin.editor":" ","Transects_100m_AddSpatialJoin.edit_date":null,"Transects_100m_AddSpatialJoin.notes":" ","Transects_100m_AddSpatialJoin.hotspot":1,"Transects_100m_AddSpatialJoin.Shape_Length":10000}},{"type":"Feature","id":451,"geometry":{"type":"LineString","coordinates":[[460198.4523,3942762.3268999998],[450198.4523,3942762.3268999998]]},"properties":{"Transects_100m.OBJECTID":451,"Transects_100m.LineID":451,"Transects_100m.Shape_Length":10000,"Transects_100m_AddSpatialJoin.OBJECTID":451,"Transects_100m_AddSpatialJoin.Join_Count":1,"Transects_100m_AddSpatialJoin.TARGET_FID":451,"Transects_100m_AddSpatialJoin.Coords":3942752,"Transects_100m_AddSpatialJoin.domain_id":88,"Transects_100m_AddSpatialJoin.reach":" ","Transects_100m_AddSpatialJoin.z_mean":0,"Transects_100m_AddSpatialJoin.z_max":0,"Transects_100m_AddSpatialJoin.z_min":0,"Transects_100m_AddSpatialJoin.relief_m":0,"Transects_100m_AddSpatialJoin.slope_avg":0,"Transects_100m_AddSpatialJoin.road_z":0,"Transects_100m_AddSpatialJoin.shch_myr":0,"Transects_100m_AddSpatialJoin.eros_hot":"3 - Rodanthe 'S' Curves","Transects_100m_AddSpatialJoin.bnour":" ","Transects_100m_AddSpatialJoin.bnour_yr":0,"Transects_100m_AddSpatialJoin.bnour_src":" ","Transects_100m_AddSpatialJoin.armor":" ","Transects_100m_AddSpatialJoin.editor":" ","Transects_100m_AddSpatialJoin.edit_date":null,"Transects_100m_AddSpatialJoin.notes":" ","Transects_100m_AddSpatialJoin.hotspot":1,"Transects_100m_AddSpatialJoin.Shape_Length":10000}},{"type":"Feature","id":452,"geometry":{"type":"LineString","coordinates":[[460198.4523,3942862.3268999998],[450198.4523,3942862.3268999998]]},"properties":{"Transects_100m.OBJECTID":452,"Transects_100m.LineID":452,"Transects_100m.Shape_Length":10000,"Transects_100m_AddSpatialJoin.OBJECTID":452,"Transects_100m_AddSpatialJoin.Join_Count":1,"Transects_100m_AddSpatialJoin.TARGET_FID":452,"Transects_100m_AddSpatialJoin.Coords":3942752,"Transects_100m_AddSpatialJoin.domain_id":88,"Transects_100m_AddSpatialJoin.reach":" ","Transects_100m_AddSpatialJoin.z_mean":0,"Transects_100m_AddSpatialJoin.z_max":0,"Transects_100m_AddSpatialJoin.z_min":0,"Transects_100m_AddSpatialJoin.relief_m":0,"Transects_100m_AddSpatialJoin.slope_avg":0,"Transects_100m_AddSpatialJoin.road_z":0,"Transects_100m_AddSpatialJoin.shch_myr":0,"Transects_100m_AddSpatialJoin.eros_hot":"3 - Rodanthe 'S' Curves","Transects_100m_AddSpatialJoin.bnour":" ","Transects_100m_AddSpatialJoin.bnour_yr":0,"Transects_100m_AddSpatialJoin.bnour_src":" ","Transects_100m_AddSpatialJoin.armor":" ","Transects_100m_AddSpatialJoin.editor":" ","Transects_100m_AddSpatialJoin.edit_date":null,"Transects_100m_AddSpatialJoin.notes":" ","Transects_100m_AddSpatialJoin.hotspot":1,"Transects_100m_AddSpatialJoin.Shape_Length":10000}},{"type":"Feature","id":453,"geometry":{"type":"LineString","coordinates":[[460198.4523,3942962.3268999998],[450198.4523,3942962.3268999998]]},"properties":{"Transects_100m.OBJECTID":453,"Transects_100m.LineID":453,"Transects_100m.Shape_Length":10000,"Transects_100m_AddSpatialJoin.OBJECTID":453,"Transects_100m_AddSpatialJoin.Join_Count":1,"Transects_100m_AddSpatialJoin.TARGET_FID":453,"Transects_100m_AddSpatialJoin.Coords":3942752,"Transects_100m_AddSpatialJoin.domain_id":88,"Transects_100m_AddSpatialJoin.reach":" ","Transects_100m_AddSpatialJoin.z_mean":0,"Transects_100m_AddSpatialJoin.z_max":0,"Transects_100m_AddSpatialJoin.z_min":0,"Transects_100m_AddSpatialJoin.relief_m":0,"Transects_100m_AddSpatialJoin.slope_avg":0,"Transects_100m_AddSpatialJoin.road_z":0,"Transects_100m_AddSpatialJoin.shch_myr":0,"Transects_100m_AddSpatialJoin.eros_hot":"3 - Rodanthe 'S' Curves","Transects_100m_AddSpatialJoin.bnour":" ","Transects_100m_AddSpatialJoin.bnour_yr":0,"Transects_100m_AddSpatialJoin.bnour_src":" ","Transects_100m_AddSpatialJoin.armor":" ","Transects_100m_AddSpatialJoin.editor":" ","Transects_100m_AddSpatialJoin.edit_date":null,"Transects_100m_AddSpatialJoin.notes":" ","Transects_100m_AddSpatialJoin.hotspot":1,"Transects_100m_AddSpatialJoin.Shape_Length":10000}},{"type":"Feature","id":454,"geometry":{"type":"LineString","coordinates":[[460198.4523,3943062.3268999998],[450198.4523,3943062.3268999998]]},"properties":{"Transects_100m.OBJECTID":454,"Transects_100m.LineID":454,"Transects_100m.Shape_Length":10000,"Transects_100m_AddSpatialJoin.OBJECTID":454,"Transects_100m_AddSpatialJoin.Join_Count":1,"Transects_100m_AddSpatialJoin.TARGET_FID":454,"Transects_100m_AddSpatialJoin.Coords":3943255,"Transects_100m_AddSpatialJoin.domain_id":89,"Transects_100m_AddSpatialJoin.reach":"","Transects_100m_AddSpatialJoin.z_mean":0,"Transects_100m_AddSpatialJoin.z_max":0,"Transects_100m_AddSpatialJoin.z_min":0,"Transects_100m_AddSpatialJoin.relief_m":0,"Transects_100m_AddSpatialJoin.slope_avg":0,"Transects_100m_AddSpatialJoin.road_z":0,"Transects_100m_AddSpatialJoin.shch_myr":0,"Transects_100m_AddSpatialJoin.eros_hot":"","Transects_100m_AddSpatialJoin.bnour":"","Transects_100m_AddSpatialJoin.bnour_yr":0,"Transects_100m_AddSpatialJoin.bnour_src":"","Transects_100m_AddSpatialJoin.armor":"","Transects_100m_AddSpatialJoin.editor":"","Transects_100m_AddSpatialJoin.edit_date":null,"Transects_100m_AddSpatialJoin.notes":"","Transects_100m_AddSpatialJoin.hotspot":0,"Transects_100m_AddSpatialJoin.Shape_Length":10000}},{"type":"Feature","id":455,"geometry":{"type":"LineString","coordinates":[[460198.4523,3943162.3268999998],[450198.4523,3943162.3268999998]]},"properties":{"Transects_100m.OBJECTID":455,"Transects_100m.LineID":455,"Transects_100m.Shape_Length":10000,"Transects_100m_AddSpatialJoin.OBJECTID":455,"Transects_100m_AddSpatialJoin.Join_Count":1,"Transects_100m_AddSpatialJoin.TARGET_FID":455,"Transects_100m_AddSpatialJoin.Coords":3943255,"Transects_100m_AddSpatialJoin.domain_id":89,"Transects_100m_AddSpatialJoin.reach":"","Transects_100m_AddSpatialJoin.z_mean":0,"Transects_100m_AddSpatialJoin.z_max":0,"Transects_100m_AddSpatialJoin.z_min":0,"Transects_100m_AddSpatialJoin.relief_m":0,"Transects_100m_AddSpatialJoin.slope_avg":0,"Transects_100m_AddSpatialJoin.road_z":0,"Transects_100m_AddSpatialJoin.shch_myr":0,"Transects_100m_AddSpatialJoin.eros_hot":"","Transects_100m_AddSpatialJoin.bnour":"","Transects_100m_AddSpatialJoin.bnour_yr":0,"Transects_100m_AddSpatialJoin.bnour_src":"","Transects_100m_AddSpatialJoin.armor":"","Transects_100m_AddSpatialJoin.editor":"","Transects_100m_AddSpatialJoin.edit_date":null,"Transects_100m_AddSpatialJoin.notes":"","Transects_100m_AddSpatialJoin.hotspot":0,"Transects_100m_AddSpatialJoin.Shape_Length":10000}},{"type":"Feature","id":456,"geometry":{"type":"LineString","coordinates":[[460198.4523,3943262.3268999998],[450198.4523,3943262.3268999998]]},"properties":{"Transects_100m.OBJECTID":456,"Transects_100m.LineID":456,"Transects_100m.Shape_Length":10000,"Transects_100m_AddSpatialJoin.OBJECTID":456,"Transects_100m_AddSpatialJoin.Join_Count":1,"Transects_100m_AddSpatialJoin.TARGET_FID":456,"Transects_100m_AddSpatialJoin.Coords":3943255,"Transects_100m_AddSpatialJoin.domain_id":89,"Transects_100m_AddSpatialJoin.reach":"","Transects_100m_AddSpatialJoin.z_mean":0,"Transects_100m_AddSpatialJoin.z_max":0,"Transects_100m_AddSpatialJoin.z_min":0,"Transects_100m_AddSpatialJoin.relief_m":0,"Transects_100m_AddSpatialJoin.slope_avg":0,"Transects_100m_AddSpatialJoin.road_z":0,"Transects_100m_AddSpatialJoin.shch_myr":0,"Transects_100m_AddSpatialJoin.eros_hot":"","Transects_100m_AddSpatialJoin.bnour":"","Transects_100m_AddSpatialJoin.bnour_yr":0,"Transects_100m_AddSpatialJoin.bnour_src":"","Transects_100m_AddSpatialJoin.armor":"","Transects_100m_AddSpatialJoin.editor":"","Transects_100m_AddSpatialJoin.edit_date":null,"Transects_100m_AddSpatialJoin.notes":"","Transects_100m_AddSpatialJoin.hotspot":0,"Transects_100m_AddSpatialJoin.Shape_Length":10000}},{"type":"Feature","id":457,"geometry":{"type":"LineString","coordinates":[[460198.4523,3943362.3268999998],[450198.4523,3943362.3268999998]]},"properties":{"Transects_100m.OBJECTID":457,"Transects_100m.LineID":457,"Transects_100m.Shape_Length":10000,"Transects_100m_AddSpatialJoin.OBJECTID":457,"Transects_100m_AddSpatialJoin.Join_Count":1,"Transects_100m_AddSpatialJoin.TARGET_FID":457,"Transects_100m_AddSpatialJoin.Coords":3943255,"Transects_100m_AddSpatialJoin.domain_id":89,"Transects_100m_AddSpatialJoin.reach":"","Transects_100m_AddSpatialJoin.z_mean":0,"Transects_100m_AddSpatialJoin.z_max":0,"Transects_100m_AddSpatialJoin.z_min":0,"Transects_100m_AddSpatialJoin.relief_m":0,"Transects_100m_AddSpatialJoin.slope_avg":0,"Transects_100m_AddSpatialJoin.road_z":0,"Transects_100m_AddSpatialJoin.shch_myr":0,"Transects_100m_AddSpatialJoin.eros_hot":"","Transects_100m_AddSpatialJoin.bnour":"","Transects_100m_AddSpatialJoin.bnour_yr":0,"Transects_100m_AddSpatialJoin.bnour_src":"","Transects_100m_AddSpatialJoin.armor":"","Transects_100m_AddSpatialJoin.editor":"","Transects_100m_AddSpatialJoin.edit_date":null,"Transects_100m_AddSpatialJoin.notes":"","Transects_100m_AddSpatialJoin.hotspot":0,"Transects_100m_AddSpatialJoin.Shape_Length":10000}},{"type":"Feature","id":458,"geometry":{"type":"LineString","coordinates":[[460198.4523,3943462.3268999998],[450198.4523,3943462.3268999998]]},"properties":{"Transects_100m.OBJECTID":458,"Transects_100m.LineID":458,"Transects_100m.Shape_Length":10000,"Transects_100m_AddSpatialJoin.OBJECTID":458,"Transects_100m_AddSpatialJoin.Join_Count":1,"Transects_100m_AddSpatialJoin.TARGET_FID":458,"Transects_100m_AddSpatialJoin.Coords":3943255,"Transects_100m_AddSpatialJoin.domain_id":89,"Transects_100m_AddSpatialJoin.reach":"","Transects_100m_AddSpatialJoin.z_mean":0,"Transects_100m_AddSpatialJoin.z_max":0,"Transects_100m_AddSpatialJoin.z_min":0,"Transects_100m_AddSpatialJoin.relief_m":0,"Transects_100m_AddSpatialJoin.slope_avg":0,"Transects_100m_AddSpatialJoin.road_z":0,"Transects_100m_AddSpatialJoin.shch_myr":0,"Transects_100m_AddSpatialJoin.eros_hot":"","Transects_100m_AddSpatialJoin.bnour":"","Transects_100m_AddSpatialJoin.bnour_yr":0,"Transects_100m_AddSpatialJoin.bnour_src":"","Transects_100m_AddSpatialJoin.armor":"","Transects_100m_AddSpatialJoin.editor":"","Transects_100m_AddSpatialJoin.edit_date":null,"Transects_100m_AddSpatialJoin.notes":"","Transects_100m_AddSpatialJoin.hotspot":0,"Transects_100m_AddSpatialJoin.Shape_Length":10000}},{"type":"Feature","id":459,"geometry":{"type":"LineString","coordinates":[[460198.4523,3943562.3268999998],[450198.4523,3943562.3268999998]]},"properties":{"Transects_100m.OBJECTID":459,"Transects_100m.LineID":459,"Transects_100m.Shape_Length":10000,"Transects_100m_AddSpatialJoin.OBJECTID":459,"Transects_100m_AddSpatialJoin.Join_Count":1,"Transects_100m_AddSpatialJoin.TARGET_FID":459,"Transects_100m_AddSpatialJoin.Coords":3943757,"Transects_100m_AddSpatialJoin.domain_id":90,"Transects_100m_AddSpatialJoin.reach":" ","Transects_100m_AddSpatialJoin.z_mean":0,"Transects_100m_AddSpatialJoin.z_max":0,"Transects_100m_AddSpatialJoin.z_min":0,"Transects_100m_AddSpatialJoin.relief_m":0,"Transects_100m_AddSpatialJoin.slope_avg":0,"Transects_100m_AddSpatialJoin.road_z":0,"Transects_100m_AddSpatialJoin.shch_myr":0,"Transects_100m_AddSpatialJoin.eros_hot":" ","Transects_100m_AddSpatialJoin.bnour":" ","Transects_100m_AddSpatialJoin.bnour_yr":0,"Transects_100m_AddSpatialJoin.bnour_src":" ","Transects_100m_AddSpatialJoin.armor":" ","Transects_100m_AddSpatialJoin.editor":" ","Transects_100m_AddSpatialJoin.edit_date":null,"Transects_100m_AddSpatialJoin.notes":"Hannah last domain","Transects_100m_AddSpatialJoin.hotspot":0,"Transects_100m_AddSpatialJoin.Shape_Length":10000}},{"type":"Feature","id":460,"geometry":{"type":"LineString","coordinates":[[460198.4523,3943662.3268999998],[450198.4523,3943662.3268999998]]},"properties":{"Transects_100m.OBJECTID":460,"Transects_100m.LineID":460,"Transects_100m.Shape_Length":10000,"Transects_100m_AddSpatialJoin.OBJECTID":460,"Transects_100m_AddSpatialJoin.Join_Count":1,"Transects_100m_AddSpatialJoin.TARGET_FID":460,"Transects_100m_AddSpatialJoin.Coords":3943757,"Transects_100m_AddSpatialJoin.domain_id":90,"Transects_100m_AddSpatialJoin.reach":" ","Transects_100m_AddSpatialJoin.z_mean":0,"Transects_100m_AddSpatialJoin.z_max":0,"Transects_100m_AddSpatialJoin.z_min":0,"Transects_100m_AddSpatialJoin.relief_m":0,"Transects_100m_AddSpatialJoin.slope_avg":0,"Transects_100m_AddSpatialJoin.road_z":0,"Transects_100m_AddSpatialJoin.shch_myr":0,"Transects_100m_AddSpatialJoin.eros_hot":" ","Transects_100m_AddSpatialJoin.bnour":" ","Transects_100m_AddSpatialJoin.bnour_yr":0,"Transects_100m_AddSpatialJoin.bnour_src":" ","Transects_100m_AddSpatialJoin.armor":" ","Transects_100m_AddSpatialJoin.editor":" ","Transects_100m_AddSpatialJoin.edit_date":null,"Transects_100m_AddSpatialJoin.notes":"Hannah last domain","Transects_100m_AddSpatialJoin.hotspot":0,"Transects_100m_AddSpatialJoin.Shape_Length":10000}},{"type":"Feature","id":461,"geometry":{"type":"LineString","coordinates":[[460198.4523,3943762.3268999998],[450198.4523,3943762.3268999998]]},"properties":{"Transects_100m.OBJECTID":461,"Transects_100m.LineID":461,"Transects_100m.Shape_Length":10000,"Transects_100m_AddSpatialJoin.OBJECTID":461,"Transects_100m_AddSpatialJoin.Join_Count":1,"Transects_100m_AddSpatialJoin.TARGET_FID":461,"Transects_100m_AddSpatialJoin.Coords":3943757,"Transects_100m_AddSpatialJoin.domain_id":90,"Transects_100m_AddSpatialJoin.reach":" ","Transects_100m_AddSpatialJoin.z_mean":0,"Transects_100m_AddSpatialJoin.z_max":0,"Transects_100m_AddSpatialJoin.z_min":0,"Transects_100m_AddSpatialJoin.relief_m":0,"Transects_100m_AddSpatialJoin.slope_avg":0,"Transects_100m_AddSpatialJoin.road_z":0,"Transects_100m_AddSpatialJoin.shch_myr":0,"Transects_100m_AddSpatialJoin.eros_hot":" ","Transects_100m_AddSpatialJoin.bnour":" ","Transects_100m_AddSpatialJoin.bnour_yr":0,"Transects_100m_AddSpatialJoin.bnour_src":" ","Transects_100m_AddSpatialJoin.armor":" ","Transects_100m_AddSpatialJoin.editor":" ","Transects_100m_AddSpatialJoin.edit_date":null,"Transects_100m_AddSpatialJoin.notes":"Hannah last domain","Transects_100m_AddSpatialJoin.hotspot":0,"Transects_100m_AddSpatialJoin.Shape_Length":10000}},{"type":"Feature","id":462,"geometry":{"type":"LineString","coordinates":[[460198.4523,3943862.3268999998],[450198.4523,3943862.3268999998]]},"properties":{"Transects_100m.OBJECTID":462,"Transects_100m.LineID":462,"Transects_100m.Shape_Length":10000,"Transects_100m_AddSpatialJoin.OBJECTID":462,"Transects_100m_AddSpatialJoin.Join_Count":1,"Transects_100m_AddSpatialJoin.TARGET_FID":462,"Transects_100m_AddSpatialJoin.Coords":3943757,"Transects_100m_AddSpatialJoin.domain_id":90,"Transects_100m_AddSpatialJoin.reach":" ","Transects_100m_AddSpatialJoin.z_mean":0,"Transects_100m_AddSpatialJoin.z_max":0,"Transects_100m_AddSpatialJoin.z_min":0,"Transects_100m_AddSpatialJoin.relief_m":0,"Transects_100m_AddSpatialJoin.slope_avg":0,"Transects_100m_AddSpatialJoin.road_z":0,"Transects_100m_AddSpatialJoin.shch_myr":0,"Transects_100m_AddSpatialJoin.eros_hot":" ","Transects_100m_AddSpatialJoin.bnour":" ","Transects_100m_AddSpatialJoin.bnour_yr":0,"Transects_100m_AddSpatialJoin.bnour_src":" ","Transects_100m_AddSpatialJoin.armor":" ","Transects_100m_AddSpatialJoin.editor":" ","Transects_100m_AddSpatialJoin.edit_date":null,"Transects_100m_AddSpatialJoin.notes":"Hannah last domain","Transects_100m_AddSpatialJoin.hotspot":0,"Transects_100m_AddSpatialJoin.Shape_Length":10000}},{"type":"Feature","id":463,"geometry":{"type":"LineString","coordinates":[[460198.45229800045,3943962.3268999998],[450198.45229800045,3943962.3268999998]]},"properties":{"Transects_100m.OBJECTID":463,"Transects_100m.LineID":463,"Transects_100m.Shape_Length":10000,"Transects_100m_AddSpatialJoin.OBJECTID":463,"Transects_100m_AddSpatialJoin.Join_Count":1,"Transects_100m_AddSpatialJoin.TARGET_FID":463,"Transects_100m_AddSpatialJoin.Coords":3943757,"Transects_100m_AddSpatialJoin.domain_id":90,"Transects_100m_AddSpatialJoin.reach":" ","Transects_100m_AddSpatialJoin.z_mean":0,"Transects_100m_AddSpatialJoin.z_max":0,"Transects_100m_AddSpatialJoin.z_min":0,"Transects_100m_AddSpatialJoin.relief_m":0,"Transects_100m_AddSpatialJoin.slope_avg":0,"Transects_100m_AddSpatialJoin.road_z":0,"Transects_100m_AddSpatialJoin.shch_myr":0,"Transects_100m_AddSpatialJoin.eros_hot":" ","Transects_100m_AddSpatialJoin.bnour":" ","Transects_100m_AddSpatialJoin.bnour_yr":0,"Transects_100m_AddSpatialJoin.bnour_src":" ","Transects_100m_AddSpatialJoin.armor":" ","Transects_100m_AddSpatialJoin.editor":" ","Transects_100m_AddSpatialJoin.edit_date":null,"Transects_100m_AddSpatialJoin.notes":"Hannah last domain","Transects_100m_AddSpatialJoin.hotspot":0,"Transects_100m_AddSpatialJoin.Shape_Length":10000}},{"type":"Feature","id":464,"geometry":{"type":"LineString","coordinates":[[460198.45229599997,3944062.3268999998],[450198.45229599997,3944062.3268999998]]},"properties":{"Transects_100m.OBJECTID":464,"Transects_100m.LineID":464,"Transects_100m.Shape_Length":10000,"Transects_100m_AddSpatialJoin.OBJECTID":464,"Transects_100m_AddSpatialJoin.Join_Count":0,"Transects_100m_AddSpatialJoin.TARGET_FID":464,"Transects_100m_AddSpatialJoin.Coords":null,"Transects_100m_AddSpatialJoin.domain_id":null,"Transects_100m_AddSpatialJoin.reach":null,"Transects_100m_AddSpatialJoin.z_mean":null,"Transects_100m_AddSpatialJoin.z_max":null,"Transects_100m_AddSpatialJoin.z_min":null,"Transects_100m_AddSpatialJoin.relief_m":null,"Transects_100m_AddSpatialJoin.slope_avg":null,"Transects_100m_AddSpatialJoin.road_z":null,"Transects_100m_AddSpatialJoin.shch_myr":null,"Transects_100m_AddSpatialJoin.eros_hot":null,"Transects_100m_AddSpatialJoin.bnour":null,"Transects_100m_AddSpatialJoin.bnour_yr":null,"Transects_100m_AddSpatialJoin.bnour_src":null,"Transects_100m_AddSpatialJoin.armor":null,"Transects_100m_AddSpatialJoin.editor":null,"Transects_100m_AddSpatialJoin.edit_date":null,"Transects_100m_AddSpatialJoin.notes":null,"Transects_100m_AddSpatialJoin.hotspot":null,"Transects_100m_AddSpatialJoin.Shape_Length":10000}},{"type":"Feature","id":465,"geometry":{"type":"LineString","coordinates":[[460198.45229400042,3944162.3268999998],[450198.45229400042,3944162.3268999998]]},"properties":{"Transects_100m.OBJECTID":465,"Transects_100m.LineID":465,"Transects_100m.Shape_Length":10000,"Transects_100m_AddSpatialJoin.OBJECTID":465,"Transects_100m_AddSpatialJoin.Join_Count":0,"Transects_100m_AddSpatialJoin.TARGET_FID":465,"Transects_100m_AddSpatialJoin.Coords":null,"Transects_100m_AddSpatialJoin.domain_id":null,"Transects_100m_AddSpatialJoin.reach":null,"Transects_100m_AddSpatialJoin.z_mean":null,"Transects_100m_AddSpatialJoin.z_max":null,"Transects_100m_AddSpatialJoin.z_min":null,"Transects_100m_AddSpatialJoin.relief_m":null,"Transects_100m_AddSpatialJoin.slope_avg":null,"Transects_100m_AddSpatialJoin.road_z":null,"Transects_100m_AddSpatialJoin.shch_myr":null,"Transects_100m_AddSpatialJoin.eros_hot":null,"Transects_100m_AddSpatialJoin.bnour":null,"Transects_100m_AddSpatialJoin.bnour_yr":null,"Transects_100m_AddSpatialJoin.bnour_src":null,"Transects_100m_AddSpatialJoin.armor":null,"Transects_100m_AddSpatialJoin.editor":null,"Transects_100m_AddSpatialJoin.edit_date":null,"Transects_100m_AddSpatialJoin.notes":null,"Transects_100m_AddSpatialJoin.hotspot":null,"Transects_100m_AddSpatialJoin.Shape_Length":10000}},{"type":"Feature","id":466,"geometry":{"type":"LineString","coordinates":[[460198.45229300018,3944262.3268999998],[450198.45229300018,3944262.3268999998]]},"properties":{"Transects_100m.OBJECTID":466,"Transects_100m.LineID":466,"Transects_100m.Shape_Length":10000,"Transects_100m_AddSpatialJoin.OBJECTID":466,"Transects_100m_AddSpatialJoin.Join_Count":0,"Transects_100m_AddSpatialJoin.TARGET_FID":466,"Transects_100m_AddSpatialJoin.Coords":null,"Transects_100m_AddSpatialJoin.domain_id":null,"Transects_100m_AddSpatialJoin.reach":null,"Transects_100m_AddSpatialJoin.z_mean":null,"Transects_100m_AddSpatialJoin.z_max":null,"Transects_100m_AddSpatialJoin.z_min":null,"Transects_100m_AddSpatialJoin.relief_m":null,"Transects_100m_AddSpatialJoin.slope_avg":null,"Transects_100m_AddSpatialJoin.road_z":null,"Transects_100m_AddSpatialJoin.shch_myr":null,"Transects_100m_AddSpatialJoin.eros_hot":null,"Transects_100m_AddSpatialJoin.bnour":null,"Transects_100m_AddSpatialJoin.bnour_yr":null,"Transects_100m_AddSpatialJoin.bnour_src":null,"Transects_100m_AddSpatialJoin.armor":null,"Transects_100m_AddSpatialJoin.editor":null,"Transects_100m_AddSpatialJoin.edit_date":null,"Transects_100m_AddSpatialJoin.notes":null,"Transects_100m_AddSpatialJoin.hotspot":null,"Transects_100m_AddSpatialJoin.Shape_Length":10000}},{"type":"Feature","id":467,"geometry":{"type":"LineString","coordinates":[[460198.4522909997,3944362.3268999998],[450198.4522909997,3944362.3268999998]]},"properties":{"Transects_100m.OBJECTID":467,"Transects_100m.LineID":467,"Transects_100m.Shape_Length":10000,"Transects_100m_AddSpatialJoin.OBJECTID":467,"Transects_100m_AddSpatialJoin.Join_Count":0,"Transects_100m_AddSpatialJoin.TARGET_FID":467,"Transects_100m_AddSpatialJoin.Coords":null,"Transects_100m_AddSpatialJoin.domain_id":null,"Transects_100m_AddSpatialJoin.reach":null,"Transects_100m_AddSpatialJoin.z_mean":null,"Transects_100m_AddSpatialJoin.z_max":null,"Transects_100m_AddSpatialJoin.z_min":null,"Transects_100m_AddSpatialJoin.relief_m":null,"Transects_100m_AddSpatialJoin.slope_avg":null,"Transects_100m_AddSpatialJoin.road_z":null,"Transects_100m_AddSpatialJoin.shch_myr":null,"Transects_100m_AddSpatialJoin.eros_hot":null,"Transects_100m_AddSpatialJoin.bnour":null,"Transects_100m_AddSpatialJoin.bnour_yr":null,"Transects_100m_AddSpatialJoin.bnour_src":null,"Transects_100m_AddSpatialJoin.armor":null,"Transects_100m_AddSpatialJoin.editor":null,"Transects_100m_AddSpatialJoin.edit_date":null,"Transects_100m_AddSpatialJoin.notes":null,"Transects_100m_AddSpatialJoin.hotspot":null,"Transects_100m_AddSpatialJoin.Shape_Length":10000}},{"type":"Feature","id":468,"geometry":{"type":"LineString","coordinates":[[460198.45228900015,3944462.3268999998],[450198.45228900015,3944462.3268999998]]},"properties":{"Transects_100m.OBJECTID":468,"Transects_100m.LineID":468,"Transects_100m.Shape_Length":10000,"Transects_100m_AddSpatialJoin.OBJECTID":468,"Transects_100m_AddSpatialJoin.Join_Count":0,"Transects_100m_AddSpatialJoin.TARGET_FID":468,"Transects_100m_AddSpatialJoin.Coords":null,"Transects_100m_AddSpatialJoin.domain_id":null,"Transects_100m_AddSpatialJoin.reach":null,"Transects_100m_AddSpatialJoin.z_mean":null,"Transects_100m_AddSpatialJoin.z_max":null,"Transects_100m_AddSpatialJoin.z_min":null,"Transects_100m_AddSpatialJoin.relief_m":null,"Transects_100m_AddSpatialJoin.slope_avg":null,"Transects_100m_AddSpatialJoin.road_z":null,"Transects_100m_AddSpatialJoin.shch_myr":null,"Transects_100m_AddSpatialJoin.eros_hot":null,"Transects_100m_AddSpatialJoin.bnour":null,"Transects_100m_AddSpatialJoin.bnour_yr":null,"Transects_100m_AddSpatialJoin.bnour_src":null,"Transects_100m_AddSpatialJoin.armor":null,"Transects_100m_AddSpatialJoin.editor":null,"Transects_100m_AddSpatialJoin.edit_date":null,"Transects_100m_AddSpatialJoin.notes":null,"Transects_100m_AddSpatialJoin.hotspot":null,"Transects_100m_AddSpatialJoin.Shape_Length":10000}},{"type":"Feature","id":469,"geometry":{"type":"LineString","coordinates":[[460198.45228699967,3944562.3268999998],[450198.45228699967,3944562.3268999998]]},"properties":{"Transects_100m.OBJECTID":469,"Transects_100m.LineID":469,"Transects_100m.Shape_Length":10000,"Transects_100m_AddSpatialJoin.OBJECTID":469,"Transects_100m_AddSpatialJoin.Join_Count":0,"Transects_100m_AddSpatialJoin.TARGET_FID":469,"Transects_100m_AddSpatialJoin.Coords":null,"Transects_100m_AddSpatialJoin.domain_id":null,"Transects_100m_AddSpatialJoin.reach":null,"Transects_100m_AddSpatialJoin.z_mean":null,"Transects_100m_AddSpatialJoin.z_max":null,"Transects_100m_AddSpatialJoin.z_min":null,"Transects_100m_AddSpatialJoin.relief_m":null,"Transects_100m_AddSpatialJoin.slope_avg":null,"Transects_100m_AddSpatialJoin.road_z":null,"Transects_100m_AddSpatialJoin.shch_myr":null,"Transects_100m_AddSpatialJoin.eros_hot":null,"Transects_100m_AddSpatialJoin.bnour":null,"Transects_100m_AddSpatialJoin.bnour_yr":null,"Transects_100m_AddSpatialJoin.bnour_src":null,"Transects_100m_AddSpatialJoin.armor":null,"Transects_100m_AddSpatialJoin.editor":null,"Transects_100m_AddSpatialJoin.edit_date":null,"Transects_100m_AddSpatialJoin.notes":null,"Transects_100m_AddSpatialJoin.hotspot":null,"Transects_100m_AddSpatialJoin.Shape_Length":10000}},{"type":"Feature","id":470,"geometry":{"type":"LineString","coordinates":[[460198.45228500012,3944662.3268999998],[450198.45228500012,3944662.3268999998]]},"properties":{"Transects_100m.OBJECTID":470,"Transects_100m.LineID":470,"Transects_100m.Shape_Length":10000,"Transects_100m_AddSpatialJoin.OBJECTID":470,"Transects_100m_AddSpatialJoin.Join_Count":0,"Transects_100m_AddSpatialJoin.TARGET_FID":470,"Transects_100m_AddSpatialJoin.Coords":null,"Transects_100m_AddSpatialJoin.domain_id":null,"Transects_100m_AddSpatialJoin.reach":null,"Transects_100m_AddSpatialJoin.z_mean":null,"Transects_100m_AddSpatialJoin.z_max":null,"Transects_100m_AddSpatialJoin.z_min":null,"Transects_100m_AddSpatialJoin.relief_m":null,"Transects_100m_AddSpatialJoin.slope_avg":null,"Transects_100m_AddSpatialJoin.road_z":null,"Transects_100m_AddSpatialJoin.shch_myr":null,"Transects_100m_AddSpatialJoin.eros_hot":null,"Transects_100m_AddSpatialJoin.bnour":null,"Transects_100m_AddSpatialJoin.bnour_yr":null,"Transects_100m_AddSpatialJoin.bnour_src":null,"Transects_100m_AddSpatialJoin.armor":null,"Transects_100m_AddSpatialJoin.editor":null,"Transects_100m_AddSpatialJoin.edit_date":null,"Transects_100m_AddSpatialJoin.notes":null,"Transects_100m_AddSpatialJoin.hotspot":null,"Transects_100m_AddSpatialJoin.Shape_Length":10000}},{"type":"Feature","id":471,"geometry":{"type":"LineString","coordinates":[[460198.45228299964,3944762.3268999998],[450198.45228299964,3944762.3268999998]]},"properties":{"Transects_100m.OBJECTID":471,"Transects_100m.LineID":471,"Transects_100m.Shape_Length":10000,"Transects_100m_AddSpatialJoin.OBJECTID":471,"Transects_100m_AddSpatialJoin.Join_Count":0,"Transects_100m_AddSpatialJoin.TARGET_FID":471,"Transects_100m_AddSpatialJoin.Coords":null,"Transects_100m_AddSpatialJoin.domain_id":null,"Transects_100m_AddSpatialJoin.reach":null,"Transects_100m_AddSpatialJoin.z_mean":null,"Transects_100m_AddSpatialJoin.z_max":null,"Transects_100m_AddSpatialJoin.z_min":null,"Transects_100m_AddSpatialJoin.relief_m":null,"Transects_100m_AddSpatialJoin.slope_avg":null,"Transects_100m_AddSpatialJoin.road_z":null,"Transects_100m_AddSpatialJoin.shch_myr":null,"Transects_100m_AddSpatialJoin.eros_hot":null,"Transects_100m_AddSpatialJoin.bnour":null,"Transects_100m_AddSpatialJoin.bnour_yr":null,"Transects_100m_AddSpatialJoin.bnour_src":null,"Transects_100m_AddSpatialJoin.armor":null,"Transects_100m_AddSpatialJoin.editor":null,"Transects_100m_AddSpatialJoin.edit_date":null,"Transects_100m_AddSpatialJoin.notes":null,"Transects_100m_AddSpatialJoin.hotspot":null,"Transects_100m_AddSpatialJoin.Shape_Length":10000}},{"type":"Feature","id":472,"geometry":{"type":"LineString","coordinates":[[460198.45228100009,3944862.3268999998],[450198.45228100009,3944862.3268999998]]},"properties":{"Transects_100m.OBJECTID":472,"Transects_100m.LineID":472,"Transects_100m.Shape_Length":10000,"Transects_100m_AddSpatialJoin.OBJECTID":472,"Transects_100m_AddSpatialJoin.Join_Count":0,"Transects_100m_AddSpatialJoin.TARGET_FID":472,"Transects_100m_AddSpatialJoin.Coords":null,"Transects_100m_AddSpatialJoin.domain_id":null,"Transects_100m_AddSpatialJoin.reach":null,"Transects_100m_AddSpatialJoin.z_mean":null,"Transects_100m_AddSpatialJoin.z_max":null,"Transects_100m_AddSpatialJoin.z_min":null,"Transects_100m_AddSpatialJoin.relief_m":null,"Transects_100m_AddSpatialJoin.slope_avg":null,"Transects_100m_AddSpatialJoin.road_z":null,"Transects_100m_AddSpatialJoin.shch_myr":null,"Transects_100m_AddSpatialJoin.eros_hot":null,"Transects_100m_AddSpatialJoin.bnour":null,"Transects_100m_AddSpatialJoin.bnour_yr":null,"Transects_100m_AddSpatialJoin.bnour_src":null,"Transects_100m_AddSpatialJoin.armor":null,"Transects_100m_AddSpatialJoin.editor":null,"Transects_100m_AddSpatialJoin.edit_date":null,"Transects_100m_AddSpatialJoin.notes":null,"Transects_100m_AddSpatialJoin.hotspot":null,"Transects_100m_AddSpatialJoin.Shape_Length":10000}},{"type":"Feature","id":473,"geometry":{"type":"LineString","coordinates":[[460198.45227899961,3944962.3268999998],[450198.45227899961,3944962.3268999998]]},"properties":{"Transects_100m.OBJECTID":473,"Transects_100m.LineID":473,"Transects_100m.Shape_Length":10000,"Transects_100m_AddSpatialJoin.OBJECTID":473,"Transects_100m_AddSpatialJoin.Join_Count":0,"Transects_100m_AddSpatialJoin.TARGET_FID":473,"Transects_100m_AddSpatialJoin.Coords":null,"Transects_100m_AddSpatialJoin.domain_id":null,"Transects_100m_AddSpatialJoin.reach":null,"Transects_100m_AddSpatialJoin.z_mean":null,"Transects_100m_AddSpatialJoin.z_max":null,"Transects_100m_AddSpatialJoin.z_min":null,"Transects_100m_AddSpatialJoin.relief_m":null,"Transects_100m_AddSpatialJoin.slope_avg":null,"Transects_100m_AddSpatialJoin.road_z":null,"Transects_100m_AddSpatialJoin.shch_myr":null,"Transects_100m_AddSpatialJoin.eros_hot":null,"Transects_100m_AddSpatialJoin.bnour":null,"Transects_100m_AddSpatialJoin.bnour_yr":null,"Transects_100m_AddSpatialJoin.bnour_src":null,"Transects_100m_AddSpatialJoin.armor":null,"Transects_100m_AddSpatialJoin.editor":null,"Transects_100m_AddSpatialJoin.edit_date":null,"Transects_100m_AddSpatialJoin.notes":null,"Transects_100m_AddSpatialJoin.hotspot":null,"Transects_100m_AddSpatialJoin.Shape_Length":10000}},{"type":"Feature","id":474,"geometry":{"type":"LineString","coordinates":[[460198.4522780003,3945062.3268999998],[450198.4522780003,3945062.3268999998]]},"properties":{"Transects_100m.OBJECTID":474,"Transects_100m.LineID":474,"Transects_100m.Shape_Length":10000,"Transects_100m_AddSpatialJoin.OBJECTID":474,"Transects_100m_AddSpatialJoin.Join_Count":0,"Transects_100m_AddSpatialJoin.TARGET_FID":474,"Transects_100m_AddSpatialJoin.Coords":null,"Transects_100m_AddSpatialJoin.domain_id":null,"Transects_100m_AddSpatialJoin.reach":null,"Transects_100m_AddSpatialJoin.z_mean":null,"Transects_100m_AddSpatialJoin.z_max":null,"Transects_100m_AddSpatialJoin.z_min":null,"Transects_100m_AddSpatialJoin.relief_m":null,"Transects_100m_AddSpatialJoin.slope_avg":null,"Transects_100m_AddSpatialJoin.road_z":null,"Transects_100m_AddSpatialJoin.shch_myr":null,"Transects_100m_AddSpatialJoin.eros_hot":null,"Transects_100m_AddSpatialJoin.bnour":null,"Transects_100m_AddSpatialJoin.bnour_yr":null,"Transects_100m_AddSpatialJoin.bnour_src":null,"Transects_100m_AddSpatialJoin.armor":null,"Transects_100m_AddSpatialJoin.editor":null,"Transects_100m_AddSpatialJoin.edit_date":null,"Transects_100m_AddSpatialJoin.notes":null,"Transects_100m_AddSpatialJoin.hotspot":null,"Transects_100m_AddSpatialJoin.Shape_Length":10000}},{"type":"Feature","id":475,"geometry":{"type":"LineString","coordinates":[[460198.45227599982,3945162.3268999998],[450198.45227599982,3945162.3268999998]]},"properties":{"Transects_100m.OBJECTID":475,"Transects_100m.LineID":475,"Transects_100m.Shape_Length":10000,"Transects_100m_AddSpatialJoin.OBJECTID":475,"Transects_100m_AddSpatialJoin.Join_Count":0,"Transects_100m_AddSpatialJoin.TARGET_FID":475,"Transects_100m_AddSpatialJoin.Coords":null,"Transects_100m_AddSpatialJoin.domain_id":null,"Transects_100m_AddSpatialJoin.reach":null,"Transects_100m_AddSpatialJoin.z_mean":null,"Transects_100m_AddSpatialJoin.z_max":null,"Transects_100m_AddSpatialJoin.z_min":null,"Transects_100m_AddSpatialJoin.relief_m":null,"Transects_100m_AddSpatialJoin.slope_avg":null,"Transects_100m_AddSpatialJoin.road_z":null,"Transects_100m_AddSpatialJoin.shch_myr":null,"Transects_100m_AddSpatialJoin.eros_hot":null,"Transects_100m_AddSpatialJoin.bnour":null,"Transects_100m_AddSpatialJoin.bnour_yr":null,"Transects_100m_AddSpatialJoin.bnour_src":null,"Transects_100m_AddSpatialJoin.armor":null,"Transects_100m_AddSpatialJoin.editor":null,"Transects_100m_AddSpatialJoin.edit_date":null,"Transects_100m_AddSpatialJoin.notes":null,"Transects_100m_AddSpatialJoin.hotspot":null,"Transects_100m_AddSpatialJoin.Shape_Length":10000}},{"type":"Feature","id":476,"geometry":{"type":"LineString","coordinates":[[460198.45227400027,3945262.3268999998],[450198.45227400027,3945262.3268999998]]},"properties":{"Transects_100m.OBJECTID":476,"Transects_100m.LineID":476,"Transects_100m.Shape_Length":10000,"Transects_100m_AddSpatialJoin.OBJECTID":476,"Transects_100m_AddSpatialJoin.Join_Count":0,"Transects_100m_AddSpatialJoin.TARGET_FID":476,"Transects_100m_AddSpatialJoin.Coords":null,"Transects_100m_AddSpatialJoin.domain_id":null,"Transects_100m_AddSpatialJoin.reach":null,"Transects_100m_AddSpatialJoin.z_mean":null,"Transects_100m_AddSpatialJoin.z_max":null,"Transects_100m_AddSpatialJoin.z_min":null,"Transects_100m_AddSpatialJoin.relief_m":null,"Transects_100m_AddSpatialJoin.slope_avg":null,"Transects_100m_AddSpatialJoin.road_z":null,"Transects_100m_AddSpatialJoin.shch_myr":null,"Transects_100m_AddSpatialJoin.eros_hot":null,"Transects_100m_AddSpatialJoin.bnour":null,"Transects_100m_AddSpatialJoin.bnour_yr":null,"Transects_100m_AddSpatialJoin.bnour_src":null,"Transects_100m_AddSpatialJoin.armor":null,"Transects_100m_AddSpatialJoin.editor":null,"Transects_100m_AddSpatialJoin.edit_date":null,"Transects_100m_AddSpatialJoin.notes":null,"Transects_100m_AddSpatialJoin.hotspot":null,"Transects_100m_AddSpatialJoin.Shape_Length":10000}},{"type":"Feature","id":477,"geometry":{"type":"LineString","coordinates":[[460198.45227199979,3945362.3268999998],[450198.45227199979,3945362.3268999998]]},"properties":{"Transects_100m.OBJECTID":477,"Transects_100m.LineID":477,"Transects_100m.Shape_Length":10000,"Transects_100m_AddSpatialJoin.OBJECTID":477,"Transects_100m_AddSpatialJoin.Join_Count":0,"Transects_100m_AddSpatialJoin.TARGET_FID":477,"Transects_100m_AddSpatialJoin.Coords":null,"Transects_100m_AddSpatialJoin.domain_id":null,"Transects_100m_AddSpatialJoin.reach":null,"Transects_100m_AddSpatialJoin.z_mean":null,"Transects_100m_AddSpatialJoin.z_max":null,"Transects_100m_AddSpatialJoin.z_min":null,"Transects_100m_AddSpatialJoin.relief_m":null,"Transects_100m_AddSpatialJoin.slope_avg":null,"Transects_100m_AddSpatialJoin.road_z":null,"Transects_100m_AddSpatialJoin.shch_myr":null,"Transects_100m_AddSpatialJoin.eros_hot":null,"Transects_100m_AddSpatialJoin.bnour":null,"Transects_100m_AddSpatialJoin.bnour_yr":null,"Transects_100m_AddSpatialJoin.bnour_src":null,"Transects_100m_AddSpatialJoin.armor":null,"Transects_100m_AddSpatialJoin.editor":null,"Transects_100m_AddSpatialJoin.edit_date":null,"Transects_100m_AddSpatialJoin.notes":null,"Transects_100m_AddSpatialJoin.hotspot":null,"Transects_100m_AddSpatialJoin.Shape_Length":10000}},{"type":"Feature","id":478,"geometry":{"type":"LineString","coordinates":[[460198.45227000024,3945462.3268999998],[450198.45227000024,3945462.3268999998]]},"properties":{"Transects_100m.OBJECTID":478,"Transects_100m.LineID":478,"Transects_100m.Shape_Length":10000,"Transects_100m_AddSpatialJoin.OBJECTID":478,"Transects_100m_AddSpatialJoin.Join_Count":0,"Transects_100m_AddSpatialJoin.TARGET_FID":478,"Transects_100m_AddSpatialJoin.Coords":null,"Transects_100m_AddSpatialJoin.domain_id":null,"Transects_100m_AddSpatialJoin.reach":null,"Transects_100m_AddSpatialJoin.z_mean":null,"Transects_100m_AddSpatialJoin.z_max":null,"Transects_100m_AddSpatialJoin.z_min":null,"Transects_100m_AddSpatialJoin.relief_m":null,"Transects_100m_AddSpatialJoin.slope_avg":null,"Transects_100m_AddSpatialJoin.road_z":null,"Transects_100m_AddSpatialJoin.shch_myr":null,"Transects_100m_AddSpatialJoin.eros_hot":null,"Transects_100m_AddSpatialJoin.bnour":null,"Transects_100m_AddSpatialJoin.bnour_yr":null,"Transects_100m_AddSpatialJoin.bnour_src":null,"Transects_100m_AddSpatialJoin.armor":null,"Transects_100m_AddSpatialJoin.editor":null,"Transects_100m_AddSpatialJoin.edit_date":null,"Transects_100m_AddSpatialJoin.notes":null,"Transects_100m_AddSpatialJoin.hotspot":null,"Transects_100m_AddSpatialJoin.Shape_Length":10000}},{"type":"Feature","id":479,"geometry":{"type":"LineString","coordinates":[[460198.45226799976,3945562.3268999998],[450198.45226799976,3945562.3268999998]]},"properties":{"Transects_100m.OBJECTID":479,"Transects_100m.LineID":479,"Transects_100m.Shape_Length":10000,"Transects_100m_AddSpatialJoin.OBJECTID":479,"Transects_100m_AddSpatialJoin.Join_Count":0,"Transects_100m_AddSpatialJoin.TARGET_FID":479,"Transects_100m_AddSpatialJoin.Coords":null,"Transects_100m_AddSpatialJoin.domain_id":null,"Transects_100m_AddSpatialJoin.reach":null,"Transects_100m_AddSpatialJoin.z_mean":null,"Transects_100m_AddSpatialJoin.z_max":null,"Transects_100m_AddSpatialJoin.z_min":null,"Transects_100m_AddSpatialJoin.relief_m":null,"Transects_100m_AddSpatialJoin.slope_avg":null,"Transects_100m_AddSpatialJoin.road_z":null,"Transects_100m_AddSpatialJoin.shch_myr":null,"Transects_100m_AddSpatialJoin.eros_hot":null,"Transects_100m_AddSpatialJoin.bnour":null,"Transects_100m_AddSpatialJoin.bnour_yr":null,"Transects_100m_AddSpatialJoin.bnour_src":null,"Transects_100m_AddSpatialJoin.armor":null,"Transects_100m_AddSpatialJoin.editor":null,"Transects_100m_AddSpatialJoin.edit_date":null,"Transects_100m_AddSpatialJoin.notes":null,"Transects_100m_AddSpatialJoin.hotspot":null,"Transects_100m_AddSpatialJoin.Shape_Length":10000}},{"type":"Feature","id":480,"geometry":{"type":"LineString","coordinates":[[460198.45226600021,3945662.3268999998],[450198.45226600021,3945662.3268999998]]},"properties":{"Transects_100m.OBJECTID":480,"Transects_100m.LineID":480,"Transects_100m.Shape_Length":10000,"Transects_100m_AddSpatialJoin.OBJECTID":480,"Transects_100m_AddSpatialJoin.Join_Count":0,"Transects_100m_AddSpatialJoin.TARGET_FID":480,"Transects_100m_AddSpatialJoin.Coords":null,"Transects_100m_AddSpatialJoin.domain_id":null,"Transects_100m_AddSpatialJoin.reach":null,"Transects_100m_AddSpatialJoin.z_mean":null,"Transects_100m_AddSpatialJoin.z_max":null,"Transects_100m_AddSpatialJoin.z_min":null,"Transects_100m_AddSpatialJoin.relief_m":null,"Transects_100m_AddSpatialJoin.slope_avg":null,"Transects_100m_AddSpatialJoin.road_z":null,"Transects_100m_AddSpatialJoin.shch_myr":null,"Transects_100m_AddSpatialJoin.eros_hot":null,"Transects_100m_AddSpatialJoin.bnour":null,"Transects_100m_AddSpatialJoin.bnour_yr":null,"Transects_100m_AddSpatialJoin.bnour_src":null,"Transects_100m_AddSpatialJoin.armor":null,"Transects_100m_AddSpatialJoin.editor":null,"Transects_100m_AddSpatialJoin.edit_date":null,"Transects_100m_AddSpatialJoin.notes":null,"Transects_100m_AddSpatialJoin.hotspot":null,"Transects_100m_AddSpatialJoin.Shape_Length":10000}},{"type":"Feature","id":481,"geometry":{"type":"LineString","coordinates":[[460198.45226399973,3945762.3268999998],[450198.45226399973,3945762.3268999998]]},"properties":{"Transects_100m.OBJECTID":481,"Transects_100m.LineID":481,"Transects_100m.Shape_Length":10000,"Transects_100m_AddSpatialJoin.OBJECTID":481,"Transects_100m_AddSpatialJoin.Join_Count":0,"Transects_100m_AddSpatialJoin.TARGET_FID":481,"Transects_100m_AddSpatialJoin.Coords":null,"Transects_100m_AddSpatialJoin.domain_id":null,"Transects_100m_AddSpatialJoin.reach":null,"Transects_100m_AddSpatialJoin.z_mean":null,"Transects_100m_AddSpatialJoin.z_max":null,"Transects_100m_AddSpatialJoin.z_min":null,"Transects_100m_AddSpatialJoin.relief_m":null,"Transects_100m_AddSpatialJoin.slope_avg":null,"Transects_100m_AddSpatialJoin.road_z":null,"Transects_100m_AddSpatialJoin.shch_myr":null,"Transects_100m_AddSpatialJoin.eros_hot":null,"Transects_100m_AddSpatialJoin.bnour":null,"Transects_100m_AddSpatialJoin.bnour_yr":null,"Transects_100m_AddSpatialJoin.bnour_src":null,"Transects_100m_AddSpatialJoin.armor":null,"Transects_100m_AddSpatialJoin.editor":null,"Transects_100m_AddSpatialJoin.edit_date":null,"Transects_100m_AddSpatialJoin.notes":null,"Transects_100m_AddSpatialJoin.hotspot":null,"Transects_100m_AddSpatialJoin.Shape_Length":10000}},{"type":"Feature","id":482,"geometry":{"type":"LineString","coordinates":[[460198.45226300042,3945862.3268999998],[450198.45226300042,3945862.3268999998]]},"properties":{"Transects_100m.OBJECTID":482,"Transects_100m.LineID":482,"Transects_100m.Shape_Length":10000,"Transects_100m_AddSpatialJoin.OBJECTID":482,"Transects_100m_AddSpatialJoin.Join_Count":0,"Transects_100m_AddSpatialJoin.TARGET_FID":482,"Transects_100m_AddSpatialJoin.Coords":null,"Transects_100m_AddSpatialJoin.domain_id":null,"Transects_100m_AddSpatialJoin.reach":null,"Transects_100m_AddSpatialJoin.z_mean":null,"Transects_100m_AddSpatialJoin.z_max":null,"Transects_100m_AddSpatialJoin.z_min":null,"Transects_100m_AddSpatialJoin.relief_m":null,"Transects_100m_AddSpatialJoin.slope_avg":null,"Transects_100m_AddSpatialJoin.road_z":null,"Transects_100m_AddSpatialJoin.shch_myr":null,"Transects_100m_AddSpatialJoin.eros_hot":null,"Transects_100m_AddSpatialJoin.bnour":null,"Transects_100m_AddSpatialJoin.bnour_yr":null,"Transects_100m_AddSpatialJoin.bnour_src":null,"Transects_100m_AddSpatialJoin.armor":null,"Transects_100m_AddSpatialJoin.editor":null,"Transects_100m_AddSpatialJoin.edit_date":null,"Transects_100m_AddSpatialJoin.notes":null,"Transects_100m_AddSpatialJoin.hotspot":null,"Transects_100m_AddSpatialJoin.Shape_Length":10000}},{"type":"Feature","id":483,"geometry":{"type":"LineString","coordinates":[[460198.45226099994,3945962.3268999998],[450198.45226099994,3945962.3268999998]]},"properties":{"Transects_100m.OBJECTID":483,"Transects_100m.LineID":483,"Transects_100m.Shape_Length":10000,"Transects_100m_AddSpatialJoin.OBJECTID":483,"Transects_100m_AddSpatialJoin.Join_Count":0,"Transects_100m_AddSpatialJoin.TARGET_FID":483,"Transects_100m_AddSpatialJoin.Coords":null,"Transects_100m_AddSpatialJoin.domain_id":null,"Transects_100m_AddSpatialJoin.reach":null,"Transects_100m_AddSpatialJoin.z_mean":null,"Transects_100m_AddSpatialJoin.z_max":null,"Transects_100m_AddSpatialJoin.z_min":null,"Transects_100m_AddSpatialJoin.relief_m":null,"Transects_100m_AddSpatialJoin.slope_avg":null,"Transects_100m_AddSpatialJoin.road_z":null,"Transects_100m_AddSpatialJoin.shch_myr":null,"Transects_100m_AddSpatialJoin.eros_hot":null,"Transects_100m_AddSpatialJoin.bnour":null,"Transects_100m_AddSpatialJoin.bnour_yr":null,"Transects_100m_AddSpatialJoin.bnour_src":null,"Transects_100m_AddSpatialJoin.armor":null,"Transects_100m_AddSpatialJoin.editor":null,"Transects_100m_AddSpatialJoin.edit_date":null,"Transects_100m_AddSpatialJoin.notes":null,"Transects_100m_AddSpatialJoin.hotspot":null,"Transects_100m_AddSpatialJoin.Shape_Length":10000}},{"type":"Feature","id":484,"geometry":{"type":"LineString","coordinates":[[460198.45225900039,3946062.3268999998],[450198.45225900039,3946062.3268999998]]},"properties":{"Transects_100m.OBJECTID":484,"Transects_100m.LineID":484,"Transects_100m.Shape_Length":10000,"Transects_100m_AddSpatialJoin.OBJECTID":484,"Transects_100m_AddSpatialJoin.Join_Count":0,"Transects_100m_AddSpatialJoin.TARGET_FID":484,"Transects_100m_AddSpatialJoin.Coords":null,"Transects_100m_AddSpatialJoin.domain_id":null,"Transects_100m_AddSpatialJoin.reach":null,"Transects_100m_AddSpatialJoin.z_mean":null,"Transects_100m_AddSpatialJoin.z_max":null,"Transects_100m_AddSpatialJoin.z_min":null,"Transects_100m_AddSpatialJoin.relief_m":null,"Transects_100m_AddSpatialJoin.slope_avg":null,"Transects_100m_AddSpatialJoin.road_z":null,"Transects_100m_AddSpatialJoin.shch_myr":null,"Transects_100m_AddSpatialJoin.eros_hot":null,"Transects_100m_AddSpatialJoin.bnour":null,"Transects_100m_AddSpatialJoin.bnour_yr":null,"Transects_100m_AddSpatialJoin.bnour_src":null,"Transects_100m_AddSpatialJoin.armor":null,"Transects_100m_AddSpatialJoin.editor":null,"Transects_100m_AddSpatialJoin.edit_date":null,"Transects_100m_AddSpatialJoin.notes":null,"Transects_100m_AddSpatialJoin.hotspot":null,"Transects_100m_AddSpatialJoin.Shape_Length":10000}},{"type":"Feature","id":485,"geometry":{"type":"LineString","coordinates":[[460198.45225699991,3946162.3268999998],[450198.45225699991,3946162.3268999998]]},"properties":{"Transects_100m.OBJECTID":485,"Transects_100m.LineID":485,"Transects_100m.Shape_Length":10000,"Transects_100m_AddSpatialJoin.OBJECTID":485,"Transects_100m_AddSpatialJoin.Join_Count":0,"Transects_100m_AddSpatialJoin.TARGET_FID":485,"Transects_100m_AddSpatialJoin.Coords":null,"Transects_100m_AddSpatialJoin.domain_id":null,"Transects_100m_AddSpatialJoin.reach":null,"Transects_100m_AddSpatialJoin.z_mean":null,"Transects_100m_AddSpatialJoin.z_max":null,"Transects_100m_AddSpatialJoin.z_min":null,"Transects_100m_AddSpatialJoin.relief_m":null,"Transects_100m_AddSpatialJoin.slope_avg":null,"Transects_100m_AddSpatialJoin.road_z":null,"Transects_100m_AddSpatialJoin.shch_myr":null,"Transects_100m_AddSpatialJoin.eros_hot":null,"Transects_100m_AddSpatialJoin.bnour":null,"Transects_100m_AddSpatialJoin.bnour_yr":null,"Transects_100m_AddSpatialJoin.bnour_src":null,"Transects_100m_AddSpatialJoin.armor":null,"Transects_100m_AddSpatialJoin.editor":null,"Transects_100m_AddSpatialJoin.edit_date":null,"Transects_100m_AddSpatialJoin.notes":null,"Transects_100m_AddSpatialJoin.hotspot":null,"Transects_100m_AddSpatialJoin.Shape_Length":10000}},{"type":"Feature","id":486,"geometry":{"type":"LineString","coordinates":[[460198.45225500036,3946262.3268999998],[450198.45225500036,3946262.3268999998]]},"properties":{"Transects_100m.OBJECTID":486,"Transects_100m.LineID":486,"Transects_100m.Shape_Length":10000,"Transects_100m_AddSpatialJoin.OBJECTID":486,"Transects_100m_AddSpatialJoin.Join_Count":0,"Transects_100m_AddSpatialJoin.TARGET_FID":486,"Transects_100m_AddSpatialJoin.Coords":null,"Transects_100m_AddSpatialJoin.domain_id":null,"Transects_100m_AddSpatialJoin.reach":null,"Transects_100m_AddSpatialJoin.z_mean":null,"Transects_100m_AddSpatialJoin.z_max":null,"Transects_100m_AddSpatialJoin.z_min":null,"Transects_100m_AddSpatialJoin.relief_m":null,"Transects_100m_AddSpatialJoin.slope_avg":null,"Transects_100m_AddSpatialJoin.road_z":null,"Transects_100m_AddSpatialJoin.shch_myr":null,"Transects_100m_AddSpatialJoin.eros_hot":null,"Transects_100m_AddSpatialJoin.bnour":null,"Transects_100m_AddSpatialJoin.bnour_yr":null,"Transects_100m_AddSpatialJoin.bnour_src":null,"Transects_100m_AddSpatialJoin.armor":null,"Transects_100m_AddSpatialJoin.editor":null,"Transects_100m_AddSpatialJoin.edit_date":null,"Transects_100m_AddSpatialJoin.notes":null,"Transects_100m_AddSpatialJoin.hotspot":null,"Transects_100m_AddSpatialJoin.Shape_Length":10000}},{"type":"Feature","id":487,"geometry":{"type":"LineString","coordinates":[[460198.45225299988,3946362.3268999998],[450198.45225299988,3946362.3268999998]]},"properties":{"Transects_100m.OBJECTID":487,"Transects_100m.LineID":487,"Transects_100m.Shape_Length":10000,"Transects_100m_AddSpatialJoin.OBJECTID":487,"Transects_100m_AddSpatialJoin.Join_Count":0,"Transects_100m_AddSpatialJoin.TARGET_FID":487,"Transects_100m_AddSpatialJoin.Coords":null,"Transects_100m_AddSpatialJoin.domain_id":null,"Transects_100m_AddSpatialJoin.reach":null,"Transects_100m_AddSpatialJoin.z_mean":null,"Transects_100m_AddSpatialJoin.z_max":null,"Transects_100m_AddSpatialJoin.z_min":null,"Transects_100m_AddSpatialJoin.relief_m":null,"Transects_100m_AddSpatialJoin.slope_avg":null,"Transects_100m_AddSpatialJoin.road_z":null,"Transects_100m_AddSpatialJoin.shch_myr":null,"Transects_100m_AddSpatialJoin.eros_hot":null,"Transects_100m_AddSpatialJoin.bnour":null,"Transects_100m_AddSpatialJoin.bnour_yr":null,"Transects_100m_AddSpatialJoin.bnour_src":null,"Transects_100m_AddSpatialJoin.armor":null,"Transects_100m_AddSpatialJoin.editor":null,"Transects_100m_AddSpatialJoin.edit_date":null,"Transects_100m_AddSpatialJoin.notes":null,"Transects_100m_AddSpatialJoin.hotspot":null,"Transects_100m_AddSpatialJoin.Shape_Length":10000}},{"type":"Feature","id":488,"geometry":{"type":"LineString","coordinates":[[460198.45225100033,3946462.3268999998],[450198.45225100033,3946462.3268999998]]},"properties":{"Transects_100m.OBJECTID":488,"Transects_100m.LineID":488,"Transects_100m.Shape_Length":10000,"Transects_100m_AddSpatialJoin.OBJECTID":488,"Transects_100m_AddSpatialJoin.Join_Count":0,"Transects_100m_AddSpatialJoin.TARGET_FID":488,"Transects_100m_AddSpatialJoin.Coords":null,"Transects_100m_AddSpatialJoin.domain_id":null,"Transects_100m_AddSpatialJoin.reach":null,"Transects_100m_AddSpatialJoin.z_mean":null,"Transects_100m_AddSpatialJoin.z_max":null,"Transects_100m_AddSpatialJoin.z_min":null,"Transects_100m_AddSpatialJoin.relief_m":null,"Transects_100m_AddSpatialJoin.slope_avg":null,"Transects_100m_AddSpatialJoin.road_z":null,"Transects_100m_AddSpatialJoin.shch_myr":null,"Transects_100m_AddSpatialJoin.eros_hot":null,"Transects_100m_AddSpatialJoin.bnour":null,"Transects_100m_AddSpatialJoin.bnour_yr":null,"Transects_100m_AddSpatialJoin.bnour_src":null,"Transects_100m_AddSpatialJoin.armor":null,"Transects_100m_AddSpatialJoin.editor":null,"Transects_100m_AddSpatialJoin.edit_date":null,"Transects_100m_AddSpatialJoin.notes":null,"Transects_100m_AddSpatialJoin.hotspot":null,"Transects_100m_AddSpatialJoin.Shape_Length":10000}},{"type":"Feature","id":489,"geometry":{"type":"LineString","coordinates":[[460198.45225000009,3946562.3268999998],[450198.45225000009,3946562.3268999998]]},"properties":{"Transects_100m.OBJECTID":489,"Transects_100m.LineID":489,"Transects_100m.Shape_Length":10000,"Transects_100m_AddSpatialJoin.OBJECTID":489,"Transects_100m_AddSpatialJoin.Join_Count":0,"Transects_100m_AddSpatialJoin.TARGET_FID":489,"Transects_100m_AddSpatialJoin.Coords":null,"Transects_100m_AddSpatialJoin.domain_id":null,"Transects_100m_AddSpatialJoin.reach":null,"Transects_100m_AddSpatialJoin.z_mean":null,"Transects_100m_AddSpatialJoin.z_max":null,"Transects_100m_AddSpatialJoin.z_min":null,"Transects_100m_AddSpatialJoin.relief_m":null,"Transects_100m_AddSpatialJoin.slope_avg":null,"Transects_100m_AddSpatialJoin.road_z":null,"Transects_100m_AddSpatialJoin.shch_myr":null,"Transects_100m_AddSpatialJoin.eros_hot":null,"Transects_100m_AddSpatialJoin.bnour":null,"Transects_100m_AddSpatialJoin.bnour_yr":null,"Transects_100m_AddSpatialJoin.bnour_src":null,"Transects_100m_AddSpatialJoin.armor":null,"Transects_100m_AddSpatialJoin.editor":null,"Transects_100m_AddSpatialJoin.edit_date":null,"Transects_100m_AddSpatialJoin.notes":null,"Transects_100m_AddSpatialJoin.hotspot":null,"Transects_100m_AddSpatialJoin.Shape_Length":10000}},{"type":"Feature","id":490,"geometry":{"type":"LineString","coordinates":[[460198.45224799961,3946662.3268999998],[450198.45224799961,3946662.3268999998]]},"properties":{"Transects_100m.OBJECTID":490,"Transects_100m.LineID":490,"Transects_100m.Shape_Length":10000,"Transects_100m_AddSpatialJoin.OBJECTID":490,"Transects_100m_AddSpatialJoin.Join_Count":0,"Transects_100m_AddSpatialJoin.TARGET_FID":490,"Transects_100m_AddSpatialJoin.Coords":null,"Transects_100m_AddSpatialJoin.domain_id":null,"Transects_100m_AddSpatialJoin.reach":null,"Transects_100m_AddSpatialJoin.z_mean":null,"Transects_100m_AddSpatialJoin.z_max":null,"Transects_100m_AddSpatialJoin.z_min":null,"Transects_100m_AddSpatialJoin.relief_m":null,"Transects_100m_AddSpatialJoin.slope_avg":null,"Transects_100m_AddSpatialJoin.road_z":null,"Transects_100m_AddSpatialJoin.shch_myr":null,"Transects_100m_AddSpatialJoin.eros_hot":null,"Transects_100m_AddSpatialJoin.bnour":null,"Transects_100m_AddSpatialJoin.bnour_yr":null,"Transects_100m_AddSpatialJoin.bnour_src":null,"Transects_100m_AddSpatialJoin.armor":null,"Transects_100m_AddSpatialJoin.editor":null,"Transects_100m_AddSpatialJoin.edit_date":null,"Transects_100m_AddSpatialJoin.notes":null,"Transects_100m_AddSpatialJoin.hotspot":null,"Transects_100m_AddSpatialJoin.Shape_Length":10000}},{"type":"Feature","id":491,"geometry":{"type":"LineString","coordinates":[[460198.45224600006,3946762.3268999998],[450198.45224600006,3946762.3268999998]]},"properties":{"Transects_100m.OBJECTID":491,"Transects_100m.LineID":491,"Transects_100m.Shape_Length":10000,"Transects_100m_AddSpatialJoin.OBJECTID":491,"Transects_100m_AddSpatialJoin.Join_Count":0,"Transects_100m_AddSpatialJoin.TARGET_FID":491,"Transects_100m_AddSpatialJoin.Coords":null,"Transects_100m_AddSpatialJoin.domain_id":null,"Transects_100m_AddSpatialJoin.reach":null,"Transects_100m_AddSpatialJoin.z_mean":null,"Transects_100m_AddSpatialJoin.z_max":null,"Transects_100m_AddSpatialJoin.z_min":null,"Transects_100m_AddSpatialJoin.relief_m":null,"Transects_100m_AddSpatialJoin.slope_avg":null,"Transects_100m_AddSpatialJoin.road_z":null,"Transects_100m_AddSpatialJoin.shch_myr":null,"Transects_100m_AddSpatialJoin.eros_hot":null,"Transects_100m_AddSpatialJoin.bnour":null,"Transects_100m_AddSpatialJoin.bnour_yr":null,"Transects_100m_AddSpatialJoin.bnour_src":null,"Transects_100m_AddSpatialJoin.armor":null,"Transects_100m_AddSpatialJoin.editor":null,"Transects_100m_AddSpatialJoin.edit_date":null,"Transects_100m_AddSpatialJoin.notes":null,"Transects_100m_AddSpatialJoin.hotspot":null,"Transects_100m_AddSpatialJoin.Shape_Length":10000}},{"type":"Feature","id":492,"geometry":{"type":"LineString","coordinates":[[460198.45224399958,3946862.3268999998],[450198.45224399958,3946862.3268999998]]},"properties":{"Transects_100m.OBJECTID":492,"Transects_100m.LineID":492,"Transects_100m.Shape_Length":10000,"Transects_100m_AddSpatialJoin.OBJECTID":492,"Transects_100m_AddSpatialJoin.Join_Count":0,"Transects_100m_AddSpatialJoin.TARGET_FID":492,"Transects_100m_AddSpatialJoin.Coords":null,"Transects_100m_AddSpatialJoin.domain_id":null,"Transects_100m_AddSpatialJoin.reach":null,"Transects_100m_AddSpatialJoin.z_mean":null,"Transects_100m_AddSpatialJoin.z_max":null,"Transects_100m_AddSpatialJoin.z_min":null,"Transects_100m_AddSpatialJoin.relief_m":null,"Transects_100m_AddSpatialJoin.slope_avg":null,"Transects_100m_AddSpatialJoin.road_z":null,"Transects_100m_AddSpatialJoin.shch_myr":null,"Transects_100m_AddSpatialJoin.eros_hot":null,"Transects_100m_AddSpatialJoin.bnour":null,"Transects_100m_AddSpatialJoin.bnour_yr":null,"Transects_100m_AddSpatialJoin.bnour_src":null,"Transects_100m_AddSpatialJoin.armor":null,"Transects_100m_AddSpatialJoin.editor":null,"Transects_100m_AddSpatialJoin.edit_date":null,"Transects_100m_AddSpatialJoin.notes":null,"Transects_100m_AddSpatialJoin.hotspot":null,"Transects_100m_AddSpatialJoin.Shape_Length":10000}},{"type":"Feature","id":493,"geometry":{"type":"LineString","coordinates":[[460198.45224200003,3946962.3268999998],[450198.45224200003,3946962.3268999998]]},"properties":{"Transects_100m.OBJECTID":493,"Transects_100m.LineID":493,"Transects_100m.Shape_Length":10000,"Transects_100m_AddSpatialJoin.OBJECTID":493,"Transects_100m_AddSpatialJoin.Join_Count":0,"Transects_100m_AddSpatialJoin.TARGET_FID":493,"Transects_100m_AddSpatialJoin.Coords":null,"Transects_100m_AddSpatialJoin.domain_id":null,"Transects_100m_AddSpatialJoin.reach":null,"Transects_100m_AddSpatialJoin.z_mean":null,"Transects_100m_AddSpatialJoin.z_max":null,"Transects_100m_AddSpatialJoin.z_min":null,"Transects_100m_AddSpatialJoin.relief_m":null,"Transects_100m_AddSpatialJoin.slope_avg":null,"Transects_100m_AddSpatialJoin.road_z":null,"Transects_100m_AddSpatialJoin.shch_myr":null,"Transects_100m_AddSpatialJoin.eros_hot":null,"Transects_100m_AddSpatialJoin.bnour":null,"Transects_100m_AddSpatialJoin.bnour_yr":null,"Transects_100m_AddSpatialJoin.bnour_src":null,"Transects_100m_AddSpatialJoin.armor":null,"Transects_100m_AddSpatialJoin.editor":null,"Transects_100m_AddSpatialJoin.edit_date":null,"Transects_100m_AddSpatialJoin.notes":null,"Transects_100m_AddSpatialJoin.hotspot":null,"Transects_100m_AddSpatialJoin.Shape_Length":10000}},{"type":"Feature","id":494,"geometry":{"type":"LineString","coordinates":[[460198.45223999955,3947062.3268999998],[450198.45223999955,3947062.3268999998]]},"properties":{"Transects_100m.OBJECTID":494,"Transects_100m.LineID":494,"Transects_100m.Shape_Length":10000,"Transects_100m_AddSpatialJoin.OBJECTID":494,"Transects_100m_AddSpatialJoin.Join_Count":0,"Transects_100m_AddSpatialJoin.TARGET_FID":494,"Transects_100m_AddSpatialJoin.Coords":null,"Transects_100m_AddSpatialJoin.domain_id":null,"Transects_100m_AddSpatialJoin.reach":null,"Transects_100m_AddSpatialJoin.z_mean":null,"Transects_100m_AddSpatialJoin.z_max":null,"Transects_100m_AddSpatialJoin.z_min":null,"Transects_100m_AddSpatialJoin.relief_m":null,"Transects_100m_AddSpatialJoin.slope_avg":null,"Transects_100m_AddSpatialJoin.road_z":null,"Transects_100m_AddSpatialJoin.shch_myr":null,"Transects_100m_AddSpatialJoin.eros_hot":null,"Transects_100m_AddSpatialJoin.bnour":null,"Transects_100m_AddSpatialJoin.bnour_yr":null,"Transects_100m_AddSpatialJoin.bnour_src":null,"Transects_100m_AddSpatialJoin.armor":null,"Transects_100m_AddSpatialJoin.editor":null,"Transects_100m_AddSpatialJoin.edit_date":null,"Transects_100m_AddSpatialJoin.notes":null,"Transects_100m_AddSpatialJoin.hotspot":null,"Transects_100m_AddSpatialJoin.Shape_Length":10000}},{"type":"Feature","id":495,"geometry":{"type":"LineString","coordinates":[[460198.452238,3947162.3268999998],[450198.452238,3947162.3268999998]]},"properties":{"Transects_100m.OBJECTID":495,"Transects_100m.LineID":495,"Transects_100m.Shape_Length":10000,"Transects_100m_AddSpatialJoin.OBJECTID":495,"Transects_100m_AddSpatialJoin.Join_Count":0,"Transects_100m_AddSpatialJoin.TARGET_FID":495,"Transects_100m_AddSpatialJoin.Coords":null,"Transects_100m_AddSpatialJoin.domain_id":null,"Transects_100m_AddSpatialJoin.reach":null,"Transects_100m_AddSpatialJoin.z_mean":null,"Transects_100m_AddSpatialJoin.z_max":null,"Transects_100m_AddSpatialJoin.z_min":null,"Transects_100m_AddSpatialJoin.relief_m":null,"Transects_100m_AddSpatialJoin.slope_avg":null,"Transects_100m_AddSpatialJoin.road_z":null,"Transects_100m_AddSpatialJoin.shch_myr":null,"Transects_100m_AddSpatialJoin.eros_hot":null,"Transects_100m_AddSpatialJoin.bnour":null,"Transects_100m_AddSpatialJoin.bnour_yr":null,"Transects_100m_AddSpatialJoin.bnour_src":null,"Transects_100m_AddSpatialJoin.armor":null,"Transects_100m_AddSpatialJoin.editor":null,"Transects_100m_AddSpatialJoin.edit_date":null,"Transects_100m_AddSpatialJoin.notes":null,"Transects_100m_AddSpatialJoin.hotspot":null,"Transects_100m_AddSpatialJoin.Shape_Length":10000}},{"type":"Feature","id":496,"geometry":{"type":"LineString","coordinates":[[460198.45223600045,3947262.3268999998],[450198.45223600045,3947262.3268999998]]},"properties":{"Transects_100m.OBJECTID":496,"Transects_100m.LineID":496,"Transects_100m.Shape_Length":10000,"Transects_100m_AddSpatialJoin.OBJECTID":496,"Transects_100m_AddSpatialJoin.Join_Count":0,"Transects_100m_AddSpatialJoin.TARGET_FID":496,"Transects_100m_AddSpatialJoin.Coords":null,"Transects_100m_AddSpatialJoin.domain_id":null,"Transects_100m_AddSpatialJoin.reach":null,"Transects_100m_AddSpatialJoin.z_mean":null,"Transects_100m_AddSpatialJoin.z_max":null,"Transects_100m_AddSpatialJoin.z_min":null,"Transects_100m_AddSpatialJoin.relief_m":null,"Transects_100m_AddSpatialJoin.slope_avg":null,"Transects_100m_AddSpatialJoin.road_z":null,"Transects_100m_AddSpatialJoin.shch_myr":null,"Transects_100m_AddSpatialJoin.eros_hot":null,"Transects_100m_AddSpatialJoin.bnour":null,"Transects_100m_AddSpatialJoin.bnour_yr":null,"Transects_100m_AddSpatialJoin.bnour_src":null,"Transects_100m_AddSpatialJoin.armor":null,"Transects_100m_AddSpatialJoin.editor":null,"Transects_100m_AddSpatialJoin.edit_date":null,"Transects_100m_AddSpatialJoin.notes":null,"Transects_100m_AddSpatialJoin.hotspot":null,"Transects_100m_AddSpatialJoin.Shape_Length":10000}},{"type":"Feature","id":497,"geometry":{"type":"LineString","coordinates":[[460198.45223500021,3947362.3268999998],[450198.45223500021,3947362.3268999998]]},"properties":{"Transects_100m.OBJECTID":497,"Transects_100m.LineID":497,"Transects_100m.Shape_Length":10000,"Transects_100m_AddSpatialJoin.OBJECTID":497,"Transects_100m_AddSpatialJoin.Join_Count":0,"Transects_100m_AddSpatialJoin.TARGET_FID":497,"Transects_100m_AddSpatialJoin.Coords":null,"Transects_100m_AddSpatialJoin.domain_id":null,"Transects_100m_AddSpatialJoin.reach":null,"Transects_100m_AddSpatialJoin.z_mean":null,"Transects_100m_AddSpatialJoin.z_max":null,"Transects_100m_AddSpatialJoin.z_min":null,"Transects_100m_AddSpatialJoin.relief_m":null,"Transects_100m_AddSpatialJoin.slope_avg":null,"Transects_100m_AddSpatialJoin.road_z":null,"Transects_100m_AddSpatialJoin.shch_myr":null,"Transects_100m_AddSpatialJoin.eros_hot":null,"Transects_100m_AddSpatialJoin.bnour":null,"Transects_100m_AddSpatialJoin.bnour_yr":null,"Transects_100m_AddSpatialJoin.bnour_src":null,"Transects_100m_AddSpatialJoin.armor":null,"Transects_100m_AddSpatialJoin.editor":null,"Transects_100m_AddSpatialJoin.edit_date":null,"Transects_100m_AddSpatialJoin.notes":null,"Transects_100m_AddSpatialJoin.hotspot":null,"Transects_100m_AddSpatialJoin.Shape_Length":10000}},{"type":"Feature","id":498,"geometry":{"type":"LineString","coordinates":[[460198.45223299973,3947462.3268999998],[450198.45223299973,3947462.3268999998]]},"properties":{"Transects_100m.OBJECTID":498,"Transects_100m.LineID":498,"Transects_100m.Shape_Length":10000,"Transects_100m_AddSpatialJoin.OBJECTID":498,"Transects_100m_AddSpatialJoin.Join_Count":0,"Transects_100m_AddSpatialJoin.TARGET_FID":498,"Transects_100m_AddSpatialJoin.Coords":null,"Transects_100m_AddSpatialJoin.domain_id":null,"Transects_100m_AddSpatialJoin.reach":null,"Transects_100m_AddSpatialJoin.z_mean":null,"Transects_100m_AddSpatialJoin.z_max":null,"Transects_100m_AddSpatialJoin.z_min":null,"Transects_100m_AddSpatialJoin.relief_m":null,"Transects_100m_AddSpatialJoin.slope_avg":null,"Transects_100m_AddSpatialJoin.road_z":null,"Transects_100m_AddSpatialJoin.shch_myr":null,"Transects_100m_AddSpatialJoin.eros_hot":null,"Transects_100m_AddSpatialJoin.bnour":null,"Transects_100m_AddSpatialJoin.bnour_yr":null,"Transects_100m_AddSpatialJoin.bnour_src":null,"Transects_100m_AddSpatialJoin.armor":null,"Transects_100m_AddSpatialJoin.editor":null,"Transects_100m_AddSpatialJoin.edit_date":null,"Transects_100m_AddSpatialJoin.notes":null,"Transects_100m_AddSpatialJoin.hotspot":null,"Transects_100m_AddSpatialJoin.Shape_Length":10000}},{"type":"Feature","id":499,"geometry":{"type":"LineString","coordinates":[[460198.45223100018,3947562.3268999998],[450198.45223100018,3947562.3268999998]]},"properties":{"Transects_100m.OBJECTID":499,"Transects_100m.LineID":499,"Transects_100m.Shape_Length":10000,"Transects_100m_AddSpatialJoin.OBJECTID":499,"Transects_100m_AddSpatialJoin.Join_Count":0,"Transects_100m_AddSpatialJoin.TARGET_FID":499,"Transects_100m_AddSpatialJoin.Coords":null,"Transects_100m_AddSpatialJoin.domain_id":null,"Transects_100m_AddSpatialJoin.reach":null,"Transects_100m_AddSpatialJoin.z_mean":null,"Transects_100m_AddSpatialJoin.z_max":null,"Transects_100m_AddSpatialJoin.z_min":null,"Transects_100m_AddSpatialJoin.relief_m":null,"Transects_100m_AddSpatialJoin.slope_avg":null,"Transects_100m_AddSpatialJoin.road_z":null,"Transects_100m_AddSpatialJoin.shch_myr":null,"Transects_100m_AddSpatialJoin.eros_hot":null,"Transects_100m_AddSpatialJoin.bnour":null,"Transects_100m_AddSpatialJoin.bnour_yr":null,"Transects_100m_AddSpatialJoin.bnour_src":null,"Transects_100m_AddSpatialJoin.armor":null,"Transects_100m_AddSpatialJoin.editor":null,"Transects_100m_AddSpatialJoin.edit_date":null,"Transects_100m_AddSpatialJoin.notes":null,"Transects_100m_AddSpatialJoin.hotspot":null,"Transects_100m_AddSpatialJoin.Shape_Length":10000}},{"type":"Feature","id":500,"geometry":{"type":"LineString","coordinates":[[460198.4522289997,3947662.3268999998],[450198.4522289997,3947662.3268999998]]},"properties":{"Transects_100m.OBJECTID":500,"Transects_100m.LineID":500,"Transects_100m.Shape_Length":10000,"Transects_100m_AddSpatialJoin.OBJECTID":500,"Transects_100m_AddSpatialJoin.Join_Count":0,"Transects_100m_AddSpatialJoin.TARGET_FID":500,"Transects_100m_AddSpatialJoin.Coords":null,"Transects_100m_AddSpatialJoin.domain_id":null,"Transects_100m_AddSpatialJoin.reach":null,"Transects_100m_AddSpatialJoin.z_mean":null,"Transects_100m_AddSpatialJoin.z_max":null,"Transects_100m_AddSpatialJoin.z_min":null,"Transects_100m_AddSpatialJoin.relief_m":null,"Transects_100m_AddSpatialJoin.slope_avg":null,"Transects_100m_AddSpatialJoin.road_z":null,"Transects_100m_AddSpatialJoin.shch_myr":null,"Transects_100m_AddSpatialJoin.eros_hot":null,"Transects_100m_AddSpatialJoin.bnour":null,"Transects_100m_AddSpatialJoin.bnour_yr":null,"Transects_100m_AddSpatialJoin.bnour_src":null,"Transects_100m_AddSpatialJoin.armor":null,"Transects_100m_AddSpatialJoin.editor":null,"Transects_100m_AddSpatialJoin.edit_date":null,"Transects_100m_AddSpatialJoin.notes":null,"Transects_100m_AddSpatialJoin.hotspot":null,"Transects_100m_AddSpatialJoin.Shape_Length":10000}},{"type":"Feature","id":501,"geometry":{"type":"LineString","coordinates":[[460198.45222700015,3947762.3268999998],[450198.45222700015,3947762.3268999998]]},"properties":{"Transects_100m.OBJECTID":501,"Transects_100m.LineID":501,"Transects_100m.Shape_Length":10000,"Transects_100m_AddSpatialJoin.OBJECTID":501,"Transects_100m_AddSpatialJoin.Join_Count":0,"Transects_100m_AddSpatialJoin.TARGET_FID":501,"Transects_100m_AddSpatialJoin.Coords":null,"Transects_100m_AddSpatialJoin.domain_id":null,"Transects_100m_AddSpatialJoin.reach":null,"Transects_100m_AddSpatialJoin.z_mean":null,"Transects_100m_AddSpatialJoin.z_max":null,"Transects_100m_AddSpatialJoin.z_min":null,"Transects_100m_AddSpatialJoin.relief_m":null,"Transects_100m_AddSpatialJoin.slope_avg":null,"Transects_100m_AddSpatialJoin.road_z":null,"Transects_100m_AddSpatialJoin.shch_myr":null,"Transects_100m_AddSpatialJoin.eros_hot":null,"Transects_100m_AddSpatialJoin.bnour":null,"Transects_100m_AddSpatialJoin.bnour_yr":null,"Transects_100m_AddSpatialJoin.bnour_src":null,"Transects_100m_AddSpatialJoin.armor":null,"Transects_100m_AddSpatialJoin.editor":null,"Transects_100m_AddSpatialJoin.edit_date":null,"Transects_100m_AddSpatialJoin.notes":null,"Transects_100m_AddSpatialJoin.hotspot":null,"Transects_100m_AddSpatialJoin.Shape_Length":10000}},{"type":"Feature","id":502,"geometry":{"type":"LineString","coordinates":[[460198.45222499967,3947862.3268999998],[450198.45222499967,3947862.3268999998]]},"properties":{"Transects_100m.OBJECTID":502,"Transects_100m.LineID":502,"Transects_100m.Shape_Length":10000,"Transects_100m_AddSpatialJoin.OBJECTID":502,"Transects_100m_AddSpatialJoin.Join_Count":0,"Transects_100m_AddSpatialJoin.TARGET_FID":502,"Transects_100m_AddSpatialJoin.Coords":null,"Transects_100m_AddSpatialJoin.domain_id":null,"Transects_100m_AddSpatialJoin.reach":null,"Transects_100m_AddSpatialJoin.z_mean":null,"Transects_100m_AddSpatialJoin.z_max":null,"Transects_100m_AddSpatialJoin.z_min":null,"Transects_100m_AddSpatialJoin.relief_m":null,"Transects_100m_AddSpatialJoin.slope_avg":null,"Transects_100m_AddSpatialJoin.road_z":null,"Transects_100m_AddSpatialJoin.shch_myr":null,"Transects_100m_AddSpatialJoin.eros_hot":null,"Transects_100m_AddSpatialJoin.bnour":null,"Transects_100m_AddSpatialJoin.bnour_yr":null,"Transects_100m_AddSpatialJoin.bnour_src":null,"Transects_100m_AddSpatialJoin.armor":null,"Transects_100m_AddSpatialJoin.editor":null,"Transects_100m_AddSpatialJoin.edit_date":null,"Transects_100m_AddSpatialJoin.notes":null,"Transects_100m_AddSpatialJoin.hotspot":null,"Transects_100m_AddSpatialJoin.Shape_Length":10000}},{"type":"Feature","id":503,"geometry":{"type":"LineString","coordinates":[[460198.45222300012,3947962.3268999998],[450198.45222300012,3947962.3268999998]]},"properties":{"Transects_100m.OBJECTID":503,"Transects_100m.LineID":503,"Transects_100m.Shape_Length":10000,"Transects_100m_AddSpatialJoin.OBJECTID":503,"Transects_100m_AddSpatialJoin.Join_Count":0,"Transects_100m_AddSpatialJoin.TARGET_FID":503,"Transects_100m_AddSpatialJoin.Coords":null,"Transects_100m_AddSpatialJoin.domain_id":null,"Transects_100m_AddSpatialJoin.reach":null,"Transects_100m_AddSpatialJoin.z_mean":null,"Transects_100m_AddSpatialJoin.z_max":null,"Transects_100m_AddSpatialJoin.z_min":null,"Transects_100m_AddSpatialJoin.relief_m":null,"Transects_100m_AddSpatialJoin.slope_avg":null,"Transects_100m_AddSpatialJoin.road_z":null,"Transects_100m_AddSpatialJoin.shch_myr":null,"Transects_100m_AddSpatialJoin.eros_hot":null,"Transects_100m_AddSpatialJoin.bnour":null,"Transects_100m_AddSpatialJoin.bnour_yr":null,"Transects_100m_AddSpatialJoin.bnour_src":null,"Transects_100m_AddSpatialJoin.armor":null,"Transects_100m_AddSpatialJoin.editor":null,"Transects_100m_AddSpatialJoin.edit_date":null,"Transects_100m_AddSpatialJoin.notes":null,"Transects_100m_AddSpatialJoin.hotspot":null,"Transects_100m_AddSpatialJoin.Shape_Length":10000}},{"type":"Feature","id":504,"geometry":{"type":"LineString","coordinates":[[460198.45222099964,3948062.3268999998],[450198.45222099964,3948062.3268999998]]},"properties":{"Transects_100m.OBJECTID":504,"Transects_100m.LineID":504,"Transects_100m.Shape_Length":10000,"Transects_100m_AddSpatialJoin.OBJECTID":504,"Transects_100m_AddSpatialJoin.Join_Count":0,"Transects_100m_AddSpatialJoin.TARGET_FID":504,"Transects_100m_AddSpatialJoin.Coords":null,"Transects_100m_AddSpatialJoin.domain_id":null,"Transects_100m_AddSpatialJoin.reach":null,"Transects_100m_AddSpatialJoin.z_mean":null,"Transects_100m_AddSpatialJoin.z_max":null,"Transects_100m_AddSpatialJoin.z_min":null,"Transects_100m_AddSpatialJoin.relief_m":null,"Transects_100m_AddSpatialJoin.slope_avg":null,"Transects_100m_AddSpatialJoin.road_z":null,"Transects_100m_AddSpatialJoin.shch_myr":null,"Transects_100m_AddSpatialJoin.eros_hot":null,"Transects_100m_AddSpatialJoin.bnour":null,"Transects_100m_AddSpatialJoin.bnour_yr":null,"Transects_100m_AddSpatialJoin.bnour_src":null,"Transects_100m_AddSpatialJoin.armor":null,"Transects_100m_AddSpatialJoin.editor":null,"Transects_100m_AddSpatialJoin.edit_date":null,"Transects_100m_AddSpatialJoin.notes":null,"Transects_100m_AddSpatialJoin.hotspot":null,"Transects_100m_AddSpatialJoin.Shape_Length":10000}},{"type":"Feature","id":505,"geometry":{"type":"LineString","coordinates":[[460198.45222000033,3948162.3268999998],[450198.45222000033,3948162.3268999998]]},"properties":{"Transects_100m.OBJECTID":505,"Transects_100m.LineID":505,"Transects_100m.Shape_Length":10000,"Transects_100m_AddSpatialJoin.OBJECTID":505,"Transects_100m_AddSpatialJoin.Join_Count":0,"Transects_100m_AddSpatialJoin.TARGET_FID":505,"Transects_100m_AddSpatialJoin.Coords":null,"Transects_100m_AddSpatialJoin.domain_id":null,"Transects_100m_AddSpatialJoin.reach":null,"Transects_100m_AddSpatialJoin.z_mean":null,"Transects_100m_AddSpatialJoin.z_max":null,"Transects_100m_AddSpatialJoin.z_min":null,"Transects_100m_AddSpatialJoin.relief_m":null,"Transects_100m_AddSpatialJoin.slope_avg":null,"Transects_100m_AddSpatialJoin.road_z":null,"Transects_100m_AddSpatialJoin.shch_myr":null,"Transects_100m_AddSpatialJoin.eros_hot":null,"Transects_100m_AddSpatialJoin.bnour":null,"Transects_100m_AddSpatialJoin.bnour_yr":null,"Transects_100m_AddSpatialJoin.bnour_src":null,"Transects_100m_AddSpatialJoin.armor":null,"Transects_100m_AddSpatialJoin.editor":null,"Transects_100m_AddSpatialJoin.edit_date":null,"Transects_100m_AddSpatialJoin.notes":null,"Transects_100m_AddSpatialJoin.hotspot":null,"Transects_100m_AddSpatialJoin.Shape_Length":10000}},{"type":"Feature","id":506,"geometry":{"type":"LineString","coordinates":[[460198.45221799985,3948262.3268999998],[450198.45221799985,3948262.3268999998]]},"properties":{"Transects_100m.OBJECTID":506,"Transects_100m.LineID":506,"Transects_100m.Shape_Length":10000,"Transects_100m_AddSpatialJoin.OBJECTID":506,"Transects_100m_AddSpatialJoin.Join_Count":0,"Transects_100m_AddSpatialJoin.TARGET_FID":506,"Transects_100m_AddSpatialJoin.Coords":null,"Transects_100m_AddSpatialJoin.domain_id":null,"Transects_100m_AddSpatialJoin.reach":null,"Transects_100m_AddSpatialJoin.z_mean":null,"Transects_100m_AddSpatialJoin.z_max":null,"Transects_100m_AddSpatialJoin.z_min":null,"Transects_100m_AddSpatialJoin.relief_m":null,"Transects_100m_AddSpatialJoin.slope_avg":null,"Transects_100m_AddSpatialJoin.road_z":null,"Transects_100m_AddSpatialJoin.shch_myr":null,"Transects_100m_AddSpatialJoin.eros_hot":null,"Transects_100m_AddSpatialJoin.bnour":null,"Transects_100m_AddSpatialJoin.bnour_yr":null,"Transects_100m_AddSpatialJoin.bnour_src":null,"Transects_100m_AddSpatialJoin.armor":null,"Transects_100m_AddSpatialJoin.editor":null,"Transects_100m_AddSpatialJoin.edit_date":null,"Transects_100m_AddSpatialJoin.notes":null,"Transects_100m_AddSpatialJoin.hotspot":null,"Transects_100m_AddSpatialJoin.Shape_Length":10000}},{"type":"Feature","id":507,"geometry":{"type":"LineString","coordinates":[[460198.4522160003,3948362.3268999998],[450198.4522160003,3948362.3268999998]]},"properties":{"Transects_100m.OBJECTID":507,"Transects_100m.LineID":507,"Transects_100m.Shape_Length":10000,"Transects_100m_AddSpatialJoin.OBJECTID":507,"Transects_100m_AddSpatialJoin.Join_Count":0,"Transects_100m_AddSpatialJoin.TARGET_FID":507,"Transects_100m_AddSpatialJoin.Coords":null,"Transects_100m_AddSpatialJoin.domain_id":null,"Transects_100m_AddSpatialJoin.reach":null,"Transects_100m_AddSpatialJoin.z_mean":null,"Transects_100m_AddSpatialJoin.z_max":null,"Transects_100m_AddSpatialJoin.z_min":null,"Transects_100m_AddSpatialJoin.relief_m":null,"Transects_100m_AddSpatialJoin.slope_avg":null,"Transects_100m_AddSpatialJoin.road_z":null,"Transects_100m_AddSpatialJoin.shch_myr":null,"Transects_100m_AddSpatialJoin.eros_hot":null,"Transects_100m_AddSpatialJoin.bnour":null,"Transects_100m_AddSpatialJoin.bnour_yr":null,"Transects_100m_AddSpatialJoin.bnour_src":null,"Transects_100m_AddSpatialJoin.armor":null,"Transects_100m_AddSpatialJoin.editor":null,"Transects_100m_AddSpatialJoin.edit_date":null,"Transects_100m_AddSpatialJoin.notes":null,"Transects_100m_AddSpatialJoin.hotspot":null,"Transects_100m_AddSpatialJoin.Shape_Length":10000}},{"type":"Feature","id":508,"geometry":{"type":"LineString","coordinates":[[460198.45221399982,3948462.3268999998],[450198.45221399982,3948462.3268999998]]},"properties":{"Transects_100m.OBJECTID":508,"Transects_100m.LineID":508,"Transects_100m.Shape_Length":10000,"Transects_100m_AddSpatialJoin.OBJECTID":508,"Transects_100m_AddSpatialJoin.Join_Count":0,"Transects_100m_AddSpatialJoin.TARGET_FID":508,"Transects_100m_AddSpatialJoin.Coords":null,"Transects_100m_AddSpatialJoin.domain_id":null,"Transects_100m_AddSpatialJoin.reach":null,"Transects_100m_AddSpatialJoin.z_mean":null,"Transects_100m_AddSpatialJoin.z_max":null,"Transects_100m_AddSpatialJoin.z_min":null,"Transects_100m_AddSpatialJoin.relief_m":null,"Transects_100m_AddSpatialJoin.slope_avg":null,"Transects_100m_AddSpatialJoin.road_z":null,"Transects_100m_AddSpatialJoin.shch_myr":null,"Transects_100m_AddSpatialJoin.eros_hot":null,"Transects_100m_AddSpatialJoin.bnour":null,"Transects_100m_AddSpatialJoin.bnour_yr":null,"Transects_100m_AddSpatialJoin.bnour_src":null,"Transects_100m_AddSpatialJoin.armor":null,"Transects_100m_AddSpatialJoin.editor":null,"Transects_100m_AddSpatialJoin.edit_date":null,"Transects_100m_AddSpatialJoin.notes":null,"Transects_100m_AddSpatialJoin.hotspot":null,"Transects_100m_AddSpatialJoin.Shape_Length":10000}},{"type":"Feature","id":509,"geometry":{"type":"LineString","coordinates":[[460198.45221200027,3948562.3268999998],[450198.45221200027,3948562.3268999998]]},"properties":{"Transects_100m.OBJECTID":509,"Transects_100m.LineID":509,"Transects_100m.Shape_Length":10000,"Transects_100m_AddSpatialJoin.OBJECTID":509,"Transects_100m_AddSpatialJoin.Join_Count":0,"Transects_100m_AddSpatialJoin.TARGET_FID":509,"Transects_100m_AddSpatialJoin.Coords":null,"Transects_100m_AddSpatialJoin.domain_id":null,"Transects_100m_AddSpatialJoin.reach":null,"Transects_100m_AddSpatialJoin.z_mean":null,"Transects_100m_AddSpatialJoin.z_max":null,"Transects_100m_AddSpatialJoin.z_min":null,"Transects_100m_AddSpatialJoin.relief_m":null,"Transects_100m_AddSpatialJoin.slope_avg":null,"Transects_100m_AddSpatialJoin.road_z":null,"Transects_100m_AddSpatialJoin.shch_myr":null,"Transects_100m_AddSpatialJoin.eros_hot":null,"Transects_100m_AddSpatialJoin.bnour":null,"Transects_100m_AddSpatialJoin.bnour_yr":null,"Transects_100m_AddSpatialJoin.bnour_src":null,"Transects_100m_AddSpatialJoin.armor":null,"Transects_100m_AddSpatialJoin.editor":null,"Transects_100m_AddSpatialJoin.edit_date":null,"Transects_100m_AddSpatialJoin.notes":null,"Transects_100m_AddSpatialJoin.hotspot":null,"Transects_100m_AddSpatialJoin.Shape_Length":10000}},{"type":"Feature","id":510,"geometry":{"type":"LineString","coordinates":[[460198.45220999978,3948662.3268999998],[450198.45220999978,3948662.3268999998]]},"properties":{"Transects_100m.OBJECTID":510,"Transects_100m.LineID":510,"Transects_100m.Shape_Length":10000,"Transects_100m_AddSpatialJoin.OBJECTID":510,"Transects_100m_AddSpatialJoin.Join_Count":0,"Transects_100m_AddSpatialJoin.TARGET_FID":510,"Transects_100m_AddSpatialJoin.Coords":null,"Transects_100m_AddSpatialJoin.domain_id":null,"Transects_100m_AddSpatialJoin.reach":null,"Transects_100m_AddSpatialJoin.z_mean":null,"Transects_100m_AddSpatialJoin.z_max":null,"Transects_100m_AddSpatialJoin.z_min":null,"Transects_100m_AddSpatialJoin.relief_m":null,"Transects_100m_AddSpatialJoin.slope_avg":null,"Transects_100m_AddSpatialJoin.road_z":null,"Transects_100m_AddSpatialJoin.shch_myr":null,"Transects_100m_AddSpatialJoin.eros_hot":null,"Transects_100m_AddSpatialJoin.bnour":null,"Transects_100m_AddSpatialJoin.bnour_yr":null,"Transects_100m_AddSpatialJoin.bnour_src":null,"Transects_100m_AddSpatialJoin.armor":null,"Transects_100m_AddSpatialJoin.editor":null,"Transects_100m_AddSpatialJoin.edit_date":null,"Transects_100m_AddSpatialJoin.notes":null,"Transects_100m_AddSpatialJoin.hotspot":null,"Transects_100m_AddSpatialJoin.Shape_Length":10000}},{"type":"Feature","id":511,"geometry":{"type":"LineString","coordinates":[[460198.45220800024,3948762.3268999998],[450198.45220800024,3948762.3268999998]]},"properties":{"Transects_100m.OBJECTID":511,"Transects_100m.LineID":511,"Transects_100m.Shape_Length":10000,"Transects_100m_AddSpatialJoin.OBJECTID":511,"Transects_100m_AddSpatialJoin.Join_Count":0,"Transects_100m_AddSpatialJoin.TARGET_FID":511,"Transects_100m_AddSpatialJoin.Coords":null,"Transects_100m_AddSpatialJoin.domain_id":null,"Transects_100m_AddSpatialJoin.reach":null,"Transects_100m_AddSpatialJoin.z_mean":null,"Transects_100m_AddSpatialJoin.z_max":null,"Transects_100m_AddSpatialJoin.z_min":null,"Transects_100m_AddSpatialJoin.relief_m":null,"Transects_100m_AddSpatialJoin.slope_avg":null,"Transects_100m_AddSpatialJoin.road_z":null,"Transects_100m_AddSpatialJoin.shch_myr":null,"Transects_100m_AddSpatialJoin.eros_hot":null,"Transects_100m_AddSpatialJoin.bnour":null,"Transects_100m_AddSpatialJoin.bnour_yr":null,"Transects_100m_AddSpatialJoin.bnour_src":null,"Transects_100m_AddSpatialJoin.armor":null,"Transects_100m_AddSpatialJoin.editor":null,"Transects_100m_AddSpatialJoin.edit_date":null,"Transects_100m_AddSpatialJoin.notes":null,"Transects_100m_AddSpatialJoin.hotspot":null,"Transects_100m_AddSpatialJoin.Shape_Length":10000}},{"type":"Feature","id":512,"geometry":{"type":"LineString","coordinates":[[460198.45220599975,3948862.3268999998],[450198.45220599975,3948862.3268999998]]},"properties":{"Transects_100m.OBJECTID":512,"Transects_100m.LineID":512,"Transects_100m.Shape_Length":10000,"Transects_100m_AddSpatialJoin.OBJECTID":512,"Transects_100m_AddSpatialJoin.Join_Count":0,"Transects_100m_AddSpatialJoin.TARGET_FID":512,"Transects_100m_AddSpatialJoin.Coords":null,"Transects_100m_AddSpatialJoin.domain_id":null,"Transects_100m_AddSpatialJoin.reach":null,"Transects_100m_AddSpatialJoin.z_mean":null,"Transects_100m_AddSpatialJoin.z_max":null,"Transects_100m_AddSpatialJoin.z_min":null,"Transects_100m_AddSpatialJoin.relief_m":null,"Transects_100m_AddSpatialJoin.slope_avg":null,"Transects_100m_AddSpatialJoin.road_z":null,"Transects_100m_AddSpatialJoin.shch_myr":null,"Transects_100m_AddSpatialJoin.eros_hot":null,"Transects_100m_AddSpatialJoin.bnour":null,"Transects_100m_AddSpatialJoin.bnour_yr":null,"Transects_100m_AddSpatialJoin.bnour_src":null,"Transects_100m_AddSpatialJoin.armor":null,"Transects_100m_AddSpatialJoin.editor":null,"Transects_100m_AddSpatialJoin.edit_date":null,"Transects_100m_AddSpatialJoin.notes":null,"Transects_100m_AddSpatialJoin.hotspot":null,"Transects_100m_AddSpatialJoin.Shape_Length":10000}},{"type":"Feature","id":513,"geometry":{"type":"LineString","coordinates":[[460198.45220500045,3948962.3268999998],[450198.45220500045,3948962.3268999998]]},"properties":{"Transects_100m.OBJECTID":513,"Transects_100m.LineID":513,"Transects_100m.Shape_Length":10000,"Transects_100m_AddSpatialJoin.OBJECTID":513,"Transects_100m_AddSpatialJoin.Join_Count":0,"Transects_100m_AddSpatialJoin.TARGET_FID":513,"Transects_100m_AddSpatialJoin.Coords":null,"Transects_100m_AddSpatialJoin.domain_id":null,"Transects_100m_AddSpatialJoin.reach":null,"Transects_100m_AddSpatialJoin.z_mean":null,"Transects_100m_AddSpatialJoin.z_max":null,"Transects_100m_AddSpatialJoin.z_min":null,"Transects_100m_AddSpatialJoin.relief_m":null,"Transects_100m_AddSpatialJoin.slope_avg":null,"Transects_100m_AddSpatialJoin.road_z":null,"Transects_100m_AddSpatialJoin.shch_myr":null,"Transects_100m_AddSpatialJoin.eros_hot":null,"Transects_100m_AddSpatialJoin.bnour":null,"Transects_100m_AddSpatialJoin.bnour_yr":null,"Transects_100m_AddSpatialJoin.bnour_src":null,"Transects_100m_AddSpatialJoin.armor":null,"Transects_100m_AddSpatialJoin.editor":null,"Transects_100m_AddSpatialJoin.edit_date":null,"Transects_100m_AddSpatialJoin.notes":null,"Transects_100m_AddSpatialJoin.hotspot":null,"Transects_100m_AddSpatialJoin.Shape_Length":10000}},{"type":"Feature","id":514,"geometry":{"type":"LineString","coordinates":[[460198.45220299996,3949062.3268999998],[450198.45220299996,3949062.3268999998]]},"properties":{"Transects_100m.OBJECTID":514,"Transects_100m.LineID":514,"Transects_100m.Shape_Length":10000,"Transects_100m_AddSpatialJoin.OBJECTID":514,"Transects_100m_AddSpatialJoin.Join_Count":0,"Transects_100m_AddSpatialJoin.TARGET_FID":514,"Transects_100m_AddSpatialJoin.Coords":null,"Transects_100m_AddSpatialJoin.domain_id":null,"Transects_100m_AddSpatialJoin.reach":null,"Transects_100m_AddSpatialJoin.z_mean":null,"Transects_100m_AddSpatialJoin.z_max":null,"Transects_100m_AddSpatialJoin.z_min":null,"Transects_100m_AddSpatialJoin.relief_m":null,"Transects_100m_AddSpatialJoin.slope_avg":null,"Transects_100m_AddSpatialJoin.road_z":null,"Transects_100m_AddSpatialJoin.shch_myr":null,"Transects_100m_AddSpatialJoin.eros_hot":null,"Transects_100m_AddSpatialJoin.bnour":null,"Transects_100m_AddSpatialJoin.bnour_yr":null,"Transects_100m_AddSpatialJoin.bnour_src":null,"Transects_100m_AddSpatialJoin.armor":null,"Transects_100m_AddSpatialJoin.editor":null,"Transects_100m_AddSpatialJoin.edit_date":null,"Transects_100m_AddSpatialJoin.notes":null,"Transects_100m_AddSpatialJoin.hotspot":null,"Transects_100m_AddSpatialJoin.Shape_Length":10000}},{"type":"Feature","id":515,"geometry":{"type":"LineString","coordinates":[[460198.45220100041,3949162.3268999998],[450198.45220100041,3949162.3268999998]]},"properties":{"Transects_100m.OBJECTID":515,"Transects_100m.LineID":515,"Transects_100m.Shape_Length":10000,"Transects_100m_AddSpatialJoin.OBJECTID":515,"Transects_100m_AddSpatialJoin.Join_Count":0,"Transects_100m_AddSpatialJoin.TARGET_FID":515,"Transects_100m_AddSpatialJoin.Coords":null,"Transects_100m_AddSpatialJoin.domain_id":null,"Transects_100m_AddSpatialJoin.reach":null,"Transects_100m_AddSpatialJoin.z_mean":null,"Transects_100m_AddSpatialJoin.z_max":null,"Transects_100m_AddSpatialJoin.z_min":null,"Transects_100m_AddSpatialJoin.relief_m":null,"Transects_100m_AddSpatialJoin.slope_avg":null,"Transects_100m_AddSpatialJoin.road_z":null,"Transects_100m_AddSpatialJoin.shch_myr":null,"Transects_100m_AddSpatialJoin.eros_hot":null,"Transects_100m_AddSpatialJoin.bnour":null,"Transects_100m_AddSpatialJoin.bnour_yr":null,"Transects_100m_AddSpatialJoin.bnour_src":null,"Transects_100m_AddSpatialJoin.armor":null,"Transects_100m_AddSpatialJoin.editor":null,"Transects_100m_AddSpatialJoin.edit_date":null,"Transects_100m_AddSpatialJoin.notes":null,"Transects_100m_AddSpatialJoin.hotspot":null,"Transects_100m_AddSpatialJoin.Shape_Length":10000}},{"type":"Feature","id":516,"geometry":{"type":"LineString","coordinates":[[460198.45219899993,3949262.3268999998],[450198.45219899993,3949262.3268999998]]},"properties":{"Transects_100m.OBJECTID":516,"Transects_100m.LineID":516,"Transects_100m.Shape_Length":10000,"Transects_100m_AddSpatialJoin.OBJECTID":516,"Transects_100m_AddSpatialJoin.Join_Count":0,"Transects_100m_AddSpatialJoin.TARGET_FID":516,"Transects_100m_AddSpatialJoin.Coords":null,"Transects_100m_AddSpatialJoin.domain_id":null,"Transects_100m_AddSpatialJoin.reach":null,"Transects_100m_AddSpatialJoin.z_mean":null,"Transects_100m_AddSpatialJoin.z_max":null,"Transects_100m_AddSpatialJoin.z_min":null,"Transects_100m_AddSpatialJoin.relief_m":null,"Transects_100m_AddSpatialJoin.slope_avg":null,"Transects_100m_AddSpatialJoin.road_z":null,"Transects_100m_AddSpatialJoin.shch_myr":null,"Transects_100m_AddSpatialJoin.eros_hot":null,"Transects_100m_AddSpatialJoin.bnour":null,"Transects_100m_AddSpatialJoin.bnour_yr":null,"Transects_100m_AddSpatialJoin.bnour_src":null,"Transects_100m_AddSpatialJoin.armor":null,"Transects_100m_AddSpatialJoin.editor":null,"Transects_100m_AddSpatialJoin.edit_date":null,"Transects_100m_AddSpatialJoin.notes":null,"Transects_100m_AddSpatialJoin.hotspot":null,"Transects_100m_AddSpatialJoin.Shape_Length":10000}},{"type":"Feature","id":517,"geometry":{"type":"LineString","coordinates":[[460198.45219700038,3949362.3268999998],[450198.45219700038,3949362.3268999998]]},"properties":{"Transects_100m.OBJECTID":517,"Transects_100m.LineID":517,"Transects_100m.Shape_Length":10000,"Transects_100m_AddSpatialJoin.OBJECTID":517,"Transects_100m_AddSpatialJoin.Join_Count":0,"Transects_100m_AddSpatialJoin.TARGET_FID":517,"Transects_100m_AddSpatialJoin.Coords":null,"Transects_100m_AddSpatialJoin.domain_id":null,"Transects_100m_AddSpatialJoin.reach":null,"Transects_100m_AddSpatialJoin.z_mean":null,"Transects_100m_AddSpatialJoin.z_max":null,"Transects_100m_AddSpatialJoin.z_min":null,"Transects_100m_AddSpatialJoin.relief_m":null,"Transects_100m_AddSpatialJoin.slope_avg":null,"Transects_100m_AddSpatialJoin.road_z":null,"Transects_100m_AddSpatialJoin.shch_myr":null,"Transects_100m_AddSpatialJoin.eros_hot":null,"Transects_100m_AddSpatialJoin.bnour":null,"Transects_100m_AddSpatialJoin.bnour_yr":null,"Transects_100m_AddSpatialJoin.bnour_src":null,"Transects_100m_AddSpatialJoin.armor":null,"Transects_100m_AddSpatialJoin.editor":null,"Transects_100m_AddSpatialJoin.edit_date":null,"Transects_100m_AddSpatialJoin.notes":null,"Transects_100m_AddSpatialJoin.hotspot":null,"Transects_100m_AddSpatialJoin.Shape_Length":10000}},{"type":"Feature","id":518,"geometry":{"type":"LineString","coordinates":[[460198.4521949999,3949462.3268999998],[450198.4521949999,3949462.3268999998]]},"properties":{"Transects_100m.OBJECTID":518,"Transects_100m.LineID":518,"Transects_100m.Shape_Length":10000,"Transects_100m_AddSpatialJoin.OBJECTID":518,"Transects_100m_AddSpatialJoin.Join_Count":0,"Transects_100m_AddSpatialJoin.TARGET_FID":518,"Transects_100m_AddSpatialJoin.Coords":null,"Transects_100m_AddSpatialJoin.domain_id":null,"Transects_100m_AddSpatialJoin.reach":null,"Transects_100m_AddSpatialJoin.z_mean":null,"Transects_100m_AddSpatialJoin.z_max":null,"Transects_100m_AddSpatialJoin.z_min":null,"Transects_100m_AddSpatialJoin.relief_m":null,"Transects_100m_AddSpatialJoin.slope_avg":null,"Transects_100m_AddSpatialJoin.road_z":null,"Transects_100m_AddSpatialJoin.shch_myr":null,"Transects_100m_AddSpatialJoin.eros_hot":null,"Transects_100m_AddSpatialJoin.bnour":null,"Transects_100m_AddSpatialJoin.bnour_yr":null,"Transects_100m_AddSpatialJoin.bnour_src":null,"Transects_100m_AddSpatialJoin.armor":null,"Transects_100m_AddSpatialJoin.editor":null,"Transects_100m_AddSpatialJoin.edit_date":null,"Transects_100m_AddSpatialJoin.notes":null,"Transects_100m_AddSpatialJoin.hotspot":null,"Transects_100m_AddSpatialJoin.Shape_Length":10000}},{"type":"Feature","id":519,"geometry":{"type":"LineString","coordinates":[[460198.45219300035,3949562.3268999998],[450198.45219300035,3949562.3268999998]]},"properties":{"Transects_100m.OBJECTID":519,"Transects_100m.LineID":519,"Transects_100m.Shape_Length":10000,"Transects_100m_AddSpatialJoin.OBJECTID":519,"Transects_100m_AddSpatialJoin.Join_Count":0,"Transects_100m_AddSpatialJoin.TARGET_FID":519,"Transects_100m_AddSpatialJoin.Coords":null,"Transects_100m_AddSpatialJoin.domain_id":null,"Transects_100m_AddSpatialJoin.reach":null,"Transects_100m_AddSpatialJoin.z_mean":null,"Transects_100m_AddSpatialJoin.z_max":null,"Transects_100m_AddSpatialJoin.z_min":null,"Transects_100m_AddSpatialJoin.relief_m":null,"Transects_100m_AddSpatialJoin.slope_avg":null,"Transects_100m_AddSpatialJoin.road_z":null,"Transects_100m_AddSpatialJoin.shch_myr":null,"Transects_100m_AddSpatialJoin.eros_hot":null,"Transects_100m_AddSpatialJoin.bnour":null,"Transects_100m_AddSpatialJoin.bnour_yr":null,"Transects_100m_AddSpatialJoin.bnour_src":null,"Transects_100m_AddSpatialJoin.armor":null,"Transects_100m_AddSpatialJoin.editor":null,"Transects_100m_AddSpatialJoin.edit_date":null,"Transects_100m_AddSpatialJoin.notes":null,"Transects_100m_AddSpatialJoin.hotspot":null,"Transects_100m_AddSpatialJoin.Shape_Length":10000}},{"type":"Feature","id":520,"geometry":{"type":"LineString","coordinates":[[460198.45219200011,3949662.3268999998],[450198.45219200011,3949662.3268999998]]},"properties":{"Transects_100m.OBJECTID":520,"Transects_100m.LineID":520,"Transects_100m.Shape_Length":10000,"Transects_100m_AddSpatialJoin.OBJECTID":520,"Transects_100m_AddSpatialJoin.Join_Count":0,"Transects_100m_AddSpatialJoin.TARGET_FID":520,"Transects_100m_AddSpatialJoin.Coords":null,"Transects_100m_AddSpatialJoin.domain_id":null,"Transects_100m_AddSpatialJoin.reach":null,"Transects_100m_AddSpatialJoin.z_mean":null,"Transects_100m_AddSpatialJoin.z_max":null,"Transects_100m_AddSpatialJoin.z_min":null,"Transects_100m_AddSpatialJoin.relief_m":null,"Transects_100m_AddSpatialJoin.slope_avg":null,"Transects_100m_AddSpatialJoin.road_z":null,"Transects_100m_AddSpatialJoin.shch_myr":null,"Transects_100m_AddSpatialJoin.eros_hot":null,"Transects_100m_AddSpatialJoin.bnour":null,"Transects_100m_AddSpatialJoin.bnour_yr":null,"Transects_100m_AddSpatialJoin.bnour_src":null,"Transects_100m_AddSpatialJoin.armor":null,"Transects_100m_AddSpatialJoin.editor":null,"Transects_100m_AddSpatialJoin.edit_date":null,"Transects_100m_AddSpatialJoin.notes":null,"Transects_100m_AddSpatialJoin.hotspot":null,"Transects_100m_AddSpatialJoin.Shape_Length":10000}},{"type":"Feature","id":521,"geometry":{"type":"LineString","coordinates":[[460198.45218999963,3949762.3268999998],[450198.45218999963,3949762.3268999998]]},"properties":{"Transects_100m.OBJECTID":521,"Transects_100m.LineID":521,"Transects_100m.Shape_Length":10000,"Transects_100m_AddSpatialJoin.OBJECTID":521,"Transects_100m_AddSpatialJoin.Join_Count":0,"Transects_100m_AddSpatialJoin.TARGET_FID":521,"Transects_100m_AddSpatialJoin.Coords":null,"Transects_100m_AddSpatialJoin.domain_id":null,"Transects_100m_AddSpatialJoin.reach":null,"Transects_100m_AddSpatialJoin.z_mean":null,"Transects_100m_AddSpatialJoin.z_max":null,"Transects_100m_AddSpatialJoin.z_min":null,"Transects_100m_AddSpatialJoin.relief_m":null,"Transects_100m_AddSpatialJoin.slope_avg":null,"Transects_100m_AddSpatialJoin.road_z":null,"Transects_100m_AddSpatialJoin.shch_myr":null,"Transects_100m_AddSpatialJoin.eros_hot":null,"Transects_100m_AddSpatialJoin.bnour":null,"Transects_100m_AddSpatialJoin.bnour_yr":null,"Transects_100m_AddSpatialJoin.bnour_src":null,"Transects_100m_AddSpatialJoin.armor":null,"Transects_100m_AddSpatialJoin.editor":null,"Transects_100m_AddSpatialJoin.edit_date":null,"Transects_100m_AddSpatialJoin.notes":null,"Transects_100m_AddSpatialJoin.hotspot":null,"Transects_100m_AddSpatialJoin.Shape_Length":10000}},{"type":"Feature","id":522,"geometry":{"type":"LineString","coordinates":[[460198.45218800008,3949862.3268999998],[450198.45218800008,3949862.3268999998]]},"properties":{"Transects_100m.OBJECTID":522,"Transects_100m.LineID":522,"Transects_100m.Shape_Length":10000,"Transects_100m_AddSpatialJoin.OBJECTID":522,"Transects_100m_AddSpatialJoin.Join_Count":0,"Transects_100m_AddSpatialJoin.TARGET_FID":522,"Transects_100m_AddSpatialJoin.Coords":null,"Transects_100m_AddSpatialJoin.domain_id":null,"Transects_100m_AddSpatialJoin.reach":null,"Transects_100m_AddSpatialJoin.z_mean":null,"Transects_100m_AddSpatialJoin.z_max":null,"Transects_100m_AddSpatialJoin.z_min":null,"Transects_100m_AddSpatialJoin.relief_m":null,"Transects_100m_AddSpatialJoin.slope_avg":null,"Transects_100m_AddSpatialJoin.road_z":null,"Transects_100m_AddSpatialJoin.shch_myr":null,"Transects_100m_AddSpatialJoin.eros_hot":null,"Transects_100m_AddSpatialJoin.bnour":null,"Transects_100m_AddSpatialJoin.bnour_yr":null,"Transects_100m_AddSpatialJoin.bnour_src":null,"Transects_100m_AddSpatialJoin.armor":null,"Transects_100m_AddSpatialJoin.editor":null,"Transects_100m_AddSpatialJoin.edit_date":null,"Transects_100m_AddSpatialJoin.notes":null,"Transects_100m_AddSpatialJoin.hotspot":null,"Transects_100m_AddSpatialJoin.Shape_Length":10000}},{"type":"Feature","id":523,"geometry":{"type":"LineString","coordinates":[[460198.4521859996,3949962.3268999998],[450198.4521859996,3949962.3268999998]]},"properties":{"Transects_100m.OBJECTID":523,"Transects_100m.LineID":523,"Transects_100m.Shape_Length":10000,"Transects_100m_AddSpatialJoin.OBJECTID":523,"Transects_100m_AddSpatialJoin.Join_Count":0,"Transects_100m_AddSpatialJoin.TARGET_FID":523,"Transects_100m_AddSpatialJoin.Coords":null,"Transects_100m_AddSpatialJoin.domain_id":null,"Transects_100m_AddSpatialJoin.reach":null,"Transects_100m_AddSpatialJoin.z_mean":null,"Transects_100m_AddSpatialJoin.z_max":null,"Transects_100m_AddSpatialJoin.z_min":null,"Transects_100m_AddSpatialJoin.relief_m":null,"Transects_100m_AddSpatialJoin.slope_avg":null,"Transects_100m_AddSpatialJoin.road_z":null,"Transects_100m_AddSpatialJoin.shch_myr":null,"Transects_100m_AddSpatialJoin.eros_hot":null,"Transects_100m_AddSpatialJoin.bnour":null,"Transects_100m_AddSpatialJoin.bnour_yr":null,"Transects_100m_AddSpatialJoin.bnour_src":null,"Transects_100m_AddSpatialJoin.armor":null,"Transects_100m_AddSpatialJoin.editor":null,"Transects_100m_AddSpatialJoin.edit_date":null,"Transects_100m_AddSpatialJoin.notes":null,"Transects_100m_AddSpatialJoin.hotspot":null,"Transects_100m_AddSpatialJoin.Shape_Length":10000}},{"type":"Feature","id":524,"geometry":{"type":"LineString","coordinates":[[460198.45218400005,3950062.3268999998],[450198.45218400005,3950062.3268999998]]},"properties":{"Transects_100m.OBJECTID":524,"Transects_100m.LineID":524,"Transects_100m.Shape_Length":10000,"Transects_100m_AddSpatialJoin.OBJECTID":524,"Transects_100m_AddSpatialJoin.Join_Count":0,"Transects_100m_AddSpatialJoin.TARGET_FID":524,"Transects_100m_AddSpatialJoin.Coords":null,"Transects_100m_AddSpatialJoin.domain_id":null,"Transects_100m_AddSpatialJoin.reach":null,"Transects_100m_AddSpatialJoin.z_mean":null,"Transects_100m_AddSpatialJoin.z_max":null,"Transects_100m_AddSpatialJoin.z_min":null,"Transects_100m_AddSpatialJoin.relief_m":null,"Transects_100m_AddSpatialJoin.slope_avg":null,"Transects_100m_AddSpatialJoin.road_z":null,"Transects_100m_AddSpatialJoin.shch_myr":null,"Transects_100m_AddSpatialJoin.eros_hot":null,"Transects_100m_AddSpatialJoin.bnour":null,"Transects_100m_AddSpatialJoin.bnour_yr":null,"Transects_100m_AddSpatialJoin.bnour_src":null,"Transects_100m_AddSpatialJoin.armor":null,"Transects_100m_AddSpatialJoin.editor":null,"Transects_100m_AddSpatialJoin.edit_date":null,"Transects_100m_AddSpatialJoin.notes":null,"Transects_100m_AddSpatialJoin.hotspot":null,"Transects_100m_AddSpatialJoin.Shape_Length":10000}},{"type":"Feature","id":525,"geometry":{"type":"LineString","coordinates":[[460198.45218199957,3950162.3268999998],[450198.45218199957,3950162.3268999998]]},"properties":{"Transects_100m.OBJECTID":525,"Transects_100m.LineID":525,"Transects_100m.Shape_Length":10000,"Transects_100m_AddSpatialJoin.OBJECTID":525,"Transects_100m_AddSpatialJoin.Join_Count":0,"Transects_100m_AddSpatialJoin.TARGET_FID":525,"Transects_100m_AddSpatialJoin.Coords":null,"Transects_100m_AddSpatialJoin.domain_id":null,"Transects_100m_AddSpatialJoin.reach":null,"Transects_100m_AddSpatialJoin.z_mean":null,"Transects_100m_AddSpatialJoin.z_max":null,"Transects_100m_AddSpatialJoin.z_min":null,"Transects_100m_AddSpatialJoin.relief_m":null,"Transects_100m_AddSpatialJoin.slope_avg":null,"Transects_100m_AddSpatialJoin.road_z":null,"Transects_100m_AddSpatialJoin.shch_myr":null,"Transects_100m_AddSpatialJoin.eros_hot":null,"Transects_100m_AddSpatialJoin.bnour":null,"Transects_100m_AddSpatialJoin.bnour_yr":null,"Transects_100m_AddSpatialJoin.bnour_src":null,"Transects_100m_AddSpatialJoin.armor":null,"Transects_100m_AddSpatialJoin.editor":null,"Transects_100m_AddSpatialJoin.edit_date":null,"Transects_100m_AddSpatialJoin.notes":null,"Transects_100m_AddSpatialJoin.hotspot":null,"Transects_100m_AddSpatialJoin.Shape_Length":10000}},{"type":"Feature","id":526,"geometry":{"type":"LineString","coordinates":[[460198.45218000002,3950262.3268999998],[450198.45218000002,3950262.3268999998]]},"properties":{"Transects_100m.OBJECTID":526,"Transects_100m.LineID":526,"Transects_100m.Shape_Length":10000,"Transects_100m_AddSpatialJoin.OBJECTID":526,"Transects_100m_AddSpatialJoin.Join_Count":0,"Transects_100m_AddSpatialJoin.TARGET_FID":526,"Transects_100m_AddSpatialJoin.Coords":null,"Transects_100m_AddSpatialJoin.domain_id":null,"Transects_100m_AddSpatialJoin.reach":null,"Transects_100m_AddSpatialJoin.z_mean":null,"Transects_100m_AddSpatialJoin.z_max":null,"Transects_100m_AddSpatialJoin.z_min":null,"Transects_100m_AddSpatialJoin.relief_m":null,"Transects_100m_AddSpatialJoin.slope_avg":null,"Transects_100m_AddSpatialJoin.road_z":null,"Transects_100m_AddSpatialJoin.shch_myr":null,"Transects_100m_AddSpatialJoin.eros_hot":null,"Transects_100m_AddSpatialJoin.bnour":null,"Transects_100m_AddSpatialJoin.bnour_yr":null,"Transects_100m_AddSpatialJoin.bnour_src":null,"Transects_100m_AddSpatialJoin.armor":null,"Transects_100m_AddSpatialJoin.editor":null,"Transects_100m_AddSpatialJoin.edit_date":null,"Transects_100m_AddSpatialJoin.notes":null,"Transects_100m_AddSpatialJoin.hotspot":null,"Transects_100m_AddSpatialJoin.Shape_Length":10000}},{"type":"Feature","id":527,"geometry":{"type":"LineString","coordinates":[[460198.45217799954,3950362.3268999998],[450198.45217799954,3950362.3268999998]]},"properties":{"Transects_100m.OBJECTID":527,"Transects_100m.LineID":527,"Transects_100m.Shape_Length":10000,"Transects_100m_AddSpatialJoin.OBJECTID":527,"Transects_100m_AddSpatialJoin.Join_Count":0,"Transects_100m_AddSpatialJoin.TARGET_FID":527,"Transects_100m_AddSpatialJoin.Coords":null,"Transects_100m_AddSpatialJoin.domain_id":null,"Transects_100m_AddSpatialJoin.reach":null,"Transects_100m_AddSpatialJoin.z_mean":null,"Transects_100m_AddSpatialJoin.z_max":null,"Transects_100m_AddSpatialJoin.z_min":null,"Transects_100m_AddSpatialJoin.relief_m":null,"Transects_100m_AddSpatialJoin.slope_avg":null,"Transects_100m_AddSpatialJoin.road_z":null,"Transects_100m_AddSpatialJoin.shch_myr":null,"Transects_100m_AddSpatialJoin.eros_hot":null,"Transects_100m_AddSpatialJoin.bnour":null,"Transects_100m_AddSpatialJoin.bnour_yr":null,"Transects_100m_AddSpatialJoin.bnour_src":null,"Transects_100m_AddSpatialJoin.armor":null,"Transects_100m_AddSpatialJoin.editor":null,"Transects_100m_AddSpatialJoin.edit_date":null,"Transects_100m_AddSpatialJoin.notes":null,"Transects_100m_AddSpatialJoin.hotspot":null,"Transects_100m_AddSpatialJoin.Shape_Length":10000}},{"type":"Feature","id":528,"geometry":{"type":"LineString","coordinates":[[460198.45217700023,3950462.3268999998],[450198.45217700023,3950462.3268999998]]},"properties":{"Transects_100m.OBJECTID":528,"Transects_100m.LineID":528,"Transects_100m.Shape_Length":10000,"Transects_100m_AddSpatialJoin.OBJECTID":528,"Transects_100m_AddSpatialJoin.Join_Count":0,"Transects_100m_AddSpatialJoin.TARGET_FID":528,"Transects_100m_AddSpatialJoin.Coords":null,"Transects_100m_AddSpatialJoin.domain_id":null,"Transects_100m_AddSpatialJoin.reach":null,"Transects_100m_AddSpatialJoin.z_mean":null,"Transects_100m_AddSpatialJoin.z_max":null,"Transects_100m_AddSpatialJoin.z_min":null,"Transects_100m_AddSpatialJoin.relief_m":null,"Transects_100m_AddSpatialJoin.slope_avg":null,"Transects_100m_AddSpatialJoin.road_z":null,"Transects_100m_AddSpatialJoin.shch_myr":null,"Transects_100m_AddSpatialJoin.eros_hot":null,"Transects_100m_AddSpatialJoin.bnour":null,"Transects_100m_AddSpatialJoin.bnour_yr":null,"Transects_100m_AddSpatialJoin.bnour_src":null,"Transects_100m_AddSpatialJoin.armor":null,"Transects_100m_AddSpatialJoin.editor":null,"Transects_100m_AddSpatialJoin.edit_date":null,"Transects_100m_AddSpatialJoin.notes":null,"Transects_100m_AddSpatialJoin.hotspot":null,"Transects_100m_AddSpatialJoin.Shape_Length":10000}},{"type":"Feature","id":529,"geometry":{"type":"LineString","coordinates":[[460198.45217499975,3950562.3268999998],[450198.45217499975,3950562.3268999998]]},"properties":{"Transects_100m.OBJECTID":529,"Transects_100m.LineID":529,"Transects_100m.Shape_Length":10000,"Transects_100m_AddSpatialJoin.OBJECTID":529,"Transects_100m_AddSpatialJoin.Join_Count":0,"Transects_100m_AddSpatialJoin.TARGET_FID":529,"Transects_100m_AddSpatialJoin.Coords":null,"Transects_100m_AddSpatialJoin.domain_id":null,"Transects_100m_AddSpatialJoin.reach":null,"Transects_100m_AddSpatialJoin.z_mean":null,"Transects_100m_AddSpatialJoin.z_max":null,"Transects_100m_AddSpatialJoin.z_min":null,"Transects_100m_AddSpatialJoin.relief_m":null,"Transects_100m_AddSpatialJoin.slope_avg":null,"Transects_100m_AddSpatialJoin.road_z":null,"Transects_100m_AddSpatialJoin.shch_myr":null,"Transects_100m_AddSpatialJoin.eros_hot":null,"Transects_100m_AddSpatialJoin.bnour":null,"Transects_100m_AddSpatialJoin.bnour_yr":null,"Transects_100m_AddSpatialJoin.bnour_src":null,"Transects_100m_AddSpatialJoin.armor":null,"Transects_100m_AddSpatialJoin.editor":null,"Transects_100m_AddSpatialJoin.edit_date":null,"Transects_100m_AddSpatialJoin.notes":null,"Transects_100m_AddSpatialJoin.hotspot":null,"Transects_100m_AddSpatialJoin.Shape_Length":10000}},{"type":"Feature","id":530,"geometry":{"type":"LineString","coordinates":[[460198.4521730002,3950662.3268999998],[450198.4521730002,3950662.3268999998]]},"properties":{"Transects_100m.OBJECTID":530,"Transects_100m.LineID":530,"Transects_100m.Shape_Length":10000,"Transects_100m_AddSpatialJoin.OBJECTID":530,"Transects_100m_AddSpatialJoin.Join_Count":0,"Transects_100m_AddSpatialJoin.TARGET_FID":530,"Transects_100m_AddSpatialJoin.Coords":null,"Transects_100m_AddSpatialJoin.domain_id":null,"Transects_100m_AddSpatialJoin.reach":null,"Transects_100m_AddSpatialJoin.z_mean":null,"Transects_100m_AddSpatialJoin.z_max":null,"Transects_100m_AddSpatialJoin.z_min":null,"Transects_100m_AddSpatialJoin.relief_m":null,"Transects_100m_AddSpatialJoin.slope_avg":null,"Transects_100m_AddSpatialJoin.road_z":null,"Transects_100m_AddSpatialJoin.shch_myr":null,"Transects_100m_AddSpatialJoin.eros_hot":null,"Transects_100m_AddSpatialJoin.bnour":null,"Transects_100m_AddSpatialJoin.bnour_yr":null,"Transects_100m_AddSpatialJoin.bnour_src":null,"Transects_100m_AddSpatialJoin.armor":null,"Transects_100m_AddSpatialJoin.editor":null,"Transects_100m_AddSpatialJoin.edit_date":null,"Transects_100m_AddSpatialJoin.notes":null,"Transects_100m_AddSpatialJoin.hotspot":null,"Transects_100m_AddSpatialJoin.Shape_Length":10000}},{"type":"Feature","id":531,"geometry":{"type":"LineString","coordinates":[[460198.45217099972,3950762.3268999998],[450198.45217099972,3950762.3268999998]]},"properties":{"Transects_100m.OBJECTID":531,"Transects_100m.LineID":531,"Transects_100m.Shape_Length":10000,"Transects_100m_AddSpatialJoin.OBJECTID":531,"Transects_100m_AddSpatialJoin.Join_Count":0,"Transects_100m_AddSpatialJoin.TARGET_FID":531,"Transects_100m_AddSpatialJoin.Coords":null,"Transects_100m_AddSpatialJoin.domain_id":null,"Transects_100m_AddSpatialJoin.reach":null,"Transects_100m_AddSpatialJoin.z_mean":null,"Transects_100m_AddSpatialJoin.z_max":null,"Transects_100m_AddSpatialJoin.z_min":null,"Transects_100m_AddSpatialJoin.relief_m":null,"Transects_100m_AddSpatialJoin.slope_avg":null,"Transects_100m_AddSpatialJoin.road_z":null,"Transects_100m_AddSpatialJoin.shch_myr":null,"Transects_100m_AddSpatialJoin.eros_hot":null,"Transects_100m_AddSpatialJoin.bnour":null,"Transects_100m_AddSpatialJoin.bnour_yr":null,"Transects_100m_AddSpatialJoin.bnour_src":null,"Transects_100m_AddSpatialJoin.armor":null,"Transects_100m_AddSpatialJoin.editor":null,"Transects_100m_AddSpatialJoin.edit_date":null,"Transects_100m_AddSpatialJoin.notes":null,"Transects_100m_AddSpatialJoin.hotspot":null,"Transects_100m_AddSpatialJoin.Shape_Length":10000}},{"type":"Feature","id":532,"geometry":{"type":"LineString","coordinates":[[460198.45216900017,3950862.3268999998],[450198.45216900017,3950862.3268999998]]},"properties":{"Transects_100m.OBJECTID":532,"Transects_100m.LineID":532,"Transects_100m.Shape_Length":10000,"Transects_100m_AddSpatialJoin.OBJECTID":532,"Transects_100m_AddSpatialJoin.Join_Count":0,"Transects_100m_AddSpatialJoin.TARGET_FID":532,"Transects_100m_AddSpatialJoin.Coords":null,"Transects_100m_AddSpatialJoin.domain_id":null,"Transects_100m_AddSpatialJoin.reach":null,"Transects_100m_AddSpatialJoin.z_mean":null,"Transects_100m_AddSpatialJoin.z_max":null,"Transects_100m_AddSpatialJoin.z_min":null,"Transects_100m_AddSpatialJoin.relief_m":null,"Transects_100m_AddSpatialJoin.slope_avg":null,"Transects_100m_AddSpatialJoin.road_z":null,"Transects_100m_AddSpatialJoin.shch_myr":null,"Transects_100m_AddSpatialJoin.eros_hot":null,"Transects_100m_AddSpatialJoin.bnour":null,"Transects_100m_AddSpatialJoin.bnour_yr":null,"Transects_100m_AddSpatialJoin.bnour_src":null,"Transects_100m_AddSpatialJoin.armor":null,"Transects_100m_AddSpatialJoin.editor":null,"Transects_100m_AddSpatialJoin.edit_date":null,"Transects_100m_AddSpatialJoin.notes":null,"Transects_100m_AddSpatialJoin.hotspot":null,"Transects_100m_AddSpatialJoin.Shape_Length":10000}},{"type":"Feature","id":533,"geometry":{"type":"LineString","coordinates":[[460198.45216699969,3950962.3268999998],[450198.45216699969,3950962.3268999998]]},"properties":{"Transects_100m.OBJECTID":533,"Transects_100m.LineID":533,"Transects_100m.Shape_Length":10000,"Transects_100m_AddSpatialJoin.OBJECTID":533,"Transects_100m_AddSpatialJoin.Join_Count":0,"Transects_100m_AddSpatialJoin.TARGET_FID":533,"Transects_100m_AddSpatialJoin.Coords":null,"Transects_100m_AddSpatialJoin.domain_id":null,"Transects_100m_AddSpatialJoin.reach":null,"Transects_100m_AddSpatialJoin.z_mean":null,"Transects_100m_AddSpatialJoin.z_max":null,"Transects_100m_AddSpatialJoin.z_min":null,"Transects_100m_AddSpatialJoin.relief_m":null,"Transects_100m_AddSpatialJoin.slope_avg":null,"Transects_100m_AddSpatialJoin.road_z":null,"Transects_100m_AddSpatialJoin.shch_myr":null,"Transects_100m_AddSpatialJoin.eros_hot":null,"Transects_100m_AddSpatialJoin.bnour":null,"Transects_100m_AddSpatialJoin.bnour_yr":null,"Transects_100m_AddSpatialJoin.bnour_src":null,"Transects_100m_AddSpatialJoin.armor":null,"Transects_100m_AddSpatialJoin.editor":null,"Transects_100m_AddSpatialJoin.edit_date":null,"Transects_100m_AddSpatialJoin.notes":null,"Transects_100m_AddSpatialJoin.hotspot":null,"Transects_100m_AddSpatialJoin.Shape_Length":10000}},{"type":"Feature","id":534,"geometry":{"type":"LineString","coordinates":[[460198.45216500014,3951062.3268999998],[450198.45216500014,3951062.3268999998]]},"properties":{"Transects_100m.OBJECTID":534,"Transects_100m.LineID":534,"Transects_100m.Shape_Length":10000,"Transects_100m_AddSpatialJoin.OBJECTID":534,"Transects_100m_AddSpatialJoin.Join_Count":0,"Transects_100m_AddSpatialJoin.TARGET_FID":534,"Transects_100m_AddSpatialJoin.Coords":null,"Transects_100m_AddSpatialJoin.domain_id":null,"Transects_100m_AddSpatialJoin.reach":null,"Transects_100m_AddSpatialJoin.z_mean":null,"Transects_100m_AddSpatialJoin.z_max":null,"Transects_100m_AddSpatialJoin.z_min":null,"Transects_100m_AddSpatialJoin.relief_m":null,"Transects_100m_AddSpatialJoin.slope_avg":null,"Transects_100m_AddSpatialJoin.road_z":null,"Transects_100m_AddSpatialJoin.shch_myr":null,"Transects_100m_AddSpatialJoin.eros_hot":null,"Transects_100m_AddSpatialJoin.bnour":null,"Transects_100m_AddSpatialJoin.bnour_yr":null,"Transects_100m_AddSpatialJoin.bnour_src":null,"Transects_100m_AddSpatialJoin.armor":null,"Transects_100m_AddSpatialJoin.editor":null,"Transects_100m_AddSpatialJoin.edit_date":null,"Transects_100m_AddSpatialJoin.notes":null,"Transects_100m_AddSpatialJoin.hotspot":null,"Transects_100m_AddSpatialJoin.Shape_Length":10000}},{"type":"Feature","id":535,"geometry":{"type":"LineString","coordinates":[[460198.45216299966,3951162.3268999998],[450198.45216299966,3951162.3268999998]]},"properties":{"Transects_100m.OBJECTID":535,"Transects_100m.LineID":535,"Transects_100m.Shape_Length":10000,"Transects_100m_AddSpatialJoin.OBJECTID":535,"Transects_100m_AddSpatialJoin.Join_Count":0,"Transects_100m_AddSpatialJoin.TARGET_FID":535,"Transects_100m_AddSpatialJoin.Coords":null,"Transects_100m_AddSpatialJoin.domain_id":null,"Transects_100m_AddSpatialJoin.reach":null,"Transects_100m_AddSpatialJoin.z_mean":null,"Transects_100m_AddSpatialJoin.z_max":null,"Transects_100m_AddSpatialJoin.z_min":null,"Transects_100m_AddSpatialJoin.relief_m":null,"Transects_100m_AddSpatialJoin.slope_avg":null,"Transects_100m_AddSpatialJoin.road_z":null,"Transects_100m_AddSpatialJoin.shch_myr":null,"Transects_100m_AddSpatialJoin.eros_hot":null,"Transects_100m_AddSpatialJoin.bnour":null,"Transects_100m_AddSpatialJoin.bnour_yr":null,"Transects_100m_AddSpatialJoin.bnour_src":null,"Transects_100m_AddSpatialJoin.armor":null,"Transects_100m_AddSpatialJoin.editor":null,"Transects_100m_AddSpatialJoin.edit_date":null,"Transects_100m_AddSpatialJoin.notes":null,"Transects_100m_AddSpatialJoin.hotspot":null,"Transects_100m_AddSpatialJoin.Shape_Length":10000}},{"type":"Feature","id":536,"geometry":{"type":"LineString","coordinates":[[460198.45216200035,3951262.3268999998],[450198.45216200035,3951262.3268999998]]},"properties":{"Transects_100m.OBJECTID":536,"Transects_100m.LineID":536,"Transects_100m.Shape_Length":10000,"Transects_100m_AddSpatialJoin.OBJECTID":536,"Transects_100m_AddSpatialJoin.Join_Count":0,"Transects_100m_AddSpatialJoin.TARGET_FID":536,"Transects_100m_AddSpatialJoin.Coords":null,"Transects_100m_AddSpatialJoin.domain_id":null,"Transects_100m_AddSpatialJoin.reach":null,"Transects_100m_AddSpatialJoin.z_mean":null,"Transects_100m_AddSpatialJoin.z_max":null,"Transects_100m_AddSpatialJoin.z_min":null,"Transects_100m_AddSpatialJoin.relief_m":null,"Transects_100m_AddSpatialJoin.slope_avg":null,"Transects_100m_AddSpatialJoin.road_z":null,"Transects_100m_AddSpatialJoin.shch_myr":null,"Transects_100m_AddSpatialJoin.eros_hot":null,"Transects_100m_AddSpatialJoin.bnour":null,"Transects_100m_AddSpatialJoin.bnour_yr":null,"Transects_100m_AddSpatialJoin.bnour_src":null,"Transects_100m_AddSpatialJoin.armor":null,"Transects_100m_AddSpatialJoin.editor":null,"Transects_100m_AddSpatialJoin.edit_date":null,"Transects_100m_AddSpatialJoin.notes":null,"Transects_100m_AddSpatialJoin.hotspot":null,"Transects_100m_AddSpatialJoin.Shape_Length":10000}},{"type":"Feature","id":537,"geometry":{"type":"LineString","coordinates":[[460198.45215999987,3951362.3268999998],[450198.45215999987,3951362.3268999998]]},"properties":{"Transects_100m.OBJECTID":537,"Transects_100m.LineID":537,"Transects_100m.Shape_Length":10000,"Transects_100m_AddSpatialJoin.OBJECTID":537,"Transects_100m_AddSpatialJoin.Join_Count":0,"Transects_100m_AddSpatialJoin.TARGET_FID":537,"Transects_100m_AddSpatialJoin.Coords":null,"Transects_100m_AddSpatialJoin.domain_id":null,"Transects_100m_AddSpatialJoin.reach":null,"Transects_100m_AddSpatialJoin.z_mean":null,"Transects_100m_AddSpatialJoin.z_max":null,"Transects_100m_AddSpatialJoin.z_min":null,"Transects_100m_AddSpatialJoin.relief_m":null,"Transects_100m_AddSpatialJoin.slope_avg":null,"Transects_100m_AddSpatialJoin.road_z":null,"Transects_100m_AddSpatialJoin.shch_myr":null,"Transects_100m_AddSpatialJoin.eros_hot":null,"Transects_100m_AddSpatialJoin.bnour":null,"Transects_100m_AddSpatialJoin.bnour_yr":null,"Transects_100m_AddSpatialJoin.bnour_src":null,"Transects_100m_AddSpatialJoin.armor":null,"Transects_100m_AddSpatialJoin.editor":null,"Transects_100m_AddSpatialJoin.edit_date":null,"Transects_100m_AddSpatialJoin.notes":null,"Transects_100m_AddSpatialJoin.hotspot":null,"Transects_100m_AddSpatialJoin.Shape_Length":10000}},{"type":"Feature","id":538,"geometry":{"type":"LineString","coordinates":[[460198.45215800032,3951462.3268999998],[450198.45215800032,3951462.3268999998]]},"properties":{"Transects_100m.OBJECTID":538,"Transects_100m.LineID":538,"Transects_100m.Shape_Length":10000,"Transects_100m_AddSpatialJoin.OBJECTID":538,"Transects_100m_AddSpatialJoin.Join_Count":0,"Transects_100m_AddSpatialJoin.TARGET_FID":538,"Transects_100m_AddSpatialJoin.Coords":null,"Transects_100m_AddSpatialJoin.domain_id":null,"Transects_100m_AddSpatialJoin.reach":null,"Transects_100m_AddSpatialJoin.z_mean":null,"Transects_100m_AddSpatialJoin.z_max":null,"Transects_100m_AddSpatialJoin.z_min":null,"Transects_100m_AddSpatialJoin.relief_m":null,"Transects_100m_AddSpatialJoin.slope_avg":null,"Transects_100m_AddSpatialJoin.road_z":null,"Transects_100m_AddSpatialJoin.shch_myr":null,"Transects_100m_AddSpatialJoin.eros_hot":null,"Transects_100m_AddSpatialJoin.bnour":null,"Transects_100m_AddSpatialJoin.bnour_yr":null,"Transects_100m_AddSpatialJoin.bnour_src":null,"Transects_100m_AddSpatialJoin.armor":null,"Transects_100m_AddSpatialJoin.editor":null,"Transects_100m_AddSpatialJoin.edit_date":null,"Transects_100m_AddSpatialJoin.notes":null,"Transects_100m_AddSpatialJoin.hotspot":null,"Transects_100m_AddSpatialJoin.Shape_Length":10000}},{"type":"Feature","id":539,"geometry":{"type":"LineString","coordinates":[[460198.45215599984,3951562.3268999998],[450198.45215599984,3951562.3268999998]]},"properties":{"Transects_100m.OBJECTID":539,"Transects_100m.LineID":539,"Transects_100m.Shape_Length":10000,"Transects_100m_AddSpatialJoin.OBJECTID":539,"Transects_100m_AddSpatialJoin.Join_Count":0,"Transects_100m_AddSpatialJoin.TARGET_FID":539,"Transects_100m_AddSpatialJoin.Coords":null,"Transects_100m_AddSpatialJoin.domain_id":null,"Transects_100m_AddSpatialJoin.reach":null,"Transects_100m_AddSpatialJoin.z_mean":null,"Transects_100m_AddSpatialJoin.z_max":null,"Transects_100m_AddSpatialJoin.z_min":null,"Transects_100m_AddSpatialJoin.relief_m":null,"Transects_100m_AddSpatialJoin.slope_avg":null,"Transects_100m_AddSpatialJoin.road_z":null,"Transects_100m_AddSpatialJoin.shch_myr":null,"Transects_100m_AddSpatialJoin.eros_hot":null,"Transects_100m_AddSpatialJoin.bnour":null,"Transects_100m_AddSpatialJoin.bnour_yr":null,"Transects_100m_AddSpatialJoin.bnour_src":null,"Transects_100m_AddSpatialJoin.armor":null,"Transects_100m_AddSpatialJoin.editor":null,"Transects_100m_AddSpatialJoin.edit_date":null,"Transects_100m_AddSpatialJoin.notes":null,"Transects_100m_AddSpatialJoin.hotspot":null,"Transects_100m_AddSpatialJoin.Shape_Length":10000}},{"type":"Feature","id":540,"geometry":{"type":"LineString","coordinates":[[460198.45215400029,3951662.3268999998],[450198.45215400029,3951662.3268999998]]},"properties":{"Transects_100m.OBJECTID":540,"Transects_100m.LineID":540,"Transects_100m.Shape_Length":10000,"Transects_100m_AddSpatialJoin.OBJECTID":540,"Transects_100m_AddSpatialJoin.Join_Count":0,"Transects_100m_AddSpatialJoin.TARGET_FID":540,"Transects_100m_AddSpatialJoin.Coords":null,"Transects_100m_AddSpatialJoin.domain_id":null,"Transects_100m_AddSpatialJoin.reach":null,"Transects_100m_AddSpatialJoin.z_mean":null,"Transects_100m_AddSpatialJoin.z_max":null,"Transects_100m_AddSpatialJoin.z_min":null,"Transects_100m_AddSpatialJoin.relief_m":null,"Transects_100m_AddSpatialJoin.slope_avg":null,"Transects_100m_AddSpatialJoin.road_z":null,"Transects_100m_AddSpatialJoin.shch_myr":null,"Transects_100m_AddSpatialJoin.eros_hot":null,"Transects_100m_AddSpatialJoin.bnour":null,"Transects_100m_AddSpatialJoin.bnour_yr":null,"Transects_100m_AddSpatialJoin.bnour_src":null,"Transects_100m_AddSpatialJoin.armor":null,"Transects_100m_AddSpatialJoin.editor":null,"Transects_100m_AddSpatialJoin.edit_date":null,"Transects_100m_AddSpatialJoin.notes":null,"Transects_100m_AddSpatialJoin.hotspot":null,"Transects_100m_AddSpatialJoin.Shape_Length":10000}},{"type":"Feature","id":541,"geometry":{"type":"LineString","coordinates":[[460198.45215199981,3951762.3268999998],[450198.45215199981,3951762.3268999998]]},"properties":{"Transects_100m.OBJECTID":541,"Transects_100m.LineID":541,"Transects_100m.Shape_Length":10000,"Transects_100m_AddSpatialJoin.OBJECTID":541,"Transects_100m_AddSpatialJoin.Join_Count":0,"Transects_100m_AddSpatialJoin.TARGET_FID":541,"Transects_100m_AddSpatialJoin.Coords":null,"Transects_100m_AddSpatialJoin.domain_id":null,"Transects_100m_AddSpatialJoin.reach":null,"Transects_100m_AddSpatialJoin.z_mean":null,"Transects_100m_AddSpatialJoin.z_max":null,"Transects_100m_AddSpatialJoin.z_min":null,"Transects_100m_AddSpatialJoin.relief_m":null,"Transects_100m_AddSpatialJoin.slope_avg":null,"Transects_100m_AddSpatialJoin.road_z":null,"Transects_100m_AddSpatialJoin.shch_myr":null,"Transects_100m_AddSpatialJoin.eros_hot":null,"Transects_100m_AddSpatialJoin.bnour":null,"Transects_100m_AddSpatialJoin.bnour_yr":null,"Transects_100m_AddSpatialJoin.bnour_src":null,"Transects_100m_AddSpatialJoin.armor":null,"Transects_100m_AddSpatialJoin.editor":null,"Transects_100m_AddSpatialJoin.edit_date":null,"Transects_100m_AddSpatialJoin.notes":null,"Transects_100m_AddSpatialJoin.hotspot":null,"Transects_100m_AddSpatialJoin.Shape_Length":10000}},{"type":"Feature","id":542,"geometry":{"type":"LineString","coordinates":[[460198.45215000026,3951862.3268999998],[450198.45215000026,3951862.3268999998]]},"properties":{"Transects_100m.OBJECTID":542,"Transects_100m.LineID":542,"Transects_100m.Shape_Length":10000,"Transects_100m_AddSpatialJoin.OBJECTID":542,"Transects_100m_AddSpatialJoin.Join_Count":0,"Transects_100m_AddSpatialJoin.TARGET_FID":542,"Transects_100m_AddSpatialJoin.Coords":null,"Transects_100m_AddSpatialJoin.domain_id":null,"Transects_100m_AddSpatialJoin.reach":null,"Transects_100m_AddSpatialJoin.z_mean":null,"Transects_100m_AddSpatialJoin.z_max":null,"Transects_100m_AddSpatialJoin.z_min":null,"Transects_100m_AddSpatialJoin.relief_m":null,"Transects_100m_AddSpatialJoin.slope_avg":null,"Transects_100m_AddSpatialJoin.road_z":null,"Transects_100m_AddSpatialJoin.shch_myr":null,"Transects_100m_AddSpatialJoin.eros_hot":null,"Transects_100m_AddSpatialJoin.bnour":null,"Transects_100m_AddSpatialJoin.bnour_yr":null,"Transects_100m_AddSpatialJoin.bnour_src":null,"Transects_100m_AddSpatialJoin.armor":null,"Transects_100m_AddSpatialJoin.editor":null,"Transects_100m_AddSpatialJoin.edit_date":null,"Transects_100m_AddSpatialJoin.notes":null,"Transects_100m_AddSpatialJoin.hotspot":null,"Transects_100m_AddSpatialJoin.Shape_Length":10000}},{"type":"Feature","id":543,"geometry":{"type":"LineString","coordinates":[[460198.45214900002,3951962.3268999998],[450198.45214900002,3951962.3268999998]]},"properties":{"Transects_100m.OBJECTID":543,"Transects_100m.LineID":543,"Transects_100m.Shape_Length":10000,"Transects_100m_AddSpatialJoin.OBJECTID":543,"Transects_100m_AddSpatialJoin.Join_Count":0,"Transects_100m_AddSpatialJoin.TARGET_FID":543,"Transects_100m_AddSpatialJoin.Coords":null,"Transects_100m_AddSpatialJoin.domain_id":null,"Transects_100m_AddSpatialJoin.reach":null,"Transects_100m_AddSpatialJoin.z_mean":null,"Transects_100m_AddSpatialJoin.z_max":null,"Transects_100m_AddSpatialJoin.z_min":null,"Transects_100m_AddSpatialJoin.relief_m":null,"Transects_100m_AddSpatialJoin.slope_avg":null,"Transects_100m_AddSpatialJoin.road_z":null,"Transects_100m_AddSpatialJoin.shch_myr":null,"Transects_100m_AddSpatialJoin.eros_hot":null,"Transects_100m_AddSpatialJoin.bnour":null,"Transects_100m_AddSpatialJoin.bnour_yr":null,"Transects_100m_AddSpatialJoin.bnour_src":null,"Transects_100m_AddSpatialJoin.armor":null,"Transects_100m_AddSpatialJoin.editor":null,"Transects_100m_AddSpatialJoin.edit_date":null,"Transects_100m_AddSpatialJoin.notes":null,"Transects_100m_AddSpatialJoin.hotspot":null,"Transects_100m_AddSpatialJoin.Shape_Length":10000}},{"type":"Feature","id":544,"geometry":{"type":"LineString","coordinates":[[460198.45214699954,3952062.3268999998],[450198.45214699954,3952062.3268999998]]},"properties":{"Transects_100m.OBJECTID":544,"Transects_100m.LineID":544,"Transects_100m.Shape_Length":10000,"Transects_100m_AddSpatialJoin.OBJECTID":544,"Transects_100m_AddSpatialJoin.Join_Count":0,"Transects_100m_AddSpatialJoin.TARGET_FID":544,"Transects_100m_AddSpatialJoin.Coords":null,"Transects_100m_AddSpatialJoin.domain_id":null,"Transects_100m_AddSpatialJoin.reach":null,"Transects_100m_AddSpatialJoin.z_mean":null,"Transects_100m_AddSpatialJoin.z_max":null,"Transects_100m_AddSpatialJoin.z_min":null,"Transects_100m_AddSpatialJoin.relief_m":null,"Transects_100m_AddSpatialJoin.slope_avg":null,"Transects_100m_AddSpatialJoin.road_z":null,"Transects_100m_AddSpatialJoin.shch_myr":null,"Transects_100m_AddSpatialJoin.eros_hot":null,"Transects_100m_AddSpatialJoin.bnour":null,"Transects_100m_AddSpatialJoin.bnour_yr":null,"Transects_100m_AddSpatialJoin.bnour_src":null,"Transects_100m_AddSpatialJoin.armor":null,"Transects_100m_AddSpatialJoin.editor":null,"Transects_100m_AddSpatialJoin.edit_date":null,"Transects_100m_AddSpatialJoin.notes":null,"Transects_100m_AddSpatialJoin.hotspot":null,"Transects_100m_AddSpatialJoin.Shape_Length":10000}},{"type":"Feature","id":545,"geometry":{"type":"LineString","coordinates":[[460198.45214499999,3952162.3268999998],[450198.45214499999,3952162.3268999998]]},"properties":{"Transects_100m.OBJECTID":545,"Transects_100m.LineID":545,"Transects_100m.Shape_Length":10000,"Transects_100m_AddSpatialJoin.OBJECTID":545,"Transects_100m_AddSpatialJoin.Join_Count":0,"Transects_100m_AddSpatialJoin.TARGET_FID":545,"Transects_100m_AddSpatialJoin.Coords":null,"Transects_100m_AddSpatialJoin.domain_id":null,"Transects_100m_AddSpatialJoin.reach":null,"Transects_100m_AddSpatialJoin.z_mean":null,"Transects_100m_AddSpatialJoin.z_max":null,"Transects_100m_AddSpatialJoin.z_min":null,"Transects_100m_AddSpatialJoin.relief_m":null,"Transects_100m_AddSpatialJoin.slope_avg":null,"Transects_100m_AddSpatialJoin.road_z":null,"Transects_100m_AddSpatialJoin.shch_myr":null,"Transects_100m_AddSpatialJoin.eros_hot":null,"Transects_100m_AddSpatialJoin.bnour":null,"Transects_100m_AddSpatialJoin.bnour_yr":null,"Transects_100m_AddSpatialJoin.bnour_src":null,"Transects_100m_AddSpatialJoin.armor":null,"Transects_100m_AddSpatialJoin.editor":null,"Transects_100m_AddSpatialJoin.edit_date":null,"Transects_100m_AddSpatialJoin.notes":null,"Transects_100m_AddSpatialJoin.hotspot":null,"Transects_100m_AddSpatialJoin.Shape_Length":10000}},{"type":"Feature","id":546,"geometry":{"type":"LineString","coordinates":[[460198.45214300044,3952262.3268999998],[450198.45214300044,3952262.3268999998]]},"properties":{"Transects_100m.OBJECTID":546,"Transects_100m.LineID":546,"Transects_100m.Shape_Length":10000,"Transects_100m_AddSpatialJoin.OBJECTID":546,"Transects_100m_AddSpatialJoin.Join_Count":0,"Transects_100m_AddSpatialJoin.TARGET_FID":546,"Transects_100m_AddSpatialJoin.Coords":null,"Transects_100m_AddSpatialJoin.domain_id":null,"Transects_100m_AddSpatialJoin.reach":null,"Transects_100m_AddSpatialJoin.z_mean":null,"Transects_100m_AddSpatialJoin.z_max":null,"Transects_100m_AddSpatialJoin.z_min":null,"Transects_100m_AddSpatialJoin.relief_m":null,"Transects_100m_AddSpatialJoin.slope_avg":null,"Transects_100m_AddSpatialJoin.road_z":null,"Transects_100m_AddSpatialJoin.shch_myr":null,"Transects_100m_AddSpatialJoin.eros_hot":null,"Transects_100m_AddSpatialJoin.bnour":null,"Transects_100m_AddSpatialJoin.bnour_yr":null,"Transects_100m_AddSpatialJoin.bnour_src":null,"Transects_100m_AddSpatialJoin.armor":null,"Transects_100m_AddSpatialJoin.editor":null,"Transects_100m_AddSpatialJoin.edit_date":null,"Transects_100m_AddSpatialJoin.notes":null,"Transects_100m_AddSpatialJoin.hotspot":null,"Transects_100m_AddSpatialJoin.Shape_Length":10000}},{"type":"Feature","id":547,"geometry":{"type":"LineString","coordinates":[[460198.45214099996,3952362.3268999998],[450198.45214099996,3952362.3268999998]]},"properties":{"Transects_100m.OBJECTID":547,"Transects_100m.LineID":547,"Transects_100m.Shape_Length":10000,"Transects_100m_AddSpatialJoin.OBJECTID":547,"Transects_100m_AddSpatialJoin.Join_Count":0,"Transects_100m_AddSpatialJoin.TARGET_FID":547,"Transects_100m_AddSpatialJoin.Coords":null,"Transects_100m_AddSpatialJoin.domain_id":null,"Transects_100m_AddSpatialJoin.reach":null,"Transects_100m_AddSpatialJoin.z_mean":null,"Transects_100m_AddSpatialJoin.z_max":null,"Transects_100m_AddSpatialJoin.z_min":null,"Transects_100m_AddSpatialJoin.relief_m":null,"Transects_100m_AddSpatialJoin.slope_avg":null,"Transects_100m_AddSpatialJoin.road_z":null,"Transects_100m_AddSpatialJoin.shch_myr":null,"Transects_100m_AddSpatialJoin.eros_hot":null,"Transects_100m_AddSpatialJoin.bnour":null,"Transects_100m_AddSpatialJoin.bnour_yr":null,"Transects_100m_AddSpatialJoin.bnour_src":null,"Transects_100m_AddSpatialJoin.armor":null,"Transects_100m_AddSpatialJoin.editor":null,"Transects_100m_AddSpatialJoin.edit_date":null,"Transects_100m_AddSpatialJoin.notes":null,"Transects_100m_AddSpatialJoin.hotspot":null,"Transects_100m_AddSpatialJoin.Shape_Length":10000}},{"type":"Feature","id":548,"geometry":{"type":"LineString","coordinates":[[460198.45213900041,3952462.3268999998],[450198.45213900041,3952462.3268999998]]},"properties":{"Transects_100m.OBJECTID":548,"Transects_100m.LineID":548,"Transects_100m.Shape_Length":10000,"Transects_100m_AddSpatialJoin.OBJECTID":548,"Transects_100m_AddSpatialJoin.Join_Count":0,"Transects_100m_AddSpatialJoin.TARGET_FID":548,"Transects_100m_AddSpatialJoin.Coords":null,"Transects_100m_AddSpatialJoin.domain_id":null,"Transects_100m_AddSpatialJoin.reach":null,"Transects_100m_AddSpatialJoin.z_mean":null,"Transects_100m_AddSpatialJoin.z_max":null,"Transects_100m_AddSpatialJoin.z_min":null,"Transects_100m_AddSpatialJoin.relief_m":null,"Transects_100m_AddSpatialJoin.slope_avg":null,"Transects_100m_AddSpatialJoin.road_z":null,"Transects_100m_AddSpatialJoin.shch_myr":null,"Transects_100m_AddSpatialJoin.eros_hot":null,"Transects_100m_AddSpatialJoin.bnour":null,"Transects_100m_AddSpatialJoin.bnour_yr":null,"Transects_100m_AddSpatialJoin.bnour_src":null,"Transects_100m_AddSpatialJoin.armor":null,"Transects_100m_AddSpatialJoin.editor":null,"Transects_100m_AddSpatialJoin.edit_date":null,"Transects_100m_AddSpatialJoin.notes":null,"Transects_100m_AddSpatialJoin.hotspot":null,"Transects_100m_AddSpatialJoin.Shape_Length":10000}},{"type":"Feature","id":549,"geometry":{"type":"LineString","coordinates":[[460198.45213699993,3952562.3268999998],[450198.45213699993,3952562.3268999998]]},"properties":{"Transects_100m.OBJECTID":549,"Transects_100m.LineID":549,"Transects_100m.Shape_Length":10000,"Transects_100m_AddSpatialJoin.OBJECTID":549,"Transects_100m_AddSpatialJoin.Join_Count":0,"Transects_100m_AddSpatialJoin.TARGET_FID":549,"Transects_100m_AddSpatialJoin.Coords":null,"Transects_100m_AddSpatialJoin.domain_id":null,"Transects_100m_AddSpatialJoin.reach":null,"Transects_100m_AddSpatialJoin.z_mean":null,"Transects_100m_AddSpatialJoin.z_max":null,"Transects_100m_AddSpatialJoin.z_min":null,"Transects_100m_AddSpatialJoin.relief_m":null,"Transects_100m_AddSpatialJoin.slope_avg":null,"Transects_100m_AddSpatialJoin.road_z":null,"Transects_100m_AddSpatialJoin.shch_myr":null,"Transects_100m_AddSpatialJoin.eros_hot":null,"Transects_100m_AddSpatialJoin.bnour":null,"Transects_100m_AddSpatialJoin.bnour_yr":null,"Transects_100m_AddSpatialJoin.bnour_src":null,"Transects_100m_AddSpatialJoin.armor":null,"Transects_100m_AddSpatialJoin.editor":null,"Transects_100m_AddSpatialJoin.edit_date":null,"Transects_100m_AddSpatialJoin.notes":null,"Transects_100m_AddSpatialJoin.hotspot":null,"Transects_100m_AddSpatialJoin.Shape_Length":10000}},{"type":"Feature","id":550,"geometry":{"type":"LineString","coordinates":[[460198.45213500038,3952662.3268999998],[450198.45213500038,3952662.3268999998]]},"properties":{"Transects_100m.OBJECTID":550,"Transects_100m.LineID":550,"Transects_100m.Shape_Length":10000,"Transects_100m_AddSpatialJoin.OBJECTID":550,"Transects_100m_AddSpatialJoin.Join_Count":0,"Transects_100m_AddSpatialJoin.TARGET_FID":550,"Transects_100m_AddSpatialJoin.Coords":null,"Transects_100m_AddSpatialJoin.domain_id":null,"Transects_100m_AddSpatialJoin.reach":null,"Transects_100m_AddSpatialJoin.z_mean":null,"Transects_100m_AddSpatialJoin.z_max":null,"Transects_100m_AddSpatialJoin.z_min":null,"Transects_100m_AddSpatialJoin.relief_m":null,"Transects_100m_AddSpatialJoin.slope_avg":null,"Transects_100m_AddSpatialJoin.road_z":null,"Transects_100m_AddSpatialJoin.shch_myr":null,"Transects_100m_AddSpatialJoin.eros_hot":null,"Transects_100m_AddSpatialJoin.bnour":null,"Transects_100m_AddSpatialJoin.bnour_yr":null,"Transects_100m_AddSpatialJoin.bnour_src":null,"Transects_100m_AddSpatialJoin.armor":null,"Transects_100m_AddSpatialJoin.editor":null,"Transects_100m_AddSpatialJoin.edit_date":null,"Transects_100m_AddSpatialJoin.notes":null,"Transects_100m_AddSpatialJoin.hotspot":null,"Transects_100m_AddSpatialJoin.Shape_Length":10000}},{"type":"Feature","id":551,"geometry":{"type":"LineString","coordinates":[[460198.45213400014,3952762.3268999998],[450198.45213400014,3952762.3268999998]]},"properties":{"Transects_100m.OBJECTID":551,"Transects_100m.LineID":551,"Transects_100m.Shape_Length":10000,"Transects_100m_AddSpatialJoin.OBJECTID":551,"Transects_100m_AddSpatialJoin.Join_Count":0,"Transects_100m_AddSpatialJoin.TARGET_FID":551,"Transects_100m_AddSpatialJoin.Coords":null,"Transects_100m_AddSpatialJoin.domain_id":null,"Transects_100m_AddSpatialJoin.reach":null,"Transects_100m_AddSpatialJoin.z_mean":null,"Transects_100m_AddSpatialJoin.z_max":null,"Transects_100m_AddSpatialJoin.z_min":null,"Transects_100m_AddSpatialJoin.relief_m":null,"Transects_100m_AddSpatialJoin.slope_avg":null,"Transects_100m_AddSpatialJoin.road_z":null,"Transects_100m_AddSpatialJoin.shch_myr":null,"Transects_100m_AddSpatialJoin.eros_hot":null,"Transects_100m_AddSpatialJoin.bnour":null,"Transects_100m_AddSpatialJoin.bnour_yr":null,"Transects_100m_AddSpatialJoin.bnour_src":null,"Transects_100m_AddSpatialJoin.armor":null,"Transects_100m_AddSpatialJoin.editor":null,"Transects_100m_AddSpatialJoin.edit_date":null,"Transects_100m_AddSpatialJoin.notes":null,"Transects_100m_AddSpatialJoin.hotspot":null,"Transects_100m_AddSpatialJoin.Shape_Length":10000}},{"type":"Feature","id":552,"geometry":{"type":"LineString","coordinates":[[460198.45213199966,3952862.3268999998],[450198.45213199966,3952862.3268999998]]},"properties":{"Transects_100m.OBJECTID":552,"Transects_100m.LineID":552,"Transects_100m.Shape_Length":10000,"Transects_100m_AddSpatialJoin.OBJECTID":552,"Transects_100m_AddSpatialJoin.Join_Count":0,"Transects_100m_AddSpatialJoin.TARGET_FID":552,"Transects_100m_AddSpatialJoin.Coords":null,"Transects_100m_AddSpatialJoin.domain_id":null,"Transects_100m_AddSpatialJoin.reach":null,"Transects_100m_AddSpatialJoin.z_mean":null,"Transects_100m_AddSpatialJoin.z_max":null,"Transects_100m_AddSpatialJoin.z_min":null,"Transects_100m_AddSpatialJoin.relief_m":null,"Transects_100m_AddSpatialJoin.slope_avg":null,"Transects_100m_AddSpatialJoin.road_z":null,"Transects_100m_AddSpatialJoin.shch_myr":null,"Transects_100m_AddSpatialJoin.eros_hot":null,"Transects_100m_AddSpatialJoin.bnour":null,"Transects_100m_AddSpatialJoin.bnour_yr":null,"Transects_100m_AddSpatialJoin.bnour_src":null,"Transects_100m_AddSpatialJoin.armor":null,"Transects_100m_AddSpatialJoin.editor":null,"Transects_100m_AddSpatialJoin.edit_date":null,"Transects_100m_AddSpatialJoin.notes":null,"Transects_100m_AddSpatialJoin.hotspot":null,"Transects_100m_AddSpatialJoin.Shape_Length":10000}},{"type":"Feature","id":553,"geometry":{"type":"LineString","coordinates":[[460198.45213000011,3952962.3268999998],[450198.45213000011,3952962.3268999998]]},"properties":{"Transects_100m.OBJECTID":553,"Transects_100m.LineID":553,"Transects_100m.Shape_Length":10000,"Transects_100m_AddSpatialJoin.OBJECTID":553,"Transects_100m_AddSpatialJoin.Join_Count":0,"Transects_100m_AddSpatialJoin.TARGET_FID":553,"Transects_100m_AddSpatialJoin.Coords":null,"Transects_100m_AddSpatialJoin.domain_id":null,"Transects_100m_AddSpatialJoin.reach":null,"Transects_100m_AddSpatialJoin.z_mean":null,"Transects_100m_AddSpatialJoin.z_max":null,"Transects_100m_AddSpatialJoin.z_min":null,"Transects_100m_AddSpatialJoin.relief_m":null,"Transects_100m_AddSpatialJoin.slope_avg":null,"Transects_100m_AddSpatialJoin.road_z":null,"Transects_100m_AddSpatialJoin.shch_myr":null,"Transects_100m_AddSpatialJoin.eros_hot":null,"Transects_100m_AddSpatialJoin.bnour":null,"Transects_100m_AddSpatialJoin.bnour_yr":null,"Transects_100m_AddSpatialJoin.bnour_src":null,"Transects_100m_AddSpatialJoin.armor":null,"Transects_100m_AddSpatialJoin.editor":null,"Transects_100m_AddSpatialJoin.edit_date":null,"Transects_100m_AddSpatialJoin.notes":null,"Transects_100m_AddSpatialJoin.hotspot":null,"Transects_100m_AddSpatialJoin.Shape_Length":10000}},{"type":"Feature","id":554,"geometry":{"type":"LineString","coordinates":[[460198.45212799963,3953062.3268999998],[450198.45212799963,3953062.3268999998]]},"properties":{"Transects_100m.OBJECTID":554,"Transects_100m.LineID":554,"Transects_100m.Shape_Length":10000,"Transects_100m_AddSpatialJoin.OBJECTID":554,"Transects_100m_AddSpatialJoin.Join_Count":0,"Transects_100m_AddSpatialJoin.TARGET_FID":554,"Transects_100m_AddSpatialJoin.Coords":null,"Transects_100m_AddSpatialJoin.domain_id":null,"Transects_100m_AddSpatialJoin.reach":null,"Transects_100m_AddSpatialJoin.z_mean":null,"Transects_100m_AddSpatialJoin.z_max":null,"Transects_100m_AddSpatialJoin.z_min":null,"Transects_100m_AddSpatialJoin.relief_m":null,"Transects_100m_AddSpatialJoin.slope_avg":null,"Transects_100m_AddSpatialJoin.road_z":null,"Transects_100m_AddSpatialJoin.shch_myr":null,"Transects_100m_AddSpatialJoin.eros_hot":null,"Transects_100m_AddSpatialJoin.bnour":null,"Transects_100m_AddSpatialJoin.bnour_yr":null,"Transects_100m_AddSpatialJoin.bnour_src":null,"Transects_100m_AddSpatialJoin.armor":null,"Transects_100m_AddSpatialJoin.editor":null,"Transects_100m_AddSpatialJoin.edit_date":null,"Transects_100m_AddSpatialJoin.notes":null,"Transects_100m_AddSpatialJoin.hotspot":null,"Transects_100m_AddSpatialJoin.Shape_Length":10000}},{"type":"Feature","id":555,"geometry":{"type":"LineString","coordinates":[[460198.45212600008,3953162.3268999998],[450198.45212600008,3953162.3268999998]]},"properties":{"Transects_100m.OBJECTID":555,"Transects_100m.LineID":555,"Transects_100m.Shape_Length":10000,"Transects_100m_AddSpatialJoin.OBJECTID":555,"Transects_100m_AddSpatialJoin.Join_Count":0,"Transects_100m_AddSpatialJoin.TARGET_FID":555,"Transects_100m_AddSpatialJoin.Coords":null,"Transects_100m_AddSpatialJoin.domain_id":null,"Transects_100m_AddSpatialJoin.reach":null,"Transects_100m_AddSpatialJoin.z_mean":null,"Transects_100m_AddSpatialJoin.z_max":null,"Transects_100m_AddSpatialJoin.z_min":null,"Transects_100m_AddSpatialJoin.relief_m":null,"Transects_100m_AddSpatialJoin.slope_avg":null,"Transects_100m_AddSpatialJoin.road_z":null,"Transects_100m_AddSpatialJoin.shch_myr":null,"Transects_100m_AddSpatialJoin.eros_hot":null,"Transects_100m_AddSpatialJoin.bnour":null,"Transects_100m_AddSpatialJoin.bnour_yr":null,"Transects_100m_AddSpatialJoin.bnour_src":null,"Transects_100m_AddSpatialJoin.armor":null,"Transects_100m_AddSpatialJoin.editor":null,"Transects_100m_AddSpatialJoin.edit_date":null,"Transects_100m_AddSpatialJoin.notes":null,"Transects_100m_AddSpatialJoin.hotspot":null,"Transects_100m_AddSpatialJoin.Shape_Length":10000}},{"type":"Feature","id":556,"geometry":{"type":"LineString","coordinates":[[460198.4521239996,3953262.3268999998],[450198.4521239996,3953262.3268999998]]},"properties":{"Transects_100m.OBJECTID":556,"Transects_100m.LineID":556,"Transects_100m.Shape_Length":10000,"Transects_100m_AddSpatialJoin.OBJECTID":556,"Transects_100m_AddSpatialJoin.Join_Count":0,"Transects_100m_AddSpatialJoin.TARGET_FID":556,"Transects_100m_AddSpatialJoin.Coords":null,"Transects_100m_AddSpatialJoin.domain_id":null,"Transects_100m_AddSpatialJoin.reach":null,"Transects_100m_AddSpatialJoin.z_mean":null,"Transects_100m_AddSpatialJoin.z_max":null,"Transects_100m_AddSpatialJoin.z_min":null,"Transects_100m_AddSpatialJoin.relief_m":null,"Transects_100m_AddSpatialJoin.slope_avg":null,"Transects_100m_AddSpatialJoin.road_z":null,"Transects_100m_AddSpatialJoin.shch_myr":null,"Transects_100m_AddSpatialJoin.eros_hot":null,"Transects_100m_AddSpatialJoin.bnour":null,"Transects_100m_AddSpatialJoin.bnour_yr":null,"Transects_100m_AddSpatialJoin.bnour_src":null,"Transects_100m_AddSpatialJoin.armor":null,"Transects_100m_AddSpatialJoin.editor":null,"Transects_100m_AddSpatialJoin.edit_date":null,"Transects_100m_AddSpatialJoin.notes":null,"Transects_100m_AddSpatialJoin.hotspot":null,"Transects_100m_AddSpatialJoin.Shape_Length":10000}},{"type":"Feature","id":557,"geometry":{"type":"LineString","coordinates":[[460198.45212200005,3953362.3268999998],[450198.45212200005,3953362.3268999998]]},"properties":{"Transects_100m.OBJECTID":557,"Transects_100m.LineID":557,"Transects_100m.Shape_Length":10000,"Transects_100m_AddSpatialJoin.OBJECTID":557,"Transects_100m_AddSpatialJoin.Join_Count":0,"Transects_100m_AddSpatialJoin.TARGET_FID":557,"Transects_100m_AddSpatialJoin.Coords":null,"Transects_100m_AddSpatialJoin.domain_id":null,"Transects_100m_AddSpatialJoin.reach":null,"Transects_100m_AddSpatialJoin.z_mean":null,"Transects_100m_AddSpatialJoin.z_max":null,"Transects_100m_AddSpatialJoin.z_min":null,"Transects_100m_AddSpatialJoin.relief_m":null,"Transects_100m_AddSpatialJoin.slope_avg":null,"Transects_100m_AddSpatialJoin.road_z":null,"Transects_100m_AddSpatialJoin.shch_myr":null,"Transects_100m_AddSpatialJoin.eros_hot":null,"Transects_100m_AddSpatialJoin.bnour":null,"Transects_100m_AddSpatialJoin.bnour_yr":null,"Transects_100m_AddSpatialJoin.bnour_src":null,"Transects_100m_AddSpatialJoin.armor":null,"Transects_100m_AddSpatialJoin.editor":null,"Transects_100m_AddSpatialJoin.edit_date":null,"Transects_100m_AddSpatialJoin.notes":null,"Transects_100m_AddSpatialJoin.hotspot":null,"Transects_100m_AddSpatialJoin.Shape_Length":10000}},{"type":"Feature","id":558,"geometry":{"type":"LineString","coordinates":[[460198.45211999957,3953462.3268999998],[450198.45211999957,3953462.3268999998]]},"properties":{"Transects_100m.OBJECTID":558,"Transects_100m.LineID":558,"Transects_100m.Shape_Length":10000,"Transects_100m_AddSpatialJoin.OBJECTID":558,"Transects_100m_AddSpatialJoin.Join_Count":0,"Transects_100m_AddSpatialJoin.TARGET_FID":558,"Transects_100m_AddSpatialJoin.Coords":null,"Transects_100m_AddSpatialJoin.domain_id":null,"Transects_100m_AddSpatialJoin.reach":null,"Transects_100m_AddSpatialJoin.z_mean":null,"Transects_100m_AddSpatialJoin.z_max":null,"Transects_100m_AddSpatialJoin.z_min":null,"Transects_100m_AddSpatialJoin.relief_m":null,"Transects_100m_AddSpatialJoin.slope_avg":null,"Transects_100m_AddSpatialJoin.road_z":null,"Transects_100m_AddSpatialJoin.shch_myr":null,"Transects_100m_AddSpatialJoin.eros_hot":null,"Transects_100m_AddSpatialJoin.bnour":null,"Transects_100m_AddSpatialJoin.bnour_yr":null,"Transects_100m_AddSpatialJoin.bnour_src":null,"Transects_100m_AddSpatialJoin.armor":null,"Transects_100m_AddSpatialJoin.editor":null,"Transects_100m_AddSpatialJoin.edit_date":null,"Transects_100m_AddSpatialJoin.notes":null,"Transects_100m_AddSpatialJoin.hotspot":null,"Transects_100m_AddSpatialJoin.Shape_Length":10000}},{"type":"Feature","id":559,"geometry":{"type":"LineString","coordinates":[[460198.45211900026,3953562.3268999998],[450198.45211900026,3953562.3268999998]]},"properties":{"Transects_100m.OBJECTID":559,"Transects_100m.LineID":559,"Transects_100m.Shape_Length":10000,"Transects_100m_AddSpatialJoin.OBJECTID":559,"Transects_100m_AddSpatialJoin.Join_Count":0,"Transects_100m_AddSpatialJoin.TARGET_FID":559,"Transects_100m_AddSpatialJoin.Coords":null,"Transects_100m_AddSpatialJoin.domain_id":null,"Transects_100m_AddSpatialJoin.reach":null,"Transects_100m_AddSpatialJoin.z_mean":null,"Transects_100m_AddSpatialJoin.z_max":null,"Transects_100m_AddSpatialJoin.z_min":null,"Transects_100m_AddSpatialJoin.relief_m":null,"Transects_100m_AddSpatialJoin.slope_avg":null,"Transects_100m_AddSpatialJoin.road_z":null,"Transects_100m_AddSpatialJoin.shch_myr":null,"Transects_100m_AddSpatialJoin.eros_hot":null,"Transects_100m_AddSpatialJoin.bnour":null,"Transects_100m_AddSpatialJoin.bnour_yr":null,"Transects_100m_AddSpatialJoin.bnour_src":null,"Transects_100m_AddSpatialJoin.armor":null,"Transects_100m_AddSpatialJoin.editor":null,"Transects_100m_AddSpatialJoin.edit_date":null,"Transects_100m_AddSpatialJoin.notes":null,"Transects_100m_AddSpatialJoin.hotspot":null,"Transects_100m_AddSpatialJoin.Shape_Length":10000}},{"type":"Feature","id":560,"geometry":{"type":"LineString","coordinates":[[460198.45211699978,3953662.3268999998],[450198.45211699978,3953662.3268999998]]},"properties":{"Transects_100m.OBJECTID":560,"Transects_100m.LineID":560,"Transects_100m.Shape_Length":10000,"Transects_100m_AddSpatialJoin.OBJECTID":560,"Transects_100m_AddSpatialJoin.Join_Count":0,"Transects_100m_AddSpatialJoin.TARGET_FID":560,"Transects_100m_AddSpatialJoin.Coords":null,"Transects_100m_AddSpatialJoin.domain_id":null,"Transects_100m_AddSpatialJoin.reach":null,"Transects_100m_AddSpatialJoin.z_mean":null,"Transects_100m_AddSpatialJoin.z_max":null,"Transects_100m_AddSpatialJoin.z_min":null,"Transects_100m_AddSpatialJoin.relief_m":null,"Transects_100m_AddSpatialJoin.slope_avg":null,"Transects_100m_AddSpatialJoin.road_z":null,"Transects_100m_AddSpatialJoin.shch_myr":null,"Transects_100m_AddSpatialJoin.eros_hot":null,"Transects_100m_AddSpatialJoin.bnour":null,"Transects_100m_AddSpatialJoin.bnour_yr":null,"Transects_100m_AddSpatialJoin.bnour_src":null,"Transects_100m_AddSpatialJoin.armor":null,"Transects_100m_AddSpatialJoin.editor":null,"Transects_100m_AddSpatialJoin.edit_date":null,"Transects_100m_AddSpatialJoin.notes":null,"Transects_100m_AddSpatialJoin.hotspot":null,"Transects_100m_AddSpatialJoin.Shape_Length":10000}},{"type":"Feature","id":561,"geometry":{"type":"LineString","coordinates":[[460198.45211500023,3953762.3268999998],[450198.45211500023,3953762.3268999998]]},"properties":{"Transects_100m.OBJECTID":561,"Transects_100m.LineID":561,"Transects_100m.Shape_Length":10000,"Transects_100m_AddSpatialJoin.OBJECTID":561,"Transects_100m_AddSpatialJoin.Join_Count":0,"Transects_100m_AddSpatialJoin.TARGET_FID":561,"Transects_100m_AddSpatialJoin.Coords":null,"Transects_100m_AddSpatialJoin.domain_id":null,"Transects_100m_AddSpatialJoin.reach":null,"Transects_100m_AddSpatialJoin.z_mean":null,"Transects_100m_AddSpatialJoin.z_max":null,"Transects_100m_AddSpatialJoin.z_min":null,"Transects_100m_AddSpatialJoin.relief_m":null,"Transects_100m_AddSpatialJoin.slope_avg":null,"Transects_100m_AddSpatialJoin.road_z":null,"Transects_100m_AddSpatialJoin.shch_myr":null,"Transects_100m_AddSpatialJoin.eros_hot":null,"Transects_100m_AddSpatialJoin.bnour":null,"Transects_100m_AddSpatialJoin.bnour_yr":null,"Transects_100m_AddSpatialJoin.bnour_src":null,"Transects_100m_AddSpatialJoin.armor":null,"Transects_100m_AddSpatialJoin.editor":null,"Transects_100m_AddSpatialJoin.edit_date":null,"Transects_100m_AddSpatialJoin.notes":null,"Transects_100m_AddSpatialJoin.hotspot":null,"Transects_100m_AddSpatialJoin.Shape_Length":10000}},{"type":"Feature","id":562,"geometry":{"type":"LineString","coordinates":[[460198.45211299974,3953862.3268999998],[450198.45211299974,3953862.3268999998]]},"properties":{"Transects_100m.OBJECTID":562,"Transects_100m.LineID":562,"Transects_100m.Shape_Length":10000,"Transects_100m_AddSpatialJoin.OBJECTID":562,"Transects_100m_AddSpatialJoin.Join_Count":0,"Transects_100m_AddSpatialJoin.TARGET_FID":562,"Transects_100m_AddSpatialJoin.Coords":null,"Transects_100m_AddSpatialJoin.domain_id":null,"Transects_100m_AddSpatialJoin.reach":null,"Transects_100m_AddSpatialJoin.z_mean":null,"Transects_100m_AddSpatialJoin.z_max":null,"Transects_100m_AddSpatialJoin.z_min":null,"Transects_100m_AddSpatialJoin.relief_m":null,"Transects_100m_AddSpatialJoin.slope_avg":null,"Transects_100m_AddSpatialJoin.road_z":null,"Transects_100m_AddSpatialJoin.shch_myr":null,"Transects_100m_AddSpatialJoin.eros_hot":null,"Transects_100m_AddSpatialJoin.bnour":null,"Transects_100m_AddSpatialJoin.bnour_yr":null,"Transects_100m_AddSpatialJoin.bnour_src":null,"Transects_100m_AddSpatialJoin.armor":null,"Transects_100m_AddSpatialJoin.editor":null,"Transects_100m_AddSpatialJoin.edit_date":null,"Transects_100m_AddSpatialJoin.notes":null,"Transects_100m_AddSpatialJoin.hotspot":null,"Transects_100m_AddSpatialJoin.Shape_Length":10000}},{"type":"Feature","id":563,"geometry":{"type":"LineString","coordinates":[[460198.4521110002,3953962.3268999998],[450198.4521110002,3953962.3268999998]]},"properties":{"Transects_100m.OBJECTID":563,"Transects_100m.LineID":563,"Transects_100m.Shape_Length":10000,"Transects_100m_AddSpatialJoin.OBJECTID":563,"Transects_100m_AddSpatialJoin.Join_Count":0,"Transects_100m_AddSpatialJoin.TARGET_FID":563,"Transects_100m_AddSpatialJoin.Coords":null,"Transects_100m_AddSpatialJoin.domain_id":null,"Transects_100m_AddSpatialJoin.reach":null,"Transects_100m_AddSpatialJoin.z_mean":null,"Transects_100m_AddSpatialJoin.z_max":null,"Transects_100m_AddSpatialJoin.z_min":null,"Transects_100m_AddSpatialJoin.relief_m":null,"Transects_100m_AddSpatialJoin.slope_avg":null,"Transects_100m_AddSpatialJoin.road_z":null,"Transects_100m_AddSpatialJoin.shch_myr":null,"Transects_100m_AddSpatialJoin.eros_hot":null,"Transects_100m_AddSpatialJoin.bnour":null,"Transects_100m_AddSpatialJoin.bnour_yr":null,"Transects_100m_AddSpatialJoin.bnour_src":null,"Transects_100m_AddSpatialJoin.armor":null,"Transects_100m_AddSpatialJoin.editor":null,"Transects_100m_AddSpatialJoin.edit_date":null,"Transects_100m_AddSpatialJoin.notes":null,"Transects_100m_AddSpatialJoin.hotspot":null,"Transects_100m_AddSpatialJoin.Shape_Length":10000}},{"type":"Feature","id":564,"geometry":{"type":"LineString","coordinates":[[460198.45210899971,3954062.3268999998],[450198.45210899971,3954062.3268999998]]},"properties":{"Transects_100m.OBJECTID":564,"Transects_100m.LineID":564,"Transects_100m.Shape_Length":10000,"Transects_100m_AddSpatialJoin.OBJECTID":564,"Transects_100m_AddSpatialJoin.Join_Count":0,"Transects_100m_AddSpatialJoin.TARGET_FID":564,"Transects_100m_AddSpatialJoin.Coords":null,"Transects_100m_AddSpatialJoin.domain_id":null,"Transects_100m_AddSpatialJoin.reach":null,"Transects_100m_AddSpatialJoin.z_mean":null,"Transects_100m_AddSpatialJoin.z_max":null,"Transects_100m_AddSpatialJoin.z_min":null,"Transects_100m_AddSpatialJoin.relief_m":null,"Transects_100m_AddSpatialJoin.slope_avg":null,"Transects_100m_AddSpatialJoin.road_z":null,"Transects_100m_AddSpatialJoin.shch_myr":null,"Transects_100m_AddSpatialJoin.eros_hot":null,"Transects_100m_AddSpatialJoin.bnour":null,"Transects_100m_AddSpatialJoin.bnour_yr":null,"Transects_100m_AddSpatialJoin.bnour_src":null,"Transects_100m_AddSpatialJoin.armor":null,"Transects_100m_AddSpatialJoin.editor":null,"Transects_100m_AddSpatialJoin.edit_date":null,"Transects_100m_AddSpatialJoin.notes":null,"Transects_100m_AddSpatialJoin.hotspot":null,"Transects_100m_AddSpatialJoin.Shape_Length":10000}},{"type":"Feature","id":565,"geometry":{"type":"LineString","coordinates":[[460198.45210700016,3954162.3268999998],[450198.45210700016,3954162.3268999998]]},"properties":{"Transects_100m.OBJECTID":565,"Transects_100m.LineID":565,"Transects_100m.Shape_Length":10000,"Transects_100m_AddSpatialJoin.OBJECTID":565,"Transects_100m_AddSpatialJoin.Join_Count":0,"Transects_100m_AddSpatialJoin.TARGET_FID":565,"Transects_100m_AddSpatialJoin.Coords":null,"Transects_100m_AddSpatialJoin.domain_id":null,"Transects_100m_AddSpatialJoin.reach":null,"Transects_100m_AddSpatialJoin.z_mean":null,"Transects_100m_AddSpatialJoin.z_max":null,"Transects_100m_AddSpatialJoin.z_min":null,"Transects_100m_AddSpatialJoin.relief_m":null,"Transects_100m_AddSpatialJoin.slope_avg":null,"Transects_100m_AddSpatialJoin.road_z":null,"Transects_100m_AddSpatialJoin.shch_myr":null,"Transects_100m_AddSpatialJoin.eros_hot":null,"Transects_100m_AddSpatialJoin.bnour":null,"Transects_100m_AddSpatialJoin.bnour_yr":null,"Transects_100m_AddSpatialJoin.bnour_src":null,"Transects_100m_AddSpatialJoin.armor":null,"Transects_100m_AddSpatialJoin.editor":null,"Transects_100m_AddSpatialJoin.edit_date":null,"Transects_100m_AddSpatialJoin.notes":null,"Transects_100m_AddSpatialJoin.hotspot":null,"Transects_100m_AddSpatialJoin.Shape_Length":10000}},{"type":"Feature","id":566,"geometry":{"type":"LineString","coordinates":[[460198.45210499968,3954262.3268999998],[450198.45210499968,3954262.3268999998]]},"properties":{"Transects_100m.OBJECTID":566,"Transects_100m.LineID":566,"Transects_100m.Shape_Length":10000,"Transects_100m_AddSpatialJoin.OBJECTID":566,"Transects_100m_AddSpatialJoin.Join_Count":0,"Transects_100m_AddSpatialJoin.TARGET_FID":566,"Transects_100m_AddSpatialJoin.Coords":null,"Transects_100m_AddSpatialJoin.domain_id":null,"Transects_100m_AddSpatialJoin.reach":null,"Transects_100m_AddSpatialJoin.z_mean":null,"Transects_100m_AddSpatialJoin.z_max":null,"Transects_100m_AddSpatialJoin.z_min":null,"Transects_100m_AddSpatialJoin.relief_m":null,"Transects_100m_AddSpatialJoin.slope_avg":null,"Transects_100m_AddSpatialJoin.road_z":null,"Transects_100m_AddSpatialJoin.shch_myr":null,"Transects_100m_AddSpatialJoin.eros_hot":null,"Transects_100m_AddSpatialJoin.bnour":null,"Transects_100m_AddSpatialJoin.bnour_yr":null,"Transects_100m_AddSpatialJoin.bnour_src":null,"Transects_100m_AddSpatialJoin.armor":null,"Transects_100m_AddSpatialJoin.editor":null,"Transects_100m_AddSpatialJoin.edit_date":null,"Transects_100m_AddSpatialJoin.notes":null,"Transects_100m_AddSpatialJoin.hotspot":null,"Transects_100m_AddSpatialJoin.Shape_Length":10000}},{"type":"Feature","id":567,"geometry":{"type":"LineString","coordinates":[[460198.45210400037,3954362.3268999998],[450198.45210400037,3954362.3268999998]]},"properties":{"Transects_100m.OBJECTID":567,"Transects_100m.LineID":567,"Transects_100m.Shape_Length":10000,"Transects_100m_AddSpatialJoin.OBJECTID":567,"Transects_100m_AddSpatialJoin.Join_Count":0,"Transects_100m_AddSpatialJoin.TARGET_FID":567,"Transects_100m_AddSpatialJoin.Coords":null,"Transects_100m_AddSpatialJoin.domain_id":null,"Transects_100m_AddSpatialJoin.reach":null,"Transects_100m_AddSpatialJoin.z_mean":null,"Transects_100m_AddSpatialJoin.z_max":null,"Transects_100m_AddSpatialJoin.z_min":null,"Transects_100m_AddSpatialJoin.relief_m":null,"Transects_100m_AddSpatialJoin.slope_avg":null,"Transects_100m_AddSpatialJoin.road_z":null,"Transects_100m_AddSpatialJoin.shch_myr":null,"Transects_100m_AddSpatialJoin.eros_hot":null,"Transects_100m_AddSpatialJoin.bnour":null,"Transects_100m_AddSpatialJoin.bnour_yr":null,"Transects_100m_AddSpatialJoin.bnour_src":null,"Transects_100m_AddSpatialJoin.armor":null,"Transects_100m_AddSpatialJoin.editor":null,"Transects_100m_AddSpatialJoin.edit_date":null,"Transects_100m_AddSpatialJoin.notes":null,"Transects_100m_AddSpatialJoin.hotspot":null,"Transects_100m_AddSpatialJoin.Shape_Length":10000}},{"type":"Feature","id":568,"geometry":{"type":"LineString","coordinates":[[460198.45210199989,3954462.3268999998],[450198.45210199989,3954462.3268999998]]},"properties":{"Transects_100m.OBJECTID":568,"Transects_100m.LineID":568,"Transects_100m.Shape_Length":10000,"Transects_100m_AddSpatialJoin.OBJECTID":568,"Transects_100m_AddSpatialJoin.Join_Count":0,"Transects_100m_AddSpatialJoin.TARGET_FID":568,"Transects_100m_AddSpatialJoin.Coords":null,"Transects_100m_AddSpatialJoin.domain_id":null,"Transects_100m_AddSpatialJoin.reach":null,"Transects_100m_AddSpatialJoin.z_mean":null,"Transects_100m_AddSpatialJoin.z_max":null,"Transects_100m_AddSpatialJoin.z_min":null,"Transects_100m_AddSpatialJoin.relief_m":null,"Transects_100m_AddSpatialJoin.slope_avg":null,"Transects_100m_AddSpatialJoin.road_z":null,"Transects_100m_AddSpatialJoin.shch_myr":null,"Transects_100m_AddSpatialJoin.eros_hot":null,"Transects_100m_AddSpatialJoin.bnour":null,"Transects_100m_AddSpatialJoin.bnour_yr":null,"Transects_100m_AddSpatialJoin.bnour_src":null,"Transects_100m_AddSpatialJoin.armor":null,"Transects_100m_AddSpatialJoin.editor":null,"Transects_100m_AddSpatialJoin.edit_date":null,"Transects_100m_AddSpatialJoin.notes":null,"Transects_100m_AddSpatialJoin.hotspot":null,"Transects_100m_AddSpatialJoin.Shape_Length":10000}},{"type":"Feature","id":569,"geometry":{"type":"LineString","coordinates":[[460198.45210000034,3954562.3268999998],[450198.45210000034,3954562.3268999998]]},"properties":{"Transects_100m.OBJECTID":569,"Transects_100m.LineID":569,"Transects_100m.Shape_Length":10000,"Transects_100m_AddSpatialJoin.OBJECTID":569,"Transects_100m_AddSpatialJoin.Join_Count":0,"Transects_100m_AddSpatialJoin.TARGET_FID":569,"Transects_100m_AddSpatialJoin.Coords":null,"Transects_100m_AddSpatialJoin.domain_id":null,"Transects_100m_AddSpatialJoin.reach":null,"Transects_100m_AddSpatialJoin.z_mean":null,"Transects_100m_AddSpatialJoin.z_max":null,"Transects_100m_AddSpatialJoin.z_min":null,"Transects_100m_AddSpatialJoin.relief_m":null,"Transects_100m_AddSpatialJoin.slope_avg":null,"Transects_100m_AddSpatialJoin.road_z":null,"Transects_100m_AddSpatialJoin.shch_myr":null,"Transects_100m_AddSpatialJoin.eros_hot":null,"Transects_100m_AddSpatialJoin.bnour":null,"Transects_100m_AddSpatialJoin.bnour_yr":null,"Transects_100m_AddSpatialJoin.bnour_src":null,"Transects_100m_AddSpatialJoin.armor":null,"Transects_100m_AddSpatialJoin.editor":null,"Transects_100m_AddSpatialJoin.edit_date":null,"Transects_100m_AddSpatialJoin.notes":null,"Transects_100m_AddSpatialJoin.hotspot":null,"Transects_100m_AddSpatialJoin.Shape_Length":10000}},{"type":"Feature","id":570,"geometry":{"type":"LineString","coordinates":[[460198.45209799986,3954662.3268999998],[450198.45209799986,3954662.3268999998]]},"properties":{"Transects_100m.OBJECTID":570,"Transects_100m.LineID":570,"Transects_100m.Shape_Length":10000,"Transects_100m_AddSpatialJoin.OBJECTID":570,"Transects_100m_AddSpatialJoin.Join_Count":0,"Transects_100m_AddSpatialJoin.TARGET_FID":570,"Transects_100m_AddSpatialJoin.Coords":null,"Transects_100m_AddSpatialJoin.domain_id":null,"Transects_100m_AddSpatialJoin.reach":null,"Transects_100m_AddSpatialJoin.z_mean":null,"Transects_100m_AddSpatialJoin.z_max":null,"Transects_100m_AddSpatialJoin.z_min":null,"Transects_100m_AddSpatialJoin.relief_m":null,"Transects_100m_AddSpatialJoin.slope_avg":null,"Transects_100m_AddSpatialJoin.road_z":null,"Transects_100m_AddSpatialJoin.shch_myr":null,"Transects_100m_AddSpatialJoin.eros_hot":null,"Transects_100m_AddSpatialJoin.bnour":null,"Transects_100m_AddSpatialJoin.bnour_yr":null,"Transects_100m_AddSpatialJoin.bnour_src":null,"Transects_100m_AddSpatialJoin.armor":null,"Transects_100m_AddSpatialJoin.editor":null,"Transects_100m_AddSpatialJoin.edit_date":null,"Transects_100m_AddSpatialJoin.notes":null,"Transects_100m_AddSpatialJoin.hotspot":null,"Transects_100m_AddSpatialJoin.Shape_Length":10000}},{"type":"Feature","id":571,"geometry":{"type":"LineString","coordinates":[[460198.45209600031,3954762.3268999998],[450198.45209600031,3954762.3268999998]]},"properties":{"Transects_100m.OBJECTID":571,"Transects_100m.LineID":571,"Transects_100m.Shape_Length":10000,"Transects_100m_AddSpatialJoin.OBJECTID":571,"Transects_100m_AddSpatialJoin.Join_Count":0,"Transects_100m_AddSpatialJoin.TARGET_FID":571,"Transects_100m_AddSpatialJoin.Coords":null,"Transects_100m_AddSpatialJoin.domain_id":null,"Transects_100m_AddSpatialJoin.reach":null,"Transects_100m_AddSpatialJoin.z_mean":null,"Transects_100m_AddSpatialJoin.z_max":null,"Transects_100m_AddSpatialJoin.z_min":null,"Transects_100m_AddSpatialJoin.relief_m":null,"Transects_100m_AddSpatialJoin.slope_avg":null,"Transects_100m_AddSpatialJoin.road_z":null,"Transects_100m_AddSpatialJoin.shch_myr":null,"Transects_100m_AddSpatialJoin.eros_hot":null,"Transects_100m_AddSpatialJoin.bnour":null,"Transects_100m_AddSpatialJoin.bnour_yr":null,"Transects_100m_AddSpatialJoin.bnour_src":null,"Transects_100m_AddSpatialJoin.armor":null,"Transects_100m_AddSpatialJoin.editor":null,"Transects_100m_AddSpatialJoin.edit_date":null,"Transects_100m_AddSpatialJoin.notes":null,"Transects_100m_AddSpatialJoin.hotspot":null,"Transects_100m_AddSpatialJoin.Shape_Length":10000}},{"type":"Feature","id":572,"geometry":{"type":"LineString","coordinates":[[460198.45209399983,3954862.3268999998],[450198.45209399983,3954862.3268999998]]},"properties":{"Transects_100m.OBJECTID":572,"Transects_100m.LineID":572,"Transects_100m.Shape_Length":10000,"Transects_100m_AddSpatialJoin.OBJECTID":572,"Transects_100m_AddSpatialJoin.Join_Count":0,"Transects_100m_AddSpatialJoin.TARGET_FID":572,"Transects_100m_AddSpatialJoin.Coords":null,"Transects_100m_AddSpatialJoin.domain_id":null,"Transects_100m_AddSpatialJoin.reach":null,"Transects_100m_AddSpatialJoin.z_mean":null,"Transects_100m_AddSpatialJoin.z_max":null,"Transects_100m_AddSpatialJoin.z_min":null,"Transects_100m_AddSpatialJoin.relief_m":null,"Transects_100m_AddSpatialJoin.slope_avg":null,"Transects_100m_AddSpatialJoin.road_z":null,"Transects_100m_AddSpatialJoin.shch_myr":null,"Transects_100m_AddSpatialJoin.eros_hot":null,"Transects_100m_AddSpatialJoin.bnour":null,"Transects_100m_AddSpatialJoin.bnour_yr":null,"Transects_100m_AddSpatialJoin.bnour_src":null,"Transects_100m_AddSpatialJoin.armor":null,"Transects_100m_AddSpatialJoin.editor":null,"Transects_100m_AddSpatialJoin.edit_date":null,"Transects_100m_AddSpatialJoin.notes":null,"Transects_100m_AddSpatialJoin.hotspot":null,"Transects_100m_AddSpatialJoin.Shape_Length":10000}},{"type":"Feature","id":573,"geometry":{"type":"LineString","coordinates":[[460198.45209200028,3954962.3268999998],[450198.45209200028,3954962.3268999998]]},"properties":{"Transects_100m.OBJECTID":573,"Transects_100m.LineID":573,"Transects_100m.Shape_Length":10000,"Transects_100m_AddSpatialJoin.OBJECTID":573,"Transects_100m_AddSpatialJoin.Join_Count":0,"Transects_100m_AddSpatialJoin.TARGET_FID":573,"Transects_100m_AddSpatialJoin.Coords":null,"Transects_100m_AddSpatialJoin.domain_id":null,"Transects_100m_AddSpatialJoin.reach":null,"Transects_100m_AddSpatialJoin.z_mean":null,"Transects_100m_AddSpatialJoin.z_max":null,"Transects_100m_AddSpatialJoin.z_min":null,"Transects_100m_AddSpatialJoin.relief_m":null,"Transects_100m_AddSpatialJoin.slope_avg":null,"Transects_100m_AddSpatialJoin.road_z":null,"Transects_100m_AddSpatialJoin.shch_myr":null,"Transects_100m_AddSpatialJoin.eros_hot":null,"Transects_100m_AddSpatialJoin.bnour":null,"Transects_100m_AddSpatialJoin.bnour_yr":null,"Transects_100m_AddSpatialJoin.bnour_src":null,"Transects_100m_AddSpatialJoin.armor":null,"Transects_100m_AddSpatialJoin.editor":null,"Transects_100m_AddSpatialJoin.edit_date":null,"Transects_100m_AddSpatialJoin.notes":null,"Transects_100m_AddSpatialJoin.hotspot":null,"Transects_100m_AddSpatialJoin.Shape_Length":10000}},{"type":"Feature","id":574,"geometry":{"type":"LineString","coordinates":[[460198.45209100004,3955062.3268999998],[450198.45209100004,3955062.3268999998]]},"properties":{"Transects_100m.OBJECTID":574,"Transects_100m.LineID":574,"Transects_100m.Shape_Length":10000,"Transects_100m_AddSpatialJoin.OBJECTID":574,"Transects_100m_AddSpatialJoin.Join_Count":0,"Transects_100m_AddSpatialJoin.TARGET_FID":574,"Transects_100m_AddSpatialJoin.Coords":null,"Transects_100m_AddSpatialJoin.domain_id":null,"Transects_100m_AddSpatialJoin.reach":null,"Transects_100m_AddSpatialJoin.z_mean":null,"Transects_100m_AddSpatialJoin.z_max":null,"Transects_100m_AddSpatialJoin.z_min":null,"Transects_100m_AddSpatialJoin.relief_m":null,"Transects_100m_AddSpatialJoin.slope_avg":null,"Transects_100m_AddSpatialJoin.road_z":null,"Transects_100m_AddSpatialJoin.shch_myr":null,"Transects_100m_AddSpatialJoin.eros_hot":null,"Transects_100m_AddSpatialJoin.bnour":null,"Transects_100m_AddSpatialJoin.bnour_yr":null,"Transects_100m_AddSpatialJoin.bnour_src":null,"Transects_100m_AddSpatialJoin.armor":null,"Transects_100m_AddSpatialJoin.editor":null,"Transects_100m_AddSpatialJoin.edit_date":null,"Transects_100m_AddSpatialJoin.notes":null,"Transects_100m_AddSpatialJoin.hotspot":null,"Transects_100m_AddSpatialJoin.Shape_Length":10000}},{"type":"Feature","id":575,"geometry":{"type":"LineString","coordinates":[[460198.45208899956,3955162.3268999998],[450198.45208899956,3955162.3268999998]]},"properties":{"Transects_100m.OBJECTID":575,"Transects_100m.LineID":575,"Transects_100m.Shape_Length":10000,"Transects_100m_AddSpatialJoin.OBJECTID":575,"Transects_100m_AddSpatialJoin.Join_Count":0,"Transects_100m_AddSpatialJoin.TARGET_FID":575,"Transects_100m_AddSpatialJoin.Coords":null,"Transects_100m_AddSpatialJoin.domain_id":null,"Transects_100m_AddSpatialJoin.reach":null,"Transects_100m_AddSpatialJoin.z_mean":null,"Transects_100m_AddSpatialJoin.z_max":null,"Transects_100m_AddSpatialJoin.z_min":null,"Transects_100m_AddSpatialJoin.relief_m":null,"Transects_100m_AddSpatialJoin.slope_avg":null,"Transects_100m_AddSpatialJoin.road_z":null,"Transects_100m_AddSpatialJoin.shch_myr":null,"Transects_100m_AddSpatialJoin.eros_hot":null,"Transects_100m_AddSpatialJoin.bnour":null,"Transects_100m_AddSpatialJoin.bnour_yr":null,"Transects_100m_AddSpatialJoin.bnour_src":null,"Transects_100m_AddSpatialJoin.armor":null,"Transects_100m_AddSpatialJoin.editor":null,"Transects_100m_AddSpatialJoin.edit_date":null,"Transects_100m_AddSpatialJoin.notes":null,"Transects_100m_AddSpatialJoin.hotspot":null,"Transects_100m_AddSpatialJoin.Shape_Length":10000}},{"type":"Feature","id":576,"geometry":{"type":"LineString","coordinates":[[460198.45208700001,3955262.3268999998],[450198.45208700001,3955262.3268999998]]},"properties":{"Transects_100m.OBJECTID":576,"Transects_100m.LineID":576,"Transects_100m.Shape_Length":10000,"Transects_100m_AddSpatialJoin.OBJECTID":576,"Transects_100m_AddSpatialJoin.Join_Count":0,"Transects_100m_AddSpatialJoin.TARGET_FID":576,"Transects_100m_AddSpatialJoin.Coords":null,"Transects_100m_AddSpatialJoin.domain_id":null,"Transects_100m_AddSpatialJoin.reach":null,"Transects_100m_AddSpatialJoin.z_mean":null,"Transects_100m_AddSpatialJoin.z_max":null,"Transects_100m_AddSpatialJoin.z_min":null,"Transects_100m_AddSpatialJoin.relief_m":null,"Transects_100m_AddSpatialJoin.slope_avg":null,"Transects_100m_AddSpatialJoin.road_z":null,"Transects_100m_AddSpatialJoin.shch_myr":null,"Transects_100m_AddSpatialJoin.eros_hot":null,"Transects_100m_AddSpatialJoin.bnour":null,"Transects_100m_AddSpatialJoin.bnour_yr":null,"Transects_100m_AddSpatialJoin.bnour_src":null,"Transects_100m_AddSpatialJoin.armor":null,"Transects_100m_AddSpatialJoin.editor":null,"Transects_100m_AddSpatialJoin.edit_date":null,"Transects_100m_AddSpatialJoin.notes":null,"Transects_100m_AddSpatialJoin.hotspot":null,"Transects_100m_AddSpatialJoin.Shape_Length":10000}},{"type":"Feature","id":577,"geometry":{"type":"LineString","coordinates":[[460198.45208500046,3955362.3268999998],[450198.45208500046,3955362.3268999998]]},"properties":{"Transects_100m.OBJECTID":577,"Transects_100m.LineID":577,"Transects_100m.Shape_Length":10000,"Transects_100m_AddSpatialJoin.OBJECTID":577,"Transects_100m_AddSpatialJoin.Join_Count":0,"Transects_100m_AddSpatialJoin.TARGET_FID":577,"Transects_100m_AddSpatialJoin.Coords":null,"Transects_100m_AddSpatialJoin.domain_id":null,"Transects_100m_AddSpatialJoin.reach":null,"Transects_100m_AddSpatialJoin.z_mean":null,"Transects_100m_AddSpatialJoin.z_max":null,"Transects_100m_AddSpatialJoin.z_min":null,"Transects_100m_AddSpatialJoin.relief_m":null,"Transects_100m_AddSpatialJoin.slope_avg":null,"Transects_100m_AddSpatialJoin.road_z":null,"Transects_100m_AddSpatialJoin.shch_myr":null,"Transects_100m_AddSpatialJoin.eros_hot":null,"Transects_100m_AddSpatialJoin.bnour":null,"Transects_100m_AddSpatialJoin.bnour_yr":null,"Transects_100m_AddSpatialJoin.bnour_src":null,"Transects_100m_AddSpatialJoin.armor":null,"Transects_100m_AddSpatialJoin.editor":null,"Transects_100m_AddSpatialJoin.edit_date":null,"Transects_100m_AddSpatialJoin.notes":null,"Transects_100m_AddSpatialJoin.hotspot":null,"Transects_100m_AddSpatialJoin.Shape_Length":10000}},{"type":"Feature","id":578,"geometry":{"type":"LineString","coordinates":[[460198.45208299998,3955462.3268999998],[450198.45208299998,3955462.3268999998]]},"properties":{"Transects_100m.OBJECTID":578,"Transects_100m.LineID":578,"Transects_100m.Shape_Length":10000,"Transects_100m_AddSpatialJoin.OBJECTID":578,"Transects_100m_AddSpatialJoin.Join_Count":0,"Transects_100m_AddSpatialJoin.TARGET_FID":578,"Transects_100m_AddSpatialJoin.Coords":null,"Transects_100m_AddSpatialJoin.domain_id":null,"Transects_100m_AddSpatialJoin.reach":null,"Transects_100m_AddSpatialJoin.z_mean":null,"Transects_100m_AddSpatialJoin.z_max":null,"Transects_100m_AddSpatialJoin.z_min":null,"Transects_100m_AddSpatialJoin.relief_m":null,"Transects_100m_AddSpatialJoin.slope_avg":null,"Transects_100m_AddSpatialJoin.road_z":null,"Transects_100m_AddSpatialJoin.shch_myr":null,"Transects_100m_AddSpatialJoin.eros_hot":null,"Transects_100m_AddSpatialJoin.bnour":null,"Transects_100m_AddSpatialJoin.bnour_yr":null,"Transects_100m_AddSpatialJoin.bnour_src":null,"Transects_100m_AddSpatialJoin.armor":null,"Transects_100m_AddSpatialJoin.editor":null,"Transects_100m_AddSpatialJoin.edit_date":null,"Transects_100m_AddSpatialJoin.notes":null,"Transects_100m_AddSpatialJoin.hotspot":null,"Transects_100m_AddSpatialJoin.Shape_Length":10000}},{"type":"Feature","id":579,"geometry":{"type":"LineString","coordinates":[[460198.45208100043,3955562.3268999998],[450198.45208100043,3955562.3268999998]]},"properties":{"Transects_100m.OBJECTID":579,"Transects_100m.LineID":579,"Transects_100m.Shape_Length":10000,"Transects_100m_AddSpatialJoin.OBJECTID":579,"Transects_100m_AddSpatialJoin.Join_Count":0,"Transects_100m_AddSpatialJoin.TARGET_FID":579,"Transects_100m_AddSpatialJoin.Coords":null,"Transects_100m_AddSpatialJoin.domain_id":null,"Transects_100m_AddSpatialJoin.reach":null,"Transects_100m_AddSpatialJoin.z_mean":null,"Transects_100m_AddSpatialJoin.z_max":null,"Transects_100m_AddSpatialJoin.z_min":null,"Transects_100m_AddSpatialJoin.relief_m":null,"Transects_100m_AddSpatialJoin.slope_avg":null,"Transects_100m_AddSpatialJoin.road_z":null,"Transects_100m_AddSpatialJoin.shch_myr":null,"Transects_100m_AddSpatialJoin.eros_hot":null,"Transects_100m_AddSpatialJoin.bnour":null,"Transects_100m_AddSpatialJoin.bnour_yr":null,"Transects_100m_AddSpatialJoin.bnour_src":null,"Transects_100m_AddSpatialJoin.armor":null,"Transects_100m_AddSpatialJoin.editor":null,"Transects_100m_AddSpatialJoin.edit_date":null,"Transects_100m_AddSpatialJoin.notes":null,"Transects_100m_AddSpatialJoin.hotspot":null,"Transects_100m_AddSpatialJoin.Shape_Length":10000}},{"type":"Feature","id":580,"geometry":{"type":"LineString","coordinates":[[460198.45207899995,3955662.3268999998],[450198.45207899995,3955662.3268999998]]},"properties":{"Transects_100m.OBJECTID":580,"Transects_100m.LineID":580,"Transects_100m.Shape_Length":10000,"Transects_100m_AddSpatialJoin.OBJECTID":580,"Transects_100m_AddSpatialJoin.Join_Count":0,"Transects_100m_AddSpatialJoin.TARGET_FID":580,"Transects_100m_AddSpatialJoin.Coords":null,"Transects_100m_AddSpatialJoin.domain_id":null,"Transects_100m_AddSpatialJoin.reach":null,"Transects_100m_AddSpatialJoin.z_mean":null,"Transects_100m_AddSpatialJoin.z_max":null,"Transects_100m_AddSpatialJoin.z_min":null,"Transects_100m_AddSpatialJoin.relief_m":null,"Transects_100m_AddSpatialJoin.slope_avg":null,"Transects_100m_AddSpatialJoin.road_z":null,"Transects_100m_AddSpatialJoin.shch_myr":null,"Transects_100m_AddSpatialJoin.eros_hot":null,"Transects_100m_AddSpatialJoin.bnour":null,"Transects_100m_AddSpatialJoin.bnour_yr":null,"Transects_100m_AddSpatialJoin.bnour_src":null,"Transects_100m_AddSpatialJoin.armor":null,"Transects_100m_AddSpatialJoin.editor":null,"Transects_100m_AddSpatialJoin.edit_date":null,"Transects_100m_AddSpatialJoin.notes":null,"Transects_100m_AddSpatialJoin.hotspot":null,"Transects_100m_AddSpatialJoin.Shape_Length":10000}},{"type":"Feature","id":581,"geometry":{"type":"LineString","coordinates":[[460198.4520770004,3955762.3268999998],[450198.4520770004,3955762.3268999998]]},"properties":{"Transects_100m.OBJECTID":581,"Transects_100m.LineID":581,"Transects_100m.Shape_Length":10000,"Transects_100m_AddSpatialJoin.OBJECTID":581,"Transects_100m_AddSpatialJoin.Join_Count":0,"Transects_100m_AddSpatialJoin.TARGET_FID":581,"Transects_100m_AddSpatialJoin.Coords":null,"Transects_100m_AddSpatialJoin.domain_id":null,"Transects_100m_AddSpatialJoin.reach":null,"Transects_100m_AddSpatialJoin.z_mean":null,"Transects_100m_AddSpatialJoin.z_max":null,"Transects_100m_AddSpatialJoin.z_min":null,"Transects_100m_AddSpatialJoin.relief_m":null,"Transects_100m_AddSpatialJoin.slope_avg":null,"Transects_100m_AddSpatialJoin.road_z":null,"Transects_100m_AddSpatialJoin.shch_myr":null,"Transects_100m_AddSpatialJoin.eros_hot":null,"Transects_100m_AddSpatialJoin.bnour":null,"Transects_100m_AddSpatialJoin.bnour_yr":null,"Transects_100m_AddSpatialJoin.bnour_src":null,"Transects_100m_AddSpatialJoin.armor":null,"Transects_100m_AddSpatialJoin.editor":null,"Transects_100m_AddSpatialJoin.edit_date":null,"Transects_100m_AddSpatialJoin.notes":null,"Transects_100m_AddSpatialJoin.hotspot":null,"Transects_100m_AddSpatialJoin.Shape_Length":10000}},{"type":"Feature","id":582,"geometry":{"type":"LineString","coordinates":[[460198.45207600016,3955862.3268999998],[450198.45207600016,3955862.3268999998]]},"properties":{"Transects_100m.OBJECTID":582,"Transects_100m.LineID":582,"Transects_100m.Shape_Length":10000,"Transects_100m_AddSpatialJoin.OBJECTID":582,"Transects_100m_AddSpatialJoin.Join_Count":0,"Transects_100m_AddSpatialJoin.TARGET_FID":582,"Transects_100m_AddSpatialJoin.Coords":null,"Transects_100m_AddSpatialJoin.domain_id":null,"Transects_100m_AddSpatialJoin.reach":null,"Transects_100m_AddSpatialJoin.z_mean":null,"Transects_100m_AddSpatialJoin.z_max":null,"Transects_100m_AddSpatialJoin.z_min":null,"Transects_100m_AddSpatialJoin.relief_m":null,"Transects_100m_AddSpatialJoin.slope_avg":null,"Transects_100m_AddSpatialJoin.road_z":null,"Transects_100m_AddSpatialJoin.shch_myr":null,"Transects_100m_AddSpatialJoin.eros_hot":null,"Transects_100m_AddSpatialJoin.bnour":null,"Transects_100m_AddSpatialJoin.bnour_yr":null,"Transects_100m_AddSpatialJoin.bnour_src":null,"Transects_100m_AddSpatialJoin.armor":null,"Transects_100m_AddSpatialJoin.editor":null,"Transects_100m_AddSpatialJoin.edit_date":null,"Transects_100m_AddSpatialJoin.notes":null,"Transects_100m_AddSpatialJoin.hotspot":null,"Transects_100m_AddSpatialJoin.Shape_Length":10000}},{"type":"Feature","id":583,"geometry":{"type":"LineString","coordinates":[[460198.45207399968,3955962.3268999998],[450198.45207399968,3955962.3268999998]]},"properties":{"Transects_100m.OBJECTID":583,"Transects_100m.LineID":583,"Transects_100m.Shape_Length":10000,"Transects_100m_AddSpatialJoin.OBJECTID":583,"Transects_100m_AddSpatialJoin.Join_Count":0,"Transects_100m_AddSpatialJoin.TARGET_FID":583,"Transects_100m_AddSpatialJoin.Coords":null,"Transects_100m_AddSpatialJoin.domain_id":null,"Transects_100m_AddSpatialJoin.reach":null,"Transects_100m_AddSpatialJoin.z_mean":null,"Transects_100m_AddSpatialJoin.z_max":null,"Transects_100m_AddSpatialJoin.z_min":null,"Transects_100m_AddSpatialJoin.relief_m":null,"Transects_100m_AddSpatialJoin.slope_avg":null,"Transects_100m_AddSpatialJoin.road_z":null,"Transects_100m_AddSpatialJoin.shch_myr":null,"Transects_100m_AddSpatialJoin.eros_hot":null,"Transects_100m_AddSpatialJoin.bnour":null,"Transects_100m_AddSpatialJoin.bnour_yr":null,"Transects_100m_AddSpatialJoin.bnour_src":null,"Transects_100m_AddSpatialJoin.armor":null,"Transects_100m_AddSpatialJoin.editor":null,"Transects_100m_AddSpatialJoin.edit_date":null,"Transects_100m_AddSpatialJoin.notes":null,"Transects_100m_AddSpatialJoin.hotspot":null,"Transects_100m_AddSpatialJoin.Shape_Length":10000}},{"type":"Feature","id":584,"geometry":{"type":"LineString","coordinates":[[460198.45207200013,3956062.3268999998],[450198.45207200013,3956062.3268999998]]},"properties":{"Transects_100m.OBJECTID":584,"Transects_100m.LineID":584,"Transects_100m.Shape_Length":10000,"Transects_100m_AddSpatialJoin.OBJECTID":584,"Transects_100m_AddSpatialJoin.Join_Count":0,"Transects_100m_AddSpatialJoin.TARGET_FID":584,"Transects_100m_AddSpatialJoin.Coords":null,"Transects_100m_AddSpatialJoin.domain_id":null,"Transects_100m_AddSpatialJoin.reach":null,"Transects_100m_AddSpatialJoin.z_mean":null,"Transects_100m_AddSpatialJoin.z_max":null,"Transects_100m_AddSpatialJoin.z_min":null,"Transects_100m_AddSpatialJoin.relief_m":null,"Transects_100m_AddSpatialJoin.slope_avg":null,"Transects_100m_AddSpatialJoin.road_z":null,"Transects_100m_AddSpatialJoin.shch_myr":null,"Transects_100m_AddSpatialJoin.eros_hot":null,"Transects_100m_AddSpatialJoin.bnour":null,"Transects_100m_AddSpatialJoin.bnour_yr":null,"Transects_100m_AddSpatialJoin.bnour_src":null,"Transects_100m_AddSpatialJoin.armor":null,"Transects_100m_AddSpatialJoin.editor":null,"Transects_100m_AddSpatialJoin.edit_date":null,"Transects_100m_AddSpatialJoin.notes":null,"Transects_100m_AddSpatialJoin.hotspot":null,"Transects_100m_AddSpatialJoin.Shape_Length":10000}},{"type":"Feature","id":585,"geometry":{"type":"LineString","coordinates":[[460198.45206999965,3956162.3268999998],[450198.45206999965,3956162.3268999998]]},"properties":{"Transects_100m.OBJECTID":585,"Transects_100m.LineID":585,"Transects_100m.Shape_Length":10000,"Transects_100m_AddSpatialJoin.OBJECTID":585,"Transects_100m_AddSpatialJoin.Join_Count":0,"Transects_100m_AddSpatialJoin.TARGET_FID":585,"Transects_100m_AddSpatialJoin.Coords":null,"Transects_100m_AddSpatialJoin.domain_id":null,"Transects_100m_AddSpatialJoin.reach":null,"Transects_100m_AddSpatialJoin.z_mean":null,"Transects_100m_AddSpatialJoin.z_max":null,"Transects_100m_AddSpatialJoin.z_min":null,"Transects_100m_AddSpatialJoin.relief_m":null,"Transects_100m_AddSpatialJoin.slope_avg":null,"Transects_100m_AddSpatialJoin.road_z":null,"Transects_100m_AddSpatialJoin.shch_myr":null,"Transects_100m_AddSpatialJoin.eros_hot":null,"Transects_100m_AddSpatialJoin.bnour":null,"Transects_100m_AddSpatialJoin.bnour_yr":null,"Transects_100m_AddSpatialJoin.bnour_src":null,"Transects_100m_AddSpatialJoin.armor":null,"Transects_100m_AddSpatialJoin.editor":null,"Transects_100m_AddSpatialJoin.edit_date":null,"Transects_100m_AddSpatialJoin.notes":null,"Transects_100m_AddSpatialJoin.hotspot":null,"Transects_100m_AddSpatialJoin.Shape_Length":10000}},{"type":"Feature","id":586,"geometry":{"type":"LineString","coordinates":[[460198.4520680001,3956262.3268999998],[450198.4520680001,3956262.3268999998]]},"properties":{"Transects_100m.OBJECTID":586,"Transects_100m.LineID":586,"Transects_100m.Shape_Length":10000,"Transects_100m_AddSpatialJoin.OBJECTID":586,"Transects_100m_AddSpatialJoin.Join_Count":0,"Transects_100m_AddSpatialJoin.TARGET_FID":586,"Transects_100m_AddSpatialJoin.Coords":null,"Transects_100m_AddSpatialJoin.domain_id":null,"Transects_100m_AddSpatialJoin.reach":null,"Transects_100m_AddSpatialJoin.z_mean":null,"Transects_100m_AddSpatialJoin.z_max":null,"Transects_100m_AddSpatialJoin.z_min":null,"Transects_100m_AddSpatialJoin.relief_m":null,"Transects_100m_AddSpatialJoin.slope_avg":null,"Transects_100m_AddSpatialJoin.road_z":null,"Transects_100m_AddSpatialJoin.shch_myr":null,"Transects_100m_AddSpatialJoin.eros_hot":null,"Transects_100m_AddSpatialJoin.bnour":null,"Transects_100m_AddSpatialJoin.bnour_yr":null,"Transects_100m_AddSpatialJoin.bnour_src":null,"Transects_100m_AddSpatialJoin.armor":null,"Transects_100m_AddSpatialJoin.editor":null,"Transects_100m_AddSpatialJoin.edit_date":null,"Transects_100m_AddSpatialJoin.notes":null,"Transects_100m_AddSpatialJoin.hotspot":null,"Transects_100m_AddSpatialJoin.Shape_Length":10000}},{"type":"Feature","id":587,"geometry":{"type":"LineString","coordinates":[[460198.45206599962,3956362.3268999998],[450198.45206599962,3956362.3268999998]]},"properties":{"Transects_100m.OBJECTID":587,"Transects_100m.LineID":587,"Transects_100m.Shape_Length":10000,"Transects_100m_AddSpatialJoin.OBJECTID":587,"Transects_100m_AddSpatialJoin.Join_Count":0,"Transects_100m_AddSpatialJoin.TARGET_FID":587,"Transects_100m_AddSpatialJoin.Coords":null,"Transects_100m_AddSpatialJoin.domain_id":null,"Transects_100m_AddSpatialJoin.reach":null,"Transects_100m_AddSpatialJoin.z_mean":null,"Transects_100m_AddSpatialJoin.z_max":null,"Transects_100m_AddSpatialJoin.z_min":null,"Transects_100m_AddSpatialJoin.relief_m":null,"Transects_100m_AddSpatialJoin.slope_avg":null,"Transects_100m_AddSpatialJoin.road_z":null,"Transects_100m_AddSpatialJoin.shch_myr":null,"Transects_100m_AddSpatialJoin.eros_hot":null,"Transects_100m_AddSpatialJoin.bnour":null,"Transects_100m_AddSpatialJoin.bnour_yr":null,"Transects_100m_AddSpatialJoin.bnour_src":null,"Transects_100m_AddSpatialJoin.armor":null,"Transects_100m_AddSpatialJoin.editor":null,"Transects_100m_AddSpatialJoin.edit_date":null,"Transects_100m_AddSpatialJoin.notes":null,"Transects_100m_AddSpatialJoin.hotspot":null,"Transects_100m_AddSpatialJoin.Shape_Length":10000}},{"type":"Feature","id":588,"geometry":{"type":"LineString","coordinates":[[460198.45206400007,3956462.3268999998],[450198.45206400007,3956462.3268999998]]},"properties":{"Transects_100m.OBJECTID":588,"Transects_100m.LineID":588,"Transects_100m.Shape_Length":10000,"Transects_100m_AddSpatialJoin.OBJECTID":588,"Transects_100m_AddSpatialJoin.Join_Count":0,"Transects_100m_AddSpatialJoin.TARGET_FID":588,"Transects_100m_AddSpatialJoin.Coords":null,"Transects_100m_AddSpatialJoin.domain_id":null,"Transects_100m_AddSpatialJoin.reach":null,"Transects_100m_AddSpatialJoin.z_mean":null,"Transects_100m_AddSpatialJoin.z_max":null,"Transects_100m_AddSpatialJoin.z_min":null,"Transects_100m_AddSpatialJoin.relief_m":null,"Transects_100m_AddSpatialJoin.slope_avg":null,"Transects_100m_AddSpatialJoin.road_z":null,"Transects_100m_AddSpatialJoin.shch_myr":null,"Transects_100m_AddSpatialJoin.eros_hot":null,"Transects_100m_AddSpatialJoin.bnour":null,"Transects_100m_AddSpatialJoin.bnour_yr":null,"Transects_100m_AddSpatialJoin.bnour_src":null,"Transects_100m_AddSpatialJoin.armor":null,"Transects_100m_AddSpatialJoin.editor":null,"Transects_100m_AddSpatialJoin.edit_date":null,"Transects_100m_AddSpatialJoin.notes":null,"Transects_100m_AddSpatialJoin.hotspot":null,"Transects_100m_AddSpatialJoin.Shape_Length":10000}},{"type":"Feature","id":589,"geometry":{"type":"LineString","coordinates":[[460198.45206199959,3956562.3268999998],[450198.45206199959,3956562.3268999998]]},"properties":{"Transects_100m.OBJECTID":589,"Transects_100m.LineID":589,"Transects_100m.Shape_Length":10000,"Transects_100m_AddSpatialJoin.OBJECTID":589,"Transects_100m_AddSpatialJoin.Join_Count":0,"Transects_100m_AddSpatialJoin.TARGET_FID":589,"Transects_100m_AddSpatialJoin.Coords":null,"Transects_100m_AddSpatialJoin.domain_id":null,"Transects_100m_AddSpatialJoin.reach":null,"Transects_100m_AddSpatialJoin.z_mean":null,"Transects_100m_AddSpatialJoin.z_max":null,"Transects_100m_AddSpatialJoin.z_min":null,"Transects_100m_AddSpatialJoin.relief_m":null,"Transects_100m_AddSpatialJoin.slope_avg":null,"Transects_100m_AddSpatialJoin.road_z":null,"Transects_100m_AddSpatialJoin.shch_myr":null,"Transects_100m_AddSpatialJoin.eros_hot":null,"Transects_100m_AddSpatialJoin.bnour":null,"Transects_100m_AddSpatialJoin.bnour_yr":null,"Transects_100m_AddSpatialJoin.bnour_src":null,"Transects_100m_AddSpatialJoin.armor":null,"Transects_100m_AddSpatialJoin.editor":null,"Transects_100m_AddSpatialJoin.edit_date":null,"Transects_100m_AddSpatialJoin.notes":null,"Transects_100m_AddSpatialJoin.hotspot":null,"Transects_100m_AddSpatialJoin.Shape_Length":10000}},{"type":"Feature","id":590,"geometry":{"type":"LineString","coordinates":[[460198.45206100028,3956662.3268999998],[450198.45206100028,3956662.3268999998]]},"properties":{"Transects_100m.OBJECTID":590,"Transects_100m.LineID":590,"Transects_100m.Shape_Length":10000,"Transects_100m_AddSpatialJoin.OBJECTID":590,"Transects_100m_AddSpatialJoin.Join_Count":0,"Transects_100m_AddSpatialJoin.TARGET_FID":590,"Transects_100m_AddSpatialJoin.Coords":null,"Transects_100m_AddSpatialJoin.domain_id":null,"Transects_100m_AddSpatialJoin.reach":null,"Transects_100m_AddSpatialJoin.z_mean":null,"Transects_100m_AddSpatialJoin.z_max":null,"Transects_100m_AddSpatialJoin.z_min":null,"Transects_100m_AddSpatialJoin.relief_m":null,"Transects_100m_AddSpatialJoin.slope_avg":null,"Transects_100m_AddSpatialJoin.road_z":null,"Transects_100m_AddSpatialJoin.shch_myr":null,"Transects_100m_AddSpatialJoin.eros_hot":null,"Transects_100m_AddSpatialJoin.bnour":null,"Transects_100m_AddSpatialJoin.bnour_yr":null,"Transects_100m_AddSpatialJoin.bnour_src":null,"Transects_100m_AddSpatialJoin.armor":null,"Transects_100m_AddSpatialJoin.editor":null,"Transects_100m_AddSpatialJoin.edit_date":null,"Transects_100m_AddSpatialJoin.notes":null,"Transects_100m_AddSpatialJoin.hotspot":null,"Transects_100m_AddSpatialJoin.Shape_Length":10000}},{"type":"Feature","id":591,"geometry":{"type":"LineString","coordinates":[[460198.4520589998,3956762.3268999998],[450198.4520589998,3956762.3268999998]]},"properties":{"Transects_100m.OBJECTID":591,"Transects_100m.LineID":591,"Transects_100m.Shape_Length":10000,"Transects_100m_AddSpatialJoin.OBJECTID":591,"Transects_100m_AddSpatialJoin.Join_Count":0,"Transects_100m_AddSpatialJoin.TARGET_FID":591,"Transects_100m_AddSpatialJoin.Coords":null,"Transects_100m_AddSpatialJoin.domain_id":null,"Transects_100m_AddSpatialJoin.reach":null,"Transects_100m_AddSpatialJoin.z_mean":null,"Transects_100m_AddSpatialJoin.z_max":null,"Transects_100m_AddSpatialJoin.z_min":null,"Transects_100m_AddSpatialJoin.relief_m":null,"Transects_100m_AddSpatialJoin.slope_avg":null,"Transects_100m_AddSpatialJoin.road_z":null,"Transects_100m_AddSpatialJoin.shch_myr":null,"Transects_100m_AddSpatialJoin.eros_hot":null,"Transects_100m_AddSpatialJoin.bnour":null,"Transects_100m_AddSpatialJoin.bnour_yr":null,"Transects_100m_AddSpatialJoin.bnour_src":null,"Transects_100m_AddSpatialJoin.armor":null,"Transects_100m_AddSpatialJoin.editor":null,"Transects_100m_AddSpatialJoin.edit_date":null,"Transects_100m_AddSpatialJoin.notes":null,"Transects_100m_AddSpatialJoin.hotspot":null,"Transects_100m_AddSpatialJoin.Shape_Length":10000}},{"type":"Feature","id":592,"geometry":{"type":"LineString","coordinates":[[460198.45205700025,3956862.3268999998],[450198.45205700025,3956862.3268999998]]},"properties":{"Transects_100m.OBJECTID":592,"Transects_100m.LineID":592,"Transects_100m.Shape_Length":10000,"Transects_100m_AddSpatialJoin.OBJECTID":592,"Transects_100m_AddSpatialJoin.Join_Count":0,"Transects_100m_AddSpatialJoin.TARGET_FID":592,"Transects_100m_AddSpatialJoin.Coords":null,"Transects_100m_AddSpatialJoin.domain_id":null,"Transects_100m_AddSpatialJoin.reach":null,"Transects_100m_AddSpatialJoin.z_mean":null,"Transects_100m_AddSpatialJoin.z_max":null,"Transects_100m_AddSpatialJoin.z_min":null,"Transects_100m_AddSpatialJoin.relief_m":null,"Transects_100m_AddSpatialJoin.slope_avg":null,"Transects_100m_AddSpatialJoin.road_z":null,"Transects_100m_AddSpatialJoin.shch_myr":null,"Transects_100m_AddSpatialJoin.eros_hot":null,"Transects_100m_AddSpatialJoin.bnour":null,"Transects_100m_AddSpatialJoin.bnour_yr":null,"Transects_100m_AddSpatialJoin.bnour_src":null,"Transects_100m_AddSpatialJoin.armor":null,"Transects_100m_AddSpatialJoin.editor":null,"Transects_100m_AddSpatialJoin.edit_date":null,"Transects_100m_AddSpatialJoin.notes":null,"Transects_100m_AddSpatialJoin.hotspot":null,"Transects_100m_AddSpatialJoin.Shape_Length":10000}},{"type":"Feature","id":593,"geometry":{"type":"LineString","coordinates":[[460198.45205499977,3956962.3268999998],[450198.45205499977,3956962.3268999998]]},"properties":{"Transects_100m.OBJECTID":593,"Transects_100m.LineID":593,"Transects_100m.Shape_Length":10000,"Transects_100m_AddSpatialJoin.OBJECTID":593,"Transects_100m_AddSpatialJoin.Join_Count":0,"Transects_100m_AddSpatialJoin.TARGET_FID":593,"Transects_100m_AddSpatialJoin.Coords":null,"Transects_100m_AddSpatialJoin.domain_id":null,"Transects_100m_AddSpatialJoin.reach":null,"Transects_100m_AddSpatialJoin.z_mean":null,"Transects_100m_AddSpatialJoin.z_max":null,"Transects_100m_AddSpatialJoin.z_min":null,"Transects_100m_AddSpatialJoin.relief_m":null,"Transects_100m_AddSpatialJoin.slope_avg":null,"Transects_100m_AddSpatialJoin.road_z":null,"Transects_100m_AddSpatialJoin.shch_myr":null,"Transects_100m_AddSpatialJoin.eros_hot":null,"Transects_100m_AddSpatialJoin.bnour":null,"Transects_100m_AddSpatialJoin.bnour_yr":null,"Transects_100m_AddSpatialJoin.bnour_src":null,"Transects_100m_AddSpatialJoin.armor":null,"Transects_100m_AddSpatialJoin.editor":null,"Transects_100m_AddSpatialJoin.edit_date":null,"Transects_100m_AddSpatialJoin.notes":null,"Transects_100m_AddSpatialJoin.hotspot":null,"Transects_100m_AddSpatialJoin.Shape_Length":10000}},{"type":"Feature","id":594,"geometry":{"type":"LineString","coordinates":[[460198.45205300022,3957062.3268999998],[450198.45205300022,3957062.3268999998]]},"properties":{"Transects_100m.OBJECTID":594,"Transects_100m.LineID":594,"Transects_100m.Shape_Length":10000,"Transects_100m_AddSpatialJoin.OBJECTID":594,"Transects_100m_AddSpatialJoin.Join_Count":0,"Transects_100m_AddSpatialJoin.TARGET_FID":594,"Transects_100m_AddSpatialJoin.Coords":null,"Transects_100m_AddSpatialJoin.domain_id":null,"Transects_100m_AddSpatialJoin.reach":null,"Transects_100m_AddSpatialJoin.z_mean":null,"Transects_100m_AddSpatialJoin.z_max":null,"Transects_100m_AddSpatialJoin.z_min":null,"Transects_100m_AddSpatialJoin.relief_m":null,"Transects_100m_AddSpatialJoin.slope_avg":null,"Transects_100m_AddSpatialJoin.road_z":null,"Transects_100m_AddSpatialJoin.shch_myr":null,"Transects_100m_AddSpatialJoin.eros_hot":null,"Transects_100m_AddSpatialJoin.bnour":null,"Transects_100m_AddSpatialJoin.bnour_yr":null,"Transects_100m_AddSpatialJoin.bnour_src":null,"Transects_100m_AddSpatialJoin.armor":null,"Transects_100m_AddSpatialJoin.editor":null,"Transects_100m_AddSpatialJoin.edit_date":null,"Transects_100m_AddSpatialJoin.notes":null,"Transects_100m_AddSpatialJoin.hotspot":null,"Transects_100m_AddSpatialJoin.Shape_Length":10000}},{"type":"Feature","id":595,"geometry":{"type":"LineString","coordinates":[[460198.45205099974,3957162.3268999998],[450198.45205099974,3957162.3268999998]]},"properties":{"Transects_100m.OBJECTID":595,"Transects_100m.LineID":595,"Transects_100m.Shape_Length":10000,"Transects_100m_AddSpatialJoin.OBJECTID":595,"Transects_100m_AddSpatialJoin.Join_Count":0,"Transects_100m_AddSpatialJoin.TARGET_FID":595,"Transects_100m_AddSpatialJoin.Coords":null,"Transects_100m_AddSpatialJoin.domain_id":null,"Transects_100m_AddSpatialJoin.reach":null,"Transects_100m_AddSpatialJoin.z_mean":null,"Transects_100m_AddSpatialJoin.z_max":null,"Transects_100m_AddSpatialJoin.z_min":null,"Transects_100m_AddSpatialJoin.relief_m":null,"Transects_100m_AddSpatialJoin.slope_avg":null,"Transects_100m_AddSpatialJoin.road_z":null,"Transects_100m_AddSpatialJoin.shch_myr":null,"Transects_100m_AddSpatialJoin.eros_hot":null,"Transects_100m_AddSpatialJoin.bnour":null,"Transects_100m_AddSpatialJoin.bnour_yr":null,"Transects_100m_AddSpatialJoin.bnour_src":null,"Transects_100m_AddSpatialJoin.armor":null,"Transects_100m_AddSpatialJoin.editor":null,"Transects_100m_AddSpatialJoin.edit_date":null,"Transects_100m_AddSpatialJoin.notes":null,"Transects_100m_AddSpatialJoin.hotspot":null,"Transects_100m_AddSpatialJoin.Shape_Length":10000}},{"type":"Feature","id":596,"geometry":{"type":"LineString","coordinates":[[460198.45204900019,3957262.3268999998],[450198.45204900019,3957262.3268999998]]},"properties":{"Transects_100m.OBJECTID":596,"Transects_100m.LineID":596,"Transects_100m.Shape_Length":10000,"Transects_100m_AddSpatialJoin.OBJECTID":596,"Transects_100m_AddSpatialJoin.Join_Count":0,"Transects_100m_AddSpatialJoin.TARGET_FID":596,"Transects_100m_AddSpatialJoin.Coords":null,"Transects_100m_AddSpatialJoin.domain_id":null,"Transects_100m_AddSpatialJoin.reach":null,"Transects_100m_AddSpatialJoin.z_mean":null,"Transects_100m_AddSpatialJoin.z_max":null,"Transects_100m_AddSpatialJoin.z_min":null,"Transects_100m_AddSpatialJoin.relief_m":null,"Transects_100m_AddSpatialJoin.slope_avg":null,"Transects_100m_AddSpatialJoin.road_z":null,"Transects_100m_AddSpatialJoin.shch_myr":null,"Transects_100m_AddSpatialJoin.eros_hot":null,"Transects_100m_AddSpatialJoin.bnour":null,"Transects_100m_AddSpatialJoin.bnour_yr":null,"Transects_100m_AddSpatialJoin.bnour_src":null,"Transects_100m_AddSpatialJoin.armor":null,"Transects_100m_AddSpatialJoin.editor":null,"Transects_100m_AddSpatialJoin.edit_date":null,"Transects_100m_AddSpatialJoin.notes":null,"Transects_100m_AddSpatialJoin.hotspot":null,"Transects_100m_AddSpatialJoin.Shape_Length":10000}},{"type":"Feature","id":597,"geometry":{"type":"LineString","coordinates":[[460198.45204799995,3957362.3268999998],[450198.45204799995,3957362.3268999998]]},"properties":{"Transects_100m.OBJECTID":597,"Transects_100m.LineID":597,"Transects_100m.Shape_Length":10000,"Transects_100m_AddSpatialJoin.OBJECTID":597,"Transects_100m_AddSpatialJoin.Join_Count":0,"Transects_100m_AddSpatialJoin.TARGET_FID":597,"Transects_100m_AddSpatialJoin.Coords":null,"Transects_100m_AddSpatialJoin.domain_id":null,"Transects_100m_AddSpatialJoin.reach":null,"Transects_100m_AddSpatialJoin.z_mean":null,"Transects_100m_AddSpatialJoin.z_max":null,"Transects_100m_AddSpatialJoin.z_min":null,"Transects_100m_AddSpatialJoin.relief_m":null,"Transects_100m_AddSpatialJoin.slope_avg":null,"Transects_100m_AddSpatialJoin.road_z":null,"Transects_100m_AddSpatialJoin.shch_myr":null,"Transects_100m_AddSpatialJoin.eros_hot":null,"Transects_100m_AddSpatialJoin.bnour":null,"Transects_100m_AddSpatialJoin.bnour_yr":null,"Transects_100m_AddSpatialJoin.bnour_src":null,"Transects_100m_AddSpatialJoin.armor":null,"Transects_100m_AddSpatialJoin.editor":null,"Transects_100m_AddSpatialJoin.edit_date":null,"Transects_100m_AddSpatialJoin.notes":null,"Transects_100m_AddSpatialJoin.hotspot":null,"Transects_100m_AddSpatialJoin.Shape_Length":10000}},{"type":"Feature","id":598,"geometry":{"type":"LineString","coordinates":[[460198.4520460004,3957462.3268999998],[450198.4520460004,3957462.3268999998]]},"properties":{"Transects_100m.OBJECTID":598,"Transects_100m.LineID":598,"Transects_100m.Shape_Length":10000,"Transects_100m_AddSpatialJoin.OBJECTID":598,"Transects_100m_AddSpatialJoin.Join_Count":0,"Transects_100m_AddSpatialJoin.TARGET_FID":598,"Transects_100m_AddSpatialJoin.Coords":null,"Transects_100m_AddSpatialJoin.domain_id":null,"Transects_100m_AddSpatialJoin.reach":null,"Transects_100m_AddSpatialJoin.z_mean":null,"Transects_100m_AddSpatialJoin.z_max":null,"Transects_100m_AddSpatialJoin.z_min":null,"Transects_100m_AddSpatialJoin.relief_m":null,"Transects_100m_AddSpatialJoin.slope_avg":null,"Transects_100m_AddSpatialJoin.road_z":null,"Transects_100m_AddSpatialJoin.shch_myr":null,"Transects_100m_AddSpatialJoin.eros_hot":null,"Transects_100m_AddSpatialJoin.bnour":null,"Transects_100m_AddSpatialJoin.bnour_yr":null,"Transects_100m_AddSpatialJoin.bnour_src":null,"Transects_100m_AddSpatialJoin.armor":null,"Transects_100m_AddSpatialJoin.editor":null,"Transects_100m_AddSpatialJoin.edit_date":null,"Transects_100m_AddSpatialJoin.notes":null,"Transects_100m_AddSpatialJoin.hotspot":null,"Transects_100m_AddSpatialJoin.Shape_Length":10000}},{"type":"Feature","id":599,"geometry":{"type":"LineString","coordinates":[[460198.45204399992,3957562.3268999998],[450198.45204399992,3957562.3268999998]]},"properties":{"Transects_100m.OBJECTID":599,"Transects_100m.LineID":599,"Transects_100m.Shape_Length":10000,"Transects_100m_AddSpatialJoin.OBJECTID":599,"Transects_100m_AddSpatialJoin.Join_Count":0,"Transects_100m_AddSpatialJoin.TARGET_FID":599,"Transects_100m_AddSpatialJoin.Coords":null,"Transects_100m_AddSpatialJoin.domain_id":null,"Transects_100m_AddSpatialJoin.reach":null,"Transects_100m_AddSpatialJoin.z_mean":null,"Transects_100m_AddSpatialJoin.z_max":null,"Transects_100m_AddSpatialJoin.z_min":null,"Transects_100m_AddSpatialJoin.relief_m":null,"Transects_100m_AddSpatialJoin.slope_avg":null,"Transects_100m_AddSpatialJoin.road_z":null,"Transects_100m_AddSpatialJoin.shch_myr":null,"Transects_100m_AddSpatialJoin.eros_hot":null,"Transects_100m_AddSpatialJoin.bnour":null,"Transects_100m_AddSpatialJoin.bnour_yr":null,"Transects_100m_AddSpatialJoin.bnour_src":null,"Transects_100m_AddSpatialJoin.armor":null,"Transects_100m_AddSpatialJoin.editor":null,"Transects_100m_AddSpatialJoin.edit_date":null,"Transects_100m_AddSpatialJoin.notes":null,"Transects_100m_AddSpatialJoin.hotspot":null,"Transects_100m_AddSpatialJoin.Shape_Length":10000}},{"type":"Feature","id":600,"geometry":{"type":"LineString","coordinates":[[460198.45204200037,3957662.3268999998],[450198.45204200037,3957662.3268999998]]},"properties":{"Transects_100m.OBJECTID":600,"Transects_100m.LineID":600,"Transects_100m.Shape_Length":10000,"Transects_100m_AddSpatialJoin.OBJECTID":600,"Transects_100m_AddSpatialJoin.Join_Count":0,"Transects_100m_AddSpatialJoin.TARGET_FID":600,"Transects_100m_AddSpatialJoin.Coords":null,"Transects_100m_AddSpatialJoin.domain_id":null,"Transects_100m_AddSpatialJoin.reach":null,"Transects_100m_AddSpatialJoin.z_mean":null,"Transects_100m_AddSpatialJoin.z_max":null,"Transects_100m_AddSpatialJoin.z_min":null,"Transects_100m_AddSpatialJoin.relief_m":null,"Transects_100m_AddSpatialJoin.slope_avg":null,"Transects_100m_AddSpatialJoin.road_z":null,"Transects_100m_AddSpatialJoin.shch_myr":null,"Transects_100m_AddSpatialJoin.eros_hot":null,"Transects_100m_AddSpatialJoin.bnour":null,"Transects_100m_AddSpatialJoin.bnour_yr":null,"Transects_100m_AddSpatialJoin.bnour_src":null,"Transects_100m_AddSpatialJoin.armor":null,"Transects_100m_AddSpatialJoin.editor":null,"Transects_100m_AddSpatialJoin.edit_date":null,"Transects_100m_AddSpatialJoin.notes":null,"Transects_100m_AddSpatialJoin.hotspot":null,"Transects_100m_AddSpatialJoin.Shape_Length":10000}},{"type":"Feature","id":601,"geometry":{"type":"LineString","coordinates":[[460198.45203999989,3957762.3268999998],[450198.45203999989,3957762.3268999998]]},"properties":{"Transects_100m.OBJECTID":601,"Transects_100m.LineID":601,"Transects_100m.Shape_Length":10000,"Transects_100m_AddSpatialJoin.OBJECTID":601,"Transects_100m_AddSpatialJoin.Join_Count":0,"Transects_100m_AddSpatialJoin.TARGET_FID":601,"Transects_100m_AddSpatialJoin.Coords":null,"Transects_100m_AddSpatialJoin.domain_id":null,"Transects_100m_AddSpatialJoin.reach":null,"Transects_100m_AddSpatialJoin.z_mean":null,"Transects_100m_AddSpatialJoin.z_max":null,"Transects_100m_AddSpatialJoin.z_min":null,"Transects_100m_AddSpatialJoin.relief_m":null,"Transects_100m_AddSpatialJoin.slope_avg":null,"Transects_100m_AddSpatialJoin.road_z":null,"Transects_100m_AddSpatialJoin.shch_myr":null,"Transects_100m_AddSpatialJoin.eros_hot":null,"Transects_100m_AddSpatialJoin.bnour":null,"Transects_100m_AddSpatialJoin.bnour_yr":null,"Transects_100m_AddSpatialJoin.bnour_src":null,"Transects_100m_AddSpatialJoin.armor":null,"Transects_100m_AddSpatialJoin.editor":null,"Transects_100m_AddSpatialJoin.edit_date":null,"Transects_100m_AddSpatialJoin.notes":null,"Transects_100m_AddSpatialJoin.hotspot":null,"Transects_100m_AddSpatialJoin.Shape_Length":10000}},{"type":"Feature","id":602,"geometry":{"type":"LineString","coordinates":[[460198.45203800034,3957862.3268999998],[450198.45203800034,3957862.3268999998]]},"properties":{"Transects_100m.OBJECTID":602,"Transects_100m.LineID":602,"Transects_100m.Shape_Length":10000,"Transects_100m_AddSpatialJoin.OBJECTID":602,"Transects_100m_AddSpatialJoin.Join_Count":0,"Transects_100m_AddSpatialJoin.TARGET_FID":602,"Transects_100m_AddSpatialJoin.Coords":null,"Transects_100m_AddSpatialJoin.domain_id":null,"Transects_100m_AddSpatialJoin.reach":null,"Transects_100m_AddSpatialJoin.z_mean":null,"Transects_100m_AddSpatialJoin.z_max":null,"Transects_100m_AddSpatialJoin.z_min":null,"Transects_100m_AddSpatialJoin.relief_m":null,"Transects_100m_AddSpatialJoin.slope_avg":null,"Transects_100m_AddSpatialJoin.road_z":null,"Transects_100m_AddSpatialJoin.shch_myr":null,"Transects_100m_AddSpatialJoin.eros_hot":null,"Transects_100m_AddSpatialJoin.bnour":null,"Transects_100m_AddSpatialJoin.bnour_yr":null,"Transects_100m_AddSpatialJoin.bnour_src":null,"Transects_100m_AddSpatialJoin.armor":null,"Transects_100m_AddSpatialJoin.editor":null,"Transects_100m_AddSpatialJoin.edit_date":null,"Transects_100m_AddSpatialJoin.notes":null,"Transects_100m_AddSpatialJoin.hotspot":null,"Transects_100m_AddSpatialJoin.Shape_Length":10000}},{"type":"Feature","id":603,"geometry":{"type":"LineString","coordinates":[[460198.45203599986,3957962.3268999998],[450198.45203599986,3957962.3268999998]]},"properties":{"Transects_100m.OBJECTID":603,"Transects_100m.LineID":603,"Transects_100m.Shape_Length":10000,"Transects_100m_AddSpatialJoin.OBJECTID":603,"Transects_100m_AddSpatialJoin.Join_Count":0,"Transects_100m_AddSpatialJoin.TARGET_FID":603,"Transects_100m_AddSpatialJoin.Coords":null,"Transects_100m_AddSpatialJoin.domain_id":null,"Transects_100m_AddSpatialJoin.reach":null,"Transects_100m_AddSpatialJoin.z_mean":null,"Transects_100m_AddSpatialJoin.z_max":null,"Transects_100m_AddSpatialJoin.z_min":null,"Transects_100m_AddSpatialJoin.relief_m":null,"Transects_100m_AddSpatialJoin.slope_avg":null,"Transects_100m_AddSpatialJoin.road_z":null,"Transects_100m_AddSpatialJoin.shch_myr":null,"Transects_100m_AddSpatialJoin.eros_hot":null,"Transects_100m_AddSpatialJoin.bnour":null,"Transects_100m_AddSpatialJoin.bnour_yr":null,"Transects_100m_AddSpatialJoin.bnour_src":null,"Transects_100m_AddSpatialJoin.armor":null,"Transects_100m_AddSpatialJoin.editor":null,"Transects_100m_AddSpatialJoin.edit_date":null,"Transects_100m_AddSpatialJoin.notes":null,"Transects_100m_AddSpatialJoin.hotspot":null,"Transects_100m_AddSpatialJoin.Shape_Length":10000}},{"type":"Feature","id":604,"geometry":{"type":"LineString","coordinates":[[460198.45203400031,3958062.3268999998],[450198.45203400031,3958062.3268999998]]},"properties":{"Transects_100m.OBJECTID":604,"Transects_100m.LineID":604,"Transects_100m.Shape_Length":10000,"Transects_100m_AddSpatialJoin.OBJECTID":604,"Transects_100m_AddSpatialJoin.Join_Count":0,"Transects_100m_AddSpatialJoin.TARGET_FID":604,"Transects_100m_AddSpatialJoin.Coords":null,"Transects_100m_AddSpatialJoin.domain_id":null,"Transects_100m_AddSpatialJoin.reach":null,"Transects_100m_AddSpatialJoin.z_mean":null,"Transects_100m_AddSpatialJoin.z_max":null,"Transects_100m_AddSpatialJoin.z_min":null,"Transects_100m_AddSpatialJoin.relief_m":null,"Transects_100m_AddSpatialJoin.slope_avg":null,"Transects_100m_AddSpatialJoin.road_z":null,"Transects_100m_AddSpatialJoin.shch_myr":null,"Transects_100m_AddSpatialJoin.eros_hot":null,"Transects_100m_AddSpatialJoin.bnour":null,"Transects_100m_AddSpatialJoin.bnour_yr":null,"Transects_100m_AddSpatialJoin.bnour_src":null,"Transects_100m_AddSpatialJoin.armor":null,"Transects_100m_AddSpatialJoin.editor":null,"Transects_100m_AddSpatialJoin.edit_date":null,"Transects_100m_AddSpatialJoin.notes":null,"Transects_100m_AddSpatialJoin.hotspot":null,"Transects_100m_AddSpatialJoin.Shape_Length":10000}},{"type":"Feature","id":605,"geometry":{"type":"LineString","coordinates":[[460198.45203300007,3958162.3268999998],[450198.45203300007,3958162.3268999998]]},"properties":{"Transects_100m.OBJECTID":605,"Transects_100m.LineID":605,"Transects_100m.Shape_Length":10000,"Transects_100m_AddSpatialJoin.OBJECTID":605,"Transects_100m_AddSpatialJoin.Join_Count":0,"Transects_100m_AddSpatialJoin.TARGET_FID":605,"Transects_100m_AddSpatialJoin.Coords":null,"Transects_100m_AddSpatialJoin.domain_id":null,"Transects_100m_AddSpatialJoin.reach":null,"Transects_100m_AddSpatialJoin.z_mean":null,"Transects_100m_AddSpatialJoin.z_max":null,"Transects_100m_AddSpatialJoin.z_min":null,"Transects_100m_AddSpatialJoin.relief_m":null,"Transects_100m_AddSpatialJoin.slope_avg":null,"Transects_100m_AddSpatialJoin.road_z":null,"Transects_100m_AddSpatialJoin.shch_myr":null,"Transects_100m_AddSpatialJoin.eros_hot":null,"Transects_100m_AddSpatialJoin.bnour":null,"Transects_100m_AddSpatialJoin.bnour_yr":null,"Transects_100m_AddSpatialJoin.bnour_src":null,"Transects_100m_AddSpatialJoin.armor":null,"Transects_100m_AddSpatialJoin.editor":null,"Transects_100m_AddSpatialJoin.edit_date":null,"Transects_100m_AddSpatialJoin.notes":null,"Transects_100m_AddSpatialJoin.hotspot":null,"Transects_100m_AddSpatialJoin.Shape_Length":10000}},{"type":"Feature","id":606,"geometry":{"type":"LineString","coordinates":[[460198.45203099959,3958262.3268999998],[450198.45203099959,3958262.3268999998]]},"properties":{"Transects_100m.OBJECTID":606,"Transects_100m.LineID":606,"Transects_100m.Shape_Length":10000,"Transects_100m_AddSpatialJoin.OBJECTID":606,"Transects_100m_AddSpatialJoin.Join_Count":0,"Transects_100m_AddSpatialJoin.TARGET_FID":606,"Transects_100m_AddSpatialJoin.Coords":null,"Transects_100m_AddSpatialJoin.domain_id":null,"Transects_100m_AddSpatialJoin.reach":null,"Transects_100m_AddSpatialJoin.z_mean":null,"Transects_100m_AddSpatialJoin.z_max":null,"Transects_100m_AddSpatialJoin.z_min":null,"Transects_100m_AddSpatialJoin.relief_m":null,"Transects_100m_AddSpatialJoin.slope_avg":null,"Transects_100m_AddSpatialJoin.road_z":null,"Transects_100m_AddSpatialJoin.shch_myr":null,"Transects_100m_AddSpatialJoin.eros_hot":null,"Transects_100m_AddSpatialJoin.bnour":null,"Transects_100m_AddSpatialJoin.bnour_yr":null,"Transects_100m_AddSpatialJoin.bnour_src":null,"Transects_100m_AddSpatialJoin.armor":null,"Transects_100m_AddSpatialJoin.editor":null,"Transects_100m_AddSpatialJoin.edit_date":null,"Transects_100m_AddSpatialJoin.notes":null,"Transects_100m_AddSpatialJoin.hotspot":null,"Transects_100m_AddSpatialJoin.Shape_Length":10000}},{"type":"Feature","id":607,"geometry":{"type":"LineString","coordinates":[[460198.45202900004,3958362.3268999998],[450198.45202900004,3958362.3268999998]]},"properties":{"Transects_100m.OBJECTID":607,"Transects_100m.LineID":607,"Transects_100m.Shape_Length":10000,"Transects_100m_AddSpatialJoin.OBJECTID":607,"Transects_100m_AddSpatialJoin.Join_Count":0,"Transects_100m_AddSpatialJoin.TARGET_FID":607,"Transects_100m_AddSpatialJoin.Coords":null,"Transects_100m_AddSpatialJoin.domain_id":null,"Transects_100m_AddSpatialJoin.reach":null,"Transects_100m_AddSpatialJoin.z_mean":null,"Transects_100m_AddSpatialJoin.z_max":null,"Transects_100m_AddSpatialJoin.z_min":null,"Transects_100m_AddSpatialJoin.relief_m":null,"Transects_100m_AddSpatialJoin.slope_avg":null,"Transects_100m_AddSpatialJoin.road_z":null,"Transects_100m_AddSpatialJoin.shch_myr":null,"Transects_100m_AddSpatialJoin.eros_hot":null,"Transects_100m_AddSpatialJoin.bnour":null,"Transects_100m_AddSpatialJoin.bnour_yr":null,"Transects_100m_AddSpatialJoin.bnour_src":null,"Transects_100m_AddSpatialJoin.armor":null,"Transects_100m_AddSpatialJoin.editor":null,"Transects_100m_AddSpatialJoin.edit_date":null,"Transects_100m_AddSpatialJoin.notes":null,"Transects_100m_AddSpatialJoin.hotspot":null,"Transects_100m_AddSpatialJoin.Shape_Length":10000}},{"type":"Feature","id":608,"geometry":{"type":"LineString","coordinates":[[460198.45202699956,3958462.3268999998],[450198.45202699956,3958462.3268999998]]},"properties":{"Transects_100m.OBJECTID":608,"Transects_100m.LineID":608,"Transects_100m.Shape_Length":10000,"Transects_100m_AddSpatialJoin.OBJECTID":608,"Transects_100m_AddSpatialJoin.Join_Count":0,"Transects_100m_AddSpatialJoin.TARGET_FID":608,"Transects_100m_AddSpatialJoin.Coords":null,"Transects_100m_AddSpatialJoin.domain_id":null,"Transects_100m_AddSpatialJoin.reach":null,"Transects_100m_AddSpatialJoin.z_mean":null,"Transects_100m_AddSpatialJoin.z_max":null,"Transects_100m_AddSpatialJoin.z_min":null,"Transects_100m_AddSpatialJoin.relief_m":null,"Transects_100m_AddSpatialJoin.slope_avg":null,"Transects_100m_AddSpatialJoin.road_z":null,"Transects_100m_AddSpatialJoin.shch_myr":null,"Transects_100m_AddSpatialJoin.eros_hot":null,"Transects_100m_AddSpatialJoin.bnour":null,"Transects_100m_AddSpatialJoin.bnour_yr":null,"Transects_100m_AddSpatialJoin.bnour_src":null,"Transects_100m_AddSpatialJoin.armor":null,"Transects_100m_AddSpatialJoin.editor":null,"Transects_100m_AddSpatialJoin.edit_date":null,"Transects_100m_AddSpatialJoin.notes":null,"Transects_100m_AddSpatialJoin.hotspot":null,"Transects_100m_AddSpatialJoin.Shape_Length":10000}},{"type":"Feature","id":609,"geometry":{"type":"LineString","coordinates":[[460198.45202500001,3958562.3268999998],[450198.45202500001,3958562.3268999998]]},"properties":{"Transects_100m.OBJECTID":609,"Transects_100m.LineID":609,"Transects_100m.Shape_Length":10000,"Transects_100m_AddSpatialJoin.OBJECTID":609,"Transects_100m_AddSpatialJoin.Join_Count":0,"Transects_100m_AddSpatialJoin.TARGET_FID":609,"Transects_100m_AddSpatialJoin.Coords":null,"Transects_100m_AddSpatialJoin.domain_id":null,"Transects_100m_AddSpatialJoin.reach":null,"Transects_100m_AddSpatialJoin.z_mean":null,"Transects_100m_AddSpatialJoin.z_max":null,"Transects_100m_AddSpatialJoin.z_min":null,"Transects_100m_AddSpatialJoin.relief_m":null,"Transects_100m_AddSpatialJoin.slope_avg":null,"Transects_100m_AddSpatialJoin.road_z":null,"Transects_100m_AddSpatialJoin.shch_myr":null,"Transects_100m_AddSpatialJoin.eros_hot":null,"Transects_100m_AddSpatialJoin.bnour":null,"Transects_100m_AddSpatialJoin.bnour_yr":null,"Transects_100m_AddSpatialJoin.bnour_src":null,"Transects_100m_AddSpatialJoin.armor":null,"Transects_100m_AddSpatialJoin.editor":null,"Transects_100m_AddSpatialJoin.edit_date":null,"Transects_100m_AddSpatialJoin.notes":null,"Transects_100m_AddSpatialJoin.hotspot":null,"Transects_100m_AddSpatialJoin.Shape_Length":10000}},{"type":"Feature","id":610,"geometry":{"type":"LineString","coordinates":[[460198.45202300046,3958662.3268999998],[450198.45202300046,3958662.3268999998]]},"properties":{"Transects_100m.OBJECTID":610,"Transects_100m.LineID":610,"Transects_100m.Shape_Length":10000,"Transects_100m_AddSpatialJoin.OBJECTID":610,"Transects_100m_AddSpatialJoin.Join_Count":0,"Transects_100m_AddSpatialJoin.TARGET_FID":610,"Transects_100m_AddSpatialJoin.Coords":null,"Transects_100m_AddSpatialJoin.domain_id":null,"Transects_100m_AddSpatialJoin.reach":null,"Transects_100m_AddSpatialJoin.z_mean":null,"Transects_100m_AddSpatialJoin.z_max":null,"Transects_100m_AddSpatialJoin.z_min":null,"Transects_100m_AddSpatialJoin.relief_m":null,"Transects_100m_AddSpatialJoin.slope_avg":null,"Transects_100m_AddSpatialJoin.road_z":null,"Transects_100m_AddSpatialJoin.shch_myr":null,"Transects_100m_AddSpatialJoin.eros_hot":null,"Transects_100m_AddSpatialJoin.bnour":null,"Transects_100m_AddSpatialJoin.bnour_yr":null,"Transects_100m_AddSpatialJoin.bnour_src":null,"Transects_100m_AddSpatialJoin.armor":null,"Transects_100m_AddSpatialJoin.editor":null,"Transects_100m_AddSpatialJoin.edit_date":null,"Transects_100m_AddSpatialJoin.notes":null,"Transects_100m_AddSpatialJoin.hotspot":null,"Transects_100m_AddSpatialJoin.Shape_Length":10000}},{"type":"Feature","id":611,"geometry":{"type":"LineString","coordinates":[[460198.45202099998,3958762.3268999998],[450198.45202099998,3958762.3268999998]]},"properties":{"Transects_100m.OBJECTID":611,"Transects_100m.LineID":611,"Transects_100m.Shape_Length":10000,"Transects_100m_AddSpatialJoin.OBJECTID":611,"Transects_100m_AddSpatialJoin.Join_Count":0,"Transects_100m_AddSpatialJoin.TARGET_FID":611,"Transects_100m_AddSpatialJoin.Coords":null,"Transects_100m_AddSpatialJoin.domain_id":null,"Transects_100m_AddSpatialJoin.reach":null,"Transects_100m_AddSpatialJoin.z_mean":null,"Transects_100m_AddSpatialJoin.z_max":null,"Transects_100m_AddSpatialJoin.z_min":null,"Transects_100m_AddSpatialJoin.relief_m":null,"Transects_100m_AddSpatialJoin.slope_avg":null,"Transects_100m_AddSpatialJoin.road_z":null,"Transects_100m_AddSpatialJoin.shch_myr":null,"Transects_100m_AddSpatialJoin.eros_hot":null,"Transects_100m_AddSpatialJoin.bnour":null,"Transects_100m_AddSpatialJoin.bnour_yr":null,"Transects_100m_AddSpatialJoin.bnour_src":null,"Transects_100m_AddSpatialJoin.armor":null,"Transects_100m_AddSpatialJoin.editor":null,"Transects_100m_AddSpatialJoin.edit_date":null,"Transects_100m_AddSpatialJoin.notes":null,"Transects_100m_AddSpatialJoin.hotspot":null,"Transects_100m_AddSpatialJoin.Shape_Length":10000}},{"type":"Feature","id":612,"geometry":{"type":"LineString","coordinates":[[460198.45201900043,3958862.3268999998],[450198.45201900043,3958862.3268999998]]},"properties":{"Transects_100m.OBJECTID":612,"Transects_100m.LineID":612,"Transects_100m.Shape_Length":10000,"Transects_100m_AddSpatialJoin.OBJECTID":612,"Transects_100m_AddSpatialJoin.Join_Count":0,"Transects_100m_AddSpatialJoin.TARGET_FID":612,"Transects_100m_AddSpatialJoin.Coords":null,"Transects_100m_AddSpatialJoin.domain_id":null,"Transects_100m_AddSpatialJoin.reach":null,"Transects_100m_AddSpatialJoin.z_mean":null,"Transects_100m_AddSpatialJoin.z_max":null,"Transects_100m_AddSpatialJoin.z_min":null,"Transects_100m_AddSpatialJoin.relief_m":null,"Transects_100m_AddSpatialJoin.slope_avg":null,"Transects_100m_AddSpatialJoin.road_z":null,"Transects_100m_AddSpatialJoin.shch_myr":null,"Transects_100m_AddSpatialJoin.eros_hot":null,"Transects_100m_AddSpatialJoin.bnour":null,"Transects_100m_AddSpatialJoin.bnour_yr":null,"Transects_100m_AddSpatialJoin.bnour_src":null,"Transects_100m_AddSpatialJoin.armor":null,"Transects_100m_AddSpatialJoin.editor":null,"Transects_100m_AddSpatialJoin.edit_date":null,"Transects_100m_AddSpatialJoin.notes":null,"Transects_100m_AddSpatialJoin.hotspot":null,"Transects_100m_AddSpatialJoin.Shape_Length":10000}},{"type":"Feature","id":613,"geometry":{"type":"LineString","coordinates":[[460198.45201800019,3958962.3268999998],[450198.45201800019,3958962.3268999998]]},"properties":{"Transects_100m.OBJECTID":613,"Transects_100m.LineID":613,"Transects_100m.Shape_Length":10000,"Transects_100m_AddSpatialJoin.OBJECTID":613,"Transects_100m_AddSpatialJoin.Join_Count":0,"Transects_100m_AddSpatialJoin.TARGET_FID":613,"Transects_100m_AddSpatialJoin.Coords":null,"Transects_100m_AddSpatialJoin.domain_id":null,"Transects_100m_AddSpatialJoin.reach":null,"Transects_100m_AddSpatialJoin.z_mean":null,"Transects_100m_AddSpatialJoin.z_max":null,"Transects_100m_AddSpatialJoin.z_min":null,"Transects_100m_AddSpatialJoin.relief_m":null,"Transects_100m_AddSpatialJoin.slope_avg":null,"Transects_100m_AddSpatialJoin.road_z":null,"Transects_100m_AddSpatialJoin.shch_myr":null,"Transects_100m_AddSpatialJoin.eros_hot":null,"Transects_100m_AddSpatialJoin.bnour":null,"Transects_100m_AddSpatialJoin.bnour_yr":null,"Transects_100m_AddSpatialJoin.bnour_src":null,"Transects_100m_AddSpatialJoin.armor":null,"Transects_100m_AddSpatialJoin.editor":null,"Transects_100m_AddSpatialJoin.edit_date":null,"Transects_100m_AddSpatialJoin.notes":null,"Transects_100m_AddSpatialJoin.hotspot":null,"Transects_100m_AddSpatialJoin.Shape_Length":10000}},{"type":"Feature","id":614,"geometry":{"type":"LineString","coordinates":[[460198.4520159997,3959062.3268999998],[450198.4520159997,3959062.3268999998]]},"properties":{"Transects_100m.OBJECTID":614,"Transects_100m.LineID":614,"Transects_100m.Shape_Length":10000,"Transects_100m_AddSpatialJoin.OBJECTID":614,"Transects_100m_AddSpatialJoin.Join_Count":0,"Transects_100m_AddSpatialJoin.TARGET_FID":614,"Transects_100m_AddSpatialJoin.Coords":null,"Transects_100m_AddSpatialJoin.domain_id":null,"Transects_100m_AddSpatialJoin.reach":null,"Transects_100m_AddSpatialJoin.z_mean":null,"Transects_100m_AddSpatialJoin.z_max":null,"Transects_100m_AddSpatialJoin.z_min":null,"Transects_100m_AddSpatialJoin.relief_m":null,"Transects_100m_AddSpatialJoin.slope_avg":null,"Transects_100m_AddSpatialJoin.road_z":null,"Transects_100m_AddSpatialJoin.shch_myr":null,"Transects_100m_AddSpatialJoin.eros_hot":null,"Transects_100m_AddSpatialJoin.bnour":null,"Transects_100m_AddSpatialJoin.bnour_yr":null,"Transects_100m_AddSpatialJoin.bnour_src":null,"Transects_100m_AddSpatialJoin.armor":null,"Transects_100m_AddSpatialJoin.editor":null,"Transects_100m_AddSpatialJoin.edit_date":null,"Transects_100m_AddSpatialJoin.notes":null,"Transects_100m_AddSpatialJoin.hotspot":null,"Transects_100m_AddSpatialJoin.Shape_Length":10000}},{"type":"Feature","id":615,"geometry":{"type":"LineString","coordinates":[[460198.45201400016,3959162.3268999998],[450198.45201400016,3959162.3268999998]]},"properties":{"Transects_100m.OBJECTID":615,"Transects_100m.LineID":615,"Transects_100m.Shape_Length":10000,"Transects_100m_AddSpatialJoin.OBJECTID":615,"Transects_100m_AddSpatialJoin.Join_Count":0,"Transects_100m_AddSpatialJoin.TARGET_FID":615,"Transects_100m_AddSpatialJoin.Coords":null,"Transects_100m_AddSpatialJoin.domain_id":null,"Transects_100m_AddSpatialJoin.reach":null,"Transects_100m_AddSpatialJoin.z_mean":null,"Transects_100m_AddSpatialJoin.z_max":null,"Transects_100m_AddSpatialJoin.z_min":null,"Transects_100m_AddSpatialJoin.relief_m":null,"Transects_100m_AddSpatialJoin.slope_avg":null,"Transects_100m_AddSpatialJoin.road_z":null,"Transects_100m_AddSpatialJoin.shch_myr":null,"Transects_100m_AddSpatialJoin.eros_hot":null,"Transects_100m_AddSpatialJoin.bnour":null,"Transects_100m_AddSpatialJoin.bnour_yr":null,"Transects_100m_AddSpatialJoin.bnour_src":null,"Transects_100m_AddSpatialJoin.armor":null,"Transects_100m_AddSpatialJoin.editor":null,"Transects_100m_AddSpatialJoin.edit_date":null,"Transects_100m_AddSpatialJoin.notes":null,"Transects_100m_AddSpatialJoin.hotspot":null,"Transects_100m_AddSpatialJoin.Shape_Length":10000}},{"type":"Feature","id":616,"geometry":{"type":"LineString","coordinates":[[460198.45201199967,3959262.3268999998],[450198.45201199967,3959262.3268999998]]},"properties":{"Transects_100m.OBJECTID":616,"Transects_100m.LineID":616,"Transects_100m.Shape_Length":10000,"Transects_100m_AddSpatialJoin.OBJECTID":616,"Transects_100m_AddSpatialJoin.Join_Count":0,"Transects_100m_AddSpatialJoin.TARGET_FID":616,"Transects_100m_AddSpatialJoin.Coords":null,"Transects_100m_AddSpatialJoin.domain_id":null,"Transects_100m_AddSpatialJoin.reach":null,"Transects_100m_AddSpatialJoin.z_mean":null,"Transects_100m_AddSpatialJoin.z_max":null,"Transects_100m_AddSpatialJoin.z_min":null,"Transects_100m_AddSpatialJoin.relief_m":null,"Transects_100m_AddSpatialJoin.slope_avg":null,"Transects_100m_AddSpatialJoin.road_z":null,"Transects_100m_AddSpatialJoin.shch_myr":null,"Transects_100m_AddSpatialJoin.eros_hot":null,"Transects_100m_AddSpatialJoin.bnour":null,"Transects_100m_AddSpatialJoin.bnour_yr":null,"Transects_100m_AddSpatialJoin.bnour_src":null,"Transects_100m_AddSpatialJoin.armor":null,"Transects_100m_AddSpatialJoin.editor":null,"Transects_100m_AddSpatialJoin.edit_date":null,"Transects_100m_AddSpatialJoin.notes":null,"Transects_100m_AddSpatialJoin.hotspot":null,"Transects_100m_AddSpatialJoin.Shape_Length":10000}},{"type":"Feature","id":617,"geometry":{"type":"LineString","coordinates":[[460198.45201000012,3959362.3268999998],[450198.45201000012,3959362.3268999998]]},"properties":{"Transects_100m.OBJECTID":617,"Transects_100m.LineID":617,"Transects_100m.Shape_Length":10000,"Transects_100m_AddSpatialJoin.OBJECTID":617,"Transects_100m_AddSpatialJoin.Join_Count":0,"Transects_100m_AddSpatialJoin.TARGET_FID":617,"Transects_100m_AddSpatialJoin.Coords":null,"Transects_100m_AddSpatialJoin.domain_id":null,"Transects_100m_AddSpatialJoin.reach":null,"Transects_100m_AddSpatialJoin.z_mean":null,"Transects_100m_AddSpatialJoin.z_max":null,"Transects_100m_AddSpatialJoin.z_min":null,"Transects_100m_AddSpatialJoin.relief_m":null,"Transects_100m_AddSpatialJoin.slope_avg":null,"Transects_100m_AddSpatialJoin.road_z":null,"Transects_100m_AddSpatialJoin.shch_myr":null,"Transects_100m_AddSpatialJoin.eros_hot":null,"Transects_100m_AddSpatialJoin.bnour":null,"Transects_100m_AddSpatialJoin.bnour_yr":null,"Transects_100m_AddSpatialJoin.bnour_src":null,"Transects_100m_AddSpatialJoin.armor":null,"Transects_100m_AddSpatialJoin.editor":null,"Transects_100m_AddSpatialJoin.edit_date":null,"Transects_100m_AddSpatialJoin.notes":null,"Transects_100m_AddSpatialJoin.hotspot":null,"Transects_100m_AddSpatialJoin.Shape_Length":10000}},{"type":"Feature","id":618,"geometry":{"type":"LineString","coordinates":[[460198.45200799964,3959462.3268999998],[450198.45200799964,3959462.3268999998]]},"properties":{"Transects_100m.OBJECTID":618,"Transects_100m.LineID":618,"Transects_100m.Shape_Length":10000,"Transects_100m_AddSpatialJoin.OBJECTID":618,"Transects_100m_AddSpatialJoin.Join_Count":0,"Transects_100m_AddSpatialJoin.TARGET_FID":618,"Transects_100m_AddSpatialJoin.Coords":null,"Transects_100m_AddSpatialJoin.domain_id":null,"Transects_100m_AddSpatialJoin.reach":null,"Transects_100m_AddSpatialJoin.z_mean":null,"Transects_100m_AddSpatialJoin.z_max":null,"Transects_100m_AddSpatialJoin.z_min":null,"Transects_100m_AddSpatialJoin.relief_m":null,"Transects_100m_AddSpatialJoin.slope_avg":null,"Transects_100m_AddSpatialJoin.road_z":null,"Transects_100m_AddSpatialJoin.shch_myr":null,"Transects_100m_AddSpatialJoin.eros_hot":null,"Transects_100m_AddSpatialJoin.bnour":null,"Transects_100m_AddSpatialJoin.bnour_yr":null,"Transects_100m_AddSpatialJoin.bnour_src":null,"Transects_100m_AddSpatialJoin.armor":null,"Transects_100m_AddSpatialJoin.editor":null,"Transects_100m_AddSpatialJoin.edit_date":null,"Transects_100m_AddSpatialJoin.notes":null,"Transects_100m_AddSpatialJoin.hotspot":null,"Transects_100m_AddSpatialJoin.Shape_Length":10000}},{"type":"Feature","id":619,"geometry":{"type":"LineString","coordinates":[[460198.45200600009,3959562.3268999998],[450198.45200600009,3959562.3268999998]]},"properties":{"Transects_100m.OBJECTID":619,"Transects_100m.LineID":619,"Transects_100m.Shape_Length":10000,"Transects_100m_AddSpatialJoin.OBJECTID":619,"Transects_100m_AddSpatialJoin.Join_Count":0,"Transects_100m_AddSpatialJoin.TARGET_FID":619,"Transects_100m_AddSpatialJoin.Coords":null,"Transects_100m_AddSpatialJoin.domain_id":null,"Transects_100m_AddSpatialJoin.reach":null,"Transects_100m_AddSpatialJoin.z_mean":null,"Transects_100m_AddSpatialJoin.z_max":null,"Transects_100m_AddSpatialJoin.z_min":null,"Transects_100m_AddSpatialJoin.relief_m":null,"Transects_100m_AddSpatialJoin.slope_avg":null,"Transects_100m_AddSpatialJoin.road_z":null,"Transects_100m_AddSpatialJoin.shch_myr":null,"Transects_100m_AddSpatialJoin.eros_hot":null,"Transects_100m_AddSpatialJoin.bnour":null,"Transects_100m_AddSpatialJoin.bnour_yr":null,"Transects_100m_AddSpatialJoin.bnour_src":null,"Transects_100m_AddSpatialJoin.armor":null,"Transects_100m_AddSpatialJoin.editor":null,"Transects_100m_AddSpatialJoin.edit_date":null,"Transects_100m_AddSpatialJoin.notes":null,"Transects_100m_AddSpatialJoin.hotspot":null,"Transects_100m_AddSpatialJoin.Shape_Length":10000}},{"type":"Feature","id":620,"geometry":{"type":"LineString","coordinates":[[460198.45200399961,3959662.3268999998],[450198.45200399961,3959662.3268999998]]},"properties":{"Transects_100m.OBJECTID":620,"Transects_100m.LineID":620,"Transects_100m.Shape_Length":10000,"Transects_100m_AddSpatialJoin.OBJECTID":620,"Transects_100m_AddSpatialJoin.Join_Count":0,"Transects_100m_AddSpatialJoin.TARGET_FID":620,"Transects_100m_AddSpatialJoin.Coords":null,"Transects_100m_AddSpatialJoin.domain_id":null,"Transects_100m_AddSpatialJoin.reach":null,"Transects_100m_AddSpatialJoin.z_mean":null,"Transects_100m_AddSpatialJoin.z_max":null,"Transects_100m_AddSpatialJoin.z_min":null,"Transects_100m_AddSpatialJoin.relief_m":null,"Transects_100m_AddSpatialJoin.slope_avg":null,"Transects_100m_AddSpatialJoin.road_z":null,"Transects_100m_AddSpatialJoin.shch_myr":null,"Transects_100m_AddSpatialJoin.eros_hot":null,"Transects_100m_AddSpatialJoin.bnour":null,"Transects_100m_AddSpatialJoin.bnour_yr":null,"Transects_100m_AddSpatialJoin.bnour_src":null,"Transects_100m_AddSpatialJoin.armor":null,"Transects_100m_AddSpatialJoin.editor":null,"Transects_100m_AddSpatialJoin.edit_date":null,"Transects_100m_AddSpatialJoin.notes":null,"Transects_100m_AddSpatialJoin.hotspot":null,"Transects_100m_AddSpatialJoin.Shape_Length":10000}},{"type":"Feature","id":621,"geometry":{"type":"LineString","coordinates":[[460198.4520030003,3959762.3268999998],[450198.4520030003,3959762.3268999998]]},"properties":{"Transects_100m.OBJECTID":621,"Transects_100m.LineID":621,"Transects_100m.Shape_Length":10000,"Transects_100m_AddSpatialJoin.OBJECTID":621,"Transects_100m_AddSpatialJoin.Join_Count":0,"Transects_100m_AddSpatialJoin.TARGET_FID":621,"Transects_100m_AddSpatialJoin.Coords":null,"Transects_100m_AddSpatialJoin.domain_id":null,"Transects_100m_AddSpatialJoin.reach":null,"Transects_100m_AddSpatialJoin.z_mean":null,"Transects_100m_AddSpatialJoin.z_max":null,"Transects_100m_AddSpatialJoin.z_min":null,"Transects_100m_AddSpatialJoin.relief_m":null,"Transects_100m_AddSpatialJoin.slope_avg":null,"Transects_100m_AddSpatialJoin.road_z":null,"Transects_100m_AddSpatialJoin.shch_myr":null,"Transects_100m_AddSpatialJoin.eros_hot":null,"Transects_100m_AddSpatialJoin.bnour":null,"Transects_100m_AddSpatialJoin.bnour_yr":null,"Transects_100m_AddSpatialJoin.bnour_src":null,"Transects_100m_AddSpatialJoin.armor":null,"Transects_100m_AddSpatialJoin.editor":null,"Transects_100m_AddSpatialJoin.edit_date":null,"Transects_100m_AddSpatialJoin.notes":null,"Transects_100m_AddSpatialJoin.hotspot":null,"Transects_100m_AddSpatialJoin.Shape_Length":10000}},{"type":"Feature","id":622,"geometry":{"type":"LineString","coordinates":[[460198.45200099982,3959862.3268999998],[450198.45200099982,3959862.3268999998]]},"properties":{"Transects_100m.OBJECTID":622,"Transects_100m.LineID":622,"Transects_100m.Shape_Length":10000,"Transects_100m_AddSpatialJoin.OBJECTID":622,"Transects_100m_AddSpatialJoin.Join_Count":0,"Transects_100m_AddSpatialJoin.TARGET_FID":622,"Transects_100m_AddSpatialJoin.Coords":null,"Transects_100m_AddSpatialJoin.domain_id":null,"Transects_100m_AddSpatialJoin.reach":null,"Transects_100m_AddSpatialJoin.z_mean":null,"Transects_100m_AddSpatialJoin.z_max":null,"Transects_100m_AddSpatialJoin.z_min":null,"Transects_100m_AddSpatialJoin.relief_m":null,"Transects_100m_AddSpatialJoin.slope_avg":null,"Transects_100m_AddSpatialJoin.road_z":null,"Transects_100m_AddSpatialJoin.shch_myr":null,"Transects_100m_AddSpatialJoin.eros_hot":null,"Transects_100m_AddSpatialJoin.bnour":null,"Transects_100m_AddSpatialJoin.bnour_yr":null,"Transects_100m_AddSpatialJoin.bnour_src":null,"Transects_100m_AddSpatialJoin.armor":null,"Transects_100m_AddSpatialJoin.editor":null,"Transects_100m_AddSpatialJoin.edit_date":null,"Transects_100m_AddSpatialJoin.notes":null,"Transects_100m_AddSpatialJoin.hotspot":null,"Transects_100m_AddSpatialJoin.Shape_Length":10000}}]
}