transect_id,site,transect_number,domain_number,n_obs,mean_chainage_m,sd_chainage_m,se_chainage_m,min_chainage_m,max_chainage_m,first_date,last_date,n_years,x,y,included,excluded_because
usa_NC_0032_0021,usa_NC_0032,21,1,38,67.87368421052632,14.924289728411928,2.421039489110225,35.2,100.9,2009-03-18,2011-12-13,3,452049.3940311091,3898798.7258927557,True,
usa_NC_0032_0022,usa_NC_0032,22,1,39,65.04871794871795,15.036427203625617,2.407755327941159,32.7,95.4,2009-03-18,2011-12-13,3,452055.1607046808,3898853.1562044662,True,
usa_NC_0032_0023,usa_NC_0032,23,1,35,69.4657142857143,14.164120845563662,2.3941733994234005,33.5,97.0,2009-03-18,2011-11-03,3,452061.50780753914,3898907.4755223966,True,
usa_NC_0032_0024,usa_NC_0032,24,1,36,81.93333333333334,14.20289708877332,2.3671495147955532,48.4,109.8,2009-03-18,2011-11-11,3,452066.8277679429,3898962.194328331,True,
usa_NC_0032_0025,usa_NC_0032,25,1,35,60.16285714285715,14.363599534818515,2.427891452013682,30.2,91.9,2009-03-18,2011-11-11,3,452072.80871621583,3899016.7749772565,True,
usa_NC_0032_0026,usa_NC_0032,26,1,35,66.02285714285713,14.11247019929716,2.385442846733078,41.2,96.5,2009-03-18,2011-11-11,3,452078.02330487245,3899071.6821670043,True,
usa_NC_0032_0027,usa_NC_0032,27,1,36,56.26111111111112,15.626063900287656,2.604343983381276,30.9,90.5,2009-03-18,2011-11-11,3,452082.97826484276,3899122.6084454847,True,
usa_NC_0032_0028,usa_NC_0032,28,1,34,54.858823529411765,15.251807993114243,2.6156634916842996,30.5,89.2,2009-03-18,2011-11-11,3,452088.59456916555,3899171.519635511,True,
usa_NC_0032_0029,usa_NC_0032,29,1,37,56.35405405405405,15.27897238026815,2.5118475863826086,27.8,91.7,2009-02-06,2011-11-11,3,452092.73606211686,3899220.929879995,True,
usa_NC_0032_0030,usa_NC_0032,30,2,37,80.93513513513513,14.423095218283615,2.3711422476945674,50.6,119.3,2009-02-06,2011-12-29,3,452098.2387260304,3899269.8918183097,True,
usa_NC_0032_0031,usa_NC_0032,31,2,38,78.70789473684208,14.647744620763522,2.376177948740741,52.5,114.7,2009-02-06,2011-12-29,3,452104.7516848317,3899318.5221756813,True,
usa_NC_0032_0032,usa_NC_0032,32,2,39,82.2051282051282,14.567446561605644,2.3326583235641762,54.1,113.1,2009-02-06,2011-12-29,3,452109.0579949569,3899367.896766435,True,
usa_NC_0032_0033,usa_NC_0032,33,2,40,61.5175,13.338605768450982,2.109018751968281,31.7,85.8,2009-02-06,2011-12-29,3,452114.31851404783,3899416.9585868847,True,
usa_NC_0032_0034,usa_NC_0032,34,2,43,77.06744186046512,12.246121269906387,1.8675159857804253,43.7,97.0,2009-02-06,2011-12-29,3,452120.5312093835,3899465.708013317,True,
usa_NC_0032_0035,usa_NC_0032,35,2,41,65.28780487804879,11.667480343286446,1.8221542969724092,44.6,85.2,2009-02-06,2011-12-29,3,452128.17730509024,3899514.138594051,True,
usa_NC_0032_0036,usa_NC_0032,36,2,40,52.8975,12.830002648040177,2.02860153768993,20.3,75.6,2009-02-06,2011-12-29,3,452134.69086939836,3899564.8121506474,True,
usa_NC_0032_0037,usa_NC_0032,37,2,42,47.75476190476191,13.63219293027609,2.103493036471147,18.7,79.0,2009-02-06,2011-12-29,3,452141.57185054774,3899615.3655219837,True,
usa_NC_0032_0038,usa_NC_0032,38,2,42,39.92857142857143,13.81313065156529,2.1314123330005774,7.7,69.3,2009-02-06,2011-12-29,3,452148.8491349056,3899665.7888707677,True,
usa_NC_0032_0039,usa_NC_0032,39,2,40,43.529999999999994,13.873202355251061,2.1935458941502888,14.4,71.7,2009-03-18,2011-12-29,3,452154.65240530303,3899714.4432306597,True,
usa_NC_0032_0040,usa_NC_0032,40,2,39,42.976923076923086,13.29911871909013,2.1295633277225776,16.9,69.4,2009-03-18,2011-12-13,3,452162.3842153945,3899761.839116834,True,
usa_NC_0032_0041,usa_NC_0032,41,3,40,43.50750000000001,14.33293477382665,2.2662359719961267,19.3,70.3,2009-03-18,2011-12-13,3,452169.9675297189,3899810.316202818,True,
usa_NC_0032_0042,usa_NC_0032,42,3,38,45.526315789473685,15.656579382216151,2.5398325574297003,13.3,75.2,2009-03-18,2011-12-13,3,452178.3743966874,3899859.2034159815,True,
usa_NC_0032_0043,usa_NC_0032,43,3,37,45.483783783783785,13.315623937346714,2.189075090638774,17.0,70.0,2009-03-18,2011-11-11,3,452185.9333558284,3899908.3541603554,True,
usa_NC_0032_0044,usa_NC_0032,44,3,38,40.24736842105263,12.891055705874086,2.0912053764827196,16.4,66.2,2009-03-18,2011-11-11,3,452193.60563563986,3899957.4519019113,True,
usa_NC_0032_0045,usa_NC_0032,45,3,35,43.92285714285714,14.137249206477561,2.389631263402371,13.4,72.0,2009-03-18,2011-11-11,3,452201.4642180345,3900006.4731244273,True,
usa_NC_0032_0046,usa_NC_0032,46,3,36,44.11944444444444,14.225185300213028,2.3708642167021714,16.2,68.7,2009-03-18,2011-11-11,3,452210.57170807285,3900055.0725077786,True,
usa_NC_0032_0047,usa_NC_0032,47,3,37,42.42972972972973,13.880379134768793,2.281920273170401,15.0,69.1,2009-03-18,2011-11-11,3,452221.9953524947,3900102.9067339604,True,
usa_NC_0032_0048,usa_NC_0032,48,3,38,42.265789473684215,14.009886013692007,2.272703619021111,11.9,73.1,2009-02-06,2011-11-11,3,452232.5120579436,3900151.025139265,True,
usa_NC_0032_0049,usa_NC_0032,49,3,39,43.125641025641016,15.09263881131457,2.4167563889028068,16.0,83.5,2009-02-06,2011-11-11,3,452243.355928712,3900199.0269301473,True,
usa_NC_0032_0050,usa_NC_0032,50,3,38,43.74473684210527,14.380348779148486,2.332800615309494,21.7,78.9,2009-02-06,2011-12-29,3,452253.95654426113,3900247.09666375,True,
usa_NC_0032_0051,usa_NC_0032,51,4,39,39.86410256410256,14.138273682668824,2.263935662796809,14.4,67.6,2009-02-06,2011-12-29,3,452263.28361899045,3900295.564744009,True,
usa_NC_0032_0052,usa_NC_0032,52,4,42,38.280952380952385,14.577350257651851,2.2493339783264443,15.8,63.1,2009-02-06,2011-12-29,3,452272.2828765186,3900335.5346101206,True,
usa_NC_0032_0053,usa_NC_0032,53,4,41,39.860975609756096,14.976579683772602,2.3389487894392373,18.0,68.4,2009-02-06,2011-12-29,3,452280.1107046661,3900374.662851902,True,
usa_NC_0032_0054,usa_NC_0032,54,4,42,33.121428571428574,14.904403273321543,2.2997993542594823,7.7,62.2,2009-02-06,2011-12-29,3,452288.46349860943,3900412.3651343687,True,
usa_NC_0032_0055,usa_NC_0032,55,4,44,29.852272727272727,14.412938125596119,2.172832176782299,3.7,59.2,2009-02-06,2011-12-29,3,452296.3547377416,3900448.400418715,True,
usa_NC_0032_0056,usa_NC_0032,56,4,43,38.34186046511628,14.883615673077426,2.269730111524255,12.6,68.2,2009-02-06,2011-12-29,3,452303.96316026937,3900484.618778566,True,
usa_NC_0032_0057,usa_NC_0032,57,4,42,31.488095238095237,14.452937964150628,2.2301367446627385,3.9,57.4,2009-02-06,2011-12-29,3,452313.518537792,3900520.42276815,True,
usa_NC_0032_0058,usa_NC_0032,58,4,43,36.35348837209302,13.748737584250266,2.0966628254763147,6.9,61.7,2009-02-06,2011-12-29,3,452323.99801488064,3900556.1322362646,True,
usa_NC_0032_0059,usa_NC_0032,59,4,44,41.28409090909091,13.697444052557351,2.0649673867826293,11.0,66.6,2009-02-06,2011-12-29,3,452332.75436843734,3900592.4157514456,True,
usa_NC_0032_0060,usa_NC_0032,60,4,44,44.586363636363636,13.824003238538106,2.0840469019494914,15.5,69.6,2009-02-06,2011-12-29,3,452340.6014283513,3900629.5018311082,True,
usa_NC_0032_0061,usa_NC_0032,61,4,40,43.2725,16.255996723891755,2.5702987641866626,8.9,72.1,2009-03-18,2011-12-29,3,452350.008008559,3900671.9578069677,True,
usa_NC_0032_0062,usa_NC_0032,62,4,41,35.46585365853659,18.295854855077113,2.8573324796853106,3.0,65.0,2009-03-18,2011-12-29,3,452358.2260837789,3900714.713403302,True,
usa_NC_0032_0063,usa_NC_0032,63,4,42,34.91904761904762,19.17414720455821,2.9586351463296117,-3.4,67.2,2009-03-18,2011-12-13,3,452367.92717609537,3900757.173266908,True,
usa_NC_0032_0064,usa_NC_0032,64,5,37,35.364864864864856,19.46003334781053,3.199209775308533,-3.8,68.3,2009-03-18,2011-12-13,3,452374.7753905641,3900800.2728160806,True,
usa_NC_0032_0065,usa_NC_0032,65,5,34,31.511764705882356,17.758459609451908,3.045550697331392,-4.3,58.1,2009-03-18,2011-11-03,3,452386.18918100465,3900842.446131838,True,
usa_NC_0032_0066,usa_NC_0032,66,5,37,32.32702702702702,16.909475460828475,2.779900641624991,-2.8,64.3,2009-03-18,2011-11-11,3,452398.23739865667,3900883.516951354,True,
usa_NC_0032_0067,usa_NC_0032,67,5,37,29.83783783783784,18.101002908853044,2.975786547426767,-8.2,64.9,2009-03-18,2011-11-11,3,452410.0156900414,3900923.6699510277,True,
usa_NC_0032_0068,usa_NC_0032,68,5,35,29.10571428571429,19.716564294091025,3.332707640355876,-11.0,60.8,2009-03-18,2011-11-11,3,452422.55898106843,3900963.715949936,True,
usa_NC_0032_0069,usa_NC_0032,69,5,36,28.488888888888887,21.08452076460397,3.5140867941006615,-13.1,71.4,2009-03-18,2011-11-11,3,452434.0051525588,3901004.0013421564,True,
usa_NC_0032_0070,usa_NC_0032,70,5,36,31.172222222222224,19.949989059948468,3.324998176658078,-9.2,70.2,2009-03-18,2011-11-11,3,452448.1022900131,3901043.8642513384,True,
usa_NC_0032_0071,usa_NC_0032,71,5,37,34.92702702702703,17.830570637230018,2.931327755837254,-1.1,69.0,2009-02-06,2011-11-11,3,452463.67674054694,3901083.552075747,True,
usa_NC_0032_0072,usa_NC_0032,72,5,39,33.882051282051286,15.809771658440793,2.5315895477461146,3.9,71.0,2009-02-06,2011-11-11,3,452480.2293751172,3901123.173644219,True,
usa_NC_0032_0073,usa_NC_0032,73,5,39,36.26410256410257,15.528233830154047,2.4865074150762645,7.9,74.1,2009-02-06,2011-12-29,3,452500.5914116023,3901161.9884667485,True,
usa_NC_0032_0074,usa_NC_0032,74,5,39,35.9,12.935487702644346,2.071335764392847,13.5,71.3,2009-02-06,2011-12-29,3,452521.05126245634,3901200.741790534,True,
usa_NC_0032_0075,usa_NC_0032,75,5,41,33.604878048780485,14.3416343423529,2.2397869868760774,2.8,63.0,2009-02-06,2011-12-29,3,452543.96686855605,3901239.3292133235,True,
usa_NC_0032_0076,usa_NC_0032,76,5,41,31.770731707317076,14.013355128277436,2.188518387064077,1.0,57.4,2009-02-06,2011-12-29,3,452567.1204738073,3901278.0859263455,True,
usa_NC_0032_0077,usa_NC_0032,77,6,41,38.821951219512194,12.623678390134984,1.971487343059283,12.3,62.7,2009-03-18,2011-12-29,3,452587.8941389633,3901320.1269445876,True,
usa_NC_0032_0078,usa_NC_0032,78,6,22,130.09090909090912,15.79773670018857,3.3680887812775206,105.3,170.2,2009-03-18,2011-12-29,3,452661.634762416,3901412.115004584,True,
usa_NC_0032_0079,usa_NC_0032,79,6,43,44.76744186046512,15.076972680378269,2.2992167787014246,12.4,81.4,2009-02-06,2011-12-29,3,452695.7629297732,3901488.0896049608,True,
usa_NC_0032_0080,usa_NC_0032,80,6,41,46.38780487804877,14.699391060890093,2.295659199450954,9.6,79.0,2009-03-18,2011-12-29,3,452721.4749217079,3901594.695170712,True,
usa_NC_0032_0081,usa_NC_0032,81,6,40,46.38,12.978329077389956,2.0520540053871974,15.4,77.1,2009-03-18,2011-12-13,3,452734.62896116957,3901667.962653853,True,
usa_NC_0032_0082,usa_NC_0032,82,6,36,40.041666666666664,12.593544264537174,2.098924044089529,10.9,66.6,2009-03-18,2011-11-11,3,452745.95040908933,3901771.9511656654,True,
usa_NC_0032_0083,usa_NC_0032,83,7,36,40.788888888888884,13.265223659258773,2.210870609876462,13.0,67.7,2009-03-18,2011-11-11,3,452758.20826878096,3901897.418630421,True,
usa_NC_0032_0084,usa_NC_0032,84,7,36,33.38055555555555,12.460539301432329,2.0767565502387213,3.8,59.6,2009-03-18,2011-11-11,3,452767.6385300657,3902022.9948879625,True,
usa_NC_0032_0085,usa_NC_0032,85,7,38,46.26842105263158,14.124850733737176,2.291353359286739,13.8,82.3,2009-02-06,2011-12-29,3,452776.42435073183,3902138.151605223,True,
usa_NC_0032_0086,usa_NC_0032,86,7,41,31.4609756097561,12.101650260373178,1.8899602462227083,5.1,51.0,2009-02-06,2011-12-29,3,452786.16819242993,3902221.6078655235,True,
usa_NC_0032_0088,usa_NC_0032,88,8,43,29.225581395348843,10.528896587221642,1.6056416767311408,5.2,46.0,2009-02-06,2011-12-29,3,452807.24071111024,3902372.218119348,True,
usa_NC_0032_0089,usa_NC_0032,89,8,44,28.527272727272727,11.25871989989782,1.697315887621308,7.0,46.8,2009-02-06,2011-12-29,3,452817.9157812713,3902433.7702012723,True,
usa_NC_0032_0090,usa_NC_0032,90,8,44,17.799999999999997,11.882780193047376,1.791396516663866,-11.5,47.9,2009-02-06,2011-12-29,3,452827.7789278805,3902519.7929789163,True,
usa_NC_0032_0091,usa_NC_0032,91,8,42,70.2904761904762,12.61570468288477,1.9466454947015703,41.5,100.8,2009-03-18,2011-12-29,3,452831.68527813733,3902569.22465094,True,
usa_NC_0032_0092,usa_NC_0032,92,8,41,36.58292682926829,14.869799972410933,2.3222726002225063,0.1,72.3,2009-03-18,2011-12-13,3,452836.02700544544,3902620.008177105,True,
usa_NC_0032_0093,usa_NC_0032,93,8,40,46.1,14.134409731627935,2.2348464066996776,16.1,78.3,2009-03-18,2011-12-13,3,452842.96836336004,3902670.6645581303,True,
usa_NC_0032_0094,usa_NC_0032,94,8,36,10.941666666666666,15.646275229952607,2.6077125383254347,-25.4,45.8,2009-03-18,2011-11-03,3,452845.9103252673,3902721.4899121197,True,
usa_NC_0032_0095,usa_NC_0032,95,8,38,56.72631578947368,15.415798919615362,2.500772808606078,21.1,92.1,2009-03-18,2011-11-11,3,452848.3460546958,3902772.3320407313,True,
usa_NC_0032_0096,usa_NC_0032,96,9,39,16.07948717948718,14.230104846438088,2.278640417512954,-14.3,49.4,2009-03-18,2011-11-11,3,452855.65524996305,3902822.9332451317,True,
usa_NC_0032_0097,usa_NC_0032,97,9,35,36.93714285714285,12.626444837866972,2.134258715363637,14.3,62.6,2009-03-18,2011-11-11,3,452860.2779396186,3902873.650530919,True,
usa_NC_0032_0098,usa_NC_0032,98,9,36,33.63055555555556,11.182941587063867,1.8638235978439779,10.3,54.5,2009-03-18,2011-11-11,3,452867.9837738784,3902923.3388358313,True,
usa_NC_0032_0099,usa_NC_0032,99,9,35,31.43428571428571,10.999356742077957,1.859230629968796,8.1,52.6,2009-03-18,2011-11-11,3,452876.0402059501,3902972.4508263683,True,
usa_NC_0032_0100,usa_NC_0032,100,9,37,29.394594594594594,13.635084360777732,2.241594060734974,-1.7,54.3,2009-02-06,2011-11-11,3,452882.8442754768,3903021.632129027,True,
usa_NC_0032_0101,usa_NC_0032,101,9,38,27.497368421052634,13.853743505054535,2.2473739593710182,-1.4,69.0,2009-02-06,2011-12-29,3,452891.6333147426,3903089.181817989,True,
usa_NC_0032_0102,usa_NC_0032,102,9,40,27.100000000000005,13.74903260000126,2.1739129319955377,0.7,61.0,2009-02-06,2011-12-29,3,452897.40741806617,3903162.146064486,True,
usa_NC_0032_0103,usa_NC_0032,103,9,40,26.7075,12.524179434710303,1.9802466419162317,3.4,53.8,2009-02-06,2011-12-29,3,452903.039814945,3903221.0102871847,True,
usa_NC_0032_0104,usa_NC_0032,104,9,44,23.061363636363634,12.51016732379486,1.8859786853450955,0.5,48.2,2009-02-06,2011-12-29,3,452909.1625502737,3903271.7227303945,True,
usa_NC_0032_0105,usa_NC_0032,105,10,43,25.237209302325578,12.364831527087004,1.885619130284285,2.1,51.2,2009-02-06,2011-12-29,3,452914.6402646449,3903322.452397914,True,
usa_NC_0032_0106,usa_NC_0032,106,10,41,26.209756097560973,11.90722060092213,1.8595954348835178,6.5,51.3,2009-02-06,2011-12-29,3,452921.91216493945,3903373.073594397,True,
usa_NC_0032_0107,usa_NC_0032,107,10,43,35.876744186046515,11.14133951956155,1.699038348323285,13.7,61.0,2009-02-06,2011-12-29,3,452931.3347279332,3903423.539729421,True,
usa_NC_0032_0108,usa_NC_0032,108,10,43,30.479069767441857,10.467467928221701,1.596273894056201,6.6,56.2,2009-02-06,2011-12-29,3,452937.7073770983,3903474.0593746123,True,
usa_NC_0032_0109,usa_NC_0032,109,10,43,30.213953488372095,11.512220864623837,1.7555972232083172,-1.4,55.2,2009-03-18,2011-12-29,3,452944.0196666729,3903524.8282147925,True,
usa_NC_0032_0110,usa_NC_0032,110,10,42,39.35,11.895833457918641,1.8355669531479821,10.6,60.5,2009-03-18,2011-12-29,3,452951.3931625017,3903575.6893377863,True,
usa_NC_0032_0111,usa_NC_0032,111,10,41,27.873170731707315,11.788745149299054,1.8410926779120902,-1.0,49.6,2009-03-18,2011-12-13,3,452960.3253490624,3903626.457748259,True,
usa_NC_0032_0112,usa_NC_0032,112,10,36,28.53611111111111,10.651388984615448,1.775231497435908,2.0,48.0,2009-03-18,2011-11-03,3,452966.907097858,3903677.365408174,True,
usa_NC_0032_0113,usa_NC_0032,113,10,37,25.608108108108112,11.723323817131442,1.927302563389185,-3.1,49.6,2009-03-18,2011-11-11,3,452972.7982162437,3903728.319469644,True,
usa_NC_0032_0114,usa_NC_0032,114,10,39,26.31282051282052,12.111242699661108,1.9393509337820727,-0.1,53.2,2009-03-18,2011-11-11,3,452980.8877349915,3903779.136650842,True,
usa_NC_0032_0115,usa_NC_0032,115,11,35,28.322857142857142,11.114566110826495,1.8787045676052785,-1.0,49.4,2009-03-18,2011-11-11,3,452988.13562251756,3903830.007533076,True,
usa_NC_0032_0116,usa_NC_0032,116,11,34,24.80294117647059,11.798599950176873,2.023443198117809,-4.9,46.9,2009-03-18,2011-11-11,3,452993.77828738507,3903880.9881985337,True,
usa_NC_0032_0117,usa_NC_0032,117,11,34,27.558823529411764,11.719011170589406,2.0097938350253393,2.0,49.1,2009-03-18,2011-11-11,3,453003.218884408,3903931.710507287,True,
usa_NC_0032_0118,usa_NC_0032,118,11,34,29.847058823529412,12.711680033306463,2.180035140496338,-0.6,52.7,2009-02-06,2011-11-11,3,453012.60874146584,3903982.42985977,True,
usa_NC_0032_0119,usa_NC_0032,119,11,34,29.435294117647057,11.786378433494324,2.0213472252984563,6.3,53.7,2009-02-06,2011-11-11,3,453022.2717318329,3904033.1228870973,True,
usa_NC_0032_0120,usa_NC_0032,120,11,35,27.857142857142858,11.589759316241357,1.9590268794801693,3.4,55.0,2009-02-06,2011-12-29,3,453031.0232475304,3904083.876593565,True,
usa_NC_0032_0121,usa_NC_0032,121,11,39,29.16666666666666,12.332463222033425,1.9747745676133488,7.7,55.8,2009-02-06,2011-12-29,3,453037.6205816648,3904134.7902682596,True,
usa_NC_0032_0122,usa_NC_0032,122,11,39,27.223076923076917,12.283631846324294,1.966955289573283,5.0,50.1,2009-02-06,2011-12-29,3,453046.1617450848,3904185.6315608155,True,
usa_NC_0032_0123,usa_NC_0032,123,11,43,28.809302325581395,12.736184185104236,1.9422498797211256,1.8,53.8,2009-01-21,2011-12-29,3,453055.3880433956,3904236.402970632,True,
usa_NC_0032_0124,usa_NC_0032,124,11,43,34.079069767441865,13.017873393357796,1.985207081257917,6.4,58.0,2009-01-21,2011-12-29,3,453062.58650884504,3904287.0193375084,True,
usa_NC_0032_0125,usa_NC_0032,125,12,41,37.72682926829268,13.564015341893489,2.1183433022582734,8.5,66.1,2009-01-21,2011-12-29,3,453071.4384477509,3904337.4911974915,True,
usa_NC_0032_0126,usa_NC_0032,126,12,43,31.36046511627907,13.322128736212932,2.0316055860593814,2.0,57.9,2009-01-21,2011-12-29,3,453079.47027716297,3904388.018268201,True,
usa_NC_0032_0127,usa_NC_0032,127,12,39,34.24102564102564,13.134360681027655,2.103180927263085,5.0,61.4,2009-02-06,2011-12-29,3,453087.4538619551,3904438.5384170855,True,
usa_NC_0032_0128,usa_NC_0032,128,12,41,32.47073170731708,14.321840731945722,2.236695744277431,1.3,69.7,2009-02-06,2011-12-29,3,453095.10568304086,3904489.076102188,True,
usa_NC_0032_0129,usa_NC_0032,129,12,40,28.439999999999998,14.778914293421817,2.336751525581548,-2.7,64.9,2009-03-18,2011-12-29,3,453103.37441258825,3904539.550097048,True,
usa_NC_0032_0130,usa_NC_0032,130,12,40,32.7575,14.299899363102938,2.2610126149298226,-0.9,65.8,2009-03-18,2011-12-13,3,453112.85147828516,3904589.9059448857,True,
usa_NC_0032_0131,usa_NC_0032,131,12,35,33.26285714285714,15.640597357974718,2.6437434807175855,-0.4,69.6,2009-03-18,2011-11-03,3,453123.17161001905,3904640.171832077,True,
usa_NC_0032_0132,usa_NC_0032,132,12,36,33.08611111111111,14.706522416509676,2.4510870694182794,0.9,70.1,2009-03-18,2011-11-11,3,453132.7800660733,3904690.046219496,True,
usa_NC_0032_0133,usa_NC_0032,133,12,37,34.62702702702702,14.034415014698858,2.3072436158395933,4.9,68.7,2009-03-18,2011-11-11,3,453142.649734088,3904737.7895332,True,
usa_NC_0032_0134,usa_NC_0032,134,12,34,38.75882352941177,14.409048454421056,2.471131423183065,-0.6,57.4,2009-03-18,2011-11-11,3,453151.31426725263,3904785.662290969,True,
usa_NC_0032_0135,usa_NC_0032,135,13,34,39.06470588235294,14.61854120220518,2.5070591330256584,3.1,59.6,2009-03-18,2011-11-11,3,453160.9021684058,3904833.478198004,True,
usa_NC_0032_0136,usa_NC_0032,136,13,34,39.188235294117646,15.562051058748015,2.6688697384907663,6.7,62.3,2009-03-18,2011-11-11,3,453170.06668616453,3904881.353389097,True,
usa_NC_0032_0137,usa_NC_0032,137,13,36,40.336111111111116,14.828585382444423,2.4714308970740704,7.2,67.5,2009-02-06,2011-11-11,3,453178.06889250496,3904929.3445709255,True,
usa_NC_0032_0138,usa_NC_0032,138,13,37,40.65675675675676,12.719747126691116,2.091113546408248,10.2,63.8,2009-02-06,2011-12-29,3,453187.94605481153,3904977.2073282576,True,
usa_NC_0032_0139,usa_NC_0032,139,13,37,43.45675675675676,12.924235213576695,2.1247311808082467,18.2,65.9,2009-02-06,2011-12-29,3,453198.2401233747,3905025.0639200485,True,
usa_NC_0032_0140,usa_NC_0032,140,13,40,40.2925,14.062504928774064,2.2234772591134973,15.6,65.3,2009-02-06,2011-12-29,3,453208.9424915907,3905072.917435915,True,
usa_NC_0032_0141,usa_NC_0032,141,13,38,41.73947368421054,15.389229990987367,2.496462759246123,15.4,70.4,2009-02-06,2011-12-29,3,453218.75089361175,3905121.1684206557,True,
usa_NC_0032_0142,usa_NC_0032,142,13,40,40.995,15.62030154999642,2.469786531832359,11.2,64.9,2009-02-06,2011-12-29,3,453228.94184700993,3905169.4788759868,True,
usa_NC_0032_0143,usa_NC_0032,143,13,41,40.265853658536585,15.031177760842587,2.347475576527141,11.8,63.6,2009-02-06,2011-12-29,3,453241.1621702372,3905217.6677827826,True,
usa_NC_0032_0144,usa_NC_0032,144,13,39,43.85384615384614,15.278516843040654,2.4465206949560283,13.3,70.3,2009-02-06,2011-12-29,3,453249.1007834313,3905266.1747497804,True,
usa_NC_0032_0145,usa_NC_0032,145,13,40,36.927499999999995,14.565554510732786,2.303016381862753,9.8,59.5,2009-02-06,2011-12-29,3,453258.0950996827,3905314.624477777,True,
usa_NC_0032_0146,usa_NC_0032,146,14,41,47.92195121951219,14.524178327794,2.268295567792553,21.2,73.0,2009-02-06,2011-12-29,3,453267.3050480393,3905363.076493326,True,
usa_NC_0032_0147,usa_NC_0032,147,14,40,41.0625,14.646075653610495,2.315747892427423,13.1,67.7,2009-02-06,2011-12-29,3,453276.88081408065,3905412.1829486866,True,
usa_NC_0032_0148,usa_NC_0032,148,14,39,35.587179487179476,15.620957236778173,2.501355042993504,4.4,68.1,2009-03-18,2011-12-29,3,453286.6431665954,3905461.710139809,True,
usa_NC_0032_0149,usa_NC_0032,149,14,39,39.4,15.066187308008619,2.4125207585130557,13.1,66.5,2009-03-18,2011-12-13,3,453298.51240427076,3905511.0959923095,True,
usa_NC_0032_0150,usa_NC_0032,150,14,38,41.02894736842105,16.165778133013074,2.622435502421986,11.9,69.9,2009-03-18,2011-12-13,3,453309.2014567219,3905560.557051401,True,
usa_NC_0032_0151,usa_NC_0032,151,14,37,41.18108108108108,16.63052477687804,2.734041431675403,6.5,72.2,2009-03-18,2011-11-03,3,453317.53976431827,3905610.169763089,True,
usa_NC_0032_0152,usa_NC_0032,152,14,37,41.5918918918919,15.911881975052102,2.615897282820934,9.0,69.6,2009-03-18,2011-11-11,3,453326.58737913857,3905659.7353153005,True,
usa_NC_0032_0153,usa_NC_0032,153,14,35,41.22,15.338739882287285,2.592720254737817,8.7,69.3,2009-03-18,2011-11-11,3,453334.35532636096,3905709.3832976823,True,
usa_NC_0032_0154,usa_NC_0032,154,14,35,40.62571428571428,15.354082477943635,2.5953136267373256,10.9,76.3,2009-03-18,2011-11-11,3,453344.73544909863,3905758.85980054,True,
usa_NC_0032_0155,usa_NC_0032,155,14,35,42.24,17.05894969527381,2.8834887832320786,9.6,84.4,2009-03-18,2011-11-11,3,453355.7143598841,3905808.295877073,True,
usa_NC_0032_0156,usa_NC_0032,156,15,34,40.41470588235294,16.8681182574476,2.8928584151687846,6.6,83.6,2009-03-18,2011-11-11,3,453363.47587710415,3905857.941255638,True,
usa_NC_0032_0157,usa_NC_0032,157,15,37,41.302702702702696,17.595745800342485,2.892722790458798,6.7,80.8,2009-02-06,2011-11-11,3,453373.59742970247,3905907.431056471,True,
usa_NC_0032_0158,usa_NC_0032,158,15,38,43.13947368421053,16.835139239965272,2.731020212441432,11.3,84.5,2009-02-06,2011-12-29,3,453383.5416919757,3905956.931275247,True,
usa_NC_0032_0159,usa_NC_0032,159,15,37,48.51351351351351,17.394430177536755,2.859626705940789,15.7,91.2,2009-02-06,2011-12-29,3,453392.5287740788,3906006.481005386,True,
usa_NC_0032_0160,usa_NC_0032,160,15,40,43.7475,16.85849078471918,2.6655614396335974,10.3,74.4,2009-02-06,2011-12-29,3,453400.66285624437,3906056.0848432384,True,
usa_NC_0032_0161,usa_NC_0032,161,15,40,40.404999999999994,17.640076021697926,2.7891409163543623,1.4,69.1,2009-02-06,2011-12-29,3,453410.4247397883,3906105.5808560043,True,
usa_NC_0032_0162,usa_NC_0032,162,15,44,38.49545454545455,17.848952213993424,2.6908307906727043,-1.3,64.8,2009-02-06,2011-12-29,3,453422.55892729404,3906154.9197136867,True,
usa_NC_0032_0163,usa_NC_0032,163,15,43,45.68604651162791,16.070374716278234,2.450709168941668,3.7,73.4,2009-02-06,2011-12-29,3,453433.63932513713,3906204.326925228,True,
usa_NC_0032_0164,usa_NC_0032,164,15,41,40.802439024390246,15.850938265681279,2.4755006584155024,-0.5,64.2,2009-02-06,2011-12-29,3,453445.0892537123,3906253.708730988,True,
usa_NC_0032_0165,usa_NC_0032,165,15,43,40.58837209302325,14.855000910424963,2.2653664011293477,2.1,65.5,2009-02-06,2011-12-29,3,453456.9128010908,3906303.064786618,True,
usa_NC_0032_0166,usa_NC_0032,166,16,42,44.28095238095238,15.031288312687657,2.3193781408937455,2.3,67.2,2009-02-06,2011-12-29,3,453468.6721117994,3906352.427197985,True,
usa_NC_0032_0167,usa_NC_0032,167,16,41,42.826829268292684,16.705732914036485,2.6089971542913832,-3.5,75.9,2009-03-18,2011-12-29,3,453476.6138940263,3906402.0419844007,True,
usa_NC_0032_0168,usa_NC_0032,168,16,40,46.7275,17.111129793807095,2.705507174359887,0.5,81.3,2009-03-18,2011-12-13,3,453487.45803303225,3906451.4640359585,True,
usa_NC_0032_0169,usa_NC_0032,169,16,40,44.057500000000005,16.89126443172814,2.670743408222531,1.0,73.1,2009-03-18,2011-12-13,3,453497.4376625437,3906500.9425624115,True,
usa_NC_0032_0170,usa_NC_0032,170,16,36,46.91388888888889,16.2062977666581,2.70104962777635,5.3,73.8,2009-03-18,2011-11-03,3,453507.3417446859,3906550.425360963,True,
usa_NC_0032_0171,usa_NC_0032,171,16,37,49.229729729729726,16.998396409087547,2.7945191554690147,8.4,79.4,2009-03-18,2011-11-11,3,453517.9148242275,3906599.863010362,True,
usa_NC_0032_0172,usa_NC_0032,172,16,36,51.38333333333333,16.908552358411495,2.8180920597352492,15.3,86.5,2009-03-18,2011-11-11,3,453528.1083833537,3906649.3250731053,True,
usa_NC_0032_0173,usa_NC_0032,173,16,36,48.9361111111111,18.051769248909455,3.008628208151576,6.8,78.8,2009-03-18,2011-11-11,3,453533.9887300512,3906699.105075347,True,
usa_NC_0032_0174,usa_NC_0032,174,16,35,50.388571428571424,17.919505826769615,3.028949318425357,12.7,88.7,2009-03-18,2011-11-11,3,453542.22988297016,3906749.3404182675,True,
usa_NC_0032_0175,usa_NC_0032,175,16,35,52.76571428571429,18.524148672303767,3.1311526131242258,14.5,97.5,2009-03-18,2011-11-11,3,453550.52915443154,3906799.585061737,True,
usa_NC_0032_0176,usa_NC_0032,176,17,34,55.64411764705882,17.051351873473624,2.9242827210677937,16.6,93.1,2009-02-06,2011-11-11,3,453563.54105708643,3906849.48476823,True,
usa_NC_0032_0177,usa_NC_0032,177,17,37,48.910810810810815,15.156054598443191,2.4916400275287645,11.5,81.0,2009-02-06,2011-12-29,3,453571.37321085884,3906899.732356371,True,
usa_NC_0032_0178,usa_NC_0032,178,17,37,60.22702702702704,15.935297100891898,2.619746705796624,26.3,92.7,2009-02-06,2011-12-29,3,453580.08481610334,3906949.9045643043,True,
usa_NC_0032_0179,usa_NC_0032,179,17,41,44.2170731707317,17.94111064620895,2.8019307420781723,10.5,80.5,2009-02-06,2011-12-29,3,453587.3187709421,3907000.1738714417,True,
usa_NC_0032_0180,usa_NC_0032,180,17,39,41.6102564102564,17.051127372387015,2.7303655464357193,7.6,72.9,2009-02-06,2011-12-29,3,453596.23502380744,3907050.3059821893,True,
usa_NC_0032_0181,usa_NC_0032,181,17,41,45.85121951219512,16.81038550942868,2.625341143805189,12.4,75.5,2009-02-06,2011-12-29,3,453606.78759673703,3907100.297594611,True,
usa_NC_0032_0182,usa_NC_0032,182,17,41,45.7609756097561,16.862382365027496,2.6334616883504345,15.6,78.4,2009-02-06,2011-12-29,3,453614.9974327148,3907150.4554415965,True,
usa_NC_0032_0183,usa_NC_0032,183,17,40,49.5025,16.327206922723676,2.5815580852337794,20.1,80.4,2009-02-06,2011-12-29,3,453624.9544545412,3907200.461369136,True,
usa_NC_0032_0184,usa_NC_0032,184,17,42,47.8547619047619,16.226058571667867,2.503735194289468,17.9,82.4,2009-02-06,2011-12-29,3,453634.52672751195,3907250.481650973,True,
usa_NC_0032_0185,usa_NC_0032,185,17,42,45.923809523809524,16.392901639366833,2.5294796385533704,14.6,76.6,2009-02-06,2011-12-29,3,453642.4367081453,3907300.62383383,True,
usa_NC_0032_0186,usa_NC_0032,186,18,43,46.54883720930232,16.11936682103126,2.45818039487409,16.7,79.3,2009-02-06,2011-12-29,3,453650.41736155294,3907350.7487954684,True,
usa_NC_0032_0187,usa_NC_0032,187,18,40,44.69500000000001,15.815911332643823,2.500715154121173,13.4,74.5,2009-03-18,2011-12-29,3,453658.883479473,3907400.8207562193,True,
usa_NC_0032_0188,usa_NC_0032,188,18,40,44.63250000000001,16.217976532863553,2.564287244150472,15.3,79.2,2009-03-18,2011-12-13,3,453668.15182315634,3907450.810184697,True,
usa_NC_0032_0189,usa_NC_0032,189,18,38,38.289473684210535,15.816546065599617,2.565782580141741,6.1,64.4,2009-03-18,2011-12-13,3,453676.8503446277,3907500.8349414044,True,
usa_NC_0032_0190,usa_NC_0032,190,18,36,37.219444444444456,15.863287705434734,2.6438812842391224,3.2,64.6,2009-03-18,2011-11-11,3,453684.5694110582,3907550.9595823777,True,
usa_NC_0032_0191,usa_NC_0032,191,18,35,36.88571428571429,15.920152653294558,2.6909969501718756,6.4,71.4,2009-03-18,2011-11-11,3,453691.1550015044,3907601.292919865,True,
usa_NC_0032_0192,usa_NC_0032,192,18,35,30.41714285714286,15.950815684735478,2.696179948468909,0.6,60.9,2009-03-18,2011-11-11,3,453697.36760173336,3907651.6123497314,True,
usa_NC_0032_0193,usa_NC_0032,193,18,35,48.56857142857143,16.23220784208271,2.743743904274759,18.4,87.3,2009-03-18,2011-11-11,3,453704.12677612423,3907701.872325182,True,
usa_NC_0032_0194,usa_NC_0032,194,18,36,53.449999999999996,17.42245677279757,2.9037427954662616,23.7,100.2,2009-03-18,2011-11-11,3,453713.3645802906,3907751.884373983,True,
usa_NC_0032_0195,usa_NC_0032,195,18,36,50.55555555555555,17.011482583318237,2.8352470972197064,20.8,95.1,2009-02-06,2011-11-11,3,453720.86759476864,3907802.04862689,True,
usa_NC_0032_0196,usa_NC_0032,196,19,37,45.383783783783784,16.478108600900256,2.7089843666957,13.8,84.0,2009-02-06,2011-11-11,3,453730.5105603832,3907851.9882785245,True,
usa_NC_0032_0197,usa_NC_0032,197,19,37,55.56486486486485,16.335258665710672,2.6854999820138965,22.2,89.8,2009-02-06,2011-12-29,3,453739.7759918596,3907901.947285515,True,
usa_NC_0032_0198,usa_NC_0032,198,19,40,44.7825,16.785095456600164,2.653956619310023,9.7,77.1,2009-02-06,2011-12-29,3,453747.4389792223,3907952.0531621594,True,
usa_NC_0032_0199,usa_NC_0032,199,19,39,34.18205128205128,15.694079872675955,2.5130640356811775,2.8,64.9,2009-02-06,2011-12-29,3,453753.9034337554,3908002.287438071,True,
usa_NC_0032_0200,usa_NC_0032,200,19,41,22.5,15.225882568836527,2.3778833588493535,-9.0,54.5,2009-02-06,2011-12-29,3,453761.980321491,3908052.350218937,True,
usa_NC_0032_0201,usa_NC_0032,201,19,41,29.707317073170728,15.406109019539983,2.4060300016475438,-4.2,60.7,2009-02-06,2011-12-29,3,453771.3165208764,3908102.270913272,True,
usa_NC_0032_0202,usa_NC_0032,202,19,39,25.612820512820512,14.197723677577027,2.2734552807251815,-4.8,54.2,2009-02-06,2011-12-29,3,453780.4894043581,3908152.198558754,True,
usa_NC_0032_0203,usa_NC_0032,203,19,43,23.125581395348835,13.97612067272937,2.13133842138719,-5.7,55.3,2009-02-06,2011-12-29,3,453787.1190233317,3908202.3972347183,True,
usa_NC_0032_0204,usa_NC_0032,204,19,42,19.19761904761905,13.361219604315705,2.061680944525089,-10.0,49.9,2009-02-06,2011-12-29,3,453795.50840161735,3908252.3962303223,True,
usa_NC_0032_0205,usa_NC_0032,205,19,41,22.70487804878049,13.293399700970257,2.076080239589396,-7.3,52.4,2009-02-06,2011-12-29,3,453803.5588864297,3908302.4259823463,True,
usa_NC_0032_0206,usa_NC_0032,206,20,40,37.58,13.676710505688503,2.1624778048364464,8.6,65.2,2009-03-18,2011-12-29,3,453809.67105986405,3908352.672769103,True,
usa_NC_0032_0207,usa_NC_0032,207,20,41,20.89512195121951,14.588933326660865,2.2784085995666836,-9.5,49.2,2009-03-18,2011-12-13,3,453818.7447474499,3908402.572372583,True,
usa_NC_0032_0208,usa_NC_0032,208,20,39,20.905128205128204,14.695379666267982,2.3531440154243093,-10.9,50.7,2009-03-18,2011-12-13,3,453826.288087403,3908452.6435305085,True,
usa_NC_0032_0209,usa_NC_0032,209,20,37,24.735135135135135,14.271381935269702,2.346200737606309,-3.6,56.7,2009-03-18,2011-11-11,3,453832.64494682517,3908502.8598736883,True,
usa_NC_0032_0210,usa_NC_0032,210,20,39,34.76153846153846,15.150310321376526,2.4259912213361794,6.9,70.6,2009-03-18,2011-11-11,3,453841.1909766485,3908552.8087170688,True,
usa_NC_0032_0211,usa_NC_0032,211,20,34,17.44411764705882,14.059854544195028,2.4112451616389206,-7.1,56.5,2009-03-18,2011-11-11,3,453847.4896830325,3908603.0680445936,True,
usa_NC_0032_0212,usa_NC_0032,212,20,36,33.18888888888889,14.741366049856879,2.4568943416428133,1.5,76.4,2009-03-18,2011-11-11,3,453855.6507846779,3908653.2755692136,True,
usa_NC_0032_0213,usa_NC_0032,213,20,36,31.90555555555555,15.68320201351833,2.613867002253055,-5.5,78.8,2009-03-18,2011-11-11,3,453865.46750295546,3908703.170959616,True,
usa_NC_0032_0214,usa_NC_0032,214,20,36,59.57222222222222,16.06914721021287,2.6781912017021448,21.9,111.8,2009-02-06,2011-11-11,3,453874.72009798314,3908753.1243386683,True,
usa_NC_0033_0001,usa_NC_0033,1,20,37,33.975675675675674,12.757642707312643,2.0973435414857753,7.0,64.3,2009-02-06,2011-12-29,3,453885.74813748774,3908802.8297504466,True,
usa_NC_0033_0002,usa_NC_0033,2,21,37,31.827027027027032,14.104562867869877,2.318775851862554,-2.0,70.0,2009-02-06,2011-12-29,3,453898.1506595162,3908852.326007213,True,
usa_NC_0033_0003,usa_NC_0033,3,21,36,22.888888888888893,13.83456907848241,2.3057615130804017,-6.0,55.7,2009-02-06,2011-12-29,3,453908.51185874146,3908902.081245159,True,
usa_NC_0033_0004,usa_NC_0033,4,21,38,19.373684210526314,14.22674839320383,2.307883342415318,-4.2,52.0,2009-02-06,2011-12-29,3,453917.0993553058,3908952.0707512484,True,
usa_NC_0033_0005,usa_NC_0033,5,21,40,25.747500000000002,15.207268631505436,2.40448029327945,3.2,56.5,2009-02-06,2011-12-29,3,453929.06895412004,3909001.584105465,True,
usa_NC_0033_0006,usa_NC_0033,6,21,41,24.370731707317074,16.586202758655144,2.5903296802663496,-5.3,59.3,2009-02-06,2011-12-29,3,453940.0996585112,3909051.213960696,True,
usa_NC_0033_0007,usa_NC_0033,7,21,39,25.12820512820513,16.97409711912379,2.7180308341935406,-3.3,58.9,2009-02-06,2011-12-29,3,453950.8617912927,3909100.869522634,True,
usa_NC_0033_0008,usa_NC_0033,8,21,42,27.926190476190477,17.054361569645454,2.6315451216610537,-1.7,67.7,2009-02-06,2011-12-29,3,453962.0161324252,3909150.456009555,True,
usa_NC_0033_0009,usa_NC_0033,9,21,42,32.61666666666667,17.00219378480127,2.6234954576994944,7.3,68.5,2009-02-06,2011-12-29,3,453974.3412188707,3909199.8559756614,True,
usa_NC_0033_0010,usa_NC_0033,10,21,41,36.02439024390244,18.264881336704665,2.852495228802159,5.7,72.7,2009-02-06,2011-12-29,3,453987.7908156136,3909248.7917643106,True,
usa_NC_0033_0011,usa_NC_0033,11,21,40,33.220000000000006,18.31538795377908,2.895917108177631,1.4,69.0,2009-03-18,2011-12-29,3,453999.10401195753,3909298.0190371247,True,
usa_NC_0033_0012,usa_NC_0033,12,21,39,36.43333333333334,18.797624896629518,3.0100289706178267,2.3,68.8,2009-03-18,2011-12-13,3,454012.74844626564,3909346.885912233,True,
usa_NC_0033_0013,usa_NC_0033,13,22,39,37.22307692307692,19.868481539978177,3.1815032679071598,1.3,73.9,2009-03-18,2011-12-13,3,454025.8297502987,3909395.8254879797,True,
usa_NC_0033_0014,usa_NC_0033,14,22,36,40.513888888888886,19.739491276955842,3.289915212825974,4.3,82.6,2009-03-18,2011-11-11,3,454036.0177474444,3909445.19718903,True,
usa_NC_0033_0015,usa_NC_0033,15,22,36,42.54722222222223,19.11998933220131,3.1866648887002182,6.3,85.8,2009-03-18,2011-11-11,3,454048.24259628885,3909494.248687229,True,
usa_NC_0033_0016,usa_NC_0033,16,22,33,38.72727272727273,18.18365118601172,3.165367375176965,2.4,88.0,2009-03-18,2011-11-11,3,454057.40203384525,3909543.7674279637,True,
usa_NC_0033_0017,usa_NC_0033,17,22,34,40.35588235294118,17.948920642427613,3.078214495011506,1.8,87.7,2009-03-18,2011-11-11,3,454069.0205443126,3909593.0101174973,True,
usa_NC_0033_0018,usa_NC_0033,18,22,35,40.62857142857142,15.670008285379607,2.648714834803936,11.4,80.2,2009-03-18,2011-11-11,3,454080.818785706,3909642.2833296056,True,
usa_NC_0033_0019,usa_NC_0033,19,22,34,39.88529411764706,15.014177791652738,2.5749102483465225,13.9,73.3,2009-03-18,2011-11-11,3,454093.50965256995,3909691.3993977024,True,
usa_NC_0033_0020,usa_NC_0033,20,22,36,42.300000000000004,14.504107792523564,2.4173512987539274,11.7,68.1,2009-02-06,2011-11-11,3,454106.8085150814,3909740.399897259,True,
usa_NC_0033_0021,usa_NC_0033,21,22,35,45.737142857142864,11.530881444657918,1.9490747027445487,24.0,64.0,2009-02-06,2011-12-29,3,454119.51127124904,3909789.4791805525,True,
usa_NC_0033_0022,usa_NC_0033,22,22,39,47.46410256410257,13.580452034556435,2.1746127121320615,18.7,83.9,2009-02-06,2011-12-29,3,454128.9191296032,3909839.088341885,True,
usa_NC_0033_0023,usa_NC_0033,23,23,41,55.41219512195122,14.471388929918774,2.2600512489385443,32.5,90.4,2009-02-06,2011-12-29,3,454140.39284102,3909888.3488886477,True,
usa_NC_0033_0024,usa_NC_0033,24,23,42,61.46904761904763,14.785845045346385,2.2815054225173457,38.5,92.1,2009-02-06,2011-12-29,3,454151.48433599144,3909937.664331027,True,
usa_NC_0033_0025,usa_NC_0033,25,23,45,66.55555555555554,15.139135851937992,2.2568091257025027,38.1,92.7,2009-02-06,2011-12-29,3,454164.2352745022,3909986.687669437,True,
usa_NC_0033_0026,usa_NC_0033,26,23,45,64.74444444444445,15.269362604360223,2.2762221837628456,29.2,91.4,2009-02-06,2011-12-29,3,454173.355699946,3910036.307303709,True,
usa_NC_0033_0027,usa_NC_0033,27,23,46,62.82826086956521,16.256508618512406,2.3968914309624134,25.4,93.7,2009-01-21,2011-12-29,3,454182.13779897697,3910085.794527846,True,
usa_NC_0033_0028,usa_NC_0033,28,23,48,64.01875,15.370317571021184,2.218514246789779,30.2,97.8,2009-01-21,2011-12-29,3,454192.3701029861,3910135.0283063706,True,
usa_NC_0033_0029,usa_NC_0033,29,23,47,86.12127659574469,15.433812910087083,2.2512529889099477,51.5,116.7,2009-01-21,2011-12-29,3,454202.0805709408,3910184.350520657,True,
usa_NC_0033_0030,usa_NC_0033,30,23,48,80.62083333333332,16.952561575515105,2.446891497269338,31.8,115.4,2009-01-21,2011-12-29,3,454211.41124599177,3910233.7376414393,True,
usa_NC_0033_0031,usa_NC_0033,31,23,48,77.41875,15.674693742978528,2.262447162993399,43.2,107.7,2009-01-21,2011-12-29,3,454218.1922355196,3910283.5758048017,True,
usa_NC_0033_0032,usa_NC_0033,32,23,48,76.13958333333333,14.982184307743836,2.162492035781123,44.1,106.3,2009-03-18,2011-12-13,3,454224.4866260841,3910333.5043540327,True,
usa_NC_0033_0033,usa_NC_0033,33,24,48,71.17500000000001,16.585632079886548,2.3939297865006477,33.5,113.2,2009-01-21,2011-12-13,3,454228.6674363229,3910383.816589422,True,
usa_NC_0033_0034,usa_NC_0033,34,24,43,59.00232558139535,13.556468994755182,2.0673421404584476,24.2,85.2,2009-01-21,2011-12-06,3,454230.5390190863,3910434.553944758,True,
usa_NC_0033_0035,usa_NC_0033,35,24,44,57.55,12.246223907801133,1.8461877182207371,26.0,83.6,2009-01-21,2011-12-06,3,454238.23404551885,3910484.2483917726,True,
usa_NC_0033_0036,usa_NC_0033,36,24,43,56.69069767441862,12.67800521250594,1.9333776695764657,23.1,88.8,2009-03-18,2011-12-06,3,454247.144624463,3910533.7230220204,True,
usa_NC_0033_0037,usa_NC_0033,37,24,41,56.33414634146342,14.113638966547528,2.204180091343346,30.2,99.6,2009-03-18,2011-12-06,3,454253.9092959184,3910583.5903919437,True,
usa_NC_0033_0038,usa_NC_0033,38,24,42,57.269047619047626,15.980132300426693,2.465787946793269,20.9,101.7,2009-03-18,2011-12-06,3,454262.7142131488,3910633.08542814,True,
usa_NC_0033_0039,usa_NC_0033,39,24,42,46.02857142857143,16.14312941091969,2.4909389469764798,14.5,86.1,2009-02-06,2011-12-06,3,454273.53099663625,3910682.207402426,True,
usa_NC_0033_0040,usa_NC_0033,40,24,42,51.29523809523808,15.390683789322148,2.37483406689967,24.5,83.5,2009-02-06,2011-12-06,3,454285.4033065078,3910731.1285547605,True,
usa_NC_0033_0041,usa_NC_0033,41,24,45,45.8,16.086371984893415,2.3980147513046597,21.2,91.4,2009-02-06,2011-12-29,3,454294.9260629784,3910780.4831456584,True,
usa_NC_0033_0042,usa_NC_0033,42,24,45,59.10888888888889,15.53206100914876,2.3153829498087073,30.4,93.3,2009-02-06,2011-12-29,3,454305.37552462047,3910829.660663831,True,
usa_NC_0033_0043,usa_NC_0033,43,25,43,52.11162790697673,16.283050043385394,2.483141852270529,16.7,86.1,2009-02-06,2011-12-29,3,454314.75196620286,3910879.0392259564,True,
usa_NC_0033_0044,usa_NC_0033,44,25,47,59.79574468085107,15.617200069806094,2.2780027554031843,31.7,92.7,2009-02-06,2011-12-29,3,454323.5464981218,3910928.5297686183,True,
usa_NC_0033_0045,usa_NC_0033,45,25,48,51.875,16.22433816635274,2.341781501941819,25.0,87.3,2009-02-06,2011-12-29,3,454332.65906453336,3910977.9620329146,True,
usa_NC_0033_0046,usa_NC_0033,46,25,47,54.40425531914894,16.312144814681304,2.3793708647059133,24.6,90.3,2009-01-21,2011-12-29,3,454340.71727711015,3911027.5986824245,True,
usa_NC_0033_0047,usa_NC_0033,47,25,48,54.302083333333336,15.555986595893916,2.245313262162391,27.0,93.7,2009-02-06,2011-12-29,3,454351.1910874339,3911076.671331136,True,
usa_NC_0033_0048,usa_NC_0033,48,25,49,53.522448979591836,15.429358721094589,2.2041941030135126,23.3,91.1,2009-02-06,2011-12-29,3,454359.74876300356,3911126.1133879963,True,
usa_NC_0033_0049,usa_NC_0033,49,25,48,52.65,16.877644788803362,2.4360781905256266,22.4,96.2,2009-02-06,2011-12-29,3,454369.1777338918,3911175.388335315,True,
usa_NC_0033_0050,usa_NC_0033,50,25,51,57.9,18.655819467394082,2.6123372451413966,21.2,101.5,2009-03-18,2011-12-29,3,454380.01777974144,3911224.3895556517,True,
usa_NC_0033_0051,usa_NC_0033,51,25,48,51.69375,18.30847270725607,2.642600411496302,14.4,91.6,2009-03-18,2011-12-13,3,454390.24400472845,3911273.5095834727,True,
usa_NC_0033_0052,usa_NC_0033,52,25,45,53.00222222222222,16.76283075585669,2.4988552710279825,20.3,90.8,2009-03-18,2011-12-13,3,454400.527583119,3911322.618194936,True,
usa_NC_0033_0053,usa_NC_0033,53,26,44,47.720454545454544,15.630911228559105,2.3564485307492595,16.6,86.5,2009-01-21,2011-12-06,3,454410.93331885117,3911371.7025206154,True,
usa_NC_0033_0054,usa_NC_0033,54,26,45,46.34888888888889,15.085342407633828,2.2487900724886387,20.1,80.1,2009-03-18,2011-12-06,3,454420.7962540592,3911420.89334609,True,
usa_NC_0033_0055,usa_NC_0033,55,26,43,37.92790697674418,14.830315245363293,2.2616018724997335,11.0,67.3,2009-03-18,2011-12-06,3,454430.853976942,3911470.1386051774,True,
usa_NC_0033_0056,usa_NC_0033,56,26,42,37.095238095238095,14.529733222014217,2.241986510212293,10.1,67.2,2009-03-18,2011-12-06,3,454442.42876258446,3911519.4323219983,True,
usa_NC_0033_0057,usa_NC_0033,57,26,43,39.91162790697674,14.28411054120936,2.178306436007315,13.9,68.0,2009-03-18,2011-12-06,3,454454.82303463185,3911568.5540120834,True,
usa_NC_0033_0058,usa_NC_0033,58,26,41,45.75609756097561,13.71406301539569,2.1417768118917455,16.8,71.4,2009-02-06,2011-12-06,3,454469.01460996445,3911617.2983462643,True,
usa_NC_0033_0059,usa_NC_0033,59,26,41,32.551219512195125,15.470813196972218,2.4161350964470434,1.1,58.6,2009-02-06,2011-12-06,3,454485.47278538113,3911665.5564317573,True,
usa_NC_0033_0060,usa_NC_0033,60,26,42,54.82619047619048,15.745894695688524,2.429644299695073,20.4,86.8,2009-02-06,2011-12-29,3,454499.0965900968,3911714.3789423434,True,
usa_NC_0033_0061,usa_NC_0033,61,26,46,53.35217391304349,14.9698621552391,2.207185759537617,18.0,87.8,2009-02-06,2011-12-29,3,454512.47089531407,3911763.2388463127,True,
usa_NC_0033_0062,usa_NC_0033,62,26,44,53.865909090909106,14.733539387237009,2.221164635517635,25.3,83.0,2009-02-06,2011-12-29,3,454524.1015034151,3911812.456509293,True,
usa_NC_0033_0064,usa_NC_0033,64,27,49,57.61224489795919,12.936376886082728,1.848053840868961,24.7,82.7,2009-02-06,2011-12-29,3,454549.4381867107,3911910.4203692866,True,
usa_NC_0033_0065,usa_NC_0033,65,27,47,63.51702127659574,13.646281849852892,1.990514786006665,34.2,89.3,2009-02-06,2011-12-29,3,454560.7645083189,3911959.680754202,True,
usa_NC_0033_0066,usa_NC_0033,66,27,48,64.87291666666667,14.203396950345295,2.0500837631722417,30.9,91.7,2009-02-06,2011-12-29,3,454574.17016924336,3912008.4740221077,True,
usa_NC_0033_0067,usa_NC_0033,67,27,49,68.18571428571428,14.604779468835993,2.0863970669765703,33.4,94.0,2009-02-06,2011-12-29,3,454587.30451172957,3912057.2196775563,True,
usa_NC_0033_0068,usa_NC_0033,68,27,50,65.488,17.379458200615424,2.457826549400664,31.0,108.2,2009-02-06,2011-12-29,3,454598.13649507874,3912106.414730032,True,
usa_NC_0033_0069,usa_NC_0033,69,27,49,64.42448979591836,17.631677583876378,2.518811083410911,31.2,94.8,2009-03-18,2011-12-29,3,454607.38486251375,3912155.967227497,True,
usa_NC_0033_0070,usa_NC_0033,70,27,47,60.62978723404256,17.287315215065956,2.521614086867019,24.9,100.3,2009-03-18,2011-12-13,3,454620.0256862516,3912204.7398048034,True,
usa_NC_0033_0071,usa_NC_0033,71,27,44,61.73863636363635,16.775857735102978,2.5290557110780876,26.0,102.7,2009-03-18,2011-12-13,3,454632.687467541,3912253.4910658416,True,
usa_NC_0033_0072,usa_NC_0033,72,27,42,56.5357142857143,18.46441298927013,2.8491207793279445,2.3,95.8,2009-03-18,2011-12-06,3,454642.1942403429,3912302.9657710134,True,
usa_NC_0033_0073,usa_NC_0033,73,27,45,54.60666666666666,18.411179903921024,2.7445766540763636,11.1,91.0,2009-03-18,2011-12-06,3,454652.42041217425,3912352.274485967,True,
usa_NC_0033_0074,usa_NC_0033,74,28,43,53.13255813953489,16.702319783708298,2.5470798882534944,12.8,91.1,2009-03-18,2011-12-06,3,454662.2800362622,3912401.66893024,True,
usa_NC_0033_0075,usa_NC_0033,75,28,43,53.83953488372093,15.75462350179394,2.40255756015203,16.4,92.6,2009-03-18,2011-12-06,3,454674.0702454075,3912450.607776835,True,
usa_NC_0033_0076,usa_NC_0033,76,28,41,54.9219512195122,16.28532333414234,2.543340208665306,11.3,97.7,2009-03-18,2011-12-06,3,454686.02121548256,3912499.5032071085,True,
usa_NC_0033_0077,usa_NC_0033,77,28,42,60.90238095238095,15.895121020035662,2.452670421444366,22.6,95.3,2009-03-18,2011-12-06,3,454701.37917045114,3912547.5771337976,True,
usa_NC_0033_0078,usa_NC_0033,78,28,42,65.75238095238095,16.55591027169773,2.554632416594767,26.8,100.0,2009-02-06,2011-12-06,3,454714.1412164081,3912596.260524751,True,
usa_NC_0033_0079,usa_NC_0033,79,28,43,66.7953488372093,16.69597832225833,2.546112824448555,28.4,103.3,2009-02-06,2011-12-29,3,454728.8728162018,3912644.4580255696,True,
usa_NC_0033_0080,usa_NC_0033,80,28,43,60.237209302325574,17.065602039745304,2.602479912926341,16.3,96.4,2009-02-06,2011-12-29,3,454740.47724118084,3912693.404305283,True,
usa_NC_0033_0081,usa_NC_0033,81,28,45,60.52444444444446,16.799325683917896,2.5042956136932375,18.7,94.0,2009-02-06,2011-12-29,3,454751.9444751668,3912742.385559739,True,
usa_NC_0033_0082,usa_NC_0033,82,28,45,62.40444444444443,16.02889373423613,2.389446399591496,26.0,92.4,2009-02-06,2011-12-29,3,454762.17756700213,3912791.678991554,True,
usa_NC_0033_0083,usa_NC_0033,83,28,50,65.052,14.775534660031628,2.0895761507530466,24.5,93.8,2009-02-06,2011-12-29,3,454774.6920241093,3912840.4159798147,True,
usa_NC_0033_0084,usa_NC_0033,84,29,48,59.725,14.416265931379572,2.0808087540478066,23.8,86.5,2009-02-06,2011-12-29,3,454786.0580202272,3912889.444296935,True,
usa_NC_0033_0085,usa_NC_0033,85,29,49,65.08775510204082,13.522213709501939,1.931744815643134,31.7,88.0,2009-02-06,2011-12-29,3,454799.2194831515,3912938.0279887244,True,
usa_NC_0033_0086,usa_NC_0033,86,29,51,56.26274509803922,13.758400499830113,1.9265614207993123,20.3,81.7,2009-02-06,2011-12-29,3,454811.1740177597,3912986.9193824423,True,
usa_NC_0033_0087,usa_NC_0033,87,29,49,44.714285714285715,14.295555836226399,2.042222262318057,5.3,72.9,2009-02-06,2011-12-29,3,454820.6612957461,3913036.4453327805,True,
usa_NC_0033_0088,usa_NC_0033,88,29,50,53.58199999999999,14.905288610806185,2.1079261304487336,20.6,77.6,2009-03-18,2011-12-29,3,454831.36506299966,3913085.672649503,True,
usa_NC_0033_0089,usa_NC_0033,89,29,46,56.54130434782609,14.87363926305651,2.1929984680873345,23.2,82.8,2009-03-18,2011-12-29,3,454841.7627923523,3913134.9884769586,True,
usa_NC_0033_0090,usa_NC_0033,90,29,46,53.81956521739131,14.38750413943707,2.1213217545052814,23.5,82.2,2009-03-18,2011-12-13,3,454851.2851530361,3913184.542037901,True,
usa_NC_0033_0091,usa_NC_0033,91,29,43,47.737209302325574,15.167823450220347,2.313071391215958,15.4,75.4,2009-03-18,2011-12-13,3,454861.034200912,3913234.0496524707,True,
usa_NC_0033_0092,usa_NC_0033,92,29,43,43.59069767441861,16.013191198471464,2.4419887642295466,9.7,73.7,2009-03-18,2011-12-06,3,454868.33675388707,3913284.212423754,True,
usa_NC_0033_0093,usa_NC_0033,93,29,44,50.74090909090909,15.88943364251588,2.3954222510670578,11.4,81.2,2009-03-18,2011-12-06,3,454878.5249791779,3913333.6329527497,True,
usa_NC_0033_0094,usa_NC_0033,94,30,43,50.36046511627907,16.19766502183165,2.4701207585557645,10.8,86.6,2009-03-18,2011-12-06,3,454889.4524944695,3913382.868210141,True,
usa_NC_0033_0095,usa_NC_0033,95,30,42,59.98095238095239,16.24264543657113,2.5062946031094104,24.2,102.1,2009-03-18,2011-12-06,3,454899.0104520159,3913432.4795327447,True,
usa_NC_0033_0096,usa_NC_0033,96,30,42,50.76904761904761,17.972451657551982,2.7732094977920223,7.8,87.8,2009-03-18,2011-12-06,3,454910.05724163714,3913481.7046934958,True,
usa_NC_0033_0097,usa_NC_0033,97,30,45,56.424444444444454,16.896101696108857,2.5187221298165934,20.2,95.2,2009-02-06,2011-12-06,3,454921.8122905212,3913530.74645587,True,
usa_NC_0033_0098,usa_NC_0033,98,30,43,49.30232558139535,17.01507018823374,2.594773877814568,11.9,85.7,2009-02-06,2011-12-06,3,454935.86717164295,3913579.168561332,True,
usa_NC_0033_0099,usa_NC_0033,99,30,44,54.95,16.702436808706604,2.5179870899591297,16.7,88.3,2009-02-06,2011-12-29,3,454946.4235683697,3913628.4995899554,True,
usa_NC_0033_0100,usa_NC_0033,100,30,45,57.59333333333333,15.773199364168901,2.351329733395875,18.0,85.7,2009-02-06,2011-12-29,3,454956.7194491798,3913677.661774233,True,
usa_NC_0033_0101,usa_NC_0033,101,30,44,55.11363636363635,15.819499167521236,2.3848792322730703,15.0,87.5,2009-02-06,2011-12-29,3,454968.16282387753,3913726.512408304,True,
usa_NC_0033_0102,usa_NC_0033,102,30,51,52.558823529411754,17.94122823521944,2.512274458077878,9.6,98.2,2009-02-06,2011-12-29,3,454983.160921535,3913774.3879177207,True,
usa_NC_0033_0103,usa_NC_0033,103,30,51,51.37058823529412,17.496483007937876,2.4499976696549894,9.7,103.3,2009-02-06,2011-12-29,3,454994.11746616487,3913823.375207711,True,
usa_NC_0033_0104,usa_NC_0033,104,31,50,64.006,17.994187383481275,2.5447623841602054,16.0,111.8,2009-02-06,2011-12-29,3,455006.3429290898,3913872.015001954,True,
usa_NC_0033_0105,usa_NC_0033,105,31,48,61.28333333333334,16.30366534083975,2.3532313933278504,20.2,103.4,2009-02-06,2011-12-29,3,455021.7196277978,3913919.6884140335,True,
usa_NC_0033_0106,usa_NC_0033,106,31,50,55.974000000000004,17.31382377978796,2.4485444405913936,15.9,101.9,2009-02-06,2011-12-29,3,455031.88079112675,3913968.43141743,True,
usa_NC_0033_0107,usa_NC_0033,107,31,51,63.52941176470588,18.674906094732012,2.6150099075546533,19.0,105.2,2009-02-06,2011-12-29,3,455043.63493106957,3914016.730708344,True,
usa_NC_0033_0108,usa_NC_0033,108,31,49,69.64285714285714,18.382079135215726,2.626011305030818,24.7,103.6,2009-03-18,2011-12-29,3,455056.66857321124,3914064.677134291,True,
usa_NC_0033_0109,usa_NC_0033,109,31,43,72.84418604651164,17.94718842983466,2.73692057703965,26.7,103.1,2009-03-18,2011-12-13,3,455071.1120676398,3914112.239559263,True,
usa_NC_0033_0110,usa_NC_0033,110,31,46,60.36086956521737,18.722054472506418,2.760416334664887,14.3,93.0,2009-03-18,2011-12-13,3,455082.7245837108,3914160.5700278683,True,
usa_NC_0033_0111,usa_NC_0033,111,31,43,54.848837209302324,18.364852197466032,2.800613704483163,12.7,87.8,2009-03-18,2011-11-11,3,455094.5125009697,3914208.849079368,True,
usa_NC_0033_0112,usa_NC_0033,112,31,42,60.55476190476191,16.587288732728553,2.5594742182484778,21.3,91.5,2009-03-18,2011-11-11,3,455107.0234317373,3914256.930373303,True,
usa_NC_0033_0113,usa_NC_0033,113,31,40,57.98,17.022175581824477,2.691442278493361,16.8,90.3,2009-03-18,2011-11-11,3,455118.21619445155,3914305.361731839,True,
usa_NC_0033_0114,usa_NC_0033,114,31,39,58.96410256410258,16.0901487870437,2.5764858197184695,22.5,81.0,2009-03-18,2011-11-11,3,455128.91211116675,3914353.920197627,True,
usa_NC_0033_0115,usa_NC_0033,115,32,40,56.8,16.934897969304956,2.6776424762781956,16.5,89.3,2009-03-18,2011-11-11,3,455142.9997850738,3914401.573733521,True,
usa_NC_0033_0116,usa_NC_0033,116,32,39,54.92820512820512,16.970127759311108,2.7173952279349476,15.3,89.7,2009-03-18,2011-11-11,3,455157.3566754246,3914449.157610929,True,
usa_NC_0033_0117,usa_NC_0033,117,32,41,58.57560975609757,15.957095294692653,2.4920796009871267,20.1,86.8,2009-02-06,2011-11-11,3,455169.5615528494,3914497.308885175,True,
usa_NC_0033_0118,usa_NC_0033,118,32,42,64.93571428571428,15.435907163660865,2.3818121850567238,27.1,96.9,2009-02-06,2011-12-29,3,455183.8379665181,3914544.9153431375,True,
usa_NC_0033_0119,usa_NC_0033,119,32,45,67.52888888888889,16.396751649228108,2.4442834198570558,31.7,102.1,2009-02-06,2011-12-29,3,455194.83207061415,3914593.3433952844,True,
usa_NC_0033_0120,usa_NC_0033,120,32,45,66.83555555555556,16.006818938354137,2.386155683312724,32.2,98.8,2009-02-06,2011-12-29,3,455207.75997200096,3914641.185548759,True,
usa_NC_0033_0121,usa_NC_0033,121,32,45,64.49555555555555,15.415767541348336,2.2980469431859785,30.8,93.2,2009-02-06,2011-12-29,3,455221.2342264326,3914688.896351522,True,
usa_NC_0033_0122,usa_NC_0033,122,32,49,63.23265306122448,16.061942438508463,2.294563205501209,28.2,93.6,2009-02-06,2011-12-29,3,455236.4459354767,3914735.782316854,True,
usa_NC_0033_0123,usa_NC_0033,123,32,48,71.17916666666667,16.522917138935902,2.3848776644906313,34.5,106.0,2009-02-06,2011-12-29,3,455248.88064597384,3914784.1404349655,True,
usa_NC_0033_0124,usa_NC_0033,124,32,49,74.55714285714286,16.006964630018604,2.2867092328598004,37.7,109.6,2009-02-06,2011-12-29,3,455260.06488935306,3914832.43294182,True,
usa_NC_0033_0125,usa_NC_0033,125,33,50,100.848,14.385540359283395,2.03442262781641,65.6,131.9,2009-02-06,2011-12-29,3,455273.650645243,3914880.123045461,True,
usa_NC_0033_0126,usa_NC_0033,126,33,52,120.16346153846152,14.791545397076868,2.051218283558231,86.1,151.5,2009-02-06,2011-12-29,3,455285.5250717676,3914928.2486199476,True,
usa_NC_0033_0127,usa_NC_0033,127,33,48,72.85625,15.376784189851811,2.2194476228204314,41.4,100.3,2009-03-18,2011-12-29,3,455296.91628420143,3914976.4966795277,True,
usa_NC_0033_0128,usa_NC_0033,128,33,47,63.857446808510645,15.126376971899855,2.2064088484001205,35.0,93.3,2009-03-18,2011-12-29,3,455309.1109232078,3915024.546907912,True,
usa_NC_0033_0129,usa_NC_0033,129,33,48,55.10833333333333,15.196791841355974,2.1934679651063953,24.6,87.8,2009-03-18,2011-12-13,3,455319.7402461681,3915072.9852834567,True,
usa_NC_0033_0130,usa_NC_0033,130,33,45,52.87111111111112,15.990318409221336,2.3836959296590137,21.0,83.7,2009-03-18,2011-12-13,3,455330.15593468864,3915121.4745419375,True,
usa_NC_0033_0131,usa_NC_0033,131,33,42,54.36666666666667,16.03413533480865,2.4741207959065226,18.8,91.0,2009-03-18,2011-11-11,3,455338.9286937902,3915170.361149156,True,
usa_NC_0033_0132,usa_NC_0033,132,33,44,52.2340909090909,16.03425030599386,2.4172541845283133,13.1,87.3,2009-03-18,2011-11-11,3,455349.4357036946,3915218.8221324203,True,
usa_NC_0033_0133,usa_NC_0033,133,33,42,49.035714285714285,16.47999262118843,2.5429180687999304,11.5,81.7,2009-03-18,2011-11-11,3,455359.0172191007,3915267.515401431,True,
usa_NC_0033_0134,usa_NC_0033,134,33,40,48.685,15.823652371022764,2.5019391197577847,10.2,79.6,2009-03-18,2011-11-11,3,455368.7679672296,3915316.16806354,True,
usa_NC_0033_0135,usa_NC_0033,135,33,41,40.45365853658537,15.532049085052746,2.4256985354511693,1.8,71.0,2009-03-18,2011-11-11,3,455380.9844701834,3915364.2316312753,True,
usa_NC_0033_0136,usa_NC_0033,136,34,41,40.351219512195115,14.6730385733702,2.2915436323398497,4.8,63.7,2009-02-06,2011-11-11,3,455393.4386502777,3915412.2422365434,True,
usa_NC_0033_0137,usa_NC_0033,137,34,41,44.75365853658536,14.660731522693123,2.289621593937857,8.7,69.3,2009-02-06,2011-11-11,3,455405.74049020873,3915460.29237234,True,
usa_NC_0033_0138,usa_NC_0033,138,34,42,42.969047619047615,15.135155137033362,2.335405139840212,8.3,73.0,2009-02-06,2011-12-29,3,455416.3479638735,3915508.7410868476,True,
usa_NC_0033_0139,usa_NC_0033,139,34,45,45.39555555555555,14.050023545039403,2.0944538488120457,12.6,72.5,2009-02-06,2011-12-29,3,455428.9871136546,3915556.7173861032,True,
usa_NC_0033_0140,usa_NC_0033,140,34,46,49.14999999999999,13.559674692918625,1.999264961547976,18.4,75.7,2009-02-06,2011-12-29,3,455440.1309993112,3915605.042620114,True,
usa_NC_0033_0141,usa_NC_0033,141,34,48,52.5,14.057601865637182,2.0290400553215533,21.3,79.7,2009-02-06,2011-12-29,3,455451.4961300481,3915653.4627443254,True,
usa_NC_0033_0142,usa_NC_0033,142,34,52,50.642307692307696,14.552223011283731,2.018030239968095,17.3,84.1,2009-02-06,2011-12-29,3,455464.00314513885,3915702.2855879148,True,
usa_NC_0033_0143,usa_NC_0033,143,34,49,45.38775510204081,15.274224375466954,2.182032053638136,12.5,77.6,2009-02-06,2011-12-29,3,455473.74504848674,3915751.286932484,True,
usa_NC_0033_0144,usa_NC_0033,144,34,50,40.248000000000005,15.07589290684885,2.1320532213749988,9.9,72.5,2009-02-06,2011-12-29,3,455483.6057797701,3915799.55996606,True,
usa_NC_0033_0145,usa_NC_0033,145,34,53,36.45849056603773,15.85787154650605,2.1782461786539407,4.0,70.8,2009-02-06,2011-12-29,3,455492.88238934975,3915847.3929183395,True,
usa_NC_0033_0146,usa_NC_0033,146,35,52,31.68653846153847,15.895406030700967,2.2042962110773794,5.1,63.1,2009-02-06,2011-12-29,3,455502.8206035578,3915895.3538703923,True,
usa_NC_0033_0147,usa_NC_0033,147,35,52,32.05384615384616,16.101862777860322,2.2329266106177084,3.7,59.1,2009-03-18,2011-12-29,3,455513.16833002213,3915943.666485055,True,
usa_NC_0033_0148,usa_NC_0033,148,35,49,36.65102040816327,15.515209237618254,2.2164584625168935,9.3,63.9,2009-03-18,2011-12-13,3,455522.9581245067,3915992.1007363326,True,
usa_NC_0033_0149,usa_NC_0033,149,35,46,37.16956521739131,14.838581387199417,2.187829466292329,7.2,62.1,2009-03-18,2011-12-13,3,455532.97932166903,3916040.5340504707,True,
usa_NC_0033_0150,usa_NC_0033,150,35,43,33.693023255813955,16.546620937575963,2.523336036815877,-0.1,61.0,2009-03-18,2011-11-03,3,455542.85855938995,3916089.2595531037,True,
usa_NC_0033_0151,usa_NC_0033,151,35,43,31.076744186046515,15.53708064153535,2.3693825849765293,0.0,61.7,2009-03-18,2011-11-11,3,455551.25205545174,3916138.300416347,True,
usa_NC_0033_0152,usa_NC_0033,152,35,44,26.968181818181815,15.13280392910947,2.2813560299487303,-2.6,60.3,2009-03-18,2011-11-11,3,455562.1183285425,3916186.814306488,True,
usa_NC_0033_0153,usa_NC_0033,153,35,42,22.91904761904762,14.120686055592483,2.178869162140918,-6.4,51.1,2009-03-18,2011-11-11,3,455569.848354575,3916235.9904689966,True,
usa_NC_0033_0154,usa_NC_0033,154,35,41,19.934146341463414,14.460940663665307,2.2584195038925268,-10.0,48.8,2009-03-18,2011-11-11,3,455581.1645526255,3916284.4095178293,True,
usa_NC_0033_0155,usa_NC_0033,155,35,40,22.2775,13.952896721579965,2.206146679864447,-3.1,49.3,2009-03-18,2011-11-11,3,455592.0412932865,3916332.922490584,True,
usa_NC_0033_0156,usa_NC_0033,156,35,42,24.697619047619046,13.622461510587328,2.1019914458132836,-5.2,51.6,2009-02-06,2011-11-11,3,455602.74325127306,3916381.2472908627,True,
usa_NC_0033_0157,usa_NC_0033,157,36,42,23.476190476190478,15.40546006348762,2.377114095503361,-10.4,53.2,2009-02-06,2011-11-11,3,455613.39348416665,3916429.4408194185,True,
usa_NC_0033_0158,usa_NC_0033,158,36,43,22.890697674418604,15.695628963162967,2.3935609773533746,-8.9,52.7,2009-02-06,2011-12-29,3,455623.5227807647,3916477.7414929904,True,
usa_NC_0033_0159,usa_NC_0033,159,36,47,22.842553191489365,15.280589345009073,2.2289030348925665,-13.5,50.5,2009-02-06,2011-12-29,3,455633.99155197304,3916525.973280197,True,
usa_NC_0033_0160,usa_NC_0033,160,36,47,25.274468085106385,15.274110919619144,2.2279580594281447,-11.0,54.3,2009-02-06,2011-12-29,3,455645.15210701356,3916574.0686133,True,
usa_NC_0033_0161,usa_NC_0033,161,36,51,31.203921568627447,14.97006293619788,2.0962280986203763,-1.9,61.5,2009-02-06,2011-12-29,3,455659.1196763377,3916621.616556598,True,
usa_NC_0033_0162,usa_NC_0033,162,36,51,27.32549019607843,15.167832318920919,2.1239213514061346,-8.2,55.6,2009-02-06,2011-12-29,3,455671.92104674305,3916669.4069405096,True,
usa_NC_0033_0163,usa_NC_0033,163,36,50,33.938,15.725591906708203,2.223934535081132,-2.7,69.2,2009-02-06,2011-12-29,3,455684.3954727518,3916717.271023569,True,
usa_NC_0033_0164,usa_NC_0033,164,36,49,36.400000000000006,15.886419777071652,2.2694885395816646,1.5,74.2,2009-02-06,2011-12-29,3,455698.78154738515,3916764.7227648715,True,
usa_NC_0033_0165,usa_NC_0033,165,36,49,39.30816326530613,15.917506566862865,2.273929509551838,5.2,74.6,2009-02-06,2011-12-29,3,455711.5691088013,3916812.1165304272,True,
usa_NC_0033_0166,usa_NC_0033,166,36,50,39.574,15.909332519766183,2.249919381775666,3.4,68.3,2009-02-06,2011-12-29,3,455722.2997099187,3916859.9042021716,True,
usa_NC_0033_0167,usa_NC_0033,167,37,47,39.125531914893614,15.40194042102017,2.2466039085631855,6.0,64.5,2009-03-18,2011-12-29,3,455731.64150637545,3916907.943858585,True,
usa_NC_0033_0168,usa_NC_0033,168,37,46,38.63260869565217,15.91475980686309,2.3465033176592267,5.2,65.2,2009-03-18,2011-12-13,3,455742.1190363664,3916955.779153019,True,
usa_NC_0033_0169,usa_NC_0033,169,37,44,39.845454545454544,16.66598617356383,2.512491949952824,6.1,72.6,2009-03-18,2011-12-13,3,455752.79278356605,3917003.650757296,True,
usa_NC_0033_0170,usa_NC_0033,170,37,43,38.00232558139535,15.719437291093334,2.3971917133247653,5.1,63.1,2009-03-18,2011-11-11,3,455760.19770283456,3917052.166347644,True,
usa_NC_0033_0171,usa_NC_0033,171,37,44,35.215909090909086,14.911879815082012,2.2480504666136953,0.6,62.7,2009-03-18,2011-11-11,3,455768.7446451614,3917100.4840455106,True,
usa_NC_0033_0172,usa_NC_0033,172,37,42,37.75,14.529469632608,2.2419458374838994,2.8,65.9,2009-03-18,2011-11-11,3,455776.9607658411,3917148.8535567806,True,
usa_NC_0033_0173,usa_NC_0033,173,37,42,39.18095238095238,13.922139555490569,2.148232772051944,6.1,69.2,2009-03-18,2011-11-11,3,455784.8622032045,3917197.2691045096,True,
usa_NC_0033_0174,usa_NC_0033,174,37,40,42.9775,13.664130236799016,2.1604886896730395,13.6,66.4,2009-03-18,2011-11-11,3,455791.9816761482,3917245.8003641935,True,
usa_NC_0033_0175,usa_NC_0033,175,37,41,39.043902439024386,15.913407064178427,2.4852566456774636,8.6,77.7,2009-03-18,2011-11-11,3,455802.67803250626,3917293.7756814193,True,
usa_NC_0033_0176,usa_NC_0033,176,37,42,54.44285714285715,16.33273150660657,2.5201951855007985,27.8,99.1,2009-02-06,2011-11-11,3,455811.6659334911,3917342.017845264,True,
usa_NC_0033_0177,usa_NC_0033,177,37,43,42.52325581395348,16.868184157351806,2.5723739681032423,9.8,86.1,2009-02-06,2011-12-29,3,455819.21185623325,3917390.4714800436,True,
usa_NC_0033_0178,usa_NC_0033,178,38,43,40.8046511627907,17.05699065581494,2.6011666891883753,6.3,85.5,2009-02-06,2011-12-29,3,455826.92003924353,3917438.8937585433,True,
usa_NC_0033_0179,usa_NC_0033,179,38,46,41.795652173913034,18.117026448702756,2.6712098193067435,1.3,88.8,2009-02-06,2011-12-29,3,455833.2621547135,3917487.4994591083,True,
usa_NC_0033_0180,usa_NC_0033,180,38,46,44.75869565217391,19.825007508329325,2.923037887813599,-0.5,89.7,2009-02-06,2011-12-29,3,455840.9057494239,3917535.911857894,True,
usa_NC_0033_0181,usa_NC_0033,181,38,51,47.4156862745098,18.19534415776761,2.5478578046157385,5.8,85.7,2009-02-06,2011-12-29,3,455849.82775247254,3917584.179654359,True,
usa_NC_0033_0182,usa_NC_0033,182,38,48,50.552083333333336,17.64822924736008,2.5473024766708927,8.3,85.0,2009-02-06,2011-12-29,3,455857.3049199548,3917632.671649073,True,
usa_NC_0033_0183,usa_NC_0033,183,38,50,44.894000000000005,19.1177277490217,2.7036549864422947,4.6,78.0,2009-02-06,2011-12-29,3,455861.7401337572,3917681.547757776,True,
usa_NC_0033_0184,usa_NC_0033,184,38,49,49.02857142857143,18.52063038883936,2.645804341262766,6.7,83.8,2009-02-06,2011-12-29,3,455868.90688869957,3917730.073046197,True,
usa_NC_0033_0185,usa_NC_0033,185,38,51,48.53725490196078,19.27739568286457,2.699375324664279,4.4,83.7,2009-02-06,2011-12-29,3,455873.51974315,3917778.8228018964,True,
usa_NC_0033_0186,usa_NC_0033,186,38,49,48.077551020408166,18.916849470182687,2.7024070671689553,3.2,78.9,2009-02-06,2011-12-29,3,455878.771796809,3917827.288946622,True,
usa_NC_0033_0187,usa_NC_0033,187,38,48,44.65833333333333,18.75293830404881,2.7067534944847567,3.4,75.7,2009-03-18,2011-12-29,3,455881.71545631863,3917876.006554424,True,
usa_NC_0033_0188,usa_NC_0033,188,39,46,45.72391304347826,19.09125669319869,2.814852232300488,3.3,78.9,2009-03-18,2011-12-13,3,455886.4579261313,3917924.5058918255,True,
usa_NC_0033_0189,usa_NC_0033,189,39,45,45.32222222222222,18.44126904636457,2.74906207860226,3.2,73.6,2009-03-18,2011-12-13,3,455889.5680618832,3917973.155125417,True,
usa_NC_0033_0190,usa_NC_0033,190,39,44,43.29772727272728,18.79200087910197,2.8330007261822754,-6.2,72.7,2009-03-18,2011-12-06,3,455891.2941005105,3918021.8811671333,True,
usa_NC_0033_0191,usa_NC_0033,191,39,46,42.12173913043478,19.40051446103059,2.86044980254572,-17.0,74.5,2009-03-18,2011-12-06,3,455893.79650162475,3918070.5285012443,True,
usa_NC_0033_0192,usa_NC_0033,192,39,43,42.27209302325581,17.81683694846769,2.7170421624904493,3.9,74.6,2009-03-18,2011-12-06,3,455896.73010474304,3918119.1381056625,True,
usa_NC_0033_0193,usa_NC_0033,193,39,41,41.38292682926829,19.708182341847564,3.0779009763129324,-13.5,77.3,2009-03-18,2011-12-06,3,455897.54512687423,3918167.941946961,True,
usa_NC_0033_0194,usa_NC_0033,194,39,43,38.92790697674419,18.29617870044889,2.790141094368309,-1.8,76.8,2009-03-18,2011-12-06,3,455902.01480034506,3918216.605918791,True,
usa_NC_0033_0195,usa_NC_0033,195,39,42,40.23571428571429,18.456591412027375,2.8479138837574003,-5.5,74.9,2009-03-18,2011-12-06,3,455906.12478438223,3918265.313387987,True,
usa_NC_0033_0196,usa_NC_0033,196,39,44,40.059090909090905,18.80272516346869,2.8346174728817974,-8.0,73.9,2009-02-06,2011-12-06,3,455911.321758015,3918313.951056799,True,
usa_NC_0033_0197,usa_NC_0033,197,39,44,42.94772727272727,18.56646750582405,2.7990002908701834,-6.9,73.6,2009-02-06,2011-12-29,3,455915.7616256473,3918362.663477354,True,
usa_NC_0033_0198,usa_NC_0033,198,40,45,41.315555555555555,17.672126943496945,2.6344051435109836,-8.8,73.0,2009-02-06,2011-12-29,3,455918.0693202258,3918411.5366305606,True,
usa_NC_0033_0199,usa_NC_0033,199,40,47,41.07021276595744,17.37655735771388,2.5346313912456124,-6.9,70.4,2009-02-06,2011-12-29,3,455922.08945748553,3918460.2981459037,True,
usa_NC_0033_0200,usa_NC_0033,200,40,45,44.191111111111105,16.3569393422628,2.438348551542688,-1.9,71.8,2009-02-06,2011-12-29,3,455927.5485148932,3918509.129266129,True,
usa_NC_0033_0201,usa_NC_0033,201,40,50,49.14999999999999,15.149045231583786,2.142398522350925,3.3,75.9,2009-02-06,2011-12-29,3,455933.41721180914,3918558.180081023,True,
usa_NC_0033_0202,usa_NC_0033,202,40,52,47.36538461538461,16.657600098022556,2.309993510753627,2.1,76.2,2009-02-06,2011-12-29,3,455935.4225792664,3918607.46789103,True,
usa_NC_0033_0203,usa_NC_0033,203,40,51,55.23921568627451,16.567982115289386,2.3199815388571983,12.0,85.4,2009-02-06,2011-12-29,3,455939.9319571699,3918656.6164935725,True,
usa_NC_0033_0204,usa_NC_0033,204,40,53,52.766037735849046,16.17165068635931,2.2213470582595187,13.5,80.5,2009-02-06,2011-12-29,3,455942.6839417831,3918705.867251262,True,
usa_NC_0033_0205,usa_NC_0033,205,40,52,55.869230769230775,15.038623978322873,2.0854819179332833,19.3,81.0,2009-02-06,2011-12-29,3,455945.39621271193,3918755.121635224,True,
usa_NC_0033_0206,usa_NC_0033,206,40,49,54.953061224489794,15.414064222337345,2.202009174619621,17.5,81.2,2009-02-06,2011-12-29,3,455949.17813211976,3918804.530318434,True,
usa_NC_0033_0207,usa_NC_0033,207,40,50,50.62,15.434972217238967,2.1828347044471266,13.0,78.4,2009-03-18,2011-12-29,3,455950.0886949637,3918854.209275344,True,
usa_NC_0033_0209,usa_NC_0033,209,41,48,54.8375,14.86073829098647,2.1449628131644047,17.8,84.5,2009-03-18,2011-12-13,3,455956.7485882972,3918953.337887422,True,
usa_NC_0033_0210,usa_NC_0033,210,41,43,52.06744186046512,14.112839829815101,2.152187897379843,20.9,81.5,2009-03-18,2011-12-06,3,455957.3437671222,3919003.0120214084,True,
usa_NC_0033_0211,usa_NC_0033,211,41,46,45.60217391304347,13.191335357059778,1.9449562893401522,16.9,73.6,2009-03-18,2011-12-06,3,455959.7709850553,3919052.5767694027,True,
usa_NC_0033_0212,usa_NC_0033,212,41,43,46.99767441860465,13.405746606658992,2.0443571917566628,22.6,76.7,2009-03-18,2011-12-06,3,455959.74574320705,3919102.249334276,True,
usa_NC_0033_0213,usa_NC_0033,213,41,42,32.43809523809524,13.595209923673751,2.0977864346607356,1.3,54.6,2009-03-18,2011-12-06,3,455960.9246626984,3919151.8728235248,True,
usa_NC_0033_0214,usa_NC_0033,214,41,43,35.74883720930232,14.218940622467244,2.1683681165704507,1.4,59.7,2009-03-18,2011-12-06,3,455964.66205327545,3919201.453052249,True,
usa_NC_0033_0215,usa_NC_0033,215,41,44,38.29545454545455,13.816201385287348,2.0828707283175745,11.5,65.6,2009-02-06,2011-12-06,3,455969.0037880707,3919251.3679962596,True,
usa_NC_0033_0216,usa_NC_0033,216,41,44,44.847727272727276,15.109653292566462,2.2778659401727737,19.4,73.9,2009-02-06,2011-12-06,3,455973.4154255063,3919301.2775870683,True,
usa_NC_0033_0217,usa_NC_0033,217,41,46,39.6695652173913,14.677811970835698,2.164125309053781,16.4,67.6,2009-02-06,2011-12-29,3,455977.08114867384,3919351.2148261284,True,
usa_NC_0033_0218,usa_NC_0033,218,41,45,41.117777777777775,15.555900501225908,2.318936731464279,15.9,72.7,2009-02-06,2011-12-29,3,455981.21841921826,3919401.1215127595,True,
usa_NC_0033_0219,usa_NC_0033,219,42,46,38.61521739130434,16.611213981876546,2.449189883595456,11.5,70.1,2009-02-06,2011-12-29,3,455984.2559090567,3919451.0530745494,True,
usa_NC_0033_0220,usa_NC_0033,220,42,49,45.2530612244898,16.582509636672615,2.368929948096088,12.2,76.7,2009-02-06,2011-12-29,3,455988.5108195002,3919500.933348168,True,
usa_NC_0033_0221,usa_NC_0033,221,42,51,41.1313725490196,16.05259468367751,2.2478128632527525,4.6,70.2,2009-02-06,2011-12-29,3,455992.97610750067,3919550.8032775684,True,
usa_NC_0033_0222,usa_NC_0033,222,42,50,51.532,16.494914986387872,2.3327332483940943,15.5,83.3,2009-02-06,2011-12-29,3,455995.1093164787,3919600.7684565047,True,
usa_NC_0033_0223,usa_NC_0033,223,42,51,43.64901960784314,16.733157174293435,2.3431106734073506,3.5,72.1,2009-02-06,2011-12-29,3,455998.2718694588,3919650.689840144,True,
usa_NC_0033_0224,usa_NC_0033,224,42,51,44.13921568627452,15.270168020442638,2.1382512158787246,4.5,72.5,2009-02-06,2011-12-29,3,456000.34491409146,3919700.655743446,True,
usa_NC_0033_0225,usa_NC_0033,225,42,50,47.49799999999999,14.288735252010262,2.0207323182551455,10.9,75.6,2009-02-06,2011-12-29,3,456001.20480622235,3919750.683062783,True,
usa_NC_0033_0226,usa_NC_0033,226,42,51,41.71960784313726,14.82468238591091,2.0758707497031885,4.8,73.4,2009-02-06,2011-12-29,3,456001.94748474413,3919800.7330995537,True,
usa_NC_0033_0227,usa_NC_0033,227,42,48,40.7125,13.226144723815748,1.9090295541589928,4.8,72.2,2009-03-18,2011-12-29,3,456001.93477258773,3919850.816254778,True,
usa_NC_0033_0228,usa_NC_0033,228,42,47,42.421276595744686,13.060010922330688,1.904998382148176,8.8,67.7,2009-03-18,2011-12-13,3,456003.1078030301,3919900.8499854864,True,
usa_NC_0033_0229,usa_NC_0033,229,43,46,48.69130434782608,13.517130301739455,1.9929921332891,14.9,72.5,2009-03-18,2011-12-13,3,456002.7284456825,3919950.9511980964,True,
usa_NC_0033_0230,usa_NC_0033,230,43,43,35.77209302325581,13.848729107607763,2.111911389833712,6.5,63.8,2009-03-18,2011-11-11,3,456001.9772837293,3920001.0698650884,True,
usa_NC_0033_0231,usa_NC_0033,231,43,44,33.040909090909096,13.018579177678985,1.9626246561770335,6.6,63.8,2009-03-18,2011-11-11,3,456001.66387190035,3920051.1711240932,True,
usa_NC_0033_0232,usa_NC_0033,232,43,43,29.309302325581395,12.076518221689726,1.8416517634033327,3.6,55.4,2009-03-18,2011-11-11,3,456003.4488717369,3920101.182398729,True,
usa_NC_0033_0233,usa_NC_0033,233,43,41,29.902439024390244,11.204005707890326,1.7497717196226472,4.5,51.5,2009-03-18,2011-11-11,3,456005.00397190166,3920151.204294497,True,
usa_NC_0033_0234,usa_NC_0033,234,43,39,28.53846153846154,12.620610031644675,2.020914984261224,2.0,61.2,2009-03-18,2011-11-11,3,456006.4597143246,3920201.2312095026,True,
usa_NC_0033_0235,usa_NC_0033,235,43,43,25.944186046511632,12.780105490390717,1.948947815984456,-7.5,57.5,2009-02-06,2011-11-11,3,456008.259538232,3920251.3256728025,True,
usa_NC_0033_0236,usa_NC_0033,236,43,42,39.78571428571429,13.04146429434849,2.012341629028981,9.5,70.7,2009-02-06,2011-11-11,3,456010.5353293894,3920301.581749204,True,
usa_NC_0033_0237,usa_NC_0033,237,43,43,35.75813953488371,13.374802758815148,2.0396382991998867,12.2,66.1,2009-02-06,2011-12-29,3,456013.90405125124,3920351.7889559707,True,
usa_NC_0033_0238,usa_NC_0033,238,43,46,36.22173913043478,13.780645252486517,2.0318452931033084,10.4,65.5,2009-02-06,2011-12-29,3,456016.63523912855,3920402.0263770204,True,
usa_NC_0033_0239,usa_NC_0033,239,44,44,42.85454545454546,12.866152720805669,1.9396455031964845,18.9,69.7,2009-02-06,2011-12-29,3,456019.5623043126,3920452.255355741,True,
usa_NC_0033_0240,usa_NC_0033,240,44,46,27.84347826086957,12.832054519382538,1.8919832198240498,-0.6,51.3,2009-02-06,2011-12-29,3,456023.65852617077,3920502.426342185,True,
usa_NC_0033_0241,usa_NC_0033,241,44,50,35.056000000000004,13.016099293426066,1.8407544149958002,4.8,61.7,2009-02-06,2011-12-29,3,456026.796193035,3920552.644562044,True,
usa_NC_0033_0242,usa_NC_0033,242,44,47,50.92340425531915,13.598516747216562,1.9835475297167207,20.4,84.3,2009-02-06,2011-12-29,3,456028.2004267982,3920602.954013731,True,
usa_NC_0033_0243,usa_NC_0033,243,44,49,41.61020408163265,13.150289047804856,1.8786127211149795,8.2,75.1,2009-02-06,2011-12-29,3,456030.2180332368,3920653.235488677,True,
usa_NC_0033_0244,usa_NC_0033,244,44,49,41.37142857142857,12.582361993414962,1.797480284773566,12.9,72.2,2009-02-06,2011-12-29,3,456033.13732573105,3920703.4713634243,True,
usa_NC_0033_0245,usa_NC_0033,245,44,48,40.331250000000004,13.9715844796623,2.0166245150846565,1.9,72.7,2009-02-06,2011-12-29,3,456033.8246572165,3920753.8323009666,True,
usa_NC_0033_0246,usa_NC_0033,246,44,47,37.07234042553191,16.202679624433298,2.3634037256610725,-7.8,68.0,2009-03-18,2011-12-29,3,456033.6022796565,3920804.250489192,True,
usa_NC_0033_0247,usa_NC_0033,247,44,47,32.702127659574465,16.66503094039187,2.4308445964324097,-11.2,63.3,2009-03-18,2011-12-29,3,456034.87197488226,3920854.4062143117,True,
usa_NC_0033_0248,usa_NC_0033,248,44,46,42.79347826086956,16.742499510379936,2.468546878732825,-0.8,76.7,2009-03-18,2011-12-13,3,456036.0134664599,3920904.525990329,True,
usa_NC_0033_0249,usa_NC_0033,249,45,43,35.03023255813953,16.45854149187792,2.5099040472712373,0.8,68.6,2009-03-18,2011-11-11,3,456036.6002618961,3920954.679434698,True,
usa_NC_0033_0250,usa_NC_0033,250,45,43,33.45348837209303,15.611463261353045,2.3807258281563213,4.9,65.8,2009-03-18,2011-11-11,3,456037.9913426101,3921004.644049216,True,
usa_NC_0033_0251,usa_NC_0033,251,45,43,37.167441860465125,16.037407475592996,2.4456817118693586,8.8,69.6,2009-03-18,2011-11-11,3,456040.2537137949,3921054.3339739502,True,
usa_NC_0033_0252,usa_NC_0033,252,45,41,35.58780487804878,15.488272904393684,2.4188618446365284,8.9,65.6,2009-03-18,2011-11-11,3,456042.790157666,3921104.0071777715,True,
usa_NC_0033_0253,usa_NC_0033,253,45,40,39.6325,16.56831061595197,2.6196799263777755,15.2,68.2,2009-03-18,2011-11-11,3,456047.13095126254,3921153.5794558646,True,
usa_NC_0033_0254,usa_NC_0033,254,45,41,41.131707317073165,17.208855845528927,2.6875717551949814,10.2,68.2,2009-02-06,2011-11-11,3,456051.01559057157,3921203.1791483965,True,
usa_NC_0033_0255,usa_NC_0033,255,45,43,44.051162790697674,16.762278684921196,2.556223534967175,9.7,70.7,2009-02-06,2011-11-11,3,456056.0150822748,3921252.7206316157,True,
usa_NC_0033_0256,usa_NC_0033,256,45,44,41.204545454545446,15.979200936820375,2.4089551798694857,3.1,64.5,2009-02-06,2011-12-29,3,456061.8073015088,3921302.223909306,True,
usa_NC_0033_0257,usa_NC_0033,257,45,44,45.65454545454546,16.39871598129241,2.4721994524341673,11.4,71.3,2009-02-06,2011-12-29,3,456066.75921819056,3921351.7759358096,True,
usa_NC_0033_0258,usa_NC_0033,258,45,46,50.230434782608704,16.444639377353575,2.4246297980588607,15.8,74.1,2009-02-06,2011-12-29,3,456070.5679910242,3921401.389871217,True,
usa_NC_0033_0259,usa_NC_0033,259,46,46,53.48260869565217,16.429435702053876,2.4223881384319292,17.2,81.6,2009-02-06,2011-12-29,3,456073.7952763414,3921451.034480757,True,
usa_NC_0033_0260,usa_NC_0033,260,46,50,55.398,15.549650432451159,2.1990526531733092,17.6,89.4,2009-02-06,2011-12-29,3,456077.98155726626,3921500.632377501,True,
usa_NC_0034_0001,usa_NC_0034,1,46,61,52.90983606557378,16.606160552819276,2.1262009848477152,15.5,86.3,2009-02-06,2011-12-29,3,456077.86878789,3921550.4402053086,True,
usa_NC_0034_0002,usa_NC_0034,2,46,60,50.638333333333335,16.0859038372075,2.0766812556732877,14.9,82.7,2009-02-06,2011-12-29,3,456078.8096350439,3921600.192560897,True,
usa_NC_0034_0003,usa_NC_0034,3,46,59,45.36610169491526,14.909041577113552,1.9409918866922382,11.4,76.8,2009-02-06,2011-12-29,3,456078.9947052213,3921649.976438449,True,
usa_NC_0034_0004,usa_NC_0034,4,46,57,40.39649122807018,13.474486008117614,1.7847392712571977,7.1,64.4,2009-02-06,2011-12-29,3,456079.5646522237,3921699.737779233,True,
usa_NC_0034_0005,usa_NC_0034,5,46,59,47.48474576271186,14.191034245307508,1.8475152940881623,14.3,72.9,2009-02-06,2011-12-29,3,456080.2326881068,3921749.490445061,True,
usa_NC_0034_0006,usa_NC_0034,6,46,53,39.44905660377358,14.874120822648118,2.043117624439884,12.2,75.1,2009-03-18,2011-12-29,3,456081.76333890914,3921799.2011981523,True,
usa_NC_0034_0007,usa_NC_0034,7,46,50,45.33000000000001,15.433864832681067,2.182678096621072,13.1,77.6,2009-03-18,2011-12-13,3,456085.29841526574,3921848.8233514247,True,
usa_NC_0034_0008,usa_NC_0034,8,46,49,42.60612244897959,15.553207174128445,2.2218867391612065,8.1,78.0,2009-03-18,2011-12-13,3,456087.56232964183,3921898.510080362,True,
usa_NC_0034_0009,usa_NC_0034,9,47,45,37.22888888888889,15.461133414618944,2.3048096882854265,2.6,75.2,2009-03-18,2011-11-20,3,456088.18888483825,3921948.2834521653,True,
usa_NC_0034_0010,usa_NC_0034,10,47,48,38.38958333333333,16.011661170525574,2.3110842217440046,1.1,79.5,2009-03-18,2011-11-20,3,456089.53975981014,3921998.0237886193,True,
usa_NC_0034_0011,usa_NC_0034,11,47,47,33.5936170212766,16.79686052776736,2.4500739180741067,-3.1,75.9,2009-03-18,2011-11-20,3,456088.9145740923,3922047.8399562417,True,
usa_NC_0034_0012,usa_NC_0034,12,47,48,29.120833333333337,17.245584798303042,2.489185756408195,-5.5,69.8,2009-03-18,2011-11-11,3,456090.6746432905,3922097.558727759,True,
usa_NC_0034_0013,usa_NC_0034,13,47,51,31.062745098039223,17.011548557192715,2.382093264311238,0.3,71.8,2009-03-18,2011-11-11,3,456093.1402073141,3922147.441097939,True,
usa_NC_0034_0014,usa_NC_0034,14,47,52,33.61538461538461,16.997928185348602,2.3571885249588056,-0.8,72.6,2009-03-18,2011-11-11,3,456095.287938633,3922197.066251914,True,
usa_NC_0034_0015,usa_NC_0034,15,47,56,30.5625,16.9479799010759,2.2647690781341763,-3.7,68.8,2009-02-06,2011-11-11,3,456097.6373758765,3922246.66099723,True,
usa_NC_0034_0016,usa_NC_0034,16,47,56,43.23571428571429,16.329453908048023,2.1821150656083033,13.5,82.1,2009-02-06,2011-12-29,3,456100.7996951458,3922296.336028151,True,
usa_NC_0034_0017,usa_NC_0034,17,47,56,32.121428571428574,17.165279059625135,2.293806899624373,0.5,72.5,2009-02-06,2011-12-29,3,456104.7639288207,3922345.986568587,True,
usa_NC_0034_0018,usa_NC_0034,18,47,58,33.156896551724145,17.121015219006775,2.248099435344801,0.9,69.9,2009-02-06,2011-12-29,3,456106.942523883,3922395.968312903,True,
usa_NC_0034_0019,usa_NC_0034,19,48,59,29.501694915254237,16.699375287979095,2.1740734828020805,-0.5,69.1,2009-02-06,2011-12-29,3,456108.7292255272,3922446.05367854,True,
usa_NC_0034_0020,usa_NC_0034,20,48,63,30.82539682539683,16.435376559804475,2.0706628133782345,0.8,71.8,2009-02-06,2011-12-29,3,456111.94354283233,3922496.0872039953,True,
usa_NC_0034_0021,usa_NC_0034,21,48,62,32.16612903225807,16.907772425027503,2.1472892452688117,0.3,71.9,2009-02-06,2011-12-29,3,456114.76123058924,3922546.1332214023,True,
usa_NC_0034_0022,usa_NC_0034,22,48,62,41.420967741935485,16.637121609267794,2.1129165572946236,11.8,83.0,2009-02-06,2011-12-29,3,456119.9609646751,3922596.090279072,True,
usa_NC_0034_0023,usa_NC_0034,23,48,60,30.656666666666663,16.290533454309855,2.103098825645895,3.5,64.1,2009-02-06,2011-12-29,3,456124.40981669695,3922646.071652794,True,
usa_NC_0034_0024,usa_NC_0034,24,48,58,33.09655172413793,15.929559475822579,2.0916536317970547,6.9,70.6,2009-02-06,2011-12-29,3,456127.8216274639,3922696.0890385206,True,
usa_NC_0034_0025,usa_NC_0034,25,48,55,32.53636363636363,16.239473669134263,2.1897301828411524,6.4,74.7,2009-03-18,2011-12-29,3,456131.31905352336,3922746.1011113795,True,
usa_NC_0034_0026,usa_NC_0034,26,48,54,39.01851851851852,17.83149719186317,2.426559414996438,12.9,80.1,2009-03-18,2011-12-29,3,456137.24298493116,3922796.017909193,True,
usa_NC_0034_0027,usa_NC_0034,27,48,51,37.647058823529406,17.592547887570763,2.463449443427437,1.3,77.6,2009-03-18,2011-12-13,3,456144.95348476793,3922845.8611870017,True,
usa_NC_0034_0028,usa_NC_0034,28,48,47,37.5531914893617,17.48736004467512,2.5507936242371576,-1.4,78.3,2009-03-18,2011-11-20,3,456148.089970872,3922895.8782398766,True,
usa_NC_0034_0029,usa_NC_0034,29,49,47,43.9468085106383,15.869575089019019,2.3148154354349586,8.5,87.0,2009-03-18,2011-11-20,3,456152.05422691256,3922945.8606459354,True,
usa_NC_0034_0030,usa_NC_0034,30,49,51,47.5529411764706,16.85926870230351,2.360769819511235,17.0,89.4,2009-03-18,2011-11-20,3,456156.55400801235,3922995.8190654083,True,
usa_NC_0034_0031,usa_NC_0034,31,49,47,48.11489361702128,17.851062308218943,2.603845051816742,11.5,92.7,2009-03-18,2011-11-11,3,456162.98094980477,3923045.6964533627,True,
usa_NC_0034_0032,usa_NC_0034,32,49,45,46.31777777777777,17.497159365410887,2.6083225169470547,17.0,88.9,2009-03-18,2011-11-11,3,456165.62138935376,3923095.724201049,True,
usa_NC_0034_0033,usa_NC_0034,33,49,47,46.18723404255319,16.07189847043694,2.3443273337453086,21.5,84.3,2009-03-18,2011-11-11,3,456169.1613494717,3923145.713362301,True,
usa_NC_0034_0034,usa_NC_0034,34,49,52,44.32115384615385,16.75323014260717,2.323255011877655,-2.7,87.3,2009-02-06,2011-11-11,3,456171.6755279407,3923195.7432215684,True,
usa_NC_0034_0035,usa_NC_0034,35,49,55,44.474545454545435,15.67383072822243,2.11345890424794,2.7,86.2,2009-02-06,2011-11-11,3,456176.0685276165,3923245.692491235,True,
usa_NC_0034_0036,usa_NC_0034,36,49,55,46.907272727272726,16.2631810307534,2.19292688282975,13.6,88.8,2009-02-06,2011-12-29,3,456180.2833157015,3923295.6464723423,True,
usa_NC_0034_0037,usa_NC_0034,37,49,54,55.13703703703704,16.07824378253663,2.187971845960605,24.7,101.0,2009-02-06,2011-12-29,3,456183.2542380165,3923345.8011598815,True,
usa_NC_0034_0038,usa_NC_0034,38,49,53,49.20943396226416,14.577699831103242,2.00240106987505,18.6,92.7,2009-02-06,2011-12-29,3,456186.7714686616,3923395.9635788347,True,
usa_NC_0034_0039,usa_NC_0034,39,50,57,52.208771929824564,15.772639971773843,2.0891371998951933,17.6,89.4,2009-02-06,2011-12-29,3,456191.9989733525,3923446.0409477972,True,
usa_NC_0034_0040,usa_NC_0034,40,50,59,52.42372881355932,15.415088208534977,2.006873546542508,18.6,86.5,2009-02-06,2011-12-29,3,456194.93492973485,3923496.216486114,True,
usa_NC_0034_0041,usa_NC_0034,41,50,55,50.92000000000001,15.182658235997778,2.0472292189072223,17.2,86.6,2009-02-06,2011-12-29,3,456197.3118359235,3923546.414432146,True,
usa_NC_0034_0042,usa_NC_0034,42,50,57,48.675438596491226,15.844098503653772,2.0986021136615265,14.6,84.1,2009-02-06,2011-12-29,3,456200.36444456485,3923596.575352534,True,
usa_NC_0034_0043,usa_NC_0034,43,50,55,46.98727272727273,17.43707262368032,2.351214392929367,12.2,88.5,2009-02-06,2011-12-29,3,456201.7728976625,3923646.8172019846,True,
usa_NC_0034_0044,usa_NC_0034,44,50,56,41.53035714285714,17.109624294720604,2.2863697188310086,3.0,70.5,2009-02-06,2011-12-29,3,456203.2676278793,3923697.0606954684,True,
usa_NC_0034_0045,usa_NC_0034,45,50,52,38.69615384615385,17.331055222147384,2.403384933128859,-0.7,67.6,2009-03-18,2011-12-29,3,456205.1646479347,3923747.288904458,True,
usa_NC_0034_0046,usa_NC_0034,46,50,50,41.764,17.963349989830483,2.540401318127287,2.1,74.7,2009-03-18,2011-12-13,3,456207.12661325897,3923797.5187873454,True,
usa_NC_0034_0047,usa_NC_0034,47,50,50,38.164,18.175345040657103,2.5703819457307846,1.9,69.3,2009-03-18,2011-12-13,3,456209.7473040923,3923847.7169159115,True,
usa_NC_0034_0048,usa_NC_0034,48,50,46,39.23478260869565,17.778191601463785,2.621251346616384,0.7,71.9,2009-03-18,2011-11-20,3,456213.6254173357,3923897.8466704474,True,
usa_NC_0034_0049,usa_NC_0034,49,51,46,44.4695652173913,17.481086535837235,2.577445594556876,6.4,78.0,2009-03-18,2011-11-20,3,456219.9739543979,3923947.832683084,True,
usa_NC_0034_0050,usa_NC_0034,50,51,48,49.30833333333334,17.711456003357412,2.556428472819654,15.0,82.4,2009-03-18,2011-11-20,3,456225.4957375577,3923997.8622792917,True,
usa_NC_0034_0051,usa_NC_0034,51,51,45,53.34,19.564106744936574,2.9164448400493543,16.5,100.0,2009-03-18,2011-11-11,3,456229.73109106027,3924047.966438678,True,
usa_NC_0034_0052,usa_NC_0034,52,51,50,41.285999999999994,19.210498936460635,2.716774813589655,7.1,91.9,2009-03-18,2011-11-11,3,456232.71322281566,3924098.147818321,True,
usa_NC_0034_0053,usa_NC_0034,53,51,52,38.676923076923075,18.4714152815579,2.561524420309466,2.8,85.0,2009-02-06,2011-11-11,3,456237.34234826855,3924148.227633443,True,
usa_NC_0034_0054,usa_NC_0034,54,51,54,45.468518518518515,17.81868665166478,2.424816121284467,4.2,87.6,2009-02-06,2011-11-11,3,456243.8179539207,3924198.186980402,True,
usa_NC_0034_0055,usa_NC_0034,55,51,55,48.827272727272735,17.266478490453096,2.328211484697601,9.6,88.5,2009-02-06,2011-12-29,3,456249.9018241419,3924248.345896291,True,
usa_NC_0034_0056,usa_NC_0034,56,51,56,50.08571428571429,15.892724791510778,2.123754682575773,13.8,89.0,2009-02-06,2011-12-29,3,456252.4091512182,3924299.3190250304,True,
usa_NC_0034_0057,usa_NC_0034,57,51,55,45.172727272727265,15.541812832740785,2.095657614852658,0.6,79.1,2009-02-06,2011-12-29,3,456257.4694183442,3924350.1141648875,True,
usa_NC_0034_0058,usa_NC_0034,58,51,57,52.84912280701754,15.553560947428194,2.0601194742451883,4.4,85.3,2009-02-06,2011-12-29,3,456265.7797287411,3924400.640176382,True,
usa_NC_0034_0059,usa_NC_0034,59,52,61,55.59508196721311,15.175225711989793,1.942988552440633,13.4,85.7,2009-02-06,2011-12-29,3,456272.6003816762,3924451.254390779,True,
usa_NC_0034_0060,usa_NC_0034,60,52,58,61.24827586206896,15.906880794936491,2.0886757751079386,20.0,95.3,2009-02-06,2011-12-29,3,456276.452599258,3924502.1096140947,True,
usa_NC_0034_0061,usa_NC_0034,61,52,58,58.84310344827586,14.02349046908362,1.8413745097376875,18.5,91.8,2009-02-06,2011-12-29,3,456281.0320326412,3924552.8992188596,True,
usa_NC_0034_0062,usa_NC_0034,62,52,57,69.76666666666667,13.266853611987461,1.7572376885522643,39.2,98.9,2009-02-06,2011-12-29,3,456285.0713328011,3924603.738213408,True,
usa_NC_0034_0063,usa_NC_0034,63,52,55,63.59818181818182,12.378857287492563,1.6691647761359176,29.9,89.7,2009-02-06,2011-12-29,3,456289.26376040507,3924654.56244704,True,
usa_NC_0034_0064,usa_NC_0034,64,52,53,70.28301886792453,12.175238677948856,1.672397651012946,40.3,93.6,2009-02-06,2011-12-29,3,456292.9893087741,3924705.4367324817,True,
usa_NC_0034_0065,usa_NC_0034,65,52,51,58.7764705882353,12.120240727564683,1.697173170443398,23.7,84.3,2009-03-18,2011-12-13,3,456297.15379900846,3924756.265570278,True,
usa_NC_0034_0066,usa_NC_0034,66,52,48,67.96041666666667,12.61530208243963,1.8208620133012419,35.1,94.4,2009-03-18,2011-12-13,3,456301.6932640676,3924807.0503649763,True,
usa_NC_0034_0067,usa_NC_0034,67,52,44,70.35681818181818,14.787288660185876,2.22926764329608,25.2,95.4,2009-03-18,2011-11-20,3,456304.7580845957,3924858.011313789,True,
usa_NC_0034_0068,usa_NC_0034,68,52,46,65.76304347826088,14.302452916206013,2.1087816357787275,23.3,91.1,2009-03-18,2011-11-20,3,456307.9250274301,3924908.7680699714,True,
usa_NC_0034_0069,usa_NC_0034,69,53,53,57.3811320754717,15.095236851962145,2.0734902469245533,12.8,84.7,2009-03-18,2011-11-20,3,456309.3555966186,3924959.687329258,True,
usa_NC_0034_0070,usa_NC_0034,70,53,47,67.52978723404254,15.348713512066267,2.2388399659411653,24.8,92.8,2009-03-18,2011-11-11,3,456308.8914461286,3925010.8761737295,True,
usa_NC_0034_0071,usa_NC_0034,71,53,47,49.97234042553191,15.930060483627358,2.3236381370052506,13.0,79.5,2009-03-18,2011-11-11,3,456312.598533314,3925061.366958243,True,
usa_NC_0034_0072,usa_NC_0034,72,53,54,54.67037037037038,16.777417770027927,2.2831173743373125,7.9,89.6,2009-03-18,2011-11-11,3,456319.0284233652,3925111.0792736183,True,
usa_NC_0034_0073,usa_NC_0034,73,53,55,59.267272727272726,16.657509201396614,2.2460980825123573,10.8,96.9,2009-02-06,2011-11-11,3,456324.8162924897,3925160.875258666,True,
usa_NC_0034_0074,usa_NC_0034,74,53,53,59.366037735849055,14.999640295638713,2.060359050036414,15.3,92.8,2009-02-06,2011-12-29,3,456331.73143866134,3925210.5126827317,True,
usa_NC_0034_0075,usa_NC_0034,75,53,54,64.62777777777778,14.180646080854011,1.929741506727243,24.4,96.5,2009-02-06,2011-12-29,3,456338.8885889839,3925260.1113977805,True,
usa_NC_0034_0076,usa_NC_0034,76,53,56,64.83392857142857,14.017706682954621,1.8731948484252716,29.1,93.2,2009-02-06,2011-12-29,3,456344.4669299168,3925309.9250107794,True,
usa_NC_0034_0077,usa_NC_0034,77,53,56,60.666071428571435,13.531663564808607,1.808244604735926,28.8,90.8,2009-02-06,2011-12-29,3,456349.60575018916,3925359.79763509,True,
usa_NC_0034_0078,usa_NC_0034,78,53,62,57.158064516129045,12.618403790704974,1.602538883959217,22.8,86.4,2009-02-06,2011-12-29,3,456354.98639664485,3925409.6340965815,True,
usa_NC_0034_0079,usa_NC_0034,79,54,63,59.555555555555564,12.307102300098492,1.5505491450424582,24.8,87.9,2009-02-06,2011-12-29,3,456359.69696642377,3925459.563532437,True,
usa_NC_0034_0080,usa_NC_0034,80,54,60,58.36,11.88203600655279,1.5339642524138613,19.7,85.0,2009-02-06,2011-12-29,3,456366.51005981234,3925509.1453264076,True,
usa_NC_0034_0081,usa_NC_0034,81,54,59,56.294915254237296,12.286612054124456,1.5995806429703263,23.1,86.1,2009-02-06,2011-12-29,3,456373.4537595914,3925558.5682975026,True,
usa_NC_0034_0082,usa_NC_0034,82,54,58,52.775862068965516,12.96099831471228,1.701862455005745,22.1,86.6,2009-02-06,2011-12-29,3,456379.50231297297,3925608.108608789,True,
usa_NC_0034_0083,usa_NC_0034,83,54,55,46.158181818181816,13.903139678838478,1.8746989718560292,14.4,81.0,2009-03-18,2011-12-29,3,456383.6677001508,3925657.631578856,True,
usa_NC_0034_0084,usa_NC_0034,84,54,55,44.80727272727273,13.977069243817343,1.884667632364173,13.6,85.2,2009-03-18,2011-12-29,3,456389.9310726993,3925706.8442202876,True,
usa_NC_0034_0085,usa_NC_0034,85,54,52,46.81346153846154,13.676099501931352,1.8965337693292699,18.6,88.2,2009-03-18,2011-12-13,3,456398.69634209585,3925755.691905214,True,
usa_NC_0034_0086,usa_NC_0034,86,54,49,48.916326530612245,14.670809267311164,2.095829895330166,18.2,84.2,2009-03-18,2011-12-13,3,456406.3810242651,3925804.6903193747,True,
usa_NC_0034_0087,usa_NC_0034,87,54,46,49.60652173913043,14.191834932240488,2.0924719038369397,14.7,85.5,2009-03-18,2011-11-20,3,456412.66668281687,3925853.8831123793,True,
usa_NC_0034_0088,usa_NC_0034,88,54,51,50.14705882352942,14.309176816870723,2.0036855315499387,13.7,82.3,2009-03-18,2011-11-20,3,456419.03622340347,3925903.0578032434,True,
usa_NC_0034_0089,usa_NC_0034,89,55,49,46.697959183673476,14.056574526354776,2.0080820751935393,11.6,79.7,2009-03-18,2011-11-20,3,456424.85013407667,3925952.3048817096,True,
usa_NC_0034_0090,usa_NC_0034,90,55,48,43.11875,15.287676252876562,2.206585999970533,11.2,78.7,2009-03-18,2011-11-11,3,456430.5341524346,3926001.5635464904,True,
usa_NC_0034_0091,usa_NC_0034,91,55,51,43.699999999999996,15.967416823018054,2.2358855770645976,11.3,77.9,2009-03-18,2011-11-11,3,456438.5448930056,3926050.4889797955,True,
usa_NC_0034_0092,usa_NC_0034,92,55,54,44.78333333333334,15.732741367714533,2.140954922559852,4.3,78.6,2009-02-06,2011-11-11,3,456444.5714023264,3926099.6873243493,True,
usa_NC_0034_0093,usa_NC_0034,93,55,55,46.2,16.049818275191363,2.1641570547388094,2.0,77.8,2009-02-06,2011-11-11,3,456450.9274808046,3926148.833287627,True,
usa_NC_0034_0094,usa_NC_0034,94,55,55,46.79090909090909,15.253308963744042,2.056755761093114,11.4,76.7,2009-02-06,2011-12-29,3,456457.90790117084,3926197.8864966636,True,
usa_NC_0034_0095,usa_NC_0034,95,55,56,46.46785714285714,14.248407976687426,1.9040236055621877,14.5,76.2,2009-02-06,2011-12-29,3,456464.01701025164,3926247.0546532893,True,
usa_NC_0034_0096,usa_NC_0034,96,55,56,47.69464285714285,13.688833134982783,1.829247271993722,16.5,75.2,2009-02-06,2011-12-29,3,456471.67205750657,3926296.092154335,True,
usa_NC_0034_0097,usa_NC_0034,97,55,58,48.67241379310346,13.068574777035339,1.7159879365330544,18.5,77.4,2009-02-06,2011-12-29,3,456479.81623704,3926345.6833249787,True,
usa_NC_0034_0098,usa_NC_0034,98,55,62,48.559677419354834,13.16760131855456,1.672287039744305,17.5,75.7,2009-02-06,2011-12-29,3,456488.30617347127,3926395.407762527,True,
usa_NC_0034_0099,usa_NC_0034,99,56,59,48.65084745762712,13.073813955323008,1.7020656012094,18.6,75.5,2009-02-06,2011-12-29,3,456496.9968415129,3926445.09734269,True,
usa_NC_0034_0100,usa_NC_0034,100,56,58,47.29482758620689,12.506860186479175,1.6422311973618648,17.0,73.8,2009-02-06,2011-12-29,3,456503.4098980898,3926495.1052431706,True,
usa_NC_0034_0101,usa_NC_0034,101,56,57,45.70350877192983,12.064557965265164,1.5979897398680516,13.5,73.1,2009-02-06,2011-12-29,3,456509.5739733352,3926545.1486033183,True,
usa_NC_0034_0102,usa_NC_0034,102,56,56,44.830357142857146,11.84937159274099,1.5834388838788795,13.0,68.9,2009-02-06,2011-12-29,3,456516.44863987266,3926595.088645437,True,
usa_NC_0034_0103,usa_NC_0034,103,56,55,44.963636363636354,12.581649830523517,1.6965093170599257,13.9,74.6,2009-03-18,2011-12-29,3,456523.58784360066,3926644.9879341833,True,
usa_NC_0034_0104,usa_NC_0034,104,56,52,44.615384615384606,13.398176414039316,1.8579927714819613,12.3,72.8,2009-03-18,2011-12-29,3,456530.7787870466,3926694.876959383,True,
usa_NC_0034_0105,usa_NC_0034,105,56,51,44.6686274509804,13.9233687043916,1.949661589933843,13.2,70.9,2009-03-18,2011-12-13,3,456539.20842016314,3926744.340125133,True,
usa_NC_0034_0106,usa_NC_0034,106,56,46,42.0,13.662113062529286,2.0143686751486904,12.3,68.4,2009-03-18,2011-11-20,3,456545.8119590441,3926793.3198619694,True,
usa_NC_0034_0107,usa_NC_0034,107,56,46,42.38043478260869,14.199039397324146,2.0935341442619237,8.4,75.1,2009-03-18,2011-11-20,3,456553.41137099743,3926842.2638880657,True,
usa_NC_0034_0108,usa_NC_0034,108,56,49,40.891836734693875,15.40982961098064,2.2014042301400916,0.1,72.4,2009-03-18,2011-11-20,3,456558.43656448275,3926891.172503404,True,
usa_NC_0034_0109,usa_NC_0034,109,56,50,40.574,15.455106942763123,2.185682184638219,-4.0,69.5,2009-03-18,2011-11-20,3,456563.95856461354,3926940.1407620525,True,
usa_NC_0034_0110,usa_NC_0034,110,57,49,42.357142857142854,16.482869895743278,2.354695699391897,-1.4,79.5,2009-03-18,2011-11-11,3,456571.56264005415,3926988.830381525,True,
usa_NC_0034_0111,usa_NC_0034,111,57,53,43.26981132075473,15.860601706813556,2.17862119501345,4.4,76.1,2009-03-18,2011-11-11,3,456579.7926214057,3927037.453730525,True,
usa_NC_0034_0112,usa_NC_0034,112,57,56,43.21607142857143,15.496671511072238,2.0708298367790263,4.7,78.6,2009-02-06,2011-11-11,3,456587.96807794605,3927086.1066206624,True,
usa_NC_0034_0113,usa_NC_0034,113,57,56,44.517857142857146,14.647259838591681,1.9573224275379948,13.5,75.0,2009-02-06,2011-11-11,3,456597.4906675366,3927134.601767351,True,
usa_NC_0034_0114,usa_NC_0034,114,57,56,42.65714285714286,15.331119358325433,2.048706999806833,15.7,78.9,2009-02-06,2011-12-29,3,456605.55238721345,3927183.53244208,True,
usa_NC_0034_0115,usa_NC_0034,115,57,59,39.9728813559322,15.7834246372194,2.054826865067499,11.2,80.2,2009-02-06,2011-12-29,3,456613.06257944024,3927232.5939050084,True,
usa_NC_0034_0116,usa_NC_0034,116,57,56,36.526785714285715,15.233748312951006,2.0356952465502927,5.7,72.4,2009-02-06,2011-12-29,3,456619.8195394809,3927281.7626021067,True,
usa_NC_0034_0117,usa_NC_0034,117,57,61,36.63934426229509,14.182316203504095,1.815859516918419,5.8,66.9,2009-02-06,2011-12-29,3,456628.63651962363,3927330.6723126383,True,
usa_NC_0034_0118,usa_NC_0034,118,57,63,37.28412698412699,15.290690888726472,1.9264459745681644,0.4,71.8,2009-02-06,2011-12-29,3,456637.7746995128,3927379.5522581628,True,
usa_NC_0034_0119,usa_NC_0034,119,57,59,40.28305084745763,14.37593957999667,1.871587918245889,9.6,78.4,2009-02-06,2011-12-29,3,456646.85515388765,3927428.4516365235,True,
usa_NC_0034_0120,usa_NC_0034,120,58,58,40.693103448275856,15.180214062112789,1.993259758543029,8.7,79.7,2009-02-06,2011-12-29,3,456653.7532284136,3927477.63927182,True,
usa_NC_0034_0121,usa_NC_0034,121,58,59,40.455932203389835,14.602848933028158,1.9011289998084218,9.8,79.9,2009-02-06,2011-12-29,3,456662.72118976,3927526.7293750793,True,
usa_NC_0034_0122,usa_NC_0034,122,58,59,39.937288135593214,14.437593388921242,1.8796145604875987,8.2,77.2,2009-02-06,2011-12-29,3,456672.0457978609,3927576.233992126,True,
usa_NC_0034_0123,usa_NC_0034,123,58,54,39.11666666666668,14.799066135758903,2.013897816795073,6.6,73.1,2009-03-18,2011-12-29,3,456681.87782801717,3927625.7019883017,True,
usa_NC_0034_0124,usa_NC_0034,124,58,51,42.62745098039217,15.890438363133631,2.225106436637067,9.0,71.6,2009-03-18,2011-12-13,3,456694.0080643095,3927674.8614983764,True,
usa_NC_0034_0125,usa_NC_0034,125,58,51,44.47647058823529,16.23299834578066,2.2730744287656286,8.8,71.8,2009-03-18,2011-12-13,3,456704.62440469384,3927724.2074981,True,
usa_NC_0034_0126,usa_NC_0034,126,58,46,43.14782608695653,16.94159561067814,2.497901997223604,5.8,75.5,2009-03-18,2011-11-20,3,456713.79786901677,3927773.7376580522,True,
usa_NC_0034_0127,usa_NC_0034,127,58,49,42.0734693877551,16.855844380983065,2.4079777687118664,3.0,75.1,2009-03-18,2011-11-20,3,456723.221879068,3927823.2287156815,True,
usa_NC_0034_0128,usa_NC_0034,128,58,50,39.01,17.663201110483563,2.497953856536937,-2.4,73.8,2009-03-18,2011-11-20,3,456729.6958875172,3927873.11951461,True,
usa_NC_0034_0129,usa_NC_0034,129,58,49,38.92040816326531,17.89495948109221,2.556422783013173,3.2,75.4,2009-03-18,2011-11-11,3,456738.491599791,3927922.6909356317,True,
usa_NC_0034_0130,usa_NC_0034,130,59,53,41.54528301886793,19.360572206635833,2.6593791166728127,5.3,80.0,2009-03-18,2011-11-11,3,456748.47594687634,3927972.0912991203,True,
usa_NC_0034_0131,usa_NC_0034,131,59,57,44.60175438596492,18.91906154449292,2.5058909180985833,9.7,80.8,2009-02-06,2011-11-11,3,456757.0956441813,3928021.6781513635,True,
usa_NC_0034_0132,usa_NC_0034,132,59,58,43.668965517241375,18.045859775899334,2.3695374750600937,4.8,80.7,2009-02-06,2011-12-29,3,456766.3526096728,3928071.189312148,True,
usa_NC_0034_0133,usa_NC_0034,133,59,56,42.09464285714286,17.065194984825983,2.280432602561134,5.0,76.1,2009-02-06,2011-12-29,3,456776.4098853692,3928120.828589426,True,
usa_NC_0034_0134,usa_NC_0034,134,59,59,42.76440677966102,16.696022267468837,2.1736369567133536,7.2,76.1,2009-02-06,2011-12-29,3,456784.95953144797,3928170.679219346,True,
usa_NC_0034_0135,usa_NC_0034,135,59,57,44.11578947368422,16.4702306067827,2.1815353367006716,1.2,76.4,2009-02-06,2011-12-29,3,456793.4852392263,3928220.5278284634,True,
usa_NC_0034_0136,usa_NC_0034,136,59,60,48.21833333333334,16.157534755603375,2.08592876747398,3.9,77.3,2009-02-06,2011-12-29,3,456803.10276923305,3928270.2005527453,True,
usa_NC_0034_0137,usa_NC_0034,137,59,62,47.20806451612903,15.124448759900355,1.9208069133152188,4.0,74.2,2009-02-06,2011-12-29,3,456812.77088448533,3928319.8530972647,True,
usa_NC_0034_0138,usa_NC_0034,138,59,58,45.93103448275862,14.930649119231123,1.9604902761263971,8.7,77.6,2009-02-06,2011-12-29,3,456822.39979661454,3928369.499520372,True,
usa_NC_0034_0139,usa_NC_0034,139,59,58,58.22068965517241,14.258057231167909,1.8721746345344306,22.4,87.6,2009-02-06,2011-12-29,3,456832.68560679496,3928418.9186781533,True,
usa_NC_0034_0140,usa_NC_0034,140,60,60,47.82,13.930247543032735,1.7983872247570856,19.1,76.6,2009-02-06,2011-12-29,3,456841.12158090685,3928468.5711287414,True,
usa_NC_0034_0141,usa_NC_0034,141,60,58,42.96034482758622,14.288456138658798,1.876166206639892,8.8,66.2,2009-01-21,2011-12-29,3,456848.9053247622,3928518.3412034144,True,
usa_NC_0034_0142,usa_NC_0034,142,60,55,41.559999999999995,14.745553001950565,1.9882899611719036,5.3,70.9,2009-03-18,2011-12-29,3,456857.2858770559,3928568.0193197504,True,
usa_NC_0034_0143,usa_NC_0034,143,60,51,42.67450980392157,14.39538597102912,2.015757227712829,0.1,68.3,2009-03-18,2011-12-29,3,456866.4699418954,3928617.5656109923,True,
usa_NC_0034_0144,usa_NC_0034,144,60,50,45.81200000000002,15.546685977981262,2.1986334160016727,5.0,71.9,2009-03-18,2011-12-13,3,456875.6060140153,3928667.124389587,True,
usa_NC_0034_0145,usa_NC_0034,145,60,48,42.49583333333333,15.879867601320264,2.292061458579468,6.2,72.3,2009-03-18,2011-11-20,3,456882.6693318931,3928717.056298732,True,
usa_NC_0034_0146,usa_NC_0034,146,60,50,40.63399999999999,16.892234781649446,2.388922752699916,2.7,67.2,2009-03-18,2011-11-20,3,456892.3079409532,3928766.5376594216,True,
usa_NC_0034_0147,usa_NC_0034,147,60,51,40.13529411764705,16.68991100670596,2.3370549986890223,6.5,68.1,2009-03-18,2011-11-20,3,456901.00881620107,3928815.930853142,True,
usa_NC_0034_0148,usa_NC_0034,148,60,50,43.592,17.181228959868633,2.4297927013283607,9.2,77.7,2009-03-18,2011-11-11,3,456912.2366511381,3928864.74554312,True,
usa_NC_0034_0149,usa_NC_0034,149,60,50,42.588,16.736281497613113,2.366867627761836,6.0,72.9,2009-03-18,2011-11-11,3,456923.0455893547,3928913.6356991744,True,
usa_NC_0034_0150,usa_NC_0034,150,61,55,42.08363636363638,16.3609603498396,2.2061114435256832,0.8,75.7,2009-03-18,2011-11-11,3,456933.2875788852,3928962.628561617,True,
usa_NC_0034_0151,usa_NC_0034,151,61,58,40.070689655172416,16.837104062167043,2.2108200740910986,4.2,73.5,2009-02-06,2011-11-11,3,456943.63524505665,3929011.6020913217,True,
usa_NC_0034_0152,usa_NC_0034,152,61,58,43.26206896551724,16.769529882688673,2.2019471496303713,5.5,71.8,2009-02-06,2011-12-29,3,456955.68510302843,3929060.265116321,True,
usa_NC_0034_0153,usa_NC_0034,153,61,56,46.042857142857144,16.007950946529462,2.1391524252213165,11.3,75.0,2009-02-06,2011-12-29,3,456967.56005655386,3929108.959076176,True,
usa_NC_0034_0154,usa_NC_0034,154,61,59,44.52033898305084,14.839971415310988,1.931999717545893,11.7,73.3,2009-02-06,2011-12-29,3,456978.61135473987,3929157.9054497564,True,
usa_NC_0034_0155,usa_NC_0034,155,61,59,47.31186440677966,15.02640302412279,1.9562710456695045,15.2,75.0,2009-01-21,2011-12-29,3,456989.39273719833,3929206.9114882858,True,
usa_NC_0034_0156,usa_NC_0034,156,61,65,49.49230769230769,14.39896163457095,1.7859713847042031,16.4,78.2,2009-01-21,2011-12-29,3,457000.8284375181,3929255.7951876335,True,
usa_NC_0034_0157,usa_NC_0034,157,61,62,50.512903225806454,14.262348504917664,1.8113200714455204,16.2,81.0,2009-02-06,2011-12-29,3,457011.35672241537,3929304.84528784,True,
usa_NC_0034_0158,usa_NC_0034,158,61,61,52.773770491803276,13.78895574532198,1.7654948711638065,14.8,81.1,2009-02-06,2011-12-29,3,457021.8917858367,3929353.8933331687,True,
usa_NC_0034_0159,usa_NC_0034,159,61,60,53.57500000000001,12.768454573807663,1.6484003973721,18.9,81.6,2009-02-06,2011-12-29,3,457033.4927506995,3929402.7405091524,True,
usa_NC_0034_0161,usa_NC_0034,161,62,56,59.99464285714286,15.216288158571238,2.0333620352785333,30.5,104.3,2009-03-18,2011-12-29,3,457054.48688510916,3929500.8451665626,True,
usa_NC_0034_0162,usa_NC_0034,162,62,53,58.96981132075471,15.724901673969958,2.1599813619741974,21.2,99.8,2009-03-18,2011-12-29,3,457063.66991149815,3929550.1464541857,True,
usa_NC_0034_0163,usa_NC_0034,163,62,52,54.67884615384615,16.296617434885206,2.2599342222345786,16.0,95.9,2009-03-18,2011-12-13,3,457073.6283380183,3929599.301054359,True,
usa_NC_0034_0164,usa_NC_0034,164,62,50,53.57999999999999,16.976141721695836,2.4007889859589993,14.3,93.9,2009-03-18,2011-12-13,3,457081.4257532332,3929648.704285636,True,
usa_NC_0034_0165,usa_NC_0034,165,62,47,54.459574468085115,16.130374528314018,2.352856943430379,18.6,85.7,2009-03-18,2011-11-20,3,457089.93104303797,3929697.9319853517,True,
usa_NC_0034_0166,usa_NC_0034,166,62,52,54.026923076923076,15.507861578537023,2.150553465162045,22.5,83.1,2009-03-18,2011-11-20,3,457096.8138478552,3929747.4693699726,True,
usa_NC_0034_0167,usa_NC_0034,167,62,51,52.05294117647058,15.576230005250649,2.1811084660591984,16.9,79.4,2009-03-18,2011-11-20,3,457102.66823582316,3929797.2022740874,True,
usa_NC_0034_0168,usa_NC_0034,168,62,50,50.135999999999996,15.777454335415534,2.2312689900866833,19.2,83.7,2009-03-18,2011-11-11,3,457110.82219476305,3929846.496474718,True,
usa_NC_0034_0169,usa_NC_0034,169,62,52,49.934615384615384,15.751052060914567,2.184277917235778,15.1,81.8,2009-03-18,2011-11-11,3,457119.39687620365,3929895.710668189,True,
usa_NC_0034_0170,usa_NC_0034,170,62,55,50.77272727272727,15.745927804490991,2.123180472028793,15.4,85.7,2009-02-06,2011-11-11,3,457128.7492096961,3929944.777274288,True,
usa_NC_0034_0171,usa_NC_0034,171,63,58,49.405172413793096,15.681248410893117,2.059048791621568,17.4,86.9,2009-02-06,2011-11-11,3,457136.13872921176,3929994.2250706437,True,
usa_NC_0034_0172,usa_NC_0034,172,63,57,47.49473684210526,14.794127950119645,1.9595301164493817,18.2,85.1,2009-02-06,2011-12-29,3,457144.8543702408,3930043.48964339,True,
usa_NC_0034_0173,usa_NC_0034,173,63,60,44.39166666666667,14.506787326319824,1.8728181907269832,19.1,84.2,2009-02-06,2011-12-29,3,457151.56962897594,3930093.1346419617,True,
usa_NC_0034_0174,usa_NC_0034,174,63,57,42.26842105263158,14.715494238274559,1.9491148268798872,14.8,73.9,2009-02-06,2011-12-29,3,457157.65286663896,3930142.900698963,True,
usa_NC_0034_0175,usa_NC_0034,175,63,60,47.320000000000014,14.616855837568872,1.8870279744272969,17.1,76.3,2009-02-06,2011-12-29,3,457165.9422342403,3930192.246856458,True,
usa_NC_0034_0176,usa_NC_0034,176,63,63,44.52857142857143,15.035446597220854,1.894288216525653,15.1,72.4,2009-02-06,2011-12-29,3,457173.297041073,3930241.7714159316,True,
usa_NC_0034_0177,usa_NC_0034,177,63,61,39.08688524590164,14.85058332647617,1.9014223543054964,4.8,72.4,2009-02-06,2011-12-29,3,457180.6167742423,3930291.3030294087,True,
usa_NC_0034_0178,usa_NC_0034,178,63,63,34.42539682539683,15.477610971084905,1.94999569137598,-3.6,67.0,2009-01-21,2011-12-29,3,457187.6979369473,3930340.8806744386,True,
usa_NC_0034_0179,usa_NC_0034,179,63,62,33.10322580645161,14.878325832818687,1.8895492703181884,-8.3,57.5,2009-01-21,2011-12-29,3,457194.4094359675,3930390.5447763638,True,
usa_NC_0034_0180,usa_NC_0034,180,63,59,30.5406779661017,13.98448794131244,1.82062525570393,2.4,55.0,2009-01-21,2011-12-29,3,457202.3048805637,3930439.9846676816,True,
usa_NC_0034_0181,usa_NC_0034,181,64,57,31.584210526315793,15.214969009330488,2.0152718764600106,2.0,65.8,2009-01-21,2011-12-29,3,457211.55705893144,3930489.164723237,True,
usa_NC_0034_0182,usa_NC_0034,182,64,54,32.69814814814815,15.393596938162931,2.094803211364924,-0.7,61.0,2009-01-21,2011-12-13,3,457221.15679501335,3930538.278088643,True,
usa_NC_0034_0183,usa_NC_0034,183,64,50,34.426,14.486091992821592,2.048642776203259,1.6,63.7,2009-01-21,2011-12-13,3,457230.70821706497,3930587.4007478678,True,
usa_NC_0034_0184,usa_NC_0034,184,64,44,30.259090909090904,13.744501110707546,2.072061505219999,0.5,55.7,2009-03-18,2011-11-20,3,457239.3441803251,3930636.6998976134,True,
usa_NC_0034_0185,usa_NC_0034,185,64,46,25.85,13.895270978126174,2.048745934317294,-6.9,51.9,2009-01-21,2011-11-20,3,457248.16525634174,3930685.963755069,True,
usa_NC_0034_0186,usa_NC_0034,186,64,50,30.749999999999996,13.727274355256757,1.9413297567620489,-1.7,58.6,2009-01-21,2011-11-20,3,457259.061812067,3930734.826973185,True,
usa_NC_0034_0187,usa_NC_0034,187,64,47,29.414893617021278,12.6228395262646,1.8412303801778733,-4.7,58.0,2009-03-18,2011-11-11,3,457268.44440196117,3930783.982449315,True,
usa_NC_0034_0188,usa_NC_0034,188,64,51,30.956862745098043,13.375638375822826,1.8729640028825458,-2.1,59.3,2009-03-18,2011-11-11,3,457279.0910813533,3930832.9040249293,True,
usa_NC_0034_0189,usa_NC_0034,189,64,55,30.229090909090903,13.870347704889936,1.870277302990828,0.8,61.2,2009-03-18,2011-11-11,3,457288.5722104348,3930882.1760035697,True,
usa_NC_0034_0190,usa_NC_0034,190,64,57,31.93157894736842,14.837478582181399,1.9652720479358832,0.6,65.0,2009-02-06,2011-11-11,3,457300.40951675165,3930931.059316661,True,
usa_NC_0034_0191,usa_NC_0034,191,65,58,32.16034482758621,15.330063796976148,2.012935992692912,-2.1,66.0,2009-02-06,2011-12-29,3,457311.3374990218,3930980.1162637677,True,
usa_NC_0034_0192,usa_NC_0034,192,65,56,32.783928571428575,14.084314638319068,1.8820957108612462,3.4,64.8,2009-02-06,2011-12-29,3,457319.17417816585,3931029.783484265,True,
usa_NC_0034_0193,usa_NC_0034,193,65,57,29.735087719298242,13.503617124259577,1.7885977818499426,3.9,61.8,2009-02-06,2011-12-29,3,457328.2095912172,3931079.2158788373,True,
usa_NC_0034_0194,usa_NC_0034,194,65,58,29.217241379310344,13.85044350333084,1.8186523299474915,-2.9,63.2,2009-02-06,2011-12-29,3,457339.3997335545,3931128.2165548895,True,
usa_NC_0034_0195,usa_NC_0034,195,65,63,32.714285714285715,15.311811350074702,1.929106902582563,-4.9,70.9,2009-02-06,2011-12-29,3,457350.36101873766,3931177.259531772,True,
usa_NC_0034_0196,usa_NC_0034,196,65,61,27.50491803278689,14.361736503982938,1.8388319323883526,-8.9,66.4,2009-02-06,2011-12-29,3,457359.54391020146,3931226.661048459,True,
usa_NC_0034_0197,usa_NC_0034,197,65,59,31.676271186440676,13.332619306811484,1.735759188075694,-8.0,64.7,2009-02-06,2011-12-29,3,457370.3879049973,3931275.722757244,True,
usa_NC_0034_0198,usa_NC_0034,198,65,59,33.503389830508475,12.578100373291049,1.6375291898062558,0.7,63.8,2009-02-06,2011-12-29,3,457382.5961665728,3931324.5024873246,True,
usa_NC_0034_0199,usa_NC_0034,199,65,57,35.96842105263158,12.948237026918497,1.715035890910123,5.3,66.0,2009-02-06,2011-12-29,3,457393.7680603684,3931373.4932061383,True,
usa_NC_0034_0200,usa_NC_0034,200,65,56,34.778571428571425,13.614480449950262,1.8193114765230647,3.1,66.0,2009-02-06,2011-12-29,3,457405.00818993064,3931422.468236383,True,
usa_NC_0034_0201,usa_NC_0034,201,66,55,35.80727272727272,14.017896689925617,1.8901728040743575,3.4,68.1,2009-03-18,2011-12-29,3,457416.6054785484,3931471.3665962922,True,
usa_NC_0034_0202,usa_NC_0034,202,66,52,37.30384615384615,14.151920281790094,1.9625182393181912,3.1,68.7,2009-03-18,2011-12-13,3,457426.8947839462,3931520.5389875122,True,
usa_NC_0034_0203,usa_NC_0034,203,66,49,39.173469387755105,14.75997932911555,2.1085684755879357,2.9,70.1,2009-03-18,2011-11-20,3,457437.1573882767,3931569.717913276,True,
usa_NC_0034_0204,usa_NC_0034,204,66,47,36.96382978723404,15.691030746367213,2.2887720664120557,2.4,63.4,2009-03-18,2011-11-20,3,457446.9243087964,3931618.8987962,True,
usa_NC_0034_0205,usa_NC_0034,205,66,52,30.23269230769231,16.578035565095966,2.29895989524689,-6.0,62.2,2009-03-18,2011-11-20,3,457456.9443829777,3931668.0148104113,True,
usa_NC_0034_0206,usa_NC_0034,206,66,49,29.322448979591837,17.104656594357113,2.443522370622445,-7.1,63.3,2009-03-18,2011-11-20,3,457468.42045971524,3931716.8187845876,True,
usa_NC_0034_0207,usa_NC_0034,207,66,52,36.6576923076923,16.743150149332024,2.321857168315737,1.6,84.2,2009-03-18,2011-11-11,3,457478.45137956244,3931765.8706510453,True,
usa_NC_0034_0208,usa_NC_0034,208,66,54,31.933333333333334,16.084951363848088,2.1888846321617876,-6.4,75.8,2009-03-18,2011-11-11,3,457490.76310997875,3931814.339218168,True,
usa_NC_0034_0209,usa_NC_0034,209,66,56,36.53928571428571,16.65213803986447,2.2252355465156515,-10.5,77.7,2009-02-06,2011-11-11,3,457503.6489287898,3931862.6848976547,True,
usa_NC_0034_0210,usa_NC_0034,210,66,57,36.13508771929825,15.7581780494636,2.0872216714906657,-12.6,71.7,2009-02-06,2011-11-11,3,457515.8860882577,3931911.1705520214,True,
usa_NC_0034_0211,usa_NC_0034,211,66,57,36.41228070175438,14.613228720378164,1.9355694281333082,5.8,70.0,2009-02-06,2011-12-29,3,457529.8350712356,3931959.2892708527,True,
usa_NC_0034_0212,usa_NC_0034,212,67,55,32.72545454545455,14.887979468683206,2.0074947420283578,2.0,68.9,2009-02-06,2011-12-29,3,457541.3779756259,3932007.92502563,True,
usa_NC_0034_0213,usa_NC_0034,213,67,57,29.43859649122807,15.906341439658194,2.1068463919351847,-3.9,65.2,2009-02-06,2011-12-29,3,457554.12911392876,3932056.300963463,True,
usa_NC_0034_0214,usa_NC_0034,214,67,60,44.62833333333333,14.887329291929015,1.921945947238231,5.2,75.1,2009-02-06,2011-12-29,3,457568.70107683784,3932104.283319803,True,
usa_NC_0034_0215,usa_NC_0034,215,67,63,37.901587301587305,16.648534683786902,2.0975182127111194,0.8,67.6,2009-02-06,2011-12-29,3,457581.51061252714,3932152.643892511,True,
usa_NC_0034_0216,usa_NC_0034,216,67,60,38.318333333333335,15.304662983533744,1.9758234951514435,-0.1,71.8,2009-02-06,2011-12-29,3,457595.5115086639,3932200.7500905716,True,
usa_NC_0034_0217,usa_NC_0034,217,67,58,40.89655172413792,14.316889370045427,1.8798996728279453,3.9,75.3,2009-02-06,2011-12-29,3,457610.2840069417,3932248.6921211947,True,
usa_NC_0034_0218,usa_NC_0034,218,67,58,39.84827586206896,12.898323587240379,1.6936328601109545,6.7,61.1,2009-02-06,2011-12-29,3,457624.27485954115,3932296.8021695316,True,
usa_NC_0034_0219,usa_NC_0034,219,67,58,46.65344827586206,15.189957618841138,1.9945391502203949,12.5,83.8,2009-02-06,2011-12-29,3,457638.75238151755,3932344.809116266,True,
usa_NC_0034_0220,usa_NC_0034,220,67,54,44.296296296296305,15.70331010608625,2.136949835144538,6.1,83.1,2009-03-18,2011-12-29,3,457651.91002780077,3932393.0986073758,True,
usa_NC_0034_0221,usa_NC_0034,221,67,51,49.46274509803921,15.271895243018315,2.138493075416065,13.7,83.6,2009-01-21,2011-12-13,3,457667.1359540951,3932440.9408834022,True,
usa_NC_0034_0222,usa_NC_0034,222,68,52,61.22115384615385,16.38933580271936,2.2727919464424002,26.8,95.2,2009-01-21,2011-12-13,3,457680.4516571896,3932489.134948135,True,
usa_NC_0034_0223,usa_NC_0034,223,68,46,57.16304347826087,16.51250514267767,2.4346360592541947,20.3,95.2,2009-03-18,2011-11-20,3,457695.0296658841,3932537.0637522545,True,
usa_NC_0034_0224,usa_NC_0034,224,68,48,59.133333333333326,18.668785340757733,2.694607060482454,-1.3,99.2,2009-03-18,2011-11-20,3,457706.5491751047,3932585.5733850733,True,
usa_NC_0034_0225,usa_NC_0034,225,68,48,62.97083333333334,18.180781978048508,2.624169842276051,20.0,99.4,2009-03-18,2011-11-20,3,457717.22455388174,3932634.228357449,True,
usa_NC_0034_0226,usa_NC_0034,226,68,47,70.10212765957448,18.21195843826967,2.6564871627582143,28.7,113.0,2009-03-18,2011-11-11,3,457730.9205873614,3932682.252348189,True,
usa_NC_0034_0227,usa_NC_0034,227,68,51,72.38431372549019,17.61310162974165,2.4663275430088514,27.0,111.2,2009-03-18,2011-11-11,3,457742.4415654197,3932730.7334908587,True,
usa_NC_0034_0228,usa_NC_0034,228,68,53,64.49056603773585,17.02890375611355,2.339099823367706,25.0,101.5,2009-03-18,2011-11-11,3,457754.4367621062,3932779.1178916614,True,
usa_NC_0034_0229,usa_NC_0034,229,68,56,71.78928571428573,17.061713423190092,2.279967359317833,27.9,109.0,2009-02-06,2011-11-11,3,457766.6433860147,3932827.461116246,True,
usa_NC_0034_0230,usa_NC_0034,230,68,57,71.27894736842106,15.652005084266193,2.073158718705715,31.9,104.3,2009-02-06,2011-12-29,3,457777.85965309525,3932876.0085174595,True,
usa_NC_0034_0231,usa_NC_0034,231,68,54,66.92777777777779,16.105951281022385,2.1917423589238845,23.1,100.7,2009-02-06,2011-12-29,3,457787.0463679592,3932924.9665298653,True,
usa_NC_0034_0232,usa_NC_0034,232,69,55,68.80727272727273,17.090866680941723,2.304531993133703,27.5,97.9,2009-02-06,2011-12-29,3,457793.5837721438,3932974.4581460385,True,
usa_NC_0034_0233,usa_NC_0034,233,69,55,58.778181818181814,16.36162731774711,2.206201377459985,10.3,86.8,2009-02-06,2011-12-29,3,457798.91755332134,3933024.1910276194,True,
usa_NC_0034_0234,usa_NC_0034,234,69,61,60.03934426229508,15.008089803930464,1.9215889922479652,15.0,88.4,2009-02-06,2011-12-29,3,457805.4784588684,3933073.67063712,True,
usa_NC_0034_0235,usa_NC_0034,235,69,59,50.638983050847465,15.096928403613953,1.9654526680219684,10.9,79.5,2009-02-06,2011-12-29,3,457811.5570929916,3933123.238704574,True,
usa_NC_0034_0236,usa_NC_0034,236,69,60,52.75833333333333,13.915109354999046,1.7964328930855444,17.9,80.7,2009-02-06,2011-12-29,3,457818.6175456249,3933172.606494083,True,
usa_NC_0034_0237,usa_NC_0034,237,69,58,55.08275862068965,13.027691666263836,1.7106197210934393,25.2,83.6,2009-02-06,2011-12-29,3,457827.7243562726,3933221.570407081,True,
usa_NC_0034_0238,usa_NC_0034,238,69,57,46.029824561403515,11.955079089663116,1.5834889085530504,22.2,71.0,2009-02-06,2011-12-29,3,457835.610075251,3933270.7613000446,True,
usa_NC_0034_0239,usa_NC_0034,239,69,53,40.13962264150943,12.668485120150613,1.7401502604794636,6.1,62.6,2009-02-06,2011-12-29,3,457840.8588165427,3933320.421499047,True,
usa_NC_0034_0240,usa_NC_0034,240,69,51,51.84901960784314,13.238887756137517,1.8538150859601632,16.3,76.0,2009-03-18,2011-12-29,3,457846.8151886303,3933369.9350195606,True,
usa_NC_0034_0241,usa_NC_0034,241,69,50,42.378000000000014,12.62810745754025,1.7858840833558243,8.6,66.3,2009-03-18,2011-11-20,3,457855.312242275,3933418.958799729,True,
usa_NC_0034_0243,usa_NC_0034,243,70,46,39.802173913043475,13.0328386799642,1.921587229225129,9.0,63.3,2009-03-18,2011-11-20,3,457868.53629457793,3933517.7007603855,True,
usa_NC_0034_0244,usa_NC_0034,244,70,51,41.2313725490196,13.31164137431712,1.8640026302179507,8.5,64.2,2009-03-18,2011-11-20,3,457875.30192933907,3933567.031712279,True,
usa_NC_0034_0245,usa_NC_0034,245,70,46,32.42391304347826,14.180223862558394,2.0907599450099608,1.5,57.6,2009-03-18,2011-11-20,3,457881.2603844758,3933616.5029514944,True,
usa_NC_0034_0246,usa_NC_0034,246,70,45,48.339999999999996,15.126067205024217,2.254860966844293,17.4,79.0,2009-03-18,2011-11-11,3,457891.44092152023,3933665.1552737113,True,
usa_NC_0034_0247,usa_NC_0034,247,70,49,32.453061224489794,15.851644263304047,2.2645206090434353,-3.2,62.3,2009-03-18,2011-11-11,3,457896.72221872315,3933714.573294391,True,
usa_NC_0034_0248,usa_NC_0034,248,70,54,31.11666666666667,15.674468484262903,2.1330249875433425,-9.3,59.5,2009-02-06,2011-11-11,3,457902.9659339243,3933763.8030221947,True,
usa_NC_0034_0249,usa_NC_0034,249,70,55,29.001818181818184,14.68536044664248,1.9801735986698992,-0.1,57.7,2009-02-06,2011-12-29,3,457910.9437803043,3933812.7138349395,True,
usa_NC_0034_0250,usa_NC_0034,250,70,54,29.60555555555555,14.827974793544378,2.017831786835248,1.9,58.7,2009-02-06,2011-12-29,3,457918.9236259719,3933861.623643799,True,
usa_NC_0035_0001,usa_NC_0035,1,70,57,35.70526315789474,15.470183546014198,2.0490758676431042,6.8,72.7,2009-02-06,2011-12-29,3,457926.9206998574,3933910.5326091642,True,
usa_NC_0035_0002,usa_NC_0035,2,70,54,35.83148148148148,16.98377498844533,2.3111990348852403,7.4,81.3,2009-02-06,2011-12-29,3,457936.1249072133,3933959.2421763916,True,
usa_NC_0035_0003,usa_NC_0035,3,71,57,31.457894736842103,17.66087228237711,2.339239679200165,-2.4,76.3,2009-02-06,2011-12-29,3,457947.9472325225,3934007.528658679,True,
usa_NC_0035_0004,usa_NC_0035,4,71,59,43.40169491525423,17.502891303275696,2.278682357789196,7.8,82.5,2009-02-06,2011-12-29,3,457957.7117364234,3934056.169177775,True,
usa_NC_0035_0005,usa_NC_0035,5,71,55,38.60363636363636,16.261383063090886,2.192684444919594,2.3,76.7,2009-02-06,2011-12-29,3,457966.2964977937,3934105.0166113065,True,
usa_NC_0035_0006,usa_NC_0035,6,71,58,40.39827586206897,13.879854028497187,1.8225141210956155,7.2,72.8,2009-02-06,2011-12-29,3,457975.30139543005,3934153.8068167055,True,
usa_NC_0035_0007,usa_NC_0035,7,71,56,43.292857142857144,14.101655056222135,1.8844129216732732,11.1,76.0,2009-02-06,2011-12-29,3,457983.94679375814,3934202.7162987,True,
usa_NC_0035_0008,usa_NC_0035,8,71,55,40.12181818181818,14.537177000763082,1.9601925469036552,7.2,75.4,2009-02-06,2011-12-29,3,457991.56557440857,3934251.8723654677,True,
usa_NC_0035_0009,usa_NC_0035,9,71,55,37.92727272727273,14.584408906945221,1.9665612958340302,7.6,67.1,2009-03-18,2011-12-29,3,457998.8383544919,3934301.081386007,True,
usa_NC_0035_0010,usa_NC_0035,10,71,52,34.675000000000004,14.274821862835497,1.9795616220987602,5.2,63.3,2009-03-18,2011-12-13,3,458004.3365900623,3934350.557878046,True,
usa_NC_0035_0011,usa_NC_0035,11,71,50,38.674,13.981968125162538,1.9773488951273177,10.1,67.9,2009-03-18,2011-12-13,3,458012.4063377687,3934399.6431182404,True,
usa_NC_0035_0012,usa_NC_0035,12,71,46,33.436956521739134,14.992922162668805,2.2105857721419993,2.3,63.1,2009-03-18,2011-11-20,3,458018.597692976,3934449.008348307,True,
usa_NC_0035_0013,usa_NC_0035,13,72,47,30.63617021276595,13.956647559526342,2.0357862776094207,1.7,60.1,2009-03-18,2011-11-20,3,458024.87608885794,3934498.356697931,True,
usa_NC_0035_0014,usa_NC_0035,14,72,50,36.396,12.836919968813168,1.815414631899359,5.8,61.6,2009-03-18,2011-11-20,3,458029.67795080727,3934547.9157998557,True,
usa_NC_0035_0015,usa_NC_0035,15,72,49,28.779591836734696,14.168391751710281,2.02405596453004,-2.2,64.2,2009-03-18,2011-11-03,3,458036.88398437185,3934597.1208661366,True,
usa_NC_0035_0016,usa_NC_0035,16,72,48,27.150000000000002,15.001404189594203,2.1652661867711482,-0.4,60.2,2009-03-18,2011-11-03,3,458042.5842005094,3934646.5392329646,True,
usa_NC_0035_0017,usa_NC_0035,17,72,51,26.005882352941175,15.965154703474765,2.235568816970182,-3.8,59.6,2009-03-18,2011-11-03,3,458049.69367796805,3934695.753504832,True,
usa_NC_0035_0018,usa_NC_0035,18,72,53,23.318867924528302,15.300113833208682,2.101632264608683,-6.0,60.4,2009-02-06,2011-11-03,3,458055.03161250165,3934745.152310218,True,
usa_NC_0035_0019,usa_NC_0035,19,72,54,38.983333333333334,14.892694802840955,2.0266390645532923,8.9,70.6,2009-02-06,2011-12-29,3,458062.2577382396,3934794.1870284467,True,
usa_NC_0035_0020,usa_NC_0035,20,72,54,29.383333333333333,14.962604328855548,2.036152546047491,1.9,60.6,2009-02-06,2011-12-29,3,458067.64625362545,3934843.4673263635,True,
usa_NC_0035_0021,usa_NC_0035,21,72,55,25.241818181818182,14.567527191834875,1.9642849658329224,-0.3,56.2,2009-02-06,2011-12-29,3,458073.950117239,3934892.616838944,True,
usa_NC_0035_0022,usa_NC_0035,22,72,54,30.159259259259258,13.874430377816415,1.88807082763448,6.4,63.8,2009-02-06,2011-12-29,3,458080.0760132179,3934941.7903969553,True,
usa_NC_0035_0023,usa_NC_0035,23,73,58,27.68103448275862,14.539618674221567,1.9091454632526423,1.1,56.4,2009-02-06,2011-12-29,3,458087.861027291,3934990.755361015,True,
usa_NC_0035_0024,usa_NC_0035,24,73,59,28.096610169491523,14.242347807491221,1.8541957508674067,1.2,57.4,2009-02-06,2011-12-29,3,458093.4866374452,3935040.088555158,True,
usa_NC_0035_0025,usa_NC_0035,25,73,54,31.88888888888889,14.00857778549725,1.9063259775864334,4.5,60.7,2009-02-06,2011-12-29,3,458100.8504577775,3935089.247123359,True,
usa_NC_0035_0026,usa_NC_0035,26,73,53,31.55283018867925,14.998148652078374,2.0601541570357558,2.6,60.3,2009-02-06,2011-12-29,3,458108.14369807794,3935138.420442386,True,
usa_NC_0035_0027,usa_NC_0035,27,73,55,27.57636363636364,14.37909959109071,1.9388773933317236,-6.7,57.6,2009-02-06,2011-12-29,3,458115.0425223821,3935187.6472872924,True,
usa_NC_0035_0028,usa_NC_0035,28,73,55,28.10181818181818,15.184793696193559,2.0475171643012806,-13.5,57.7,2009-02-06,2011-12-29,3,458120.68918525585,3935237.0280036763,True,
usa_NC_0035_0029,usa_NC_0035,29,73,51,25.933333333333337,16.321233613506873,2.2854298375762183,-18.4,58.8,2009-03-18,2011-12-29,3,458125.6482952349,3935286.4393286523,True,
usa_NC_0035_0030,usa_NC_0035,30,73,50,25.28,15.644416099747565,2.2124545423671003,-17.3,57.1,2009-03-18,2011-12-13,3,458132.68163683923,3935335.555808715,True,
usa_NC_0035_0031,usa_NC_0035,31,73,46,27.10217391304348,14.087496254645027,2.0770880051096494,-13.2,51.8,2009-03-18,2011-12-13,3,458141.42979408125,3935384.484965712,True,
usa_NC_0035_0032,usa_NC_0035,32,73,44,24.44090909090909,13.445571903251153,2.026996231583128,-16.3,49.6,2009-03-18,2011-11-20,3,458148.39560565964,3935433.6251050453,True,
usa_NC_0035_0034,usa_NC_0035,34,74,47,31.69787234042553,14.45777193372812,2.1088827801917507,-3.6,60.2,2009-03-18,2011-11-20,3,458161.9899118989,3935531.958574158,True,
usa_NC_0035_0035,usa_NC_0035,35,74,47,33.297872340425535,16.120719713161236,2.351448643900205,-0.3,62.7,2009-03-18,2011-11-11,3,458170.3019631345,3935580.9750345005,True,
usa_NC_0035_0036,usa_NC_0035,36,74,51,40.770588235294106,15.804193040046647,2.2130296758111405,3.2,67.3,2009-03-18,2011-11-11,3,458179.2335839569,3935629.939941977,True,
usa_NC_0035_0037,usa_NC_0035,37,74,54,39.98888888888889,15.961447263394957,2.1720778528700317,0.7,70.2,2009-02-06,2011-11-11,3,458183.2460613129,3935679.4101993693,True,
usa_NC_0035_0038,usa_NC_0035,38,74,55,50.68363636363637,15.707461822406474,2.117993720062614,10.0,79.0,2009-02-06,2011-11-11,3,458188.0446106215,3935728.7965532034,True,
usa_NC_0035_0039,usa_NC_0035,39,74,55,52.538181818181826,15.639308155924276,2.1088038815488814,15.8,80.6,2009-02-06,2011-12-29,3,458192.21262845374,3935778.2393778125,True,
usa_NC_0035_0040,usa_NC_0035,40,74,55,46.79636363636364,15.452076015819143,2.0835575049273656,11.9,80.3,2009-02-06,2011-12-29,3,458195.6480285097,3935827.7440586505,True,
usa_NC_0035_0041,usa_NC_0035,41,74,54,54.544444444444444,16.00644524271945,2.1782013022478828,21.9,90.9,2009-02-06,2011-12-29,3,458197.1167013844,3935877.4182178187,True,
usa_NC_0035_0042,usa_NC_0035,42,74,58,47.0344827586207,16.776147977287213,2.2028161480244335,17.0,84.0,2009-02-06,2011-12-29,3,458200.4385428425,3935926.909395938,True,
usa_NC_0035_0043,usa_NC_0035,43,74,59,47.21864406779662,16.22629278178147,2.112483386516133,19.2,81.3,2009-02-06,2011-12-29,3,458200.6686379381,3935976.664061813,True,
usa_NC_0035_0044,usa_NC_0035,44,75,57,48.64385964912281,16.74710014923543,2.218207603467115,19.6,85.0,2009-02-06,2011-12-29,3,458201.39429754845,3936026.368154868,True,
usa_NC_0035_0045,usa_NC_0035,45,75,56,45.339285714285715,17.805920144934724,2.379416165664355,12.3,85.9,2009-02-06,2011-12-29,3,458203.7142696049,3936075.941513912,True,
usa_NC_0035_0046,usa_NC_0035,46,75,55,47.941818181818185,16.487365430996512,2.223155901191812,19.9,86.6,2009-02-06,2011-12-29,3,458203.17316631664,3936125.7978352145,True,
usa_NC_0035_0047,usa_NC_0035,47,75,56,49.396428571428565,15.153001074323251,2.0249049429119665,23.1,81.5,2009-02-06,2011-12-29,3,458202.2899303032,3936175.7898801765,True,
usa_NC_0035_0048,usa_NC_0035,48,75,55,45.80181818181818,13.169654947940415,1.7757959109179566,21.7,82.9,2009-02-06,2011-12-29,3,458201.39425062115,3936225.772138422,True,
usa_NC_0035_0049,usa_NC_0035,49,75,53,46.879245283018875,13.11860625938134,1.8019791540094225,17.4,79.4,2009-03-18,2011-12-29,3,458202.9090178916,3936275.5579275982,True,
usa_NC_0035_0050,usa_NC_0035,50,75,50,50.842000000000006,14.695301067667438,2.0782294073051113,17.2,84.8,2009-03-18,2011-12-13,3,458205.92296698195,3936325.2249952545,True,
usa_NC_0035_0051,usa_NC_0035,51,75,47,54.585106382978736,16.139594557746385,2.3542018229451416,21.2,93.0,2009-03-18,2011-11-20,3,458209.20381443953,3936374.870681711,True,
usa_NC_0035_0052,usa_NC_0035,52,75,47,61.15744680851064,16.923867179106026,2.468599742191797,27.1,98.6,2009-03-18,2011-11-20,3,458212.0195139409,3936424.5497352644,True,
usa_NC_0035_0053,usa_NC_0035,53,75,52,61.540384615384625,17.35315148656973,2.4064491336815887,27.6,104.4,2009-03-18,2011-11-20,3,458216.86646306387,3936474.0800917293,True,
usa_NC_0035_0054,usa_NC_0035,54,76,49,59.65714285714285,17.375857292999004,2.4822653275712865,27.8,94.9,2009-03-18,2011-11-11,3,458218.40932111087,3936523.839900516,True,
usa_NC_0035_0055,usa_NC_0035,55,76,48,55.54374999999999,15.258996735794224,2.202446468243604,28.7,94.2,2009-03-18,2011-11-11,3,458219.35550068156,3936573.6210189248,True,
usa_NC_0035_0056,usa_NC_0035,56,76,51,48.75882352941177,13.718034501641817,1.920909050465814,23.9,84.2,2009-03-18,2011-11-11,3,458218.5002653813,3936623.51758293,True,
usa_NC_0035_0057,usa_NC_0035,57,76,53,47.7811320754717,13.492890672267341,1.853391072040648,22.8,81.5,2009-02-06,2011-11-11,3,458219.0484354129,3936673.311965254,True,
usa_NC_0035_0058,usa_NC_0035,58,76,54,50.20185185185184,13.636085460813858,1.855636192665465,20.7,77.2,2009-02-06,2011-11-11,3,458222.2916501239,3936722.9241088894,True,
usa_NC_0035_0059,usa_NC_0035,59,76,55,55.38545454545455,13.177793022969704,1.7768932487310491,32.0,86.3,2009-02-06,2011-12-29,3,458223.1499695678,3936772.6933936165,True,
usa_NC_0035_0060,usa_NC_0035,60,76,56,56.767857142857146,14.77870835963755,1.97488797502913,19.2,83.6,2009-02-06,2011-12-29,3,458222.970081571,3936822.525241909,True,
usa_NC_0035_0061,usa_NC_0035,61,76,54,61.727777777777774,15.195275043506083,2.0678150198798533,24.9,93.7,2009-02-06,2011-12-29,3,458222.9367129612,3936872.341937971,True,
usa_NC_0035_0062,usa_NC_0035,62,76,58,62.80689655172414,15.500128602397629,2.0352665956477893,27.4,101.4,2009-02-06,2011-12-29,3,458224.58947863185,3936922.0500814724,True,
usa_NC_0035_0063,usa_NC_0035,63,76,59,64.0271186440678,15.18810594657219,1.9773229730456086,31.6,99.4,2009-02-06,2011-12-29,3,458224.8873375777,3936971.8377989605,True,
usa_NC_0035_0064,usa_NC_0035,64,77,58,63.73275862068966,14.504559330752187,1.9045419459232742,33.3,101.9,2009-02-06,2011-12-29,3,458223.9737401097,3937021.691600249,True,
usa_NC_0035_0065,usa_NC_0035,65,77,56,48.535714285714285,13.25187367296247,1.7708561077512552,14.3,87.1,2009-02-06,2011-12-29,3,458222.73644274333,3937071.556070805,True,
usa_NC_0035_0066,usa_NC_0035,66,77,56,42.06964285714286,13.383625268389551,1.7884621552601478,16.5,81.2,2009-02-06,2011-12-29,3,458221.7886076828,3937121.177302153,True,
usa_NC_0035_0067,usa_NC_0035,67,77,57,38.69824561403509,14.108754769747831,1.8687502210426774,10.8,79.7,2009-02-06,2011-12-29,3,458220.211110773,3937170.671347293,True,
usa_NC_0035_0068,usa_NC_0035,68,77,51,28.75098039215686,13.574393136328704,1.9007952361567595,1.4,66.2,2009-03-18,2011-12-29,3,458216.37667168543,3937220.333156096,True,
usa_NC_0035_0069,usa_NC_0035,69,77,51,32.22352941176471,14.262280157608657,1.9971186857527266,2.0,69.8,2009-03-18,2011-12-29,3,458215.5394798007,3937269.9472102635,True,
usa_NC_0035_0070,usa_NC_0035,70,77,49,26.802040816326524,13.987069769908897,1.9981528242726996,-5.2,69.3,2009-03-18,2011-12-13,3,458214.19615424733,3937319.571879907,True,
usa_NC_0035_0071,usa_NC_0035,71,77,48,27.26875,14.238532619979237,2.05515516025257,-4.7,73.9,2009-03-18,2011-12-13,3,458211.1039756888,3937369.257627461,True,
usa_NC_0035_0072,usa_NC_0035,72,77,47,23.623404255319148,13.487292131064603,1.9673237520273585,-5.7,63.2,2009-03-18,2011-11-20,3,458208.1890433905,3937418.9135131994,True,
usa_NC_0035_0073,usa_NC_0035,73,77,52,29.6423076923077,13.919211524798973,1.9302473410266152,-9.2,58.8,2009-03-18,2011-11-20,3,458206.4688138623,3937468.5000939867,True,
usa_NC_0035_0074,usa_NC_0035,74,78,48,25.570833333333336,15.349294229160288,2.2154797887691156,-17.5,62.7,2009-03-18,2011-11-11,3,458206.075973791,3937517.8408080884,True,
usa_NC_0035_0075,usa_NC_0035,75,78,49,31.236734693877548,15.90815689457182,2.2725938420816885,-10.1,67.6,2009-03-18,2011-11-11,3,458206.5481157013,3937567.4961170186,True,
usa_NC_0035_0076,usa_NC_0035,76,78,53,28.509433962264144,15.733688307271214,2.1611882988796682,-14.4,64.2,2009-03-18,2011-11-11,3,458208.5687606391,3937616.912046912,True,
usa_NC_0035_0077,usa_NC_0035,77,78,54,27.92222222222222,15.119894013138898,2.0575569609529176,-10.7,60.6,2009-02-06,2011-11-11,3,458209.74188933655,3937666.3528926275,True,
usa_NC_0035_0078,usa_NC_0035,78,78,57,41.69298245614035,14.969419537953305,1.982748054450081,6.5,72.9,2009-02-06,2011-12-29,3,458213.08443473256,3937715.7233789023,True,
usa_NC_0035_0079,usa_NC_0035,79,78,57,33.17368421052631,13.175186720224573,1.7450961121311117,3.4,64.0,2009-02-06,2011-12-29,3,458215.98263426725,3937765.1832409366,True,
usa_NC_0035_0080,usa_NC_0035,80,78,56,47.35178571428571,12.263219080151517,1.6387415806027166,16.5,73.1,2009-02-06,2011-12-29,3,458218.3123405595,3937814.7381100412,True,
usa_NC_0035_0081,usa_NC_0035,81,78,55,49.63454545454545,12.727459642687107,1.7161703081212223,20.6,77.9,2009-02-06,2011-12-29,3,458220.40958978387,3937864.2981997468,True,
usa_NC_0035_0082,usa_NC_0035,82,78,58,61.24137931034482,12.944863297208824,1.6997438234132372,28.0,85.7,2009-02-06,2011-12-29,3,458222.94506278454,3937913.8464899384,True,
usa_NC_0035_0083,usa_NC_0035,83,78,60,62.605000000000004,14.492165329315126,1.8709304990307336,23.2,86.8,2009-02-06,2011-12-29,3,458221.8764108971,3937963.475786466,True,
usa_NC_0035_0084,usa_NC_0035,84,79,58,28.256896551724143,15.522107743348784,2.0381525982434066,-0.5,56.5,2009-02-06,2011-12-29,3,458225.5995734493,3938012.993766008,True,
usa_NC_0035_0085,usa_NC_0035,85,79,56,60.04821428571428,15.05334745099971,2.011588167346705,33.2,90.8,2009-02-06,2011-12-29,3,458223.99313089333,3938062.6197940777,True,
usa_NC_0035_0086,usa_NC_0035,86,79,55,60.57636363636363,12.005029249140849,1.6187578137275918,37.0,82.8,2009-02-06,2011-12-29,3,458219.15965112566,3938112.292780079,True,
usa_NC_0035_0087,usa_NC_0035,87,79,58,55.732758620689665,11.400036748648594,1.4968981599347964,30.8,83.8,2009-02-06,2011-12-29,3,458213.9442750251,3938161.9511504504,True,
usa_NC_0035_0088,usa_NC_0035,88,79,53,75.40754716981132,11.3615554368602,1.560629662141411,52.6,105.7,2009-02-06,2011-12-29,3,458204.9407473123,3938211.6456781435,True,
usa_NC_0035_0089,usa_NC_0035,89,79,53,51.97924528301886,12.252368036276561,1.68299218316984,29.4,82.1,2009-03-18,2011-12-29,3,458198.168227311,3938261.276169971,True,
usa_NC_0035_0090,usa_NC_0035,90,79,49,46.6,12.83296536268995,1.8332807660985644,20.9,78.4,2009-03-18,2011-12-13,3,458188.57954216894,3938310.9154243907,True,
usa_NC_0036_0001,usa_NC_0036,1,79,48,50.29583333333333,12.569584334997316,1.814263224853101,23.4,76.6,2009-03-18,2011-12-13,3,458175.8577537602,3938360.558222795,True,
usa_NC_0036_0002,usa_NC_0036,2,79,46,43.408695652173904,11.900771703959304,1.754673059784608,20.3,65.2,2009-03-18,2011-11-20,3,458166.4176702841,3938410.1367288264,True,
usa_NC_0036_0003,usa_NC_0036,3,79,52,39.15769230769231,12.40506452795328,1.7202729319605785,-1.3,62.8,2009-03-18,2011-11-20,3,458157.87743080396,3938459.684693206,True,
usa_NC_0036_0004,usa_NC_0036,4,80,49,41.46326530612245,14.644846845073056,2.0921209778675793,0.8,73.4,2009-03-18,2011-11-20,3,458150.4638256524,3938509.3080099495,True,
usa_NC_0036_0005,usa_NC_0036,5,80,49,33.38979591836735,17.030184537289948,2.4328835053271356,-13.6,66.8,2009-03-18,2011-11-11,3,458145.7069292579,3938558.964181868,True,
usa_NC_0036_0006,usa_NC_0036,6,80,52,52.034615384615385,18.377393237402078,2.5484859087237828,-0.8,90.3,2009-03-18,2011-11-11,3,458139.796581,3938608.5960696414,True,
usa_NC_0036_0007,usa_NC_0036,7,80,52,38.44038461538462,18.94365494286328,2.627012278507323,-13.1,83.7,2009-03-18,2011-11-11,3,458131.5731328644,3938658.2280719876,True,
usa_NC_0036_0008,usa_NC_0036,8,80,56,43.473214285714285,18.638235295624558,2.4906389560823006,-6.7,86.4,2009-02-06,2011-11-11,3,458125.7935423518,3938707.8383391,True,
usa_NC_0036_0009,usa_NC_0036,9,80,54,42.69074074074074,17.85095810037455,2.429207709206653,2.6,82.3,2009-02-06,2011-12-29,3,458118.1030079539,3938757.4434109563,True,
usa_NC_0036_0010,usa_NC_0036,10,80,53,40.473584905660374,15.415378821456141,2.117465128397893,3.7,76.8,2009-02-06,2011-12-29,3,458108.480177795,3938807.0374150625,True,
usa_NC_0036_0011,usa_NC_0036,11,80,52,47.4076923076923,14.40898203196835,1.998166290134661,19.6,80.3,2009-02-06,2011-12-29,3,458101.6489490044,3938856.614341284,True,
usa_NC_0036_0012,usa_NC_0036,12,80,53,36.37358490566038,15.49681295948642,2.128650967522407,8.4,70.7,2009-02-06,2011-12-29,3,458096.65481411223,3938906.181818708,True,
usa_NC_0036_0013,usa_NC_0036,13,80,57,35.40877192982456,15.199204404716086,2.0131838035691993,2.3,66.1,2009-02-06,2011-12-29,3,458091.00605505006,3938955.7404357768,True,
usa_NC_0036_0014,usa_NC_0036,14,81,55,36.263636363636365,16.645957841407398,2.244540497449159,2.3,70.6,2009-02-06,2011-12-29,3,458083.05375394714,3939005.2831013636,True,
usa_NC_0036_0015,usa_NC_0036,15,81,52,40.353846153846156,16.381247786255198,2.2716703403624647,-0.9,78.7,2009-02-06,2011-12-29,3,458078.7797690045,3939054.2329296665,True,
usa_NC_0036_0016,usa_NC_0036,16,81,53,33.45660377358491,16.811997884225903,2.309305510481437,-2.0,71.9,2009-02-06,2011-12-29,3,458072.4893898298,3939103.0034038234,True,
usa_NC_0036_0017,usa_NC_0036,17,81,53,19.02452830188679,18.410729581293886,2.5289081979933394,-30.7,54.2,2009-02-06,2011-12-29,3,458068.2887013862,3939151.769116389,True,
usa_NC_0036_0018,usa_NC_0036,18,81,54,39.7037037037037,17.318677484073213,2.356773491989295,-0.7,74.1,2009-02-06,2011-12-29,3,458064.3076220145,3939200.5215992676,True,
usa_NC_0036_0019,usa_NC_0036,19,81,51,38.15882352941176,16.05357500958074,2.2479501363365677,-0.5,74.5,2009-03-18,2011-12-29,3,458061.7286222413,3939249.2824648567,True,
usa_NC_0036_0020,usa_NC_0036,20,81,51,24.252941176470586,15.790165964183865,2.21106549231436,-17.3,63.0,2009-03-18,2011-12-29,3,458060.160728009,3939298.4652011106,True,
usa_NC_0036_0021,usa_NC_0036,21,81,48,33.956250000000004,15.046819219257646,2.1718212816715092,-5.1,67.9,2009-03-18,2011-12-13,3,458057.07745743886,3939348.8879312524,True,
usa_NC_0036_0022,usa_NC_0036,22,81,45,68.1911111111111,15.480072560057542,2.3076329693945237,26.6,106.6,2009-03-18,2011-11-20,3,458051.7342528695,3939399.2776110694,True,
usa_NC_0036_0023,usa_NC_0036,23,81,49,46.32857142857143,15.483041798475302,2.2118631140679,12.8,83.3,2009-03-18,2011-11-20,3,458044.9924463772,3939449.654824111,True,
usa_NC_0036_0024,usa_NC_0036,24,82,49,8.940816326530612,17.601443103328997,2.5144918719041423,-39.2,49.9,2009-03-18,2011-11-20,3,458034.86607382767,3939499.996016513,True,
usa_NC_0036_0025,usa_NC_0036,25,82,45,53.84444444444444,15.917508307114863,2.3728420404750956,22.9,91.1,2009-03-18,2011-11-11,3,458033.61987715936,3939550.472789851,True,
usa_NC_0036_0026,usa_NC_0036,26,82,51,41.65686274509803,15.79983866882141,2.2124199418806243,0.0,79.4,2009-03-18,2011-11-11,3,458027.81739257404,3939601.320516573,True,
usa_NC_0036_0027,usa_NC_0036,27,82,51,37.26078431372549,14.81595192259171,2.0746482403121673,-3.4,69.1,2009-03-18,2011-11-11,3,458021.4058195857,3939652.4656080827,True,
usa_NC_0036_0028,usa_NC_0036,28,82,53,46.422641509433966,14.887767843091263,2.0449921868641736,5.5,78.5,2009-02-06,2011-11-11,3,458013.71294291376,3939703.630591075,True,
usa_NC_0036_0029,usa_NC_0036,29,82,55,48.59818181818182,13.638962311308472,1.8390773028851028,14.0,77.2,2009-02-06,2011-12-29,3,458007.40879530413,3939754.841162839,True,
usa_NC_0036_0030,usa_NC_0036,30,82,54,46.10185185185184,14.948837157284059,2.0342790712946304,7.4,74.9,2009-02-06,2011-12-29,3,457998.8937407265,3939806.0888693184,True,
usa_NC_0036_0031,usa_NC_0036,31,82,54,50.74814814814814,16.04660359926603,2.1836661623838762,8.9,82.0,2009-02-06,2011-12-29,3,457989.58035604743,3939857.3837642595,True,
usa_NC_0036_0032,usa_NC_0036,32,82,55,61.17454545454545,15.062907817522882,2.0310820757740844,28.0,89.7,2009-02-06,2011-12-29,3,457978.91541471233,3939908.7349012806,True,
usa_NC_0036_0033,usa_NC_0036,33,82,60,41.20666666666666,16.060519723387248,2.0734041806704853,8.3,76.7,2009-02-06,2011-12-29,3,457966.9711580146,3939959.8478443497,True,
usa_NC_0036_0034,usa_NC_0036,34,83,60,38.99666666666667,15.093280204933347,1.9485340957782973,7.8,76.3,2009-02-06,2011-12-29,3,457957.6760162458,3940010.9411683264,True,
usa_NC_0036_0035,usa_NC_0036,35,83,56,58.089285714285715,14.927968607725793,1.9948337146652402,22.8,93.3,2009-02-06,2011-12-29,3,457948.07446245744,3940062.0745816217,True,
usa_NC_0036_0036,usa_NC_0036,36,83,55,38.39272727272727,14.964053898957633,2.0177526161139556,-1.8,73.3,2009-02-06,2011-12-29,3,457937.92510848073,3940113.25299867,True,
usa_NC_0036_0037,usa_NC_0036,37,83,54,35.52777777777777,13.92782496214325,1.8953369102249664,6.1,63.5,2009-02-06,2011-12-29,3,457930.67852581403,3940164.428597572,True,
usa_NC_0036_0038,usa_NC_0036,38,83,53,23.556603773584907,14.727009585138278,2.022910341892343,-13.4,47.8,2009-02-06,2011-12-29,3,457922.33682092425,3940215.6512604263,True,
usa_NC_0036_0039,usa_NC_0036,39,83,53,58.05094339622642,15.23893826608349,2.0932291542084855,23.3,85.2,2009-03-18,2011-12-29,3,457913.0162924754,3940266.821941428,True,
usa_NC_0036_0040,usa_NC_0036,40,83,52,66.37884615384615,14.42710325902104,2.0006792521851535,37.8,95.6,2009-03-18,2011-12-29,3,457904.8604434292,3940315.7227466153,True,
usa_NC_0036_0041,usa_NC_0036,41,83,48,22.714583333333334,11.478638617168244,1.6567987738881298,0.5,49.4,2009-03-18,2011-12-13,3,457895.04750108504,3940364.5794374594,True,
usa_NC_0036_0042,usa_NC_0036,42,83,45,49.28222222222222,12.611147465795504,1.8799588671861966,25.2,75.3,2009-03-18,2011-11-20,3,457884.54698672326,3940413.4255134664,True,
usa_NC_0036_0043,usa_NC_0036,43,83,46,44.40869565217391,13.307805998100957,1.9621289484898783,16.2,67.7,2009-03-18,2011-11-20,3,457878.03670442157,3940462.204109879,True,
usa_NC_0036_0044,usa_NC_0036,44,84,50,37.68,14.51836275696599,2.053206551435374,5.4,68.5,2009-03-18,2011-11-20,3,457869.20181724755,3940510.997168125,True,
usa_NC_0036_0045,usa_NC_0036,45,84,47,32.10425531914893,14.963839856057763,2.1827003733797214,-0.8,61.2,2009-03-18,2011-11-11,3,457860.4706202009,3940559.770787813,True,
usa_NC_0036_0046,usa_NC_0036,46,84,49,27.151020408163266,15.493010822746541,2.213287260392363,-4.9,59.3,2009-03-18,2011-11-11,3,457850.23326596664,3940608.508165818,True,
usa_NC_0036_0047,usa_NC_0036,47,84,53,22.339622641509433,17.52996708521463,2.407926164827038,-29.5,55.3,2009-03-18,2011-11-11,3,457839.6685893027,3940654.031739214,True,
usa_NC_0036_0048,usa_NC_0036,48,84,55,23.427272727272726,18.21978426657513,2.4567552093269787,-34.0,58.5,2009-03-18,2011-11-11,3,457832.38579279877,3940699.3143480793,True,
usa_NC_0036_0049,usa_NC_0036,49,84,56,28.4375,16.61848436913766,2.2207383855989717,-31.4,59.5,2009-02-06,2011-11-11,3,457826.2845347283,3940744.4274069807,True,
usa_NC_0036_0050,usa_NC_0036,50,84,56,32.455357142857146,16.34314890814393,2.183945136975115,-19.1,62.4,2009-02-06,2011-12-29,3,457820.08360936446,3940789.366984393,True,
usa_NC_0036_0051,usa_NC_0036,51,84,54,41.77037037037038,15.507242734242867,2.1102684453542704,-1.1,72.9,2009-02-06,2011-12-29,3,457813.9470028927,3940834.1349444734,True,
usa_NC_0036_0052,usa_NC_0036,52,84,55,49.05090909090908,16.37431223013965,2.207911810698067,12.1,85.1,2009-02-06,2011-12-29,3,457807.2710434623,3940878.710378097,True,
usa_NC_0036_0053,usa_NC_0036,53,84,57,50.507017543859654,14.923158652255928,1.9766206504528148,10.7,81.1,2009-02-06,2011-12-29,3,457802.01124504826,3940923.1646566326,True,
usa_NC_0036_0054,usa_NC_0036,54,84,58,41.41551724137932,14.738299572514165,1.935233543284809,2.8,76.8,2009-02-06,2011-12-29,3,457795.8049896123,3940967.203279556,True,
usa_NC_0036_0055,usa_NC_0036,55,85,61,43.1983606557377,14.549702079461728,1.8628984582074481,3.0,79.2,2009-01-21,2011-12-29,3,457790.4171953938,3941010.9300380927,True,
usa_NC_0036_0056,usa_NC_0036,56,85,59,42.90169491525423,14.958672856555708,1.9474533289133975,0.4,80.2,2009-01-21,2011-12-29,3,457784.4318650028,3941054.439481442,True,
usa_NC_0036_0057,usa_NC_0036,57,85,56,41.666071428571435,14.334564416576704,1.9155367441239686,10.2,79.8,2009-01-21,2011-12-29,3,457778.3534783991,3941097.728531887,True,
usa_NC_0036_0058,usa_NC_0036,58,85,56,41.70357142857143,15.238073897441765,2.0362732770917917,8.5,78.6,2009-01-21,2011-12-29,3,457774.052401124,3941141.202081203,True,
usa_NC_0036_0059,usa_NC_0036,59,85,55,40.21090909090909,15.253471647674088,2.0567776973897667,5.2,77.0,2009-02-06,2011-12-29,3,457769.38470919925,3941184.5389677817,True,
usa_NC_0036_0060,usa_NC_0036,60,85,54,38.020370370370365,16.29461514976974,2.217416259553353,-1.3,73.6,2009-02-06,2011-12-29,3,457763.41065833735,3941227.6047131727,True,
usa_NC_0036_0061,usa_NC_0036,61,85,53,39.93396226415095,16.430213063324558,2.256863332175379,0.8,72.5,2009-02-06,2011-12-29,3,457759.23792526254,3941270.6910116896,True,
usa_NC_0036_0062,usa_NC_0036,62,85,49,41.67755102040817,16.727874258580627,2.3896963226543755,1.4,76.7,2009-03-18,2011-12-29,3,457753.9514799939,3941313.5137084564,True,
usa_NC_0036_0063,usa_NC_0036,63,85,48,41.12708333333333,16.512313130784495,2.3833471077504553,0.6,76.4,2009-03-18,2011-12-13,3,457749.1623687324,3941356.238602219,True,
usa_NC_0036_0064,usa_NC_0036,64,85,49,36.53265306122449,15.552630910276642,2.221804415753806,1.3,69.5,2009-03-18,2011-12-13,3,457743.74049187114,3941398.7806608076,True,
usa_NC_0036_0065,usa_NC_0036,65,85,46,41.06086956521739,16.8287911794159,2.481269891215359,-1.2,70.2,2009-03-18,2011-11-20,3,457738.6062881271,3941443.4001399144,True,
usa_NC_0036_0066,usa_NC_0036,66,85,49,46.5734693877551,14.545614681497137,2.077944954499591,4.4,74.5,2009-03-18,2011-11-20,3,457734.31913731573,3941488.4220666206,True,
usa_NC_0036_0067,usa_NC_0036,67,86,48,47.510416666666664,15.327894743555083,2.2123910390754444,3.3,77.8,2009-03-18,2011-11-20,3,457728.3739414876,3941533.1930119568,True,
usa_NC_0036_0068,usa_NC_0036,68,86,45,46.03333333333333,16.67237780936426,2.485371341886501,-1.5,88.9,2009-03-18,2011-10-26,3,457721.9633848841,3941577.87768867,True,
usa_NC_0036_0069,usa_NC_0036,69,86,48,45.083333333333336,17.154483730405225,2.4760364498896283,-1.2,87.8,2009-03-18,2011-10-26,3,457715.5959029852,3941622.547905365,True,
usa_NC_0036_0070,usa_NC_0036,70,86,49,51.58571428571429,16.757933444590755,2.3939904920843937,6.4,92.3,2009-03-18,2011-10-26,3,457710.22261325974,3941666.572454227,True,
usa_NC_0036_0071,usa_NC_0036,71,86,54,42.300000000000004,19.00290940981764,2.5859684267992358,0.8,85.6,2009-02-06,2011-11-11,3,457701.140808044,3941707.4949153885,True,
usa_NC_0036_0072,usa_NC_0036,72,86,53,43.72641509433963,18.605015359216743,2.555595402016033,2.1,84.0,2009-02-06,2011-11-11,3,457696.2431575863,3941748.6214765958,True,
usa_NC_0036_0073,usa_NC_0036,73,86,56,50.14107142857143,17.682212703841568,2.3628850634941725,9.8,89.3,2009-02-06,2011-12-29,3,457690.0305411554,3941791.230226044,True,
usa_NC_0036_0074,usa_NC_0036,74,86,54,48.885185185185186,17.759795675003968,2.4168020744359593,5.1,88.7,2009-02-06,2011-12-29,3,457683.8637349461,3941834.034090967,True,
usa_NC_0036_0075,usa_NC_0036,75,86,54,45.51851851851852,17.581841770074956,2.3925856152797467,-3.1,79.3,2009-02-06,2011-12-29,3,457677.6167305224,3941877.008165759,True,
usa_NC_0036_0076,usa_NC_0036,76,86,53,43.01698113207547,16.324518320718788,2.2423450427246387,0.4,78.8,2009-02-06,2011-12-29,3,457671.14105410705,3941920.1187025732,True,
usa_NC_0036_0077,usa_NC_0036,77,86,54,58.5462962962963,14.779916421278777,2.0112918707286123,18.0,90.5,2009-02-06,2011-12-29,3,457667.83140824555,3941964.12379158,True,
usa_NC_0036_0078,usa_NC_0036,78,86,59,52.445762711864404,15.604600581944863,2.0315459560541322,6.4,86.9,2009-01-21,2011-12-29,3,457661.558353254,3942007.6725371564,True,
usa_NC_0036_0079,usa_NC_0036,79,87,59,55.210169491525434,14.86458061525212,1.9352035624863384,8.6,85.0,2009-01-21,2011-12-29,3,457655.2341257733,3942051.395684752,True,
usa_NC_0036_0080,usa_NC_0036,80,87,57,48.07719298245613,14.71639049233225,1.9492335386298436,5.1,76.9,2009-01-21,2011-12-29,3,457649.4486135709,3942095.4390830114,True,
usa_NC_0036_0081,usa_NC_0036,81,87,54,51.86111111111112,12.840449305409054,1.7473638259070479,18.0,82.2,2009-01-21,2011-12-29,3,457645.65767109726,3942140.1894360087,True,
usa_NC_0036_0082,usa_NC_0036,82,87,54,49.20555555555555,12.189996156246652,1.6588483638495854,14.8,72.1,2009-01-21,2011-12-29,3,457639.8914593816,3942184.6336151324,True,
usa_NC_0036_0083,usa_NC_0036,83,87,57,51.940350877192984,11.303789814057982,1.4972235366182052,20.1,73.6,2009-01-21,2011-12-29,3,457634.23681030655,3942229.694641944,True,
usa_NC_0036_0084,usa_NC_0036,84,87,53,53.54528301886793,11.380035927308027,1.563168152731373,21.9,69.3,2009-02-06,2011-12-29,3,457626.85592887725,3942274.51457107,True,
usa_NC_0036_0085,usa_NC_0036,85,87,51,53.682352941176475,10.709522975041473,1.4996331731390975,29.6,73.5,2009-03-18,2011-12-29,3,457620.9537086464,3942319.915851568,True,
usa_NC_0036_0086,usa_NC_0036,86,87,48,48.96875,11.638676466575442,1.6798982477470734,23.2,69.2,2009-03-18,2011-12-13,3,457616.3219047593,3942365.8699881285,True,
usa_NC_0036_0087,usa_NC_0036,87,87,48,44.606249999999996,11.74682222759877,1.6955077438067074,17.1,67.6,2009-03-18,2011-12-13,3,457611.2156954941,3942411.879899199,True,
usa_NC_0036_0088,usa_NC_0036,88,87,45,41.9511111111111,10.958177150632602,1.6335486012199634,17.8,64.7,2009-03-18,2011-11-11,3,457604.43396693695,3942457.5651199045,True,
usa_NC_0036_0089,usa_NC_0036,89,87,47,38.89148936170212,10.748323019596128,1.5678040458700135,11.2,58.7,2009-03-18,2011-11-11,3,457600.4213162762,3942504.402655306,True,
usa_NC_0036_0090,usa_NC_0036,90,88,50,40.062,10.785551370576608,1.5253073025941162,14.4,70.0,2009-03-18,2011-11-11,3,457596.2054220515,3942553.489364948,True,
usa_NC_0036_0091,usa_NC_0036,91,88,48,43.927083333333336,13.115651517035365,1.8930812334894231,15.5,68.6,2009-03-18,2011-11-11,3,457590.1002014753,3942602.06124286,True,
usa_NC_0036_0092,usa_NC_0036,92,88,50,46.766000000000005,12.788588822916807,1.8085795756981924,17.7,74.7,2009-03-18,2011-11-11,3,457584.7724057115,3942650.965206585,True,
usa_NC_0036_0093,usa_NC_0036,93,88,54,43.84444444444444,14.304500765086658,1.9465959944285496,-0.1,71.6,2009-03-18,2011-11-11,3,457577.84207575844,3942699.429554029,True,
usa_NC_0036_0094,usa_NC_0036,94,88,57,40.27192982456141,13.98100438842908,1.8518292696742689,-6.4,68.4,2009-02-06,2011-11-11,3,457571.2732675444,3942748.091044823,True,
usa_NC_0036_0095,usa_NC_0036,95,88,58,47.83275862068966,14.214144029878033,1.866408548717606,1.4,78.9,2009-02-06,2011-12-29,3,457566.9198518864,3942797.575879302,True,
usa_NC_0036_0096,usa_NC_0036,96,88,55,50.31636363636364,12.639265151464446,1.7042781653507557,12.9,80.1,2009-02-06,2011-12-29,3,457559.4753388607,3942846.1071624663,True,
usa_NC_0036_0097,usa_NC_0036,97,88,54,43.37777777777778,12.66845237330082,1.7239580080743093,10.1,67.5,2009-02-06,2011-12-29,3,457553.81858558697,3942898.0176643,True,
usa_NC_0036_0098,usa_NC_0036,98,88,54,38.52592592592592,13.407350633636664,1.8245093252772528,4.7,64.1,2009-02-06,2011-12-29,3,457546.4880919361,3942949.3574151425,True,
usa_NC_0036_0099,usa_NC_0036,99,88,60,41.65833333333334,14.211540925607821,1.8347020442941409,-0.2,70.1,2009-01-21,2011-12-29,3,457539.1875559599,3943000.676196192,True,
usa_NC_0036_0100,usa_NC_0036,100,89,60,41.85833333333334,13.772501362690466,1.778022280443971,3.9,71.2,2009-02-06,2011-12-29,3,457532.77924267633,3943053.1349353488,True,
usa_NC_0036_0101,usa_NC_0036,101,89,57,41.89298245614035,13.400517842460987,1.7749419483767026,9.0,68.6,2009-02-06,2011-12-29,3,457526.5698824911,3943105.7115802476,True,
usa_NC_0036_0102,usa_NC_0036,102,89,55,41.983636363636364,13.31499799914261,1.7953939639440584,10.6,65.7,2009-02-06,2011-12-29,3,457521.8706598407,3943158.697777116,True,
usa_NC_0036_0103,usa_NC_0036,103,89,56,39.589285714285715,12.802225354444206,1.7107693237357429,11.8,66.2,2009-02-06,2011-12-29,3,457515.1204728535,3943210.9563288395,True,
usa_NC_0036_0104,usa_NC_0036,104,89,54,39.17777777777777,12.89725240106804,1.7550937481389932,12.2,62.3,2009-02-06,2011-12-29,3,457506.87334005506,3943262.687090758,True,
usa_NC_0036_0105,usa_NC_0036,105,89,53,35.84716981132076,12.618981486596734,1.7333504134569937,10.4,61.1,2009-02-06,2011-12-29,3,457499.1866442788,3943314.5370567017,True,
usa_NC_0036_0106,usa_NC_0036,106,89,49,30.112244897959183,14.323183896703117,2.0461691281004453,-1.0,58.3,2009-03-18,2011-12-13,3,457489.842922261,3943365.834102907,True,
usa_NC_0036_0107,usa_NC_0036,107,89,49,33.583673469387755,12.859292148396937,1.8370417354852768,7.8,62.3,2009-03-18,2011-12-13,3,457480.8770703137,3943417.217275841,True,
usa_NC_0036_0108,usa_NC_0036,108,89,48,37.25208333333333,13.125028706486674,1.8944347142029119,9.1,61.3,2009-03-18,2011-12-13,3,457474.7348261242,3943469.3871610393,True,
usa_NC_0036_0109,usa_NC_0036,109,90,48,40.53333333333333,13.005372594126504,1.8771638420325798,8.2,69.2,2009-03-18,2011-11-20,3,457467.18510457716,3943521.0839502197,True,
usa_NC_0036_0110,usa_NC_0036,110,90,52,38.20192307692308,13.28278393901058,1.8419907143466228,8.9,67.8,2009-03-18,2011-11-11,3,457457.4349062175,3943572.1044557006,True,
usa_NC_0036_0111,usa_NC_0036,111,90,50,35.528,14.131164574970386,1.9984484594049352,4.2,69.4,2009-03-18,2011-11-11,3,457448.54742715956,3943623.3264844907,True,
usa_NC_0036_0112,usa_NC_0036,112,90,53,39.65660377358491,14.166340244965856,1.9458964851375193,7.6,70.1,2009-03-18,2011-11-11,3,457442.241302385,3943675.205680937,True,
usa_NC_0037_0001,usa_NC_0037,1,90,55,38.33090909090909,15.624314772853628,2.1067821741880635,6.0,71.5,2009-03-18,2011-11-11,3,457434.3713704223,3943726.59833483,True,
usa_NC_0037_0002,usa_NC_0037,2,90,56,35.77678571428571,15.56713310526004,2.080245663363907,0.4,69.1,2009-02-06,2011-11-11,3,457428.3668451252,3943778.427411416,True,
usa_NC_0037_0003,usa_NC_0037,3,90,57,35.42807017543859,15.46250943394983,2.0480594066690045,-1.7,63.3,2009-02-06,2011-12-29,3,457421.9657219689,3943830.0833881553,True,
usa_NC_0037_0004,usa_NC_0037,4,90,54,38.370370370370374,14.76434549763196,2.009172936408693,3.8,63.1,2009-02-06,2011-12-29,3,457415.8255464049,3943881.7395905154,True,
usa_NC_0037_0005,usa_NC_0037,5,90,56,34.5875,14.153291457852095,1.8913131260870293,4.1,61.0,2009-02-06,2011-12-29,3,457408.6108240781,3943933.065317097,True,
usa_NC_0037_0006,usa_NC_0037,6,90,58,39.83275862068966,13.459561108704825,1.767326957041483,9.6,65.2,2009-02-06,2011-12-29,3,457402.1112617906,3943984.5067381794,True,
