domain,profile,row0_cell,line84_cell,line97_cell,shift_m,road_seaward_cell,road_landward_cell,setback_v2_m,road_land_rel,setback_new_m,setback_raw84_m
1,0,20,30.77,26.45,-43.2,,,,,,
1,1,19,30.71,26.75,-39.6,,,,,,
1,2,20,30.64,26.27,-43.7,,,,,,
1,3,21,30.57,25.79,-47.8,,,,,,
1,4,13,30.5,25.31,-51.9,,,,,,
1,5,18,30.44,24.84,-56.0,,,,,,
1,6,18,30.37,24.36,-60.1,,,,,,
1,7,16,29.9,23.88,-60.2,,,,,,
1,8,16,30.22,24.41,-58.1,,,,,,
1,9,15,29.53,23.93,-56.0,,,,,,
1,10,19,28.85,23.45,-54.0,,,,,,
1,11,15,28.17,22.97,-52.0,,,,,,
1,12,15,27.48,22.5,-49.8,,,,,,
1,13,15,26.8,22.37,-44.3,,,,,,
1,14,15,26.12,22.29,-38.3,,,,,,
1,15,15,25.44,22.2,-32.4,,,,,,
1,16,15,24.75,22.11,-26.4,,,,,,
1,17,16,24.07,22.03,-20.4,,,,,,
1,18,14,23.39,21.94,-14.5,,,,,,
1,19,20,22.7,21.86,-8.4,,,,,,
1,20,21,23.28,22.77,-5.1,,,,,,
1,21,15,23.0,22.69,-3.1,,,,,,
1,22,15,22.71,22.62,-0.9,,,,,,
1,23,15,22.43,22.54,1.1,,,,,,
1,24,14,22.15,22.47,3.2,,,,,,
1,25,14,21.87,22.23,3.6,,,,,,
1,26,14,21.59,21.85,2.6,,,,,,
1,27,19,21.31,21.46,1.5,,,,,,
1,28,22,21.03,21.08,0.5,,,,,,
1,29,22,20.74,20.69,-0.5,,,,,,
1,30,22,20.44,20.31,-1.3,,,,,,
1,31,22,20.13,19.92,-2.1,,,,,,
1,32,16,20.83,20.53,-3.0,,,,,,
1,33,16,20.53,20.15,-3.8,,,,,,
1,34,21,20.23,19.76,-4.7,,,,,,
1,35,21,19.93,19.38,-5.5,,,,,,
1,36,21,19.63,18.99,-6.4,,,,,,
1,37,20,19.32,18.61,-7.1,,,,,,
1,38,19,19.02,18.22,-8.0,,,,,,
1,39,18,18.72,17.83,-8.9,,,,,,
1,40,18,18.42,17.45,-9.7,,,,,,
1,41,18,18.12,17.06,-10.6,,,,,,
1,42,18,17.82,16.68,-11.4,,,,,,
1,43,17,17.51,16.31,-12.0,,,,,,
1,44,18,18.21,16.94,-12.7,,,,,,
1,45,18,17.91,16.57,-13.4,,,,,,
1,46,18,17.61,16.2,-14.1,,,,,,
1,47,18,17.29,15.83,-14.6,,,,,,
1,48,16,16.87,15.46,-14.1,,,,,,
1,49,16,16.46,15.1,-13.6,,,,,,
2,0,16,15.7,14.41,-12.9,,,,,,
2,1,15,15.29,14.04,-12.5,,,,,,
2,2,15,14.87,13.67,-12.0,,,,,,
2,3,14,14.46,13.3,-11.6,,,,,,
2,4,14,14.05,12.93,-11.2,,,,,,
2,5,14,14.64,13.56,-10.8,,,,,,
2,6,14,14.22,13.2,-10.2,,,,,,
2,7,14,13.81,12.96,-8.5,,,,,,
2,8,13,13.4,12.72,-6.8,,,,,,
2,9,13,12.98,12.48,-5.0,,,,,,
2,10,13,12.57,12.24,-3.3,,,,,,
2,11,13,12.17,12.0,-1.7,,,,,,
2,12,14,12.82,12.76,-0.6,,,,,,
2,13,14,12.47,12.52,0.5,,,,,,
2,14,14,12.13,12.27,1.4,,,,,,
2,15,13,11.78,12.03,2.5,,,,,,
2,16,13,11.43,11.79,3.6,,,,,,
2,17,13,11.08,11.55,4.7,,,,,,
2,18,12,10.74,11.31,5.7,,,,,,
2,19,13,11.39,12.07,6.8,,,,,,
2,20,13,11.04,11.83,7.9,,,,,,
2,21,13,10.7,11.63,9.3,,,,,,
2,22,13,10.35,11.5,11.5,,,,,,
2,23,12,10.08,11.37,12.9,,,,,,
2,24,12,9.84,11.24,14.0,,,,,,
2,25,12,9.6,11.11,15.1,,,,,,
2,26,13,10.36,11.98,16.2,,,,,,
2,27,12,10.13,11.85,17.2,,,,,,
2,28,12,9.89,11.72,18.3,,,,,,
2,29,12,9.65,11.59,19.4,,,,,,
2,30,12,9.41,11.46,20.5,,,,,,
2,31,12,9.17,11.33,21.6,,,,,,
2,32,13,9.93,12.2,22.7,,,,,,
2,33,13,9.69,12.07,23.8,,,,,,
2,34,13,9.45,11.94,24.9,,,,,,
2,35,13,9.22,11.81,25.9,,,,,,
2,36,14,8.98,11.68,27.0,,,,,,
2,37,13,8.74,11.55,28.1,,,,,,
2,38,13,8.5,11.42,29.2,,,,,,
2,39,15,9.26,12.29,30.3,,,,,,
2,40,15,9.02,12.16,31.4,,,,,,
2,41,13,8.78,12.03,32.5,,,,,,
2,42,12,8.54,11.9,33.6,,,,,,
2,43,12,8.31,11.77,34.6,,,,,,
2,44,12,8.07,11.64,35.7,,,,,,
2,45,12,7.83,11.51,36.8,,,,,,
2,46,13,8.59,12.38,37.9,,,,,,
2,47,13,8.35,12.25,39.0,,,,,,
2,48,14,8.11,12.12,40.1,,,,,,
2,49,14,7.87,11.99,41.2,,,,,,
3,0,24,17.71,21.99,42.8,,,,,,
3,1,23,17.48,21.86,43.8,,,,,,
3,2,24,17.24,21.73,44.9,,,,,,
3,3,23,17.0,21.6,46.0,,,,,,
3,4,23,17.89,22.47,45.8,,,,,,
3,5,23,18.04,22.34,43.0,,,,,,
3,6,23,18.19,22.21,40.2,,,,,,
3,7,22,18.34,22.09,37.5,,,,,,
3,8,22,18.5,22.0,35.0,,,,,,
3,9,23,19.65,22.92,32.7,,,,,,
3,10,23,19.8,22.83,30.3,,,,,,
3,11,23,19.95,22.75,28.0,,,,,,
3,12,22,20.11,22.66,25.5,,,,,,
3,13,22,20.26,22.58,23.2,,,,,,
3,14,23,21.06,23.49,24.3,,,,,,
3,15,23,20.85,23.41,25.6,,,,,,
3,16,23,20.63,23.32,26.9,,,,,,
3,17,23,20.42,23.24,28.2,,,,,,
3,18,23,20.2,23.15,29.5,,,,,,
3,19,23,20.99,24.07,30.8,,,,,,
3,20,23,20.77,23.98,32.1,,,,,,
3,21,23,20.56,23.9,33.4,,,,,,
3,22,23,20.35,23.8,34.5,,,,,,
3,23,24,21.13,24.64,35.1,,,,,,
3,24,23,20.92,24.48,35.6,,,,,,
3,25,23,20.7,24.32,36.2,,,,,,
3,26,23,20.49,24.16,36.7,,,,,,
3,27,23,20.27,24.01,37.4,,,,,,
3,28,23,21.06,24.85,37.9,,,,,,
3,29,23,20.85,24.69,38.4,,,,,,
3,30,23,20.63,24.53,39.0,,,,,,
3,31,23,20.42,24.37,39.5,,,,,,
3,32,23,20.2,24.21,40.1,,,,,,
3,33,23,20.99,25.05,40.6,,,,,,
3,34,23,20.77,24.89,41.2,,,,,,
3,35,23,20.56,24.73,41.7,,,,,,
3,36,23,20.35,24.57,42.2,,,,,,
3,37,23,20.13,24.41,42.8,,,,,,
3,38,24,20.94,25.26,43.2,,,,,,
3,39,23,20.78,25.1,43.2,,,,,,
3,40,23,20.62,24.94,43.2,,,,,,
3,41,23,20.46,24.78,43.2,,,,,,
3,42,24,21.3,25.62,43.2,,,,,,
3,43,24,21.14,25.46,43.2,,,,,,
3,44,24,20.98,25.3,43.2,,,,,,
3,45,24,20.82,25.08,42.6,,,,,,
3,46,24,20.66,24.85,41.9,,,,,,
3,47,25,21.49,25.63,41.4,,,,,,
3,48,25,21.33,25.41,40.8,,,,,,
3,49,25,21.17,25.18,40.1,,,,,,
4,0,37,33.76,37.69,39.3,,,,,,
4,1,37,33.6,37.46,38.6,,,,,,
4,2,41,33.44,37.24,38.0,,,,,,
4,3,37,34.28,38.02,37.4,,,,,,
4,4,37,34.12,37.79,36.7,,,,,,
4,5,41,33.96,37.57,36.1,,,,,,
4,6,41,33.8,37.34,35.4,,,,,,
4,7,37,34.63,38.12,34.9,,,,,,
4,8,41,34.47,37.89,34.2,,,,,,
4,9,41,34.31,37.67,33.6,,,,,,
4,10,41,34.15,37.44,32.9,,,,,,
4,11,41,33.99,37.22,32.3,,,,,,
4,12,37,34.83,38.03,32.0,,,,,,
4,13,37,34.67,37.83,31.6,,,,,,
4,14,41,34.51,37.64,31.3,,,,,,
4,15,41,34.34,37.44,31.0,,,,,,
4,16,41,35.18,38.24,30.6,,,,,,
4,17,37,35.02,38.05,30.3,,,,,,
4,18,41,34.86,37.85,29.9,,,,,,
4,19,37,34.7,37.66,29.6,,,,,,
4,20,41,34.54,37.46,29.2,,,,,,
4,21,42,35.38,38.27,28.9,,,,,,
4,22,41,35.22,38.07,28.5,,,,,,
4,23,41,35.06,37.87,28.1,,,,,,
4,24,37,34.89,37.68,27.9,,,,,,
4,25,41,35.73,38.48,27.5,,,,,,
4,26,41,35.55,38.27,27.2,,,,,,
4,27,40,35.32,38.0,26.8,,,,,,
4,28,40,35.1,37.73,26.3,,,,,,
4,29,40,34.88,37.47,25.9,,,,,,
4,30,41,35.65,38.2,25.5,,,,,,
4,31,41,35.43,37.93,25.0,,,,,,
4,32,40,35.21,37.66,24.5,,,,,,
4,33,36,34.98,37.39,24.1,,,,,,
4,34,37,35.76,38.13,23.7,,,,,,
4,35,37,35.54,37.86,23.2,,,,,,
4,36,37,35.31,37.59,22.8,,,,,,
4,37,37,35.09,37.32,22.3,,,,,,
4,38,37,35.87,38.05,21.8,,,,,,
4,39,37,35.64,37.79,21.5,,,,,,
4,40,37,35.42,37.52,21.0,,,,,,
4,41,37,35.11,37.25,21.4,,,,,,
4,42,39,34.71,36.98,22.7,,,,,,
4,43,40,35.31,37.72,24.1,,,,,,
4,44,42,34.91,37.45,25.4,,,,,,
4,45,39,34.51,37.19,26.8,,,,,,
4,46,37,34.11,36.94,28.3,,,,,,
4,47,40,34.71,37.68,29.7,,,,,,
4,48,42,34.31,37.43,31.2,,,,,,
4,49,37,33.91,37.17,32.6,,,,,,
5,0,34,29.79,33.24,34.5,,,,,,
5,1,38,29.39,32.99,36.0,,,,,,
5,2,36,28.99,32.9,39.1,,,,,,
5,3,38,29.59,33.84,42.5,,,,,,
5,4,36,29.19,33.68,44.9,,,,,,
5,5,37,29.81,34.28,44.7,,,,,,
5,6,34,29.46,33.88,44.2,,,,,,
5,7,34,29.11,33.48,43.7,,,,,,
5,8,38,29.75,34.08,43.3,,,,,,
5,9,34,29.4,33.68,42.8,,,,,,
5,10,34,29.04,33.28,42.4,,,,,,
5,11,37,29.69,33.88,41.9,,,,,,
5,12,35,29.34,33.53,41.9,,,,,,
5,13,36,29.98,34.36,43.8,,,,,,
5,14,38,29.63,34.19,45.6,,,,,,
5,15,37,29.27,34.03,47.6,,,,,,
5,16,37,29.92,34.86,49.4,,,,,,
5,17,37,29.56,34.69,51.3,,,,,,
5,18,36,29.21,34.48,52.7,,,,,,
5,19,37,29.86,35.19,53.3,,,,,,
5,20,36,29.47,34.9,54.3,,,,,,
5,21,37,30.0,35.61,56.1,,,,,,
5,22,38,29.54,35.32,57.8,,,,,,
5,23,36,29.07,35.03,59.6,,,,,,
5,24,37,29.6,35.74,61.4,,,,,,
5,25,36,29.13,35.45,63.2,,,,,,
5,26,36,28.66,35.16,65.0,,,,,,
5,27,37,29.19,35.87,66.8,,,,,,
5,28,37,28.72,35.58,68.6,,,,,,
5,29,38,29.25,36.25,70.0,,,,,,
5,30,37,28.78,35.82,70.4,,,,,,
5,31,36,28.31,35.39,70.8,,,,,,
5,32,37,28.84,35.96,71.2,,,,,,
5,33,36,28.4,35.52,71.2,,,,,,
5,34,36,27.99,35.09,71.0,,,,,,
5,35,37,28.58,35.66,70.8,,,,,,
5,36,36,28.16,35.23,70.7,,,,,,
5,37,37,28.75,35.79,70.4,,,,,,
5,38,37,28.34,35.36,70.2,,,,,,
5,39,37,27.93,34.93,70.0,,,,,,
5,40,38,28.52,35.5,69.8,,,,,,
5,41,36,28.11,35.07,69.6,,,,,,
5,42,36,27.7,34.64,69.4,,,,,,
5,43,36,28.29,35.22,69.3,,,,,,
5,44,36,27.88,34.8,69.2,,,,,,
5,45,37,28.46,35.38,69.2,,,,,,
5,46,36,28.05,34.95,69.0,,,,,,
5,47,39,27.63,34.53,69.0,,,,,,
5,48,37,28.04,35.11,70.7,,,,,,
5,49,37,27.46,34.69,72.3,,,,,,
6,0,22,18.56,25.98,74.2,,,,,,
6,1,22,17.98,25.56,75.8,,,,,,
6,2,22,18.4,26.13,77.3,,,,,,
6,3,22,17.82,25.48,76.6,,,,,,
6,4,22,18.24,25.84,76.0,,,,,,
6,5,22,17.66,25.19,75.3,,,,,,
6,6,22,17.08,24.54,74.6,,,,,,
6,7,22,17.5,24.9,74.0,,,,,,
6,8,22,16.91,23.22,63.1,,,,,,
6,9,22,17.33,21.44,41.1,,,,,,
6,10,22,16.75,18.58,18.3,,,,,,
6,11,17,16.17,16.7,5.3,,,,,,
6,12,17,16.59,16.35,-2.4,,,,,,
6,13,17,16.01,15.96,-0.5,,,,,,
6,14,17,15.43,15.58,1.5,,,,,,
6,15,17,15.84,16.2,3.6,,,,,,
6,16,17,15.26,15.82,5.6,,,,,,
6,17,17,15.68,16.65,9.7,,,,,,
6,18,17,15.39,16.6,12.1,,,,,,
6,19,17,15.15,16.56,14.1,,,,,,
6,20,21,15.92,17.33,14.1,,,,,,
6,21,18,15.69,17.02,13.3,,,,,,
6,22,19,16.46,17.72,12.6,,,,,,
6,23,18,16.23,17.42,11.9,,,,,,
6,24,18,15.99,17.12,11.3,,,,,,
6,25,19,16.76,17.82,10.6,,,,,,
6,26,19,16.53,17.52,9.9,,,,,,
6,27,19,17.3,18.22,9.2,,,,,,
6,28,19,17.07,17.92,8.5,,,,,,
6,29,19,16.83,17.62,7.9,,,,,,
6,30,19,17.6,18.31,7.1,,,,,,
6,31,19,17.37,18.01,6.4,,,,,,
6,32,19,17.14,17.71,5.7,,,,,,
6,33,19,17.91,18.41,5.0,,,,,,
6,34,19,17.67,18.11,4.4,,,,,,
6,35,20,18.44,18.81,3.7,,,,,,
6,36,19,18.21,18.51,3.0,,,,,,
6,37,19,17.98,18.21,2.3,,,,,,
6,38,20,18.75,18.91,1.6,,,,,,
6,39,20,18.51,18.61,1.0,,,,,,
6,40,20,19.28,19.3,0.2,,,,,,
6,41,20,19.05,19.0,-0.5,,,,,,
6,42,20,18.82,18.7,-1.2,,,,,,
6,43,21,19.59,19.4,-1.9,,,,,,
6,44,21,19.35,19.26,-0.9,,,,,,
6,45,21,19.12,19.43,3.1,,,,,,
6,46,22,19.9,20.61,7.1,,,,,,
6,47,22,19.79,20.78,9.9,,,,,,
6,48,22,20.67,21.96,12.9,,,,,,
6,49,22,20.56,21.8,12.4,,,,,,
7,0,22,19.42,20.5,10.8,,,,,,
7,1,22,19.31,20.25,9.4,,,,,,
7,2,21,19.19,20.0,8.1,,,,,,
7,3,21,19.08,19.75,6.7,,,,,,
7,4,21,18.96,19.5,5.4,,,,,,
7,5,21,18.85,19.25,4.0,,,,,,
7,6,21,18.73,19.16,4.3,,,,,,
7,7,20,18.62,19.08,4.6,,,,,,
7,8,21,18.53,19.0,4.7,,,,,,
7,9,20,18.44,18.92,4.8,,,,,,
7,10,21,19.35,19.84,4.9,,,,,,
7,11,21,19.26,19.76,5.0,,,,,,
7,12,21,19.16,19.67,5.1,,,,,,
7,13,21,19.07,19.64,5.7,,,,,,
7,14,21,18.98,19.72,7.4,,,,,,
7,15,21,18.89,19.8,9.1,,,,,,
7,16,21,18.8,19.88,10.8,,,,,,
7,17,21,18.71,19.75,10.4,,,,,,
7,18,21,18.61,19.38,7.7,,,,,,
7,19,21,18.52,19.25,7.3,,,,,,
7,20,21,18.43,19.17,7.4,,,,,,
7,21,22,19.34,20.1,7.6,,,,,,
7,22,22,19.25,20.03,7.8,,,,,,
7,23,22,19.2,19.95,7.5,,,,,,
7,24,21,19.17,19.88,7.1,,,,,,
7,25,21,19.15,19.81,6.6,,,,,,
7,26,21,19.12,19.73,6.1,,,,,,
7,27,21,19.1,19.66,5.6,,,,,,
7,28,21,19.07,19.59,5.2,,,,,,
7,29,21,19.05,19.51,4.6,,,,,,
7,30,21,19.02,19.49,4.7,,,,,,
7,31,21,19.0,19.52,5.2,,,,,,
7,32,21,18.98,19.55,5.7,,,,,,
7,33,22,19.95,20.57,6.2,,,,,,
7,34,22,19.93,20.38,4.5,,,,,,
7,35,22,19.9,20.05,1.5,,,,,,
7,36,22,19.92,19.74,-1.8,,,,,,
7,37,22,19.96,19.63,-3.3,,,,,,
7,38,21,20.0,19.52,-4.8,,,,,,
7,39,21,20.04,19.4,-6.4,,,,,,
7,40,22,20.08,19.29,-7.9,,,,,,
7,41,21,20.12,19.18,-9.4,,,,,,
7,42,21,20.16,19.07,-10.9,,,,,,
7,43,21,20.2,18.95,-12.5,,,,,,
7,44,22,21.15,19.84,-13.1,,,,,,
7,45,22,21.07,19.73,-13.4,,,,,,
7,46,22,20.99,19.61,-13.8,,,,,,
7,47,22,20.9,19.5,-14.0,,,,,,
7,48,22,20.82,19.39,-14.3,,,,,,
7,49,21,20.73,19.28,-14.5,,,,,,
8,0,27,26.61,25.11,-15.0,,,,,,
8,1,27,26.52,25.06,-14.6,,,,,,
8,2,27,26.44,25.01,-14.3,,,,,,
8,3,26,26.35,24.97,-13.8,,,,,,
8,4,27,27.27,25.93,-13.4,,,,,,
8,5,27,27.17,25.87,-13.0,,,,,,
8,6,27,27.08,25.79,-12.9,,,,,,
8,7,27,26.98,25.71,-12.7,,,,,,
8,8,27,26.89,25.63,-12.6,,,,,,
8,9,27,26.79,25.64,-11.5,,,,,,
8,10,27,26.69,25.75,-9.4,,,,,,
8,11,27,26.6,25.86,-7.4,,,,,,
8,12,27,26.5,25.76,-7.4,,,,,,
8,13,27,26.41,25.55,-8.6,,,,,,
8,14,27,27.31,26.34,-9.7,,,,,,
8,15,27,27.22,26.13,-10.9,,,,,,
8,16,27,27.12,25.93,-11.9,,,,,,
8,17,27,27.03,25.72,-13.1,,,,,,
8,18,27,26.93,25.51,-14.2,,,,,,
8,19,26,26.83,25.3,-15.3,,,,,,
8,20,27,26.74,25.09,-16.5,,,,,,
8,21,26,26.64,24.88,-17.6,,,,,,
8,22,26,26.55,24.67,-18.8,,,,,,
8,23,26,26.31,24.46,-18.5,,,,,,
8,24,27,26.99,25.25,-17.4,,,,,,
8,25,26,26.67,25.04,-16.3,,,,,,
8,26,26,26.35,24.83,-15.2,,,,,,
8,27,27,26.03,24.62,-14.1,,,,,,
8,28,26,25.71,24.41,-13.0,,,,,,
8,29,27,25.39,24.25,-11.4,,,,,,
8,30,25,25.07,24.13,-9.4,,,,,,
8,31,25,24.75,24.01,-7.4,,,,,,
8,32,25,24.43,23.89,-5.4,,,,,,
8,33,25,24.11,23.77,-3.4,,,,,,
8,34,26,24.79,24.65,-1.4,,,,,,
8,35,26,24.47,24.53,0.6,,,,,,
8,36,26,24.15,24.4,2.5,,,,,,
8,37,26,23.83,24.28,4.5,,,,,,
8,38,26,23.51,24.16,6.5,,,,,,
8,39,26,23.19,24.16,9.7,,,,,,
8,40,26,22.87,24.19,13.2,,,,,,
8,41,26,22.56,24.22,16.6,,,,,,
8,42,26,22.3,24.25,19.5,,,,,,
8,43,26,22.24,24.28,20.4,,,,,,
8,44,27,23.18,25.3,21.2,,,,,,
8,45,27,23.11,25.33,22.2,,,,,,
8,46,26,23.05,25.36,23.1,,,,,,
8,47,25,22.99,25.39,24.0,,,,,,
8,48,26,22.92,25.24,23.2,,,,,,
8,49,26,22.86,25.04,21.8,,,,,,
9,0,23,20.05,21.99,19.4,28.0,30.0,50.0,7.0,69.4,79.5
9,1,22,19.99,21.79,18.0,28.0,29.0,60.0,7.0,78.0,80.1
9,2,22,19.93,21.59,16.6,28.0,29.0,60.0,7.0,76.6,80.7
9,3,22,19.86,21.39,15.3,27.0,29.0,50.0,7.0,65.3,71.4
9,4,22,19.8,21.18,13.8,27.0,29.0,50.0,7.0,63.8,72.0
9,5,22,19.74,20.98,12.4,27.0,29.0,50.0,7.0,62.4,72.6
9,6,23,20.68,21.78,11.0,28.0,29.0,50.0,6.0,61.0,73.2
9,7,23,20.72,21.58,8.6,28.0,29.0,50.0,6.0,58.6,72.8
9,8,23,20.77,21.38,6.1,28.0,29.0,50.0,6.0,56.1,72.3
9,9,23,20.83,21.19,3.6,28.0,29.0,50.0,6.0,53.6,71.7
9,10,23,20.88,21.23,3.5,27.0,29.0,40.0,6.0,43.5,61.2
9,11,23,20.94,21.27,3.3,27.0,29.0,40.0,6.0,43.3,60.6
9,12,22,21.0,21.31,3.1,27.0,28.0,50.0,6.0,53.1,60.0
9,13,22,21.05,21.14,0.9,27.0,28.0,50.0,6.0,50.9,59.5
9,14,23,22.11,21.9,-2.1,28.0,29.0,50.0,6.0,47.9,58.9
9,15,22,22.12,21.66,-4.6,28.0,29.0,60.0,7.0,55.4,58.8
9,16,23,22.04,21.42,-6.2,27.0,29.0,40.0,6.0,33.8,49.6
9,17,23,21.97,21.18,-7.9,27.0,29.0,40.0,6.0,32.1,50.3
9,18,23,21.89,20.94,-9.5,27.0,28.0,40.0,5.0,30.5,51.1
9,19,23,21.81,20.77,-10.4,27.0,28.0,40.0,5.0,29.6,51.9
9,20,22,21.74,20.62,-11.2,27.0,28.0,50.0,6.0,38.8,52.6
9,21,22,21.66,20.48,-11.8,27.0,28.0,50.0,6.0,38.2,53.4
9,22,23,22.58,21.34,-12.4,27.0,29.0,40.0,6.0,27.6,44.2
9,23,23,22.5,21.2,-13.0,27.0,29.0,40.0,6.0,27.0,45.0
9,24,23,22.43,21.05,-13.8,27.0,28.0,40.0,5.0,26.2,45.7
9,25,23,22.35,20.96,-13.9,27.0,28.0,40.0,5.0,26.1,46.5
9,26,23,22.27,21.08,-11.9,27.0,28.0,40.0,5.0,28.1,47.3
9,27,23,22.2,21.21,-9.9,27.0,28.0,40.0,5.0,30.1,48.0
9,28,23,22.05,21.33,-7.2,26.0,28.0,30.0,5.0,22.8,39.5
9,29,23,21.9,21.46,-4.4,26.0,28.0,30.0,5.0,25.6,41.0
9,30,23,22.74,22.24,-5.0,27.0,28.0,40.0,5.0,35.0,42.6
9,31,23,22.59,22.0,-5.9,27.0,28.0,40.0,5.0,34.1,44.1
9,32,23,22.44,21.76,-6.8,27.0,28.0,40.0,5.0,33.2,45.6
9,33,23,22.29,21.52,-7.7,26.0,28.0,30.0,5.0,22.3,37.1
9,34,23,22.13,21.28,-8.5,26.0,28.0,30.0,5.0,21.5,38.7
9,35,23,21.98,21.04,-9.4,26.0,27.0,30.0,4.0,20.6,40.2
9,36,23,21.83,20.89,-9.4,26.0,27.0,30.0,4.0,20.6,41.7
9,37,23,21.66,20.92,-7.4,26.0,27.0,30.0,4.0,22.6,43.4
9,38,23,22.47,21.94,-5.3,26.0,28.0,30.0,5.0,24.7,35.3
9,39,23,22.28,21.97,-3.1,26.0,28.0,30.0,5.0,26.9,37.2
9,40,23,22.09,22.0,-0.9,26.0,28.0,30.0,5.0,29.1,39.1
9,41,23,21.9,21.81,-0.9,26.0,27.0,30.0,4.0,29.1,41.0
9,42,23,21.71,21.52,-1.9,26.0,27.0,30.0,4.0,28.1,42.9
9,43,23,21.52,21.23,-2.9,26.0,27.0,30.0,4.0,27.1,44.8
9,44,23,21.33,20.94,-3.9,25.0,27.0,20.0,4.0,16.1,36.7
9,45,22,21.14,20.65,-4.9,25.0,27.0,30.0,5.0,25.1,38.6
9,46,23,21.95,21.36,-5.9,26.0,27.0,30.0,4.0,24.1,40.5
9,47,23,21.76,21.35,-4.1,26.0,27.0,30.0,4.0,25.9,42.4
9,48,23,21.57,21.42,-1.5,26.0,27.0,30.0,4.0,28.5,44.3
9,49,23,21.38,21.49,1.1,26.0,27.0,30.0,4.0,31.1,46.2
10,0,23,21.51,21.79,2.8,26.0,27.0,30.0,4.0,32.8,44.9
10,1,23,21.32,21.49,1.7,25.0,27.0,20.0,4.0,21.7,36.8
10,2,22,21.12,21.2,0.8,25.0,27.0,30.0,5.0,30.8,38.8
10,3,22,20.85,20.9,0.5,25.0,26.0,30.0,4.0,30.5,41.5
10,4,23,21.57,21.61,0.4,26.0,27.0,30.0,4.0,30.4,44.3
10,5,23,21.29,21.31,0.2,26.0,27.0,30.0,4.0,30.2,47.1
10,6,23,21.01,21.02,0.1,26.0,27.0,30.0,4.0,30.1,49.9
10,7,21,20.74,20.87,1.3,25.0,27.0,40.0,6.0,41.3,42.6
10,8,22,20.46,20.75,2.9,25.0,27.0,30.0,5.0,32.9,45.4
10,9,22,20.18,20.63,4.5,25.0,26.0,30.0,4.0,34.5,48.2
10,10,23,20.91,21.51,6.0,26.0,27.0,30.0,4.0,36.0,50.9
10,11,23,20.63,21.39,7.6,26.0,27.0,30.0,4.0,37.6,53.7
10,12,23,20.35,21.27,9.2,25.0,27.0,20.0,4.0,29.2,46.5
10,13,23,20.2,21.15,9.5,25.0,27.0,20.0,4.0,29.5,48.0
10,14,23,20.09,21.02,9.3,25.0,27.0,20.0,4.0,29.3,49.1
10,15,22,19.97,20.85,8.8,25.0,26.0,30.0,4.0,38.8,50.3
10,16,23,20.86,21.68,8.2,26.0,27.0,30.0,4.0,38.2,51.4
10,17,24,20.74,21.51,7.7,26.0,27.0,20.0,3.0,27.7,52.6
10,18,23,20.63,21.33,7.0,25.0,27.0,20.0,4.0,27.0,43.7
10,19,23,20.52,21.16,6.4,25.0,27.0,20.0,4.0,26.4,44.8
10,20,23,20.4,21.18,7.8,25.0,27.0,20.0,4.0,27.8,46.0
10,21,23,20.29,21.26,9.7,25.0,26.0,20.0,3.0,29.7,47.1
10,22,24,21.17,22.35,11.8,26.0,27.0,20.0,3.0,31.8,48.3
10,23,24,21.06,22.3,12.4,26.0,27.0,20.0,3.0,32.4,49.4
10,24,23,20.94,22.15,12.1,25.0,27.0,20.0,4.0,32.1,40.6
10,25,23,20.83,22.0,11.7,25.0,27.0,20.0,4.0,31.7,41.7
10,26,23,20.72,21.86,11.4,25.0,26.0,20.0,3.0,31.4,42.8
10,27,23,20.6,21.63,10.3,25.0,26.0,20.0,3.0,30.3,44.0
10,28,24,21.49,22.4,9.1,26.0,27.0,20.0,3.0,29.1,45.1
10,29,24,21.37,22.16,7.9,26.0,27.0,20.0,3.0,27.9,46.3
10,30,21,21.26,21.93,6.7,25.0,27.0,40.0,6.0,46.7,37.4
10,31,23,21.14,21.7,5.6,25.0,27.0,20.0,4.0,25.6,38.6
10,32,23,21.03,21.47,4.4,25.0,26.0,20.0,3.0,24.4,39.7
10,33,23,20.92,21.25,3.3,25.0,26.0,20.0,3.0,23.3,40.8
10,34,24,21.8,22.12,3.2,26.0,27.0,20.0,3.0,23.2,42.0
10,35,23,21.69,21.99,3.0,25.0,27.0,20.0,4.0,23.0,33.1
10,36,23,21.57,21.86,2.9,25.0,27.0,20.0,4.0,22.9,34.3
10,37,23,21.46,21.73,2.7,25.0,27.0,20.0,4.0,22.7,35.4
10,38,23,21.34,21.6,2.6,25.0,26.0,20.0,3.0,22.6,36.6
10,39,23,21.23,21.47,2.4,25.0,26.0,20.0,3.0,22.4,37.7
10,40,24,22.12,22.35,2.3,26.0,27.0,20.0,3.0,22.3,38.8
10,41,24,22.0,22.49,4.9,25.0,27.0,10.0,3.0,14.9,30.0
10,42,24,21.89,22.65,7.6,25.0,27.0,10.0,3.0,17.6,31.1
10,43,24,21.77,22.58,8.1,25.0,26.0,10.0,2.0,18.1,32.3
10,44,24,21.66,22.24,5.8,25.0,26.0,10.0,2.0,15.8,33.4
10,45,23,21.54,21.9,3.6,25.0,26.0,20.0,3.0,23.6,34.6
10,46,24,22.32,22.56,2.4,25.0,27.0,10.0,3.0,12.4,26.8
10,47,23,21.95,22.22,2.7,25.0,27.0,20.0,4.0,22.7,30.5
10,48,23,21.57,21.88,3.1,25.0,26.0,20.0,3.0,23.1,34.3
10,49,23,21.2,21.57,3.7,25.0,26.0,20.0,3.0,23.7,38.0
11,0,18,15.68,16.26,5.8,19.0,21.0,10.0,3.0,15.8,33.2
11,1,17,15.31,16.04,7.3,19.0,20.0,20.0,3.0,27.3,36.9
11,2,17,14.94,15.81,8.7,19.0,20.0,20.0,3.0,28.7,40.6
11,3,18,15.68,16.58,9.0,19.0,21.0,10.0,3.0,19.0,33.2
11,4,18,15.42,16.34,9.2,19.0,21.0,10.0,3.0,19.2,35.8
11,5,18,15.16,16.11,9.5,19.0,20.0,10.0,2.0,19.5,38.4
11,6,18,14.9,15.87,9.7,18.0,20.0,0.0,2.0,9.7,31.0
11,7,17,14.64,15.64,10.0,18.0,20.0,10.0,3.0,20.0,33.6
11,8,19,15.38,16.4,10.2,19.0,20.0,0.0,1.0,10.2,36.2
11,9,18,15.11,16.19,10.8,18.0,20.0,0.0,2.0,10.8,28.9
11,10,18,14.85,16.05,12.0,18.0,20.0,0.0,2.0,12.0,31.5
11,11,18,14.59,15.91,13.2,18.0,19.0,0.0,1.0,13.2,34.1
11,12,17,14.33,15.77,14.4,18.0,19.0,10.0,2.0,24.4,36.7
11,13,17,14.07,15.62,15.5,17.0,19.0,0.0,2.0,15.5,29.3
11,14,18,14.81,16.48,16.7,18.0,20.0,0.0,2.0,16.7,31.9
11,15,18,14.55,16.34,17.9,18.0,19.0,0.0,1.0,17.9,34.5
11,16,18,14.29,16.18,18.9,18.0,19.0,0.0,1.0,18.9,37.1
11,17,17,14.03,16.02,19.9,18.0,19.0,10.0,2.0,29.9,39.7
11,18,17,13.85,15.86,20.1,17.0,19.0,0.0,2.0,20.1,31.5
11,19,18,14.69,16.7,20.1,18.0,20.0,0.0,2.0,20.1,33.1
11,20,18,14.54,16.54,20.0,18.0,20.0,0.0,2.0,20.0,34.6
11,21,18,14.38,16.38,20.0,18.0,19.0,0.0,1.0,20.0,36.2
11,22,18,14.22,16.23,20.1,18.0,19.0,0.0,1.0,20.1,37.8
11,23,17,14.06,16.07,20.1,18.0,19.0,10.0,2.0,30.1,39.4
11,24,17,13.91,15.91,20.0,18.0,19.0,10.0,2.0,30.0,40.9
11,25,18,14.75,16.75,20.0,19.0,20.0,10.0,2.0,30.0,42.5
11,26,18,14.59,16.59,20.0,18.0,20.0,0.0,2.0,20.0,34.1
11,27,18,14.43,16.43,20.0,18.0,20.0,0.0,2.0,20.0,35.7
11,28,17,14.28,16.27,19.9,18.0,20.0,10.0,3.0,29.9,37.2
11,29,17,14.12,16.11,19.9,18.0,19.0,10.0,2.0,29.9,38.8
11,30,18,14.96,16.95,19.9,19.0,20.0,10.0,2.0,29.9,40.4
11,31,18,14.8,16.79,19.9,19.0,20.0,10.0,2.0,29.9,42.0
11,32,18,14.65,16.63,19.8,19.0,20.0,10.0,2.0,29.8,43.5
11,33,18,14.49,16.47,19.8,19.0,20.0,10.0,2.0,29.8,45.1
11,34,18,14.33,16.31,19.8,18.0,20.0,0.0,2.0,19.8,36.7
11,35,17,14.18,16.16,19.8,18.0,20.0,10.0,3.0,29.8,38.2
11,36,18,15.03,17.0,19.7,19.0,21.0,10.0,3.0,29.7,39.7
11,37,18,14.88,16.9,20.2,19.0,20.0,10.0,2.0,30.2,41.2
11,38,18,14.72,16.8,20.8,19.0,20.0,10.0,2.0,30.8,42.8
11,39,18,14.57,16.71,21.4,19.0,20.0,10.0,2.0,31.4,44.3
11,40,18,14.42,16.61,21.9,19.0,20.0,10.0,2.0,31.9,45.8
11,41,19,15.27,17.51,22.4,20.0,21.0,10.0,2.0,32.4,47.3
11,42,19,15.12,17.41,22.9,20.0,21.0,10.0,2.0,32.9,48.8
11,43,19,14.97,17.32,23.5,19.0,21.0,0.0,2.0,23.5,40.3
11,44,19,14.82,17.22,24.0,19.0,21.0,0.0,2.0,24.0,41.8
11,45,19,14.67,17.12,24.5,19.0,21.0,0.0,2.0,24.5,43.3
11,46,19,14.52,17.02,25.0,19.0,20.0,0.0,1.0,25.0,44.8
11,47,19,15.37,17.92,25.5,20.0,21.0,10.0,2.0,35.5,46.3
11,48,19,15.21,17.83,26.2,20.0,21.0,10.0,2.0,36.2,47.9
11,49,19,15.06,17.69,26.3,20.0,21.0,10.0,2.0,36.3,49.4
12,0,20,15.85,18.49,26.4,21.0,22.0,10.0,2.0,36.4,51.5
12,1,20,15.7,18.35,26.5,20.0,22.0,0.0,2.0,26.5,43.0
12,2,20,15.55,18.21,26.6,20.0,22.0,0.0,2.0,26.6,44.5
12,3,19,15.4,18.07,26.7,20.0,21.0,10.0,2.0,36.7,46.0
12,4,19,15.25,17.93,26.8,20.0,21.0,10.0,2.0,36.8,47.5
12,5,19,15.1,17.79,26.9,20.0,21.0,10.0,2.0,36.9,49.0
12,6,20,15.95,18.65,27.0,21.0,22.0,10.0,2.0,37.0,50.5
12,7,20,15.8,18.46,26.6,21.0,22.0,10.0,2.0,36.6,52.0
12,8,19,15.64,18.26,26.2,21.0,22.0,20.0,3.0,46.2,53.6
12,9,19,15.49,18.06,25.7,20.0,22.0,10.0,3.0,35.7,45.1
12,10,19,15.34,17.86,25.2,20.0,22.0,10.0,3.0,35.2,46.6
12,11,19,15.19,17.66,24.7,20.0,22.0,10.0,3.0,34.7,48.1
12,12,19,15.04,17.46,24.2,20.0,21.0,10.0,2.0,34.2,49.6
12,13,19,15.89,18.26,23.7,21.0,22.0,20.0,3.0,43.7,51.1
12,14,19,15.74,18.06,23.2,21.0,22.0,20.0,3.0,43.2,52.6
12,15,19,15.59,17.86,22.7,21.0,22.0,20.0,3.0,42.7,54.1
12,16,19,15.44,17.66,22.2,21.0,22.0,20.0,3.0,42.2,55.6
12,17,19,15.28,17.46,21.8,20.0,22.0,10.0,3.0,31.8,47.2
12,18,18,15.13,17.26,21.3,20.0,22.0,20.0,4.0,41.3,48.7
12,19,19,15.98,18.06,20.8,21.0,23.0,20.0,4.0,40.8,50.2
12,20,19,15.83,17.86,20.3,21.0,22.0,20.0,3.0,40.3,51.7
12,21,19,15.68,17.67,19.9,21.0,22.0,20.0,3.0,39.9,53.2
12,22,19,15.53,17.49,19.6,21.0,22.0,20.0,3.0,39.6,54.7
12,23,19,15.39,17.31,19.2,21.0,22.0,20.0,3.0,39.2,56.1
12,24,19,15.3,17.12,18.2,21.0,22.0,20.0,3.0,38.2,57.0
12,25,18,15.22,16.94,17.2,21.0,22.0,30.0,4.0,47.2,57.8
12,26,19,16.14,17.75,16.1,21.0,23.0,20.0,4.0,36.1,48.6
12,27,19,16.05,17.57,15.2,21.0,23.0,20.0,4.0,35.2,49.5
12,28,19,15.97,17.38,14.1,21.0,23.0,20.0,4.0,34.1,50.3
12,29,19,15.89,17.21,13.2,21.0,22.0,20.0,3.0,33.2,51.1
12,30,19,15.8,17.04,12.4,21.0,22.0,20.0,3.0,32.4,52.0
12,31,19,15.72,16.88,11.6,21.0,22.0,20.0,3.0,31.6,52.8
12,32,19,15.64,16.72,10.8,21.0,22.0,20.0,3.0,30.8,53.6
12,33,19,16.55,17.56,10.1,22.0,23.0,30.0,4.0,40.1,54.5
12,34,19,16.47,17.4,9.3,21.0,23.0,20.0,4.0,29.3,45.3
12,35,19,16.39,17.24,8.5,21.0,23.0,20.0,4.0,28.5,46.1
12,36,19,16.3,17.08,7.8,21.0,23.0,20.0,4.0,27.8,47.0
12,37,19,16.22,16.92,7.0,21.0,22.0,20.0,3.0,27.0,47.8
12,38,19,16.14,16.75,6.1,21.0,22.0,20.0,3.0,26.1,48.6
12,39,19,17.05,17.59,5.4,22.0,23.0,30.0,4.0,35.4,49.5
12,40,19,16.97,17.43,4.6,22.0,23.0,30.0,4.0,34.6,50.3
12,41,19,16.89,17.27,3.8,22.0,23.0,30.0,4.0,33.8,51.1
12,42,19,16.8,17.11,3.1,21.0,23.0,20.0,4.0,23.1,42.0
12,43,19,16.64,16.95,3.1,21.0,23.0,20.0,4.0,23.1,43.6
12,44,19,16.49,16.79,3.0,21.0,23.0,20.0,4.0,23.0,45.1
12,45,19,16.33,16.63,3.0,21.0,22.0,20.0,3.0,23.0,46.7
12,46,20,17.18,17.47,2.9,22.0,23.0,20.0,3.0,22.9,48.2
12,47,19,17.02,17.3,2.8,22.0,23.0,30.0,4.0,32.8,49.8
12,48,19,16.87,17.14,2.7,22.0,23.0,30.0,4.0,32.7,51.3
12,49,19,16.72,16.98,2.6,22.0,23.0,30.0,4.0,32.6,52.8
13,0,23,21.15,21.4,2.5,26.0,27.0,30.0,4.0,32.5,48.5
13,1,23,20.99,21.24,2.5,26.0,27.0,30.0,4.0,32.5,50.1
13,2,23,20.84,21.08,2.4,26.0,27.0,30.0,4.0,32.4,51.6
13,3,23,20.68,20.92,2.4,26.0,27.0,30.0,4.0,32.4,53.2
13,4,23,20.53,20.76,2.3,26.0,27.0,30.0,4.0,32.3,54.7
13,5,23,20.37,20.6,2.3,26.0,27.0,30.0,4.0,32.3,56.3
13,6,23,20.98,21.44,4.6,26.0,28.0,30.0,5.0,34.6,50.2
13,7,24,20.53,21.28,7.5,26.0,28.0,20.0,4.0,27.5,54.7
13,8,23,20.09,21.12,10.3,26.0,27.0,30.0,4.0,40.3,59.1
13,9,23,19.65,20.95,13.0,26.0,27.0,30.0,4.0,43.0,63.5
13,10,23,19.21,20.79,15.8,26.0,27.0,30.0,4.0,45.8,67.9
13,11,23,18.93,20.68,17.5,26.0,27.0,30.0,4.0,47.5,70.7
13,12,23,18.84,20.65,18.1,26.0,27.0,30.0,4.0,48.1,71.6
13,13,23,19.76,21.61,18.5,27.0,28.0,40.0,5.0,58.5,72.4
13,14,23,19.68,21.57,18.9,26.0,28.0,30.0,5.0,48.9,63.2
13,15,23,19.59,21.53,19.4,26.0,28.0,30.0,5.0,49.4,64.1
13,16,23,19.51,21.5,19.9,26.0,28.0,30.0,5.0,49.9,64.9
13,17,23,19.42,21.46,20.4,26.0,27.0,30.0,4.0,50.4,65.8
13,18,23,19.34,21.34,20.0,26.0,27.0,30.0,4.0,50.0,66.6
13,19,24,19.25,21.12,18.7,26.0,27.0,20.0,3.0,38.7,67.5
13,20,25,20.17,21.9,17.3,27.0,28.0,20.0,3.0,37.3,68.3
13,21,25,20.09,21.68,15.9,27.0,28.0,20.0,3.0,35.9,69.1
13,22,25,20.0,21.46,14.6,26.0,28.0,10.0,3.0,24.6,60.0
13,23,24,19.92,21.23,13.1,26.0,28.0,20.0,4.0,33.1,60.8
13,24,24,19.83,21.01,11.8,26.0,28.0,20.0,4.0,31.8,61.7
13,25,24,19.75,20.79,10.4,26.0,27.0,20.0,3.0,30.4,62.5
13,26,25,20.64,21.57,9.3,27.0,28.0,20.0,3.0,29.3,63.6
13,27,25,20.47,21.34,8.7,27.0,28.0,20.0,3.0,28.7,65.3
13,28,25,20.31,21.12,8.1,27.0,28.0,20.0,3.0,28.1,66.9
13,29,25,20.14,20.9,7.6,27.0,28.0,20.0,3.0,27.6,68.6
13,30,25,19.98,20.71,7.3,27.0,28.0,20.0,3.0,27.3,70.2
13,31,24,19.81,20.54,7.3,26.0,28.0,20.0,4.0,27.3,61.9
13,32,24,19.65,20.38,7.3,26.0,28.0,20.0,4.0,27.3,63.5
13,33,25,20.48,21.21,7.3,27.0,28.0,20.0,3.0,27.3,65.2
13,34,25,20.32,21.04,7.2,27.0,28.0,20.0,3.0,27.2,66.8
13,35,25,20.15,20.88,7.3,27.0,28.0,20.0,3.0,27.3,68.5
13,36,25,19.99,20.71,7.2,27.0,28.0,20.0,3.0,27.2,70.1
13,37,25,19.82,20.55,7.3,27.0,28.0,20.0,3.0,27.3,71.8
13,38,25,19.65,20.38,7.3,27.0,28.0,20.0,3.0,27.3,73.5
13,39,25,19.49,20.22,7.3,26.0,28.0,10.0,3.0,17.3,65.1
13,40,25,20.32,21.05,7.3,27.0,29.0,20.0,4.0,27.3,66.8
13,41,22,20.16,20.89,7.3,27.0,29.0,50.0,7.0,57.3,68.4
13,42,25,20.0,20.72,7.2,27.0,28.0,20.0,3.0,27.2,70.0
13,43,25,19.94,20.56,6.2,27.0,28.0,20.0,3.0,26.2,70.6
13,44,22,19.89,20.39,5.0,27.0,28.0,50.0,6.0,55.0,71.1
13,45,22,19.83,20.22,3.9,27.0,28.0,50.0,6.0,53.9,71.7
13,46,26,20.77,21.06,2.9,28.0,29.0,20.0,3.0,22.9,72.3
13,47,26,20.72,20.89,1.7,28.0,29.0,20.0,3.0,21.7,72.8
13,48,25,20.62,20.72,1.0,27.0,29.0,20.0,4.0,21.0,63.8
13,49,22,20.4,20.53,1.3,27.0,29.0,50.0,7.0,51.3,66.0
14,0,27,21.62,21.78,1.6,29.0,30.0,20.0,3.0,21.6,73.8
14,1,27,21.41,21.59,1.8,29.0,30.0,20.0,3.0,21.8,75.9
14,2,24,22.21,22.44,2.3,29.0,31.0,50.0,7.0,52.3,67.9
14,3,24,22.08,22.39,3.1,29.0,31.0,50.0,7.0,53.1,69.2
14,4,24,21.95,22.35,4.0,29.0,31.0,50.0,7.0,54.0,70.5
14,5,24,21.83,22.31,4.8,29.0,30.0,50.0,6.0,54.8,71.7
14,6,27,21.7,22.26,5.6,29.0,30.0,20.0,3.0,25.6,73.0
14,7,27,22.57,23.22,6.5,30.0,31.0,30.0,4.0,36.5,74.3
14,8,27,22.44,23.13,6.9,30.0,31.0,30.0,4.0,36.9,75.6
14,9,24,22.32,22.98,6.6,30.0,31.0,60.0,7.0,66.6,76.8
14,10,24,22.19,22.82,6.3,29.0,31.0,50.0,7.0,56.3,68.1
14,11,24,22.06,22.66,6.0,29.0,31.0,50.0,7.0,56.0,69.4
14,12,28,22.93,23.51,5.8,30.0,32.0,20.0,4.0,25.8,70.7
14,13,28,22.81,23.35,5.4,30.0,31.0,20.0,3.0,25.4,71.9
14,14,24,22.68,23.19,5.1,30.0,31.0,60.0,7.0,65.1,73.2
14,15,24,22.55,23.04,4.9,30.0,31.0,60.0,7.0,64.9,74.5
14,16,24,22.42,22.88,4.6,30.0,31.0,60.0,7.0,64.6,75.8
14,17,25,23.3,23.72,4.2,31.0,32.0,60.0,7.0,64.2,77.0
14,18,25,23.17,23.57,4.0,30.0,32.0,50.0,7.0,54.0,68.3
14,19,25,23.04,23.41,3.7,30.0,32.0,50.0,7.0,53.7,69.6
14,20,25,22.91,23.25,3.4,30.0,31.0,50.0,6.0,53.4,70.9
14,21,25,22.79,23.1,3.1,30.0,31.0,50.0,6.0,53.1,72.1
14,22,26,23.66,23.94,2.8,31.0,32.0,50.0,6.0,52.8,73.4
14,23,25,23.53,23.78,2.5,31.0,32.0,60.0,7.0,62.5,74.7
14,24,25,23.4,23.63,2.3,31.0,32.0,60.0,7.0,62.3,76.0
14,25,25,23.28,23.47,1.9,30.0,32.0,50.0,7.0,51.9,67.2
14,26,25,23.15,23.31,1.6,30.0,32.0,50.0,7.0,51.6,68.5
14,27,26,24.02,24.16,1.4,31.0,33.0,50.0,7.0,51.4,69.8
14,28,26,23.89,24.0,1.1,31.0,32.0,50.0,6.0,51.1,71.1
14,29,26,23.77,23.84,0.7,31.0,32.0,50.0,6.0,50.7,72.3
14,30,25,23.64,23.69,0.5,31.0,32.0,60.0,7.0,60.5,73.6
14,31,25,23.51,23.53,0.2,31.0,32.0,60.0,7.0,60.2,74.9
14,32,26,24.38,24.37,-0.1,32.0,33.0,60.0,7.0,59.9,76.2
14,33,26,24.25,24.22,-0.3,31.0,33.0,50.0,7.0,49.7,67.5
14,34,25,24.0,24.06,0.6,31.0,33.0,60.0,8.0,60.6,70.0
14,35,25,23.75,23.9,1.5,31.0,33.0,60.0,8.0,61.5,72.5
14,36,25,23.5,23.74,2.4,31.0,32.0,60.0,7.0,62.4,75.0
14,37,26,24.25,24.57,3.2,32.0,33.0,60.0,7.0,63.2,77.5
14,38,26,24.0,24.4,4.0,32.0,33.0,60.0,7.0,64.0,80.0
14,39,26,23.75,24.22,4.7,32.0,33.0,60.0,7.0,64.7,82.5
14,40,25,23.5,24.04,5.4,32.0,33.0,70.0,8.0,75.4,85.0
14,41,25,23.35,23.86,5.1,31.0,33.0,60.0,8.0,65.1,76.5
14,42,26,24.2,24.69,4.9,32.0,34.0,60.0,8.0,64.9,78.0
14,43,26,24.05,24.51,4.6,32.0,34.0,60.0,8.0,64.6,79.5
14,44,26,23.9,24.33,4.3,32.0,33.0,60.0,7.0,64.3,81.0
14,45,26,23.75,24.15,4.0,32.0,33.0,60.0,7.0,64.0,82.5
14,46,26,23.6,23.98,3.8,32.0,33.0,60.0,7.0,63.8,84.0
14,47,26,24.45,24.8,3.5,33.0,34.0,70.0,8.0,73.5,85.5
14,48,26,24.3,24.62,3.2,33.0,34.0,70.0,8.0,73.2,87.0
14,49,26,24.15,24.44,2.9,32.0,34.0,60.0,8.0,62.9,78.5
15,0,21,19.02,19.06,0.4,27.0,29.0,60.0,8.0,60.4,79.8
15,1,21,19.05,18.88,-1.7,27.0,28.0,60.0,7.0,58.3,79.5
15,2,20,19.08,18.71,-3.7,27.0,28.0,70.0,8.0,66.3,79.2
15,3,21,20.11,19.53,-5.8,28.0,29.0,70.0,8.0,64.2,78.9
15,4,21,20.14,19.35,-7.9,28.0,29.0,70.0,8.0,62.1,78.6
15,5,21,20.17,19.17,-10.0,28.0,29.0,70.0,8.0,60.0,78.3
15,6,21,20.2,19.0,-12.0,27.0,29.0,60.0,8.0,48.0,68.0
15,7,21,20.23,18.82,-14.1,27.0,29.0,60.0,8.0,45.9,67.7
15,8,22,21.26,19.64,-16.2,28.0,30.0,60.0,8.0,43.8,67.4
15,9,22,21.29,19.53,-17.6,28.0,29.0,60.0,7.0,42.4,67.1
15,10,21,21.22,19.42,-18.0,28.0,29.0,70.0,8.0,52.0,67.8
15,11,21,21.13,19.32,-18.1,28.0,29.0,70.0,8.0,51.9,68.7
15,12,21,21.03,19.22,-18.1,28.0,29.0,70.0,8.0,51.9,69.7
15,13,22,21.94,20.11,-18.3,29.0,30.0,70.0,8.0,51.7,70.6
15,14,22,21.84,20.01,-18.3,28.0,30.0,60.0,8.0,41.7,61.6
15,15,22,21.75,19.9,-18.5,28.0,30.0,60.0,8.0,41.5,62.5
15,16,22,21.65,19.8,-18.5,28.0,30.0,60.0,8.0,41.5,63.5
15,17,23,22.56,20.69,-18.7,29.0,30.0,60.0,7.0,41.3,64.4
15,18,23,22.46,20.59,-18.7,29.0,30.0,60.0,7.0,41.3,65.4
15,19,23,22.37,20.48,-18.9,29.0,30.0,60.0,7.0,41.1,66.3
15,20,23,22.27,20.38,-18.9,29.0,30.0,60.0,7.0,41.1,67.3
15,21,23,22.18,20.28,-19.0,29.0,30.0,60.0,7.0,41.0,68.2
15,22,24,23.08,21.17,-19.1,29.0,31.0,50.0,7.0,30.9,59.2
15,23,23,22.99,21.07,-19.2,29.0,31.0,60.0,8.0,40.8,60.1
15,24,23,22.89,20.91,-19.8,29.0,31.0,60.0,8.0,40.2,61.1
15,25,23,22.79,20.72,-20.7,29.0,30.0,60.0,7.0,39.3,62.1
15,26,22,22.7,20.54,-21.6,29.0,30.0,70.0,8.0,48.4,63.0
15,27,23,23.61,21.35,-22.6,30.0,31.0,70.0,8.0,47.4,63.9
15,28,23,23.52,21.16,-23.6,30.0,31.0,70.0,8.0,46.4,64.8
15,29,24,23.43,20.98,-24.5,29.0,31.0,50.0,7.0,25.5,55.7
15,30,23,23.34,20.73,-26.1,29.0,31.0,60.0,8.0,33.9,56.6
15,31,23,23.25,20.49,-27.6,29.0,30.0,60.0,7.0,32.4,57.5
15,32,24,24.15,21.24,-29.1,30.0,31.0,60.0,7.0,30.9,58.5
15,33,24,24.04,20.99,-30.5,30.0,31.0,60.0,7.0,29.5,59.6
15,34,24,23.79,20.75,-30.4,29.0,31.0,50.0,7.0,19.6,52.1
15,35,24,23.55,20.5,-30.5,29.0,31.0,50.0,7.0,19.5,54.5
15,36,23,23.3,20.26,-30.4,29.0,30.0,60.0,7.0,29.6,57.0
15,37,24,24.05,21.01,-30.4,30.0,31.0,60.0,7.0,29.6,59.5
15,38,25,23.81,21.03,-27.8,29.0,31.0,40.0,6.0,12.2,51.9
15,39,25,23.56,21.08,-24.8,29.0,31.0,40.0,6.0,15.2,54.4
15,40,24,23.31,21.12,-21.9,29.0,30.0,50.0,6.0,28.1,56.9
15,41,24,23.07,20.9,-21.7,29.0,30.0,50.0,6.0,28.3,59.3
15,42,25,23.82,21.68,-21.4,30.0,31.0,50.0,6.0,28.6,61.8
15,43,25,23.57,21.46,-21.1,29.0,31.0,40.0,6.0,18.9,54.3
15,44,24,23.33,21.24,-20.9,29.0,31.0,50.0,7.0,29.1,56.7
15,45,24,23.08,21.02,-20.6,29.0,30.0,50.0,6.0,29.4,59.2
15,46,24,22.83,20.8,-20.3,28.0,30.0,40.0,6.0,19.7,51.7
15,47,25,23.59,21.61,-19.8,29.0,31.0,40.0,6.0,20.2,54.1
15,48,25,23.35,21.45,-19.0,29.0,30.0,40.0,5.0,21.0,56.5
15,49,24,23.1,21.3,-18.0,29.0,30.0,50.0,6.0,32.0,59.0
16,0,25,23.39,21.7,-16.9,29.0,30.0,40.0,5.0,23.1,56.1
16,1,25,23.14,21.55,-15.9,29.0,30.0,40.0,5.0,24.1,58.6
16,2,25,22.9,21.39,-15.1,28.0,30.0,30.0,5.0,14.9,51.0
16,3,24,22.66,21.24,-14.2,28.0,30.0,40.0,6.0,25.8,53.4
16,4,25,23.41,22.11,-13.0,29.0,30.0,40.0,5.0,27.0,55.9
16,5,25,23.17,21.99,-11.8,29.0,30.0,40.0,5.0,28.2,58.3
16,6,25,22.93,21.87,-10.6,29.0,30.0,40.0,5.0,29.4,60.7
16,7,25,22.68,21.75,-9.3,28.0,30.0,30.0,5.0,20.7,53.2
16,8,24,22.82,21.63,-11.9,28.0,30.0,40.0,6.0,28.1,51.8
16,9,26,24.03,22.51,-15.2,29.0,30.0,30.0,4.0,14.8,49.7
16,10,25,24.24,22.39,-18.5,29.0,30.0,40.0,5.0,21.5,47.6
16,11,25,24.45,22.28,-21.7,29.0,30.0,40.0,5.0,18.3,45.5
16,12,24,24.66,22.16,-25.0,28.0,30.0,40.0,6.0,15.0,33.4
16,13,25,25.86,23.05,-28.1,29.0,31.0,40.0,6.0,11.9,31.4
16,14,25,26.07,22.94,-31.3,29.0,31.0,40.0,6.0,8.7,29.3
16,15,25,26.28,22.77,-35.1,29.0,30.0,40.0,5.0,4.9,27.2
16,16,27,26.49,22.56,-39.3,29.0,30.0,20.0,3.0,-19.3,25.1
16,17,27,26.7,22.35,-43.5,29.0,30.0,20.0,3.0,-23.5,23.0
16,18,27,27.91,23.14,-47.7,30.0,31.0,30.0,4.0,-17.7,20.9
16,19,28,27.95,22.93,-50.2,30.0,31.0,20.0,3.0,-30.2,20.5
16,20,27,27.76,22.73,-50.3,29.0,31.0,20.0,4.0,-30.3,12.4
16,21,27,27.57,22.48,-50.9,29.0,31.0,20.0,4.0,-30.9,14.3
16,22,27,27.38,22.11,-52.7,29.0,30.0,20.0,3.0,-32.7,16.2
16,23,28,28.19,22.73,-54.6,30.0,31.0,20.0,3.0,-34.6,18.1
16,24,27,28.0,22.36,-56.4,30.0,31.0,30.0,4.0,-26.4,20.0
16,25,25,27.82,21.98,-58.4,30.0,31.0,50.0,6.0,-8.4,21.8
16,26,27,27.63,21.88,-57.5,30.0,31.0,30.0,4.0,-27.5,23.7
16,27,27,27.44,21.78,-56.6,30.0,31.0,30.0,4.0,-26.6,25.6
16,28,27,28.25,22.68,-55.7,30.0,32.0,30.0,5.0,-25.7,17.5
16,29,27,28.06,22.57,-54.9,30.0,32.0,30.0,5.0,-24.9,19.4
16,30,27,27.87,22.24,-56.3,30.0,32.0,30.0,5.0,-26.3,21.3
16,31,26,27.68,21.91,-57.7,30.0,31.0,40.0,5.0,-17.7,23.2
16,32,26,27.49,21.57,-59.2,30.0,31.0,40.0,5.0,-19.2,25.1
16,33,27,28.31,22.52,-57.9,31.0,32.0,40.0,5.0,-17.9,26.9
16,34,27,28.12,22.52,-56.0,31.0,32.0,40.0,5.0,-16.0,28.8
16,35,28,27.93,22.52,-54.1,31.0,32.0,30.0,4.0,-24.1,30.7
16,36,26,27.66,22.52,-51.4,30.0,32.0,40.0,6.0,-11.4,23.4
16,37,25,28.34,23.22,-51.2,31.0,33.0,60.0,8.0,8.8,26.6
16,38,25,28.02,22.93,-50.9,31.0,33.0,60.0,8.0,9.1,29.8
16,39,27,27.7,22.63,-50.7,31.0,32.0,40.0,5.0,-10.7,33.0
16,40,24,27.38,22.34,-50.4,31.0,32.0,70.0,8.0,19.6,36.2
16,41,24,27.06,22.05,-50.1,31.0,32.0,70.0,8.0,19.9,39.4
16,42,25,27.74,22.75,-49.9,32.0,33.0,70.0,8.0,20.1,42.6
16,43,26,27.42,22.46,-49.6,32.0,33.0,60.0,7.0,10.4,45.8
16,44,26,27.09,22.16,-49.3,31.0,33.0,50.0,7.0,0.7,39.1
16,45,26,26.77,21.87,-49.0,31.0,33.0,50.0,7.0,1.0,42.3
16,46,26,26.45,21.57,-48.8,31.0,32.0,50.0,6.0,1.2,45.5
16,47,27,27.13,22.28,-48.5,32.0,33.0,50.0,6.0,1.5,48.7
16,48,27,26.81,21.98,-48.3,32.0,33.0,50.0,6.0,1.7,51.9
16,49,27,26.34,21.85,-44.9,32.0,33.0,50.0,6.0,5.1,56.6
17,0,28,28.35,24.64,-37.1,34.0,36.0,60.0,8.0,22.9,56.5
17,1,28,27.82,24.71,-31.1,34.0,35.0,60.0,7.0,28.9,61.8
17,2,27,27.29,24.78,-25.1,34.0,35.0,70.0,8.0,44.9,67.1
17,3,28,27.76,25.85,-19.1,35.0,36.0,70.0,8.0,50.9,72.4
17,4,28,27.23,25.9,-13.3,35.0,36.0,70.0,8.0,56.7,77.7
17,5,28,26.7,25.65,-10.5,35.0,36.0,70.0,8.0,59.5,83.0
17,6,27,26.16,25.4,-7.6,35.0,36.0,80.0,9.0,72.4,88.4
17,7,26,25.63,25.15,-4.8,34.0,36.0,80.0,10.0,75.2,83.7
17,8,26,25.1,24.9,-2.0,34.0,36.0,80.0,10.0,78.0,89.0
17,9,27,25.74,25.65,-0.9,35.0,36.0,80.0,9.0,79.1,92.6
17,10,27,25.52,25.4,-1.2,35.0,36.0,80.0,9.0,78.8,94.8
17,11,26,25.3,25.15,-1.5,35.0,36.0,90.0,10.0,88.5,97.0
17,12,26,25.08,24.9,-1.8,35.0,36.0,90.0,10.0,88.2,99.2
17,13,26,24.85,24.65,-2.0,35.0,36.0,90.0,10.0,88.0,101.5
17,14,26,24.63,24.5,-1.3,35.0,36.0,90.0,10.0,88.7,103.7
17,15,26,24.41,24.42,0.1,34.0,36.0,80.0,10.0,80.1,95.9
17,16,27,25.18,25.23,0.5,35.0,37.0,80.0,10.0,80.5,98.2
17,17,26,24.96,24.98,0.2,35.0,36.0,90.0,10.0,90.2,100.4
17,18,26,24.74,24.73,-0.1,35.0,36.0,90.0,10.0,89.9,102.6
17,19,26,24.52,24.48,-0.4,35.0,36.0,90.0,10.0,89.6,104.8
17,20,26,24.29,24.23,-0.6,35.0,36.0,90.0,10.0,89.4,107.1
17,21,25,24.07,23.98,-0.9,35.0,36.0,100.0,11.0,99.1,109.3
17,22,26,24.85,24.73,-1.2,36.0,37.0,100.0,11.0,98.8,111.5
17,23,26,24.62,24.54,-0.8,35.0,37.0,90.0,11.0,89.2,103.8
17,24,26,24.4,24.36,-0.4,35.0,37.0,90.0,11.0,89.6,106.0
17,25,26,24.18,24.18,0.0,35.0,37.0,90.0,11.0,90.0,108.2
17,26,25,23.96,24.0,0.4,35.0,36.0,100.0,11.0,100.4,110.4
17,27,25,23.73,23.82,0.9,35.0,36.0,100.0,11.0,100.9,112.7
17,28,26,24.51,24.64,1.3,36.0,37.0,100.0,11.0,101.3,114.9
17,29,26,24.29,24.46,1.7,36.0,37.0,100.0,11.0,101.7,117.1
17,30,26,24.06,24.28,2.2,36.0,37.0,100.0,11.0,102.2,119.4
17,31,26,23.84,24.11,2.7,35.0,37.0,90.0,11.0,92.7,111.6
17,32,26,23.62,23.89,2.7,35.0,37.0,90.0,11.0,92.7,113.8
17,33,25,23.39,23.66,2.7,35.0,37.0,100.0,12.0,102.7,116.1
17,34,26,24.17,24.44,2.7,36.0,37.0,100.0,11.0,102.7,118.3
17,35,26,23.93,24.22,2.9,36.0,37.0,100.0,11.0,102.9,120.7
17,36,26,23.58,24.0,4.2,36.0,37.0,100.0,11.0,104.2,124.2
17,37,26,23.24,23.77,5.3,36.0,37.0,100.0,11.0,105.3,127.6
17,38,26,22.9,23.55,6.5,36.0,37.0,100.0,11.0,106.5,131.0
17,39,25,22.56,23.33,7.7,35.0,37.0,100.0,12.0,107.7,124.4
17,40,26,23.22,24.11,8.9,36.0,38.0,100.0,12.0,108.9,127.8
17,41,26,22.88,23.9,10.2,36.0,38.0,100.0,12.0,110.2,131.2
17,42,26,22.58,23.73,11.5,36.0,37.0,100.0,11.0,111.5,134.2
17,43,25,22.4,23.55,11.5,36.0,37.0,110.0,12.0,121.5,136.0
17,44,25,22.23,23.37,11.4,36.0,37.0,110.0,12.0,121.4,137.7
17,45,25,22.06,23.19,11.3,36.0,37.0,110.0,12.0,121.3,139.4
17,46,26,22.88,24.01,11.3,37.0,38.0,110.0,12.0,121.3,141.2
17,47,26,22.71,23.84,11.3,36.0,38.0,100.0,12.0,111.3,132.9
17,48,25,22.54,23.66,11.2,36.0,38.0,110.0,13.0,121.2,134.6
17,49,25,22.37,23.48,11.1,36.0,38.0,110.0,13.0,121.1,136.3
18,0,23,19.71,20.81,11.0,34.0,35.0,110.0,12.0,121.0,142.9
18,1,23,19.53,20.64,11.1,33.0,35.0,100.0,12.0,111.1,134.7
18,2,22,19.36,20.46,11.0,33.0,35.0,110.0,13.0,121.0,136.4
18,3,22,19.19,20.28,10.9,33.0,35.0,110.0,13.0,120.9,138.1
18,4,22,19.01,20.1,10.9,33.0,34.0,110.0,12.0,120.9,139.9
18,5,22,18.89,19.92,10.3,33.0,34.0,110.0,12.0,120.3,141.1
18,6,22,18.78,19.75,9.7,33.0,34.0,110.0,12.0,119.7,142.2
18,7,22,19.67,20.6,9.3,34.0,35.0,120.0,13.0,129.3,143.3
18,8,22,19.56,20.44,8.8,34.0,35.0,120.0,13.0,128.8,144.4
18,9,23,19.44,20.29,8.5,33.0,35.0,100.0,12.0,108.5,135.6
18,10,23,19.33,20.13,8.0,33.0,35.0,100.0,12.0,108.0,136.7
18,11,22,19.22,19.98,7.6,33.0,35.0,110.0,13.0,117.6,137.8
18,12,22,19.11,19.82,7.1,33.0,34.0,110.0,12.0,117.1,138.9
18,13,23,19.99,20.67,6.8,34.0,35.0,110.0,12.0,116.8,140.1
18,14,22,19.88,20.51,6.3,34.0,35.0,120.0,13.0,126.3,141.2
18,15,24,19.77,20.36,5.9,34.0,35.0,100.0,11.0,105.9,142.3
18,16,22,19.66,20.39,7.3,34.0,35.0,120.0,13.0,127.3,143.4
18,17,23,19.54,20.44,9.0,34.0,35.0,110.0,12.0,119.0,144.6
18,18,23,19.43,20.49,10.6,33.0,35.0,100.0,12.0,110.6,135.7
18,19,23,19.32,20.54,12.2,33.0,35.0,100.0,12.0,112.2,136.8
18,20,24,20.21,21.59,13.8,34.0,35.0,100.0,11.0,113.8,137.9
18,21,24,20.1,21.42,13.2,34.0,35.0,100.0,11.0,113.2,139.0
18,22,22,19.98,21.13,11.5,34.0,35.0,120.0,13.0,131.5,140.2
18,23,22,19.87,20.83,9.6,34.0,35.0,120.0,13.0,129.6,141.3
18,24,23,19.76,20.53,7.7,34.0,35.0,110.0,12.0,117.7,142.4
18,25,23,19.65,20.23,5.8,34.0,35.0,110.0,12.0,115.8,143.5
18,26,23,19.53,19.93,4.0,33.0,35.0,100.0,12.0,104.0,134.7
18,27,23,20.42,20.64,2.2,34.0,36.0,110.0,13.0,112.2,135.8
18,28,22,20.31,20.35,0.4,34.0,35.0,120.0,13.0,120.4,136.9
18,29,22,20.2,20.2,0.0,34.0,35.0,120.0,13.0,120.0,138.0
18,30,22,20.08,20.05,-0.3,34.0,35.0,120.0,13.0,119.7,139.2
18,31,22,19.96,19.89,-0.7,34.0,35.0,120.0,13.0,119.3,140.4
18,32,21,19.6,19.74,1.4,34.0,35.0,130.0,14.0,131.4,144.0
18,33,22,20.24,20.59,3.5,34.0,36.0,120.0,14.0,123.5,137.6
18,34,22,19.88,20.44,5.6,34.0,36.0,120.0,14.0,125.6,141.2
18,35,22,19.52,20.29,7.7,34.0,36.0,120.0,14.0,127.7,144.8
18,36,21,19.16,20.14,9.8,34.0,35.0,130.0,14.0,139.8,148.4
18,37,21,18.88,19.99,11.1,34.0,35.0,130.0,14.0,141.1,151.2
18,38,21,18.77,19.84,10.7,34.0,35.0,130.0,14.0,140.7,152.3
18,39,21,18.67,19.69,10.2,34.0,35.0,130.0,14.0,140.2,153.3
18,40,22,19.57,20.5,9.3,35.0,36.0,130.0,14.0,139.3,154.3
18,41,22,19.46,20.3,8.4,34.0,36.0,120.0,14.0,128.4,145.4
18,42,22,19.36,20.1,7.4,34.0,36.0,120.0,14.0,127.4,146.4
18,43,21,19.26,19.9,6.4,34.0,35.0,130.0,14.0,136.4,147.4
18,44,21,19.15,19.7,5.5,34.0,35.0,130.0,14.0,135.5,148.5
18,45,21,19.05,19.5,4.5,34.0,35.0,130.0,14.0,134.5,149.5
18,46,22,19.96,20.3,3.4,35.0,36.0,130.0,14.0,133.4,150.4
18,47,22,19.93,20.1,1.7,35.0,36.0,130.0,14.0,131.7,150.7
18,48,22,19.91,19.92,0.1,35.0,36.0,130.0,14.0,130.1,150.9
18,49,22,19.88,19.92,0.4,34.0,36.0,120.0,14.0,120.4,141.2
19,0,25,23.45,23.52,0.7,38.0,39.0,130.0,14.0,130.7,145.5
19,1,25,23.42,23.52,1.0,38.0,39.0,130.0,14.0,131.0,145.8
19,2,25,23.37,23.52,1.5,38.0,39.0,130.0,14.0,131.5,146.3
19,3,24,23.19,23.42,2.3,38.0,39.0,140.0,15.0,142.3,148.1
19,4,24,23.0,23.2,2.0,37.0,39.0,130.0,15.0,132.0,140.0
19,5,24,22.82,22.98,1.6,37.0,39.0,130.0,15.0,131.6,141.8
19,6,24,22.63,22.76,1.3,37.0,38.0,130.0,14.0,131.3,143.7
19,7,25,23.45,23.54,0.9,38.0,39.0,130.0,14.0,130.9,145.5
19,8,25,23.26,23.32,0.6,38.0,39.0,130.0,14.0,130.6,147.4
19,9,24,23.08,23.09,0.1,38.0,39.0,140.0,15.0,140.1,149.2
19,10,24,22.89,22.87,-0.2,38.0,39.0,140.0,15.0,139.8,151.1
19,11,24,22.71,22.65,-0.6,38.0,39.0,140.0,15.0,139.4,152.9
19,12,24,22.52,22.43,-0.9,37.0,39.0,130.0,15.0,129.1,144.8
19,13,24,22.34,22.21,-1.3,37.0,39.0,130.0,15.0,128.7,146.6
19,14,25,23.15,22.99,-1.6,38.0,39.0,130.0,14.0,128.4,148.5
19,15,25,22.97,22.77,-2.0,38.0,39.0,130.0,14.0,128.0,150.3
19,16,24,22.78,22.55,-2.3,38.0,39.0,140.0,15.0,137.7,152.2
19,17,24,22.61,22.34,-2.7,38.0,39.0,140.0,15.0,137.3,153.9
19,18,24,22.45,22.18,-2.7,38.0,39.0,140.0,15.0,137.3,155.5
19,19,24,22.29,22.03,-2.6,37.0,39.0,130.0,15.0,127.4,147.1
19,20,24,22.13,21.88,-2.5,37.0,39.0,130.0,15.0,127.5,148.7
19,21,24,21.97,21.73,-2.4,37.0,39.0,130.0,15.0,127.6,150.3
19,22,25,22.81,22.58,-2.3,38.0,39.0,130.0,14.0,127.7,151.9
19,23,25,22.65,22.42,-2.3,38.0,39.0,130.0,14.0,127.7,153.5
19,24,24,22.49,22.27,-2.2,38.0,39.0,140.0,15.0,137.8,155.1
19,25,24,22.33,22.12,-2.1,37.0,39.0,130.0,15.0,127.9,146.7
19,26,24,22.17,21.97,-2.0,37.0,39.0,130.0,15.0,128.0,148.3
19,27,24,22.01,21.81,-2.0,37.0,38.0,130.0,14.0,128.0,149.9
19,28,24,21.85,21.66,-1.9,37.0,38.0,130.0,14.0,128.1,151.5
19,29,24,21.69,21.51,-1.8,36.0,38.0,120.0,14.0,118.2,143.1
19,30,25,22.53,22.36,-1.7,37.0,39.0,120.0,14.0,118.3,144.7
19,31,25,22.37,22.2,-1.7,37.0,38.0,120.0,13.0,118.3,146.3
19,32,25,22.21,22.05,-1.6,37.0,38.0,120.0,13.0,118.4,147.9
19,33,24,22.05,21.9,-1.5,36.0,38.0,120.0,14.0,118.5,139.5
19,34,24,21.88,21.75,-1.3,36.0,38.0,120.0,14.0,118.7,141.2
19,35,24,21.71,21.6,-1.1,36.0,37.0,120.0,13.0,118.9,142.9
19,36,24,21.53,21.44,-0.9,35.0,37.0,110.0,13.0,109.1,134.7
19,37,24,21.36,21.29,-0.7,35.0,37.0,110.0,13.0,109.3,136.4
19,38,24,22.19,22.1,-0.9,36.0,37.0,120.0,13.0,119.1,138.1
19,39,24,22.02,21.92,-1.0,35.0,37.0,110.0,13.0,109.0,129.8
19,40,24,21.85,21.73,-1.2,35.0,37.0,110.0,13.0,108.8,131.5
19,41,23,21.67,21.55,-1.2,35.0,36.0,120.0,13.0,118.8,133.3
19,42,24,21.5,21.37,-1.3,34.0,36.0,100.0,12.0,98.7,125.0
19,43,24,21.33,21.18,-1.5,34.0,36.0,100.0,12.0,98.5,126.7
19,44,24,21.22,21.0,-2.2,34.0,35.0,100.0,11.0,97.8,127.8
19,45,23,21.15,20.81,-3.4,33.0,35.0,100.0,12.0,96.6,118.5
19,46,24,22.09,21.63,-4.6,34.0,36.0,100.0,12.0,95.4,119.1
19,47,24,22.02,21.44,-5.8,34.0,35.0,100.0,11.0,94.2,119.8
19,48,24,21.96,21.26,-7.0,33.0,35.0,90.0,11.0,83.0,110.4
19,49,24,21.89,21.07,-8.2,33.0,35.0,90.0,11.0,81.8,111.1
20,0,23,20.82,19.87,-9.5,32.0,33.0,90.0,10.0,80.5,111.8
20,1,23,20.76,19.68,-10.8,31.0,33.0,80.0,10.0,69.2,102.4
20,2,23,20.69,19.49,-12.0,31.0,32.0,80.0,9.0,68.0,103.1
20,3,23,20.63,19.29,-13.4,30.0,32.0,70.0,9.0,56.6,93.7
20,4,23,20.56,19.1,-14.6,30.0,32.0,70.0,9.0,55.4,94.4
20,5,22,20.49,18.9,-15.9,30.0,31.0,80.0,9.0,64.1,95.1
20,6,23,21.43,19.73,-17.0,30.0,32.0,70.0,9.0,53.0,85.7
20,7,23,21.36,19.56,-18.0,30.0,32.0,70.0,9.0,52.0,86.4
20,8,23,21.29,19.4,-18.9,30.0,31.0,70.0,8.0,51.1,87.1
20,9,23,20.99,19.23,-17.6,29.0,31.0,60.0,8.0,42.4,80.1
20,10,23,20.7,19.06,-16.4,29.0,31.0,60.0,8.0,43.6,83.0
20,11,24,21.4,19.89,-15.1,30.0,31.0,60.0,7.0,44.9,86.0
20,12,24,21.11,19.73,-13.8,30.0,31.0,60.0,7.0,46.2,88.9
20,13,24,20.81,19.56,-12.5,29.0,31.0,50.0,7.0,37.5,81.9
20,14,23,20.52,19.39,-11.3,29.0,31.0,60.0,8.0,48.7,84.8
20,15,23,20.23,19.22,-10.1,29.0,30.0,60.0,7.0,49.9,87.7
20,16,24,20.93,20.06,-8.7,30.0,31.0,60.0,7.0,51.3,90.7
20,17,24,20.64,19.89,-7.5,29.0,31.0,50.0,7.0,42.5,83.6
20,18,24,20.34,19.72,-6.2,29.0,30.0,50.0,6.0,43.8,86.6
20,19,22,20.09,19.56,-5.3,29.0,30.0,70.0,8.0,64.7,89.1
20,20,22,19.94,19.39,-5.5,29.0,30.0,70.0,8.0,64.5,90.6
20,21,22,20.79,20.22,-5.7,29.0,31.0,70.0,9.0,64.3,82.1
20,22,22,20.64,20.05,-5.9,29.0,31.0,70.0,9.0,64.1,83.6
20,23,22,20.49,19.89,-6.0,29.0,30.0,70.0,8.0,64.0,85.1
20,24,22,20.33,19.72,-6.1,29.0,30.0,70.0,8.0,63.9,86.7
20,25,24,20.18,19.55,-6.3,29.0,30.0,50.0,6.0,43.7,88.2
20,26,25,21.03,20.38,-6.5,30.0,31.0,50.0,6.0,43.5,89.7
20,27,25,20.88,20.22,-6.6,29.0,31.0,40.0,6.0,33.4,81.2
20,28,22,20.73,20.05,-6.8,29.0,31.0,70.0,9.0,63.2,82.7
20,29,22,20.58,19.88,-7.0,29.0,31.0,70.0,9.0,63.0,84.2
20,30,22,20.43,19.71,-7.2,29.0,30.0,70.0,8.0,62.8,85.7
20,31,22,21.26,20.55,-7.1,30.0,31.0,80.0,9.0,72.9,87.4
20,32,22,21.09,20.38,-7.1,30.0,31.0,80.0,9.0,72.9,89.1
20,33,22,20.92,20.21,-7.1,30.0,31.0,80.0,9.0,72.9,90.8
20,34,25,20.74,20.05,-6.9,30.0,31.0,50.0,6.0,43.1,92.6
20,35,25,20.57,19.88,-6.9,29.0,31.0,40.0,6.0,33.1,84.3
20,36,24,20.39,19.71,-6.8,29.0,31.0,50.0,7.0,43.2,86.1
20,37,25,21.22,20.54,-6.8,30.0,32.0,50.0,7.0,43.2,87.8
20,38,22,21.07,20.41,-6.6,30.0,31.0,80.0,9.0,73.4,89.3
20,39,23,20.96,20.33,-6.3,30.0,31.0,70.0,8.0,63.7,90.4
20,40,25,20.85,20.26,-5.9,30.0,31.0,50.0,6.0,44.1,91.5
20,41,25,20.74,20.18,-5.6,30.0,31.0,50.0,6.0,44.4,92.6
20,42,23,21.63,20.92,-7.1,31.0,32.0,80.0,9.0,72.9,93.7
20,43,22,21.51,20.65,-8.6,30.0,32.0,80.0,10.0,71.4,84.9
20,44,21,21.4,20.38,-10.2,30.0,32.0,90.0,11.0,79.8,86.0
20,45,25,21.24,20.1,-11.4,30.0,32.0,50.0,7.0,38.6,87.6
20,46,25,20.9,19.83,-10.7,30.0,31.0,50.0,6.0,39.3,91.0
20,47,25,21.57,20.56,-10.1,31.0,32.0,60.0,7.0,49.9,94.3
20,48,25,21.23,20.29,-9.4,31.0,32.0,60.0,7.0,50.6,97.7
20,49,25,20.89,20.02,-8.7,31.0,32.0,60.0,7.0,51.3,101.1
21,0,24,23.45,22.66,-7.9,34.0,35.0,100.0,11.0,92.1,105.5
21,1,24,23.12,22.39,-7.3,33.0,35.0,90.0,11.0,82.7,98.8
21,2,27,22.78,22.12,-6.6,33.0,35.0,60.0,8.0,53.4,102.2
21,3,27,22.44,21.85,-5.9,33.0,34.0,60.0,7.0,54.1,105.6
21,4,24,23.11,22.57,-5.4,34.0,35.0,100.0,11.0,94.6,108.9
21,5,27,22.77,22.3,-4.7,34.0,35.0,70.0,8.0,65.3,112.3
21,6,27,22.43,22.03,-4.0,34.0,35.0,70.0,8.0,66.0,115.7
21,7,24,23.09,22.76,-3.3,35.0,36.0,110.0,12.0,106.7,119.1
21,8,24,22.76,22.48,-2.8,34.0,36.0,100.0,12.0,97.2,112.4
21,9,24,22.38,22.22,-1.6,34.0,36.0,100.0,12.0,98.4,116.2
21,10,24,21.94,21.97,0.3,34.0,36.0,100.0,12.0,100.3,120.6
21,11,24,22.51,22.72,2.1,35.0,36.0,110.0,12.0,112.1,124.9
21,12,24,22.07,22.48,4.1,35.0,36.0,110.0,12.0,114.1,129.3
21,13,24,21.63,22.23,6.0,35.0,36.0,110.0,12.0,116.0,133.7
21,14,24,21.32,21.98,6.6,35.0,36.0,110.0,12.0,116.6,136.8
21,15,24,22.27,22.73,4.6,36.0,37.0,120.0,13.0,124.6,137.3
21,16,24,22.23,22.49,2.6,35.0,37.0,110.0,13.0,112.6,127.7
21,17,24,22.18,22.24,0.6,35.0,37.0,110.0,13.0,110.6,128.2
21,18,25,23.13,22.99,-1.4,36.0,38.0,110.0,13.0,108.6,128.7
21,19,24,23.09,22.74,-3.5,36.0,37.0,120.0,13.0,116.5,129.1
21,20,24,23.04,22.5,-5.4,36.0,37.0,120.0,13.0,114.6,129.6
21,21,24,22.9,22.25,-6.5,36.0,37.0,120.0,13.0,113.5,131.0
21,22,25,23.67,22.95,-7.2,37.0,38.0,120.0,13.0,112.8,133.3
21,23,24,23.44,22.58,-8.6,37.0,38.0,130.0,14.0,121.4,135.6
21,24,24,23.21,22.21,-10.0,36.0,38.0,120.0,14.0,110.0,127.9
21,25,24,22.97,21.84,-11.3,36.0,38.0,120.0,14.0,108.7,130.3
21,26,25,23.74,22.48,-12.6,37.0,39.0,120.0,14.0,107.4,132.6
21,27,25,23.51,22.11,-14.0,37.0,38.0,120.0,13.0,106.0,134.9
21,28,24,23.28,21.74,-15.4,37.0,38.0,130.0,14.0,114.6,137.2
21,29,25,24.05,22.37,-16.8,38.0,39.0,130.0,14.0,113.2,139.5
21,30,25,23.81,22.0,-18.1,38.0,39.0,130.0,14.0,111.9,141.9
21,31,25,23.58,22.22,-13.6,38.0,39.0,130.0,14.0,116.4,144.2
21,32,25,23.32,22.58,-7.4,38.0,39.0,130.0,14.0,122.6,146.8
21,33,25,24.03,23.94,-0.9,38.0,40.0,130.0,15.0,129.1,139.7
21,34,25,23.75,23.85,1.0,38.0,40.0,130.0,15.0,131.0,142.5
21,35,25,23.46,23.31,-1.5,38.0,40.0,130.0,15.0,128.5,145.4
21,36,24,23.17,22.77,-4.0,38.0,39.0,140.0,15.0,136.0,148.3
21,37,25,23.88,23.25,-6.3,39.0,40.0,140.0,15.0,133.7,151.2
21,38,25,23.6,23.0,-6.0,39.0,40.0,140.0,15.0,134.0,154.0
21,39,25,23.31,22.74,-5.7,39.0,40.0,140.0,15.0,134.3,156.9
21,40,25,24.02,23.48,-5.4,40.0,41.0,150.0,16.0,144.6,159.8
21,41,25,23.73,23.23,-5.0,39.0,41.0,140.0,16.0,135.0,152.7
21,42,27,23.45,22.97,-4.8,39.0,41.0,120.0,14.0,115.2,155.5
21,43,24,23.16,22.72,-4.4,39.0,41.0,150.0,17.0,145.6,158.4
21,44,25,23.87,23.46,-4.1,40.0,41.0,150.0,16.0,145.9,161.3
21,45,25,23.62,23.21,-4.1,40.0,41.0,150.0,16.0,145.9,163.8
21,46,25,23.37,22.95,-4.2,40.0,41.0,150.0,16.0,145.8,166.3
21,47,24,23.12,22.7,-4.2,40.0,41.0,160.0,17.0,155.8,168.8
21,48,25,23.87,23.44,-4.3,41.0,42.0,160.0,17.0,155.7,171.3
21,49,25,23.62,23.19,-4.3,40.0,42.0,150.0,17.0,145.7,163.8
22,0,21,20.32,19.88,-4.4,37.0,39.0,160.0,18.0,155.6,166.8
22,1,21,20.07,19.62,-4.5,37.0,39.0,160.0,18.0,155.5,169.3
22,2,22,20.83,20.37,-4.6,38.0,39.0,160.0,17.0,155.4,171.7
22,3,22,20.58,20.11,-4.7,38.0,39.0,160.0,17.0,155.3,174.2
22,4,22,20.33,19.86,-4.7,38.0,39.0,160.0,17.0,155.3,176.7
22,5,21,20.08,19.59,-4.9,38.0,39.0,170.0,18.0,165.1,179.2
22,6,21,19.83,19.21,-6.2,38.0,39.0,170.0,18.0,163.8,181.7
22,7,22,20.58,19.84,-7.4,38.0,40.0,160.0,18.0,152.6,174.2
22,8,21,20.34,19.47,-8.7,38.0,40.0,170.0,19.0,161.3,176.6
22,9,21,20.09,19.1,-9.9,38.0,40.0,170.0,19.0,160.1,179.1
22,10,21,19.84,18.73,-11.1,38.0,39.0,170.0,18.0,158.9,181.6
22,11,21,19.59,18.36,-12.3,38.0,39.0,170.0,18.0,157.7,184.1
22,12,23,19.34,17.99,-13.5,38.0,39.0,150.0,16.0,136.5,186.6
22,13,21,20.09,18.62,-14.7,39.0,40.0,180.0,19.0,165.3,189.1
22,14,21,19.85,18.25,-16.0,39.0,40.0,180.0,19.0,164.0,191.5
22,15,21,19.6,17.88,-17.2,38.0,40.0,170.0,19.0,152.8,184.0
22,16,21,19.35,17.56,-17.9,38.0,40.0,170.0,19.0,152.1,186.5
22,17,24,19.1,17.32,-17.8,38.0,40.0,140.0,16.0,122.2,189.0
22,18,24,18.85,17.07,-17.8,38.0,39.0,140.0,15.0,122.2,191.5
22,19,21,19.6,17.82,-17.8,39.0,40.0,180.0,19.0,162.2,194.0
22,20,24,19.42,17.57,-18.5,39.0,40.0,150.0,16.0,131.5,195.8
22,21,24,19.3,17.32,-19.8,39.0,40.0,150.0,16.0,130.2,197.0
22,22,24,19.19,17.08,-21.1,39.0,40.0,150.0,16.0,128.9,198.1
22,23,20,19.07,16.83,-22.4,39.0,40.0,190.0,20.0,167.6,199.3
22,24,21,19.95,17.58,-23.7,39.0,41.0,180.0,20.0,156.3,190.5
22,25,24,19.84,17.33,-25.1,39.0,41.0,150.0,17.0,124.9,191.6
22,26,20,19.72,17.08,-26.4,39.0,40.0,190.0,20.0,163.6,192.8
22,27,20,19.49,16.84,-26.5,39.0,40.0,190.0,20.0,163.5,195.1
22,28,19,19.19,16.59,-26.0,39.0,40.0,200.0,21.0,174.0,198.1
22,29,23,18.89,16.34,-25.5,39.0,40.0,160.0,17.0,134.5,201.1
22,30,24,19.6,17.09,-25.1,40.0,41.0,160.0,17.0,134.9,204.0
22,31,19,19.3,16.84,-24.6,40.0,41.0,210.0,22.0,185.4,207.0
22,32,19,19.0,16.6,-24.0,39.0,41.0,200.0,22.0,176.0,200.0
22,33,19,18.71,16.36,-23.5,39.0,41.0,200.0,22.0,176.5,202.9
22,34,19,18.41,16.12,-22.9,39.0,40.0,200.0,21.0,177.1,205.9
22,35,20,19.12,16.88,-22.4,40.0,41.0,200.0,21.0,177.6,208.8
22,36,20,18.82,16.64,-21.8,40.0,41.0,200.0,21.0,178.2,211.8
22,37,23,18.52,16.4,-21.2,40.0,41.0,170.0,18.0,148.8,214.8
22,38,18,18.23,16.16,-20.7,40.0,41.0,220.0,23.0,199.3,217.7
22,39,19,17.93,15.92,-20.1,40.0,41.0,210.0,22.0,189.9,220.7
22,40,19,17.61,15.68,-19.3,39.0,41.0,200.0,22.0,180.7,213.9
22,41,23,18.29,16.43,-18.6,40.0,42.0,170.0,19.0,151.4,217.1
22,42,23,17.97,16.19,-17.8,40.0,41.0,170.0,18.0,152.2,220.3
22,43,18,17.65,15.95,-17.0,40.0,41.0,220.0,23.0,203.0,223.5
22,44,18,17.33,15.71,-16.2,40.0,41.0,220.0,23.0,203.8,226.7
22,45,18,17.0,15.47,-15.3,40.0,41.0,220.0,23.0,204.7,230.0
22,46,18,16.68,15.23,-14.5,40.0,41.0,220.0,23.0,205.5,233.2
22,47,23,17.36,15.99,-13.7,41.0,42.0,180.0,19.0,166.3,236.4
22,48,18,17.04,15.75,-12.9,40.0,42.0,220.0,24.0,207.1,229.6
22,49,18,16.72,15.51,-12.1,40.0,42.0,220.0,24.0,207.9,232.8
23,0,20,18.73,17.65,-10.8,42.0,44.0,220.0,24.0,209.2,232.7
23,1,19,18.41,17.41,-10.0,42.0,44.0,230.0,25.0,220.0,235.9
23,2,20,18.09,17.17,-9.2,42.0,43.0,220.0,23.0,210.8,239.1
23,3,19,17.86,16.92,-9.4,42.0,43.0,230.0,24.0,220.6,241.4
23,4,19,17.74,16.67,-10.7,42.0,43.0,230.0,24.0,219.3,242.6
23,5,20,18.61,17.42,-11.9,42.0,44.0,220.0,24.0,208.1,233.9
23,6,20,18.49,17.18,-13.1,42.0,44.0,220.0,24.0,206.9,235.1
23,7,19,18.36,16.93,-14.3,42.0,43.0,230.0,24.0,215.7,236.4
23,8,19,18.24,16.68,-15.6,42.0,43.0,230.0,24.0,214.4,237.6
23,9,19,18.11,16.43,-16.8,42.0,43.0,230.0,24.0,213.2,238.9
23,10,19,17.99,16.18,-18.1,41.0,43.0,220.0,24.0,201.9,230.1
23,11,20,18.86,16.94,-19.2,42.0,44.0,220.0,24.0,200.8,231.4
23,12,19,18.74,16.69,-20.5,42.0,43.0,230.0,24.0,209.5,232.6
23,13,19,18.61,16.44,-21.7,42.0,43.0,230.0,24.0,208.3,233.9
23,14,19,18.49,16.19,-23.0,41.0,43.0,220.0,24.0,197.0,225.1
23,15,19,18.36,15.94,-24.2,41.0,43.0,220.0,24.0,195.8,226.4
23,16,20,19.14,16.7,-24.4,42.0,43.0,220.0,23.0,195.6,228.6
23,17,18,18.89,16.45,-24.4,42.0,43.0,240.0,25.0,215.6,231.1
23,18,18,18.64,16.2,-24.4,41.0,43.0,230.0,25.0,205.6,223.6
23,19,18,18.39,15.98,-24.1,41.0,43.0,230.0,25.0,205.9,226.1
23,20,18,17.79,15.8,-19.9,41.0,42.0,230.0,24.0,210.1,232.1
23,21,19,18.18,16.62,-15.6,42.0,43.0,230.0,24.0,214.4,238.2
23,22,19,17.57,16.43,-11.4,42.0,43.0,230.0,24.0,218.6,244.3
23,23,18,17.15,16.25,-9.0,41.0,43.0,230.0,25.0,221.0,238.5
23,24,18,17.1,16.06,-10.4,41.0,43.0,230.0,25.0,219.6,239.0
23,25,18,17.05,15.88,-11.7,41.0,42.0,230.0,24.0,218.3,239.5
23,26,19,18.0,16.7,-13.0,42.0,43.0,230.0,24.0,217.0,240.0
23,27,19,17.95,16.51,-14.4,41.0,43.0,220.0,24.0,205.6,230.5
23,28,18,17.9,16.33,-15.7,41.0,43.0,230.0,25.0,214.3,231.0
23,29,18,17.85,16.15,-17.0,41.0,42.0,230.0,24.0,213.0,231.5
23,30,18,17.54,15.96,-15.8,41.0,42.0,230.0,24.0,214.2,234.6
23,31,19,18.18,16.78,-14.0,41.0,43.0,220.0,24.0,206.0,228.2
23,32,19,17.81,16.59,-12.2,41.0,43.0,220.0,24.0,207.8,231.9
23,33,18,17.44,16.41,-10.3,41.0,42.0,230.0,24.0,219.7,235.6
23,34,18,17.07,16.23,-8.4,41.0,42.0,230.0,24.0,221.6,239.3
23,35,18,16.7,16.04,-6.6,41.0,42.0,230.0,24.0,223.4,243.0
23,36,18,16.49,15.86,-6.3,40.0,42.0,220.0,24.0,213.7,235.1
23,37,19,17.32,16.67,-6.5,41.0,43.0,220.0,24.0,213.5,236.8
23,38,18,17.15,16.49,-6.6,41.0,42.0,230.0,24.0,223.4,238.5
23,39,18,16.98,16.3,-6.8,41.0,42.0,230.0,24.0,223.2,240.2
23,40,18,16.81,16.12,-6.9,40.0,42.0,220.0,24.0,213.1,231.9
23,41,18,16.65,15.93,-7.2,40.0,42.0,220.0,24.0,212.8,233.5
23,42,19,17.48,16.75,-7.3,41.0,42.0,220.0,23.0,212.7,235.2
23,43,19,17.31,16.56,-7.5,41.0,42.0,220.0,23.0,212.5,236.9
23,44,18,17.14,16.38,-7.6,41.0,42.0,230.0,24.0,222.4,238.6
23,45,18,16.97,16.19,-7.8,40.0,42.0,220.0,24.0,212.2,230.3
23,46,18,16.8,16.01,-7.9,40.0,42.0,220.0,24.0,212.1,232.0
23,47,19,17.61,16.82,-7.9,41.0,42.0,220.0,23.0,212.1,233.9
23,48,19,17.39,16.63,-7.6,41.0,42.0,220.0,23.0,212.4,236.1
23,49,18,17.17,16.45,-7.2,40.0,42.0,220.0,24.0,212.8,228.3
24,0,19,17.88,17.21,-6.7,41.0,43.0,220.0,24.0,213.3,231.2
24,1,19,17.66,17.02,-6.4,41.0,42.0,220.0,23.0,213.6,233.4
24,2,18,17.44,16.84,-6.0,41.0,42.0,230.0,24.0,224.0,235.6
24,3,18,17.22,16.65,-5.7,41.0,42.0,230.0,24.0,224.3,237.8
24,4,19,18.0,17.47,-5.3,41.0,43.0,220.0,24.0,214.7,230.0
24,5,19,17.78,17.28,-5.0,41.0,43.0,220.0,24.0,215.0,232.2
24,6,19,17.56,17.1,-4.6,41.0,42.0,220.0,23.0,215.4,234.4
24,7,18,17.34,16.91,-4.3,41.0,42.0,230.0,24.0,225.7,236.6
24,8,19,18.13,17.72,-4.1,41.0,43.0,220.0,24.0,215.9,228.7
24,9,19,17.91,17.54,-3.7,41.0,43.0,220.0,24.0,216.3,230.9
24,10,19,17.76,17.34,-4.2,41.0,42.0,220.0,23.0,215.8,232.4
24,11,19,17.64,17.09,-5.5,41.0,42.0,220.0,23.0,214.5,233.6
24,12,19,17.51,16.83,-6.8,40.0,42.0,210.0,23.0,203.2,224.9
24,13,19,18.39,17.58,-8.1,41.0,43.0,220.0,24.0,211.9,226.1
24,14,20,18.26,17.33,-9.3,41.0,42.0,210.0,22.0,200.7,227.4
24,15,19,18.14,17.07,-10.7,41.0,42.0,220.0,23.0,209.3,228.6
24,16,19,18.01,16.82,-11.9,41.0,42.0,220.0,23.0,208.1,229.9
24,17,20,18.89,17.57,-13.2,41.0,43.0,210.0,23.0,196.8,221.1
24,18,20,18.76,17.32,-14.4,41.0,43.0,210.0,23.0,195.6,222.4
24,19,20,18.64,17.06,-15.8,41.0,42.0,210.0,22.0,194.2,223.6
24,20,20,18.51,16.81,-17.0,41.0,42.0,210.0,22.0,193.0,224.9
24,21,21,19.39,17.56,-18.3,41.0,43.0,200.0,22.0,181.7,216.1
24,22,20,19.25,17.32,-19.3,41.0,43.0,210.0,23.0,190.7,217.5
24,23,20,18.99,17.16,-18.3,41.0,42.0,210.0,22.0,191.7,220.1
24,24,20,18.72,16.99,-17.3,41.0,42.0,210.0,22.0,192.7,222.8
24,25,20,18.46,16.82,-16.4,41.0,42.0,210.0,22.0,193.6,225.4
24,26,21,19.2,17.66,-15.4,41.0,43.0,200.0,22.0,184.6,218.0
24,27,20,18.94,17.49,-14.5,41.0,43.0,210.0,23.0,195.5,220.6
24,28,20,18.68,17.32,-13.6,41.0,42.0,210.0,22.0,196.4,223.2
24,29,20,18.41,17.16,-12.5,41.0,42.0,210.0,22.0,197.5,225.9
24,30,21,19.15,17.99,-11.6,41.0,43.0,200.0,22.0,188.4,218.5
24,31,20,18.89,17.82,-10.7,41.0,43.0,210.0,23.0,199.3,221.1
24,32,20,18.63,17.66,-9.7,41.0,42.0,210.0,22.0,200.3,223.7
24,33,19,18.37,17.49,-8.8,41.0,42.0,220.0,23.0,211.2,226.3
24,34,20,19.11,18.32,-7.9,42.0,43.0,220.0,23.0,212.1,228.9
24,35,20,18.84,18.16,-6.8,41.0,43.0,210.0,23.0,203.2,221.6
24,36,20,18.64,17.99,-6.5,41.0,43.0,210.0,23.0,203.5,223.6
24,37,20,18.46,17.82,-6.4,41.0,42.0,210.0,22.0,203.6,225.4
24,38,19,18.28,17.66,-6.2,41.0,42.0,220.0,23.0,213.8,227.2
24,39,20,19.1,18.49,-6.1,41.0,43.0,210.0,23.0,203.9,219.0
24,40,20,18.91,18.32,-5.9,41.0,43.0,210.0,23.0,204.1,220.9
24,41,20,18.73,18.16,-5.7,41.0,42.0,210.0,22.0,204.3,222.7
24,42,20,18.55,17.99,-5.6,41.0,42.0,210.0,22.0,204.4,224.5
24,43,21,19.37,18.82,-5.5,41.0,43.0,200.0,22.0,194.5,216.3
24,44,21,19.18,18.68,-5.0,41.0,43.0,200.0,22.0,195.0,218.2
24,45,21,19.0,18.54,-4.6,41.0,42.0,200.0,21.0,195.4,220.0
24,46,20,18.82,18.41,-4.1,41.0,42.0,210.0,22.0,205.9,221.8
24,47,21,19.64,19.27,-3.7,42.0,43.0,210.0,22.0,206.3,223.6
24,48,21,19.46,19.13,-3.3,41.0,43.0,200.0,22.0,196.7,215.4
24,49,21,19.27,19.0,-2.7,41.0,43.0,200.0,22.0,197.3,217.3
25,0,19,17.52,17.19,-3.3,39.0,41.0,200.0,22.0,196.7,214.8
25,1,18,17.34,16.97,-3.7,39.0,41.0,210.0,23.0,206.3,216.6
25,2,18,17.15,16.74,-4.1,39.0,40.0,210.0,22.0,205.9,218.5
25,3,19,17.97,17.52,-4.5,40.0,41.0,210.0,22.0,205.5,220.3
25,4,19,17.79,17.3,-4.9,39.0,41.0,200.0,22.0,195.1,212.1
25,5,19,17.61,17.07,-5.4,39.0,41.0,200.0,22.0,194.6,213.9
25,6,18,17.42,16.85,-5.7,39.0,40.0,210.0,22.0,204.3,215.8
25,7,19,18.24,17.63,-6.1,40.0,41.0,210.0,22.0,203.9,217.6
25,8,19,18.06,17.4,-6.6,39.0,41.0,200.0,22.0,193.4,209.4
25,9,19,17.88,17.18,-7.0,39.0,41.0,200.0,22.0,193.0,211.2
25,10,19,17.7,16.96,-7.4,39.0,40.0,200.0,21.0,192.6,213.0
25,11,18,17.51,16.74,-7.7,39.0,40.0,210.0,22.0,202.3,214.9
25,12,19,18.33,17.51,-8.2,40.0,41.0,210.0,22.0,201.8,216.7
25,13,19,18.15,17.29,-8.6,39.0,41.0,200.0,22.0,191.4,208.5
25,14,19,17.97,17.07,-9.0,39.0,41.0,200.0,22.0,191.0,210.3
25,15,19,17.78,16.84,-9.4,39.0,40.0,200.0,21.0,190.6,212.2
25,16,19,18.6,17.64,-9.6,40.0,41.0,210.0,22.0,200.4,214.0
25,17,19,18.42,17.57,-8.5,39.0,41.0,200.0,22.0,191.5,205.8
25,18,19,18.24,17.5,-7.4,39.0,41.0,200.0,22.0,192.6,207.6
25,19,19,18.06,17.43,-6.3,39.0,40.0,200.0,21.0,193.7,209.4
25,20,19,17.87,17.36,-5.1,39.0,40.0,200.0,21.0,194.9,211.3
25,21,20,18.51,18.29,-2.2,39.0,41.0,190.0,21.0,187.8,204.9
25,22,19,17.92,18.21,2.9,39.0,41.0,200.0,22.0,202.9,210.8
25,23,19,17.32,18.14,8.2,39.0,40.0,200.0,21.0,208.2,216.8
25,24,19,16.73,17.94,12.1,39.0,40.0,200.0,21.0,212.1,222.7
25,25,20,17.14,18.68,15.4,40.0,41.0,200.0,21.0,215.4,228.6
25,26,20,16.72,18.43,17.1,39.0,41.0,190.0,21.0,207.1,222.8
25,27,20,16.6,18.17,15.7,39.0,41.0,190.0,21.0,205.7,224.0
25,28,20,16.49,17.92,14.3,39.0,40.0,190.0,20.0,204.3,225.1
25,29,20,17.63,18.66,10.3,40.0,41.0,200.0,21.0,210.3,223.7
25,30,20,18.02,18.41,3.9,40.0,41.0,200.0,21.0,203.9,219.8
25,31,20,18.41,18.15,-2.6,39.0,41.0,190.0,21.0,187.4,205.9
25,32,20,18.38,17.9,-4.8,39.0,41.0,190.0,21.0,185.2,206.2
25,33,19,18.11,17.64,-4.7,39.0,40.0,200.0,21.0,195.3,208.9
25,34,20,18.85,18.39,-4.6,40.0,41.0,200.0,21.0,195.4,211.5
25,35,18,18.58,18.14,-4.4,40.0,41.0,220.0,23.0,215.6,214.2
25,36,20,18.32,17.88,-4.4,40.0,41.0,200.0,21.0,195.6,216.8
25,37,18,18.06,17.63,-4.3,39.0,41.0,210.0,23.0,205.7,209.4
25,38,20,18.83,18.37,-4.6,40.0,42.0,200.0,22.0,195.4,211.7
25,39,20,18.6,18.12,-4.8,40.0,41.0,200.0,21.0,195.2,214.0
25,40,20,18.37,17.86,-5.1,40.0,41.0,200.0,21.0,194.9,216.3
25,41,20,18.14,17.61,-5.3,40.0,41.0,200.0,21.0,194.7,218.6
25,42,19,17.91,17.35,-5.6,40.0,41.0,210.0,22.0,204.4,220.9
25,43,20,18.68,18.1,-5.8,41.0,42.0,210.0,22.0,204.2,223.2
25,44,20,18.44,17.84,-6.0,40.0,42.0,200.0,22.0,194.0,215.6
25,45,20,18.21,17.59,-6.2,40.0,42.0,200.0,22.0,193.8,217.9
25,46,20,17.98,17.52,-4.6,40.0,42.0,200.0,22.0,195.4,220.2
25,47,20,18.74,18.47,-2.7,41.0,42.0,210.0,22.0,207.3,222.6
25,48,20,18.51,18.42,-0.9,41.0,42.0,210.0,22.0,209.1,224.9
25,49,20,18.27,18.37,1.0,41.0,42.0,210.0,22.0,211.0,227.3
26,0,20,17.92,18.22,3.0,41.0,42.0,210.0,22.0,213.0,230.8
26,1,20,17.75,18.17,4.2,41.0,42.0,210.0,22.0,214.2,232.5
26,2,19,17.61,18.12,5.1,41.0,42.0,220.0,23.0,225.1,233.9
26,3,27,18.47,19.04,5.7,41.0,43.0,140.0,16.0,145.7,225.3
26,4,24,18.34,18.69,3.5,41.0,43.0,170.0,19.0,173.5,226.6
26,5,27,18.19,18.34,1.5,41.0,43.0,140.0,16.0,141.5,228.1
26,6,24,17.96,17.99,0.3,41.0,42.0,170.0,18.0,170.3,230.4
26,7,27,17.74,17.63,-1.1,41.0,42.0,140.0,15.0,138.9,232.6
26,8,20,18.51,18.39,-1.2,42.0,43.0,220.0,23.0,218.8,234.9
26,9,27,18.29,18.23,-0.6,42.0,43.0,150.0,16.0,149.4,237.1
26,10,27,18.06,18.07,0.1,42.0,43.0,150.0,16.0,150.1,239.4
26,11,19,17.84,17.91,0.7,42.0,43.0,230.0,24.0,230.7,241.6
26,12,27,17.61,17.75,1.4,42.0,43.0,150.0,16.0,151.4,243.9
26,13,27,17.39,17.59,2.0,42.0,43.0,150.0,16.0,152.0,246.1
26,14,27,18.16,18.43,2.7,42.0,44.0,150.0,17.0,152.7,238.4
26,15,20,17.93,18.26,3.3,42.0,44.0,220.0,24.0,223.3,240.7
26,16,27,17.71,18.1,3.9,42.0,44.0,150.0,17.0,153.9,242.9
26,17,27,17.48,17.94,4.6,42.0,44.0,150.0,17.0,154.6,245.2
26,18,27,17.26,17.78,5.2,42.0,43.0,150.0,16.0,155.2,247.4
26,19,25,18.03,18.62,5.9,43.0,44.0,180.0,19.0,185.9,249.7
26,20,25,17.81,18.5,6.9,43.0,44.0,180.0,19.0,186.9,251.9
26,21,27,17.58,18.38,8.0,43.0,44.0,160.0,17.0,168.0,254.2
26,22,27,17.33,18.26,9.3,43.0,44.0,160.0,17.0,169.3,256.7
26,23,24,17.08,18.14,10.6,43.0,44.0,190.0,20.0,200.6,259.2
26,24,24,16.82,18.01,11.9,43.0,44.0,190.0,20.0,201.9,261.8
26,25,25,17.57,18.89,13.2,43.0,45.0,180.0,20.0,193.2,254.3
26,26,20,17.32,18.77,14.5,43.0,45.0,230.0,25.0,244.5,256.8
26,27,20,17.06,18.65,15.9,43.0,45.0,230.0,25.0,245.9,259.4
26,28,20,16.81,18.53,17.2,43.0,45.0,230.0,25.0,247.2,261.9
26,29,22,16.55,18.4,18.5,43.0,44.0,210.0,22.0,228.5,264.5
26,30,23,17.3,19.28,19.8,44.0,45.0,210.0,22.0,229.8,267.0
26,31,23,17.05,19.15,21.0,44.0,45.0,210.0,22.0,231.0,269.5
26,32,20,16.86,19.03,21.7,44.0,45.0,240.0,25.0,261.7,271.4
26,33,20,16.86,18.9,20.4,44.0,45.0,240.0,25.0,260.4,271.4
26,34,20,16.86,18.77,19.1,44.0,45.0,240.0,25.0,259.1,271.4
26,35,20,16.86,18.65,17.9,44.0,45.0,240.0,25.0,257.9,271.4
26,36,21,17.86,19.52,16.6,45.0,46.0,240.0,25.0,256.6,271.4
26,37,25,17.86,19.39,15.3,44.0,46.0,190.0,21.0,205.3,261.4
26,38,25,17.86,19.27,14.1,44.0,46.0,190.0,21.0,204.1,261.4
26,39,25,17.86,19.14,12.8,44.0,46.0,190.0,21.0,202.8,261.4
26,40,25,17.86,19.01,11.5,44.0,45.0,190.0,20.0,201.5,261.4
26,41,22,18.97,19.89,9.2,45.0,46.0,230.0,24.0,239.2,260.3
26,42,21,19.17,19.76,5.9,45.0,46.0,240.0,25.0,245.9,258.3
26,43,21,19.37,19.63,2.6,45.0,46.0,240.0,25.0,242.6,256.3
26,44,21,19.37,19.51,1.4,45.0,46.0,240.0,25.0,241.4,256.3
26,45,25,19.02,19.38,3.6,45.0,46.0,200.0,21.0,203.6,259.8
26,46,25,18.67,19.25,5.8,45.0,46.0,200.0,21.0,205.8,263.3
26,47,22,19.34,20.13,7.9,46.0,47.0,240.0,25.0,247.9,266.6
26,48,26,19.12,20.0,8.8,45.0,47.0,190.0,21.0,198.8,258.8
26,49,21,18.91,19.87,9.6,45.0,47.0,240.0,26.0,249.6,260.9
27,0,21,18.43,19.53,11.0,45.0,46.0,240.0,25.0,251.0,265.7
27,1,27,18.21,19.38,11.7,45.0,46.0,180.0,19.0,191.7,267.9
27,2,25,17.99,19.23,12.4,45.0,46.0,200.0,21.0,212.4,270.1
27,3,28,18.77,20.08,13.1,46.0,47.0,180.0,19.0,193.1,272.3
27,4,25,18.55,19.92,13.7,46.0,47.0,210.0,22.0,223.7,274.5
27,5,25,18.33,19.77,14.4,46.0,47.0,210.0,22.0,224.4,276.7
27,6,29,19.12,20.62,15.0,47.0,48.0,180.0,19.0,195.0,278.8
27,7,26,18.9,20.47,15.7,47.0,48.0,210.0,22.0,225.7,281.0
27,8,25,18.68,20.32,16.4,46.0,48.0,210.0,23.0,226.4,273.2
27,9,29,18.46,20.16,17.0,46.0,48.0,170.0,19.0,187.0,275.4
27,10,26,19.24,20.95,17.1,47.0,49.0,210.0,23.0,227.1,277.6
27,11,26,19.03,20.71,16.8,47.0,48.0,210.0,22.0,226.8,279.7
27,12,26,18.81,20.46,16.5,47.0,48.0,210.0,22.0,226.5,281.9
27,13,28,18.6,20.21,16.1,47.0,48.0,190.0,20.0,206.1,284.0
27,14,27,19.38,20.97,15.9,48.0,49.0,210.0,22.0,225.9,286.2
27,15,29,19.17,20.72,15.5,48.0,49.0,190.0,20.0,205.5,288.3
27,16,29,18.99,20.48,14.9,48.0,49.0,190.0,20.0,204.9,290.1
27,17,29,18.97,20.23,12.6,48.0,49.0,190.0,20.0,202.6,290.3
27,18,27,19.94,20.98,10.4,49.0,50.0,220.0,23.0,230.4,290.6
27,19,30,19.91,20.74,8.3,48.0,50.0,180.0,20.0,188.3,280.9
27,20,27,19.89,20.49,6.0,48.0,50.0,210.0,23.0,216.0,281.1
27,21,27,20.86,21.24,3.8,49.0,51.0,220.0,24.0,223.8,281.4
27,22,27,20.83,21.0,1.7,49.0,50.0,220.0,23.0,221.7,281.7
27,23,30,20.81,20.75,-0.6,49.0,50.0,190.0,20.0,189.4,281.9
27,24,22,20.78,20.5,-2.8,49.0,50.0,270.0,28.0,267.2,282.2
27,25,28,21.76,21.26,-5.0,50.0,51.0,220.0,23.0,215.0,282.4
27,26,28,21.73,21.01,-7.2,50.0,51.0,220.0,23.0,212.8,282.7
27,27,30,21.7,20.77,-9.3,50.0,51.0,200.0,21.0,190.7,283.0
27,28,20,21.66,20.55,-11.1,50.0,51.0,300.0,31.0,288.9,283.4
27,29,25,22.47,21.37,-11.0,51.0,52.0,260.0,27.0,249.0,285.3
27,30,28,22.29,21.2,-10.9,51.0,52.0,230.0,24.0,219.1,287.1
27,31,28,22.1,21.02,-10.8,50.0,52.0,220.0,24.0,209.2,279.0
27,32,28,21.92,20.85,-10.7,50.0,52.0,220.0,24.0,209.3,280.8
27,33,29,22.73,21.68,-10.5,51.0,53.0,220.0,24.0,209.5,282.7
27,34,28,22.55,21.5,-10.5,51.0,52.0,230.0,24.0,219.5,284.5
27,35,28,22.36,21.33,-10.3,51.0,52.0,230.0,24.0,219.7,286.4
27,36,29,23.18,22.16,-10.2,52.0,53.0,230.0,24.0,219.8,288.2
27,37,29,22.99,21.98,-10.1,52.0,53.0,230.0,24.0,219.9,290.1
27,38,23,22.81,21.81,-10.0,52.0,53.0,290.0,30.0,280.0,291.9
27,39,23,22.62,21.64,-9.8,52.0,53.0,290.0,30.0,280.2,293.8
27,40,29,23.44,22.46,-9.8,53.0,54.0,240.0,25.0,230.2,295.6
27,41,29,23.25,22.29,-9.6,52.0,54.0,230.0,25.0,220.4,287.5
27,42,29,23.07,22.12,-9.5,52.0,54.0,230.0,25.0,220.5,289.3
27,43,29,22.89,21.94,-9.5,52.0,53.0,230.0,24.0,220.5,291.1
27,44,29,23.7,22.77,-9.3,53.0,54.0,240.0,25.0,230.7,293.0
27,45,29,23.52,22.59,-9.3,53.0,54.0,240.0,25.0,230.7,294.8
27,46,29,23.33,22.42,-9.1,53.0,54.0,240.0,25.0,230.9,296.7
27,47,29,23.15,22.24,-9.1,52.0,54.0,230.0,25.0,220.9,288.5
27,48,24,23.96,23.04,-9.2,53.0,55.0,290.0,31.0,280.8,290.4
27,49,24,23.78,22.84,-9.4,53.0,54.0,290.0,30.0,280.6,292.2
28,0,16,10.56,9.59,-9.7,40.0,41.0,240.0,25.0,230.3,294.4
28,1,16,10.37,9.39,-9.8,39.0,41.0,230.0,25.0,220.2,286.3
28,2,12,11.19,10.19,-10.0,40.0,42.0,280.0,30.0,270.0,288.1
28,3,12,10.93,9.99,-9.4,40.0,41.0,280.0,29.0,270.6,290.7
28,4,16,10.57,9.79,-7.8,40.0,41.0,240.0,25.0,232.2,294.3
28,5,16,10.2,9.59,-6.1,39.0,41.0,230.0,25.0,223.9,288.0
28,6,17,10.84,10.39,-4.5,40.0,42.0,230.0,25.0,225.5,291.6
28,7,17,10.48,10.18,-3.0,40.0,41.0,230.0,24.0,227.0,295.2
28,8,17,10.12,9.98,-1.4,40.0,41.0,230.0,24.0,228.6,298.8
28,9,16,9.75,9.78,0.3,39.0,41.0,230.0,25.0,230.3,292.5
28,10,17,10.39,10.58,1.9,40.0,42.0,230.0,25.0,231.9,296.1
28,11,17,10.03,10.38,3.5,40.0,41.0,230.0,24.0,233.5,299.7
28,12,17,9.67,10.18,5.1,40.0,41.0,230.0,24.0,235.1,303.3
28,13,16,9.3,9.98,6.8,39.0,41.0,230.0,25.0,236.8,297.0
28,14,17,9.94,10.78,8.4,40.0,42.0,230.0,25.0,238.4,300.6
28,15,17,9.58,10.57,9.9,40.0,42.0,230.0,25.0,239.9,304.2
28,16,17,9.44,10.37,9.3,40.0,41.0,230.0,24.0,239.3,305.6
28,17,17,9.4,10.18,7.8,40.0,41.0,230.0,24.0,237.8,306.0
28,18,18,10.36,10.99,6.3,40.0,42.0,220.0,24.0,226.3,296.4
28,19,17,10.32,10.81,4.9,40.0,42.0,230.0,25.0,234.9,296.8
28,20,18,10.27,10.62,3.5,40.0,41.0,220.0,23.0,223.5,297.3
28,21,17,10.23,10.43,2.0,40.0,41.0,230.0,24.0,232.0,297.7
28,22,17,10.19,10.24,0.5,39.0,41.0,220.0,24.0,220.5,288.1
28,23,13,11.15,11.05,-1.0,40.0,42.0,270.0,29.0,269.0,288.5
28,24,13,11.1,10.87,-2.3,40.0,41.0,270.0,28.0,267.7,289.0
28,25,13,11.06,10.68,-3.8,40.0,41.0,270.0,28.0,266.2,289.4
28,26,12,11.02,10.49,-5.3,40.0,41.0,280.0,29.0,274.7,289.8
28,27,13,11.91,11.3,-6.1,40.0,42.0,270.0,29.0,263.9,280.9
28,28,13,11.71,11.11,-6.0,40.0,42.0,270.0,29.0,264.0,282.9
28,29,13,11.51,10.93,-5.8,40.0,41.0,270.0,28.0,264.2,284.9
28,30,13,11.31,10.74,-5.7,40.0,41.0,270.0,28.0,264.3,286.9
28,31,14,12.11,11.55,-5.6,40.0,42.0,260.0,28.0,254.4,278.9
28,32,14,11.91,11.36,-5.5,40.0,42.0,260.0,28.0,254.5,280.9
28,33,13,11.71,11.17,-5.4,40.0,41.0,270.0,28.0,264.6,282.9
28,34,13,11.51,11.01,-5.0,40.0,41.0,270.0,28.0,265.0,284.9
28,35,19,12.3,11.92,-3.8,40.0,42.0,210.0,23.0,206.2,277.0
28,36,19,12.1,11.83,-2.7,40.0,42.0,210.0,23.0,207.3,279.0
28,37,19,11.9,11.75,-1.5,40.0,41.0,210.0,22.0,208.5,281.0
28,38,13,11.7,11.66,-0.4,40.0,41.0,270.0,28.0,269.6,283.0
28,39,14,12.5,12.57,0.7,41.0,42.0,270.0,28.0,270.7,285.0
28,40,14,12.3,12.49,1.9,40.0,42.0,260.0,28.0,261.9,277.0
28,41,14,12.1,12.4,3.0,40.0,42.0,260.0,28.0,263.0,279.0
28,42,14,11.9,12.31,4.1,40.0,41.0,260.0,27.0,264.1,281.0
28,43,15,12.7,13.21,5.1,41.0,42.0,260.0,27.0,265.1,283.0
28,44,15,12.5,12.97,4.7,40.0,42.0,250.0,27.0,254.7,275.0
28,45,14,12.3,12.73,4.3,40.0,42.0,260.0,28.0,264.3,277.0
28,46,14,12.1,12.48,3.8,40.0,41.0,260.0,27.0,263.8,279.0
28,47,15,12.9,13.24,3.4,41.0,42.0,260.0,27.0,263.4,281.0
28,48,15,12.7,13.0,3.0,40.0,42.0,250.0,27.0,253.0,273.0
28,49,15,12.5,12.76,2.6,40.0,42.0,250.0,27.0,252.6,275.0
29,0,30,27.74,27.94,2.0,55.0,57.0,250.0,27.0,252.0,272.6
29,1,30,27.54,27.7,1.6,55.0,57.0,250.0,27.0,251.6,274.6
29,2,30,27.33,27.39,0.6,55.0,56.0,250.0,26.0,250.6,276.7
29,3,29,27.13,27.04,-0.9,55.0,56.0,260.0,27.0,259.1,278.7
29,4,29,26.93,26.69,-2.4,54.0,56.0,250.0,27.0,247.6,270.7
29,5,30,27.73,27.35,-3.8,55.0,57.0,250.0,27.0,246.2,272.7
29,6,30,27.53,27.0,-5.3,55.0,56.0,250.0,26.0,244.7,274.7
29,7,29,27.33,26.65,-6.8,55.0,56.0,260.0,27.0,253.2,276.7
29,8,29,27.13,26.34,-7.9,55.0,56.0,260.0,27.0,252.1,278.7
29,9,30,27.93,27.07,-8.6,55.0,57.0,250.0,27.0,241.4,270.7
29,10,30,27.73,26.79,-9.4,55.0,57.0,250.0,27.0,240.6,272.7
29,11,30,27.53,26.51,-10.2,55.0,56.0,250.0,26.0,239.8,274.7
29,12,28,27.33,26.24,-10.9,55.0,56.0,270.0,28.0,259.1,276.7
29,13,28,27.13,25.96,-11.7,54.0,56.0,260.0,28.0,248.3,268.7
29,14,29,27.93,26.68,-12.5,55.0,57.0,260.0,28.0,247.5,270.7
29,15,29,27.73,26.41,-13.2,55.0,56.0,260.0,27.0,246.8,272.7
29,16,29,27.53,26.13,-14.0,55.0,56.0,260.0,27.0,246.0,274.7
29,17,28,27.33,25.86,-14.7,54.0,56.0,260.0,28.0,245.3,266.7
29,18,28,27.13,25.84,-12.9,54.0,56.0,260.0,28.0,247.1,268.7
29,19,29,27.92,27.06,-8.6,55.0,56.0,260.0,27.0,251.4,270.8
29,20,29,27.72,27.28,-4.4,55.0,56.0,260.0,27.0,255.6,272.8
29,21,29,27.52,27.5,-0.2,55.0,56.0,260.0,27.0,259.8,274.8
29,22,29,27.32,27.72,4.0,54.0,56.0,250.0,27.0,254.0,266.8
29,23,27,27.12,27.26,1.4,54.0,56.0,270.0,29.0,271.4,268.8
29,24,29,27.92,27.58,-3.4,55.0,56.0,260.0,27.0,256.6,270.8
29,25,29,27.72,26.89,-8.3,55.0,56.0,260.0,27.0,251.7,272.8
29,26,27,27.52,26.2,-13.2,54.0,56.0,270.0,29.0,256.8,264.8
29,27,27,27.32,25.74,-15.8,54.0,56.0,270.0,29.0,254.2,266.8
29,28,28,28.12,26.48,-16.4,55.0,56.0,270.0,28.0,253.6,268.8
29,29,28,27.92,26.22,-17.0,55.0,56.0,270.0,28.0,253.0,270.8
29,30,28,27.72,25.96,-17.6,54.0,56.0,260.0,28.0,242.4,262.8
29,31,28,27.52,25.7,-18.2,54.0,56.0,260.0,28.0,241.8,264.8
29,32,28,27.26,25.44,-18.2,54.0,55.0,260.0,27.0,241.8,267.4
29,33,29,27.89,26.18,-17.1,55.0,56.0,260.0,27.0,242.9,271.1
29,34,28,27.53,25.92,-16.1,55.0,56.0,270.0,28.0,253.9,274.7
29,35,28,27.16,25.81,-13.5,54.0,56.0,260.0,28.0,246.5,268.4
29,36,28,26.79,25.72,-10.7,54.0,56.0,260.0,28.0,249.3,272.1
29,37,28,26.42,25.63,-7.9,54.0,55.0,260.0,27.0,252.1,275.8
29,38,29,27.06,26.35,-7.1,55.0,56.0,260.0,27.0,252.9,279.4
29,39,28,26.69,26.06,-6.3,54.0,56.0,260.0,28.0,253.7,273.1
29,40,28,26.32,25.77,-5.5,54.0,56.0,260.0,28.0,254.5,276.8
29,41,27,25.95,25.49,-4.6,54.0,55.0,270.0,28.0,265.4,280.5
29,42,28,26.59,26.2,-3.9,55.0,56.0,270.0,28.0,266.1,284.1
29,43,28,26.38,25.91,-4.7,54.0,56.0,260.0,28.0,255.3,276.2
29,44,28,26.31,25.62,-6.9,54.0,56.0,260.0,28.0,253.1,276.9
29,45,28,26.25,25.36,-8.9,54.0,55.0,260.0,27.0,251.1,277.5
29,46,27,26.18,25.27,-9.1,54.0,55.0,270.0,28.0,260.9,278.2
29,47,28,27.11,26.19,-9.2,55.0,56.0,270.0,28.0,260.8,278.9
29,48,28,27.05,26.1,-9.5,54.0,56.0,260.0,28.0,250.5,269.5
29,49,29,26.98,26.01,-9.7,54.0,56.0,250.0,27.0,240.3,270.2
30,0,27,24.91,23.92,-9.9,52.0,53.0,250.0,26.0,240.1,270.9
30,1,27,24.84,23.83,-10.1,52.0,53.0,250.0,26.0,239.9,271.6
30,2,26,24.76,23.74,-10.2,51.0,53.0,250.0,27.0,239.8,262.4
30,3,27,25.55,24.66,-8.9,52.0,54.0,250.0,27.0,241.1,264.5
30,4,27,25.35,24.54,-8.1,52.0,53.0,250.0,26.0,241.9,266.5
30,5,27,25.14,24.12,-10.2,52.0,53.0,250.0,26.0,239.8,268.6
30,6,27,24.93,23.7,-12.3,51.0,53.0,240.0,26.0,227.7,260.7
30,7,27,25.73,24.29,-14.4,52.0,54.0,250.0,27.0,235.6,262.7
30,8,27,25.52,23.87,-16.5,52.0,53.0,250.0,26.0,233.5,264.8
30,9,27,25.32,23.69,-16.3,52.0,53.0,250.0,26.0,233.7,266.8
30,10,27,25.11,23.96,-11.5,52.0,53.0,250.0,26.0,238.5,268.9
30,11,27,25.9,25.22,-6.8,52.0,54.0,250.0,27.0,243.2,261.0
30,12,27,25.7,25.48,-2.2,52.0,54.0,250.0,27.0,247.8,263.0
30,13,27,25.52,25.74,2.2,52.0,53.0,250.0,26.0,252.2,264.8
30,14,27,25.41,24.76,-6.5,52.0,53.0,250.0,26.0,243.5,265.9
30,15,27,26.29,25.23,-10.6,52.0,54.0,250.0,27.0,239.4,257.1
30,16,27,26.18,25.08,-11.0,52.0,54.0,250.0,27.0,239.0,258.2
30,17,27,26.07,24.94,-11.3,52.0,53.0,250.0,26.0,238.7,259.3
30,18,27,25.95,24.79,-11.6,52.0,53.0,250.0,26.0,238.4,260.5
30,19,28,26.84,25.64,-12.0,52.0,54.0,240.0,26.0,228.0,251.6
30,20,27,26.72,25.49,-12.3,52.0,54.0,250.0,27.0,237.7,252.8
30,21,28,26.61,25.34,-12.7,52.0,53.0,240.0,25.0,227.3,253.9
30,22,28,26.5,25.2,-13.0,52.0,53.0,240.0,25.0,227.0,255.0
30,23,28,27.38,26.05,-13.3,53.0,54.0,250.0,26.0,236.7,256.2
30,24,28,27.27,25.9,-13.7,52.0,54.0,240.0,26.0,226.3,247.3
30,25,28,27.15,25.75,-14.0,52.0,54.0,240.0,26.0,226.0,248.5
30,26,28,26.93,26.0,-9.3,52.0,53.0,240.0,25.0,230.7,250.7
30,27,29,27.68,27.28,-4.0,53.0,54.0,240.0,25.0,236.0,253.2
30,28,29,27.42,27.03,-3.9,52.0,54.0,230.0,25.0,226.1,245.8
30,29,28,27.16,26.37,-7.9,52.0,54.0,240.0,26.0,232.1,248.4
30,30,28,26.91,25.7,-12.1,52.0,53.0,240.0,25.0,227.9,250.9
30,31,29,27.65,26.03,-16.2,53.0,54.0,240.0,25.0,223.8,253.5
30,32,29,27.4,25.37,-20.3,53.0,54.0,240.0,25.0,219.7,256.0
30,33,28,27.15,24.7,-24.5,52.0,54.0,240.0,26.0,215.5,248.5
30,34,27,26.92,24.46,-24.6,52.0,54.0,250.0,27.0,225.4,250.8
30,35,28,27.69,25.23,-24.6,53.0,54.0,250.0,26.0,225.4,253.1
30,36,28,27.46,25.86,-16.0,53.0,54.0,250.0,26.0,234.0,255.4
30,37,28,27.23,26.74,-4.9,52.0,54.0,240.0,26.0,235.1,247.7
30,38,27,27.0,26.26,-7.4,52.0,54.0,250.0,27.0,242.6,250.0
30,39,28,27.77,26.77,-10.0,53.0,54.0,250.0,26.0,240.0,252.3
30,40,28,27.54,26.29,-12.5,53.0,54.0,250.0,26.0,237.5,254.6
30,41,28,27.31,25.8,-15.1,52.0,54.0,240.0,26.0,224.9,246.9
30,42,28,27.07,25.21,-18.6,52.0,54.0,240.0,26.0,221.4,249.3
30,43,29,27.84,25.57,-22.7,53.0,54.0,240.0,25.0,217.3,251.6
30,44,29,27.61,24.92,-26.9,53.0,54.0,240.0,25.0,213.1,253.9
30,45,28,27.38,24.28,-31.0,53.0,54.0,250.0,26.0,219.0,256.2
30,46,28,27.15,23.86,-32.9,52.0,54.0,240.0,26.0,207.1,248.5
30,47,29,27.92,24.63,-32.9,53.0,55.0,240.0,26.0,207.1,250.8
30,48,29,27.69,24.4,-32.9,53.0,54.0,240.0,25.0,207.1,253.1
30,49,28,27.46,24.17,-32.9,53.0,54.0,250.0,26.0,217.1,255.4
31,0,25,23.68,20.4,-32.8,49.0,50.0,240.0,25.0,207.2,253.2
31,1,25,24.45,21.16,-32.9,50.0,51.0,250.0,26.0,217.1,255.5
31,2,25,24.22,20.93,-32.9,49.0,51.0,240.0,26.0,207.1,247.8
31,3,25,23.99,20.7,-32.9,49.0,51.0,240.0,26.0,207.1,250.1
31,4,24,23.76,20.52,-32.4,49.0,50.0,250.0,26.0,217.6,252.4
31,5,25,24.53,21.6,-29.3,50.0,51.0,250.0,26.0,220.7,254.7
31,6,25,24.14,21.68,-24.6,49.0,51.0,240.0,26.0,215.4,248.6
31,7,25,23.71,21.76,-19.5,49.0,51.0,240.0,26.0,220.5,252.9
31,8,25,24.28,22.84,-14.4,50.0,51.0,250.0,26.0,235.6,257.2
31,9,25,23.85,22.92,-9.3,50.0,51.0,250.0,26.0,240.7,261.5
31,10,25,23.42,23.0,-4.2,49.0,51.0,240.0,26.0,235.8,255.8
31,11,27,24.05,23.84,-2.1,50.0,52.0,230.0,25.0,227.9,259.5
31,12,26,23.82,23.49,-3.3,50.0,51.0,240.0,25.0,236.7,261.8
31,13,26,23.6,23.13,-4.7,50.0,51.0,240.0,25.0,235.3,264.0
31,14,25,23.38,22.77,-6.1,49.0,51.0,240.0,26.0,233.9,256.2
31,15,26,24.15,23.42,-7.3,50.0,52.0,240.0,26.0,232.7,258.5
31,16,26,23.93,23.06,-8.7,50.0,51.0,240.0,25.0,231.3,260.7
31,17,26,23.7,22.71,-9.9,49.0,51.0,230.0,25.0,220.1,253.0
31,18,27,24.48,23.35,-11.3,50.0,52.0,230.0,25.0,218.7,255.2
31,19,26,24.26,22.99,-12.7,50.0,51.0,240.0,25.0,227.3,257.4
31,20,26,24.03,22.64,-13.9,50.0,51.0,240.0,25.0,226.1,259.7
31,21,27,24.81,23.28,-15.3,50.0,52.0,230.0,25.0,214.7,251.9
31,22,27,24.58,22.94,-16.4,50.0,51.0,230.0,24.0,213.6,254.2
31,23,27,24.36,22.89,-14.7,50.0,51.0,230.0,24.0,215.3,256.4
31,24,27,24.14,22.85,-12.9,49.0,51.0,220.0,24.0,207.1,248.6
31,25,27,24.91,23.81,-11.0,50.0,52.0,230.0,25.0,219.0,250.9
31,26,27,24.69,23.77,-9.2,50.0,51.0,230.0,24.0,220.8,253.1
31,27,27,24.47,23.72,-7.5,49.0,51.0,220.0,24.0,212.5,245.3
31,28,27,25.24,24.68,-5.6,50.0,52.0,230.0,25.0,224.4,247.6
31,29,27,25.02,24.27,-7.5,50.0,51.0,230.0,24.0,222.5,249.8
31,30,27,24.79,23.79,-10.0,49.0,51.0,220.0,24.0,210.0,242.1
31,31,26,25.57,24.3,-12.7,50.0,52.0,240.0,26.0,227.3,244.3
31,32,27,25.35,23.81,-15.4,50.0,51.0,230.0,24.0,214.6,246.5
31,33,27,25.12,23.32,-18.0,50.0,51.0,230.0,24.0,212.0,248.8
31,34,27,24.9,23.18,-17.2,49.0,51.0,220.0,24.0,202.8,241.0
31,35,27,25.68,24.2,-14.8,50.0,51.0,230.0,24.0,215.2,243.2
31,36,27,25.45,24.22,-12.3,50.0,51.0,230.0,24.0,217.7,245.5
31,37,26,25.23,24.25,-9.8,49.0,51.0,230.0,25.0,220.2,237.7
31,38,27,26.0,25.27,-7.3,50.0,52.0,230.0,25.0,222.7,240.0
31,39,27,25.78,25.21,-5.7,50.0,51.0,230.0,24.0,224.3,242.2
31,40,27,25.56,24.84,-7.2,49.0,51.0,220.0,24.0,212.8,234.4
31,41,28,26.33,25.48,-8.5,50.0,52.0,220.0,24.0,211.5,236.7
31,42,28,26.11,25.11,-10.0,50.0,51.0,220.0,23.0,210.0,238.9
31,43,28,25.89,24.75,-11.4,49.0,51.0,210.0,23.0,198.6,231.1
31,44,28,25.66,24.39,-12.7,49.0,51.0,210.0,23.0,197.3,233.4
31,45,29,26.44,25.02,-14.2,50.0,51.0,210.0,22.0,195.8,235.6
31,46,29,26.21,24.66,-15.5,49.0,51.0,200.0,22.0,184.5,227.9
31,47,26,25.99,24.48,-15.1,49.0,51.0,230.0,25.0,214.9,230.1
31,48,27,26.77,25.31,-14.6,50.0,51.0,230.0,24.0,215.4,232.3
31,49,27,26.54,25.14,-14.0,50.0,51.0,230.0,24.0,216.0,234.6
32,0,29,28.27,26.93,-13.4,51.0,53.0,220.0,24.0,206.6,227.3
32,1,29,28.05,26.76,-12.9,51.0,52.0,220.0,23.0,207.1,229.5
32,2,29,27.83,26.59,-12.4,51.0,52.0,220.0,23.0,207.6,231.7
32,3,29,27.6,26.42,-11.8,50.0,52.0,210.0,23.0,198.2,224.0
32,4,30,28.38,27.25,-11.3,51.0,52.0,210.0,22.0,198.7,226.2
32,5,30,28.16,27.08,-10.8,51.0,52.0,210.0,22.0,199.2,228.4
32,6,29,27.93,26.9,-10.3,50.0,52.0,210.0,23.0,199.7,220.7
32,7,29,27.71,26.68,-10.3,50.0,52.0,210.0,23.0,199.7,222.9
32,8,29,28.48,27.46,-10.2,51.0,52.0,220.0,23.0,209.8,225.2
32,9,29,28.26,27.24,-10.2,50.0,52.0,210.0,23.0,199.8,217.4
32,10,29,28.04,27.02,-10.2,50.0,52.0,210.0,23.0,199.8,219.6
32,11,29,27.81,26.8,-10.1,50.0,51.0,210.0,22.0,199.9,221.9
32,12,30,28.59,27.58,-10.1,50.0,52.0,200.0,22.0,189.9,214.1
32,13,31,28.37,27.36,-10.1,50.0,52.0,190.0,21.0,179.9,216.3
32,14,30,28.14,27.14,-10.0,50.0,51.0,200.0,21.0,190.0,218.6
32,15,30,27.92,26.92,-10.0,49.0,51.0,190.0,21.0,180.0,210.8
32,16,30,28.69,27.7,-9.9,50.0,52.0,200.0,22.0,190.1,213.1
32,17,30,28.47,27.49,-9.8,50.0,51.0,200.0,21.0,190.2,215.3
32,18,30,28.25,27.25,-10.0,49.0,51.0,190.0,21.0,180.0,207.5
32,19,30,28.02,26.79,-12.3,49.0,51.0,190.0,21.0,177.7,209.8
32,20,30,28.8,27.33,-14.7,50.0,51.0,200.0,21.0,185.3,212.0
32,21,29,28.58,26.88,-17.0,50.0,51.0,210.0,22.0,193.0,214.2
32,22,29,28.35,26.42,-19.3,49.0,51.0,200.0,22.0,180.7,206.5
32,23,29,28.13,26.11,-20.2,49.0,51.0,200.0,22.0,179.8,208.7
32,24,31,28.9,26.99,-19.1,50.0,51.0,190.0,20.0,170.9,211.0
32,25,30,28.68,26.87,-18.1,50.0,51.0,200.0,21.0,181.9,213.2
32,26,32,28.46,26.75,-17.1,49.0,51.0,170.0,19.0,152.9,205.4
32,27,31,28.23,26.63,-16.0,49.0,51.0,180.0,20.0,164.0,207.7
32,28,32,29.01,27.5,-15.1,50.0,51.0,180.0,19.0,164.9,209.9
32,29,29,28.69,27.38,-13.1,50.0,51.0,210.0,22.0,196.9,213.1
32,30,32,28.19,27.26,-9.3,50.0,51.0,180.0,19.0,170.7,218.1
32,31,32,27.69,27.14,-5.5,49.0,51.0,170.0,19.0,164.5,213.1
32,32,34,28.19,27.8,-3.9,50.0,52.0,160.0,18.0,156.1,218.1
32,33,32,27.69,27.37,-3.2,50.0,51.0,180.0,19.0,176.8,223.1
32,34,29,27.19,26.95,-2.4,50.0,51.0,210.0,22.0,207.6,228.1
32,35,29,26.69,26.52,-1.7,50.0,51.0,210.0,22.0,208.3,233.1
32,36,29,27.19,27.09,-1.0,51.0,52.0,220.0,23.0,219.0,238.1
32,37,29,26.86,26.66,-2.0,50.0,52.0,210.0,23.0,208.0,231.4
32,38,28,26.61,26.23,-3.8,50.0,52.0,220.0,24.0,216.2,233.9
32,39,28,26.35,25.8,-5.5,50.0,51.0,220.0,23.0,214.5,236.5
32,40,28,27.09,26.37,-7.2,51.0,52.0,230.0,24.0,222.8,239.1
32,41,28,26.83,26.0,-8.3,51.0,52.0,230.0,24.0,221.7,241.7
32,42,28,26.58,25.69,-8.9,51.0,52.0,230.0,24.0,221.1,244.2
32,43,28,26.32,25.39,-9.3,50.0,52.0,220.0,24.0,210.7,236.8
32,44,32,27.06,26.08,-9.8,51.0,53.0,190.0,21.0,180.2,239.4
32,45,29,26.8,25.77,-10.3,51.0,52.0,220.0,23.0,209.7,242.0
32,46,29,26.54,25.47,-10.7,51.0,52.0,220.0,23.0,209.3,244.6
32,47,29,26.29,25.16,-11.3,51.0,52.0,220.0,23.0,208.7,247.1
32,48,31,27.03,25.85,-11.8,51.0,53.0,200.0,22.0,188.2,239.7
32,49,31,26.77,25.55,-12.2,51.0,53.0,200.0,22.0,187.8,242.3
33,0,36,26.76,25.48,-12.8,51.0,53.0,150.0,17.0,137.2,242.4
33,1,37,27.5,26.23,-12.7,52.0,54.0,150.0,17.0,137.3,245.0
33,2,37,27.25,26.01,-12.4,52.0,53.0,150.0,16.0,137.6,247.5
33,3,36,26.99,25.78,-12.1,52.0,53.0,160.0,17.0,147.9,250.1
33,4,36,26.73,25.56,-11.7,52.0,53.0,160.0,17.0,148.3,252.7
33,5,35,26.47,25.33,-11.4,51.0,53.0,160.0,18.0,148.6,245.3
33,6,36,27.21,26.11,-11.0,52.0,54.0,160.0,18.0,149.0,247.9
33,7,35,26.96,25.88,-10.8,52.0,53.0,170.0,18.0,159.2,250.4
33,8,35,26.7,25.66,-10.4,52.0,53.0,170.0,18.0,159.6,253.0
33,9,35,26.44,25.43,-10.1,52.0,53.0,170.0,18.0,159.9,255.6
33,10,35,27.18,26.21,-9.7,53.0,54.0,180.0,19.0,170.3,258.2
33,11,35,26.93,25.98,-9.5,52.0,54.0,170.0,19.0,160.5,250.7
33,12,34,26.67,25.76,-9.1,52.0,54.0,180.0,20.0,170.9,253.3
33,13,34,26.41,25.29,-11.2,52.0,53.0,180.0,19.0,168.8,255.9
33,14,34,27.15,25.8,-13.5,53.0,54.0,190.0,20.0,176.5,258.5
33,15,34,26.89,25.32,-15.7,53.0,54.0,190.0,20.0,174.3,261.1
33,16,34,26.64,24.84,-18.0,52.0,54.0,180.0,20.0,162.0,253.6
33,17,34,26.38,24.58,-18.0,52.0,54.0,180.0,20.0,162.0,256.2
33,18,34,27.12,25.36,-17.6,53.0,54.0,190.0,20.0,172.4,258.8
33,19,34,26.86,25.15,-17.1,53.0,54.0,190.0,20.0,172.9,261.4
33,20,34,26.61,24.93,-16.8,53.0,54.0,190.0,20.0,173.2,263.9
33,21,34,26.35,24.72,-16.3,53.0,54.0,190.0,20.0,173.7,266.5
33,22,35,27.09,25.5,-15.9,53.0,55.0,180.0,20.0,164.1,259.1
33,23,35,26.83,25.28,-15.5,53.0,55.0,180.0,20.0,164.5,261.7
33,24,35,26.57,25.07,-15.0,53.0,54.0,180.0,19.0,165.0,264.3
33,25,34,26.32,24.85,-14.7,53.0,54.0,190.0,20.0,175.3,266.8
33,26,35,27.06,25.66,-14.0,54.0,55.0,190.0,20.0,176.0,269.4
33,27,35,26.89,25.79,-11.0,53.0,55.0,180.0,20.0,169.0,261.1
33,28,32,26.94,25.92,-10.2,53.0,55.0,210.0,23.0,199.8,260.6
33,29,35,26.99,26.05,-9.4,53.0,55.0,180.0,20.0,170.6,260.1
33,30,35,27.03,26.18,-8.5,53.0,54.0,180.0,19.0,171.5,259.7
33,31,35,27.72,27.32,-4.0,54.0,55.0,190.0,20.0,186.0,262.8
33,32,35,27.38,27.45,0.7,54.0,55.0,190.0,20.0,190.7,266.2
33,33,35,27.05,27.53,4.8,53.0,55.0,180.0,20.0,184.8,259.5
33,34,35,26.72,26.62,-1.0,53.0,55.0,180.0,20.0,179.0,262.8
33,35,36,27.38,26.71,-6.7,54.0,55.0,180.0,19.0,173.3,266.2
33,36,36,26.89,25.81,-10.8,54.0,55.0,180.0,19.0,169.2,271.1
33,37,35,26.33,24.9,-14.3,54.0,55.0,190.0,20.0,175.7,276.7
33,38,35,25.77,23.99,-17.8,53.0,55.0,180.0,20.0,162.2,272.3
33,39,36,26.21,24.08,-21.3,54.0,56.0,180.0,20.0,158.7,277.9
33,40,36,25.65,23.18,-24.7,54.0,55.0,180.0,19.0,155.3,283.5
33,41,36,25.1,22.81,-22.9,54.0,55.0,180.0,19.0,157.1,289.0
33,42,36,24.54,22.5,-20.4,54.0,55.0,180.0,19.0,159.6,294.6
33,43,37,25.19,23.2,-19.9,55.0,56.0,180.0,19.0,160.1,298.1
33,44,36,24.86,22.89,-19.7,54.0,56.0,180.0,20.0,160.3,291.4
33,45,36,24.53,22.58,-19.5,54.0,56.0,180.0,20.0,160.5,294.7
33,46,36,24.2,22.27,-19.3,54.0,55.0,180.0,19.0,160.7,298.0
33,47,37,24.87,22.97,-19.0,55.0,56.0,180.0,19.0,161.0,301.3
33,48,37,24.54,22.66,-18.8,55.0,56.0,180.0,19.0,161.2,304.6
33,49,37,24.22,22.35,-18.7,55.0,56.0,180.0,19.0,161.3,307.8
34,0,36,22.82,20.98,-18.4,53.0,55.0,170.0,19.0,151.6,301.8
34,1,37,23.49,21.67,-18.2,54.0,56.0,170.0,19.0,151.8,305.1
34,2,37,23.16,21.36,-18.0,54.0,55.0,170.0,18.0,152.0,308.4
34,3,37,22.84,21.03,-18.1,54.0,55.0,170.0,18.0,151.9,311.6
34,4,37,22.51,20.7,-18.1,54.0,55.0,170.0,18.0,151.9,314.9
34,5,37,23.18,21.36,-18.2,54.0,56.0,170.0,19.0,151.8,308.2
34,6,37,22.85,21.03,-18.2,54.0,56.0,170.0,19.0,151.8,311.5
34,7,37,22.52,20.7,-18.2,54.0,55.0,170.0,18.0,151.8,314.8
34,8,37,23.2,21.36,-18.4,55.0,56.0,180.0,19.0,161.6,318.0
34,9,37,22.87,21.03,-18.4,55.0,56.0,180.0,19.0,161.6,321.3
34,10,37,22.54,20.73,-18.1,55.0,56.0,180.0,19.0,161.9,324.6
34,11,36,22.21,20.47,-17.4,54.0,56.0,180.0,20.0,162.6,317.9
34,12,36,22.89,21.2,-16.9,55.0,57.0,190.0,21.0,173.1,321.1
34,13,36,22.78,20.94,-18.4,55.0,56.0,190.0,20.0,171.6,322.2
34,14,36,22.73,20.67,-20.6,55.0,56.0,190.0,20.0,169.4,322.7
34,15,36,23.68,21.41,-22.7,56.0,57.0,200.0,21.0,177.3,323.2
34,16,36,23.64,21.16,-24.8,55.0,57.0,190.0,21.0,165.2,313.6
34,17,35,23.59,21.29,-23.0,55.0,57.0,200.0,22.0,177.0,314.1
34,18,35,23.54,21.43,-21.1,55.0,56.0,200.0,21.0,178.9,314.6
34,19,34,24.5,22.56,-19.4,56.0,57.0,220.0,23.0,200.6,315.0
34,20,35,24.45,22.7,-17.5,56.0,57.0,210.0,22.0,192.5,315.5
34,21,35,24.41,22.84,-15.7,56.0,57.0,210.0,22.0,194.3,315.9
34,22,34,24.36,23.04,-13.2,55.0,57.0,210.0,23.0,196.8,306.4
34,23,35,25.34,24.24,-11.0,56.0,58.0,210.0,23.0,199.0,306.6
34,24,35,25.34,24.44,-9.0,56.0,57.0,210.0,22.0,201.0,306.6
34,25,34,25.34,24.5,-8.4,56.0,57.0,220.0,23.0,211.6,306.6
34,26,35,26.34,24.91,-14.3,57.0,58.0,220.0,23.0,205.7,306.6
34,27,34,25.82,24.33,-14.9,56.0,58.0,220.0,24.0,205.1,301.8
34,28,34,25.29,23.74,-15.5,56.0,58.0,220.0,24.0,204.5,307.1
34,29,34,24.75,23.15,-16.0,56.0,57.0,220.0,23.0,204.0,312.5
34,30,35,25.22,23.75,-14.7,57.0,58.0,220.0,23.0,205.3,317.8
34,31,34,24.68,23.43,-12.5,56.0,58.0,220.0,24.0,207.5,313.2
34,32,34,24.15,23.11,-10.4,56.0,58.0,220.0,24.0,209.6,318.5
34,33,35,24.65,23.79,-8.6,57.0,58.0,220.0,23.0,211.4,323.5
34,34,35,24.43,23.47,-9.6,57.0,58.0,220.0,23.0,210.4,325.7
34,35,35,24.21,23.15,-10.6,57.0,58.0,220.0,23.0,209.4,327.9
34,36,35,23.99,22.83,-11.6,56.0,58.0,210.0,23.0,198.4,320.1
34,37,36,24.76,23.51,-12.5,57.0,59.0,210.0,23.0,197.5,322.4
34,38,35,24.54,23.19,-13.5,57.0,58.0,220.0,23.0,206.5,324.6
34,39,35,24.32,23.02,-13.0,57.0,58.0,220.0,23.0,207.0,326.8
34,40,34,24.1,22.97,-11.3,56.0,58.0,220.0,24.0,208.7,319.0
34,41,35,24.88,23.92,-9.6,57.0,59.0,220.0,24.0,210.4,321.2
34,42,35,24.56,23.87,-6.9,57.0,58.0,220.0,23.0,213.1,324.4
34,43,35,24.17,23.82,-3.5,57.0,58.0,220.0,23.0,216.5,328.3
34,44,36,24.77,24.77,0.0,57.0,59.0,210.0,23.0,210.0,322.3
34,45,34,24.38,24.71,3.3,57.0,59.0,230.0,25.0,233.3,326.2
34,46,34,23.99,24.66,6.7,57.0,58.0,230.0,24.0,236.7,330.1
34,47,36,23.6,24.25,6.5,57.0,58.0,210.0,22.0,216.5,334.0
34,48,36,24.2,24.8,6.0,58.0,59.0,220.0,23.0,226.0,338.0
34,49,35,23.81,24.35,5.4,57.0,59.0,220.0,24.0,225.4,331.9
35,0,46,33.18,33.5,3.2,67.0,68.0,210.0,22.0,213.2,338.2
35,1,46,32.98,33.05,0.7,66.0,68.0,200.0,22.0,200.7,330.2
35,2,46,32.79,32.59,-2.0,66.0,68.0,200.0,22.0,198.0,332.1
35,3,46,32.6,32.14,-4.6,66.0,67.0,200.0,21.0,195.4,334.0
35,4,46,32.41,31.96,-4.5,66.0,67.0,200.0,21.0,195.5,335.9
35,5,46,33.21,32.84,-3.7,67.0,68.0,210.0,22.0,206.3,337.9
35,6,46,33.02,32.73,-2.9,66.0,68.0,200.0,22.0,197.1,329.8
35,7,46,32.83,32.62,-2.1,66.0,68.0,200.0,22.0,197.9,331.7
35,8,46,32.64,32.51,-1.3,66.0,67.0,200.0,21.0,198.7,333.6
35,9,46,32.44,32.39,-0.5,66.0,67.0,200.0,21.0,199.5,335.6
35,10,47,33.25,33.28,0.3,66.0,68.0,190.0,21.0,190.3,327.5
35,11,46,33.06,33.17,1.1,66.0,68.0,200.0,22.0,201.1,329.4
35,12,46,32.99,33.06,0.7,66.0,67.0,200.0,21.0,200.7,330.1
35,13,46,33.22,32.95,-2.7,66.0,67.0,200.0,21.0,197.3,327.8
35,14,47,34.46,33.85,-6.1,66.0,68.0,190.0,21.0,183.9,315.4
35,15,47,34.69,33.76,-9.3,66.0,68.0,190.0,21.0,180.7,313.1
35,16,46,34.93,33.66,-12.7,66.0,67.0,200.0,21.0,187.3,310.7
35,17,46,35.16,33.37,-17.9,66.0,67.0,200.0,21.0,182.1,308.4
35,18,46,35.39,32.63,-27.6,66.0,67.0,200.0,21.0,172.4,306.1
35,19,47,36.63,32.9,-37.3,66.0,68.0,190.0,21.0,152.7,293.7
35,20,46,36.56,32.17,-43.9,66.0,68.0,200.0,22.0,156.1,294.4
35,21,46,36.43,31.87,-45.6,66.0,67.0,200.0,21.0,154.4,295.7
35,22,46,33.6,31.64,-19.6,66.0,67.0,200.0,21.0,180.4,324.0
35,23,46,33.17,31.4,-17.7,65.0,67.0,190.0,21.0,172.3,318.3
35,24,47,33.74,32.17,-15.7,66.0,68.0,190.0,21.0,174.3,322.6
35,25,46,33.31,31.9,-14.1,66.0,67.0,200.0,21.0,185.9,326.9
35,26,46,32.88,31.59,-12.9,66.0,67.0,200.0,21.0,187.1,331.2
35,27,46,32.45,31.27,-11.8,65.0,67.0,190.0,21.0,178.2,325.5
35,28,47,33.02,31.96,-10.6,66.0,68.0,190.0,21.0,179.4,329.8
35,29,47,32.59,31.65,-9.4,66.0,67.0,190.0,20.0,180.6,334.1
35,30,46,32.16,31.33,-8.3,66.0,67.0,200.0,21.0,191.7,338.4
35,31,46,31.73,31.02,-7.1,66.0,67.0,200.0,21.0,192.9,342.7
35,32,46,31.3,30.7,-6.0,65.0,67.0,190.0,21.0,184.0,337.0
35,33,47,31.87,31.39,-4.8,66.0,68.0,190.0,21.0,185.2,341.3
35,34,46,31.44,31.05,-3.9,66.0,67.0,200.0,21.0,196.1,345.6
35,35,46,31.01,30.5,-5.1,66.0,67.0,200.0,21.0,194.9,349.9
35,36,46,30.58,29.95,-6.3,65.0,67.0,190.0,21.0,183.7,344.2
35,37,46,30.23,29.39,-8.4,65.0,67.0,190.0,21.0,181.6,347.7
35,38,47,31.04,29.84,-12.0,66.0,67.0,190.0,20.0,178.0,349.6
35,39,47,30.85,29.29,-15.6,66.0,67.0,190.0,20.0,174.4,351.5
35,40,47,30.65,28.74,-19.1,65.0,67.0,180.0,20.0,160.9,343.5
35,41,46,30.46,28.43,-20.3,65.0,67.0,190.0,21.0,169.7,345.4
35,42,47,31.27,29.26,-20.1,66.0,67.0,190.0,20.0,169.9,347.3
35,43,47,31.07,29.09,-19.8,66.0,67.0,190.0,20.0,170.2,349.3
35,44,47,30.88,28.92,-19.6,66.0,67.0,190.0,20.0,170.4,351.2
35,45,47,30.69,28.75,-19.4,65.0,67.0,180.0,20.0,160.6,343.1
35,46,46,30.49,28.57,-19.2,65.0,67.0,190.0,21.0,170.8,345.1
35,47,47,31.3,29.4,-19.0,66.0,67.0,190.0,20.0,171.0,347.0
35,48,47,31.11,29.23,-18.8,66.0,67.0,190.0,20.0,171.2,348.9
35,49,47,30.92,29.06,-18.6,65.0,67.0,180.0,20.0,161.4,340.8
36,0,24,28.66,26.84,-18.2,63.0,65.0,390.0,41.0,371.8,343.4
36,1,24,28.47,26.67,-18.0,63.0,64.0,390.0,40.0,372.0,345.3
36,2,24,28.28,26.5,-17.8,63.0,64.0,390.0,40.0,372.2,347.2
36,3,24,28.09,26.33,-17.6,62.0,64.0,380.0,40.0,362.4,339.1
36,4,25,28.89,27.15,-17.4,63.0,65.0,380.0,40.0,362.6,341.1
36,5,25,28.7,26.99,-17.1,63.0,64.0,380.0,39.0,362.9,343.0
36,6,25,28.51,26.86,-16.5,63.0,64.0,380.0,39.0,363.5,344.9
36,7,25,28.31,26.73,-15.8,63.0,64.0,380.0,39.0,364.2,346.9
36,8,25,28.12,26.6,-15.2,62.0,64.0,370.0,39.0,354.8,338.8
36,9,25,28.93,27.47,-14.6,63.0,65.0,380.0,40.0,365.4,340.7
36,10,25,28.7,27.34,-13.6,63.0,64.0,380.0,39.0,366.4,343.0
36,11,25,28.45,27.21,-12.4,63.0,64.0,380.0,39.0,367.6,345.5
36,12,25,28.21,27.08,-11.3,62.0,64.0,370.0,39.0,358.7,337.9
36,13,26,28.96,27.95,-10.1,63.0,65.0,370.0,39.0,359.9,340.4
36,14,26,28.72,27.82,-9.0,63.0,64.0,370.0,38.0,361.0,342.8
36,15,25,28.47,27.69,-7.8,63.0,64.0,380.0,39.0,372.2,345.3
36,16,25,28.22,27.56,-6.6,62.0,64.0,370.0,39.0,363.4,337.8
36,17,27,27.98,27.43,-5.5,62.0,64.0,350.0,37.0,344.5,340.2
36,18,28,28.73,28.3,-4.3,63.0,64.0,350.0,36.0,345.7,342.7
36,19,26,28.49,28.01,-4.8,63.0,64.0,370.0,38.0,365.2,345.1
36,20,29,28.24,27.71,-5.3,63.0,64.0,340.0,35.0,334.7,347.6
36,21,29,27.99,27.42,-5.7,62.0,64.0,330.0,35.0,324.3,340.1
36,22,29,27.75,27.12,-6.3,62.0,64.0,330.0,35.0,323.7,342.5
36,23,29,28.5,27.83,-6.7,63.0,64.0,340.0,35.0,333.3,345.0
36,24,29,28.26,27.53,-7.3,63.0,64.0,340.0,35.0,332.7,347.4
36,25,29,28.01,27.24,-7.7,62.0,64.0,330.0,35.0,322.3,339.9
36,26,26,27.77,26.94,-8.3,62.0,64.0,360.0,38.0,351.7,342.3
36,27,26,27.52,26.65,-8.7,62.0,63.0,360.0,37.0,351.3,344.8
36,28,27,28.27,27.35,-9.2,63.0,64.0,360.0,37.0,350.8,347.3
36,29,27,28.04,27.08,-9.6,62.0,64.0,350.0,37.0,340.4,339.6
36,30,26,27.86,26.81,-10.5,62.0,64.0,360.0,38.0,349.5,341.4
36,31,29,27.67,26.55,-11.2,62.0,63.0,330.0,34.0,318.8,343.3
36,32,29,27.49,26.28,-12.1,62.0,63.0,330.0,34.0,317.9,345.1
36,33,28,28.3,27.01,-12.9,63.0,64.0,350.0,36.0,337.1,347.0
36,34,29,28.12,26.75,-13.7,62.0,64.0,330.0,35.0,316.3,338.8
36,35,27,27.93,26.48,-14.5,62.0,64.0,350.0,37.0,335.5,340.7
36,36,29,27.75,26.22,-15.3,62.0,63.0,330.0,34.0,314.7,342.5
36,37,29,28.56,26.95,-16.1,63.0,64.0,340.0,35.0,323.9,344.4
36,38,28,28.38,26.68,-17.0,62.0,64.0,340.0,36.0,323.0,336.2
36,39,29,28.19,26.43,-17.6,62.0,64.0,330.0,35.0,312.4,338.1
36,40,29,28.01,26.21,-18.0,62.0,63.0,330.0,34.0,312.0,339.9
36,41,29,27.82,25.99,-18.3,62.0,63.0,330.0,34.0,311.7,341.8
36,42,27,28.64,26.77,-18.7,62.0,64.0,350.0,37.0,331.3,333.6
36,43,28,28.45,26.55,-19.0,62.0,64.0,340.0,36.0,321.0,335.5
36,44,28,28.27,26.33,-19.4,62.0,63.0,340.0,35.0,320.6,337.3
36,45,28,28.08,26.12,-19.6,62.0,63.0,340.0,35.0,320.4,339.2
36,46,27,27.9,25.9,-20.0,62.0,63.0,350.0,36.0,330.0,341.0
36,47,28,28.71,26.68,-20.3,62.0,64.0,340.0,36.0,319.7,332.9
36,48,27,28.53,26.46,-20.7,62.0,64.0,350.0,37.0,329.3,334.7
36,49,27,28.34,26.18,-21.6,62.0,63.0,350.0,36.0,328.4,336.6
37,0,27,27.1,24.76,-23.4,61.0,62.0,340.0,35.0,316.6,339.0
37,1,27,26.91,24.44,-24.7,60.0,62.0,330.0,35.0,305.3,330.9
37,2,26,26.73,24.12,-26.1,60.0,62.0,340.0,36.0,313.9,332.7
37,3,26,26.54,23.8,-27.4,60.0,61.0,340.0,35.0,312.6,334.6
37,4,27,27.36,24.48,-28.8,61.0,62.0,340.0,35.0,311.2,336.4
37,5,27,27.17,24.16,-30.1,60.0,62.0,330.0,35.0,299.9,328.3
37,6,27,26.99,23.84,-31.5,60.0,62.0,330.0,35.0,298.5,330.1
37,7,26,26.8,23.52,-32.8,60.0,61.0,340.0,35.0,307.2,332.0
37,8,26,26.62,23.2,-34.2,60.0,61.0,340.0,35.0,305.8,333.8
37,9,26,26.43,22.88,-35.5,59.0,61.0,330.0,35.0,294.5,325.7
37,10,24,26.25,22.56,-36.9,59.0,61.0,350.0,37.0,313.1,327.5
37,11,26,27.06,23.24,-38.2,60.0,61.0,340.0,35.0,301.8,329.4
37,12,25,26.88,23.15,-37.3,60.0,61.0,350.0,36.0,312.7,331.2
37,13,26,26.69,23.73,-29.6,60.0,61.0,340.0,35.0,310.4,333.1
37,14,27,26.51,24.3,-22.1,59.0,61.0,320.0,34.0,297.9,324.9
37,15,27,26.32,24.87,-14.5,59.0,61.0,320.0,34.0,305.5,326.8
37,16,27,26.14,25.44,-7.0,59.0,60.0,320.0,33.0,313.0,328.6
37,17,26,25.95,25.36,-5.9,59.0,60.0,330.0,34.0,324.1,330.5
37,18,27,26.37,25.91,-4.6,59.0,61.0,320.0,34.0,315.4,326.3
37,19,27,25.79,25.45,-3.4,59.0,61.0,320.0,34.0,316.6,332.1
37,20,26,25.2,24.29,-9.1,59.0,60.0,330.0,34.0,320.9,338.0
37,21,25,24.62,22.86,-17.6,59.0,60.0,340.0,35.0,322.4,343.8
37,22,25,24.04,22.42,-16.2,58.0,60.0,330.0,35.0,313.8,339.6
37,23,25,23.55,22.12,-14.3,58.0,60.0,330.0,35.0,315.7,344.5
37,24,24,23.31,21.82,-14.9,58.0,59.0,340.0,35.0,325.1,346.9
37,25,25,24.07,22.52,-15.5,59.0,60.0,340.0,35.0,324.5,349.3
37,26,25,23.82,22.31,-15.1,59.0,60.0,340.0,35.0,324.9,351.8
37,27,24,23.58,22.12,-14.6,58.0,60.0,340.0,36.0,325.4,344.2
37,28,24,23.34,21.92,-14.2,58.0,60.0,340.0,36.0,325.8,346.6
37,29,24,23.1,21.73,-13.7,58.0,59.0,340.0,35.0,326.3,349.0
37,30,24,22.86,21.53,-13.3,58.0,59.0,340.0,35.0,326.7,351.4
37,31,24,22.62,21.33,-12.9,57.0,59.0,330.0,35.0,317.1,343.8
37,32,25,23.39,22.15,-12.4,58.0,60.0,330.0,35.0,317.6,346.1
37,33,25,23.26,21.98,-12.8,58.0,59.0,330.0,34.0,317.2,347.4
37,34,24,23.14,21.8,-13.4,58.0,59.0,340.0,35.0,326.6,348.6
37,35,24,23.02,21.62,-14.0,57.0,59.0,330.0,35.0,316.0,339.8
37,36,24,22.9,21.44,-14.6,57.0,59.0,330.0,35.0,315.4,341.0
37,37,24,22.78,21.27,-15.1,57.0,58.0,330.0,34.0,314.9,342.2
37,38,24,22.66,21.09,-15.7,57.0,58.0,330.0,34.0,314.3,343.4
37,39,24,23.54,21.91,-16.3,58.0,59.0,340.0,35.0,323.7,344.6
37,40,24,23.42,21.79,-16.3,57.0,59.0,330.0,35.0,313.7,335.8
37,41,24,23.29,21.69,-16.0,57.0,59.0,330.0,35.0,314.0,337.1
37,42,24,23.17,21.6,-15.7,57.0,58.0,330.0,34.0,314.3,338.3
37,43,24,23.01,21.51,-15.0,57.0,58.0,330.0,34.0,315.0,339.9
37,44,25,22.81,21.42,-13.9,56.0,58.0,310.0,33.0,296.1,331.9
37,45,23,22.62,21.33,-12.9,56.0,58.0,330.0,35.0,317.1,333.8
37,46,24,23.42,22.23,-11.9,57.0,58.0,330.0,34.0,318.1,335.8
37,47,24,23.22,22.14,-10.8,57.0,58.0,330.0,34.0,319.2,337.8
37,48,24,23.03,22.05,-9.8,56.0,58.0,320.0,34.0,310.2,329.7
37,49,24,22.83,21.96,-8.7,56.0,58.0,320.0,34.0,311.3,331.7
38,0,15,13.92,12.92,-10.0,47.0,49.0,320.0,34.0,310.0,330.8
38,1,15,13.91,12.48,-14.3,47.0,49.0,320.0,34.0,305.7,330.9
38,2,16,15.02,13.15,-18.7,48.0,49.0,320.0,33.0,301.3,329.8
38,3,16,15.14,13.13,-20.1,48.0,49.0,320.0,33.0,299.9,328.6
38,4,15,15.26,13.1,-21.6,47.0,49.0,320.0,34.0,298.4,317.4
38,5,16,15.37,13.07,-23.0,47.0,49.0,310.0,33.0,287.0,316.3
38,6,15,15.49,13.05,-24.4,47.0,48.0,320.0,33.0,295.6,315.1
38,7,15,15.61,13.02,-25.9,47.0,48.0,320.0,33.0,294.1,313.9
38,8,16,16.72,14.0,-27.2,47.0,49.0,310.0,33.0,282.8,302.8
38,9,16,16.84,13.97,-28.7,47.0,49.0,310.0,33.0,281.3,301.6
38,10,17,16.91,13.95,-29.6,47.0,48.0,300.0,31.0,270.4,300.9
38,11,16,16.46,13.92,-25.4,47.0,48.0,310.0,32.0,284.6,305.4
38,12,16,16.0,13.9,-21.0,46.0,48.0,300.0,32.0,279.0,300.0
38,13,15,15.54,13.72,-18.2,46.0,48.0,310.0,33.0,291.8,304.6
38,14,16,16.08,14.53,-15.5,47.0,48.0,310.0,32.0,294.5,309.2
38,15,16,15.63,14.35,-12.8,47.0,48.0,310.0,32.0,297.2,313.7
38,16,16,15.47,14.17,-13.0,47.0,48.0,310.0,32.0,297.0,315.3
38,17,15,15.59,13.98,-16.1,46.0,48.0,310.0,33.0,293.9,304.1
38,18,15,15.7,13.8,-19.0,46.0,48.0,310.0,33.0,291.0,303.0
38,19,15,15.82,13.62,-22.0,46.0,47.0,310.0,32.0,288.0,301.8
38,20,15,15.93,13.43,-25.0,46.0,47.0,310.0,32.0,285.0,300.7
38,21,16,17.05,14.23,-28.2,46.0,48.0,300.0,32.0,271.8,289.5
38,22,16,17.16,14.02,-31.4,46.0,48.0,300.0,32.0,268.6,288.4
38,23,16,17.28,13.82,-34.6,46.0,47.0,300.0,31.0,265.4,287.2
38,24,16,17.4,13.61,-37.9,46.0,47.0,300.0,31.0,262.1,286.0
38,25,16,17.51,13.41,-41.0,45.0,47.0,290.0,31.0,249.0,274.9
38,26,15,17.63,13.3,-43.3,45.0,47.0,300.0,32.0,256.7,273.7
38,27,16,18.48,14.21,-42.7,46.0,47.0,300.0,31.0,257.3,275.2
38,28,16,18.14,14.12,-40.2,46.0,47.0,300.0,31.0,259.8,278.6
38,29,16,17.79,14.03,-37.6,46.0,47.0,300.0,31.0,262.4,282.1
38,30,16,17.45,13.93,-35.2,45.0,47.0,290.0,31.0,254.8,275.5
38,31,16,17.11,13.84,-32.7,45.0,47.0,290.0,31.0,257.3,278.9
38,32,15,16.76,13.75,-30.1,45.0,46.0,300.0,31.0,269.9,282.4
38,33,15,16.42,13.66,-27.6,45.0,46.0,300.0,31.0,272.4,285.8
38,34,16,17.07,14.57,-25.0,45.0,47.0,290.0,31.0,265.0,279.3
38,35,17,16.73,14.47,-22.6,45.0,47.0,280.0,30.0,257.4,282.7
38,36,16,16.39,14.38,-20.1,45.0,46.0,290.0,30.0,269.9,286.1
38,37,16,16.16,14.29,-18.7,45.0,46.0,290.0,30.0,271.3,288.4
38,38,16,15.95,14.2,-17.5,45.0,46.0,290.0,30.0,272.5,290.5
38,39,16,15.74,14.44,-13.0,44.0,46.0,280.0,30.0,267.0,282.6
38,40,17,16.53,15.71,-8.2,45.0,47.0,280.0,30.0,271.8,284.7
38,41,17,16.32,15.99,-3.3,45.0,46.0,280.0,29.0,276.7,286.8
38,42,17,16.11,16.22,1.1,45.0,46.0,280.0,29.0,281.1,288.9
38,43,17,15.9,15.83,-0.7,44.0,46.0,270.0,29.0,269.3,281.0
38,44,17,15.69,15.44,-2.5,44.0,46.0,270.0,29.0,267.5,283.1
38,45,17,15.47,15.05,-4.2,44.0,45.0,270.0,28.0,265.8,285.3
38,46,17,16.4,15.66,-7.4,45.0,46.0,280.0,29.0,272.6,286.0
38,47,17,16.34,15.27,-10.7,44.0,46.0,270.0,29.0,259.3,276.6
38,48,17,16.29,15.07,-12.2,44.0,46.0,270.0,29.0,257.8,277.1
38,49,17,16.24,14.98,-12.6,44.0,45.0,270.0,28.0,257.4,277.6
39,0,21,20.18,18.87,-13.1,48.0,49.0,270.0,28.0,256.9,278.2
39,1,21,20.13,18.78,-13.5,48.0,49.0,270.0,28.0,256.5,278.7
39,2,21,19.98,18.71,-12.7,47.0,49.0,260.0,28.0,247.3,270.2
39,3,21,19.82,18.67,-11.5,47.0,49.0,260.0,28.0,248.5,271.8
39,4,22,20.66,19.63,-10.3,48.0,49.0,260.0,27.0,249.7,273.4
39,5,22,20.5,19.59,-9.1,48.0,49.0,260.0,27.0,250.9,275.0
39,6,22,20.34,19.55,-7.9,47.0,49.0,250.0,27.0,242.1,266.6
39,7,21,20.19,19.51,-6.8,47.0,49.0,260.0,28.0,253.2,268.1
39,8,21,20.03,19.47,-5.6,47.0,48.0,260.0,27.0,254.4,269.7
39,9,21,19.87,19.43,-4.4,47.0,48.0,260.0,27.0,255.6,271.3
39,10,21,19.71,19.39,-3.2,46.0,48.0,250.0,27.0,246.8,262.9
39,11,21,19.55,19.35,-2.0,46.0,48.0,250.0,27.0,248.0,264.5
39,12,21,19.55,19.26,-2.9,46.0,47.0,250.0,26.0,247.1,264.5
39,13,21,19.57,19.12,-4.5,46.0,47.0,250.0,26.0,245.5,264.3
39,14,21,19.58,18.98,-6.0,46.0,47.0,250.0,26.0,244.0,264.2
39,15,21,19.6,18.85,-7.5,45.0,47.0,240.0,26.0,232.5,254.0
39,16,21,19.62,18.71,-9.1,45.0,47.0,240.0,26.0,230.9,253.8
39,17,21,19.63,18.57,-10.6,45.0,46.0,240.0,25.0,229.4,253.7
39,18,21,19.65,18.43,-12.2,45.0,46.0,240.0,25.0,227.8,253.5
39,19,21,19.66,18.41,-12.5,45.0,46.0,240.0,25.0,227.5,253.4
39,20,21,19.68,18.41,-12.7,44.0,46.0,230.0,25.0,217.3,243.2
39,21,21,19.68,18.41,-12.7,44.0,46.0,230.0,25.0,217.3,243.2
39,22,22,20.63,19.41,-12.2,45.0,46.0,230.0,24.0,217.8,243.7
39,23,22,20.58,19.4,-11.8,45.0,46.0,230.0,24.0,218.2,244.2
39,24,22,20.53,19.34,-11.9,45.0,46.0,230.0,24.0,218.1,244.7
39,25,22,20.48,19.28,-12.0,45.0,46.0,230.0,24.0,218.0,245.2
39,26,22,20.42,19.21,-12.1,44.0,46.0,220.0,24.0,207.9,235.8
39,27,21,20.37,19.15,-12.2,44.0,46.0,230.0,25.0,217.8,236.3
39,28,21,20.32,19.09,-12.3,44.0,45.0,230.0,24.0,217.7,236.8
39,29,21,20.27,19.03,-12.4,44.0,45.0,230.0,24.0,217.6,237.3
39,30,21,20.22,18.97,-12.5,44.0,45.0,230.0,24.0,217.5,237.8
39,31,21,20.01,18.91,-11.0,44.0,45.0,230.0,24.0,219.0,239.9
39,32,21,19.81,18.82,-9.9,44.0,45.0,230.0,24.0,220.1,241.9
39,33,21,19.6,18.73,-8.7,43.0,45.0,220.0,24.0,211.3,234.0
39,34,21,19.39,18.63,-7.6,43.0,45.0,220.0,24.0,212.4,236.1
39,35,21,19.19,18.54,-6.5,43.0,45.0,220.0,24.0,213.5,238.1
39,36,21,18.98,18.44,-5.4,43.0,44.0,220.0,23.0,214.6,240.2
39,37,21,18.95,18.35,-6.0,43.0,44.0,220.0,23.0,214.0,240.5
39,38,21,18.95,18.28,-6.7,43.0,44.0,220.0,23.0,213.3,240.5
39,39,20,18.95,18.21,-7.4,43.0,44.0,230.0,24.0,222.6,240.5
39,40,21,19.95,19.14,-8.1,44.0,45.0,230.0,24.0,221.9,240.5
39,41,21,19.95,19.06,-8.9,44.0,45.0,230.0,24.0,221.1,240.5
39,42,21,19.95,18.99,-9.6,44.0,45.0,230.0,24.0,220.4,240.5
39,43,21,19.95,18.92,-10.3,44.0,45.0,230.0,24.0,219.7,240.5
39,44,22,19.92,18.85,-10.7,44.0,45.0,220.0,23.0,209.3,240.8
39,45,21,19.81,18.99,-8.2,43.0,45.0,220.0,24.0,211.8,231.9
39,46,21,19.7,19.24,-4.6,43.0,45.0,220.0,24.0,215.4,233.0
39,47,21,19.58,19.49,-0.9,43.0,45.0,220.0,24.0,219.1,234.2
39,48,21,19.47,19.74,2.7,43.0,44.0,220.0,23.0,222.7,235.3
39,49,21,19.35,19.71,3.6,43.0,44.0,220.0,23.0,223.6,236.5
40,0,17,16.16,15.99,-1.7,40.0,41.0,230.0,24.0,228.3,238.4
40,1,17,16.04,15.56,-4.8,40.0,41.0,230.0,24.0,225.2,239.6
40,2,17,15.93,15.14,-7.9,40.0,41.0,230.0,24.0,222.1,240.7
40,3,17,15.83,15.01,-8.2,40.0,41.0,230.0,24.0,221.8,241.7
40,4,17,15.79,14.99,-8.0,40.0,41.0,230.0,24.0,222.0,242.1
40,5,17,15.74,14.97,-7.7,40.0,41.0,230.0,24.0,222.3,242.6
40,6,18,16.7,15.95,-7.5,41.0,42.0,230.0,24.0,222.5,243.0
40,7,19,16.68,15.93,-7.5,40.0,42.0,210.0,23.0,202.5,233.2
40,8,19,16.68,15.91,-7.7,40.0,42.0,210.0,23.0,202.3,233.2
40,9,19,16.68,15.88,-8.0,40.0,42.0,210.0,23.0,202.0,233.2
40,10,17,16.68,15.86,-8.2,40.0,41.0,230.0,24.0,221.8,233.2
40,11,19,16.68,15.84,-8.4,40.0,41.0,210.0,22.0,201.6,233.2
40,12,17,16.68,15.82,-8.6,40.0,41.0,230.0,24.0,221.4,233.2
40,13,19,16.68,15.8,-8.8,40.0,41.0,210.0,22.0,201.2,233.2
40,14,19,16.68,15.78,-9.0,40.0,41.0,210.0,22.0,201.0,233.2
40,15,19,16.68,15.76,-9.2,40.0,41.0,210.0,22.0,200.8,233.2
40,16,19,16.68,15.73,-9.5,40.0,41.0,210.0,22.0,200.5,233.2
40,17,18,16.68,15.71,-9.7,40.0,41.0,220.0,23.0,210.3,233.2
40,18,18,16.68,15.69,-9.9,40.0,41.0,220.0,23.0,210.1,233.2
40,19,18,16.68,15.67,-10.1,39.0,41.0,210.0,23.0,199.9,223.2
40,20,18,16.68,15.65,-10.3,39.0,41.0,210.0,23.0,199.7,223.2
40,21,18,16.71,15.61,-11.0,39.0,41.0,210.0,23.0,199.0,222.9
40,22,17,16.77,15.54,-12.3,39.0,41.0,220.0,24.0,207.7,222.3
40,23,17,16.82,15.46,-13.6,39.0,40.0,220.0,23.0,206.4,221.8
40,24,18,17.88,16.39,-14.9,40.0,41.0,220.0,23.0,205.1,221.2
40,25,18,17.93,16.32,-16.1,40.0,41.0,220.0,23.0,203.9,220.7
40,26,19,17.99,16.25,-17.4,40.0,41.0,210.0,22.0,192.6,220.1
40,27,19,17.82,16.18,-16.4,40.0,41.0,210.0,22.0,193.6,221.8
40,28,18,17.62,16.1,-15.2,40.0,41.0,220.0,23.0,204.8,223.8
40,29,18,17.43,16.03,-14.0,40.0,41.0,220.0,23.0,206.0,225.7
40,30,18,17.23,15.96,-12.7,40.0,41.0,220.0,23.0,207.3,227.7
40,31,18,17.03,15.89,-11.4,40.0,41.0,220.0,23.0,208.6,229.7
40,32,18,16.84,15.82,-10.2,39.0,41.0,210.0,23.0,199.8,221.6
40,33,18,16.64,15.74,-9.0,39.0,41.0,210.0,23.0,201.0,223.6
40,34,18,16.44,15.67,-7.7,39.0,41.0,210.0,23.0,202.3,225.6
40,35,18,16.24,15.6,-6.4,39.0,40.0,210.0,22.0,203.6,227.6
40,36,18,16.05,15.53,-5.2,39.0,40.0,210.0,22.0,204.8,229.5
40,37,18,15.85,15.46,-3.9,39.0,40.0,210.0,22.0,206.1,231.5
40,38,18,15.76,15.38,-3.8,39.0,40.0,210.0,22.0,206.2,232.4
40,39,18,15.75,15.31,-4.4,39.0,40.0,210.0,22.0,205.6,232.5
40,40,18,15.73,15.29,-4.4,39.0,40.0,210.0,22.0,205.6,232.7
40,41,19,16.72,16.26,-4.6,40.0,41.0,210.0,22.0,205.4,232.8
40,42,19,16.7,16.24,-4.6,40.0,41.0,210.0,22.0,205.4,233.0
40,43,18,16.68,16.22,-4.6,40.0,41.0,220.0,23.0,215.4,233.2
40,44,19,16.67,16.19,-4.8,39.0,41.0,200.0,22.0,195.2,223.3
40,45,18,16.65,16.17,-4.8,39.0,41.0,210.0,23.0,205.2,223.5
40,46,18,16.64,16.14,-5.0,39.0,41.0,210.0,23.0,205.0,223.6
40,47,18,16.62,16.12,-5.0,39.0,41.0,210.0,23.0,205.0,223.8
40,48,18,16.61,16.09,-5.2,39.0,40.0,210.0,22.0,204.8,223.9
40,49,18,16.59,16.07,-5.2,39.0,40.0,210.0,22.0,204.8,224.1
41,0,18,16.57,16.05,-5.2,39.0,40.0,210.0,22.0,204.8,224.3
41,1,18,16.56,16.02,-5.4,39.0,40.0,210.0,22.0,204.6,224.4
41,2,18,16.54,15.99,-5.5,39.0,40.0,210.0,22.0,204.5,224.6
41,3,18,16.53,15.96,-5.7,39.0,40.0,210.0,22.0,204.3,224.7
41,4,18,16.51,15.93,-5.8,39.0,40.0,210.0,22.0,204.2,224.9
41,5,18,16.5,15.9,-6.0,39.0,40.0,210.0,22.0,204.0,225.0
41,6,18,16.48,15.87,-6.1,39.0,40.0,210.0,22.0,203.9,225.2
41,7,18,16.46,15.84,-6.2,38.0,40.0,200.0,22.0,193.8,215.4
41,8,18,16.43,15.81,-6.2,38.0,40.0,200.0,22.0,193.8,215.7
41,9,19,17.38,16.79,-5.9,39.0,41.0,200.0,22.0,194.1,216.2
41,10,18,17.34,16.87,-4.7,39.0,41.0,210.0,23.0,205.3,216.6
41,11,19,17.29,16.95,-3.4,39.0,40.0,200.0,21.0,196.6,217.1
41,12,19,17.24,17.03,-2.1,39.0,40.0,200.0,21.0,197.9,217.6
41,13,19,17.19,17.11,-0.8,39.0,40.0,200.0,21.0,199.2,218.1
41,14,19,17.14,17.19,0.5,39.0,40.0,200.0,21.0,200.5,218.6
41,15,19,17.14,17.27,1.3,39.0,40.0,200.0,21.0,201.3,218.6
41,16,19,17.14,17.35,2.1,39.0,40.0,200.0,21.0,202.1,218.6
41,17,19,17.14,17.44,3.0,39.0,40.0,200.0,21.0,203.0,218.6
41,18,19,17.14,17.52,3.8,39.0,40.0,200.0,21.0,203.8,218.6
41,19,19,17.14,17.6,4.6,38.0,40.0,190.0,21.0,194.6,208.6
41,20,19,17.14,17.68,5.4,38.0,40.0,190.0,21.0,195.4,208.6
41,21,19,17.14,17.65,5.1,38.0,40.0,190.0,21.0,195.1,208.6
41,22,19,17.14,17.55,4.1,38.0,40.0,190.0,21.0,194.1,208.6
41,23,19,17.14,17.45,3.1,38.0,39.0,190.0,20.0,193.1,208.6
41,24,19,17.14,17.35,2.1,38.0,39.0,190.0,20.0,192.1,208.6
41,25,19,17.14,17.26,1.2,38.0,39.0,190.0,20.0,191.2,208.6
41,26,19,17.14,17.16,0.2,38.0,39.0,190.0,20.0,190.2,208.6
41,27,19,17.14,17.06,-0.8,38.0,39.0,190.0,20.0,189.2,208.6
41,28,18,17.14,16.74,-4.0,38.0,39.0,200.0,21.0,196.0,208.6
41,29,18,17.14,16.38,-7.6,38.0,39.0,200.0,21.0,192.4,208.6
41,30,18,17.14,16.02,-11.2,38.0,39.0,200.0,21.0,188.8,208.6
41,31,18,17.1,15.71,-13.9,38.0,39.0,200.0,21.0,186.1,209.0
41,32,18,16.95,15.66,-12.9,37.0,39.0,190.0,21.0,177.1,200.5
41,33,18,16.81,15.6,-12.1,37.0,39.0,190.0,21.0,177.9,201.9
41,34,18,16.66,15.54,-11.2,37.0,39.0,190.0,21.0,178.8,203.4
41,35,18,16.52,15.49,-10.3,37.0,38.0,190.0,20.0,179.7,204.8
41,36,19,17.37,16.43,-9.4,38.0,39.0,190.0,20.0,180.6,206.3
41,37,18,17.23,16.37,-8.6,38.0,39.0,200.0,21.0,191.4,207.7
41,38,18,17.08,16.32,-7.6,38.0,39.0,200.0,21.0,192.4,209.2
41,39,18,16.93,16.26,-6.7,38.0,39.0,200.0,21.0,193.3,210.7
41,40,18,16.82,16.2,-6.2,38.0,39.0,200.0,21.0,193.8,211.8
41,41,18,16.73,16.15,-5.8,38.0,39.0,200.0,21.0,194.2,212.7
41,42,18,16.64,16.09,-5.5,38.0,39.0,200.0,21.0,194.5,213.6
41,43,18,16.55,16.03,-5.2,38.0,39.0,200.0,21.0,194.8,214.5
41,44,18,16.46,15.98,-4.8,37.0,39.0,190.0,21.0,185.2,205.4
41,45,18,16.36,15.92,-4.4,37.0,39.0,190.0,21.0,185.6,206.4
41,46,18,16.27,15.86,-4.1,37.0,39.0,190.0,21.0,185.9,207.3
41,47,18,16.18,15.81,-3.7,37.0,39.0,190.0,21.0,186.3,208.2
41,48,18,16.09,15.75,-3.4,37.0,38.0,190.0,20.0,186.6,209.1
41,49,18,16.0,15.69,-3.1,37.0,38.0,190.0,20.0,186.9,210.0
42,0,19,16.91,16.63,-2.8,38.0,39.0,190.0,20.0,187.2,210.9
42,1,19,16.9,16.58,-3.2,38.0,39.0,190.0,20.0,186.8,211.0
42,2,19,16.88,16.52,-3.6,38.0,39.0,190.0,20.0,186.4,211.2
42,3,19,16.86,16.47,-3.9,38.0,39.0,190.0,20.0,186.1,211.4
42,4,19,16.85,16.42,-4.3,38.0,39.0,190.0,20.0,185.7,211.5
42,5,19,16.83,16.37,-4.6,38.0,39.0,190.0,20.0,185.4,211.7
42,6,18,16.82,16.31,-5.1,38.0,39.0,200.0,21.0,194.9,211.8
42,7,18,16.8,16.26,-5.4,37.0,39.0,190.0,21.0,184.6,202.0
42,8,18,16.79,16.21,-5.8,37.0,39.0,190.0,21.0,184.2,202.1
42,9,18,16.77,16.16,-6.1,37.0,39.0,190.0,21.0,183.9,202.3
42,10,18,16.75,16.11,-6.4,37.0,38.0,190.0,20.0,183.6,202.5
42,11,18,16.68,16.05,-6.3,37.0,38.0,190.0,20.0,183.7,203.2
42,12,18,16.6,16.0,-6.0,37.0,38.0,190.0,20.0,184.0,204.0
42,13,19,16.53,15.95,-5.8,37.0,38.0,180.0,19.0,174.2,204.7
42,14,17,16.46,15.9,-5.6,37.0,38.0,200.0,21.0,194.4,205.4
42,15,18,16.38,15.84,-5.4,37.0,38.0,190.0,20.0,184.6,206.2
42,16,18,16.31,15.76,-5.5,37.0,38.0,190.0,20.0,184.5,206.9
42,17,18,16.28,15.69,-5.9,37.0,38.0,190.0,20.0,184.1,207.2
42,18,18,16.28,15.62,-6.6,37.0,38.0,190.0,20.0,183.4,207.2
42,19,18,16.28,15.55,-7.3,36.0,38.0,180.0,20.0,172.7,197.2
42,20,18,16.28,15.48,-8.0,36.0,38.0,180.0,20.0,172.0,197.2
42,21,18,16.29,15.41,-8.8,36.0,38.0,180.0,20.0,171.2,197.1
42,22,18,16.33,15.34,-9.9,36.0,38.0,180.0,20.0,170.1,196.7
42,23,18,16.36,15.34,-10.2,36.0,37.0,180.0,19.0,169.8,196.4
42,24,18,16.4,15.34,-10.6,36.0,37.0,180.0,19.0,169.4,196.0
42,25,18,16.43,15.34,-10.9,36.0,37.0,180.0,19.0,169.1,195.7
42,26,18,16.44,15.34,-11.0,36.0,37.0,180.0,19.0,169.0,195.6
42,27,18,16.44,15.34,-11.0,36.0,37.0,180.0,19.0,169.0,195.6
42,28,18,16.44,15.34,-11.0,36.0,37.0,180.0,19.0,169.0,195.6
42,29,18,16.44,15.34,-11.0,36.0,37.0,180.0,19.0,169.0,195.6
42,30,18,16.44,15.34,-11.0,36.0,37.0,180.0,19.0,169.0,195.6
42,31,18,16.44,15.34,-11.0,36.0,37.0,180.0,19.0,169.0,195.6
42,32,18,16.44,15.34,-11.0,35.0,37.0,170.0,19.0,159.0,185.6
42,33,18,16.47,15.34,-11.3,35.0,37.0,170.0,19.0,158.7,185.3
42,34,18,16.5,15.38,-11.2,35.0,37.0,170.0,19.0,158.8,185.0
42,35,18,16.53,15.48,-10.5,35.0,37.0,170.0,19.0,159.5,184.7
42,36,18,16.56,15.59,-9.7,35.0,36.0,170.0,18.0,160.3,184.4
42,37,18,16.59,15.7,-8.9,35.0,36.0,170.0,18.0,161.1,184.1
42,38,18,16.62,15.81,-8.1,35.0,36.0,170.0,18.0,161.9,183.8
42,39,17,15.65,14.92,-7.3,34.0,35.0,170.0,18.0,162.7,183.5
42,40,17,15.68,15.03,-6.5,34.0,35.0,170.0,18.0,163.5,183.2
42,41,17,15.71,15.14,-5.7,34.0,35.0,170.0,18.0,164.3,182.9
42,42,17,15.74,15.24,-5.0,34.0,35.0,170.0,18.0,165.0,182.6
42,43,17,15.65,15.35,-3.0,34.0,35.0,170.0,18.0,167.0,183.5
42,44,17,15.45,15.46,0.1,34.0,35.0,170.0,18.0,170.1,185.5
42,45,17,15.25,15.52,2.7,33.0,35.0,160.0,18.0,162.7,177.5
42,46,17,15.05,15.47,4.2,33.0,35.0,160.0,18.0,164.2,179.5
42,47,17,14.85,15.42,5.7,33.0,35.0,160.0,18.0,165.7,181.5
42,48,17,14.65,15.37,7.2,33.0,35.0,160.0,18.0,167.2,183.5
42,49,17,14.59,15.32,7.3,33.0,34.0,160.0,17.0,167.3,184.1
43,0,17,15.51,16.24,7.3,34.0,35.0,170.0,18.0,177.3,184.9
43,1,17,15.46,16.19,7.3,34.0,35.0,170.0,18.0,177.3,185.4
43,2,17,15.4,16.14,7.4,34.0,35.0,170.0,18.0,177.4,186.0
43,3,17,15.35,16.09,7.4,34.0,35.0,170.0,18.0,177.4,186.5
43,4,17,15.3,16.04,7.4,34.0,35.0,170.0,18.0,177.4,187.0
43,5,17,15.25,15.95,7.0,34.0,35.0,170.0,18.0,177.0,187.5
43,6,17,15.21,15.81,6.0,34.0,35.0,170.0,18.0,176.0,187.9
43,7,17,15.16,15.66,5.0,34.0,35.0,170.0,18.0,175.0,188.4
43,8,17,15.12,15.52,4.0,34.0,35.0,170.0,18.0,174.0,188.8
43,9,17,15.07,15.37,3.0,33.0,35.0,160.0,18.0,163.0,179.3
43,10,17,15.02,15.23,2.1,33.0,35.0,160.0,18.0,162.1,179.8
43,11,17,14.98,15.09,1.1,33.0,35.0,160.0,18.0,161.1,180.2
43,12,16,14.93,14.94,0.1,33.0,35.0,170.0,19.0,170.1,180.7
43,13,16,14.88,14.8,-0.8,33.0,34.0,170.0,18.0,169.2,181.2
43,14,16,14.84,14.65,-1.9,33.0,34.0,170.0,18.0,168.1,181.6
43,15,17,15.79,15.51,-2.8,34.0,35.0,170.0,18.0,167.2,182.1
43,16,17,15.74,15.37,-3.7,34.0,35.0,170.0,18.0,166.3,182.6
43,17,17,15.7,15.25,-4.5,34.0,35.0,170.0,18.0,165.5,183.0
43,18,17,15.63,15.14,-4.9,34.0,35.0,170.0,18.0,165.1,183.7
43,19,17,15.55,15.02,-5.3,34.0,35.0,170.0,18.0,164.7,184.5
43,20,17,15.48,14.9,-5.8,34.0,35.0,170.0,18.0,164.2,185.2
43,21,17,15.41,14.83,-5.8,34.0,35.0,170.0,18.0,164.2,185.9
43,22,17,15.34,14.76,-5.8,34.0,35.0,170.0,18.0,164.2,186.6
43,23,16,15.26,14.69,-5.7,34.0,35.0,180.0,19.0,174.3,187.4
43,24,16,15.19,14.62,-5.7,34.0,35.0,180.0,19.0,174.3,188.1
43,25,16,15.12,14.56,-5.6,33.0,35.0,170.0,19.0,164.4,178.8
43,26,16,15.06,14.49,-5.7,33.0,35.0,170.0,19.0,164.3,179.4
43,27,16,15.1,14.42,-6.8,33.0,35.0,170.0,19.0,163.2,179.0
43,28,16,15.14,14.35,-7.9,33.0,35.0,170.0,19.0,162.1,178.6
43,29,16,15.18,14.28,-9.0,33.0,34.0,170.0,18.0,161.0,178.2
43,30,16,15.22,14.22,-10.0,33.0,34.0,170.0,18.0,160.0,177.8
43,31,17,15.25,14.15,-11.0,33.0,34.0,160.0,17.0,149.0,177.5
43,32,16,15.29,14.08,-12.1,33.0,34.0,170.0,18.0,157.9,177.1
43,33,16,15.33,14.01,-13.2,33.0,34.0,170.0,18.0,156.8,176.7
43,34,16,15.37,13.94,-14.3,33.0,34.0,170.0,18.0,155.7,176.3
43,35,16,15.22,13.88,-13.4,33.0,34.0,170.0,18.0,156.6,177.8
43,36,16,15.02,13.81,-12.1,33.0,34.0,170.0,18.0,157.9,179.8
43,37,16,14.82,13.74,-10.8,33.0,34.0,170.0,18.0,159.2,181.8
43,38,17,15.62,14.67,-9.5,34.0,35.0,170.0,18.0,160.5,183.8
43,39,17,15.42,14.6,-8.2,34.0,35.0,170.0,18.0,161.8,185.8
43,40,17,15.36,14.56,-8.0,33.0,35.0,160.0,18.0,152.0,176.4
43,41,17,15.3,14.56,-7.4,33.0,35.0,160.0,18.0,152.6,177.0
43,42,16,15.24,14.56,-6.8,33.0,35.0,170.0,19.0,163.2,177.6
43,43,16,15.18,14.56,-6.2,33.0,35.0,170.0,19.0,163.8,178.2
43,44,16,15.12,14.56,-5.6,33.0,34.0,170.0,18.0,164.4,178.8
43,45,16,15.06,14.56,-5.0,33.0,34.0,170.0,18.0,165.0,179.4
43,46,16,15.0,14.56,-4.4,33.0,34.0,170.0,18.0,165.6,180.0
43,47,16,14.94,14.56,-3.8,33.0,34.0,170.0,18.0,166.2,180.6
43,48,16,14.88,14.56,-3.2,33.0,34.0,170.0,18.0,166.8,181.2
43,49,16,14.83,14.56,-2.7,33.0,34.0,170.0,18.0,167.3,181.7
44,0,16,14.47,14.26,-2.1,32.0,34.0,160.0,18.0,157.9,175.3
44,1,17,15.43,15.26,-1.7,33.0,35.0,160.0,18.0,158.3,175.7
44,2,17,15.4,15.26,-1.4,33.0,35.0,160.0,18.0,158.6,176.0
44,3,17,15.37,15.26,-1.1,33.0,35.0,160.0,18.0,158.9,176.3
44,4,17,15.33,15.26,-0.7,33.0,34.0,160.0,17.0,159.3,176.7
44,5,16,15.3,15.26,-0.4,33.0,34.0,170.0,18.0,169.6,177.0
44,6,16,15.27,15.26,-0.1,33.0,34.0,170.0,18.0,169.9,177.3
44,7,16,15.23,15.26,0.3,33.0,34.0,170.0,18.0,170.3,177.7
44,8,16,15.2,15.26,0.6,33.0,34.0,170.0,18.0,170.6,178.0
44,9,16,15.15,15.26,1.1,33.0,34.0,170.0,18.0,171.1,178.5
44,10,17,16.03,16.2,1.7,34.0,35.0,170.0,18.0,171.7,179.7
44,11,17,15.91,16.15,2.4,34.0,35.0,170.0,18.0,172.4,180.9
44,12,17,15.79,16.09,3.0,34.0,35.0,170.0,18.0,173.0,182.1
44,13,17,15.67,16.04,3.7,34.0,35.0,170.0,18.0,173.7,183.3
44,14,17,15.55,15.98,4.3,34.0,35.0,170.0,18.0,174.3,184.5
44,15,17,15.43,15.93,5.0,33.0,35.0,160.0,18.0,165.0,175.7
44,16,17,15.3,15.87,5.7,33.0,35.0,160.0,18.0,165.7,177.0
44,17,17,15.18,15.82,6.4,33.0,35.0,160.0,18.0,166.4,178.2
44,18,18,16.06,16.76,7.0,34.0,36.0,160.0,18.0,167.0,179.4
44,19,18,15.94,16.71,7.7,34.0,35.0,160.0,17.0,167.7,180.6
44,20,18,15.82,16.65,8.3,34.0,35.0,160.0,17.0,168.3,181.8
44,21,18,15.7,16.59,8.9,34.0,35.0,160.0,17.0,168.9,183.0
44,22,18,15.58,16.47,8.9,34.0,35.0,160.0,17.0,168.9,184.2
44,23,18,15.46,16.36,9.0,34.0,35.0,160.0,17.0,169.0,185.4
44,24,18,15.33,16.24,9.1,34.0,35.0,160.0,17.0,169.1,186.7
44,25,17,15.19,16.13,9.4,34.0,35.0,170.0,18.0,179.4,188.1
44,26,17,15.03,16.01,9.8,34.0,35.0,170.0,18.0,179.8,189.7
44,27,18,15.86,16.9,10.4,35.0,36.0,170.0,18.0,180.4,191.4
44,28,18,15.73,16.8,10.7,35.0,36.0,170.0,18.0,180.7,192.7
44,29,18,15.63,16.76,11.3,34.0,36.0,160.0,18.0,171.3,183.7
44,30,18,15.53,16.72,11.9,34.0,36.0,160.0,18.0,171.9,184.7
44,31,18,15.43,16.68,12.5,34.0,36.0,160.0,18.0,172.5,185.7
44,32,18,15.33,16.63,13.0,34.0,36.0,160.0,18.0,173.0,186.7
44,33,18,15.37,16.59,12.2,34.0,35.0,160.0,17.0,172.2,186.3
44,34,18,15.45,16.55,11.0,34.0,35.0,160.0,17.0,171.0,185.5
44,35,18,15.52,16.51,9.9,34.0,35.0,160.0,17.0,169.9,184.8
44,36,19,16.6,17.47,8.7,35.0,36.0,160.0,17.0,168.7,184.0
44,37,19,16.67,17.43,7.6,35.0,36.0,160.0,17.0,167.6,183.3
44,38,19,16.75,17.39,6.4,35.0,36.0,160.0,17.0,166.4,182.5
44,39,19,16.73,17.35,6.2,35.0,36.0,160.0,17.0,166.2,182.7
44,40,19,16.59,17.31,7.2,35.0,36.0,160.0,17.0,167.2,184.1
44,41,19,16.45,17.26,8.1,35.0,36.0,160.0,17.0,168.1,185.5
44,42,18,16.31,17.22,9.1,35.0,36.0,170.0,18.0,179.1,186.9
44,43,18,16.17,17.18,10.1,35.0,36.0,170.0,18.0,180.1,188.3
44,44,18,16.04,17.14,11.0,34.0,36.0,160.0,18.0,171.0,179.6
44,45,19,16.9,18.1,12.0,35.0,37.0,160.0,18.0,172.0,181.0
44,46,19,16.76,18.06,13.0,35.0,37.0,160.0,18.0,173.0,182.4
44,47,19,16.62,18.02,14.0,35.0,37.0,160.0,18.0,174.0,183.8
44,48,19,16.48,17.96,14.8,35.0,36.0,160.0,17.0,174.8,185.2
44,49,19,16.34,17.9,15.6,35.0,36.0,160.0,17.0,175.6,186.6
45,0,21,18.19,19.83,16.4,37.0,38.0,160.0,17.0,176.4,188.1
45,1,21,18.05,19.76,17.1,37.0,38.0,160.0,17.0,177.1,189.5
45,2,21,17.91,19.7,17.9,37.0,38.0,160.0,17.0,177.9,190.9
45,3,21,17.78,19.64,18.6,37.0,38.0,160.0,17.0,178.6,192.2
45,4,21,17.72,19.58,18.6,37.0,38.0,160.0,17.0,178.6,192.8
45,5,21,17.71,19.51,18.0,37.0,38.0,160.0,17.0,178.0,192.9
45,6,21,17.7,19.45,17.5,37.0,38.0,160.0,17.0,177.5,193.0
45,7,22,18.69,20.39,17.0,38.0,39.0,160.0,17.0,177.0,193.1
45,8,22,18.69,20.33,16.4,38.0,39.0,160.0,17.0,176.4,193.1
45,9,22,18.68,20.26,15.8,37.0,39.0,150.0,17.0,165.8,183.2
45,10,22,18.67,20.21,15.4,37.0,39.0,150.0,17.0,165.4,183.3
45,11,22,18.66,20.17,15.1,37.0,39.0,150.0,17.0,165.1,183.4
45,12,22,18.65,20.14,14.9,37.0,39.0,150.0,17.0,164.9,183.5
45,13,21,18.64,20.1,14.6,37.0,38.0,160.0,17.0,174.6,183.6
45,14,21,18.64,20.07,14.3,37.0,38.0,160.0,17.0,174.3,183.6
45,15,21,18.63,20.03,14.0,37.0,38.0,160.0,17.0,174.0,183.7
45,16,21,18.62,20.0,13.8,37.0,38.0,160.0,17.0,173.8,183.8
45,17,21,18.61,19.96,13.5,37.0,38.0,160.0,17.0,173.5,183.9
45,18,19,18.6,19.93,13.3,37.0,38.0,180.0,19.0,193.3,184.0
45,19,22,19.59,20.89,13.0,38.0,39.0,160.0,17.0,173.0,184.1
45,20,22,19.59,20.86,12.7,38.0,39.0,160.0,17.0,172.7,184.1
45,21,22,19.58,20.82,12.4,38.0,39.0,160.0,17.0,172.4,184.2
45,22,22,19.57,20.79,12.2,38.0,39.0,160.0,17.0,172.2,184.3
45,23,22,19.57,20.75,11.8,38.0,39.0,160.0,17.0,171.8,184.3
45,24,19,19.57,20.72,11.5,37.0,39.0,180.0,20.0,191.5,174.3
45,25,22,19.57,20.68,11.1,37.0,39.0,150.0,17.0,161.1,174.3
45,26,23,19.57,20.65,10.8,37.0,39.0,140.0,16.0,150.8,174.3
45,27,22,19.57,20.61,10.4,37.0,39.0,150.0,17.0,160.4,174.3
45,28,22,19.57,20.57,10.0,37.0,38.0,150.0,16.0,160.0,174.3
45,29,22,19.56,20.54,9.8,37.0,38.0,150.0,16.0,159.8,174.4
45,30,22,19.41,20.5,10.9,37.0,38.0,150.0,16.0,160.9,175.9
45,31,23,20.27,21.47,12.0,38.0,39.0,150.0,16.0,162.0,177.3
45,32,23,20.13,21.43,13.0,38.0,39.0,150.0,16.0,163.0,178.7
45,33,23,19.98,21.4,14.2,38.0,39.0,150.0,16.0,164.2,180.2
45,34,23,19.84,21.36,15.2,38.0,39.0,150.0,16.0,165.2,181.6
45,35,23,19.7,21.33,16.3,38.0,39.0,150.0,16.0,166.3,183.0
45,36,23,19.56,21.29,17.3,38.0,39.0,150.0,16.0,167.3,184.4
45,37,23,19.41,21.26,18.5,38.0,39.0,150.0,16.0,168.5,185.9
45,38,23,19.27,21.22,19.5,37.0,39.0,140.0,16.0,159.5,177.3
45,39,23,19.13,21.19,20.6,37.0,39.0,140.0,16.0,160.6,178.7
45,40,23,18.98,21.15,21.7,37.0,39.0,140.0,16.0,161.7,180.2
45,41,23,18.84,21.12,22.8,37.0,39.0,140.0,16.0,162.8,181.6
45,42,23,18.7,21.08,23.8,37.0,38.0,140.0,15.0,163.8,183.0
45,43,23,19.56,22.05,24.9,38.0,39.0,150.0,16.0,174.9,184.4
45,44,19,19.49,21.99,25.0,38.0,39.0,190.0,20.0,215.0,185.1
45,45,23,19.47,21.92,24.5,38.0,39.0,150.0,16.0,174.5,185.3
45,46,23,19.45,21.86,24.1,38.0,39.0,150.0,16.0,174.1,185.5
45,47,23,19.43,21.79,23.6,38.0,39.0,150.0,16.0,173.6,185.7
45,48,23,19.41,21.72,23.1,38.0,39.0,150.0,16.0,173.1,185.9
45,49,19,19.39,21.65,22.6,38.0,39.0,190.0,20.0,212.6,186.1
46,0,24,19.56,21.77,22.1,38.0,39.0,140.0,15.0,162.1,184.4
46,1,19,19.54,21.71,21.7,38.0,39.0,190.0,20.0,211.7,184.6
46,2,23,19.52,21.64,21.2,38.0,39.0,150.0,16.0,171.2,184.8
46,3,23,19.5,21.57,20.7,38.0,39.0,150.0,16.0,170.7,185.0
46,4,23,19.48,21.5,20.2,38.0,39.0,150.0,16.0,170.2,185.2
46,5,23,19.46,21.44,19.8,37.0,39.0,140.0,16.0,159.8,175.4
46,6,23,19.44,21.37,19.3,37.0,39.0,140.0,16.0,159.3,175.6
46,7,23,19.42,21.3,18.8,37.0,39.0,140.0,16.0,158.8,175.8
46,8,23,19.4,21.23,18.3,37.0,39.0,140.0,16.0,158.3,176.0
46,9,23,19.38,21.17,17.9,37.0,39.0,140.0,16.0,157.9,176.2
46,10,25,19.36,21.1,17.4,37.0,38.0,120.0,13.0,137.4,176.4
46,11,20,20.34,22.03,16.9,38.0,39.0,180.0,19.0,196.9,176.6
46,12,24,20.32,21.96,16.4,38.0,39.0,140.0,15.0,156.4,176.8
46,13,24,20.3,21.89,15.9,38.0,39.0,140.0,15.0,155.9,177.0
46,14,24,20.28,21.82,15.4,38.0,39.0,140.0,15.0,155.4,177.2
46,15,23,20.26,21.76,15.0,38.0,39.0,150.0,16.0,165.0,177.4
46,16,24,20.24,21.69,14.5,38.0,39.0,140.0,15.0,154.5,177.6
46,17,24,20.2,21.62,14.2,38.0,39.0,140.0,15.0,154.2,178.0
46,18,23,20.15,21.55,14.0,38.0,39.0,150.0,16.0,164.0,178.5
46,19,23,20.1,21.48,13.8,38.0,39.0,150.0,16.0,163.8,179.0
46,20,23,20.06,21.41,13.5,37.0,39.0,140.0,16.0,153.5,169.4
46,21,23,20.01,21.35,13.4,37.0,39.0,140.0,16.0,153.4,169.9
46,22,23,19.96,21.28,13.2,37.0,39.0,140.0,16.0,153.2,170.4
46,23,23,19.91,21.19,12.8,37.0,39.0,140.0,16.0,152.8,170.9
46,24,23,19.8,21.07,12.7,37.0,38.0,140.0,15.0,152.7,172.0
46,25,23,19.69,20.96,12.7,37.0,38.0,140.0,15.0,152.7,173.1
46,26,22,19.59,20.85,12.6,37.0,38.0,150.0,16.0,162.6,174.1
46,27,23,20.48,21.74,12.6,38.0,39.0,150.0,16.0,162.6,175.2
46,28,23,20.37,21.63,12.6,38.0,39.0,150.0,16.0,162.6,176.3
46,29,19,20.26,21.52,12.6,38.0,39.0,190.0,20.0,202.6,177.4
46,30,23,20.16,21.41,12.5,38.0,39.0,150.0,16.0,162.5,178.4
46,31,23,20.05,21.3,12.5,38.0,39.0,150.0,16.0,162.5,179.5
46,32,23,19.94,21.19,12.5,38.0,39.0,150.0,16.0,162.5,180.6
46,33,22,19.83,21.07,12.4,38.0,39.0,160.0,17.0,172.4,181.7
46,34,23,19.75,20.99,12.4,37.0,39.0,140.0,16.0,152.4,172.5
46,35,23,19.67,20.91,12.4,37.0,39.0,140.0,16.0,152.4,173.3
46,36,23,19.6,20.84,12.4,37.0,39.0,140.0,16.0,152.4,174.0
46,37,22,19.53,20.76,12.3,37.0,39.0,150.0,17.0,162.3,174.7
46,38,22,19.45,20.68,12.3,37.0,38.0,150.0,16.0,162.3,175.5
46,39,22,19.38,20.6,12.2,37.0,38.0,150.0,16.0,162.2,176.2
46,40,22,19.3,20.52,12.2,37.0,38.0,150.0,16.0,162.2,177.0
46,41,22,19.23,20.45,12.2,37.0,38.0,150.0,16.0,162.2,177.7
46,42,23,20.16,21.37,12.1,38.0,39.0,150.0,16.0,162.1,178.4
46,43,23,20.08,21.29,12.1,38.0,39.0,150.0,16.0,162.1,179.2
46,44,23,20.01,21.24,12.3,38.0,39.0,150.0,16.0,162.3,179.9
46,45,22,19.93,21.2,12.7,38.0,39.0,160.0,17.0,172.7,180.7
46,46,22,19.86,21.16,13.0,38.0,39.0,160.0,17.0,173.0,181.4
46,47,22,19.8,21.12,13.2,38.0,39.0,160.0,17.0,173.2,182.0
46,48,22,19.75,21.08,13.3,38.0,39.0,160.0,17.0,173.3,182.5
46,49,21,19.7,21.04,13.4,37.0,39.0,160.0,18.0,173.4,173.0
47,0,19,16.64,18.0,13.6,34.0,36.0,150.0,17.0,163.6,173.6
47,1,19,16.59,17.96,13.7,34.0,36.0,150.0,17.0,163.7,174.1
47,2,19,16.54,17.92,13.8,34.0,36.0,150.0,17.0,163.8,174.6
47,3,19,16.49,17.88,13.9,34.0,35.0,150.0,16.0,163.9,175.1
47,4,19,16.43,17.84,14.1,34.0,35.0,150.0,16.0,164.1,175.7
47,5,19,16.38,17.8,14.2,34.0,35.0,150.0,16.0,164.2,176.2
47,6,20,16.4,17.76,13.6,34.0,35.0,140.0,15.0,153.6,176.0
47,7,19,16.44,17.7,12.6,34.0,35.0,150.0,16.0,162.6,175.6
47,8,19,16.48,17.59,11.1,34.0,35.0,150.0,16.0,161.1,175.2
47,9,19,16.52,17.47,9.5,34.0,35.0,150.0,16.0,159.5,174.8
47,10,19,16.56,17.36,8.0,34.0,35.0,150.0,16.0,158.0,174.4
47,11,19,16.59,17.24,6.5,34.0,35.0,150.0,16.0,156.5,174.1
47,12,18,16.63,17.13,5.0,34.0,35.0,160.0,17.0,165.0,173.7
47,13,18,16.67,17.01,3.4,34.0,35.0,160.0,17.0,163.4,173.3
47,14,18,16.48,16.9,4.2,33.0,35.0,150.0,17.0,154.2,165.2
47,15,19,17.18,17.8,6.2,34.0,36.0,150.0,17.0,156.2,168.2
47,16,19,16.88,17.77,8.9,34.0,36.0,150.0,17.0,158.9,171.2
47,17,19,16.58,17.73,11.5,34.0,36.0,150.0,17.0,161.5,174.2
47,18,19,16.58,17.7,11.2,34.0,35.0,150.0,16.0,161.2,174.2
47,19,19,16.58,17.66,10.8,34.0,35.0,150.0,16.0,160.8,174.2
47,20,19,16.58,17.63,10.5,34.0,35.0,150.0,16.0,160.5,174.2
47,21,19,16.58,17.59,10.1,34.0,35.0,150.0,16.0,160.1,174.2
47,22,19,16.58,17.56,9.8,34.0,35.0,150.0,16.0,159.8,174.2
47,23,19,16.58,17.53,9.5,34.0,35.0,150.0,16.0,159.5,174.2
47,24,19,16.58,17.49,9.1,34.0,35.0,150.0,16.0,159.1,174.2
47,25,19,16.53,17.46,9.3,34.0,35.0,150.0,16.0,159.3,174.7
47,26,19,16.41,17.42,10.1,34.0,35.0,150.0,16.0,160.1,175.9
47,27,19,16.29,17.39,11.0,34.0,35.0,150.0,16.0,161.0,177.1
47,28,19,16.17,17.35,11.8,34.0,35.0,150.0,16.0,161.8,178.3
47,29,19,16.04,17.32,12.8,33.0,35.0,140.0,16.0,152.8,169.6
47,30,19,15.92,17.29,13.7,33.0,35.0,140.0,16.0,153.7,170.8
47,31,19,15.8,17.25,14.5,33.0,35.0,140.0,16.0,154.5,172.0
47,32,18,15.68,17.22,15.4,33.0,35.0,150.0,17.0,165.4,173.2
47,33,18,15.56,17.19,16.3,33.0,34.0,150.0,16.0,166.3,174.4
47,34,18,15.45,17.15,17.0,33.0,34.0,150.0,16.0,167.0,175.5
47,35,18,15.36,17.12,17.6,33.0,34.0,150.0,16.0,167.6,176.4
47,36,18,15.28,17.09,18.1,33.0,34.0,150.0,16.0,168.1,177.2
47,37,18,15.19,17.05,18.6,33.0,34.0,150.0,16.0,168.6,178.1
47,38,18,15.11,17.02,19.1,33.0,34.0,150.0,16.0,169.1,178.9
47,39,18,15.02,16.99,19.7,33.0,34.0,150.0,16.0,169.7,179.8
47,40,18,14.97,16.95,19.8,33.0,34.0,150.0,16.0,169.8,180.3
47,41,18,14.95,16.92,19.7,33.0,34.0,150.0,16.0,169.7,180.5
47,42,18,14.92,16.89,19.7,33.0,34.0,150.0,16.0,169.7,180.8
47,43,18,14.9,16.85,19.5,33.0,34.0,150.0,16.0,169.5,181.0
47,44,18,14.87,16.82,19.5,33.0,34.0,150.0,16.0,169.5,181.3
47,45,17,14.85,16.79,19.4,32.0,34.0,150.0,17.0,169.4,171.5
47,46,17,14.82,16.75,19.3,32.0,34.0,150.0,17.0,169.3,171.8
47,47,17,14.79,16.38,15.9,32.0,34.0,150.0,17.0,165.9,172.1
47,48,17,14.77,15.95,11.8,32.0,34.0,150.0,17.0,161.8,172.3
47,49,17,14.74,15.88,11.4,32.0,33.0,150.0,16.0,161.4,172.6
48,0,20,17.62,18.71,10.9,35.0,36.0,150.0,16.0,160.9,173.8
48,1,20,17.59,18.64,10.5,35.0,36.0,150.0,16.0,160.5,174.1
48,2,20,17.55,18.56,10.1,35.0,36.0,150.0,16.0,160.1,174.5
48,3,20,17.46,18.49,10.3,35.0,36.0,150.0,16.0,160.3,175.4
48,4,20,17.37,18.42,10.5,35.0,36.0,150.0,16.0,160.5,176.3
48,5,20,17.27,18.35,10.8,35.0,36.0,150.0,16.0,160.8,177.3
48,6,20,17.18,18.28,11.0,35.0,36.0,150.0,16.0,161.0,178.2
48,7,19,17.09,18.21,11.2,35.0,36.0,160.0,17.0,171.2,179.1
48,8,19,16.99,18.14,11.5,34.0,36.0,150.0,17.0,161.5,170.1
48,9,19,16.9,18.07,11.7,34.0,36.0,150.0,17.0,161.7,171.0
48,10,19,16.81,17.86,10.5,34.0,36.0,150.0,17.0,160.5,171.9
48,11,19,16.72,17.63,9.1,34.0,36.0,150.0,17.0,159.1,172.8
48,12,19,16.62,17.4,7.8,34.0,35.0,150.0,16.0,157.8,173.8
48,13,19,16.53,17.26,7.3,34.0,35.0,150.0,16.0,157.3,174.7
48,14,20,17.44,18.26,8.2,35.0,36.0,150.0,16.0,158.2,175.6
48,15,20,17.34,18.25,9.1,35.0,36.0,150.0,16.0,159.1,176.6
48,16,19,17.25,18.25,10.0,35.0,36.0,160.0,17.0,170.0,177.5
48,17,19,17.16,18.24,10.8,35.0,36.0,160.0,17.0,170.8,178.4
48,18,19,17.06,18.24,11.8,35.0,36.0,160.0,17.0,171.8,179.4
48,19,19,16.97,18.23,12.6,35.0,36.0,160.0,17.0,172.6,180.3
48,20,19,16.88,18.23,13.5,35.0,36.0,160.0,17.0,173.5,181.2
48,21,19,16.79,18.22,14.3,35.0,36.0,160.0,17.0,174.3,182.1
48,22,19,16.69,18.22,15.3,35.0,36.0,160.0,17.0,175.3,183.1
48,23,19,16.78,18.21,14.3,35.0,36.0,160.0,17.0,174.3,182.2
48,24,19,16.94,18.2,12.6,34.0,36.0,150.0,17.0,162.6,170.6
48,25,19,17.11,18.2,10.9,34.0,36.0,150.0,17.0,160.9,168.9
48,26,19,17.27,18.19,9.2,34.0,36.0,150.0,17.0,159.2,167.3
48,27,19,17.43,18.19,7.6,34.0,36.0,150.0,17.0,157.6,165.7
48,28,20,18.59,19.18,5.9,35.0,36.0,150.0,16.0,155.9,164.1
48,29,20,18.76,19.18,4.2,35.0,36.0,150.0,16.0,154.2,162.4
48,30,20,18.67,19.17,5.0,35.0,36.0,150.0,16.0,155.0,163.3
48,31,20,18.54,19.17,6.3,35.0,36.0,150.0,16.0,156.3,164.6
48,32,20,18.42,19.16,7.4,35.0,36.0,150.0,16.0,157.4,165.8
48,33,20,18.29,19.16,8.7,35.0,36.0,150.0,16.0,158.7,167.1
48,34,20,18.17,19.15,9.8,35.0,36.0,150.0,16.0,159.8,168.3
48,35,20,18.04,19.14,11.0,35.0,36.0,150.0,16.0,161.0,169.6
48,36,20,17.89,19.14,12.5,35.0,36.0,150.0,16.0,162.5,171.1
48,37,20,17.71,19.13,14.2,35.0,36.0,150.0,16.0,164.2,172.9
48,38,20,17.53,19.1,15.7,35.0,36.0,150.0,16.0,165.7,174.7
48,39,20,17.35,19.07,17.2,34.0,36.0,140.0,16.0,157.2,166.5
48,40,19,17.15,19.05,19.0,34.0,36.0,150.0,17.0,169.0,168.5
48,41,19,16.67,19.02,23.5,34.0,36.0,150.0,17.0,173.5,173.3
48,42,21,17.2,19.99,27.9,35.0,37.0,140.0,16.0,167.9,178.0
48,43,21,16.75,19.96,32.1,35.0,36.0,140.0,15.0,172.1,182.5
48,44,22,16.67,19.93,32.6,35.0,36.0,130.0,14.0,162.6,183.3
48,45,21,16.59,19.91,33.2,35.0,36.0,140.0,15.0,173.2,184.1
48,46,21,16.51,19.88,33.7,35.0,36.0,140.0,15.0,173.7,184.9
48,47,21,16.43,19.85,34.2,35.0,36.0,140.0,15.0,174.2,185.7
48,48,22,16.35,19.82,34.7,35.0,36.0,130.0,14.0,164.7,186.5
48,49,22,16.27,19.79,35.2,35.0,36.0,130.0,14.0,165.2,187.3
49,0,24,14.87,18.46,35.9,33.0,35.0,90.0,11.0,125.9,181.3
49,1,24,14.79,18.43,36.4,33.0,35.0,90.0,11.0,126.4,182.1
49,2,24,14.71,18.4,36.9,33.0,35.0,90.0,11.0,126.9,182.9
49,3,24,14.63,18.37,37.4,33.0,35.0,90.0,11.0,127.4,183.7
49,4,24,14.55,18.35,38.0,33.0,34.0,90.0,10.0,128.0,184.5
49,5,24,14.47,18.32,38.5,33.0,34.0,90.0,10.0,128.5,185.3
49,6,24,14.39,18.29,39.0,33.0,34.0,90.0,10.0,129.0,186.1
49,7,24,14.31,18.26,39.5,33.0,34.0,90.0,10.0,129.5,186.9
49,8,24,14.23,18.23,40.0,33.0,34.0,90.0,10.0,130.0,187.7
49,9,25,15.18,19.21,40.3,34.0,35.0,90.0,10.0,130.3,188.2
49,10,25,15.16,19.18,40.2,34.0,35.0,90.0,10.0,130.2,188.4
49,11,25,15.14,19.15,40.1,34.0,35.0,90.0,10.0,130.1,188.6
49,12,25,15.12,19.12,40.0,34.0,35.0,90.0,10.0,130.0,188.8
49,13,24,15.1,19.09,39.9,34.0,35.0,100.0,11.0,139.9,189.0
49,14,25,15.08,19.07,39.9,34.0,35.0,90.0,10.0,129.9,189.2
49,15,25,15.06,19.03,39.7,33.0,35.0,80.0,10.0,119.7,179.4
49,16,25,15.04,18.81,37.7,33.0,35.0,80.0,10.0,117.7,179.6
49,17,25,15.04,18.59,35.5,33.0,35.0,80.0,10.0,115.5,179.6
49,18,25,15.07,18.37,33.0,33.0,35.0,80.0,10.0,113.0,179.3
49,19,24,15.09,18.15,30.6,33.0,34.0,90.0,10.0,120.6,179.1
49,20,24,15.12,18.06,29.4,33.0,34.0,90.0,10.0,119.4,178.8
49,21,25,16.14,18.99,28.5,34.0,35.0,90.0,10.0,118.5,178.6
49,22,25,16.16,18.92,27.6,34.0,35.0,90.0,10.0,117.6,178.4
49,23,25,16.19,18.86,26.7,34.0,35.0,90.0,10.0,116.7,178.1
49,24,25,16.21,18.79,25.8,34.0,35.0,90.0,10.0,115.8,177.9
49,25,25,16.24,18.72,24.8,34.0,35.0,90.0,10.0,114.8,177.6
49,26,25,16.26,18.66,24.0,34.0,35.0,90.0,10.0,114.0,177.4
49,27,25,16.28,18.59,23.1,34.0,35.0,90.0,10.0,113.1,177.2
49,28,25,16.31,18.52,22.1,34.0,35.0,90.0,10.0,112.1,176.9
49,29,25,16.33,18.45,21.2,34.0,35.0,90.0,10.0,111.2,176.7
49,30,24,16.32,18.39,20.7,33.0,35.0,90.0,11.0,110.7,166.8
49,31,24,16.17,18.32,21.5,33.0,35.0,90.0,11.0,111.5,168.3
49,32,25,17.03,19.25,22.2,34.0,36.0,90.0,11.0,112.2,169.7
49,33,25,16.89,19.18,22.9,34.0,36.0,90.0,11.0,112.9,171.1
49,34,25,16.75,19.12,23.7,34.0,35.0,90.0,10.0,113.7,172.5
49,35,25,16.6,19.06,24.6,34.0,35.0,90.0,10.0,114.6,174.0
49,36,25,16.46,19.04,25.8,34.0,35.0,90.0,10.0,115.8,175.4
49,37,25,16.32,19.03,27.1,34.0,35.0,90.0,10.0,117.1,176.8
49,38,25,16.17,19.02,28.5,34.0,35.0,90.0,10.0,118.5,178.3
49,39,21,16.03,19.0,29.7,34.0,35.0,130.0,14.0,159.7,179.7
49,40,25,15.89,18.99,31.0,34.0,35.0,90.0,10.0,121.0,181.1
49,41,25,15.75,18.98,32.3,34.0,35.0,90.0,10.0,122.3,182.5
49,42,25,15.6,18.96,33.6,34.0,35.0,90.0,10.0,123.6,184.0
49,43,25,15.46,18.95,34.9,34.0,35.0,90.0,10.0,124.9,185.4
49,44,22,16.32,19.94,36.2,35.0,36.0,130.0,14.0,166.2,186.8
49,45,22,16.17,19.92,37.5,34.0,36.0,120.0,14.0,157.5,178.3
49,46,23,16.03,19.91,38.8,34.0,36.0,110.0,13.0,148.8,179.7
49,47,22,15.89,19.9,40.1,34.0,36.0,120.0,14.0,160.1,181.1
49,48,22,15.75,19.88,41.3,34.0,36.0,120.0,14.0,161.3,182.5
49,49,23,15.6,19.87,42.7,34.0,35.0,110.0,12.0,152.7,184.0
50,0,18,9.39,13.85,44.6,28.0,29.0,100.0,11.0,144.6,186.1
50,1,17,9.25,13.84,45.9,28.0,29.0,110.0,12.0,155.9,187.5
50,2,14,9.1,13.82,47.2,28.0,29.0,140.0,15.0,187.2,189.0
50,3,16,9.02,13.81,47.9,28.0,29.0,120.0,13.0,167.9,189.8
50,4,16,9.04,13.8,47.6,28.0,29.0,120.0,13.0,167.6,189.6
50,5,18,9.06,13.69,46.3,28.0,29.0,100.0,11.0,146.3,189.4
50,6,18,9.08,13.57,44.9,28.0,29.0,100.0,11.0,144.9,189.2
50,7,18,9.1,13.44,43.4,28.0,29.0,100.0,11.0,143.4,189.0
50,8,13,9.12,13.31,41.9,28.0,29.0,150.0,16.0,191.9,188.8
50,9,18,9.14,13.18,40.4,28.0,29.0,100.0,11.0,140.4,188.6
50,10,18,9.16,13.05,38.9,27.0,29.0,90.0,11.0,128.9,178.4
50,11,18,9.13,12.92,37.9,27.0,29.0,90.0,11.0,127.9,178.7
50,12,18,8.99,12.79,38.0,27.0,29.0,90.0,11.0,128.0,180.1
50,13,18,8.85,12.66,38.1,27.0,29.0,90.0,11.0,128.1,181.5
50,14,18,8.7,12.53,38.3,27.0,28.0,90.0,10.0,128.3,183.0
50,15,18,8.56,12.4,38.4,27.0,28.0,90.0,10.0,128.4,184.4
50,16,18,8.42,12.27,38.5,27.0,28.0,90.0,10.0,128.5,185.8
50,17,18,8.27,12.14,38.7,27.0,28.0,90.0,10.0,128.7,187.3
50,18,18,8.13,12.01,38.8,27.0,28.0,90.0,10.0,128.8,188.7
50,19,18,7.99,11.88,38.9,27.0,28.0,90.0,10.0,128.9,190.1
50,20,18,7.85,11.75,39.0,27.0,28.0,90.0,10.0,129.0,191.5
50,21,18,7.71,11.62,39.1,27.0,28.0,90.0,10.0,129.1,192.9
50,22,13,7.6,11.42,38.2,27.0,28.0,140.0,15.0,178.2,194.0
50,23,18,7.49,11.13,36.4,27.0,28.0,90.0,10.0,126.4,195.1
50,24,18,7.38,10.84,34.6,27.0,28.0,90.0,10.0,124.6,196.2
50,25,17,7.27,10.55,32.8,26.0,28.0,90.0,11.0,122.8,187.3
50,26,17,7.16,10.25,30.9,26.0,28.0,90.0,11.0,120.9,188.4
50,27,17,7.05,9.96,29.1,26.0,28.0,90.0,11.0,119.1,189.5
50,28,17,6.94,9.69,27.5,26.0,28.0,90.0,11.0,117.5,190.6
50,29,13,6.89,9.6,27.1,26.0,27.0,130.0,14.0,157.1,191.1
50,30,13,6.83,9.51,26.8,26.0,27.0,130.0,14.0,156.8,191.7
50,31,13,6.78,9.43,26.5,26.0,27.0,130.0,14.0,156.5,192.2
50,32,13,6.72,9.34,26.2,26.0,27.0,130.0,14.0,156.2,192.8
50,33,13,7.67,10.25,25.8,27.0,28.0,140.0,15.0,165.8,193.3
50,34,18,7.61,10.17,25.6,27.0,28.0,90.0,10.0,115.6,193.9
50,35,18,7.55,10.08,25.3,27.0,28.0,90.0,10.0,115.3,194.5
50,36,14,7.5,10.0,25.0,27.0,28.0,130.0,14.0,155.0,195.0
50,37,18,7.44,9.91,24.7,27.0,28.0,90.0,10.0,114.7,195.6
50,38,18,7.39,9.82,24.3,27.0,28.0,90.0,10.0,114.3,196.1
50,39,18,7.33,9.74,24.1,27.0,28.0,90.0,10.0,114.1,196.7
50,40,14,7.29,9.65,23.6,27.0,28.0,130.0,14.0,153.6,197.1
50,41,14,7.26,9.57,23.1,26.0,28.0,120.0,14.0,143.1,187.4
50,42,14,7.23,9.48,22.5,26.0,28.0,120.0,14.0,142.5,187.7
50,43,17,7.2,9.39,21.9,26.0,28.0,90.0,11.0,111.9,188.0
50,44,17,7.17,9.31,21.4,26.0,28.0,90.0,11.0,111.4,188.3
50,45,17,7.14,9.22,20.8,26.0,27.0,90.0,10.0,110.8,188.6
50,46,17,7.11,9.14,20.3,26.0,27.0,90.0,10.0,110.3,188.9
50,47,17,7.08,9.05,19.7,26.0,27.0,90.0,10.0,109.7,189.2
50,48,17,7.05,8.96,19.1,26.0,27.0,90.0,10.0,109.1,189.5
50,49,17,7.02,8.89,18.7,26.0,27.0,90.0,10.0,108.7,189.8
51,0,19,15.9,17.77,18.7,35.0,36.0,160.0,17.0,178.7,191.0
51,1,19,15.78,17.7,19.2,35.0,36.0,160.0,17.0,179.2,192.2
51,2,19,15.65,17.62,19.7,35.0,36.0,160.0,17.0,179.7,193.5
51,3,19,15.52,17.55,20.3,35.0,36.0,160.0,17.0,180.3,194.8
51,4,19,15.39,17.47,20.8,35.0,36.0,160.0,17.0,180.8,196.1
51,5,19,15.26,17.39,21.3,34.0,36.0,150.0,17.0,171.3,187.4
51,6,19,15.13,17.32,21.9,34.0,36.0,150.0,17.0,171.9,188.7
51,7,20,16.01,18.24,22.3,35.0,37.0,150.0,17.0,172.3,189.9
51,8,20,15.88,18.17,22.9,35.0,37.0,150.0,17.0,172.9,191.2
51,9,20,15.75,18.09,23.4,35.0,37.0,150.0,17.0,173.4,192.5
51,10,19,15.62,18.01,23.9,35.0,36.0,160.0,17.0,183.9,193.8
51,11,20,15.49,17.93,24.4,35.0,36.0,150.0,16.0,174.4,195.1
51,12,20,15.37,17.84,24.7,35.0,36.0,150.0,16.0,174.7,196.3
51,13,20,15.25,17.76,25.1,35.0,36.0,150.0,16.0,175.1,197.5
51,14,20,15.14,17.67,25.3,35.0,36.0,150.0,16.0,175.3,198.6
51,15,22,15.02,17.59,25.7,35.0,36.0,130.0,14.0,155.7,199.8
51,16,22,14.9,17.51,26.1,35.0,36.0,130.0,14.0,156.1,201.0
51,17,22,14.79,17.42,26.3,35.0,36.0,130.0,14.0,156.3,202.1
51,18,22,14.67,17.34,26.7,34.0,36.0,120.0,14.0,146.7,193.3
51,19,17,15.55,18.26,27.1,35.0,37.0,180.0,20.0,207.1,194.5
51,20,22,15.43,18.17,27.4,35.0,37.0,130.0,15.0,157.4,195.7
51,21,22,15.32,18.09,27.7,35.0,37.0,130.0,15.0,157.7,196.8
51,22,17,15.2,18.0,28.0,35.0,36.0,180.0,19.0,208.0,198.0
51,23,17,15.08,17.92,28.4,35.0,36.0,180.0,19.0,208.4,199.2
51,24,22,14.98,17.84,28.6,35.0,36.0,130.0,14.0,158.6,200.2
51,25,17,14.98,17.75,27.7,35.0,36.0,180.0,19.0,207.7,200.2
51,26,17,14.98,17.67,26.9,35.0,36.0,180.0,19.0,206.9,200.2
51,27,17,14.98,17.58,26.0,35.0,36.0,180.0,19.0,206.0,200.2
51,28,17,14.98,17.5,25.2,35.0,36.0,180.0,19.0,205.2,200.2
51,29,17,14.98,17.42,24.4,35.0,36.0,180.0,19.0,204.4,200.2
51,30,17,14.98,17.33,23.5,35.0,36.0,180.0,19.0,203.5,200.2
51,31,20,15.9,18.25,23.5,36.0,37.0,160.0,17.0,183.5,201.0
51,32,20,15.78,18.2,24.2,36.0,37.0,160.0,17.0,184.2,202.2
51,33,20,15.65,18.21,25.6,36.0,37.0,160.0,17.0,185.6,203.5
51,34,20,15.52,18.23,27.1,36.0,37.0,160.0,17.0,187.1,204.8
51,35,20,15.4,18.24,28.4,35.0,37.0,150.0,17.0,178.4,196.0
51,36,20,15.27,18.26,29.9,35.0,37.0,150.0,17.0,179.9,197.3
51,37,20,15.14,18.27,31.3,35.0,37.0,150.0,17.0,181.3,198.6
51,38,20,15.02,18.28,32.6,35.0,37.0,150.0,17.0,182.6,199.8
51,39,20,14.89,18.3,34.1,35.0,36.0,150.0,16.0,184.1,201.1
51,40,20,14.77,18.31,35.4,35.0,36.0,150.0,16.0,185.4,202.3
51,41,20,14.64,18.3,36.6,35.0,36.0,150.0,16.0,186.6,203.6
51,42,20,14.51,18.18,36.7,35.0,36.0,150.0,16.0,186.7,204.9
51,43,21,15.39,19.06,36.7,36.0,37.0,150.0,16.0,186.7,206.1
51,44,20,15.26,18.94,36.8,36.0,37.0,160.0,17.0,196.8,207.4
51,45,20,15.17,18.81,36.4,36.0,37.0,160.0,17.0,196.4,208.3
51,46,20,15.09,18.69,36.0,36.0,37.0,160.0,17.0,196.0,209.1
51,47,20,15.01,18.57,35.6,36.0,37.0,160.0,17.0,195.6,209.9
51,48,18,14.93,18.45,35.2,36.0,37.0,180.0,19.0,215.2,210.7
51,49,18,14.86,18.33,34.7,36.0,37.0,180.0,19.0,214.7,211.4
52,0,18,13.56,16.98,34.2,34.0,36.0,160.0,18.0,194.2,204.4
52,1,18,13.48,16.8,33.2,34.0,36.0,160.0,18.0,193.2,205.2
52,2,18,13.4,16.57,31.7,34.0,36.0,160.0,18.0,191.7,206.0
52,3,18,13.32,16.34,30.2,34.0,36.0,160.0,18.0,190.2,206.8
52,4,17,13.24,16.11,28.7,34.0,35.0,170.0,18.0,198.7,207.6
52,5,17,13.16,15.88,27.2,34.0,35.0,170.0,18.0,197.2,208.4
52,6,17,13.08,15.66,25.8,34.0,35.0,170.0,18.0,195.8,209.2
52,7,17,13.01,15.43,24.2,34.0,35.0,170.0,18.0,194.2,209.9
52,8,17,12.93,15.21,22.8,34.0,35.0,170.0,18.0,192.8,210.7
52,9,17,12.85,15.16,23.1,34.0,35.0,170.0,18.0,193.1,211.5
52,10,17,12.77,15.11,23.4,34.0,35.0,170.0,18.0,193.4,212.3
52,11,17,12.71,15.05,23.4,34.0,35.0,170.0,18.0,193.4,212.9
52,12,18,13.65,16.0,23.5,35.0,36.0,170.0,18.0,193.5,213.5
52,13,17,13.59,15.95,23.6,35.0,36.0,180.0,19.0,203.6,214.1
52,14,17,13.53,15.9,23.7,35.0,36.0,180.0,19.0,203.7,214.7
52,15,17,13.46,15.84,23.8,34.0,36.0,170.0,19.0,193.8,205.4
52,16,17,13.51,15.79,22.8,34.0,36.0,170.0,19.0,192.8,204.9
52,17,17,13.6,15.74,21.4,34.0,36.0,170.0,19.0,191.4,204.0
52,18,17,13.69,15.68,19.9,34.0,36.0,170.0,19.0,189.9,203.1
52,19,17,13.78,15.63,18.5,34.0,35.0,170.0,18.0,188.5,202.2
52,20,17,13.87,15.58,17.1,34.0,35.0,170.0,18.0,187.1,201.3
52,21,17,13.96,15.53,15.7,34.0,35.0,170.0,18.0,185.7,200.4
52,22,17,14.05,15.47,14.2,34.0,35.0,170.0,18.0,184.2,199.5
52,23,17,14.13,15.42,12.9,34.0,35.0,170.0,18.0,182.9,198.7
52,24,17,14.22,15.35,11.3,34.0,35.0,170.0,18.0,181.3,197.8
52,25,16,14.31,15.29,9.8,34.0,35.0,180.0,19.0,189.8,196.9
52,26,16,14.4,15.22,8.2,34.0,35.0,180.0,19.0,188.2,196.0
52,27,17,15.49,16.15,6.6,35.0,36.0,180.0,19.0,186.6,195.1
52,28,17,15.53,16.08,5.5,35.0,36.0,180.0,19.0,185.5,194.7
52,29,17,15.41,16.02,6.1,34.0,36.0,170.0,19.0,176.1,185.9
52,30,17,15.28,15.95,6.7,34.0,36.0,170.0,19.0,176.7,187.2
52,31,17,15.15,15.88,7.3,34.0,36.0,170.0,19.0,177.3,188.5
52,32,17,15.02,15.81,7.9,34.0,35.0,170.0,18.0,177.9,189.8
52,33,17,14.89,15.72,8.3,34.0,35.0,170.0,18.0,178.3,191.1
52,34,16,14.77,15.5,7.3,34.0,35.0,180.0,19.0,187.3,192.3
52,35,16,14.64,15.28,6.4,34.0,35.0,180.0,19.0,186.4,193.6
52,36,16,14.51,15.06,5.5,34.0,35.0,180.0,19.0,185.5,194.9
52,37,16,14.38,14.84,4.6,34.0,35.0,180.0,19.0,184.6,196.2
52,38,16,14.25,14.62,3.7,34.0,35.0,180.0,19.0,183.7,197.5
52,39,16,14.12,14.54,4.2,33.0,35.0,170.0,19.0,174.2,188.8
52,40,16,14.0,14.5,5.0,33.0,35.0,170.0,19.0,175.0,190.0
52,41,16,13.87,14.46,5.9,33.0,35.0,170.0,19.0,175.9,191.3
52,42,17,14.74,15.43,6.9,34.0,35.0,170.0,18.0,176.9,192.6
52,43,17,14.61,15.39,7.8,34.0,35.0,170.0,18.0,177.8,193.9
52,44,17,14.48,15.35,8.7,34.0,35.0,170.0,18.0,178.7,195.2
52,45,16,14.36,15.31,9.5,34.0,35.0,180.0,19.0,189.5,196.4
52,46,16,14.23,15.27,10.4,34.0,35.0,180.0,19.0,190.4,197.7
52,47,16,14.0,15.23,12.3,34.0,35.0,180.0,19.0,192.3,200.0
52,48,16,13.72,15.2,14.8,33.0,35.0,170.0,19.0,184.8,192.8
52,49,16,13.44,15.16,17.2,33.0,35.0,170.0,19.0,187.2,195.6
53,0,12,9.27,11.31,20.4,29.0,31.0,170.0,19.0,190.4,197.3
53,1,12,8.99,11.27,22.8,29.0,31.0,170.0,19.0,192.8,200.1
53,2,13,8.97,11.22,22.5,29.0,30.0,160.0,17.0,182.5,200.3
53,3,13,9.0,11.12,21.2,29.0,30.0,160.0,17.0,181.2,200.0
53,4,12,9.02,11.02,20.0,29.0,30.0,170.0,18.0,190.0,199.8
53,5,12,9.05,10.92,18.7,29.0,30.0,170.0,18.0,188.7,199.5
53,6,12,9.07,10.82,17.5,29.0,30.0,170.0,18.0,187.5,199.3
53,7,12,9.1,10.71,16.1,29.0,30.0,170.0,18.0,186.1,199.0
53,8,12,10.1,11.61,15.1,30.0,31.0,180.0,19.0,195.1,199.0
53,9,13,10.08,11.51,14.3,29.0,31.0,160.0,18.0,174.3,189.2
53,10,12,10.06,11.41,13.5,29.0,31.0,170.0,19.0,183.5,189.4
53,11,12,10.04,11.31,12.7,29.0,31.0,170.0,19.0,182.7,189.6
53,12,12,10.02,11.21,11.9,29.0,30.0,170.0,18.0,181.9,189.8
53,13,12,10.01,11.1,10.9,29.0,30.0,170.0,18.0,180.9,189.9
53,14,11,9.99,10.99,10.0,29.0,30.0,180.0,19.0,190.0,190.1
53,15,11,9.97,10.89,9.2,29.0,30.0,180.0,19.0,189.2,190.3
53,16,12,9.95,10.78,8.3,29.0,30.0,170.0,18.0,178.3,190.5
53,17,13,10.92,11.67,7.5,30.0,31.0,170.0,18.0,177.5,190.8
53,18,12,10.88,11.56,6.8,29.0,31.0,170.0,19.0,176.8,181.2
53,19,12,10.84,11.45,6.1,29.0,31.0,170.0,19.0,176.1,181.6
53,20,12,10.8,11.35,5.5,29.0,31.0,170.0,19.0,175.5,182.0
53,21,12,10.77,11.24,4.7,29.0,30.0,170.0,18.0,174.7,182.3
53,22,12,10.73,11.13,4.0,29.0,30.0,170.0,18.0,174.0,182.7
53,23,12,10.69,11.07,3.8,29.0,30.0,170.0,18.0,173.8,183.1
53,24,12,10.66,11.01,3.5,29.0,30.0,170.0,18.0,173.5,183.4
53,25,12,10.55,10.94,3.9,29.0,30.0,170.0,18.0,173.9,184.5
53,26,13,11.31,11.88,5.7,30.0,31.0,170.0,18.0,175.7,186.9
53,27,13,11.08,11.81,7.3,29.0,31.0,160.0,18.0,167.3,179.2
53,28,13,10.84,11.73,8.9,29.0,31.0,160.0,18.0,168.9,181.6
53,29,13,10.6,11.64,10.4,29.0,31.0,160.0,18.0,170.4,184.0
53,30,13,10.37,11.56,11.9,29.0,30.0,160.0,17.0,171.9,186.3
53,31,13,10.24,11.48,12.4,29.0,30.0,160.0,17.0,172.4,187.6
53,32,13,10.35,11.39,10.4,29.0,30.0,160.0,17.0,170.4,186.5
53,33,12,10.46,11.32,8.6,29.0,30.0,170.0,18.0,178.6,185.4
53,34,12,10.57,11.25,6.8,29.0,30.0,170.0,18.0,176.8,184.3
53,35,12,10.68,11.19,5.1,29.0,30.0,170.0,18.0,175.1,183.2
53,36,13,11.79,12.13,3.4,29.0,31.0,160.0,18.0,163.4,172.1
53,37,13,11.64,12.07,4.3,29.0,31.0,160.0,18.0,164.3,173.6
53,38,13,11.3,12.01,7.1,29.0,31.0,160.0,18.0,167.1,177.0
53,39,13,10.97,11.95,9.8,29.0,30.0,160.0,17.0,169.8,180.3
53,40,13,10.64,11.89,12.5,29.0,30.0,160.0,17.0,172.5,183.6
53,41,13,10.3,11.83,15.3,29.0,30.0,160.0,17.0,175.3,187.0
53,42,13,9.97,11.76,17.9,29.0,30.0,160.0,17.0,177.9,190.3
53,43,12,9.64,11.68,20.4,29.0,30.0,170.0,18.0,190.4,193.6
53,44,12,9.3,11.6,23.0,29.0,30.0,170.0,18.0,193.0,197.0
53,45,13,10.17,12.53,23.6,29.0,31.0,160.0,18.0,183.6,188.3
53,46,13,10.03,12.45,24.2,29.0,31.0,160.0,18.0,184.2,189.7
53,47,11,9.9,12.37,24.7,29.0,31.0,180.0,20.0,204.7,191.0
53,48,11,9.76,12.29,25.3,29.0,30.0,180.0,19.0,205.3,192.4
53,49,11,9.63,12.21,25.8,29.0,30.0,180.0,19.0,205.8,193.7
54,0,11,9.48,12.13,26.5,29.0,30.0,180.0,19.0,206.5,195.2
54,1,13,9.35,12.05,27.0,29.0,30.0,160.0,17.0,187.0,196.5
54,2,13,9.21,11.97,27.6,29.0,30.0,160.0,17.0,187.6,197.9
54,3,11,9.09,11.89,28.0,29.0,30.0,180.0,19.0,208.0,199.1
54,4,11,8.98,11.81,28.3,28.0,30.0,170.0,19.0,198.3,190.2
54,5,13,8.86,11.74,28.8,28.0,30.0,150.0,17.0,178.8,191.4
54,6,14,9.75,12.66,29.1,29.0,31.0,150.0,17.0,179.1,192.5
54,7,13,9.64,12.57,29.3,29.0,30.0,160.0,17.0,189.3,193.6
54,8,13,9.52,12.45,29.3,29.0,30.0,160.0,17.0,189.3,194.8
54,9,13,9.41,12.34,29.3,29.0,30.0,160.0,17.0,189.3,195.9
54,10,13,9.29,12.22,29.3,29.0,30.0,160.0,17.0,189.3,197.1
54,11,13,9.18,12.11,29.3,29.0,30.0,160.0,17.0,189.3,198.2
54,12,12,9.07,11.99,29.2,29.0,30.0,170.0,18.0,199.2,199.3
54,13,12,8.95,11.88,29.3,29.0,30.0,170.0,18.0,199.3,200.5
54,14,13,9.84,12.76,29.2,29.0,31.0,160.0,18.0,189.2,191.6
54,15,13,9.72,12.65,29.3,29.0,31.0,160.0,18.0,189.3,192.8
54,16,13,9.61,12.53,29.2,29.0,31.0,160.0,18.0,189.2,193.9
54,17,13,9.5,12.42,29.2,29.0,30.0,160.0,17.0,189.2,195.0
54,18,13,9.38,12.31,29.3,29.0,30.0,160.0,17.0,189.3,196.2
54,19,13,9.27,12.19,29.2,29.0,30.0,160.0,17.0,189.2,197.3
54,20,13,9.15,12.06,29.1,29.0,30.0,160.0,17.0,189.1,198.5
54,21,11,9.04,11.93,28.9,29.0,30.0,180.0,19.0,208.9,199.6
54,22,12,9.92,12.79,28.7,30.0,31.0,180.0,19.0,208.7,200.8
54,23,12,9.81,12.66,28.5,29.0,31.0,170.0,19.0,198.5,191.9
54,24,12,9.7,12.52,28.2,29.0,31.0,170.0,19.0,198.2,193.0
54,25,11,9.58,12.39,28.1,29.0,31.0,180.0,20.0,208.1,194.2
54,26,11,9.47,12.25,27.8,29.0,30.0,180.0,19.0,207.8,195.3
54,27,11,9.35,12.12,27.7,29.0,30.0,180.0,19.0,207.7,196.5
54,28,14,9.24,11.98,27.4,29.0,30.0,150.0,16.0,177.4,197.6
54,29,13,9.13,11.85,27.2,29.0,30.0,160.0,17.0,187.2,198.7
54,30,14,10.01,12.74,27.3,30.0,31.0,160.0,17.0,187.3,199.9
54,31,14,9.9,12.63,27.3,30.0,31.0,160.0,17.0,187.3,201.0
54,32,14,9.78,12.53,27.5,29.0,31.0,150.0,17.0,177.5,192.2
54,33,14,9.67,12.42,27.5,29.0,31.0,150.0,17.0,177.5,193.3
54,34,14,9.55,12.32,27.7,29.0,31.0,150.0,17.0,177.7,194.5
54,35,14,9.43,12.22,27.9,29.0,30.0,150.0,16.0,177.9,195.7
54,36,11,9.32,12.11,27.9,29.0,30.0,180.0,19.0,207.9,196.8
54,37,13,9.2,12.01,28.1,29.0,30.0,160.0,17.0,188.1,198.0
54,38,14,10.08,12.9,28.2,30.0,31.0,160.0,17.0,188.2,199.2
54,39,14,9.97,12.64,26.7,30.0,31.0,160.0,17.0,186.7,200.3
54,40,13,9.85,12.38,25.3,30.0,31.0,170.0,18.0,195.3,201.5
54,41,13,9.73,12.12,23.9,29.0,31.0,160.0,18.0,183.9,192.7
54,42,13,9.62,11.86,22.4,29.0,31.0,160.0,18.0,182.4,193.8
54,43,13,9.5,11.6,21.0,29.0,31.0,160.0,18.0,181.0,195.0
54,44,13,9.38,11.35,19.7,29.0,30.0,160.0,17.0,179.7,196.2
54,45,13,9.27,11.09,18.2,29.0,30.0,160.0,17.0,178.2,197.3
54,46,13,10.15,11.87,17.2,30.0,31.0,170.0,18.0,187.2,198.5
54,47,13,10.03,11.71,16.8,30.0,31.0,170.0,18.0,186.8,199.7
54,48,13,9.92,11.56,16.4,30.0,31.0,170.0,18.0,186.4,200.8
54,49,13,9.8,11.41,16.1,30.0,31.0,170.0,18.0,186.1,202.0
55,0,13,9.75,11.31,15.6,30.0,31.0,170.0,18.0,185.6,202.5
55,1,13,9.63,11.16,15.3,29.0,31.0,160.0,18.0,175.3,193.7
55,2,13,9.52,11.01,14.9,29.0,31.0,160.0,18.0,174.9,194.8
55,3,14,10.4,11.86,14.6,30.0,32.0,160.0,18.0,174.6,196.0
55,4,13,10.28,11.71,14.3,30.0,31.0,170.0,18.0,184.3,197.2
55,5,13,10.17,11.55,13.8,30.0,31.0,170.0,18.0,183.8,198.3
55,6,12,10.05,11.4,13.5,30.0,31.0,180.0,19.0,193.5,199.5
55,7,13,9.93,11.25,13.2,30.0,31.0,170.0,18.0,183.2,200.7
55,8,12,9.82,11.1,12.8,30.0,31.0,180.0,19.0,192.8,201.8
55,9,12,9.7,10.95,12.5,30.0,31.0,180.0,19.0,192.5,203.0
55,10,12,9.58,10.79,12.1,29.0,31.0,170.0,19.0,182.1,194.2
55,11,13,10.47,11.64,11.7,30.0,32.0,170.0,19.0,181.7,195.3
55,12,13,10.35,11.49,11.4,30.0,32.0,170.0,19.0,181.4,196.5
55,13,13,10.24,11.34,11.0,30.0,31.0,170.0,18.0,181.0,197.6
55,14,13,10.12,11.18,10.6,30.0,31.0,170.0,18.0,180.6,198.8
55,15,13,10.0,11.03,10.3,30.0,31.0,170.0,18.0,180.3,200.0
55,16,13,9.89,10.88,9.9,30.0,31.0,170.0,18.0,179.9,201.1
55,17,13,9.77,10.72,9.5,30.0,31.0,170.0,18.0,179.5,202.3
55,18,12,9.66,10.57,9.1,30.0,31.0,180.0,19.0,189.1,203.4
55,19,12,9.54,10.42,8.8,29.0,31.0,170.0,19.0,178.8,194.6
55,20,13,10.42,11.27,8.5,30.0,32.0,170.0,19.0,178.5,195.8
55,21,13,10.31,11.11,8.0,30.0,32.0,170.0,19.0,178.0,196.9
55,22,12,10.19,10.96,7.7,30.0,31.0,180.0,19.0,187.7,198.1
55,23,12,10.07,10.81,7.4,30.0,31.0,180.0,19.0,187.4,199.3
55,24,12,9.96,10.68,7.2,30.0,31.0,180.0,19.0,187.2,200.4
55,25,12,9.84,10.55,7.1,30.0,31.0,180.0,19.0,187.1,201.6
55,26,12,9.73,10.42,6.9,30.0,31.0,180.0,19.0,186.9,202.7
55,27,12,9.61,10.29,6.8,30.0,31.0,180.0,19.0,186.8,203.9
55,28,13,10.49,11.17,6.8,30.0,32.0,170.0,19.0,176.8,195.1
55,29,13,10.38,11.04,6.6,30.0,32.0,170.0,19.0,176.6,196.2
55,30,13,10.26,10.91,6.5,30.0,32.0,170.0,19.0,176.5,197.4
55,31,12,10.15,10.78,6.3,30.0,31.0,180.0,19.0,186.3,198.5
55,32,12,10.05,10.66,6.1,30.0,31.0,180.0,19.0,186.1,199.5
55,33,12,9.98,10.53,5.5,30.0,31.0,180.0,19.0,185.5,200.2
55,34,12,9.9,10.4,5.0,30.0,31.0,180.0,19.0,185.0,201.0
55,35,12,9.83,10.27,4.4,30.0,31.0,180.0,19.0,184.4,201.7
55,36,12,9.76,10.15,3.9,30.0,31.0,180.0,19.0,183.9,202.4
55,37,13,10.68,11.03,3.5,30.0,32.0,170.0,19.0,173.5,193.2
55,38,13,10.61,10.94,3.3,30.0,32.0,170.0,19.0,173.3,193.9
55,39,13,10.54,10.84,3.0,30.0,32.0,170.0,19.0,173.0,194.6
55,40,13,10.47,10.74,2.7,30.0,31.0,170.0,18.0,172.7,195.3
55,41,13,10.39,10.65,2.6,30.0,31.0,170.0,18.0,172.6,196.1
55,42,12,10.32,10.55,2.3,30.0,31.0,180.0,19.0,182.3,196.8
55,43,13,10.25,10.46,2.1,30.0,31.0,170.0,18.0,172.1,197.5
55,44,12,10.17,10.36,1.9,30.0,31.0,180.0,19.0,181.9,198.3
55,45,13,11.1,11.27,1.7,31.0,32.0,180.0,19.0,181.7,199.0
55,46,13,11.03,11.17,1.4,30.0,32.0,170.0,19.0,171.4,189.7
55,47,13,10.96,11.07,1.1,30.0,32.0,170.0,19.0,171.1,190.4
55,48,13,10.88,10.98,1.0,30.0,32.0,170.0,19.0,171.0,191.2
55,49,12,10.81,10.88,0.7,30.0,31.0,180.0,19.0,180.7,191.9
56,0,14,12.81,12.76,-0.5,32.0,33.0,180.0,19.0,179.5,191.9
56,1,15,13.74,13.61,-1.3,33.0,34.0,180.0,19.0,178.7,192.6
56,2,15,13.66,13.45,-2.1,33.0,34.0,180.0,19.0,177.9,193.4
56,3,15,13.59,13.29,-3.0,33.0,34.0,180.0,19.0,177.0,194.1
56,4,15,13.52,13.14,-3.8,33.0,34.0,180.0,19.0,176.2,194.8
56,5,15,13.44,13.01,-4.3,33.0,34.0,180.0,19.0,175.7,195.6
56,6,15,13.36,12.88,-4.8,32.0,34.0,170.0,19.0,165.2,186.4
56,7,15,14.27,13.75,-5.2,33.0,35.0,180.0,20.0,174.8,187.3
56,8,15,14.18,13.61,-5.7,33.0,35.0,180.0,20.0,174.3,188.2
56,9,15,14.1,13.48,-6.2,33.0,34.0,180.0,19.0,173.8,189.0
56,10,15,14.01,13.35,-6.6,33.0,34.0,180.0,19.0,173.4,189.9
56,11,15,13.92,13.22,-7.0,33.0,34.0,180.0,19.0,173.0,190.8
56,12,16,14.84,14.09,-7.5,34.0,35.0,180.0,19.0,172.5,191.6
56,13,16,14.75,13.95,-8.0,34.0,35.0,180.0,19.0,172.0,192.5
56,14,16,14.66,13.82,-8.4,34.0,35.0,180.0,19.0,171.6,193.4
56,15,16,14.58,13.69,-8.9,33.0,35.0,170.0,19.0,161.1,184.2
56,16,16,14.49,13.56,-9.3,33.0,35.0,170.0,19.0,160.7,185.1
56,17,16,14.4,13.43,-9.7,33.0,35.0,170.0,19.0,160.3,186.0
56,18,17,15.32,14.29,-10.3,34.0,35.0,170.0,18.0,159.7,186.8
56,19,16,15.23,14.16,-10.7,34.0,35.0,180.0,19.0,169.3,187.7
56,20,16,15.14,14.03,-11.1,34.0,35.0,180.0,19.0,168.9,188.6
56,21,16,15.05,13.9,-11.5,34.0,35.0,180.0,19.0,168.5,189.5
56,22,16,14.97,13.77,-12.0,34.0,35.0,180.0,19.0,168.0,190.3
56,23,15,14.88,13.63,-12.5,34.0,35.0,190.0,20.0,177.5,191.2
56,24,16,15.79,14.49,-13.0,35.0,36.0,190.0,20.0,177.0,192.1
56,25,16,15.71,14.35,-13.6,34.0,36.0,180.0,20.0,166.4,182.9
56,26,16,15.62,14.2,-14.2,34.0,36.0,180.0,20.0,165.8,183.8
56,27,14,15.53,14.06,-14.7,34.0,35.0,200.0,21.0,185.3,184.7
56,28,15,15.45,13.92,-15.3,34.0,35.0,190.0,20.0,174.7,185.5
56,29,15,15.36,13.77,-15.9,34.0,35.0,190.0,20.0,174.1,186.4
56,30,16,16.27,14.63,-16.4,35.0,36.0,190.0,20.0,173.6,187.3
56,31,16,16.18,14.49,-16.9,35.0,36.0,190.0,20.0,173.1,188.2
56,32,16,16.1,14.45,-16.5,35.0,36.0,190.0,20.0,173.5,189.0
56,33,16,16.01,14.42,-15.9,35.0,36.0,190.0,20.0,174.1,189.9
56,34,16,15.92,14.39,-15.3,34.0,36.0,180.0,20.0,164.7,180.8
56,35,17,16.84,15.36,-14.8,35.0,37.0,180.0,20.0,165.2,181.6
56,36,17,16.75,15.33,-14.2,35.0,37.0,180.0,20.0,165.8,182.5
56,37,17,16.66,15.29,-13.7,35.0,36.0,180.0,19.0,166.3,183.4
56,38,17,16.58,15.26,-13.2,35.0,36.0,180.0,19.0,166.8,184.2
56,39,17,16.36,15.23,-11.3,35.0,36.0,180.0,19.0,168.7,186.4
56,40,17,16.14,15.27,-8.7,35.0,36.0,180.0,19.0,171.3,188.6
56,41,18,16.92,16.39,-5.3,36.0,37.0,180.0,19.0,174.7,190.8
56,42,18,16.7,16.51,-1.9,36.0,37.0,180.0,19.0,178.1,193.0
56,43,14,16.49,16.63,1.4,35.0,37.0,210.0,23.0,211.4,185.1
56,44,18,16.27,16.75,4.8,35.0,37.0,170.0,19.0,174.8,187.3
56,45,18,16.05,16.87,8.2,35.0,37.0,170.0,19.0,178.2,189.5
56,46,18,15.83,16.99,11.6,35.0,36.0,170.0,18.0,181.6,191.7
56,47,14,16.62,17.88,12.6,36.0,37.0,220.0,23.0,232.6,193.8
56,48,14,16.4,17.72,13.2,36.0,37.0,220.0,23.0,233.2,196.0
56,49,14,16.18,17.56,13.8,36.0,37.0,220.0,23.0,233.8,198.2
57,0,25,21.9,23.36,14.6,42.0,43.0,170.0,18.0,184.6,201.0
57,1,21,22.68,24.21,15.3,43.0,44.0,220.0,23.0,235.3,203.2
57,2,25,22.46,24.0,15.4,42.0,44.0,170.0,19.0,185.4,195.4
57,3,25,22.25,23.61,13.6,42.0,44.0,170.0,19.0,183.6,197.5
57,4,20,22.03,23.22,11.9,42.0,44.0,220.0,24.0,231.9,199.7
57,5,24,21.81,22.83,10.2,42.0,43.0,180.0,19.0,190.2,201.9
57,6,24,22.59,23.43,8.4,43.0,44.0,190.0,20.0,198.4,204.1
57,7,24,22.37,23.04,6.7,43.0,44.0,190.0,20.0,196.7,206.3
57,8,24,22.16,22.65,4.9,43.0,44.0,190.0,20.0,194.9,208.4
57,9,23,21.94,22.25,3.1,43.0,44.0,200.0,21.0,203.1,210.6
57,10,23,21.72,21.96,2.4,43.0,44.0,200.0,21.0,202.4,212.8
57,11,23,21.5,21.7,2.0,42.0,44.0,190.0,21.0,192.0,205.0
57,12,24,22.24,22.44,2.0,43.0,45.0,190.0,21.0,192.0,207.6
57,13,23,21.98,22.18,2.0,43.0,45.0,200.0,22.0,202.0,210.2
57,14,23,21.72,21.92,2.0,43.0,44.0,200.0,21.0,202.0,212.8
57,15,23,21.46,21.65,1.9,43.0,44.0,200.0,21.0,201.9,215.4
57,16,23,21.2,21.39,1.9,43.0,44.0,200.0,21.0,201.9,218.0
57,17,22,20.94,21.13,1.9,43.0,44.0,210.0,22.0,211.9,220.6
57,18,23,21.67,21.87,2.0,44.0,45.0,210.0,22.0,212.0,223.3
57,19,23,21.41,21.61,2.0,44.0,45.0,210.0,22.0,212.0,225.9
57,20,23,21.15,21.34,1.9,43.0,45.0,200.0,22.0,201.9,218.5
57,21,23,20.89,21.08,1.9,43.0,45.0,200.0,22.0,201.9,221.1
57,22,23,20.76,20.82,0.6,43.0,45.0,200.0,22.0,200.6,222.4
57,23,22,20.71,20.58,-1.3,43.0,44.0,210.0,22.0,208.7,222.9
57,24,23,21.65,21.44,-2.1,44.0,45.0,210.0,22.0,207.9,223.5
57,25,22,21.59,21.3,-2.9,44.0,45.0,220.0,23.0,217.1,224.1
57,26,23,21.54,21.16,-3.8,44.0,45.0,210.0,22.0,206.2,224.6
57,27,23,21.48,21.03,-4.5,44.0,45.0,210.0,22.0,205.5,225.2
57,28,23,21.43,20.89,-5.4,44.0,45.0,210.0,22.0,204.6,225.7
57,29,24,22.37,21.75,-6.2,45.0,46.0,210.0,22.0,203.8,226.3
57,30,24,22.32,21.61,-7.1,44.0,46.0,200.0,22.0,192.9,216.8
57,31,24,22.29,21.49,-8.0,44.0,46.0,200.0,22.0,192.0,217.1
57,32,24,22.26,21.39,-8.7,44.0,45.0,200.0,21.0,191.3,217.4
57,33,23,22.24,21.3,-9.4,44.0,45.0,210.0,22.0,200.6,217.6
57,34,23,22.21,21.2,-10.1,44.0,45.0,210.0,22.0,199.9,217.9
57,35,24,23.18,22.1,-10.8,45.0,46.0,210.0,22.0,199.2,218.2
57,36,24,23.0,22.0,-10.0,45.0,46.0,210.0,22.0,200.0,220.0
57,37,24,22.56,21.9,-6.6,45.0,46.0,210.0,22.0,203.4,224.4
57,38,23,22.12,21.8,-3.2,45.0,46.0,220.0,23.0,216.8,228.8
57,39,23,21.68,21.7,0.2,44.0,46.0,210.0,23.0,210.2,223.2
57,40,23,21.24,21.6,3.6,44.0,46.0,210.0,23.0,213.6,227.6
57,41,24,21.8,22.5,7.0,45.0,47.0,210.0,23.0,217.0,232.0
57,42,24,21.64,22.4,7.6,45.0,46.0,210.0,22.0,217.6,233.6
57,43,24,21.49,22.3,8.1,45.0,46.0,210.0,22.0,218.1,235.1
57,44,23,21.34,22.19,8.5,45.0,46.0,220.0,23.0,228.5,236.6
57,45,23,21.19,21.95,7.6,45.0,46.0,220.0,23.0,227.6,238.1
57,46,23,21.04,21.71,6.7,45.0,46.0,220.0,23.0,226.7,239.6
57,47,24,21.89,22.47,5.8,46.0,47.0,220.0,23.0,225.8,241.1
57,48,24,21.74,22.22,4.8,45.0,47.0,210.0,23.0,214.8,232.6
57,49,23,21.61,21.98,3.7,45.0,47.0,220.0,24.0,223.7,233.9
58,0,22,20.45,20.62,1.7,44.0,45.0,220.0,23.0,221.7,235.5
58,1,22,20.34,20.38,0.4,44.0,45.0,220.0,23.0,220.4,236.6
58,2,22,20.23,20.14,-0.9,44.0,45.0,220.0,23.0,219.1,237.7
58,3,21,20.11,19.9,-2.1,44.0,45.0,230.0,24.0,227.9,238.9
58,4,21,19.99,19.66,-3.3,44.0,45.0,230.0,24.0,226.7,240.1
58,5,22,20.83,20.42,-4.1,45.0,46.0,230.0,24.0,225.9,241.7
58,6,22,20.67,20.18,-4.9,45.0,46.0,230.0,24.0,225.1,243.3
58,7,22,20.51,19.94,-5.7,44.0,46.0,220.0,24.0,214.3,234.9
58,8,21,20.35,19.72,-6.3,44.0,46.0,230.0,25.0,223.7,236.5
58,9,21,20.19,19.55,-6.4,44.0,46.0,230.0,25.0,223.6,238.1
58,10,21,20.03,19.38,-6.5,44.0,45.0,230.0,24.0,223.5,239.7
58,11,23,19.81,19.21,-6.0,44.0,45.0,210.0,22.0,204.0,241.9
58,12,21,20.43,20.05,-3.8,45.0,46.0,240.0,25.0,236.2,245.7
58,13,21,20.05,19.88,-1.7,45.0,46.0,240.0,25.0,238.3,249.5
58,14,21,19.66,19.71,0.5,45.0,46.0,240.0,25.0,240.5,253.4
58,15,21,19.28,19.54,2.6,45.0,46.0,240.0,25.0,242.6,257.2
58,16,21,18.9,19.37,4.7,44.0,46.0,230.0,25.0,234.7,251.0
58,17,20,18.52,19.2,6.8,44.0,46.0,240.0,26.0,246.8,254.8
58,18,20,18.14,19.03,8.9,44.0,46.0,240.0,26.0,248.9,258.6
58,19,21,18.76,19.83,10.7,45.0,46.0,240.0,25.0,250.7,262.4
58,20,22,18.37,19.62,12.5,45.0,46.0,230.0,24.0,242.5,266.3
58,21,22,17.99,19.42,14.3,45.0,46.0,230.0,24.0,244.3,270.1
58,22,21,17.61,19.22,16.1,45.0,46.0,240.0,25.0,256.1,273.9
58,23,21,17.31,19.02,17.1,45.0,46.0,240.0,25.0,257.1,276.9
58,24,20,17.26,18.82,15.6,45.0,46.0,250.0,26.0,265.6,277.4
58,25,20,17.21,18.62,14.1,44.0,46.0,240.0,26.0,254.1,267.9
58,26,21,18.17,19.42,12.5,45.0,47.0,240.0,26.0,252.5,268.3
58,27,21,18.12,19.21,10.9,45.0,47.0,240.0,26.0,250.9,268.8
58,28,21,18.07,19.01,9.4,45.0,46.0,240.0,25.0,249.4,269.3
58,29,20,18.02,18.81,7.9,45.0,46.0,250.0,26.0,257.9,269.8
58,30,20,17.85,18.61,7.6,45.0,46.0,250.0,26.0,257.6,271.5
58,31,20,17.59,18.41,8.2,45.0,46.0,250.0,26.0,258.2,274.1
58,32,21,18.33,19.21,8.8,46.0,47.0,250.0,26.0,258.8,276.7
58,33,22,18.07,19.0,9.3,46.0,47.0,240.0,25.0,249.3,279.3
58,34,22,17.81,18.8,9.9,45.0,47.0,230.0,25.0,239.9,271.9
58,35,22,17.55,18.61,10.6,45.0,47.0,230.0,25.0,240.6,274.5
58,36,21,17.29,18.47,11.8,45.0,47.0,240.0,26.0,251.8,277.1
58,37,20,17.11,18.33,12.2,45.0,46.0,250.0,26.0,262.2,278.9
58,38,20,17.15,18.2,10.5,45.0,46.0,250.0,26.0,260.5,278.5
58,39,21,18.19,19.06,8.7,46.0,47.0,250.0,26.0,258.7,278.1
58,40,21,18.23,18.92,6.9,46.0,47.0,250.0,26.0,256.9,277.7
58,41,21,18.27,18.78,5.1,46.0,47.0,250.0,26.0,255.1,277.3
58,42,20,18.31,18.65,3.4,46.0,47.0,260.0,27.0,263.4,276.9
58,43,21,18.35,18.51,1.6,45.0,47.0,240.0,26.0,241.6,266.5
58,44,20,18.39,18.37,-0.2,45.0,47.0,250.0,27.0,249.8,266.1
58,45,20,18.43,18.23,-2.0,45.0,47.0,250.0,27.0,248.0,265.7
58,46,21,19.47,19.1,-3.7,46.0,47.0,250.0,26.0,246.3,265.3
58,47,21,19.51,18.96,-5.5,46.0,47.0,250.0,26.0,244.5,264.9
58,48,21,19.55,18.82,-7.3,46.0,47.0,250.0,26.0,242.7,264.5
58,49,21,19.52,18.71,-8.1,46.0,47.0,250.0,26.0,241.9,264.8
59,0,10,9.34,8.59,-7.5,36.0,37.0,260.0,27.0,252.5,266.6
59,1,10,9.21,8.5,-7.1,36.0,37.0,260.0,27.0,252.9,267.9
59,2,11,10.07,9.4,-6.7,36.0,38.0,250.0,27.0,243.3,259.3
59,3,11,9.93,9.18,-7.5,36.0,38.0,250.0,27.0,242.5,260.7
59,4,11,9.76,8.9,-8.6,36.0,38.0,250.0,27.0,241.4,262.4
59,5,10,9.6,8.62,-9.8,36.0,37.0,260.0,27.0,250.2,264.0
59,6,10,9.43,8.34,-10.9,36.0,37.0,260.0,27.0,249.1,265.7
59,7,11,10.26,9.06,-12.0,37.0,38.0,260.0,27.0,248.0,267.4
59,8,11,10.1,8.78,-13.2,37.0,38.0,260.0,27.0,246.8,269.0
59,9,10,9.93,8.5,-14.3,37.0,38.0,270.0,28.0,255.7,270.7
59,10,10,9.76,8.23,-15.3,37.0,38.0,270.0,28.0,254.7,272.4
59,11,11,9.59,8.05,-15.4,37.0,38.0,260.0,27.0,244.6,274.1
59,12,12,10.41,8.87,-15.4,37.0,39.0,250.0,27.0,234.6,265.9
59,13,12,10.23,8.69,-15.4,37.0,39.0,250.0,27.0,234.6,267.7
59,14,10,10.05,8.51,-15.4,37.0,39.0,270.0,29.0,254.6,269.5
59,15,10,9.87,8.33,-15.4,37.0,38.0,270.0,28.0,254.6,271.3
59,16,10,9.69,8.16,-15.3,37.0,38.0,270.0,28.0,254.7,273.1
59,17,12,10.51,8.98,-15.3,38.0,39.0,260.0,27.0,244.7,274.9
59,18,11,10.33,8.8,-15.3,38.0,39.0,270.0,28.0,254.7,276.7
59,19,10,10.15,8.62,-15.3,38.0,39.0,280.0,29.0,264.7,278.5
59,20,10,9.97,8.44,-15.3,38.0,39.0,280.0,29.0,264.7,280.3
59,21,10,9.81,8.26,-15.5,37.0,39.0,270.0,29.0,254.5,271.9
59,22,11,10.67,9.08,-15.9,38.0,40.0,270.0,29.0,254.1,273.3
59,23,10,10.52,8.9,-16.2,38.0,40.0,280.0,30.0,263.8,274.8
59,24,10,10.38,8.73,-16.5,38.0,39.0,280.0,29.0,263.5,276.2
59,25,11,10.23,8.55,-16.8,38.0,39.0,270.0,28.0,253.2,277.7
59,26,10,10.08,8.37,-17.1,38.0,39.0,280.0,29.0,262.9,279.2
59,27,12,10.94,9.19,-17.5,39.0,40.0,270.0,28.0,252.5,280.6
59,28,11,10.79,9.02,-17.7,39.0,40.0,280.0,29.0,262.3,282.1
59,29,12,10.65,8.81,-18.4,39.0,40.0,270.0,28.0,251.6,283.5
59,30,11,10.5,8.59,-19.1,38.0,40.0,270.0,29.0,250.9,275.0
59,31,11,10.35,8.36,-19.9,38.0,40.0,270.0,29.0,250.1,276.5
59,32,12,11.21,9.14,-20.7,39.0,41.0,270.0,29.0,249.3,277.9
59,33,12,11.06,8.91,-21.5,39.0,40.0,270.0,28.0,248.5,279.4
59,34,12,10.92,8.69,-22.3,39.0,40.0,270.0,28.0,247.7,280.8
59,35,12,10.77,8.49,-22.8,39.0,40.0,270.0,28.0,247.2,282.3
59,36,11,10.56,8.49,-20.7,39.0,40.0,280.0,29.0,259.3,284.4
59,37,12,11.27,9.49,-17.8,40.0,41.0,280.0,29.0,262.2,287.3
59,38,12,10.99,9.49,-15.0,40.0,41.0,280.0,29.0,265.0,290.1
59,39,12,10.71,9.49,-12.2,39.0,41.0,270.0,29.0,257.8,282.9
59,40,11,10.42,9.49,-9.3,39.0,41.0,280.0,30.0,270.7,285.8
59,41,11,10.14,9.49,-6.5,39.0,41.0,280.0,30.0,273.5,288.6
59,42,12,10.86,10.49,-3.7,40.0,41.0,280.0,29.0,276.3,291.4
59,43,12,10.59,10.46,-1.3,40.0,41.0,280.0,29.0,278.7,294.1
59,44,12,10.38,10.3,-0.8,40.0,41.0,280.0,29.0,279.2,296.2
59,45,12,10.17,10.14,-0.3,40.0,41.0,280.0,29.0,279.7,298.3
59,46,11,9.96,9.98,0.2,40.0,41.0,290.0,30.0,290.2,300.4
59,47,12,10.75,10.81,0.6,41.0,42.0,290.0,30.0,290.6,302.5
59,48,12,10.54,10.59,0.5,40.0,42.0,280.0,30.0,280.5,294.6
59,49,12,10.33,10.2,-1.3,40.0,42.0,280.0,30.0,278.7,296.7
60,0,22,20.68,20.33,-3.5,51.0,52.0,290.0,30.0,286.5,303.2
60,1,22,20.47,19.94,-5.3,51.0,52.0,290.0,30.0,284.7,305.3
60,2,22,20.26,19.55,-7.1,51.0,52.0,290.0,30.0,282.9,307.4
60,3,21,20.08,19.16,-9.2,51.0,52.0,300.0,31.0,290.8,309.2
60,4,22,20.93,19.77,-11.6,51.0,53.0,290.0,31.0,278.4,300.7
60,5,22,20.77,19.46,-13.1,51.0,53.0,290.0,31.0,276.9,302.3
60,6,21,20.62,19.28,-13.4,51.0,53.0,300.0,32.0,286.6,303.8
60,7,22,20.46,19.1,-13.6,51.0,52.0,290.0,30.0,276.4,305.4
60,8,21,20.31,18.91,-14.0,51.0,52.0,300.0,31.0,286.0,306.9
60,9,22,21.16,19.73,-14.3,52.0,53.0,300.0,31.0,285.7,308.4
60,10,22,21.0,19.55,-14.5,52.0,53.0,300.0,31.0,285.5,310.0
60,11,22,20.85,19.37,-14.8,52.0,53.0,300.0,31.0,285.2,311.5
60,12,22,20.69,19.19,-15.0,52.0,53.0,300.0,31.0,285.0,313.1
60,13,22,20.54,19.01,-15.3,51.0,53.0,290.0,31.0,274.7,304.6
60,14,21,20.27,18.83,-14.4,51.0,53.0,300.0,32.0,285.6,307.3
60,15,22,20.75,19.65,-11.0,52.0,54.0,300.0,32.0,289.0,312.5
60,16,22,20.24,19.47,-7.7,52.0,53.0,300.0,31.0,292.3,317.6
60,17,21,19.72,19.29,-4.3,52.0,53.0,310.0,32.0,305.7,322.8
60,18,21,19.2,19.11,-0.9,52.0,53.0,310.0,32.0,309.1,328.0
60,19,21,19.06,18.98,-0.8,52.0,53.0,310.0,32.0,309.2,329.4
60,20,22,19.92,19.93,0.1,53.0,54.0,310.0,32.0,310.1,330.8
60,21,22,19.77,19.88,1.1,53.0,54.0,310.0,32.0,311.1,332.3
60,22,22,19.63,19.82,1.9,52.0,54.0,300.0,32.0,301.9,323.7
60,23,21,19.49,19.77,2.8,52.0,54.0,310.0,33.0,312.8,325.1
60,24,21,19.35,19.66,3.1,52.0,54.0,310.0,33.0,313.1,326.5
60,25,22,20.2,20.47,2.7,53.0,54.0,310.0,32.0,312.7,328.0
60,26,22,20.06,20.29,2.3,53.0,54.0,310.0,32.0,312.3,329.4
60,27,22,19.92,20.1,1.8,53.0,54.0,310.0,32.0,311.8,330.8
60,28,22,19.77,19.91,1.4,53.0,54.0,310.0,32.0,311.4,332.3
60,29,20,19.63,19.72,0.9,53.0,54.0,330.0,34.0,330.9,333.7
60,30,20,19.49,19.54,0.5,53.0,54.0,330.0,34.0,330.5,335.1
60,31,21,20.27,20.35,0.8,53.0,55.0,320.0,34.0,320.8,327.3
60,32,21,20.02,20.16,1.4,53.0,55.0,320.0,34.0,321.4,329.8
60,33,21,19.78,19.97,1.9,53.0,55.0,320.0,34.0,321.9,332.2
60,34,21,19.53,19.79,2.6,53.0,54.0,320.0,33.0,322.6,334.7
60,35,21,19.29,19.55,2.6,53.0,54.0,320.0,33.0,322.6,337.1
60,36,21,20.04,20.3,2.6,54.0,55.0,330.0,34.0,332.6,339.6
60,37,21,19.8,20.05,2.5,54.0,55.0,330.0,34.0,332.5,342.0
60,38,21,19.56,19.8,2.4,54.0,55.0,330.0,34.0,332.4,344.4
60,39,21,19.31,19.56,2.5,53.0,55.0,320.0,34.0,322.5,336.9
60,40,21,19.07,19.31,2.4,53.0,55.0,320.0,34.0,322.4,339.3
60,41,21,19.82,20.06,2.4,54.0,56.0,330.0,35.0,332.4,341.8
60,42,21,19.58,19.81,2.3,54.0,55.0,330.0,34.0,332.3,344.2
60,43,21,19.34,19.56,2.2,54.0,55.0,330.0,34.0,332.2,346.6
60,44,21,19.12,19.32,2.0,54.0,55.0,330.0,34.0,332.0,348.8
60,45,21,19.09,19.07,-0.2,53.0,55.0,320.0,34.0,319.8,339.1
60,46,21,19.06,18.82,-2.4,53.0,55.0,320.0,34.0,317.6,339.4
60,47,21,20.03,19.57,-4.6,54.0,56.0,330.0,35.0,325.4,339.7
60,48,21,20.0,19.32,-6.8,54.0,55.0,330.0,34.0,323.2,340.0
60,49,22,19.97,19.07,-9.0,54.0,55.0,320.0,33.0,311.0,340.3
61,0,19,17.73,16.58,-11.5,51.0,53.0,320.0,34.0,308.5,332.7
61,1,19,17.7,16.33,-13.7,51.0,53.0,320.0,34.0,306.3,333.0
61,2,19,17.67,16.12,-15.5,51.0,52.0,320.0,33.0,304.5,333.3
61,3,20,18.65,16.97,-16.8,52.0,53.0,320.0,33.0,303.2,333.5
61,4,20,18.62,16.81,-18.1,52.0,53.0,320.0,33.0,301.9,333.8
61,5,19,18.47,16.66,-18.1,51.0,53.0,320.0,34.0,301.9,325.3
61,6,19,18.28,16.5,-17.8,51.0,53.0,320.0,34.0,302.2,327.2
61,7,19,18.08,16.35,-17.3,51.0,53.0,320.0,34.0,302.7,329.2
61,8,20,18.88,17.19,-16.9,52.0,53.0,320.0,33.0,303.1,331.2
61,9,22,18.69,17.04,-16.5,52.0,53.0,300.0,31.0,283.5,333.1
61,10,22,18.49,16.88,-16.1,52.0,53.0,300.0,31.0,283.9,335.1
61,11,19,18.29,16.73,-15.6,51.0,53.0,320.0,34.0,304.4,327.1
61,12,20,19.03,17.57,-14.6,52.0,54.0,320.0,34.0,305.4,329.7
61,13,20,18.77,17.42,-13.5,52.0,54.0,320.0,34.0,306.5,332.3
61,14,20,18.51,17.28,-12.3,52.0,53.0,320.0,33.0,307.7,334.9
61,15,19,18.25,17.14,-11.1,52.0,53.0,330.0,34.0,318.9,337.5
61,16,20,19.0,18.0,-10.0,53.0,54.0,330.0,34.0,320.0,340.0
61,17,20,18.74,17.85,-8.9,52.0,54.0,320.0,34.0,311.1,332.6
61,18,20,18.48,17.71,-7.7,52.0,54.0,320.0,34.0,312.3,335.2
61,19,20,18.22,17.57,-6.5,52.0,53.0,320.0,33.0,313.5,337.8
61,20,20,17.96,17.42,-5.4,52.0,53.0,320.0,33.0,314.6,340.4
61,21,21,18.7,18.28,-4.2,53.0,54.0,320.0,33.0,315.8,343.0
61,22,20,18.44,18.14,-3.0,53.0,54.0,330.0,34.0,327.0,345.6
61,23,20,18.19,18.0,-1.9,52.0,54.0,320.0,34.0,318.1,338.1
61,24,20,17.93,17.85,-0.8,52.0,54.0,320.0,34.0,319.2,340.7
61,25,20,18.67,18.71,0.4,53.0,54.0,330.0,34.0,330.4,343.3
61,26,20,18.49,18.57,0.8,53.0,54.0,330.0,34.0,330.8,345.1
61,27,20,18.3,18.42,1.2,53.0,54.0,330.0,34.0,331.2,347.0
61,28,19,18.12,18.28,1.6,53.0,54.0,340.0,35.0,341.6,348.8
61,29,19,17.93,18.14,2.1,52.0,54.0,330.0,35.0,332.1,340.7
61,30,20,18.74,18.9,1.6,53.0,55.0,330.0,35.0,331.6,342.6
61,31,20,18.56,18.62,0.6,53.0,54.0,330.0,34.0,330.6,344.4
61,32,20,18.37,18.34,-0.3,53.0,54.0,330.0,34.0,329.7,346.3
61,33,20,18.19,18.06,-1.3,53.0,54.0,330.0,34.0,328.7,348.1
61,34,21,19.0,18.77,-2.3,54.0,55.0,330.0,34.0,327.7,350.0
61,35,20,18.81,18.45,-3.6,53.0,55.0,330.0,35.0,326.4,341.9
61,36,20,18.63,18.08,-5.5,53.0,55.0,330.0,35.0,324.5,343.7
61,37,20,18.44,17.72,-7.2,53.0,54.0,330.0,34.0,322.8,345.6
61,38,21,19.26,18.35,-9.1,54.0,55.0,330.0,34.0,320.9,347.4
61,39,20,19.09,17.99,-11.0,54.0,55.0,340.0,35.0,329.0,349.1
61,40,20,18.96,17.65,-13.1,53.0,55.0,330.0,35.0,316.9,340.4
61,41,20,18.83,17.63,-12.0,53.0,55.0,330.0,35.0,318.0,341.7
61,42,20,18.7,17.62,-10.8,53.0,55.0,330.0,35.0,319.2,343.0
61,43,21,19.57,18.6,-9.7,54.0,55.0,330.0,34.0,320.3,344.3
61,44,21,19.44,18.58,-8.6,54.0,55.0,330.0,34.0,321.4,345.6
61,45,21,19.31,18.57,-7.4,54.0,55.0,330.0,34.0,322.6,346.9
61,46,20,19.18,18.55,-6.3,53.0,55.0,330.0,35.0,323.7,338.2
61,47,21,20.06,19.53,-5.3,54.0,56.0,330.0,35.0,324.7,339.4
61,48,21,19.98,19.46,-5.2,54.0,56.0,330.0,35.0,324.8,340.2
61,49,21,19.92,19.06,-8.6,54.0,55.0,330.0,34.0,321.4,340.8
62,0,19,17.86,16.62,-12.4,52.0,53.0,330.0,34.0,317.6,341.4
62,1,20,18.8,17.22,-15.8,53.0,54.0,330.0,34.0,314.2,342.0
62,2,20,18.74,16.82,-19.2,52.0,54.0,320.0,34.0,300.8,332.6
62,3,20,18.68,16.42,-22.6,52.0,54.0,320.0,34.0,297.4,333.2
62,4,23,18.62,16.02,-26.0,52.0,53.0,290.0,30.0,264.0,333.8
62,5,20,19.56,16.8,-27.6,53.0,54.0,330.0,34.0,302.4,334.4
62,6,20,19.23,16.68,-25.5,53.0,54.0,330.0,34.0,304.5,337.7
62,7,20,18.89,16.57,-23.2,53.0,54.0,330.0,34.0,306.8,341.1
62,8,20,18.56,16.45,-21.1,52.0,54.0,320.0,34.0,298.9,334.4
62,9,23,18.23,16.34,-18.9,52.0,54.0,290.0,31.0,271.1,337.7
62,10,24,18.89,17.22,-16.7,53.0,54.0,290.0,30.0,273.3,341.1
62,11,20,18.65,17.11,-15.4,53.0,54.0,330.0,34.0,314.6,343.5
62,12,20,18.65,16.98,-16.7,53.0,54.0,330.0,34.0,313.3,343.5
62,13,20,18.65,16.85,-18.0,52.0,54.0,320.0,34.0,302.0,333.5
62,14,21,19.65,17.72,-19.3,53.0,55.0,320.0,34.0,300.7,333.5
62,15,21,19.65,17.59,-20.6,53.0,55.0,320.0,34.0,299.4,333.5
62,16,21,19.61,17.46,-21.5,53.0,54.0,320.0,33.0,298.5,333.9
62,17,21,19.53,17.33,-22.0,53.0,54.0,320.0,33.0,298.0,334.7
62,18,22,20.45,17.99,-24.6,54.0,55.0,320.0,33.0,295.4,335.5
62,19,24,20.37,17.55,-28.2,53.0,55.0,290.0,31.0,261.8,326.3
62,20,21,20.29,17.11,-31.8,53.0,55.0,320.0,34.0,288.2,327.1
62,21,21,20.2,16.67,-35.3,53.0,54.0,320.0,33.0,284.7,328.0
62,22,22,20.97,17.28,-36.9,54.0,55.0,320.0,33.0,283.1,330.3
62,23,22,20.65,17.12,-35.3,54.0,55.0,320.0,33.0,284.7,333.5
62,24,21,20.34,16.97,-33.7,54.0,55.0,330.0,34.0,296.3,336.6
62,25,21,20.02,16.81,-32.1,53.0,55.0,320.0,34.0,287.9,329.8
62,26,22,20.7,17.66,-30.4,54.0,56.0,320.0,34.0,289.6,333.0
62,27,22,20.39,17.51,-28.8,54.0,55.0,320.0,33.0,291.2,336.1
62,28,22,20.09,17.29,-28.0,54.0,55.0,320.0,33.0,292.0,339.1
62,29,24,19.91,17.07,-28.4,54.0,55.0,300.0,31.0,271.6,340.9
62,30,24,19.74,16.85,-28.9,54.0,55.0,300.0,31.0,271.1,342.6
62,31,22,20.57,17.63,-29.4,54.0,56.0,320.0,34.0,290.6,334.3
62,32,22,20.39,17.41,-29.8,54.0,56.0,320.0,34.0,290.2,336.1
62,33,22,20.22,17.19,-30.3,54.0,55.0,320.0,33.0,289.7,337.8
62,34,22,20.04,16.97,-30.7,54.0,55.0,320.0,33.0,289.3,339.6
62,35,22,20.87,17.75,-31.2,55.0,56.0,330.0,34.0,298.8,341.3
62,36,22,20.69,17.53,-31.6,55.0,56.0,330.0,34.0,298.4,343.1
62,37,22,20.52,17.31,-32.1,54.0,56.0,320.0,34.0,287.9,334.8
62,38,22,20.35,17.09,-32.6,54.0,56.0,320.0,34.0,287.4,336.5
62,39,23,21.17,17.87,-33.0,55.0,56.0,320.0,33.0,287.0,338.3
62,40,22,21.0,17.49,-35.1,55.0,56.0,330.0,34.0,294.9,340.0
62,41,22,20.82,17.11,-37.1,55.0,56.0,330.0,34.0,292.9,341.8
62,42,22,20.65,16.73,-39.2,55.0,56.0,330.0,34.0,290.8,343.5
62,43,23,21.47,17.38,-40.9,55.0,57.0,320.0,34.0,279.1,335.3
62,44,22,21.3,17.2,-41.0,55.0,57.0,330.0,35.0,289.0,337.0
62,45,21,21.13,17.03,-41.0,55.0,56.0,340.0,35.0,299.0,338.7
62,46,22,20.95,16.85,-41.0,55.0,56.0,330.0,34.0,289.0,340.5
62,47,22,21.78,17.67,-41.1,56.0,57.0,340.0,35.0,298.9,342.2
62,48,22,21.6,17.49,-41.1,56.0,57.0,340.0,35.0,298.9,344.0
62,49,22,21.43,17.31,-41.2,55.0,57.0,330.0,35.0,288.8,335.7
63,0,25,20.34,16.22,-41.2,54.0,56.0,290.0,31.0,248.8,336.6
63,1,25,20.16,16.04,-41.2,54.0,55.0,290.0,30.0,248.8,338.4
63,2,22,20.99,16.86,-41.3,55.0,56.0,330.0,34.0,288.7,340.1
63,3,22,20.81,16.75,-40.6,55.0,56.0,330.0,34.0,289.4,341.9
63,4,22,20.64,16.69,-39.5,55.0,56.0,330.0,34.0,290.5,343.6
63,5,25,20.46,16.63,-38.3,54.0,56.0,290.0,31.0,251.7,335.4
63,6,25,20.29,16.57,-37.2,54.0,56.0,290.0,31.0,252.8,337.1
63,7,22,20.12,16.43,-36.9,54.0,55.0,320.0,33.0,283.1,338.8
63,8,22,20.94,16.98,-39.6,55.0,56.0,330.0,34.0,290.4,340.6
63,9,22,20.77,16.53,-42.4,55.0,56.0,330.0,34.0,287.6,342.3
63,10,22,20.59,16.08,-45.1,55.0,56.0,330.0,34.0,284.9,344.1
63,11,25,20.42,15.63,-47.9,54.0,56.0,290.0,31.0,242.1,335.8
63,12,25,20.24,15.18,-50.6,54.0,56.0,290.0,31.0,239.4,337.6
63,13,24,20.01,14.96,-50.5,54.0,55.0,300.0,31.0,249.5,339.9
63,14,25,20.73,15.77,-49.6,55.0,56.0,300.0,31.0,250.4,342.7
63,15,25,20.46,15.57,-48.9,55.0,56.0,300.0,31.0,251.1,345.4
63,16,25,20.18,15.38,-48.0,55.0,56.0,300.0,31.0,252.0,348.2
63,17,25,19.91,15.18,-47.3,54.0,56.0,290.0,31.0,242.7,340.9
63,18,25,19.63,14.99,-46.4,54.0,56.0,290.0,31.0,243.6,343.7
63,19,22,20.4,15.79,-46.1,55.0,56.0,330.0,34.0,283.9,346.0
63,20,22,20.28,15.6,-46.8,55.0,56.0,330.0,34.0,283.2,347.2
63,21,25,20.17,15.4,-47.7,55.0,56.0,300.0,31.0,252.3,348.3
63,22,25,20.05,15.21,-48.4,55.0,56.0,300.0,31.0,251.6,349.5
63,23,25,19.93,15.01,-49.2,54.0,56.0,290.0,31.0,240.8,340.7
63,24,25,19.82,14.82,-50.0,54.0,56.0,290.0,31.0,240.0,341.8
63,25,25,20.7,15.63,-50.7,55.0,56.0,300.0,31.0,249.3,343.0
63,26,25,20.58,15.43,-51.5,55.0,56.0,300.0,31.0,248.5,344.2
63,27,25,20.47,15.24,-52.3,55.0,56.0,300.0,31.0,247.7,345.3
63,28,22,20.35,15.11,-52.4,54.0,56.0,320.0,34.0,267.6,336.5
63,29,22,20.26,14.99,-52.7,54.0,56.0,320.0,34.0,267.3,337.4
63,30,25,21.17,15.87,-53.0,55.0,57.0,300.0,32.0,247.0,338.3
63,31,23,21.08,15.74,-53.4,55.0,56.0,320.0,33.0,266.6,339.2
63,32,23,21.0,15.62,-53.8,55.0,56.0,320.0,33.0,266.2,340.0
63,33,25,20.91,15.5,-54.1,55.0,56.0,300.0,31.0,245.9,340.9
63,34,25,20.82,15.38,-54.4,54.0,56.0,290.0,31.0,235.6,331.8
63,35,25,20.74,15.26,-54.8,54.0,56.0,290.0,31.0,235.2,332.6
63,36,25,21.6,16.13,-54.7,55.0,57.0,300.0,32.0,245.3,334.0
63,37,25,21.4,16.01,-53.9,55.0,56.0,300.0,31.0,246.1,336.0
63,38,25,21.2,15.89,-53.1,55.0,56.0,300.0,31.0,246.9,338.0
63,39,25,21.0,15.76,-52.4,55.0,56.0,300.0,31.0,247.6,340.0
63,40,25,20.8,15.54,-52.6,54.0,56.0,290.0,31.0,237.4,332.0
63,41,26,21.6,16.32,-52.8,55.0,57.0,290.0,31.0,237.2,334.0
63,42,23,21.39,16.09,-53.0,55.0,56.0,320.0,33.0,267.0,336.1
63,43,23,21.19,15.87,-53.2,55.0,56.0,320.0,33.0,266.8,338.1
63,44,25,20.99,15.65,-53.4,55.0,56.0,300.0,31.0,246.6,340.1
63,45,25,20.78,15.43,-53.5,55.0,56.0,300.0,31.0,246.5,342.2
63,46,25,20.58,15.21,-53.7,54.0,56.0,290.0,31.0,236.3,334.2
63,47,25,21.37,15.98,-53.9,55.0,57.0,300.0,32.0,246.1,336.3
63,48,25,21.17,15.76,-54.1,55.0,56.0,300.0,31.0,245.9,338.3
63,49,23,21.03,15.54,-54.9,55.0,56.0,320.0,33.0,265.1,339.7
64,0,26,24.13,17.85,-62.8,57.0,59.0,310.0,33.0,247.2,328.7
64,1,27,24.51,17.63,-68.8,57.0,59.0,300.0,32.0,231.2,324.9
64,2,28,25.84,18.41,-74.3,58.0,59.0,300.0,31.0,225.7,321.6
64,3,28,25.66,18.18,-74.8,58.0,59.0,300.0,31.0,225.2,323.4
64,4,28,25.48,17.96,-75.2,58.0,59.0,300.0,31.0,224.8,325.2
64,5,28,25.3,17.82,-74.8,57.0,59.0,290.0,31.0,215.2,317.0
64,6,28,25.12,17.69,-74.3,57.0,59.0,290.0,31.0,215.7,318.8
64,7,28,25.93,18.57,-73.6,58.0,59.0,300.0,31.0,226.4,320.7
64,8,28,25.75,18.44,-73.1,58.0,59.0,300.0,31.0,226.9,322.5
64,9,28,25.56,18.31,-72.5,58.0,59.0,300.0,31.0,227.5,324.4
64,10,28,25.22,18.18,-70.4,58.0,59.0,300.0,31.0,229.6,327.8
64,11,28,24.89,18.05,-68.4,57.0,59.0,290.0,31.0,221.6,321.1
64,12,29,25.56,18.92,-66.4,58.0,60.0,290.0,31.0,223.6,324.4
64,13,29,25.22,18.8,-64.2,58.0,59.0,290.0,30.0,225.8,327.8
64,14,26,24.89,18.67,-62.2,58.0,59.0,320.0,33.0,257.8,331.1
64,15,26,24.56,18.53,-60.3,58.0,59.0,320.0,33.0,259.7,334.4
64,16,28,24.22,18.39,-58.3,58.0,59.0,300.0,31.0,241.7,337.8
64,17,29,24.89,19.25,-56.4,58.0,60.0,290.0,31.0,233.6,331.1
64,18,29,24.56,19.1,-54.6,58.0,60.0,290.0,31.0,235.4,334.4
64,19,29,24.24,18.96,-52.8,58.0,59.0,290.0,30.0,237.2,337.6
64,20,26,24.06,18.82,-52.4,58.0,59.0,320.0,33.0,267.6,339.4
64,21,28,23.88,18.67,-52.1,58.0,59.0,300.0,31.0,247.9,341.2
64,22,29,24.7,19.53,-51.7,59.0,60.0,300.0,31.0,248.3,343.0
64,23,29,24.52,19.39,-51.3,58.0,60.0,290.0,31.0,238.7,334.8
64,24,29,24.34,19.22,-51.2,58.0,60.0,290.0,31.0,238.8,336.6
64,25,28,24.16,18.99,-51.7,58.0,59.0,300.0,31.0,248.3,338.4
64,26,28,23.98,18.75,-52.3,58.0,59.0,300.0,31.0,247.7,340.2
64,27,29,24.8,19.52,-52.8,59.0,60.0,300.0,31.0,247.2,342.0
64,28,29,24.63,19.29,-53.4,59.0,60.0,300.0,31.0,246.6,343.7
64,29,29,24.45,19.05,-54.0,58.0,60.0,290.0,31.0,236.0,335.5
64,30,28,24.3,18.82,-54.8,58.0,60.0,300.0,32.0,245.2,337.0
64,31,28,24.19,18.59,-56.0,58.0,59.0,300.0,31.0,244.0,338.1
64,32,29,25.08,19.36,-57.2,59.0,60.0,300.0,31.0,242.8,339.2
64,33,29,24.98,19.12,-58.6,59.0,60.0,300.0,31.0,241.4,340.2
64,34,29,24.87,18.89,-59.8,59.0,60.0,300.0,31.0,240.2,341.3
64,35,29,24.76,18.66,-61.0,58.0,60.0,290.0,31.0,229.0,332.4
64,36,29,24.65,18.42,-62.3,58.0,60.0,290.0,31.0,227.7,333.5
64,37,29,25.55,19.19,-63.6,59.0,60.0,300.0,31.0,236.4,334.5
64,38,29,25.44,18.96,-64.8,59.0,60.0,300.0,31.0,235.2,335.6
64,39,29,25.33,18.73,-66.0,59.0,60.0,300.0,31.0,234.0,336.7
64,40,29,25.21,18.76,-64.5,58.0,60.0,290.0,31.0,225.5,327.9
64,41,29,24.97,18.8,-61.7,58.0,60.0,290.0,31.0,228.3,330.3
64,42,29,25.74,19.84,-59.0,59.0,61.0,300.0,32.0,241.0,332.6
64,43,29,25.51,19.88,-56.3,59.0,60.0,300.0,31.0,243.7,334.9
64,44,29,25.28,19.92,-53.6,59.0,60.0,300.0,31.0,246.4,337.2
64,45,29,25.05,19.96,-50.9,59.0,60.0,300.0,31.0,249.1,339.5
64,46,29,24.82,19.82,-50.0,58.0,60.0,290.0,31.0,240.0,331.8
64,47,30,25.58,20.49,-50.9,59.0,61.0,290.0,31.0,239.1,334.2
64,48,27,25.35,20.16,-51.9,59.0,60.0,320.0,33.0,268.1,336.5
64,49,27,25.12,19.82,-53.0,59.0,60.0,320.0,33.0,267.0,338.8
65,0,34,29.47,24.06,-54.1,63.0,65.0,290.0,31.0,235.9,335.3
65,1,33,29.24,23.72,-55.2,63.0,65.0,300.0,32.0,244.8,337.6
65,2,33,29.0,23.39,-56.1,63.0,64.0,300.0,31.0,243.9,340.0
65,3,34,29.77,24.07,-57.0,64.0,65.0,300.0,31.0,243.0,342.3
65,4,34,29.54,24.21,-53.3,64.0,65.0,300.0,31.0,246.7,344.6
65,5,34,29.3,24.34,-49.6,63.0,65.0,290.0,31.0,240.4,337.0
65,6,34,29.03,24.47,-45.6,63.0,65.0,290.0,31.0,244.4,339.7
65,7,34,28.76,24.6,-41.6,63.0,65.0,290.0,31.0,248.4,342.4
65,8,34,29.49,25.73,-37.6,64.0,65.0,300.0,31.0,262.4,345.1
65,9,34,29.22,25.49,-37.3,64.0,65.0,300.0,31.0,262.7,347.8
65,10,34,28.95,25.26,-36.9,64.0,65.0,300.0,31.0,263.1,350.5
65,11,34,28.68,25.03,-36.5,63.0,65.0,290.0,31.0,253.5,343.2
65,12,34,28.42,24.79,-36.3,63.0,65.0,290.0,31.0,253.7,345.8
65,13,35,29.15,25.56,-35.9,64.0,66.0,290.0,31.0,254.1,348.5
65,14,35,28.88,25.32,-35.6,64.0,65.0,290.0,30.0,254.4,351.2
65,15,34,28.61,25.06,-35.5,64.0,65.0,300.0,31.0,264.5,353.9
65,16,34,28.34,24.78,-35.6,64.0,65.0,300.0,31.0,264.4,356.6
65,17,34,28.07,24.5,-35.7,63.0,65.0,290.0,31.0,254.3,349.3
65,18,35,28.8,25.22,-35.8,64.0,66.0,290.0,31.0,254.2,352.0
65,19,35,28.53,24.95,-35.8,64.0,65.0,290.0,30.0,254.2,354.7
65,20,35,28.4,24.67,-37.3,64.0,65.0,290.0,30.0,252.7,356.0
65,21,35,28.27,24.39,-38.8,64.0,65.0,290.0,30.0,251.2,357.3
65,22,35,28.14,24.12,-40.2,64.0,65.0,290.0,30.0,249.8,358.6
65,23,35,29.01,24.89,-41.2,64.0,66.0,290.0,31.0,248.8,349.9
65,24,35,28.88,24.87,-40.1,64.0,66.0,290.0,31.0,249.9,351.2
65,25,35,28.75,24.86,-38.9,64.0,65.0,290.0,30.0,251.1,352.5
65,26,35,28.61,24.84,-37.7,64.0,65.0,290.0,30.0,252.3,353.9
65,27,34,28.48,24.83,-36.5,64.0,65.0,300.0,31.0,263.5,355.2
65,28,35,29.35,25.81,-35.4,65.0,66.0,300.0,31.0,264.6,356.5
65,29,35,29.24,25.79,-34.5,64.0,66.0,290.0,31.0,255.5,347.6
65,30,35,29.16,25.78,-33.8,64.0,66.0,290.0,31.0,256.2,348.4
65,31,35,29.09,25.76,-33.3,64.0,65.0,290.0,30.0,256.7,349.1
65,32,35,30.01,26.47,-35.4,65.0,66.0,300.0,31.0,264.6,349.9
65,33,35,29.94,26.18,-37.6,65.0,66.0,300.0,31.0,262.4,350.6
65,34,32,29.86,25.88,-39.8,65.0,66.0,330.0,34.0,290.2,351.4
65,35,32,29.79,25.59,-42.0,64.0,66.0,320.0,34.0,278.0,342.1
65,36,35,29.71,25.29,-44.2,64.0,66.0,290.0,31.0,245.8,342.9
65,37,36,30.64,26.0,-46.4,65.0,66.0,290.0,30.0,243.6,343.6
65,38,36,30.29,25.68,-46.1,65.0,66.0,290.0,30.0,243.9,347.1
65,39,36,29.93,25.3,-46.3,65.0,66.0,290.0,30.0,243.7,350.7
65,40,35,29.56,24.91,-46.5,64.0,66.0,290.0,31.0,243.5,344.4
65,41,35,29.2,24.53,-46.7,64.0,66.0,290.0,31.0,243.3,348.0
65,42,36,29.84,25.14,-47.0,65.0,67.0,290.0,31.0,243.0,351.6
65,43,36,29.6,24.76,-48.4,65.0,66.0,290.0,30.0,241.6,354.0
65,44,36,29.42,24.37,-50.5,65.0,66.0,290.0,30.0,239.5,355.8
65,45,36,29.24,24.02,-52.2,65.0,66.0,290.0,30.0,237.8,357.6
65,46,35,29.06,23.71,-53.5,64.0,66.0,290.0,31.0,236.5,349.4
65,47,36,29.88,24.4,-54.8,65.0,67.0,290.0,31.0,235.2,351.2
65,48,36,29.7,24.09,-56.1,65.0,67.0,290.0,31.0,233.9,353.0
65,49,36,29.48,23.78,-57.0,65.0,66.0,290.0,30.0,233.0,355.2
66,0,36,30.23,24.47,-57.6,66.0,67.0,300.0,31.0,242.4,357.7
66,1,36,29.96,24.16,-58.0,66.0,67.0,300.0,31.0,242.0,360.4
66,2,36,29.69,23.85,-58.4,65.0,67.0,290.0,31.0,231.6,353.1
66,3,36,29.43,23.61,-58.2,65.0,67.0,290.0,31.0,231.8,355.7
66,4,37,30.16,24.36,-58.0,66.0,68.0,290.0,31.0,232.0,358.4
66,5,37,29.93,24.12,-58.1,66.0,67.0,290.0,30.0,231.9,360.7
66,6,37,29.81,23.87,-59.4,66.0,67.0,290.0,30.0,230.6,361.9
66,7,37,29.69,23.63,-60.6,66.0,67.0,290.0,30.0,229.4,363.1
66,8,36,29.57,23.38,-61.9,65.0,67.0,290.0,31.0,228.1,354.3
66,9,37,30.44,24.13,-63.1,66.0,68.0,290.0,31.0,226.9,355.6
66,10,37,30.32,24.11,-62.1,66.0,68.0,290.0,31.0,227.9,356.8
66,11,37,30.2,24.08,-61.2,66.0,67.0,290.0,30.0,228.8,358.0
66,12,37,30.08,24.06,-60.2,66.0,67.0,290.0,30.0,229.8,359.2
66,13,37,29.97,24.03,-59.4,66.0,67.0,290.0,30.0,230.6,360.3
66,14,37,29.89,24.01,-58.8,65.0,67.0,280.0,30.0,221.2,351.1
66,15,38,30.81,24.95,-58.6,66.0,68.0,280.0,30.0,221.4,351.9
66,16,37,30.72,24.88,-58.4,66.0,67.0,290.0,30.0,231.6,352.8
66,17,37,30.64,24.81,-58.3,66.0,67.0,290.0,30.0,231.7,353.6
66,18,37,30.56,24.75,-58.1,66.0,67.0,290.0,30.0,231.9,354.4
66,19,37,30.47,24.68,-57.9,66.0,67.0,290.0,30.0,232.1,355.3
66,20,37,31.39,25.61,-57.8,66.0,68.0,290.0,31.0,232.2,346.1
66,21,37,31.14,25.68,-54.6,66.0,68.0,290.0,31.0,235.4,348.6
66,22,37,30.87,25.76,-51.1,66.0,67.0,290.0,30.0,238.9,351.3
66,23,37,30.6,25.85,-47.5,66.0,67.0,290.0,30.0,242.5,354.0
66,24,37,30.33,25.94,-43.9,66.0,67.0,290.0,30.0,246.1,356.7
66,25,38,31.05,27.02,-40.3,67.0,68.0,290.0,30.0,249.7,359.5
66,26,38,30.78,27.11,-36.7,66.0,68.0,280.0,30.0,243.3,352.2
66,27,37,30.51,27.2,-33.1,66.0,68.0,290.0,31.0,256.9,354.9
66,28,37,30.33,27.29,-30.4,66.0,67.0,290.0,30.0,259.6,356.7
66,29,37,30.36,27.37,-29.9,66.0,67.0,290.0,30.0,260.1,356.4
66,30,37,30.4,27.05,-33.5,66.0,67.0,290.0,30.0,256.5,356.0
66,31,37,31.44,27.58,-38.6,67.0,68.0,300.0,31.0,261.4,355.6
66,32,37,31.47,27.24,-42.3,66.0,68.0,290.0,31.0,247.7,345.3
66,33,37,31.51,27.05,-44.6,66.0,68.0,290.0,31.0,245.4,344.9
66,34,37,31.55,26.86,-46.9,66.0,67.0,290.0,30.0,243.1,344.5
66,35,37,31.58,26.67,-49.1,66.0,67.0,290.0,30.0,240.9,344.2
66,36,38,32.62,27.48,-51.4,67.0,68.0,290.0,30.0,238.6,343.8
66,37,37,32.43,27.29,-51.4,66.0,68.0,290.0,31.0,238.6,335.7
66,38,37,32.04,27.1,-49.4,66.0,68.0,290.0,31.0,240.6,339.6
66,39,37,31.66,26.91,-47.5,66.0,68.0,290.0,31.0,242.5,343.4
66,40,37,31.28,26.72,-45.6,66.0,67.0,290.0,30.0,244.4,347.2
66,41,38,31.9,27.53,-43.7,67.0,68.0,290.0,30.0,246.3,351.0
66,42,38,31.53,27.33,-42.0,67.0,68.0,290.0,30.0,248.0,354.7
66,43,37,31.25,26.78,-44.7,66.0,68.0,290.0,31.0,245.3,347.5
66,44,37,30.97,26.23,-47.4,66.0,68.0,290.0,31.0,242.6,350.3
66,45,37,30.69,25.68,-50.1,66.0,68.0,290.0,31.0,239.9,353.1
66,46,37,30.41,25.12,-52.9,66.0,67.0,290.0,30.0,237.1,355.9
66,47,38,31.13,25.57,-55.6,67.0,68.0,290.0,30.0,234.4,358.7
66,48,38,30.85,25.02,-58.3,67.0,68.0,290.0,30.0,231.7,361.5
66,49,37,30.58,24.65,-59.3,66.0,68.0,290.0,31.0,230.7,354.2
67,0,34,27.27,21.39,-58.8,63.0,65.0,290.0,31.0,231.2,357.3
67,1,34,26.99,21.16,-58.3,63.0,64.0,290.0,30.0,231.7,360.1
67,2,34,26.71,20.92,-57.9,63.0,64.0,290.0,30.0,232.1,362.9
67,3,33,26.43,20.69,-57.4,63.0,64.0,300.0,31.0,242.6,365.7
67,4,34,27.15,21.45,-57.0,64.0,65.0,300.0,31.0,243.0,368.5
67,5,34,26.87,21.22,-56.5,63.0,65.0,290.0,31.0,233.5,361.3
67,6,34,26.59,20.98,-56.1,63.0,65.0,290.0,31.0,233.9,364.1
67,7,34,26.31,20.75,-55.6,63.0,64.0,290.0,30.0,234.4,366.9
67,8,34,27.03,21.51,-55.2,64.0,65.0,300.0,31.0,244.8,369.7
67,9,34,26.76,21.28,-54.8,64.0,65.0,300.0,31.0,245.2,372.4
67,10,34,26.48,21.04,-54.4,64.0,65.0,300.0,31.0,245.6,375.2
67,11,35,27.2,21.81,-53.9,64.0,66.0,290.0,31.0,236.1,368.0
67,12,35,26.92,21.57,-53.5,64.0,66.0,290.0,31.0,236.5,370.8
67,13,34,26.64,21.34,-53.0,64.0,65.0,300.0,31.0,247.0,373.6
67,14,34,26.36,21.1,-52.6,64.0,65.0,300.0,31.0,247.4,376.4
67,15,34,27.08,21.87,-52.1,65.0,66.0,310.0,32.0,257.9,379.2
67,16,35,26.8,21.63,-51.7,65.0,66.0,300.0,31.0,248.3,382.0
67,17,35,26.52,21.4,-51.2,64.0,66.0,290.0,31.0,238.8,374.8
67,18,35,26.24,21.16,-50.8,64.0,66.0,290.0,31.0,239.2,377.6
67,19,35,26.96,21.81,-51.5,65.0,66.0,300.0,31.0,248.5,380.4
67,20,35,26.68,21.45,-52.3,65.0,66.0,300.0,31.0,247.7,383.2
67,21,35,26.41,21.09,-53.2,65.0,66.0,300.0,31.0,246.8,385.9
67,22,36,27.13,21.73,-54.0,65.0,67.0,290.0,31.0,236.0,378.7
67,23,36,26.85,21.37,-54.8,65.0,67.0,290.0,31.0,235.2,381.5
67,24,36,26.55,21.01,-55.4,65.0,67.0,290.0,31.0,234.6,384.5
67,25,35,26.25,20.65,-56.0,65.0,66.0,300.0,31.0,244.0,387.5
67,26,36,26.95,21.29,-56.6,66.0,67.0,300.0,31.0,243.4,390.5
67,27,36,26.66,20.93,-57.3,66.0,67.0,300.0,31.0,242.7,393.4
67,28,35,26.36,20.58,-57.8,66.0,67.0,310.0,32.0,252.2,396.4
67,29,36,27.06,21.47,-55.9,67.0,68.0,310.0,32.0,254.1,399.4
67,30,36,26.76,21.37,-53.9,67.0,68.0,310.0,32.0,256.1,402.4
67,31,35,26.47,21.26,-52.1,66.0,68.0,310.0,33.0,257.9,395.3
67,32,35,26.17,21.16,-50.1,66.0,68.0,310.0,33.0,259.9,398.3
67,33,36,26.87,22.06,-48.1,67.0,69.0,310.0,33.0,261.9,401.3
67,34,36,26.57,21.95,-46.2,67.0,68.0,310.0,32.0,263.8,404.3
67,35,35,26.28,21.85,-44.3,67.0,68.0,320.0,33.0,275.7,407.2
67,36,35,25.98,21.74,-42.4,67.0,68.0,320.0,33.0,277.6,410.2
67,37,36,26.7,22.64,-40.6,68.0,69.0,320.0,33.0,279.4,413.0
67,38,35,26.44,22.54,-39.0,68.0,69.0,330.0,34.0,291.0,415.6
67,39,35,26.18,22.45,-37.3,68.0,69.0,330.0,34.0,292.7,418.2
67,40,36,26.92,23.37,-35.5,69.0,70.0,330.0,34.0,294.5,420.8
67,41,35,26.66,23.28,-33.8,69.0,70.0,340.0,35.0,306.2,423.4
67,42,35,26.4,23.2,-32.0,69.0,70.0,340.0,35.0,308.0,426.0
67,43,35,26.13,23.1,-30.3,69.0,70.0,340.0,35.0,309.7,428.7
67,44,36,26.87,23.78,-30.9,70.0,72.0,340.0,36.0,309.1,431.3
67,45,35,26.61,23.47,-31.4,70.0,72.0,350.0,37.0,318.6,433.9
67,46,35,26.35,23.15,-32.0,70.0,72.0,350.0,37.0,318.0,436.5
67,47,35,26.03,22.83,-32.0,71.0,72.0,360.0,37.0,328.0,449.7
67,48,35,26.59,23.52,-30.7,72.0,73.0,370.0,38.0,339.3,454.1
67,49,35,26.15,23.2,-29.5,72.0,73.0,370.0,38.0,340.5,458.5
68,0,26,26.82,24.02,-28.0,73.0,74.0,470.0,48.0,442.0,461.8
68,1,28,26.38,23.74,-26.4,73.0,74.0,450.0,46.0,423.6,466.2
68,2,27,25.93,23.55,-23.8,73.0,75.0,460.0,48.0,436.2,470.7
68,3,27,25.49,23.36,-21.3,73.0,75.0,460.0,48.0,438.7,475.1
68,4,28,26.22,24.17,-20.5,75.0,76.0,470.0,48.0,449.5,487.8
68,5,26,26.03,23.98,-20.5,75.0,76.0,490.0,50.0,469.5,489.7
68,6,26,25.85,23.79,-20.6,75.0,76.0,490.0,50.0,469.4,491.5
68,7,25,25.66,23.59,-20.7,75.0,76.0,500.0,51.0,479.3,493.4
68,8,25,25.47,23.4,-20.7,75.0,77.0,500.0,52.0,479.3,495.3
68,9,26,26.28,24.21,-20.7,76.0,78.0,500.0,52.0,479.3,497.2
68,10,25,26.09,24.02,-20.7,77.0,78.0,520.0,53.0,499.3,509.1
68,11,26,25.9,23.9,-20.0,77.0,78.0,510.0,52.0,490.0,511.0
68,12,26,25.71,23.82,-18.9,77.0,78.0,510.0,52.0,491.1,512.9
68,13,26,26.45,24.73,-17.2,78.0,79.0,520.0,53.0,502.8,515.5
68,14,26,26.12,24.65,-14.7,78.0,80.0,520.0,54.0,505.3,518.8
68,15,26,25.79,24.57,-12.2,78.0,80.0,520.0,54.0,507.8,522.1
68,16,26,25.46,23.99,-14.7,78.0,80.0,520.0,54.0,505.3,525.4
68,17,26,26.13,24.36,-17.7,80.0,81.0,540.0,55.0,522.3,538.7
68,18,26,25.8,24.01,-17.9,80.0,81.0,540.0,55.0,522.1,542.0
68,19,23,25.48,23.73,-17.5,80.0,81.0,570.0,58.0,552.5,545.2
68,20,26,25.15,23.45,-17.0,80.0,81.0,540.0,55.0,523.0,548.5
68,21,26,24.82,23.16,-16.6,80.0,82.0,540.0,56.0,523.4,551.8
68,22,26,25.49,23.88,-16.1,81.0,83.0,550.0,57.0,533.9,555.1
68,23,26,25.16,23.69,-14.7,81.0,83.0,550.0,57.0,535.3,558.4
68,24,26,24.83,23.54,-12.9,82.0,83.0,560.0,57.0,547.1,571.7
68,25,26,24.5,23.39,-11.1,82.0,83.0,560.0,57.0,548.9,575.0
68,26,26,25.45,24.24,-12.1,83.0,84.0,570.0,58.0,557.9,575.5
68,27,26,25.41,24.09,-13.2,83.0,84.0,570.0,58.0,556.8,575.9
68,28,26,25.38,23.95,-14.3,83.0,84.0,570.0,58.0,555.7,576.2
68,29,26,25.34,23.8,-15.4,83.0,84.0,570.0,58.0,554.6,576.6
68,30,27,26.31,24.65,-16.6,84.0,85.0,570.0,58.0,553.4,576.9
68,31,27,26.27,24.5,-17.7,84.0,85.0,570.0,58.0,552.3,577.3
68,32,26,26.23,24.35,-18.8,84.0,85.0,580.0,59.0,561.2,577.7
68,33,26,26.2,24.21,-19.9,84.0,85.0,580.0,59.0,560.1,578.0
68,34,27,27.14,24.98,-21.6,85.0,86.0,580.0,59.0,558.4,578.6
68,35,27,26.78,24.74,-20.4,85.0,86.0,580.0,59.0,559.6,582.2
68,36,27,26.41,24.51,-19.0,85.0,86.0,580.0,59.0,561.0,585.9
68,37,23,26.04,24.27,-17.7,85.0,86.0,620.0,63.0,602.3,589.6
68,38,27,25.67,24.05,-16.2,85.0,86.0,580.0,59.0,563.8,593.3
68,39,27,26.3,24.85,-14.5,86.0,87.0,590.0,60.0,575.5,597.0
68,40,27,25.94,24.65,-12.9,86.0,87.0,590.0,60.0,577.1,600.6
68,41,27,25.61,24.45,-11.6,85.0,87.0,580.0,60.0,568.4,593.9
68,42,26,25.29,24.25,-10.4,85.0,87.0,590.0,61.0,579.6,597.1
68,43,27,25.97,25.05,-9.2,86.0,87.0,590.0,60.0,580.8,600.3
68,44,27,25.64,24.85,-7.9,86.0,87.0,590.0,60.0,582.1,603.6
68,45,27,25.32,24.65,-6.7,86.0,87.0,590.0,60.0,583.3,606.8
68,46,27,25.0,24.45,-5.5,85.0,87.0,580.0,60.0,574.5,600.0
68,47,27,25.68,25.25,-4.3,86.0,87.0,590.0,60.0,585.7,603.2
68,48,27,25.35,25.04,-3.1,86.0,87.0,590.0,60.0,586.9,606.5
68,49,26,25.03,24.84,-1.9,85.0,87.0,590.0,61.0,588.1,599.7
69,0,23,21.65,21.57,-0.8,82.0,84.0,590.0,61.0,589.2,603.5
69,1,23,21.4,21.36,-0.4,82.0,83.0,590.0,60.0,589.6,606.0
69,2,23,21.15,21.16,0.1,81.0,83.0,580.0,60.0,580.1,598.5
69,3,23,20.9,20.95,0.5,81.0,83.0,580.0,60.0,580.5,601.0
69,4,20,21.65,21.75,1.0,82.0,83.0,620.0,63.0,621.0,603.5
69,5,22,21.4,21.54,1.4,82.0,83.0,600.0,61.0,601.4,606.0
69,6,23,21.15,21.34,1.9,81.0,83.0,580.0,60.0,581.9,598.5
69,7,23,20.9,21.13,2.3,81.0,83.0,580.0,60.0,582.3,601.0
69,8,23,20.65,20.93,2.8,81.0,82.0,580.0,59.0,582.8,603.5
69,9,22,20.4,20.72,3.2,80.0,82.0,580.0,60.0,583.2,596.0
69,10,22,20.15,20.51,3.6,80.0,82.0,580.0,60.0,583.6,598.5
69,11,23,20.9,21.32,4.2,81.0,82.0,580.0,59.0,584.2,601.0
69,12,23,20.65,21.14,4.9,81.0,82.0,580.0,59.0,584.9,603.5
69,13,22,20.38,20.97,5.9,80.0,82.0,580.0,60.0,585.9,596.2
69,14,22,20.11,20.8,6.9,80.0,82.0,580.0,60.0,586.9,598.9
69,15,22,19.84,20.62,7.8,80.0,81.0,580.0,59.0,587.8,601.6
69,16,22,19.57,20.45,8.8,79.0,81.0,570.0,59.0,578.8,594.3
69,17,22,19.39,20.27,8.8,79.0,81.0,570.0,59.0,578.8,596.1
69,18,23,20.24,21.1,8.6,80.0,81.0,570.0,58.0,578.6,597.6
69,19,23,20.1,20.92,8.2,80.0,81.0,570.0,58.0,578.2,599.0
69,20,23,19.96,20.75,7.9,79.0,81.0,560.0,58.0,567.9,590.4
69,21,22,19.82,20.57,7.5,79.0,81.0,570.0,59.0,577.5,591.8
69,22,22,19.67,20.4,7.3,79.0,80.0,570.0,58.0,577.3,593.3
69,23,22,19.53,20.15,6.2,78.0,80.0,560.0,58.0,566.2,584.7
69,24,25,19.39,19.89,5.0,78.0,80.0,530.0,55.0,535.0,586.1
69,25,22,20.24,20.63,3.9,79.0,80.0,570.0,58.0,573.9,587.6
69,26,22,20.02,20.37,3.5,79.0,80.0,570.0,58.0,573.5,589.8
69,27,22,19.76,20.11,3.5,78.0,80.0,560.0,58.0,563.5,582.4
69,28,25,19.51,19.85,3.4,78.0,80.0,530.0,55.0,533.4,584.9
69,29,21,19.25,19.6,3.5,78.0,79.0,570.0,58.0,573.5,587.5
69,30,21,18.99,19.39,4.0,77.0,79.0,560.0,58.0,564.0,580.1
69,31,21,18.74,19.18,4.4,77.0,79.0,560.0,58.0,564.4,582.6
69,32,22,19.48,19.96,4.8,78.0,79.0,560.0,57.0,564.8,585.2
69,33,21,19.23,19.75,5.2,78.0,79.0,570.0,58.0,575.2,587.7
69,34,25,18.97,19.54,5.7,77.0,79.0,520.0,54.0,525.7,580.3
69,35,25,18.72,19.32,6.0,77.0,79.0,520.0,54.0,526.0,582.8
69,36,25,18.46,19.11,6.5,77.0,78.0,520.0,53.0,526.5,585.4
69,37,24,18.21,18.9,6.9,76.0,78.0,520.0,54.0,526.9,577.9
69,38,24,17.95,18.69,7.4,76.0,78.0,520.0,54.0,527.4,580.5
69,39,25,18.69,19.47,7.8,77.0,78.0,520.0,53.0,527.8,583.1
69,40,21,18.49,19.26,7.7,76.0,78.0,550.0,57.0,557.7,575.1
69,41,21,18.34,19.05,7.1,76.0,78.0,550.0,57.0,557.1,576.6
69,42,24,18.18,18.86,6.8,76.0,77.0,520.0,53.0,526.8,578.2
69,43,24,18.03,18.68,6.5,75.0,77.0,510.0,53.0,516.5,569.7
69,44,24,17.88,18.5,6.2,75.0,77.0,510.0,53.0,516.2,571.2
69,45,20,17.73,18.31,5.8,74.0,76.0,540.0,56.0,545.8,562.7
69,46,24,18.58,19.13,5.5,75.0,77.0,510.0,53.0,515.5,564.2
69,47,24,18.42,18.95,5.3,75.0,76.0,510.0,52.0,515.3,565.8
69,48,24,18.27,18.77,5.0,74.0,76.0,500.0,52.0,505.0,557.3
69,49,20,18.12,18.58,4.6,74.0,76.0,540.0,56.0,544.6,558.8
70,0,12,10.01,10.43,4.2,65.0,67.0,530.0,55.0,534.2,549.9
70,1,15,9.86,10.24,3.8,65.0,67.0,500.0,52.0,503.8,551.4
70,2,15,9.7,10.06,3.6,64.0,66.0,490.0,51.0,493.6,543.0
70,3,15,9.55,9.88,3.3,64.0,66.0,490.0,51.0,493.3,544.5
70,4,11,9.4,9.7,3.0,64.0,65.0,530.0,54.0,533.0,546.0
70,5,12,10.25,10.51,2.6,64.0,66.0,520.0,54.0,522.6,537.5
70,6,11,10.1,10.31,2.1,64.0,65.0,530.0,54.0,532.1,539.0
70,7,15,9.94,10.12,1.8,63.0,65.0,480.0,50.0,481.8,530.6
70,8,15,9.68,9.93,2.5,63.0,65.0,480.0,50.0,482.5,533.2
70,9,11,9.43,9.73,3.0,63.0,64.0,520.0,53.0,523.0,535.7
70,10,14,9.18,9.54,3.6,62.0,64.0,480.0,50.0,483.6,528.2
70,11,15,9.92,10.35,4.3,63.0,64.0,480.0,49.0,484.3,530.8
70,12,15,9.67,10.15,4.8,62.0,64.0,470.0,49.0,474.8,523.3
70,13,15,9.41,9.96,5.5,62.0,64.0,470.0,49.0,475.5,525.9
70,14,14,9.16,9.77,6.1,61.0,63.0,470.0,49.0,476.1,518.4
70,15,14,8.91,9.57,6.6,61.0,63.0,470.0,49.0,476.6,520.9
70,16,14,8.65,9.38,7.3,61.0,62.0,470.0,48.0,477.3,523.5
70,17,15,9.41,10.18,7.7,61.0,63.0,460.0,48.0,467.7,515.9
70,18,15,9.27,9.94,6.7,61.0,62.0,460.0,47.0,466.7,517.3
70,19,11,9.13,9.7,5.7,60.0,62.0,490.0,51.0,495.7,508.7
70,20,14,8.99,9.47,4.8,60.0,62.0,460.0,48.0,464.8,510.1
70,21,14,8.84,9.23,3.9,59.0,61.0,450.0,47.0,453.9,501.6
70,22,14,8.7,9.0,3.0,59.0,61.0,450.0,47.0,453.0,503.0
70,23,11,9.56,9.83,2.7,60.0,61.0,490.0,50.0,492.7,504.4
70,24,11,9.42,9.66,2.4,59.0,61.0,480.0,50.0,482.4,495.8
70,25,14,9.28,9.48,2.0,59.0,60.0,450.0,46.0,452.0,497.2
70,26,14,9.14,9.31,1.7,58.0,60.0,440.0,46.0,441.7,488.6
70,27,14,9.0,9.13,1.3,58.0,60.0,440.0,46.0,441.3,490.0
70,28,14,8.86,8.96,1.0,57.0,59.0,430.0,45.0,431.0,481.4
70,29,11,9.67,9.79,1.2,58.0,60.0,470.0,49.0,471.2,483.3
70,30,11,9.48,9.61,1.3,58.0,59.0,470.0,48.0,471.3,485.2
70,31,14,9.29,9.44,1.5,57.0,59.0,430.0,45.0,431.5,477.1
70,32,14,9.1,9.26,1.6,57.0,58.0,430.0,44.0,431.6,479.0
70,33,14,8.9,9.09,1.9,56.0,58.0,420.0,44.0,421.9,471.0
70,34,14,8.71,8.92,2.1,56.0,58.0,420.0,44.0,422.1,472.9
70,35,11,9.52,9.74,2.2,56.0,58.0,450.0,47.0,452.2,464.8
70,36,11,9.32,9.57,2.5,56.0,58.0,450.0,47.0,452.5,466.8
70,37,11,9.13,9.4,2.7,56.0,57.0,450.0,46.0,452.7,468.7
70,38,11,8.94,9.22,2.8,55.0,57.0,440.0,46.0,442.8,460.6
70,39,14,8.74,9.05,3.1,55.0,56.0,410.0,42.0,413.1,462.6
70,40,14,8.55,8.87,3.2,54.0,56.0,400.0,42.0,403.2,454.5
70,41,11,9.36,9.7,3.4,55.0,57.0,440.0,46.0,443.4,456.4
70,42,11,9.16,9.53,3.7,54.0,56.0,430.0,45.0,433.7,448.4
70,43,14,8.98,9.35,3.7,54.0,56.0,400.0,42.0,403.7,450.2
70,44,14,8.79,9.18,3.9,54.0,55.0,400.0,41.0,403.9,452.1
70,45,14,8.61,9.0,3.9,53.0,55.0,390.0,41.0,393.9,443.9
70,46,14,8.43,8.83,4.0,53.0,54.0,390.0,40.0,394.0,445.7
70,47,11,9.24,9.66,4.2,53.0,55.0,420.0,44.0,424.2,437.6
70,48,11,9.06,9.48,4.2,53.0,55.0,420.0,44.0,424.2,439.4
70,49,14,8.87,9.31,4.4,52.0,54.0,380.0,40.0,384.4,431.3
71,0,15,9.75,10.2,4.5,53.0,55.0,380.0,40.0,384.5,432.5
71,1,15,9.57,10.03,4.6,53.0,54.0,380.0,39.0,384.6,434.3
71,2,15,9.38,9.85,4.7,52.0,54.0,370.0,39.0,374.7,426.2
71,3,14,9.2,9.68,4.8,52.0,54.0,380.0,40.0,384.8,428.0
71,4,14,9.01,9.5,4.9,52.0,53.0,380.0,39.0,384.9,429.9
71,5,15,9.82,10.33,5.1,52.0,54.0,370.0,39.0,375.1,421.8
71,6,15,9.62,10.16,5.4,52.0,54.0,370.0,39.0,375.4,423.8
71,7,15,9.42,9.98,5.6,52.0,53.0,370.0,38.0,375.6,425.8
71,8,15,9.23,9.81,5.8,52.0,53.0,370.0,38.0,375.8,427.7
71,9,15,9.03,9.61,5.8,52.0,53.0,370.0,38.0,375.8,429.7
71,10,14,8.83,9.41,5.8,51.0,53.0,370.0,39.0,375.8,421.7
71,11,15,9.63,10.21,5.8,52.0,54.0,370.0,39.0,375.8,423.7
71,12,15,9.44,10.01,5.7,52.0,53.0,370.0,38.0,375.7,425.6
71,13,15,9.24,9.81,5.7,52.0,53.0,370.0,38.0,375.7,427.6
71,14,15,9.04,9.62,5.8,52.0,53.0,370.0,38.0,375.8,429.6
71,15,15,8.84,9.44,6.0,52.0,53.0,370.0,38.0,376.0,431.6
71,16,15,8.65,9.26,6.1,51.0,53.0,360.0,38.0,366.1,423.5
71,17,15,9.45,10.08,6.3,52.0,54.0,370.0,39.0,376.3,425.5
71,18,15,9.25,9.9,6.5,52.0,54.0,370.0,39.0,376.5,427.5
71,19,15,9.05,9.72,6.7,52.0,53.0,370.0,38.0,376.7,429.5
71,20,15,8.86,9.54,6.8,52.0,53.0,370.0,38.0,376.8,431.4
71,21,15,8.66,9.36,7.0,52.0,53.0,370.0,38.0,377.0,433.4
71,22,14,8.46,9.17,7.1,52.0,53.0,380.0,39.0,387.1,435.4
71,23,15,9.26,9.99,7.3,53.0,54.0,380.0,39.0,387.3,437.4
71,24,15,9.07,9.81,7.4,53.0,54.0,380.0,39.0,387.4,439.3
71,25,15,8.87,9.63,7.6,53.0,54.0,380.0,39.0,387.6,441.3
71,26,15,8.67,9.45,7.8,53.0,54.0,380.0,39.0,387.8,443.3
71,27,14,8.48,9.27,7.9,53.0,54.0,390.0,40.0,397.9,445.2
71,28,14,8.28,9.09,8.1,53.0,55.0,390.0,41.0,398.1,447.2
71,29,15,9.19,9.91,7.2,54.0,56.0,390.0,41.0,397.2,448.1
71,30,15,9.13,9.73,6.0,54.0,56.0,390.0,41.0,396.0,448.7
71,31,15,9.06,9.55,4.9,54.0,56.0,390.0,41.0,394.9,449.4
71,32,15,8.99,9.37,3.8,54.0,56.0,390.0,41.0,393.8,450.1
71,33,15,8.9,9.18,2.8,54.0,56.0,390.0,41.0,392.8,451.0
71,34,14,8.57,9.0,4.3,54.0,56.0,400.0,42.0,404.3,454.3
71,35,15,9.25,9.82,5.7,55.0,57.0,400.0,42.0,405.7,457.5
71,36,15,8.92,9.64,7.2,55.0,57.0,400.0,42.0,407.2,460.8
71,37,15,8.59,9.46,8.7,55.0,57.0,400.0,42.0,408.7,464.1
71,38,15,8.26,9.28,10.2,55.0,57.0,400.0,42.0,410.2,467.4
71,39,15,7.94,9.1,11.6,55.0,57.0,400.0,42.0,411.6,470.6
71,40,14,7.61,8.92,13.1,55.0,57.0,410.0,43.0,423.1,473.9
71,41,15,8.28,9.74,14.6,57.0,58.0,420.0,43.0,434.6,487.2
71,42,15,7.95,9.58,16.3,57.0,58.0,420.0,43.0,436.3,490.5
71,43,15,8.02,9.43,14.1,57.0,58.0,420.0,43.0,434.1,489.8
71,44,15,8.13,9.28,11.5,57.0,58.0,420.0,43.0,431.5,488.7
71,45,14,8.25,9.14,8.9,57.0,58.0,430.0,44.0,438.9,487.5
71,46,14,8.36,8.99,6.3,57.0,58.0,430.0,44.0,436.3,486.4
71,47,15,9.47,9.84,3.7,58.0,59.0,430.0,44.0,433.7,485.3
71,48,15,9.41,9.69,2.8,58.0,59.0,430.0,44.0,432.8,485.9
71,49,15,9.0,9.54,5.4,58.0,59.0,430.0,44.0,435.4,490.0
72,0,15,8.55,9.38,8.3,58.0,59.0,430.0,44.0,438.3,494.5
72,1,15,8.14,9.23,10.9,58.0,59.0,430.0,44.0,440.9,498.6
72,2,15,8.73,10.08,13.5,59.0,60.0,440.0,45.0,453.5,502.7
72,3,15,8.32,9.93,16.1,59.0,60.0,440.0,45.0,456.1,506.8
72,4,15,8.15,9.8,16.5,59.0,60.0,440.0,45.0,456.5,508.5
72,5,15,7.98,9.7,17.2,59.0,60.0,440.0,45.0,457.2,510.2
72,6,14,7.82,9.6,17.8,59.0,60.0,450.0,46.0,467.8,511.8
72,7,14,7.65,9.5,18.5,59.0,60.0,450.0,46.0,468.5,513.5
72,8,14,7.48,9.4,19.2,59.0,60.0,450.0,46.0,469.2,515.2
72,9,15,8.31,10.3,19.9,60.0,61.0,450.0,46.0,469.9,516.9
72,10,15,8.14,10.2,20.6,60.0,61.0,450.0,46.0,470.6,518.6
72,11,15,7.97,10.1,21.3,60.0,61.0,450.0,46.0,471.3,520.3
72,12,15,7.8,10.0,22.0,60.0,61.0,450.0,46.0,472.0,522.0
72,13,15,7.63,9.9,22.7,60.0,61.0,450.0,46.0,472.7,523.7
72,14,14,7.46,9.79,23.3,60.0,61.0,460.0,47.0,483.3,525.4
72,15,14,7.42,9.69,22.7,60.0,61.0,460.0,47.0,482.7,525.8
72,16,14,7.42,9.59,21.7,60.0,61.0,460.0,47.0,481.7,525.8
72,17,15,8.42,10.49,20.7,61.0,62.0,460.0,47.0,480.7,525.8
72,18,15,8.42,10.39,19.7,61.0,62.0,460.0,47.0,479.7,525.8
72,19,15,8.39,10.29,19.0,61.0,62.0,460.0,47.0,479.0,526.1
72,20,15,8.19,10.2,20.1,61.0,62.0,460.0,47.0,480.1,528.1
72,21,15,7.98,10.12,21.4,61.0,62.0,460.0,47.0,481.4,530.2
72,22,14,7.77,10.03,22.6,61.0,62.0,470.0,48.0,492.6,532.3
72,23,14,7.57,9.95,23.8,61.0,62.0,470.0,48.0,493.8,534.3
72,24,15,8.36,10.87,25.1,62.0,63.0,470.0,48.0,495.1,536.4
72,25,15,8.16,10.78,26.2,62.0,63.0,470.0,48.0,496.2,538.4
72,26,15,7.95,10.7,27.5,62.0,63.0,470.0,48.0,497.5,540.5
72,27,15,7.75,10.61,28.6,62.0,63.0,470.0,48.0,498.6,542.5
72,28,15,7.54,10.53,29.9,62.0,63.0,470.0,48.0,499.9,544.6
72,29,15,7.34,10.45,31.1,62.0,63.0,470.0,48.0,501.1,546.6
72,30,14,7.13,10.36,32.3,62.0,63.0,480.0,49.0,512.3,548.7
72,31,15,7.93,11.28,33.5,63.0,64.0,480.0,49.0,513.5,550.7
72,32,15,7.73,11.19,34.6,63.0,64.0,480.0,49.0,514.6,552.7
72,33,15,7.53,11.11,35.8,63.0,64.0,480.0,49.0,515.8,554.7
72,34,15,7.33,11.03,37.0,63.0,64.0,480.0,49.0,517.0,556.7
72,35,15,7.13,10.94,38.1,63.0,64.0,480.0,49.0,518.1,558.7
72,36,15,6.93,10.86,39.3,63.0,64.0,480.0,49.0,519.3,560.7
72,37,14,6.73,10.74,40.1,63.0,64.0,490.0,50.0,530.1,562.7
72,38,14,6.53,10.57,40.4,63.0,64.0,490.0,50.0,530.4,564.7
72,39,15,7.33,11.41,40.8,64.0,65.0,490.0,50.0,530.8,566.7
72,40,15,7.13,11.24,41.1,64.0,65.0,490.0,50.0,531.1,568.7
72,41,15,6.99,11.07,40.8,64.0,65.0,490.0,50.0,530.8,570.1
72,42,15,6.86,10.91,40.5,64.0,65.0,490.0,50.0,530.5,571.4
72,43,15,6.72,10.74,40.2,64.0,65.0,490.0,50.0,530.2,572.8
72,44,15,6.58,10.57,39.9,64.0,66.0,490.0,51.0,529.9,574.2
72,45,15,6.44,10.41,39.7,64.0,66.0,490.0,51.0,529.7,575.6
72,46,16,7.3,11.24,39.4,65.0,67.0,490.0,51.0,529.4,577.0
72,47,15,7.17,11.15,39.8,65.0,67.0,500.0,52.0,539.8,578.3
72,48,15,7.03,11.06,40.3,65.0,67.0,500.0,52.0,540.3,579.7
72,49,15,6.89,10.98,40.9,65.0,67.0,500.0,52.0,540.9,581.1
73,0,15,6.74,10.89,41.5,65.0,67.0,500.0,52.0,541.5,582.6
73,1,15,6.6,10.81,42.1,65.0,67.0,500.0,52.0,542.1,584.0
73,2,16,7.46,11.72,42.6,66.0,68.0,500.0,52.0,542.6,585.4
73,3,16,7.32,11.64,43.2,66.0,68.0,500.0,52.0,543.2,586.8
73,4,15,7.24,11.56,43.2,66.0,68.0,510.0,53.0,553.2,587.6
73,5,15,7.26,11.47,42.1,66.0,68.0,510.0,53.0,552.1,587.4
73,6,15,7.28,11.39,41.1,66.0,68.0,510.0,53.0,551.1,587.2
73,7,15,7.3,11.3,40.0,66.0,68.0,510.0,53.0,550.0,587.0
73,8,15,7.32,11.22,39.0,66.0,68.0,510.0,53.0,549.0,586.8
73,9,16,8.34,12.13,37.9,67.0,69.0,510.0,53.0,547.9,586.6
73,10,16,8.36,12.04,36.8,67.0,69.0,510.0,53.0,546.8,586.4
73,11,16,8.38,11.96,35.8,67.0,69.0,510.0,53.0,545.8,586.2
73,12,16,8.28,11.87,35.9,67.0,69.0,510.0,53.0,545.9,587.2
73,13,15,8.01,11.78,37.7,67.0,69.0,520.0,54.0,557.7,589.9
73,14,15,7.74,11.72,39.8,68.0,69.0,530.0,54.0,569.8,602.6
73,15,15,7.46,11.65,41.9,68.0,69.0,530.0,54.0,571.9,605.4
73,16,15,7.19,11.59,44.0,68.0,69.0,530.0,54.0,574.0,608.1
73,17,16,7.92,12.53,46.1,69.0,70.0,530.0,54.0,576.1,610.8
73,18,15,7.65,12.47,48.2,69.0,70.0,540.0,55.0,588.2,613.5
73,19,15,7.37,12.4,50.3,69.0,70.0,540.0,55.0,590.3,616.3
73,20,14,7.1,12.34,52.4,69.0,70.0,550.0,56.0,602.4,619.0
73,21,14,6.83,12.28,54.5,69.0,70.0,550.0,56.0,604.5,621.7
73,22,14,6.56,12.22,56.6,69.0,70.0,550.0,56.0,606.6,624.4
73,23,14,6.66,12.15,54.9,69.0,70.0,550.0,56.0,604.9,623.4
73,24,16,7.79,13.11,53.2,70.0,71.0,540.0,55.0,593.2,622.1
73,25,16,7.93,13.17,52.4,70.0,71.0,540.0,55.0,592.4,620.7
73,26,15,8.06,13.22,51.6,70.0,71.0,550.0,56.0,601.6,619.4
73,27,16,8.2,13.27,50.7,70.0,71.0,540.0,55.0,590.7,618.0
73,28,15,8.33,13.32,49.9,70.0,71.0,550.0,56.0,599.9,616.7
73,29,16,8.46,13.36,49.0,70.0,71.0,540.0,55.0,589.0,615.4
73,30,15,8.6,13.32,47.2,70.0,71.0,550.0,56.0,597.2,614.0
73,31,16,9.4,14.28,48.8,71.0,72.0,550.0,56.0,598.8,616.0
73,32,16,9.02,14.24,52.2,71.0,72.0,550.0,56.0,602.2,619.8
73,33,16,8.65,14.2,55.5,71.0,72.0,550.0,56.0,605.5,623.5
73,34,16,8.27,14.16,58.9,71.0,72.0,550.0,56.0,608.9,627.3
73,35,16,8.11,14.12,60.1,71.0,72.0,550.0,56.0,610.1,628.9
73,36,16,7.99,14.08,60.9,71.0,72.0,550.0,56.0,610.9,630.1
73,37,16,7.86,14.04,61.8,71.0,72.0,550.0,56.0,611.8,631.4
73,38,15,7.74,14.0,62.6,71.0,72.0,560.0,57.0,622.6,632.6
73,39,16,8.62,14.91,62.9,72.0,73.0,560.0,57.0,622.9,633.8
73,40,16,8.49,14.74,62.5,72.0,73.0,560.0,57.0,622.5,635.1
73,41,16,8.37,14.57,62.0,72.0,73.0,560.0,57.0,622.0,636.3
73,42,16,8.25,14.4,61.5,72.0,73.0,560.0,57.0,621.5,637.5
73,43,16,8.12,14.23,61.1,72.0,73.0,560.0,57.0,621.1,638.8
73,44,16,8.0,14.06,60.6,72.0,73.0,560.0,57.0,620.6,640.0
73,45,15,7.88,13.85,59.7,72.0,73.0,570.0,58.0,629.7,641.2
73,46,16,8.78,14.45,56.7,73.0,74.0,570.0,58.0,626.7,642.2
73,47,16,8.75,14.05,53.0,73.0,74.0,570.0,58.0,623.0,642.5
73,48,16,8.73,13.65,49.2,73.0,74.0,570.0,58.0,619.2,642.7
73,49,16,8.7,13.33,46.3,73.0,74.0,570.0,58.0,616.3,643.0
74,0,26,19.67,24.38,47.1,84.0,85.0,580.0,59.0,627.1,643.3
74,1,26,19.65,24.41,47.6,84.0,85.0,580.0,59.0,627.6,643.5
74,2,26,19.62,24.45,48.3,84.0,85.0,580.0,59.0,628.3,643.8
74,3,26,19.59,24.48,48.9,84.0,85.0,580.0,59.0,628.9,644.1
74,4,26,19.57,24.52,49.5,84.0,85.0,580.0,59.0,629.5,644.3
74,5,26,19.54,24.55,50.1,84.0,85.0,580.0,59.0,630.1,644.6
74,6,26,19.52,24.59,50.7,84.0,85.0,580.0,59.0,630.7,644.8
74,7,26,19.49,24.45,49.6,84.0,85.0,580.0,59.0,629.6,645.1
74,8,27,20.47,25.31,48.4,85.0,86.0,580.0,59.0,628.4,645.3
74,9,27,20.47,25.17,47.0,85.0,86.0,580.0,59.0,627.0,645.3
74,10,26,20.47,25.03,45.6,85.0,86.0,590.0,60.0,635.6,645.3
74,11,26,20.47,24.89,44.2,85.0,86.0,590.0,60.0,634.2,645.3
74,12,26,20.47,24.74,42.7,85.0,86.0,590.0,60.0,632.7,645.3
74,13,26,20.43,24.6,41.7,85.0,86.0,590.0,60.0,631.7,645.7
74,14,26,20.36,24.46,41.0,85.0,86.0,590.0,60.0,631.0,646.4
74,15,26,20.29,24.32,40.3,85.0,86.0,590.0,60.0,630.3,647.1
74,16,26,20.22,24.18,39.6,85.0,86.0,590.0,60.0,629.6,647.8
74,17,26,20.15,24.04,38.9,85.0,86.0,590.0,60.0,628.9,648.5
74,18,25,20.08,23.9,38.2,85.0,86.0,600.0,61.0,638.2,649.2
74,19,25,20.01,23.76,37.5,85.0,86.0,600.0,61.0,637.5,649.9
74,20,25,20.03,23.61,35.8,85.0,86.0,600.0,61.0,635.8,649.7
74,21,25,20.08,23.47,33.9,85.0,86.0,600.0,61.0,633.9,649.2
74,22,25,20.13,23.33,32.0,85.0,86.0,600.0,61.0,632.0,648.7
74,23,25,20.18,23.19,30.1,85.0,86.0,600.0,61.0,630.1,648.2
74,24,25,20.23,23.05,28.2,85.0,86.0,600.0,61.0,628.2,647.7
74,25,26,21.28,23.91,26.3,86.0,87.0,600.0,61.0,626.3,647.2
74,26,26,21.33,23.77,24.4,86.0,87.0,600.0,61.0,624.4,646.7
74,27,25,21.38,23.63,22.5,86.0,87.0,610.0,62.0,632.5,646.2
74,28,25,21.43,23.48,20.5,85.0,87.0,600.0,62.0,620.5,635.7
74,29,25,21.48,23.34,18.6,85.0,87.0,600.0,62.0,618.6,635.2
74,30,25,21.53,23.22,16.9,85.0,87.0,600.0,62.0,616.9,634.7
74,31,25,21.58,23.12,15.4,85.0,86.0,600.0,61.0,615.4,634.2
74,32,25,21.63,23.01,13.8,85.0,86.0,600.0,61.0,613.8,633.7
74,33,25,21.68,22.91,12.3,85.0,86.0,600.0,61.0,612.3,633.2
74,34,25,21.73,22.8,10.7,85.0,86.0,600.0,61.0,610.7,632.7
74,35,24,21.78,22.7,9.2,84.0,86.0,600.0,62.0,609.2,622.2
74,36,24,21.72,22.59,8.7,84.0,86.0,600.0,62.0,608.7,622.8
74,37,24,21.64,22.49,8.5,84.0,85.0,600.0,61.0,608.5,623.6
74,38,24,21.56,22.44,8.8,84.0,85.0,600.0,61.0,608.8,624.4
74,39,24,21.48,22.39,9.1,84.0,85.0,600.0,61.0,609.1,625.2
74,40,24,21.39,22.35,9.6,83.0,85.0,590.0,61.0,599.6,616.1
74,41,25,22.31,23.3,9.9,84.0,86.0,590.0,61.0,599.9,616.9
74,42,25,22.23,23.25,10.2,84.0,85.0,590.0,60.0,600.2,617.7
74,43,25,22.15,23.2,10.5,84.0,85.0,590.0,60.0,600.5,618.5
74,44,25,22.07,23.16,10.9,83.0,85.0,580.0,60.0,590.9,609.3
74,45,25,21.98,23.11,11.3,83.0,85.0,580.0,60.0,591.3,610.2
74,46,26,21.9,23.06,11.6,83.0,84.0,570.0,58.0,581.6,611.0
74,47,25,21.82,23.02,12.0,83.0,84.0,580.0,59.0,592.0,611.8
74,48,24,21.74,22.97,12.3,82.0,84.0,580.0,60.0,592.3,602.6
74,49,24,21.67,22.92,12.5,82.0,84.0,580.0,60.0,592.5,603.3
75,0,22,19.58,20.87,12.9,80.0,81.0,580.0,59.0,592.9,604.2
75,1,22,19.51,20.82,13.1,80.0,81.0,580.0,59.0,593.1,604.9
75,2,22,19.43,20.77,13.4,79.0,81.0,570.0,59.0,583.4,595.7
75,3,23,20.36,21.73,13.7,80.0,82.0,570.0,59.0,583.7,596.4
75,4,23,20.28,21.66,13.8,80.0,81.0,570.0,58.0,583.8,597.2
75,5,23,20.2,21.56,13.6,80.0,81.0,570.0,58.0,583.6,598.0
75,6,23,20.13,21.46,13.3,79.0,81.0,560.0,58.0,573.3,588.7
75,7,23,20.05,21.36,13.1,79.0,81.0,560.0,58.0,573.1,589.5
75,8,23,19.98,21.26,12.8,79.0,80.0,560.0,57.0,572.8,590.2
75,9,22,19.9,21.15,12.5,79.0,80.0,570.0,58.0,582.5,591.0
75,10,22,19.82,21.05,12.3,78.0,80.0,560.0,58.0,572.3,581.8
75,11,22,19.75,20.95,12.0,78.0,80.0,560.0,58.0,572.0,582.5
75,12,22,19.75,20.83,10.8,78.0,79.0,560.0,57.0,570.8,582.5
75,13,22,19.78,20.69,9.1,78.0,79.0,560.0,57.0,569.1,582.2
75,14,22,19.82,20.55,7.3,77.0,79.0,550.0,57.0,557.3,571.8
75,15,22,19.85,20.41,5.6,77.0,79.0,550.0,57.0,555.6,571.5
75,16,23,20.89,21.27,3.8,78.0,79.0,550.0,56.0,553.8,571.1
75,17,23,20.93,21.13,2.0,78.0,79.0,550.0,56.0,552.0,570.7
75,18,23,20.96,20.98,0.2,77.0,79.0,540.0,56.0,540.2,560.4
75,19,23,21.0,20.84,-1.6,77.0,79.0,540.0,56.0,538.4,560.0
75,20,23,21.03,20.71,-3.2,77.0,78.0,540.0,55.0,536.8,559.7
75,21,23,20.94,20.68,-2.6,77.0,78.0,540.0,55.0,537.4,560.6
75,22,23,20.82,20.66,-1.6,76.0,78.0,530.0,55.0,528.4,551.8
75,23,23,20.7,20.63,-0.7,76.0,78.0,530.0,55.0,529.3,553.0
75,24,23,20.58,20.61,0.3,76.0,77.0,530.0,54.0,530.3,554.2
75,25,22,20.46,20.58,1.2,76.0,77.0,540.0,55.0,541.2,555.4
75,26,23,20.33,20.56,2.3,75.0,77.0,520.0,54.0,522.3,546.7
75,27,23,20.22,20.55,3.3,75.0,77.0,520.0,54.0,523.3,547.8
75,28,23,20.13,20.53,4.0,75.0,76.0,520.0,53.0,524.0,548.7
75,29,22,20.04,20.52,4.8,75.0,76.0,530.0,54.0,534.8,549.6
75,30,23,20.96,21.5,5.4,75.0,77.0,520.0,54.0,525.4,540.4
75,31,23,20.87,21.48,6.1,75.0,77.0,520.0,54.0,526.1,541.3
75,32,23,20.78,21.47,6.9,75.0,76.0,520.0,53.0,526.9,542.2
75,33,23,20.69,21.45,7.6,75.0,76.0,520.0,53.0,527.6,543.1
75,34,23,20.6,21.34,7.4,75.0,76.0,520.0,53.0,527.4,544.0
75,35,23,20.51,21.22,7.1,75.0,76.0,520.0,53.0,527.1,544.9
75,36,23,20.42,21.1,6.8,74.0,76.0,510.0,53.0,516.8,535.8
75,37,23,20.34,20.98,6.4,74.0,76.0,510.0,53.0,516.4,536.6
75,38,22,20.25,20.85,6.0,74.0,76.0,520.0,54.0,526.0,537.5
75,39,22,20.16,20.73,5.7,74.0,75.0,520.0,53.0,525.7,538.4
75,40,22,20.12,20.61,4.9,74.0,75.0,520.0,53.0,524.9,538.8
75,41,22,20.09,20.48,3.9,74.0,75.0,520.0,53.0,523.9,539.1
75,42,22,20.07,20.37,3.0,74.0,75.0,520.0,53.0,523.0,539.3
75,43,23,21.04,21.31,2.7,75.0,76.0,520.0,53.0,522.7,539.6
75,44,23,21.02,21.25,2.3,75.0,76.0,520.0,53.0,522.3,539.8
75,45,23,21.0,21.19,1.9,74.0,76.0,510.0,53.0,511.9,530.0
75,46,23,20.97,21.13,1.6,74.0,76.0,510.0,53.0,511.6,530.3
75,47,23,20.95,21.07,1.2,74.0,76.0,510.0,53.0,511.2,530.5
75,48,23,20.92,21.01,0.9,74.0,75.0,510.0,52.0,510.9,530.8
75,49,23,20.9,20.9,0.0,74.0,75.0,510.0,52.0,510.0,531.0
76,0,18,15.87,15.77,-1.0,69.0,70.0,510.0,52.0,509.0,531.3
76,1,18,15.85,15.64,-2.1,69.0,70.0,510.0,52.0,507.9,531.5
76,2,17,15.82,15.52,-3.0,69.0,70.0,520.0,53.0,517.0,531.8
76,3,17,15.77,15.4,-3.7,69.0,70.0,520.0,53.0,516.3,532.3
76,4,18,16.71,16.28,-4.3,70.0,71.0,520.0,53.0,515.7,532.9
76,5,18,16.65,16.14,-5.1,69.0,71.0,510.0,53.0,504.9,523.5
76,6,18,16.59,15.99,-6.0,69.0,71.0,510.0,53.0,504.0,524.1
76,7,18,16.53,15.84,-6.9,69.0,70.0,510.0,52.0,503.1,524.7
76,8,18,16.52,15.69,-8.3,69.0,70.0,510.0,52.0,501.7,524.8
76,9,18,16.55,15.54,-10.1,69.0,70.0,510.0,52.0,499.9,524.5
76,10,18,16.58,15.64,-9.4,69.0,70.0,510.0,52.0,500.6,524.2
76,11,19,16.62,15.74,-8.8,69.0,70.0,500.0,51.0,491.2,523.8
76,12,18,16.65,15.84,-8.1,69.0,70.0,510.0,52.0,501.9,523.5
76,13,18,16.64,15.93,-7.1,69.0,70.0,510.0,52.0,502.9,523.6
76,14,19,17.61,16.89,-7.2,69.0,71.0,500.0,52.0,492.8,513.9
76,15,19,17.58,16.86,-7.2,69.0,71.0,500.0,52.0,492.8,514.2
76,16,19,17.54,16.82,-7.2,69.0,71.0,500.0,52.0,492.8,514.6
76,17,19,17.51,16.78,-7.3,69.0,70.0,500.0,51.0,492.7,514.9
76,18,19,17.48,16.74,-7.4,69.0,70.0,500.0,51.0,492.6,515.2
76,19,19,17.45,16.7,-7.5,69.0,70.0,500.0,51.0,492.5,515.5
76,20,19,17.42,16.69,-7.3,69.0,70.0,500.0,51.0,492.7,515.8
76,21,19,17.39,16.8,-5.9,69.0,70.0,500.0,51.0,494.1,516.1
76,22,19,17.36,16.92,-4.4,69.0,70.0,500.0,51.0,495.6,516.4
76,23,19,17.32,17.03,-2.9,68.0,70.0,490.0,51.0,487.1,506.8
76,24,20,18.29,18.15,-1.4,69.0,71.0,490.0,51.0,488.6,507.1
76,25,20,18.26,18.27,0.1,69.0,71.0,490.0,51.0,490.1,507.4
76,26,20,18.23,18.27,0.4,69.0,71.0,490.0,51.0,490.4,507.7
76,27,20,18.2,18.14,-0.6,69.0,71.0,490.0,51.0,489.4,508.0
76,28,20,18.17,18.01,-1.6,69.0,70.0,490.0,50.0,488.4,508.3
76,29,20,18.13,17.88,-2.5,69.0,70.0,490.0,50.0,487.5,508.7
76,30,20,18.1,17.75,-3.5,69.0,70.0,490.0,50.0,486.5,509.0
76,31,19,18.07,17.62,-4.5,69.0,70.0,500.0,51.0,495.5,509.3
76,32,19,18.04,17.49,-5.5,69.0,70.0,500.0,51.0,494.5,509.6
76,33,19,17.94,17.36,-5.8,69.0,70.0,500.0,51.0,494.2,510.6
76,34,20,18.77,18.23,-5.4,70.0,71.0,500.0,51.0,494.6,512.3
76,35,20,18.6,18.1,-5.0,70.0,71.0,500.0,51.0,495.0,514.0
76,36,20,18.43,17.97,-4.6,70.0,71.0,500.0,51.0,495.4,515.7
76,37,20,18.26,17.83,-4.3,70.0,71.0,500.0,51.0,495.7,517.4
76,38,20,18.09,17.7,-3.9,70.0,71.0,500.0,51.0,496.1,519.1
76,39,20,17.93,17.57,-3.6,70.0,71.0,500.0,51.0,496.4,520.7
76,40,19,17.76,17.44,-3.2,70.0,71.0,510.0,52.0,506.8,522.4
76,41,19,17.59,17.33,-2.6,70.0,71.0,510.0,52.0,507.4,524.1
76,42,19,17.42,17.27,-1.5,70.0,71.0,510.0,52.0,508.5,525.8
76,43,19,17.25,17.21,-0.4,70.0,71.0,510.0,52.0,509.6,527.5
76,44,20,18.13,18.15,0.2,71.0,72.0,510.0,52.0,510.2,528.7
76,45,20,18.17,18.09,-0.8,71.0,72.0,510.0,52.0,509.2,528.3
76,46,20,18.21,18.03,-1.8,71.0,72.0,510.0,52.0,508.2,527.9
76,47,20,18.25,17.97,-2.8,71.0,72.0,510.0,52.0,507.2,527.5
76,48,20,18.3,17.94,-3.6,71.0,72.0,510.0,52.0,506.4,527.0
76,49,20,18.34,17.91,-4.3,71.0,72.0,510.0,52.0,505.7,526.6
77,0,20,18.38,17.89,-4.9,71.0,72.0,510.0,52.0,505.1,526.2
77,1,20,18.42,17.87,-5.5,71.0,72.0,510.0,52.0,504.5,525.8
77,2,20,18.46,17.85,-6.1,71.0,72.0,510.0,52.0,503.9,525.4
77,3,20,18.5,17.83,-6.7,71.0,72.0,510.0,52.0,503.3,525.0
77,4,20,18.55,17.81,-7.4,71.0,72.0,510.0,52.0,502.6,524.5
77,5,20,18.59,17.79,-8.0,71.0,72.0,510.0,52.0,502.0,524.1
77,6,20,18.55,17.77,-7.8,71.0,72.0,510.0,52.0,502.2,524.5
77,7,20,18.5,17.75,-7.5,71.0,72.0,510.0,52.0,502.5,525.0
77,8,20,18.45,17.73,-7.2,71.0,72.0,510.0,52.0,502.8,525.5
77,9,20,18.39,17.71,-6.8,71.0,72.0,510.0,52.0,503.2,526.1
77,10,20,18.34,17.69,-6.5,71.0,72.0,510.0,52.0,503.5,526.6
77,11,20,18.29,17.63,-6.6,71.0,72.0,510.0,52.0,503.4,527.1
77,12,20,18.23,17.58,-6.5,71.0,72.0,510.0,52.0,503.5,527.7
77,13,20,18.18,17.52,-6.6,71.0,72.0,510.0,52.0,503.4,528.2
77,14,19,18.12,17.47,-6.5,71.0,72.0,520.0,53.0,513.5,528.8
77,15,19,18.0,17.41,-5.9,71.0,72.0,520.0,53.0,514.1,530.0
77,16,19,17.88,17.35,-5.3,71.0,72.0,520.0,53.0,514.7,531.2
77,17,19,17.75,17.3,-4.5,71.0,72.0,520.0,53.0,515.5,532.5
77,18,18,16.62,16.2,-4.2,70.0,71.0,520.0,53.0,515.8,533.8
77,19,18,16.49,16.09,-4.0,70.0,71.0,520.0,53.0,516.0,535.1
77,20,18,16.36,15.98,-3.8,70.0,71.0,520.0,53.0,516.2,536.4
77,21,17,16.24,15.87,-3.7,70.0,71.0,530.0,54.0,526.3,537.6
77,22,17,16.11,15.76,-3.5,70.0,71.0,530.0,54.0,526.5,538.9
77,23,17,15.98,15.65,-3.3,70.0,71.0,530.0,54.0,526.7,540.2
77,24,17,15.85,15.54,-3.1,70.0,71.0,530.0,54.0,526.9,541.5
77,25,17,15.73,15.43,-3.0,70.0,71.0,530.0,54.0,527.0,542.7
77,26,17,15.6,15.32,-2.8,70.0,71.0,530.0,54.0,527.2,544.0
77,27,17,15.47,15.21,-2.6,70.0,71.0,530.0,54.0,527.4,545.3
77,28,17,15.34,15.1,-2.4,70.0,71.0,530.0,54.0,527.6,546.6
77,29,17,15.22,14.99,-2.3,70.0,71.0,530.0,54.0,527.7,547.8
77,30,17,15.06,14.96,-1.0,70.0,71.0,530.0,54.0,529.0,549.4
77,31,16,14.91,14.96,0.5,70.0,71.0,540.0,55.0,540.5,550.9
77,32,16,14.75,14.82,0.7,70.0,71.0,540.0,55.0,540.7,552.5
77,33,16,14.6,14.64,0.4,70.0,71.0,540.0,55.0,540.4,554.0
77,34,16,14.44,14.45,0.1,70.0,71.0,540.0,55.0,540.1,555.6
77,35,16,14.29,14.27,-0.2,70.0,71.0,540.0,55.0,539.8,557.1
77,36,15,14.13,14.08,-0.5,70.0,71.0,550.0,56.0,549.5,558.7
77,37,15,13.98,13.9,-0.8,70.0,71.0,550.0,56.0,549.2,560.2
77,38,15,13.82,13.71,-1.1,70.0,71.0,550.0,56.0,548.9,561.8
77,39,15,13.67,13.53,-1.4,70.0,71.0,550.0,56.0,548.6,563.3
77,40,15,13.51,13.38,-1.3,70.0,71.0,550.0,56.0,548.7,564.9
77,41,15,13.37,13.41,0.4,70.0,71.0,550.0,56.0,550.4,566.3
77,42,14,13.24,13.44,2.0,70.0,71.0,560.0,57.0,562.0,567.6
77,43,14,13.11,13.47,3.6,70.0,71.0,560.0,57.0,563.6,568.9
77,44,14,12.98,13.5,5.2,70.0,71.0,560.0,57.0,565.2,570.2
77,45,14,12.84,13.53,6.9,70.0,71.0,560.0,57.0,566.9,571.6
77,46,14,12.71,13.56,8.5,70.0,71.0,560.0,57.0,568.5,572.9
77,47,14,12.58,13.58,10.0,70.0,71.0,560.0,57.0,570.0,574.2
77,48,14,12.45,13.61,11.6,70.0,71.0,560.0,57.0,571.6,575.5
77,49,14,12.32,13.64,13.2,70.0,71.0,560.0,57.0,573.2,576.8
78,0,15,13.17,14.54,13.7,71.0,72.0,560.0,57.0,573.7,578.3
78,1,14,13.04,14.44,14.0,71.0,72.0,570.0,58.0,584.0,579.6
78,2,14,12.91,14.35,14.4,71.0,72.0,570.0,58.0,584.4,580.9
78,3,14,12.77,14.26,14.9,71.0,72.0,570.0,58.0,584.9,582.3
78,4,14,12.64,14.16,15.2,71.0,72.0,570.0,58.0,585.2,583.6
78,5,14,12.51,14.13,16.2,71.0,72.0,570.0,58.0,586.2,584.9
78,6,14,12.38,14.18,18.0,71.0,72.0,570.0,58.0,588.0,586.2
78,7,14,12.24,14.22,19.8,71.0,72.0,570.0,58.0,589.8,587.6
78,8,14,12.11,14.27,21.6,71.0,72.0,570.0,58.0,591.6,588.9
78,9,14,11.98,14.31,23.3,71.0,72.0,570.0,58.0,593.3,590.2
78,10,13,10.93,13.36,24.3,70.0,71.0,570.0,58.0,594.3,590.7
78,11,14,10.93,13.41,24.8,69.0,71.0,550.0,57.0,574.8,580.7
78,12,14,10.93,13.45,25.2,69.0,71.0,550.0,57.0,575.2,580.7
78,13,14,10.93,13.5,25.7,69.0,71.0,550.0,57.0,575.7,580.7
78,14,14,10.93,13.49,25.6,69.0,71.0,550.0,57.0,575.6,580.7
78,15,14,10.93,13.47,25.4,69.0,71.0,550.0,57.0,575.4,580.7
78,16,14,10.93,13.45,25.2,69.0,71.0,550.0,57.0,575.2,580.7
78,17,14,10.93,13.43,25.0,69.0,71.0,550.0,57.0,575.0,580.7
78,18,14,10.93,13.41,24.8,69.0,71.0,550.0,57.0,574.8,580.7
78,19,14,10.93,13.39,24.6,69.0,71.0,550.0,57.0,574.6,580.7
78,20,14,10.99,13.33,23.4,69.0,71.0,550.0,57.0,573.4,580.1
78,21,14,11.04,13.24,22.0,69.0,71.0,550.0,57.0,572.0,579.6
78,22,14,11.1,13.16,20.6,69.0,71.0,550.0,57.0,570.6,579.0
78,23,14,11.16,13.07,19.1,69.0,71.0,550.0,57.0,569.1,578.4
78,24,14,11.21,12.98,17.7,69.0,71.0,550.0,57.0,567.7,577.9
78,25,14,11.23,13.05,18.2,69.0,71.0,550.0,57.0,568.2,577.7
78,26,14,11.2,13.13,19.3,69.0,71.0,550.0,57.0,569.3,578.0
78,27,13,11.16,13.2,20.4,69.0,71.0,560.0,58.0,580.4,578.4
78,28,13,10.13,12.27,21.4,68.0,70.0,550.0,57.0,571.4,578.7
78,29,13,10.09,12.34,22.5,68.0,70.0,550.0,57.0,572.5,579.1
78,30,13,10.06,12.42,23.6,68.0,70.0,550.0,57.0,573.6,579.4
78,31,13,10.02,12.49,24.7,68.0,70.0,550.0,57.0,574.7,579.8
78,32,14,9.99,12.56,25.7,68.0,70.0,540.0,56.0,565.7,580.1
78,33,14,9.95,12.63,26.8,68.0,70.0,540.0,56.0,566.8,580.5
78,34,13,9.95,12.56,26.1,68.0,70.0,550.0,57.0,576.1,580.5
78,35,14,10.02,12.47,24.5,68.0,70.0,540.0,56.0,564.5,579.8
78,36,14,10.1,12.38,22.8,68.0,70.0,540.0,56.0,562.8,579.0
78,37,14,10.17,12.29,21.2,68.0,70.0,540.0,56.0,561.2,578.3
78,38,14,10.24,12.33,20.9,68.0,70.0,540.0,56.0,560.9,577.6
78,39,14,10.31,12.49,21.8,68.0,70.0,540.0,56.0,561.8,576.9
78,40,14,10.39,12.64,22.5,68.0,70.0,540.0,56.0,562.5,576.1
78,41,13,10.46,12.8,23.4,68.0,69.0,550.0,56.0,573.4,575.4
78,42,13,10.53,12.96,24.3,68.0,69.0,550.0,56.0,574.3,574.7
78,43,15,10.6,13.12,25.2,68.0,69.0,530.0,54.0,555.2,574.0
78,44,14,10.67,13.28,26.1,68.0,69.0,540.0,55.0,566.1,573.3
78,45,14,10.75,13.44,26.9,68.0,69.0,540.0,55.0,566.9,572.5
78,46,13,9.82,12.6,27.8,67.0,68.0,540.0,55.0,567.8,571.8
78,47,12,9.89,12.69,28.0,67.0,68.0,550.0,56.0,578.0,571.1
78,48,12,9.95,12.66,27.1,67.0,68.0,550.0,56.0,577.1,570.5
78,49,13,10.01,12.64,26.3,67.0,68.0,540.0,55.0,566.3,569.9
79,0,10,7.07,9.61,25.4,64.0,65.0,540.0,55.0,565.4,569.3
79,1,10,7.13,9.58,24.5,64.0,65.0,540.0,55.0,564.5,568.7
79,2,10,7.19,9.56,23.7,64.0,66.0,540.0,56.0,563.7,568.1
79,3,8,7.24,9.53,22.9,64.0,66.0,560.0,58.0,582.9,567.6
79,4,7,6.3,8.51,22.1,63.0,65.0,560.0,58.0,582.1,567.0
79,5,12,6.36,8.48,21.2,64.0,65.0,520.0,53.0,541.2,576.4
79,6,12,6.42,8.45,20.3,64.0,65.0,520.0,53.0,540.3,575.8
79,7,9,6.48,8.49,20.1,64.0,65.0,550.0,56.0,570.1,575.2
79,8,12,6.53,8.68,21.5,64.0,65.0,520.0,53.0,541.5,574.7
79,9,12,6.59,8.87,22.8,64.0,65.0,520.0,53.0,542.8,574.1
79,10,12,6.65,9.07,24.2,64.0,66.0,520.0,54.0,544.2,573.5
79,11,10,6.64,9.26,26.2,64.0,66.0,540.0,56.0,566.2,573.6
79,12,9,5.59,8.45,28.6,64.0,65.0,550.0,56.0,578.6,584.1
79,13,10,5.54,8.64,31.0,64.0,65.0,540.0,55.0,571.0,584.6
79,14,10,5.48,8.83,33.5,64.0,65.0,540.0,55.0,573.5,585.2
79,15,10,5.43,9.02,35.9,64.0,66.0,540.0,56.0,575.9,585.7
79,16,10,5.38,9.2,38.2,64.0,66.0,540.0,56.0,578.2,586.2
79,17,9,5.32,9.36,40.4,65.0,66.0,560.0,57.0,600.4,596.8
79,18,11,5.27,9.52,42.5,65.0,66.0,540.0,55.0,582.5,597.3
79,19,10,4.21,8.68,44.7,64.0,66.0,540.0,56.0,584.7,597.9
79,20,10,4.3,8.83,45.3,64.0,66.0,540.0,56.0,585.3,597.0
79,21,10,4.45,8.99,45.4,65.0,66.0,550.0,56.0,595.4,605.5
79,22,10,4.6,9.15,45.5,65.0,66.0,550.0,56.0,595.5,604.0
79,23,12,4.75,9.31,45.6,65.0,67.0,530.0,55.0,575.6,602.5
79,24,12,4.89,9.46,45.7,65.0,67.0,530.0,55.0,575.7,601.1
79,25,12,5.04,9.62,45.8,66.0,67.0,540.0,55.0,585.8,609.6
79,26,7,4.19,8.78,45.9,65.0,67.0,580.0,60.0,625.9,608.1
79,27,7,4.34,8.94,46.0,65.0,67.0,580.0,60.0,626.0,606.6
79,28,8,4.46,9.1,46.4,66.0,67.0,580.0,59.0,626.4,615.4
79,29,8,4.37,9.25,48.8,66.0,67.0,580.0,59.0,628.8,616.3
79,30,8,4.28,9.41,51.3,66.0,68.0,580.0,60.0,631.3,617.2
79,31,8,4.2,9.57,53.7,66.0,68.0,580.0,60.0,633.7,618.0
79,32,9,4.11,9.73,56.2,67.0,68.0,580.0,59.0,636.2,628.9
79,33,9,4.03,9.88,58.5,67.0,69.0,580.0,60.0,638.5,629.7
79,34,8,2.94,9.04,61.0,66.0,68.0,580.0,60.0,641.0,630.6
79,35,8,2.85,9.2,63.5,67.0,68.0,590.0,60.0,653.5,641.5
79,36,8,2.77,9.36,65.9,67.0,68.0,590.0,60.0,655.9,642.3
79,37,8,2.68,9.51,68.3,67.0,69.0,590.0,61.0,658.3,643.2
79,38,9,2.82,9.67,68.5,67.0,69.0,580.0,60.0,648.5,641.8
79,39,9,2.97,9.83,68.6,68.0,69.0,590.0,60.0,658.6,650.3
79,40,9,3.13,9.99,68.6,68.0,69.0,590.0,60.0,658.6,648.7
79,41,8,2.28,9.15,68.7,67.0,68.0,590.0,60.0,658.7,647.2
79,42,8,2.44,9.3,68.6,67.0,69.0,590.0,61.0,658.6,645.6
79,43,8,2.59,9.46,68.7,67.0,69.0,590.0,61.0,658.7,644.1
79,44,8,2.75,9.62,68.7,68.0,69.0,600.0,61.0,668.7,652.5
79,45,8,2.9,9.78,68.8,68.0,69.0,600.0,61.0,668.8,651.0
79,46,9,3.06,9.93,68.7,68.0,69.0,590.0,60.0,658.7,649.4
79,47,9,3.15,10.09,69.4,68.0,69.0,590.0,60.0,659.4,648.5
79,48,8,2.22,9.25,70.3,67.0,68.0,590.0,60.0,660.3,647.8
79,49,8,2.29,9.41,71.2,67.0,68.0,590.0,60.0,661.2,647.1
80,0,12,4.77,11.98,72.1,70.0,71.0,580.0,59.0,652.1,652.3
80,1,12,4.84,12.14,73.0,70.0,71.0,580.0,59.0,653.0,651.6
80,2,12,4.91,12.3,73.9,70.0,71.0,580.0,59.0,653.9,650.9
80,3,12,4.98,12.45,74.7,70.0,71.0,580.0,59.0,654.7,650.2
80,4,12,5.05,12.61,75.6,69.0,71.0,570.0,59.0,645.6,639.5
80,5,12,5.12,12.77,76.5,69.0,71.0,570.0,59.0,646.5,638.8
80,6,12,5.19,12.93,77.4,69.0,71.0,570.0,59.0,647.4,638.1
80,7,12,5.26,13.09,78.3,69.0,71.0,570.0,59.0,648.3,637.4
80,8,13,5.33,13.23,79.0,69.0,70.0,560.0,57.0,639.0,636.7
80,9,13,5.4,13.35,79.5,69.0,70.0,560.0,57.0,639.5,636.0
80,10,13,5.47,13.47,80.0,69.0,70.0,560.0,57.0,640.0,635.3
80,11,12,4.54,12.6,80.6,68.0,69.0,560.0,57.0,640.6,634.6
80,12,13,4.61,12.72,81.1,68.0,69.0,550.0,56.0,631.1,633.9
80,13,13,4.78,12.84,80.6,68.0,69.0,550.0,56.0,630.6,632.2
80,14,12,4.95,12.97,80.2,68.0,69.0,560.0,57.0,640.2,630.5
80,15,13,5.13,13.09,79.6,68.0,69.0,550.0,56.0,629.6,628.7
80,16,14,5.31,13.21,79.0,68.0,69.0,540.0,55.0,619.0,626.9
80,17,14,5.48,13.29,78.1,68.0,69.0,540.0,55.0,618.1,625.2
80,18,14,5.66,13.36,77.0,67.0,69.0,530.0,55.0,607.0,613.4
80,19,14,5.83,13.43,76.0,67.0,69.0,530.0,55.0,606.0,611.7
80,20,14,6.01,13.5,74.9,67.0,69.0,530.0,55.0,604.9,609.9
80,21,15,6.18,13.57,73.9,67.0,69.0,520.0,54.0,593.9,608.2
80,22,15,6.36,13.64,72.8,67.0,68.0,520.0,53.0,592.8,606.4
80,23,15,6.53,13.71,71.8,67.0,68.0,520.0,53.0,591.8,604.7
80,24,15,6.71,13.79,70.8,67.0,68.0,520.0,53.0,590.8,602.9
80,25,15,6.88,13.86,69.8,67.0,68.0,520.0,53.0,589.8,601.2
80,26,15,7.06,13.93,68.7,67.0,68.0,520.0,53.0,588.7,599.4
80,27,15,7.24,14.0,67.6,67.0,68.0,520.0,53.0,587.6,597.6
80,28,15,7.41,14.07,66.6,67.0,68.0,520.0,53.0,586.6,595.9
80,29,15,7.59,14.14,65.5,67.0,68.0,520.0,53.0,585.5,594.1
80,30,15,7.76,14.21,64.5,67.0,68.0,520.0,53.0,584.5,592.4
80,31,16,7.96,14.28,63.2,67.0,68.0,510.0,52.0,573.2,590.4
80,32,16,8.15,14.35,62.0,66.0,68.0,500.0,52.0,562.0,578.5
80,33,17,7.35,13.42,60.7,65.0,67.0,480.0,50.0,540.7,576.5
80,34,16,7.55,13.49,59.4,65.0,67.0,490.0,51.0,549.4,574.5
80,35,15,7.75,13.58,58.3,65.0,67.0,500.0,52.0,558.3,572.5
80,36,15,7.94,13.71,57.7,65.0,66.0,500.0,51.0,557.7,570.6
80,37,16,8.14,13.85,57.1,65.0,66.0,490.0,50.0,547.1,568.6
80,38,15,8.34,13.98,56.4,65.0,66.0,500.0,51.0,556.4,566.6
80,39,17,8.54,14.11,55.7,65.0,66.0,480.0,49.0,535.7,564.6
80,40,16,8.74,14.25,55.1,65.0,66.0,490.0,50.0,545.1,562.6
80,41,16,8.93,14.38,54.5,65.0,66.0,490.0,50.0,544.5,560.7
80,42,16,9.13,14.51,53.8,65.0,66.0,490.0,50.0,543.8,558.7
80,43,16,9.33,14.65,53.2,65.0,66.0,490.0,50.0,543.2,556.7
80,44,17,9.51,14.78,52.7,65.0,66.0,480.0,49.0,532.7,554.9
80,45,16,9.61,14.91,53.0,64.0,66.0,480.0,50.0,533.0,543.9
80,46,16,9.7,15.05,53.5,64.0,66.0,480.0,50.0,533.5,543.0
80,47,16,9.8,15.18,53.8,64.0,66.0,480.0,50.0,533.8,542.0
80,48,17,9.9,15.31,54.1,64.0,65.0,470.0,48.0,524.1,541.0
80,49,16,10.0,15.43,54.3,64.0,65.0,480.0,49.0,534.3,540.0
81,0,14,8.31,13.72,54.1,62.0,63.0,480.0,49.0,534.1,536.9
81,1,14,8.41,13.8,53.9,62.0,63.0,480.0,49.0,533.9,535.9
81,2,14,8.5,13.89,53.9,62.0,63.0,480.0,49.0,533.9,535.0
81,3,11,8.6,13.97,53.7,62.0,63.0,510.0,52.0,563.7,534.0
81,4,14,7.7,13.05,53.5,61.0,62.0,470.0,48.0,523.5,533.0
81,5,14,7.8,13.11,53.1,61.0,62.0,470.0,48.0,523.1,532.0
81,6,14,7.9,12.78,48.8,61.0,62.0,470.0,48.0,518.8,531.0
81,7,14,8.0,12.44,44.4,61.0,62.0,470.0,48.0,514.4,530.0
81,8,15,8.09,12.42,43.3,60.0,62.0,450.0,47.0,493.3,519.1
81,9,15,8.19,12.54,43.5,60.0,62.0,450.0,47.0,493.5,518.1
81,10,15,7.29,11.66,43.7,59.0,61.0,440.0,46.0,483.7,517.1
81,11,14,7.39,11.78,43.9,59.0,60.0,450.0,46.0,493.9,516.1
81,12,14,7.49,11.9,44.1,59.0,60.0,450.0,46.0,494.1,515.1
81,13,15,7.59,12.02,44.3,59.0,60.0,440.0,45.0,484.3,514.1
81,14,15,7.68,12.14,44.6,59.0,60.0,440.0,45.0,484.6,513.2
81,15,13,7.78,12.26,44.8,58.0,60.0,450.0,47.0,494.8,502.2
81,16,13,7.88,12.38,45.0,58.0,60.0,450.0,47.0,495.0,501.2
81,17,13,6.98,11.5,45.2,57.0,58.0,440.0,45.0,485.2,500.2
81,18,13,7.08,11.62,45.4,57.0,58.0,440.0,45.0,485.4,499.2
81,19,13,7.18,11.74,45.6,56.0,58.0,430.0,45.0,475.6,488.2
81,20,13,7.27,11.77,45.0,56.0,57.0,430.0,44.0,475.0,487.3
81,21,13,7.37,11.73,43.6,56.0,57.0,430.0,44.0,473.6,486.3
81,22,12,7.47,11.68,42.1,55.0,57.0,430.0,45.0,472.1,475.3
81,23,12,6.59,10.64,40.5,54.0,56.0,420.0,44.0,460.5,474.1
81,24,12,6.79,10.59,38.0,53.0,55.0,410.0,43.0,448.0,462.1
81,25,12,6.99,10.55,35.6,53.0,55.0,410.0,43.0,445.6,460.1
81,26,12,7.19,10.53,33.4,53.0,54.0,410.0,42.0,443.4,458.1
81,27,11,7.39,10.53,31.4,52.0,54.0,410.0,43.0,441.4,446.1
81,28,14,7.59,10.53,29.4,52.0,54.0,380.0,40.0,409.4,444.1
81,29,14,7.79,10.53,27.4,52.0,53.0,380.0,39.0,407.4,442.1
81,30,12,6.99,9.53,25.4,50.0,52.0,380.0,40.0,405.4,430.1
81,31,12,7.19,9.53,23.4,50.0,52.0,380.0,40.0,403.4,428.1
81,32,11,7.39,9.55,21.6,49.0,51.0,380.0,40.0,401.6,416.1
81,33,11,7.59,9.75,21.6,49.0,51.0,380.0,40.0,401.6,414.1
81,34,11,7.79,9.95,21.6,49.0,50.0,380.0,39.0,401.6,412.1
81,35,11,7.99,10.15,21.6,48.0,50.0,370.0,39.0,391.6,400.1
81,36,11,7.2,9.36,21.6,47.0,49.0,360.0,38.0,381.6,398.0
81,37,11,7.4,9.56,21.6,47.0,48.0,360.0,37.0,381.6,396.0
81,38,15,7.61,9.76,21.5,46.0,48.0,310.0,33.0,331.5,383.9
81,39,11,7.81,9.97,21.6,46.0,47.0,350.0,36.0,371.6,381.9
81,40,12,8.02,10.17,21.5,45.0,47.0,330.0,35.0,351.5,369.8
81,41,12,8.23,10.37,21.4,45.0,47.0,330.0,35.0,351.4,367.7
81,42,11,8.43,10.57,21.4,45.0,46.0,340.0,35.0,361.4,365.7
81,43,11,7.64,9.78,21.4,43.0,45.0,320.0,34.0,341.4,353.6
81,44,11,7.84,9.98,21.4,43.0,45.0,320.0,34.0,341.4,351.6
81,45,14,8.05,10.18,21.3,43.0,44.0,290.0,30.0,311.3,349.5
81,46,15,8.26,10.38,21.2,42.0,44.0,270.0,29.0,291.2,337.4
81,47,14,8.46,10.59,21.3,42.0,43.0,280.0,29.0,301.3,335.4
81,48,15,8.67,10.79,21.2,41.0,43.0,260.0,28.0,281.2,323.3
81,49,14,7.87,9.99,21.2,40.0,42.0,260.0,28.0,281.2,321.3
82,0,12,5.28,7.4,21.2,37.0,38.0,250.0,26.0,271.2,317.2
82,1,11,5.48,7.6,21.2,36.0,38.0,250.0,27.0,271.2,305.2
82,2,14,5.67,7.8,21.3,36.0,38.0,220.0,24.0,241.3,303.3
82,3,13,4.8,7.0,22.0,35.0,36.0,220.0,23.0,242.0,302.0
82,4,11,4.93,7.21,22.8,34.0,36.0,230.0,25.0,252.8,290.7
82,5,10,5.07,7.41,23.4,34.0,36.0,240.0,26.0,263.4,289.3
82,6,9,5.2,7.61,24.1,34.0,35.0,250.0,26.0,274.1,288.0
82,7,12,5.33,7.82,24.9,33.0,35.0,210.0,23.0,234.9,276.7
82,8,10,4.47,7.02,25.5,32.0,33.0,220.0,23.0,245.5,275.3
82,9,9,4.6,7.22,26.2,32.0,33.0,230.0,24.0,256.2,274.0
82,10,9,4.73,7.42,26.9,31.0,33.0,220.0,24.0,246.9,262.7
82,11,9,4.87,7.68,28.1,31.0,33.0,220.0,24.0,248.1,261.3
82,12,9,4.0,7.01,30.1,30.0,31.0,210.0,22.0,240.1,260.0
82,13,14,4.13,7.34,32.1,29.0,31.0,150.0,17.0,182.1,248.7
82,14,14,4.27,7.68,34.1,29.0,31.0,150.0,17.0,184.1,247.3
82,15,9,4.4,8.01,36.1,29.0,30.0,200.0,21.0,236.1,246.0
82,16,11,4.53,8.34,38.1,29.0,30.0,180.0,19.0,218.1,244.7
82,17,11,3.67,7.66,39.9,28.0,29.0,170.0,18.0,209.9,243.3
82,18,11,3.8,7.96,41.6,27.0,29.0,160.0,18.0,201.6,232.0
82,19,10,3.93,8.25,43.2,27.0,29.0,170.0,19.0,213.2,230.7
82,20,11,4.07,8.55,44.8,27.0,28.0,160.0,17.0,204.8,229.3
82,21,11,4.2,8.84,46.4,27.0,28.0,160.0,17.0,206.4,228.0
82,22,15,3.33,8.14,48.1,26.0,27.0,110.0,12.0,158.1,226.7
82,23,14,3.47,8.43,49.6,26.0,27.0,120.0,13.0,169.6,225.3
82,24,9,3.53,8.73,52.0,25.0,27.0,160.0,18.0,212.0,214.7
82,25,14,3.59,9.03,54.4,25.0,27.0,110.0,13.0,164.4,214.1
82,26,11,3.64,9.32,56.8,25.0,27.0,140.0,16.0,196.8,213.6
82,27,11,2.7,8.53,58.3,24.0,25.0,130.0,14.0,188.3,213.0
82,28,15,2.75,8.74,59.9,24.0,25.0,90.0,10.0,149.9,212.5
82,29,15,2.81,8.96,61.5,24.0,25.0,90.0,10.0,151.5,211.9
82,30,10,2.87,9.17,63.0,24.0,25.0,140.0,15.0,203.0,211.3
82,31,11,2.92,9.38,64.6,24.0,25.0,130.0,14.0,194.6,210.8
82,32,10,1.98,8.6,66.2,23.0,24.0,130.0,14.0,196.2,210.2
82,33,9,2.04,8.7,66.6,23.0,24.0,140.0,15.0,206.6,209.6
82,34,9,2.09,8.79,67.0,23.0,24.0,140.0,15.0,207.0,209.1
82,35,9,2.15,8.87,67.2,23.0,24.0,140.0,15.0,207.2,208.5
82,36,9,1.21,7.96,67.5,22.0,23.0,130.0,14.0,197.5,207.9
82,37,10,1.26,8.04,67.8,22.0,23.0,120.0,13.0,187.8,207.4
82,38,15,1.32,8.13,68.1,22.0,23.0,70.0,8.0,138.1,206.8
82,39,13,1.38,8.21,68.3,22.0,23.0,90.0,10.0,158.3,206.2
82,40,9,1.43,8.3,68.7,22.0,23.0,130.0,14.0,198.7,205.7
82,41,9,0.49,7.25,67.6,21.0,22.0,120.0,13.0,187.6,205.1
82,42,9,0.54,7.2,66.6,21.0,22.0,120.0,13.0,186.6,204.6
82,43,14,0.64,7.15,65.1,21.0,22.0,70.0,8.0,135.1,203.6
82,44,10,0.86,7.1,62.4,21.0,22.0,110.0,12.0,172.4,201.4
82,45,10,1.08,7.05,59.7,21.0,22.0,110.0,12.0,169.7,199.2
82,46,9,0.3,6.11,58.1,20.0,21.0,110.0,12.0,168.1,197.0
82,47,9,0.52,6.23,57.1,20.0,21.0,110.0,12.0,167.1,194.8
82,48,9,0.75,6.36,56.1,20.0,21.0,110.0,12.0,166.1,192.5
82,49,9,0.97,6.48,55.1,20.0,21.0,110.0,12.0,165.1,190.3
83,0,18,11.21,16.62,54.1,30.0,31.0,120.0,13.0,174.1,187.9
83,1,18,11.43,16.74,53.1,30.0,31.0,120.0,13.0,173.1,185.7
83,2,18,11.65,16.87,52.2,30.0,31.0,120.0,13.0,172.2,183.5
83,3,18,11.87,16.99,51.2,30.0,31.0,120.0,13.0,171.2,181.3
83,4,18,12.1,17.12,50.2,30.0,31.0,120.0,13.0,170.2,179.0
83,5,18,12.32,17.24,49.2,30.0,31.0,120.0,13.0,169.2,176.8
83,6,17,11.54,16.37,48.3,29.0,30.0,120.0,13.0,168.3,174.6
83,7,18,11.76,16.49,47.3,29.0,30.0,110.0,12.0,157.3,172.4
83,8,18,11.98,16.63,46.5,29.0,30.0,110.0,12.0,156.5,170.2
83,9,18,12.2,16.77,45.7,29.0,30.0,110.0,12.0,155.7,168.0
83,10,18,12.42,16.91,44.9,29.0,30.0,110.0,12.0,154.9,165.8
83,11,18,12.64,17.05,44.1,29.0,30.0,110.0,12.0,154.1,163.6
83,12,18,12.87,17.19,43.2,29.0,30.0,110.0,12.0,153.2,161.3
83,13,19,13.36,17.33,39.7,29.0,30.0,100.0,11.0,139.7,156.4
83,14,19,13.87,17.47,36.0,29.0,30.0,100.0,11.0,136.0,151.3
83,15,19,14.38,17.61,32.3,29.0,30.0,100.0,11.0,132.3,146.2
83,16,19,14.89,17.75,28.6,29.0,30.0,100.0,11.0,128.6,141.1
83,17,19,15.4,17.89,24.9,29.0,30.0,100.0,11.0,124.9,136.0
83,18,18,14.91,17.03,21.2,28.0,29.0,100.0,11.0,121.2,130.9
83,19,19,15.42,17.17,17.5,28.0,29.0,90.0,10.0,107.5,125.8
83,20,19,15.93,17.31,13.8,28.0,29.0,90.0,10.0,103.8,120.7
83,21,18,16.17,17.45,12.8,28.0,29.0,100.0,11.0,112.8,118.3
83,22,19,16.19,17.59,14.0,28.0,29.0,90.0,10.0,104.0,118.1
83,23,19,16.21,17.73,15.2,28.0,29.0,90.0,10.0,105.2,117.9
83,24,19,16.23,17.87,16.4,28.0,29.0,90.0,10.0,106.4,117.7
83,25,19,16.25,18.01,17.6,28.0,29.0,90.0,10.0,107.6,117.5
83,26,19,16.27,18.16,18.9,28.0,29.0,90.0,10.0,108.9,117.3
83,27,20,16.29,18.3,20.1,28.0,29.0,80.0,9.0,100.1,117.1
83,28,20,16.31,18.43,21.2,28.0,29.0,80.0,9.0,101.2,116.9
83,29,19,15.37,17.56,21.9,27.0,28.0,80.0,9.0,101.9,116.3
83,30,19,15.44,17.69,22.5,27.0,28.0,80.0,9.0,102.5,115.6
83,31,19,15.52,17.81,22.9,27.0,28.0,80.0,9.0,102.9,114.8
83,32,19,15.59,17.94,23.5,27.0,28.0,80.0,9.0,103.5,114.1
83,33,19,15.67,18.06,23.9,27.0,28.0,80.0,9.0,103.9,113.3
83,34,19,15.75,18.19,24.4,27.0,28.0,80.0,9.0,104.4,112.5
83,35,19,15.82,18.32,25.0,27.0,28.0,80.0,9.0,105.0,111.8
83,36,19,15.9,18.44,25.4,27.0,28.0,80.0,9.0,105.4,111.0
83,37,19,15.97,18.57,26.0,27.0,28.0,80.0,9.0,106.0,110.3
83,38,19,16.05,18.7,26.5,27.0,28.0,80.0,9.0,106.5,109.5
83,39,19,16.13,18.82,26.9,27.0,28.0,80.0,9.0,106.9,108.7
83,40,20,16.2,18.92,27.2,27.0,28.0,70.0,8.0,97.2,108.0
83,41,19,15.28,18.0,27.2,26.0,27.0,70.0,8.0,97.2,107.2
83,42,19,15.37,18.09,27.2,26.0,27.0,70.0,8.0,97.2,106.3
83,43,19,15.46,18.17,27.1,26.0,27.0,70.0,8.0,97.1,105.4
83,44,19,15.55,18.26,27.1,26.0,27.0,70.0,8.0,97.1,104.5
83,45,19,15.65,18.34,26.9,26.0,27.0,70.0,8.0,96.9,103.5
83,46,21,15.74,18.43,26.9,26.0,27.0,50.0,6.0,76.9,102.6
83,47,21,15.83,18.51,26.8,26.0,27.0,50.0,6.0,76.8,101.7
83,48,20,15.92,18.61,26.9,26.0,27.0,60.0,7.0,86.9,100.8
83,49,20,16.01,18.7,26.9,26.0,27.0,60.0,7.0,86.9,99.9
84,0,23,19.11,21.81,27.0,29.0,30.0,60.0,7.0,87.0,98.9
84,1,23,19.2,21.9,27.0,29.0,30.0,60.0,7.0,87.0,98.0
84,2,23,19.3,22.0,27.0,29.0,30.0,60.0,7.0,87.0,97.0
84,3,23,19.39,22.1,27.1,29.0,30.0,60.0,7.0,87.1,96.1
84,4,22,18.48,21.19,27.1,28.0,29.0,60.0,7.0,87.1,95.2
84,5,23,18.57,21.29,27.2,28.0,29.0,50.0,6.0,77.2,94.3
84,6,23,18.66,21.38,27.2,28.0,29.0,50.0,6.0,77.2,93.4
84,7,23,18.75,21.53,27.8,28.0,29.0,50.0,6.0,77.8,92.5
84,8,23,18.85,21.77,29.2,28.0,29.0,50.0,6.0,79.2,91.5
84,9,24,18.94,22.01,30.7,28.0,29.0,40.0,5.0,70.7,90.6
84,10,24,18.03,21.24,32.1,27.0,28.0,30.0,4.0,62.1,89.7
84,11,23,18.16,21.48,33.2,27.0,28.0,40.0,5.0,73.2,88.4
84,12,23,18.28,21.71,34.3,27.0,28.0,40.0,5.0,74.3,87.2
84,13,23,18.41,21.95,35.4,27.0,28.0,40.0,5.0,75.4,85.9
84,14,23,18.53,22.11,35.8,27.0,28.0,40.0,5.0,75.8,84.7
84,15,23,18.66,22.23,35.7,27.0,28.0,40.0,5.0,75.7,83.4
84,16,22,17.78,21.35,35.7,26.0,27.0,40.0,5.0,75.7,82.2
84,17,22,17.91,21.47,35.6,26.0,27.0,40.0,5.0,75.6,80.9
84,18,23,18.03,21.59,35.6,26.0,27.0,30.0,4.0,65.6,79.7
84,19,23,18.16,21.71,35.5,26.0,27.0,30.0,4.0,65.5,78.4
84,20,23,18.28,21.83,35.5,26.0,27.0,30.0,4.0,65.5,77.2
84,21,23,18.41,21.96,35.5,26.0,27.0,30.0,4.0,65.5,75.9
84,22,22,17.55,21.08,35.3,25.0,26.0,30.0,4.0,65.3,74.5
84,23,22,17.7,21.26,35.6,25.0,26.0,30.0,4.0,65.6,73.0
84,24,22,17.85,21.46,36.1,25.0,26.0,30.0,4.0,66.1,71.5
84,25,23,18.0,21.65,36.5,25.0,26.0,20.0,3.0,56.5,70.0
84,26,23,18.15,21.84,36.9,25.0,26.0,20.0,3.0,56.9,68.5
84,27,23,18.3,22.04,37.4,25.0,26.0,20.0,3.0,57.4,67.0
84,28,23,17.45,21.23,37.8,24.0,25.0,10.0,2.0,47.8,65.5
84,29,23,17.6,21.42,38.2,24.0,25.0,10.0,2.0,48.2,64.0
84,30,24,17.75,21.62,38.7,24.0,25.0,0.0,1.0,38.7,62.5
84,31,24,17.9,21.81,39.1,24.0,25.0,0.0,1.0,39.1,61.0
84,32,24,18.05,22.0,39.5,24.0,25.0,0.0,1.0,39.5,59.5
84,33,24,18.2,22.2,40.0,24.0,25.0,0.0,1.0,40.0,58.0
84,34,24,17.35,21.45,41.0,23.0,24.0,-10.0,0.0,31.0,56.5
84,35,24,17.5,21.85,43.5,23.0,24.0,-10.0,0.0,33.5,55.0
84,36,24,17.64,22.26,46.2,23.0,24.0,-10.0,0.0,36.2,53.6
84,37,25,17.79,22.66,48.7,23.0,24.0,-20.0,-1.0,28.7,52.1
84,38,25,17.94,23.06,51.2,23.0,24.0,-20.0,-1.0,31.2,50.6
84,39,25,18.09,23.47,53.8,23.0,24.0,-20.0,-1.0,33.8,49.1
84,40,24,17.24,22.87,56.3,22.0,23.0,-20.0,-1.0,36.3,47.6
84,41,25,17.39,23.16,57.7,22.0,23.0,-30.0,-2.0,27.7,46.1
84,42,25,17.45,23.26,58.1,22.0,23.0,-30.0,-2.0,28.1,45.5
84,43,25,17.42,23.37,59.5,22.0,23.0,-30.0,-2.0,29.5,45.8
84,44,25,17.4,23.48,60.8,22.0,23.0,-30.0,-2.0,30.8,46.0
84,45,25,17.37,23.59,62.2,22.0,23.0,-30.0,-2.0,32.2,46.3
84,46,25,17.34,23.7,63.6,22.0,23.0,-30.0,-2.0,33.6,46.6
84,47,25,16.32,22.8,64.8,21.0,22.0,-40.0,-3.0,24.8,46.8
84,48,25,16.42,22.91,64.9,21.0,22.0,-40.0,-3.0,24.9,45.8
84,49,25,16.64,23.02,63.8,21.0,22.0,-40.0,-3.0,23.8,43.6
85,0,15,6.99,13.31,63.2,11.0,13.0,-40.0,-2.0,23.2,40.1
85,1,15,7.22,13.49,62.7,11.0,13.0,-40.0,-2.0,22.7,37.8
85,2,16,7.45,13.68,62.3,11.0,13.0,-50.0,-3.0,12.3,35.5
85,3,15,6.67,12.86,61.9,10.0,12.0,-50.0,-3.0,11.9,33.3
85,4,15,6.9,13.05,61.5,11.0,12.0,-40.0,-3.0,21.5,41.0
85,5,15,7.13,13.24,61.1,11.0,12.0,-40.0,-3.0,21.1,38.7
85,6,16,7.35,13.42,60.7,11.0,12.0,-50.0,-4.0,10.7,36.5
85,7,16,7.58,13.61,60.3,11.0,12.0,-50.0,-4.0,10.3,34.2
85,8,15,7.81,13.79,59.8,11.0,12.0,-40.0,-3.0,19.8,31.9
85,9,15,7.03,12.96,59.3,10.0,11.0,-50.0,-4.0,9.3,29.7
85,10,15,7.21,13.11,59.0,10.0,12.0,-50.0,-3.0,9.0,27.9
85,11,15,7.37,13.26,58.9,10.0,12.0,-50.0,-3.0,8.9,26.3
85,12,15,7.52,13.41,58.9,11.0,12.0,-40.0,-3.0,18.9,34.8
85,13,16,7.68,13.56,58.8,11.0,13.0,-50.0,-3.0,8.8,33.2
85,14,15,7.83,13.71,58.8,11.0,13.0,-40.0,-2.0,18.8,31.7
85,15,15,6.99,12.86,58.7,11.0,12.0,-40.0,-3.0,18.7,40.1
85,16,15,7.15,13.03,58.8,11.0,13.0,-40.0,-2.0,18.8,38.5
85,17,15,7.3,13.21,59.1,11.0,13.0,-40.0,-2.0,19.1,37.0
85,18,15,7.46,13.4,59.4,12.0,13.0,-30.0,-2.0,29.4,45.4
85,19,16,7.61,13.58,59.7,12.0,14.0,-40.0,-2.0,19.7,43.9
85,20,16,7.77,13.76,59.9,12.0,14.0,-40.0,-2.0,19.9,42.3
85,21,15,6.93,12.94,60.1,12.0,14.0,-30.0,-1.0,30.1,50.7
85,22,15,7.08,13.12,60.4,12.0,14.0,-30.0,-1.0,30.4,49.2
85,23,15,7.24,13.27,60.3,13.0,14.0,-20.0,-1.0,40.3,57.6
85,24,15,7.4,13.36,59.6,13.0,15.0,-20.0,0.0,39.6,56.0
85,25,15,7.56,13.45,58.9,14.0,15.0,-10.0,0.0,48.9,64.4
85,26,15,7.72,13.55,58.3,14.0,16.0,-10.0,1.0,48.3,62.8
85,27,14,6.88,12.64,57.6,13.0,15.0,-10.0,1.0,47.6,61.2
85,28,14,7.04,12.73,56.9,14.0,16.0,0.0,2.0,56.9,69.6
85,29,14,7.2,12.82,56.2,14.0,16.0,0.0,2.0,56.2,68.0
85,30,14,7.36,12.91,55.5,15.0,17.0,10.0,3.0,65.5,76.4
85,31,15,7.52,13.0,54.8,15.0,17.0,0.0,2.0,54.8,74.8
85,32,15,7.68,13.13,54.5,16.0,17.0,10.0,2.0,64.5,83.2
85,33,14,6.85,12.28,54.3,15.0,17.0,10.0,3.0,64.3,81.5
85,34,14,7.05,12.44,53.9,16.0,17.0,20.0,3.0,73.9,89.5
85,35,15,7.24,12.59,53.5,16.0,17.0,10.0,2.0,63.5,87.6
85,36,15,7.43,12.75,53.2,16.0,18.0,10.0,3.0,63.2,85.7
85,37,15,7.63,12.96,53.3,16.0,18.0,10.0,3.0,63.3,83.7
85,38,14,6.82,12.23,54.1,16.0,17.0,20.0,3.0,74.1,91.8
85,39,14,7.01,12.51,55.0,16.0,17.0,20.0,3.0,75.0,89.9
85,40,15,7.21,12.79,55.8,16.0,18.0,10.0,3.0,65.8,87.9
85,41,15,7.4,13.07,56.7,16.0,18.0,10.0,3.0,66.7,86.0
85,42,15,7.59,13.35,57.6,17.0,18.0,20.0,3.0,77.6,94.1
85,43,15,7.79,13.62,58.3,17.0,18.0,20.0,3.0,78.3,92.1
85,44,14,6.98,12.84,58.6,16.0,17.0,20.0,3.0,78.6,90.2
85,45,14,7.17,12.93,57.6,16.0,17.0,20.0,3.0,77.6,88.3
85,46,14,7.36,13.01,56.5,16.0,17.0,20.0,3.0,76.5,86.4
85,47,14,7.56,13.1,55.4,16.0,17.0,20.0,3.0,75.4,84.4
85,48,14,7.76,13.18,54.2,16.0,17.0,20.0,3.0,74.2,82.4
85,49,15,7.96,13.29,53.3,16.0,17.0,10.0,2.0,63.3,80.4
86,0,11,4.1,9.34,52.4,12.0,13.0,10.0,2.0,62.4,79.0
86,1,11,4.3,9.46,51.6,12.0,13.0,10.0,2.0,61.6,77.0
86,2,11,4.5,9.58,50.8,12.0,13.0,10.0,2.0,60.8,75.0
86,3,11,4.7,9.71,50.1,12.0,13.0,10.0,2.0,60.1,73.0
86,4,11,4.92,9.83,49.1,12.0,13.0,10.0,2.0,59.1,70.8
86,5,10,4.16,8.95,47.9,11.0,12.0,10.0,2.0,57.9,68.4
86,6,10,4.4,9.07,46.7,10.0,12.0,0.0,2.0,46.7,56.0
86,7,10,4.64,9.2,45.6,10.0,12.0,0.0,2.0,45.6,53.6
86,8,11,4.87,9.32,44.5,10.0,12.0,-10.0,1.0,34.5,51.3
86,9,11,5.11,9.44,43.3,10.0,12.0,-10.0,1.0,33.3,48.9
86,10,11,5.35,9.56,42.1,10.0,11.0,-10.0,0.0,32.1,46.5
86,11,11,5.58,9.67,40.9,10.0,11.0,-10.0,0.0,30.9,44.2
86,12,11,5.82,9.78,39.6,10.0,11.0,-10.0,0.0,29.6,41.8
86,13,11,6.06,9.9,38.4,10.0,11.0,-10.0,0.0,28.4,39.4
86,14,10,5.3,9.02,37.2,9.0,10.0,-10.0,0.0,27.2,37.0
86,15,10,5.53,9.15,36.2,9.0,10.0,-10.0,0.0,26.2,34.7
86,16,10,5.77,9.28,35.1,9.0,10.0,-10.0,0.0,25.1,32.3
86,17,11,6.01,9.41,34.0,9.0,10.0,-20.0,-1.0,14.0,29.9
86,18,11,6.24,9.55,33.1,9.0,10.0,-20.0,-1.0,13.1,27.6
86,19,11,6.48,9.68,32.0,9.0,10.0,-20.0,-1.0,12.0,25.2
86,20,11,6.7,9.81,31.1,9.0,10.0,-20.0,-1.0,11.1,23.0
86,21,11,6.93,9.94,30.1,9.0,10.0,-20.0,-1.0,10.1,20.7
86,22,11,6.16,9.08,29.2,8.0,9.0,-30.0,-2.0,-0.8,18.4
86,23,11,6.38,9.21,28.3,8.0,9.0,-30.0,-2.0,-1.7,16.2
86,24,11,6.61,9.34,27.3,8.0,9.0,-30.0,-2.0,-2.7,13.9
86,25,11,6.84,9.47,26.3,8.0,10.0,-30.0,-1.0,-3.7,11.6
86,26,11,7.06,9.6,25.4,8.0,10.0,-30.0,-1.0,-4.6,9.4
86,27,11,7.29,9.74,24.5,8.0,10.0,-30.0,-1.0,-5.5,7.1
86,28,12,7.51,9.87,23.6,9.0,10.0,-30.0,-2.0,-6.4,14.9
86,29,12,7.74,10.0,22.6,9.0,11.0,-30.0,-1.0,-7.4,12.6
86,30,12,7.97,10.13,21.6,9.0,11.0,-30.0,-1.0,-8.4,10.3
86,31,11,7.19,9.27,20.8,9.0,10.0,-20.0,-1.0,0.8,18.1
86,32,11,7.42,9.4,19.8,9.0,10.0,-20.0,-1.0,-0.2,15.8
86,33,12,7.64,9.53,18.9,9.0,11.0,-30.0,-1.0,-11.1,13.6
86,34,12,7.87,9.66,17.9,9.0,11.0,-30.0,-1.0,-12.1,11.3
86,35,12,8.1,9.8,17.0,10.0,11.0,-20.0,-1.0,-3.0,19.0
86,36,12,8.32,9.93,16.1,10.0,12.0,-20.0,0.0,-3.9,16.8
86,37,12,8.55,10.06,15.1,11.0,12.0,-10.0,0.0,5.1,24.5
86,38,12,8.75,10.19,14.4,11.0,12.0,-10.0,0.0,4.4,22.5
86,39,12,8.95,10.33,13.8,11.0,13.0,-10.0,1.0,3.8,20.5
86,40,11,8.15,9.46,13.1,11.0,12.0,0.0,1.0,13.1,28.5
86,41,11,8.35,9.59,12.4,11.0,13.0,0.0,2.0,12.4,26.5
86,42,11,8.55,9.72,11.7,11.0,13.0,0.0,2.0,11.7,24.5
86,43,11,8.75,9.88,11.3,12.0,13.0,10.0,2.0,21.3,32.5
86,44,12,8.95,10.07,11.2,12.0,14.0,0.0,2.0,11.2,30.5
86,45,12,9.15,10.26,11.1,12.0,14.0,0.0,2.0,11.1,28.5
86,46,12,9.35,10.45,11.0,13.0,14.0,10.0,2.0,21.0,36.5
86,47,12,9.55,10.64,10.9,13.0,15.0,10.0,3.0,20.9,34.5
86,48,12,8.75,9.83,10.8,12.0,14.0,0.0,2.0,10.8,32.5
86,49,12,8.95,10.02,10.7,13.0,14.0,10.0,2.0,20.7,40.5
87,0,15,12.19,13.25,10.6,16.0,18.0,10.0,3.0,20.6,38.1
87,1,15,12.39,13.44,10.5,16.0,18.0,10.0,3.0,20.5,36.1
87,2,15,12.59,13.63,10.4,17.0,18.0,20.0,3.0,30.4,44.1
87,3,15,12.79,13.82,10.3,17.0,19.0,20.0,4.0,30.3,42.1
87,4,14,11.99,13.01,10.2,16.0,18.0,20.0,4.0,30.2,40.1
87,5,14,12.19,13.2,10.1,17.0,18.0,30.0,4.0,40.1,48.1
87,6,15,12.38,13.38,10.0,17.0,19.0,20.0,4.0,30.0,46.2
87,7,15,12.51,13.57,10.6,18.0,19.0,30.0,4.0,40.6,54.9
87,8,15,12.63,13.72,10.9,18.0,19.0,30.0,4.0,40.9,53.7
87,9,15,12.75,13.77,10.2,18.0,20.0,30.0,5.0,40.2,52.5
87,10,15,12.88,13.82,9.4,19.0,20.0,40.0,5.0,49.4,61.2
87,11,14,12.0,12.87,8.7,18.0,20.0,40.0,6.0,48.7,60.0
87,12,14,12.13,12.92,7.9,18.0,20.0,40.0,6.0,47.9,58.7
87,13,14,12.25,12.97,7.2,19.0,20.0,50.0,6.0,57.2,67.5
87,14,15,12.37,13.07,7.0,19.0,21.0,40.0,6.0,47.0,66.3
87,15,15,12.5,13.18,6.8,19.0,21.0,40.0,6.0,46.8,65.0
87,16,15,12.62,13.29,6.7,20.0,21.0,50.0,6.0,56.7,73.8
87,17,15,12.75,13.41,6.6,20.0,22.0,50.0,7.0,56.6,72.5
87,18,15,11.87,12.53,6.6,19.0,21.0,40.0,6.0,46.6,71.3
87,19,14,11.99,12.65,6.6,20.0,21.0,60.0,7.0,66.6,80.1
87,20,15,12.12,12.78,6.6,20.0,22.0,50.0,7.0,56.6,78.8
87,21,15,12.24,12.9,6.6,20.0,22.0,50.0,7.0,56.6,77.6
87,22,16,12.37,13.02,6.5,21.0,22.0,50.0,6.0,56.5,86.3
87,23,15,12.49,13.15,6.6,21.0,23.0,60.0,8.0,66.6,85.1
87,24,15,12.61,13.27,6.6,21.0,23.0,60.0,8.0,66.6,83.9
87,25,14,11.74,12.39,6.5,21.0,22.0,70.0,8.0,76.5,92.6
87,26,16,11.88,12.52,6.4,21.0,23.0,50.0,7.0,56.4,91.2
87,27,16,12.03,12.72,6.9,21.0,23.0,50.0,7.0,56.9,89.7
87,28,15,12.18,12.97,7.9,22.0,23.0,70.0,8.0,77.9,98.2
87,29,17,12.32,13.22,9.0,22.0,24.0,50.0,7.0,59.0,96.8
87,30,15,12.47,13.47,10.0,22.0,24.0,70.0,9.0,80.0,95.3
87,31,17,11.62,12.72,11.0,22.0,23.0,50.0,6.0,61.0,103.8
87,32,17,11.77,12.97,12.0,22.0,24.0,50.0,7.0,62.0,102.3
87,33,17,11.91,13.22,13.1,23.0,24.0,60.0,7.0,73.1,110.9
87,34,17,12.06,13.47,14.1,23.0,24.0,60.0,7.0,74.1,109.4
87,35,16,12.21,13.7,14.9,23.0,25.0,70.0,9.0,84.9,107.9
87,36,16,12.36,13.86,15.0,24.0,25.0,80.0,9.0,95.0,116.4
87,37,17,12.5,14.02,15.2,24.0,26.0,70.0,9.0,85.2,115.0
87,38,16,11.65,13.17,15.2,23.0,25.0,70.0,9.0,85.2,113.5
87,39,16,11.8,13.33,15.3,24.0,25.0,80.0,9.0,95.3,122.0
87,40,15,11.95,13.48,15.3,24.0,26.0,90.0,11.0,105.3,120.5
87,41,15,12.1,13.64,15.4,24.0,26.0,90.0,11.0,105.4,119.0
87,42,15,12.25,13.79,15.4,25.0,26.0,100.0,11.0,115.4,127.5
87,43,15,12.4,13.95,15.5,25.0,27.0,100.0,12.0,115.5,126.0
87,44,15,12.55,14.11,15.6,25.0,27.0,100.0,12.0,115.6,124.5
87,45,15,11.7,13.26,15.6,25.0,26.0,100.0,11.0,115.6,133.0
87,46,15,11.86,13.42,15.6,25.0,27.0,100.0,12.0,115.6,131.4
87,47,15,12.01,13.57,15.6,25.0,27.0,100.0,12.0,115.6,129.9
87,48,15,12.16,13.73,15.7,26.0,27.0,110.0,12.0,125.7,138.4
87,49,16,12.31,13.88,15.7,26.0,28.0,100.0,12.0,115.7,136.9
88,0,22,18.5,20.07,15.7,32.0,34.0,100.0,12.0,115.7,135.0
88,1,22,18.65,20.22,15.7,33.0,34.0,110.0,12.0,125.7,143.5
88,2,22,18.8,20.33,15.3,33.0,35.0,110.0,13.0,125.3,142.0
88,3,22,18.95,20.44,14.9,34.0,35.0,120.0,13.0,134.9,150.5
88,4,21,18.1,19.56,14.6,33.0,34.0,120.0,13.0,134.6,149.0
88,5,21,18.26,19.67,14.1,33.0,35.0,120.0,14.0,134.1,147.4
88,6,21,18.41,19.78,13.7,34.0,35.0,130.0,14.0,143.7,155.9
88,7,22,18.56,19.9,13.4,34.0,36.0,120.0,14.0,133.4,154.4
88,8,22,18.71,20.01,13.0,34.0,36.0,120.0,14.0,133.0,152.9
88,9,22,18.86,20.12,12.6,35.0,36.0,130.0,14.0,142.6,161.4
88,10,22,19.02,20.24,12.2,35.0,37.0,130.0,15.0,142.2,159.8
88,11,21,18.17,19.35,11.8,34.0,36.0,130.0,15.0,141.8,158.3
88,12,21,18.32,19.46,11.4,35.0,36.0,140.0,15.0,151.4,166.8
88,13,21,18.47,19.58,11.1,35.0,37.0,140.0,16.0,151.1,165.3
88,14,21,18.62,19.69,10.7,35.0,37.0,140.0,16.0,150.7,163.8
88,15,22,18.78,19.8,10.2,36.0,37.0,140.0,15.0,150.2,172.2
88,16,22,18.93,19.92,9.9,36.0,38.0,140.0,16.0,149.9,170.7
88,17,22,19.08,20.03,9.5,36.0,38.0,140.0,16.0,149.5,169.2
88,18,21,18.24,19.14,9.0,36.0,37.0,150.0,16.0,159.0,177.6
88,19,21,18.39,19.26,8.7,36.0,38.0,150.0,17.0,158.7,176.1
88,20,21,18.55,19.37,8.2,36.0,38.0,150.0,17.0,158.2,174.5
88,21,21,18.7,19.49,7.9,37.0,38.0,160.0,17.0,167.9,183.0
88,22,21,18.86,19.6,7.4,37.0,39.0,160.0,18.0,167.4,181.4
88,23,21,19.01,19.71,7.0,37.0,39.0,160.0,18.0,167.0,179.9
88,24,22,19.17,19.83,6.6,38.0,39.0,160.0,17.0,166.6,188.3
88,25,21,18.33,18.94,6.1,37.0,38.0,160.0,17.0,166.1,186.7
88,26,21,18.48,19.05,5.7,37.0,39.0,160.0,18.0,165.7,185.2
88,27,21,18.64,19.17,5.3,37.0,39.0,160.0,18.0,165.3,183.6
88,28,21,18.79,19.3,5.1,38.0,39.0,170.0,18.0,175.1,192.1
88,29,21,18.95,19.42,4.7,38.0,40.0,170.0,19.0,174.7,190.5
88,30,21,19.1,19.55,4.5,38.0,40.0,170.0,19.0,174.5,189.0
88,31,21,19.26,19.67,4.1,39.0,40.0,180.0,19.0,184.1,197.4
88,32,20,18.42,18.8,3.8,38.0,39.0,180.0,19.0,183.8,195.8
88,33,20,18.57,18.92,3.5,38.0,40.0,180.0,20.0,183.5,194.3
88,34,21,18.73,19.05,3.2,38.0,40.0,170.0,19.0,173.2,192.7
88,35,21,18.88,19.17,2.9,39.0,40.0,180.0,19.0,182.9,201.2
88,36,21,19.04,19.3,2.6,39.0,40.0,180.0,19.0,182.6,199.6
88,37,21,19.19,19.42,2.3,39.0,40.0,180.0,19.0,182.3,198.1
88,38,21,19.33,19.55,2.2,39.0,41.0,180.0,20.0,182.2,196.7
88,39,20,18.48,18.67,1.9,38.0,40.0,180.0,20.0,181.9,195.2
88,40,20,18.62,18.8,1.8,39.0,40.0,190.0,20.0,191.8,203.8
88,41,21,18.77,18.92,1.5,39.0,40.0,180.0,19.0,181.5,202.3
88,42,21,18.91,19.05,1.4,39.0,40.0,180.0,19.0,181.4,200.9
88,43,21,19.05,19.17,1.2,39.0,41.0,180.0,20.0,181.2,199.5
88,44,21,19.2,19.3,1.0,39.0,41.0,180.0,20.0,181.0,198.0
88,45,20,18.34,18.42,0.8,38.0,40.0,180.0,20.0,180.8,196.6
88,46,20,18.49,18.55,0.6,39.0,40.0,190.0,20.0,190.6,205.1
88,47,21,18.63,18.67,0.4,39.0,40.0,180.0,19.0,180.4,203.7
88,48,21,18.77,18.8,0.3,39.0,40.0,180.0,19.0,180.3,202.3
88,49,21,18.92,18.92,0.0,39.0,40.0,180.0,19.0,180.0,200.8
89,0,20,17.51,17.48,-0.3,38.0,39.0,180.0,19.0,179.7,204.9
89,1,20,17.65,17.61,-0.4,38.0,39.0,180.0,19.0,179.6,203.5
89,2,20,17.79,17.73,-0.6,38.0,39.0,180.0,19.0,179.4,202.1
89,3,20,17.94,17.87,-0.7,38.0,39.0,180.0,19.0,179.3,200.6
89,4,19,17.09,17.03,-0.6,37.0,39.0,180.0,20.0,179.4,199.1
89,5,19,17.29,17.19,-1.0,37.0,39.0,180.0,20.0,179.0,197.1
89,6,20,17.5,17.35,-1.5,37.0,39.0,170.0,19.0,168.5,195.0
89,7,20,17.7,17.5,-2.0,38.0,39.0,180.0,19.0,178.0,203.0
89,8,20,17.9,17.65,-2.5,38.0,39.0,180.0,19.0,177.5,201.0
89,9,20,18.1,17.78,-3.2,38.0,39.0,180.0,19.0,176.8,199.0
89,10,20,17.3,16.91,-3.9,37.0,38.0,170.0,18.0,166.1,197.0
89,11,20,17.51,17.04,-4.7,37.0,38.0,170.0,18.0,165.3,194.9
89,12,20,17.71,17.16,-5.5,37.0,39.0,170.0,19.0,164.5,192.9
89,13,20,17.91,17.29,-6.2,37.0,39.0,170.0,19.0,163.8,190.9
89,14,20,18.11,17.42,-6.9,38.0,39.0,180.0,19.0,173.1,198.9
89,15,20,18.31,17.55,-7.6,38.0,39.0,180.0,19.0,172.4,196.9
89,16,21,18.52,17.68,-8.4,38.0,39.0,170.0,18.0,161.6,194.8
89,17,20,17.72,16.81,-9.1,37.0,38.0,170.0,18.0,160.9,192.8
89,18,20,17.92,16.94,-9.8,37.0,38.0,170.0,18.0,160.2,190.8
89,19,20,18.12,17.13,-9.9,37.0,39.0,170.0,19.0,160.1,188.8
89,20,21,18.33,17.32,-10.1,37.0,39.0,160.0,18.0,149.9,186.7
89,21,21,18.53,17.51,-10.2,37.0,39.0,160.0,18.0,149.8,184.7
89,22,21,18.73,17.7,-10.3,38.0,39.0,170.0,18.0,159.7,192.7
89,23,21,17.94,16.9,-10.4,37.0,38.0,160.0,17.0,149.6,190.6
89,24,21,18.14,17.09,-10.5,37.0,38.0,160.0,17.0,149.5,188.6
89,25,21,18.34,17.28,-10.6,37.0,38.0,160.0,17.0,149.4,186.6
89,26,21,18.55,17.47,-10.8,37.0,39.0,160.0,18.0,149.2,184.5
89,27,21,18.75,17.66,-10.9,37.0,39.0,160.0,18.0,149.1,182.5
89,28,21,18.96,17.87,-10.9,37.0,39.0,160.0,18.0,149.1,180.4
89,29,21,18.16,17.1,-10.6,37.0,38.0,160.0,17.0,149.4,188.4
89,30,21,18.36,17.34,-10.2,37.0,38.0,160.0,17.0,149.8,186.4
89,31,21,18.57,17.57,-10.0,37.0,38.0,160.0,17.0,150.0,184.3
89,32,20,18.77,17.8,-9.7,37.0,38.0,170.0,18.0,160.3,182.3
89,33,21,18.97,18.04,-9.3,37.0,38.0,160.0,17.0,150.7,180.3
89,34,21,19.18,18.27,-9.1,37.0,39.0,160.0,18.0,150.9,178.2
89,35,21,19.38,18.5,-8.8,37.0,39.0,160.0,18.0,151.2,176.2
89,36,20,18.58,17.74,-8.4,36.0,38.0,160.0,18.0,151.6,174.2
89,37,21,18.76,17.97,-7.9,37.0,38.0,160.0,17.0,152.1,182.4
89,38,21,18.87,18.1,-7.7,37.0,38.0,160.0,17.0,152.3,181.3
89,39,21,18.98,18.2,-7.8,37.0,38.0,160.0,17.0,152.2,180.2
89,40,21,19.09,18.3,-7.9,37.0,38.0,160.0,17.0,152.1,179.1
89,41,21,19.2,18.4,-8.0,37.0,38.0,160.0,17.0,152.0,178.0
89,42,20,18.32,17.49,-8.3,36.0,38.0,160.0,18.0,151.7,176.8
89,43,20,18.43,17.59,-8.4,36.0,38.0,160.0,18.0,151.6,175.7
89,44,20,18.54,17.69,-8.5,36.0,38.0,160.0,18.0,151.5,174.6
89,45,20,18.65,17.79,-8.6,37.0,38.0,170.0,18.0,161.4,183.5
89,46,21,18.76,17.89,-8.7,37.0,38.0,160.0,17.0,151.3,182.4
89,47,21,18.87,18.01,-8.6,37.0,38.0,160.0,17.0,151.4,181.3
89,48,21,18.98,18.17,-8.1,37.0,38.0,160.0,17.0,151.9,180.2
89,49,20,18.09,17.33,-7.6,36.0,37.0,160.0,17.0,152.4,179.1
90,0,18,15.83,15.13,-7.0,34.0,35.0,160.0,17.0,153.0,181.7
90,1,18,15.93,15.29,-6.4,34.0,35.0,160.0,17.0,153.6,180.7
90,2,18,16.0,15.45,-5.5,34.0,35.0,160.0,17.0,154.5,180.0
90,3,18,16.07,15.61,-4.6,34.0,36.0,160.0,18.0,155.4,179.3
90,4,18,16.15,15.77,-3.8,34.0,36.0,160.0,18.0,156.2,178.5
90,5,17,15.22,14.94,-2.8,34.0,35.0,170.0,18.0,167.2,187.8
90,6,18,15.29,15.1,-1.9,34.0,35.0,160.0,17.0,158.1,187.1
90,7,18,15.36,15.26,-1.0,34.0,35.0,160.0,17.0,159.0,186.4
90,8,18,15.44,15.42,-0.2,34.0,35.0,160.0,17.0,159.8,185.6
90,9,18,15.51,15.58,0.7,34.0,35.0,160.0,17.0,160.7,184.9
90,10,18,15.58,15.73,1.5,34.0,36.0,160.0,18.0,161.5,184.2
90,11,18,15.65,15.85,2.0,34.0,36.0,160.0,18.0,162.0,183.5
90,12,18,15.76,15.97,2.1,34.0,36.0,160.0,18.0,162.1,182.4
90,13,19,15.95,16.1,1.5,35.0,36.0,160.0,17.0,161.5,190.5
90,14,18,16.14,16.22,0.8,35.0,36.0,170.0,18.0,170.8,188.6
90,15,18,15.34,15.34,0.0,34.0,35.0,160.0,17.0,160.0,186.6
90,16,18,15.53,15.47,-0.6,34.0,35.0,160.0,17.0,159.4,184.7
90,17,18,15.72,15.59,-1.3,34.0,35.0,160.0,17.0,158.7,182.8
90,18,18,15.92,15.71,-2.1,34.0,36.0,160.0,18.0,157.9,180.8
90,19,18,16.11,15.84,-2.7,34.0,36.0,160.0,18.0,157.3,178.9
90,20,19,16.3,15.96,-3.4,35.0,36.0,160.0,17.0,156.6,187.0
90,21,19,16.5,16.19,-3.1,35.0,36.0,160.0,17.0,156.9,185.0
90,22,19,16.69,16.45,-2.4,35.0,36.0,160.0,17.0,157.6,183.1
90,23,19,16.88,16.71,-1.7,35.0,36.0,160.0,17.0,158.3,181.2
90,24,20,17.08,16.97,-1.1,35.0,36.0,150.0,16.0,148.9,179.2
90,25,19,16.27,16.23,-0.4,34.0,36.0,150.0,17.0,149.6,177.3
90,26,19,16.47,16.49,0.2,34.0,36.0,150.0,17.0,150.2,175.3
90,27,19,16.67,16.76,0.9,35.0,36.0,160.0,17.0,160.9,183.3
90,28,19,16.88,17.02,1.4,35.0,36.0,160.0,17.0,161.4,181.2
90,29,20,17.09,17.27,1.8,35.0,36.0,150.0,16.0,151.8,179.1
90,30,20,17.29,17.46,1.7,35.0,36.0,150.0,16.0,151.7,177.1
90,31,20,17.5,17.65,1.5,35.0,36.0,150.0,16.0,151.5,175.0
90,32,20,17.71,17.83,1.2,35.0,37.0,150.0,17.0,151.2,172.9
90,33,20,17.91,18.02,1.1,35.0,37.0,150.0,17.0,151.1,170.9
90,34,19,17.12,17.21,0.9,34.0,36.0,150.0,17.0,150.9,168.8
90,35,19,17.33,17.4,0.7,35.0,36.0,160.0,17.0,160.7,176.7
90,36,20,17.53,17.58,0.5,35.0,36.0,150.0,16.0,150.5,174.7
90,37,20,17.74,17.72,-0.2,35.0,36.0,150.0,16.0,149.8,172.6
90,38,20,17.95,17.86,-0.9,35.0,36.0,150.0,16.0,149.1,170.5
90,39,21,18.15,18.0,-1.5,35.0,36.0,140.0,15.0,138.5,168.5
90,40,21,18.36,18.14,-2.2,35.0,37.0,140.0,16.0,137.8,166.4
90,41,21,18.55,18.28,-2.7,35.0,37.0,140.0,16.0,137.3,164.5
90,42,21,18.72,18.42,-3.0,36.0,37.0,150.0,16.0,147.0,172.8
90,43,21,18.9,18.61,-2.9,36.0,37.0,150.0,16.0,147.1,171.0
90,44,20,18.08,17.84,-2.4,35.0,36.0,150.0,16.0,147.6,169.2
90,45,21,18.26,18.07,-1.9,35.0,36.0,140.0,15.0,138.1,167.4
90,46,21,18.44,18.31,-1.3,35.0,37.0,140.0,16.0,138.7,165.6
90,47,21,18.62,18.54,-0.8,35.0,37.0,140.0,16.0,139.2,163.8
90,48,21,18.8,18.77,-0.3,35.0,37.0,140.0,16.0,139.7,162.0
90,49,21,18.98,19.0,0.2,36.0,37.0,150.0,16.0,150.2,170.2
