ws_peak_dam_yr,rod_amplitude,rod_width_domains,avon_north_dam_yr,rmse_p1,rmse_p2,combined_score,pareto_optimal
0.2,-0.1,3,0.4,0.1707,0.189,0.1799,False
0.2,-0.1,3,0.45,0.1721,0.1876,0.1799,False
0.2,-0.1,3,0.5,0.1741,0.1867,0.1804,False
0.2,-0.1,3,0.35,0.1698,0.1909,0.1804,False
0.15,-0.1,3,0.4,0.161,0.2012,0.1811,False
0.25,-0.1,3,0.45,0.1845,0.1779,0.1812,False
0.15,-0.1,3,0.45,0.1625,0.1999,0.1812,False
0.25,-0.1,3,0.4,0.1832,0.1794,0.1813,False
0.2,-0.1,3,0.3,0.1695,0.1933,0.1814,False
0.2,-0.1,3,0.55,0.1766,0.1863,0.1815,False
0.15,-0.1,3,0.35,0.1601,0.203,0.1815,False
0.25,-0.1,3,0.5,0.1864,0.177,0.1817,False
0.2,-0.1,4,0.4,0.17,0.1933,0.1817,False
0.2,-0.1,4,0.45,0.1714,0.192,0.1817,False
0.15,-0.1,3,0.5,0.1646,0.199,0.1818,False
0.25,-0.1,3,0.35,0.1824,0.1814,0.1819,False
0.2,-0.1,4,0.35,0.1691,0.1952,0.1821,False
0.2,-0.1,4,0.5,0.1734,0.1911,0.1822,False
0.2,-0.15,3,0.4,0.168,0.1967,0.1823,False
0.2,-0.15,3,0.45,0.1694,0.1953,0.1824,False
0.15,-0.1,3,0.3,0.1597,0.2052,0.1825,False
0.25,-0.1,3,0.55,0.1887,0.1766,0.1826,False
0.2,-0.15,3,0.35,0.1671,0.1985,0.1828,False
0.15,-0.1,3,0.55,0.1672,0.1987,0.1829,False
0.25,-0.1,4,0.4,0.1822,0.1836,0.1829,False
0.25,-0.1,4,0.45,0.1836,0.1822,0.1829,False
0.2,-0.1,3,0.25,0.1697,0.1961,0.1829,False
0.2,-0.15,3,0.5,0.1714,0.1945,0.1829,False
0.25,-0.1,3,0.3,0.1821,0.1839,0.183,False
0.15,-0.1,4,0.4,0.1606,0.2055,0.1831,False
0.2,-0.1,4,0.3,0.1688,0.1975,0.1831,False
0.15,-0.1,4,0.45,0.1621,0.2043,0.1832,False
0.2,-0.1,4,0.55,0.1759,0.1907,0.1833,False
0.25,-0.1,4,0.5,0.1854,0.1813,0.1833,False
0.15,-0.1,4,0.35,0.1597,0.2073,0.1835,False
0.15,-0.15,3,0.4,0.1584,0.2086,0.1835,False
0.25,-0.1,4,0.35,0.1814,0.1856,0.1835,False
0.2,-0.1,5,0.4,0.1692,0.1977,0.1835,False
0.2,-0.1,5,0.45,0.1706,0.1964,0.1835,False
0.15,-0.15,3,0.45,0.1599,0.2073,0.1836,False
0.2,-0.15,3,0.3,0.1667,0.2007,0.1837,False
0.15,-0.1,4,0.5,0.1642,0.2034,0.1838,False
0.25,-0.15,3,0.4,0.1804,0.1872,0.1838,False
0.25,-0.15,3,0.45,0.1817,0.1858,0.1838,False
0.15,-0.15,3,0.35,0.1574,0.2103,0.1839,False
0.2,-0.1,5,0.35,0.1683,0.1995,0.1839,False
0.15,-0.1,3,0.25,0.16,0.2078,0.1839,False
0.2,-0.15,3,0.55,0.1739,0.1941,0.184,False
0.2,-0.1,5,0.5,0.1726,0.1955,0.1841,False
0.25,-0.15,3,0.5,0.1836,0.1849,0.1842,False
0.25,-0.1,4,0.55,0.1877,0.1809,0.1843,False
0.15,-0.15,3,0.5,0.162,0.2065,0.1843,False
0.25,-0.15,3,0.35,0.1796,0.1891,0.1843,False
0.15,-0.1,4,0.3,0.1593,0.2094,0.1844,False
0.25,-0.1,5,0.4,0.1811,0.1879,0.1845,False
0.25,-0.1,5,0.45,0.1824,0.1865,0.1845,False
0.2,-0.1,4,0.25,0.169,0.2002,0.1846,False
0.25,-0.1,4,0.3,0.1811,0.188,0.1846,False
0.25,-0.1,3,0.25,0.1823,0.1868,0.1846,False
0.15,-0.15,3,0.3,0.1571,0.2124,0.1848,False
0.2,-0.1,3,0.2,0.1705,0.1993,0.1849,False
0.25,-0.1,5,0.5,0.1843,0.1856,0.1849,False
0.2,-0.1,5,0.3,0.168,0.2018,0.1849,False
0.2,-0.1,6,0.4,0.1683,0.2018,0.185,False
0.15,-0.1,4,0.55,0.1668,0.2031,0.185,False
0.25,-0.1,5,0.35,0.1803,0.1898,0.185,False
0.1,-0.1,3,0.4,0.1546,0.2155,0.1851,False
0.15,-0.1,5,0.4,0.1602,0.21,0.1851,False
0.2,-0.1,6,0.45,0.1697,0.2005,0.1851,False
0.2,-0.1,5,0.55,0.1751,0.1952,0.1851,False
0.25,-0.15,3,0.55,0.1859,0.1845,0.1852,False
0.1,-0.1,3,0.45,0.1562,0.2143,0.1852,False
0.2,-0.15,3,0.25,0.167,0.2034,0.1852,False
0.3,-0.1,3,0.45,0.1992,0.1713,0.1852,False
0.15,-0.1,5,0.45,0.1617,0.2088,0.1853,False
0.25,-0.15,3,0.3,0.1793,0.1915,0.1854,False
0.1,-0.1,3,0.35,0.1537,0.2171,0.1854,False
0.3,-0.1,3,0.4,0.198,0.1728,0.1854,False
0.15,-0.15,3,0.55,0.1647,0.2062,0.1854,False
0.2,-0.1,6,0.35,0.1674,0.2035,0.1855,False
0.2,-0.15,4,0.4,0.1676,0.2034,0.1855,False
0.15,-0.1,5,0.35,0.1593,0.2117,0.1855,False
0.3,-0.1,3,0.5,0.2009,0.1703,0.1856,False
0.2,-0.15,4,0.45,0.169,0.2021,0.1856,False
0.2,-0.1,6,0.5,0.1717,0.1996,0.1857,False
0.25,-0.1,6,0.45,0.1811,0.1903,0.1857,False
0.15,-0.1,4,0.25,0.1596,0.212,0.1858,False
0.25,-0.1,6,0.4,0.1798,0.1917,0.1858,False
0.2,-0.2,3,0.4,0.1665,0.2051,0.1858,False
0.1,-0.1,3,0.5,0.1584,0.2135,0.1859,False
0.25,-0.1,5,0.55,0.1866,0.1852,0.1859,False
0.2,-0.15,4,0.35,0.1667,0.2052,0.1859,False
0.2,-0.2,3,0.45,0.168,0.2038,0.1859,False
0.15,-0.1,5,0.5,0.1638,0.208,0.1859,False
0.15,-0.1,3,0.2,0.1608,0.2109,0.1859,False
0.3,-0.1,3,0.35,0.1972,0.1749,0.186,False
0.2,-0.15,4,0.5,0.171,0.2013,0.1861,False
0.25,-0.1,4,0.25,0.1813,0.1909,0.1861,False
0.25,-0.1,5,0.3,0.18,0.1921,0.1861,False
0.15,-0.15,3,0.25,0.1574,0.215,0.1862,False
0.25,-0.1,6,0.5,0.183,0.1895,0.1862,False
0.2,-0.1,7,0.4,0.1672,0.2053,0.1862,False
0.2,-0.1,7,0.45,0.1686,0.204,0.1863,False
0.25,-0.1,6,0.35,0.1789,0.1936,0.1863,False
0.2,-0.2,3,0.35,0.1656,0.2069,0.1863,False
0.1,-0.1,3,0.3,0.1533,0.2192,0.1863,False
0.2,-0.1,5,0.25,0.1682,0.2045,0.1864,False
0.2,-0.1,6,0.3,0.1671,0.2058,0.1864,False
0.15,-0.1,5,0.3,0.159,0.2138,0.1864,False
0.2,-0.2,3,0.5,0.17,0.203,0.1865,False
0.3,-0.1,3,0.55,0.2031,0.1699,0.1865,False
0.25,-0.1,7,0.45,0.1797,0.1936,0.1866,False
0.2,-0.1,4,0.2,0.1698,0.2034,0.1866,False
0.25,-0.1,3,0.2,0.1831,0.1902,0.1866,False
0.25,-0.1,7,0.4,0.1783,0.195,0.1866,False
0.3,-0.1,4,0.45,0.198,0.1754,0.1867,False
0.2,-0.1,7,0.35,0.1663,0.207,0.1867,False
0.2,-0.1,6,0.55,0.1742,0.1993,0.1867,False
0.25,-0.15,4,0.45,0.1809,0.1925,0.1867,False
0.25,-0.15,4,0.4,0.1795,0.1938,0.1867,False
0.3,-0.1,4,0.4,0.1968,0.1768,0.1868,False
0.2,-0.15,4,0.3,0.1663,0.2074,0.1868,False
0.2,-0.1,7,0.5,0.1706,0.2032,0.1869,False
0.25,-0.15,3,0.25,0.1795,0.1943,0.1869,False
0.15,-0.1,6,0.4,0.1597,0.2142,0.187,False
0.15,-0.2,3,0.4,0.1572,0.2168,0.187,False
0.15,-0.15,4,0.4,0.1585,0.2154,0.187,False
0.15,-0.1,5,0.55,0.1665,0.2076,0.187,False
0.3,-0.1,4,0.5,0.1997,0.1744,0.1871,False
0.1,-0.1,3,0.55,0.1611,0.2131,0.1871,False
0.25,-0.1,7,0.5,0.1815,0.1928,0.1871,False
0.15,-0.15,4,0.45,0.16,0.2142,0.1871,False
0.25,-0.1,7,0.35,0.1775,0.1968,0.1871,False
0.15,-0.1,6,0.45,0.1612,0.213,0.1871,False
0.2,-0.15,4,0.55,0.1735,0.2009,0.1872,False
0.2,-0.15,3,0.2,0.1678,0.2066,0.1872,False
0.25,-0.1,6,0.55,0.1853,0.1891,0.1872,False
0.3,-0.1,3,0.3,0.197,0.1774,0.1872,False
0.25,-0.15,4,0.5,0.1827,0.1916,0.1872,False
0.1,-0.1,4,0.4,0.1546,0.2198,0.1872,False
0.25,-0.15,4,0.35,0.1787,0.1957,0.1872,False
0.2,-0.2,3,0.3,0.1653,0.209,0.1872,False
0.15,-0.2,3,0.45,0.1587,0.2156,0.1872,False
0.25,-0.1,6,0.3,0.1786,0.1959,0.1873,False
0.15,-0.2,3,0.35,0.1562,0.2185,0.1873,False
0.25,-0.2,3,0.45,0.1802,0.1945,0.1873,False
0.25,-0.2,3,0.4,0.1788,0.1958,0.1873,False
0.15,-0.1,6,0.35,0.1588,0.2159,0.1873,False
0.15,-0.15,4,0.35,0.1576,0.2171,0.1873,False
0.1,-0.15,3,0.4,0.1522,0.2226,0.1874,False
0.1,-0.1,4,0.45,0.1562,0.2186,0.1874,False
0.3,-0.1,4,0.35,0.196,0.1789,0.1874,False
0.2,-0.1,3,0.15,0.1719,0.203,0.1874,False
0.1,-0.1,4,0.35,0.1536,0.2214,0.1875,False
0.1,-0.1,3,0.25,0.1536,0.2217,0.1876,False
0.1,-0.15,3,0.45,0.1538,0.2215,0.1876,False
0.25,-0.1,5,0.25,0.1802,0.195,0.1876,False
0.2,-0.2,3,0.55,0.1725,0.2027,0.1876,False
0.2,-0.1,7,0.3,0.166,0.2092,0.1876,False
0.15,-0.1,4,0.2,0.1604,0.215,0.1877,False
0.1,-0.15,3,0.35,0.1512,0.2242,0.1877,False
0.15,-0.15,4,0.5,0.1621,0.2134,0.1878,False
0.15,-0.1,5,0.25,0.1592,0.2164,0.1878,False
0.2,-0.1,6,0.25,0.1673,0.2084,0.1878,False
0.15,-0.2,3,0.5,0.1609,0.2148,0.1878,False
0.25,-0.2,3,0.35,0.178,0.1976,0.1878,False
0.25,-0.2,3,0.5,0.182,0.1936,0.1878,False
0.15,-0.1,6,0.5,0.1633,0.2122,0.1878,False
0.3,-0.15,3,0.45,0.1964,0.1791,0.1878,False
0.3,-0.1,4,0.55,0.2019,0.174,0.1879,False
0.3,-0.15,3,0.4,0.1951,0.1806,0.1879,False
0.3,-0.1,5,0.45,0.1966,0.1794,0.188,False
0.2,-0.1,7,0.55,0.1731,0.2028,0.188,False
0.25,-0.1,4,0.2,0.1821,0.1942,0.1881,False
0.3,-0.1,5,0.4,0.1954,0.1808,0.1881,False
0.1,-0.1,4,0.5,0.1583,0.2179,0.1881,False
0.15,-0.15,3,0.2,0.1582,0.218,0.1881,False
0.25,-0.1,7,0.55,0.1839,0.1924,0.1881,False
0.25,-0.1,7,0.3,0.1771,0.1991,0.1881,False
0.15,-0.1,6,0.3,0.1584,0.2179,0.1882,False
0.3,-0.15,3,0.5,0.1981,0.1782,0.1882,False
0.25,-0.15,4,0.3,0.1784,0.198,0.1882,False
0.25,-0.15,4,0.55,0.1851,0.1912,0.1882,False
0.15,-0.2,3,0.3,0.1559,0.2205,0.1882,False
0.15,-0.15,4,0.3,0.1572,0.2191,0.1882,False
0.1,-0.15,3,0.5,0.156,0.2207,0.1883,False
0.2,-0.15,4,0.25,0.1666,0.21,0.1883,False
0.15,-0.1,3,0.15,0.1623,0.2143,0.1883,False
0.2,-0.1,5,0.2,0.1691,0.2076,0.1883,False
0.3,-0.1,5,0.5,0.1983,0.1785,0.1884,False
0.1,-0.1,4,0.3,0.1533,0.2235,0.1884,False
0.15,-0.1,7,0.4,0.1591,0.2179,0.1885,False
0.3,-0.15,3,0.35,0.1944,0.1826,0.1885,False
0.1,-0.15,3,0.3,0.1509,0.2262,0.1886,False
0.2,-0.2,3,0.25,0.1656,0.2116,0.1886,False
0.3,-0.1,4,0.3,0.1957,0.1814,0.1886,False
0.2,-0.15,5,0.4,0.167,0.2102,0.1886,False
0.3,-0.1,5,0.35,0.1946,0.1828,0.1887,False
0.2,-0.15,5,0.45,0.1685,0.2089,0.1887,False
0.15,-0.1,7,0.45,0.1606,0.2167,0.1887,False
0.25,-0.2,3,0.3,0.1777,0.1999,0.1888,False
0.3,-0.1,3,0.25,0.1972,0.1805,0.1888,False
0.25,-0.2,3,0.55,0.1844,0.1932,0.1888,False
0.15,-0.1,7,0.35,0.1582,0.2195,0.1888,False
0.25,-0.1,6,0.25,0.1789,0.1987,0.1888,False
0.15,-0.1,6,0.55,0.166,0.2118,0.1889,False
0.25,-0.15,3,0.2,0.1802,0.1976,0.1889,False
0.15,-0.15,4,0.55,0.1648,0.2131,0.1889,False
0.15,-0.2,3,0.55,0.1635,0.2145,0.189,False
0.2,-0.1,7,0.25,0.1662,0.2118,0.189,False
0.3,-0.1,6,0.45,0.195,0.183,0.189,False
0.3,-0.15,3,0.55,0.2003,0.1778,0.189,False
0.2,-0.15,5,0.35,0.1662,0.2119,0.189,False
0.3,-0.1,6,0.4,0.1937,0.1844,0.1891,False
0.2,-0.1,4,0.15,0.1712,0.207,0.1891,False
0.25,-0.1,3,0.15,0.1843,0.1941,0.1892,False
0.3,-0.1,5,0.55,0.2005,0.178,0.1893,False
0.15,-0.1,7,0.5,0.1627,0.2159,0.1893,False
0.2,-0.15,5,0.5,0.1705,0.2081,0.1893,False
0.1,-0.1,4,0.55,0.1611,0.2175,0.1893,False
0.25,-0.15,5,0.45,0.1798,0.1991,0.1894,False
0.25,-0.15,5,0.4,0.1785,0.2004,0.1894,False
0.3,-0.1,6,0.5,0.1967,0.1821,0.1894,False
0.1,-0.1,3,0.2,0.1545,0.2246,0.1895,False
0.1,-0.1,5,0.4,0.1547,0.2243,0.1895,False
0.15,-0.15,4,0.25,0.1575,0.2216,0.1895,False
0.3,-0.1,7,0.4,0.1919,0.1874,0.1896,False
0.1,-0.15,3,0.55,0.1588,0.2204,0.1896,False
0.2,-0.15,3,0.15,0.1692,0.2101,0.1896,False
0.15,-0.1,6,0.25,0.1587,0.2204,0.1896,False
0.15,-0.2,3,0.25,0.1561,0.223,0.1896,False
0.25,-0.1,5,0.2,0.181,0.1982,0.1896,False
0.3,-0.1,7,0.45,0.1932,0.186,0.1896,False
0.25,-0.1,7,0.25,0.1774,0.2018,0.1896,False
0.3,-0.15,3,0.3,0.1941,0.185,0.1896,False
0.15,-0.1,5,0.2,0.1601,0.2193,0.1897,False
0.25,-0.15,4,0.25,0.1786,0.2007,0.1897,False
0.1,-0.1,4,0.25,0.1536,0.2259,0.1897,False
0.1,-0.1,5,0.45,0.1562,0.2231,0.1897,False
0.15,-0.1,7,0.3,0.1578,0.2216,0.1897,False
0.3,-0.1,6,0.35,0.193,0.1863,0.1897,False
0.1,-0.1,5,0.35,0.1537,0.2259,0.1898,False
0.2,-0.1,6,0.2,0.1681,0.2114,0.1898,False
0.3,-0.1,5,0.3,0.1943,0.1853,0.1898,False
0.1,-0.15,3,0.25,0.1511,0.2286,0.1899,False
0.25,-0.15,5,0.35,0.1776,0.2022,0.1899,False
0.2,-0.15,5,0.3,0.1658,0.214,0.1899,False
0.3,-0.1,7,0.5,0.1949,0.1851,0.19,False
0.25,-0.15,5,0.5,0.1817,0.1982,0.19,False
0.3,-0.1,4,0.25,0.196,0.1844,0.1902,False
0.2,-0.15,4,0.2,0.1674,0.213,0.1902,False
0.15,-0.1,4,0.15,0.1619,0.2184,0.1902,False
0.3,-0.1,7,0.35,0.1912,0.1893,0.1902,False
0.25,-0.2,3,0.25,0.1779,0.2026,0.1903,False
0.3,-0.1,6,0.55,0.1989,0.1817,0.1903,False
0.1,-0.1,5,0.5,0.1584,0.2224,0.1904,False
0.2,-0.15,5,0.55,0.173,0.2078,0.1904,False
0.3,-0.15,4,0.4,0.1939,0.187,0.1904,False
0.3,-0.15,4,0.45,0.1951,0.1856,0.1904,False
0.2,-0.25,3,0.4,0.1665,0.2143,0.1904,False
0.2,-0.1,3,0.1,0.1738,0.207,0.1904,False
0.2,-0.25,3,0.45,0.168,0.2131,0.1905,False
0.15,-0.15,3,0.15,0.1597,0.2213,0.1905,False
0.15,-0.15,5,0.4,0.1587,0.2223,0.1905,False
0.15,-0.1,7,0.55,0.1654,0.2156,0.1905,False
0.2,-0.2,3,0.2,0.1664,0.2146,0.1905,False
0.1,-0.1,5,0.3,0.1534,0.2279,0.1906,False
0.15,-0.15,5,0.45,0.1602,0.2211,0.1906,False
0.25,-0.1,4,0.15,0.1833,0.198,0.1907,False
0.25,-0.1,6,0.2,0.1796,0.2019,0.1907,False
0.3,-0.1,6,0.3,0.1927,0.1887,0.1907,False
0.2,-0.2,4,0.4,0.1669,0.2145,0.1907,False
0.2,-0.25,3,0.35,0.1656,0.216,0.1908,False
0.2,-0.1,5,0.15,0.1704,0.2111,0.1908,False
0.15,-0.15,5,0.35,0.1577,0.2239,0.1908,False
0.2,-0.2,4,0.45,0.1684,0.2132,0.1908,False
0.3,-0.15,4,0.5,0.1969,0.1847,0.1908,False
0.2,-0.1,7,0.2,0.167,0.2148,0.1909,False
0.1,-0.2,3,0.4,0.1513,0.2306,0.1909,False
0.25,-0.15,5,0.3,0.1773,0.2044,0.1909,False
0.3,-0.1,3,0.2,0.1979,0.184,0.1909,False
0.3,-0.1,7,0.55,0.1972,0.1847,0.1909,False
0.25,-0.15,5,0.55,0.1841,0.1979,0.191,False
0.3,-0.15,4,0.35,0.1931,0.1889,0.191,False
0.15,-0.1,7,0.25,0.1581,0.224,0.1911,False
0.2,-0.25,3,0.5,0.17,0.2123,0.1911,False
0.3,-0.15,3,0.25,0.1943,0.1879,0.1911,False
0.2,-0.2,4,0.35,0.166,0.2161,0.1911,False
0.1,-0.15,4,0.4,0.1529,0.2294,0.1912,False
0.3,-0.1,7,0.3,0.1909,0.1916,0.1912,False
0.1,-0.2,3,0.45,0.1529,0.2294,0.1912,False
0.1,-0.2,3,0.35,0.1503,0.2321,0.1912,False
0.15,-0.1,3,0.1,0.1643,0.2182,0.1912,False
0.2,-0.15,6,0.4,0.1663,0.2164,0.1913,False
0.2,-0.15,5,0.25,0.1661,0.2165,0.1913,False
0.3,-0.2,3,0.45,0.1947,0.1879,0.1913,False
0.15,-0.15,5,0.5,0.1623,0.2203,0.1913,False
0.25,-0.15,3,0.15,0.1815,0.2013,0.1914,False
0.3,-0.2,3,0.4,0.1934,0.1893,0.1914,False
0.15,-0.1,6,0.2,0.1596,0.2233,0.1914,False
0.15,-0.2,3,0.2,0.157,0.2258,0.1914,False
0.15,-0.15,4,0.2,0.1583,0.2245,0.1914,False
0.1,-0.15,4,0.45,0.1545,0.2283,0.1914,False
0.3,-0.1,5,0.25,0.1946,0.1882,0.1914,False
0.2,-0.2,4,0.5,0.1704,0.2124,0.1914,False
0.1,-0.15,4,0.35,0.152,0.231,0.1915,False
0.2,-0.15,6,0.45,0.1677,0.2152,0.1915,False
0.1,-0.1,4,0.2,0.1544,0.2287,0.1916,False
0.25,-0.1,7,0.2,0.1781,0.205,0.1916,False
0.1,-0.1,6,0.4,0.1547,0.2286,0.1916,False
0.15,-0.15,5,0.3,0.1574,0.2259,0.1916,False
0.15,-0.25,3,0.4,0.1574,0.2258,0.1916,False
0.1,-0.1,5,0.55,0.1611,0.2221,0.1916,False
0.25,-0.15,4,0.2,0.1794,0.2039,0.1916,False
0.2,-0.15,6,0.35,0.1654,0.218,0.1917,False
0.1,-0.15,3,0.2,0.152,0.2314,0.1917,False
0.25,-0.15,6,0.45,0.1784,0.205,0.1917,False
0.25,-0.15,6,0.4,0.1771,0.2063,0.1917,False
0.3,-0.15,4,0.55,0.1991,0.1843,0.1917,False
0.2,-0.25,3,0.3,0.1653,0.2181,0.1917,False
0.3,-0.2,3,0.5,0.1964,0.187,0.1917,False
0.05,-0.1,3,0.4,0.152,0.2315,0.1918,False
0.25,-0.2,4,0.45,0.1799,0.2037,0.1918,False
0.35,-0.1,3,0.45,0.2157,0.168,0.1918,False
0.25,-0.2,4,0.4,0.1785,0.205,0.1918,False
0.1,-0.1,6,0.45,0.1562,0.2274,0.1918,False
0.15,-0.25,3,0.45,0.159,0.2246,0.1918,False
0.3,-0.2,3,0.35,0.1927,0.1912,0.1919,False
0.1,-0.1,6,0.35,0.1537,0.2302,0.1919,False
0.2,-0.2,4,0.3,0.1657,0.2182,0.1919,False
0.15,-0.25,3,0.35,0.1565,0.2273,0.1919,False
0.1,-0.2,3,0.5,0.1551,0.2287,0.1919,False
0.25,-0.25,3,0.4,0.1785,0.2052,0.1919,False
0.1,-0.1,3,0.15,0.1559,0.2278,0.1919,False
0.25,-0.25,3,0.45,0.1799,0.2039,0.1919,False
0.1,-0.1,5,0.25,0.1536,0.2303,0.192,False
0.05,-0.1,3,0.35,0.151,0.2331,0.192,False
0.1,-0.2,3,0.3,0.1499,0.234,0.192,False
0.2,-0.1,4,0.1,0.1731,0.211,0.192,False
0.05,-0.1,3,0.45,0.1536,0.2304,0.192,False
0.25,-0.1,5,0.15,0.1822,0.2019,0.1921,False
0.2,-0.15,6,0.5,0.1697,0.2144,0.1921,False
0.3,-0.15,4,0.3,0.1928,0.1913,0.1921,False
0.1,-0.15,4,0.5,0.1567,0.2275,0.1921,False
0.15,-0.1,5,0.15,0.1615,0.2226,0.1921,False
0.35,-0.1,3,0.4,0.2146,0.1695,0.1921,False
0.35,-0.1,3,0.5,0.2173,0.167,0.1921,False
0.25,-0.15,6,0.35,0.1762,0.208,0.1921,False
0.2,-0.1,6,0.15,0.1695,0.2149,0.1922,False
0.25,-0.2,3,0.2,0.1787,0.2058,0.1922,False
0.25,-0.1,3,0.1,0.1861,0.1983,0.1922,False
0.2,-0.25,3,0.55,0.1725,0.212,0.1922,False
0.25,-0.2,4,0.35,0.1777,0.2067,0.1922,False
0.3,-0.1,4,0.2,0.1966,0.1878,0.1922,False
0.1,-0.15,4,0.3,0.1516,0.2329,0.1923,False
0.25,-0.2,4,0.5,0.1817,0.2029,0.1923,False
0.25,-0.25,3,0.35,0.1777,0.2069,0.1923,False
0.3,-0.1,6,0.25,0.1929,0.1916,0.1923,False
0.25,-0.15,5,0.25,0.1775,0.207,0.1923,False
0.25,-0.15,6,0.5,0.1803,0.2042,0.1923,False
0.15,-0.2,4,0.4,0.1583,0.2262,0.1923,False
0.25,-0.25,3,0.5,0.1817,0.2031,0.1924,False
0.15,-0.2,4,0.45,0.1599,0.225,0.1924,False
0.2,-0.15,3,0.1,0.1711,0.214,0.1925,False
0.2,-0.2,4,0.55,0.1729,0.2121,0.1925,False
0.1,-0.1,6,0.5,0.1584,0.2267,0.1925,False
0.15,-0.15,5,0.55,0.1649,0.22,0.1925,False
0.15,-0.25,3,0.5,0.1611,0.2238,0.1925,False
0.15,-0.2,4,0.35,0.1574,0.2278,0.1926,False
0.2,-0.15,4,0.15,0.1688,0.2164,0.1926,False
0.3,-0.2,3,0.55,0.1986,0.1866,0.1926,False
0.2,-0.15,6,0.3,0.165,0.2201,0.1926,False
0.05,-0.1,3,0.5,0.1558,0.2297,0.1927,False
0.1,-0.1,6,0.3,0.1533,0.2321,0.1927,False
0.15,-0.25,3,0.3,0.1561,0.2293,0.1927,False
0.3,-0.15,5,0.45,0.1936,0.1919,0.1927,False
0.3,-0.15,5,0.4,0.1923,0.1932,0.1928,False
0.3,-0.1,7,0.25,0.1911,0.1945,0.1928,False
0.05,-0.1,3,0.3,0.1507,0.235,0.1928,False
0.35,-0.1,3,0.35,0.2139,0.1716,0.1928,False
0.3,-0.2,3,0.3,0.1924,0.1935,0.1929,False
0.2,-0.2,3,0.15,0.1678,0.218,0.1929,False
0.35,-0.1,3,0.55,0.2193,0.1665,0.1929,False
0.15,-0.1,7,0.2,0.1589,0.2269,0.1929,False
0.15,-0.15,5,0.25,0.1576,0.2283,0.193,False
0.15,-0.1,4,0.1,0.1639,0.2222,0.193,False
0.2,-0.25,3,0.25,0.1655,0.2206,0.193,False
0.35,-0.1,4,0.45,0.2143,0.1718,0.1931,False
0.1,-0.2,3,0.55,0.1579,0.2284,0.1931,False
0.25,-0.2,4,0.3,0.1774,0.2089,0.1931,False
0.15,-0.2,4,0.5,0.162,0.2243,0.1931,False
0.25,-0.15,6,0.3,0.1759,0.2102,0.1931,False
0.2,-0.15,6,0.55,0.1723,0.2141,0.1932,False
0.25,-0.25,3,0.3,0.1774,0.2091,0.1932,False
0.3,-0.15,5,0.5,0.1954,0.191,0.1932,False
0.3,-0.15,3,0.2,0.195,0.1913,0.1932,False
0.35,-0.1,4,0.4,0.2132,0.1733,0.1932,False
0.2,-0.15,5,0.2,0.1669,0.2195,0.1932,False
0.25,-0.1,6,0.15,0.1809,0.2055,0.1932,False
0.3,-0.15,5,0.35,0.1916,0.1951,0.1933,False
0.25,-0.15,6,0.55,0.1827,0.2039,0.1933,False
0.25,-0.2,4,0.55,0.1841,0.2025,0.1933,False
0.1,-0.15,4,0.55,0.1594,0.2272,0.1933,False
0.2,-0.2,4,0.25,0.1659,0.2207,0.1933,False
0.2,-0.1,7,0.15,0.1684,0.2182,0.1933,False
0.1,-0.2,3,0.25,0.1502,0.2364,0.1933,False
0.3,-0.1,5,0.2,0.1952,0.1916,0.1934,False
0.25,-0.15,7,0.4,0.1754,0.2114,0.1934,False
0.35,-0.1,4,0.5,0.2159,0.1708,0.1934,False
0.25,-0.25,3,0.55,0.1841,0.2027,0.1934,False
0.15,-0.15,3,0.1,0.1617,0.225,0.1934,False
0.15,-0.2,4,0.3,0.157,0.2297,0.1934,False
0.25,-0.15,7,0.45,0.1768,0.2101,0.1934,False
0.3,-0.1,3,0.15,0.199,0.188,0.1935,False
0.1,-0.1,7,0.4,0.1546,0.2324,0.1935,False
0.2,-0.15,7,0.4,0.1653,0.2218,0.1935,False
0.15,-0.15,6,0.4,0.1586,0.2287,0.1936,False
0.3,-0.15,4,0.25,0.193,0.1941,0.1936,False
0.15,-0.25,3,0.55,0.1638,0.2235,0.1936,False
0.1,-0.15,4,0.25,0.1519,0.2352,0.1936,False
0.25,-0.1,4,0.1,0.1851,0.2021,0.1936,False
0.1,-0.1,6,0.55,0.1611,0.2264,0.1937,False
0.2,-0.15,7,0.45,0.1667,0.2206,0.1937,False
0.2,-0.1,5,0.1,0.1723,0.215,0.1937,False
0.1,-0.1,7,0.45,0.1561,0.2313,0.1937,False
0.1,-0.1,5,0.2,0.1545,0.2331,0.1938,False
0.1,-0.1,7,0.35,0.1536,0.234,0.1938,False
0.15,-0.1,6,0.15,0.161,0.2266,0.1938,False
0.15,-0.15,4,0.15,0.1598,0.2277,0.1938,False
0.15,-0.2,3,0.15,0.1585,0.2291,0.1938,False
0.15,-0.15,6,0.45,0.1601,0.2275,0.1938,False
0.25,-0.15,7,0.35,0.1745,0.213,0.1938,False
0.2,-0.1,3,0.05,0.1762,0.2115,0.1938,False
0.2,-0.15,6,0.25,0.1653,0.2226,0.1939,False
0.35,-0.1,4,0.35,0.2125,0.1754,0.1939,False
0.35,-0.1,3,0.3,0.2136,0.1742,0.1939,False
0.15,-0.15,6,0.35,0.1576,0.2302,0.1939,False
0.2,-0.15,7,0.35,0.1643,0.2234,0.1939,False
0.1,-0.1,4,0.15,0.1559,0.2319,0.1939,False
0.15,-0.25,3,0.25,0.1564,0.2317,0.194,False
0.05,-0.1,3,0.55,0.1586,0.2293,0.194,False
0.25,-0.1,7,0.15,0.1794,0.2085,0.194,False
0.25,-0.15,7,0.5,0.1787,0.2093,0.194,False
0.1,-0.1,6,0.25,0.1536,0.2345,0.194,False
0.05,-0.15,3,0.4,0.1499,0.2384,0.1941,False
0.25,-0.15,4,0.15,0.1807,0.2075,0.1941,False
0.35,-0.1,5,0.45,0.2127,0.1755,0.1941,False
0.1,-0.15,3,0.15,0.1535,0.2346,0.1941,False
0.3,-0.15,5,0.55,0.1976,0.1906,0.1941,False
0.35,-0.1,4,0.55,0.2179,0.1704,0.1941,False
0.05,-0.1,3,0.25,0.151,0.2373,0.1941,False
0.05,-0.1,4,0.4,0.1524,0.2358,0.1941,False
0.25,-0.15,5,0.2,0.1783,0.2101,0.1942,False
0.25,-0.15,3,0.1,0.1833,0.2054,0.1943,False
0.3,-0.15,5,0.3,0.1913,0.1974,0.1943,False
0.2,-0.15,7,0.5,0.1687,0.2198,0.1943,False
0.35,-0.15,3,0.45,0.2129,0.1757,0.1943,False
0.05,-0.1,4,0.45,0.154,0.2347,0.1943,False
0.35,-0.1,5,0.4,0.2116,0.177,0.1943,False
0.15,-0.2,4,0.55,0.1646,0.224,0.1943,False
0.3,-0.1,6,0.2,0.1936,0.1949,0.1943,False
0.35,-0.1,5,0.5,0.2143,0.1745,0.1944,False
0.05,-0.15,3,0.35,0.1489,0.2399,0.1944,False
0.05,-0.1,4,0.35,0.1514,0.2373,0.1944,False
0.05,-0.15,3,0.45,0.1515,0.2373,0.1944,False
0.1,-0.1,7,0.5,0.1583,0.2306,0.1944,False
0.25,-0.15,6,0.25,0.1761,0.2128,0.1945,False
0.15,-0.15,6,0.5,0.1622,0.2268,0.1945,False
0.3,-0.2,3,0.25,0.1926,0.1963,0.1945,False
0.25,-0.2,4,0.25,0.1776,0.2115,0.1945,False
0.35,-0.15,3,0.4,0.2117,0.1772,0.1945,False
0.25,-0.2,3,0.15,0.1799,0.2093,0.1946,False
0.3,-0.15,6,0.4,0.1904,0.1988,0.1946,False
0.3,-0.15,6,0.45,0.1917,0.1975,0.1946,False
0.1,-0.1,7,0.3,0.1532,0.2359,0.1946,False
0.35,-0.15,3,0.5,0.2145,0.1747,0.1946,False
0.15,-0.1,3,0.05,0.1668,0.2224,0.1946,False
0.25,-0.25,3,0.25,0.1776,0.2117,0.1947,False
0.3,-0.1,4,0.15,0.1978,0.1917,0.1947,False
0.1,-0.1,3,0.1,0.158,0.2314,0.1947,False
0.2,-0.15,7,0.3,0.164,0.2254,0.1947,False
0.15,-0.2,4,0.25,0.1573,0.2321,0.1947,False
0.25,-0.15,7,0.3,0.1742,0.2152,0.1947,False
0.3,-0.1,7,0.2,0.1918,0.1977,0.1948,False
0.35,-0.1,6,0.45,0.2108,0.1787,0.1948,False
0.15,-0.15,6,0.3,0.1573,0.2322,0.1948,False
0.15,-0.15,5,0.2,0.1585,0.2311,0.1948,False
0.35,-0.1,6,0.4,0.2097,0.1802,0.1949,False
0.2,-0.25,3,0.2,0.1663,0.2234,0.1949,False
0.35,-0.1,5,0.35,0.2109,0.179,0.1949,False
0.15,-0.1,5,0.1,0.1635,0.2263,0.1949,False
0.35,-0.1,7,0.45,0.2088,0.1813,0.195,False
0.25,-0.15,7,0.55,0.1811,0.209,0.195,False
0.25,-0.1,5,0.1,0.184,0.206,0.195,False
0.3,-0.15,6,0.5,0.1935,0.1966,0.195,False
0.1,-0.15,5,0.4,0.1538,0.2363,0.1951,False
0.05,-0.1,4,0.3,0.151,0.2392,0.1951,False
0.35,-0.15,3,0.35,0.211,0.1792,0.1951,False
0.05,-0.15,3,0.5,0.1537,0.2366,0.1951,False
0.1,-0.2,3,0.2,0.1511,0.2391,0.1951,False
0.35,-0.1,4,0.3,0.2122,0.1779,0.1951,False
0.3,-0.15,6,0.35,0.1896,0.2006,0.1951,False
0.05,-0.1,4,0.5,0.1562,0.234,0.1951,False
0.35,-0.1,6,0.5,0.2124,0.1778,0.1951,False
0.2,-0.1,6,0.1,0.1714,0.2187,0.1951,False
0.05,-0.15,3,0.3,0.1485,0.2418,0.1951,False
0.35,-0.1,7,0.4,0.2076,0.1827,0.1952,False
0.15,-0.1,7,0.15,0.1604,0.2301,0.1952,False
0.2,-0.2,4,0.2,0.1668,0.2236,0.1952,False
0.35,-0.1,5,0.55,0.2163,0.1741,0.1952,False
0.3,-0.2,4,0.45,0.1938,0.1968,0.1953,False
0.1,-0.15,5,0.45,0.1554,0.2352,0.1953,False
0.1,-0.15,5,0.35,0.1528,0.2378,0.1953,False
0.2,-0.2,5,0.4,0.1672,0.2237,0.1954,False
0.35,-0.15,3,0.55,0.2165,0.1743,0.1954,False
0.2,-0.1,4,0.05,0.1755,0.2153,0.1954,False
0.1,-0.15,4,0.2,0.1528,0.238,0.1954,False
0.2,-0.15,7,0.55,0.1713,0.2195,0.1954,False
0.35,-0.1,7,0.5,0.2104,0.1804,0.1954,False
0.3,-0.2,4,0.4,0.1925,0.1982,0.1954,False
0.1,-0.25,3,0.4,0.1519,0.2392,0.1955,False
0.2,-0.15,5,0.15,0.1683,0.2228,0.1955,False
0.2,-0.15,4,0.1,0.1707,0.2203,0.1955,False
0.2,-0.2,5,0.45,0.1686,0.2225,0.1955,False
0.35,-0.1,3,0.25,0.2138,0.1773,0.1956,False
0.25,-0.1,3,0.05,0.1883,0.2029,0.1956,False
0.1,-0.1,7,0.55,0.161,0.2303,0.1956,False
0.35,-0.1,6,0.35,0.209,0.1822,0.1956,False
0.3,-0.15,4,0.2,0.1937,0.1974,0.1956,False
0.3,-0.15,3,0.15,0.1962,0.1951,0.1957,False
0.15,-0.15,6,0.55,0.1649,0.2265,0.1957,False
0.1,-0.25,3,0.35,0.1509,0.2407,0.1958,False
0.3,-0.15,5,0.25,0.1915,0.2001,0.1958,False
0.3,-0.15,7,0.45,0.1895,0.2021,0.1958,False
0.2,-0.15,6,0.2,0.1661,0.2254,0.1958,False
0.1,-0.1,6,0.2,0.1545,0.2372,0.1958,False
0.3,-0.2,4,0.5,0.1955,0.196,0.1958,False
0.3,-0.15,7,0.4,0.1882,0.2034,0.1958,False
0.3,-0.25,3,0.45,0.1942,0.1974,0.1958,False
0.1,-0.25,3,0.45,0.1535,0.2381,0.1958,False
0.35,-0.1,7,0.35,0.2069,0.1847,0.1958,False
0.3,-0.25,3,0.4,0.1929,0.1987,0.1958,False
0.2,-0.2,5,0.35,0.1663,0.2253,0.1958,False
0.2,-0.2,3,0.1,0.1697,0.2218,0.1958,False
0.1,-0.1,7,0.25,0.1535,0.2382,0.1958,False
0.05,-0.1,3,0.2,0.1518,0.24,0.1959,False
0.3,-0.1,5,0.15,0.1964,0.1954,0.1959,False
0.2,-0.15,3,0.05,0.1735,0.2183,0.1959,False
0.25,-0.2,5,0.4,0.1779,0.214,0.1959,False
0.3,-0.2,4,0.35,0.1918,0.2,0.1959,False
0.15,-0.25,3,0.2,0.1573,0.2344,0.1959,False
0.35,-0.1,6,0.55,0.2145,0.1774,0.1959,False
0.2,-0.3,3,0.4,0.1678,0.2242,0.196,False
0.25,-0.2,5,0.45,0.1793,0.2127,0.196,False
0.3,-0.15,6,0.55,0.1957,0.1962,0.196,False
0.2,-0.15,7,0.25,0.1643,0.2278,0.196,False
0.1,-0.15,5,0.5,0.1575,0.2345,0.196,False
0.15,-0.15,6,0.25,0.1576,0.2345,0.1961,False
0.1,-0.15,5,0.3,0.1524,0.2397,0.1961,False
0.35,-0.1,5,0.3,0.2106,0.1815,0.1961,False
0.3,-0.15,6,0.3,0.1894,0.2028,0.1961,False
0.25,-0.1,6,0.1,0.1827,0.2095,0.1961,False
0.2,-0.3,3,0.45,0.1693,0.223,0.1961,False
0.25,-0.15,7,0.25,0.1745,0.2177,0.1961,False
0.1,-0.1,5,0.15,0.156,0.2362,0.1961,False
0.2,-0.1,7,0.1,0.1703,0.222,0.1961,False
0.35,-0.15,3,0.3,0.2108,0.1817,0.1962,False
0.3,-0.25,3,0.5,0.1959,0.1966,0.1962,False
0.35,-0.1,7,0.55,0.2124,0.18,0.1962,False
0.2,-0.2,5,0.5,0.1706,0.2217,0.1962,False
0.2,-0.3,3,0.35,0.1669,0.2258,0.1963,False
0.25,-0.15,6,0.2,0.1769,0.2158,0.1963,False
0.3,-0.15,7,0.35,0.1874,0.2051,0.1963,False
0.05,-0.1,4,0.55,0.1589,0.2337,0.1963,False
0.3,-0.25,3,0.35,0.1921,0.2005,0.1963,False
0.15,-0.15,7,0.4,0.1583,0.2343,0.1963,False
0.3,-0.15,7,0.5,0.1913,0.2013,0.1963,False
0.05,-0.15,3,0.55,0.1565,0.2363,0.1964,False
0.05,-0.15,3,0.25,0.1488,0.244,0.1964,False
0.25,-0.2,5,0.35,0.1771,0.2156,0.1964,False
0.05,-0.1,4,0.25,0.1513,0.2415,0.1964,False
0.25,-0.2,4,0.2,0.1783,0.2145,0.1964,False
0.15,-0.1,4,0.05,0.1664,0.2263,0.1964,False
0.3,-0.2,3,0.2,0.1933,0.1996,0.1964,False
0.25,-0.25,3,0.2,0.1784,0.2147,0.1965,False
0.3,-0.1,3,0.1,0.2006,0.1923,0.1965,False
0.1,-0.25,3,0.3,0.1505,0.2425,0.1965,False
0.15,-0.2,4,0.2,0.1582,0.2349,0.1965,False
0.1,-0.25,3,0.5,0.1557,0.2374,0.1965,False
0.15,-0.15,7,0.45,0.1598,0.2332,0.1965,False
0.15,-0.15,4,0.1,0.1618,0.2314,0.1966,False
0.35,-0.15,4,0.45,0.2113,0.1818,0.1966,False
0.15,-0.15,7,0.35,0.1574,0.2358,0.1966,False
0.15,-0.1,6,0.1,0.163,0.2302,0.1966,False
0.1,-0.2,4,0.4,0.1532,0.2399,0.1966,False
0.25,-0.15,5,0.15,0.1796,0.2136,0.1966,False
0.25,-0.2,5,0.5,0.1812,0.2119,0.1966,False
0.05,-0.1,5,0.4,0.1529,0.2403,0.1966,False
0.15,-0.2,3,0.1,0.1605,0.2327,0.1966,False
0.2,-0.2,5,0.3,0.1659,0.2273,0.1966,False
0.35,-0.1,6,0.3,0.2087,0.1846,0.1967,False
0.3,-0.1,6,0.15,0.1948,0.1987,0.1967,False
0.35,-0.15,4,0.4,0.2102,0.1832,0.1967,False
0.15,-0.15,3,0.05,0.1643,0.2291,0.1967,False
0.3,-0.2,4,0.55,0.1978,0.1956,0.1967,False
0.1,-0.1,4,0.1,0.158,0.2355,0.1967,False
0.35,-0.1,4,0.25,0.2124,0.181,0.1967,False
0.1,-0.2,4,0.35,0.1523,0.2414,0.1968,False
0.3,-0.2,4,0.3,0.1915,0.2022,0.1968,False
0.1,-0.2,4,0.45,0.1548,0.2388,0.1968,False
0.2,-0.3,3,0.5,0.1713,0.2222,0.1968,False
0.35,-0.15,4,0.5,0.2129,0.1809,0.1969,False
0.05,-0.1,5,0.45,0.1545,0.2392,0.1969,False
0.25,-0.15,4,0.1,0.1824,0.2114,0.1969,False
0.1,-0.15,3,0.1,0.1556,0.2381,0.1969,False
0.05,-0.1,5,0.35,0.1519,0.2418,0.1969,False
0.35,-0.1,7,0.3,0.2066,0.1871,0.1969,False
0.25,-0.1,7,0.1,0.1812,0.2125,0.1969,False
0.2,-0.1,5,0.05,0.1747,0.2193,0.197,False
0.25,-0.1,4,0.05,0.1874,0.2067,0.197,False
0.15,-0.15,5,0.15,0.1599,0.2343,0.1971,False
0.2,-0.25,3,0.15,0.1677,0.2267,0.1972,False
0.3,-0.25,3,0.55,0.1981,0.1962,0.1972,False
0.3,-0.15,7,0.3,0.1871,0.2073,0.1972,False
0.15,-0.3,3,0.4,0.1591,0.2353,0.1972,False
0.2,-0.3,3,0.3,0.1666,0.2278,0.1972,False
0.3,-0.15,7,0.55,0.1935,0.2009,0.1972,False
0.1,-0.15,5,0.55,0.1602,0.2342,0.1972,False
0.25,-0.2,5,0.3,0.1768,0.2177,0.1972,False
0.15,-0.15,7,0.5,0.162,0.2325,0.1972,False
0.2,-0.25,4,0.4,0.1681,0.2263,0.1972,False
0.3,-0.1,7,0.15,0.193,0.2014,0.1972,False
0.2,-0.2,5,0.55,0.1731,0.2214,0.1973,False
0.35,-0.15,4,0.35,0.2094,0.1852,0.1973,False
0.2,-0.25,4,0.45,0.1696,0.2251,0.1973,False
0.3,-0.25,3,0.3,0.1919,0.2028,0.1973,False
0.25,-0.3,3,0.4,0.1795,0.2153,0.1974,False
0.25,-0.3,3,0.45,0.1808,0.214,0.1974,False
0.15,-0.15,7,0.3,0.157,0.2378,0.1974,False
0.1,-0.15,5,0.25,0.1527,0.242,0.1974,False
0.1,-0.2,3,0.15,0.1526,0.2421,0.1974,False
0.15,-0.3,3,0.45,0.1607,0.2342,0.1974,False
0.2,-0.25,4,0.35,0.1672,0.2279,0.1975,False
0.2,-0.2,4,0.15,0.1681,0.2268,0.1975,False
0.25,-0.2,3,0.1,0.1817,0.2133,0.1975,False
0.15,-0.2,5,0.4,0.1595,0.2355,0.1975,False
0.1,-0.2,4,0.5,0.157,0.2381,0.1975,False
0.3,-0.15,6,0.25,0.1896,0.2055,0.1975,False
0.15,-0.3,3,0.35,0.1582,0.2368,0.1975,False
0.1,-0.15,4,0.15,0.1543,0.241,0.1976,False
0.35,-0.1,5,0.25,0.2108,0.1845,0.1976,False
0.05,-0.2,3,0.4,0.1493,0.246,0.1976,False
0.1,-0.1,7,0.2,0.1544,0.2409,0.1976,False
0.05,-0.1,5,0.3,0.1516,0.2436,0.1976,False
0.05,-0.1,5,0.5,0.1567,0.2385,0.1976,False
0.25,-0.2,5,0.55,0.1835,0.2116,0.1976,False
0.1,-0.2,4,0.3,0.1519,0.2432,0.1976,False
0.3,-0.1,4,0.1,0.1994,0.196,0.1977,False
0.1,-0.25,3,0.55,0.1584,0.2371,0.1977,False
0.35,-0.15,4,0.55,0.2149,0.1805,0.1977,False
0.35,-0.1,3,0.2,0.2145,0.1809,0.1977,False
0.25,-0.15,3,0.05,0.1856,0.2098,0.1977,False
0.35,-0.2,3,0.45,0.2111,0.1844,0.1977,False
0.15,-0.2,5,0.45,0.161,0.2344,0.1977,False
0.15,-0.15,6,0.2,0.1584,0.2373,0.1978,False
0.35,-0.15,3,0.25,0.211,0.1847,0.1978,False
0.1,-0.25,3,0.25,0.1508,0.2448,0.1978,False
0.3,-0.15,5,0.2,0.1922,0.2033,0.1978,False
0.2,-0.3,3,0.55,0.1738,0.2219,0.1978,False
0.2,-0.15,7,0.2,0.1651,0.2306,0.1978,False
0.25,-0.3,3,0.35,0.1787,0.2169,0.1978,False
0.15,-0.2,5,0.35,0.1585,0.2371,0.1978,False
0.05,-0.2,3,0.35,0.1482,0.2474,0.1978,False
0.25,-0.15,7,0.2,0.1752,0.2206,0.1979,False
0.05,-0.2,3,0.45,0.1509,0.2449,0.1979,False
0.2,-0.2,5,0.25,0.1662,0.2296,0.1979,False
0.35,-0.2,3,0.4,0.2099,0.1858,0.1979,False
0.2,-0.25,4,0.5,0.1715,0.2244,0.198,False
0.3,-0.15,4,0.15,0.1949,0.2011,0.198,False
0.1,-0.1,3,0.05,0.1606,0.2354,0.198,False
0.25,-0.3,3,0.5,0.1827,0.2133,0.198,False
0.15,-0.1,7,0.1,0.1624,0.2337,0.198,False
0.15,-0.25,3,0.15,0.1587,0.2376,0.1981,False
0.25,-0.25,4,0.4,0.1792,0.217,0.1981,False
0.2,-0.15,6,0.15,0.1675,0.2287,0.1981,False
0.05,-0.15,4,0.4,0.1512,0.2451,0.1981,False
0.1,-0.1,6,0.15,0.156,0.2403,0.1981,False
0.35,-0.2,3,0.5,0.2127,0.1835,0.1981,False
0.15,-0.3,3,0.5,0.1628,0.2335,0.1981,False
0.05,-0.1,3,0.15,0.1534,0.243,0.1982,False
0.35,-0.1,6,0.25,0.2089,0.1876,0.1982,False
0.15,-0.1,5,0.05,0.166,0.2304,0.1982,False
0.25,-0.25,4,0.45,0.1805,0.2158,0.1982,False
0.05,-0.1,4,0.2,0.1522,0.2441,0.1982,False
0.05,-0.15,3,0.2,0.1497,0.2466,0.1982,False
0.25,-0.1,5,0.05,0.1863,0.2104,0.1983,False
0.3,-0.2,4,0.25,0.1917,0.2049,0.1983,False
0.15,-0.3,3,0.3,0.1579,0.2387,0.1983,False
0.2,-0.15,5,0.1,0.1702,0.2265,0.1983,False
0.15,-0.2,5,0.5,0.1631,0.2337,0.1984,False
0.35,-0.15,4,0.3,0.2092,0.1876,0.1984,False
0.2,-0.1,6,0.05,0.1738,0.2229,0.1984,False
0.35,-0.1,7,0.25,0.2068,0.19,0.1984,False
0.2,-0.25,4,0.3,0.1669,0.2298,0.1984,False
0.05,-0.15,4,0.45,0.1528,0.244,0.1984,False
0.15,-0.15,7,0.55,0.1646,0.2322,0.1984,False
0.05,-0.15,4,0.35,0.1502,0.2465,0.1984,False
0.35,-0.2,3,0.35,0.2092,0.1877,0.1985,False
0.35,-0.15,5,0.45,0.2094,0.1876,0.1985,False
0.25,-0.25,4,0.35,0.1784,0.2186,0.1985,False
0.2,-0.3,3,0.25,0.1669,0.2301,0.1985,False
0.15,-0.2,5,0.3,0.1582,0.239,0.1986,False
0.25,-0.2,5,0.25,0.177,0.2202,0.1986,False
0.35,-0.15,5,0.4,0.2082,0.189,0.1986,False
0.3,-0.15,7,0.25,0.1873,0.21,0.1986,False
0.05,-0.2,3,0.3,0.1479,0.2493,0.1986,False
0.3,-0.15,3,0.1,0.1978,0.1994,0.1986,False
0.25,-0.15,6,0.15,0.1782,0.2192,0.1987,False
0.25,-0.3,3,0.3,0.1783,0.219,0.1987,False
0.25,-0.25,4,0.5,0.1824,0.215,0.1987,False
0.1,-0.15,6,0.4,0.1545,0.2429,0.1987,False
0.05,-0.2,3,0.5,0.1531,0.2442,0.1987,False
0.15,-0.15,7,0.25,0.1573,0.24,0.1987,False
0.35,-0.1,4,0.2,0.2131,0.1845,0.1988,False
0.2,-0.15,4,0.05,0.1731,0.2244,0.1988,False
0.3,-0.1,5,0.1,0.1981,0.1996,0.1988,False
0.15,-0.2,4,0.15,0.1596,0.238,0.1988,False
0.3,-0.2,3,0.15,0.1945,0.2032,0.1988,False
0.3,-0.25,3,0.25,0.1921,0.2054,0.1988,False
0.1,-0.2,4,0.55,0.1597,0.2378,0.1988,False
0.1,-0.2,4,0.25,0.1522,0.2455,0.1988,False
0.25,-0.2,4,0.15,0.1796,0.2179,0.1988,False
0.05,-0.1,5,0.55,0.1594,0.2382,0.1988,False
0.35,-0.2,3,0.55,0.2147,0.1831,0.1989,False
0.1,-0.15,6,0.35,0.1535,0.2443,0.1989,False
0.15,-0.25,4,0.4,0.1601,0.2378,0.1989,False
0.1,-0.15,6,0.45,0.156,0.2418,0.1989,False
0.25,-0.25,3,0.15,0.1796,0.2181,0.1989,False
0.1,-0.1,5,0.1,0.1581,0.2397,0.1989,False
0.05,-0.1,5,0.25,0.1518,0.2459,0.1989,False
0.35,-0.15,5,0.5,0.211,0.1867,0.1989,False
0.3,-0.2,5,0.45,0.1925,0.2055,0.199,False
0.05,-0.1,6,0.4,0.1534,0.2446,0.199,False
0.25,-0.3,3,0.55,0.1851,0.2129,0.199,False
0.2,-0.2,3,0.05,0.1721,0.226,0.199,False
0.3,-0.2,5,0.4,0.1913,0.2067,0.199,False
0.1,-0.15,5,0.2,0.1536,0.2446,0.1991,False
0.2,-0.25,4,0.55,0.174,0.2241,0.1991,False
0.05,-0.15,4,0.3,0.1498,0.2484,0.1991,False
0.15,-0.25,4,0.45,0.1616,0.2367,0.1991,False
0.05,-0.15,4,0.5,0.155,0.2433,0.1992,False
0.35,-0.15,5,0.35,0.2075,0.1909,0.1992,False
0.15,-0.25,4,0.35,0.1591,0.2393,0.1992,False
0.15,-0.3,3,0.55,0.1654,0.2332,0.1993,False
0.05,-0.1,6,0.35,0.1524,0.2461,0.1993,False
0.05,-0.1,6,0.45,0.155,0.2435,0.1993,False
0.3,-0.15,6,0.2,0.1903,0.2086,0.1994,False
0.2,-0.1,7,0.05,0.1727,0.2261,0.1994,False
0.25,-0.1,6,0.05,0.185,0.2139,0.1994,False
0.25,-0.25,4,0.3,0.178,0.2207,0.1994,False
0.25,-0.15,5,0.1,0.1814,0.2175,0.1994,False
0.2,-0.2,6,0.4,0.167,0.2321,0.1995,False
0.1,-0.25,3,0.2,0.1517,0.2474,0.1995,False
0.3,-0.2,5,0.5,0.1943,0.2046,0.1995,False
0.35,-0.2,3,0.3,0.209,0.1901,0.1995,False
0.3,-0.2,5,0.35,0.1905,0.2085,0.1995,False
0.25,-0.2,6,0.45,0.1783,0.2208,0.1995,False
0.25,-0.2,6,0.4,0.1769,0.222,0.1995,False
0.15,-0.3,3,0.25,0.1581,0.241,0.1996,False
0.1,-0.15,6,0.5,0.1582,0.2411,0.1996,False
0.3,-0.1,6,0.1,0.1965,0.2028,0.1996,False
0.15,-0.2,5,0.55,0.1657,0.2334,0.1996,False
0.35,-0.1,5,0.2,0.2114,0.1879,0.1997,False
0.35,-0.15,5,0.55,0.213,0.1864,0.1997,False
0.2,-0.25,4,0.25,0.1671,0.2322,0.1997,False
0.1,-0.15,6,0.3,0.1532,0.2462,0.1997,False
0.25,-0.25,4,0.55,0.1848,0.2147,0.1997,False
0.2,-0.2,5,0.2,0.167,0.2324,0.1997,False
0.2,-0.2,6,0.45,0.1685,0.2309,0.1997,False
0.25,-0.2,6,0.35,0.176,0.2236,0.1998,False
0.15,-0.2,5,0.25,0.1584,0.2412,0.1998,False
0.05,-0.2,3,0.25,0.1482,0.2514,0.1998,False
0.15,-0.25,4,0.5,0.1637,0.236,0.1998,False
0.35,-0.15,4,0.25,0.2094,0.1905,0.1999,False
0.35,-0.15,6,0.45,0.2071,0.1927,0.1999,False
0.1,-0.1,7,0.15,0.1559,0.2439,0.1999,False
0.2,-0.2,6,0.35,0.1661,0.2336,0.1999,False
0.05,-0.2,3,0.55,0.1559,0.2439,0.1999,False
0.3,-0.1,3,0.05,0.2027,0.1971,0.1999,False
0.15,-0.15,5,0.1,0.1619,0.2378,0.1999,False
0.15,-0.15,4,0.05,0.1644,0.2353,0.1999,False
0.35,-0.15,3,0.2,0.2116,0.1881,0.1999,False
0.15,-0.1,6,0.05,0.1656,0.2342,0.1999,False
0.15,-0.2,3,0.05,0.1631,0.2366,0.1999,False
0.15,-0.25,4,0.3,0.1588,0.2412,0.2,False
0.25,-0.3,3,0.25,0.1786,0.2215,0.2,False
0.35,-0.15,6,0.4,0.2059,0.1941,0.2,False
0.1,-0.1,4,0.05,0.1606,0.2394,0.2,False
0.2,-0.25,3,0.1,0.1696,0.2304,0.2,False
0.05,-0.1,6,0.5,0.1572,0.2429,0.2,False
0.05,-0.1,6,0.3,0.1521,0.2479,0.2,False
0.1,-0.2,3,0.1,0.1547,0.2455,0.2001,False
0.25,-0.2,6,0.5,0.1802,0.2201,0.2001,False
0.15,-0.15,6,0.15,0.1599,0.2404,0.2001,False
0.1,-0.15,3,0.05,0.1583,0.242,0.2001,False
0.3,-0.1,7,0.1,0.1947,0.2055,0.2001,False
0.2,-0.15,7,0.15,0.1665,0.2338,0.2001,False
0.3,-0.2,4,0.2,0.1924,0.208,0.2002,False
0.25,-0.1,7,0.05,0.1835,0.2168,0.2002,False
0.35,-0.1,3,0.15,0.2155,0.1849,0.2002,False
0.25,-0.15,7,0.15,0.1765,0.2239,0.2002,False
0.25,-0.15,4,0.05,0.1847,0.2158,0.2002,False
0.35,-0.1,6,0.2,0.2095,0.191,0.2002,False
0.3,-0.15,5,0.15,0.1934,0.2069,0.2002,False
0.05,-0.15,4,0.25,0.1501,0.2506,0.2003,False
0.35,-0.15,6,0.5,0.2087,0.1919,0.2003,False
0.35,-0.15,5,0.3,0.2072,0.1933,0.2003,False
0.2,-0.3,3,0.2,0.1677,0.2329,0.2003,False
0.2,-0.2,6,0.5,0.1705,0.2302,0.2003,False
0.2,-0.2,4,0.1,0.17,0.2305,0.2003,False
0.05,-0.1,4,0.15,0.1537,0.2471,0.2004,False
0.3,-0.2,5,0.55,0.1965,0.2043,0.2004,False
0.05,-0.15,4,0.55,0.1578,0.243,0.2004,False
0.3,-0.2,5,0.3,0.1902,0.2106,0.2004,False
0.15,-0.15,7,0.2,0.1581,0.2427,0.2004,False
0.05,-0.15,3,0.15,0.1512,0.2496,0.2004,False
0.25,-0.2,5,0.2,0.1778,0.2231,0.2004,False
0.35,-0.1,7,0.2,0.2075,0.1934,0.2004,False
0.1,-0.15,4,0.1,0.1563,0.2445,0.2004,False
0.3,-0.15,7,0.2,0.1881,0.213,0.2005,False
0.35,-0.15,6,0.35,0.2052,0.1959,0.2005,False
0.1,-0.2,4,0.2,0.1531,0.2481,0.2006,False
0.05,-0.1,5,0.2,0.1527,0.2485,0.2006,False
0.35,-0.15,7,0.45,0.2044,0.1968,0.2006,False
0.3,-0.25,3,0.2,0.1928,0.2085,0.2007,False
0.2,-0.2,6,0.3,0.1658,0.2355,0.2007,False
0.25,-0.25,4,0.25,0.1783,0.2232,0.2007,False
0.25,-0.2,6,0.3,0.1757,0.2256,0.2007,False
0.35,-0.15,7,0.4,0.2032,0.1982,0.2007,False
0.1,-0.15,6,0.55,0.1609,0.2408,0.2008,False
0.25,-0.2,3,0.05,0.184,0.2176,0.2008,False
0.3,-0.15,4,0.1,0.1966,0.2052,0.2009,False
0.1,-0.15,6,0.25,0.1534,0.2484,0.2009,False
0.2,-0.15,6,0.1,0.1694,0.2323,0.2009,False
0.15,-0.25,3,0.1,0.1608,0.241,0.2009,False
0.1,-0.1,6,0.1,0.158,0.2437,0.2009,False
0.05,-0.1,3,0.1,0.1555,0.2464,0.2009,False
0.4,-0.1,3,0.45,0.2336,0.1682,0.2009,False
0.15,-0.25,4,0.55,0.1663,0.2357,0.201,False
0.35,-0.15,7,0.5,0.2061,0.196,0.201,False
0.25,-0.2,6,0.55,0.1825,0.2197,0.2011,False
0.35,-0.15,6,0.55,0.2108,0.1915,0.2011,False
0.35,-0.2,3,0.25,0.2092,0.1929,0.2011,False
0.3,-0.1,4,0.05,0.2015,0.2006,0.2011,False
0.05,-0.1,6,0.55,0.1599,0.2426,0.2012,False
0.05,-0.1,6,0.25,0.1524,0.2501,0.2012,False
0.3,-0.3,3,0.4,0.1936,0.2089,0.2012,False
0.4,-0.1,3,0.5,0.2351,0.1672,0.2012,False
0.4,-0.1,3,0.4,0.2326,0.1698,0.2012,False
0.1,-0.3,3,0.4,0.1539,0.2484,0.2012,False
0.15,-0.25,4,0.25,0.159,0.2434,0.2012,False
0.3,-0.3,3,0.45,0.1948,0.2076,0.2012,False
0.35,-0.15,7,0.35,0.2025,0.2,0.2012,False
0.05,-0.1,7,0.4,0.1539,0.2485,0.2012,False
0.35,-0.1,4,0.15,0.2141,0.1884,0.2013,False
0.35,-0.2,4,0.45,0.2097,0.1929,0.2013,False
0.15,-0.1,7,0.05,0.165,0.2376,0.2013,False
0.15,-0.3,3,0.2,0.159,0.2437,0.2013,False
0.1,-0.15,5,0.15,0.1551,0.2476,0.2014,False
0.2,-0.2,6,0.55,0.173,0.2299,0.2014,False
0.1,-0.3,3,0.45,0.1555,0.2474,0.2014,False
0.1,-0.3,3,0.35,0.153,0.2499,0.2014,False
0.05,-0.1,7,0.35,0.1529,0.25,0.2014,False
0.35,-0.2,4,0.4,0.2085,0.1942,0.2014,False
0.15,-0.2,4,0.1,0.1616,0.2414,0.2015,False
0.05,-0.2,3,0.2,0.1491,0.254,0.2015,False
0.25,-0.15,6,0.1,0.18,0.2229,0.2015,False
0.05,-0.1,7,0.45,0.1554,0.2475,0.2015,False
0.3,-0.25,4,0.45,0.194,0.2089,0.2015,False
0.3,-0.25,4,0.4,0.1928,0.2102,0.2015,False
0.2,-0.25,4,0.2,0.1679,0.235,0.2015,False
0.25,-0.2,4,0.1,0.1814,0.2217,0.2016,False
0.35,-0.15,6,0.3,0.2049,0.1982,0.2016,False
0.15,-0.2,5,0.2,0.1593,0.2439,0.2016,False
0.2,-0.15,5,0.05,0.1726,0.2306,0.2016,False
0.3,-0.3,3,0.5,0.1966,0.2068,0.2017,False
0.3,-0.2,3,0.1,0.1962,0.2073,0.2017,False
0.3,-0.3,3,0.35,0.1928,0.2106,0.2017,False
0.35,-0.2,4,0.5,0.2113,0.192,0.2017,False
0.25,-0.25,3,0.1,0.1814,0.2219,0.2017,False
0.1,-0.15,7,0.4,0.155,0.2487,0.2018,False
0.35,-0.15,5,0.25,0.2074,0.1961,0.2018,False
0.3,-0.2,5,0.25,0.1904,0.2132,0.2018,False
0.1,-0.25,3,0.15,0.1532,0.2503,0.2018,False
0.25,-0.3,3,0.2,0.1793,0.2243,0.2018,False
0.3,-0.15,6,0.15,0.1915,0.2121,0.2018,False
0.3,-0.15,3,0.05,0.1999,0.2039,0.2019,False
0.3,-0.25,4,0.35,0.192,0.2119,0.2019,False
0.35,-0.15,4,0.2,0.21,0.1938,0.2019,False
0.35,-0.15,7,0.55,0.2081,0.1956,0.2019,False
0.4,-0.1,3,0.55,0.2369,0.1668,0.2019,False
0.3,-0.2,6,0.45,0.1908,0.2131,0.2019,False
0.3,-0.2,6,0.4,0.1895,0.2143,0.2019,False
0.2,-0.2,6,0.25,0.166,0.2378,0.2019,False
0.35,-0.2,4,0.35,0.2078,0.1961,0.2019,False
0.4,-0.1,4,0.45,0.2321,0.1717,0.2019,False
0.4,-0.1,3,0.35,0.232,0.1719,0.2019,False
0.3,-0.25,4,0.5,0.1958,0.2081,0.202,False
0.2,-0.2,5,0.15,0.1684,0.2356,0.202,False
0.25,-0.2,6,0.25,0.176,0.228,0.202,False
0.1,-0.15,7,0.45,0.1566,0.2476,0.2021,False
0.35,-0.25,3,0.45,0.2104,0.1938,0.2021,False
0.1,-0.1,5,0.05,0.1607,0.2435,0.2021,False
0.05,-0.15,4,0.2,0.151,0.2531,0.2021,False
0.1,-0.15,7,0.35,0.154,0.2501,0.2021,False
0.4,-0.1,4,0.5,0.2336,0.1707,0.2021,False
0.4,-0.1,4,0.4,0.2311,0.1732,0.2021,False
0.1,-0.3,3,0.3,0.1526,0.2517,0.2021,False
0.25,-0.2,7,0.4,0.1755,0.2289,0.2022,False
0.35,-0.25,3,0.4,0.2092,0.1952,0.2022,False
0.15,-0.2,6,0.4,0.1603,0.2442,0.2022,False
0.35,-0.15,7,0.3,0.2022,0.2022,0.2022,False
0.35,-0.1,5,0.15,0.2125,0.1918,0.2022,False
0.05,-0.1,7,0.5,0.1576,0.2468,0.2022,False
0.05,-0.1,7,0.3,0.1525,0.2518,0.2022,False
0.05,-0.25,3,0.4,0.1502,0.2543,0.2022,False
0.1,-0.3,3,0.5,0.1577,0.2467,0.2022,False
0.3,-0.1,5,0.05,0.2002,0.2042,0.2022,False
0.25,-0.2,7,0.45,0.1768,0.2277,0.2023,False
0.3,-0.2,6,0.35,0.1887,0.216,0.2023,False
0.1,-0.2,5,0.4,0.1553,0.2493,0.2023,False
0.35,-0.15,3,0.15,0.2127,0.192,0.2023,False
0.05,-0.15,5,0.4,0.1527,0.252,0.2024,False
0.3,-0.2,6,0.5,0.1925,0.2123,0.2024,False
0.05,-0.25,3,0.35,0.1492,0.2557,0.2024,False
0.2,-0.3,3,0.15,0.169,0.2361,0.2025,False
0.1,-0.2,5,0.35,0.1544,0.2507,0.2025,False
0.05,-0.25,3,0.45,0.1518,0.2532,0.2025,False
0.35,-0.25,3,0.5,0.212,0.193,0.2025,False
0.15,-0.2,6,0.45,0.1618,0.2431,0.2025,False
0.25,-0.2,7,0.35,0.1746,0.2304,0.2025,False
0.2,-0.35,3,0.4,0.1705,0.2346,0.2025,False
0.15,-0.2,6,0.35,0.1594,0.2457,0.2025,False
0.25,-0.25,4,0.2,0.179,0.226,0.2025,False
0.35,-0.2,4,0.55,0.2134,0.1916,0.2025,False
0.3,-0.2,4,0.15,0.1936,0.2115,0.2026,False
0.3,-0.3,3,0.3,0.1925,0.2127,0.2026,False
0.1,-0.1,7,0.1,0.1579,0.2473,0.2026,False
0.05,-0.15,5,0.45,0.1543,0.251,0.2026,False
0.1,-0.2,5,0.45,0.1569,0.2482,0.2026,False
0.1,-0.15,6,0.2,0.1543,0.2509,0.2026,False
0.05,-0.15,5,0.35,0.1518,0.2534,0.2026,False
0.3,-0.3,3,0.55,0.1988,0.2064,0.2026,False
0.25,-0.2,5,0.15,0.1791,0.2264,0.2027,False
0.4,-0.1,5,0.45,0.2303,0.175,0.2027,False
0.15,-0.15,7,0.15,0.1596,0.2457,0.2027,False
0.25,-0.15,5,0.05,0.1837,0.2217,0.2027,False
0.2,-0.35,3,0.45,0.1719,0.2335,0.2027,False
0.35,-0.1,6,0.15,0.2106,0.1948,0.2027,False
0.1,-0.2,4,0.15,0.1546,0.251,0.2028,False
0.35,-0.25,3,0.35,0.2085,0.197,0.2028,False
0.1,-0.15,7,0.5,0.1587,0.2469,0.2028,False
0.4,-0.1,4,0.55,0.2354,0.1703,0.2028,False
0.05,-0.1,5,0.15,0.1542,0.2514,0.2028,False
0.1,-0.15,7,0.3,0.1537,0.2519,0.2028,False
0.15,-0.15,6,0.1,0.1619,0.2438,0.2028,False
0.4,-0.1,4,0.35,0.2304,0.1753,0.2028,False
0.2,-0.15,7,0.1,0.1684,0.2373,0.2029,False
0.4,-0.1,5,0.4,0.2292,0.1765,0.2029,False
0.4,-0.1,5,0.5,0.2318,0.174,0.2029,False
0.3,-0.25,4,0.55,0.198,0.2078,0.2029,False
0.35,-0.1,7,0.15,0.2086,0.1971,0.2029,False
0.2,-0.35,3,0.35,0.1696,0.2361,0.2029,False
0.2,-0.2,7,0.4,0.1665,0.2393,0.2029,False
0.25,-0.2,7,0.5,0.1788,0.227,0.2029,False
0.3,-0.25,4,0.3,0.1917,0.214,0.2029,False
0.3,-0.15,7,0.15,0.1893,0.2164,0.2029,False
0.4,-0.1,7,0.45,0.2259,0.1799,0.2029,False
0.35,-0.2,4,0.3,0.2076,0.1983,0.203,False
0.3,-0.15,5,0.1,0.1951,0.2109,0.203,False
0.25,-0.15,7,0.1,0.1784,0.2276,0.203,False
0.3,-0.25,3,0.15,0.194,0.212,0.203,False
0.3,-0.1,6,0.05,0.1986,0.2073,0.203,False
0.15,-0.25,4,0.2,0.1599,0.246,0.203,False
0.4,-0.1,6,0.45,0.2282,0.1778,0.203,False
0.05,-0.1,6,0.2,0.1532,0.2527,0.203,False
0.35,-0.2,3,0.2,0.2098,0.1962,0.203,False
0.35,-0.15,6,0.25,0.2051,0.201,0.203,False
0.2,-0.2,7,0.45,0.168,0.2382,0.2031,False
0.4,-0.1,3,0.3,0.2317,0.1745,0.2031,False
0.05,-0.1,4,0.1,0.1558,0.2505,0.2031,False
0.15,-0.15,5,0.05,0.1645,0.2416,0.2031,False
0.05,-0.25,3,0.3,0.1488,0.2574,0.2031,False
0.4,-0.1,7,0.4,0.2249,0.1814,0.2031,False
0.05,-0.15,3,0.1,0.1534,0.2529,0.2031,False
0.4,-0.1,6,0.4,0.2272,0.1793,0.2032,False
0.35,-0.1,3,0.1,0.217,0.1894,0.2032,False
0.15,-0.2,6,0.5,0.1639,0.2424,0.2032,False
0.2,-0.25,3,0.05,0.1721,0.2343,0.2032,False
0.2,-0.2,7,0.35,0.1656,0.2408,0.2032,False
0.3,-0.2,6,0.3,0.1884,0.2181,0.2032,False
0.4,-0.1,7,0.5,0.2274,0.179,0.2032,False
0.4,-0.15,3,0.45,0.2308,0.1757,0.2032,False
0.1,-0.2,5,0.5,0.159,0.2476,0.2033,False
0.4,-0.1,6,0.5,0.2297,0.1769,0.2033,False
0.1,-0.2,5,0.3,0.154,0.2525,0.2033,False
0.05,-0.15,5,0.3,0.1514,0.2552,0.2033,False
0.25,-0.2,7,0.3,0.1743,0.2324,0.2033,False
0.2,-0.35,3,0.5,0.1739,0.2327,0.2033,False
0.1,-0.25,4,0.4,0.1555,0.2511,0.2033,False
0.1,-0.3,3,0.25,0.1529,0.2538,0.2033,False
0.35,-0.25,3,0.55,0.214,0.1926,0.2033,False
0.15,-0.2,6,0.3,0.159,0.2475,0.2033,False
0.05,-0.25,3,0.5,0.154,0.2526,0.2033,False
0.3,-0.2,6,0.55,0.1948,0.212,0.2034,False
0.3,-0.1,7,0.05,0.1968,0.21,0.2034,False
0.05,-0.1,7,0.25,0.1528,0.2539,0.2034,False
0.1,-0.3,3,0.55,0.1604,0.2464,0.2034,False
0.05,-0.15,5,0.5,0.1565,0.2503,0.2034,False
0.1,-0.2,3,0.05,0.1574,0.2493,0.2034,False
0.05,-0.1,7,0.55,0.1603,0.2465,0.2034,False
0.4,-0.1,5,0.35,0.2286,0.1785,0.2035,False
0.4,-0.15,3,0.4,0.2298,0.1772,0.2035,False
0.4,-0.15,3,0.5,0.2323,0.1747,0.2035,False
0.15,-0.3,3,0.15,0.1604,0.2467,0.2035,False
0.2,-0.2,4,0.05,0.1725,0.2345,0.2035,False
0.1,-0.25,4,0.45,0.1571,0.2501,0.2036,False
0.1,-0.15,4,0.05,0.159,0.2482,0.2036,False
0.1,-0.25,4,0.35,0.1546,0.2526,0.2036,False
0.4,-0.1,5,0.55,0.2336,0.1736,0.2036,False
0.05,-0.2,4,0.4,0.152,0.2552,0.2036,False
0.05,-0.2,3,0.15,0.1506,0.2569,0.2037,False
0.35,-0.15,5,0.2,0.2081,0.1993,0.2037,False
0.35,-0.15,7,0.25,0.2024,0.2049,0.2037,False
0.2,-0.2,6,0.2,0.1668,0.2405,0.2037,False
0.2,-0.2,7,0.5,0.17,0.2375,0.2037,False
0.3,-0.2,5,0.2,0.1911,0.2162,0.2037,False
0.2,-0.25,4,0.15,0.1693,0.2381,0.2037,False
0.2,-0.35,3,0.3,0.1693,0.238,0.2037,False
0.25,-0.2,6,0.2,0.1767,0.2308,0.2038,False
0.2,-0.25,5,0.4,0.1695,0.238,0.2038,False
0.4,-0.1,7,0.35,0.2242,0.1833,0.2038,False
0.15,-0.2,5,0.15,0.1607,0.2469,0.2038,False
0.25,-0.35,3,0.4,0.1817,0.2259,0.2038,False
0.05,-0.2,4,0.35,0.151,0.2566,0.2038,False
0.35,-0.25,3,0.3,0.2083,0.1993,0.2038,False
0.05,-0.2,4,0.45,0.1536,0.2542,0.2039,False
0.25,-0.35,3,0.45,0.1831,0.2247,0.2039,False
0.4,-0.1,6,0.35,0.2265,0.1812,0.2039,False
0.15,-0.35,3,0.4,0.1622,0.2455,0.2039,False
0.3,-0.2,7,0.4,0.1872,0.2206,0.2039,False
0.25,-0.2,7,0.55,0.1812,0.2267,0.2039,False
0.2,-0.25,5,0.45,0.171,0.2369,0.2039,False
0.25,-0.25,5,0.4,0.1795,0.2284,0.204,False
0.4,-0.1,6,0.55,0.2316,0.1764,0.204,False
0.4,-0.1,4,0.3,0.2302,0.1778,0.204,False
0.1,-0.15,7,0.25,0.154,0.2541,0.204,False
0.4,-0.1,7,0.55,0.2293,0.1786,0.204,False
0.2,-0.2,7,0.3,0.1653,0.2427,0.204,False
0.3,-0.3,3,0.25,0.1927,0.2153,0.204,False
0.1,-0.15,7,0.55,0.1614,0.2466,0.204,False
0.3,-0.2,7,0.45,0.1885,0.2195,0.204,False
0.25,-0.3,3,0.15,0.1806,0.2276,0.2041,False
0.2,-0.15,6,0.05,0.1719,0.2362,0.2041,False
0.15,-0.35,3,0.35,0.1613,0.2469,0.2041,False
0.1,-0.15,5,0.1,0.1572,0.251,0.2041,False
0.2,-0.25,5,0.35,0.1686,0.2395,0.2041,False
0.4,-0.15,3,0.35,0.2291,0.1792,0.2041,False
0.25,-0.25,5,0.45,0.1809,0.2272,0.2041,False
0.1,-0.1,6,0.05,0.1607,0.2475,0.2041,False
0.05,-0.1,3,0.05,0.1581,0.2502,0.2041,False
0.15,-0.35,3,0.45,0.1637,0.2444,0.2041,False
0.15,-0.25,3,0.05,0.1634,0.2448,0.2041,False
0.35,-0.1,4,0.1,0.2157,0.1928,0.2042,False
0.3,-0.25,4,0.25,0.1919,0.2166,0.2042,False
0.25,-0.35,3,0.35,0.1809,0.2274,0.2042,False
0.4,-0.15,3,0.55,0.2341,0.1743,0.2042,False
0.3,-0.15,4,0.05,0.1987,0.2096,0.2042,False
0.05,-0.15,4,0.15,0.1525,0.256,0.2043,False
0.1,-0.25,4,0.5,0.1592,0.2494,0.2043,False
0.15,-0.2,6,0.55,0.1665,0.2421,0.2043,False
0.05,-0.25,3,0.25,0.1491,0.2596,0.2043,False
0.1,-0.25,4,0.3,0.1542,0.2543,0.2043,False
0.25,-0.25,5,0.35,0.1787,0.2299,0.2043,False
0.35,-0.2,5,0.45,0.2079,0.201,0.2044,False
0.3,-0.2,7,0.35,0.1864,0.2223,0.2044,False
0.35,-0.15,4,0.15,0.2111,0.1976,0.2044,False
0.25,-0.35,3,0.5,0.1849,0.224,0.2044,False
0.35,-0.2,4,0.25,0.2078,0.2011,0.2044,False
0.2,-0.35,3,0.55,0.1764,0.2324,0.2044,False
0.05,-0.25,3,0.55,0.1568,0.2523,0.2045,False
0.1,-0.25,3,0.1,0.1553,0.2536,0.2045,False
0.05,-0.15,5,0.25,0.1517,0.2573,0.2045,False
0.1,-0.2,5,0.25,0.1543,0.2547,0.2045,False
0.05,-0.2,4,0.3,0.1507,0.2584,0.2045,False
0.3,-0.2,7,0.5,0.1903,0.2187,0.2045,False
0.15,-0.2,6,0.25,0.1593,0.2497,0.2045,False
0.35,-0.2,5,0.4,0.2067,0.2023,0.2045,False
0.1,-0.2,5,0.55,0.1617,0.2473,0.2045,False
0.2,-0.25,5,0.5,0.1729,0.2362,0.2045,False
0.05,-0.15,5,0.55,0.1593,0.25,0.2046,False
0.25,-0.2,7,0.25,0.1745,0.2347,0.2046,False
0.3,-0.2,6,0.25,0.1886,0.2206,0.2046,False
0.25,-0.25,5,0.5,0.1827,0.2265,0.2046,False
0.3,-0.15,6,0.1,0.1932,0.216,0.2046,False
0.15,-0.2,4,0.05,0.1642,0.2452,0.2047,False
0.05,-0.2,4,0.5,0.1558,0.2535,0.2047,False
0.4,-0.1,3,0.25,0.2319,0.1776,0.2047,False
0.2,-0.2,5,0.1,0.1703,0.2391,0.2047,False
0.25,-0.15,6,0.05,0.1823,0.227,0.2047,False
0.4,-0.1,5,0.3,0.2284,0.181,0.2047,False
0.1,-0.15,6,0.15,0.1558,0.2539,0.2048,False
0.2,-0.25,5,0.3,0.1683,0.2414,0.2048,False
0.15,-0.35,3,0.5,0.1658,0.2437,0.2048,False
0.25,-0.2,4,0.05,0.1837,0.2258,0.2048,False
0.25,-0.25,4,0.15,0.1803,0.2293,0.2048,False
0.35,-0.2,5,0.5,0.2095,0.2001,0.2048,False
0.2,-0.2,7,0.55,0.1725,0.2372,0.2049,False
0.35,-0.15,6,0.2,0.2057,0.2041,0.2049,False
0.4,-0.1,7,0.3,0.224,0.1858,0.2049,False
0.2,-0.35,3,0.25,0.1695,0.2403,0.2049,False
0.25,-0.25,3,0.05,0.1837,0.226,0.2049,False
0.15,-0.35,3,0.3,0.161,0.2487,0.2049,False
0.2,-0.3,4,0.4,0.1711,0.2388,0.205,False
0.35,-0.2,5,0.35,0.206,0.204,0.205,False
0.4,-0.1,6,0.3,0.2263,0.1837,0.205,False
0.3,-0.2,3,0.05,0.1983,0.2117,0.205,False
0.1,-0.3,3,0.2,0.1538,0.2563,0.205,False
0.25,-0.35,3,0.3,0.1806,0.2294,0.205,False
0.2,-0.3,4,0.45,0.1725,0.2377,0.2051,False
0.05,-0.1,6,0.15,0.1547,0.2556,0.2051,False
0.25,-0.25,5,0.3,0.1784,0.2319,0.2051,False
0.35,-0.1,5,0.1,0.214,0.1961,0.2051,False
0.4,-0.15,4,0.45,0.229,0.1813,0.2051,False
0.05,-0.1,7,0.2,0.1537,0.2565,0.2051,False
0.15,-0.25,4,0.15,0.1613,0.249,0.2052,False
0.2,-0.3,3,0.1,0.1709,0.2395,0.2052,False
0.35,-0.25,3,0.25,0.2085,0.202,0.2052,False
0.35,-0.15,3,0.1,0.2142,0.1963,0.2052,False
0.2,-0.2,7,0.25,0.1655,0.2449,0.2052,False
0.3,-0.2,7,0.3,0.1862,0.2243,0.2052,False
0.4,-0.15,3,0.3,0.2289,0.1817,0.2053,False
0.2,-0.3,4,0.35,0.1702,0.2403,0.2053,False
0.3,-0.2,4,0.1,0.1953,0.2154,0.2053,False
0.15,-0.15,7,0.1,0.1616,0.2491,0.2053,False
0.4,-0.15,4,0.4,0.2279,0.1827,0.2053,False
0.25,-0.35,3,0.55,0.1872,0.2236,0.2054,False
0.25,-0.2,5,0.1,0.1809,0.23,0.2054,False
0.4,-0.15,4,0.5,0.2305,0.1804,0.2054,False
0.35,-0.2,3,0.15,0.2109,0.2,0.2054,False
0.05,-0.1,5,0.1,0.1563,0.2547,0.2055,False
0.1,-0.25,4,0.25,0.1545,0.2565,0.2055,False
0.35,-0.15,7,0.2,0.2031,0.208,0.2055,False
0.1,-0.2,4,0.1,0.1566,0.2543,0.2055,False
0.3,-0.2,7,0.55,0.1926,0.2184,0.2055,False
0.1,-0.25,4,0.55,0.1619,0.2491,0.2055,False
0.25,-0.25,5,0.55,0.1851,0.2262,0.2056,False
0.35,-0.2,5,0.55,0.2115,0.1998,0.2056,False
0.2,-0.25,5,0.55,0.1754,0.2359,0.2056,False
0.25,-0.3,4,0.4,0.1816,0.2297,0.2056,False
0.4,-0.1,4,0.25,0.2303,0.1809,0.2056,False
0.3,-0.15,7,0.1,0.191,0.2202,0.2056,False
0.35,-0.1,6,0.1,0.2122,0.199,0.2056,False
0.1,-0.15,7,0.2,0.1548,0.2566,0.2057,False
0.25,-0.3,4,0.45,0.1829,0.2286,0.2057,False
0.35,-0.1,7,0.1,0.2101,0.2013,0.2057,False
0.05,-0.2,4,0.25,0.1509,0.2605,0.2057,False
0.2,-0.3,4,0.5,0.1745,0.237,0.2057,False
0.3,-0.3,3,0.2,0.1934,0.2182,0.2058,False
0.1,-0.1,7,0.05,0.1606,0.251,0.2058,False
0.3,-0.25,3,0.1,0.1956,0.2159,0.2058,False
0.2,-0.2,6,0.15,0.1682,0.2436,0.2059,False
0.15,-0.35,3,0.55,0.1684,0.2434,0.2059,False
0.3,-0.2,5,0.15,0.1923,0.2196,0.2059,False
0.05,-0.2,4,0.55,0.1586,0.2532,0.2059,False
0.25,-0.3,4,0.35,0.1807,0.2313,0.206,False
0.35,-0.2,5,0.3,0.2057,0.2062,0.206,False
0.05,-0.25,3,0.2,0.15,0.262,0.206,False
0.2,-0.3,4,0.3,0.1699,0.2422,0.206,False
0.25,-0.2,6,0.15,0.178,0.234,0.206,False
0.2,-0.15,7,0.05,0.1709,0.2412,0.206,False
0.15,-0.15,6,0.05,0.1645,0.2476,0.206,False
0.4,-0.15,4,0.35,0.2273,0.1847,0.206,False
0.2,-0.25,5,0.25,0.1686,0.2436,0.2061,False
0.3,-0.25,4,0.2,0.1926,0.2195,0.2061,False
0.15,-0.25,5,0.4,0.1626,0.2496,0.2061,False
0.4,-0.15,4,0.55,0.2323,0.18,0.2061,False
0.15,-0.35,3,0.25,0.1612,0.2509,0.2061,False
0.35,-0.15,5,0.15,0.2092,0.203,0.2061,False
0.25,-0.15,7,0.05,0.1807,0.2316,0.2062,False
0.1,-0.2,5,0.2,0.1552,0.2572,0.2062,False
0.15,-0.2,6,0.2,0.1601,0.2522,0.2062,False
0.15,-0.3,3,0.1,0.1624,0.25,0.2062,False
0.3,-0.15,5,0.05,0.1972,0.2152,0.2062,False
0.05,-0.15,5,0.2,0.1526,0.2598,0.2062,False
0.05,-0.15,3,0.05,0.1561,0.2565,0.2063,False
0.4,-0.1,5,0.25,0.2285,0.184,0.2063,False
0.35,-0.2,4,0.2,0.2084,0.2042,0.2063,False
0.15,-0.2,7,0.4,0.1608,0.2518,0.2063,False
0.25,-0.35,3,0.25,0.1808,0.2318,0.2063,False
0.05,-0.1,4,0.05,0.1585,0.2541,0.2063,False
0.25,-0.3,4,0.5,0.1847,0.2278,0.2063,False
0.25,-0.25,5,0.25,0.1786,0.2343,0.2064,False
0.25,-0.2,7,0.2,0.1753,0.2374,0.2064,False
0.2,-0.25,4,0.1,0.1712,0.2415,0.2064,False
0.3,-0.2,6,0.2,0.1893,0.2234,0.2064,False
0.05,-0.15,6,0.4,0.1542,0.2586,0.2064,False
0.4,-0.1,7,0.25,0.2241,0.1887,0.2064,False
0.15,-0.25,5,0.45,0.1641,0.2486,0.2064,False
0.15,-0.25,5,0.35,0.1617,0.2511,0.2064,False
0.05,-0.2,3,0.1,0.1527,0.2601,0.2064,False
0.15,-0.2,5,0.1,0.1627,0.2502,0.2065,False
0.15,-0.2,7,0.45,0.1623,0.2507,0.2065,False
0.15,-0.2,7,0.35,0.1599,0.2532,0.2065,False
0.4,-0.2,3,0.45,0.229,0.1841,0.2065,False
0.3,-0.2,7,0.25,0.1864,0.2267,0.2065,False
0.35,-0.1,3,0.05,0.219,0.1942,0.2066,False
0.4,-0.1,6,0.25,0.2264,0.1867,0.2066,False
0.2,-0.35,3,0.2,0.1703,0.243,0.2066,False
0.05,-0.15,6,0.35,0.1533,0.26,0.2066,False
0.35,-0.2,6,0.45,0.2054,0.208,0.2067,False
0.35,-0.2,6,0.4,0.2042,0.2092,0.2067,False
0.4,-0.15,5,0.45,0.2267,0.1866,0.2067,False
0.4,-0.2,3,0.4,0.2279,0.1855,0.2067,False
0.3,-0.25,5,0.4,0.1922,0.2211,0.2067,False
0.3,-0.25,5,0.45,0.1934,0.2199,0.2067,False
0.05,-0.15,6,0.45,0.1558,0.2576,0.2067,False
0.2,-0.3,4,0.55,0.1769,0.2367,0.2068,False
0.25,-0.3,3,0.1,0.1824,0.2312,0.2068,False
0.4,-0.1,3,0.2,0.2325,0.1812,0.2068,False
0.25,-0.3,4,0.3,0.1804,0.2332,0.2068,False
0.4,-0.15,5,0.4,0.2257,0.188,0.2068,False
0.4,-0.2,3,0.5,0.2304,0.1832,0.2068,False
0.05,-0.15,4,0.1,0.1546,0.2592,0.2069,False
0.15,-0.3,4,0.4,0.1637,0.25,0.2069,False
0.4,-0.15,3,0.25,0.2291,0.1847,0.2069,False
0.2,-0.2,7,0.2,0.1663,0.2475,0.2069,False
0.4,-0.15,5,0.5,0.2282,0.1857,0.207,False
0.15,-0.25,5,0.5,0.1662,0.2479,0.207,False
0.35,-0.25,3,0.2,0.2091,0.2051,0.2071,False
0.3,-0.25,5,0.35,0.1914,0.2227,0.2071,False
0.15,-0.3,4,0.45,0.1651,0.249,0.2071,False
0.15,-0.25,5,0.3,0.1614,0.2529,0.2071,False
0.15,-0.3,4,0.35,0.1627,0.2515,0.2071,False
0.35,-0.2,6,0.5,0.2071,0.2072,0.2071,False
0.4,-0.15,4,0.3,0.227,0.1871,0.2071,False
0.35,-0.15,4,0.1,0.2127,0.2018,0.2072,False
0.35,-0.2,6,0.35,0.2035,0.2109,0.2072,False
0.1,-0.25,4,0.2,0.1554,0.259,0.2072,False
0.1,-0.15,5,0.05,0.1598,0.2546,0.2072,False
0.35,-0.25,4,0.45,0.2096,0.2048,0.2072,False
0.1,-0.3,3,0.15,0.1552,0.2592,0.2072,False
0.15,-0.2,7,0.5,0.1644,0.2501,0.2072,False
0.3,-0.25,5,0.5,0.1952,0.2192,0.2072,False
0.05,-0.1,7,0.15,0.1552,0.2593,0.2072,False
0.35,-0.15,6,0.15,0.2069,0.2077,0.2073,False
0.15,-0.2,7,0.3,0.1596,0.255,0.2073,False
0.25,-0.3,4,0.55,0.1871,0.2275,0.2073,False
0.05,-0.15,6,0.3,0.1529,0.2617,0.2073,False
0.35,-0.25,4,0.4,0.2084,0.2061,0.2073,False
0.2,-0.3,4,0.25,0.1701,0.2444,0.2073,False
0.4,-0.2,3,0.35,0.2272,0.1874,0.2073,False
0.35,-0.3,3,0.45,0.2108,0.204,0.2074,False
0.35,-0.2,5,0.25,0.2059,0.2088,0.2074,False
0.05,-0.2,4,0.2,0.1518,0.2629,0.2074,False
0.05,-0.15,6,0.5,0.158,0.2569,0.2074,False
0.35,-0.3,3,0.4,0.2096,0.2052,0.2074,False
0.4,-0.15,5,0.35,0.225,0.1899,0.2074,False
0.4,-0.2,3,0.55,0.2323,0.1828,0.2075,False
0.3,-0.35,3,0.45,0.1967,0.2184,0.2075,False
0.3,-0.35,3,0.4,0.1954,0.2196,0.2075,False
0.1,-0.15,6,0.1,0.1579,0.2571,0.2075,False
0.25,-0.25,4,0.1,0.1821,0.2329,0.2075,False
0.4,-0.15,6,0.45,0.2241,0.1911,0.2076,False
0.1,-0.25,3,0.05,0.158,0.2573,0.2076,False
0.35,-0.1,4,0.05,0.2176,0.1975,0.2076,False
0.35,-0.25,4,0.5,0.2112,0.204,0.2076,False
0.1,-0.2,6,0.4,0.1572,0.2581,0.2077,False
0.4,-0.1,4,0.2,0.2309,0.1844,0.2077,False
0.4,-0.15,5,0.55,0.2301,0.1853,0.2077,False
0.4,-0.15,6,0.4,0.223,0.1924,0.2077,False
0.35,-0.3,3,0.5,0.2124,0.2031,0.2078,False
0.35,-0.25,4,0.35,0.2077,0.2078,0.2078,False
0.05,-0.1,6,0.1,0.1568,0.2588,0.2078,False
0.15,-0.35,3,0.2,0.1621,0.2535,0.2078,False
0.2,-0.2,5,0.05,0.1727,0.2429,0.2078,False
0.4,-0.15,7,0.45,0.221,0.1946,0.2078,False
0.15,-0.25,4,0.1,0.1633,0.2523,0.2078,False
0.3,-0.15,6,0.05,0.1953,0.2202,0.2078,False
0.1,-0.35,3,0.4,0.1574,0.2582,0.2078,False
0.15,-0.3,4,0.3,0.1624,0.2533,0.2078,False
0.15,-0.3,4,0.5,0.1672,0.2483,0.2078,False
0.2,-0.25,5,0.2,0.1694,0.2462,0.2078,False
0.4,-0.15,6,0.5,0.2256,0.1902,0.2079,False
0.35,-0.15,7,0.15,0.2042,0.2115,0.2079,False
0.1,-0.2,6,0.45,0.1588,0.2571,0.2079,False
0.1,-0.2,6,0.35,0.1563,0.2595,0.2079,False
0.05,-0.3,3,0.4,0.1526,0.2632,0.2079,False
0.1,-0.15,7,0.15,0.1563,0.2594,0.2079,False
0.3,-0.25,5,0.3,0.1911,0.2248,0.2079,False
0.35,-0.3,3,0.35,0.2089,0.207,0.2079,False
0.4,-0.15,7,0.4,0.2199,0.1959,0.2079,False
0.3,-0.35,3,0.35,0.1946,0.2212,0.2079,False
0.3,-0.35,3,0.5,0.1984,0.2176,0.208,False
0.1,-0.35,3,0.35,0.1565,0.2596,0.208,False
0.35,-0.2,6,0.55,0.2092,0.2068,0.208,False
0.3,-0.3,3,0.15,0.1946,0.2216,0.2081,False
0.1,-0.35,3,0.45,0.159,0.2572,0.2081,False
0.35,-0.2,7,0.45,0.2026,0.2137,0.2081,False
0.25,-0.3,4,0.25,0.1807,0.2355,0.2081,False
0.3,-0.25,5,0.55,0.1974,0.2188,0.2081,False
0.05,-0.3,3,0.35,0.1516,0.2645,0.2081,False
0.4,-0.15,7,0.5,0.2226,0.1937,0.2081,False
0.25,-0.35,3,0.2,0.1816,0.2345,0.2081,False
0.05,-0.3,3,0.45,0.1541,0.2622,0.2082,False
0.25,-0.25,5,0.2,0.1794,0.237,0.2082,False
0.35,-0.2,6,0.3,0.2033,0.2131,0.2082,False
0.15,-0.25,5,0.55,0.1688,0.2476,0.2082,False
0.05,-0.25,3,0.15,0.1515,0.2648,0.2082,False
0.35,-0.2,7,0.4,0.2014,0.2149,0.2082,False
0.05,-0.15,5,0.15,0.1541,0.2626,0.2083,False
0.4,-0.15,6,0.35,0.2223,0.1943,0.2083,False
0.15,-0.25,5,0.25,0.1616,0.255,0.2083,False
0.3,-0.25,4,0.15,0.1938,0.2228,0.2083,False
0.35,-0.2,3,0.1,0.2124,0.2041,0.2083,False
0.1,-0.2,5,0.15,0.1566,0.26,0.2083,False
0.3,-0.2,7,0.2,0.1871,0.2295,0.2083,False
0.4,-0.1,5,0.2,0.2291,0.1875,0.2083,False
0.15,-0.2,7,0.55,0.167,0.2498,0.2084,False
0.4,-0.1,7,0.2,0.2247,0.1921,0.2084,False
0.35,-0.1,5,0.05,0.216,0.2008,0.2084,False
0.15,-0.2,6,0.15,0.1616,0.2551,0.2084,False
0.35,-0.25,4,0.55,0.2132,0.2037,0.2084,False
0.2,-0.3,3,0.05,0.1734,0.2434,0.2084,False
0.4,-0.2,3,0.3,0.227,0.1898,0.2084,False
0.3,-0.2,4,0.05,0.1974,0.2197,0.2085,False
0.4,-0.15,7,0.35,0.2193,0.1977,0.2085,False
0.15,-0.2,7,0.25,0.1598,0.2571,0.2085,False
0.2,-0.2,6,0.1,0.1701,0.247,0.2085,False
0.4,-0.15,5,0.3,0.2248,0.1922,0.2085,False
0.15,-0.15,7,0.05,0.1642,0.2528,0.2085,False
0.05,-0.15,6,0.25,0.1532,0.2638,0.2085,False
0.35,-0.2,7,0.35,0.2006,0.2166,0.2086,False
0.25,-0.2,5,0.05,0.1832,0.234,0.2086,False
0.35,-0.2,7,0.5,0.2042,0.2129,0.2086,False
0.4,-0.15,4,0.25,0.2272,0.19,0.2086,False
0.4,-0.15,6,0.55,0.2275,0.1898,0.2086,False
0.35,-0.15,3,0.05,0.2162,0.2009,0.2086,False
0.3,-0.2,6,0.15,0.1905,0.2267,0.2086,False
0.35,-0.3,3,0.55,0.2144,0.2028,0.2086,False
0.1,-0.2,4,0.05,0.1593,0.2579,0.2086,False
0.25,-0.2,7,0.15,0.1766,0.2405,0.2086,False
0.1,-0.2,6,0.3,0.1559,0.2612,0.2086,False
0.1,-0.2,6,0.5,0.1609,0.2564,0.2086,False
0.4,-0.1,6,0.2,0.227,0.1901,0.2086,False
0.05,-0.15,6,0.55,0.1607,0.2566,0.2087,False
0.1,-0.35,3,0.3,0.1561,0.2613,0.2087,False
0.25,-0.2,6,0.1,0.1799,0.2375,0.2087,False
0.05,-0.3,3,0.3,0.1512,0.2662,0.2087,False
0.35,-0.2,4,0.15,0.2095,0.2078,0.2087,False
0.3,-0.2,5,0.1,0.194,0.2233,0.2087,False
0.35,-0.25,4,0.3,0.2074,0.21,0.2087,False
0.05,-0.1,5,0.05,0.159,0.2583,0.2087,False
0.3,-0.15,7,0.05,0.1932,0.2244,0.2088,False
0.3,-0.3,4,0.45,0.1958,0.2218,0.2088,False
0.3,-0.3,4,0.4,0.1946,0.223,0.2088,False
0.2,-0.35,3,0.15,0.1717,0.246,0.2088,False
0.3,-0.35,3,0.3,0.1944,0.2232,0.2088,False
0.1,-0.35,3,0.5,0.1611,0.2566,0.2088,False
0.05,-0.3,3,0.5,0.1563,0.2615,0.2089,False
0.35,-0.3,3,0.3,0.2086,0.2091,0.2089,False
0.4,-0.15,3,0.2,0.2296,0.1881,0.2089,False
0.35,-0.1,6,0.05,0.2141,0.2036,0.2089,False
0.35,-0.15,5,0.1,0.2107,0.207,0.2089,False
0.4,-0.15,7,0.55,0.2245,0.1933,0.2089,False
0.15,-0.3,4,0.55,0.1698,0.248,0.2089,False
0.3,-0.35,3,0.55,0.2005,0.2173,0.2089,False
0.25,-0.25,6,0.4,0.1793,0.2386,0.2089,False
0.15,-0.3,4,0.25,0.1627,0.2554,0.209,False
0.35,-0.1,7,0.05,0.2121,0.2059,0.209,False
0.3,-0.25,3,0.05,0.1978,0.2202,0.209,False
0.2,-0.3,4,0.2,0.1709,0.2471,0.209,False
0.25,-0.25,6,0.45,0.1806,0.2375,0.2091,False
0.2,-0.2,7,0.15,0.1677,0.2505,0.2091,False
0.3,-0.3,4,0.35,0.1938,0.2246,0.2092,False
0.35,-0.2,5,0.2,0.2066,0.2119,0.2092,False
0.3,-0.3,4,0.5,0.1976,0.221,0.2093,False
0.15,-0.3,3,0.05,0.165,0.2537,0.2093,False
0.4,-0.15,6,0.3,0.2221,0.1966,0.2093,False
0.1,-0.25,4,0.15,0.1568,0.2618,0.2093,False
0.3,-0.25,5,0.25,0.1913,0.2272,0.2093,False
0.25,-0.25,6,0.35,0.1784,0.2401,0.2093,False
0.4,-0.1,3,0.15,0.2335,0.1852,0.2093,False
0.35,-0.2,7,0.55,0.2063,0.2126,0.2095,False
0.35,-0.25,3,0.15,0.2102,0.2087,0.2095,False
0.2,-0.25,4,0.05,0.1737,0.2453,0.2095,False
0.2,-0.25,6,0.4,0.1704,0.2486,0.2095,False
0.35,-0.2,6,0.25,0.2035,0.2156,0.2095,False
0.05,-0.2,4,0.15,0.1533,0.2657,0.2095,False
0.4,-0.15,7,0.3,0.219,0.2,0.2095,False
0.05,-0.2,3,0.05,0.1555,0.2636,0.2095,False
0.35,-0.2,7,0.3,0.2003,0.2187,0.2095,False
0.25,-0.25,6,0.5,0.1825,0.2368,0.2096,False
0.4,-0.2,4,0.45,0.2272,0.192,0.2096,False
0.15,-0.2,5,0.05,0.1653,0.2539,0.2096,False
0.2,-0.25,6,0.45,0.1719,0.2475,0.2097,False
0.1,-0.2,6,0.25,0.1562,0.2633,0.2097,False
0.4,-0.2,4,0.4,0.2261,0.1933,0.2097,False
0.1,-0.2,6,0.55,0.1635,0.2561,0.2098,False
0.25,-0.3,4,0.2,0.1814,0.2383,0.2098,False
0.2,-0.25,6,0.35,0.1695,0.25,0.2098,False
0.05,-0.2,5,0.4,0.155,0.2646,0.2098,False
0.05,-0.1,7,0.1,0.1573,0.2625,0.2099,False
0.1,-0.3,3,0.1,0.1573,0.2624,0.2099,False
0.25,-0.3,3,0.05,0.1847,0.2352,0.2099,False
0.4,-0.2,4,0.5,0.2287,0.1911,0.2099,False
0.4,-0.2,3,0.25,0.2272,0.1927,0.2099,False
0.15,-0.35,3,0.15,0.1635,0.2564,0.2099,False
0.1,-0.35,3,0.25,0.1564,0.2634,0.2099,False
0.05,-0.3,3,0.25,0.1515,0.2683,0.2099,False
0.05,-0.15,7,0.4,0.1556,0.2645,0.21,False
0.1,-0.35,3,0.55,0.1638,0.2563,0.21,False
0.25,-0.25,6,0.3,0.1781,0.242,0.21,False
0.15,-0.25,5,0.2,0.1625,0.2575,0.21,False
0.05,-0.2,5,0.35,0.1541,0.266,0.21,False
0.35,-0.15,6,0.1,0.2084,0.2117,0.21,False
0.4,-0.15,5,0.25,0.2249,0.1951,0.21,False
0.2,-0.25,5,0.15,0.1707,0.2492,0.21,False
0.2,-0.4,3,0.4,0.1744,0.2455,0.21,False
0.35,-0.25,4,0.25,0.2076,0.2126,0.2101,False
0.3,-0.3,4,0.3,0.1935,0.2266,0.2101,False
0.3,-0.35,3,0.25,0.1946,0.2257,0.2101,False
0.2,-0.4,3,0.45,0.1758,0.2444,0.2101,False
0.15,-0.2,7,0.2,0.1607,0.2596,0.2101,False
0.05,-0.15,6,0.2,0.154,0.2662,0.2101,False
0.05,-0.15,4,0.05,0.1573,0.2628,0.2101,False
0.05,-0.2,5,0.45,0.1566,0.2636,0.2101,False
0.4,-0.1,4,0.15,0.2319,0.1883,0.2101,False
0.05,-0.15,7,0.35,0.1546,0.2659,0.2102,False
0.05,-0.3,3,0.55,0.1591,0.2613,0.2102,False
0.3,-0.3,4,0.55,0.1997,0.2207,0.2102,False
0.4,-0.2,4,0.35,0.2254,0.1952,0.2103,False
0.2,-0.25,6,0.5,0.1738,0.2468,0.2103,False
0.2,-0.4,3,0.35,0.1736,0.2469,0.2103,False
0.05,-0.15,7,0.45,0.1571,0.2635,0.2103,False
0.25,-0.35,3,0.15,0.1828,0.2377,0.2103,False
0.35,-0.3,3,0.25,0.2088,0.2117,0.2103,False
0.25,-0.25,5,0.15,0.1807,0.2401,0.2104,False
0.1,-0.15,7,0.1,0.1584,0.2626,0.2105,False
0.35,-0.15,4,0.05,0.2146,0.2063,0.2105,False
0.3,-0.2,7,0.15,0.1883,0.2327,0.2105,False
0.2,-0.25,6,0.3,0.1692,0.2518,0.2105,False
0.05,-0.25,4,0.4,0.1548,0.2661,0.2105,False
0.4,-0.15,4,0.2,0.2278,0.1933,0.2106,False
0.05,-0.25,4,0.35,0.1538,0.2675,0.2106,False
0.25,-0.25,4,0.05,0.1844,0.2368,0.2106,False
0.4,-0.2,4,0.55,0.2305,0.1907,0.2106,False
0.1,-0.15,6,0.05,0.1605,0.2607,0.2106,False
0.35,-0.15,7,0.1,0.2058,0.2154,0.2106,False
0.4,-0.25,3,0.45,0.2281,0.1933,0.2107,False
0.2,-0.4,3,0.5,0.1778,0.2437,0.2107,False
0.05,-0.2,5,0.3,0.1537,0.2677,0.2107,False
0.25,-0.25,6,0.55,0.1849,0.2365,0.2107,False
0.4,-0.1,5,0.15,0.2301,0.1914,0.2107,False
0.15,-0.3,4,0.2,0.1635,0.2579,0.2107,False
0.4,-0.25,3,0.4,0.227,0.1947,0.2108,False
0.05,-0.25,4,0.45,0.1564,0.2651,0.2108,False
0.4,-0.1,7,0.15,0.2258,0.1959,0.2108,False
0.3,-0.25,6,0.4,0.1909,0.2308,0.2108,False
0.4,-0.15,6,0.25,0.2222,0.1994,0.2108,False
0.05,-0.25,3,0.1,0.1536,0.2679,0.2108,False
0.3,-0.3,3,0.1,0.1963,0.2253,0.2108,False
0.05,-0.15,7,0.3,0.1542,0.2676,0.2109,False
0.05,-0.1,6,0.05,0.1595,0.2623,0.2109,False
0.35,-0.2,7,0.25,0.2005,0.2212,0.2109,False
0.15,-0.25,4,0.05,0.1659,0.256,0.2109,False
0.05,-0.2,5,0.5,0.1588,0.263,0.2109,False
0.3,-0.25,6,0.45,0.1922,0.2296,0.2109,False
0.4,-0.15,7,0.25,0.2192,0.2027,0.211,False
0.1,-0.2,5,0.1,0.1587,0.2632,0.211,False
0.2,-0.4,3,0.3,0.1733,0.2488,0.211,False
0.3,-0.25,4,0.1,0.1955,0.2265,0.211,False
0.05,-0.15,5,0.1,0.1562,0.2658,0.211,False
0.3,-0.25,5,0.2,0.192,0.23,0.211,False
0.4,-0.1,6,0.15,0.228,0.1939,0.211,False
0.15,-0.2,6,0.1,0.1636,0.2584,0.211,False
0.4,-0.25,3,0.5,0.2296,0.1924,0.211,False
0.25,-0.4,3,0.4,0.1852,0.237,0.2111,False
0.2,-0.3,4,0.15,0.1723,0.25,0.2111,False
0.05,-0.15,7,0.5,0.1593,0.2629,0.2111,False
0.1,-0.25,5,0.4,0.1593,0.2631,0.2112,False
0.25,-0.2,7,0.1,0.1784,0.2439,0.2112,False
0.25,-0.4,3,0.45,0.1865,0.2359,0.2112,False
0.3,-0.25,6,0.35,0.1901,0.2323,0.2112,False
0.4,-0.15,3,0.15,0.2306,0.192,0.2113,False
0.4,-0.2,4,0.3,0.2252,0.1975,0.2113,False
0.3,-0.2,6,0.1,0.1922,0.2304,0.2113,False
0.25,-0.25,6,0.25,0.1784,0.2442,0.2113,False
0.05,-0.25,4,0.3,0.1535,0.2691,0.2113,False
0.3,-0.25,6,0.5,0.1939,0.2289,0.2114,False
0.4,-0.25,3,0.35,0.2264,0.1965,0.2114,False
0.1,-0.25,5,0.45,0.1608,0.2621,0.2114,False
0.3,-0.3,4,0.25,0.1938,0.229,0.2114,False
0.1,-0.25,5,0.35,0.1584,0.2644,0.2114,False
0.25,-0.4,3,0.35,0.1844,0.2385,0.2114,False
0.2,-0.35,3,0.1,0.1736,0.2493,0.2114,False
0.35,-0.2,6,0.2,0.2041,0.2186,0.2114,False
0.2,-0.25,6,0.55,0.1763,0.2466,0.2114,False
0.1,-0.3,4,0.4,0.1597,0.2631,0.2114,False
0.35,-0.2,4,0.1,0.2111,0.2118,0.2114,False
0.1,-0.2,6,0.2,0.157,0.2657,0.2114,False
0.15,-0.4,3,0.4,0.1667,0.2561,0.2114,False
0.05,-0.25,4,0.5,0.1585,0.2645,0.2115,False
0.35,-0.2,5,0.15,0.2077,0.2153,0.2115,False
0.35,-0.2,3,0.05,0.2144,0.2086,0.2115,False
0.05,-0.3,3,0.2,0.1524,0.2707,0.2115,False
0.2,-0.2,6,0.05,0.1726,0.2507,0.2116,False
0.15,-0.4,3,0.45,0.1681,0.2551,0.2116,False
0.1,-0.3,4,0.35,0.1588,0.2644,0.2116,False
0.15,-0.4,3,0.35,0.1658,0.2575,0.2116,False
0.1,-0.35,3,0.2,0.1573,0.2658,0.2116,False
0.1,-0.3,4,0.45,0.1612,0.2621,0.2117,False
0.25,-0.4,3,0.5,0.1883,0.2352,0.2117,False
0.2,-0.2,7,0.1,0.1696,0.2538,0.2117,False
0.35,-0.25,5,0.45,0.2082,0.2152,0.2117,False
0.35,-0.25,5,0.4,0.207,0.2164,0.2117,False
0.2,-0.25,6,0.25,0.1695,0.254,0.2117,False
0.05,-0.2,5,0.25,0.154,0.2697,0.2118,False
0.2,-0.4,3,0.55,0.1802,0.2434,0.2118,False
0.4,-0.25,3,0.55,0.2315,0.1921,0.2118,False
0.3,-0.2,5,0.05,0.1962,0.2274,0.2118,False
0.25,-0.2,6,0.05,0.1822,0.2414,0.2118,False
0.35,-0.25,4,0.2,0.2083,0.2156,0.2119,False
0.3,-0.35,3,0.2,0.1953,0.2285,0.2119,False
0.4,-0.2,3,0.2,0.2278,0.196,0.2119,False
0.1,-0.25,4,0.1,0.1589,0.265,0.2119,False
0.4,-0.15,5,0.2,0.2255,0.1983,0.2119,False
0.25,-0.3,4,0.15,0.1827,0.2413,0.212,False
0.05,-0.15,7,0.25,0.1545,0.2696,0.2121,False
0.35,-0.25,5,0.5,0.2098,0.2144,0.2121,False
0.3,-0.25,6,0.3,0.1898,0.2343,0.2121,False
0.35,-0.3,3,0.2,0.2095,0.2148,0.2121,False
0.35,-0.15,5,0.05,0.2127,0.2115,0.2121,False
0.1,-0.25,5,0.3,0.158,0.2661,0.2121,False
0.05,-0.2,4,0.1,0.1554,0.2688,0.2121,False
0.15,-0.25,5,0.15,0.1639,0.2604,0.2121,False
0.05,-0.2,5,0.55,0.1615,0.2627,0.2121,False
0.4,-0.2,5,0.45,0.2248,0.1994,0.2121,False
0.05,-0.15,6,0.15,0.1555,0.269,0.2122,False
0.1,-0.25,5,0.5,0.1629,0.2614,0.2122,False
0.4,-0.1,3,0.1,0.2349,0.1896,0.2122,False
0.35,-0.25,3,0.1,0.2117,0.2127,0.2122,False
0.15,-0.2,7,0.15,0.1621,0.2624,0.2122,False
0.35,-0.25,5,0.35,0.2063,0.2181,0.2122,False
0.2,-0.4,3,0.25,0.1735,0.251,0.2122,False
0.25,-0.4,3,0.3,0.1841,0.2404,0.2122,False
0.4,-0.2,5,0.4,0.2237,0.2007,0.2122,False
0.15,-0.4,3,0.3,0.1654,0.2592,0.2123,False
0.1,-0.2,7,0.4,0.1588,0.2659,0.2123,False
0.1,-0.3,4,0.3,0.1584,0.2661,0.2123,False
0.05,-0.15,7,0.55,0.162,0.2626,0.2123,False
0.15,-0.4,3,0.5,0.1701,0.2544,0.2123,False
0.1,-0.3,4,0.5,0.1633,0.2614,0.2124,False
0.45,-0.1,3,0.45,0.2527,0.172,0.2124,False
0.4,-0.2,5,0.5,0.2263,0.1986,0.2124,False
0.3,-0.25,6,0.55,0.1962,0.2286,0.2124,False
0.15,-0.35,3,0.1,0.1655,0.2596,0.2125,False
0.4,-0.25,3,0.3,0.2261,0.1988,0.2125,False
0.05,-0.25,4,0.25,0.1538,0.2712,0.2125,False
0.1,-0.2,7,0.35,0.1579,0.2672,0.2125,False
0.45,-0.1,3,0.5,0.254,0.1711,0.2125,False
0.1,-0.2,7,0.45,0.1603,0.2649,0.2126,False
0.45,-0.1,3,0.4,0.2517,0.1735,0.2126,False
0.2,-0.25,5,0.1,0.1726,0.2525,0.2126,False
0.35,-0.2,7,0.2,0.2012,0.224,0.2126,False
0.25,-0.4,3,0.55,0.1906,0.2348,0.2127,False
0.4,-0.15,6,0.2,0.2228,0.2026,0.2127,False
0.05,-0.25,4,0.55,0.1612,0.2642,0.2127,False
0.15,-0.25,6,0.4,0.1648,0.2605,0.2127,False
0.4,-0.2,4,0.25,0.2254,0.2002,0.2128,False
0.15,-0.3,4,0.15,0.1649,0.2608,0.2128,False
0.4,-0.15,7,0.2,0.2198,0.2059,0.2128,False
0.4,-0.2,5,0.35,0.2231,0.2025,0.2128,False
0.1,-0.3,3,0.05,0.16,0.2659,0.2129,False
0.25,-0.25,7,0.4,0.1785,0.2473,0.2129,False
0.15,-0.25,6,0.35,0.1639,0.2619,0.2129,False
0.15,-0.25,6,0.45,0.1663,0.2595,0.2129,False
0.25,-0.35,3,0.1,0.1846,0.2411,0.2129,False
0.35,-0.25,5,0.55,0.2118,0.2141,0.213,False
0.4,-0.1,4,0.1,0.2333,0.1927,0.213,False
0.05,-0.1,7,0.05,0.1599,0.266,0.213,False
0.25,-0.25,6,0.2,0.1791,0.2468,0.213,False
0.25,-0.25,7,0.45,0.1799,0.2462,0.213,False
0.4,-0.15,4,0.15,0.2288,0.1971,0.213,False
0.25,-0.25,5,0.1,0.1824,0.2435,0.213,False
0.35,-0.25,5,0.3,0.206,0.2201,0.2131,False
0.3,-0.3,4,0.2,0.1945,0.2317,0.2131,False
0.45,-0.1,7,0.45,0.2444,0.1819,0.2131,False
0.45,-0.1,4,0.45,0.251,0.1751,0.2131,False
0.3,-0.2,7,0.1,0.19,0.2363,0.2131,False
0.25,-0.25,7,0.35,0.1777,0.2487,0.2132,False
0.45,-0.1,3,0.55,0.2557,0.1706,0.2132,False
0.35,-0.15,6,0.05,0.2104,0.216,0.2132,False
0.3,-0.25,5,0.15,0.1932,0.2332,0.2132,False
0.4,-0.2,5,0.55,0.2282,0.1982,0.2132,False
0.1,-0.25,5,0.25,0.1583,0.2682,0.2132,False
0.1,-0.2,7,0.3,0.1575,0.2689,0.2132,False
0.3,-0.25,6,0.25,0.1901,0.2366,0.2133,False
0.45,-0.1,4,0.5,0.2524,0.1741,0.2133,False
0.45,-0.1,4,0.4,0.2501,0.1766,0.2133,False
0.1,-0.25,5,0.55,0.1656,0.2612,0.2134,False
0.1,-0.3,4,0.25,0.1587,0.2682,0.2134,False
0.25,-0.3,5,0.4,0.1832,0.2435,0.2134,False
0.45,-0.1,7,0.4,0.2434,0.1833,0.2134,False
0.15,-0.4,3,0.55,0.1727,0.2541,0.2134,False
0.45,-0.1,7,0.5,0.2458,0.181,0.2134,False
0.45,-0.1,3,0.35,0.2511,0.1756,0.2134,False
0.1,-0.2,7,0.5,0.1624,0.2643,0.2134,False
0.2,-0.25,6,0.2,0.1703,0.2565,0.2134,False
0.35,-0.35,3,0.45,0.2122,0.2147,0.2135,False
0.25,-0.3,5,0.45,0.1845,0.2425,0.2135,False
0.45,-0.1,6,0.45,0.2468,0.1802,0.2135,False
0.15,-0.4,3,0.25,0.1657,0.2613,0.2135,False
0.2,-0.3,5,0.4,0.1741,0.253,0.2135,False
0.25,-0.4,3,0.25,0.1843,0.2426,0.2135,False
0.1,-0.2,6,0.15,0.1585,0.2685,0.2135,False
0.45,-0.1,5,0.45,0.2491,0.1779,0.2135,False
0.05,-0.2,5,0.2,0.1549,0.2721,0.2135,False
0.35,-0.35,3,0.4,0.2111,0.2159,0.2135,False
0.15,-0.25,6,0.5,0.1683,0.2589,0.2136,False
0.25,-0.25,7,0.5,0.1817,0.2455,0.2136,False
0.4,-0.1,7,0.1,0.2272,0.2001,0.2136,False
0.05,-0.3,3,0.15,0.1539,0.2734,0.2136,False
0.35,-0.2,6,0.15,0.2052,0.2219,0.2136,False
0.1,-0.3,4,0.55,0.1659,0.2612,0.2136,False
0.1,-0.15,7,0.05,0.161,0.2661,0.2136,False
0.4,-0.1,5,0.1,0.2315,0.1957,0.2136,False
0.15,-0.25,6,0.3,0.1636,0.2636,0.2136,False
0.35,-0.15,7,0.05,0.2078,0.2197,0.2137,False
0.2,-0.3,5,0.45,0.1755,0.252,0.2137,False
0.45,-0.1,5,0.5,0.2504,0.177,0.2137,False
0.2,-0.3,4,0.1,0.1741,0.2533,0.2137,False
0.1,-0.35,3,0.15,0.1587,0.2686,0.2137,False
0.05,-0.15,7,0.2,0.1554,0.272,0.2137,False
0.25,-0.3,5,0.35,0.1824,0.245,0.2137,False
0.4,-0.2,6,0.45,0.2219,0.2057,0.2138,False
0.45,-0.1,6,0.4,0.2458,0.1817,0.2138,False
0.45,-0.1,6,0.5,0.2482,0.1793,0.2138,False
0.2,-0.3,5,0.35,0.1732,0.2544,0.2138,False
0.4,-0.2,5,0.3,0.2228,0.2047,0.2138,False
0.4,-0.1,6,0.1,0.2295,0.1982,0.2138,False
0.45,-0.1,5,0.4,0.2481,0.1794,0.2138,False
0.05,-0.25,3,0.05,0.1563,0.2714,0.2139,False
0.3,-0.3,3,0.05,0.1984,0.2294,0.2139,False
0.4,-0.25,3,0.25,0.2263,0.2015,0.2139,False
0.2,-0.35,4,0.4,0.1758,0.252,0.2139,False
0.2,-0.4,3,0.2,0.1743,0.2535,0.2139,False
0.35,-0.35,3,0.5,0.2138,0.2139,0.2139,False
0.45,-0.1,4,0.55,0.2541,0.1737,0.2139,False
0.25,-0.25,7,0.3,0.1774,0.2505,0.2139,False
0.4,-0.2,6,0.4,0.2208,0.207,0.2139,False
0.05,-0.15,5,0.05,0.1588,0.2692,0.214,False
0.35,-0.35,3,0.35,0.2104,0.2176,0.214,False
0.1,-0.2,5,0.05,0.1613,0.2667,0.214,False
0.45,-0.1,7,0.35,0.2428,0.1853,0.214,False
0.45,-0.1,4,0.35,0.2495,0.1786,0.214,False
0.3,-0.25,7,0.4,0.1891,0.2389,0.214,False
0.2,-0.35,4,0.45,0.1771,0.2509,0.214,False
0.45,-0.1,7,0.55,0.2475,0.1806,0.214,False
0.15,-0.2,6,0.05,0.1661,0.2619,0.214,False
0.3,-0.25,4,0.05,0.1976,0.2306,0.2141,False
0.3,-0.25,7,0.45,0.1904,0.2378,0.2141,False
0.05,-0.25,4,0.2,0.1546,0.2735,0.2141,False
0.25,-0.3,5,0.5,0.1864,0.2418,0.2141,False
0.3,-0.35,3,0.15,0.1964,0.2317,0.2141,False
0.2,-0.35,4,0.35,0.1749,0.2534,0.2141,False
0.4,-0.15,3,0.1,0.232,0.1963,0.2142,False
0.4,-0.2,6,0.5,0.2234,0.2049,0.2142,False
0.25,-0.2,7,0.05,0.1808,0.2477,0.2142,False
0.35,-0.3,4,0.45,0.2109,0.2176,0.2142,False
0.35,-0.3,4,0.4,0.2097,0.2188,0.2142,False
0.35,-0.2,5,0.1,0.2092,0.2192,0.2142,False
0.4,-0.2,3,0.15,0.2288,0.1997,0.2142,False
0.35,-0.25,4,0.15,0.2094,0.219,0.2142,False
0.3,-0.25,7,0.35,0.1883,0.2404,0.2143,False
0.25,-0.35,4,0.4,0.1856,0.243,0.2143,False
0.2,-0.25,7,0.4,0.1708,0.2577,0.2143,False
0.2,-0.3,5,0.5,0.1774,0.2513,0.2143,False
0.4,-0.15,5,0.15,0.2266,0.202,0.2143,False
0.45,-0.1,6,0.55,0.2499,0.1789,0.2144,False
0.45,-0.1,5,0.55,0.2522,0.1766,0.2144,False
0.25,-0.35,4,0.45,0.1869,0.2419,0.2144,False
0.35,-0.3,3,0.15,0.2106,0.2182,0.2144,False
0.3,-0.2,6,0.05,0.1944,0.2343,0.2144,False
0.45,-0.1,5,0.35,0.2475,0.1814,0.2144,False
0.1,-0.2,7,0.25,0.1578,0.271,0.2144,False
0.35,-0.25,5,0.25,0.2062,0.2226,0.2144,False
0.45,-0.1,6,0.35,0.2452,0.1836,0.2144,False
0.4,-0.2,6,0.35,0.2201,0.2087,0.2144,False
0.2,-0.35,3,0.05,0.176,0.253,0.2145,False
0.1,-0.2,7,0.55,0.1651,0.264,0.2145,False
0.2,-0.3,5,0.3,0.1729,0.2562,0.2145,False
0.05,-0.35,3,0.4,0.1564,0.2726,0.2145,False
0.45,-0.1,3,0.3,0.2509,0.1781,0.2145,False
0.2,-0.25,7,0.35,0.17,0.2591,0.2145,False
0.25,-0.3,5,0.3,0.1821,0.2468,0.2145,False
0.2,-0.25,7,0.45,0.1723,0.2567,0.2145,False
0.45,-0.15,3,0.45,0.2499,0.1791,0.2145,False
0.35,-0.2,4,0.05,0.213,0.2161,0.2146,False
0.3,-0.25,7,0.5,0.1921,0.2371,0.2146,False
0.4,-0.2,7,0.45,0.2185,0.2107,0.2146,False
0.25,-0.35,4,0.35,0.1848,0.2445,0.2146,False
0.2,-0.35,4,0.5,0.179,0.2503,0.2146,False
0.3,-0.4,3,0.4,0.1984,0.2308,0.2146,False
0.25,-0.3,4,0.1,0.1844,0.2447,0.2146,False
0.35,-0.3,4,0.5,0.2125,0.2168,0.2146,False
0.3,-0.4,3,0.45,0.1996,0.2296,0.2146,False
0.05,-0.35,3,0.35,0.1554,0.2739,0.2147,False
0.15,-0.25,6,0.55,0.1708,0.2586,0.2147,False
0.15,-0.25,5,0.1,0.1659,0.2635,0.2147,False
0.4,-0.2,4,0.2,0.226,0.2034,0.2147,False
0.25,-0.25,7,0.55,0.1841,0.2452,0.2147,False
0.4,-0.2,7,0.4,0.2173,0.212,0.2147,False
0.35,-0.35,3,0.55,0.2158,0.2136,0.2147,False
0.15,-0.25,6,0.25,0.1638,0.2657,0.2147,False
0.45,-0.15,3,0.4,0.2489,0.1805,0.2147,False
0.45,-0.15,3,0.5,0.2512,0.1781,0.2147,False
0.35,-0.3,4,0.35,0.209,0.2204,0.2147,False
0.05,-0.35,3,0.45,0.1579,0.2717,0.2148,False
0.2,-0.2,7,0.05,0.1721,0.2574,0.2148,False
0.1,-0.25,5,0.2,0.1591,0.2706,0.2148,False
0.05,-0.15,6,0.1,0.1576,0.272,0.2148,False
0.35,-0.2,7,0.15,0.2024,0.2273,0.2148,False
0.15,-0.2,7,0.1,0.1641,0.2656,0.2148,False
0.2,-0.35,4,0.3,0.1746,0.2552,0.2149,False
0.35,-0.35,3,0.3,0.2101,0.2196,0.2149,False
0.4,-0.2,6,0.55,0.2253,0.2045,0.2149,False
0.1,-0.25,4,0.05,0.1615,0.2684,0.215,False
0.4,-0.2,7,0.5,0.22,0.2099,0.215,False
0.4,-0.15,6,0.15,0.2239,0.2062,0.215,False
0.25,-0.35,4,0.5,0.1887,0.2413,0.215,False
0.3,-0.25,6,0.2,0.1908,0.2393,0.215,False
0.3,-0.4,3,0.35,0.1976,0.2323,0.215,False
0.4,-0.15,7,0.15,0.2209,0.2094,0.2151,False
0.3,-0.25,7,0.3,0.188,0.2422,0.2151,False
0.35,-0.25,6,0.4,0.2048,0.2254,0.2151,False
0.35,-0.25,6,0.45,0.206,0.2242,0.2151,False
0.3,-0.4,3,0.5,0.2013,0.2289,0.2151,False
0.45,-0.1,7,0.3,0.2425,0.1877,0.2151,False
0.4,-0.2,7,0.35,0.2167,0.2136,0.2151,False
0.15,-0.4,3,0.2,0.1665,0.2638,0.2151,False
0.25,-0.25,6,0.15,0.1804,0.2498,0.2151,False
0.25,-0.25,7,0.25,0.1776,0.2527,0.2151,False
0.1,-0.3,4,0.2,0.1595,0.2706,0.2151,False
0.25,-0.4,3,0.2,0.185,0.2453,0.2151,False
0.2,-0.25,7,0.5,0.1742,0.2561,0.2151,False
0.25,-0.3,5,0.55,0.1887,0.2415,0.2151,False
0.2,-0.25,7,0.3,0.1696,0.2608,0.2152,False
0.05,-0.2,4,0.05,0.1581,0.2722,0.2152,False
0.45,-0.1,4,0.3,0.2492,0.1811,0.2152,False
0.4,-0.2,5,0.25,0.223,0.2074,0.2152,False
0.4,-0.25,4,0.45,0.2267,0.2036,0.2152,False
0.3,-0.3,4,0.15,0.1956,0.2349,0.2153,False
0.35,-0.25,3,0.05,0.2137,0.217,0.2153,False
0.4,-0.25,4,0.4,0.2256,0.2049,0.2153,False
0.05,-0.35,3,0.3,0.1551,0.2756,0.2153,False
0.45,-0.15,3,0.55,0.253,0.1777,0.2153,False
0.4,-0.2,6,0.3,0.2199,0.2109,0.2154,False
0.45,-0.15,3,0.35,0.2483,0.1825,0.2154,False
0.15,-0.3,4,0.1,0.1669,0.2639,0.2154,False
0.25,-0.35,4,0.3,0.1845,0.2463,0.2154,False
0.2,-0.3,5,0.55,0.1798,0.251,0.2154,False
0.1,-0.4,3,0.4,0.1623,0.2685,0.2154,False
0.35,-0.3,4,0.55,0.2145,0.2164,0.2155,False
0.2,-0.25,6,0.15,0.1716,0.2593,0.2155,False
0.05,-0.2,5,0.15,0.1563,0.2748,0.2155,False
0.4,-0.25,4,0.5,0.2282,0.2028,0.2155,False
0.4,-0.1,3,0.05,0.2366,0.1944,0.2155,False
0.35,-0.3,4,0.3,0.2087,0.2224,0.2156,False
0.15,-0.35,3,0.05,0.168,0.2631,0.2156,False
0.45,-0.1,5,0.3,0.2473,0.1839,0.2156,False
0.35,-0.25,6,0.35,0.2041,0.227,0.2156,False
0.05,-0.35,3,0.5,0.1601,0.271,0.2156,False
0.1,-0.4,3,0.35,0.1614,0.2699,0.2156,False
0.2,-0.25,5,0.05,0.175,0.2562,0.2156,False
0.3,-0.25,7,0.55,0.1944,0.2368,0.2156,False
0.35,-0.25,6,0.5,0.2077,0.2235,0.2156,False
0.45,-0.1,6,0.3,0.245,0.1861,0.2156,False
0.2,-0.35,4,0.55,0.1814,0.25,0.2157,False
0.3,-0.3,5,0.4,0.195,0.2363,0.2157,False
0.3,-0.3,5,0.45,0.1963,0.2352,0.2157,False
0.4,-0.3,3,0.45,0.2283,0.2032,0.2157,False
0.2,-0.3,5,0.25,0.1731,0.2583,0.2157,False
0.05,-0.2,6,0.4,0.1579,0.2735,0.2157,False
0.1,-0.4,3,0.45,0.1638,0.2675,0.2157,False
0.25,-0.3,5,0.25,0.1823,0.249,0.2157,False
0.4,-0.2,7,0.55,0.222,0.2096,0.2158,False
0.4,-0.25,3,0.2,0.2269,0.2047,0.2158,False
0.3,-0.4,3,0.3,0.1974,0.2343,0.2158,False
0.05,-0.15,7,0.15,0.1569,0.2747,0.2158,False
0.3,-0.25,5,0.1,0.1949,0.2367,0.2158,False
0.4,-0.25,4,0.35,0.225,0.2067,0.2158,False
0.4,-0.15,4,0.1,0.2302,0.2013,0.2158,False
0.05,-0.2,6,0.35,0.157,0.2748,0.2159,False
0.25,-0.35,3,0.05,0.1869,0.2449,0.2159,False
0.4,-0.3,3,0.4,0.2272,0.2045,0.2159,False
0.15,-0.35,4,0.4,0.169,0.2629,0.2159,False
0.2,-0.4,3,0.15,0.1756,0.2564,0.216,False
0.05,-0.2,6,0.45,0.1595,0.2725,0.216,False
0.3,-0.4,3,0.55,0.2034,0.2286,0.216,False
0.1,-0.2,6,0.1,0.1605,0.2716,0.216,False
0.25,-0.35,4,0.55,0.191,0.241,0.216,False
0.25,-0.25,5,0.05,0.1847,0.2473,0.216,False
0.3,-0.3,5,0.35,0.1943,0.2378,0.216,False
0.45,-0.15,4,0.45,0.2478,0.1841,0.216,False
0.1,-0.2,7,0.2,0.1586,0.2733,0.216,False
0.45,-0.1,3,0.25,0.2511,0.1812,0.2161,False
0.4,-0.2,7,0.3,0.2164,0.2157,0.2161,False
0.2,-0.35,4,0.25,0.1748,0.2573,0.2161,False
0.4,-0.3,3,0.5,0.2297,0.2024,0.2161,False
0.05,-0.25,4,0.15,0.1561,0.2762,0.2162,False
0.35,-0.35,3,0.25,0.2103,0.2221,0.2162,False
0.45,-0.15,4,0.5,0.2492,0.1832,0.2162,False
0.45,-0.15,4,0.4,0.2469,0.1855,0.2162,False
0.35,-0.2,6,0.1,0.2068,0.2256,0.2162,False
0.2,-0.25,7,0.55,0.1767,0.2558,0.2162,False
0.1,-0.35,3,0.1,0.1608,0.2717,0.2162,False
0.15,-0.3,5,0.4,0.168,0.2644,0.2162,False
0.3,-0.3,5,0.5,0.198,0.2344,0.2162,False
0.35,-0.25,5,0.2,0.2069,0.2255,0.2162,False
0.05,-0.3,3,0.1,0.156,0.2764,0.2162,False
0.3,-0.2,7,0.05,0.1922,0.2401,0.2162,False
0.15,-0.35,4,0.35,0.1681,0.2643,0.2162,False
0.15,-0.35,4,0.45,0.1704,0.2619,0.2162,False
0.3,-0.25,7,0.25,0.1882,0.2445,0.2163,False
0.4,-0.25,4,0.55,0.2301,0.2024,0.2163,False
0.1,-0.4,3,0.3,0.161,0.2715,0.2163,False
0.4,-0.1,4,0.05,0.2351,0.1974,0.2163,False
0.05,-0.35,3,0.25,0.1554,0.2775,0.2164,False
0.4,-0.3,3,0.35,0.2265,0.2063,0.2164,False
0.35,-0.25,6,0.3,0.2038,0.229,0.2164,False
0.15,-0.25,6,0.2,0.1646,0.2681,0.2164,False
0.1,-0.4,3,0.5,0.1658,0.2669,0.2164,False
0.2,-0.25,7,0.25,0.1699,0.2629,0.2164,False
0.35,-0.25,6,0.55,0.2097,0.2232,0.2165,False
0.15,-0.3,5,0.45,0.1695,0.2634,0.2165,False
0.45,-0.15,3,0.3,0.2481,0.1849,0.2165,False
0.05,-0.2,6,0.3,0.1566,0.2764,0.2165,False
0.15,-0.3,5,0.35,0.1672,0.2658,0.2165,False
0.25,-0.35,4,0.25,0.1847,0.2485,0.2166,False
0.45,-0.1,7,0.25,0.2427,0.1906,0.2166,False
0.4,-0.2,6,0.25,0.22,0.2134,0.2167,False
0.05,-0.2,6,0.5,0.1616,0.2719,0.2167,False
0.2,-0.3,4,0.05,0.1765,0.257,0.2167,False
0.3,-0.35,3,0.1,0.1981,0.2353,0.2167,False
0.15,-0.35,4,0.5,0.1724,0.2613,0.2168,False
0.25,-0.25,7,0.2,0.1784,0.2552,0.2168,False
0.35,-0.25,4,0.1,0.2109,0.2227,0.2168,False
0.3,-0.3,5,0.3,0.194,0.2397,0.2168,False
0.45,-0.15,4,0.35,0.2462,0.1874,0.2168,False
0.4,-0.3,3,0.55,0.2316,0.2021,0.2168,False
0.4,-0.25,4,0.3,0.2247,0.2088,0.2168,False
0.4,-0.1,7,0.05,0.229,0.2046,0.2168,False
0.4,-0.1,5,0.05,0.2333,0.2003,0.2168,False
0.45,-0.1,4,0.25,0.2494,0.1841,0.2168,False
0.05,-0.35,3,0.55,0.1628,0.2708,0.2168,False
0.45,-0.15,4,0.55,0.2509,0.1828,0.2169,False
0.1,-0.25,5,0.15,0.1606,0.2733,0.2169,False
0.15,-0.35,4,0.3,0.1678,0.266,0.2169,False
0.35,-0.3,4,0.25,0.2089,0.2249,0.2169,False
0.4,-0.2,4,0.15,0.227,0.207,0.217,False
0.4,-0.2,5,0.2,0.2236,0.2104,0.217,False
0.4,-0.1,6,0.05,0.2313,0.2028,0.217,False
0.35,-0.3,3,0.1,0.2121,0.2219,0.217,False
0.4,-0.2,3,0.1,0.2302,0.2038,0.217,False
0.4,-0.15,5,0.1,0.228,0.2061,0.217,False
0.45,-0.15,5,0.45,0.2453,0.1887,0.217,False
0.15,-0.3,5,0.3,0.1668,0.2675,0.2171,False
0.15,-0.3,5,0.5,0.1715,0.2628,0.2171,False
0.1,-0.3,4,0.15,0.161,0.2733,0.2171,False
0.45,-0.1,5,0.25,0.2474,0.1868,0.2171,False
0.3,-0.4,3,0.25,0.1976,0.2366,0.2171,False
0.3,-0.35,4,0.4,0.1979,0.2363,0.2171,False
0.45,-0.1,6,0.25,0.2452,0.189,0.2171,False
0.45,-0.15,5,0.4,0.2443,0.1901,0.2172,False
0.3,-0.35,4,0.45,0.1992,0.2352,0.2172,False
0.3,-0.25,6,0.15,0.192,0.2423,0.2172,False
0.3,-0.3,5,0.55,0.2002,0.2341,0.2172,False
0.15,-0.4,3,0.15,0.1679,0.2666,0.2172,False
0.45,-0.15,7,0.45,0.2391,0.1954,0.2172,False
0.35,-0.2,5,0.05,0.2112,0.2234,0.2173,False
0.45,-0.15,5,0.5,0.2467,0.1878,0.2173,False
0.25,-0.4,3,0.15,0.1863,0.2482,0.2173,False
0.25,-0.3,5,0.2,0.1831,0.2516,0.2173,False
0.2,-0.3,5,0.2,0.1739,0.2608,0.2173,False
0.45,-0.15,7,0.4,0.238,0.1967,0.2174,False
0.1,-0.4,3,0.25,0.1613,0.2735,0.2174,False
0.4,-0.2,7,0.25,0.2166,0.2183,0.2174,False
0.4,-0.3,3,0.3,0.2263,0.2084,0.2174,False
0.4,-0.15,3,0.05,0.2338,0.2009,0.2174,False
0.35,-0.25,7,0.4,0.2021,0.2328,0.2174,False
0.1,-0.4,3,0.55,0.1684,0.2666,0.2175,False
0.45,-0.15,6,0.45,0.2424,0.1926,0.2175,False
0.45,-0.15,7,0.5,0.2405,0.1945,0.2175,False
0.3,-0.35,4,0.35,0.1972,0.2378,0.2175,False
0.45,-0.2,3,0.45,0.248,0.1871,0.2175,False
0.35,-0.25,7,0.45,0.2033,0.2316,0.2175,False
0.35,-0.2,7,0.1,0.204,0.2309,0.2175,False
0.25,-0.25,6,0.1,0.1822,0.2531,0.2176,False
0.45,-0.15,6,0.4,0.2414,0.1939,0.2176,False
0.25,-0.3,4,0.05,0.1867,0.2485,0.2176,False
0.2,-0.35,4,0.2,0.1756,0.2598,0.2177,False
0.15,-0.25,5,0.05,0.1684,0.267,0.2177,False
0.45,-0.2,3,0.4,0.247,0.1885,0.2177,False
0.45,-0.15,6,0.5,0.2438,0.1917,0.2177,False
0.05,-0.2,6,0.25,0.1569,0.2784,0.2177,False
0.4,-0.15,6,0.1,0.2253,0.2102,0.2177,False
0.3,-0.35,4,0.5,0.2009,0.2345,0.2177,False
0.35,-0.25,6,0.25,0.204,0.2313,0.2177,False
0.3,-0.3,4,0.1,0.1973,0.2384,0.2178,False
0.45,-0.2,3,0.5,0.2494,0.1862,0.2178,False
0.35,-0.25,7,0.35,0.2014,0.2343,0.2178,False
0.15,-0.2,7,0.05,0.1666,0.269,0.2178,False
0.4,-0.15,7,0.1,0.2223,0.2133,0.2178,False
0.05,-0.15,6,0.05,0.1602,0.2754,0.2178,False
0.05,-0.2,6,0.55,0.1642,0.2717,0.2179,False
0.15,-0.35,4,0.55,0.1749,0.261,0.2179,False
0.45,-0.15,5,0.35,0.2437,0.192,0.2179,False
0.35,-0.25,7,0.5,0.205,0.2309,0.2179,False
0.45,-0.15,4,0.3,0.246,0.1898,0.2179,False
0.45,-0.15,5,0.55,0.2485,0.1875,0.218,False
0.2,-0.25,6,0.1,0.1735,0.2625,0.218,False
0.45,-0.15,7,0.35,0.2374,0.1985,0.218,False
0.35,-0.35,3,0.2,0.211,0.225,0.218,False
0.3,-0.25,7,0.2,0.1889,0.2471,0.218,False
0.15,-0.35,4,0.25,0.168,0.268,0.218,False
0.05,-0.35,3,0.2,0.1562,0.2798,0.218,False
0.2,-0.25,7,0.2,0.1707,0.2654,0.218,False
0.1,-0.2,7,0.15,0.1601,0.276,0.218,False
0.05,-0.2,5,0.1,0.1584,0.2778,0.2181,False
0.45,-0.15,3,0.25,0.2483,0.1879,0.2181,False
0.3,-0.3,5,0.25,0.1942,0.2419,0.2181,False
0.4,-0.25,3,0.15,0.2279,0.2082,0.2181,False
0.2,-0.45,3,0.4,0.1796,0.2568,0.2182,False
0.45,-0.15,7,0.55,0.2423,0.1942,0.2182,False
0.45,-0.1,3,0.2,0.2516,0.1847,0.2182,False
0.15,-0.3,5,0.55,0.174,0.2625,0.2182,False
0.4,-0.25,4,0.25,0.2249,0.2114,0.2182,False
0.15,-0.3,5,0.25,0.1671,0.2695,0.2183,False
0.25,-0.35,4,0.2,0.1854,0.2511,0.2183,False
0.35,-0.25,5,0.15,0.208,0.2287,0.2183,False
0.3,-0.35,4,0.3,0.1969,0.2397,0.2183,False
0.15,-0.25,7,0.4,0.1665,0.27,0.2183,False
0.05,-0.15,7,0.1,0.1589,0.2777,0.2183,False
0.45,-0.15,6,0.35,0.2407,0.1958,0.2183,False
0.2,-0.45,3,0.45,0.1809,0.2558,0.2184,False
0.15,-0.3,4,0.05,0.1693,0.2674,0.2184,False
0.15,-0.25,6,0.15,0.166,0.2708,0.2184,False
0.45,-0.2,3,0.35,0.2464,0.1903,0.2184,False
0.45,-0.15,6,0.55,0.2455,0.1913,0.2184,False
0.1,-0.25,6,0.4,0.1627,0.2741,0.2184,False
0.45,-0.2,3,0.55,0.2511,0.1858,0.2184,False
0.2,-0.45,3,0.35,0.1787,0.2582,0.2185,False
0.15,-0.25,7,0.45,0.1679,0.2691,0.2185,False
0.15,-0.25,7,0.35,0.1656,0.2714,0.2185,False
0.4,-0.2,6,0.2,0.2207,0.2164,0.2185,False
0.2,-0.4,3,0.1,0.1774,0.2596,0.2185,False
0.35,-0.3,4,0.2,0.2096,0.2277,0.2186,False
0.3,-0.35,4,0.55,0.203,0.2342,0.2186,False
0.05,-0.3,4,0.4,0.1595,0.2777,0.2186,False
0.45,-0.1,7,0.2,0.2433,0.1939,0.2186,False
0.1,-0.25,6,0.35,0.1618,0.2754,0.2186,False
0.45,-0.1,4,0.2,0.2499,0.1876,0.2187,False
0.1,-0.25,6,0.45,0.1642,0.2732,0.2187,False
0.35,-0.25,7,0.3,0.2011,0.2362,0.2187,False
0.05,-0.25,4,0.1,0.1582,0.2792,0.2187,False
0.4,-0.3,3,0.25,0.2265,0.2111,0.2188,False
0.3,-0.25,5,0.05,0.197,0.2406,0.2188,False
0.35,-0.25,7,0.55,0.2071,0.2306,0.2188,False
0.05,-0.3,4,0.35,0.1586,0.279,0.2188,False
0.3,-0.4,3,0.2,0.1982,0.2393,0.2188,False
0.25,-0.25,7,0.15,0.1796,0.2581,0.2189,False
0.4,-0.25,5,0.45,0.2246,0.2132,0.2189,False
0.4,-0.15,4,0.05,0.232,0.2058,0.2189,False
0.05,-0.3,4,0.45,0.161,0.2767,0.2189,False
0.05,-0.25,5,0.4,0.1597,0.278,0.2189,False
0.45,-0.15,5,0.3,0.2435,0.1943,0.2189,False
0.4,-0.25,5,0.4,0.2235,0.2145,0.219,False
0.45,-0.15,7,0.3,0.2372,0.2008,0.219,False
0.1,-0.4,3,0.2,0.1621,0.2759,0.219,False
0.1,-0.2,6,0.05,0.1631,0.2749,0.219,False
0.2,-0.45,3,0.5,0.1828,0.2551,0.219,False
0.15,-0.25,7,0.3,0.1653,0.273,0.2191,False
0.25,-0.45,3,0.4,0.1898,0.2485,0.2191,False
0.05,-0.25,5,0.35,0.1588,0.2793,0.2191,False
0.45,-0.1,6,0.2,0.2457,0.1924,0.2191,False
0.45,-0.1,5,0.2,0.248,0.1902,0.2191,False
0.15,-0.25,7,0.5,0.1699,0.2684,0.2192,False
0.05,-0.25,5,0.45,0.1612,0.2771,0.2192,False
0.4,-0.2,7,0.2,0.2172,0.2212,0.2192,False
0.05,-0.3,3,0.05,0.1586,0.2797,0.2192,False
0.05,-0.2,6,0.2,0.1578,0.2807,0.2192,False
0.2,-0.45,3,0.3,0.1784,0.26,0.2192,False
0.1,-0.35,3,0.05,0.1634,0.2751,0.2192,False
0.4,-0.2,5,0.15,0.2247,0.2139,0.2193,False
0.25,-0.45,3,0.45,0.1911,0.2475,0.2193,False
0.45,-0.15,6,0.3,0.2405,0.1981,0.2193,False
0.4,-0.25,5,0.5,0.2261,0.2124,0.2193,False
0.35,-0.2,6,0.05,0.2088,0.2297,0.2193,False
0.1,-0.25,6,0.3,0.1615,0.2771,0.2193,False
0.45,-0.2,3,0.3,0.2462,0.1927,0.2194,False
0.1,-0.25,5,0.1,0.1626,0.2763,0.2194,False
0.35,-0.25,6,0.2,0.2047,0.2341,0.2194,False
0.25,-0.3,5,0.15,0.1843,0.2545,0.2194,False
0.45,-0.15,4,0.25,0.2462,0.1927,0.2194,False
0.05,-0.3,4,0.3,0.1582,0.2806,0.2194,False
0.2,-0.3,5,0.15,0.1752,0.2636,0.2194,False
0.1,-0.25,6,0.5,0.1663,0.2726,0.2194,False
0.25,-0.45,3,0.35,0.189,0.2499,0.2195,False
0.4,-0.25,5,0.35,0.2229,0.2161,0.2195,False
0.1,-0.3,4,0.1,0.163,0.2763,0.2196,False
0.3,-0.35,4,0.25,0.1971,0.242,0.2196,False
0.05,-0.3,4,0.5,0.1631,0.2761,0.2196,False
0.15,-0.35,4,0.2,0.1688,0.2704,0.2196,False
0.3,-0.35,3,0.05,0.2002,0.2392,0.2197,False
0.3,-0.25,6,0.1,0.1937,0.2457,0.2197,False
0.15,-0.4,3,0.1,0.1698,0.2697,0.2197,False
0.05,-0.25,5,0.3,0.1584,0.2809,0.2197,False
0.3,-0.3,5,0.2,0.1949,0.2446,0.2197,False
0.4,-0.2,4,0.1,0.2284,0.211,0.2197,False
0.15,-0.45,3,0.4,0.1723,0.2672,0.2197,False
0.2,-0.35,4,0.15,0.1769,0.2626,0.2197,False
0.25,-0.45,3,0.5,0.1928,0.2468,0.2198,False
0.25,-0.4,3,0.1,0.188,0.2516,0.2198,False
0.15,-0.45,3,0.45,0.1737,0.2662,0.2199,False
0.35,-0.25,4,0.05,0.2129,0.2269,0.2199,False
0.05,-0.25,5,0.5,0.1633,0.2765,0.2199,False
0.35,-0.25,7,0.25,0.2013,0.2385,0.2199,False
0.15,-0.3,5,0.2,0.1679,0.2719,0.2199,False
0.2,-0.45,3,0.55,0.1852,0.2549,0.22,False
0.45,-0.2,4,0.45,0.2459,0.1942,0.22,False
0.45,-0.15,3,0.2,0.2488,0.1913,0.22,False
0.15,-0.45,3,0.35,0.1715,0.2685,0.22,False
0.4,-0.25,4,0.2,0.2255,0.2144,0.22,False
0.25,-0.3,6,0.4,0.1841,0.2559,0.22,False
0.25,-0.3,6,0.45,0.1854,0.2548,0.2201,False
0.05,-0.35,3,0.15,0.1577,0.2825,0.2201,False
0.35,-0.3,3,0.05,0.2141,0.2261,0.2201,False
0.4,-0.25,5,0.55,0.228,0.2121,0.2201,False
0.35,-0.35,3,0.15,0.212,0.2282,0.2201,False
0.3,-0.25,7,0.15,0.1901,0.25,0.2201,False
0.2,-0.25,7,0.15,0.172,0.2681,0.2201,False
0.25,-0.45,3,0.3,0.1887,0.2517,0.2202,False
0.45,-0.2,4,0.4,0.2449,0.1956,0.2202,False
0.4,-0.15,5,0.05,0.2298,0.2105,0.2202,False
0.4,-0.2,3,0.05,0.232,0.2083,0.2202,False
0.35,-0.4,3,0.45,0.2148,0.2259,0.2203,False
0.25,-0.3,6,0.35,0.1833,0.2573,0.2203,False
0.25,-0.35,4,0.15,0.1866,0.254,0.2203,False
0.15,-0.25,7,0.55,0.1725,0.2682,0.2203,False
0.15,-0.25,7,0.25,0.1655,0.275,0.2203,False
0.35,-0.3,5,0.45,0.2103,0.2303,0.2203,False
0.35,-0.3,5,0.4,0.2091,0.2314,0.2203,False
0.45,-0.2,4,0.5,0.2472,0.1934,0.2203,False
0.2,-0.45,3,0.25,0.1787,0.2621,0.2204,False
0.45,-0.15,7,0.25,0.2374,0.2035,0.2204,False
0.45,-0.15,5,0.25,0.2437,0.1971,0.2204,False
0.4,-0.25,5,0.3,0.2226,0.2182,0.2204,False
0.35,-0.4,3,0.4,0.2136,0.2271,0.2204,False
0.1,-0.25,6,0.25,0.1617,0.2791,0.2204,False
0.1,-0.2,7,0.1,0.1621,0.279,0.2205,False
0.05,-0.3,4,0.25,0.1585,0.2825,0.2205,False
0.35,-0.2,7,0.05,0.206,0.2349,0.2205,False
0.4,-0.3,3,0.2,0.2271,0.2141,0.2206,False
0.25,-0.25,6,0.05,0.1845,0.2567,0.2206,False
0.1,-0.25,6,0.55,0.1688,0.2723,0.2206,False
0.15,-0.45,3,0.5,0.1757,0.2655,0.2206,False
0.1,-0.35,4,0.4,0.1656,0.2756,0.2206,False
0.45,-0.1,3,0.15,0.2525,0.1886,0.2206,False
0.15,-0.45,3,0.3,0.1711,0.2702,0.2206,False
0.4,-0.2,6,0.15,0.2217,0.2198,0.2207,False
0.45,-0.15,6,0.25,0.2407,0.2008,0.2207,False
0.35,-0.3,5,0.35,0.2084,0.2329,0.2207,False
0.35,-0.3,5,0.5,0.2119,0.2295,0.2207,False
0.25,-0.3,6,0.5,0.1873,0.2542,0.2207,False
0.25,-0.45,3,0.55,0.1951,0.2465,0.2208,False
0.4,-0.15,6,0.05,0.2272,0.2145,0.2208,False
0.45,-0.2,4,0.35,0.2442,0.1974,0.2208,False
0.35,-0.3,4,0.15,0.2107,0.2309,0.2208,False
0.3,-0.3,4,0.05,0.1994,0.2423,0.2208,False
0.1,-0.35,4,0.35,0.1647,0.2769,0.2208,False
0.35,-0.4,3,0.5,0.2163,0.2252,0.2208,False
0.35,-0.4,3,0.35,0.2129,0.2287,0.2208,False
0.4,-0.25,3,0.1,0.2294,0.2122,0.2208,False
0.05,-0.25,5,0.25,0.1587,0.2829,0.2208,False
0.05,-0.3,4,0.55,0.1657,0.2759,0.2208,False
0.35,-0.25,5,0.1,0.2095,0.2323,0.2209,False
0.3,-0.4,3,0.15,0.1994,0.2423,0.2209,False
0.15,-0.25,6,0.1,0.168,0.2739,0.2209,False
0.1,-0.35,4,0.45,0.1671,0.2747,0.2209,False
0.45,-0.2,3,0.25,0.2463,0.1955,0.2209,False
0.4,-0.15,7,0.05,0.2242,0.2176,0.2209,False
0.45,-0.1,7,0.15,0.2442,0.1977,0.2209,False
0.25,-0.3,6,0.3,0.183,0.259,0.221,False
0.1,-0.4,3,0.15,0.1635,0.2785,0.221,False
0.45,-0.2,4,0.55,0.249,0.193,0.221,False
0.05,-0.2,7,0.4,0.1605,0.2815,0.221,False
0.2,-0.25,6,0.05,0.1759,0.266,0.221,False
0.05,-0.2,5,0.05,0.161,0.2811,0.2211,False
0.2,-0.3,6,0.4,0.1764,0.2658,0.2211,False
0.05,-0.25,5,0.55,0.166,0.2762,0.2211,False
0.05,-0.2,7,0.35,0.1596,0.2827,0.2212,False
0.3,-0.35,4,0.2,0.1978,0.2446,0.2212,False
0.45,-0.1,4,0.15,0.2509,0.1914,0.2212,False
0.05,-0.15,7,0.05,0.1615,0.281,0.2213,False
0.05,-0.2,6,0.15,0.1592,0.2833,0.2213,False
0.05,-0.2,7,0.45,0.1621,0.2805,0.2213,False
0.3,-0.3,6,0.4,0.1947,0.248,0.2213,False
0.2,-0.3,6,0.45,0.1778,0.2648,0.2213,False
0.2,-0.3,6,0.35,0.1755,0.2671,0.2213,False
0.3,-0.3,6,0.45,0.1959,0.2469,0.2214,False
0.45,-0.1,6,0.15,0.2467,0.1962,0.2214,False
0.4,-0.2,7,0.15,0.2183,0.2245,0.2214,False
0.25,-0.25,7,0.1,0.1814,0.2613,0.2214,False
0.25,-0.45,3,0.25,0.1889,0.2539,0.2214,False
0.45,-0.15,4,0.2,0.2467,0.196,0.2214,False
0.35,-0.3,5,0.3,0.2081,0.2349,0.2215,False
0.1,-0.35,4,0.3,0.1644,0.2785,0.2215,False
0.35,-0.25,6,0.15,0.2058,0.2372,0.2215,False
0.2,-0.4,3,0.05,0.1798,0.2631,0.2215,False
0.45,-0.1,5,0.15,0.2489,0.194,0.2215,False
0.45,-0.25,3,0.45,0.247,0.1959,0.2215,False
0.1,-0.3,5,0.4,0.1655,0.2775,0.2215,False
0.4,-0.25,6,0.4,0.2206,0.2226,0.2216,False
0.1,-0.35,4,0.5,0.1691,0.2741,0.2216,False
0.35,-0.4,3,0.55,0.2183,0.2249,0.2216,False
0.35,-0.4,3,0.3,0.2127,0.2306,0.2216,False
0.4,-0.35,3,0.45,0.2294,0.2138,0.2216,False
0.15,-0.35,4,0.15,0.1702,0.2731,0.2216,False
0.45,-0.25,3,0.4,0.246,0.1972,0.2216,False
0.4,-0.25,6,0.45,0.2217,0.2215,0.2216,False
0.35,-0.3,5,0.55,0.2139,0.2292,0.2216,False
0.35,-0.25,7,0.2,0.202,0.2412,0.2216,False
0.4,-0.25,5,0.25,0.2228,0.2207,0.2217,False
0.05,-0.25,4,0.05,0.1608,0.2825,0.2217,False
0.15,-0.45,3,0.55,0.1781,0.2653,0.2217,False
0.3,-0.3,6,0.35,0.1939,0.2494,0.2217,False
0.4,-0.35,3,0.4,0.2283,0.215,0.2217,False
0.45,-0.25,3,0.5,0.2484,0.1951,0.2217,False
0.1,-0.3,5,0.35,0.1646,0.2788,0.2217,False
0.25,-0.3,6,0.55,0.1896,0.2539,0.2217,False
0.05,-0.2,7,0.3,0.1593,0.2843,0.2218,False
0.3,-0.3,5,0.15,0.1961,0.2476,0.2218,False
0.15,-0.25,7,0.2,0.1663,0.2773,0.2218,False
0.15,-0.45,3,0.25,0.1714,0.2722,0.2218,False
0.4,-0.3,4,0.45,0.2276,0.2161,0.2218,False
0.1,-0.3,5,0.45,0.167,0.2766,0.2218,False
0.45,-0.2,4,0.3,0.244,0.1997,0.2219,False
0.1,-0.25,6,0.2,0.1626,0.2813,0.2219,False
0.15,-0.3,5,0.15,0.1692,0.2746,0.2219,False
0.4,-0.3,4,0.4,0.2265,0.2173,0.2219,False
0.2,-0.3,5,0.1,0.1771,0.2667,0.2219,False
0.4,-0.35,3,0.5,0.2309,0.213,0.2219,False
0.25,-0.3,5,0.1,0.1861,0.2578,0.2219,False
0.4,-0.2,5,0.1,0.2261,0.2177,0.2219,False
0.2,-0.3,6,0.5,0.1797,0.2642,0.2219,False
0.2,-0.45,3,0.2,0.1794,0.2645,0.222,False
0.3,-0.3,6,0.5,0.1977,0.2463,0.222,False
0.05,-0.2,7,0.5,0.1641,0.2799,0.222,False
0.2,-0.3,6,0.3,0.1752,0.2688,0.222,False
0.4,-0.25,6,0.5,0.2233,0.2207,0.222,False
0.45,-0.2,5,0.45,0.2431,0.2009,0.222,False
0.45,-0.2,5,0.4,0.2421,0.2022,0.2221,False
0.05,-0.3,4,0.2,0.1593,0.2848,0.2221,False
0.4,-0.25,6,0.35,0.22,0.2242,0.2221,False
0.05,-0.4,3,0.4,0.1616,0.2826,0.2221,False
0.05,-0.4,3,0.35,0.1606,0.2838,0.2222,False
0.45,-0.25,3,0.35,0.2454,0.199,0.2222,False
0.4,-0.35,3,0.35,0.2277,0.2167,0.2222,False
0.4,-0.3,4,0.5,0.2291,0.2153,0.2222,False
0.4,-0.25,4,0.15,0.2265,0.2178,0.2222,False
0.2,-0.35,4,0.1,0.1787,0.2657,0.2222,False
0.35,-0.35,4,0.4,0.2125,0.232,0.2222,False
0.25,-0.3,6,0.25,0.1832,0.2611,0.2222,False
0.35,-0.35,4,0.45,0.2136,0.2309,0.2222,False
0.45,-0.15,7,0.2,0.2379,0.2066,0.2223,False
0.05,-0.25,5,0.2,0.1595,0.2851,0.2223,False
0.45,-0.15,5,0.2,0.2442,0.2004,0.2223,False
0.1,-0.3,5,0.3,0.1643,0.2804,0.2223,False
0.45,-0.2,5,0.5,0.2445,0.2,0.2223,False
0.1,-0.25,5,0.05,0.1651,0.2796,0.2224,False
0.4,-0.3,4,0.35,0.2258,0.2189,0.2224,False
0.45,-0.25,3,0.55,0.2501,0.1947,0.2224,False
0.45,-0.15,3,0.15,0.2497,0.1951,0.2224,False
0.3,-0.3,6,0.3,0.1936,0.2512,0.2224,False
0.3,-0.45,3,0.4,0.2025,0.2424,0.2224,False
0.05,-0.4,3,0.45,0.1631,0.2816,0.2224,False
0.3,-0.45,3,0.45,0.2037,0.2413,0.2225,False
0.1,-0.3,5,0.5,0.169,0.276,0.2225,False
0.1,-0.35,4,0.25,0.1646,0.2805,0.2226,False
0.1,-0.3,4,0.05,0.1655,0.2796,0.2226,False
0.05,-0.35,3,0.1,0.1597,0.2854,0.2226,False
0.3,-0.25,7,0.1,0.1919,0.2533,0.2226,False
0.45,-0.15,6,0.2,0.2412,0.204,0.2226,False
0.2,-0.25,7,0.1,0.1739,0.2712,0.2226,False
0.15,-0.4,3,0.05,0.1723,0.2731,0.2227,False
0.1,-0.35,4,0.55,0.1717,0.2738,0.2227,False
0.35,-0.35,3,0.1,0.2136,0.2318,0.2227,False
0.35,-0.35,4,0.5,0.2152,0.2302,0.2227,False
0.4,-0.35,3,0.55,0.2327,0.2127,0.2227,False
0.3,-0.25,6,0.05,0.1958,0.2495,0.2227,False
0.45,-0.2,5,0.35,0.2415,0.2039,0.2227,False
0.35,-0.35,4,0.35,0.2118,0.2336,0.2227,False
0.25,-0.4,3,0.05,0.1902,0.2552,0.2227,False
0.45,-0.2,3,0.2,0.2469,0.1988,0.2228,False
0.3,-0.45,3,0.35,0.2017,0.2439,0.2228,False
0.4,-0.25,6,0.55,0.2252,0.2204,0.2228,False
0.4,-0.3,3,0.15,0.2281,0.2175,0.2228,False
0.35,-0.3,5,0.25,0.2083,0.2372,0.2228,False
0.25,-0.35,4,0.1,0.1884,0.2573,0.2228,False
0.4,-0.2,4,0.05,0.2302,0.2153,0.2228,False
0.4,-0.3,4,0.55,0.2309,0.215,0.2229,False
0.35,-0.4,3,0.25,0.2129,0.233,0.2229,False
0.05,-0.4,3,0.3,0.1603,0.2854,0.2229,False
0.05,-0.2,7,0.25,0.1595,0.2863,0.2229,False
0.3,-0.3,6,0.55,0.1998,0.246,0.2229,False
0.45,-0.2,6,0.45,0.2397,0.2064,0.223,False
0.2,-0.3,6,0.55,0.1821,0.2639,0.223,False
0.25,-0.45,3,0.2,0.1896,0.2564,0.223,False
0.3,-0.45,3,0.5,0.2053,0.2406,0.223,False
0.45,-0.2,5,0.55,0.2463,0.1997,0.223,False
0.4,-0.25,6,0.3,0.2197,0.2262,0.223,False
0.05,-0.4,3,0.5,0.1651,0.281,0.2231,False
0.4,-0.35,3,0.3,0.2274,0.2187,0.2231,False
0.2,-0.3,6,0.25,0.1755,0.2708,0.2231,False
0.4,-0.25,7,0.45,0.2183,0.228,0.2231,False
0.45,-0.2,7,0.45,0.2358,0.2106,0.2232,False
0.45,-0.25,3,0.3,0.2452,0.2013,0.2232,False
0.05,-0.2,7,0.55,0.1668,0.2797,0.2232,False
0.4,-0.25,7,0.4,0.2171,0.2292,0.2232,False
0.45,-0.2,6,0.4,0.2387,0.2076,0.2232,False
0.45,-0.2,7,0.4,0.2348,0.2118,0.2233,False
0.3,-0.35,4,0.15,0.199,0.2476,0.2233,False
0.45,-0.2,6,0.5,0.2411,0.2056,0.2233,False
0.4,-0.3,4,0.3,0.2256,0.221,0.2233,False
0.45,-0.2,4,0.25,0.2442,0.2024,0.2233,False
0.15,-0.45,3,0.2,0.1722,0.2745,0.2233,False
0.3,-0.4,3,0.1,0.201,0.2457,0.2234,False
0.35,-0.3,4,0.1,0.2122,0.2345,0.2234,False
0.1,-0.3,5,0.25,0.1645,0.2824,0.2234,False
0.45,-0.1,3,0.1,0.2538,0.193,0.2234,False
0.4,-0.2,6,0.1,0.2232,0.2236,0.2234,False
0.35,-0.35,4,0.3,0.2115,0.2355,0.2235,False
0.1,-0.2,7,0.05,0.1647,0.2823,0.2235,False
0.35,-0.35,4,0.55,0.2172,0.2299,0.2235,False
0.4,-0.25,5,0.2,0.2234,0.2236,0.2235,False
0.1,-0.4,3,0.1,0.1655,0.2815,0.2235,False
0.45,-0.2,7,0.5,0.2373,0.2098,0.2235,False
0.4,-0.25,7,0.5,0.2198,0.2273,0.2236,False
0.3,-0.3,6,0.25,0.1939,0.2534,0.2236,False
0.3,-0.45,3,0.3,0.2014,0.2457,0.2236,False
0.1,-0.3,5,0.55,0.1715,0.2757,0.2236,False
0.4,-0.25,7,0.35,0.2165,0.2307,0.2236,False
0.45,-0.2,6,0.35,0.2381,0.2094,0.2237,False
0.05,-0.2,6,0.1,0.1612,0.2862,0.2237,False
0.45,-0.2,5,0.3,0.2413,0.2061,0.2237,False
0.45,-0.15,4,0.15,0.2477,0.1997,0.2237,False
0.35,-0.25,7,0.15,0.2031,0.2442,0.2237,False
0.45,-0.1,7,0.1,0.2455,0.2018,0.2237,False
0.45,-0.2,7,0.35,0.2342,0.2135,0.2238,False
0.15,-0.25,6,0.05,0.1704,0.2772,0.2238,False
0.15,-0.25,7,0.15,0.1677,0.28,0.2238,False
0.2,-0.4,4,0.4,0.182,0.2656,0.2238,False
0.1,-0.45,3,0.4,0.1684,0.2793,0.2238,False
0.25,-0.3,6,0.2,0.184,0.2636,0.2238,False
0.4,-0.25,3,0.05,0.2312,0.2165,0.2238,False
0.05,-0.4,3,0.25,0.1606,0.2873,0.2239,False
0.35,-0.25,5,0.05,0.2115,0.2363,0.2239,False
0.3,-0.45,3,0.55,0.2074,0.2403,0.2239,False
0.45,-0.1,4,0.1,0.2522,0.1957,0.2239,False
0.1,-0.45,3,0.35,0.1675,0.2805,0.224,False
0.1,-0.25,6,0.15,0.164,0.2839,0.224,False
0.2,-0.4,4,0.45,0.1833,0.2646,0.224,False
0.4,-0.2,7,0.1,0.2198,0.2282,0.224,False
0.2,-0.45,3,0.15,0.1807,0.2673,0.224,False
0.25,-0.4,4,0.4,0.1911,0.2568,0.224,False
0.35,-0.25,6,0.1,0.2074,0.2407,0.2241,False
0.25,-0.35,5,0.4,0.1889,0.2593,0.2241,False
0.05,-0.3,4,0.15,0.1608,0.2874,0.2241,False
0.25,-0.4,4,0.45,0.1923,0.2558,0.2241,False
0.1,-0.45,3,0.45,0.1698,0.2783,0.2241,False
0.15,-0.35,4,0.1,0.1721,0.2761,0.2241,False
0.1,-0.35,4,0.2,0.1655,0.2828,0.2241,False
0.45,-0.2,6,0.55,0.2429,0.2052,0.2241,False
0.2,-0.4,4,0.35,0.1812,0.2669,0.2241,False
0.45,-0.1,5,0.1,0.2502,0.1983,0.2242,False
0.45,-0.1,6,0.1,0.248,0.2004,0.2242,False
0.25,-0.35,5,0.45,0.1901,0.2583,0.2242,False
0.25,-0.4,4,0.35,0.1903,0.2582,0.2243,False
0.4,-0.25,6,0.25,0.2199,0.2286,0.2243,False
0.05,-0.25,5,0.15,0.161,0.2877,0.2243,False
0.25,-0.25,7,0.05,0.1837,0.2648,0.2243,False
0.05,-0.4,3,0.55,0.1677,0.2808,0.2243,False
0.45,-0.2,7,0.55,0.2391,0.2094,0.2243,False
0.3,-0.3,5,0.1,0.1977,0.2509,0.2243,False
0.4,-0.25,7,0.55,0.2218,0.227,0.2244,False
0.15,-0.3,5,0.1,0.1712,0.2776,0.2244,False
0.25,-0.35,5,0.35,0.1881,0.2606,0.2244,False
0.05,-0.2,7,0.2,0.1604,0.2885,0.2244,False
0.4,-0.35,3,0.25,0.2276,0.2212,0.2244,False
0.35,-0.3,5,0.2,0.209,0.2399,0.2244,False
0.4,-0.25,7,0.3,0.2162,0.2327,0.2244,False
0.45,-0.15,7,0.15,0.2389,0.2102,0.2245,False
0.4,-0.3,4,0.25,0.2258,0.2234,0.2246,False
0.35,-0.4,3,0.2,0.2135,0.2357,0.2246,False
0.25,-0.4,4,0.5,0.1941,0.2552,0.2246,False
0.2,-0.4,4,0.5,0.1852,0.264,0.2246,False
0.45,-0.15,5,0.15,0.2452,0.204,0.2246,False
0.2,-0.35,5,0.4,0.1806,0.2686,0.2246,False
0.45,-0.2,6,0.3,0.2378,0.2115,0.2247,False
0.2,-0.3,6,0.2,0.1762,0.2732,0.2247,False
0.2,-0.4,4,0.3,0.1809,0.2686,0.2247,False
0.45,-0.25,3,0.25,0.2454,0.204,0.2247,False
0.15,-0.3,6,0.4,0.1718,0.2775,0.2247,False
0.35,-0.35,4,0.25,0.2117,0.2378,0.2247,False
0.1,-0.45,3,0.3,0.1672,0.2821,0.2247,False
0.45,-0.2,7,0.3,0.2339,0.2156,0.2248,False
0.1,-0.25,7,0.4,0.1657,0.2839,0.2248,False
0.25,-0.35,5,0.5,0.1919,0.2576,0.2248,False
0.25,-0.3,5,0.05,0.1883,0.2613,0.2248,False
0.3,-0.45,3,0.25,0.2016,0.2479,0.2248,False
0.1,-0.45,3,0.5,0.1718,0.2777,0.2248,False
0.4,-0.25,4,0.1,0.2279,0.2216,0.2248,False
0.2,-0.35,5,0.45,0.182,0.2676,0.2248,False
0.2,-0.3,5,0.05,0.1794,0.2702,0.2248,False
0.15,-0.3,6,0.45,0.1732,0.2766,0.2249,False
0.15,-0.3,6,0.35,0.171,0.2788,0.2249,False
0.45,-0.15,6,0.15,0.2422,0.2075,0.2249,False
0.2,-0.35,5,0.35,0.1798,0.2699,0.2249,False
0.25,-0.4,4,0.3,0.19,0.26,0.225,False
0.4,-0.2,5,0.05,0.2279,0.222,0.225,False
0.1,-0.3,5,0.2,0.1653,0.2846,0.225,False
0.35,-0.3,6,0.4,0.2076,0.2424,0.225,False
0.1,-0.25,7,0.35,0.1648,0.2852,0.225,False
0.1,-0.25,7,0.45,0.1672,0.283,0.2251,False
0.25,-0.45,3,0.15,0.1908,0.2593,0.2251,False
0.45,-0.2,5,0.25,0.2414,0.2088,0.2251,False
0.45,-0.2,3,0.15,0.2478,0.2024,0.2251,False
0.35,-0.3,6,0.45,0.2088,0.2413,0.2251,False
0.25,-0.35,5,0.3,0.1878,0.2624,0.2251,False
0.2,-0.35,4,0.05,0.1811,0.2692,0.2251,False
0.45,-0.2,4,0.2,0.2447,0.2055,0.2251,False
0.45,-0.15,3,0.1,0.251,0.1993,0.2252,False
0.3,-0.3,6,0.2,0.1946,0.2559,0.2252,False
0.45,-0.25,4,0.45,0.2451,0.2054,0.2252,False
0.15,-0.45,3,0.15,0.1735,0.2772,0.2253,False
0.2,-0.35,5,0.5,0.1838,0.267,0.2254,False
0.2,-0.25,7,0.05,0.1763,0.2746,0.2254,False
0.45,-0.25,4,0.4,0.2441,0.2067,0.2254,False
0.4,-0.3,3,0.1,0.2295,0.2213,0.2254,False
0.25,-0.3,7,0.4,0.1844,0.2664,0.2254,False
0.35,-0.3,6,0.35,0.2069,0.2438,0.2254,False
0.35,-0.3,6,0.5,0.2104,0.2406,0.2255,False
0.15,-0.3,6,0.3,0.1706,0.2804,0.2255,False
0.05,-0.35,3,0.05,0.1623,0.2886,0.2255,False
0.2,-0.35,5,0.3,0.1795,0.2716,0.2255,False
0.45,-0.25,4,0.5,0.2465,0.2046,0.2255,False
0.25,-0.3,7,0.45,0.1857,0.2654,0.2255,False
0.3,-0.25,7,0.05,0.194,0.257,0.2255,False
0.05,-0.4,3,0.2,0.1614,0.2895,0.2255,False
0.5,-0.1,7,0.45,0.2638,0.1871,0.2255,False
0.2,-0.4,4,0.55,0.1875,0.2637,0.2256,False
0.25,-0.3,7,0.35,0.1836,0.2677,0.2256,False
0.4,-0.25,5,0.15,0.2244,0.2269,0.2256,False
0.25,-0.4,4,0.55,0.1963,0.2549,0.2256,False
0.15,-0.3,6,0.5,0.1752,0.276,0.2256,False
0.1,-0.25,7,0.3,0.1645,0.2868,0.2256,False
0.5,-0.1,7,0.5,0.2651,0.1862,0.2256,False
0.3,-0.3,7,0.4,0.1936,0.2578,0.2257,False
0.5,-0.1,7,0.4,0.2629,0.1885,0.2257,False
0.25,-0.35,4,0.05,0.1906,0.2609,0.2257,False
0.35,-0.35,3,0.05,0.2155,0.2358,0.2257,False
0.1,-0.45,3,0.25,0.1674,0.2841,0.2257,False
0.4,-0.25,7,0.25,0.2164,0.235,0.2257,False
0.25,-0.35,5,0.55,0.1942,0.2573,0.2257,False
0.3,-0.35,4,0.1,0.2006,0.2509,0.2258,False
0.25,-0.3,6,0.15,0.1852,0.2663,0.2258,False
0.1,-0.25,7,0.5,0.1692,0.2824,0.2258,False
0.3,-0.3,7,0.45,0.1949,0.2568,0.2258,False
0.5,-0.1,3,0.45,0.2726,0.1792,0.2259,False
0.1,-0.45,3,0.55,0.1743,0.2775,0.2259,False
0.45,-0.25,4,0.35,0.2435,0.2084,0.2259,False
0.2,-0.4,4,0.25,0.1811,0.2707,0.2259,False
0.3,-0.35,5,0.4,0.1998,0.252,0.2259,False
0.3,-0.35,5,0.45,0.201,0.251,0.226,False
0.45,-0.2,6,0.25,0.238,0.2141,0.226,False
0.3,-0.3,7,0.35,0.1929,0.2592,0.226,False
0.4,-0.25,6,0.2,0.2205,0.2314,0.226,False
0.5,-0.1,3,0.5,0.2739,0.1782,0.226,False
0.1,-0.35,4,0.15,0.1669,0.2854,0.2261,False
0.15,-0.4,4,0.4,0.1759,0.2763,0.2261,False
0.25,-0.4,4,0.25,0.1902,0.2621,0.2261,False
0.45,-0.2,7,0.25,0.2341,0.2181,0.2261,False
0.25,-0.3,7,0.5,0.1875,0.2647,0.2261,False
0.25,-0.35,5,0.25,0.188,0.2644,0.2262,False
0.35,-0.3,6,0.3,0.2067,0.2457,0.2262,False
0.3,-0.35,5,0.35,0.199,0.2534,0.2262,False
0.35,-0.25,7,0.1,0.2047,0.2476,0.2262,False
0.5,-0.1,3,0.4,0.2717,0.1806,0.2262,False
0.45,-0.3,3,0.45,0.2469,0.2055,0.2262,False
0.45,-0.25,4,0.55,0.2482,0.2042,0.2262,False
0.5,-0.1,6,0.45,0.2664,0.1859,0.2262,False
0.4,-0.35,3,0.2,0.2282,0.2241,0.2262,False
0.5,-0.1,4,0.45,0.2709,0.1818,0.2263,False
0.15,-0.4,4,0.35,0.1751,0.2776,0.2263,False
0.15,-0.4,4,0.45,0.1773,0.2753,0.2263,False
0.3,-0.4,3,0.05,0.2031,0.2495,0.2263,False
0.5,-0.1,7,0.35,0.2623,0.1904,0.2263,False
0.4,-0.3,4,0.2,0.2264,0.2263,0.2263,False
0.35,-0.3,4,0.05,0.2142,0.2384,0.2263,False
0.4,-0.2,6,0.05,0.225,0.2277,0.2263,False
0.15,-0.25,7,0.1,0.1696,0.2829,0.2263,False
0.5,-0.1,7,0.55,0.2667,0.1858,0.2263,False
0.25,-0.3,7,0.3,0.1833,0.2694,0.2263,False
0.3,-0.45,3,0.2,0.2023,0.2505,0.2264,False
0.35,-0.35,4,0.2,0.2123,0.2405,0.2264,False
0.45,-0.15,4,0.1,0.249,0.2038,0.2264,False
0.3,-0.3,7,0.5,0.1966,0.2562,0.2264,False
0.1,-0.25,6,0.1,0.1659,0.2869,0.2264,False
0.45,-0.3,3,0.4,0.246,0.2068,0.2264,False
0.35,-0.3,6,0.55,0.2125,0.2403,0.2264,False
0.1,-0.4,3,0.05,0.168,0.2848,0.2264,False
0.5,-0.1,6,0.4,0.2655,0.1873,0.2264,False
0.5,-0.1,6,0.5,0.2677,0.185,0.2264,False
0.05,-0.2,7,0.15,0.1618,0.291,0.2264,False
0.2,-0.45,3,0.1,0.1825,0.2704,0.2264,False
0.2,-0.35,5,0.55,0.1862,0.2667,0.2264,False
0.5,-0.1,5,0.45,0.2688,0.1841,0.2265,False
0.5,-0.1,4,0.5,0.2721,0.1809,0.2265,False
0.45,-0.25,3,0.2,0.2459,0.2071,0.2265,False
0.35,-0.3,5,0.15,0.2101,0.2429,0.2265,False
0.45,-0.3,3,0.5,0.2483,0.2047,0.2265,False
0.05,-0.3,4,0.1,0.1628,0.2902,0.2265,False
0.3,-0.4,4,0.4,0.2027,0.2502,0.2265,False
0.3,-0.4,4,0.45,0.2039,0.2491,0.2265,False
0.3,-0.35,5,0.5,0.2027,0.2503,0.2265,False
0.45,-0.1,3,0.05,0.2555,0.1977,0.2266,False
0.5,-0.1,3,0.55,0.2754,0.1778,0.2266,False
0.05,-0.2,6,0.05,0.1638,0.2895,0.2266,False
0.5,-0.1,4,0.4,0.27,0.1832,0.2266,False
0.5,-0.1,5,0.5,0.2701,0.1832,0.2266,False
0.15,-0.3,6,0.25,0.1709,0.2824,0.2266,False
0.5,-0.1,5,0.4,0.2679,0.1856,0.2267,False
0.35,-0.4,3,0.15,0.2146,0.2388,0.2267,False
0.15,-0.3,6,0.55,0.1776,0.2757,0.2267,False
0.1,-0.25,7,0.25,0.1647,0.2887,0.2267,False
0.2,-0.35,5,0.25,0.1797,0.2736,0.2267,False
0.2,-0.3,6,0.15,0.1775,0.2759,0.2267,False
0.3,-0.4,4,0.35,0.202,0.2516,0.2268,False
0.05,-0.25,6,0.4,0.1643,0.2892,0.2268,False
0.05,-0.25,5,0.1,0.163,0.2906,0.2268,False
0.3,-0.3,7,0.3,0.1926,0.2609,0.2268,False
0.45,-0.1,7,0.05,0.2473,0.2064,0.2268,False
0.45,-0.25,4,0.3,0.2433,0.2105,0.2269,False
0.45,-0.2,5,0.2,0.242,0.2118,0.2269,False
0.1,-0.25,7,0.55,0.1717,0.2822,0.2269,False
0.5,-0.1,3,0.35,0.2712,0.1826,0.2269,False
0.4,-0.2,7,0.05,0.2217,0.2322,0.2269,False
0.05,-0.25,6,0.35,0.1634,0.2905,0.2269,False
0.45,-0.3,3,0.35,0.2453,0.2085,0.2269,False
0.15,-0.4,4,0.5,0.1792,0.2747,0.227,False
0.4,-0.3,5,0.4,0.225,0.2291,0.227,False
0.15,-0.35,4,0.05,0.1745,0.2795,0.227,False
0.4,-0.3,5,0.45,0.2261,0.2279,0.227,False
0.5,-0.1,6,0.55,0.2693,0.1846,0.227,False
0.35,-0.25,6,0.05,0.2094,0.2445,0.227,False
0.1,-0.3,5,0.15,0.1667,0.2872,0.227,False
0.3,-0.35,5,0.3,0.1988,0.2552,0.227,False
0.15,-0.4,4,0.3,0.1747,0.2792,0.227,False
0.3,-0.4,4,0.5,0.2056,0.2485,0.227,False
0.05,-0.25,6,0.45,0.1658,0.2883,0.2271,False
0.25,-0.3,7,0.55,0.1898,0.2645,0.2271,False
0.5,-0.1,6,0.35,0.2649,0.1892,0.2271,False
0.5,-0.1,4,0.55,0.2737,0.1804,0.2271,False
0.45,-0.1,4,0.05,0.2538,0.2004,0.2271,False
0.45,-0.3,3,0.55,0.2501,0.2043,0.2272,False
0.45,-0.15,7,0.1,0.2402,0.2141,0.2272,False
0.15,-0.3,5,0.05,0.1736,0.2809,0.2272,False
0.3,-0.3,5,0.05,0.1998,0.2546,0.2272,False
0.5,-0.1,5,0.55,0.2717,0.1828,0.2272,False
0.2,-0.5,3,0.4,0.1858,0.2685,0.2272,False
0.45,-0.15,5,0.1,0.2465,0.208,0.2273,False
0.5,-0.1,4,0.35,0.2694,0.1852,0.2273,False
0.1,-0.45,3,0.2,0.1682,0.2863,0.2273,False
0.3,-0.3,6,0.15,0.1957,0.2588,0.2273,False
0.2,-0.5,3,0.45,0.1871,0.2676,0.2273,False
0.3,-0.3,7,0.55,0.1988,0.2559,0.2273,False
0.45,-0.1,6,0.05,0.2497,0.2049,0.2273,False
0.4,-0.3,5,0.5,0.2276,0.2272,0.2274,False
0.2,-0.5,3,0.35,0.185,0.2699,0.2274,False
0.2,-0.4,4,0.2,0.1818,0.273,0.2274,False
0.3,-0.35,5,0.55,0.2048,0.25,0.2274,False
0.5,-0.1,7,0.3,0.2621,0.1927,0.2274,False
0.25,-0.3,7,0.25,0.1835,0.2714,0.2274,False
0.45,-0.2,4,0.15,0.2457,0.2091,0.2274,False
0.5,-0.1,5,0.35,0.2673,0.1875,0.2274,False
0.35,-0.3,6,0.25,0.2069,0.2479,0.2274,False
0.05,-0.4,3,0.15,0.1628,0.2921,0.2274,False
0.2,-0.3,7,0.4,0.1781,0.2768,0.2274,False
0.45,-0.1,5,0.05,0.2519,0.2029,0.2274,False
0.4,-0.25,7,0.2,0.217,0.2377,0.2274,False
0.25,-0.45,3,0.1,0.1925,0.2625,0.2275,False
0.45,-0.15,6,0.1,0.2435,0.2115,0.2275,False
0.4,-0.3,5,0.35,0.2243,0.2306,0.2275,False
0.15,-0.35,5,0.4,0.1755,0.2798,0.2276,False
0.3,-0.4,4,0.3,0.2017,0.2534,0.2276,False
0.2,-0.3,7,0.45,0.1794,0.2759,0.2276,False
0.05,-0.25,6,0.3,0.1631,0.292,0.2276,False
0.2,-0.3,7,0.35,0.1772,0.2781,0.2276,False
0.25,-0.4,4,0.2,0.1909,0.2645,0.2277,False
0.25,-0.35,5,0.2,0.1887,0.2669,0.2278,False
0.05,-0.25,6,0.5,0.1678,0.2877,0.2278,False
0.45,-0.2,6,0.2,0.2386,0.217,0.2278,False
0.4,-0.25,4,0.05,0.2298,0.2258,0.2278,False
0.15,-0.45,3,0.1,0.1754,0.2802,0.2278,False
0.45,-0.2,3,0.1,0.2491,0.2065,0.2278,False
0.15,-0.35,5,0.35,0.1746,0.281,0.2278,False
0.15,-0.35,5,0.45,0.1768,0.2788,0.2278,False
0.5,-0.15,3,0.45,0.2699,0.1857,0.2278,False
0.45,-0.2,7,0.2,0.2347,0.221,0.2279,False
0.25,-0.5,3,0.4,0.1954,0.2604,0.2279,False
0.35,-0.45,3,0.4,0.2172,0.2387,0.2279,False
0.2,-0.5,3,0.5,0.1889,0.2669,0.2279,False
0.5,-0.15,3,0.5,0.2711,0.1848,0.2279,False
0.05,-0.35,4,0.4,0.1659,0.2899,0.2279,False
0.45,-0.3,3,0.3,0.2451,0.2106,0.2279,False
0.3,-0.4,4,0.55,0.2077,0.2482,0.2279,False
0.3,-0.3,7,0.25,0.1928,0.263,0.2279,False
0.5,-0.15,3,0.4,0.2689,0.1871,0.228,False
0.15,-0.4,4,0.55,0.1816,0.2745,0.228,False
0.05,-0.35,4,0.35,0.165,0.2911,0.228,False
0.5,-0.1,3,0.3,0.271,0.185,0.228,False
0.35,-0.45,3,0.45,0.2183,0.2376,0.228,False
0.25,-0.5,3,0.45,0.1967,0.2594,0.228,False
0.4,-0.25,6,0.15,0.2216,0.2346,0.2281,False
0.2,-0.5,3,0.3,0.1847,0.2715,0.2281,False
0.05,-0.35,4,0.45,0.1674,0.2889,0.2281,False
0.15,-0.4,4,0.25,0.175,0.2811,0.2281,False
0.15,-0.3,6,0.2,0.1717,0.2846,0.2282,False
0.4,-0.3,5,0.55,0.2295,0.2269,0.2282,False
0.4,-0.4,3,0.4,0.2305,0.226,0.2282,False
0.25,-0.5,3,0.35,0.1947,0.2618,0.2282,False
0.4,-0.4,3,0.45,0.2315,0.2249,0.2282,False
0.25,-0.3,6,0.1,0.187,0.2694,0.2282,False
0.5,-0.1,6,0.3,0.2647,0.1916,0.2282,False
0.2,-0.35,5,0.2,0.1805,0.2759,0.2282,False
0.4,-0.25,5,0.1,0.2259,0.2305,0.2282,False
0.1,-0.25,7,0.2,0.1655,0.2909,0.2282,False
0.3,-0.35,5,0.25,0.199,0.2573,0.2282,False
0.2,-0.3,7,0.3,0.1769,0.2797,0.2283,False
0.4,-0.3,5,0.3,0.2241,0.2326,0.2283,False
0.4,-0.35,3,0.15,0.2292,0.2274,0.2283,False
0.2,-0.3,7,0.5,0.1813,0.2752,0.2283,False
0.45,-0.25,5,0.45,0.2424,0.2141,0.2283,False
0.45,-0.25,4,0.25,0.2434,0.2131,0.2283,False
0.45,-0.15,3,0.05,0.2527,0.2039,0.2283,False
0.35,-0.45,3,0.35,0.2165,0.2402,0.2283,False
0.5,-0.1,4,0.3,0.2692,0.1876,0.2284,False
0.45,-0.25,5,0.4,0.2414,0.2153,0.2284,False
0.35,-0.45,3,0.5,0.2198,0.2369,0.2284,False
0.4,-0.3,4,0.15,0.2274,0.2295,0.2284,False
0.3,-0.45,3,0.15,0.2035,0.2534,0.2284,False
0.4,-0.3,3,0.05,0.2313,0.2254,0.2284,False
0.35,-0.3,7,0.4,0.2054,0.2514,0.2284,False
0.5,-0.15,3,0.55,0.2727,0.1844,0.2285,False
0.1,-0.35,4,0.1,0.1688,0.2883,0.2285,False
0.35,-0.3,7,0.45,0.2066,0.2504,0.2285,False
0.35,-0.35,4,0.15,0.2134,0.2435,0.2285,False
0.15,-0.35,5,0.3,0.1743,0.2827,0.2285,False
0.5,-0.1,5,0.3,0.2671,0.1899,0.2285,False
0.15,-0.35,5,0.5,0.1787,0.2782,0.2285,False
0.4,-0.4,3,0.5,0.233,0.2241,0.2286,False
0.45,-0.25,5,0.5,0.2438,0.2133,0.2286,False
0.05,-0.35,4,0.3,0.1647,0.2926,0.2286,False
0.3,-0.35,4,0.05,0.2027,0.2546,0.2286,False
0.05,-0.25,6,0.25,0.1633,0.2939,0.2286,False
0.25,-0.5,3,0.5,0.1984,0.2588,0.2286,False
0.45,-0.25,3,0.15,0.2468,0.2106,0.2287,False
0.5,-0.15,7,0.45,0.2582,0.1993,0.2287,False
0.3,-0.4,4,0.25,0.2019,0.2555,0.2287,False
0.5,-0.15,3,0.35,0.2684,0.189,0.2287,False
0.4,-0.4,3,0.35,0.2298,0.2276,0.2287,False
0.5,-0.15,4,0.45,0.2676,0.1901,0.2288,False
0.05,-0.2,7,0.1,0.1638,0.2939,0.2288,False
0.35,-0.3,7,0.35,0.2047,0.2528,0.2288,False
0.15,-0.5,3,0.4,0.1791,0.2786,0.2288,False
0.05,-0.25,6,0.55,0.1704,0.2875,0.2289,False
0.05,-0.35,4,0.5,0.1694,0.2884,0.2289,False
0.45,-0.25,5,0.35,0.2408,0.217,0.2289,False
0.25,-0.5,3,0.3,0.1944,0.2635,0.2289,False
0.2,-0.5,3,0.55,0.1912,0.2667,0.2289,False
0.5,-0.1,7,0.25,0.2623,0.1955,0.2289,False
0.5,-0.15,7,0.4,0.2572,0.2006,0.2289,False
0.15,-0.5,3,0.45,0.1804,0.2777,0.229,False
0.5,-0.15,4,0.5,0.2689,0.1892,0.229,False
0.25,-0.3,7,0.2,0.1842,0.2737,0.229,False
0.35,-0.3,6,0.2,0.2075,0.2505,0.229,False
0.35,-0.25,7,0.05,0.2067,0.2513,0.229,False
0.35,-0.3,7,0.5,0.2082,0.2497,0.229,False
0.35,-0.3,5,0.1,0.2116,0.2463,0.229,False
0.5,-0.15,7,0.5,0.2595,0.1984,0.229,False
0.5,-0.15,4,0.4,0.2667,0.1914,0.2291,False
0.15,-0.5,3,0.35,0.1782,0.2799,0.2291,False
0.2,-0.3,6,0.1,0.1794,0.2789,0.2291,False
0.45,-0.2,5,0.15,0.2429,0.2153,0.2291,False
0.15,-0.25,7,0.05,0.1721,0.2862,0.2291,False
0.35,-0.45,3,0.3,0.2162,0.2421,0.2292,False
0.35,-0.45,3,0.55,0.2218,0.2366,0.2292,False
0.35,-0.4,3,0.1,0.2161,0.2423,0.2292,False
0.2,-0.5,3,0.25,0.1849,0.2735,0.2292,False
0.1,-0.45,3,0.15,0.1696,0.2889,0.2292,False
0.45,-0.3,3,0.25,0.2453,0.2132,0.2293,False
0.2,-0.45,3,0.05,0.1848,0.2738,0.2293,False
0.45,-0.25,5,0.55,0.2456,0.213,0.2293,False
0.2,-0.3,7,0.55,0.1837,0.275,0.2293,False
0.4,-0.4,3,0.55,0.2348,0.2238,0.2293,False
0.1,-0.25,6,0.05,0.1684,0.2901,0.2293,False
0.5,-0.15,6,0.45,0.2617,0.1971,0.2294,False
0.2,-0.4,4,0.15,0.1831,0.2757,0.2294,False
0.05,-0.3,4,0.05,0.1653,0.2934,0.2294,False
0.4,-0.25,7,0.15,0.2181,0.2408,0.2294,False
0.1,-0.3,5,0.1,0.1686,0.2901,0.2294,False
0.05,-0.3,5,0.4,0.1666,0.2922,0.2294,False
0.2,-0.3,7,0.25,0.1771,0.2817,0.2294,False
0.4,-0.35,4,0.45,0.2298,0.2292,0.2295,False
0.5,-0.15,7,0.35,0.2566,0.2024,0.2295,False
0.5,-0.1,3,0.25,0.2711,0.188,0.2295,False
0.05,-0.3,5,0.35,0.1657,0.2934,0.2295,False
0.5,-0.15,5,0.45,0.2649,0.194,0.2295,False
0.3,-0.3,7,0.2,0.1935,0.2655,0.2295,False
0.25,-0.5,3,0.55,0.2006,0.2585,0.2295,False
0.45,-0.15,4,0.05,0.2507,0.2083,0.2295,False
0.4,-0.35,4,0.4,0.2287,0.2303,0.2295,False
0.35,-0.3,7,0.3,0.2044,0.2546,0.2295,False
0.15,-0.4,4,0.2,0.1758,0.2834,0.2296,False
0.5,-0.15,4,0.55,0.2705,0.1888,0.2296,False
0.4,-0.4,3,0.3,0.2296,0.2296,0.2296,False
0.4,-0.3,5,0.25,0.2243,0.2349,0.2296,False
0.5,-0.15,6,0.5,0.263,0.1963,0.2296,False
0.5,-0.15,6,0.4,0.2608,0.1985,0.2296,False
0.05,-0.25,5,0.05,0.1655,0.2937,0.2296,False
0.05,-0.3,5,0.45,0.168,0.2913,0.2296,False
0.15,-0.35,5,0.55,0.1812,0.278,0.2296,False
0.5,-0.15,7,0.55,0.2611,0.1981,0.2296,False
0.15,-0.35,5,0.25,0.1745,0.2846,0.2296,False
0.5,-0.15,4,0.35,0.2662,0.1933,0.2297,False
0.15,-0.5,3,0.5,0.1823,0.2771,0.2297,False
0.15,-0.5,3,0.3,0.1779,0.2815,0.2297,False
0.3,-0.3,6,0.1,0.1974,0.262,0.2297,False
0.5,-0.1,6,0.25,0.2649,0.1944,0.2297,False
0.3,-0.35,5,0.2,0.1997,0.2598,0.2297,False
0.5,-0.15,5,0.5,0.2662,0.1931,0.2297,False
0.05,-0.35,4,0.25,0.1649,0.2945,0.2297,False
0.25,-0.4,4,0.15,0.1921,0.2673,0.2297,False
0.5,-0.15,5,0.4,0.264,0.1954,0.2297,False
0.4,-0.35,4,0.5,0.2312,0.2284,0.2298,False
0.45,-0.25,5,0.3,0.2406,0.219,0.2298,False
0.5,-0.15,3,0.3,0.2682,0.1914,0.2298,False
0.25,-0.35,5,0.15,0.1899,0.2696,0.2298,False
0.05,-0.4,3,0.1,0.1648,0.2949,0.2299,False
0.35,-0.3,7,0.55,0.2103,0.2494,0.2299,False
0.4,-0.35,4,0.35,0.2281,0.2318,0.2299,False
0.5,-0.1,4,0.25,0.2694,0.1905,0.2299,False
0.05,-0.35,4,0.55,0.1719,0.2881,0.23,False
0.35,-0.35,5,0.45,0.2142,0.2459,0.23,False
0.45,-0.2,7,0.15,0.2357,0.2243,0.23,False
0.45,-0.25,4,0.2,0.244,0.2161,0.23,False
0.35,-0.35,5,0.4,0.213,0.247,0.23,False
0.45,-0.2,6,0.15,0.2396,0.2204,0.23,False
0.45,-0.2,4,0.1,0.247,0.213,0.23,False
0.5,-0.1,5,0.25,0.2673,0.1927,0.23,False
0.15,-0.3,6,0.15,0.173,0.2872,0.2301,False
0.05,-0.25,6,0.2,0.1642,0.2961,0.2301,False
0.05,-0.3,5,0.3,0.1653,0.2949,0.2301,False
0.25,-0.5,3,0.25,0.1946,0.2656,0.2301,False
0.5,-0.15,6,0.35,0.2602,0.2003,0.2302,False
0.1,-0.25,7,0.15,0.1669,0.2934,0.2302,False
0.45,-0.25,6,0.45,0.239,0.2214,0.2302,False
0.45,-0.15,7,0.05,0.242,0.2184,0.2302,False
0.2,-0.35,5,0.15,0.1817,0.2786,0.2302,False
0.45,-0.25,6,0.4,0.2379,0.2226,0.2302,False
0.25,-0.45,3,0.05,0.1947,0.266,0.2303,False
0.5,-0.15,5,0.35,0.2634,0.1972,0.2303,False
0.5,-0.15,5,0.55,0.2678,0.1928,0.2303,False
0.5,-0.15,6,0.55,0.2646,0.1959,0.2303,False
0.45,-0.15,5,0.05,0.2482,0.2124,0.2303,False
0.3,-0.4,4,0.2,0.2026,0.258,0.2303,False
0.35,-0.45,3,0.25,0.2164,0.2443,0.2304,False
0.35,-0.35,5,0.35,0.2123,0.2484,0.2304,False
0.05,-0.3,5,0.5,0.17,0.2907,0.2304,False
0.05,-0.45,3,0.4,0.168,0.2929,0.2304,False
0.5,-0.2,3,0.45,0.2679,0.1931,0.2305,False
0.45,-0.25,6,0.5,0.2404,0.2206,0.2305,False
0.35,-0.35,5,0.5,0.2157,0.2452,0.2305,False
0.5,-0.15,7,0.3,0.2564,0.2046,0.2305,False
0.45,-0.15,6,0.05,0.2453,0.2158,0.2306,False
0.05,-0.45,3,0.35,0.1671,0.2942,0.2306,False
0.4,-0.25,6,0.1,0.223,0.2381,0.2306,False
0.4,-0.35,4,0.55,0.2331,0.2281,0.2306,False
0.15,-0.45,3,0.05,0.1777,0.2835,0.2306,False
0.15,-0.5,3,0.55,0.1847,0.2768,0.2307,False
0.35,-0.3,7,0.25,0.2046,0.2568,0.2307,False
0.45,-0.25,6,0.35,0.2373,0.2242,0.2307,False
0.05,-0.45,3,0.45,0.1694,0.292,0.2307,False
0.5,-0.2,3,0.5,0.2692,0.1923,0.2307,False
0.5,-0.1,7,0.2,0.2628,0.1988,0.2308,False
0.1,-0.3,6,0.4,0.1707,0.2909,0.2308,False
0.5,-0.15,4,0.3,0.2659,0.1956,0.2308,False
0.15,-0.5,3,0.25,0.1782,0.2834,0.2308,False
0.4,-0.35,3,0.1,0.2306,0.231,0.2308,False
0.4,-0.35,4,0.3,0.2278,0.2338,0.2308,False
0.5,-0.2,3,0.4,0.267,0.1945,0.2308,False
0.2,-0.5,3,0.2,0.1857,0.2759,0.2308,False
0.4,-0.3,6,0.4,0.2226,0.2392,0.2309,False
0.1,-0.4,4,0.4,0.1731,0.2887,0.2309,False
0.4,-0.3,6,0.45,0.2237,0.2381,0.2309,False
0.45,-0.2,3,0.05,0.2508,0.2109,0.2309,False
0.35,-0.35,4,0.1,0.2149,0.2469,0.2309,False
0.25,-0.3,7,0.15,0.1855,0.2764,0.2309,False
0.45,-0.25,7,0.45,0.2348,0.227,0.2309,False
0.3,-0.45,3,0.1,0.205,0.2567,0.2309,False
0.2,-0.3,7,0.2,0.1779,0.2839,0.2309,False
0.4,-0.4,3,0.25,0.2298,0.2319,0.2309,False
0.4,-0.3,4,0.1,0.2288,0.2331,0.231,False
0.3,-0.5,3,0.45,0.2087,0.2534,0.231,False
0.45,-0.3,3,0.2,0.2458,0.2162,0.231,False
0.1,-0.3,6,0.35,0.1699,0.2921,0.231,False
0.25,-0.3,6,0.05,0.1892,0.2729,0.231,False
0.35,-0.3,6,0.15,0.2086,0.2534,0.231,False
0.3,-0.5,3,0.4,0.2075,0.2544,0.231,False
0.45,-0.25,7,0.4,0.2338,0.2282,0.231,False
0.45,-0.25,5,0.25,0.2408,0.2215,0.2311,False
0.1,-0.3,6,0.45,0.1722,0.29,0.2311,False
0.4,-0.25,5,0.05,0.2277,0.2345,0.2311,False
0.15,-0.35,5,0.2,0.1753,0.2868,0.2311,False
0.1,-0.4,4,0.45,0.1745,0.2878,0.2311,False
0.1,-0.4,4,0.35,0.1723,0.2899,0.2311,False
0.05,-0.35,4,0.2,0.1657,0.2967,0.2312,False
0.5,-0.15,6,0.3,0.26,0.2025,0.2312,False
0.05,-0.3,5,0.25,0.1656,0.2968,0.2312,False
0.4,-0.3,5,0.2,0.2249,0.2376,0.2312,False
0.35,-0.4,4,0.45,0.2177,0.2448,0.2312,False
0.35,-0.4,4,0.4,0.2166,0.2458,0.2312,False
0.05,-0.45,3,0.3,0.1667,0.2957,0.2312,False
0.45,-0.25,6,0.55,0.2422,0.2203,0.2312,False
0.35,-0.35,5,0.3,0.2121,0.2502,0.2312,False
0.4,-0.3,6,0.35,0.2219,0.2406,0.2313,False
0.5,-0.2,3,0.55,0.2708,0.1919,0.2313,False
0.45,-0.25,7,0.5,0.2363,0.2263,0.2313,False
0.5,-0.15,5,0.3,0.2632,0.1995,0.2313,False
0.4,-0.3,6,0.5,0.2252,0.2374,0.2313,False
0.3,-0.5,3,0.35,0.2068,0.2558,0.2313,False
0.35,-0.35,5,0.55,0.2177,0.2449,0.2313,False
0.5,-0.15,3,0.25,0.2683,0.1942,0.2313,False
0.45,-0.25,3,0.1,0.2482,0.2146,0.2314,False
0.1,-0.35,4,0.05,0.1713,0.2915,0.2314,False
0.5,-0.2,3,0.35,0.2664,0.1963,0.2314,False
0.3,-0.3,7,0.15,0.1947,0.2682,0.2314,False
0.05,-0.45,3,0.5,0.1714,0.2915,0.2314,False
0.3,-0.5,3,0.5,0.2103,0.2527,0.2315,False
0.5,-0.1,3,0.2,0.2716,0.1914,0.2315,False
0.05,-0.3,5,0.55,0.1726,0.2904,0.2315,False
0.45,-0.3,4,0.45,0.2456,0.2174,0.2315,False
0.15,-0.4,4,0.15,0.1771,0.286,0.2315,False
0.45,-0.25,7,0.35,0.2332,0.2297,0.2315,False
0.45,-0.25,6,0.3,0.2371,0.2262,0.2316,False
0.1,-0.3,6,0.3,0.1695,0.2937,0.2316,False
0.5,-0.1,6,0.2,0.2654,0.1977,0.2316,False
0.25,-0.5,3,0.2,0.1953,0.268,0.2316,False
0.35,-0.4,4,0.35,0.2159,0.2473,0.2316,False
0.45,-0.3,4,0.4,0.2446,0.2186,0.2316,False
0.1,-0.45,3,0.1,0.1715,0.2918,0.2316,False
0.1,-0.4,4,0.3,0.1719,0.2914,0.2317,False
0.05,-0.2,7,0.05,0.1663,0.297,0.2317,False
0.3,-0.35,5,0.15,0.2008,0.2626,0.2317,False
0.35,-0.4,4,0.5,0.2193,0.2441,0.2317,False
0.45,-0.2,5,0.1,0.2443,0.2191,0.2317,False
0.45,-0.3,4,0.5,0.247,0.2166,0.2318,False
0.2,-0.4,4,0.1,0.1849,0.2787,0.2318,False
0.5,-0.1,4,0.2,0.2699,0.1938,0.2318,False
0.1,-0.4,4,0.5,0.1765,0.2872,0.2318,False
0.1,-0.3,6,0.5,0.1741,0.2894,0.2318,False
0.45,-0.35,3,0.45,0.2478,0.2157,0.2318,False
0.35,-0.3,5,0.05,0.2136,0.25,0.2318,False
0.2,-0.3,6,0.05,0.1817,0.2822,0.2319,False
0.45,-0.35,3,0.4,0.2468,0.2169,0.2319,False
0.5,-0.1,5,0.2,0.2678,0.196,0.2319,False
0.5,-0.15,7,0.25,0.2566,0.2072,0.2319,False
0.4,-0.25,7,0.1,0.2196,0.2442,0.2319,False
0.15,-0.3,7,0.4,0.175,0.289,0.232,False
0.35,-0.4,3,0.05,0.218,0.2461,0.232,False
0.35,-0.45,3,0.2,0.2171,0.2469,0.232,False
0.45,-0.25,7,0.55,0.2381,0.226,0.232,False
0.05,-0.25,6,0.15,0.1656,0.2985,0.232,False
0.4,-0.35,4,0.25,0.228,0.2361,0.2321,False
0.4,-0.3,6,0.55,0.2271,0.2371,0.2321,False
0.3,-0.5,3,0.3,0.2066,0.2576,0.2321,False
0.45,-0.35,3,0.5,0.2492,0.2149,0.2321,False
0.45,-0.3,4,0.35,0.244,0.2202,0.2321,False
0.25,-0.4,4,0.1,0.1938,0.2704,0.2321,False
0.4,-0.3,6,0.3,0.2216,0.2425,0.2321,False
0.5,-0.15,4,0.25,0.2661,0.1984,0.2322,False
0.1,-0.3,5,0.05,0.1711,0.2933,0.2322,False
0.25,-0.35,5,0.1,0.1916,0.2727,0.2322,False
0.15,-0.3,7,0.45,0.1764,0.2881,0.2322,False
0.15,-0.3,7,0.35,0.1741,0.2902,0.2322,False
0.45,-0.25,4,0.15,0.2449,0.2195,0.2322,False
0.35,-0.3,7,0.2,0.2053,0.2593,0.2323,False
0.15,-0.5,3,0.2,0.1789,0.2857,0.2323,False
0.35,-0.35,5,0.25,0.2123,0.2524,0.2323,False
0.05,-0.45,3,0.25,0.167,0.2975,0.2323,False
0.3,-0.4,4,0.15,0.2037,0.2609,0.2323,False
0.45,-0.25,7,0.3,0.2329,0.2317,0.2323,False
0.3,-0.5,3,0.55,0.2124,0.2524,0.2324,False
0.35,-0.4,4,0.3,0.2156,0.2491,0.2324,False
0.45,-0.35,3,0.35,0.2462,0.2186,0.2324,False
0.5,-0.2,3,0.3,0.2662,0.1986,0.2324,False
0.15,-0.3,6,0.1,0.1749,0.2901,0.2325,False
0.45,-0.2,7,0.1,0.237,0.228,0.2325,False
0.45,-0.2,6,0.1,0.2409,0.2242,0.2325,False
0.3,-0.3,6,0.05,0.1995,0.2655,0.2325,False
0.5,-0.2,4,0.45,0.2655,0.1995,0.2325,False
0.35,-0.4,4,0.55,0.2212,0.2438,0.2325,False
0.4,-0.4,3,0.2,0.2304,0.2347,0.2325,False
0.45,-0.3,4,0.55,0.2487,0.2163,0.2325,False
0.1,-0.25,7,0.1,0.1689,0.2962,0.2325,False
0.25,-0.35,6,0.4,0.1913,0.2737,0.2325,False
0.2,-0.35,5,0.1,0.1835,0.2816,0.2325,False
0.1,-0.3,6,0.25,0.1698,0.2955,0.2326,False
0.05,-0.45,3,0.55,0.1739,0.2912,0.2326,False
0.25,-0.35,6,0.45,0.1925,0.2728,0.2326,False
0.25,-0.35,6,0.35,0.1905,0.275,0.2327,False
0.05,-0.3,5,0.2,0.1664,0.2989,0.2327,False
0.2,-0.5,3,0.15,0.1869,0.2785,0.2327,False
0.5,-0.2,4,0.4,0.2646,0.2008,0.2327,False
0.5,-0.2,4,0.5,0.2668,0.1987,0.2327,False
0.05,-0.4,3,0.05,0.1673,0.298,0.2327,False
0.45,-0.35,3,0.55,0.2509,0.2146,0.2327,False
0.5,-0.15,6,0.25,0.2601,0.2052,0.2327,False
0.5,-0.15,5,0.25,0.2634,0.2022,0.2328,False
0.15,-0.3,7,0.3,0.1738,0.2918,0.2328,False
0.1,-0.4,4,0.25,0.1722,0.2933,0.2328,False
0.2,-0.3,7,0.15,0.1792,0.2865,0.2328,False
0.15,-0.3,7,0.5,0.1783,0.2875,0.2329,False
0.45,-0.25,5,0.2,0.2413,0.2244,0.2329,False
0.1,-0.3,6,0.55,0.1766,0.2892,0.2329,False
0.1,-0.4,4,0.55,0.1789,0.2869,0.2329,False
0.45,-0.25,6,0.25,0.2373,0.2286,0.2329,False
0.45,-0.2,4,0.05,0.2487,0.2173,0.233,False
0.45,-0.3,4,0.3,0.2438,0.2222,0.233,False
0.1,-0.5,3,0.4,0.1755,0.2904,0.233,False
0.15,-0.35,5,0.15,0.1766,0.2894,0.233,False
0.05,-0.35,4,0.15,0.1671,0.2991,0.2331,False
0.5,-0.1,7,0.15,0.2637,0.2025,0.2331,False
0.1,-0.35,5,0.4,0.1737,0.2926,0.2331,False
0.25,-0.35,6,0.5,0.1943,0.2721,0.2332,False
0.45,-0.3,3,0.15,0.2468,0.2196,0.2332,False
0.1,-0.5,3,0.45,0.1769,0.2895,0.2332,False
0.5,-0.15,3,0.2,0.2688,0.1975,0.2332,False
0.1,-0.5,3,0.35,0.1747,0.2916,0.2332,False
0.3,-0.5,3,0.25,0.2068,0.2597,0.2332,False
0.3,-0.35,6,0.4,0.2007,0.2658,0.2332,False
0.4,-0.3,7,0.4,0.2194,0.2473,0.2333,False
0.4,-0.3,6,0.25,0.2218,0.2448,0.2333,False
0.5,-0.2,4,0.35,0.264,0.2026,0.2333,False
0.45,-0.35,3,0.3,0.246,0.2206,0.2333,False
0.25,-0.3,7,0.1,0.1872,0.2794,0.2333,False
0.1,-0.35,5,0.35,0.1728,0.2938,0.2333,False
0.4,-0.3,5,0.15,0.2259,0.2407,0.2333,False
0.1,-0.35,5,0.45,0.1751,0.2917,0.2334,False
0.3,-0.35,6,0.45,0.2019,0.2648,0.2334,False
0.35,-0.3,6,0.1,0.2102,0.2567,0.2334,False
0.25,-0.35,6,0.3,0.1902,0.2767,0.2334,False
0.4,-0.3,7,0.45,0.2205,0.2463,0.2334,False
0.4,-0.25,6,0.05,0.2249,0.242,0.2334,False
0.5,-0.2,4,0.55,0.2684,0.1983,0.2334,False
0.3,-0.35,6,0.35,0.1999,0.2671,0.2335,False
0.25,-0.5,3,0.15,0.1965,0.2707,0.2336,False
0.35,-0.4,4,0.25,0.2158,0.2513,0.2336,False
0.45,-0.25,7,0.25,0.2331,0.2341,0.2336,False
0.05,-0.45,3,0.2,0.1678,0.2997,0.2337,False
0.4,-0.35,4,0.2,0.2286,0.2388,0.2337,False
0.4,-0.35,3,0.05,0.2324,0.235,0.2337,False
0.4,-0.3,7,0.35,0.2187,0.2488,0.2337,False
0.3,-0.45,3,0.05,0.2071,0.2603,0.2337,False
0.5,-0.15,7,0.2,0.2571,0.2103,0.2337,False
0.5,-0.2,7,0.45,0.2544,0.2133,0.2338,False
0.35,-0.35,4,0.05,0.2169,0.2506,0.2338,False
0.4,-0.3,4,0.05,0.2306,0.237,0.2338,False
0.5,-0.1,3,0.15,0.2725,0.1952,0.2338,False
0.1,-0.5,3,0.3,0.1744,0.2932,0.2338,False
0.5,-0.1,6,0.15,0.2663,0.2014,0.2338,False
0.15,-0.3,7,0.25,0.1741,0.2936,0.2338,False
0.3,-0.3,7,0.1,0.1963,0.2713,0.2338,False
0.5,-0.2,5,0.45,0.2624,0.2053,0.2338,False
0.4,-0.3,7,0.5,0.222,0.2456,0.2338,False
0.1,-0.35,5,0.3,0.1725,0.2953,0.2339,False
0.15,-0.4,4,0.1,0.1789,0.2889,0.2339,False
0.3,-0.35,6,0.5,0.2036,0.2642,0.2339,False
0.1,-0.5,3,0.5,0.1788,0.2889,0.2339,False
0.05,-0.25,7,0.4,0.1685,0.2992,0.2339,False
0.35,-0.35,5,0.2,0.2129,0.2549,0.2339,False
0.5,-0.2,3,0.25,0.2664,0.2014,0.2339,False
0.5,-0.2,7,0.4,0.2535,0.2145,0.234,False
0.05,-0.25,7,0.35,0.1676,0.3004,0.234,False
0.5,-0.2,5,0.4,0.2615,0.2066,0.234,False
0.35,-0.45,3,0.15,0.2181,0.2499,0.234,False
0.15,-0.3,7,0.55,0.1807,0.2872,0.234,False
0.3,-0.35,5,0.1,0.2024,0.2658,0.2341,False
0.1,-0.3,6,0.2,0.1706,0.2977,0.2341,False
0.1,-0.35,5,0.5,0.177,0.2911,0.2341,False
0.5,-0.2,7,0.5,0.2558,0.2125,0.2341,False
0.5,-0.15,4,0.2,0.2666,0.2016,0.2341,False
0.2,-0.35,6,0.4,0.1846,0.2835,0.2341,False
0.5,-0.1,4,0.15,0.2707,0.1976,0.2341,False
0.5,-0.2,5,0.5,0.2637,0.2045,0.2341,False
0.5,-0.25,3,0.45,0.2668,0.2015,0.2342,False
0.1,-0.4,4,0.2,0.173,0.2955,0.2342,False
0.5,-0.1,5,0.15,0.2686,0.1997,0.2342,False
0.05,-0.25,7,0.45,0.17,0.2984,0.2342,False
0.35,-0.3,7,0.15,0.2064,0.2621,0.2342,False
0.25,-0.35,6,0.55,0.1965,0.2719,0.2342,False
0.15,-0.5,3,0.15,0.1802,0.2882,0.2342,False
0.2,-0.35,6,0.45,0.1859,0.2826,0.2343,False
0.5,-0.2,4,0.3,0.2638,0.2048,0.2343,False
0.3,-0.35,6,0.3,0.1997,0.2688,0.2343,False
0.2,-0.35,6,0.35,0.1838,0.2848,0.2343,False
0.5,-0.2,6,0.45,0.2587,0.2099,0.2343,False
0.45,-0.3,4,0.25,0.2439,0.2247,0.2343,False
0.45,-0.25,3,0.05,0.2498,0.2188,0.2343,False
0.1,-0.45,3,0.05,0.1739,0.2949,0.2344,False
0.5,-0.25,3,0.5,0.2681,0.2007,0.2344,False
0.05,-0.25,6,0.1,0.1675,0.3013,0.2344,False
0.5,-0.25,3,0.4,0.2659,0.2028,0.2344,False
0.5,-0.2,6,0.4,0.2577,0.2112,0.2344,False
0.5,-0.15,6,0.2,0.2607,0.2083,0.2345,False
0.25,-0.35,6,0.25,0.1904,0.2786,0.2345,False
0.25,-0.45,4,0.4,0.198,0.2711,0.2345,False
0.4,-0.3,7,0.3,0.2184,0.2506,0.2345,False
0.5,-0.2,6,0.5,0.26,0.2091,0.2345,False
0.5,-0.2,7,0.35,0.2529,0.2161,0.2345,False
0.5,-0.15,5,0.2,0.2639,0.2053,0.2346,False
0.05,-0.3,5,0.15,0.1678,0.3014,0.2346,False
0.05,-0.25,7,0.3,0.1673,0.3019,0.2346,False
0.45,-0.2,5,0.05,0.246,0.2233,0.2346,False
0.45,-0.25,6,0.2,0.2378,0.2314,0.2346,False
0.4,-0.4,3,0.15,0.2314,0.2378,0.2346,False
0.4,-0.3,7,0.55,0.2239,0.2453,0.2346,False
0.5,-0.2,5,0.35,0.2609,0.2083,0.2346,False
0.45,-0.35,3,0.25,0.2462,0.2231,0.2346,False
0.2,-0.4,4,0.05,0.1871,0.282,0.2346,False
0.4,-0.25,7,0.05,0.2215,0.248,0.2347,False
0.3,-0.4,4,0.1,0.2053,0.264,0.2347,False
0.5,-0.2,5,0.55,0.2653,0.2041,0.2347,False
0.2,-0.45,4,0.4,0.1896,0.2797,0.2347,False
0.25,-0.45,4,0.45,0.1992,0.2701,0.2347,False
0.45,-0.25,4,0.1,0.2463,0.2232,0.2347,False
0.3,-0.5,3,0.2,0.2074,0.2621,0.2348,False
0.1,-0.5,3,0.25,0.1746,0.295,0.2348,False
0.3,-0.35,6,0.55,0.2057,0.2639,0.2348,False
0.25,-0.45,4,0.35,0.1972,0.2724,0.2348,False
0.5,-0.2,7,0.55,0.2574,0.2121,0.2348,False
0.2,-0.45,4,0.45,0.1909,0.2787,0.2348,False
0.25,-0.35,5,0.05,0.1938,0.276,0.2349,False
0.4,-0.3,6,0.2,0.2224,0.2474,0.2349,False
0.2,-0.45,4,0.35,0.1889,0.2809,0.2349,False
0.5,-0.25,3,0.35,0.2653,0.2045,0.2349,False
0.25,-0.4,4,0.05,0.196,0.2738,0.2349,False
0.1,-0.5,3,0.55,0.1812,0.2887,0.2349,False
0.2,-0.35,6,0.5,0.1878,0.282,0.2349,False
0.05,-0.25,7,0.5,0.172,0.2978,0.2349,False
0.5,-0.2,6,0.35,0.2571,0.2129,0.235,False
0.1,-0.35,5,0.25,0.1727,0.2972,0.235,False
0.2,-0.35,6,0.3,0.1835,0.2864,0.235,False
0.5,-0.25,3,0.55,0.2697,0.2003,0.235,False
0.45,-0.25,5,0.15,0.2423,0.2276,0.235,False
0.2,-0.5,3,0.1,0.1886,0.2815,0.2351,False
0.35,-0.4,4,0.2,0.2165,0.2538,0.2351,False
0.1,-0.35,5,0.55,0.1794,0.2909,0.2351,False
0.2,-0.3,7,0.1,0.181,0.2894,0.2352,False
0.5,-0.2,6,0.55,0.2616,0.2088,0.2352,False
0.45,-0.25,7,0.2,0.2337,0.2368,0.2352,False
0.25,-0.45,4,0.5,0.2009,0.2695,0.2352,False
0.15,-0.3,7,0.2,0.1748,0.2958,0.2353,False
0.15,-0.35,5,0.1,0.1784,0.2922,0.2353,False
0.15,-0.3,6,0.05,0.1773,0.2933,0.2353,False
0.1,-0.25,7,0.05,0.1713,0.2993,0.2353,False
0.2,-0.35,5,0.05,0.1858,0.2848,0.2353,False
0.5,-0.2,7,0.3,0.2527,0.2182,0.2354,False
0.2,-0.45,4,0.5,0.1927,0.2781,0.2354,False
0.45,-0.2,6,0.05,0.2426,0.2282,0.2354,False
0.5,-0.15,3,0.15,0.2697,0.2012,0.2354,False
0.45,-0.2,7,0.05,0.2388,0.232,0.2354,False
0.3,-0.35,6,0.25,0.1999,0.2709,0.2354,False
0.25,-0.45,4,0.3,0.197,0.274,0.2355,False
0.4,-0.45,3,0.4,0.2336,0.2375,0.2355,False
0.4,-0.45,3,0.45,0.2346,0.2364,0.2355,False
0.05,-0.35,4,0.1,0.169,0.3019,0.2355,False
0.05,-0.25,7,0.25,0.1676,0.3037,0.2356,False
0.5,-0.2,5,0.3,0.2607,0.2104,0.2356,False
0.2,-0.45,4,0.3,0.1886,0.2825,0.2356,False
0.05,-0.45,3,0.15,0.1692,0.3021,0.2356,False
0.4,-0.3,5,0.1,0.2273,0.2441,0.2357,False
0.5,-0.2,4,0.25,0.264,0.2075,0.2357,False
0.4,-0.35,4,0.15,0.2296,0.2419,0.2357,False
0.45,-0.3,3,0.1,0.2481,0.2233,0.2357,False
0.4,-0.3,7,0.25,0.2186,0.2527,0.2357,False
0.5,-0.1,7,0.1,0.2649,0.2065,0.2357,False
0.5,-0.2,3,0.2,0.2669,0.2045,0.2357,False
0.45,-0.3,5,0.45,0.2433,0.2282,0.2358,False
0.45,-0.3,5,0.4,0.2423,0.2294,0.2358,False
0.5,-0.2,6,0.3,0.2569,0.215,0.2359,False
0.25,-0.5,3,0.1,0.1981,0.2738,0.2359,False
0.2,-0.35,6,0.55,0.1901,0.2818,0.2359,False
0.5,-0.15,7,0.15,0.258,0.2138,0.2359,False
0.5,-0.25,3,0.3,0.2651,0.2067,0.2359,False
0.25,-0.4,5,0.4,0.1963,0.2755,0.2359,False
0.4,-0.45,3,0.5,0.2361,0.2357,0.2359,False
0.35,-0.35,5,0.15,0.214,0.2578,0.2359,False
0.2,-0.35,6,0.25,0.1837,0.2883,0.236,False
0.4,-0.45,3,0.35,0.2329,0.239,0.236,False
0.05,-0.25,7,0.55,0.1745,0.2975,0.236,False
0.45,-0.3,4,0.2,0.2445,0.2275,0.236,False
0.1,-0.3,6,0.15,0.1719,0.3001,0.236,False
0.25,-0.35,6,0.2,0.1911,0.2809,0.236,False
0.25,-0.4,5,0.45,0.1975,0.2745,0.236,False
0.45,-0.3,5,0.5,0.2447,0.2275,0.2361,False
0.25,-0.3,7,0.05,0.1894,0.2827,0.2361,False
0.1,-0.4,4,0.15,0.1743,0.298,0.2361,False
0.25,-0.45,4,0.55,0.2031,0.2692,0.2361,False
0.25,-0.4,5,0.35,0.1955,0.2768,0.2362,False
0.35,-0.3,6,0.05,0.2122,0.2602,0.2362,False
0.4,-0.35,5,0.4,0.2281,0.2443,0.2362,False
0.4,-0.35,5,0.45,0.2292,0.2433,0.2362,False
0.35,-0.5,3,0.4,0.2217,0.2507,0.2362,False
0.35,-0.5,3,0.45,0.2228,0.2496,0.2362,False
0.45,-0.3,5,0.35,0.2417,0.2309,0.2363,False
0.45,-0.35,3,0.2,0.2467,0.2259,0.2363,False
0.5,-0.15,4,0.15,0.2675,0.2052,0.2363,False
0.1,-0.5,3,0.2,0.1754,0.2972,0.2363,False
0.35,-0.35,6,0.45,0.2137,0.259,0.2363,False
0.35,-0.35,6,0.4,0.2126,0.26,0.2363,False
0.1,-0.35,5,0.2,0.1735,0.2993,0.2364,False
0.2,-0.45,4,0.55,0.1949,0.2779,0.2364,False
0.35,-0.45,3,0.1,0.2196,0.2532,0.2364,False
0.5,-0.1,6,0.1,0.2675,0.2055,0.2365,False
0.5,-0.1,3,0.1,0.2737,0.1994,0.2365,False
0.15,-0.4,4,0.05,0.1812,0.2921,0.2366,False
0.2,-0.45,4,0.25,0.1888,0.2845,0.2366,False
0.25,-0.4,5,0.5,0.1992,0.2739,0.2366,False
0.4,-0.45,3,0.55,0.2379,0.2354,0.2366,False
0.25,-0.45,4,0.25,0.1972,0.276,0.2366,False
0.15,-0.5,3,0.1,0.182,0.2911,0.2366,False
0.35,-0.35,6,0.35,0.2119,0.2614,0.2366,False
0.3,-0.3,7,0.05,0.1985,0.2747,0.2366,False
0.35,-0.3,7,0.1,0.208,0.2652,0.2366,False
0.4,-0.35,5,0.5,0.2307,0.2426,0.2366,False
0.4,-0.35,5,0.35,0.2275,0.2458,0.2366,False
0.35,-0.5,3,0.35,0.2211,0.2521,0.2366,False
0.35,-0.5,3,0.5,0.2243,0.249,0.2367,False
0.3,-0.45,4,0.4,0.2089,0.2645,0.2367,False
0.3,-0.5,3,0.15,0.2085,0.2649,0.2367,False
0.5,-0.15,6,0.15,0.2615,0.2118,0.2367,False
0.45,-0.25,6,0.15,0.2388,0.2345,0.2367,False
0.2,-0.55,3,0.4,0.193,0.2806,0.2368,False
0.25,-0.4,5,0.3,0.1952,0.2784,0.2368,False
0.4,-0.45,3,0.3,0.2327,0.2409,0.2368,False
0.2,-0.4,5,0.4,0.189,0.2847,0.2368,False
0.5,-0.1,4,0.1,0.2719,0.2017,0.2368,False
0.3,-0.45,4,0.45,0.2101,0.2635,0.2368,False
0.35,-0.35,6,0.5,0.2153,0.2583,0.2368,False
0.5,-0.15,5,0.15,0.2648,0.2089,0.2368,False
0.5,-0.2,7,0.25,0.2528,0.2207,0.2368,False
0.45,-0.3,5,0.55,0.2465,0.2272,0.2368,False
0.5,-0.2,5,0.25,0.2609,0.213,0.2369,False
0.3,-0.35,5,0.05,0.2045,0.2692,0.2369,False
0.5,-0.1,5,0.1,0.2699,0.2039,0.2369,False
0.3,-0.35,6,0.2,0.2005,0.2732,0.2369,False
0.4,-0.3,6,0.15,0.2235,0.2503,0.2369,False
0.05,-0.3,5,0.1,0.1697,0.3041,0.2369,False
0.2,-0.55,3,0.45,0.1943,0.2796,0.237,False
0.3,-0.45,4,0.35,0.2082,0.2658,0.237,False
0.2,-0.4,5,0.45,0.1903,0.2838,0.237,False
0.4,-0.4,3,0.1,0.2328,0.2413,0.237,False
0.35,-0.4,4,0.15,0.2175,0.2567,0.2371,False
0.2,-0.55,3,0.35,0.1923,0.2818,0.2371,False
0.2,-0.4,5,0.35,0.1882,0.2859,0.2371,False
0.05,-0.25,7,0.2,0.1684,0.3058,0.2371,False
0.4,-0.3,7,0.2,0.2192,0.2553,0.2372,False
0.45,-0.3,5,0.3,0.2415,0.2329,0.2372,False
0.05,-0.25,6,0.05,0.17,0.3044,0.2372,False
0.15,-0.3,7,0.15,0.1761,0.2983,0.2372,False
0.15,-0.45,4,0.4,0.1842,0.2901,0.2372,False
0.5,-0.25,3,0.25,0.2653,0.2094,0.2373,False
0.5,-0.25,4,0.45,0.2645,0.21,0.2373,False
0.35,-0.35,6,0.3,0.2116,0.2631,0.2373,False
0.5,-0.2,6,0.25,0.2571,0.2175,0.2373,False
0.3,-0.45,4,0.5,0.2117,0.2629,0.2373,False
0.45,-0.25,7,0.15,0.2347,0.2399,0.2373,False
0.3,-0.4,5,0.4,0.2063,0.2682,0.2373,False
0.45,-0.25,5,0.1,0.2436,0.2313,0.2374,False
0.15,-0.45,4,0.35,0.1834,0.2913,0.2374,False
0.25,-0.55,3,0.4,0.2021,0.2726,0.2374,False
0.5,-0.25,4,0.4,0.2636,0.2113,0.2374,False
0.4,-0.35,5,0.55,0.2326,0.2423,0.2374,False
0.3,-0.4,5,0.45,0.2075,0.2673,0.2374,False
0.4,-0.35,5,0.3,0.2272,0.2476,0.2374,False
0.15,-0.45,4,0.45,0.1855,0.2892,0.2374,False
0.35,-0.5,3,0.3,0.2208,0.2539,0.2374,False
0.2,-0.55,3,0.5,0.196,0.279,0.2375,False
0.35,-0.5,3,0.55,0.2263,0.2487,0.2375,False
0.25,-0.4,5,0.55,0.2014,0.2737,0.2375,False
0.5,-0.2,4,0.2,0.2645,0.2105,0.2375,False
0.5,-0.25,4,0.5,0.2658,0.2092,0.2375,False
0.2,-0.35,6,0.2,0.1845,0.2905,0.2375,False
0.3,-0.4,4,0.05,0.2074,0.2675,0.2375,False
0.25,-0.55,3,0.45,0.2033,0.2717,0.2375,False
0.2,-0.4,5,0.5,0.192,0.2832,0.2376,False
0.3,-0.4,5,0.35,0.2056,0.2696,0.2376,False
0.25,-0.55,3,0.35,0.2013,0.2739,0.2376,False
0.45,-0.25,4,0.05,0.248,0.2274,0.2377,False
0.3,-0.45,4,0.3,0.2079,0.2675,0.2377,False
0.2,-0.55,3,0.3,0.192,0.2834,0.2377,False
0.2,-0.4,5,0.3,0.1879,0.2875,0.2377,False
0.35,-0.35,6,0.55,0.2173,0.258,0.2377,False
0.2,-0.5,3,0.05,0.1908,0.2848,0.2378,False
0.25,-0.35,6,0.15,0.1923,0.2835,0.2379,False
0.2,-0.3,7,0.05,0.1833,0.2926,0.2379,False
0.5,-0.2,3,0.15,0.2678,0.2081,0.2379,False
0.25,-0.4,5,0.25,0.1955,0.2804,0.2379,False
0.3,-0.4,5,0.5,0.2091,0.2666,0.2379,False
0.4,-0.45,3,0.25,0.2329,0.2431,0.238,False
0.4,-0.4,4,0.4,0.2322,0.2439,0.238,False
0.15,-0.45,4,0.5,0.1874,0.2886,0.238,False
0.15,-0.45,4,0.3,0.1831,0.2929,0.238,False
0.5,-0.25,4,0.35,0.263,0.2129,0.238,False
0.05,-0.45,3,0.1,0.1711,0.3049,0.238,False
0.45,-0.4,3,0.45,0.2496,0.2265,0.238,False
0.25,-0.55,3,0.5,0.2049,0.2711,0.238,False
0.4,-0.4,4,0.45,0.2333,0.2428,0.238,False
0.45,-0.4,3,0.4,0.2486,0.2276,0.2381,False
0.45,-0.3,4,0.15,0.2454,0.2307,0.2381,False
0.15,-0.35,6,0.4,0.1811,0.2951,0.2381,False
0.25,-0.45,4,0.2,0.1978,0.2783,0.2381,False
0.5,-0.25,4,0.55,0.2674,0.2089,0.2381,False
0.15,-0.35,5,0.05,0.1808,0.2954,0.2381,False
0.4,-0.35,4,0.1,0.231,0.2453,0.2381,False
0.2,-0.45,4,0.2,0.1895,0.2867,0.2381,False
0.3,-0.45,4,0.55,0.2137,0.2626,0.2381,False
0.5,-0.15,3,0.1,0.2709,0.2052,0.2381,False
0.05,-0.4,4,0.4,0.1738,0.3025,0.2382,False
0.05,-0.35,4,0.05,0.1715,0.305,0.2382,False
0.1,-0.5,3,0.15,0.1767,0.2997,0.2382,False
0.25,-0.55,3,0.3,0.2011,0.2756,0.2383,False
0.1,-0.3,6,0.1,0.1738,0.3029,0.2383,False
0.1,-0.35,5,0.15,0.1748,0.3018,0.2383,False
0.05,-0.4,4,0.35,0.173,0.3037,0.2383,False
0.15,-0.35,6,0.45,0.1825,0.2942,0.2383,False
0.15,-0.35,6,0.35,0.1803,0.2963,0.2383,False
0.35,-0.35,5,0.1,0.2155,0.261,0.2383,False
0.3,-0.4,5,0.3,0.2053,0.2712,0.2383,False
0.45,-0.4,3,0.5,0.251,0.2257,0.2383,False
0.4,-0.4,4,0.5,0.2347,0.2421,0.2384,False
0.45,-0.3,5,0.25,0.2417,0.2352,0.2384,False
0.5,-0.15,7,0.1,0.2593,0.2176,0.2384,False
0.45,-0.35,3,0.15,0.2476,0.2292,0.2384,False
0.05,-0.4,4,0.45,0.1752,0.3017,0.2384,False
0.2,-0.55,3,0.55,0.1982,0.2788,0.2385,False
0.4,-0.4,4,0.35,0.2316,0.2453,0.2385,False
0.4,-0.3,5,0.05,0.2292,0.2479,0.2385,False
0.35,-0.5,3,0.25,0.221,0.256,0.2385,False
0.35,-0.35,6,0.25,0.2118,0.2651,0.2385,False
0.1,-0.4,4,0.1,0.1762,0.3008,0.2385,False
0.5,-0.2,7,0.2,0.2534,0.2236,0.2385,False
0.4,-0.35,5,0.25,0.2274,0.2498,0.2386,False
0.45,-0.4,3,0.35,0.248,0.2292,0.2386,False
0.2,-0.4,5,0.55,0.1943,0.2829,0.2386,False
0.45,-0.3,3,0.05,0.2498,0.2274,0.2386,False
0.5,-0.3,3,0.45,0.2666,0.2106,0.2386,False
0.15,-0.55,3,0.4,0.1868,0.2904,0.2386,False
0.5,-0.1,7,0.05,0.2665,0.211,0.2387,False
0.45,-0.35,4,0.45,0.2473,0.23,0.2387,False
0.5,-0.2,5,0.2,0.2614,0.216,0.2387,False
0.45,-0.3,6,0.45,0.2401,0.2373,0.2387,False
0.25,-0.5,3,0.05,0.2002,0.2771,0.2387,False
0.3,-0.35,6,0.15,0.2017,0.2759,0.2388,False
0.15,-0.55,3,0.45,0.1881,0.2895,0.2388,False
0.3,-0.4,5,0.55,0.2112,0.2664,0.2388,False
0.15,-0.55,3,0.35,0.186,0.2916,0.2388,False
0.45,-0.3,6,0.4,0.2391,0.2385,0.2388,False
0.45,-0.35,4,0.4,0.2463,0.2312,0.2388,False
0.2,-0.55,3,0.25,0.1922,0.2854,0.2388,False
0.2,-0.4,5,0.25,0.1881,0.2894,0.2388,False
0.3,-0.45,4,0.25,0.2081,0.2696,0.2388,False
0.5,-0.3,3,0.4,0.2657,0.2118,0.2388,False
0.5,-0.3,3,0.5,0.2679,0.2098,0.2388,False
0.15,-0.35,6,0.3,0.18,0.2978,0.2389,False
0.5,-0.25,4,0.3,0.2628,0.2151,0.2389,False
0.25,-0.55,3,0.55,0.2071,0.2708,0.2389,False
0.05,-0.4,4,0.3,0.1726,0.3052,0.2389,False
0.1,-0.3,7,0.4,0.1753,0.3026,0.239,False
0.15,-0.45,4,0.25,0.1833,0.2947,0.239,False
0.45,-0.4,3,0.55,0.2527,0.2254,0.239,False
0.5,-0.2,6,0.2,0.2576,0.2204,0.239,False
0.5,-0.15,4,0.1,0.2687,0.2092,0.239,False
0.15,-0.35,6,0.5,0.1843,0.2936,0.239,False
0.05,-0.25,7,0.15,0.1697,0.3082,0.239,False
0.45,-0.35,4,0.5,0.2487,0.2293,0.239,False
0.15,-0.45,4,0.55,0.1897,0.2883,0.239,False
0.45,-0.25,6,0.1,0.2401,0.238,0.2391,False
0.45,-0.3,6,0.5,0.2415,0.2366,0.2391,False
0.3,-0.5,3,0.1,0.2101,0.2681,0.2391,False
0.3,-0.35,7,0.4,0.2007,0.2774,0.2391,False
0.5,-0.25,3,0.2,0.2658,0.2124,0.2391,False
0.05,-0.4,4,0.5,0.1771,0.3011,0.2391,False
0.5,-0.15,6,0.1,0.2628,0.2157,0.2392,False
0.4,-0.4,4,0.55,0.2365,0.2418,0.2392,False
0.45,-0.3,6,0.35,0.2385,0.2399,0.2392,False
0.45,-0.35,4,0.35,0.2457,0.2327,0.2392,False
0.35,-0.45,3,0.05,0.2215,0.2568,0.2392,False
0.1,-0.3,7,0.35,0.1745,0.3038,0.2392,False
0.4,-0.3,7,0.15,0.2203,0.2581,0.2392,False
0.3,-0.35,7,0.45,0.2019,0.2764,0.2392,False
0.3,-0.35,7,0.35,0.2,0.2787,0.2393,False
0.15,-0.5,3,0.05,0.1843,0.2943,0.2393,False
0.35,-0.3,7,0.05,0.21,0.2687,0.2393,False
0.5,-0.3,3,0.35,0.2651,0.2135,0.2393,False
0.1,-0.3,7,0.45,0.1767,0.3018,0.2393,False
0.4,-0.3,6,0.1,0.2249,0.2536,0.2393,False
0.4,-0.4,4,0.3,0.2313,0.2472,0.2393,False
0.2,-0.35,6,0.15,0.1857,0.293,0.2394,False
0.3,-0.4,5,0.25,0.2055,0.2733,0.2394,False
0.15,-0.55,3,0.3,0.1857,0.2932,0.2394,False
0.15,-0.55,3,0.5,0.1899,0.2889,0.2394,False
0.25,-0.35,7,0.4,0.1928,0.286,0.2394,False
0.05,-0.3,6,0.4,0.1732,0.3056,0.2394,False
0.25,-0.55,3,0.25,0.2013,0.2776,0.2394,False
0.25,-0.4,5,0.2,0.1961,0.2826,0.2394,False
0.5,-0.15,5,0.1,0.266,0.2128,0.2394,False
0.45,-0.4,3,0.3,0.2478,0.2312,0.2395,False
0.5,-0.3,3,0.55,0.2695,0.2095,0.2395,False
0.5,-0.25,5,0.45,0.2614,0.2177,0.2395,False
0.05,-0.3,6,0.35,0.1723,0.3068,0.2395,False
0.35,-0.4,4,0.1,0.219,0.2599,0.2395,False
0.15,-0.3,7,0.1,0.178,0.3011,0.2395,False
0.5,-0.1,6,0.05,0.269,0.21,0.2395,False
0.5,-0.1,3,0.05,0.2752,0.204,0.2396,False
0.25,-0.35,7,0.35,0.192,0.2873,0.2396,False
0.05,-0.5,3,0.4,0.1754,0.3037,0.2396,False
0.25,-0.35,7,0.45,0.1941,0.2851,0.2396,False
0.05,-0.3,5,0.05,0.1722,0.3071,0.2396,False
0.4,-0.45,3,0.2,0.2335,0.2458,0.2396,False
0.45,-0.25,7,0.1,0.236,0.2433,0.2397,False
0.55,-0.1,7,0.45,0.2841,0.1953,0.2397,False
0.05,-0.5,3,0.35,0.1746,0.3049,0.2397,False
0.45,-0.35,4,0.55,0.2504,0.229,0.2397,False
0.5,-0.25,5,0.4,0.2604,0.2189,0.2397,False
0.5,-0.2,4,0.15,0.2653,0.214,0.2397,False
0.05,-0.3,6,0.45,0.1746,0.3048,0.2397,False
0.3,-0.35,7,0.5,0.2036,0.2758,0.2397,False
0.1,-0.3,7,0.3,0.1742,0.3053,0.2397,False
0.05,-0.5,3,0.45,0.1768,0.3029,0.2398,False
0.45,-0.3,6,0.55,0.2433,0.2363,0.2398,False
0.5,-0.25,5,0.5,0.2627,0.2169,0.2398,False
0.4,-0.4,3,0.05,0.2345,0.2451,0.2398,False
0.55,-0.1,7,0.5,0.2853,0.1944,0.2398,False
0.1,-0.3,7,0.5,0.1786,0.3012,0.2399,False
0.5,-0.1,4,0.05,0.2735,0.2063,0.2399,False
0.55,-0.1,7,0.4,0.2832,0.1966,0.2399,False
0.15,-0.35,6,0.25,0.1802,0.2997,0.2399,False
0.05,-0.4,4,0.25,0.1729,0.307,0.2399,False
0.5,-0.1,5,0.05,0.2714,0.2084,0.2399,False
0.35,-0.35,6,0.2,0.2124,0.2676,0.24,False
0.15,-0.35,6,0.55,0.1867,0.2934,0.24,False
0.3,-0.35,7,0.3,0.1997,0.2803,0.24,False
0.2,-0.45,4,0.15,0.1907,0.2893,0.24,False
0.25,-0.45,4,0.15,0.199,0.281,0.24,False
0.45,-0.3,6,0.3,0.2382,0.2418,0.24,False
0.05,-0.3,6,0.3,0.172,0.3083,0.2401,False
0.35,-0.5,3,0.2,0.2216,0.2585,0.2401,False
0.15,-0.4,5,0.4,0.1847,0.2956,0.2401,False
0.45,-0.35,4,0.3,0.2455,0.2347,0.2401,False
0.45,-0.3,5,0.2,0.2422,0.2379,0.2401,False
0.5,-0.25,5,0.35,0.2599,0.2205,0.2402,False
0.05,-0.4,4,0.55,0.1796,0.3009,0.2402,False
0.25,-0.35,7,0.5,0.1958,0.2845,0.2402,False
0.25,-0.35,6,0.1,0.194,0.2864,0.2402,False
0.3,-0.55,3,0.4,0.2136,0.2667,0.2402,False
0.3,-0.55,3,0.45,0.2147,0.2658,0.2402,False
0.4,-0.35,5,0.2,0.228,0.2524,0.2402,False
0.2,-0.4,5,0.2,0.1888,0.2916,0.2402,False
0.45,-0.3,7,0.4,0.235,0.2456,0.2403,False
0.5,-0.3,3,0.3,0.2649,0.2156,0.2403,False
0.2,-0.55,3,0.2,0.1929,0.2876,0.2403,False
0.05,-0.5,3,0.3,0.1743,0.3064,0.2403,False
0.5,-0.25,4,0.25,0.263,0.2176,0.2403,False
0.45,-0.3,7,0.45,0.2361,0.2445,0.2403,False
0.15,-0.4,5,0.35,0.1838,0.2968,0.2403,False
0.25,-0.35,7,0.3,0.1917,0.2888,0.2403,False
0.45,-0.25,5,0.05,0.2453,0.2352,0.2403,False
0.55,-0.1,7,0.55,0.2868,0.194,0.2404,False
0.15,-0.55,3,0.55,0.1922,0.2886,0.2404,False
0.15,-0.4,5,0.45,0.186,0.2947,0.2404,False
0.05,-0.3,6,0.5,0.1765,0.3042,0.2404,False
0.3,-0.45,4,0.2,0.2088,0.2719,0.2404,False
0.4,-0.4,4,0.25,0.2315,0.2494,0.2404,False
0.15,-0.55,3,0.25,0.1859,0.295,0.2405,False
0.5,-0.2,3,0.1,0.269,0.212,0.2405,False
0.1,-0.5,3,0.1,0.1785,0.3024,0.2405,False
0.3,-0.55,3,0.35,0.2129,0.2681,0.2405,False
0.5,-0.25,5,0.55,0.2643,0.2166,0.2405,False
0.15,-0.45,4,0.2,0.1841,0.2969,0.2405,False
0.55,-0.1,7,0.35,0.2827,0.1984,0.2405,False
0.05,-0.5,3,0.5,0.1787,0.3023,0.2405,False
0.45,-0.3,4,0.1,0.2467,0.2343,0.2405,False
0.3,-0.35,7,0.55,0.2057,0.2756,0.2406,False
0.5,-0.2,7,0.15,0.2543,0.2269,0.2406,False
0.1,-0.35,5,0.1,0.1767,0.3045,0.2406,False
0.55,-0.1,6,0.45,0.2868,0.1946,0.2407,False
0.45,-0.4,3,0.25,0.248,0.2335,0.2407,False
0.45,-0.3,7,0.35,0.2344,0.2471,0.2407,False
0.5,-0.25,7,0.45,0.2527,0.2287,0.2407,False
0.5,-0.25,6,0.45,0.2574,0.224,0.2407,False
0.45,-0.3,7,0.5,0.2375,0.2439,0.2407,False
0.3,-0.55,3,0.5,0.2163,0.2651,0.2407,False
0.05,-0.45,3,0.05,0.1735,0.3079,0.2407,False
0.5,-0.25,6,0.4,0.2564,0.2252,0.2408,False
0.5,-0.25,7,0.4,0.2518,0.2298,0.2408,False
0.5,-0.2,5,0.15,0.2623,0.2194,0.2408,False
0.1,-0.3,7,0.25,0.1744,0.3071,0.2408,False
0.55,-0.1,6,0.5,0.288,0.1937,0.2408,False
0.35,-0.4,5,0.45,0.2197,0.2621,0.2409,False
0.55,-0.1,6,0.4,0.2859,0.1959,0.2409,False
0.3,-0.4,5,0.2,0.2062,0.2756,0.2409,False
0.25,-0.55,3,0.2,0.202,0.2799,0.2409,False
0.4,-0.35,4,0.05,0.2328,0.249,0.2409,False
0.35,-0.4,5,0.4,0.2186,0.2631,0.2409,False
0.45,-0.35,3,0.1,0.249,0.2328,0.2409,False
0.35,-0.35,5,0.05,0.2174,0.2645,0.241,False
0.5,-0.25,6,0.5,0.2587,0.2233,0.241,False
0.35,-0.35,7,0.4,0.2112,0.2707,0.241,False
0.15,-0.4,5,0.5,0.1878,0.2942,0.241,False
0.5,-0.25,7,0.5,0.2541,0.228,0.241,False
0.15,-0.4,5,0.3,0.1835,0.2984,0.241,False
0.35,-0.45,4,0.4,0.222,0.2601,0.241,False
0.1,-0.3,7,0.55,0.181,0.301,0.241,False
0.35,-0.45,4,0.45,0.2231,0.2591,0.2411,False
0.3,-0.35,7,0.25,0.1999,0.2822,0.2411,False
0.3,-0.35,6,0.1,0.2033,0.2789,0.2411,False
0.05,-0.3,6,0.25,0.1722,0.31,0.2411,False
0.35,-0.35,7,0.45,0.2124,0.2698,0.2411,False
0.5,-0.2,6,0.15,0.2585,0.2237,0.2411,False
0.1,-0.3,6,0.05,0.1762,0.3059,0.2411,False
0.05,-0.35,5,0.4,0.1753,0.3069,0.2411,False
0.5,-0.15,3,0.05,0.2724,0.2097,0.2411,False
0.5,-0.25,5,0.3,0.2597,0.2226,0.2411,False
0.25,-0.35,7,0.55,0.198,0.2843,0.2411,False
0.1,-0.4,4,0.05,0.1785,0.3038,0.2412,False
0.55,-0.1,3,0.45,0.2933,0.1892,0.2412,False
0.45,-0.3,6,0.25,0.2384,0.2441,0.2412,False
0.3,-0.55,3,0.3,0.2126,0.2698,0.2412,False
0.35,-0.4,5,0.35,0.2179,0.2645,0.2412,False
0.05,-0.35,5,0.35,0.1745,0.308,0.2412,False
0.55,-0.1,5,0.45,0.2893,0.1933,0.2413,False
0.5,-0.25,6,0.35,0.2558,0.2268,0.2413,False
0.25,-0.4,5,0.15,0.1973,0.2852,0.2413,False
0.35,-0.35,7,0.35,0.2105,0.2721,0.2413,False
0.25,-0.35,7,0.25,0.192,0.2907,0.2413,False
0.45,-0.35,4,0.25,0.2457,0.237,0.2413,False
0.5,-0.25,7,0.35,0.2512,0.2314,0.2413,False
0.05,-0.5,3,0.25,0.1745,0.3082,0.2413,False
0.05,-0.25,7,0.1,0.1716,0.3109,0.2413,False
0.5,-0.25,3,0.15,0.2667,0.2158,0.2413,False
0.05,-0.4,4,0.2,0.1737,0.3091,0.2414,False
0.15,-0.35,6,0.2,0.181,0.3018,0.2414,False
0.4,-0.35,6,0.4,0.2265,0.2564,0.2414,False
0.45,-0.3,7,0.55,0.2393,0.2436,0.2414,False
0.55,-0.1,4,0.45,0.2914,0.1914,0.2414,False
0.55,-0.1,3,0.5,0.2944,0.1883,0.2414,False
0.05,-0.35,5,0.45,0.1767,0.306,0.2414,False
0.55,-0.1,5,0.5,0.2904,0.1924,0.2414,False
0.5,-0.15,7,0.05,0.2609,0.2219,0.2414,False
0.35,-0.4,5,0.5,0.2213,0.2615,0.2414,False
0.55,-0.1,6,0.55,0.2895,0.1934,0.2414,False
0.35,-0.45,4,0.35,0.2213,0.2614,0.2414,False
0.05,-0.3,6,0.55,0.1789,0.304,0.2415,False
0.55,-0.1,5,0.4,0.2884,0.1946,0.2415,False
0.4,-0.3,7,0.1,0.2217,0.2613,0.2415,False
0.4,-0.35,6,0.45,0.2276,0.2554,0.2415,False
0.35,-0.35,7,0.5,0.2139,0.2692,0.2415,False
0.55,-0.1,3,0.4,0.2924,0.1906,0.2415,False
0.35,-0.45,4,0.5,0.2246,0.2584,0.2415,False
0.45,-0.3,7,0.3,0.2342,0.2489,0.2415,False
0.55,-0.1,6,0.35,0.2854,0.1977,0.2416,False
0.55,-0.1,7,0.3,0.2825,0.2007,0.2416,False
0.3,-0.55,3,0.55,0.2183,0.2648,0.2416,False
0.5,-0.3,3,0.25,0.2651,0.2181,0.2416,False
0.55,-0.1,4,0.5,0.2926,0.1905,0.2416,False
0.4,-0.45,3,0.15,0.2344,0.2487,0.2416,False
0.5,-0.25,6,0.55,0.2604,0.2229,0.2416,False
0.05,-0.5,3,0.55,0.1811,0.3021,0.2416,False
0.5,-0.25,7,0.55,0.2558,0.2276,0.2417,False
0.55,-0.1,4,0.4,0.2906,0.1928,0.2417,False
0.2,-0.35,6,0.1,0.1875,0.2959,0.2417,False
0.4,-0.35,6,0.35,0.2258,0.2578,0.2418,False
0.05,-0.35,5,0.3,0.1742,0.3095,0.2418,False
0.3,-0.5,3,0.05,0.2121,0.2715,0.2418,False
0.35,-0.35,6,0.15,0.2135,0.2703,0.2419,False
0.15,-0.55,3,0.2,0.1867,0.2972,0.2419,False
0.35,-0.4,5,0.3,0.2177,0.2662,0.2419,False
0.55,-0.1,3,0.55,0.2959,0.188,0.2419,False
0.4,-0.35,6,0.5,0.229,0.2547,0.2419,False
0.5,-0.15,4,0.05,0.2702,0.2136,0.2419,False
0.45,-0.25,6,0.05,0.2419,0.2419,0.2419,False
0.35,-0.35,7,0.3,0.2102,0.2737,0.242,False
0.4,-0.3,6,0.05,0.2268,0.2573,0.242,False
0.55,-0.1,5,0.55,0.2919,0.192,0.242,False
0.05,-0.35,5,0.5,0.1786,0.3055,0.242,False
0.5,-0.25,4,0.2,0.2635,0.2205,0.242,False
0.15,-0.4,5,0.25,0.1838,0.3002,0.242,False
0.4,-0.4,4,0.2,0.2321,0.2519,0.242,False
0.15,-0.4,5,0.55,0.1901,0.2939,0.242,False
0.35,-0.5,3,0.15,0.2226,0.2614,0.242,False
0.2,-0.35,7,0.4,0.1878,0.2964,0.2421,False
0.55,-0.1,4,0.55,0.2941,0.1901,0.2421,False
0.1,-0.45,4,0.4,0.182,0.3022,0.2421,False
0.2,-0.4,5,0.15,0.19,0.2941,0.2421,False
0.45,-0.3,5,0.15,0.2432,0.241,0.2421,False
0.5,-0.25,7,0.3,0.251,0.2333,0.2421,False
0.2,-0.55,3,0.15,0.1941,0.2902,0.2421,False
0.35,-0.45,4,0.3,0.2211,0.2632,0.2421,False
0.55,-0.15,7,0.45,0.2781,0.206,0.2421,False
0.55,-0.1,5,0.35,0.2879,0.1965,0.2422,False
0.3,-0.45,4,0.15,0.2099,0.2746,0.2422,False
0.1,-0.3,7,0.2,0.1752,0.3092,0.2422,False
0.5,-0.15,6,0.05,0.2644,0.2199,0.2422,False
0.35,-0.4,5,0.55,0.2232,0.2612,0.2422,False
0.35,-0.4,4,0.05,0.2209,0.2635,0.2422,False
0.55,-0.1,3,0.35,0.2919,0.1925,0.2422,False
0.4,-0.35,5,0.15,0.229,0.2553,0.2422,False
0.5,-0.2,4,0.1,0.2666,0.2179,0.2422,False
0.15,-0.3,7,0.05,0.1803,0.3041,0.2422,False
0.5,-0.25,6,0.3,0.2556,0.2287,0.2422,False
0.35,-0.45,4,0.55,0.2265,0.2581,0.2423,False
0.3,-0.55,3,0.25,0.2128,0.2718,0.2423,False
0.15,-0.45,4,0.15,0.1853,0.2994,0.2423,False
0.5,-0.15,5,0.05,0.2676,0.2171,0.2423,False
0.1,-0.45,4,0.45,0.1833,0.3013,0.2423,False
0.55,-0.15,7,0.4,0.2772,0.2073,0.2423,False
0.55,-0.15,7,0.5,0.2793,0.2052,0.2423,False
0.2,-0.45,4,0.1,0.1924,0.2921,0.2423,False
0.25,-0.45,4,0.1,0.2006,0.2839,0.2423,False
0.1,-0.45,4,0.35,0.1812,0.3033,0.2423,False
0.55,-0.1,4,0.35,0.2901,0.1946,0.2423,False
0.2,-0.35,7,0.45,0.1891,0.2955,0.2423,False
0.2,-0.35,7,0.35,0.187,0.2976,0.2423,False
0.5,-0.25,5,0.25,0.2598,0.225,0.2424,False
0.35,-0.35,7,0.55,0.216,0.2689,0.2424,False
0.45,-0.4,3,0.2,0.2485,0.2362,0.2424,False
0.3,-0.35,7,0.2,0.2006,0.2845,0.2425,False
0.45,-0.25,7,0.05,0.2378,0.2471,0.2425,False
0.05,-0.3,6,0.2,0.173,0.3121,0.2426,False
0.4,-0.35,6,0.3,0.2256,0.2595,0.2426,False
0.55,-0.1,6,0.3,0.2852,0.2,0.2426,False
0.45,-0.3,7,0.25,0.2343,0.2511,0.2427,False
0.05,-0.5,3,0.2,0.1753,0.3102,0.2427,False
0.4,-0.35,6,0.55,0.2309,0.2544,0.2427,False
0.55,-0.15,3,0.45,0.2905,0.1952,0.2428,False
0.3,-0.4,5,0.15,0.2073,0.2782,0.2428,False
0.45,-0.3,6,0.2,0.239,0.2467,0.2428,False
0.1,-0.55,3,0.4,0.1837,0.3019,0.2428,False
0.25,-0.55,3,0.15,0.2031,0.2825,0.2428,False
0.05,-0.35,5,0.25,0.1744,0.3112,0.2428,False
0.25,-0.35,7,0.2,0.1927,0.2929,0.2428,False
0.1,-0.45,4,0.3,0.1809,0.3048,0.2428,False
0.25,-0.35,6,0.05,0.1961,0.2897,0.2429,False
0.55,-0.15,7,0.35,0.2767,0.209,0.2429,False
0.2,-0.35,7,0.5,0.1909,0.295,0.2429,False
0.55,-0.15,7,0.55,0.2809,0.2049,0.2429,False
0.2,-0.35,7,0.3,0.1867,0.2991,0.2429,False
0.45,-0.35,4,0.2,0.2462,0.2397,0.2429,False
0.5,-0.2,7,0.1,0.2555,0.2305,0.243,False
0.5,-0.3,4,0.45,0.2647,0.2214,0.243,False
0.55,-0.1,7,0.25,0.2826,0.2034,0.243,False
0.1,-0.45,4,0.5,0.1852,0.3007,0.243,False
0.1,-0.55,3,0.35,0.1829,0.3031,0.243,False
0.1,-0.55,3,0.45,0.185,0.301,0.243,False
0.35,-0.4,5,0.25,0.2179,0.2682,0.243,False
0.55,-0.15,3,0.5,0.2917,0.1943,0.243,False
0.35,-0.35,7,0.25,0.2104,0.2757,0.2431,False
0.55,-0.15,3,0.4,0.2897,0.1965,0.2431,False
0.05,-0.35,5,0.55,0.181,0.3052,0.2431,False
0.55,-0.1,5,0.3,0.2877,0.1987,0.2432,False
0.15,-0.35,6,0.15,0.1822,0.3042,0.2432,False
0.55,-0.15,6,0.45,0.2819,0.2046,0.2432,False
0.5,-0.3,4,0.4,0.2638,0.2226,0.2432,False
0.05,-0.4,4,0.15,0.175,0.3114,0.2432,False
0.1,-0.5,3,0.05,0.1809,0.3055,0.2432,False
0.5,-0.2,5,0.1,0.2635,0.2231,0.2433,False
0.5,-0.3,4,0.5,0.266,0.2206,0.2433,False
0.5,-0.3,3,0.2,0.2656,0.2211,0.2433,False
0.1,-0.35,5,0.05,0.179,0.3076,0.2433,False
0.55,-0.1,3,0.3,0.2917,0.1948,0.2433,False
0.35,-0.45,4,0.25,0.2213,0.2652,0.2433,False
0.45,-0.3,4,0.05,0.2484,0.2382,0.2433,False
0.55,-0.15,6,0.4,0.281,0.2059,0.2434,False
0.55,-0.15,6,0.5,0.2831,0.2038,0.2434,False
0.15,-0.4,5,0.2,0.1845,0.3023,0.2434,False
0.5,-0.25,7,0.25,0.2511,0.2357,0.2434,False
0.55,-0.1,4,0.3,0.2899,0.1969,0.2434,False
0.5,-0.2,3,0.05,0.2705,0.2164,0.2434,False
0.5,-0.25,6,0.25,0.2558,0.2311,0.2435,False
0.55,-0.15,4,0.45,0.2881,0.1989,0.2435,False
0.4,-0.5,3,0.45,0.2386,0.2483,0.2435,False
0.4,-0.5,3,0.4,0.2376,0.2494,0.2435,False
0.25,-0.4,5,0.1,0.199,0.2881,0.2435,False
0.5,-0.2,6,0.1,0.2598,0.2274,0.2436,False
0.1,-0.55,3,0.3,0.1826,0.3045,0.2436,False
0.1,-0.55,3,0.5,0.1868,0.3005,0.2436,False
0.55,-0.15,3,0.55,0.2932,0.1939,0.2436,False
0.4,-0.35,6,0.25,0.2258,0.2616,0.2437,False
0.55,-0.15,3,0.35,0.2892,0.1983,0.2437,False
0.55,-0.15,4,0.5,0.2893,0.1981,0.2437,False
0.5,-0.3,4,0.35,0.2632,0.2242,0.2437,False
0.55,-0.15,5,0.45,0.2853,0.2022,0.2437,False
0.45,-0.35,3,0.05,0.2506,0.2367,0.2437,False
0.15,-0.55,3,0.15,0.1879,0.2996,0.2438,False
0.55,-0.15,4,0.4,0.2873,0.2002,0.2438,False
0.55,-0.15,7,0.3,0.2765,0.2112,0.2438,False
0.3,-0.35,6,0.05,0.2054,0.2822,0.2438,False
0.3,-0.55,3,0.2,0.2135,0.2741,0.2438,False
0.4,-0.5,3,0.5,0.24,0.2476,0.2438,False
0.5,-0.25,3,0.1,0.2679,0.2197,0.2438,False
0.5,-0.35,3,0.45,0.2672,0.2204,0.2438,False
0.1,-0.45,4,0.25,0.1811,0.3066,0.2439,False
0.4,-0.5,3,0.35,0.237,0.2508,0.2439,False
0.2,-0.35,7,0.55,0.1931,0.2947,0.2439,False
0.55,-0.15,5,0.4,0.2844,0.2035,0.2439,False
0.5,-0.35,3,0.4,0.2663,0.2215,0.2439,False
0.5,-0.3,4,0.55,0.2676,0.2203,0.2439,False
0.55,-0.15,5,0.5,0.2864,0.2013,0.2439,False
0.4,-0.45,3,0.1,0.2358,0.2521,0.2439,False
0.2,-0.35,7,0.25,0.1869,0.301,0.2439,False
0.55,-0.15,6,0.55,0.2846,0.2034,0.244,False
0.1,-0.3,7,0.15,0.1765,0.3115,0.244,False
0.4,-0.4,4,0.15,0.2331,0.2548,0.244,False
0.05,-0.25,7,0.05,0.1741,0.3139,0.244,False
0.55,-0.1,6,0.25,0.2854,0.2027,0.244,False
0.1,-0.45,4,0.55,0.1875,0.3005,0.244,False
0.5,-0.35,3,0.5,0.2685,0.2196,0.244,False
0.55,-0.15,6,0.35,0.2805,0.2076,0.244,False
0.5,-0.25,4,0.15,0.2644,0.2238,0.2441,False
0.5,-0.25,5,0.2,0.2603,0.2279,0.2441,False
0.4,-0.3,7,0.05,0.2236,0.2649,0.2442,False
0.05,-0.35,5,0.2,0.1752,0.3133,0.2442,False
0.35,-0.35,6,0.1,0.215,0.2734,0.2442,False
0.2,-0.35,6,0.05,0.1897,0.299,0.2443,False
0.2,-0.4,5,0.1,0.1917,0.2969,0.2443,False
0.55,-0.15,4,0.55,0.2908,0.1977,0.2443,False
0.45,-0.3,7,0.2,0.2349,0.2536,0.2443,False
0.35,-0.5,3,0.1,0.2241,0.2645,0.2443,False
0.3,-0.35,7,0.15,0.2017,0.2871,0.2444,False
0.55,-0.15,4,0.35,0.2868,0.202,0.2444,False
0.45,-0.35,5,0.45,0.2458,0.2431,0.2444,False
0.45,-0.4,3,0.15,0.2494,0.2393,0.2444,False
0.05,-0.3,6,0.15,0.1743,0.3145,0.2444,False
0.2,-0.55,3,0.1,0.1958,0.293,0.2444,False
0.55,-0.15,5,0.35,0.2839,0.2052,0.2445,False
0.45,-0.3,5,0.1,0.2445,0.2444,0.2445,False
0.5,-0.35,3,0.35,0.2657,0.2232,0.2445,False
0.4,-0.35,5,0.1,0.2304,0.2585,0.2445,False
0.35,-0.35,7,0.2,0.2111,0.278,0.2445,False
0.35,-0.4,5,0.2,0.2185,0.2706,0.2445,False
0.3,-0.45,4,0.1,0.2114,0.2776,0.2445,False
0.45,-0.35,5,0.4,0.2448,0.2442,0.2445,False
0.55,-0.15,5,0.55,0.2879,0.201,0.2445,False
0.1,-0.55,3,0.25,0.1828,0.3063,0.2446,False
0.1,-0.35,6,0.4,0.1809,0.3082,0.2446,False
0.05,-0.5,3,0.15,0.1766,0.3126,0.2446,False
0.4,-0.5,3,0.55,0.2418,0.2473,0.2446,False
0.25,-0.35,7,0.15,0.1939,0.2954,0.2446,False
0.5,-0.3,4,0.3,0.263,0.2262,0.2446,False
0.15,-0.45,4,0.1,0.1871,0.3021,0.2446,False
0.5,-0.35,3,0.55,0.2701,0.2193,0.2447,False
0.1,-0.55,3,0.55,0.1891,0.3002,0.2447,False
0.55,-0.1,3,0.25,0.2919,0.1976,0.2447,False
0.1,-0.35,6,0.35,0.1801,0.3093,0.2447,False
0.55,-0.1,5,0.25,0.2878,0.2015,0.2447,False
0.4,-0.5,3,0.3,0.2368,0.2526,0.2447,False
0.1,-0.35,6,0.45,0.1823,0.3073,0.2448,False
0.45,-0.35,5,0.5,0.2472,0.2424,0.2448,False
0.55,-0.15,3,0.3,0.289,0.2006,0.2448,False
0.35,-0.45,4,0.2,0.2219,0.2676,0.2448,False
0.45,-0.3,6,0.15,0.2399,0.2497,0.2448,False
0.55,-0.1,7,0.2,0.2831,0.2065,0.2448,False
0.55,-0.1,4,0.25,0.29,0.1997,0.2449,False
0.45,-0.35,5,0.35,0.2442,0.2456,0.2449,False
0.45,-0.35,4,0.15,0.2472,0.2427,0.2449,False
0.25,-0.45,4,0.05,0.2027,0.2872,0.2449,False
0.2,-0.45,4,0.05,0.1946,0.2953,0.2449,False
0.55,-0.15,6,0.3,0.2803,0.2098,0.245,False
0.25,-0.55,3,0.1,0.2047,0.2854,0.245,False
0.5,-0.25,7,0.2,0.2517,0.2384,0.245,False
0.3,-0.4,5,0.1,0.2088,0.2812,0.245,False
0.45,-0.45,3,0.45,0.2523,0.2377,0.245,False
0.35,-0.55,3,0.45,0.2283,0.262,0.2451,False
0.5,-0.25,6,0.2,0.2563,0.2339,0.2451,False
0.4,-0.35,7,0.45,0.225,0.2652,0.2451,False
0.35,-0.55,3,0.4,0.2272,0.263,0.2451,False
0.4,-0.35,7,0.4,0.2239,0.2662,0.2451,False
0.5,-0.2,4,0.05,0.2681,0.2221,0.2451,False
0.45,-0.45,3,0.4,0.2513,0.2388,0.2451,False
0.15,-0.4,5,0.15,0.1857,0.3047,0.2452,False
0.55,-0.15,7,0.25,0.2767,0.2137,0.2452,False
0.4,-0.35,6,0.2,0.2264,0.2641,0.2452,False
0.1,-0.45,4,0.2,0.1818,0.3087,0.2453,False
0.55,-0.2,3,0.45,0.2886,0.2021,0.2453,False
0.1,-0.35,6,0.3,0.1798,0.3108,0.2453,False
0.45,-0.45,3,0.5,0.2536,0.237,0.2453,False
0.5,-0.3,3,0.15,0.2664,0.2244,0.2454,False
0.55,-0.15,4,0.3,0.2866,0.2042,0.2454,False
0.35,-0.55,3,0.35,0.2265,0.2644,0.2454,False
0.4,-0.35,7,0.35,0.2232,0.2675,0.2454,False
0.5,-0.35,3,0.3,0.2655,0.2252,0.2454,False
0.2,-0.35,7,0.2,0.1877,0.3031,0.2454,False
0.4,-0.35,7,0.5,0.2265,0.2646,0.2455,False
0.15,-0.35,6,0.1,0.184,0.3069,0.2455,False
0.1,-0.35,6,0.5,0.1841,0.3068,0.2455,False
0.55,-0.15,5,0.3,0.2837,0.2074,0.2455,False
0.45,-0.35,5,0.55,0.2489,0.2421,0.2455,False
0.55,-0.2,3,0.4,0.2877,0.2034,0.2455,False
0.45,-0.45,3,0.35,0.2507,0.2403,0.2455,False
0.55,-0.2,3,0.5,0.2897,0.2012,0.2455,False
0.05,-0.4,4,0.1,0.1768,0.3141,0.2455,False
0.35,-0.55,3,0.5,0.2297,0.2614,0.2456,False
0.45,-0.35,5,0.3,0.244,0.2475,0.2457,False
0.3,-0.55,3,0.15,0.2145,0.2768,0.2457,False
0.4,-0.5,3,0.25,0.2369,0.2547,0.2458,False
0.5,-0.2,7,0.05,0.2572,0.2345,0.2458,False
0.25,-0.5,4,0.4,0.2062,0.2857,0.2459,False
0.1,-0.4,5,0.4,0.1836,0.3082,0.2459,False
0.55,-0.1,6,0.2,0.2858,0.2059,0.2459,False
0.5,-0.3,4,0.25,0.2631,0.2286,0.2459,False
0.1,-0.4,5,0.35,0.1827,0.3093,0.246,False
0.1,-0.55,3,0.2,0.1835,0.3084,0.246,False
0.25,-0.5,4,0.45,0.2073,0.2847,0.246,False
0.15,-0.55,3,0.1,0.1896,0.3024,0.246,False
0.45,-0.45,3,0.55,0.2553,0.2367,0.246,False
0.55,-0.2,3,0.55,0.2912,0.2009,0.246,False
0.5,-0.25,5,0.15,0.2612,0.2311,0.2461,False
0.4,-0.35,7,0.3,0.223,0.2692,0.2461,False
0.1,-0.4,5,0.45,0.1849,0.3073,0.2461,False
0.05,-0.35,5,0.15,0.1765,0.3156,0.2461,False
0.55,-0.15,3,0.25,0.2891,0.2033,0.2462,False
0.5,-0.2,5,0.05,0.2651,0.2273,0.2462,False
0.25,-0.4,6,0.4,0.2004,0.292,0.2462,False
0.25,-0.5,4,0.35,0.2054,0.2869,0.2462,False
0.35,-0.55,3,0.3,0.2263,0.2661,0.2462,False
0.45,-0.3,7,0.15,0.2359,0.2565,0.2462,False
0.55,-0.2,3,0.35,0.2872,0.2051,0.2462,False
0.25,-0.4,5,0.05,0.2011,0.2913,0.2462,False
0.2,-0.5,4,0.4,0.1985,0.2941,0.2463,False
0.4,-0.4,4,0.1,0.2345,0.2581,0.2463,False
0.45,-0.45,3,0.3,0.2505,0.2422,0.2463,False
0.55,-0.2,7,0.45,0.274,0.2187,0.2463,False
0.1,-0.35,6,0.25,0.18,0.3126,0.2463,False
0.1,-0.3,7,0.1,0.1783,0.3142,0.2463,False
0.4,-0.35,7,0.55,0.2284,0.2643,0.2464,False
0.55,-0.15,6,0.25,0.2804,0.2123,0.2464,False
0.25,-0.4,6,0.45,0.2016,0.2911,0.2464,False
0.3,-0.4,6,0.4,0.2087,0.2841,0.2464,False
0.35,-0.55,3,0.55,0.2316,0.2611,0.2464,False
0.5,-0.2,6,0.05,0.2614,0.2315,0.2464,False
0.35,-0.4,5,0.15,0.2195,0.2733,0.2464,False
0.35,-0.35,7,0.15,0.2122,0.2807,0.2464,False
0.5,-0.25,4,0.1,0.2656,0.2275,0.2465,False
0.2,-0.5,4,0.45,0.1998,0.2932,0.2465,False
0.4,-0.4,5,0.4,0.2329,0.2602,0.2465,False
0.25,-0.4,6,0.35,0.1997,0.2933,0.2465,False
0.2,-0.5,4,0.35,0.1978,0.2953,0.2465,False
0.5,-0.3,5,0.45,0.2618,0.2311,0.2465,False
0.1,-0.35,6,0.55,0.1865,0.3066,0.2465,False
0.3,-0.4,6,0.45,0.2099,0.2832,0.2465,False
0.55,-0.1,5,0.2,0.2883,0.2046,0.2465,False
0.55,-0.2,7,0.4,0.2731,0.2199,0.2465,False
0.55,-0.2,7,0.5,0.2752,0.2179,0.2466,False
0.3,-0.35,7,0.1,0.2033,0.29,0.2466,False
0.5,-0.25,3,0.05,0.2695,0.2238,0.2466,False
0.25,-0.5,4,0.5,0.209,0.2841,0.2466,False
0.4,-0.4,5,0.45,0.2339,0.2592,0.2466,False
0.5,-0.3,5,0.4,0.2608,0.2323,0.2466,False
0.1,-0.4,5,0.3,0.1825,0.3108,0.2466,False
0.05,-0.3,6,0.1,0.1762,0.3171,0.2466,False
0.5,-0.35,3,0.25,0.2657,0.2276,0.2466,False
0.55,-0.1,3,0.2,0.2923,0.2008,0.2466,False
0.3,-0.4,6,0.35,0.208,0.2854,0.2467,False
0.55,-0.1,4,0.2,0.2905,0.2029,0.2467,False
0.1,-0.4,5,0.5,0.1867,0.3068,0.2467,False
0.5,-0.3,5,0.5,0.2631,0.2304,0.2467,False
0.55,-0.2,4,0.45,0.2859,0.2076,0.2467,False
0.4,-0.45,3,0.05,0.2376,0.2557,0.2467,False
0.35,-0.45,4,0.15,0.2229,0.2704,0.2467,False
0.45,-0.4,4,0.4,0.2493,0.2444,0.2468,False
0.55,-0.15,4,0.25,0.2867,0.2069,0.2468,False
0.45,-0.4,3,0.1,0.2507,0.2428,0.2468,False
0.05,-0.5,3,0.1,0.1784,0.3153,0.2468,False
0.35,-0.35,6,0.05,0.217,0.2767,0.2468,False
0.25,-0.5,4,0.3,0.2052,0.2885,0.2468,False
0.45,-0.4,4,0.45,0.2503,0.2433,0.2468,False
0.55,-0.2,4,0.5,0.2871,0.2068,0.2469,False
0.55,-0.15,7,0.2,0.2771,0.2167,0.2469,False
0.55,-0.15,5,0.25,0.2838,0.21,0.2469,False
0.45,-0.35,5,0.25,0.2441,0.2497,0.2469,False
0.25,-0.35,7,0.1,0.1955,0.2982,0.2469,False
0.4,-0.4,5,0.35,0.2322,0.2616,0.2469,False
0.25,-0.4,6,0.5,0.2033,0.2906,0.2469,False
0.2,-0.4,5,0.05,0.1939,0.3,0.247,False
0.2,-0.6,3,0.4,0.2011,0.2929,0.247,False
0.5,-0.25,7,0.15,0.2526,0.2414,0.247,False
0.55,-0.2,7,0.35,0.2725,0.2215,0.247,False
0.55,-0.1,7,0.15,0.2839,0.21,0.247,False
0.55,-0.2,4,0.4,0.285,0.2089,0.247,False
0.2,-0.5,4,0.5,0.2015,0.2926,0.247,False
0.3,-0.4,6,0.5,0.2115,0.2826,0.247,False
0.35,-0.5,3,0.05,0.226,0.268,0.247,False
0.2,-0.55,3,0.05,0.1979,0.2961,0.247,False
0.5,-0.3,5,0.35,0.2603,0.2338,0.247,False
0.4,-0.4,5,0.5,0.2354,0.2585,0.247,False
0.1,-0.45,4,0.15,0.1831,0.3111,0.2471,False
0.4,-0.35,6,0.15,0.2274,0.2668,0.2471,False
0.45,-0.3,6,0.1,0.2413,0.253,0.2471,False
0.45,-0.4,4,0.5,0.2516,0.2426,0.2471,False
0.25,-0.4,6,0.3,0.1994,0.2948,0.2471,False
0.5,-0.25,6,0.15,0.2572,0.237,0.2471,False
0.15,-0.35,7,0.4,0.1859,0.3084,0.2472,False
0.45,-0.3,5,0.05,0.2462,0.2482,0.2472,False
0.2,-0.5,4,0.3,0.1975,0.2968,0.2472,False
0.55,-0.2,3,0.3,0.287,0.2073,0.2472,False
0.15,-0.45,4,0.05,0.1893,0.3052,0.2472,False
0.4,-0.35,7,0.25,0.2232,0.2713,0.2472,False
0.4,-0.35,5,0.05,0.2323,0.2621,0.2472,False
0.2,-0.6,3,0.45,0.2024,0.292,0.2472,False
0.55,-0.2,7,0.55,0.2768,0.2176,0.2472,False
0.2,-0.35,7,0.15,0.1889,0.3055,0.2472,False
0.3,-0.45,4,0.05,0.2134,0.2809,0.2472,False
0.35,-0.55,3,0.25,0.2265,0.2681,0.2473,False
0.45,-0.35,4,0.1,0.2485,0.2461,0.2473,False
0.3,-0.4,6,0.3,0.2077,0.2869,0.2473,False
0.2,-0.6,3,0.35,0.2004,0.2941,0.2473,False
0.45,-0.4,4,0.35,0.2487,0.2459,0.2473,False
0.5,-0.3,5,0.55,0.2647,0.2301,0.2474,False
0.55,-0.2,6,0.45,0.2785,0.2162,0.2474,False
0.4,-0.5,3,0.2,0.2375,0.2572,0.2474,False
0.15,-0.35,7,0.45,0.1873,0.3076,0.2474,False
0.25,-0.6,3,0.4,0.2096,0.2851,0.2474,False
0.4,-0.45,4,0.4,0.237,0.2579,0.2474,False
0.15,-0.35,7,0.35,0.1851,0.3096,0.2474,False
0.25,-0.6,3,0.45,0.2108,0.2842,0.2475,False
0.5,-0.3,4,0.2,0.2636,0.2314,0.2475,False
0.55,-0.2,5,0.45,0.2825,0.2125,0.2475,False
0.15,-0.4,5,0.1,0.1875,0.3075,0.2475,False
0.4,-0.45,4,0.45,0.238,0.2569,0.2475,False
0.25,-0.5,4,0.55,0.211,0.2839,0.2475,False
0.55,-0.2,4,0.35,0.2845,0.2106,0.2475,False
0.45,-0.45,3,0.25,0.2507,0.2444,0.2475,False
0.55,-0.2,4,0.55,0.2886,0.2064,0.2475,False
0.55,-0.2,6,0.4,0.2776,0.2174,0.2475,False
0.1,-0.4,5,0.25,0.1827,0.3125,0.2476,False
0.55,-0.2,6,0.5,0.2797,0.2154,0.2476,False
0.25,-0.6,3,0.35,0.2089,0.2864,0.2476,False
0.55,-0.2,5,0.5,0.2837,0.2117,0.2477,False
0.3,-0.4,5,0.05,0.2108,0.2845,0.2477,False
0.2,-0.6,3,0.5,0.204,0.2914,0.2477,False
0.1,-0.35,6,0.2,0.1808,0.3146,0.2477,False
0.3,-0.5,4,0.4,0.2163,0.2791,0.2477,False
0.4,-0.4,5,0.3,0.232,0.2633,0.2477,False
0.4,-0.4,5,0.55,0.2372,0.2583,0.2477,False
0.55,-0.2,5,0.4,0.2817,0.2137,0.2477,False
0.25,-0.55,3,0.05,0.2067,0.2886,0.2477,False
0.3,-0.5,4,0.45,0.2174,0.2782,0.2478,False
0.4,-0.45,4,0.5,0.2394,0.2563,0.2478,False
0.45,-0.4,4,0.55,0.2533,0.2423,0.2478,False
0.1,-0.55,3,0.15,0.1848,0.3108,0.2478,False
0.4,-0.45,4,0.35,0.2363,0.2593,0.2478,False
0.1,-0.4,5,0.55,0.189,0.3065,0.2478,False
0.25,-0.4,6,0.55,0.2054,0.2903,0.2479,False
0.3,-0.55,3,0.1,0.2161,0.2798,0.2479,False
0.2,-0.6,3,0.3,0.2001,0.2957,0.2479,False
0.5,-0.3,3,0.1,0.2677,0.228,0.2479,False
0.3,-0.4,6,0.55,0.2135,0.2823,0.2479,False
0.25,-0.5,4,0.25,0.2054,0.2904,0.2479,False
0.5,-0.3,5,0.3,0.2601,0.2357,0.2479,False
0.55,-0.2,7,0.3,0.2723,0.2235,0.2479,False
0.25,-0.6,3,0.5,0.2124,0.2836,0.248,False
0.2,-0.5,4,0.55,0.2036,0.2924,0.248,False
0.55,-0.15,3,0.2,0.2896,0.2064,0.248,False
0.55,-0.1,6,0.15,0.2866,0.2094,0.248,False
0.15,-0.35,7,0.3,0.1848,0.3111,0.248,False
0.3,-0.5,4,0.35,0.2156,0.2804,0.248,False
0.15,-0.35,6,0.05,0.1863,0.3099,0.2481,False
0.55,-0.2,6,0.35,0.2771,0.2191,0.2481,False
0.15,-0.35,7,0.5,0.1891,0.307,0.2481,False
0.25,-0.4,6,0.25,0.1996,0.2966,0.2481,False
0.55,-0.15,6,0.2,0.2809,0.2153,0.2481,False
0.05,-0.4,4,0.05,0.1792,0.317,0.2481,False
0.45,-0.4,4,0.3,0.2485,0.2477,0.2481,False
0.2,-0.5,4,0.25,0.1977,0.2987,0.2482,False
0.55,-0.2,6,0.55,0.2813,0.2151,0.2482,False
0.05,-0.35,5,0.1,0.1783,0.3183,0.2483,False
0.55,-0.2,5,0.55,0.2853,0.2113,0.2483,False
0.3,-0.5,4,0.5,0.219,0.2776,0.2483,False
0.55,-0.2,5,0.35,0.2812,0.2154,0.2483,False
0.25,-0.6,3,0.3,0.2086,0.288,0.2483,False
0.2,-0.4,6,0.4,0.1949,0.3018,0.2483,False
0.5,-0.35,3,0.2,0.2662,0.2304,0.2483,False
0.05,-0.3,7,0.4,0.1791,0.3176,0.2484,False
0.3,-0.4,6,0.25,0.2079,0.2888,0.2484,False
0.2,-0.4,6,0.45,0.1961,0.3009,0.2485,False
0.2,-0.4,6,0.35,0.1941,0.303,0.2485,False
0.45,-0.3,7,0.1,0.2373,0.2597,0.2485,False
0.05,-0.3,7,0.35,0.1783,0.3188,0.2485,False
0.5,-0.25,5,0.1,0.2625,0.2346,0.2485,False
0.55,-0.2,4,0.3,0.2843,0.2127,0.2485,False
0.55,-0.2,3,0.25,0.2871,0.2099,0.2485,False
0.5,-0.3,6,0.45,0.2578,0.2392,0.2485,False
0.45,-0.35,5,0.2,0.2447,0.2522,0.2485,False
0.5,-0.3,6,0.4,0.2569,0.2403,0.2486,False
0.55,-0.15,4,0.2,0.2872,0.21,0.2486,False
0.4,-0.45,4,0.3,0.2361,0.261,0.2486,False
0.15,-0.55,3,0.05,0.1918,0.3055,0.2486,False
0.4,-0.45,4,0.55,0.2412,0.256,0.2486,False
0.35,-0.35,7,0.1,0.2137,0.2836,0.2486,False
0.05,-0.3,7,0.45,0.1805,0.3168,0.2486,False
0.45,-0.35,6,0.4,0.2421,0.2551,0.2486,False
0.55,-0.25,3,0.45,0.2874,0.2098,0.2486,False
0.45,-0.35,6,0.45,0.2431,0.2541,0.2486,False
0.55,-0.15,5,0.2,0.2843,0.213,0.2487,False
0.25,-0.45,5,0.4,0.2053,0.2921,0.2487,False
0.3,-0.5,4,0.3,0.2154,0.282,0.2487,False
0.55,-0.1,5,0.15,0.2891,0.2082,0.2487,False
0.35,-0.4,5,0.1,0.221,0.2763,0.2487,False
0.4,-0.35,7,0.2,0.2238,0.2736,0.2487,False
0.2,-0.6,3,0.55,0.2061,0.2912,0.2487,False
0.55,-0.25,3,0.5,0.2886,0.209,0.2488,False
0.5,-0.3,6,0.5,0.2592,0.2385,0.2488,False
0.55,-0.1,3,0.15,0.2931,0.2045,0.2488,False
0.35,-0.4,6,0.4,0.2194,0.2781,0.2488,False
0.4,-0.4,5,0.25,0.2322,0.2654,0.2488,False
0.35,-0.55,3,0.2,0.2271,0.2705,0.2488,False
0.55,-0.25,3,0.4,0.2865,0.2111,0.2488,False
0.2,-0.6,3,0.25,0.2003,0.2975,0.2489,False
0.15,-0.35,7,0.25,0.1851,0.3128,0.2489,False
0.35,-0.4,6,0.45,0.2206,0.2772,0.2489,False
0.35,-0.45,4,0.1,0.2244,0.2734,0.2489,False
0.15,-0.6,3,0.4,0.1954,0.3025,0.2489,False
0.1,-0.3,7,0.05,0.1807,0.3171,0.2489,False
0.25,-0.6,3,0.55,0.2144,0.2834,0.2489,False
0.25,-0.45,5,0.45,0.2065,0.2912,0.2489,False
0.55,-0.1,4,0.15,0.2913,0.2065,0.2489,False
0.55,-0.15,7,0.15,0.278,0.2201,0.249,False
0.1,-0.4,5,0.2,0.1834,0.3146,0.249,False
0.4,-0.4,4,0.05,0.2363,0.2616,0.249,False
0.45,-0.35,6,0.5,0.2445,0.2535,0.249,False
0.55,-0.2,6,0.3,0.2769,0.2211,0.249,False
0.15,-0.5,4,0.4,0.1938,0.3043,0.249,False
0.45,-0.35,6,0.35,0.2415,0.2565,0.249,False
0.25,-0.45,5,0.35,0.2046,0.2933,0.249,False
0.5,-0.3,6,0.35,0.2563,0.2417,0.249,False
0.15,-0.6,3,0.45,0.1967,0.3016,0.2491,False
0.15,-0.6,3,0.35,0.1946,0.3036,0.2491,False
0.35,-0.4,6,0.35,0.2188,0.2794,0.2491,False
0.05,-0.3,7,0.3,0.178,0.3202,0.2491,False
0.15,-0.35,7,0.55,0.1913,0.3068,0.2491,False
0.2,-0.4,6,0.5,0.1978,0.3003,0.2491,False
0.3,-0.5,4,0.55,0.221,0.2773,0.2491,False
0.45,-0.45,3,0.2,0.2512,0.247,0.2491,False
0.5,-0.3,5,0.25,0.2602,0.238,0.2491,False
0.2,-0.4,6,0.3,0.1938,0.3044,0.2491,False
0.15,-0.5,4,0.35,0.193,0.3054,0.2492,False
0.15,-0.5,4,0.45,0.195,0.3034,0.2492,False
0.55,-0.2,7,0.25,0.2725,0.226,0.2492,False
0.55,-0.2,5,0.3,0.281,0.2175,0.2492,False
0.5,-0.3,7,0.45,0.2531,0.2453,0.2492,False
0.4,-0.5,3,0.15,0.2385,0.2601,0.2493,False
0.45,-0.4,4,0.25,0.2486,0.2499,0.2493,False
0.3,-0.35,7,0.05,0.2054,0.2931,0.2493,False
0.25,-0.6,3,0.25,0.2088,0.2899,0.2493,False
0.5,-0.3,7,0.4,0.2521,0.2464,0.2493,False
0.35,-0.4,6,0.5,0.2221,0.2766,0.2493,False
0.25,-0.5,4,0.2,0.206,0.2926,0.2493,False
0.1,-0.45,4,0.1,0.1849,0.3137,0.2493,False
0.05,-0.3,7,0.5,0.1823,0.3163,0.2493,False
0.05,-0.3,6,0.05,0.1785,0.32,0.2493,False
0.05,-0.55,3,0.4,0.1838,0.3149,0.2493,False
0.05,-0.45,4,0.4,0.1831,0.3157,0.2494,False
0.5,-0.25,4,0.05,0.2672,0.2315,0.2494,False
0.2,-0.35,7,0.1,0.1906,0.3082,0.2494,False
0.4,-0.35,6,0.1,0.2288,0.2699,0.2494,False
0.55,-0.25,3,0.55,0.2901,0.2087,0.2494,False
0.5,-0.25,7,0.1,0.2539,0.2449,0.2494,False
0.55,-0.25,3,0.35,0.286,0.2128,0.2494,False
0.25,-0.45,5,0.5,0.2081,0.2906,0.2494,False
0.5,-0.25,6,0.1,0.2585,0.2405,0.2495,False
0.5,-0.3,6,0.55,0.2608,0.2382,0.2495,False
0.5,-0.3,4,0.15,0.2645,0.2345,0.2495,False
0.25,-0.4,6,0.2,0.2003,0.2988,0.2495,False
0.55,-0.1,7,0.1,0.2851,0.214,0.2495,False
0.05,-0.45,4,0.35,0.1823,0.3168,0.2495,False
0.45,-0.4,3,0.05,0.2524,0.2466,0.2495,False
0.5,-0.3,7,0.5,0.2544,0.2446,0.2495,False
0.05,-0.55,3,0.35,0.183,0.316,0.2495,False
0.1,-0.35,6,0.15,0.182,0.3169,0.2495,False
0.05,-0.5,3,0.05,0.1807,0.3182,0.2495,False
0.25,-0.35,7,0.05,0.1977,0.3013,0.2495,False
0.2,-0.5,4,0.2,0.1984,0.3008,0.2496,False
0.05,-0.55,3,0.45,0.1851,0.314,0.2496,False
0.25,-0.45,5,0.3,0.2043,0.2949,0.2496,False
0.3,-0.45,5,0.4,0.2144,0.2849,0.2496,False
0.05,-0.45,4,0.45,0.1844,0.3149,0.2496,False
0.3,-0.45,5,0.45,0.2155,0.284,0.2497,False
0.4,-0.45,4,0.25,0.2363,0.2631,0.2497,False
0.45,-0.35,6,0.55,0.2463,0.2532,0.2497,False
0.15,-0.6,3,0.3,0.1944,0.3051,0.2497,False
0.15,-0.6,3,0.5,0.1984,0.301,0.2497,False
0.5,-0.4,3,0.45,0.2687,0.2307,0.2497,False
0.5,-0.3,7,0.35,0.2515,0.2478,0.2497,False
0.3,-0.4,6,0.2,0.2086,0.291,0.2498,False
0.5,-0.35,4,0.45,0.266,0.2335,0.2498,False
0.5,-0.4,3,0.4,0.2678,0.2318,0.2498,False
0.15,-0.5,4,0.3,0.1927,0.3069,0.2498,False
0.35,-0.4,6,0.3,0.2185,0.281,0.2498,False
0.3,-0.5,4,0.25,0.2156,0.284,0.2498,False
0.45,-0.35,6,0.3,0.2413,0.2583,0.2498,False
0.15,-0.5,4,0.5,0.1968,0.3029,0.2498,False
0.45,-0.3,6,0.05,0.243,0.2566,0.2498,False
0.3,-0.6,3,0.4,0.2205,0.2793,0.2499,False
0.3,-0.45,5,0.35,0.2137,0.2861,0.2499,False
0.5,-0.35,4,0.4,0.2651,0.2347,0.2499,False
0.5,-0.3,6,0.3,0.2561,0.2436,0.2499,False
0.55,-0.2,4,0.25,0.2845,0.2152,0.2499,False
0.1,-0.55,3,0.1,0.1865,0.3135,0.25,False
0.05,-0.3,7,0.25,0.1782,0.3219,0.25,False
0.2,-0.45,5,0.4,0.1989,0.3012,0.25,False
0.5,-0.35,4,0.5,0.2673,0.2328,0.25,False
0.5,-0.4,3,0.5,0.27,0.23,0.25,False
0.45,-0.35,4,0.05,0.2502,0.2499,0.25,False
0.3,-0.6,3,0.45,0.2216,0.2784,0.25,False
0.15,-0.4,5,0.05,0.1897,0.3104,0.2501,False
0.2,-0.4,6,0.25,0.194,0.3062,0.2501,False
0.2,-0.4,6,0.55,0.2,0.3001,0.2501,False
0.05,-0.45,4,0.3,0.182,0.3182,0.2501,False
0.05,-0.55,3,0.3,0.1827,0.3174,0.2501,False
0.5,-0.3,7,0.55,0.2561,0.2443,0.2502,False
0.2,-0.45,5,0.35,0.1981,0.3023,0.2502,False
0.55,-0.15,6,0.15,0.2817,0.2187,0.2502,False
0.55,-0.15,3,0.15,0.2904,0.21,0.2502,False
0.05,-0.55,3,0.5,0.187,0.3135,0.2502,False
0.3,-0.45,5,0.5,0.2171,0.2834,0.2502,False
0.2,-0.45,5,0.45,0.2001,0.3003,0.2502,False
0.3,-0.6,3,0.35,0.2198,0.2806,0.2502,False
0.35,-0.4,6,0.55,0.224,0.2763,0.2502,False
0.05,-0.45,4,0.5,0.1862,0.3143,0.2503,False
0.55,-0.2,3,0.2,0.2876,0.213,0.2503,False
0.55,-0.2,6,0.25,0.277,0.2236,0.2503,False
0.4,-0.4,5,0.2,0.2328,0.2678,0.2503,False
0.5,-0.4,3,0.35,0.2672,0.2334,0.2503,False
0.15,-0.35,7,0.2,0.1858,0.3149,0.2503,False
0.2,-0.6,3,0.2,0.201,0.2996,0.2503,False
0.55,-0.25,3,0.3,0.2858,0.2149,0.2503,False
0.25,-0.45,5,0.55,0.2102,0.2904,0.2503,False
0.5,-0.35,4,0.35,0.2645,0.2362,0.2503,False
0.5,-0.35,3,0.15,0.2671,0.2336,0.2503,False
0.45,-0.35,5,0.15,0.2456,0.2551,0.2504,False
0.05,-0.3,7,0.55,0.1847,0.3161,0.2504,False
0.3,-0.55,3,0.05,0.218,0.2831,0.2505,False
0.55,-0.2,5,0.25,0.2811,0.22,0.2505,False
0.3,-0.6,3,0.5,0.2231,0.2778,0.2505,False
0.5,-0.3,7,0.3,0.2513,0.2496,0.2505,False
0.4,-0.35,7,0.15,0.2248,0.2763,0.2505,False
0.35,-0.55,3,0.15,0.2281,0.2732,0.2506,False
0.5,-0.4,3,0.55,0.2716,0.2297,0.2506,False
0.5,-0.3,3,0.05,0.2692,0.2321,0.2506,False
0.55,-0.1,6,0.1,0.2878,0.2134,0.2506,False
0.3,-0.45,5,0.3,0.2134,0.2877,0.2506,False
0.25,-0.45,5,0.25,0.2045,0.2967,0.2506,False
0.5,-0.3,5,0.2,0.2607,0.2407,0.2507,False
0.55,-0.15,4,0.15,0.288,0.2134,0.2507,False
0.15,-0.6,3,0.55,0.2005,0.3008,0.2507,False
0.15,-0.6,3,0.25,0.1946,0.3069,0.2507,False
0.5,-0.35,4,0.55,0.2689,0.2325,0.2507,False
0.35,-0.4,6,0.25,0.2187,0.283,0.2508,False
0.2,-0.45,5,0.5,0.2018,0.2997,0.2508,False
0.1,-0.4,5,0.15,0.1847,0.3169,0.2508,False
0.25,-0.6,3,0.2,0.2095,0.2921,0.2508,False
0.45,-0.4,4,0.2,0.2492,0.2524,0.2508,False
0.15,-0.5,4,0.25,0.1929,0.3087,0.2508,False
0.55,-0.15,5,0.15,0.2851,0.2165,0.2508,False
0.15,-0.5,4,0.55,0.1989,0.3026,0.2508,False
0.45,-0.35,6,0.25,0.2414,0.2604,0.2509,False
0.2,-0.45,5,0.3,0.1979,0.3038,0.2509,False
0.3,-0.6,3,0.3,0.2196,0.2822,0.2509,False
0.55,-0.2,7,0.2,0.273,0.2288,0.2509,False
0.05,-0.35,5,0.05,0.1807,0.3212,0.2509,False
0.05,-0.55,3,0.25,0.1829,0.3192,0.251,False
0.55,-0.25,4,0.45,0.2847,0.2173,0.251,False
0.3,-0.45,5,0.55,0.2191,0.2831,0.2511,False
0.25,-0.5,4,0.15,0.2071,0.2951,0.2511,False
0.45,-0.3,7,0.05,0.239,0.2633,0.2511,False
0.5,-0.3,6,0.25,0.2563,0.2458,0.2511,False
0.05,-0.45,4,0.25,0.1822,0.3199,0.2511,False
0.45,-0.45,3,0.15,0.2521,0.25,0.2511,False
0.35,-0.35,7,0.05,0.2156,0.2869,0.2512,False
0.55,-0.25,4,0.4,0.2839,0.2186,0.2512,False
0.5,-0.4,3,0.3,0.267,0.2353,0.2512,False
0.5,-0.35,4,0.3,0.2643,0.2381,0.2512,False
0.3,-0.5,4,0.2,0.2162,0.2862,0.2512,False
0.55,-0.1,5,0.1,0.2902,0.2122,0.2512,False
0.55,-0.25,4,0.5,0.2859,0.2166,0.2512,False
0.45,-0.35,7,0.45,0.2395,0.2629,0.2512,False
0.45,-0.35,7,0.4,0.2385,0.2639,0.2512,False
0.4,-0.45,4,0.2,0.2368,0.2656,0.2512,False
0.35,-0.4,5,0.05,0.2229,0.2797,0.2513,False
0.55,-0.1,3,0.1,0.2942,0.2085,0.2513,False
0.25,-0.4,6,0.15,0.2014,0.3013,0.2513,False
0.05,-0.55,3,0.55,0.1893,0.3133,0.2513,False
0.5,-0.25,5,0.05,0.264,0.2386,0.2513,False
0.3,-0.6,3,0.55,0.2251,0.2775,0.2513,False
0.05,-0.45,4,0.55,0.1885,0.3141,0.2513,False
0.55,-0.1,4,0.1,0.2924,0.2105,0.2514,False
0.05,-0.3,7,0.2,0.179,0.3239,0.2514,False
0.2,-0.5,4,0.15,0.1996,0.3032,0.2514,False
0.55,-0.15,7,0.1,0.2791,0.2238,0.2515,False
0.35,-0.45,4,0.05,0.2262,0.2768,0.2515,False
0.45,-0.35,7,0.35,0.2379,0.2652,0.2515,False
0.2,-0.4,6,0.2,0.1947,0.3083,0.2515,False
0.4,-0.5,3,0.1,0.2398,0.2633,0.2515,False
0.3,-0.45,5,0.25,0.2136,0.2896,0.2516,False
0.55,-0.2,4,0.2,0.285,0.2182,0.2516,False
0.45,-0.35,7,0.5,0.2409,0.2623,0.2516,False
0.5,-0.3,7,0.25,0.2515,0.2518,0.2516,False
0.3,-0.4,6,0.15,0.2097,0.2936,0.2516,False
0.35,-0.5,4,0.45,0.2297,0.2737,0.2517,False
0.55,-0.25,3,0.25,0.286,0.2174,0.2517,False
0.1,-0.35,6,0.1,0.1838,0.3195,0.2517,False
0.35,-0.5,4,0.4,0.2287,0.2747,0.2517,False
0.2,-0.45,5,0.55,0.2039,0.2995,0.2517,False
0.55,-0.25,4,0.35,0.2833,0.2202,0.2518,False
0.55,-0.25,4,0.55,0.2874,0.2162,0.2518,False
0.2,-0.45,5,0.25,0.1981,0.3056,0.2519,False
0.1,-0.45,4,0.05,0.1871,0.3167,0.2519,False
0.5,-0.3,4,0.1,0.2657,0.2381,0.2519,False
0.4,-0.55,3,0.4,0.2425,0.2616,0.252,False
0.2,-0.35,7,0.05,0.1928,0.3112,0.252,False
0.35,-0.5,4,0.35,0.228,0.276,0.252,False
0.4,-0.35,6,0.05,0.2306,0.2734,0.252,False
0.4,-0.55,3,0.45,0.2435,0.2605,0.252,False
0.55,-0.2,6,0.2,0.2775,0.2264,0.252,False
0.25,-0.45,5,0.2,0.2052,0.2989,0.252,False
0.3,-0.6,3,0.25,0.2198,0.2841,0.252,False
0.4,-0.4,5,0.15,0.2338,0.2705,0.2521,False
0.15,-0.6,3,0.2,0.1953,0.309,0.2521,False
0.15,-0.35,7,0.15,0.187,0.3172,0.2521,False
0.2,-0.6,3,0.15,0.2021,0.3021,0.2521,False
0.5,-0.25,7,0.05,0.2555,0.2486,0.2521,False
0.35,-0.5,4,0.5,0.2312,0.2731,0.2522,False
0.5,-0.25,6,0.05,0.2601,0.2443,0.2522,False
0.55,-0.2,5,0.2,0.2816,0.2228,0.2522,False
0.15,-0.5,4,0.2,0.1936,0.3108,0.2522,False
0.55,-0.25,7,0.45,0.2717,0.2329,0.2523,False
0.45,-0.35,7,0.55,0.2427,0.262,0.2523,False
0.35,-0.4,6,0.2,0.2193,0.2852,0.2523,False
0.45,-0.35,7,0.3,0.2376,0.2669,0.2523,False
0.5,-0.35,4,0.25,0.2645,0.2404,0.2524,False
0.05,-0.55,3,0.2,0.1837,0.3212,0.2524,False
0.05,-0.45,4,0.2,0.1829,0.3219,0.2524,False
0.4,-0.55,3,0.5,0.2449,0.2599,0.2524,False
0.5,-0.4,3,0.25,0.2672,0.2376,0.2524,False
0.55,-0.2,3,0.15,0.2884,0.2164,0.2524,False
0.55,-0.1,7,0.05,0.2865,0.2182,0.2524,False
0.45,-0.35,6,0.2,0.242,0.2629,0.2524,False
0.4,-0.55,3,0.35,0.2419,0.2629,0.2524,False
0.55,-0.25,7,0.4,0.2708,0.2341,0.2524,False
0.25,-0.6,3,0.15,0.2106,0.2946,0.2526,False
0.55,-0.25,7,0.5,0.2729,0.2322,0.2526,False
0.5,-0.3,6,0.2,0.2568,0.2484,0.2526,False
0.55,-0.25,5,0.45,0.2812,0.224,0.2526,False
0.1,-0.55,3,0.05,0.1888,0.3164,0.2526,False
0.45,-0.5,3,0.45,0.2558,0.2494,0.2526,False
0.45,-0.4,4,0.15,0.2501,0.2553,0.2527,False
0.15,-0.4,6,0.4,0.1923,0.3131,0.2527,False
0.5,-0.35,3,0.1,0.2683,0.2371,0.2527,False
0.45,-0.5,3,0.4,0.2549,0.2504,0.2527,False
0.55,-0.15,6,0.1,0.2829,0.2225,0.2527,False
0.55,-0.25,4,0.3,0.2831,0.2222,0.2527,False
0.55,-0.15,3,0.1,0.2915,0.2139,0.2527,False
0.5,-0.3,5,0.15,0.2616,0.2438,0.2527,False
0.55,-0.3,3,0.45,0.287,0.2184,0.2527,False
0.55,-0.25,5,0.4,0.2803,0.2252,0.2527,False
0.35,-0.5,4,0.3,0.2278,0.2776,0.2527,False
0.35,-0.45,5,0.4,0.2258,0.2797,0.2527,False
0.45,-0.35,5,0.1,0.2469,0.2584,0.2527,False
0.55,-0.25,5,0.5,0.2824,0.2233,0.2528,False
0.4,-0.35,7,0.1,0.2263,0.2793,0.2528,False
0.35,-0.45,5,0.45,0.2268,0.2787,0.2528,False
0.35,-0.55,3,0.1,0.2295,0.2762,0.2529,False
0.55,-0.3,3,0.5,0.2882,0.2176,0.2529,False
0.55,-0.3,3,0.4,0.2862,0.2196,0.2529,False
0.55,-0.25,7,0.35,0.2702,0.2356,0.2529,False
0.55,-0.2,7,0.15,0.2738,0.232,0.2529,False
0.15,-0.4,6,0.35,0.1916,0.3143,0.2529,False
0.45,-0.5,3,0.5,0.2572,0.2487,0.2529,False
0.35,-0.5,4,0.55,0.2331,0.2728,0.253,False
0.15,-0.4,6,0.45,0.1936,0.3123,0.253,False
0.1,-0.4,5,0.1,0.1864,0.3195,0.253,False
0.3,-0.5,4,0.15,0.2172,0.2888,0.253,False
0.35,-0.45,5,0.35,0.2251,0.2809,0.253,False
0.3,-0.45,5,0.2,0.2142,0.2918,0.253,False
0.55,-0.25,6,0.45,0.2767,0.2293,0.253,False
0.4,-0.45,4,0.15,0.2378,0.2683,0.2531,False
0.45,-0.5,3,0.35,0.2543,0.2519,0.2531,False
0.4,-0.55,3,0.55,0.2467,0.2596,0.2531,False
0.55,-0.25,6,0.4,0.2759,0.2304,0.2531,False
0.55,-0.15,4,0.1,0.2891,0.2173,0.2532,False
0.4,-0.55,3,0.3,0.2417,0.2646,0.2532,False
0.1,-0.6,3,0.4,0.1927,0.3137,0.2532,False
0.55,-0.25,7,0.55,0.2745,0.2319,0.2532,False
0.05,-0.3,7,0.15,0.1802,0.3261,0.2532,False
0.5,-0.3,7,0.2,0.252,0.2543,0.2532,False
0.35,-0.45,5,0.5,0.2283,0.2781,0.2532,False
0.2,-0.45,5,0.2,0.1988,0.3077,0.2532,False
0.55,-0.25,6,0.5,0.278,0.2285,0.2533,False
0.55,-0.15,5,0.1,0.2862,0.2203,0.2533,False
0.2,-0.4,6,0.15,0.1959,0.3107,0.2533,False
0.55,-0.25,5,0.35,0.2798,0.2268,0.2533,False
0.05,-0.35,6,0.4,0.184,0.3226,0.2533,False
0.25,-0.5,4,0.1,0.2087,0.2979,0.2533,False
0.4,-0.4,6,0.4,0.2323,0.2742,0.2533,False
0.4,-0.4,6,0.45,0.2334,0.2733,0.2533,False
0.55,-0.25,5,0.55,0.2839,0.2229,0.2534,False
0.1,-0.6,3,0.45,0.1939,0.3128,0.2534,False
0.55,-0.25,3,0.2,0.2864,0.2203,0.2534,False
0.45,-0.45,3,0.1,0.2534,0.2533,0.2534,False
0.1,-0.6,3,0.35,0.1919,0.3148,0.2534,False
0.45,-0.35,7,0.25,0.2378,0.269,0.2534,False
0.55,-0.1,6,0.05,0.2892,0.2177,0.2534,False
0.55,-0.3,3,0.35,0.2856,0.2212,0.2534,False
0.3,-0.6,3,0.2,0.2204,0.2864,0.2534,False
0.55,-0.3,3,0.55,0.2897,0.2173,0.2535,False
0.25,-0.4,6,0.1,0.203,0.304,0.2535,False
0.05,-0.35,6,0.35,0.1832,0.3237,0.2535,False
0.15,-0.4,6,0.3,0.1913,0.3157,0.2535,False
0.05,-0.35,6,0.45,0.1854,0.3218,0.2536,False
0.4,-0.4,6,0.35,0.2317,0.2755,0.2536,False
0.55,-0.25,6,0.35,0.2753,0.2319,0.2536,False
0.45,-0.5,3,0.55,0.2588,0.2484,0.2536,False
0.2,-0.5,4,0.1,0.2012,0.306,0.2536,False
0.15,-0.4,6,0.5,0.1954,0.3118,0.2536,False
0.15,-0.45,5,0.4,0.1954,0.3119,0.2536,False
0.55,-0.2,4,0.15,0.2858,0.2216,0.2537,False
0.35,-0.45,5,0.3,0.2249,0.2825,0.2537,False
0.4,-0.4,6,0.5,0.2348,0.2726,0.2537,False
0.3,-0.4,7,0.4,0.2101,0.2974,0.2538,False
0.35,-0.5,4,0.25,0.2279,0.2796,0.2538,False
0.3,-0.4,6,0.1,0.2112,0.2964,0.2538,False
0.15,-0.45,5,0.35,0.1946,0.313,0.2538,False
0.55,-0.25,7,0.3,0.27,0.2375,0.2538,False
0.25,-0.45,5,0.15,0.2063,0.3013,0.2538,False
0.15,-0.45,5,0.45,0.1966,0.3111,0.2538,False
0.3,-0.4,7,0.45,0.2112,0.2966,0.2539,False
0.55,-0.25,6,0.55,0.2795,0.2282,0.2539,False
0.15,-0.6,3,0.15,0.1964,0.3114,0.2539,False
0.1,-0.6,3,0.3,0.1916,0.3162,0.2539,False
0.45,-0.5,3,0.3,0.2541,0.2536,0.2539,False
0.05,-0.4,5,0.4,0.1857,0.3221,0.2539,False
0.3,-0.4,7,0.35,0.2094,0.2986,0.254,False
0.5,-0.4,3,0.2,0.2677,0.2403,0.254,False
0.15,-0.5,4,0.15,0.1948,0.3131,0.254,False
0.05,-0.35,6,0.3,0.1829,0.3251,0.254,False
0.1,-0.5,4,0.4,0.1921,0.316,0.254,False
0.1,-0.6,3,0.5,0.1957,0.3123,0.254,False
0.55,-0.25,4,0.25,0.2833,0.2247,0.254,False
0.35,-0.45,5,0.55,0.2302,0.2779,0.254,False
0.5,-0.35,4,0.2,0.265,0.243,0.254,False
0.55,-0.2,6,0.15,0.2784,0.2297,0.254,False
0.05,-0.4,5,0.35,0.1849,0.3232,0.2541,False
0.55,-0.1,5,0.05,0.2917,0.2165,0.2541,False
0.35,-0.4,6,0.15,0.2204,0.2878,0.2541,False
0.4,-0.5,3,0.05,0.2416,0.2668,0.2542,False
0.1,-0.5,4,0.35,0.1913,0.3172,0.2542,False
0.05,-0.55,3,0.15,0.1849,0.3234,0.2542,False
0.05,-0.4,5,0.45,0.1871,0.3213,0.2542,False
0.55,-0.25,5,0.3,0.2796,0.2287,0.2542,False
0.05,-0.35,6,0.5,0.1872,0.3213,0.2542,False
0.45,-0.4,5,0.4,0.2488,0.2596,0.2542,False
0.45,-0.4,5,0.45,0.2498,0.2586,0.2542,False
0.05,-0.45,4,0.15,0.1842,0.3242,0.2542,False
0.45,-0.35,6,0.15,0.2429,0.2656,0.2543,False
0.1,-0.5,4,0.45,0.1933,0.3152,0.2543,False
0.1,-0.35,6,0.05,0.1861,0.3224,0.2543,False
0.2,-0.6,3,0.1,0.2037,0.3048,0.2543,False
0.4,-0.4,6,0.3,0.2314,0.2772,0.2543,False
0.15,-0.35,7,0.1,0.1888,0.3198,0.2543,False
0.55,-0.2,5,0.15,0.2824,0.2261,0.2543,False
0.4,-0.55,3,0.25,0.2418,0.2667,0.2543,False
0.55,-0.15,7,0.05,0.2806,0.2279,0.2543,False
0.55,-0.1,4,0.05,0.2938,0.2148,0.2543,False
0.55,-0.3,3,0.3,0.2854,0.2232,0.2543,False
0.55,-0.1,3,0.05,0.2956,0.2129,0.2543,False
0.15,-0.45,5,0.5,0.1983,0.3105,0.2544,False
0.15,-0.45,5,0.3,0.1943,0.3145,0.2544,False
0.3,-0.4,7,0.5,0.2128,0.296,0.2544,False
0.4,-0.4,5,0.1,0.2351,0.2736,0.2544,False
0.4,-0.4,6,0.55,0.2366,0.2724,0.2545,False
0.55,-0.25,6,0.3,0.2751,0.2339,0.2545,False
0.15,-0.4,6,0.55,0.1976,0.3115,0.2545,False
0.5,-0.3,6,0.15,0.2577,0.2514,0.2545,False
0.15,-0.4,6,0.25,0.1915,0.3174,0.2545,False
0.5,-0.35,5,0.45,0.2636,0.2454,0.2545,False
0.45,-0.4,5,0.5,0.2511,0.2579,0.2545,False
0.1,-0.35,7,0.4,0.1873,0.3219,0.2546,False
0.3,-0.4,7,0.3,0.2091,0.3002,0.2546,False
0.5,-0.35,5,0.4,0.2627,0.2464,0.2546,False
0.5,-0.3,4,0.05,0.2673,0.2419,0.2546,False
0.05,-0.4,5,0.3,0.1846,0.3246,0.2546,False
0.35,-0.6,3,0.4,0.2335,0.2756,0.2546,False
0.45,-0.4,5,0.35,0.2482,0.261,0.2546,False
0.35,-0.6,3,0.45,0.2345,0.2747,0.2546,False
0.25,-0.6,3,0.1,0.2121,0.2974,0.2547,False
0.1,-0.5,4,0.3,0.191,0.3186,0.2548,False
0.25,-0.4,7,0.4,0.2035,0.3061,0.2548,False
0.3,-0.45,5,0.15,0.2153,0.2943,0.2548,False
0.1,-0.35,7,0.35,0.1865,0.323,0.2548,False
0.35,-0.45,5,0.25,0.225,0.2845,0.2548,False
0.5,-0.35,5,0.5,0.2649,0.2447,0.2548,False
0.05,-0.4,5,0.5,0.1889,0.3207,0.2548,False
0.35,-0.6,3,0.35,0.2329,0.2769,0.2549,False
0.1,-0.35,7,0.45,0.1886,0.3211,0.2549,False
0.45,-0.35,7,0.2,0.2384,0.2714,0.2549,False
0.1,-0.5,4,0.5,0.1951,0.3147,0.2549,False
0.1,-0.6,3,0.25,0.1918,0.318,0.2549,False
0.55,-0.2,3,0.1,0.2895,0.2202,0.2549,False
0.35,-0.4,7,0.4,0.2192,0.2906,0.2549,False
0.55,-0.25,7,0.25,0.2702,0.2398,0.255,False
0.5,-0.3,5,0.1,0.2629,0.2471,0.255,False
0.35,-0.4,7,0.45,0.2203,0.2897,0.255,False
0.25,-0.4,7,0.45,0.2047,0.3053,0.255,False
0.25,-0.4,7,0.35,0.2027,0.3073,0.255,False
0.2,-0.45,5,0.15,0.1999,0.3101,0.255,False
0.5,-0.35,5,0.35,0.2621,0.2479,0.255,False
0.45,-0.5,3,0.25,0.2542,0.2558,0.255,False
0.45,-0.4,4,0.1,0.2514,0.2586,0.255,False
0.35,-0.6,3,0.5,0.236,0.274,0.255,False
0.1,-0.6,3,0.55,0.1979,0.3121,0.255,False
0.05,-0.35,6,0.25,0.1832,0.3268,0.255,False
0.5,-0.3,7,0.15,0.2529,0.2572,0.2551,False
0.45,-0.4,5,0.55,0.2528,0.2577,0.2552,False
0.3,-0.6,3,0.15,0.2214,0.289,0.2552,False
0.35,-0.5,4,0.2,0.2285,0.2819,0.2552,False
0.3,-0.5,4,0.1,0.2187,0.2916,0.2552,False
0.35,-0.4,7,0.35,0.2186,0.2918,0.2552,False
0.45,-0.4,5,0.3,0.248,0.2627,0.2553,False
0.55,-0.2,7,0.1,0.275,0.2356,0.2553,False
0.1,-0.35,7,0.3,0.1862,0.3244,0.2553,False
0.4,-0.35,7,0.05,0.2281,0.2826,0.2553,False
0.45,-0.35,5,0.05,0.2486,0.2619,0.2553,False
0.3,-0.4,7,0.55,0.2149,0.2957,0.2553,False
0.05,-0.35,6,0.55,0.1895,0.3211,0.2553,False
0.4,-0.45,4,0.1,0.2392,0.2714,0.2553,False
0.5,-0.35,3,0.05,0.2698,0.241,0.2554,False
0.35,-0.55,3,0.05,0.2313,0.2796,0.2554,False
0.55,-0.25,3,0.15,0.2872,0.2236,0.2554,False
0.55,-0.25,5,0.25,0.2797,0.2311,0.2554,False
0.4,-0.4,6,0.25,0.2316,0.2791,0.2554,False
0.05,-0.3,7,0.1,0.182,0.3287,0.2554,False
0.15,-0.45,5,0.25,0.1945,0.3162,0.2554,False
0.15,-0.45,5,0.55,0.2005,0.3103,0.2554,False
0.2,-0.4,6,0.1,0.1976,0.3134,0.2555,False
0.1,-0.4,5,0.05,0.1887,0.3224,0.2555,False
0.5,-0.35,5,0.55,0.2665,0.2444,0.2555,False
0.6,-0.1,7,0.45,0.305,0.2061,0.2555,False
0.1,-0.35,7,0.5,0.1904,0.3206,0.2555,False
0.35,-0.4,7,0.5,0.2219,0.2891,0.2555,False
0.55,-0.15,6,0.05,0.2843,0.2266,0.2555,False
0.25,-0.4,7,0.5,0.2063,0.3047,0.2555,False
0.3,-0.4,7,0.25,0.2093,0.302,0.2556,False
0.05,-0.4,5,0.25,0.1849,0.3263,0.2556,False
0.25,-0.4,7,0.3,0.2025,0.3088,0.2556,False
0.35,-0.6,3,0.3,0.2326,0.2785,0.2556,False
0.55,-0.3,3,0.25,0.2856,0.2257,0.2556,False
0.55,-0.15,3,0.05,0.2929,0.2182,0.2556,False
0.55,-0.25,4,0.2,0.2838,0.2275,0.2556,False
0.55,-0.25,6,0.25,0.2753,0.2362,0.2557,False
0.45,-0.45,4,0.45,0.2544,0.2571,0.2557,False
0.6,-0.1,7,0.4,0.3042,0.2073,0.2557,False
0.6,-0.1,7,0.5,0.3061,0.2052,0.2557,False
0.4,-0.55,3,0.2,0.2424,0.2691,0.2557,False
0.35,-0.4,7,0.3,0.2183,0.2934,0.2558,False
0.5,-0.35,5,0.3,0.2619,0.2497,0.2558,False
0.45,-0.45,4,0.4,0.2534,0.2581,0.2558,False
0.35,-0.6,3,0.55,0.2378,0.2738,0.2558,False
0.15,-0.4,6,0.2,0.1922,0.3195,0.2558,False
0.25,-0.5,4,0.05,0.2107,0.301,0.2558,False
0.1,-0.5,4,0.25,0.1912,0.3203,0.2558,False
0.05,-0.4,5,0.55,0.1911,0.3205,0.2558,False
0.1,-0.5,4,0.55,0.1973,0.3144,0.2559,False
0.5,-0.4,3,0.15,0.2685,0.2433,0.2559,False
0.5,-0.35,4,0.15,0.2658,0.246,0.2559,False
0.45,-0.45,3,0.05,0.2551,0.2569,0.256,False
0.25,-0.45,5,0.1,0.2079,0.3041,0.256,False
0.55,-0.15,4,0.05,0.2906,0.2215,0.256,False
0.55,-0.15,5,0.05,0.2877,0.2244,0.2561,False
0.15,-0.6,3,0.1,0.1981,0.314,0.2561,False
0.2,-0.5,4,0.05,0.2033,0.309,0.2561,False
0.15,-0.5,4,0.1,0.1965,0.3158,0.2561,False
0.45,-0.45,4,0.5,0.2557,0.2565,0.2561,False
0.55,-0.2,4,0.1,0.2869,0.2253,0.2561,False
0.25,-0.4,6,0.05,0.2051,0.307,0.2561,False
0.6,-0.1,7,0.55,0.3075,0.2049,0.2562,False
0.35,-0.4,6,0.1,0.2218,0.2907,0.2562,False
0.35,-0.45,5,0.2,0.2256,0.2867,0.2562,False
0.45,-0.45,4,0.35,0.2528,0.2595,0.2562,False
0.1,-0.6,3,0.2,0.1925,0.32,0.2563,False
0.35,-0.4,7,0.55,0.2238,0.2889,0.2563,False
0.05,-0.35,6,0.2,0.1839,0.3287,0.2563,False
0.05,-0.55,3,0.1,0.1867,0.326,0.2563,False
0.1,-0.35,7,0.25,0.1865,0.3261,0.2563,False
0.3,-0.4,6,0.05,0.2132,0.2995,0.2563,False
0.55,-0.3,4,0.45,0.2846,0.228,0.2563,False
0.5,-0.45,3,0.45,0.271,0.2416,0.2563,False
0.6,-0.1,7,0.35,0.3037,0.209,0.2564,False
0.05,-0.45,4,0.1,0.1859,0.3268,0.2564,False
0.45,-0.4,5,0.25,0.2481,0.2648,0.2564,False
0.5,-0.45,3,0.4,0.2701,0.2426,0.2564,False
0.55,-0.2,6,0.1,0.2795,0.2333,0.2564,False
0.1,-0.35,7,0.55,0.1927,0.3203,0.2565,False
0.45,-0.5,3,0.2,0.2548,0.2583,0.2565,False
0.55,-0.3,4,0.5,0.2858,0.2273,0.2565,False
0.55,-0.3,4,0.4,0.2837,0.2292,0.2565,False
0.25,-0.4,7,0.55,0.2084,0.3045,0.2565,False
0.45,-0.35,6,0.1,0.2443,0.2688,0.2565,False
0.35,-0.6,3,0.25,0.2328,0.2805,0.2566,False
0.25,-0.4,7,0.25,0.2027,0.3105,0.2566,False
0.55,-0.25,7,0.2,0.2707,0.2424,0.2566,False
0.5,-0.45,3,0.5,0.2723,0.2409,0.2566,False
0.55,-0.2,5,0.1,0.2835,0.2298,0.2567,False
0.45,-0.35,7,0.15,0.2393,0.2741,0.2567,False
0.15,-0.45,5,0.2,0.1952,0.3182,0.2567,False
0.2,-0.6,3,0.05,0.2058,0.3079,0.2568,False
0.6,-0.1,6,0.45,0.3077,0.2058,0.2568,False
0.15,-0.35,7,0.05,0.191,0.3227,0.2568,False
0.5,-0.3,6,0.1,0.2589,0.2547,0.2568,False
0.45,-0.45,4,0.55,0.2574,0.2562,0.2568,False
0.4,-0.4,6,0.2,0.2322,0.2814,0.2568,False
0.5,-0.45,3,0.35,0.2696,0.2441,0.2568,False
0.45,-0.45,4,0.3,0.2526,0.2612,0.2569,False
0.05,-0.4,5,0.2,0.1856,0.3282,0.2569,False
0.35,-0.4,7,0.25,0.2185,0.2952,0.2569,False
0.6,-0.1,6,0.5,0.3088,0.205,0.2569,False
0.4,-0.4,5,0.05,0.2369,0.2769,0.2569,False
0.3,-0.4,7,0.2,0.2099,0.3041,0.257,False
0.35,-0.5,4,0.15,0.2295,0.2845,0.257,False
0.6,-0.1,6,0.4,0.307,0.2071,0.257,False
0.3,-0.45,5,0.1,0.2168,0.2971,0.257,False
0.55,-0.25,5,0.2,0.2802,0.2339,0.257,False
0.55,-0.3,4,0.35,0.2832,0.2307,0.257,False
0.5,-0.35,5,0.25,0.2621,0.2519,0.257,False
0.1,-0.5,4,0.2,0.1919,0.3223,0.2571,False
0.55,-0.3,4,0.55,0.2873,0.227,0.2571,False
0.6,-0.15,7,0.45,0.2988,0.2154,0.2571,False
0.2,-0.45,5,0.1,0.2015,0.3128,0.2572,False
0.5,-0.45,3,0.55,0.2739,0.2406,0.2572,False
0.55,-0.3,3,0.2,0.2861,0.2285,0.2573,False
0.6,-0.15,7,0.5,0.2999,0.2146,0.2573,False
0.25,-0.6,3,0.05,0.2141,0.3005,0.2573,False
0.55,-0.25,6,0.2,0.2758,0.2389,0.2573,False
0.6,-0.15,7,0.4,0.298,0.2166,0.2573,False
0.5,-0.3,7,0.1,0.2542,0.2604,0.2573,False
0.6,-0.1,7,0.3,0.3035,0.2112,0.2573,False
0.3,-0.6,3,0.1,0.2229,0.2918,0.2574,False
0.5,-0.4,4,0.45,0.2684,0.2463,0.2574,False
0.6,-0.1,6,0.55,0.3102,0.2047,0.2575,False
0.5,-0.4,4,0.4,0.2675,0.2474,0.2575,False
0.55,-0.35,3,0.45,0.2874,0.2276,0.2575,False
0.4,-0.5,4,0.45,0.2439,0.2714,0.2576,False
0.4,-0.55,3,0.15,0.2434,0.2718,0.2576,False
0.5,-0.35,6,0.45,0.2601,0.2552,0.2576,False
0.45,-0.4,4,0.05,0.2531,0.2621,0.2576,False
0.6,-0.1,6,0.35,0.3065,0.2088,0.2576,False
0.4,-0.5,4,0.4,0.2429,0.2724,0.2576,False
0.15,-0.4,6,0.15,0.1934,0.3218,0.2576,False
0.1,-0.35,7,0.2,0.1872,0.328,0.2576,False
0.6,-0.1,5,0.45,0.3103,0.205,0.2576,False
0.55,-0.25,4,0.15,0.2846,0.2307,0.2576,False
0.55,-0.35,3,0.4,0.2866,0.2287,0.2577,False
0.55,-0.2,3,0.05,0.291,0.2244,0.2577,False
0.5,-0.4,4,0.5,0.2697,0.2456,0.2577,False
0.5,-0.3,5,0.05,0.2644,0.2509,0.2577,False
0.3,-0.5,4,0.05,0.2206,0.2948,0.2577,False
0.5,-0.45,3,0.3,0.2694,0.246,0.2577,False
0.55,-0.35,3,0.5,0.2886,0.2269,0.2577,False
0.5,-0.35,6,0.4,0.2591,0.2562,0.2577,False
0.6,-0.1,5,0.5,0.3114,0.2042,0.2578,False
0.6,-0.15,7,0.55,0.3013,0.2143,0.2578,False
0.4,-0.45,5,0.4,0.2391,0.2765,0.2578,False
0.6,-0.1,5,0.4,0.3095,0.2063,0.2579,False
0.45,-0.4,5,0.2,0.2487,0.2672,0.2579,False
0.5,-0.4,4,0.35,0.267,0.2488,0.2579,False
0.05,-0.3,7,0.05,0.1843,0.3315,0.2579,False
0.6,-0.15,7,0.35,0.2975,0.2183,0.2579,False
0.55,-0.3,4,0.3,0.283,0.2327,0.2579,False
0.4,-0.45,5,0.45,0.2402,0.2756,0.2579,False
0.4,-0.45,4,0.05,0.2409,0.2748,0.2579,False
0.55,-0.25,3,0.1,0.2884,0.2273,0.2579,False
0.5,-0.35,6,0.5,0.2614,0.2546,0.258,False
0.4,-0.5,4,0.5,0.2453,0.2708,0.258,False
0.25,-0.55,4,0.4,0.2154,0.3006,0.258,False
0.35,-0.45,5,0.15,0.2267,0.2893,0.258,False
0.55,-0.2,7,0.05,0.2765,0.2395,0.258,False
0.4,-0.5,4,0.35,0.2423,0.2737,0.258,False
0.1,-0.6,3,0.15,0.1937,0.3223,0.258,False
0.25,-0.4,7,0.2,0.2033,0.3126,0.258,False
0.2,-0.4,6,0.05,0.1997,0.3163,0.258,False
0.6,-0.1,3,0.45,0.3145,0.2018,0.2581,False
0.2,-0.4,7,0.4,0.1997,0.3165,0.2581,False
0.05,-0.35,6,0.15,0.1851,0.331,0.2581,False
0.5,-0.35,6,0.35,0.2586,0.2576,0.2581,False
0.35,-0.6,3,0.2,0.2334,0.2828,0.2581,False
0.25,-0.55,4,0.45,0.2166,0.2997,0.2581,False
0.6,-0.1,4,0.45,0.3126,0.2036,0.2581,False
0.45,-0.45,4,0.25,0.2528,0.2633,0.2581,False
0.4,-0.4,7,0.4,0.2307,0.2857,0.2582,False
0.35,-0.4,7,0.2,0.2191,0.2974,0.2582,False
0.5,-0.35,4,0.1,0.2671,0.2494,0.2582,False
0.55,-0.35,3,0.35,0.2861,0.2303,0.2582,False
0.6,-0.1,4,0.5,0.3136,0.2027,0.2582,False
0.5,-0.4,3,0.1,0.2698,0.2467,0.2582,False
0.4,-0.4,7,0.45,0.2317,0.2848,0.2582,False
0.25,-0.55,4,0.35,0.2147,0.3017,0.2582,False
0.4,-0.45,5,0.35,0.2385,0.2778,0.2582,False
0.6,-0.1,4,0.4,0.3118,0.2049,0.2583,False
0.2,-0.4,7,0.35,0.199,0.3176,0.2583,False
0.55,-0.35,3,0.55,0.2901,0.2265,0.2583,False
0.6,-0.1,3,0.5,0.3155,0.201,0.2583,False
0.2,-0.4,7,0.45,0.2009,0.3157,0.2583,False
0.4,-0.45,5,0.5,0.2416,0.275,0.2583,False
0.5,-0.4,4,0.55,0.2713,0.2453,0.2583,False
0.6,-0.1,5,0.55,0.3128,0.2038,0.2583,False
0.6,-0.1,3,0.4,0.3137,0.2031,0.2584,False
0.45,-0.5,3,0.15,0.2557,0.2611,0.2584,False
0.4,-0.4,7,0.35,0.23,0.2869,0.2585,False
0.15,-0.45,5,0.15,0.1964,0.3205,0.2585,False
0.6,-0.1,5,0.35,0.309,0.208,0.2585,False
0.25,-0.45,5,0.05,0.2099,0.3071,0.2585,False
0.55,-0.25,7,0.15,0.2715,0.2455,0.2585,False
0.5,-0.35,5,0.2,0.2626,0.2544,0.2585,False
0.6,-0.15,6,0.45,0.3027,0.2146,0.2586,False
0.6,-0.1,6,0.3,0.3063,0.211,0.2586,False
0.05,-0.4,5,0.15,0.1868,0.3305,0.2586,False
0.4,-0.4,6,0.15,0.2332,0.284,0.2586,False
0.25,-0.55,4,0.5,0.2181,0.2991,0.2586,False
0.15,-0.6,3,0.05,0.2002,0.317,0.2586,False
0.15,-0.5,4,0.05,0.1986,0.3187,0.2586,False
0.2,-0.55,4,0.4,0.2085,0.3088,0.2587,False
0.4,-0.5,4,0.3,0.242,0.2753,0.2587,False
0.5,-0.35,6,0.55,0.263,0.2543,0.2587,False
0.5,-0.4,4,0.3,0.2668,0.2506,0.2587,False
0.6,-0.1,7,0.25,0.3036,0.2138,0.2587,False
0.6,-0.1,4,0.55,0.315,0.2024,0.2587,False
0.4,-0.4,7,0.5,0.2332,0.2842,0.2587,False
0.3,-0.4,7,0.15,0.211,0.3065,0.2588,False
0.1,-0.5,4,0.15,0.1931,0.3246,0.2588,False
0.35,-0.4,6,0.05,0.2237,0.2938,0.2588,False
0.5,-0.45,3,0.25,0.2695,0.2482,0.2588,False
0.6,-0.15,6,0.4,0.3019,0.2158,0.2588,False
0.4,-0.5,4,0.55,0.247,0.2705,0.2588,False
0.2,-0.55,4,0.45,0.2097,0.308,0.2588,False
0.6,-0.1,3,0.55,0.3169,0.2006,0.2588,False
0.6,-0.15,7,0.3,0.2973,0.2203,0.2588,False
0.6,-0.15,6,0.5,0.3038,0.2138,0.2588,False
0.45,-0.35,7,0.1,0.2407,0.2771,0.2589,False
0.6,-0.1,4,0.35,0.3113,0.2066,0.2589,False
0.2,-0.55,4,0.35,0.2078,0.31,0.2589,False
0.2,-0.4,7,0.5,0.2026,0.3151,0.2589,False
0.5,-0.35,6,0.3,0.2583,0.2594,0.2589,False
0.25,-0.55,4,0.3,0.2145,0.3032,0.2589,False
0.55,-0.2,4,0.05,0.2884,0.2293,0.2589,False
0.55,-0.3,5,0.45,0.2812,0.2366,0.2589,False
0.4,-0.45,5,0.3,0.2383,0.2794,0.2589,False
0.05,-0.45,4,0.05,0.1882,0.3296,0.2589,False
0.05,-0.55,3,0.05,0.1889,0.3288,0.2589,False
0.2,-0.4,7,0.3,0.1987,0.319,0.2589,False
0.4,-0.45,5,0.55,0.2434,0.2747,0.259,False
0.6,-0.1,3,0.35,0.3132,0.2049,0.259,False
0.55,-0.25,5,0.15,0.281,0.237,0.259,False
0.55,-0.3,5,0.4,0.2803,0.2377,0.259,False
0.55,-0.35,3,0.3,0.2859,0.2323,0.2591,False
0.4,-0.4,7,0.3,0.2298,0.2885,0.2591,False
0.45,-0.35,6,0.05,0.246,0.2722,0.2591,False
0.55,-0.2,6,0.05,0.281,0.2372,0.2591,False
0.55,-0.3,4,0.25,0.2832,0.235,0.2591,False
0.55,-0.3,5,0.5,0.2824,0.2359,0.2591,False
0.5,-0.35,7,0.4,0.2546,0.2638,0.2592,False
0.5,-0.35,7,0.45,0.2555,0.2629,0.2592,False
0.35,-0.5,4,0.1,0.231,0.2874,0.2592,False
0.55,-0.25,6,0.15,0.2766,0.242,0.2593,False
0.55,-0.3,3,0.15,0.2869,0.2317,0.2593,False
0.6,-0.15,6,0.55,0.3052,0.2135,0.2593,False
0.1,-0.35,7,0.15,0.1884,0.3303,0.2593,False
0.55,-0.2,5,0.05,0.285,0.2338,0.2594,False
0.6,-0.15,6,0.35,0.3014,0.2175,0.2594,False
0.5,-0.3,6,0.05,0.2606,0.2583,0.2594,False
0.2,-0.55,4,0.5,0.2113,0.3074,0.2594,False
0.55,-0.3,5,0.35,0.2797,0.2392,0.2595,False
0.2,-0.55,4,0.3,0.2076,0.3114,0.2595,False
0.1,-0.45,5,0.4,0.1949,0.3241,0.2595,False
0.4,-0.4,7,0.55,0.235,0.2839,0.2595,False
0.6,-0.15,5,0.45,0.3062,0.2128,0.2595,False
0.3,-0.55,4,0.4,0.2248,0.2941,0.2595,False
0.3,-0.45,5,0.05,0.2187,0.3002,0.2595,False
0.45,-0.45,4,0.2,0.2533,0.2658,0.2595,False
0.25,-0.55,4,0.55,0.2201,0.2989,0.2595,False
0.6,-0.15,3,0.45,0.3118,0.2072,0.2595,False
0.1,-0.4,6,0.4,0.193,0.326,0.2595,False
0.5,-0.35,7,0.5,0.2569,0.2622,0.2595,False
0.6,-0.1,5,0.3,0.3089,0.2101,0.2595,False
0.1,-0.4,6,0.35,0.1922,0.3271,0.2596,False
0.6,-0.15,3,0.5,0.3128,0.2064,0.2596,False
0.5,-0.35,7,0.35,0.254,0.2652,0.2596,False
0.3,-0.55,4,0.45,0.2259,0.2932,0.2596,False
0.1,-0.45,5,0.35,0.1942,0.3252,0.2597,False
0.25,-0.4,7,0.15,0.2045,0.3149,0.2597,False
0.45,-0.4,6,0.4,0.247,0.2725,0.2597,False
0.45,-0.4,6,0.45,0.2479,0.2715,0.2597,False
0.55,-0.3,5,0.55,0.2839,0.2356,0.2597,False
0.15,-0.4,6,0.1,0.1951,0.3243,0.2597,False
0.6,-0.15,3,0.4,0.311,0.2084,0.2597,False
0.6,-0.15,5,0.4,0.3054,0.2141,0.2597,False
0.1,-0.4,6,0.45,0.1942,0.3252,0.2597,False
0.05,-0.6,3,0.4,0.1931,0.3263,0.2597,False
0.3,-0.55,4,0.35,0.2242,0.2953,0.2597,False
0.2,-0.45,5,0.05,0.2036,0.3157,0.2597,False
0.6,-0.15,5,0.5,0.3073,0.2121,0.2597,False
0.4,-0.55,3,0.1,0.2447,0.2748,0.2598,False
0.6,-0.15,4,0.45,0.3093,0.2103,0.2598,False
0.4,-0.5,4,0.25,0.2422,0.2773,0.2598,False
0.2,-0.4,7,0.25,0.1989,0.3207,0.2598,False
0.2,-0.4,7,0.55,0.2047,0.3149,0.2598,False
0.1,-0.45,5,0.45,0.1962,0.3233,0.2598,False
0.45,-0.4,5,0.15,0.2496,0.2699,0.2598,False
0.5,-0.4,4,0.25,0.2669,0.2528,0.2599,False
0.4,-0.45,5,0.25,0.2385,0.2814,0.2599,False
0.05,-0.6,3,0.45,0.1943,0.3255,0.2599,False
0.25,-0.55,4,0.25,0.2147,0.305,0.2599,False
0.3,-0.6,3,0.05,0.2248,0.295,0.2599,False
0.6,-0.15,4,0.5,0.3104,0.2095,0.2599,False
0.55,-0.3,7,0.45,0.2713,0.2485,0.2599,False
0.6,-0.1,4,0.3,0.3111,0.2088,0.2599,False
0.35,-0.6,3,0.15,0.2344,0.2854,0.2599,False
0.5,-0.3,7,0.05,0.2559,0.264,0.2599,False
0.05,-0.6,3,0.35,0.1923,0.3274,0.2599,False
0.5,-0.35,6,0.25,0.2585,0.2615,0.26,False
0.3,-0.55,4,0.5,0.2274,0.2926,0.26,False
0.6,-0.1,6,0.25,0.3064,0.2136,0.26,False
0.6,-0.1,3,0.3,0.313,0.2071,0.26,False
0.35,-0.4,7,0.15,0.2202,0.2998,0.26,False
0.6,-0.15,4,0.4,0.3085,0.2115,0.26,False
0.55,-0.3,7,0.4,0.2704,0.2495,0.26,False
0.55,-0.25,4,0.1,0.2857,0.2343,0.26,False
0.35,-0.45,5,0.1,0.2281,0.2921,0.2601,False
0.6,-0.15,3,0.55,0.3142,0.206,0.2601,False
0.1,-0.6,3,0.1,0.1954,0.3248,0.2601,False
0.45,-0.4,6,0.35,0.2463,0.2738,0.2601,False
0.45,-0.4,6,0.5,0.2493,0.2709,0.2601,False
0.6,-0.15,7,0.25,0.2974,0.2228,0.2601,False
0.55,-0.3,6,0.45,0.2766,0.2435,0.2601,False
0.55,-0.3,6,0.4,0.2758,0.2446,0.2602,False
0.1,-0.4,6,0.3,0.1919,0.3284,0.2602,False
0.05,-0.35,6,0.1,0.1869,0.3335,0.2602,False
0.4,-0.4,7,0.25,0.23,0.2904,0.2602,False
0.5,-0.35,7,0.55,0.2586,0.2619,0.2602,False
0.55,-0.3,7,0.5,0.2725,0.2478,0.2602,False
0.6,-0.15,5,0.55,0.3087,0.2117,0.2602,False
0.1,-0.4,6,0.5,0.1959,0.3246,0.2603,False
0.6,-0.15,5,0.35,0.3049,0.2157,0.2603,False
0.55,-0.3,5,0.3,0.2796,0.2411,0.2603,False
0.55,-0.3,6,0.5,0.2779,0.2428,0.2603,False
0.2,-0.55,4,0.55,0.2133,0.3072,0.2603,False
0.55,-0.35,3,0.25,0.286,0.2346,0.2603,False
0.5,-0.35,7,0.3,0.2538,0.2669,0.2603,False
0.1,-0.45,5,0.3,0.1939,0.3266,0.2603,False
0.6,-0.15,3,0.35,0.3105,0.2101,0.2603,False
0.55,-0.3,7,0.35,0.2699,0.251,0.2604,False
0.6,-0.15,6,0.3,0.3012,0.2195,0.2604,False
0.5,-0.35,5,0.15,0.2635,0.2573,0.2604,False
0.6,-0.1,7,0.2,0.3041,0.2167,0.2604,False
0.05,-0.6,3,0.3,0.192,0.3288,0.2604,False
0.1,-0.45,5,0.5,0.1979,0.3228,0.2604,False
0.5,-0.45,3,0.2,0.27,0.2507,0.2604,False
0.6,-0.15,4,0.55,0.3118,0.2091,0.2604,False
0.3,-0.55,4,0.3,0.2239,0.2968,0.2604,False
0.05,-0.6,3,0.5,0.196,0.325,0.2605,False
0.2,-0.55,4,0.25,0.2077,0.3132,0.2605,False
0.6,-0.2,7,0.45,0.2942,0.2267,0.2605,False
0.45,-0.5,3,0.1,0.2569,0.2643,0.2606,False
0.55,-0.25,3,0.05,0.2898,0.2314,0.2606,False
0.15,-0.45,5,0.1,0.1981,0.3231,0.2606,False
0.6,-0.2,7,0.4,0.2934,0.2279,0.2606,False
0.6,-0.15,4,0.35,0.308,0.2132,0.2606,False
0.55,-0.3,6,0.35,0.2752,0.246,0.2606,False
0.3,-0.45,6,0.4,0.2185,0.3028,0.2607,False
0.4,-0.4,6,0.1,0.2346,0.2869,0.2607,False
0.55,-0.3,4,0.2,0.2836,0.2377,0.2607,False
0.6,-0.2,7,0.5,0.2954,0.226,0.2607,False
0.5,-0.35,4,0.05,0.2686,0.2531,0.2608,False
0.3,-0.55,4,0.55,0.2293,0.2924,0.2608,False
0.55,-0.3,7,0.55,0.2741,0.2475,0.2608,False
0.55,-0.25,7,0.1,0.2727,0.2488,0.2608,False
0.45,-0.4,6,0.3,0.2461,0.2754,0.2608,False
0.3,-0.45,6,0.45,0.2196,0.3019,0.2608,False
0.45,-0.4,6,0.55,0.251,0.2706,0.2608,False
0.05,-0.4,5,0.1,0.1886,0.333,0.2608,False
0.45,-0.55,3,0.4,0.2593,0.2624,0.2608,False
0.45,-0.55,3,0.45,0.2602,0.2614,0.2608,False
0.5,-0.4,3,0.05,0.2713,0.2505,0.2609,False
0.3,-0.45,6,0.35,0.2178,0.304,0.2609,False
0.6,-0.1,5,0.25,0.309,0.2127,0.2609,False
0.3,-0.4,7,0.1,0.2126,0.3092,0.2609,False
0.25,-0.45,6,0.4,0.2113,0.3107,0.261,False
0.55,-0.3,6,0.55,0.2794,0.2425,0.261,False
0.1,-0.5,4,0.1,0.1948,0.3271,0.261,False
0.4,-0.6,3,0.4,0.2483,0.274,0.2611,False
0.1,-0.4,6,0.25,0.1921,0.3301,0.2611,False
0.45,-0.55,3,0.5,0.2615,0.2608,0.2611,False
0.25,-0.45,6,0.45,0.2125,0.3099,0.2612,False
0.6,-0.2,7,0.35,0.2929,0.2294,0.2612,False
0.25,-0.55,4,0.2,0.2153,0.3071,0.2612,False
0.6,-0.2,7,0.55,0.2969,0.2256,0.2612,False
0.2,-0.4,7,0.2,0.1996,0.3227,0.2612,False
0.4,-0.5,4,0.2,0.2428,0.2796,0.2612,False
0.1,-0.45,5,0.25,0.1941,0.3283,0.2612,False
0.45,-0.55,3,0.35,0.2587,0.2638,0.2612,False
0.55,-0.3,7,0.3,0.2696,0.2528,0.2612,False
0.4,-0.6,3,0.45,0.2492,0.2731,0.2612,False
0.6,-0.1,4,0.25,0.3113,0.2114,0.2613,False
0.25,-0.45,6,0.35,0.2106,0.3119,0.2613,False
0.55,-0.25,5,0.1,0.2822,0.2405,0.2613,False
0.6,-0.15,5,0.3,0.3048,0.2178,0.2613,False
0.6,-0.15,3,0.3,0.3103,0.2123,0.2613,False
0.1,-0.45,5,0.55,0.2001,0.3226,0.2613,False
0.1,-0.4,6,0.55,0.1981,0.3244,0.2613,False
0.4,-0.45,5,0.2,0.239,0.2837,0.2613,False
0.3,-0.45,6,0.5,0.2212,0.3014,0.2613,False
0.05,-0.6,3,0.25,0.1922,0.3305,0.2613,False
0.6,-0.1,3,0.25,0.3132,0.2097,0.2614,False
0.5,-0.35,7,0.25,0.254,0.2689,0.2614,False
0.3,-0.55,4,0.25,0.2241,0.2987,0.2614,False
0.05,-0.5,4,0.4,0.1935,0.3292,0.2614,False
0.55,-0.3,6,0.3,0.275,0.2478,0.2614,False
0.5,-0.4,4,0.2,0.2674,0.2553,0.2614,False
0.45,-0.35,7,0.05,0.2424,0.2804,0.2614,False
0.45,-0.45,4,0.15,0.2542,0.2685,0.2614,False
0.5,-0.35,6,0.2,0.259,0.2639,0.2615,False
0.55,-0.3,5,0.25,0.2797,0.2433,0.2615,False
0.4,-0.6,3,0.35,0.2477,0.2753,0.2615,False
0.05,-0.6,3,0.55,0.1982,0.3248,0.2615,False
0.4,-0.6,3,0.5,0.2506,0.2725,0.2615,False
0.3,-0.45,6,0.3,0.2176,0.3055,0.2615,False
0.1,-0.35,7,0.1,0.1901,0.3328,0.2615,False
0.05,-0.5,4,0.35,0.1927,0.3303,0.2615,False
0.15,-0.55,4,0.4,0.2044,0.3188,0.2616,False
0.4,-0.4,7,0.2,0.2305,0.2926,0.2616,False
0.05,-0.5,4,0.45,0.1947,0.3284,0.2616,False
0.55,-0.25,6,0.1,0.2778,0.2454,0.2616,False
0.6,-0.2,3,0.45,0.3098,0.2134,0.2616,False
0.6,-0.15,4,0.3,0.3078,0.2153,0.2616,False
0.55,-0.3,3,0.1,0.288,0.2352,0.2616,False
0.35,-0.5,4,0.05,0.2328,0.2906,0.2617,False
0.6,-0.15,6,0.25,0.3013,0.222,0.2617,False
0.25,-0.45,6,0.5,0.2141,0.3094,0.2617,False
0.6,-0.1,6,0.2,0.3069,0.2165,0.2617,False
0.6,-0.2,3,0.4,0.309,0.2147,0.2618,False
0.25,-0.45,6,0.3,0.2104,0.3133,0.2618,False
0.15,-0.55,4,0.45,0.2056,0.318,0.2618,False
0.15,-0.55,4,0.35,0.2036,0.3199,0.2618,False
0.2,-0.55,4,0.2,0.2084,0.3152,0.2618,False
0.45,-0.55,3,0.55,0.2632,0.2605,0.2618,False
0.25,-0.4,7,0.1,0.2061,0.3176,0.2618,False
0.6,-0.2,3,0.5,0.3109,0.2127,0.2618,False
0.6,-0.15,7,0.2,0.2979,0.2257,0.2618,False
0.45,-0.4,5,0.1,0.2509,0.273,0.2619,False
0.55,-0.35,3,0.2,0.2865,0.2373,0.2619,False
0.45,-0.4,6,0.25,0.2463,0.2774,0.2619,False
0.45,-0.55,3,0.3,0.2585,0.2655,0.262,False
0.6,-0.2,6,0.45,0.299,0.225,0.262,False
0.05,-0.5,4,0.3,0.1924,0.3317,0.262,False
0.35,-0.6,3,0.1,0.2358,0.2883,0.262,False
0.6,-0.2,7,0.3,0.2927,0.2314,0.262,False
0.35,-0.4,7,0.1,0.2216,0.3026,0.2621,False
0.3,-0.45,6,0.55,0.2231,0.3011,0.2621,False
0.6,-0.2,6,0.4,0.2982,0.2262,0.2622,False
0.15,-0.4,6,0.05,0.1972,0.3272,0.2622,False
0.05,-0.5,4,0.5,0.1965,0.3279,0.2622,False
0.6,-0.2,6,0.5,0.3002,0.2243,0.2622,False
0.4,-0.6,3,0.3,0.2474,0.277,0.2622,False
0.4,-0.55,3,0.05,0.2464,0.2782,0.2623,False
0.15,-0.55,4,0.5,0.2072,0.3174,0.2623,False
0.5,-0.45,3,0.15,0.2709,0.2537,0.2623,False
0.15,-0.55,4,0.3,0.2034,0.3213,0.2623,False
0.4,-0.6,3,0.55,0.2523,0.2722,0.2623,False
0.6,-0.2,3,0.55,0.3123,0.2123,0.2623,False
0.6,-0.2,3,0.35,0.3085,0.2163,0.2624,False
0.1,-0.4,6,0.2,0.1928,0.332,0.2624,False
0.55,-0.3,7,0.25,0.2698,0.2549,0.2624,False
0.25,-0.5,5,0.4,0.2157,0.3091,0.2624,False
0.35,-0.45,6,0.4,0.2281,0.2967,0.2624,False
0.1,-0.45,5,0.2,0.1948,0.3302,0.2625,False
0.55,-0.35,4,0.45,0.2856,0.2395,0.2625,False
0.35,-0.45,6,0.45,0.2292,0.2958,0.2625,False
0.6,-0.1,7,0.15,0.3048,0.2201,0.2625,False
0.6,-0.2,4,0.45,0.3069,0.2182,0.2625,False
0.25,-0.5,5,0.45,0.2169,0.3082,0.2625,False
0.3,-0.45,6,0.25,0.2178,0.3072,0.2625,False
0.5,-0.35,5,0.1,0.2647,0.2605,0.2626,False
0.55,-0.3,6,0.25,0.2752,0.25,0.2626,False
0.6,-0.15,5,0.25,0.3049,0.2203,0.2626,False
0.25,-0.45,6,0.55,0.2161,0.3091,0.2626,False
0.25,-0.5,5,0.35,0.215,0.3102,0.2626,False
0.35,-0.45,5,0.05,0.2299,0.2953,0.2626,False
0.55,-0.3,4,0.15,0.2845,0.2408,0.2626,False
0.1,-0.6,3,0.05,0.1975,0.3277,0.2626,False
0.6,-0.15,3,0.25,0.3105,0.2148,0.2626,False
0.6,-0.1,5,0.2,0.3094,0.2157,0.2626,False
0.35,-0.45,6,0.35,0.2275,0.2979,0.2627,False
0.55,-0.25,4,0.05,0.2872,0.2382,0.2627,False
0.05,-0.6,3,0.2,0.1929,0.3324,0.2627,False
0.6,-0.2,4,0.5,0.308,0.2174,0.2627,False
0.6,-0.2,4,0.4,0.3061,0.2194,0.2627,False
0.55,-0.35,4,0.4,0.2847,0.2406,0.2627,False
0.05,-0.35,6,0.05,0.1891,0.3362,0.2627,False
0.6,-0.2,5,0.45,0.3033,0.2222,0.2627,False
0.6,-0.2,6,0.55,0.3016,0.224,0.2628,False
0.25,-0.45,6,0.25,0.2105,0.3151,0.2628,False
0.6,-0.2,6,0.35,0.2977,0.2278,0.2628,False
0.3,-0.55,4,0.2,0.2247,0.3008,0.2628,False
0.55,-0.35,4,0.5,0.2867,0.2388,0.2628,False
0.6,-0.15,4,0.25,0.3079,0.2178,0.2629,False
0.3,-0.5,5,0.4,0.2239,0.3019,0.2629,False
0.6,-0.2,5,0.4,0.3025,0.2233,0.2629,False
0.5,-0.35,7,0.2,0.2545,0.2713,0.2629,False
0.25,-0.55,4,0.15,0.2164,0.3095,0.2629,False
0.2,-0.4,7,0.15,0.2007,0.325,0.2629,False
0.6,-0.2,5,0.5,0.3044,0.2214,0.2629,False
0.35,-0.45,6,0.5,0.2307,0.2952,0.2629,False
0.6,-0.1,4,0.2,0.3117,0.2144,0.263,False
0.25,-0.5,5,0.5,0.2184,0.3077,0.263,False
0.05,-0.5,4,0.25,0.1926,0.3333,0.263,False
0.55,-0.4,3,0.45,0.2886,0.2374,0.263,False
0.3,-0.5,5,0.45,0.225,0.301,0.263,False
0.35,-0.55,4,0.4,0.2364,0.2896,0.263,False
0.4,-0.5,4,0.15,0.2437,0.2822,0.263,False
0.35,-0.55,4,0.45,0.2374,0.2887,0.2631,False
0.45,-0.55,3,0.25,0.2586,0.2675,0.2631,False
0.3,-0.5,5,0.35,0.2232,0.3031,0.2631,False
0.4,-0.45,5,0.15,0.24,0.2862,0.2631,False
0.55,-0.35,4,0.35,0.2842,0.2421,0.2631,False
0.15,-0.45,5,0.05,0.2002,0.326,0.2631,False
0.55,-0.3,5,0.2,0.2802,0.246,0.2631,False
0.05,-0.5,4,0.55,0.1987,0.3277,0.2632,False
0.5,-0.4,4,0.15,0.2683,0.2582,0.2632,False
0.15,-0.55,4,0.55,0.2093,0.3172,0.2632,False
0.6,-0.2,4,0.55,0.3094,0.217,0.2632,False
0.45,-0.5,3,0.05,0.2586,0.2678,0.2632,False
0.4,-0.4,6,0.05,0.2364,0.2901,0.2632,False
0.6,-0.1,3,0.2,0.3136,0.2127,0.2632,False
0.25,-0.5,5,0.3,0.2148,0.3117,0.2632,False
0.55,-0.4,3,0.4,0.2878,0.2385,0.2632,False
0.15,-0.55,4,0.25,0.2036,0.323,0.2633,False
0.35,-0.55,4,0.35,0.2358,0.2908,0.2633,False
0.6,-0.2,7,0.25,0.2929,0.2337,0.2633,False
0.4,-0.6,3,0.25,0.2476,0.2789,0.2633,False
0.05,-0.4,5,0.05,0.1908,0.3357,0.2633,False
0.45,-0.4,6,0.2,0.2468,0.2797,0.2633,False
0.4,-0.4,7,0.15,0.2315,0.2951,0.2633,False
0.5,-0.35,6,0.15,0.2599,0.2667,0.2633,False
0.55,-0.4,3,0.5,0.2898,0.2367,0.2633,False
0.6,-0.2,4,0.35,0.3056,0.221,0.2633,False
0.6,-0.15,6,0.2,0.3018,0.2249,0.2633,False
0.35,-0.45,6,0.3,0.2272,0.2994,0.2633,False
0.6,-0.2,3,0.3,0.3083,0.2184,0.2634,False
0.3,-0.4,7,0.05,0.2145,0.3122,0.2634,False
0.1,-0.5,4,0.05,0.1969,0.3299,0.2634,False
0.45,-0.4,7,0.4,0.244,0.2828,0.2634,False
0.55,-0.35,4,0.55,0.2883,0.2385,0.2634,False
0.55,-0.25,7,0.05,0.2742,0.2525,0.2634,False
0.45,-0.45,4,0.1,0.2555,0.2716,0.2635,False
0.3,-0.5,5,0.5,0.2265,0.3005,0.2635,False
0.45,-0.4,7,0.45,0.245,0.2819,0.2635,False
0.6,-0.2,5,0.35,0.302,0.2249,0.2635,False
0.6,-0.2,5,0.55,0.3059,0.2211,0.2635,False
0.5,-0.5,3,0.45,0.2742,0.2529,0.2635,False
0.2,-0.55,4,0.15,0.2095,0.3176,0.2635,False
0.35,-0.55,4,0.5,0.2389,0.2881,0.2635,False
0.55,-0.4,3,0.35,0.2873,0.24,0.2636,False
0.6,-0.2,6,0.3,0.2975,0.2298,0.2636,False
0.2,-0.45,6,0.4,0.2068,0.3204,0.2636,False
0.5,-0.4,5,0.45,0.2669,0.2603,0.2636,False
0.5,-0.5,3,0.4,0.2733,0.2539,0.2636,False
0.15,-0.4,7,0.4,0.199,0.3284,0.2637,False
0.5,-0.4,5,0.4,0.266,0.2613,0.2637,False
0.45,-0.4,7,0.35,0.2434,0.2841,0.2638,False
0.3,-0.5,5,0.3,0.223,0.3046,0.2638,False
0.55,-0.35,3,0.15,0.2873,0.2404,0.2638,False
0.15,-0.4,7,0.35,0.1982,0.3295,0.2638,False
0.6,-0.1,6,0.15,0.3076,0.2199,0.2638,False
0.6,-0.15,7,0.15,0.2986,0.2289,0.2638,False
0.2,-0.45,6,0.45,0.208,0.3196,0.2638,False
0.2,-0.45,6,0.35,0.2061,0.3215,0.2638,False
0.35,-0.45,6,0.55,0.2325,0.295,0.2638,False
0.5,-0.5,3,0.5,0.2754,0.2522,0.2638,False
0.55,-0.4,3,0.55,0.2913,0.2364,0.2639,False
0.45,-0.4,7,0.5,0.2464,0.2813,0.2639,False
0.3,-0.45,6,0.2,0.2184,0.3093,0.2639,False
0.1,-0.35,7,0.05,0.1923,0.3356,0.2639,False
0.25,-0.5,5,0.55,0.2204,0.3074,0.2639,False
0.5,-0.4,5,0.5,0.2682,0.2597,0.2639,False
0.55,-0.3,7,0.2,0.2703,0.2574,0.2639,False
0.15,-0.4,7,0.45,0.2002,0.3276,0.2639,False
0.55,-0.25,5,0.05,0.2837,0.2443,0.264,False
0.55,-0.35,4,0.3,0.284,0.2439,0.264,False
0.5,-0.5,3,0.35,0.2727,0.2553,0.264,False
0.35,-0.55,4,0.3,0.2355,0.2924,0.264,False
0.2,-0.5,5,0.4,0.2102,0.318,0.2641,False
0.5,-0.4,5,0.35,0.2654,0.2627,0.2641,False
0.25,-0.45,6,0.2,0.2112,0.3171,0.2641,False
0.1,-0.4,6,0.15,0.194,0.3342,0.2641,False
0.55,-0.3,6,0.2,0.2757,0.2526,0.2641,False
0.55,-0.25,6,0.05,0.2793,0.2491,0.2642,False
0.2,-0.5,5,0.45,0.2113,0.3172,0.2642,False
0.6,-0.2,4,0.3,0.3055,0.223,0.2642,False
0.05,-0.35,7,0.4,0.1919,0.3366,0.2642,False
0.1,-0.45,5,0.15,0.196,0.3325,0.2642,False
0.25,-0.5,5,0.25,0.215,0.3134,0.2642,False
0.05,-0.5,4,0.2,0.1933,0.3352,0.2643,False
0.6,-0.15,5,0.2,0.3053,0.2232,0.2643,False
0.25,-0.4,7,0.05,0.2081,0.3205,0.2643,False
0.6,-0.15,3,0.2,0.3109,0.2178,0.2643,False
0.55,-0.3,3,0.05,0.2894,0.2391,0.2643,False
0.2,-0.5,5,0.35,0.2095,0.3191,0.2643,False
0.35,-0.45,6,0.25,0.2274,0.3012,0.2643,False
0.3,-0.5,5,0.55,0.2284,0.3002,0.2643,False
0.35,-0.55,4,0.55,0.2407,0.2879,0.2643,False
0.2,-0.45,6,0.5,0.2096,0.319,0.2643,False
0.15,-0.4,7,0.3,0.1979,0.3308,0.2644,False
0.2,-0.45,6,0.3,0.2058,0.3229,0.2644,False
0.05,-0.35,7,0.35,0.1911,0.3377,0.2644,False
0.45,-0.4,7,0.3,0.2432,0.2857,0.2644,False
0.6,-0.2,5,0.3,0.3019,0.2269,0.2644,False
0.5,-0.5,3,0.55,0.277,0.2519,0.2644,False
0.05,-0.6,3,0.15,0.1941,0.3346,0.2644,False
0.05,-0.35,7,0.45,0.1931,0.3358,0.2645,False
0.3,-0.55,4,0.15,0.2257,0.3033,0.2645,False
0.35,-0.6,3,0.05,0.2375,0.2914,0.2645,False
0.45,-0.4,5,0.05,0.2526,0.2764,0.2645,False
0.45,-0.55,3,0.2,0.2592,0.2699,0.2645,False
0.15,-0.4,7,0.5,0.2019,0.3271,0.2645,False
0.55,-0.4,3,0.3,0.2871,0.2419,0.2645,False
0.5,-0.45,3,0.1,0.2721,0.2569,0.2645,False
0.5,-0.4,5,0.55,0.2698,0.2594,0.2646,False
0.45,-0.4,7,0.55,0.2482,0.2811,0.2646,False
0.35,-0.4,7,0.05,0.2235,0.3056,0.2646,False
0.15,-0.55,4,0.2,0.2042,0.325,0.2646,False
0.6,-0.15,4,0.2,0.3084,0.2207,0.2646,False
0.6,-0.1,5,0.15,0.3102,0.2191,0.2646,False
0.6,-0.25,3,0.45,0.3085,0.2206,0.2646,False
0.6,-0.2,3,0.25,0.3085,0.2209,0.2647,False
0.3,-0.5,5,0.25,0.2231,0.3064,0.2647,False
0.6,-0.25,3,0.5,0.3096,0.2198,0.2647,False
0.5,-0.35,7,0.15,0.2554,0.274,0.2647,False
0.4,-0.6,3,0.2,0.2481,0.2812,0.2647,False
0.6,-0.25,3,0.4,0.3077,0.2218,0.2648,False
0.2,-0.5,5,0.5,0.2129,0.3166,0.2648,False
0.5,-0.5,3,0.3,0.2725,0.2571,0.2648,False
0.5,-0.4,5,0.3,0.2652,0.2644,0.2648,False
0.05,-0.35,7,0.3,0.1908,0.339,0.2649,False
0.6,-0.2,7,0.2,0.2933,0.2365,0.2649,False
0.6,-0.2,6,0.25,0.2977,0.2321,0.2649,False
0.6,-0.1,7,0.1,0.3059,0.2239,0.2649,False
0.45,-0.45,5,0.4,0.2542,0.2756,0.2649,False
0.45,-0.45,5,0.45,0.2552,0.2746,0.2649,False
0.55,-0.3,4,0.1,0.2856,0.2442,0.2649,False
0.2,-0.5,5,0.3,0.2092,0.3205,0.2649,False
0.2,-0.4,7,0.1,0.2024,0.3276,0.265,False
0.55,-0.3,5,0.15,0.281,0.2489,0.265,False
0.35,-0.55,4,0.25,0.2357,0.2943,0.265,False
0.25,-0.55,4,0.1,0.2179,0.3122,0.265,False
0.05,-0.35,7,0.5,0.1949,0.3353,0.2651,False
0.6,-0.1,4,0.15,0.3124,0.2178,0.2651,False
0.4,-0.5,4,0.1,0.245,0.2852,0.2651,False
0.45,-0.4,6,0.15,0.2478,0.2823,0.2651,False
0.55,-0.35,4,0.25,0.2841,0.2462,0.2652,False
0.4,-0.45,5,0.1,0.2413,0.2891,0.2652,False
0.6,-0.1,3,0.15,0.3143,0.2162,0.2652,False
0.5,-0.35,5,0.05,0.2663,0.264,0.2652,False
0.45,-0.45,5,0.35,0.2536,0.2768,0.2652,False
0.2,-0.45,6,0.55,0.2117,0.3188,0.2652,False
0.45,-0.45,5,0.5,0.2565,0.274,0.2652,False
0.2,-0.45,6,0.25,0.206,0.3246,0.2653,False
0.6,-0.25,3,0.35,0.3073,0.2234,0.2653,False
0.6,-0.25,3,0.55,0.311,0.2195,0.2653,False
0.6,-0.15,6,0.15,0.3025,0.2281,0.2653,False
0.15,-0.4,7,0.25,0.1981,0.3325,0.2653,False
0.15,-0.4,7,0.55,0.204,0.3268,0.2654,False
0.5,-0.4,4,0.1,0.2695,0.2614,0.2654,False
0.4,-0.4,7,0.1,0.2329,0.2979,0.2654,False
0.35,-0.5,5,0.45,0.2354,0.2957,0.2655,False
0.45,-0.5,4,0.4,0.2587,0.2723,0.2655,False
0.5,-0.35,6,0.1,0.2612,0.2698,0.2655,False
0.6,-0.2,4,0.25,0.3056,0.2254,0.2655,False
0.45,-0.4,7,0.25,0.2434,0.2876,0.2655,False
0.35,-0.5,5,0.4,0.2343,0.2966,0.2655,False
0.25,-0.5,5,0.2,0.2156,0.3155,0.2655,False
0.45,-0.5,4,0.45,0.2596,0.2713,0.2655,False
0.3,-0.45,6,0.15,0.2194,0.3117,0.2656,False
0.6,-0.25,7,0.45,0.2914,0.2397,0.2656,False
0.2,-0.55,4,0.1,0.211,0.3202,0.2656,False
0.35,-0.45,6,0.2,0.228,0.3033,0.2657,False
0.6,-0.25,7,0.4,0.2906,0.2407,0.2657,False
0.55,-0.3,7,0.15,0.2712,0.2603,0.2657,False
0.2,-0.5,5,0.55,0.2149,0.3164,0.2657,False
0.6,-0.2,5,0.25,0.302,0.2293,0.2657,False
0.55,-0.4,3,0.25,0.2872,0.2441,0.2657,False
0.35,-0.5,5,0.35,0.2337,0.2978,0.2657,False
0.2,-0.5,5,0.25,0.2094,0.3222,0.2658,False
0.45,-0.5,4,0.35,0.2581,0.2736,0.2658,False
0.6,-0.25,7,0.5,0.2926,0.239,0.2658,False
0.5,-0.45,4,0.45,0.272,0.2596,0.2658,False
0.45,-0.5,4,0.5,0.2609,0.2707,0.2658,False
0.05,-0.35,7,0.25,0.191,0.3406,0.2658,False
0.25,-0.45,6,0.15,0.2123,0.3194,0.2658,False
0.5,-0.5,3,0.25,0.2727,0.2592,0.2659,False
0.5,-0.4,5,0.25,0.2654,0.2665,0.2659,False
0.45,-0.45,5,0.55,0.2582,0.2737,0.2659,False
0.45,-0.45,5,0.3,0.2534,0.2785,0.2659,False
0.5,-0.45,4,0.4,0.2711,0.2607,0.2659,False
0.05,-0.5,4,0.15,0.1945,0.3374,0.266,False
0.55,-0.3,6,0.15,0.2765,0.2555,0.266,False
0.35,-0.5,5,0.5,0.2368,0.2951,0.266,False
0.6,-0.15,7,0.1,0.2997,0.2325,0.2661,False
0.05,-0.35,7,0.55,0.1971,0.3351,0.2661,False
0.45,-0.45,4,0.05,0.2571,0.275,0.2661,False
0.5,-0.45,4,0.5,0.2732,0.259,0.2661,False
0.3,-0.5,5,0.2,0.2237,0.3084,0.2661,False
0.55,-0.35,3,0.1,0.2884,0.2438,0.2661,False
0.6,-0.1,6,0.1,0.3087,0.2237,0.2662,False
0.1,-0.4,6,0.1,0.1957,0.3367,0.2662,False
0.4,-0.45,6,0.4,0.2399,0.2925,0.2662,False
0.6,-0.25,3,0.3,0.3071,0.2254,0.2662,False
0.6,-0.25,7,0.35,0.2901,0.2422,0.2662,False
0.45,-0.55,3,0.15,0.2601,0.2726,0.2663,False
0.1,-0.45,5,0.1,0.1976,0.335,0.2663,False
0.6,-0.15,5,0.15,0.3061,0.2265,0.2663,False
0.6,-0.2,3,0.2,0.3089,0.2238,0.2663,False
0.5,-0.45,4,0.35,0.2706,0.262,0.2663,False
0.4,-0.45,6,0.45,0.2409,0.2916,0.2663,False
0.55,-0.35,5,0.45,0.2825,0.2501,0.2663,False
0.15,-0.55,4,0.15,0.2054,0.3272,0.2663,False
0.6,-0.25,4,0.45,0.3056,0.2271,0.2663,False
0.05,-0.6,3,0.1,0.1958,0.3371,0.2664,False
0.6,-0.25,7,0.55,0.2941,0.2387,0.2664,False
0.6,-0.15,3,0.15,0.3116,0.2212,0.2664,False
0.35,-0.5,5,0.3,0.2334,0.2993,0.2664,False
0.35,-0.55,4,0.2,0.2363,0.2964,0.2664,False
0.55,-0.35,5,0.4,0.2816,0.2511,0.2664,False
0.6,-0.25,4,0.4,0.3048,0.2283,0.2665,False
0.4,-0.6,3,0.15,0.2491,0.2838,0.2665,False
0.55,-0.35,5,0.5,0.2837,0.2494,0.2665,False
0.6,-0.2,6,0.2,0.2981,0.2349,0.2665,False
0.6,-0.25,4,0.5,0.3067,0.2264,0.2665,False
0.45,-0.5,4,0.55,0.2626,0.2704,0.2665,False
0.4,-0.45,6,0.35,0.2393,0.2937,0.2665,False
0.15,-0.4,7,0.2,0.1988,0.3344,0.2666,False
0.3,-0.55,4,0.1,0.2272,0.306,0.2666,False
0.2,-0.45,6,0.2,0.2067,0.3266,0.2666,False
0.6,-0.15,4,0.15,0.3091,0.2241,0.2666,False
0.45,-0.5,4,0.3,0.2579,0.2752,0.2666,False
0.55,-0.35,4,0.2,0.2846,0.2488,0.2667,False
0.4,-0.45,6,0.5,0.2423,0.291,0.2667,False
0.1,-0.55,4,0.4,0.2031,0.3303,0.2667,False
0.55,-0.35,5,0.35,0.2811,0.2525,0.2668,False
0.35,-0.5,5,0.55,0.2386,0.2949,0.2668,False
0.6,-0.2,7,0.15,0.2941,0.2395,0.2668,False
0.5,-0.35,7,0.1,0.2567,0.277,0.2668,False
0.5,-0.45,4,0.55,0.2748,0.2587,0.2668,False
0.1,-0.55,4,0.35,0.2024,0.3313,0.2669,False
0.6,-0.25,6,0.45,0.2969,0.237,0.2669,False
0.1,-0.55,4,0.45,0.2043,0.3295,0.2669,False
0.45,-0.4,7,0.2,0.2439,0.2898,0.2669,False
0.5,-0.45,4,0.3,0.2704,0.2637,0.267,False
0.45,-0.45,5,0.25,0.2536,0.2804,0.267,False
0.6,-0.25,7,0.3,0.2899,0.2441,0.267,False
0.6,-0.1,5,0.1,0.3112,0.2229,0.2671,False
0.6,-0.25,4,0.55,0.3081,0.2261,0.2671,False
0.2,-0.5,5,0.2,0.21,0.3242,0.2671,False
0.6,-0.25,4,0.35,0.3043,0.2298,0.2671,False
0.6,-0.25,6,0.4,0.2961,0.2381,0.2671,False
0.6,-0.25,6,0.5,0.298,0.2363,0.2671,False
0.5,-0.45,3,0.05,0.2736,0.2605,0.2671,False
0.05,-0.35,7,0.2,0.1917,0.3425,0.2671,False
0.45,-0.4,6,0.1,0.2491,0.2853,0.2672,False
0.6,-0.2,4,0.2,0.306,0.2283,0.2672,False
0.25,-0.5,5,0.15,0.2167,0.3178,0.2672,False
0.55,-0.35,5,0.55,0.2852,0.2491,0.2672,False
0.6,-0.25,5,0.45,0.3017,0.2327,0.2672,False
0.4,-0.45,6,0.3,0.239,0.2953,0.2672,False
0.55,-0.4,3,0.2,0.2877,0.2468,0.2672,False
0.55,-0.3,5,0.1,0.2822,0.2523,0.2672,False
0.6,-0.2,5,0.2,0.3024,0.2321,0.2673,False
0.6,-0.25,5,0.4,0.3009,0.2339,0.2674,False
0.5,-0.4,5,0.2,0.2659,0.2689,0.2674,False
0.2,-0.4,7,0.05,0.2044,0.3304,0.2674,False
0.35,-0.45,6,0.15,0.229,0.3058,0.2674,False
0.5,-0.5,3,0.2,0.2732,0.2616,0.2674,False
0.4,-0.45,6,0.55,0.2441,0.2908,0.2674,False
0.6,-0.25,5,0.5,0.3028,0.232,0.2674,False
0.35,-0.5,5,0.25,0.2336,0.3011,0.2674,False
0.1,-0.55,4,0.3,0.2021,0.3327,0.2674,False
0.55,-0.3,4,0.05,0.2871,0.248,0.2675,False
0.25,-0.55,4,0.05,0.2198,0.3151,0.2675,False
0.6,-0.25,3,0.25,0.3072,0.2278,0.2675,False
0.1,-0.55,4,0.5,0.206,0.329,0.2675,False
0.6,-0.1,4,0.1,0.3135,0.2216,0.2675,False
0.55,-0.35,5,0.3,0.2809,0.2543,0.2676,False
0.6,-0.1,7,0.05,0.3073,0.228,0.2676,False
0.05,-0.45,5,0.4,0.1975,0.3377,0.2676,False
0.3,-0.45,6,0.1,0.2209,0.3143,0.2676,False
0.6,-0.25,6,0.35,0.2956,0.2396,0.2676,False
0.45,-0.5,4,0.25,0.258,0.2772,0.2676,False
0.4,-0.5,4,0.05,0.2468,0.2884,0.2676,False
0.6,-0.25,6,0.55,0.2995,0.2359,0.2677,False
0.6,-0.1,3,0.1,0.3154,0.22,0.2677,False
0.4,-0.45,5,0.05,0.2431,0.2923,0.2677,False
0.6,-0.15,6,0.1,0.3036,0.2317,0.2677,False
0.3,-0.5,5,0.15,0.2248,0.3108,0.2678,False
0.05,-0.45,5,0.35,0.1968,0.3388,0.2678,False
0.6,-0.25,4,0.3,0.3041,0.2318,0.2679,False
0.4,-0.4,7,0.05,0.2347,0.301,0.2679,False
0.55,-0.3,7,0.1,0.2723,0.2634,0.2679,False
0.6,-0.25,5,0.35,0.3004,0.2354,0.2679,False
0.05,-0.45,5,0.45,0.1988,0.337,0.2679,False
0.25,-0.45,6,0.1,0.2138,0.322,0.2679,False
0.5,-0.4,6,0.4,0.2631,0.273,0.268,False
0.05,-0.5,4,0.1,0.1962,0.3399,0.268,False
0.6,-0.25,5,0.55,0.3042,0.2317,0.268,False
0.2,-0.55,4,0.05,0.213,0.323,0.268,False
0.15,-0.5,5,0.4,0.2074,0.3285,0.268,False
0.5,-0.4,6,0.45,0.264,0.272,0.268,False
0.5,-0.35,6,0.05,0.2628,0.2732,0.268,False
0.5,-0.4,4,0.05,0.2711,0.2649,0.268,False
0.15,-0.5,5,0.45,0.2086,0.3277,0.2681,False
0.35,-0.55,4,0.15,0.2373,0.2989,0.2681,False
0.15,-0.5,5,0.35,0.2067,0.3296,0.2681,False
0.5,-0.45,4,0.25,0.2705,0.2658,0.2682,False
0.6,-0.25,7,0.25,0.29,0.2463,0.2682,False
0.4,-0.45,6,0.25,0.2392,0.2971,0.2682,False
0.55,-0.3,6,0.1,0.2777,0.2587,0.2682,False
0.1,-0.55,4,0.25,0.2023,0.3343,0.2683,False
0.05,-0.45,5,0.3,0.1965,0.3401,0.2683,False
0.6,-0.3,3,0.45,0.308,0.2285,0.2683,False
0.5,-0.4,6,0.5,0.2653,0.2714,0.2683,False
0.15,-0.4,7,0.15,0.2,0.3366,0.2683,False
0.2,-0.45,6,0.15,0.2078,0.3288,0.2683,False
0.5,-0.4,6,0.35,0.2625,0.2743,0.2684,False
0.45,-0.45,5,0.2,0.2541,0.2827,0.2684,False
0.6,-0.2,6,0.15,0.2989,0.238,0.2684,False
0.15,-0.45,6,0.4,0.2052,0.3316,0.2684,False
0.6,-0.25,6,0.3,0.2954,0.2414,0.2684,False
0.1,-0.55,4,0.55,0.2081,0.3287,0.2684,False
0.55,-0.35,6,0.45,0.2782,0.2587,0.2684,False
0.15,-0.55,4,0.1,0.2069,0.3298,0.2684,False
0.05,-0.4,6,0.4,0.1966,0.3401,0.2684,False
0.6,-0.2,3,0.15,0.3097,0.2271,0.2684,False
0.05,-0.4,6,0.35,0.1959,0.3411,0.2685,False
0.05,-0.45,5,0.5,0.2005,0.3365,0.2685,False
0.4,-0.55,4,0.4,0.2499,0.2872,0.2685,False
0.6,-0.3,3,0.5,0.3091,0.2278,0.2685,False
0.6,-0.3,3,0.4,0.3072,0.2297,0.2685,False
0.45,-0.55,3,0.1,0.2613,0.2756,0.2685,False
0.55,-0.35,6,0.4,0.2773,0.2597,0.2685,False
0.55,-0.35,4,0.15,0.2854,0.2517,0.2686,False
0.1,-0.4,6,0.05,0.1978,0.3395,0.2686,False
0.15,-0.45,6,0.35,0.2045,0.3326,0.2686,False
0.15,-0.45,6,0.45,0.2064,0.3308,0.2686,False
0.45,-0.4,7,0.15,0.2449,0.2923,0.2686,False
0.4,-0.55,4,0.45,0.2509,0.2863,0.2686,False
0.05,-0.4,6,0.45,0.1979,0.3393,0.2686,False
0.6,-0.15,5,0.1,0.3071,0.2301,0.2686,False
0.4,-0.6,3,0.1,0.2504,0.2868,0.2686,False
0.1,-0.45,5,0.05,0.1997,0.3377,0.2687,False
0.15,-0.5,5,0.3,0.2064,0.331,0.2687,False
0.55,-0.35,6,0.5,0.2794,0.258,0.2687,False
0.55,-0.35,3,0.05,0.2899,0.2476,0.2687,False
0.35,-0.5,5,0.2,0.2342,0.3032,0.2687,False
0.15,-0.5,5,0.5,0.2102,0.3272,0.2687,False
0.6,-0.25,5,0.3,0.3002,0.2373,0.2687,False
0.6,-0.15,3,0.1,0.3127,0.2249,0.2688,False
0.2,-0.5,5,0.15,0.2111,0.3265,0.2688,False
0.4,-0.55,4,0.35,0.2493,0.2884,0.2688,False
0.6,-0.15,7,0.05,0.3011,0.2364,0.2688,False
0.55,-0.35,5,0.25,0.281,0.2565,0.2688,False
0.05,-0.35,7,0.15,0.1929,0.3446,0.2688,False
0.4,-0.55,4,0.5,0.2522,0.2857,0.2689,False
0.05,-0.6,3,0.05,0.1979,0.3398,0.2689,False
0.55,-0.35,6,0.35,0.2768,0.2611,0.2689,False
0.6,-0.1,6,0.05,0.31,0.2278,0.2689,False
0.45,-0.5,4,0.2,0.2586,0.2795,0.269,False
0.6,-0.3,3,0.35,0.3067,0.2312,0.269,False
0.5,-0.4,6,0.55,0.2669,0.2711,0.269,False
0.6,-0.15,4,0.1,0.3102,0.2277,0.269,False
0.3,-0.55,4,0.05,0.229,0.309,0.269,False
0.05,-0.4,6,0.3,0.1956,0.3425,0.269,False
0.55,-0.35,7,0.45,0.2729,0.2651,0.269,False
0.55,-0.35,7,0.4,0.272,0.2661,0.269,False
0.6,-0.3,3,0.55,0.3105,0.2275,0.269,False
0.6,-0.2,7,0.1,0.2952,0.243,0.2691,False
0.5,-0.4,6,0.3,0.2623,0.2759,0.2691,False
0.6,-0.2,4,0.15,0.3068,0.2315,0.2691,False
0.15,-0.45,6,0.5,0.208,0.3303,0.2691,False
0.55,-0.4,3,0.15,0.2885,0.2497,0.2691,False
0.6,-0.25,3,0.2,0.3077,0.2306,0.2691,False
0.15,-0.45,6,0.3,0.2042,0.334,0.2691,False
0.5,-0.4,5,0.15,0.2668,0.2716,0.2692,False
0.5,-0.5,3,0.15,0.274,0.2644,0.2692,False
0.55,-0.45,3,0.45,0.2906,0.2478,0.2692,False
0.05,-0.4,6,0.5,0.1996,0.3388,0.2692,False
0.05,-0.45,5,0.25,0.1967,0.3417,0.2692,False
0.6,-0.25,4,0.25,0.3042,0.2341,0.2692,False
0.6,-0.2,5,0.15,0.3032,0.2353,0.2692,False
0.5,-0.35,7,0.05,0.2583,0.2804,0.2693,False
0.55,-0.45,3,0.4,0.2898,0.2488,0.2693,False
0.55,-0.35,7,0.5,0.2741,0.2645,0.2693,False
0.25,-0.5,5,0.1,0.2182,0.3204,0.2693,False
0.55,-0.35,6,0.55,0.2809,0.2577,0.2693,False
0.55,-0.35,7,0.35,0.2714,0.2674,0.2694,False
0.35,-0.45,6,0.1,0.2304,0.3085,0.2694,False
0.05,-0.45,5,0.55,0.2026,0.3362,0.2694,False
0.4,-0.45,6,0.2,0.2398,0.2993,0.2695,False
0.55,-0.45,3,0.5,0.2918,0.2471,0.2695,False
0.4,-0.55,4,0.3,0.2491,0.29,0.2695,False
0.55,-0.4,4,0.45,0.2876,0.2517,0.2696,False
0.3,-0.45,7,0.4,0.2214,0.3179,0.2696,False
0.6,-0.25,6,0.25,0.2955,0.2437,0.2696,False
0.45,-0.6,3,0.45,0.2654,0.2737,0.2696,False
0.45,-0.6,3,0.4,0.2645,0.2747,0.2696,False
0.1,-0.55,4,0.2,0.203,0.3363,0.2696,False
0.45,-0.4,6,0.05,0.2508,0.2885,0.2696,False
0.15,-0.5,5,0.55,0.2122,0.327,0.2696,False
0.15,-0.5,5,0.25,0.2066,0.3326,0.2696,False
0.5,-0.45,4,0.2,0.271,0.2682,0.2696,False
0.55,-0.35,6,0.3,0.2766,0.2628,0.2697,False
0.6,-0.25,7,0.2,0.2905,0.2489,0.2697,False
0.4,-0.55,4,0.55,0.2539,0.2854,0.2697,False
0.55,-0.4,4,0.4,0.2867,0.2527,0.2697,False
0.3,-0.45,7,0.45,0.2225,0.3171,0.2698,False
0.3,-0.5,5,0.1,0.2262,0.3135,0.2698,False
0.55,-0.45,3,0.35,0.2893,0.2503,0.2698,False
0.55,-0.3,5,0.05,0.2836,0.2559,0.2698,False
0.6,-0.1,5,0.05,0.3126,0.227,0.2698,False
0.55,-0.4,4,0.5,0.2888,0.251,0.2699,False
0.45,-0.6,3,0.35,0.2639,0.276,0.2699,False
0.6,-0.3,3,0.3,0.3066,0.2332,0.2699,False
0.55,-0.35,7,0.55,0.2757,0.2642,0.2699,False
0.05,-0.4,6,0.25,0.1958,0.3441,0.2699,False
0.3,-0.45,7,0.35,0.2207,0.319,0.2699,False
0.45,-0.6,3,0.5,0.2667,0.2731,0.2699,False
0.6,-0.25,5,0.25,0.3003,0.2396,0.27,False
0.15,-0.45,6,0.25,0.2044,0.3356,0.27,False
0.3,-0.45,6,0.05,0.2228,0.3173,0.27,False
0.4,-0.5,5,0.4,0.2468,0.2932,0.27,False
0.4,-0.5,5,0.45,0.2478,0.2923,0.2701,False
0.35,-0.45,7,0.4,0.2293,0.3108,0.2701,False
0.45,-0.45,5,0.15,0.255,0.2853,0.2701,False
0.15,-0.45,6,0.55,0.2101,0.3301,0.2701,False
0.55,-0.45,3,0.55,0.2933,0.2468,0.2701,False
0.5,-0.4,6,0.25,0.2625,0.2779,0.2702,False
0.35,-0.55,4,0.1,0.2386,0.3017,0.2702,False
0.55,-0.35,7,0.3,0.2712,0.2691,0.2702,False
0.55,-0.4,4,0.35,0.2862,0.2541,0.2702,False
0.05,-0.4,6,0.55,0.2018,0.3386,0.2702,False
0.55,-0.35,5,0.2,0.2815,0.259,0.2702,False
0.35,-0.45,7,0.45,0.2303,0.31,0.2702,False
0.6,-0.15,6,0.05,0.305,0.2357,0.2703,False
0.15,-0.4,7,0.1,0.2016,0.339,0.2703,False
0.3,-0.45,7,0.5,0.224,0.3165,0.2703,False
0.25,-0.45,6,0.05,0.2158,0.3249,0.2703,False
0.4,-0.5,5,0.35,0.2462,0.2945,0.2703,False
0.2,-0.45,6,0.1,0.2094,0.3313,0.2703,False
0.35,-0.45,7,0.35,0.2286,0.312,0.2703,False
0.6,-0.1,4,0.05,0.3148,0.2257,0.2703,False
0.55,-0.3,7,0.05,0.2739,0.2669,0.2704,False
0.35,-0.5,5,0.15,0.2352,0.3057,0.2704,False
0.6,-0.1,3,0.05,0.3167,0.2241,0.2704,False
0.05,-0.5,4,0.05,0.1983,0.3426,0.2705,False
0.3,-0.45,7,0.3,0.2205,0.3204,0.2705,False
0.4,-0.5,5,0.5,0.2491,0.2918,0.2705,False
0.4,-0.55,4,0.25,0.2492,0.2918,0.2705,False
0.05,-0.45,5,0.2,0.1974,0.3436,0.2705,False
0.55,-0.4,4,0.55,0.2903,0.2507,0.2705,False
0.5,-0.4,7,0.45,0.26,0.2812,0.2706,False
0.5,-0.4,7,0.4,0.2591,0.2821,0.2706,False
0.55,-0.45,3,0.3,0.2891,0.2521,0.2706,False
0.45,-0.6,3,0.55,0.2683,0.2728,0.2706,False
0.35,-0.45,7,0.5,0.2318,0.3095,0.2706,False
0.45,-0.6,3,0.3,0.2637,0.2776,0.2707,False
0.55,-0.3,6,0.05,0.2792,0.2623,0.2707,False
0.25,-0.6,4,0.4,0.2257,0.3157,0.2707,False
0.6,-0.2,6,0.1,0.3,0.2415,0.2707,False
0.45,-0.4,7,0.1,0.2462,0.2952,0.2707,False
0.6,-0.2,3,0.1,0.3107,0.2307,0.2707,False
0.55,-0.35,4,0.1,0.2866,0.255,0.2708,False
0.55,-0.35,6,0.25,0.2767,0.2649,0.2708,False
0.05,-0.35,7,0.1,0.1946,0.347,0.2708,False
0.45,-0.5,4,0.15,0.2594,0.2821,0.2708,False
0.25,-0.6,4,0.45,0.2268,0.3149,0.2708,False
0.2,-0.5,5,0.1,0.2127,0.329,0.2708,False
0.6,-0.25,4,0.2,0.3047,0.2369,0.2708,False
0.15,-0.55,4,0.05,0.209,0.3326,0.2708,False
0.15,-0.5,5,0.2,0.2073,0.3346,0.2709,False
0.45,-0.55,3,0.05,0.2629,0.279,0.2709,False
0.35,-0.45,7,0.3,0.2284,0.3134,0.2709,False
0.25,-0.6,4,0.35,0.225,0.3168,0.2709,False
0.5,-0.4,7,0.5,0.2613,0.2806,0.2709,False
0.5,-0.4,7,0.35,0.2585,0.2834,0.2709,False
0.4,-0.6,3,0.05,0.252,0.29,0.271,False
0.4,-0.5,5,0.3,0.246,0.296,0.271,False
0.55,-0.4,4,0.3,0.286,0.2559,0.271,False
0.6,-0.3,3,0.25,0.3067,0.2355,0.2711,False
0.6,-0.3,4,0.45,0.3052,0.237,0.2711,False
0.6,-0.25,6,0.2,0.296,0.2463,0.2711,False
0.6,-0.25,3,0.15,0.3084,0.2338,0.2711,False
0.3,-0.45,7,0.55,0.226,0.3163,0.2711,False
0.05,-0.4,6,0.2,0.1965,0.3459,0.2712,False
0.4,-0.45,6,0.15,0.2407,0.3017,0.2712,False
0.4,-0.5,5,0.55,0.2509,0.2915,0.2712,False
0.55,-0.35,7,0.25,0.2714,0.2711,0.2713,False
0.25,-0.45,7,0.4,0.2161,0.3266,0.2713,False
0.5,-0.55,3,0.45,0.2781,0.2645,0.2713,False
0.5,-0.4,5,0.1,0.268,0.2746,0.2713,False
0.6,-0.15,5,0.05,0.3085,0.2341,0.2713,False
0.6,-0.3,4,0.5,0.3063,0.2363,0.2713,False
0.15,-0.45,6,0.2,0.2051,0.3375,0.2713,False
0.25,-0.6,4,0.5,0.2283,0.3144,0.2713,False
0.1,-0.55,4,0.15,0.2041,0.3384,0.2713,False
0.55,-0.4,3,0.1,0.2896,0.253,0.2713,False
0.6,-0.3,4,0.4,0.3044,0.2381,0.2713,False
0.5,-0.5,3,0.1,0.2752,0.2676,0.2714,False
0.1,-0.4,7,0.4,0.2012,0.3416,0.2714,False
0.5,-0.45,4,0.15,0.2718,0.2709,0.2714,False
0.3,-0.45,7,0.25,0.2207,0.3221,0.2714,False
0.6,-0.2,4,0.1,0.3078,0.235,0.2714,False
0.5,-0.55,3,0.4,0.2772,0.2655,0.2714,False
0.6,-0.25,5,0.2,0.3008,0.2423,0.2715,False
0.6,-0.2,5,0.1,0.3043,0.2388,0.2715,False
0.25,-0.45,7,0.35,0.2154,0.3277,0.2715,False
0.35,-0.45,7,0.55,0.2337,0.3092,0.2715,False
0.6,-0.15,3,0.05,0.314,0.229,0.2715,False
0.25,-0.45,7,0.45,0.2172,0.3258,0.2715,False
0.25,-0.6,4,0.3,0.2248,0.3183,0.2715,False
0.5,-0.4,6,0.2,0.263,0.2802,0.2716,False
0.1,-0.4,7,0.45,0.2024,0.3408,0.2716,False
0.1,-0.4,7,0.35,0.2005,0.3426,0.2716,False
0.2,-0.6,4,0.4,0.2195,0.3238,0.2716,False
0.6,-0.25,7,0.15,0.2913,0.2518,0.2716,False
0.5,-0.4,7,0.3,0.2583,0.285,0.2716,False
0.5,-0.55,3,0.5,0.2793,0.2639,0.2716,False
0.6,-0.15,4,0.05,0.3115,0.2318,0.2716,False
0.5,-0.4,7,0.55,0.263,0.2803,0.2716,False
0.6,-0.2,7,0.05,0.2966,0.2468,0.2717,False
0.45,-0.6,3,0.25,0.2639,0.2796,0.2717,False
0.55,-0.45,3,0.25,0.2892,0.2542,0.2717,False
0.25,-0.5,5,0.05,0.2201,0.3233,0.2717,False
0.2,-0.6,4,0.45,0.2206,0.323,0.2718,False
0.6,-0.3,4,0.35,0.3039,0.2396,0.2718,False
0.35,-0.45,6,0.05,0.2322,0.3114,0.2718,False
0.5,-0.55,3,0.35,0.2767,0.2669,0.2718,False
0.3,-0.6,4,0.4,0.2343,0.3093,0.2718,False
0.2,-0.6,4,0.35,0.2188,0.3249,0.2719,False
0.35,-0.45,7,0.25,0.2286,0.3152,0.2719,False
0.3,-0.6,4,0.45,0.2354,0.3085,0.2719,False
0.4,-0.55,4,0.2,0.2498,0.294,0.2719,False
0.6,-0.3,4,0.55,0.3077,0.236,0.2719,False
0.45,-0.45,6,0.4,0.2535,0.2904,0.2719,False
0.25,-0.45,7,0.5,0.2188,0.3253,0.272,False
0.45,-0.45,6,0.45,0.2545,0.2895,0.272,False
0.4,-0.5,5,0.25,0.2461,0.2978,0.272,False
0.1,-0.4,7,0.3,0.2002,0.344,0.2721,False
0.25,-0.45,7,0.3,0.2151,0.3291,0.2721,False
0.25,-0.6,4,0.55,0.2301,0.3141,0.2721,False
0.3,-0.6,4,0.35,0.2337,0.3105,0.2721,False
0.55,-0.4,4,0.25,0.2862,0.258,0.2721,False
0.55,-0.35,5,0.15,0.2823,0.2618,0.2721,False
0.5,-0.55,3,0.55,0.2808,0.2636,0.2722,False
0.6,-0.3,7,0.45,0.2904,0.254,0.2722,False
0.3,-0.5,5,0.05,0.2281,0.3164,0.2722,False
0.55,-0.35,6,0.2,0.2772,0.2673,0.2722,False
0.45,-0.45,5,0.1,0.2563,0.2882,0.2722,False
0.1,-0.4,7,0.5,0.2041,0.3403,0.2722,False
0.05,-0.45,5,0.15,0.1986,0.3457,0.2722,False
0.45,-0.45,6,0.5,0.2558,0.2889,0.2723,False
0.45,-0.45,6,0.35,0.2529,0.2916,0.2723,False
0.6,-0.3,7,0.4,0.2896,0.2551,0.2723,False
0.2,-0.6,4,0.5,0.2221,0.3225,0.2723,False
0.3,-0.6,4,0.5,0.2368,0.3079,0.2724,False
0.2,-0.6,4,0.3,0.2185,0.3263,0.2724,False
0.4,-0.45,7,0.4,0.2394,0.3056,0.2725,False
0.25,-0.6,4,0.25,0.225,0.32,0.2725,False
0.6,-0.3,7,0.5,0.2916,0.2534,0.2725,False
0.5,-0.55,3,0.3,0.2765,0.2686,0.2725,False
0.35,-0.5,5,0.1,0.2366,0.3084,0.2725,False
0.15,-0.5,5,0.15,0.2084,0.3367,0.2726,False
0.6,-0.3,4,0.3,0.3037,0.2415,0.2726,False
0.35,-0.55,4,0.05,0.2404,0.3047,0.2726,False
0.4,-0.45,7,0.45,0.2404,0.3048,0.2726,False
0.55,-0.35,7,0.2,0.2719,0.2735,0.2727,False
0.15,-0.4,7,0.05,0.2037,0.3418,0.2727,False
0.3,-0.6,4,0.3,0.2335,0.3119,0.2727,False
0.2,-0.45,6,0.05,0.2114,0.3341,0.2727,False
0.6,-0.3,3,0.2,0.3071,0.2382,0.2727,False
0.6,-0.35,3,0.45,0.3083,0.2372,0.2727,False
0.6,-0.25,4,0.15,0.3054,0.2399,0.2727,False
0.3,-0.45,7,0.2,0.2213,0.3241,0.2727,False
0.5,-0.4,7,0.25,0.2584,0.2869,0.2727,False
0.65,-0.1,7,0.45,0.3264,0.2191,0.2727,False
0.6,-0.3,7,0.35,0.2891,0.2565,0.2728,False
0.4,-0.45,7,0.35,0.2388,0.3068,0.2728,False
0.6,-0.35,3,0.4,0.3075,0.2383,0.2729,False
0.15,-0.45,6,0.15,0.2062,0.3397,0.2729,False
0.45,-0.5,4,0.1,0.2607,0.2851,0.2729,False
0.6,-0.35,3,0.5,0.3094,0.2365,0.2729,False
0.45,-0.45,6,0.3,0.2527,0.2931,0.2729,False
0.05,-0.4,6,0.15,0.1977,0.348,0.2729,False
0.6,-0.3,5,0.45,0.3013,0.2444,0.2729,False
0.25,-0.45,7,0.55,0.2207,0.3251,0.2729,False
0.65,-0.1,7,0.5,0.3274,0.2183,0.2729,False
0.4,-0.45,7,0.5,0.2418,0.3042,0.273,False
0.6,-0.3,5,0.4,0.3005,0.2455,0.273,False
0.25,-0.45,7,0.25,0.2153,0.3307,0.273,False
0.6,-0.25,6,0.15,0.2968,0.2493,0.273,False
0.65,-0.1,7,0.4,0.3256,0.2203,0.273,False
0.1,-0.4,7,0.25,0.2004,0.3455,0.273,False
0.6,-0.3,5,0.5,0.3024,0.2437,0.2731,False
0.45,-0.45,6,0.55,0.2575,0.2886,0.2731,False
0.45,-0.4,7,0.05,0.2479,0.2983,0.2731,False
0.6,-0.3,7,0.55,0.2931,0.2531,0.2731,False
0.45,-0.6,3,0.2,0.2644,0.2819,0.2731,False
0.55,-0.45,3,0.2,0.2897,0.2568,0.2732,False
0.2,-0.5,5,0.05,0.2146,0.3318,0.2732,False
0.3,-0.6,4,0.55,0.2386,0.3077,0.2732,False
0.35,-0.45,7,0.2,0.2292,0.3172,0.2732,False
0.1,-0.4,7,0.55,0.2062,0.3401,0.2732,False
0.6,-0.3,6,0.45,0.2963,0.2501,0.2732,False
0.05,-0.35,7,0.05,0.1967,0.3497,0.2732,False
0.2,-0.6,4,0.55,0.224,0.3223,0.2732,False
0.6,-0.3,6,0.4,0.2955,0.2512,0.2733,False
0.1,-0.55,4,0.1,0.2057,0.3409,0.2733,False
0.5,-0.4,6,0.15,0.2639,0.2828,0.2733,False
0.4,-0.5,5,0.2,0.2467,0.3,0.2733,False
0.55,-0.35,4,0.05,0.288,0.2586,0.2733,False
0.4,-0.45,6,0.1,0.2421,0.3044,0.2733,False
0.6,-0.2,6,0.05,0.3014,0.2453,0.2733,False
0.65,-0.1,7,0.55,0.3287,0.218,0.2734,False
0.2,-0.6,4,0.25,0.2187,0.328,0.2734,False
0.6,-0.2,3,0.05,0.312,0.2347,0.2734,False
0.4,-0.45,7,0.3,0.2386,0.3083,0.2734,False
0.6,-0.35,3,0.35,0.307,0.2398,0.2734,False
0.6,-0.3,6,0.5,0.2974,0.2495,0.2734,False
0.6,-0.25,3,0.1,0.3095,0.2373,0.2734,False
0.6,-0.25,5,0.15,0.3015,0.2453,0.2734,False
0.5,-0.45,4,0.1,0.273,0.274,0.2735,False
0.6,-0.3,5,0.35,0.3,0.2469,0.2735,False
0.6,-0.35,3,0.55,0.3108,0.2361,0.2735,False
0.65,-0.15,7,0.45,0.32,0.2271,0.2735,False
0.65,-0.1,7,0.35,0.3252,0.2219,0.2735,False
0.6,-0.3,7,0.3,0.2889,0.2582,0.2736,False
0.55,-0.4,4,0.2,0.2866,0.2605,0.2736,False
0.6,-0.3,5,0.55,0.3038,0.2434,0.2736,False
0.5,-0.55,3,0.25,0.2766,0.2706,0.2736,False
0.4,-0.55,4,0.15,0.2507,0.2965,0.2736,False
0.65,-0.15,7,0.4,0.3192,0.2282,0.2737,False
0.3,-0.6,4,0.25,0.2336,0.3137,0.2737,False
0.5,-0.45,5,0.4,0.2707,0.2768,0.2737,False
0.65,-0.15,7,0.5,0.321,0.2263,0.2737,False
0.5,-0.45,5,0.45,0.2716,0.2758,0.2737,False
0.4,-0.45,7,0.55,0.2436,0.304,0.2738,False
0.6,-0.25,7,0.1,0.2924,0.2551,0.2738,False
0.5,-0.4,5,0.05,0.2695,0.278,0.2738,False
0.6,-0.3,4,0.25,0.3039,0.2438,0.2738,False
0.25,-0.6,4,0.2,0.2256,0.322,0.2738,False
0.6,-0.3,6,0.35,0.295,0.2526,0.2738,False
0.45,-0.45,6,0.25,0.2529,0.295,0.2739,False
0.5,-0.5,3,0.05,0.2767,0.271,0.2739,False
0.55,-0.4,3,0.05,0.2911,0.2567,0.2739,False
0.6,-0.3,6,0.55,0.2989,0.2492,0.274,False
0.1,-0.5,5,0.4,0.2075,0.3405,0.274,False
0.05,-0.55,4,0.4,0.2048,0.3431,0.274,False
0.55,-0.35,6,0.15,0.278,0.27,0.274,False
0.5,-0.4,7,0.2,0.259,0.2891,0.274,False
0.5,-0.45,5,0.5,0.2728,0.2752,0.274,False
0.6,-0.2,5,0.05,0.3056,0.2426,0.2741,False
0.6,-0.2,4,0.05,0.3092,0.2389,0.2741,False
0.5,-0.45,5,0.35,0.2701,0.2781,0.2741,False
0.05,-0.55,4,0.35,0.2041,0.3442,0.2741,False
0.1,-0.5,5,0.45,0.2087,0.3397,0.2742,False
0.6,-0.35,3,0.3,0.3068,0.2416,0.2742,False
0.05,-0.45,5,0.1,0.2002,0.3481,0.2742,False
0.1,-0.5,5,0.35,0.2068,0.3416,0.2742,False
0.65,-0.1,6,0.45,0.3292,0.2193,0.2742,False
0.65,-0.15,7,0.55,0.3224,0.226,0.2742,False
0.55,-0.35,5,0.1,0.2835,0.2649,0.2742,False
0.05,-0.55,4,0.45,0.206,0.3424,0.2742,False
0.1,-0.4,7,0.2,0.2011,0.3474,0.2742,False
0.25,-0.45,7,0.2,0.216,0.3327,0.2743,False
0.6,-0.3,5,0.3,0.2998,0.2488,0.2743,False
0.65,-0.15,7,0.35,0.3187,0.2298,0.2743,False
0.3,-0.45,7,0.15,0.2223,0.3264,0.2743,False
0.65,-0.1,6,0.5,0.3302,0.2185,0.2744,False
0.4,-0.45,7,0.25,0.2387,0.31,0.2744,False
0.55,-0.35,7,0.15,0.2727,0.2762,0.2744,False
0.65,-0.1,6,0.4,0.3285,0.2205,0.2745,False
0.65,-0.1,7,0.3,0.325,0.2239,0.2745,False
0.15,-0.5,5,0.1,0.2099,0.3392,0.2746,False
0.2,-0.6,4,0.2,0.2193,0.3299,0.2746,False
0.6,-0.3,3,0.15,0.3079,0.2413,0.2746,False
0.6,-0.3,6,0.3,0.2948,0.2544,0.2746,False
0.45,-0.45,5,0.05,0.2579,0.2914,0.2746,False
0.15,-0.6,4,0.4,0.2159,0.3336,0.2747,False
0.05,-0.55,4,0.3,0.2038,0.3455,0.2747,False
0.55,-0.4,5,0.45,0.2852,0.2643,0.2747,False
0.5,-0.45,5,0.55,0.2744,0.2749,0.2747,False
0.1,-0.5,5,0.3,0.2065,0.3429,0.2747,False
0.6,-0.3,7,0.25,0.289,0.2603,0.2747,False
0.45,-0.6,3,0.15,0.2652,0.2845,0.2748,False
0.5,-0.45,5,0.3,0.2699,0.2797,0.2748,False
0.1,-0.5,5,0.5,0.2103,0.3392,0.2748,False
0.35,-0.45,7,0.15,0.2302,0.3195,0.2748,False
0.55,-0.4,5,0.4,0.2843,0.2653,0.2748,False
0.35,-0.5,5,0.05,0.2383,0.3114,0.2748,False
0.05,-0.55,4,0.5,0.2077,0.3419,0.2748,False
0.15,-0.6,4,0.45,0.217,0.3328,0.2749,False
0.15,-0.6,4,0.35,0.2152,0.3346,0.2749,False
0.65,-0.1,6,0.55,0.3316,0.2182,0.2749,False
0.6,-0.25,4,0.1,0.3065,0.2434,0.2749,False
0.15,-0.45,6,0.1,0.2077,0.3422,0.2749,False
0.05,-0.4,6,0.1,0.1993,0.3504,0.2749,False
0.4,-0.5,5,0.15,0.2476,0.3024,0.275,False
0.3,-0.6,4,0.2,0.2342,0.3157,0.275,False
0.55,-0.45,3,0.15,0.2905,0.2596,0.275,False
0.5,-0.5,4,0.45,0.2766,0.2734,0.275,False
0.35,-0.6,4,0.4,0.2452,0.3048,0.275,False
0.55,-0.4,5,0.5,0.2863,0.2637,0.275,False
0.65,-0.1,6,0.35,0.328,0.2221,0.275,False
0.5,-0.55,3,0.2,0.2771,0.2729,0.275,False
0.5,-0.5,4,0.4,0.2757,0.2744,0.2751,False
0.35,-0.6,4,0.45,0.2462,0.304,0.2751,False
0.2,-0.45,7,0.4,0.2135,0.3369,0.2752,False
0.6,-0.25,6,0.1,0.2979,0.2526,0.2752,False
0.55,-0.4,5,0.35,0.2838,0.2667,0.2752,False
0.65,-0.15,7,0.3,0.3186,0.2317,0.2752,False
0.45,-0.45,6,0.2,0.2534,0.2972,0.2753,False
0.35,-0.6,4,0.35,0.2446,0.306,0.2753,False
0.45,-0.5,4,0.05,0.2623,0.2883,0.2753,False
0.5,-0.5,4,0.5,0.2778,0.2728,0.2753,False
0.65,-0.1,5,0.45,0.3319,0.2188,0.2753,False
0.1,-0.45,6,0.4,0.2065,0.3442,0.2753,False
0.5,-0.4,6,0.1,0.2651,0.2857,0.2754,False
0.2,-0.45,7,0.45,0.2146,0.3361,0.2754,False
0.25,-0.6,4,0.15,0.2266,0.3243,0.2754,False
0.5,-0.5,4,0.35,0.2752,0.2757,0.2754,False
0.65,-0.15,6,0.45,0.324,0.2268,0.2754,False
0.15,-0.6,4,0.5,0.2185,0.3323,0.2754,False
0.2,-0.45,7,0.35,0.2128,0.338,0.2754,False
0.6,-0.35,3,0.25,0.3069,0.2439,0.2754,False
0.6,-0.3,5,0.25,0.2999,0.251,0.2754,False
0.6,-0.3,4,0.2,0.3043,0.2464,0.2754,False
0.55,-0.4,4,0.15,0.2874,0.2633,0.2754,False
0.15,-0.6,4,0.3,0.2149,0.336,0.2755,False
0.65,-0.1,5,0.5,0.3329,0.2181,0.2755,False
0.1,-0.45,6,0.45,0.2077,0.3434,0.2755,False
0.35,-0.6,4,0.5,0.2475,0.3034,0.2755,False
0.1,-0.45,6,0.35,0.2058,0.3452,0.2755,False
0.6,-0.25,5,0.1,0.3026,0.2486,0.2756,False
0.55,-0.4,5,0.55,0.2878,0.2634,0.2756,False
0.4,-0.45,6,0.05,0.2438,0.3075,0.2756,False
0.65,-0.15,6,0.5,0.3251,0.2261,0.2756,False
0.05,-0.55,4,0.25,0.204,0.3471,0.2756,False
0.65,-0.1,5,0.4,0.3311,0.22,0.2756,False
0.65,-0.15,6,0.4,0.3233,0.228,0.2756,False
0.1,-0.5,5,0.25,0.2067,0.3445,0.2756,False
0.1,-0.55,4,0.05,0.2077,0.3436,0.2757,False
0.6,-0.3,6,0.25,0.2949,0.2565,0.2757,False
0.1,-0.5,5,0.55,0.2123,0.339,0.2757,False
0.4,-0.45,7,0.2,0.2393,0.3121,0.2757,False
0.05,-0.55,4,0.55,0.2097,0.3417,0.2757,False
0.65,-0.1,7,0.25,0.3251,0.2264,0.2757,False
0.5,-0.4,7,0.15,0.2598,0.2916,0.2757,False
0.4,-0.55,4,0.1,0.252,0.2993,0.2757,False
0.5,-0.45,5,0.25,0.2701,0.2816,0.2758,False
0.2,-0.45,7,0.3,0.2125,0.3393,0.2759,False
0.2,-0.45,7,0.5,0.2162,0.3356,0.2759,False
0.35,-0.6,4,0.3,0.2443,0.3075,0.2759,False
0.3,-0.5,6,0.4,0.2299,0.3218,0.2759,False
0.25,-0.45,7,0.15,0.217,0.3349,0.2759,False
0.1,-0.4,7,0.15,0.2022,0.3495,0.2759,False
0.45,-0.55,4,0.4,0.265,0.2868,0.2759,False
0.45,-0.55,4,0.45,0.2659,0.2859,0.2759,False
0.5,-0.45,4,0.05,0.2746,0.2773,0.276,False
0.55,-0.4,5,0.3,0.2836,0.2683,0.276,False
0.3,-0.5,6,0.45,0.2309,0.321,0.276,False
0.6,-0.25,3,0.05,0.3108,0.2412,0.276,False
0.55,-0.5,3,0.45,0.2934,0.2586,0.276,False
0.65,-0.1,6,0.3,0.3279,0.2241,0.276,False
0.65,-0.1,5,0.55,0.3342,0.2177,0.276,False
0.65,-0.1,4,0.45,0.3342,0.2178,0.276,False
0.1,-0.45,6,0.3,0.2055,0.3465,0.276,False
0.5,-0.5,4,0.55,0.2794,0.2726,0.276,False
0.6,-0.3,7,0.2,0.2895,0.2628,0.2761,False
0.65,-0.2,7,0.45,0.3151,0.237,0.2761,False
0.3,-0.5,6,0.35,0.2292,0.3229,0.2761,False
0.1,-0.45,6,0.5,0.2093,0.3429,0.2761,False
0.55,-0.5,3,0.4,0.2926,0.2596,0.2761,False
0.65,-0.15,6,0.55,0.3264,0.2258,0.2761,False
0.55,-0.35,6,0.1,0.2792,0.2731,0.2761,False
0.65,-0.1,4,0.5,0.3352,0.2171,0.2761,False
0.35,-0.6,4,0.55,0.2493,0.3032,0.2762,False
0.65,-0.1,5,0.35,0.3307,0.2216,0.2762,False
0.65,-0.2,7,0.5,0.3162,0.2363,0.2762,False
0.65,-0.2,7,0.4,0.3144,0.2381,0.2762,False
0.45,-0.55,4,0.5,0.2671,0.2853,0.2762,False
0.45,-0.55,4,0.35,0.2644,0.2881,0.2762,False
0.65,-0.1,4,0.4,0.3334,0.219,0.2762,False
0.5,-0.5,4,0.3,0.275,0.2773,0.2762,False
0.65,-0.15,6,0.35,0.3228,0.2296,0.2762,False
0.2,-0.6,4,0.15,0.2204,0.3322,0.2763,False
0.3,-0.45,7,0.1,0.2238,0.3289,0.2763,False
0.65,-0.1,3,0.45,0.3361,0.2165,0.2763,False
0.6,-0.25,7,0.05,0.2938,0.2587,0.2763,False
0.15,-0.6,4,0.55,0.2205,0.3321,0.2763,False
0.55,-0.5,3,0.5,0.2946,0.258,0.2763,False
0.15,-0.6,4,0.25,0.2151,0.3376,0.2764,False
0.65,-0.15,7,0.25,0.3187,0.2341,0.2764,False
0.3,-0.5,6,0.5,0.2324,0.3205,0.2764,False
0.65,-0.1,3,0.5,0.3371,0.2157,0.2764,False
0.65,-0.1,3,0.4,0.3354,0.2177,0.2765,False
0.45,-0.5,5,0.45,0.2619,0.291,0.2765,False
0.55,-0.5,3,0.35,0.2921,0.261,0.2765,False
0.05,-0.45,5,0.05,0.2023,0.3508,0.2765,False
0.45,-0.5,5,0.4,0.261,0.2919,0.2765,False
0.55,-0.35,7,0.1,0.2739,0.2792,0.2765,False
0.3,-0.6,4,0.15,0.2352,0.3181,0.2766,False
0.65,-0.1,4,0.55,0.3365,0.2167,0.2766,False
0.55,-0.35,5,0.05,0.285,0.2684,0.2767,False
0.65,-0.2,7,0.35,0.3139,0.2396,0.2767,False
0.65,-0.15,5,0.45,0.3277,0.2257,0.2767,False
0.3,-0.5,6,0.3,0.229,0.3243,0.2767,False
0.6,-0.35,4,0.45,0.3059,0.2478,0.2768,False
0.25,-0.55,5,0.4,0.2274,0.3263,0.2768,False
0.45,-0.5,5,0.35,0.2604,0.2932,0.2768,False
0.45,-0.5,5,0.5,0.2632,0.2905,0.2768,False
0.35,-0.45,7,0.1,0.2316,0.3221,0.2768,False
0.6,-0.3,3,0.1,0.3089,0.2447,0.2768,False
0.2,-0.45,7,0.55,0.2182,0.3354,0.2768,False
0.2,-0.45,7,0.25,0.2127,0.3409,0.2768,False
0.1,-0.5,5,0.2,0.2074,0.3463,0.2768,False
0.5,-0.55,3,0.15,0.2779,0.2756,0.2768,False
0.05,-0.55,4,0.2,0.2047,0.3489,0.2768,False
0.65,-0.2,7,0.55,0.3176,0.236,0.2768,False
0.25,-0.5,6,0.4,0.2237,0.3298,0.2768,False
0.65,-0.1,4,0.35,0.333,0.2207,0.2768,False
0.65,-0.15,5,0.5,0.3287,0.225,0.2768,False
0.45,-0.6,3,0.1,0.2665,0.2874,0.2769,False
0.3,-0.55,5,0.4,0.2346,0.3192,0.2769,False
0.25,-0.5,6,0.45,0.2248,0.329,0.2769,False
0.45,-0.55,4,0.3,0.2642,0.2896,0.2769,False
0.55,-0.5,3,0.55,0.296,0.2577,0.2769,False
0.1,-0.45,6,0.25,0.2057,0.3481,0.2769,False
0.35,-0.6,4,0.25,0.2445,0.3092,0.2769,False
0.65,-0.1,3,0.55,0.3384,0.2154,0.2769,False
0.15,-0.5,5,0.05,0.2119,0.3419,0.2769,False
0.45,-0.55,4,0.55,0.2688,0.2851,0.2769,False
0.65,-0.15,5,0.4,0.3269,0.2269,0.2769,False
0.6,-0.3,5,0.2,0.3004,0.2535,0.2769,False
0.6,-0.35,3,0.2,0.3074,0.2465,0.2769,False
0.3,-0.55,5,0.45,0.2357,0.3184,0.277,False
0.45,-0.45,7,0.45,0.2525,0.3015,0.277,False
0.45,-0.45,7,0.4,0.2516,0.3023,0.277,False
0.6,-0.35,4,0.4,0.3051,0.2488,0.277,False
0.35,-0.5,6,0.4,0.2384,0.3156,0.277,False
0.6,-0.35,4,0.5,0.307,0.2471,0.277,False
0.45,-0.45,6,0.15,0.2543,0.2996,0.277,False
0.25,-0.5,6,0.35,0.2231,0.3309,0.277,False
0.1,-0.45,6,0.55,0.2114,0.3427,0.277,False
0.4,-0.5,5,0.1,0.2489,0.3052,0.277,False
0.55,-0.4,5,0.25,0.2837,0.2704,0.277,False
0.25,-0.55,5,0.45,0.2284,0.3255,0.277,False
0.65,-0.15,6,0.3,0.3226,0.2315,0.2771,False
0.65,-0.1,3,0.35,0.335,0.2193,0.2771,False
0.35,-0.5,6,0.45,0.2394,0.3148,0.2771,False
0.25,-0.55,5,0.35,0.2267,0.3274,0.2771,False
0.3,-0.55,5,0.35,0.234,0.3203,0.2771,False
0.65,-0.1,5,0.3,0.3305,0.2237,0.2771,False
0.6,-0.3,4,0.15,0.3051,0.2494,0.2772,False
0.45,-0.45,7,0.35,0.251,0.3035,0.2772,False
0.55,-0.45,3,0.1,0.2916,0.2628,0.2772,False
0.05,-0.4,6,0.05,0.2014,0.353,0.2772,False
0.6,-0.3,6,0.2,0.2954,0.259,0.2772,False
0.5,-0.5,4,0.25,0.2751,0.2793,0.2772,False
0.5,-0.45,5,0.2,0.2706,0.2839,0.2772,False
0.65,-0.1,6,0.25,0.328,0.2265,0.2773,False
0.15,-0.45,6,0.05,0.2098,0.3449,0.2773,False
0.3,-0.5,6,0.55,0.2343,0.3203,0.2773,False
0.65,-0.15,4,0.45,0.3309,0.2238,0.2773,False
0.35,-0.5,6,0.35,0.2378,0.3167,0.2773,False
0.65,-0.15,5,0.55,0.33,0.2247,0.2773,False
0.55,-0.5,3,0.3,0.2919,0.2627,0.2773,False
0.65,-0.15,4,0.5,0.3319,0.223,0.2774,False
0.45,-0.45,7,0.5,0.2539,0.3009,0.2774,False
0.65,-0.1,7,0.2,0.3255,0.2292,0.2774,False
0.6,-0.35,4,0.35,0.3046,0.2503,0.2774,False
0.25,-0.6,4,0.1,0.228,0.3268,0.2774,False
0.45,-0.5,5,0.3,0.2602,0.2947,0.2774,False
0.4,-0.45,7,0.15,0.2403,0.3145,0.2774,False
0.25,-0.5,6,0.5,0.2263,0.3285,0.2774,False
0.65,-0.15,3,0.45,0.3335,0.2212,0.2774,False
0.55,-0.45,4,0.45,0.2906,0.2645,0.2775,False
0.55,-0.4,4,0.1,0.2886,0.2665,0.2775,False
0.35,-0.5,6,0.5,0.2408,0.3142,0.2775,False
0.3,-0.55,5,0.5,0.2371,0.3178,0.2775,False
0.65,-0.15,3,0.5,0.3345,0.2205,0.2775,False
0.25,-0.55,5,0.5,0.2299,0.325,0.2775,False
0.45,-0.5,5,0.55,0.2648,0.2902,0.2775,False
0.6,-0.25,4,0.05,0.3079,0.2472,0.2775,False
0.65,-0.15,4,0.4,0.3301,0.2249,0.2775,False
0.65,-0.15,5,0.35,0.3265,0.2284,0.2775,False
0.25,-0.5,6,0.3,0.2228,0.3322,0.2775,False
0.3,-0.5,6,0.25,0.2292,0.326,0.2776,False
0.65,-0.2,7,0.3,0.3137,0.2415,0.2776,False
0.25,-0.55,5,0.3,0.2265,0.3288,0.2776,False
0.65,-0.15,3,0.4,0.3327,0.2224,0.2776,False
0.15,-0.6,4,0.2,0.2157,0.3395,0.2776,False
0.55,-0.45,4,0.4,0.2898,0.2654,0.2776,False
0.6,-0.35,4,0.55,0.3084,0.2468,0.2776,False
0.6,-0.25,6,0.05,0.2993,0.2562,0.2777,False
0.3,-0.55,5,0.3,0.2337,0.3217,0.2777,False
0.65,-0.1,4,0.3,0.3328,0.2227,0.2778,False
0.6,-0.4,3,0.45,0.3092,0.2464,0.2778,False
0.1,-0.4,7,0.1,0.2038,0.3519,0.2778,False
0.5,-0.4,7,0.1,0.2611,0.2945,0.2778,False
0.35,-0.5,6,0.3,0.2376,0.3181,0.2778,False
0.5,-0.4,6,0.05,0.2667,0.2889,0.2778,False
0.55,-0.45,4,0.5,0.2918,0.2638,0.2778,False
0.45,-0.45,7,0.3,0.2508,0.305,0.2779,False
0.45,-0.55,4,0.25,0.2643,0.2915,0.2779,False
0.25,-0.45,7,0.1,0.2185,0.3374,0.2779,False
0.65,-0.15,4,0.55,0.3332,0.2227,0.2779,False
0.6,-0.3,7,0.15,0.2903,0.2656,0.2779,False
0.6,-0.4,3,0.5,0.3103,0.2457,0.278,False
0.6,-0.4,3,0.4,0.3085,0.2475,0.278,False
0.4,-0.55,4,0.05,0.2537,0.3024,0.278,False
0.65,-0.15,7,0.2,0.3191,0.2368,0.278,False
0.55,-0.4,6,0.4,0.2804,0.2756,0.278,False
0.65,-0.15,3,0.55,0.3358,0.2202,0.278,False
0.55,-0.4,6,0.45,0.2813,0.2747,0.278,False
0.55,-0.45,4,0.35,0.2893,0.2668,0.278,False
0.65,-0.1,3,0.3,0.3348,0.2214,0.2781,False
0.1,-0.45,6,0.2,0.2064,0.3499,0.2781,False
0.65,-0.15,4,0.35,0.3297,0.2265,0.2781,False
0.2,-0.45,7,0.2,0.2133,0.3428,0.2781,False
0.65,-0.2,6,0.45,0.3201,0.2361,0.2781,False
0.45,-0.45,7,0.55,0.2556,0.3007,0.2781,False
0.6,-0.35,4,0.3,0.3044,0.2521,0.2782,False
0.65,-0.15,3,0.35,0.3323,0.224,0.2782,False
0.6,-0.25,5,0.05,0.304,0.2523,0.2782,False
0.35,-0.6,4,0.2,0.2451,0.3113,0.2782,False
0.25,-0.5,6,0.55,0.2282,0.3282,0.2782,False
0.2,-0.6,4,0.1,0.2219,0.3347,0.2783,False
0.65,-0.2,6,0.5,0.3212,0.2354,0.2783,False
0.65,-0.2,6,0.4,0.3194,0.2372,0.2783,False
0.35,-0.5,6,0.55,0.2426,0.314,0.2783,False
0.3,-0.55,5,0.55,0.2389,0.3176,0.2783,False
0.65,-0.15,6,0.25,0.3228,0.2339,0.2783,False
0.55,-0.4,6,0.5,0.2825,0.2741,0.2783,False
0.25,-0.55,5,0.55,0.2318,0.3248,0.2783,False
0.6,-0.4,3,0.35,0.308,0.2489,0.2784,False
0.65,-0.1,5,0.25,0.3306,0.2261,0.2784,False
0.55,-0.45,4,0.55,0.2933,0.2635,0.2784,False
0.55,-0.4,6,0.35,0.2799,0.2769,0.2784,False
0.05,-0.55,4,0.15,0.2058,0.351,0.2784,False
0.55,-0.5,3,0.25,0.292,0.2648,0.2784,False
0.45,-0.5,5,0.25,0.2603,0.2965,0.2784,False
0.65,-0.15,5,0.3,0.3263,0.2304,0.2784,False
0.25,-0.5,6,0.25,0.223,0.3339,0.2784,False
0.55,-0.4,5,0.2,0.2842,0.2727,0.2785,False
0.25,-0.55,5,0.25,0.2266,0.3305,0.2785,False
0.1,-0.5,5,0.15,0.2085,0.3484,0.2785,False
0.3,-0.6,4,0.1,0.2366,0.3207,0.2786,False
0.55,-0.35,6,0.05,0.2807,0.2764,0.2786,False
0.6,-0.4,3,0.55,0.3117,0.2454,0.2786,False
0.5,-0.5,4,0.2,0.2756,0.2816,0.2786,False
0.3,-0.55,5,0.25,0.2339,0.3234,0.2787,False
0.3,-0.45,7,0.05,0.2257,0.3317,0.2787,False
0.65,-0.2,6,0.55,0.3225,0.2351,0.2788,False
0.6,-0.35,3,0.15,0.3081,0.2495,0.2788,False
0.6,-0.3,5,0.15,0.3012,0.2564,0.2788,False
0.35,-0.5,6,0.25,0.2377,0.3199,0.2788,False
0.65,-0.2,7,0.25,0.3138,0.2437,0.2788,False
0.65,-0.2,6,0.35,0.3189,0.2387,0.2788,False
0.55,-0.45,4,0.3,0.2891,0.2685,0.2788,False
0.5,-0.45,5,0.15,0.2714,0.2865,0.2789,False
0.45,-0.45,7,0.25,0.2509,0.3068,0.2789,False
0.55,-0.4,6,0.55,0.284,0.2738,0.2789,False
0.5,-0.55,3,0.1,0.2791,0.2786,0.2789,False
0.65,-0.1,6,0.2,0.3284,0.2293,0.2789,False
0.2,-0.55,5,0.4,0.2226,0.3351,0.2789,False
0.3,-0.5,6,0.2,0.2298,0.328,0.2789,False
0.65,-0.1,4,0.25,0.333,0.2251,0.279,False
0.55,-0.35,7,0.05,0.2754,0.2825,0.279,False
0.45,-0.45,6,0.1,0.2556,0.3024,0.279,False
0.2,-0.55,5,0.45,0.2237,0.3343,0.279,False
0.6,-0.3,6,0.15,0.2961,0.2618,0.279,False
0.65,-0.15,4,0.3,0.3295,0.2285,0.279,False
0.35,-0.55,5,0.4,0.2441,0.3138,0.279,False
0.35,-0.55,5,0.45,0.2451,0.313,0.2791,False
0.2,-0.55,5,0.35,0.2219,0.3362,0.2791,False
0.55,-0.4,6,0.3,0.2797,0.2786,0.2791,False
0.65,-0.15,3,0.3,0.3321,0.226,0.2791,False
0.15,-0.6,4,0.15,0.2168,0.3417,0.2792,False
0.35,-0.45,7,0.05,0.2334,0.325,0.2792,False
0.65,-0.2,3,0.45,0.3315,0.2269,0.2792,False
0.35,-0.55,5,0.35,0.2435,0.3149,0.2792,False
0.45,-0.6,3,0.05,0.268,0.2906,0.2793,False
0.65,-0.2,3,0.5,0.3325,0.2262,0.2793,False
0.65,-0.1,7,0.15,0.3262,0.2324,0.2793,False
0.6,-0.4,3,0.3,0.3078,0.2507,0.2793,False
0.65,-0.2,5,0.45,0.3246,0.234,0.2793,False
0.45,-0.55,4,0.2,0.2649,0.2937,0.2793,False
0.4,-0.45,7,0.1,0.2416,0.3171,0.2794,False
0.4,-0.5,5,0.05,0.2506,0.3082,0.2794,False
0.6,-0.3,4,0.1,0.3061,0.2527,0.2794,False
0.6,-0.35,4,0.25,0.3045,0.2542,0.2794,False
0.65,-0.2,3,0.4,0.3307,0.2281,0.2794,False
0.6,-0.3,3,0.05,0.3103,0.2485,0.2794,False
0.65,-0.1,3,0.25,0.3349,0.2238,0.2794,False
0.55,-0.4,7,0.45,0.2763,0.2826,0.2795,False
0.5,-0.45,6,0.45,0.2696,0.2894,0.2795,False
0.5,-0.45,6,0.4,0.2687,0.2903,0.2795,False
0.65,-0.2,5,0.5,0.3257,0.2333,0.2795,False
0.2,-0.55,5,0.5,0.2252,0.3338,0.2795,False
0.65,-0.2,5,0.4,0.3239,0.2352,0.2795,False
0.55,-0.4,7,0.4,0.2755,0.2835,0.2795,False
0.35,-0.55,5,0.5,0.2465,0.3124,0.2795,False
0.65,-0.2,4,0.45,0.3284,0.2309,0.2796,False
0.2,-0.55,5,0.3,0.2217,0.3375,0.2796,False
0.6,-0.35,5,0.45,0.3022,0.2571,0.2796,False
0.65,-0.15,5,0.25,0.3264,0.2328,0.2796,False
0.25,-0.5,6,0.2,0.2236,0.3358,0.2797,False
0.5,-0.6,3,0.45,0.2828,0.2766,0.2797,False
0.5,-0.6,3,0.4,0.2819,0.2775,0.2797,False
0.25,-0.6,4,0.05,0.2298,0.3296,0.2797,False
0.1,-0.45,6,0.15,0.2075,0.352,0.2797,False
0.6,-0.35,5,0.4,0.3014,0.2581,0.2797,False
0.2,-0.45,7,0.15,0.2144,0.3449,0.2797,False
0.55,-0.45,3,0.05,0.293,0.2663,0.2797,False
0.65,-0.2,6,0.3,0.3187,0.2406,0.2797,False
0.65,-0.2,4,0.4,0.3277,0.232,0.2798,False
0.65,-0.2,4,0.5,0.3295,0.2301,0.2798,False
0.25,-0.55,5,0.2,0.2272,0.3324,0.2798,False
0.65,-0.2,3,0.55,0.3338,0.2259,0.2798,False
0.5,-0.45,6,0.5,0.2708,0.2888,0.2798,False
0.5,-0.45,6,0.35,0.2681,0.2915,0.2798,False
0.45,-0.5,5,0.2,0.2609,0.2987,0.2798,False
0.6,-0.35,5,0.5,0.3033,0.2564,0.2798,False
0.2,-0.5,6,0.4,0.2202,0.3393,0.2798,False
0.55,-0.4,7,0.5,0.2776,0.282,0.2798,False
0.35,-0.6,4,0.15,0.246,0.3137,0.2798,False
0.35,-0.55,5,0.3,0.2433,0.3164,0.2798,False
0.65,-0.15,6,0.2,0.3232,0.2366,0.2799,False
0.55,-0.45,4,0.25,0.2892,0.2705,0.2799,False
0.65,-0.15,7,0.15,0.3198,0.2399,0.2799,False
0.55,-0.5,3,0.2,0.2925,0.2672,0.2799,False
0.2,-0.5,6,0.45,0.2213,0.3385,0.2799,False
0.1,-0.6,4,0.4,0.215,0.3448,0.2799,False
0.55,-0.4,7,0.35,0.2749,0.2848,0.2799,False
0.2,-0.5,6,0.35,0.2195,0.3404,0.2799,False
0.3,-0.55,5,0.2,0.2345,0.3254,0.2799,False
0.65,-0.2,3,0.35,0.3303,0.2297,0.28,False
0.65,-0.1,5,0.2,0.331,0.2289,0.28,False
0.55,-0.4,4,0.05,0.29,0.2699,0.28,False
0.6,-0.3,7,0.1,0.2914,0.2687,0.28,False
0.65,-0.2,5,0.55,0.327,0.233,0.28,False
0.5,-0.6,3,0.5,0.284,0.2759,0.28,False
0.5,-0.6,3,0.35,0.2814,0.2788,0.2801,False
0.65,-0.2,5,0.35,0.3234,0.2367,0.2801,False
0.35,-0.5,6,0.2,0.2383,0.3219,0.2801,False
0.4,-0.6,4,0.45,0.2588,0.3014,0.2801,False
0.4,-0.5,6,0.4,0.2491,0.3112,0.2801,False
0.4,-0.6,4,0.4,0.2579,0.3022,0.2801,False
0.1,-0.6,4,0.45,0.2162,0.344,0.2801,False
0.1,-0.6,4,0.35,0.2143,0.3458,0.2801,False
0.55,-0.4,5,0.15,0.285,0.2754,0.2802,False
0.1,-0.4,7,0.05,0.2059,0.3545,0.2802,False
0.45,-0.45,7,0.2,0.2515,0.3089,0.2802,False
0.5,-0.4,7,0.05,0.2627,0.2976,0.2802,False
0.55,-0.4,6,0.25,0.2799,0.2805,0.2802,False
0.6,-0.35,5,0.35,0.3009,0.2595,0.2802,False
0.4,-0.5,6,0.45,0.2501,0.3103,0.2802,False
0.35,-0.55,5,0.55,0.2483,0.3122,0.2802,False
0.5,-0.5,4,0.15,0.2765,0.2842,0.2803,False
0.65,-0.2,4,0.55,0.3308,0.2298,0.2803,False
0.65,-0.15,3,0.25,0.3322,0.2284,0.2803,False
0.65,-0.15,4,0.25,0.3296,0.2309,0.2803,False
0.65,-0.25,7,0.45,0.3119,0.2486,0.2803,False
0.25,-0.45,7,0.05,0.2204,0.3401,0.2803,False
0.65,-0.2,7,0.2,0.3143,0.2463,0.2803,False
0.1,-0.5,5,0.1,0.21,0.3508,0.2804,False
0.6,-0.35,5,0.55,0.3047,0.2561,0.2804,False
0.2,-0.55,5,0.55,0.2271,0.3336,0.2804,False
0.4,-0.6,4,0.35,0.2573,0.3034,0.2804,False
0.6,-0.4,3,0.25,0.3079,0.2529,0.2804,False
0.05,-0.55,4,0.1,0.2074,0.3534,0.2804,False
0.65,-0.2,4,0.35,0.3272,0.2335,0.2804,False
0.55,-0.4,7,0.55,0.2791,0.2818,0.2804,False
0.2,-0.5,6,0.5,0.2228,0.3381,0.2804,False
0.6,-0.35,7,0.45,0.2912,0.2696,0.2804,False
0.65,-0.25,7,0.4,0.3111,0.2497,0.2804,False
0.4,-0.5,6,0.35,0.2485,0.3123,0.2804,False
0.6,-0.35,7,0.4,0.2904,0.2706,0.2805,False
0.5,-0.45,6,0.55,0.2724,0.2885,0.2805,False
0.2,-0.5,6,0.3,0.2193,0.3417,0.2805,False
0.2,-0.55,5,0.25,0.2219,0.3391,0.2805,False
0.3,-0.5,6,0.15,0.2308,0.3302,0.2805,False
0.55,-0.4,7,0.3,0.2747,0.2864,0.2805,False
0.65,-0.25,7,0.5,0.313,0.248,0.2805,False
0.5,-0.45,6,0.3,0.2679,0.2931,0.2805,False
0.4,-0.6,4,0.5,0.2601,0.3008,0.2805,False
0.2,-0.6,4,0.05,0.2237,0.3374,0.2806,False
0.1,-0.6,4,0.5,0.2177,0.3435,0.2806,False
0.4,-0.5,6,0.5,0.2514,0.3098,0.2806,False
0.1,-0.6,4,0.3,0.2141,0.3471,0.2806,False
0.5,-0.6,3,0.55,0.2855,0.2757,0.2806,False
0.65,-0.1,4,0.2,0.3334,0.228,0.2807,False
0.6,-0.35,7,0.5,0.2924,0.269,0.2807,False
0.65,-0.1,6,0.15,0.3291,0.2325,0.2808,False
0.5,-0.6,3,0.3,0.2812,0.2804,0.2808,False
0.35,-0.55,5,0.25,0.2435,0.3181,0.2808,False
0.6,-0.35,6,0.45,0.2972,0.2644,0.2808,False
0.65,-0.2,3,0.3,0.3301,0.2316,0.2809,False
0.65,-0.2,5,0.3,0.3233,0.2386,0.2809,False
0.6,-0.3,5,0.1,0.3022,0.2596,0.2809,False
0.6,-0.35,5,0.3,0.3007,0.2612,0.2809,False
0.6,-0.35,6,0.4,0.2964,0.2654,0.2809,False
0.6,-0.35,4,0.2,0.305,0.2567,0.2809,False
0.65,-0.2,6,0.25,0.3189,0.2429,0.2809,False
0.3,-0.6,4,0.05,0.2384,0.3235,0.2809,False
0.6,-0.35,7,0.35,0.2899,0.2719,0.2809,False
0.65,-0.25,7,0.35,0.3106,0.2511,0.2809,False
0.6,-0.35,3,0.1,0.3092,0.2528,0.281,False
0.5,-0.45,5,0.1,0.2726,0.2894,0.281,False
0.65,-0.25,7,0.55,0.3144,0.2477,0.281,False
0.4,-0.5,6,0.3,0.2483,0.3138,0.281,False
0.6,-0.35,6,0.5,0.2983,0.2637,0.281,False
0.65,-0.1,3,0.2,0.3353,0.2267,0.281,False
0.45,-0.55,4,0.15,0.2657,0.2962,0.281,False
0.4,-0.6,4,0.3,0.2571,0.3049,0.281,False
0.6,-0.3,6,0.1,0.2972,0.265,0.2811,False
0.15,-0.45,7,0.4,0.2136,0.3487,0.2811,False
0.65,-0.15,5,0.2,0.3269,0.2355,0.2812,False
0.05,-0.4,7,0.4,0.2064,0.356,0.2812,False
0.15,-0.6,4,0.1,0.2183,0.3441,0.2812,False
0.4,-0.6,4,0.55,0.2618,0.3006,0.2812,False
0.2,-0.5,6,0.55,0.2248,0.3378,0.2813,False
0.6,-0.35,6,0.35,0.2959,0.2667,0.2813,False
0.65,-0.2,4,0.3,0.3271,0.2355,0.2813,False
0.45,-0.45,6,0.05,0.2572,0.3054,0.2813,False
0.25,-0.5,6,0.15,0.2246,0.338,0.2813,False
0.5,-0.55,3,0.05,0.2806,0.2819,0.2813,False
0.55,-0.45,4,0.2,0.2897,0.2729,0.2813,False
0.6,-0.35,7,0.55,0.2939,0.2687,0.2813,False
0.15,-0.45,7,0.35,0.2129,0.3497,0.2813,False
0.15,-0.45,7,0.45,0.2148,0.3479,0.2813,False
0.4,-0.5,6,0.55,0.2531,0.3096,0.2813,False
0.05,-0.4,7,0.35,0.2057,0.357,0.2814,False
0.2,-0.5,6,0.25,0.2194,0.3433,0.2814,False
0.05,-0.4,7,0.45,0.2076,0.3553,0.2814,False
0.25,-0.55,5,0.15,0.2282,0.3346,0.2814,False
0.5,-0.45,6,0.25,0.2681,0.2949,0.2815,False
0.1,-0.6,4,0.55,0.2197,0.3433,0.2815,False
0.45,-0.5,5,0.15,0.2617,0.3012,0.2815,False
0.1,-0.6,4,0.25,0.2143,0.3487,0.2815,False
0.2,-0.45,7,0.1,0.2159,0.3473,0.2816,False
0.55,-0.5,3,0.15,0.2933,0.27,0.2816,False
0.65,-0.1,7,0.1,0.3272,0.2359,0.2816,False
0.6,-0.35,6,0.55,0.2998,0.2635,0.2816,False
0.55,-0.4,7,0.25,0.2749,0.2883,0.2816,False
0.3,-0.55,5,0.15,0.2355,0.3276,0.2816,False
0.55,-0.4,6,0.2,0.2803,0.2828,0.2816,False
0.6,-0.35,7,0.3,0.2897,0.2735,0.2816,False
0.35,-0.5,6,0.15,0.2393,0.3241,0.2817,False
0.2,-0.55,5,0.2,0.2225,0.341,0.2817,False
0.65,-0.25,7,0.3,0.3105,0.2529,0.2817,False
0.1,-0.45,6,0.1,0.209,0.3544,0.2817,False
0.4,-0.45,7,0.05,0.2434,0.32,0.2817,False
0.5,-0.6,3,0.25,0.2813,0.2823,0.2818,False
0.35,-0.6,4,0.1,0.2473,0.3163,0.2818,False
0.65,-0.25,3,0.45,0.3302,0.2335,0.2818,False
0.15,-0.45,7,0.3,0.2127,0.351,0.2818,False
0.65,-0.15,4,0.2,0.33,0.2336,0.2818,False
0.45,-0.45,7,0.15,0.2524,0.3113,0.2818,False
0.65,-0.15,6,0.15,0.3239,0.2397,0.2818,False
0.6,-0.4,3,0.2,0.3084,0.2554,0.2819,False
0.05,-0.4,7,0.3,0.2054,0.3583,0.2819,False
0.65,-0.15,3,0.2,0.3326,0.2312,0.2819,False
0.15,-0.45,7,0.5,0.2163,0.3474,0.2819,False
0.65,-0.1,5,0.15,0.3317,0.2321,0.2819,False
0.6,-0.3,4,0.05,0.3075,0.2563,0.2819,False
0.6,-0.35,5,0.25,0.3008,0.2633,0.282,False
0.05,-0.4,7,0.5,0.2092,0.3548,0.282,False
0.4,-0.5,6,0.25,0.2484,0.3155,0.282,False
0.4,-0.6,4,0.25,0.2573,0.3067,0.282,False
0.65,-0.25,3,0.5,0.3312,0.2328,0.282,False
0.65,-0.25,3,0.4,0.3294,0.2346,0.282,False
0.6,-0.35,6,0.3,0.2957,0.2684,0.282,False
0.65,-0.15,7,0.1,0.3209,0.2433,0.2821,False
0.05,-0.5,5,0.4,0.2105,0.3538,0.2821,False
0.35,-0.55,5,0.2,0.244,0.3201,0.2821,False
0.65,-0.2,3,0.25,0.3302,0.234,0.2821,False
0.65,-0.2,5,0.25,0.3234,0.2409,0.2821,False
0.65,-0.2,7,0.15,0.315,0.2493,0.2822,False
0.05,-0.5,5,0.35,0.2098,0.3548,0.2823,False
0.55,-0.4,5,0.1,0.2861,0.2784,0.2823,False
0.05,-0.5,5,0.45,0.2117,0.353,0.2823,False
0.65,-0.25,6,0.45,0.3177,0.2469,0.2823,False
0.65,-0.2,6,0.2,0.3193,0.2455,0.2824,False
0.5,-0.5,4,0.1,0.2776,0.2871,0.2824,False
0.3,-0.5,6,0.1,0.2322,0.3327,0.2824,False
0.65,-0.25,6,0.4,0.3169,0.2479,0.2824,False
0.6,-0.3,7,0.05,0.2929,0.2721,0.2825,False
0.65,-0.25,3,0.35,0.329,0.2361,0.2825,False
0.65,-0.25,6,0.5,0.3187,0.2462,0.2825,False
0.65,-0.25,3,0.55,0.3325,0.2324,0.2825,False
0.65,-0.2,4,0.25,0.3272,0.2378,0.2825,False
0.65,-0.1,4,0.15,0.3341,0.2312,0.2826,False
0.2,-0.5,6,0.2,0.2201,0.3452,0.2826,False
0.6,-0.35,4,0.15,0.3057,0.2596,0.2827,False
0.1,-0.6,4,0.2,0.2149,0.3505,0.2827,False
0.05,-0.55,4,0.05,0.2094,0.356,0.2827,False
0.15,-0.45,7,0.25,0.2129,0.3525,0.2827,False
0.05,-0.4,7,0.25,0.2056,0.3598,0.2827,False
0.6,-0.35,7,0.25,0.2898,0.2755,0.2827,False
0.1,-0.5,5,0.05,0.212,0.3534,0.2827,False
0.15,-0.45,7,0.55,0.2183,0.3472,0.2828,False
0.5,-0.45,6,0.2,0.2686,0.2971,0.2828,False
0.65,-0.25,7,0.25,0.3106,0.2551,0.2828,False
0.05,-0.5,5,0.3,0.2095,0.3561,0.2828,False
0.05,-0.4,7,0.55,0.2113,0.3546,0.2829,False
0.65,-0.25,6,0.35,0.3164,0.2494,0.2829,False
0.65,-0.1,3,0.15,0.336,0.2299,0.2829,False
0.55,-0.4,7,0.2,0.2754,0.2905,0.2829,False
0.05,-0.5,5,0.5,0.2133,0.3526,0.2829,False
0.55,-0.45,4,0.15,0.2905,0.2755,0.283,False
0.65,-0.25,6,0.55,0.3201,0.2459,0.283,False
0.4,-0.55,5,0.4,0.2557,0.3103,0.283,False
0.4,-0.55,5,0.45,0.2566,0.3094,0.283,False
0.15,-0.55,5,0.4,0.2205,0.3455,0.283,False
0.45,-0.55,4,0.1,0.2669,0.299,0.283,False
0.65,-0.25,4,0.45,0.3269,0.239,0.283,False
0.6,-0.35,6,0.25,0.2958,0.2704,0.2831,False
0.15,-0.55,5,0.35,0.2198,0.3465,0.2831,False
0.15,-0.55,5,0.45,0.2216,0.3447,0.2831,False
0.65,-0.15,5,0.15,0.3276,0.2386,0.2831,False
0.65,-0.25,4,0.5,0.328,0.2383,0.2831,False
0.65,-0.1,6,0.1,0.3301,0.2361,0.2831,False
0.25,-0.5,6,0.1,0.2261,0.3404,0.2832,False
0.5,-0.6,3,0.2,0.2818,0.2846,0.2832,False
0.65,-0.25,4,0.4,0.3262,0.2401,0.2832,False
0.65,-0.25,5,0.45,0.3228,0.2436,0.2832,False
0.5,-0.45,7,0.4,0.2654,0.301,0.2832,False
0.55,-0.4,6,0.15,0.2812,0.2854,0.2833,False
0.4,-0.55,5,0.35,0.2551,0.3114,0.2833,False
0.5,-0.45,7,0.45,0.2664,0.3002,0.2833,False
0.5,-0.45,5,0.05,0.2741,0.2925,0.2833,False
0.4,-0.5,6,0.2,0.249,0.3175,0.2833,False
0.2,-0.55,5,0.15,0.2235,0.3432,0.2833,False
0.4,-0.6,4,0.2,0.2578,0.3088,0.2833,False
0.25,-0.55,5,0.1,0.2297,0.3371,0.2834,False
0.45,-0.5,5,0.1,0.263,0.3039,0.2834,False
0.55,-0.55,3,0.45,0.2969,0.2699,0.2834,False
0.4,-0.55,5,0.5,0.258,0.3089,0.2834,False
0.6,-0.3,5,0.05,0.3036,0.2632,0.2834,False
0.65,-0.25,5,0.5,0.3238,0.243,0.2834,False
0.65,-0.25,5,0.4,0.322,0.2447,0.2834,False
0.6,-0.4,4,0.45,0.3075,0.2593,0.2834,False
0.65,-0.25,3,0.3,0.3288,0.238,0.2834,False
0.6,-0.35,3,0.05,0.3105,0.2564,0.2835,False
0.6,-0.4,4,0.4,0.3067,0.2603,0.2835,False
0.15,-0.6,4,0.05,0.2202,0.3468,0.2835,False
0.55,-0.55,3,0.4,0.2961,0.2709,0.2835,False
0.6,-0.35,5,0.2,0.3013,0.2657,0.2835,False
0.3,-0.55,5,0.1,0.2369,0.3302,0.2835,False
0.5,-0.45,7,0.35,0.2649,0.3022,0.2835,False
0.6,-0.4,4,0.5,0.3086,0.2586,0.2836,False
0.6,-0.45,3,0.45,0.311,0.2562,0.2836,False
0.6,-0.3,6,0.05,0.2986,0.2685,0.2836,False
0.5,-0.45,7,0.5,0.2676,0.2996,0.2836,False
0.15,-0.55,5,0.5,0.2231,0.3442,0.2837,False
0.35,-0.5,6,0.1,0.2406,0.3267,0.2837,False
0.65,-0.25,4,0.55,0.3293,0.238,0.2837,False
0.15,-0.55,5,0.3,0.2195,0.3478,0.2837,False
0.6,-0.45,3,0.4,0.3102,0.2573,0.2837,False
0.55,-0.55,3,0.5,0.298,0.2693,0.2837,False
0.65,-0.2,3,0.2,0.3306,0.2367,0.2837,False
0.55,-0.5,3,0.1,0.2944,0.273,0.2837,False
0.65,-0.2,5,0.2,0.3238,0.2435,0.2837,False
0.35,-0.55,5,0.15,0.245,0.3224,0.2837,False
0.05,-0.5,5,0.25,0.2097,0.3576,0.2837,False
0.6,-0.4,3,0.15,0.3091,0.2583,0.2837,False
0.65,-0.25,4,0.35,0.3257,0.2416,0.2837,False
0.65,-0.25,6,0.3,0.3163,0.2512,0.2837,False
0.6,-0.45,3,0.5,0.312,0.2556,0.2838,False
0.05,-0.5,5,0.55,0.2153,0.3524,0.2838,False
0.45,-0.45,7,0.1,0.2537,0.3139,0.2838,False
0.65,-0.15,4,0.15,0.3307,0.2368,0.2838,False
0.65,-0.15,3,0.15,0.3333,0.2344,0.2839,False
0.05,-0.4,7,0.2,0.2063,0.3616,0.2839,False
0.2,-0.45,7,0.05,0.2178,0.35,0.2839,False
0.15,-0.45,7,0.2,0.2135,0.3543,0.2839,False
0.6,-0.4,4,0.35,0.3062,0.2617,0.2839,False
0.65,-0.25,5,0.55,0.3251,0.2427,0.2839,False
0.55,-0.55,3,0.35,0.2956,0.2722,0.2839,False
0.4,-0.55,5,0.3,0.2549,0.3129,0.2839,False
0.65,-0.25,5,0.35,0.3215,0.2462,0.2839,False
0.65,-0.15,6,0.1,0.3249,0.2431,0.284,False
0.65,-0.2,4,0.2,0.3276,0.2404,0.284,False
0.1,-0.45,6,0.05,0.211,0.357,0.284,False
0.35,-0.6,4,0.05,0.249,0.3192,0.2841,False
0.6,-0.35,7,0.2,0.2903,0.2778,0.2841,False
0.6,-0.45,3,0.35,0.3097,0.2586,0.2842,False
0.65,-0.2,6,0.15,0.32,0.2485,0.2842,False
0.55,-0.45,5,0.4,0.2883,0.2801,0.2842,False
0.6,-0.4,4,0.55,0.31,0.2584,0.2842,False
0.4,-0.55,5,0.55,0.2596,0.3087,0.2842,False
0.55,-0.45,5,0.45,0.2891,0.2792,0.2842,False
0.2,-0.5,6,0.15,0.2211,0.3473,0.2842,False
0.65,-0.1,7,0.05,0.3285,0.2398,0.2842,False
0.65,-0.1,5,0.1,0.3327,0.2357,0.2842,False
0.55,-0.55,3,0.55,0.2995,0.269,0.2842,False
0.5,-0.45,7,0.3,0.2647,0.3037,0.2842,False
0.65,-0.2,7,0.1,0.316,0.2526,0.2843,False
0.65,-0.25,7,0.2,0.311,0.2576,0.2843,False
0.05,-0.45,6,0.4,0.2107,0.358,0.2843,False
0.1,-0.6,4,0.15,0.216,0.3526,0.2843,False
0.5,-0.45,7,0.55,0.2692,0.2994,0.2843,False
0.6,-0.45,3,0.55,0.3134,0.2553,0.2844,False
0.55,-0.45,5,0.5,0.2903,0.2786,0.2844,False
0.15,-0.55,5,0.25,0.2197,0.3494,0.2845,False
0.15,-0.55,5,0.55,0.225,0.344,0.2845,False
0.5,-0.45,6,0.15,0.2694,0.2996,0.2845,False
0.05,-0.45,6,0.45,0.2118,0.3573,0.2845,False
0.6,-0.35,6,0.2,0.2963,0.2728,0.2845,False
0.65,-0.25,4,0.3,0.3256,0.2435,0.2845,False
0.05,-0.45,6,0.35,0.21,0.359,0.2845,False
0.55,-0.55,3,0.3,0.2954,0.2738,0.2846,False
0.65,-0.25,3,0.25,0.3289,0.2403,0.2846,False
0.55,-0.4,7,0.15,0.2762,0.293,0.2846,False
0.55,-0.45,5,0.35,0.2878,0.2814,0.2846,False
0.65,-0.15,7,0.05,0.3222,0.2471,0.2846,False
0.55,-0.4,5,0.05,0.2876,0.2817,0.2847,False
0.5,-0.5,5,0.45,0.2775,0.2918,0.2847,False
0.65,-0.25,5,0.3,0.3214,0.248,0.2847,False
0.5,-0.5,4,0.05,0.2791,0.2903,0.2847,False
0.6,-0.4,4,0.3,0.306,0.2634,0.2847,False
0.3,-0.5,6,0.05,0.234,0.3355,0.2847,False
0.5,-0.5,5,0.4,0.2766,0.2927,0.2847,False
0.6,-0.35,4,0.1,0.3068,0.2628,0.2848,False
0.4,-0.55,5,0.25,0.2551,0.3146,0.2848,False
0.15,-0.5,6,0.4,0.2193,0.3503,0.2848,False
0.65,-0.25,6,0.25,0.3164,0.2534,0.2849,False
0.4,-0.6,4,0.15,0.2587,0.3112,0.2849,False
0.65,-0.1,4,0.1,0.335,0.2347,0.2849,False
0.05,-0.5,5,0.2,0.2104,0.3594,0.2849,False
0.5,-0.55,4,0.45,0.2822,0.2876,0.2849,False
0.4,-0.5,6,0.15,0.2499,0.3198,0.2849,False
0.5,-0.6,3,0.15,0.2826,0.2872,0.2849,False
0.5,-0.5,5,0.5,0.2787,0.2912,0.285,False
0.05,-0.45,6,0.3,0.2097,0.3602,0.285,False
0.15,-0.5,6,0.45,0.2205,0.3496,0.285,False
0.6,-0.45,3,0.3,0.3095,0.2604,0.285,False
0.5,-0.5,5,0.35,0.2761,0.2939,0.285,False
0.15,-0.5,6,0.35,0.2187,0.3514,0.285,False
0.5,-0.55,4,0.4,0.2814,0.2886,0.285,False
0.55,-0.45,5,0.55,0.2918,0.2783,0.2851,False
0.55,-0.45,4,0.1,0.2916,0.2785,0.2851,False
0.05,-0.45,6,0.5,0.2134,0.3568,0.2851,False
0.45,-0.5,6,0.4,0.2616,0.3087,0.2852,False
0.6,-0.35,5,0.15,0.302,0.2685,0.2852,False
0.65,-0.1,3,0.1,0.337,0.2335,0.2852,False
0.5,-0.55,4,0.5,0.2834,0.2871,0.2852,False
0.5,-0.45,7,0.25,0.2648,0.3055,0.2852,False
0.45,-0.5,6,0.45,0.2626,0.3078,0.2852,False
0.65,-0.3,3,0.45,0.3295,0.2408,0.2852,False
0.65,-0.3,3,0.5,0.3306,0.2401,0.2853,False
0.65,-0.3,3,0.4,0.3288,0.2419,0.2853,False
0.2,-0.55,5,0.1,0.2249,0.3456,0.2853,False
0.55,-0.4,6,0.1,0.2823,0.2883,0.2853,False
0.65,-0.15,5,0.1,0.3286,0.2421,0.2853,False
0.5,-0.55,4,0.35,0.2808,0.2898,0.2853,False
0.45,-0.55,4,0.05,0.2685,0.3021,0.2853,False
0.55,-0.45,5,0.3,0.2876,0.283,0.2853,False
0.45,-0.5,6,0.35,0.2611,0.3098,0.2854,False
0.65,-0.2,5,0.15,0.3245,0.2465,0.2855,False
0.05,-0.4,7,0.15,0.2074,0.3636,0.2855,False
0.25,-0.5,6,0.05,0.2279,0.3431,0.2855,False
0.15,-0.45,7,0.15,0.2146,0.3564,0.2855,False
0.15,-0.5,6,0.5,0.222,0.3491,0.2855,False
0.15,-0.5,6,0.3,0.2184,0.3526,0.2855,False
0.35,-0.55,5,0.1,0.2463,0.325,0.2856,False
0.5,-0.5,5,0.55,0.2803,0.291,0.2856,False
0.25,-0.55,5,0.05,0.2315,0.3398,0.2856,False
0.45,-0.5,6,0.5,0.2639,0.3073,0.2856,False
0.65,-0.2,3,0.15,0.3313,0.2398,0.2856,False
0.65,-0.1,6,0.05,0.3313,0.24,0.2857,False
0.65,-0.25,4,0.25,0.3257,0.2457,0.2857,False
0.55,-0.55,3,0.25,0.2955,0.2758,0.2857,False
0.5,-0.5,5,0.3,0.2759,0.2955,0.2857,False
0.6,-0.4,3,0.1,0.3102,0.2615,0.2858,False
0.6,-0.4,4,0.25,0.3062,0.2654,0.2858,False
0.3,-0.55,5,0.05,0.2386,0.333,0.2858,False
0.65,-0.25,5,0.25,0.3215,0.2502,0.2858,False
0.45,-0.5,5,0.05,0.2646,0.3069,0.2858,False
0.15,-0.55,5,0.2,0.2203,0.3512,0.2858,False
0.65,-0.3,3,0.35,0.3283,0.2433,0.2858,False
0.65,-0.3,3,0.55,0.3319,0.2398,0.2858,False
0.05,-0.45,6,0.25,0.2099,0.3618,0.2858,False
0.6,-0.35,7,0.15,0.2911,0.2805,0.2858,False
0.35,-0.5,6,0.05,0.2424,0.3295,0.2859,False
0.65,-0.2,4,0.15,0.3283,0.2435,0.2859,False
0.5,-0.55,4,0.55,0.285,0.2868,0.2859,False
0.65,-0.15,4,0.1,0.3317,0.2403,0.286,False
0.5,-0.55,4,0.3,0.2807,0.2913,0.286,False
0.05,-0.45,6,0.55,0.2154,0.3566,0.286,False
0.65,-0.15,3,0.1,0.3343,0.2379,0.2861,False
0.6,-0.45,3,0.25,0.3096,0.2625,0.2861,False
0.65,-0.25,7,0.15,0.3118,0.2604,0.2861,False
0.4,-0.55,5,0.2,0.2556,0.3167,0.2861,False
0.55,-0.5,3,0.05,0.2958,0.2764,0.2861,False
0.2,-0.5,6,0.1,0.2226,0.3497,0.2861,False
0.65,-0.25,3,0.2,0.3293,0.243,0.2861,False
0.65,-0.3,7,0.45,0.3103,0.2618,0.2861,False
0.45,-0.45,7,0.05,0.2553,0.3168,0.2861,False
0.45,-0.5,6,0.3,0.2609,0.3113,0.2861,False
0.1,-0.6,4,0.1,0.2175,0.355,0.2862,False
0.55,-0.5,4,0.45,0.2947,0.2777,0.2862,False
0.65,-0.3,7,0.4,0.3096,0.2628,0.2862,False
0.55,-0.45,5,0.25,0.2877,0.2849,0.2863,False
0.6,-0.35,6,0.15,0.2971,0.2755,0.2863,False
0.45,-0.5,6,0.55,0.2655,0.307,0.2863,False
0.65,-0.25,6,0.2,0.3168,0.2559,0.2863,False
0.55,-0.5,4,0.4,0.2939,0.2787,0.2863,False
0.35,-0.5,7,0.4,0.2411,0.3315,0.2863,False
0.65,-0.3,7,0.5,0.3114,0.2611,0.2863,False
0.65,-0.2,6,0.1,0.321,0.2518,0.2864,False
0.15,-0.5,6,0.55,0.2239,0.3489,0.2864,False
0.05,-0.5,5,0.15,0.2115,0.3614,0.2864,False
0.35,-0.5,7,0.45,0.2421,0.3307,0.2864,False
0.15,-0.5,6,0.25,0.2186,0.3542,0.2864,False
0.65,-0.15,6,0.05,0.3262,0.2469,0.2865,False
0.55,-0.5,4,0.5,0.2958,0.2771,0.2865,False
0.35,-0.5,7,0.35,0.2405,0.3325,0.2865,False
0.5,-0.45,6,0.1,0.2706,0.3023,0.2865,False
0.5,-0.45,7,0.2,0.2653,0.3076,0.2865,False
0.55,-0.4,7,0.1,0.2774,0.2958,0.2866,False
0.3,-0.5,7,0.4,0.2345,0.3386,0.2866,False
0.65,-0.3,7,0.35,0.3091,0.2641,0.2866,False
0.65,-0.3,3,0.3,0.3282,0.2452,0.2867,False
0.3,-0.5,7,0.45,0.2355,0.3379,0.2867,False
0.5,-0.5,5,0.25,0.276,0.2973,0.2867,False
0.55,-0.5,4,0.35,0.2934,0.28,0.2867,False
0.4,-0.5,6,0.1,0.2512,0.3224,0.2868,False
0.3,-0.5,7,0.35,0.2338,0.3397,0.2868,False
0.35,-0.5,7,0.5,0.2435,0.3302,0.2868,False
0.65,-0.3,7,0.55,0.3128,0.2609,0.2868,False
0.65,-0.1,5,0.05,0.334,0.2396,0.2868,False
0.65,-0.2,7,0.05,0.3174,0.2563,0.2868,False
0.4,-0.6,4,0.1,0.2599,0.3138,0.2869,False
0.5,-0.6,3,0.1,0.2838,0.2901,0.2869,False
0.45,-0.6,4,0.4,0.2722,0.3016,0.2869,False
0.05,-0.45,6,0.2,0.2105,0.3635,0.287,False
0.45,-0.5,6,0.25,0.261,0.313,0.287,False
0.5,-0.55,4,0.25,0.2808,0.2932,0.287,False
0.45,-0.6,4,0.45,0.2731,0.3008,0.287,False
0.35,-0.5,7,0.3,0.2403,0.3339,0.2871,False
0.55,-0.5,4,0.55,0.2973,0.2769,0.2871,False
0.55,-0.55,3,0.2,0.296,0.2781,0.2871,False
0.05,-0.6,4,0.4,0.217,0.3574,0.2872,False
0.6,-0.35,4,0.05,0.3081,0.2663,0.2872,False
0.65,-0.25,4,0.2,0.3261,0.2483,0.2872,False
0.6,-0.4,4,0.2,0.3066,0.2679,0.2872,False
0.3,-0.5,7,0.5,0.2369,0.3374,0.2872,False
0.45,-0.6,4,0.5,0.2744,0.3002,0.2873,False
0.45,-0.6,4,0.35,0.2717,0.3028,0.2873,False
0.6,-0.35,5,0.1,0.3031,0.2715,0.2873,False
0.65,-0.25,5,0.2,0.3219,0.2527,0.2873,False
0.3,-0.5,7,0.3,0.2336,0.341,0.2873,False
0.65,-0.3,4,0.45,0.3264,0.2482,0.2873,False
0.05,-0.6,4,0.35,0.2163,0.3584,0.2873,False
0.15,-0.55,5,0.15,0.2214,0.3533,0.2873,False
0.55,-0.5,4,0.3,0.2932,0.2816,0.2874,False
0.65,-0.3,7,0.3,0.3089,0.2658,0.2874,False
0.05,-0.6,4,0.45,0.2181,0.3566,0.2874,False
0.65,-0.3,4,0.4,0.3256,0.2492,0.2874,False
0.15,-0.45,7,0.1,0.2161,0.3587,0.2874,False
0.6,-0.4,5,0.45,0.3043,0.2705,0.2874,False
0.05,-0.4,7,0.1,0.2089,0.3659,0.2874,False
0.65,-0.3,4,0.5,0.3274,0.2475,0.2874,False
0.55,-0.45,4,0.05,0.293,0.2819,0.2875,False
0.6,-0.4,5,0.4,0.3035,0.2715,0.2875,False
0.6,-0.45,3,0.2,0.3101,0.2649,0.2875,False
0.65,-0.1,4,0.05,0.3363,0.2387,0.2875,False
0.2,-0.55,5,0.05,0.2268,0.3483,0.2875,False
0.55,-0.4,6,0.05,0.2838,0.2915,0.2876,False
0.35,-0.5,7,0.55,0.2453,0.3299,0.2876,False
0.15,-0.5,6,0.2,0.2192,0.356,0.2876,False
0.6,-0.4,5,0.5,0.3054,0.2699,0.2876,False
0.55,-0.45,5,0.2,0.2882,0.2872,0.2877,False
0.65,-0.2,5,0.1,0.3255,0.2499,0.2877,False
0.4,-0.55,5,0.15,0.2565,0.319,0.2877,False
0.6,-0.35,7,0.1,0.2922,0.2834,0.2878,False
0.05,-0.6,4,0.3,0.2161,0.3596,0.2878,False
0.65,-0.3,6,0.45,0.3166,0.259,0.2878,False
0.65,-0.1,3,0.05,0.3382,0.2374,0.2878,False
0.65,-0.2,3,0.1,0.3323,0.2432,0.2878,False
0.6,-0.4,5,0.35,0.303,0.2728,0.2879,False
0.65,-0.3,4,0.35,0.3252,0.2506,0.2879,False
0.65,-0.3,6,0.4,0.3158,0.26,0.2879,False
0.05,-0.6,4,0.5,0.2197,0.3561,0.2879,False
0.45,-0.6,4,0.3,0.2715,0.3043,0.2879,False
0.35,-0.55,5,0.05,0.248,0.3278,0.2879,False
0.65,-0.3,3,0.25,0.3283,0.2474,0.2879,False
0.65,-0.15,5,0.05,0.3298,0.2459,0.2879,False
0.65,-0.3,6,0.5,0.3177,0.2583,0.288,False
0.45,-0.6,4,0.55,0.2759,0.3,0.288,False
0.65,-0.3,4,0.55,0.3287,0.2472,0.288,False
0.5,-0.5,5,0.2,0.2765,0.2995,0.288,False
0.3,-0.5,7,0.55,0.2388,0.3372,0.288,False
0.4,-0.5,7,0.4,0.25,0.326,0.288,False
0.65,-0.25,3,0.15,0.33,0.246,0.288,False
0.35,-0.5,7,0.25,0.2404,0.3355,0.288,False
0.65,-0.25,6,0.15,0.3175,0.2587,0.2881,False
0.5,-0.45,7,0.15,0.2662,0.31,0.2881,False
0.4,-0.5,7,0.45,0.251,0.3252,0.2881,False
0.65,-0.2,4,0.1,0.3293,0.2469,0.2881,False
0.6,-0.4,5,0.55,0.3068,0.2696,0.2882,False
0.65,-0.3,5,0.45,0.322,0.2544,0.2882,False
0.4,-0.5,7,0.35,0.2494,0.3271,0.2882,False
0.65,-0.25,7,0.1,0.3128,0.2636,0.2882,False
0.3,-0.5,7,0.25,0.2338,0.3426,0.2882,False
0.45,-0.5,6,0.2,0.2615,0.3151,0.2883,False
0.5,-0.55,4,0.2,0.2813,0.2954,0.2883,False
0.6,-0.4,3,0.05,0.3115,0.265,0.2883,False
0.6,-0.35,6,0.1,0.2982,0.2785,0.2883,False
0.65,-0.3,5,0.4,0.3213,0.2554,0.2883,False
0.2,-0.5,6,0.05,0.2245,0.3523,0.2884,False
0.55,-0.5,4,0.25,0.2933,0.2835,0.2884,False
0.65,-0.3,5,0.5,0.3231,0.2537,0.2884,False
0.05,-0.5,5,0.1,0.213,0.3637,0.2884,False
0.65,-0.3,6,0.35,0.3154,0.2613,0.2884,False
0.65,-0.3,7,0.25,0.309,0.2679,0.2885,False
0.4,-0.5,7,0.5,0.2523,0.3247,0.2885,False
0.65,-0.15,4,0.05,0.333,0.2441,0.2885,False
0.65,-0.3,6,0.55,0.319,0.258,0.2885,False
0.1,-0.6,4,0.05,0.2194,0.3576,0.2885,False
0.6,-0.4,5,0.3,0.3028,0.2745,0.2886,False
0.05,-0.45,6,0.15,0.2116,0.3655,0.2886,False
0.65,-0.15,3,0.05,0.3356,0.2418,0.2887,False
0.65,-0.3,4,0.3,0.325,0.2524,0.2887,False
0.55,-0.45,6,0.4,0.2852,0.2923,0.2887,False
0.55,-0.45,6,0.45,0.286,0.2914,0.2887,False
0.05,-0.6,4,0.25,0.2163,0.3611,0.2887,False
0.05,-0.6,4,0.55,0.2216,0.3559,0.2888,False
0.25,-0.5,7,0.4,0.2303,0.3474,0.2888,False
0.4,-0.5,7,0.3,0.2492,0.3285,0.2888,False
0.5,-0.45,6,0.05,0.2722,0.3054,0.2888,False
0.55,-0.55,3,0.15,0.2968,0.2808,0.2888,False
0.65,-0.3,5,0.35,0.3208,0.2568,0.2888,False
0.45,-0.55,5,0.4,0.269,0.3087,0.2888,False
0.45,-0.55,5,0.45,0.2699,0.3078,0.2889,False
0.55,-0.4,7,0.05,0.2789,0.299,0.2889,False
0.45,-0.6,4,0.25,0.2716,0.3061,0.2889,False
0.65,-0.3,5,0.55,0.3244,0.2534,0.2889,False
0.65,-0.2,6,0.05,0.3223,0.2555,0.2889,False
0.6,-0.4,4,0.15,0.3074,0.2706,0.289,False
0.25,-0.5,7,0.35,0.2296,0.3484,0.289,False
0.25,-0.5,7,0.45,0.2313,0.3467,0.289,False
0.55,-0.45,6,0.5,0.2872,0.2908,0.289,False
0.65,-0.25,4,0.15,0.3268,0.2512,0.289,False
0.45,-0.55,5,0.35,0.2684,0.3099,0.2891,False
0.55,-0.45,6,0.35,0.2846,0.2935,0.2891,False
0.65,-0.25,5,0.15,0.3226,0.2556,0.2891,False
0.65,-0.3,6,0.3,0.3152,0.2631,0.2891,False
0.4,-0.6,4,0.05,0.2615,0.3168,0.2891,False
0.4,-0.5,6,0.05,0.2529,0.3253,0.2891,False
0.1,-0.55,5,0.4,0.2211,0.3572,0.2891,False
0.35,-0.5,7,0.2,0.241,0.3374,0.2892,False
0.4,-0.5,7,0.55,0.254,0.3244,0.2892,False
0.1,-0.45,7,0.4,0.2166,0.3617,0.2892,False
0.65,-0.35,3,0.45,0.3296,0.2488,0.2892,False
0.15,-0.55,5,0.1,0.2229,0.3556,0.2892,False
0.6,-0.45,3,0.15,0.3108,0.2677,0.2892,False
0.15,-0.5,6,0.15,0.2203,0.3581,0.2892,False
0.5,-0.6,3,0.05,0.2852,0.2932,0.2892,False
0.45,-0.55,5,0.5,0.2712,0.3073,0.2892,False
0.1,-0.45,7,0.35,0.2159,0.3627,0.2893,False
0.1,-0.55,5,0.45,0.2222,0.3564,0.2893,False
0.1,-0.55,5,0.35,0.2204,0.3582,0.2893,False
0.1,-0.45,7,0.45,0.2178,0.361,0.2894,False
0.55,-0.45,5,0.15,0.289,0.2897,0.2894,False
0.3,-0.5,7,0.2,0.2343,0.3445,0.2894,False
0.65,-0.3,3,0.2,0.3287,0.25,0.2894,False
0.65,-0.35,3,0.4,0.3289,0.2499,0.2894,False
0.65,-0.35,3,0.5,0.3306,0.2481,0.2894,False
0.25,-0.5,7,0.5,0.2328,0.3462,0.2895,False
0.65,-0.3,5,0.3,0.3207,0.2586,0.2896,False
0.25,-0.5,7,0.3,0.2294,0.3497,0.2896,False
0.55,-0.45,6,0.55,0.2887,0.2906,0.2896,False
0.5,-0.5,5,0.15,0.2774,0.3019,0.2896,False
0.6,-0.4,6,0.45,0.2996,0.2795,0.2896,False
0.6,-0.4,6,0.4,0.2988,0.2805,0.2896,False
0.05,-0.4,7,0.05,0.2109,0.3684,0.2897,False
0.15,-0.45,7,0.05,0.218,0.3613,0.2897,False
0.4,-0.5,7,0.25,0.2493,0.3301,0.2897,False
0.4,-0.55,5,0.1,0.2577,0.3216,0.2897,False
0.6,-0.35,5,0.05,0.3045,0.2749,0.2897,False
0.55,-0.45,6,0.3,0.2845,0.295,0.2897,False
0.6,-0.4,5,0.25,0.3029,0.2764,0.2897,False
0.45,-0.55,5,0.3,0.2682,0.3113,0.2898,False
0.1,-0.45,7,0.3,0.2157,0.3639,0.2898,False
0.55,-0.5,4,0.2,0.2938,0.2858,0.2898,False
0.65,-0.35,3,0.35,0.3284,0.2513,0.2898,False
0.1,-0.55,5,0.5,0.2237,0.356,0.2898,False
0.6,-0.4,6,0.5,0.3008,0.2789,0.2898,False
0.1,-0.55,5,0.3,0.2202,0.3594,0.2898,False
0.1,-0.45,7,0.5,0.2193,0.3605,0.2899,False
0.05,-0.6,4,0.2,0.2169,0.3629,0.2899,False
0.65,-0.3,4,0.25,0.3251,0.2546,0.2899,False
0.45,-0.5,6,0.15,0.2624,0.3174,0.2899,False
0.45,-0.55,5,0.55,0.2727,0.3071,0.2899,False
0.65,-0.3,7,0.2,0.3095,0.2703,0.2899,False
0.65,-0.35,3,0.55,0.332,0.2478,0.2899,False
0.6,-0.4,7,0.4,0.293,0.2871,0.29,False
0.5,-0.55,4,0.15,0.2821,0.2979,0.29,False
0.6,-0.5,3,0.45,0.3134,0.2666,0.29,False
0.6,-0.4,7,0.45,0.2938,0.2861,0.29,False
0.6,-0.4,6,0.35,0.2983,0.2817,0.29,False
0.5,-0.45,7,0.1,0.2674,0.3126,0.29,False
0.6,-0.5,3,0.4,0.3126,0.2675,0.2901,False
0.65,-0.25,3,0.1,0.331,0.2493,0.2902,False
0.6,-0.5,3,0.5,0.3145,0.2659,0.2902,False
0.45,-0.6,4,0.2,0.2721,0.3082,0.2902,False
0.65,-0.3,6,0.25,0.3153,0.2651,0.2902,False
0.65,-0.2,5,0.05,0.3268,0.2535,0.2902,False
0.6,-0.35,7,0.05,0.2937,0.2867,0.2902,False
0.65,-0.25,6,0.1,0.3186,0.2619,0.2902,False
0.25,-0.5,7,0.55,0.2346,0.346,0.2903,False
0.65,-0.2,3,0.05,0.3336,0.247,0.2903,False
0.6,-0.4,7,0.5,0.295,0.2856,0.2903,False
0.6,-0.4,7,0.35,0.2925,0.2883,0.2904,False
0.25,-0.5,7,0.25,0.2296,0.3513,0.2904,False
0.6,-0.4,6,0.55,0.3022,0.2787,0.2904,False
0.6,-0.5,3,0.35,0.3121,0.2689,0.2905,False
0.05,-0.45,6,0.1,0.2132,0.3678,0.2905,False
0.05,-0.5,5,0.05,0.215,0.3663,0.2906,False
0.1,-0.45,7,0.25,0.2159,0.3654,0.2906,False
0.65,-0.25,7,0.05,0.3142,0.2671,0.2906,False
0.65,-0.2,4,0.05,0.3306,0.2506,0.2906,False
0.6,-0.4,6,0.3,0.2981,0.2833,0.2907,False
0.55,-0.45,6,0.25,0.2846,0.2969,0.2907,False
0.6,-0.35,6,0.05,0.2996,0.2818,0.2907,False
0.1,-0.55,5,0.55,0.2256,0.3558,0.2907,False
0.65,-0.35,3,0.3,0.3283,0.2531,0.2907,False
0.1,-0.55,5,0.25,0.2203,0.361,0.2907,False
0.65,-0.3,5,0.25,0.3208,0.2607,0.2907,False
0.45,-0.55,5,0.25,0.2684,0.3131,0.2907,False
0.35,-0.5,7,0.15,0.2419,0.3396,0.2908,False
0.6,-0.45,4,0.45,0.3101,0.2714,0.2908,False
0.6,-0.45,4,0.4,0.3093,0.2724,0.2908,False
0.6,-0.5,3,0.55,0.3158,0.2657,0.2908,False
0.55,-0.55,3,0.1,0.2979,0.2837,0.2908,False
0.1,-0.45,7,0.55,0.2213,0.3603,0.2908,False
0.6,-0.4,7,0.55,0.2965,0.2853,0.2909,False
0.4,-0.5,7,0.2,0.2499,0.3321,0.291,False
0.6,-0.45,4,0.5,0.3112,0.2708,0.291,False
0.3,-0.5,7,0.15,0.2353,0.3466,0.291,False
0.6,-0.4,4,0.1,0.3084,0.2736,0.291,False
0.6,-0.4,7,0.3,0.2923,0.2899,0.2911,False
0.15,-0.5,6,0.1,0.2217,0.3604,0.2911,False
0.6,-0.4,5,0.2,0.3034,0.2787,0.2911,False
0.65,-0.25,4,0.1,0.3278,0.2545,0.2912,False
0.55,-0.45,7,0.4,0.2808,0.3017,0.2912,False
0.55,-0.45,7,0.45,0.2816,0.3008,0.2912,False
0.65,-0.3,3,0.15,0.3294,0.2529,0.2912,False
0.6,-0.5,3,0.3,0.312,0.2705,0.2913,False
0.6,-0.45,3,0.1,0.3119,0.2708,0.2913,False
0.6,-0.45,4,0.35,0.3088,0.2737,0.2913,False
0.65,-0.3,4,0.2,0.3255,0.2571,0.2913,False
0.55,-0.45,5,0.1,0.2901,0.2926,0.2913,False
0.65,-0.25,5,0.1,0.3236,0.2589,0.2913,False
0.55,-0.6,3,0.45,0.3011,0.2815,0.2913,False
0.05,-0.6,4,0.15,0.2179,0.3649,0.2914,False
0.55,-0.5,4,0.15,0.2946,0.2883,0.2914,False
0.55,-0.6,3,0.4,0.3003,0.2824,0.2914,False
0.15,-0.55,5,0.05,0.2247,0.3582,0.2915,False
0.55,-0.45,7,0.35,0.2802,0.3029,0.2916,False
0.25,-0.5,7,0.2,0.2302,0.3531,0.2916,False
0.6,-0.45,4,0.55,0.3126,0.2705,0.2916,False
0.65,-0.3,7,0.15,0.3102,0.273,0.2916,False
0.3,-0.6,5,0.4,0.2464,0.3367,0.2916,False
0.55,-0.6,3,0.5,0.3023,0.2809,0.2916,False
0.45,-0.5,7,0.4,0.2609,0.3223,0.2916,False
0.55,-0.45,7,0.5,0.2828,0.3003,0.2916,False
0.5,-0.5,5,0.1,0.2785,0.3046,0.2916,False
0.3,-0.6,5,0.45,0.2474,0.3359,0.2917,False
0.65,-0.3,6,0.2,0.3158,0.2676,0.2917,False
0.45,-0.5,7,0.45,0.2618,0.3215,0.2917,False
0.6,-0.4,6,0.25,0.2983,0.2853,0.2918,False
0.1,-0.55,5,0.2,0.221,0.3627,0.2918,False
0.1,-0.45,7,0.2,0.2165,0.3672,0.2918,False
0.45,-0.5,6,0.1,0.2636,0.32,0.2918,False
0.55,-0.6,3,0.35,0.2998,0.2837,0.2918,False
0.45,-0.6,4,0.15,0.273,0.3106,0.2918,False
0.65,-0.35,3,0.25,0.3284,0.2552,0.2918,False
0.3,-0.6,5,0.35,0.2458,0.3378,0.2918,False
0.25,-0.6,5,0.4,0.24,0.3438,0.2919,False
0.3,-0.55,6,0.4,0.2426,0.3411,0.2919,False
0.45,-0.5,7,0.35,0.2603,0.3234,0.2919,False
0.5,-0.55,4,0.1,0.2832,0.3007,0.2919,False
0.4,-0.55,5,0.05,0.2594,0.3244,0.2919,False
0.5,-0.5,6,0.45,0.2767,0.3073,0.292,False
0.45,-0.55,5,0.2,0.2689,0.3151,0.292,False
0.6,-0.45,4,0.3,0.3087,0.2753,0.292,False
0.5,-0.5,6,0.4,0.2758,0.3081,0.292,False
0.45,-0.5,7,0.5,0.2631,0.321,0.292,False
0.3,-0.55,6,0.45,0.2436,0.3403,0.292,False
0.1,-0.5,6,0.4,0.2213,0.3627,0.292,False
0.25,-0.6,5,0.45,0.241,0.3431,0.292,False
0.3,-0.6,5,0.5,0.2488,0.3354,0.2921,False
0.3,-0.55,6,0.35,0.242,0.3422,0.2921,False
0.6,-0.4,7,0.25,0.2925,0.2917,0.2921,False
0.25,-0.6,5,0.35,0.2394,0.3449,0.2921,False
0.1,-0.5,6,0.35,0.2206,0.3637,0.2921,False
0.55,-0.45,6,0.2,0.2851,0.299,0.2921,False
0.55,-0.45,7,0.3,0.2801,0.3044,0.2922,False
0.55,-0.45,7,0.55,0.2844,0.3,0.2922,False
0.65,-0.3,5,0.2,0.3212,0.2631,0.2922,False
0.1,-0.5,6,0.45,0.2224,0.362,0.2922,False
0.55,-0.6,3,0.55,0.3037,0.2807,0.2922,False
0.5,-0.5,6,0.35,0.2753,0.3093,0.2923,False
0.5,-0.45,7,0.05,0.269,0.3156,0.2923,False
0.5,-0.5,6,0.5,0.2779,0.3067,0.2923,False
0.6,-0.5,3,0.25,0.3121,0.2726,0.2923,False
0.3,-0.6,5,0.3,0.2456,0.3391,0.2924,False
0.35,-0.55,6,0.4,0.2501,0.3348,0.2924,False
0.3,-0.55,6,0.5,0.245,0.3399,0.2924,False
0.65,-0.35,4,0.45,0.3267,0.2582,0.2924,False
0.35,-0.55,6,0.45,0.2511,0.334,0.2925,False
0.25,-0.6,5,0.5,0.2424,0.3426,0.2925,False
0.4,-0.5,7,0.15,0.2508,0.3343,0.2925,False
0.45,-0.5,7,0.3,0.2601,0.3248,0.2925,False
0.55,-0.6,3,0.3,0.2997,0.2853,0.2925,False
0.1,-0.5,6,0.3,0.2203,0.3649,0.2926,False
0.65,-0.35,4,0.5,0.3278,0.2575,0.2926,False
0.65,-0.25,3,0.05,0.3323,0.253,0.2926,False
0.3,-0.55,6,0.3,0.2418,0.3435,0.2926,False
0.65,-0.35,4,0.4,0.326,0.2592,0.2926,False
0.25,-0.6,5,0.3,0.2392,0.3462,0.2927,False
0.05,-0.45,6,0.05,0.2151,0.3703,0.2927,False
0.1,-0.5,6,0.5,0.2239,0.3615,0.2927,False
0.35,-0.55,6,0.35,0.2495,0.3359,0.2927,False
0.65,-0.25,6,0.05,0.3199,0.2654,0.2927,False
0.35,-0.5,7,0.1,0.2433,0.342,0.2927,False
0.45,-0.5,7,0.55,0.2648,0.3207,0.2928,False
0.6,-0.4,5,0.15,0.3042,0.2814,0.2928,False
0.5,-0.5,6,0.3,0.2751,0.3107,0.2929,False
0.3,-0.6,5,0.55,0.2505,0.3352,0.2929,False
0.3,-0.5,7,0.1,0.2367,0.349,0.2929,False
0.65,-0.35,4,0.35,0.3255,0.2605,0.293,False
0.35,-0.55,6,0.5,0.2524,0.3335,0.293,False
0.5,-0.5,6,0.55,0.2795,0.3065,0.293,False
0.6,-0.45,4,0.25,0.3088,0.2773,0.293,False
0.55,-0.55,3,0.05,0.2993,0.287,0.2931,False
0.65,-0.3,4,0.15,0.3262,0.26,0.2931,False
0.6,-0.4,6,0.2,0.2987,0.2875,0.2931,False
0.35,-0.55,6,0.3,0.2493,0.3372,0.2932,False
0.35,-0.6,5,0.4,0.2551,0.3313,0.2932,False
0.3,-0.6,5,0.25,0.2458,0.3407,0.2932,False
0.25,-0.55,6,0.4,0.2374,0.3491,0.2932,False
0.65,-0.35,4,0.55,0.3291,0.2572,0.2932,False
0.3,-0.55,6,0.55,0.2468,0.3396,0.2932,False
0.2,-0.5,7,0.4,0.2287,0.3577,0.2932,False
0.25,-0.5,7,0.15,0.2312,0.3552,0.2932,False
0.55,-0.45,7,0.25,0.2802,0.3062,0.2932,False
0.65,-0.35,3,0.2,0.3288,0.2577,0.2933,False
0.15,-0.5,6,0.05,0.2236,0.3629,0.2933,False
0.65,-0.35,7,0.45,0.3105,0.2762,0.2933,False
0.65,-0.3,3,0.1,0.3304,0.2562,0.2933,False
0.2,-0.5,7,0.45,0.2297,0.3569,0.2933,False
0.35,-0.6,5,0.45,0.256,0.3305,0.2933,False
0.25,-0.6,5,0.55,0.2442,0.3424,0.2933,False
0.2,-0.5,7,0.35,0.228,0.3587,0.2933,False
0.05,-0.6,4,0.1,0.2194,0.3672,0.2933,False
0.65,-0.35,7,0.4,0.3097,0.2771,0.2934,False
0.35,-0.6,5,0.35,0.2545,0.3324,0.2934,False
0.1,-0.55,5,0.15,0.222,0.3648,0.2934,False
0.65,-0.3,6,0.15,0.3165,0.2703,0.2934,False
0.25,-0.55,6,0.45,0.2385,0.3483,0.2934,False
0.25,-0.55,6,0.35,0.2368,0.3501,0.2934,False
0.6,-0.4,7,0.2,0.2929,0.2939,0.2934,False
0.6,-0.4,4,0.05,0.3098,0.277,0.2934,False
0.1,-0.45,7,0.15,0.2176,0.3692,0.2934,False
0.45,-0.5,7,0.25,0.2603,0.3265,0.2934,False
0.55,-0.5,4,0.1,0.2957,0.2912,0.2934,False
0.1,-0.5,6,0.25,0.2205,0.3664,0.2935,False
0.25,-0.6,5,0.25,0.2393,0.3477,0.2935,False
0.55,-0.6,3,0.25,0.2998,0.2872,0.2935,False
0.1,-0.5,6,0.55,0.2258,0.3613,0.2935,False
0.3,-0.55,6,0.25,0.2419,0.3451,0.2935,False
0.45,-0.55,5,0.15,0.2697,0.3174,0.2936,False
0.65,-0.25,4,0.05,0.3291,0.2581,0.2936,False
0.65,-0.3,7,0.1,0.3113,0.276,0.2936,False
0.65,-0.35,7,0.5,0.3116,0.2756,0.2936,False
0.55,-0.45,5,0.05,0.2915,0.2957,0.2936,False
0.6,-0.5,3,0.2,0.3125,0.2749,0.2937,False
0.55,-0.45,6,0.15,0.2859,0.3015,0.2937,False
0.6,-0.45,3,0.05,0.3132,0.2742,0.2937,False
0.35,-0.6,5,0.5,0.2574,0.33,0.2937,False
0.65,-0.25,5,0.05,0.3249,0.2624,0.2937,False
0.35,-0.55,6,0.55,0.2541,0.3333,0.2937,False
0.45,-0.6,4,0.1,0.2742,0.3132,0.2937,False
0.5,-0.5,5,0.05,0.28,0.3077,0.2938,False
0.65,-0.35,7,0.35,0.3092,0.2784,0.2938,False
0.2,-0.5,7,0.3,0.2278,0.3599,0.2938,False
0.65,-0.35,4,0.3,0.3254,0.2623,0.2938,False
0.2,-0.5,7,0.5,0.2312,0.3565,0.2938,False
0.65,-0.4,3,0.45,0.3304,0.2575,0.2939,False
0.5,-0.5,6,0.25,0.2752,0.3125,0.2939,False
0.65,-0.3,5,0.15,0.3219,0.2659,0.2939,False
0.25,-0.55,6,0.5,0.2399,0.3478,0.2939,False
0.25,-0.55,6,0.3,0.2366,0.3514,0.294,False
0.35,-0.6,5,0.3,0.2543,0.3337,0.294,False
0.35,-0.55,6,0.25,0.2494,0.3388,0.2941,False
0.65,-0.4,3,0.5,0.3314,0.2568,0.2941,False
0.65,-0.4,3,0.4,0.3297,0.2585,0.2941,False
0.65,-0.35,7,0.55,0.313,0.2753,0.2941,False
0.45,-0.5,6,0.05,0.2652,0.3229,0.2941,False
0.5,-0.55,4,0.05,0.2847,0.3037,0.2942,False
0.2,-0.6,5,0.4,0.236,0.3525,0.2942,False
0.65,-0.35,5,0.45,0.3225,0.2661,0.2943,False
0.2,-0.6,5,0.35,0.2353,0.3535,0.2944,False
0.2,-0.6,5,0.45,0.237,0.3518,0.2944,False
0.6,-0.45,4,0.2,0.3092,0.2796,0.2944,False
0.65,-0.35,5,0.4,0.3218,0.2671,0.2944,False
0.4,-0.5,7,0.1,0.2521,0.3367,0.2944,False
0.35,-0.6,5,0.55,0.259,0.3298,0.2944,False
0.65,-0.35,7,0.3,0.309,0.28,0.2945,False
0.65,-0.4,3,0.35,0.3292,0.2599,0.2945,False
0.65,-0.35,5,0.5,0.3236,0.2655,0.2945,False
0.55,-0.5,5,0.45,0.2943,0.2946,0.2945,False
0.55,-0.45,7,0.2,0.2807,0.3083,0.2945,False
0.55,-0.5,5,0.4,0.2935,0.2955,0.2945,False
0.3,-0.6,5,0.2,0.2463,0.3426,0.2945,False
0.25,-0.55,6,0.55,0.2417,0.3476,0.2946,False
0.65,-0.35,6,0.45,0.317,0.2722,0.2946,False
0.65,-0.4,3,0.55,0.3327,0.2565,0.2946,False
0.45,-0.5,7,0.2,0.2608,0.3284,0.2946,False
0.1,-0.5,6,0.2,0.2211,0.3682,0.2946,False
0.2,-0.5,7,0.25,0.2279,0.3614,0.2947,False
0.2,-0.5,7,0.55,0.2331,0.3562,0.2947,False
0.3,-0.55,6,0.2,0.2425,0.3469,0.2947,False
0.65,-0.35,6,0.4,0.3162,0.2732,0.2947,False
0.25,-0.6,5,0.2,0.2399,0.3496,0.2947,False
0.55,-0.6,3,0.2,0.3002,0.2894,0.2948,False
0.6,-0.4,6,0.15,0.2995,0.29,0.2948,False
0.6,-0.4,5,0.1,0.3052,0.2843,0.2948,False
0.65,-0.35,6,0.5,0.3181,0.2716,0.2948,False
0.55,-0.5,5,0.5,0.2955,0.2941,0.2948,False
0.25,-0.55,6,0.25,0.2367,0.3529,0.2948,False
0.65,-0.35,5,0.35,0.3213,0.2684,0.2949,False
0.35,-0.6,5,0.25,0.2545,0.3354,0.2949,False
0.65,-0.35,4,0.25,0.3255,0.2643,0.2949,False
0.4,-0.55,6,0.4,0.2597,0.3302,0.2949,False
0.2,-0.6,5,0.5,0.2384,0.3513,0.2949,False
0.35,-0.5,7,0.05,0.245,0.3447,0.2949,False
0.55,-0.5,5,0.35,0.293,0.2967,0.2949,False
0.2,-0.6,5,0.3,0.2351,0.3548,0.295,False
0.65,-0.35,3,0.15,0.3295,0.2606,0.295,False
0.25,-0.5,7,0.1,0.2326,0.3575,0.295,False
0.4,-0.55,6,0.45,0.2606,0.3294,0.295,False
0.3,-0.5,7,0.05,0.2385,0.3516,0.2951,False
0.6,-0.4,7,0.15,0.2937,0.2964,0.2951,False
0.5,-0.5,6,0.2,0.2757,0.3145,0.2951,False
0.65,-0.35,5,0.55,0.3249,0.2652,0.2951,False
0.65,-0.35,6,0.35,0.3158,0.2745,0.2951,False
0.1,-0.45,7,0.1,0.2191,0.3714,0.2952,False
0.4,-0.55,6,0.35,0.2591,0.3313,0.2952,False
0.65,-0.3,4,0.1,0.3272,0.2631,0.2952,False
0.1,-0.55,5,0.1,0.2235,0.367,0.2952,False
0.35,-0.55,6,0.2,0.25,0.3407,0.2953,False
0.65,-0.4,3,0.3,0.329,0.2616,0.2953,False
0.4,-0.55,6,0.5,0.2619,0.3289,0.2954,False
0.65,-0.3,6,0.1,0.3175,0.2733,0.2954,False
0.65,-0.35,6,0.55,0.3194,0.2713,0.2954,False
0.55,-0.5,5,0.55,0.2969,0.2938,0.2954,False
0.6,-0.5,3,0.15,0.3133,0.2776,0.2954,False
0.5,-0.6,4,0.4,0.288,0.303,0.2955,False
0.5,-0.6,4,0.45,0.2888,0.3022,0.2955,False
0.05,-0.6,4,0.05,0.2213,0.3697,0.2955,False
0.55,-0.5,5,0.3,0.2928,0.2982,0.2955,False
0.45,-0.55,5,0.1,0.2709,0.32,0.2955,False
0.55,-0.55,4,0.4,0.2989,0.2924,0.2956,False
0.55,-0.55,4,0.45,0.2997,0.2915,0.2956,False
0.65,-0.35,7,0.25,0.3092,0.282,0.2956,False
0.65,-0.35,5,0.3,0.3211,0.2701,0.2956,False
0.55,-0.45,6,0.1,0.287,0.3042,0.2956,False
0.2,-0.6,5,0.55,0.2402,0.3511,0.2957,False
0.55,-0.5,4,0.05,0.2971,0.2944,0.2957,False
0.65,-0.3,3,0.05,0.3317,0.2598,0.2957,False
0.4,-0.55,6,0.3,0.2589,0.3326,0.2958,False
0.2,-0.6,5,0.25,0.2353,0.3563,0.2958,False
0.65,-0.35,6,0.3,0.3156,0.2761,0.2958,False
0.5,-0.6,4,0.5,0.29,0.3016,0.2958,False
0.5,-0.6,4,0.35,0.2875,0.3042,0.2958,False
0.55,-0.55,4,0.5,0.3009,0.2909,0.2959,False
0.2,-0.5,7,0.2,0.2285,0.3632,0.2959,False
0.45,-0.6,4,0.05,0.2757,0.3162,0.2959,False
0.55,-0.55,4,0.35,0.2984,0.2936,0.296,False
0.25,-0.55,6,0.2,0.2373,0.3547,0.296,False
0.65,-0.3,5,0.1,0.3229,0.269,0.296,False
0.65,-0.3,7,0.05,0.3126,0.2793,0.296,False
0.3,-0.6,5,0.15,0.2473,0.3447,0.296,False
0.35,-0.6,5,0.2,0.255,0.3373,0.2961,False
0.6,-0.45,4,0.15,0.31,0.2822,0.2961,False
0.4,-0.55,6,0.55,0.2636,0.3287,0.2961,False
0.55,-0.45,7,0.15,0.2815,0.3106,0.2961,False
0.6,-0.45,5,0.45,0.3076,0.2847,0.2962,False
0.45,-0.5,7,0.15,0.2617,0.3307,0.2962,False
0.1,-0.5,6,0.15,0.2222,0.3701,0.2962,False
0.3,-0.55,6,0.15,0.2434,0.349,0.2962,False
0.6,-0.45,5,0.4,0.3068,0.2856,0.2962,False
0.25,-0.6,5,0.15,0.2409,0.3517,0.2963,False
0.65,-0.35,4,0.2,0.3259,0.2668,0.2963,False
0.5,-0.55,5,0.45,0.2847,0.3082,0.2964,False
0.65,-0.4,3,0.25,0.3292,0.2637,0.2964,False
0.6,-0.45,5,0.5,0.3087,0.2841,0.2964,False
0.5,-0.6,4,0.55,0.2915,0.3014,0.2964,False
0.5,-0.55,5,0.4,0.2838,0.3091,0.2964,False
0.55,-0.5,5,0.25,0.2929,0.3001,0.2965,False
0.5,-0.6,4,0.3,0.2873,0.3057,0.2965,False
0.55,-0.6,3,0.15,0.301,0.292,0.2965,False
0.55,-0.55,4,0.55,0.3023,0.2906,0.2965,False
0.2,-0.55,6,0.4,0.2347,0.3585,0.2966,False
0.6,-0.45,5,0.35,0.3064,0.2869,0.2966,False
0.4,-0.5,7,0.05,0.2538,0.3395,0.2966,False
0.65,-0.35,5,0.25,0.3212,0.2721,0.2967,False
0.55,-0.55,4,0.3,0.2982,0.2951,0.2967,False
0.4,-0.6,5,0.4,0.2657,0.3276,0.2967,False
0.4,-0.6,5,0.45,0.2667,0.3268,0.2967,False
0.4,-0.55,6,0.25,0.2591,0.3343,0.2967,False
0.5,-0.5,6,0.15,0.2766,0.3169,0.2967,False
0.6,-0.4,6,0.1,0.3006,0.2929,0.2967,False
0.5,-0.55,5,0.35,0.2833,0.3102,0.2967,False
0.2,-0.55,6,0.45,0.2358,0.3578,0.2968,False
0.5,-0.55,5,0.5,0.2859,0.3077,0.2968,False
0.2,-0.55,6,0.35,0.2341,0.3595,0.2968,False
0.4,-0.6,5,0.35,0.2652,0.3287,0.2969,False
0.65,-0.35,7,0.2,0.3096,0.2843,0.2969,False
0.6,-0.55,3,0.45,0.3165,0.2773,0.2969,False
0.35,-0.55,6,0.15,0.2509,0.3429,0.2969,False
0.65,-0.35,6,0.25,0.3157,0.2781,0.2969,False
0.6,-0.45,5,0.55,0.3101,0.2838,0.297,False
0.2,-0.6,5,0.2,0.2359,0.3581,0.297,False
0.6,-0.55,3,0.4,0.3158,0.2783,0.297,False
0.6,-0.4,7,0.1,0.2948,0.2992,0.297,False
0.5,-0.5,7,0.4,0.2736,0.3205,0.297,False
0.6,-0.4,5,0.05,0.3066,0.2876,0.2971,False
0.5,-0.5,7,0.45,0.2745,0.3196,0.2971,False
0.65,-0.35,3,0.1,0.3305,0.2637,0.2971,False
0.4,-0.6,5,0.5,0.2679,0.3263,0.2971,False
0.6,-0.55,3,0.5,0.3176,0.2767,0.2972,False
0.25,-0.5,7,0.05,0.2344,0.3601,0.2972,False
0.2,-0.55,6,0.5,0.2372,0.3573,0.2973,False
0.05,-0.55,5,0.4,0.2244,0.3702,0.2973,False
0.6,-0.45,5,0.3,0.3062,0.2884,0.2973,False
0.5,-0.5,7,0.35,0.2731,0.3216,0.2973,False
0.2,-0.55,6,0.3,0.2339,0.3608,0.2973,False
0.5,-0.55,5,0.3,0.2831,0.3117,0.2974,False
0.5,-0.55,5,0.55,0.2874,0.3074,0.2974,False
0.1,-0.45,7,0.05,0.221,0.3739,0.2974,False
0.5,-0.6,4,0.25,0.2874,0.3075,0.2974,False
0.6,-0.55,3,0.35,0.3153,0.2795,0.2974,False
0.5,-0.5,7,0.5,0.2757,0.3191,0.2974,False
0.1,-0.55,5,0.05,0.2253,0.3695,0.2974,False
0.6,-0.5,3,0.1,0.3143,0.2806,0.2974,False
0.2,-0.5,7,0.15,0.2295,0.3652,0.2974,False
0.05,-0.55,5,0.35,0.2237,0.3711,0.2974,False
0.05,-0.55,5,0.45,0.2255,0.3695,0.2975,False
0.4,-0.6,5,0.3,0.265,0.3301,0.2975,False
0.25,-0.55,6,0.15,0.2383,0.3568,0.2975,False
0.65,-0.3,4,0.05,0.3285,0.2666,0.2976,False
0.35,-0.6,5,0.15,0.2559,0.3394,0.2977,False
0.55,-0.55,4,0.25,0.2984,0.297,0.2977,False
0.45,-0.55,5,0.05,0.2725,0.3229,0.2977,False
0.6,-0.55,3,0.55,0.319,0.2765,0.2977,False
0.4,-0.6,5,0.55,0.2695,0.3261,0.2978,False
0.65,-0.4,3,0.2,0.3296,0.2661,0.2978,False
0.65,-0.3,6,0.05,0.3188,0.2767,0.2978,False
0.55,-0.5,5,0.2,0.2934,0.3022,0.2978,False
0.55,-0.45,6,0.05,0.2885,0.3073,0.2979,False
0.5,-0.5,7,0.3,0.2729,0.323,0.2979,False
0.05,-0.55,5,0.3,0.2235,0.3723,0.2979,False
0.4,-0.55,6,0.2,0.2596,0.3362,0.2979,False
0.3,-0.6,5,0.1,0.2486,0.3471,0.2979,False
0.55,-0.45,7,0.1,0.2827,0.3133,0.298,False
0.1,-0.5,6,0.1,0.2236,0.3724,0.298,False
0.45,-0.5,7,0.1,0.2629,0.3332,0.298,False
0.05,-0.55,5,0.5,0.227,0.369,0.298,False
0.6,-0.45,4,0.1,0.311,0.2852,0.2981,False
0.3,-0.55,6,0.1,0.2448,0.3514,0.2981,False
0.65,-0.35,4,0.15,0.3266,0.2695,0.2981,False
0.65,-0.35,5,0.2,0.3217,0.2745,0.2981,False
0.6,-0.55,3,0.3,0.3151,0.2812,0.2981,False
0.5,-0.5,7,0.55,0.2773,0.3189,0.2981,False
0.25,-0.6,5,0.1,0.2422,0.354,0.2981,False
0.2,-0.55,6,0.55,0.239,0.3571,0.2981,False
0.2,-0.55,6,0.25,0.234,0.3623,0.2982,False
0.5,-0.55,5,0.25,0.2832,0.3134,0.2983,False
0.6,-0.45,5,0.25,0.3063,0.2903,0.2983,False
0.65,-0.3,5,0.05,0.3242,0.2724,0.2983,False
0.65,-0.35,6,0.2,0.3161,0.2804,0.2983,False
0.55,-0.6,3,0.1,0.3021,0.2948,0.2984,False
0.4,-0.6,5,0.25,0.2651,0.3317,0.2984,False
0.2,-0.6,5,0.15,0.2368,0.3602,0.2985,False
0.65,-0.4,4,0.45,0.328,0.2689,0.2985,False
0.65,-0.4,4,0.4,0.3273,0.2699,0.2986,False
0.15,-0.6,5,0.4,0.2345,0.3626,0.2986,False
0.5,-0.5,6,0.1,0.2777,0.3195,0.2986,False
0.65,-0.35,7,0.15,0.3103,0.2868,0.2986,False
0.5,-0.6,4,0.2,0.2879,0.3096,0.2987,False
0.15,-0.6,5,0.45,0.2355,0.3619,0.2987,False
0.65,-0.4,4,0.5,0.3291,0.2683,0.2987,False
0.15,-0.6,5,0.35,0.2338,0.3636,0.2987,False
0.05,-0.55,5,0.25,0.2237,0.3738,0.2987,False
0.35,-0.55,6,0.1,0.2522,0.3453,0.2987,False
0.5,-0.5,7,0.25,0.273,0.3247,0.2988,False
0.6,-0.5,4,0.45,0.3137,0.2841,0.2989,False
0.05,-0.55,5,0.55,0.2289,0.3688,0.2989,False
0.6,-0.5,4,0.4,0.3129,0.285,0.299,False
0.55,-0.55,4,0.2,0.2988,0.2991,0.299,False
0.65,-0.4,4,0.35,0.3268,0.2712,0.299,False
0.6,-0.4,6,0.05,0.302,0.296,0.299,False
0.6,-0.5,4,0.5,0.3147,0.2835,0.2991,False
0.05,-0.45,7,0.4,0.2223,0.3759,0.2991,False
0.15,-0.6,5,0.5,0.2369,0.3615,0.2992,False
0.15,-0.6,5,0.3,0.2336,0.3649,0.2992,False
0.6,-0.55,3,0.25,0.3152,0.2831,0.2992,False
0.05,-0.45,7,0.35,0.2217,0.3768,0.2992,False
0.2,-0.5,7,0.1,0.231,0.3675,0.2992,False
0.65,-0.4,4,0.55,0.3304,0.268,0.2992,False
0.6,-0.4,7,0.05,0.2962,0.3023,0.2993,False
0.05,-0.45,7,0.45,0.2234,0.3752,0.2993,False
0.45,-0.55,6,0.4,0.2712,0.3274,0.2993,False
0.45,-0.55,6,0.45,0.2721,0.3266,0.2993,False
0.2,-0.55,6,0.2,0.2346,0.3641,0.2993,False
0.6,-0.5,4,0.35,0.3124,0.2863,0.2993,False
0.65,-0.45,3,0.45,0.3319,0.2667,0.2993,False
0.4,-0.55,6,0.15,0.2605,0.3384,0.2994,False
0.25,-0.55,6,0.1,0.2396,0.3591,0.2994,False
0.55,-0.5,5,0.15,0.2942,0.3046,0.2994,False
0.65,-0.45,3,0.4,0.3311,0.2677,0.2994,False
0.65,-0.35,3,0.05,0.3317,0.2672,0.2995,False
0.35,-0.6,5,0.1,0.2572,0.3419,0.2995,False
0.15,-0.5,7,0.4,0.2297,0.3693,0.2995,False
0.6,-0.45,6,0.45,0.3036,0.2954,0.2995,False
0.6,-0.45,6,0.4,0.3028,0.2963,0.2995,False
0.65,-0.45,3,0.5,0.3329,0.2661,0.2995,False
0.4,-0.6,5,0.2,0.2656,0.3337,0.2996,False
0.6,-0.45,5,0.2,0.3068,0.2925,0.2996,False
0.65,-0.4,3,0.15,0.3303,0.2688,0.2996,False
0.15,-0.5,7,0.45,0.2307,0.3685,0.2996,False
0.15,-0.5,7,0.35,0.229,0.3702,0.2996,False
0.5,-0.55,5,0.2,0.2837,0.3155,0.2996,False
0.45,-0.55,6,0.35,0.2707,0.3284,0.2996,False
0.6,-0.5,4,0.55,0.3161,0.2832,0.2997,False
0.45,-0.55,6,0.5,0.2733,0.326,0.2997,False
0.05,-0.45,7,0.3,0.2214,0.378,0.2997,False
0.6,-0.5,3,0.05,0.3156,0.2838,0.2997,False
0.6,-0.45,6,0.5,0.3047,0.2949,0.2998,False
0.65,-0.4,4,0.3,0.3267,0.2729,0.2998,False
0.65,-0.45,3,0.35,0.3307,0.269,0.2998,False
0.65,-0.35,5,0.15,0.3224,0.2772,0.2998,False
0.05,-0.45,7,0.5,0.2249,0.3747,0.2998,False
0.05,-0.55,5,0.2,0.2243,0.3755,0.2999,False
0.65,-0.35,6,0.15,0.3169,0.283,0.2999,False
0.6,-0.45,6,0.35,0.3023,0.2975,0.2999,False
0.6,-0.5,4,0.3,0.3122,0.2878,0.3,False
0.65,-0.45,3,0.55,0.3342,0.2658,0.3,False
0.15,-0.6,5,0.55,0.2388,0.3613,0.3,False
0.3,-0.6,5,0.05,0.2503,0.3498,0.3,False
0.15,-0.5,7,0.5,0.2322,0.3681,0.3001,False
0.65,-0.35,4,0.1,0.3276,0.2726,0.3001,False
0.45,-0.55,6,0.3,0.2705,0.3298,0.3001,False
0.15,-0.5,7,0.3,0.2288,0.3714,0.3001,False
0.5,-0.5,7,0.2,0.2735,0.3266,0.3001,False
0.15,-0.6,5,0.25,0.2338,0.3664,0.3001,False
0.55,-0.45,7,0.05,0.2841,0.3162,0.3002,False
0.45,-0.5,7,0.05,0.2645,0.3359,0.3002,False
0.1,-0.5,6,0.05,0.2255,0.3749,0.3002,False
0.25,-0.6,5,0.05,0.2439,0.3566,0.3003,False
0.3,-0.55,6,0.05,0.2465,0.354,0.3003,False
0.2,-0.6,5,0.1,0.2382,0.3625,0.3003,False
0.5,-0.6,4,0.15,0.2887,0.3119,0.3003,False
0.45,-0.55,6,0.55,0.2749,0.3258,0.3004,False
0.6,-0.45,4,0.05,0.3124,0.2884,0.3004,False
0.55,-0.5,6,0.45,0.2922,0.3087,0.3004,False
0.6,-0.45,6,0.55,0.3061,0.2946,0.3004,False
0.55,-0.5,6,0.4,0.2914,0.3095,0.3004,False
0.6,-0.55,3,0.2,0.3157,0.2854,0.3005,False
0.05,-0.45,7,0.25,0.2216,0.3795,0.3005,False
0.55,-0.55,4,0.15,0.2996,0.3016,0.3006,False
0.65,-0.45,3,0.3,0.3305,0.2707,0.3006,False
0.6,-0.45,6,0.3,0.3021,0.299,0.3006,False
0.65,-0.35,7,0.1,0.3114,0.2897,0.3006,False
0.55,-0.6,3,0.05,0.3035,0.2979,0.3007,False
0.55,-0.5,6,0.5,0.2934,0.3081,0.3007,False
0.05,-0.45,7,0.55,0.2269,0.3745,0.3007,False
0.2,-0.55,6,0.15,0.2356,0.3661,0.3008,False
0.55,-0.5,6,0.35,0.2909,0.3107,0.3008,False
0.5,-0.5,6,0.05,0.2792,0.3224,0.3008,False
0.65,-0.4,4,0.25,0.3268,0.2749,0.3008,False
0.6,-0.45,7,0.45,0.2982,0.3035,0.3009,False
0.35,-0.55,6,0.05,0.2539,0.3479,0.3009,False
0.15,-0.5,7,0.25,0.229,0.3729,0.3009,False
0.6,-0.45,7,0.4,0.2974,0.3044,0.3009,False
0.15,-0.5,7,0.55,0.2341,0.3679,0.301,False
0.05,-0.5,6,0.4,0.2258,0.3762,0.301,False
0.45,-0.55,6,0.25,0.2706,0.3315,0.301,False
0.5,-0.55,5,0.15,0.2845,0.3178,0.3011,False
0.6,-0.5,4,0.25,0.3124,0.2897,0.3011,False
0.6,-0.45,7,0.5,0.2993,0.303,0.3011,False
0.15,-0.6,5,0.2,0.2343,0.3681,0.3012,False
0.05,-0.5,6,0.45,0.2269,0.3755,0.3012,False
0.6,-0.45,7,0.35,0.2969,0.3056,0.3012,False
0.05,-0.5,6,0.35,0.2252,0.3772,0.3012,False
0.4,-0.6,5,0.15,0.2665,0.3359,0.3012,False
0.4,-0.55,6,0.1,0.2617,0.3408,0.3013,False
0.6,-0.45,5,0.15,0.3075,0.295,0.3013,False
0.55,-0.5,5,0.1,0.2953,0.3073,0.3013,False
0.2,-0.5,7,0.05,0.2328,0.37,0.3014,False
0.05,-0.55,5,0.15,0.2253,0.3775,0.3014,False
0.55,-0.5,6,0.55,0.2948,0.3079,0.3014,False
0.55,-0.5,6,0.3,0.2907,0.3121,0.3014,False
0.25,-0.55,6,0.05,0.2414,0.3617,0.3015,False
0.65,-0.4,5,0.45,0.3242,0.2788,0.3015,False
0.6,-0.45,6,0.25,0.3022,0.3009,0.3015,False
0.65,-0.4,5,0.4,0.3234,0.2797,0.3015,False
0.5,-0.5,7,0.15,0.2743,0.3289,0.3016,False
0.65,-0.4,3,0.1,0.3312,0.2719,0.3016,False
0.65,-0.45,3,0.25,0.3306,0.2727,0.3017,False
0.65,-0.4,5,0.5,0.3252,0.2781,0.3017,False
0.05,-0.5,6,0.5,0.2284,0.3751,0.3017,False
0.6,-0.45,7,0.55,0.3008,0.3027,0.3017,False
0.05,-0.5,6,0.3,0.2249,0.3784,0.3017,False
0.35,-0.6,5,0.05,0.2588,0.3446,0.3017,False
0.05,-0.45,7,0.2,0.2222,0.3812,0.3017,False
0.65,-0.35,5,0.1,0.3234,0.2801,0.3018,False
0.65,-0.35,6,0.1,0.3179,0.2859,0.3019,False
0.6,-0.45,7,0.3,0.2967,0.307,0.3019,False
0.45,-0.6,5,0.4,0.2782,0.3258,0.302,False
0.65,-0.4,7,0.45,0.3123,0.2917,0.302,False
0.45,-0.6,5,0.45,0.279,0.325,0.302,False
0.65,-0.4,5,0.35,0.3229,0.281,0.302,False
0.15,-0.55,6,0.4,0.2346,0.3694,0.302,False
0.65,-0.4,7,0.4,0.3115,0.2926,0.3021,False
0.15,-0.5,7,0.2,0.2296,0.3746,0.3021,False
0.15,-0.55,6,0.35,0.234,0.3703,0.3022,False
0.15,-0.55,6,0.45,0.2356,0.3687,0.3022,False
0.6,-0.55,3,0.15,0.3164,0.2879,0.3022,False
0.65,-0.4,4,0.2,0.3272,0.2772,0.3022,False
0.65,-0.4,5,0.55,0.3265,0.2779,0.3022,False
0.5,-0.6,4,0.1,0.2898,0.3146,0.3022,False
0.45,-0.6,5,0.35,0.2776,0.3269,0.3022,False
0.45,-0.6,5,0.5,0.2802,0.3244,0.3023,False
0.65,-0.4,7,0.5,0.3134,0.2911,0.3023,False
0.45,-0.55,6,0.2,0.2711,0.3334,0.3023,False
0.55,-0.5,6,0.25,0.2908,0.3139,0.3023,False
0.6,-0.5,4,0.2,0.3128,0.2919,0.3024,False
0.65,-0.35,4,0.05,0.3289,0.276,0.3024,False
0.65,-0.4,7,0.35,0.311,0.2938,0.3024,False
0.55,-0.55,4,0.1,0.3007,0.3043,0.3025,False
0.05,-0.5,6,0.25,0.2251,0.3798,0.3025,False
0.2,-0.6,5,0.05,0.24,0.365,0.3025,False
0.65,-0.4,6,0.45,0.3188,0.2864,0.3026,False
0.05,-0.5,6,0.55,0.2303,0.3749,0.3026,False
0.15,-0.55,6,0.3,0.2337,0.3716,0.3026,False
0.15,-0.55,6,0.5,0.2371,0.3682,0.3026,False
0.15,-0.6,5,0.15,0.2353,0.3701,0.3027,False
0.65,-0.4,6,0.4,0.318,0.2873,0.3027,False
0.65,-0.4,5,0.3,0.3228,0.2826,0.3027,False
0.2,-0.55,6,0.1,0.237,0.3683,0.3027,False
0.6,-0.45,6,0.2,0.3027,0.303,0.3028,False
0.65,-0.35,7,0.05,0.3127,0.2929,0.3028,False
0.65,-0.4,7,0.55,0.3148,0.2909,0.3028,False
0.65,-0.4,6,0.5,0.3199,0.2858,0.3028,False
0.45,-0.6,5,0.3,0.2774,0.3282,0.3028,False
0.6,-0.45,7,0.25,0.2968,0.3088,0.3028,False
0.4,-0.6,5,0.1,0.2677,0.3383,0.303,False
0.5,-0.55,5,0.1,0.2857,0.3204,0.303,False
0.45,-0.6,5,0.55,0.2818,0.3242,0.303,False
0.65,-0.45,3,0.2,0.331,0.275,0.303,False
0.65,-0.4,7,0.3,0.3109,0.2954,0.3031,False
0.65,-0.4,6,0.35,0.3176,0.2885,0.3031,False
0.6,-0.45,5,0.1,0.3086,0.2978,0.3032,False
0.05,-0.55,5,0.1,0.2267,0.3797,0.3032,False
0.05,-0.45,7,0.15,0.2232,0.3831,0.3032,False
0.65,-0.4,6,0.55,0.3212,0.2856,0.3034,False
0.35,-0.55,7,0.4,0.2544,0.3524,0.3034,False
0.4,-0.55,6,0.05,0.2633,0.3435,0.3034,False
0.35,-0.55,7,0.45,0.2554,0.3516,0.3035,False
0.5,-0.5,7,0.1,0.2755,0.3314,0.3035,False
0.55,-0.5,5,0.05,0.2967,0.3103,0.3035,False
0.15,-0.55,6,0.25,0.2339,0.373,0.3035,False
0.15,-0.55,6,0.55,0.2389,0.368,0.3035,False
0.15,-0.5,7,0.15,0.2306,0.3766,0.3036,False
0.05,-0.5,6,0.2,0.2257,0.3815,0.3036,False
0.35,-0.55,7,0.35,0.2539,0.3534,0.3036,False
0.55,-0.5,6,0.2,0.2913,0.3159,0.3036,False
0.45,-0.6,5,0.25,0.2776,0.3299,0.3037,False
0.65,-0.4,5,0.25,0.3229,0.2845,0.3037,False
0.65,-0.4,6,0.3,0.3174,0.2901,0.3038,False
0.45,-0.55,6,0.15,0.272,0.3356,0.3038,False
0.65,-0.4,3,0.05,0.3325,0.2753,0.3039,False
0.65,-0.4,4,0.15,0.3279,0.2798,0.3039,False
0.35,-0.55,7,0.5,0.2567,0.3511,0.3039,False
0.6,-0.5,4,0.15,0.3135,0.2945,0.304,False
0.65,-0.35,5,0.05,0.3247,0.2834,0.3041,False
0.65,-0.4,7,0.25,0.311,0.2972,0.3041,False
0.6,-0.55,3,0.1,0.3174,0.2908,0.3041,False
0.35,-0.55,7,0.3,0.2536,0.3546,0.3041,False
0.6,-0.45,7,0.2,0.2973,0.3109,0.3041,False
0.65,-0.35,6,0.05,0.3192,0.2891,0.3042,False
0.55,-0.5,7,0.4,0.2878,0.3205,0.3042,False
0.55,-0.5,7,0.45,0.2887,0.3197,0.3042,False
0.3,-0.55,7,0.4,0.2489,0.3597,0.3043,False
0.6,-0.6,3,0.45,0.3204,0.2885,0.3044,False
0.4,-0.55,7,0.4,0.2621,0.3467,0.3044,False
0.3,-0.55,7,0.45,0.2499,0.3589,0.3044,False
0.5,-0.6,4,0.05,0.2912,0.3175,0.3044,False
0.6,-0.45,6,0.15,0.3034,0.3054,0.3044,False
0.3,-0.55,7,0.35,0.2483,0.3606,0.3045,False
0.15,-0.6,5,0.1,0.2367,0.3723,0.3045,False
0.55,-0.5,7,0.35,0.2873,0.3216,0.3045,False
0.4,-0.55,7,0.45,0.2631,0.3459,0.3045,False
0.6,-0.6,3,0.4,0.3196,0.2894,0.3045,False
0.55,-0.5,7,0.5,0.2898,0.3192,0.3045,False
0.4,-0.55,7,0.35,0.2616,0.3477,0.3046,False
0.15,-0.55,6,0.2,0.2345,0.3747,0.3046,False
0.65,-0.45,3,0.15,0.3317,0.2777,0.3047,False
0.35,-0.55,7,0.55,0.2584,0.3509,0.3047,False
0.55,-0.55,4,0.05,0.3021,0.3073,0.3047,False
0.6,-0.6,3,0.5,0.3214,0.2879,0.3047,False
0.65,-0.4,6,0.25,0.3175,0.292,0.3048,False
0.2,-0.55,6,0.05,0.2387,0.3708,0.3048,False
0.1,-0.6,5,0.4,0.2355,0.3741,0.3048,False
0.45,-0.6,5,0.2,0.2781,0.3318,0.3049,False
0.6,-0.6,3,0.35,0.3191,0.2906,0.3049,False
0.3,-0.55,7,0.5,0.2513,0.3585,0.3049,False
0.4,-0.55,7,0.5,0.2644,0.3454,0.3049,False
0.1,-0.6,5,0.45,0.2365,0.3734,0.305,False
0.65,-0.4,5,0.2,0.3233,0.2867,0.305,False
0.35,-0.55,7,0.25,0.2538,0.3562,0.305,False
0.1,-0.6,5,0.35,0.2349,0.3751,0.305,False
0.05,-0.45,7,0.1,0.2247,0.3852,0.305,False
0.3,-0.55,7,0.3,0.2481,0.3619,0.305,False
0.05,-0.5,6,0.15,0.2267,0.3834,0.3051,False
0.55,-0.5,6,0.15,0.2921,0.3182,0.3051,False
0.55,-0.5,7,0.3,0.2871,0.323,0.3051,False
0.55,-0.5,7,0.55,0.2913,0.3189,0.3051,False
0.6,-0.6,3,0.55,0.3228,0.2876,0.3052,False
0.65,-0.5,3,0.45,0.334,0.2765,0.3052,False
0.4,-0.6,5,0.05,0.2693,0.341,0.3052,False
0.4,-0.55,7,0.3,0.2614,0.349,0.3052,False
0.5,-0.55,5,0.05,0.2871,0.3233,0.3052,False
0.65,-0.5,3,0.4,0.3333,0.2774,0.3053,False
0.65,-0.45,4,0.45,0.3303,0.2804,0.3053,False
0.5,-0.55,6,0.4,0.2844,0.3264,0.3054,False
0.5,-0.55,6,0.45,0.2852,0.3256,0.3054,False
0.6,-0.45,5,0.05,0.3099,0.3009,0.3054,False
0.65,-0.5,3,0.5,0.335,0.2758,0.3054,False
0.65,-0.45,4,0.4,0.3295,0.2813,0.3054,False
0.65,-0.4,7,0.2,0.3114,0.2994,0.3054,False
0.15,-0.5,7,0.1,0.232,0.3788,0.3054,False
0.05,-0.55,5,0.05,0.2286,0.3821,0.3054,False
0.65,-0.45,4,0.5,0.3313,0.2798,0.3055,False
0.1,-0.6,5,0.3,0.2346,0.3763,0.3055,False
0.1,-0.6,5,0.5,0.238,0.373,0.3055,False
0.55,-0.55,5,0.4,0.2999,0.3114,0.3056,False
0.4,-0.55,7,0.55,0.266,0.3452,0.3056,False
0.6,-0.6,3,0.3,0.319,0.2922,0.3056,False
0.5,-0.5,7,0.05,0.277,0.3342,0.3056,False
0.55,-0.6,4,0.45,0.3057,0.3056,0.3056,False
0.6,-0.45,7,0.15,0.298,0.3132,0.3056,False
0.3,-0.55,7,0.55,0.253,0.3583,0.3056,False
0.55,-0.55,5,0.45,0.3007,0.3105,0.3056,False
0.45,-0.55,6,0.1,0.2731,0.3381,0.3056,False
0.5,-0.55,6,0.5,0.2864,0.325,0.3057,False
0.55,-0.6,4,0.4,0.3049,0.3064,0.3057,False
0.5,-0.55,6,0.35,0.2839,0.3275,0.3057,False
0.65,-0.5,3,0.35,0.3328,0.2787,0.3057,False
0.6,-0.5,5,0.45,0.3122,0.2995,0.3058,False
0.3,-0.55,7,0.25,0.2483,0.3634,0.3058,False
0.65,-0.4,4,0.1,0.3289,0.2828,0.3058,False
0.65,-0.45,4,0.35,0.3291,0.2826,0.3058,False
0.55,-0.55,5,0.5,0.3018,0.31,0.3059,False
0.6,-0.5,4,0.1,0.3146,0.2973,0.3059,False
0.55,-0.6,4,0.5,0.3068,0.305,0.3059,False
0.65,-0.5,3,0.55,0.3363,0.2756,0.3059,False
0.6,-0.5,5,0.4,0.3114,0.3003,0.3059,False
0.4,-0.55,7,0.25,0.2615,0.3505,0.306,False
0.65,-0.45,4,0.55,0.3326,0.2795,0.306,False
0.55,-0.5,7,0.25,0.2873,0.3247,0.306,False
0.55,-0.55,5,0.35,0.2994,0.3125,0.306,False
0.55,-0.6,4,0.35,0.3044,0.3076,0.306,False
0.15,-0.55,6,0.15,0.2355,0.3767,0.3061,False
0.65,-0.4,6,0.2,0.318,0.2942,0.3061,False
0.6,-0.5,5,0.5,0.3133,0.2989,0.3061,False
0.35,-0.55,7,0.2,0.2543,0.358,0.3062,False
0.6,-0.5,5,0.35,0.3109,0.3015,0.3062,False
0.5,-0.55,6,0.3,0.2837,0.3288,0.3062,False
0.1,-0.6,5,0.25,0.2348,0.3777,0.3063,False
0.6,-0.45,6,0.1,0.3045,0.3081,0.3063,False
0.1,-0.6,5,0.55,0.2398,0.3728,0.3063,False
0.6,-0.55,3,0.05,0.3187,0.294,0.3064,False
0.5,-0.55,6,0.55,0.2879,0.3248,0.3064,False
0.55,-0.55,5,0.55,0.3033,0.3097,0.3065,False
0.65,-0.45,4,0.3,0.3289,0.2841,0.3065,False
0.55,-0.6,4,0.55,0.3082,0.3048,0.3065,False
0.45,-0.6,5,0.15,0.2789,0.334,0.3065,False
0.65,-0.5,3,0.3,0.3327,0.2803,0.3065,False
0.55,-0.55,5,0.3,0.2992,0.3139,0.3066,False
0.6,-0.5,5,0.55,0.3146,0.2986,0.3066,False
0.15,-0.6,5,0.05,0.2385,0.3748,0.3066,False
0.55,-0.6,4,0.3,0.3042,0.3091,0.3066,False
0.6,-0.6,3,0.25,0.3191,0.294,0.3066,False
0.65,-0.45,3,0.1,0.3327,0.2807,0.3067,False
0.65,-0.4,5,0.15,0.324,0.2893,0.3067,False
0.05,-0.5,6,0.1,0.2282,0.3856,0.3069,False
0.6,-0.5,5,0.3,0.3107,0.303,0.3069,False
0.65,-0.4,7,0.15,0.3122,0.3018,0.307,False
0.3,-0.55,7,0.2,0.2488,0.3652,0.307,False
0.55,-0.5,6,0.1,0.2932,0.3208,0.307,False
0.25,-0.55,7,0.4,0.2458,0.3685,0.3071,False
0.5,-0.55,6,0.25,0.2838,0.3305,0.3071,False
0.05,-0.45,7,0.05,0.2265,0.3876,0.3071,False
0.55,-0.5,7,0.2,0.2877,0.3267,0.3072,False
0.45,-0.55,7,0.4,0.2719,0.3426,0.3072,False
0.4,-0.55,7,0.2,0.262,0.3524,0.3072,False
0.25,-0.55,7,0.35,0.2452,0.3694,0.3073,False
0.25,-0.55,7,0.45,0.2468,0.3677,0.3073,False
0.45,-0.55,7,0.45,0.2728,0.3419,0.3073,False
0.1,-0.6,5,0.2,0.2354,0.3794,0.3074,False
0.45,-0.55,7,0.35,0.2713,0.3437,0.3075,False
0.65,-0.45,4,0.25,0.329,0.2861,0.3075,False
0.65,-0.5,3,0.25,0.3328,0.2822,0.3075,False
0.6,-0.45,7,0.1,0.2991,0.3159,0.3075,False
0.15,-0.5,7,0.05,0.2338,0.3812,0.3075,False
0.55,-0.55,5,0.25,0.2994,0.3157,0.3075,False
0.35,-0.55,7,0.15,0.2552,0.36,0.3076,False
0.55,-0.6,4,0.25,0.3043,0.3108,0.3076,False
0.65,-0.4,6,0.15,0.3187,0.2967,0.3077,False
0.1,-0.5,7,0.4,0.2333,0.3821,0.3077,False
0.45,-0.55,6,0.05,0.2747,0.3408,0.3077,False
0.45,-0.55,7,0.5,0.274,0.3414,0.3077,False
0.6,-0.55,4,0.45,0.3182,0.2973,0.3077,False
0.25,-0.55,7,0.5,0.2481,0.3673,0.3077,False
0.1,-0.5,7,0.35,0.2327,0.383,0.3078,False
0.6,-0.5,5,0.25,0.3109,0.3048,0.3078,False
0.25,-0.55,7,0.3,0.245,0.3706,0.3078,False
0.6,-0.55,4,0.4,0.3174,0.2982,0.3078,False
0.15,-0.55,6,0.1,0.2368,0.3789,0.3079,False
0.1,-0.5,7,0.45,0.2343,0.3814,0.3079,False
0.6,-0.6,3,0.2,0.3195,0.2962,0.3079,False
0.6,-0.55,4,0.5,0.3192,0.2967,0.308,False
0.45,-0.55,7,0.3,0.2711,0.345,0.308,False
0.6,-0.5,4,0.05,0.3159,0.3004,0.3081,False
0.6,-0.55,4,0.35,0.3169,0.2993,0.3081,False
0.65,-0.4,4,0.05,0.3302,0.286,0.3081,False
0.45,-0.6,5,0.1,0.2801,0.3365,0.3083,False
0.1,-0.5,7,0.3,0.2324,0.3842,0.3083,False
0.1,-0.5,7,0.5,0.2358,0.381,0.3084,False
0.45,-0.55,7,0.55,0.2756,0.3412,0.3084,False
0.5,-0.55,6,0.2,0.2843,0.3324,0.3084,False
0.3,-0.55,7,0.15,0.2498,0.3672,0.3085,False
0.25,-0.55,7,0.55,0.2499,0.3671,0.3085,False
0.6,-0.45,6,0.05,0.3059,0.3111,0.3085,False
0.6,-0.55,4,0.55,0.3206,0.2965,0.3085,False
0.65,-0.4,5,0.1,0.325,0.2922,0.3086,False
0.35,-0.6,6,0.4,0.263,0.3542,0.3086,False
0.3,-0.6,6,0.4,0.2565,0.3606,0.3086,False
0.25,-0.55,7,0.25,0.2451,0.3721,0.3086,False
0.55,-0.5,7,0.15,0.2885,0.3289,0.3087,False
0.4,-0.55,7,0.15,0.2629,0.3545,0.3087,False
0.3,-0.6,6,0.45,0.2574,0.3599,0.3087,False
0.35,-0.6,6,0.45,0.2639,0.3535,0.3087,False
0.55,-0.55,5,0.2,0.2998,0.3177,0.3088,False
0.6,-0.55,4,0.3,0.3167,0.3009,0.3088,False
0.3,-0.6,6,0.35,0.2559,0.3616,0.3088,False
0.55,-0.6,4,0.2,0.3048,0.3129,0.3088,False
0.65,-0.5,3,0.2,0.3332,0.2845,0.3088,False
0.35,-0.6,6,0.35,0.2624,0.3552,0.3088,False
0.65,-0.4,7,0.1,0.3132,0.3045,0.3089,False
0.45,-0.55,7,0.25,0.2713,0.3466,0.3089,False
0.65,-0.45,4,0.2,0.3294,0.2883,0.3089,False
0.1,-0.6,5,0.15,0.2364,0.3814,0.3089,False
0.5,-0.6,5,0.4,0.2921,0.3258,0.3089,False
0.5,-0.6,5,0.45,0.293,0.325,0.309,False
0.05,-0.5,6,0.05,0.23,0.388,0.309,False
0.65,-0.45,3,0.05,0.334,0.284,0.309,False
0.3,-0.6,6,0.5,0.2587,0.3595,0.3091,False
0.35,-0.6,6,0.5,0.2652,0.353,0.3091,False
0.6,-0.5,5,0.2,0.3113,0.3069,0.3091,False
0.1,-0.5,7,0.25,0.2326,0.3856,0.3091,False
0.55,-0.5,6,0.05,0.2946,0.3237,0.3092,False
0.1,-0.5,7,0.55,0.2376,0.3808,0.3092,False
0.5,-0.6,5,0.35,0.2916,0.3269,0.3092,False
0.5,-0.6,5,0.5,0.2941,0.3244,0.3093,False
0.1,-0.55,6,0.4,0.237,0.3815,0.3093,False
0.3,-0.6,6,0.3,0.2557,0.3629,0.3093,False
0.1,-0.55,6,0.45,0.2381,0.3808,0.3094,False
0.1,-0.55,6,0.35,0.2364,0.3824,0.3094,False
0.35,-0.6,6,0.3,0.2622,0.3565,0.3094,False
0.35,-0.55,7,0.1,0.2565,0.3623,0.3094,False
0.6,-0.6,3,0.15,0.3202,0.2987,0.3095,False
0.65,-0.45,5,0.45,0.327,0.2921,0.3095,False
0.65,-0.4,6,0.1,0.3197,0.2995,0.3096,False
0.65,-0.45,5,0.4,0.3262,0.293,0.3096,False
0.6,-0.45,7,0.05,0.3005,0.3188,0.3097,False
0.35,-0.6,6,0.55,0.2668,0.3528,0.3098,False
0.6,-0.55,4,0.25,0.3169,0.3027,0.3098,False
0.5,-0.6,5,0.3,0.2914,0.3282,0.3098,False
0.65,-0.45,5,0.5,0.328,0.2916,0.3098,False
0.25,-0.55,7,0.2,0.2457,0.3738,0.3098,False
0.3,-0.6,6,0.55,0.2604,0.3593,0.3098,False
0.5,-0.55,6,0.15,0.2851,0.3346,0.3099,False
0.5,-0.6,5,0.55,0.2956,0.3242,0.3099,False
0.1,-0.55,6,0.3,0.2362,0.3836,0.3099,False
0.1,-0.55,6,0.5,0.2395,0.3804,0.3099,False
0.15,-0.55,6,0.05,0.2386,0.3813,0.31,False
0.65,-0.45,5,0.35,0.3258,0.2942,0.31,False
0.3,-0.6,6,0.25,0.2558,0.3644,0.3101,False
0.45,-0.55,7,0.2,0.2718,0.3484,0.3101,False
0.1,-0.5,7,0.2,0.2332,0.3873,0.3102,False
0.35,-0.6,6,0.25,0.2624,0.358,0.3102,False
0.3,-0.55,7,0.1,0.2511,0.3694,0.3102,False
0.65,-0.45,5,0.55,0.3293,0.2913,0.3103,False
0.55,-0.55,5,0.15,0.3006,0.32,0.3103,False
0.55,-0.6,4,0.15,0.3055,0.3152,0.3104,False
0.45,-0.6,5,0.05,0.2815,0.3393,0.3104,False
0.25,-0.6,6,0.4,0.2522,0.3686,0.3104,False
0.55,-0.5,7,0.1,0.2897,0.3314,0.3105,False
0.6,-0.5,6,0.4,0.3081,0.3128,0.3105,False
0.4,-0.55,7,0.1,0.2642,0.3568,0.3105,False
0.6,-0.5,6,0.45,0.3089,0.312,0.3105,False
0.65,-0.45,4,0.15,0.3301,0.2908,0.3105,False
0.25,-0.6,6,0.45,0.2532,0.3679,0.3105,False
0.4,-0.6,6,0.4,0.2716,0.3495,0.3105,False
0.65,-0.5,3,0.15,0.3339,0.2871,0.3105,False
0.25,-0.6,6,0.35,0.2516,0.3696,0.3106,False
0.4,-0.6,6,0.45,0.2725,0.3487,0.3106,False
0.1,-0.6,5,0.1,0.2377,0.3835,0.3106,False
0.6,-0.5,6,0.5,0.31,0.3115,0.3107,False
0.6,-0.5,5,0.15,0.3121,0.3093,0.3107,False
0.65,-0.45,5,0.3,0.3256,0.2958,0.3107,False
0.5,-0.6,5,0.25,0.2916,0.3299,0.3107,False
0.1,-0.55,6,0.55,0.2413,0.3802,0.3107,False
0.1,-0.55,6,0.25,0.2363,0.385,0.3107,False
0.4,-0.6,6,0.35,0.271,0.3505,0.3108,False
0.65,-0.4,5,0.05,0.3263,0.2953,0.3108,False
0.6,-0.5,6,0.35,0.3076,0.314,0.3108,False
0.6,-0.55,4,0.2,0.3173,0.3048,0.311,False
0.25,-0.6,6,0.5,0.2545,0.3674,0.311,False
0.4,-0.6,6,0.5,0.2737,0.3482,0.311,False
0.25,-0.6,6,0.3,0.2514,0.3708,0.3111,False
0.65,-0.4,7,0.05,0.3145,0.3076,0.3111,False
0.25,-0.55,7,0.15,0.2466,0.3758,0.3112,False
0.4,-0.6,6,0.3,0.2708,0.3518,0.3113,False
0.6,-0.6,3,0.1,0.3212,0.3015,0.3113,False
0.6,-0.5,6,0.55,0.3114,0.3112,0.3113,False
0.3,-0.6,6,0.2,0.2564,0.3661,0.3113,False
0.6,-0.5,6,0.3,0.3075,0.3154,0.3114,False
0.35,-0.6,6,0.2,0.2629,0.3598,0.3114,False
0.35,-0.55,7,0.05,0.2581,0.3649,0.3115,False
0.45,-0.55,7,0.15,0.2726,0.3505,0.3116,False
0.5,-0.55,6,0.1,0.2862,0.3371,0.3117,False
0.65,-0.55,3,0.45,0.3368,0.2867,0.3117,False
0.4,-0.6,6,0.55,0.2753,0.348,0.3117,False
0.25,-0.6,6,0.55,0.2562,0.3672,0.3117,False
0.1,-0.5,7,0.15,0.2342,0.3892,0.3117,False
0.65,-0.45,6,0.45,0.322,0.3014,0.3117,False
0.65,-0.45,5,0.25,0.3257,0.2976,0.3117,False
0.1,-0.55,6,0.2,0.2369,0.3867,0.3118,False
0.65,-0.45,6,0.4,0.3213,0.3023,0.3118,False
0.65,-0.4,6,0.05,0.321,0.3025,0.3118,False
0.65,-0.55,3,0.4,0.3361,0.2876,0.3118,False
0.2,-0.55,7,0.4,0.2451,0.3786,0.3119,False
0.5,-0.6,5,0.2,0.292,0.3318,0.3119,False
0.25,-0.6,6,0.25,0.2515,0.3722,0.3119,False
0.5,-0.55,7,0.4,0.2834,0.3403,0.3119,False
0.5,-0.55,7,0.45,0.2842,0.3396,0.3119,False
0.65,-0.45,7,0.45,0.3158,0.3081,0.312,False
0.65,-0.45,7,0.4,0.315,0.309,0.312,False
0.65,-0.55,3,0.5,0.3378,0.2861,0.312,False
0.65,-0.45,6,0.5,0.3231,0.3009,0.312,False
0.2,-0.55,7,0.35,0.2445,0.3796,0.312,False
0.2,-0.55,7,0.45,0.2461,0.378,0.312,False
0.5,-0.55,7,0.35,0.2829,0.3414,0.3121,False
0.65,-0.45,6,0.35,0.3208,0.3035,0.3121,False
0.55,-0.55,5,0.1,0.3017,0.3226,0.3121,False
0.65,-0.45,7,0.5,0.3168,0.3076,0.3122,False
0.5,-0.55,7,0.5,0.2854,0.3391,0.3122,False
0.55,-0.6,4,0.1,0.3066,0.3178,0.3122,False
0.65,-0.55,3,0.35,0.3356,0.2888,0.3122,False
0.4,-0.6,6,0.25,0.271,0.3533,0.3122,False
0.3,-0.55,7,0.05,0.2527,0.3719,0.3123,False
0.65,-0.45,7,0.35,0.3145,0.3102,0.3123,False
0.6,-0.5,6,0.25,0.3076,0.3171,0.3124,False
0.65,-0.45,4,0.1,0.3311,0.2937,0.3124,False
0.65,-0.5,3,0.1,0.3348,0.29,0.3124,False
0.65,-0.45,6,0.55,0.3244,0.3006,0.3125,False
0.65,-0.55,3,0.55,0.3391,0.2858,0.3125,False
0.2,-0.55,7,0.5,0.2474,0.3775,0.3125,False
0.2,-0.55,7,0.3,0.2442,0.3808,0.3125,False
0.6,-0.5,5,0.1,0.3131,0.312,0.3125,False
0.4,-0.55,7,0.05,0.2657,0.3594,0.3126,False
0.6,-0.55,4,0.15,0.318,0.3072,0.3126,False
0.5,-0.55,7,0.3,0.2827,0.3427,0.3127,False
0.3,-0.6,6,0.15,0.2573,0.3681,0.3127,False
0.1,-0.6,5,0.05,0.2395,0.386,0.3127,False
0.55,-0.5,7,0.05,0.2911,0.3342,0.3127,False
0.35,-0.6,6,0.15,0.2638,0.3619,0.3128,False
0.65,-0.45,6,0.3,0.3206,0.305,0.3128,False
0.65,-0.45,7,0.55,0.3182,0.3074,0.3128,False
0.6,-0.5,7,0.45,0.3042,0.3216,0.3129,False
0.6,-0.5,7,0.4,0.3034,0.3224,0.3129,False
0.5,-0.55,7,0.55,0.2869,0.3388,0.3129,False
0.65,-0.5,4,0.45,0.3334,0.2924,0.3129,False
0.65,-0.55,3,0.3,0.3355,0.2904,0.3129,False
0.65,-0.5,4,0.4,0.3326,0.2933,0.313,False
0.25,-0.55,7,0.1,0.2479,0.378,0.313,False
0.05,-0.6,5,0.4,0.2391,0.3868,0.313,False
0.65,-0.45,7,0.3,0.3143,0.3116,0.313,False
0.25,-0.6,6,0.2,0.2521,0.374,0.313,False
0.65,-0.45,5,0.2,0.3261,0.2998,0.313,False
0.55,-0.55,6,0.4,0.299,0.3272,0.3131,False
0.55,-0.55,6,0.45,0.2998,0.3264,0.3131,False
0.05,-0.6,5,0.35,0.2385,0.3878,0.3131,False
0.65,-0.5,4,0.5,0.3344,0.2918,0.3131,False
0.05,-0.6,5,0.45,0.2401,0.3862,0.3131,False
0.2,-0.55,7,0.55,0.2492,0.3773,0.3132,False
0.6,-0.5,7,0.35,0.3029,0.3235,0.3132,False
0.6,-0.5,7,0.5,0.3053,0.3211,0.3132,False
0.1,-0.55,6,0.15,0.2379,0.3886,0.3132,False
0.4,-0.6,6,0.2,0.2715,0.3551,0.3133,False
0.2,-0.55,7,0.25,0.2444,0.3822,0.3133,False
0.45,-0.55,7,0.1,0.2738,0.3529,0.3133,False
0.65,-0.5,4,0.35,0.3322,0.2945,0.3133,False
0.55,-0.55,6,0.35,0.2985,0.3283,0.3134,False
0.55,-0.55,6,0.5,0.3009,0.3259,0.3134,False
0.1,-0.5,7,0.1,0.2356,0.3913,0.3134,False
0.5,-0.6,5,0.15,0.2928,0.334,0.3134,False
0.5,-0.55,7,0.25,0.2828,0.3443,0.3135,False
0.6,-0.6,3,0.05,0.3225,0.3045,0.3135,False
0.05,-0.6,5,0.5,0.2415,0.3857,0.3136,False
0.05,-0.6,5,0.3,0.2383,0.3889,0.3136,False
0.65,-0.5,4,0.55,0.3357,0.2916,0.3136,False
0.6,-0.5,6,0.2,0.308,0.3192,0.3136,False
0.5,-0.55,6,0.05,0.2877,0.3398,0.3138,False
0.65,-0.45,6,0.25,0.3208,0.3068,0.3138,False
0.6,-0.5,7,0.55,0.3067,0.3209,0.3138,False
0.6,-0.5,7,0.3,0.3027,0.3249,0.3138,False
0.65,-0.55,3,0.25,0.3356,0.2923,0.3139,False
0.65,-0.45,7,0.25,0.3145,0.3134,0.3139,False
0.55,-0.55,6,0.3,0.2983,0.3297,0.314,False
0.55,-0.55,6,0.55,0.3024,0.3257,0.314,False
0.65,-0.5,4,0.3,0.332,0.296,0.314,False
0.2,-0.6,6,0.4,0.2503,0.378,0.3141,False
0.45,-0.6,6,0.4,0.2821,0.3463,0.3142,False
0.2,-0.6,6,0.45,0.2512,0.3773,0.3142,False
0.55,-0.55,5,0.05,0.303,0.3255,0.3143,False
0.2,-0.6,6,0.35,0.2497,0.3789,0.3143,False
0.45,-0.6,6,0.45,0.2829,0.3456,0.3143,False
0.55,-0.6,4,0.05,0.308,0.3207,0.3144,False
0.05,-0.6,5,0.25,0.2384,0.3903,0.3144,False
0.2,-0.55,7,0.2,0.245,0.3839,0.3144,False
0.05,-0.6,5,0.55,0.2433,0.3855,0.3144,False
0.3,-0.6,6,0.1,0.2585,0.3704,0.3145,False
0.65,-0.45,5,0.15,0.3268,0.3022,0.3145,False
0.6,-0.55,4,0.1,0.3191,0.3099,0.3145,False
0.25,-0.6,6,0.15,0.253,0.3759,0.3145,False
0.45,-0.6,6,0.35,0.2815,0.3474,0.3145,False
0.35,-0.6,6,0.1,0.265,0.3642,0.3146,False
0.65,-0.5,3,0.05,0.3361,0.2931,0.3146,False
0.45,-0.6,6,0.5,0.2841,0.3451,0.3146,False
0.65,-0.45,4,0.05,0.3324,0.2968,0.3146,False
0.5,-0.55,7,0.2,0.2833,0.3461,0.3147,False
0.6,-0.5,7,0.25,0.3029,0.3266,0.3147,False
0.6,-0.5,5,0.05,0.3144,0.3149,0.3147,False
0.2,-0.6,6,0.5,0.2526,0.3768,0.3147,False
0.4,-0.6,6,0.15,0.2723,0.3572,0.3148,False
0.2,-0.6,6,0.3,0.2495,0.3801,0.3148,False
0.55,-0.55,6,0.25,0.2984,0.3313,0.3149,False
0.45,-0.6,6,0.3,0.2814,0.3487,0.315,False
0.65,-0.5,4,0.25,0.3322,0.2979,0.315,False
0.1,-0.55,6,0.1,0.2392,0.3907,0.315,False
0.65,-0.45,6,0.2,0.3212,0.3088,0.315,False
0.25,-0.55,7,0.05,0.2496,0.3804,0.315,False
0.6,-0.5,6,0.15,0.3088,0.3215,0.3151,False
0.65,-0.55,3,0.2,0.336,0.2945,0.3152,False
0.65,-0.45,7,0.2,0.3149,0.3154,0.3152,False
0.5,-0.6,5,0.1,0.2939,0.3365,0.3152,False
0.45,-0.6,6,0.55,0.2857,0.3449,0.3153,False
0.45,-0.55,7,0.05,0.2753,0.3555,0.3154,False
0.1,-0.5,7,0.05,0.2373,0.3937,0.3155,False
0.05,-0.6,5,0.2,0.239,0.392,0.3155,False
0.2,-0.6,6,0.55,0.2543,0.3766,0.3155,False
0.2,-0.6,6,0.25,0.2496,0.3815,0.3156,False
0.2,-0.55,7,0.15,0.2459,0.3858,0.3158,False
0.6,-0.5,7,0.2,0.3033,0.3286,0.3159,False
0.45,-0.6,6,0.25,0.2815,0.3502,0.3159,False
0.55,-0.55,6,0.2,0.2989,0.3333,0.3161,False
0.5,-0.55,7,0.15,0.2841,0.3483,0.3162,False
0.25,-0.6,6,0.1,0.2543,0.3781,0.3162,False
0.65,-0.5,4,0.2,0.3326,0.3,0.3163,False
0.6,-0.55,5,0.45,0.3179,0.3147,0.3163,False
0.6,-0.55,5,0.4,0.3171,0.3156,0.3163,False
0.65,-0.45,5,0.1,0.3278,0.305,0.3164,False
0.3,-0.6,6,0.05,0.2601,0.3729,0.3165,False
0.4,-0.6,6,0.1,0.2735,0.3595,0.3165,False
0.65,-0.45,6,0.15,0.3219,0.3112,0.3166,False
0.6,-0.55,5,0.5,0.3189,0.3142,0.3166,False
0.35,-0.6,6,0.05,0.2666,0.3667,0.3166,False
0.6,-0.55,4,0.05,0.3204,0.3129,0.3166,False
0.65,-0.45,7,0.15,0.3156,0.3177,0.3167,False
0.6,-0.55,5,0.35,0.3166,0.3167,0.3167,False
0.2,-0.6,6,0.2,0.2502,0.3832,0.3167,False
0.65,-0.55,3,0.15,0.3367,0.2969,0.3168,False
0.6,-0.5,6,0.1,0.3098,0.324,0.3169,False
0.05,-0.6,5,0.15,0.24,0.3938,0.3169,False
0.1,-0.55,6,0.05,0.241,0.3931,0.317,False
0.45,-0.6,6,0.2,0.282,0.3521,0.317,False
0.6,-0.55,5,0.55,0.3203,0.314,0.3171,False
0.6,-0.6,4,0.45,0.3235,0.3109,0.3172,False
0.6,-0.6,4,0.4,0.3228,0.3117,0.3172,False
0.6,-0.55,5,0.3,0.3165,0.3181,0.3173,False
0.5,-0.6,5,0.05,0.2954,0.3393,0.3173,False
0.6,-0.5,7,0.15,0.3041,0.3308,0.3174,False
0.55,-0.6,5,0.4,0.3074,0.3276,0.3175,False
0.55,-0.6,5,0.45,0.3082,0.3268,0.3175,False
0.6,-0.6,4,0.5,0.3246,0.3103,0.3175,False
0.6,-0.6,4,0.35,0.3223,0.3129,0.3176,False
0.55,-0.55,6,0.15,0.2997,0.3355,0.3176,False
0.2,-0.55,7,0.1,0.2472,0.3879,0.3176,False
0.05,-0.5,7,0.4,0.2394,0.396,0.3177,False
0.55,-0.6,5,0.5,0.3093,0.3263,0.3178,False
0.55,-0.6,5,0.35,0.3069,0.3287,0.3178,False
0.05,-0.5,7,0.35,0.2388,0.3969,0.3179,False
0.05,-0.5,7,0.45,0.2404,0.3954,0.3179,False
0.65,-0.5,4,0.15,0.3332,0.3025,0.3179,False
0.5,-0.55,7,0.1,0.2852,0.3506,0.3179,False
0.6,-0.6,4,0.55,0.3259,0.3101,0.318,False
0.55,-0.55,7,0.4,0.2965,0.3398,0.3181,False
0.2,-0.6,6,0.15,0.2511,0.3851,0.3181,False
0.25,-0.6,6,0.05,0.2559,0.3806,0.3182,False
0.6,-0.55,5,0.25,0.3166,0.3198,0.3182,False
0.6,-0.6,4,0.3,0.3221,0.3143,0.3182,False
0.55,-0.55,7,0.45,0.2973,0.339,0.3182,False
0.05,-0.5,7,0.3,0.2386,0.3981,0.3183,False
0.05,-0.5,7,0.5,0.2418,0.395,0.3184,False
0.05,-0.55,6,0.4,0.2419,0.3948,0.3184,False
0.55,-0.6,5,0.3,0.3068,0.3301,0.3184,False
0.55,-0.55,7,0.35,0.296,0.3408,0.3184,False
0.65,-0.45,6,0.1,0.3229,0.3139,0.3184,False
0.55,-0.6,5,0.55,0.3107,0.3261,0.3184,False
0.15,-0.55,7,0.4,0.2468,0.3901,0.3185,False
0.45,-0.6,6,0.15,0.2828,0.3541,0.3185,False
0.55,-0.55,7,0.5,0.2985,0.3385,0.3185,False
0.65,-0.45,5,0.05,0.3291,0.308,0.3185,False
0.05,-0.55,6,0.35,0.2413,0.3957,0.3185,False
0.05,-0.55,6,0.45,0.2429,0.3941,0.3185,False
0.65,-0.45,7,0.1,0.3167,0.3203,0.3185,False
0.65,-0.5,5,0.45,0.3309,0.3062,0.3185,False
0.65,-0.5,5,0.4,0.3302,0.307,0.3186,False
0.15,-0.55,7,0.45,0.2478,0.3894,0.3186,False
0.05,-0.6,5,0.1,0.2413,0.396,0.3186,False
0.4,-0.6,6,0.05,0.2751,0.3621,0.3186,False
0.15,-0.55,7,0.35,0.2462,0.391,0.3186,False
0.65,-0.55,3,0.1,0.3376,0.2997,0.3187,False
0.65,-0.5,5,0.5,0.3319,0.3056,0.3188,False
0.65,-0.6,3,0.45,0.3403,0.2973,0.3188,False
0.65,-0.6,3,0.4,0.3395,0.2982,0.3189,False
0.05,-0.55,6,0.3,0.2411,0.3968,0.319,False
0.65,-0.6,3,0.5,0.3413,0.2968,0.319,False
0.6,-0.5,6,0.05,0.3112,0.3269,0.319,False
0.05,-0.55,6,0.5,0.2443,0.3937,0.319,False
0.55,-0.55,7,0.3,0.2958,0.3422,0.319,False
0.65,-0.5,5,0.35,0.3297,0.3082,0.319,False
0.05,-0.5,7,0.25,0.2387,0.3994,0.3191,False
0.55,-0.55,7,0.55,0.2999,0.3383,0.3191,False
0.15,-0.55,7,0.3,0.246,0.3922,0.3191,False
0.15,-0.55,7,0.5,0.2492,0.389,0.3191,False
0.6,-0.5,7,0.1,0.3051,0.3333,0.3192,False
0.6,-0.6,4,0.25,0.3223,0.316,0.3192,False
0.05,-0.5,7,0.55,0.2436,0.3948,0.3192,False
0.65,-0.5,5,0.55,0.3332,0.3054,0.3193,False
0.65,-0.6,3,0.35,0.3391,0.2994,0.3193,False
0.55,-0.55,6,0.1,0.3008,0.3379,0.3193,False
0.55,-0.6,5,0.25,0.3069,0.3317,0.3193,False
0.6,-0.55,5,0.2,0.317,0.3218,0.3194,False
0.65,-0.6,3,0.55,0.3425,0.2965,0.3195,False
0.2,-0.55,7,0.05,0.2489,0.3903,0.3196,False
0.65,-0.5,5,0.3,0.3295,0.3097,0.3196,False
0.5,-0.6,6,0.4,0.2942,0.345,0.3196,False
0.5,-0.6,6,0.45,0.2951,0.3442,0.3196,False
0.05,-0.55,6,0.25,0.2413,0.3982,0.3197,False
0.15,-0.6,6,0.4,0.2507,0.3887,0.3197,False
0.65,-0.5,4,0.1,0.3342,0.3052,0.3197,False
0.2,-0.6,6,0.1,0.2524,0.3873,0.3198,False
0.15,-0.6,6,0.45,0.2517,0.388,0.3198,False
0.05,-0.55,6,0.55,0.2461,0.3935,0.3198,False
0.55,-0.55,7,0.25,0.2959,0.3438,0.3199,False
0.65,-0.6,3,0.3,0.3389,0.3009,0.3199,False
0.5,-0.6,6,0.35,0.2937,0.346,0.3199,False
0.15,-0.55,7,0.55,0.2509,0.3888,0.3199,False
0.15,-0.6,6,0.35,0.2501,0.3896,0.3199,False
0.15,-0.55,7,0.25,0.2461,0.3936,0.3199,False
0.5,-0.6,6,0.5,0.2962,0.3437,0.32,False
0.5,-0.55,7,0.05,0.2867,0.3533,0.32,False
0.05,-0.5,7,0.2,0.2393,0.4011,0.3202,False
0.45,-0.6,6,0.1,0.2839,0.3565,0.3202,False
0.15,-0.6,6,0.3,0.2499,0.3907,0.3203,False
0.15,-0.6,6,0.5,0.2531,0.3876,0.3203,False
0.6,-0.6,4,0.2,0.3227,0.3181,0.3204,False
0.5,-0.6,6,0.3,0.2935,0.3473,0.3204,False
0.55,-0.6,5,0.2,0.3073,0.3336,0.3205,False
0.65,-0.45,6,0.05,0.3242,0.3168,0.3205,False
0.65,-0.5,5,0.25,0.3297,0.3114,0.3205,False
0.5,-0.6,6,0.55,0.2977,0.3435,0.3206,False
0.65,-0.45,7,0.05,0.318,0.3232,0.3206,False
0.05,-0.6,5,0.05,0.243,0.3983,0.3207,False
0.65,-0.55,3,0.05,0.3389,0.3028,0.3208,False
0.05,-0.55,6,0.2,0.2418,0.3998,0.3208,False
0.65,-0.6,3,0.25,0.3391,0.3027,0.3209,False
0.6,-0.55,5,0.15,0.3177,0.3241,0.3209,False
0.55,-0.55,7,0.2,0.2964,0.3456,0.321,False
0.15,-0.55,7,0.2,0.2467,0.3952,0.321,False
0.15,-0.6,6,0.25,0.2501,0.3921,0.3211,False
0.15,-0.6,6,0.55,0.2548,0.3874,0.3211,False
0.65,-0.55,4,0.45,0.3374,0.305,0.3212,False
0.65,-0.55,4,0.4,0.3366,0.3058,0.3212,False
0.5,-0.6,6,0.25,0.2937,0.3489,0.3213,False
0.6,-0.5,7,0.05,0.3065,0.3361,0.3213,False
0.35,-0.6,7,0.4,0.2691,0.3735,0.3213,False
0.35,-0.6,7,0.45,0.27,0.3728,0.3214,False
0.65,-0.55,4,0.5,0.3384,0.3044,0.3214,False
0.55,-0.55,6,0.05,0.3021,0.3407,0.3214,False
0.35,-0.6,7,0.35,0.2685,0.3745,0.3215,False
0.65,-0.55,4,0.35,0.3362,0.307,0.3216,False
0.05,-0.5,7,0.15,0.2402,0.4029,0.3216,False
0.4,-0.6,7,0.4,0.2757,0.3676,0.3216,False
0.4,-0.6,7,0.45,0.2766,0.3669,0.3217,False
0.65,-0.5,4,0.05,0.3355,0.3082,0.3218,False
0.2,-0.6,6,0.05,0.254,0.3897,0.3218,False
0.65,-0.5,5,0.2,0.3301,0.3135,0.3218,False
0.35,-0.6,7,0.5,0.2712,0.3723,0.3218,False
0.4,-0.6,7,0.35,0.2751,0.3686,0.3218,False
0.65,-0.5,6,0.45,0.3266,0.3172,0.3219,False
0.65,-0.55,4,0.55,0.3397,0.3042,0.3219,False
0.65,-0.5,6,0.4,0.3259,0.318,0.3219,False
0.6,-0.6,4,0.15,0.3234,0.3204,0.3219,False
0.35,-0.6,7,0.3,0.2683,0.3757,0.322,False
0.55,-0.6,5,0.15,0.3081,0.3358,0.322,False
0.65,-0.6,3,0.2,0.3395,0.3048,0.3221,False
0.4,-0.6,7,0.5,0.2778,0.3664,0.3221,False
0.05,-0.55,6,0.15,0.2428,0.4017,0.3222,False
0.45,-0.6,6,0.05,0.2854,0.3591,0.3222,False
0.15,-0.6,6,0.2,0.2506,0.3938,0.3222,False
0.65,-0.5,6,0.5,0.3276,0.3167,0.3222,False
0.65,-0.55,4,0.3,0.336,0.3084,0.3222,False
0.65,-0.5,6,0.35,0.3254,0.3192,0.3223,False
0.15,-0.55,7,0.15,0.2476,0.3971,0.3223,False
0.4,-0.6,7,0.3,0.2749,0.3698,0.3224,False
0.5,-0.6,6,0.2,0.2941,0.3507,0.3224,False
0.6,-0.55,6,0.45,0.3156,0.3291,0.3224,False
0.6,-0.55,6,0.4,0.3148,0.3299,0.3224,False
0.55,-0.55,7,0.15,0.2972,0.3477,0.3225,False
0.35,-0.6,7,0.55,0.2728,0.3722,0.3225,False
0.6,-0.55,6,0.5,0.3167,0.3286,0.3226,False
0.6,-0.55,5,0.1,0.3188,0.3267,0.3227,False
0.65,-0.5,6,0.55,0.329,0.3165,0.3227,False
0.6,-0.55,6,0.35,0.3144,0.331,0.3227,False
0.4,-0.6,7,0.55,0.2793,0.3662,0.3228,False
0.35,-0.6,7,0.25,0.2685,0.3771,0.3228,False
0.3,-0.6,7,0.4,0.2646,0.3809,0.3228,False
0.3,-0.6,7,0.45,0.2655,0.3802,0.3229,False
0.65,-0.5,6,0.3,0.3252,0.3206,0.3229,False
0.3,-0.6,7,0.35,0.2641,0.3818,0.3229,False
0.65,-0.5,7,0.45,0.3208,0.3254,0.3231,False
0.65,-0.5,7,0.4,0.3201,0.3262,0.3231,False
0.65,-0.55,4,0.25,0.3362,0.3102,0.3232,False
0.6,-0.55,6,0.55,0.3181,0.3284,0.3232,False
0.4,-0.6,7,0.25,0.2751,0.3713,0.3232,False
0.6,-0.55,6,0.3,0.3142,0.3323,0.3233,False
0.05,-0.5,7,0.1,0.2416,0.4049,0.3233,False
0.65,-0.5,5,0.15,0.3308,0.3158,0.3233,False
0.3,-0.6,7,0.5,0.2668,0.3798,0.3233,False
0.3,-0.6,7,0.3,0.2639,0.383,0.3234,False
0.65,-0.5,7,0.5,0.3219,0.3249,0.3234,False
0.65,-0.5,7,0.35,0.3196,0.3273,0.3234,False
0.15,-0.6,6,0.15,0.2515,0.3956,0.3236,False
0.55,-0.6,5,0.1,0.3091,0.3383,0.3237,False
0.65,-0.6,3,0.15,0.3401,0.3072,0.3237,False
0.6,-0.6,4,0.1,0.3244,0.3229,0.3237,False
0.45,-0.6,7,0.45,0.2851,0.3625,0.3238,False
0.45,-0.6,7,0.4,0.2842,0.3633,0.3238,False
0.65,-0.5,6,0.25,0.3254,0.3223,0.3238,False
0.35,-0.6,7,0.2,0.269,0.3788,0.3239,False
0.05,-0.55,6,0.1,0.2441,0.4037,0.3239,False
0.5,-0.6,6,0.15,0.2949,0.3528,0.3239,False
0.65,-0.5,7,0.55,0.3232,0.3246,0.3239,False
0.15,-0.55,7,0.1,0.2489,0.3992,0.324,False
0.45,-0.6,7,0.35,0.2837,0.3642,0.324,False
0.3,-0.6,7,0.55,0.2684,0.3796,0.324,False
0.65,-0.5,7,0.3,0.3195,0.3287,0.3241,False
0.6,-0.55,6,0.25,0.3143,0.334,0.3242,False
0.55,-0.55,7,0.1,0.2983,0.3501,0.3242,False
0.3,-0.6,7,0.25,0.264,0.3844,0.3242,False
0.45,-0.6,7,0.5,0.2863,0.3621,0.3242,False
0.4,-0.6,7,0.2,0.2756,0.373,0.3243,False
0.65,-0.55,4,0.2,0.3366,0.3123,0.3244,False
0.45,-0.6,7,0.3,0.2835,0.3655,0.3245,False
0.45,-0.6,7,0.55,0.2878,0.3619,0.3248,False
0.6,-0.55,5,0.05,0.3201,0.3295,0.3248,False
0.65,-0.5,7,0.25,0.3196,0.3303,0.3249,False
0.65,-0.5,6,0.2,0.3258,0.3243,0.325,False
0.65,-0.5,5,0.1,0.3318,0.3184,0.3251,False
0.3,-0.6,7,0.2,0.2645,0.3861,0.3253,False
0.05,-0.5,7,0.05,0.2433,0.4072,0.3253,False
0.35,-0.6,7,0.15,0.2698,0.3807,0.3253,False
0.15,-0.6,6,0.1,0.2528,0.3977,0.3253,False
0.6,-0.55,6,0.2,0.3148,0.3359,0.3253,False
0.45,-0.6,7,0.25,0.2837,0.367,0.3253,False
0.65,-0.6,3,0.1,0.3411,0.3099,0.3255,False
0.5,-0.6,6,0.1,0.296,0.3551,0.3256,False
0.4,-0.6,7,0.15,0.2764,0.375,0.3257,False
0.6,-0.6,4,0.05,0.3257,0.3258,0.3258,False
0.55,-0.6,5,0.05,0.3105,0.341,0.3258,False
0.65,-0.55,4,0.15,0.3373,0.3146,0.3259,False
0.05,-0.55,6,0.05,0.2458,0.406,0.3259,False
0.6,-0.55,7,0.45,0.3118,0.3403,0.326,False
0.6,-0.55,7,0.4,0.311,0.341,0.326,False
0.15,-0.55,7,0.05,0.2506,0.4015,0.326,False
0.65,-0.5,7,0.2,0.32,0.3322,0.3261,False
0.25,-0.6,7,0.4,0.2624,0.3897,0.3261,False
0.25,-0.6,7,0.35,0.2618,0.3906,0.3262,False
0.25,-0.6,7,0.45,0.2633,0.389,0.3262,False
0.55,-0.55,7,0.05,0.2997,0.3528,0.3262,False
0.6,-0.55,7,0.35,0.3105,0.3421,0.3263,False
0.6,-0.55,7,0.5,0.3129,0.3398,0.3263,False
0.45,-0.6,7,0.2,0.2842,0.3687,0.3264,False
0.65,-0.5,6,0.15,0.3265,0.3265,0.3265,False
0.55,-0.6,6,0.4,0.3079,0.3453,0.3266,False
0.25,-0.6,7,0.5,0.2646,0.3886,0.3266,False
0.55,-0.6,6,0.45,0.3087,0.3446,0.3266,False
0.25,-0.6,7,0.3,0.2616,0.3918,0.3267,False
0.3,-0.6,7,0.15,0.2654,0.388,0.3267,False
0.6,-0.55,6,0.15,0.3155,0.3381,0.3268,False
0.6,-0.55,7,0.3,0.3103,0.3434,0.3269,False
0.55,-0.6,6,0.35,0.3074,0.3464,0.3269,False
0.6,-0.55,7,0.55,0.3143,0.3396,0.3269,False
0.1,-0.55,7,0.4,0.251,0.4028,0.3269,False
0.55,-0.6,6,0.5,0.3098,0.3441,0.3269,False
0.35,-0.6,7,0.1,0.271,0.3829,0.327,False
0.1,-0.55,7,0.35,0.2504,0.4037,0.327,False
0.1,-0.55,7,0.45,0.2519,0.4021,0.327,False
0.1,-0.6,6,0.4,0.2536,0.4006,0.3271,False
0.65,-0.5,5,0.05,0.333,0.3213,0.3272,False
0.15,-0.6,6,0.05,0.2545,0.4,0.3273,False
0.1,-0.6,6,0.35,0.253,0.4015,0.3273,False
0.1,-0.6,6,0.45,0.2546,0.3999,0.3273,False
0.25,-0.6,7,0.55,0.2662,0.3884,0.3273,False
0.4,-0.6,7,0.1,0.2776,0.3772,0.3274,False
0.6,-0.6,5,0.45,0.3246,0.3305,0.3275,False
0.55,-0.6,6,0.3,0.3072,0.3477,0.3275,False
0.55,-0.6,6,0.55,0.3112,0.3439,0.3275,False
0.1,-0.55,7,0.3,0.2501,0.4048,0.3275,False
0.25,-0.6,7,0.25,0.2618,0.3932,0.3275,False
0.1,-0.55,7,0.5,0.2533,0.4017,0.3275,False
0.65,-0.5,7,0.15,0.3207,0.3345,0.3276,False
0.5,-0.6,7,0.4,0.2946,0.3606,0.3276,False
0.5,-0.6,7,0.45,0.2955,0.3598,0.3276,False
0.6,-0.6,5,0.4,0.3239,0.3313,0.3276,False
0.65,-0.6,3,0.05,0.3423,0.3129,0.3276,False
0.5,-0.6,6,0.05,0.2974,0.3577,0.3276,False
0.6,-0.55,7,0.25,0.3105,0.345,0.3277,False
0.65,-0.55,4,0.1,0.3382,0.3173,0.3277,False
0.1,-0.6,6,0.3,0.2528,0.4026,0.3277,False
0.1,-0.6,6,0.5,0.2559,0.3995,0.3277,False
0.5,-0.6,7,0.35,0.2941,0.3615,0.3278,False
0.6,-0.6,5,0.5,0.3257,0.33,0.3278,False
0.45,-0.6,7,0.15,0.285,0.3707,0.3278,False
0.6,-0.6,5,0.35,0.3234,0.3323,0.3279,False
0.5,-0.6,7,0.5,0.2966,0.3594,0.328,False
0.1,-0.55,7,0.25,0.2503,0.4061,0.3282,False
0.1,-0.55,7,0.55,0.255,0.4015,0.3282,False
0.65,-0.5,6,0.1,0.3275,0.3291,0.3283,False
0.55,-0.6,6,0.25,0.3074,0.3492,0.3283,False
0.6,-0.6,5,0.55,0.327,0.3297,0.3284,False
0.65,-0.55,5,0.4,0.3352,0.3216,0.3284,False
0.3,-0.6,7,0.1,0.2666,0.3901,0.3284,False
0.5,-0.6,7,0.3,0.2939,0.3628,0.3284,False
0.65,-0.55,5,0.45,0.3359,0.3208,0.3284,False
0.6,-0.6,5,0.3,0.3232,0.3337,0.3285,False
0.6,-0.55,6,0.1,0.3165,0.3405,0.3285,False
0.1,-0.6,6,0.25,0.253,0.404,0.3285,False
0.25,-0.6,7,0.2,0.2623,0.3948,0.3285,False
0.1,-0.6,6,0.55,0.2576,0.3993,0.3285,False
0.5,-0.6,7,0.55,0.2981,0.3592,0.3286,False
0.65,-0.55,5,0.5,0.3369,0.3203,0.3286,False
0.65,-0.55,5,0.35,0.3348,0.3227,0.3287,False
0.6,-0.55,7,0.2,0.3109,0.3468,0.3289,False
0.35,-0.6,7,0.05,0.2726,0.3853,0.329,False
0.65,-0.55,5,0.55,0.3382,0.32,0.3291,False
0.5,-0.6,7,0.25,0.2941,0.3643,0.3292,False
0.65,-0.5,7,0.1,0.3217,0.3369,0.3293,False
0.6,-0.6,5,0.25,0.3234,0.3353,0.3293,False
0.1,-0.55,7,0.2,0.2508,0.4077,0.3293,False
0.55,-0.6,6,0.2,0.3078,0.3511,0.3294,False
0.4,-0.6,7,0.05,0.2791,0.3796,0.3294,False
0.65,-0.55,5,0.3,0.3346,0.3241,0.3294,False
0.45,-0.6,7,0.1,0.2861,0.3729,0.3295,False
0.1,-0.6,6,0.2,0.2535,0.4055,0.3295,False
0.65,-0.55,4,0.05,0.3395,0.3202,0.3298,False
0.25,-0.6,7,0.15,0.2632,0.3967,0.3299,False
0.65,-0.6,4,0.45,0.3422,0.318,0.3301,False
0.65,-0.6,4,0.4,0.3415,0.3188,0.3302,False
0.65,-0.6,4,0.5,0.3432,0.3175,0.3303,False
0.3,-0.6,7,0.05,0.2682,0.3925,0.3303,False
0.5,-0.6,7,0.2,0.2945,0.3661,0.3303,False
0.6,-0.55,7,0.15,0.3117,0.349,0.3303,False
0.65,-0.5,6,0.05,0.3288,0.3319,0.3303,False
0.65,-0.55,5,0.25,0.3347,0.3258,0.3303,False
0.65,-0.6,4,0.35,0.3411,0.3199,0.3305,False
0.6,-0.55,6,0.05,0.3178,0.3432,0.3305,False
0.6,-0.6,5,0.2,0.3238,0.3372,0.3305,False
0.1,-0.55,7,0.15,0.2518,0.4095,0.3306,False
0.65,-0.6,4,0.55,0.3445,0.3172,0.3308,True
0.1,-0.6,6,0.15,0.2544,0.4074,0.3309,False
0.55,-0.6,6,0.15,0.3086,0.3532,0.3309,False
0.65,-0.6,4,0.3,0.3409,0.3213,0.3311,False
0.2,-0.6,7,0.4,0.2625,0.3998,0.3312,False
0.2,-0.6,7,0.45,0.2634,0.3992,0.3313,False
0.2,-0.6,7,0.35,0.2619,0.4007,0.3313,False
0.65,-0.5,7,0.05,0.323,0.3397,0.3314,False
0.65,-0.55,5,0.2,0.3351,0.3278,0.3314,False
0.45,-0.6,7,0.05,0.2876,0.3754,0.3315,True
0.25,-0.6,7,0.1,0.2644,0.3988,0.3316,False
0.5,-0.6,7,0.15,0.2953,0.3681,0.3317,False
0.2,-0.6,7,0.5,0.2647,0.3988,0.3317,False
0.2,-0.6,7,0.3,0.2617,0.4019,0.3318,False
0.6,-0.6,5,0.15,0.3245,0.3394,0.332,False
0.6,-0.55,7,0.1,0.3127,0.3513,0.332,False
0.65,-0.6,4,0.25,0.341,0.323,0.332,False
0.1,-0.55,7,0.1,0.2531,0.4115,0.3323,False
0.2,-0.6,7,0.55,0.2663,0.3986,0.3324,False
0.2,-0.6,7,0.25,0.2618,0.4032,0.3325,False
0.1,-0.6,6,0.1,0.2557,0.4094,0.3325,False
0.55,-0.6,6,0.1,0.3096,0.3555,0.3326,False
0.65,-0.55,5,0.15,0.3358,0.33,0.3329,False
0.65,-0.55,6,0.4,0.3318,0.3344,0.3331,False
0.55,-0.6,7,0.45,0.3074,0.3588,0.3331,False
0.55,-0.6,7,0.4,0.3066,0.3595,0.3331,False
0.65,-0.55,6,0.45,0.3325,0.3336,0.3331,False
0.65,-0.6,4,0.2,0.3414,0.325,0.3332,False
0.65,-0.55,6,0.5,0.3335,0.3331,0.3333,False
0.55,-0.6,7,0.35,0.3061,0.3605,0.3333,False
0.65,-0.55,6,0.35,0.3313,0.3354,0.3334,False
0.5,-0.6,7,0.1,0.2964,0.3703,0.3334,False
0.55,-0.6,7,0.5,0.3085,0.3583,0.3334,False
0.25,-0.6,7,0.05,0.266,0.4011,0.3335,False
0.2,-0.6,7,0.2,0.2624,0.4048,0.3336,False
0.6,-0.6,5,0.1,0.3255,0.3419,0.3337,False
0.65,-0.55,6,0.55,0.3348,0.3329,0.3338,False
0.55,-0.6,7,0.3,0.306,0.3618,0.3339,False
0.55,-0.6,7,0.55,0.3099,0.3581,0.334,False
0.6,-0.55,7,0.05,0.314,0.354,0.334,False
0.65,-0.55,6,0.3,0.3312,0.3368,0.334,False
0.1,-0.55,7,0.05,0.2547,0.4138,0.3342,False
0.55,-0.6,6,0.05,0.311,0.3581,0.3345,False
0.1,-0.6,6,0.05,0.2573,0.4116,0.3345,False
0.65,-0.55,5,0.1,0.3368,0.3325,0.3346,False
0.65,-0.6,4,0.15,0.3421,0.3273,0.3347,False
0.55,-0.6,7,0.25,0.3061,0.3633,0.3347,False
0.65,-0.55,6,0.25,0.3313,0.3384,0.3348,False
0.2,-0.6,7,0.15,0.2632,0.4066,0.3349,False
0.6,-0.6,6,0.45,0.3236,0.3467,0.3351,False
0.6,-0.6,6,0.4,0.3228,0.3474,0.3351,False
0.5,-0.6,7,0.05,0.2978,0.3728,0.3353,False
0.6,-0.6,6,0.35,0.3224,0.3485,0.3354,False
0.6,-0.6,6,0.5,0.3246,0.3462,0.3354,False
0.65,-0.55,7,0.4,0.3267,0.344,0.3354,False
0.65,-0.55,7,0.45,0.3275,0.3433,0.3354,False
0.65,-0.55,7,0.5,0.3285,0.3428,0.3356,False
0.6,-0.6,5,0.05,0.3268,0.3446,0.3357,False
0.65,-0.55,7,0.35,0.3263,0.3451,0.3357,False
0.55,-0.6,7,0.2,0.3065,0.365,0.3358,False
0.6,-0.6,6,0.3,0.3222,0.3498,0.336,False
0.65,-0.55,6,0.2,0.3317,0.3403,0.336,False
0.6,-0.6,6,0.55,0.326,0.346,0.336,False
0.65,-0.55,7,0.55,0.3298,0.3426,0.3362,False
0.05,-0.6,6,0.4,0.2588,0.4136,0.3362,False
0.65,-0.55,7,0.3,0.3261,0.3464,0.3362,False
0.05,-0.6,6,0.45,0.2597,0.413,0.3364,False
0.65,-0.6,4,0.1,0.343,0.3298,0.3364,False
0.05,-0.6,6,0.35,0.2582,0.4145,0.3364,False
0.2,-0.6,7,0.1,0.2645,0.4087,0.3366,False
0.65,-0.55,5,0.05,0.338,0.3353,0.3367,False
0.05,-0.6,6,0.3,0.258,0.4156,0.3368,False
0.6,-0.6,6,0.25,0.3223,0.3513,0.3368,False
0.05,-0.6,6,0.5,0.261,0.4126,0.3368,False
0.05,-0.55,7,0.4,0.2574,0.4165,0.3369,False
0.65,-0.55,7,0.25,0.3262,0.348,0.3371,False
0.05,-0.55,7,0.45,0.2583,0.4159,0.3371,False
0.05,-0.55,7,0.35,0.2568,0.4173,0.3371,False
0.55,-0.6,7,0.15,0.3073,0.367,0.3372,False
0.65,-0.55,6,0.15,0.3324,0.3425,0.3374,False
0.05,-0.55,7,0.3,0.2566,0.4184,0.3375,False
0.05,-0.6,6,0.25,0.2582,0.4169,0.3375,False
0.05,-0.55,7,0.5,0.2596,0.4155,0.3376,False
0.05,-0.6,6,0.55,0.2627,0.4124,0.3376,False
0.6,-0.6,6,0.2,0.3228,0.3531,0.338,False
0.15,-0.6,7,0.4,0.2648,0.4112,0.338,False
0.15,-0.6,7,0.45,0.2657,0.4106,0.3382,False
0.15,-0.6,7,0.35,0.2643,0.4121,0.3382,False
0.65,-0.55,7,0.2,0.3266,0.3498,0.3382,False
0.05,-0.55,7,0.25,0.2568,0.4197,0.3382,False
0.05,-0.55,7,0.55,0.2613,0.4153,0.3383,False
0.65,-0.6,4,0.05,0.3443,0.3326,0.3384,False
0.2,-0.6,7,0.05,0.266,0.4109,0.3385,False
0.15,-0.6,7,0.3,0.264,0.4132,0.3386,False
0.15,-0.6,7,0.5,0.267,0.4102,0.3386,False
0.05,-0.6,6,0.2,0.2587,0.4184,0.3386,False
0.55,-0.6,7,0.1,0.3083,0.3693,0.3388,False
0.65,-0.6,5,0.45,0.342,0.3359,0.339,False
0.65,-0.6,5,0.4,0.3413,0.3367,0.339,False
0.65,-0.55,6,0.1,0.3334,0.3449,0.3391,False
0.65,-0.6,5,0.5,0.343,0.3354,0.3392,False
0.05,-0.55,7,0.2,0.2573,0.4213,0.3393,False
0.6,-0.6,6,0.15,0.3235,0.3552,0.3393,False
0.65,-0.6,5,0.35,0.3409,0.3378,0.3393,False
0.15,-0.6,7,0.25,0.2642,0.4145,0.3393,False
0.15,-0.6,7,0.55,0.2686,0.41,0.3393,False
0.65,-0.55,7,0.15,0.3273,0.3519,0.3396,False
0.65,-0.6,5,0.55,0.3443,0.3352,0.3397,True
0.65,-0.6,5,0.3,0.3407,0.3391,0.3399,False
0.05,-0.6,6,0.15,0.2596,0.4202,0.3399,False
0.6,-0.6,7,0.45,0.3208,0.3594,0.3401,False
0.6,-0.6,7,0.4,0.3201,0.3602,0.3401,False
0.6,-0.6,7,0.5,0.3219,0.359,0.3404,False
0.6,-0.6,7,0.35,0.3196,0.3611,0.3404,False
0.15,-0.6,7,0.2,0.2647,0.416,0.3404,False
0.05,-0.55,7,0.15,0.2582,0.423,0.3406,False
0.55,-0.6,7,0.05,0.3097,0.3718,0.3408,False
0.65,-0.6,5,0.25,0.3408,0.3407,0.3408,False
0.6,-0.6,7,0.3,0.3194,0.3624,0.3409,False
0.6,-0.6,6,0.1,0.3245,0.3576,0.341,False
0.6,-0.6,7,0.55,0.3232,0.3588,0.341,False
0.65,-0.55,6,0.05,0.3346,0.3476,0.3411,False
0.65,-0.55,7,0.1,0.3283,0.3542,0.3413,False
0.05,-0.6,6,0.1,0.2608,0.4222,0.3415,False
0.15,-0.6,7,0.15,0.2656,0.4178,0.3417,False
0.6,-0.6,7,0.25,0.3196,0.3639,0.3417,False
0.65,-0.6,5,0.2,0.3412,0.3426,0.3419,False
0.05,-0.55,7,0.1,0.2594,0.425,0.3422,False
0.6,-0.6,7,0.2,0.32,0.3657,0.3428,False
0.6,-0.6,6,0.05,0.3258,0.3601,0.343,False
0.65,-0.55,7,0.05,0.3296,0.3569,0.3432,False
0.15,-0.6,7,0.1,0.2668,0.4198,0.3433,False
0.65,-0.6,5,0.15,0.3419,0.3447,0.3433,False
0.05,-0.6,6,0.05,0.2624,0.4244,0.3434,False
0.05,-0.55,7,0.05,0.2611,0.4271,0.3441,False
0.6,-0.6,7,0.15,0.3207,0.3677,0.3442,False
0.65,-0.6,5,0.1,0.3428,0.3471,0.345,False
0.65,-0.6,6,0.45,0.3396,0.3505,0.3451,False
0.65,-0.6,6,0.4,0.3389,0.3513,0.3451,False
0.15,-0.6,7,0.05,0.2684,0.422,0.3452,False
0.65,-0.6,6,0.5,0.3406,0.35,0.3453,False
0.65,-0.6,6,0.35,0.3385,0.3523,0.3454,False
0.6,-0.6,7,0.1,0.3217,0.3699,0.3458,False
0.65,-0.6,6,0.3,0.3383,0.3536,0.3459,False
0.65,-0.6,6,0.55,0.3419,0.3498,0.3459,False
0.1,-0.6,7,0.4,0.2694,0.4237,0.3465,False
0.1,-0.6,7,0.35,0.2689,0.4245,0.3467,False
0.1,-0.6,7,0.45,0.2703,0.4231,0.3467,False
0.65,-0.6,6,0.25,0.3384,0.3551,0.3468,False
0.65,-0.6,5,0.05,0.3441,0.3498,0.3469,True
0.1,-0.6,7,0.5,0.2716,0.4227,0.3471,False
0.1,-0.6,7,0.3,0.2687,0.4256,0.3471,False
0.6,-0.6,7,0.05,0.323,0.3724,0.3477,False
0.1,-0.6,7,0.55,0.2732,0.4225,0.3478,False
0.1,-0.6,7,0.25,0.2688,0.4269,0.3478,False
0.65,-0.6,6,0.2,0.3388,0.3569,0.3479,False
0.65,-0.6,7,0.4,0.3348,0.3625,0.3486,False
0.65,-0.6,7,0.45,0.3355,0.3617,0.3486,False
0.1,-0.6,7,0.2,0.2693,0.4284,0.3488,False
0.65,-0.6,7,0.35,0.3343,0.3634,0.3489,False
0.65,-0.6,7,0.5,0.3365,0.3613,0.3489,False
0.65,-0.6,6,0.15,0.3395,0.359,0.3492,False
0.65,-0.6,7,0.3,0.3342,0.3647,0.3494,False
0.65,-0.6,7,0.55,0.3378,0.3611,0.3494,False
0.1,-0.6,7,0.15,0.2702,0.4301,0.3501,False
0.65,-0.6,7,0.25,0.3343,0.3662,0.3502,False
0.65,-0.6,6,0.1,0.3405,0.3613,0.3509,False
0.65,-0.6,7,0.2,0.3347,0.3679,0.3513,False
0.1,-0.6,7,0.1,0.2714,0.432,0.3517,False
0.65,-0.6,7,0.15,0.3354,0.3699,0.3527,False
0.65,-0.6,6,0.05,0.3417,0.3638,0.3528,True
0.1,-0.6,7,0.05,0.2729,0.4342,0.3535,False
0.65,-0.6,7,0.1,0.3364,0.3722,0.3543,False
0.65,-0.6,7,0.05,0.3376,0.3746,0.3561,True
0.05,-0.6,7,0.4,0.2761,0.4372,0.3567,False
0.05,-0.6,7,0.45,0.277,0.4366,0.3568,False
0.05,-0.6,7,0.35,0.2756,0.438,0.3568,False
0.05,-0.6,7,0.3,0.2754,0.439,0.3572,False
0.05,-0.6,7,0.5,0.2782,0.4362,0.3572,False
0.05,-0.6,7,0.25,0.2755,0.4403,0.3579,False
0.05,-0.6,7,0.55,0.2798,0.436,0.3579,True
0.05,-0.6,7,0.2,0.276,0.4417,0.3589,False
0.05,-0.6,7,0.15,0.2769,0.4434,0.3601,False
0.05,-0.6,7,0.1,0.278,0.4453,0.3616,False
0.05,-0.6,7,0.05,0.2795,0.4473,0.3634,True
