transect_id,domain_number,mean_3yr_m,mean_2yr_m,n_obs_3yr,n_obs_2yr,se_3yr_m,se_2yr_m,diff_m
usa_NC_0032_0021,1,67.87368421052632,72.85454545454546,38,22,2.421039489110225,2.3771524971045417,4.980861244019138
usa_NC_0032_0022,1,65.04871794871795,70.56666666666666,39,24,2.407755327941159,2.066123116926849,5.5179487179487126
usa_NC_0032_0023,1,69.4657142857143,75.69090909090909,35,22,2.3941733994234005,2.445810173855048,6.225194805194789
usa_NC_0032_0024,1,81.93333333333334,89.03999999999999,36,20,2.367149514795553,2.8204366963104723,7.106666666666655
usa_NC_0032_0025,1,60.16285714285715,66.36315789473683,35,19,2.427891452013682,3.1362454787999807,6.200300751879681
usa_NC_0032_0026,1,66.02285714285713,68.36666666666667,35,18,2.385442846733078,3.2808316337706707,2.34380952380954
usa_NC_0032_0027,1,56.26111111111112,57.683333333333344,36,18,2.604343983381276,3.313117620310676,1.4222222222222243
usa_NC_0032_0028,1,54.858823529411765,55.8875,34,16,2.6156634916843,3.3094923452598186,1.0286764705882376
usa_NC_0032_0029,1,56.35405405405405,58.9388888888889,37,18,2.5118475863826086,3.1876101943160755,2.5848348348348438
usa_NC_0032_0030,2,80.93513513513513,84.67222222222223,37,18,2.3711422476945674,3.002241053529907,3.7370870870871045
usa_NC_0032_0031,2,78.70789473684208,85.01578947368421,38,19,2.376177948740741,2.768159216488477,6.30789473684213
usa_NC_0032_0032,2,82.2051282051282,87.87777777777778,39,18,2.332658323564176,2.375178776285557,5.672649572649576
usa_NC_0032_0033,2,61.5175,67.86499999999998,40,20,2.109018751968281,2.2424994865926773,6.347499999999982
usa_NC_0032_0034,2,77.06744186046512,84.33478260869565,43,23,1.867515985780425,1.8498970027481985,7.267340748230524
usa_NC_0032_0035,2,65.28780487804879,70.09565217391304,41,23,1.8221542969724087,2.211857001189331,4.807847295864249
usa_NC_0032_0036,2,52.8975,55.79583333333334,40,24,2.02860153768993,2.2839109538616174,2.8983333333333405
usa_NC_0032_0037,2,47.75476190476191,48.6,42,25,2.103493036471147,2.297970118749734,0.8452380952380949
usa_NC_0032_0038,2,39.92857142857143,41.7625,42,24,2.1314123330005774,2.3986470560037305,1.8339285714285722
usa_NC_0032_0039,2,43.53,47.49090909090909,40,22,2.1935458941502888,2.602703465362657,3.960909090909091
usa_NC_0032_0040,2,42.976923076923086,47.96521739130435,39,23,2.1295633277225776,2.411399219022856,4.988294314381264
usa_NC_0032_0041,3,43.50750000000001,50.29166666666666,40,24,2.2662359719961267,2.274893823503102,6.78416666666665
usa_NC_0032_0042,3,45.526315789473685,50.286956521739135,38,23,2.5398325574297003,2.474057526849192,4.7606407322654505
usa_NC_0032_0043,3,45.483783783783785,49.65,37,22,2.189075090638774,2.0177110815619788,4.166216216216213
usa_NC_0032_0044,3,40.24736842105263,43.7,38,20,2.09120537648272,2.6693287151405096,3.4526315789473756
usa_NC_0032_0045,3,43.92285714285714,44.575,35,16,2.389631263402371,2.7433935797353857,0.6521428571428629
usa_NC_0032_0046,3,44.11944444444444,45.58823529411765,36,17,2.3708642167021714,2.93397795554067,1.468790849673212
usa_NC_0032_0047,3,42.42972972972973,43.71666666666667,37,18,2.281920273170401,3.190644514561385,1.2869369369369394
usa_NC_0032_0048,3,42.265789473684215,44.00000000000001,38,18,2.272703619021111,3.5383334949618064,1.7342105263157919
usa_NC_0032_0049,3,43.125641025641016,45.03888888888888,39,18,2.4167563889028068,3.6729103604108895,1.913247863247861
usa_NC_0032_0050,3,43.74473684210527,45.01666666666667,38,18,2.332800615309494,3.301012421445268,1.2719298245614041
usa_NC_0032_0051,4,39.86410256410256,39.15294117647059,39,17,2.263935662796809,2.672684782131383,-0.711161387631968
usa_NC_0032_0052,4,38.28095238095239,37.93684210526315,42,19,2.2493339783264443,2.8453739055452187,-0.34411027568923913
usa_NC_0032_0053,4,39.860975609756096,39.775,41,20,2.3389487894392373,2.8890799391392483,-0.08597560975609753
usa_NC_0032_0054,4,33.121428571428574,33.31999999999999,42,20,2.2997993542594823,3.04551957368266,0.19857142857141952
usa_NC_0032_0055,4,29.852272727272727,30.629166666666663,44,24,2.172832176782299,2.7164186725520376,0.7768939393939363
usa_NC_0032_0056,4,38.34186046511628,40.175,43,24,2.269730111524255,2.6654611178958314,1.8331395348837205
usa_NC_0032_0057,4,31.48809523809524,32.708333333333336,42,24,2.2301367446627385,2.4244745184928744,1.220238095238095
usa_NC_0032_0058,4,36.35348837209302,36.59166666666667,43,24,2.0966628254763147,2.5571363389617394,0.23817829457365036
usa_NC_0032_0059,4,41.28409090909091,40.644,44,25,2.0649673867826293,2.627343905924765,-0.6400909090909082
usa_NC_0032_0060,4,44.58636363636364,44.15999999999999,44,25,2.0840469019494914,2.61655626094045,-0.4263636363636536
usa_NC_0032_0061,4,43.2725,42.00434782608695,40,23,2.5702987641866626,3.2521654583390767,-1.2681521739130517
usa_NC_0032_0062,4,35.46585365853659,31.77391304347826,41,23,2.8573324796853106,3.737848387619041,-3.6919406150583285
usa_NC_0032_0063,4,34.91904761904762,30.312,42,25,2.958635146329612,3.682844552787967,-4.607047619047616
usa_NC_0032_0064,5,35.364864864864856,30.947826086956525,37,23,3.199209775308533,3.8550355630397344,-4.417038777908331
usa_NC_0032_0065,5,31.51176470588236,27.528571428571425,34,21,3.045550697331392,3.687605642439232,-3.983193277310935
usa_NC_0032_0066,5,32.32702702702702,25.81578947368421,37,19,2.779900641624991,3.665799444158008,-6.511237553342813
usa_NC_0032_0067,5,29.83783783783784,24.92105263157895,37,19,2.975786547426767,4.39730498902598,-4.91678520625889
usa_NC_0032_0068,5,29.10571428571429,21.83125,35,16,3.332707640355876,4.886859239753757,-7.274464285714288
usa_NC_0032_0069,5,28.488888888888887,22.65294117647059,36,17,3.514086794100661,5.319014985429625,-5.835947712418296
usa_NC_0032_0070,5,31.172222222222224,26.71875,36,16,3.324998176658078,5.457374359143171,-4.453472222222224
usa_NC_0032_0071,5,34.92702702702703,31.788235294117644,37,17,2.931327755837254,4.712747749400658,-3.138791732909386
usa_NC_0032_0072,5,33.882051282051286,30.338888888888885,39,18,2.5315895477461146,3.761032910628321,-3.543162393162401
usa_NC_0032_0073,5,36.26410256410257,33.400000000000006,39,18,2.4865074150762645,3.705824773906878,-2.8641025641025664
usa_NC_0032_0074,5,35.9,35.46666666666667,39,18,2.071335764392847,3.07270292543452,-0.43333333333333
usa_NC_0032_0075,5,33.604878048780485,34.300000000000004,41,18,2.2397869868760774,2.807890376423744,0.6951219512195195
usa_NC_0032_0076,5,31.77073170731708,33.45555555555556,41,18,2.188518387064077,2.431656986665438,1.6848238482384836
usa_NC_0032_0077,6,38.821951219512194,41.51578947368421,41,19,1.971487343059283,1.4138467943068025,2.6938382541720145
usa_NC_0032_0078,6,130.09090909090912,140.93,22,10,3.3680887812775206,5.680533034456851,10.839090909090885
usa_NC_0032_0079,6,44.76744186046512,53.175,43,24,2.2992167787014246,3.1407804462576183,8.407558139534878
usa_NC_0032_0080,6,46.38780487804877,55.32727272727272,41,22,2.295659199450954,3.1666906935851884,8.939467849223952
usa_NC_0032_0081,6,46.38,52.51739130434782,40,23,2.0520540053871974,2.6521201316389846,6.137391304347815
usa_NC_0032_0082,6,40.04166666666666,45.595238095238095,36,21,2.098924044089529,2.720937130147103,5.553571428571438
usa_NC_0032_0083,7,40.78888888888888,42.50588235294119,36,17,2.210870609876462,2.9860148362116563,1.7169934640523152
usa_NC_0032_0084,7,33.38055555555555,36.825,36,16,2.0767565502387213,2.82510324295119,3.44444444444445
usa_NC_0032_0085,7,46.26842105263158,51.08823529411764,38,17,2.291353359286739,3.3209216734583897,4.819814241486057
usa_NC_0032_0086,7,31.4609756097561,33.12222222222222,41,18,1.8899602462227083,2.3155139684898485,1.661246612466119
usa_NC_0032_0088,8,29.225581395348843,34.862500000000004,43,24,1.6056416767311408,2.4846908980184343,5.636918604651161
usa_NC_0032_0089,8,28.527272727272727,34.920833333333334,44,24,1.697315887621308,2.1912042480707465,6.393560606060607
usa_NC_0032_0090,8,17.799999999999997,23.028,44,25,1.791396516663866,2.277890251965621,5.2280000000000015
usa_NC_0032_0091,8,70.2904761904762,77.07391304347824,42,23,1.9466454947015703,2.3582771345061544,6.783436853002044
usa_NC_0032_0092,8,36.58292682926829,43.44583333333333,41,24,2.3222726002225063,2.6100417785447023,6.8629065040650445
usa_NC_0032_0093,8,46.1,51.92499999999999,40,24,2.2348464066996776,2.658008475902779,5.824999999999989
usa_NC_0032_0094,8,10.941666666666666,19.163636363636364,36,22,2.6077125383254347,3.397468789484525,8.221969696969698
usa_NC_0032_0095,8,56.72631578947368,66.67499999999998,38,20,2.500772808606078,3.549824865954286,9.948684210526302
usa_NC_0032_0096,9,16.07948717948718,23.484210526315792,39,19,2.278640417512954,3.272723199987517,7.404723346828611
usa_NC_0032_0097,9,36.93714285714285,39.85625,35,16,2.134258715363637,2.608479262424756,2.9191071428571504
usa_NC_0032_0098,9,33.63055555555556,34.33529411764705,36,17,1.8638235978439777,2.086545505213994,0.7047385620914923
usa_NC_0032_0099,9,31.43428571428571,32.59375,35,16,1.859230629968796,2.515178402386863,1.1594642857142894
usa_NC_0032_0100,9,29.394594594594597,31.15294117647059,37,17,2.241594060734974,2.866799271362356,1.758346581875994
usa_NC_0032_0101,9,27.497368421052634,32.00588235294118,38,17,2.2473739593710182,3.3870804557673018,4.508513931888544
usa_NC_0032_0102,9,27.100000000000005,34.666666666666664,40,18,2.1739129319955377,2.988332431131826,7.566666666666659
usa_NC_0032_0103,9,26.7075,34.495,40,20,1.980246641916232,2.6887824969285767,7.787499999999998
usa_NC_0032_0104,9,23.061363636363637,31.4608695652174,44,23,1.8859786853450955,2.5948241209365737,8.399505928853763
usa_NC_0032_0105,10,25.237209302325574,32.404347826086955,43,23,1.885619130284285,2.849273385363416,7.1671385237613805
usa_NC_0032_0106,10,26.209756097560973,30.94347826086956,41,23,1.8595954348835175,3.016114992454,4.733722163308588
usa_NC_0032_0107,10,35.876744186046515,39.743478260869566,43,23,1.699038348323285,2.87992798882686,3.86673407482305
usa_NC_0032_0108,10,30.479069767441857,35.11739130434783,43,23,1.596273894056201,2.680051118723092,4.63832153690597
usa_NC_0032_0109,10,30.21395348837209,34.91363636363636,43,22,1.7555972232083172,2.641701008594934,4.699682875264266
usa_NC_0032_0110,10,39.35,43.93636363636364,42,22,1.835566953147982,2.6775525544823493,4.586363636363636
usa_NC_0032_0111,10,27.873170731707315,31.522727272727277,41,22,1.8410926779120904,2.7980662139384096,3.6495565410199617
usa_NC_0032_0112,10,28.53611111111111,30.195,36,20,1.775231497435908,2.577590419058282,1.6588888888888889
usa_NC_0032_0113,10,25.608108108108112,28.33684210526316,37,19,1.927302563389185,2.7603416447409157,2.7287339971550466
usa_NC_0032_0114,10,26.31282051282052,29.65555555555555,39,18,1.939350933782073,3.1854984139445564,3.3427350427350326
usa_NC_0032_0115,11,28.322857142857146,29.54,35,15,1.8787045676052785,2.463713805271569,1.2171428571428535
usa_NC_0032_0116,11,24.80294117647059,24.973333333333336,34,15,2.023443198117809,2.7329291222608734,0.17039215686274645
usa_NC_0032_0117,11,27.558823529411764,27.466666666666665,34,15,2.0097938350253397,2.967774004145622,-0.09215686274509949
usa_NC_0032_0118,11,29.84705882352941,29.96875,34,16,2.180035140496338,2.7636587878812637,0.12169117647059124
usa_NC_0032_0119,11,29.435294117647057,27.356250000000003,34,16,2.0213472252984563,2.476000955001162,-2.0790441176470544
usa_NC_0032_0120,11,27.857142857142858,26.94375,35,16,1.9590268794801693,2.7787432523534807,-0.9133928571428562
usa_NC_0032_0121,11,29.16666666666666,30.28333333333333,39,18,1.9747745676133488,3.213525846482812,1.1166666666666707
usa_NC_0032_0122,11,27.22307692307692,27.58421052631579,39,19,1.966955289573283,3.2025142092886325,0.3611336032388692
usa_NC_0032_0123,11,28.809302325581395,26.78260869565217,43,23,1.9422498797211256,3.043236862250359,-2.026693629929227
usa_NC_0032_0124,11,34.079069767441865,30.068,43,25,1.985207081257917,2.912837791570276,-4.011069767441864
usa_NC_0032_0125,12,37.72682926829268,32.024,41,25,2.1183433022582734,3.053742403456236,-5.702829268292682
usa_NC_0032_0126,12,31.36046511627907,26.238461538461536,43,26,2.0316055860593814,3.09330332230562,-5.122003577817534
usa_NC_0032_0127,12,34.24102564102564,30.13478260869565,39,23,2.103180927263085,3.1469642106180924,-4.106243032329985
usa_NC_0032_0128,12,32.47073170731708,29.373913043478268,41,23,2.236695744277431,3.0882297101639486,-3.0968186638388104
usa_NC_0032_0129,12,28.44,25.686956521739127,40,23,2.336751525581548,3.280896341590496,-2.7530434782608744
usa_NC_0032_0130,12,32.7575,28.17083333333333,40,24,2.261012614929822,3.336949917576747,-4.58666666666667
usa_NC_0032_0131,12,33.26285714285714,26.75454545454545,35,22,2.643743480717585,3.714186721049354,-6.508311688311693
usa_NC_0032_0132,12,33.08611111111111,26.409090909090903,36,22,2.45108706941828,3.649437536517071,-6.677020202020206
usa_NC_0032_0133,12,34.62702702702702,27.355,37,20,2.3072436158395933,3.9942753443291545,-7.272027027027018
usa_NC_0032_0134,12,38.75882352941177,31.775,34,16,2.471131423183065,3.92034756112261,-6.983823529411772
usa_NC_0032_0135,13,39.06470588235294,31.72941176470588,34,17,2.5070591330256584,4.032640398214906,-7.335294117647059
usa_NC_0032_0136,13,39.188235294117646,33.881249999999994,34,16,2.6688697384907663,4.502982518564778,-5.306985294117652
usa_NC_0032_0137,13,40.33611111111112,34.49411764705882,36,17,2.4714308970740704,4.340951293378894,-5.841993464052301
usa_NC_0032_0138,13,40.65675675675676,34.788235294117655,37,17,2.091113546408248,3.993928133769593,-5.868521462639102
usa_NC_0032_0139,13,43.45675675675676,36.45882352941177,37,17,2.1247311808082467,3.9214817392335095,-6.997933227344994
usa_NC_0032_0140,13,40.2925,32.86666666666666,40,18,2.2234772591134973,3.404917627827079,-7.425833333333337
usa_NC_0032_0141,13,41.73947368421054,34.150000000000006,38,18,2.496462759246123,3.277036860982082,-7.589473684210532
usa_NC_0032_0142,13,40.995,34.3,40,20,2.469786531832359,3.139996647668341,-6.695
usa_NC_0032_0143,13,40.265853658536585,33.68333333333333,41,24,2.347475576527141,3.1173117986883425,-6.582520325203255
usa_NC_0032_0144,13,43.85384615384614,37.5,39,23,2.4465206949560283,3.24474034723098,-6.353846153846142
usa_NC_0032_0145,13,36.9275,30.130434782608692,40,23,2.303016381862753,2.9418973925151266,-6.79706521739131
usa_NC_0032_0146,14,47.92195121951219,42.55,41,24,2.268295567792553,2.745101038239745,-5.371951219512191
usa_NC_0032_0147,14,41.0625,38.32083333333333,40,24,2.315747892427423,2.923393769102454,-2.741666666666667
usa_NC_0032_0148,14,35.58717948717948,34.731818181818184,39,22,2.501355042993504,3.1625951476105643,-0.8553613053612992
usa_NC_0032_0149,14,39.4,37.578260869565206,39,23,2.412520758513056,2.7048262861066337,-1.8217391304347927
usa_NC_0032_0150,14,41.02894736842105,40.45416666666666,38,24,2.622435502421986,2.685184655935869,-0.574780701754392
usa_NC_0032_0151,14,41.18108108108108,44.34347826086957,37,23,2.734041431675403,2.955940131121229,3.162397179788485
usa_NC_0032_0152,14,41.5918918918919,44.70476190476191,37,21,2.615897282820934,3.1150133852076265,3.1128700128700117
usa_NC_0032_0153,14,41.22,42.02777777777778,35,18,2.592720254737817,3.295766799165371,0.8077777777777797
usa_NC_0032_0154,14,40.62571428571428,40.04999999999999,35,18,2.5953136267373256,3.640595817788173,-0.575714285714291
usa_NC_0032_0155,14,42.24,42.54444444444444,35,18,2.8834887832320786,4.253297238630901,0.3044444444444352
usa_NC_0032_0156,15,40.41470588235294,41.82941176470588,34,17,2.8928584151687846,4.378043182830275,1.4147058823529406
usa_NC_0032_0157,15,41.302702702702696,41.41666666666666,37,18,2.892722790458798,4.290750425704841,0.11396396396396113
usa_NC_0032_0158,15,43.13947368421053,43.25,38,18,2.731020212441432,4.226907659981831,0.11052631578947114
usa_NC_0032_0159,15,48.51351351351351,49.81764705882353,37,17,2.859626705940789,4.138051858470481,1.3041335453100231
usa_NC_0032_0160,15,43.7475,45.35,40,18,2.6655614396335974,3.193255248953225,1.6024999999999991
usa_NC_0032_0161,15,40.405,43.01999999999999,40,20,2.7891409163543623,3.146071903350689,2.614999999999988
usa_NC_0032_0162,15,38.49545454545455,41.53913043478261,44,23,2.6908307906727043,3.1118779145964504,3.043675889328057
usa_NC_0032_0163,15,45.68604651162791,48.53913043478261,43,23,2.450709168941668,2.9419330254280336,2.853083923154699
usa_NC_0032_0164,15,40.802439024390246,42.869565217391305,41,23,2.4755006584155024,2.9448181512576683,2.0671261930010587
usa_NC_0032_0165,15,40.58837209302325,42.13333333333333,43,24,2.265366401129348,2.561650471882653,1.54496124031008
usa_NC_0032_0166,16,44.28095238095238,45.74583333333334,42,24,2.319378140893745,2.642729835662268,1.464880952380959
usa_NC_0032_0167,16,42.82682926829269,47.21818181818182,41,22,2.6089971542913832,3.336137152155606,4.3913525498891275
usa_NC_0032_0168,16,46.7275,50.70434782608696,40,23,2.705507174359887,3.354906019199768,3.97684782608696
usa_NC_0032_0169,16,44.057500000000005,48.15,40,24,2.670743408222531,3.132878474539331,4.092499999999994
usa_NC_0032_0170,16,46.91388888888889,50.90454545454545,36,22,2.70104962777635,3.1368255196632635,3.9906565656565576
usa_NC_0032_0171,16,49.229729729729726,54.41818181818182,37,22,2.7945191554690147,3.029105824111121,5.188452088452095
usa_NC_0032_0172,16,51.38333333333333,56.46315789473684,36,19,2.818092059735249,3.602916383088461,5.079824561403505
usa_NC_0032_0173,16,48.9361111111111,54.70588235294117,36,17,3.008628208151576,3.7571840067928073,5.769771241830064
usa_NC_0032_0174,16,50.388571428571424,56.95000000000001,35,18,3.028949318425357,3.837876676708219,6.561428571428586
usa_NC_0032_0175,16,52.76571428571429,62.04705882352941,35,17,3.1311526131242258,4.323644956439249,9.281344537815123
usa_NC_0032_0176,17,55.64411764705882,61.91111111111112,34,18,2.9242827210677937,4.032902982136574,6.266993464052298
usa_NC_0032_0177,17,48.910810810810815,54.95,37,18,2.4916400275287645,3.867961666172558,6.039189189189187
usa_NC_0032_0178,17,60.22702702702704,67.62105263157896,37,19,2.619746705796624,4.145783307975492,7.394025604551921
usa_NC_0032_0179,17,44.2170731707317,54.49473684210527,41,19,2.8019307420781723,4.224694000367063,10.277663671373567
usa_NC_0032_0180,17,41.6102564102564,52.67,39,20,2.7303655464357197,4.26356719932475,11.059743589743604
usa_NC_0032_0181,17,45.85121951219512,56.62857142857143,41,21,2.625341143805189,4.256732162995811,10.777351916376311
usa_NC_0032_0182,17,45.7609756097561,57.426086956521736,41,23,2.6334616883504345,3.9179389666879545,11.665111346765634
usa_NC_0032_0183,17,49.5025,60.31304347826087,40,23,2.5815580852337794,3.6433127020032345,10.810543478260875
usa_NC_0032_0184,17,47.8547619047619,58.61739130434783,42,23,2.503735194289468,3.4660388034629954,10.762629399585926
usa_NC_0032_0185,17,45.92380952380952,55.07916666666667,42,24,2.5294796385533704,3.618776412467336,9.155357142857156
usa_NC_0032_0186,18,46.54883720930232,56.15,43,24,2.45818039487409,3.591636823575537,9.601162790697678
usa_NC_0032_0187,18,44.69500000000001,53.136363636363626,40,22,2.500715154121173,3.600905041686658,8.441363636363619
usa_NC_0032_0188,18,44.63250000000001,51.31739130434784,40,23,2.564287244150472,3.645754757784677,6.684891304347829
usa_NC_0032_0189,18,38.289473684210535,42.454545454545446,38,22,2.565782580141741,3.772288609557561,4.165071770334912
usa_NC_0032_0190,18,37.219444444444456,41.87142857142857,36,21,2.6438812842391224,3.814553227644178,4.651984126984111
usa_NC_0032_0191,18,36.88571428571429,41.30555555555556,35,18,2.690996950171876,4.314032978246706,4.419841269841264
usa_NC_0032_0192,18,30.41714285714286,34.252941176470586,35,17,2.696179948468909,3.812442069444724,3.8357983193277256
usa_NC_0032_0193,18,48.56857142857143,53.076470588235296,35,17,2.743743904274759,3.780673856561629,4.5078991596638645
usa_NC_0032_0194,18,53.45,58.79411764705883,36,17,2.9037427954662616,4.621771294232739,5.34411764705883
usa_NC_0032_0195,18,50.55555555555555,55.17777777777778,36,18,2.8352470972197064,4.233515169443189,4.622222222222227
usa_NC_0032_0196,19,45.38378378378378,48.7,37,18,2.7089843666957,4.043828510163091,3.316216216216226
usa_NC_0032_0197,19,55.56486486486485,57.96111111111111,37,18,2.6854999820138965,3.8304092759777,2.396246246246257
usa_NC_0032_0198,19,44.7825,46.32631578947368,40,19,2.653956619310023,3.813202995144519,1.5438157894736833
usa_NC_0032_0199,19,34.18205128205128,36.59473684210527,39,19,2.513064035681177,3.4837926641179457,2.412685560053987
usa_NC_0032_0200,19,22.5,24.919047619047618,41,21,2.377883358849353,2.93986247692302,2.4190476190476176
usa_NC_0032_0201,19,29.707317073170728,31.904166666666665,41,24,2.406030001647544,2.613457917902514,2.196849593495937
usa_NC_0032_0202,19,25.612820512820512,25.25,39,24,2.273455280725181,2.602110347558221,-0.3628205128205124
usa_NC_0032_0203,19,23.125581395348835,22.865384615384617,43,26,2.13133842138719,2.25834481463198,-0.2601967799642182
usa_NC_0032_0204,19,19.19761904761905,19.004,42,25,2.061680944525089,2.176177688823533,-0.19361904761904825
usa_NC_0032_0205,19,22.70487804878049,22.02083333333333,41,24,2.076080239589396,2.51148794720126,-0.6840447154471612
usa_NC_0032_0206,20,37.58,37.74090909090909,40,22,2.1624778048364464,2.738807677277276,0.16090909090909378
usa_NC_0032_0207,20,20.89512195121951,21.08333333333333,41,24,2.278408599566684,2.800107830911928,0.18821138211381694
usa_NC_0032_0208,20,20.905128205128204,21.6,39,23,2.3531440154243093,2.948544224439963,0.6948717948717977
usa_NC_0032_0209,20,24.73513513513513,27.6,37,22,2.346200737606309,2.963325615132212,2.8648648648648702
usa_NC_0032_0210,20,34.76153846153846,37.580000000000005,39,20,2.4259912213361794,3.5843857287730034,2.8184615384615483
usa_NC_0032_0211,20,17.44411764705882,19.670588235294115,34,17,2.411245161638921,3.772498827679644,2.226470588235294
usa_NC_0032_0212,20,33.18888888888889,37.05555555555555,36,18,2.4568943416428133,3.6412777171230895,3.86666666666666
usa_NC_0032_0213,20,31.90555555555555,38.42941176470588,36,17,2.613867002253055,3.81493547769316,6.523856209150331
usa_NC_0032_0214,20,59.57222222222222,66.98333333333333,36,18,2.6781912017021448,3.769106012135896,7.411111111111111
usa_NC_0033_0001,20,33.975675675675674,37.6,37,17,2.0973435414857757,3.074312453024827,3.624324324324327
usa_NC_0033_0002,21,31.827027027027032,36.358823529411765,37,17,2.318775851862554,3.190197057618226,4.531796502384733
usa_NC_0033_0003,21,22.888888888888893,29.766666666666666,36,18,2.3057615130804017,3.4295715161392577,6.877777777777773
usa_NC_0033_0004,21,19.373684210526317,27.73333333333333,38,18,2.307883342415318,3.773557812210051,8.359649122807014
usa_NC_0033_0005,21,25.7475,37.24285714285715,40,21,2.40448029327945,3.33078405919381,11.495357142857149
usa_NC_0033_0006,21,24.370731707317077,37.525,41,24,2.5903296802663496,3.071439555327271,13.154268292682922
usa_NC_0033_0007,21,25.12820512820513,38.35,39,24,2.7180308341935406,3.066290540891293,13.22179487179487
usa_NC_0033_0008,21,27.92619047619048,41.628,42,25,2.6315451216610537,2.8669642481203,13.70180952380952
usa_NC_0033_0009,21,32.61666666666667,45.80833333333334,42,24,2.6234954576994944,2.933760982495926,13.19166666666667
usa_NC_0033_0010,21,36.02439024390244,48.85416666666666,41,24,2.852495228802159,3.0327080449243367,12.829776422764219
usa_NC_0033_0011,21,33.220000000000006,46.72173913043479,40,23,2.895917108177631,3.2092070888615427,13.501739130434785
usa_NC_0033_0012,21,36.43333333333334,48.66666666666666,39,24,3.0100289706178267,2.972803455742312,12.23333333333332
usa_NC_0033_0013,22,37.22307692307692,48.276,39,25,3.18150326790716,3.2998246418054804,11.052923076923086
usa_NC_0033_0014,22,40.513888888888886,52.32173913043478,36,23,3.289915212825974,3.6004334199004338,11.807850241545893
usa_NC_0033_0015,22,42.54722222222223,54.647619047619045,36,21,3.1866648887002182,3.493556102363724,12.100396825396814
usa_NC_0033_0016,22,38.72727272727273,51.95,33,18,3.165367375176965,4.010266644762104,13.222727272727276
usa_NC_0033_0017,22,40.35588235294118,51.57058823529412,34,17,3.078214495011506,4.060487191012146,11.214705882352938
usa_NC_0033_0018,22,40.62857142857142,49.45000000000001,35,18,2.648714834803936,3.603187133128096,8.82142857142859
usa_NC_0033_0019,22,39.88529411764706,45.647058823529406,34,17,2.5749102483465225,4.039466309091305,5.761764705882349
usa_NC_0033_0020,22,42.3,45.35,36,18,2.4173512987539274,3.72437870416344,3.0500000000000043
usa_NC_0033_0021,22,45.737142857142864,47.92352941176471,35,17,1.9490747027445487,2.9411073521290247,2.1863865546218477
usa_NC_0033_0022,22,47.46410256410257,46.49411764705883,39,17,2.174612712132061,3.2784329850357232,-0.9699849170437389
usa_NC_0033_0023,23,55.41219512195122,55.11578947368421,41,19,2.2600512489385443,3.831046328895787,-0.29640564826701166
usa_NC_0033_0024,23,61.46904761904763,60.78636363636363,42,22,2.2815054225173457,3.520609054540903,-0.6826839826839972
usa_NC_0033_0025,23,66.55555555555554,63.032,45,25,2.2568091257025027,2.856248822027474,-3.5235555555555464
usa_NC_0033_0026,23,64.74444444444445,61.99642857142857,45,28,2.2762221837628456,2.522132098292951,-2.7480158730158877
usa_NC_0033_0027,23,62.82826086956521,61.18571428571428,46,28,2.3968914309624134,2.9406101762417918,-1.6425465838509297
usa_NC_0033_0028,23,64.01875,62.220000000000006,48,30,2.218514246789779,2.731886637051609,-1.7987499999999912
usa_NC_0033_0029,23,86.12127659574469,85.02666666666667,47,30,2.251252988909948,2.861648641987966,-1.0946099290780182
usa_NC_0033_0030,23,80.62083333333332,80.08620689655173,48,29,2.446891497269338,3.392496516466119,-0.5346264367815934
usa_NC_0033_0031,23,77.41875,78.36428571428571,48,28,2.262447162993399,3.145439355275716,0.945535714285711
usa_NC_0033_0032,23,76.13958333333333,78.63214285714285,48,28,2.162492035781123,3.0214972880474344,2.4925595238095184
usa_NC_0033_0033,24,71.17500000000001,75.64137931034483,48,29,2.393929786500648,3.6622105536069656,4.46637931034482
usa_NC_0033_0034,24,59.00232558139535,65.16,43,25,2.067342140458448,3.925727108872105,6.15767441860465
usa_NC_0033_0035,24,57.55,65.14583333333333,44,24,1.846187718220737,3.452026180725671,7.595833333333331
usa_NC_0033_0036,24,56.69069767441862,65.04090909090911,43,22,1.9333776695764655,3.399590369332772,8.350211416490488
usa_NC_0033_0037,24,56.33414634146342,64.23809523809524,41,21,2.204180091343346,3.7296078958369527,7.903948896631817
usa_NC_0033_0038,24,57.269047619047626,65.585,42,20,2.465787946793269,4.007612985569498,8.315952380952368
usa_NC_0033_0039,24,46.02857142857143,52.47619047619048,42,21,2.49093894697648,3.656799959123152,6.44761904761905
usa_NC_0033_0040,24,51.29523809523808,54.38095238095238,42,21,2.37483406689967,3.396297837685555,3.085714285714296
usa_NC_0033_0041,24,45.8,49.96818181818182,45,22,2.39801475130466,3.763175333035973,4.1681818181818215
usa_NC_0033_0042,24,59.10888888888889,62.85,45,22,2.3153829498087077,3.78291185172508,3.7411111111111097
usa_NC_0033_0043,25,52.11162790697673,53.59047619047618,43,21,2.483141852270529,4.17521544788783,1.4788482834994525
usa_NC_0033_0044,25,59.79574468085107,66.48846153846154,47,26,2.2780027554031843,3.7033968894394858,6.692716857610463
usa_NC_0033_0045,25,51.875,59.07857142857143,48,28,2.341781501941819,3.537999902580212,7.203571428571429
usa_NC_0033_0046,25,54.40425531914894,61.46551724137932,47,29,2.3793708647059133,3.657640211637136,7.061261922230379
usa_NC_0033_0047,25,54.302083333333336,63.15172413793103,48,29,2.245313262162391,3.5509092039394714,8.849640804597698
usa_NC_0033_0048,25,53.52244897959184,63.76428571428571,49,28,2.2041941030135126,3.4400235875195464,10.24183673469387
usa_NC_0033_0049,25,52.65,65.48148148148148,48,27,2.4360781905256266,3.230883013015208,12.831481481481482
usa_NC_0033_0050,25,57.9,73.1896551724138,51,29,2.6123372451413966,3.573545881637334,15.289655172413795
usa_NC_0033_0051,25,51.69375,67.40714285714284,48,28,2.642600411496302,3.934960413304128,15.713392857142843
usa_NC_0033_0052,25,53.00222222222222,65.57037037037037,45,27,2.4988552710279825,4.365145604509684,12.568148148148147
usa_NC_0033_0053,26,47.720454545454544,60.45925925925926,44,27,2.3564485307492595,4.271879358695602,12.738804713804718
usa_NC_0033_0054,26,46.34888888888889,55.72083333333334,45,24,2.2487900724886387,4.240124840786995,9.371944444444452
usa_NC_0033_0055,26,37.92790697674418,45.127272727272725,43,22,2.261601872499733,4.141387463399098,7.199365750528543
usa_NC_0033_0056,26,37.095238095238095,42.64090909090909,42,22,2.241986510212293,3.8957222576432935,5.545670995670996
usa_NC_0033_0057,26,39.91162790697674,40.390476190476186,43,21,2.178306436007315,3.9861779328664766,0.4788482834994454
usa_NC_0033_0058,26,45.75609756097561,43.72380952380953,41,21,2.141776811891745,3.469629490044426,-2.032288037166083
usa_NC_0033_0059,26,32.551219512195125,26.504761904761907,41,21,2.4161350964470434,3.5248537706277108,-6.046457607433219
usa_NC_0033_0060,26,54.82619047619048,45.30952380952382,42,21,2.429644299695073,3.018284791715359,-9.516666666666666
usa_NC_0033_0061,26,53.35217391304349,42.73478260869565,46,23,2.207185759537617,2.86477591709441,-10.617391304347834
usa_NC_0033_0062,26,53.86590909090911,46.2304347826087,44,23,2.221164635517635,3.2142803568997107,-7.635474308300417
usa_NC_0033_0064,27,57.61224489795919,52.93793103448275,49,29,1.848053840868961,2.869735118451952,-4.674313863476435
usa_NC_0033_0065,27,63.51702127659574,60.120000000000005,47,30,1.990514786006665,2.576732315411781,-3.397021276595737
usa_NC_0033_0066,27,64.87291666666667,62.786206896551725,48,29,2.0500837631722417,2.915310037411931,-2.0867097701149433
usa_NC_0033_0067,27,68.18571428571428,66.37333333333333,49,30,2.0863970669765703,3.2710008779110744,-1.8123809523809484
usa_NC_0033_0068,27,65.488,64.28333333333335,50,30,2.457826549400664,3.377869434378542,-1.204666666666654
usa_NC_0033_0069,27,64.42448979591836,65.54642857142856,49,28,2.518811083410911,3.557102151761318,1.121938775510202
usa_NC_0033_0070,27,60.62978723404256,57.88275862068965,47,29,2.521614086867019,3.39249776824172,-2.74702861335291
usa_NC_0033_0071,27,61.73863636363635,56.771428571428565,44,28,2.529055711078088,3.629559191474112,-4.9672077922077875
usa_NC_0033_0072,27,56.5357142857143,52.37777777777778,42,27,2.8491207793279445,3.6837455132850416,-4.157936507936519
usa_NC_0033_0073,27,54.60666666666666,50.548,45,25,2.744576654076364,3.8218761535839088,-4.05866666666666
usa_NC_0033_0074,28,53.13255813953489,47.15652173913043,43,23,2.5470798882534944,3.822038371823337,-5.97603640040446
usa_NC_0033_0075,28,53.83953488372093,47.22272727272727,43,22,2.40255756015203,3.9273870884824222,-6.616807610993661
usa_NC_0033_0076,28,54.9219512195122,47.12380952380953,41,21,2.543340208665306,3.7791842453220914,-7.798141695702675
usa_NC_0033_0077,28,60.90238095238095,54.040909090909096,42,22,2.452670421444366,4.05835496011505,-6.8614718614718555
usa_NC_0033_0078,28,65.75238095238095,59.47619047619048,42,21,2.554632416594767,3.9417418482424673,-6.2761904761904646
usa_NC_0033_0079,28,66.7953488372093,59.36666666666667,43,21,2.546112824448555,4.067386743430592,-7.428682170542636
usa_NC_0033_0080,28,60.23720930232557,54.15238095238095,43,21,2.602479912926341,4.271509262921006,-6.084828349944615
usa_NC_0033_0081,28,60.52444444444446,56.92727272727272,45,22,2.504295613693237,4.073279956315142,-3.59717171717174
usa_NC_0033_0082,28,62.40444444444443,60.20434782608696,45,23,2.389446399591496,3.7377598830204937,-2.2000966183574704
usa_NC_0033_0083,28,65.052,62.45,50,28,2.0895761507530466,2.831336831598857,-2.602000000000004
usa_NC_0033_0084,29,59.725,57.86551724137932,48,29,2.080808754047806,2.4046766620108064,-1.859482758620679
usa_NC_0033_0085,29,65.08775510204082,61.66333333333333,49,30,1.931744815643134,2.4008115645719417,-3.4244217687074894
usa_NC_0033_0086,29,56.26274509803922,51.21333333333334,51,30,1.9265614207993125,2.622698151497753,-5.04941176470588
usa_NC_0033_0087,29,44.71428571428572,40.14482758620689,49,29,2.042222262318057,2.400849532561834,-4.569458128078836
usa_NC_0033_0088,29,53.58199999999999,49.33928571428572,50,28,2.1079261304487336,2.6849932718709817,-4.242714285714264
usa_NC_0033_0089,29,56.54130434782609,49.63214285714287,46,28,2.1929984680873345,2.625249061358708,-6.909161490683225
usa_NC_0033_0090,29,53.81956521739131,46.92758620689656,46,29,2.1213217545052814,2.494836522634902,-6.891979010494751
usa_NC_0033_0091,29,47.73720930232557,39.45925925925926,43,27,2.313071391215958,2.621205760144734,-8.277950043066305
usa_NC_0033_0092,29,43.59069767441861,37.86923076923077,43,26,2.4419887642295466,2.7669854144942057,-5.721466905187839
usa_NC_0033_0093,29,50.74090909090909,45.18333333333334,44,24,2.3954222510670578,2.7380945629668805,-5.557575757575755
usa_NC_0033_0094,30,50.36046511627907,44.43181818181818,43,22,2.4701207585557645,2.4683045898367904,-5.928646934460893
usa_NC_0033_0095,30,59.98095238095239,56.86190476190477,42,21,2.5062946031094104,2.8280943962025384,-3.1190476190476204
usa_NC_0033_0096,30,50.76904761904761,49.27,42,20,2.7732094977920223,3.6932947778087617,-1.4990476190476087
usa_NC_0033_0097,30,56.42444444444445,54.463636363636354,45,22,2.5187221298165934,3.3731274776853977,-1.9608080808080928
usa_NC_0033_0098,30,49.30232558139535,48.02380952380952,43,21,2.594773877814568,3.5226539289217507,-1.2785160575858328
usa_NC_0033_0099,30,54.95,56.07619047619047,44,21,2.5179870899591297,3.470144121900036,1.126190476190466
usa_NC_0033_0100,30,57.59333333333333,59.29047619047618,45,21,2.351329733395875,3.441849618764008,1.6971428571428504
usa_NC_0033_0101,30,55.11363636363635,58.17142857142858,44,21,2.3848792322730703,3.4131897025477844,3.0577922077922253
usa_NC_0033_0102,30,52.55882352941176,57.01538461538462,51,26,2.512274458077878,3.3554946548457245,4.456561085972858
usa_NC_0033_0103,30,51.37058823529412,54.09655172413794,51,29,2.449997669654989,3.012610943764261,2.725963488843817
usa_NC_0033_0104,31,64.006,66.57333333333334,50,30,2.5447623841602054,3.063507618270773,2.5673333333333375
usa_NC_0033_0105,31,61.28333333333334,60.12758620689655,48,29,2.3532313933278504,3.4780943502377517,-1.1557471264367862
usa_NC_0033_0106,31,55.974,57.20344827586207,50,29,2.4485444405913936,3.3631496305404625,1.229448275862076
usa_NC_0033_0107,31,63.52941176470588,66.86551724137931,51,29,2.6150099075546533,3.6018853706362823,3.3361054766734313
usa_NC_0033_0108,31,69.64285714285714,73.07407407407408,49,27,2.626011305030818,3.8889997270868815,3.4312169312169374
usa_NC_0033_0109,31,72.84418604651164,74.54999999999998,43,28,2.73692057703965,3.5518476449760183,1.7058139534883452
usa_NC_0033_0110,31,60.36086956521737,61.58148148148149,46,27,2.760416334664887,3.603468719188776,1.2206119162641187
usa_NC_0033_0111,31,54.84883720930232,58.61538461538461,43,26,2.800613704483163,3.63150611818162,3.766547406082296
usa_NC_0033_0112,31,60.55476190476191,62.317391304347815,42,23,2.5594742182484778,3.767552608139053,1.7626293995859044
usa_NC_0033_0113,31,57.98,59.97142857142857,40,21,2.691442278493361,4.165545427369985,1.991428571428571
usa_NC_0033_0114,31,58.96410256410258,62.023809523809526,39,21,2.576485819718469,4.014556280776155,3.0597069597069435
usa_NC_0033_0115,32,56.8,60.67619047619047,40,21,2.677642476278196,4.241764596653619,3.876190476190473
usa_NC_0033_0116,32,54.92820512820512,57.142105263157895,39,19,2.717395227934948,4.4485710682298905,2.213900134952773
usa_NC_0033_0117,32,58.57560975609757,60.17499999999999,41,20,2.4920796009871267,4.0852679806451135,1.5993902439024197
usa_NC_0033_0118,32,64.93571428571428,64.855,42,20,2.381812185056724,3.984248426782119,-0.0807142857142793
usa_NC_0033_0119,32,67.52888888888889,69.33809523809525,45,21,2.444283419857056,4.135050389457909,1.809206349206363
usa_NC_0033_0120,32,66.83555555555556,68.06521739130434,45,23,2.386155683312724,3.603553410405669,1.2296618357487858
usa_NC_0033_0121,32,64.49555555555555,67.73333333333333,45,24,2.2980469431859785,3.309892214775272,3.2377777777777794
usa_NC_0033_0122,32,63.23265306122448,66.36666666666666,49,27,2.294563205501209,3.049762963093055,3.1340136054421777
usa_NC_0033_0123,32,71.17916666666667,74.46071428571427,48,28,2.3848776644906318,3.16281862809508,3.2815476190476005
usa_NC_0033_0124,32,74.55714285714286,78.19310344827586,49,29,2.2867092328598004,2.930613560039561,3.6359605911329993
usa_NC_0033_0125,33,100.848,103.4793103448276,50,29,2.03442262781641,2.5774714540250323,2.6313103448275967
usa_NC_0033_0126,33,120.16346153846152,123.48620689655172,52,29,2.051218283558231,2.326442156350678,3.322745358090202
usa_NC_0033_0127,33,72.85625,77.59642857142858,48,28,2.2194476228204314,2.463557038958621,4.740178571428572
usa_NC_0033_0128,33,63.857446808510645,66.69310344827586,47,29,2.2064088484001205,2.381584370571369,2.8356566397652188
usa_NC_0033_0129,33,55.10833333333333,58.95862068965517,48,29,2.1934679651063957,2.34399199107445,3.850287356321843
usa_NC_0033_0130,33,52.87111111111112,57.411111111111104,45,27,2.3836959296590137,2.8294308636801286,4.539999999999985
usa_NC_0033_0131,33,54.36666666666667,60.20769230769231,42,26,2.4741207959065226,3.378501821253471,5.841025641025645
usa_NC_0033_0132,33,52.2340909090909,57.85416666666666,44,24,2.4172541845283133,3.949692609423828,5.620075757575755
usa_NC_0033_0133,33,49.035714285714285,51.81428571428571,42,21,2.5429180687999304,4.091031338790499,2.778571428571425
usa_NC_0033_0134,33,48.685,49.96500000000001,40,20,2.5019391197577847,4.232010067394253,1.2800000000000082
usa_NC_0033_0135,33,40.45365853658537,41.095,41,20,2.4256985354511693,3.958996915753707,0.6413414634146264
usa_NC_0033_0136,34,40.35121951219512,41.55238095238095,41,21,2.2915436323398497,3.6959477104604783,1.2011614401858282
usa_NC_0033_0137,34,44.75365853658536,45.175,41,20,2.289621593937857,3.7160524824915457,0.42134146341463463
usa_NC_0033_0138,34,42.969047619047615,44.67,42,20,2.335405139840212,3.588828426336958,1.700952380952387
usa_NC_0033_0139,34,45.39555555555555,47.11363636363637,45,22,2.0944538488120457,3.1997787765424484,1.7180808080808134
usa_NC_0033_0140,34,49.14999999999999,50.6695652173913,46,23,1.999264961547976,3.103844580061672,1.5195652173913103
usa_NC_0033_0141,34,52.5,54.184,48,25,2.0290400553215533,2.9709352062944765,1.6839999999999975
usa_NC_0033_0142,34,50.642307692307696,50.77931034482758,52,29,2.018030239968095,2.641355354944169,0.13700265251988242
usa_NC_0033_0143,34,45.38775510204081,46.24137931034483,49,29,2.182032053638136,2.492814882904076,0.8536242083040193
usa_NC_0033_0144,34,40.248000000000005,42.09677419354839,50,31,2.1320532213749988,2.406552363194079,1.8487741935483868
usa_NC_0033_0145,34,36.45849056603773,40.25806451612903,53,31,2.1782461786539407,2.3090787354078834,3.7995739500913004
usa_NC_0033_0146,35,31.68653846153847,36.126666666666665,52,30,2.2042962110773794,2.471617895055198,4.440128205128197
usa_NC_0033_0147,35,32.05384615384616,38.09655172413793,52,29,2.2329266106177084,2.4606533372808626,6.042705570291773
usa_NC_0033_0148,35,36.65102040816327,42.28999999999999,49,30,2.216458462516893,2.417438323096788,5.638979591836723
usa_NC_0033_0149,35,37.16956521739131,42.37499999999999,46,28,2.187829466292329,2.544111496550084,5.205434782608684
usa_NC_0033_0150,35,33.693023255813955,39.459259259259255,43,27,2.523336036815877,2.780529880731857,5.7662360034453
usa_NC_0033_0151,35,31.076744186046515,36.236,43,25,2.3693825849765293,2.7906622869849373,5.159255813953482
usa_NC_0033_0152,35,26.96818181818181,30.804166666666664,44,24,2.2813560299487303,3.053036497303093,3.835984848484852
usa_NC_0033_0153,35,22.91904761904762,23.31904761904762,42,21,2.178869162140918,2.8279608929034685,0.3999999999999986
usa_NC_0033_0154,35,19.93414634146341,18.73809523809524,41,21,2.2584195038925268,3.2980909065879183,-1.1960511033681698
usa_NC_0033_0155,35,22.2775,19.47368421052631,40,19,2.206146679864447,3.551853499373185,-2.8038157894736884
usa_NC_0033_0156,35,24.69761904761905,21.455,42,20,2.101991445813284,3.391983389668864,-3.2426190476190513
usa_NC_0033_0157,36,23.47619047619048,18.31,42,20,2.377114095503361,3.609956261580785,-5.166190476190483
usa_NC_0033_0158,36,22.890697674418604,19.235,43,20,2.3935609773533746,3.9665593933600234,-3.6556976744186045
usa_NC_0033_0159,36,22.842553191489365,20.791304347826088,47,23,2.2289030348925665,3.694772041209189,-2.051248843663277
usa_NC_0033_0160,36,25.274468085106385,23.357142857142858,47,21,2.2279580594281447,3.8693703894670457,-1.9173252279635271
usa_NC_0033_0161,36,31.203921568627447,28.4,51,27,2.0962280986203763,3.017725412735006,-2.803921568627448
usa_NC_0033_0162,36,27.32549019607843,23.05862068965517,51,29,2.1239213514061346,2.7904283851136134,-4.266869506423259
usa_NC_0033_0163,36,33.938,27.84,50,30,2.223934535081132,2.664912929072961,-6.0980000000000025
usa_NC_0033_0164,36,36.400000000000006,28.063333333333336,49,30,2.2694885395816646,2.755372946921769,-8.33666666666667
usa_NC_0033_0165,36,39.30816326530613,29.93448275862069,49,29,2.273929509551838,2.6649442727566086,-9.373680506685439
usa_NC_0033_0166,36,39.574,30.71,50,30,2.249919381775666,2.6843965909439063,-8.863999999999997
usa_NC_0033_0167,37,39.125531914893614,29.95357142857143,47,28,2.246603908563185,2.528485765894195,-9.171960486322185
usa_NC_0033_0168,37,38.63260869565217,27.620689655172413,46,29,2.3465033176592267,2.3726706456787543,-11.01191904047976
usa_NC_0033_0169,37,39.845454545454544,26.64642857142857,44,28,2.512491949952824,2.4478393568628647,-13.199025974025975
usa_NC_0033_0170,37,38.00232558139535,26.51111111111111,43,27,2.3971917133247653,2.565586038100922,-11.491214470284238
usa_NC_0033_0171,37,35.215909090909086,23.84166666666667,44,24,2.248050466613696,2.921496518603533,-11.374242424242418
usa_NC_0033_0172,37,37.75,26.69047619047619,42,21,2.2419458374838994,3.0976481459780385,-11.05952380952381
usa_NC_0033_0173,37,39.18095238095238,28.566666666666663,42,21,2.148232772051944,2.715855853294319,-10.614285714285714
usa_NC_0033_0174,37,42.9775,34.485,40,20,2.1604886896730395,2.919672611423195,-8.4925
usa_NC_0033_0175,37,39.04390243902439,33.865,41,20,2.485256645677464,3.794700425038777,-5.178902439024391
usa_NC_0033_0176,37,54.44285714285715,50.765,42,20,2.5201951855007985,3.960623787924533,-3.6778571428571496
usa_NC_0033_0177,37,42.52325581395348,40.7,43,20,2.5723739681032423,3.974126848821804,-1.8232558139534802
usa_NC_0033_0178,38,40.8046511627907,42.775,43,20,2.601166689188376,4.03694696391638,1.9703488372093005
usa_NC_0033_0179,38,41.79565217391304,47.50909090909091,46,22,2.6712098193067435,3.807260716024004,5.713438735177867
usa_NC_0033_0180,38,44.75869565217391,53.51304347826088,46,23,2.923037887813599,3.721204617891157,8.75434782608697
usa_NC_0033_0181,38,47.4156862745098,55.73214285714285,51,28,2.5478578046157385,2.828637815879586,8.316456582633045
usa_NC_0033_0182,38,50.552083333333336,57.90344827586207,48,29,2.5473024766708927,2.649707125551342,7.351364942528733
usa_NC_0033_0183,38,44.894000000000005,54.46,50,30,2.7036549864422947,2.8046168832959992,9.565999999999995
usa_NC_0033_0184,38,49.02857142857143,59.220000000000006,49,30,2.645804341262766,2.864195941412633,10.191428571428574
usa_NC_0033_0185,38,48.53725490196078,60.75862068965517,51,29,2.699375324664279,2.750949308791669,12.221365787694388
usa_NC_0033_0186,38,48.077551020408166,60.34137931034485,49,29,2.7024070671689557,2.731523317946815,12.263828289936683
usa_NC_0033_0187,38,44.65833333333333,57.885714285714286,48,28,2.7067534944847567,2.6349890027466176,13.227380952380955
usa_NC_0033_0188,39,45.72391304347826,58.64137931034484,46,29,2.814852232300488,2.482760844279245,12.917466266866576
usa_NC_0033_0189,39,45.32222222222222,57.675,45,28,2.74906207860226,2.512980191812988,12.352777777777774
usa_NC_0033_0190,39,43.29772727272728,56.12857142857144,44,28,2.8330007261822754,2.4493161616794072,12.830844155844161
usa_NC_0033_0191,39,42.12173913043478,55.508,46,25,2.86044980254572,2.5841498924533512,13.38626086956522
usa_NC_0033_0192,39,42.27209302325581,52.75909090909091,43,22,2.7170421624904493,3.016130222501504,10.486997885835095
usa_NC_0033_0193,39,41.38292682926829,52.77727272727273,41,22,3.0779009763129324,2.681223244596984,11.394345898004438
usa_NC_0033_0194,39,38.92790697674419,48.65714285714286,43,21,2.790141094368309,3.063802270666548,9.729235880398669
usa_NC_0033_0195,39,40.23571428571429,47.605,42,20,2.8479138837574003,3.471367658582512,7.369285714285709
usa_NC_0033_0196,39,40.059090909090905,46.11428571428572,44,21,2.834617472881797,3.6216497537414503,6.055194805194816
usa_NC_0033_0197,39,42.94772727272727,48.70952380952381,44,21,2.7990002908701834,3.400027344161085,5.761796536796538
usa_NC_0033_0198,40,41.31555555555556,46.13809523809524,45,21,2.634405143510984,3.221338646546954,4.822539682539677
usa_NC_0033_0199,40,41.07021276595744,46.81739130434782,47,23,2.5346313912456124,3.079054909758645,5.747178538390379
usa_NC_0033_0200,40,44.19111111111111,50.52916666666666,45,24,2.438348551542688,2.83994845308565,6.338055555555549
usa_NC_0033_0201,40,49.14999999999999,54.99285714285715,50,28,2.142398522350925,2.429715339062124,5.842857142857156
usa_NC_0033_0202,40,47.36538461538461,54.52413793103448,52,29,2.309993510753627,2.376634284337417,7.158753315649868
usa_NC_0033_0203,40,55.23921568627451,62.32000000000001,51,30,2.3199815388571983,2.1852820118383733,7.080784313725495
usa_NC_0033_0204,40,52.766037735849046,61.86451612903225,53,31,2.2213470582595187,2.8370837230042074,9.098478393183207
usa_NC_0033_0205,40,55.869230769230775,61.72413793103448,52,29,2.0854819179332837,2.0528644841911854,5.854907161803702
usa_NC_0033_0206,40,54.953061224489794,59.971428571428575,49,28,2.202009174619621,2.252616686210999,5.018367346938781
usa_NC_0033_0207,40,50.62,56.46666666666666,50,27,2.1828347044471266,2.135842541439645,5.846666666666664
usa_NC_0033_0209,41,54.8375,58.66785714285714,48,28,2.1449628131644047,1.953060639529148,3.830357142857139
usa_NC_0033_0210,41,52.06744186046512,56.146428571428565,43,28,2.152187897379843,1.9769938843087256,4.078986710963449
usa_NC_0033_0211,41,45.60217391304347,47.816,46,25,1.944956289340152,2.038959538588248,2.21382608695653
usa_NC_0033_0212,41,46.99767441860465,49.266666666666666,43,21,2.0443571917566628,2.151083152776464,2.2689922480620126
usa_NC_0033_0213,41,32.43809523809524,35.833333333333336,42,21,2.097786434660736,2.3881885278269896,3.395238095238099
usa_NC_0033_0214,41,35.74883720930232,37.97727272727273,43,22,2.1683681165704507,2.2909187538448035,2.2284355179704036
usa_NC_0033_0215,41,38.29545454545455,39.37272727272728,44,22,2.0828707283175745,2.5800112572171416,1.0772727272727352
usa_NC_0033_0216,41,44.84772727272728,43.76190476190476,44,21,2.2778659401727737,2.8426134537016345,-1.0858225108225241
usa_NC_0033_0217,41,39.6695652173913,38.32857142857144,46,21,2.164125309053781,2.936674040776182,-1.3409937888198584
usa_NC_0033_0218,41,41.117777777777775,40.18095238095238,45,21,2.318936731464279,3.391422085817738,-0.9368253968253981
usa_NC_0033_0219,42,38.61521739130434,39.37826086956522,46,23,2.449189883595456,3.4820996603109338,0.7630434782608759
usa_NC_0033_0220,42,45.2530612244898,47.24166666666667,49,24,2.368929948096088,3.31917964298642,1.988605442176869
usa_NC_0033_0221,42,41.1313725490196,45.017857142857146,51,28,2.2478128632527525,2.9928488559191253,3.886484593837544
usa_NC_0033_0222,42,51.532,56.20344827586207,50,29,2.3327332483940943,3.155691093063907,4.671448275862076
usa_NC_0033_0223,42,43.64901960784314,48.73333333333334,51,30,2.3431106734073506,3.2281852605803705,5.084313725490205
usa_NC_0033_0224,42,44.13921568627452,49.39333333333334,51,30,2.138251215878725,3.132341246707285,5.25411764705882
usa_NC_0033_0225,42,47.49799999999999,52.45862068965517,50,29,2.020732318255145,3.0947457348836878,4.96062068965518
usa_NC_0033_0226,42,41.71960784313726,47.04827586206897,51,29,2.0758707497031885,3.1191787976431207,5.328668018931708
usa_NC_0033_0227,42,40.7125,44.96071428571428,48,28,1.9090295541589928,2.661529472792421,4.248214285714283
usa_NC_0033_0228,42,42.421276595744686,45.6448275862069,47,29,1.904998382148176,2.525815413412651,3.223550990462215
usa_NC_0033_0229,43,48.69130434782608,50.74285714285715,46,28,1.9929921332891,2.6346010037536214,2.051552795031064
usa_NC_0033_0230,43,35.77209302325581,38.508,43,25,2.111911389833712,2.6974612755947645,2.7359069767441895
usa_NC_0033_0231,43,33.040909090909096,36.25652173913044,44,23,1.9626246561770333,2.565411662771581,3.215612648221345
usa_NC_0033_0232,43,29.309302325581395,31.231818181818177,43,22,1.8416517634033327,2.350466347424244,1.9225158562367817
usa_NC_0033_0233,43,29.902439024390244,30.94285714285714,41,21,1.7497717196226472,2.396868705590011,1.0404181184668957
usa_NC_0033_0234,43,28.53846153846154,31.43500000000001,39,20,2.020914984261224,3.0952788752856297,2.8965384615384693
usa_NC_0033_0235,43,25.944186046511632,28.904545454545453,43,22,1.948947815984456,2.9246043671661077,2.9603594080338205
usa_NC_0033_0236,43,39.78571428571429,42.23333333333333,42,21,2.012341629028981,3.259581724067218,2.4476190476190354
usa_NC_0033_0237,43,35.75813953488371,38.00000000000001,43,22,2.0396382991998867,3.4650824718607405,2.2418604651162966
usa_NC_0033_0238,43,36.22173913043478,38.52916666666667,46,24,2.0318452931033084,3.4075761667386986,2.3074275362318915
usa_NC_0033_0239,44,42.85454545454546,45.426086956521736,44,23,1.9396455031964843,3.336249683735537,2.5715415019762773
usa_NC_0033_0240,44,27.84347826086957,30.952,46,25,1.8919832198240496,3.052109216044974,3.108521739130431
usa_NC_0033_0241,44,35.056000000000004,37.04827586206897,50,29,1.8407544149958,2.7865290868680974,1.992275862068965
usa_NC_0033_0242,44,50.92340425531915,52.6655172413793,47,29,1.9835475297167209,2.849925570984176,1.7421129860601496
usa_NC_0033_0243,44,41.61020408163265,44.293103448275865,49,29,1.8786127211149797,2.854643313817891,2.6828993666432126
usa_NC_0033_0244,44,41.37142857142857,43.93103448275861,49,29,1.797480284773566,2.6096878219976154,2.5596059113300456
usa_NC_0033_0245,44,40.33125,43.19310344827586,48,29,2.0166245150846565,2.962233260151677,2.861853448275866
usa_NC_0033_0246,44,37.07234042553191,40.60740740740741,47,27,2.3634037256610725,3.555854391525345,3.535066981875495
usa_NC_0033_0247,44,32.702127659574465,36.31724137931034,47,29,2.4308445964324097,3.357463815890313,3.6151137197358736
usa_NC_0033_0248,44,42.79347826086956,46.46551724137932,46,29,2.468546878732825,3.459488543386777,3.672038980509754
usa_NC_0033_0249,45,35.03023255813953,38.6925925925926,43,27,2.5099040472712373,3.554748543268122,3.662360034453066
usa_NC_0033_0250,45,33.45348837209303,36.88333333333333,43,24,2.3807258281563213,3.835128754081989,3.429844961240306
usa_NC_0033_0251,45,37.167441860465125,40.06363636363637,43,22,2.4456817118693586,4.058434354971962,2.8961945031712446
usa_NC_0033_0252,45,35.58780487804878,39.95,41,22,2.4188618446365284,4.09815051728675,4.362195121951224
usa_NC_0033_0253,45,39.6325,41.73333333333333,40,21,2.6196799263777755,4.365565110058345,2.100833333333327
usa_NC_0033_0254,45,41.131707317073165,42.509523809523806,41,21,2.6875717551949814,4.595716974800739,1.3778164924506413
usa_NC_0033_0255,45,44.05116279069768,43.71428571428572,43,21,2.556223534967175,4.589580776136343,-0.33687707641195885
usa_NC_0033_0256,45,41.204545454545446,39.99523809523809,44,21,2.4089551798694857,4.200631903657196,-1.2093073593073527
usa_NC_0033_0257,45,45.65454545454546,44.76818181818181,44,22,2.4721994524341677,4.018762200744335,-0.8863636363636545
usa_NC_0033_0258,45,50.230434782608704,50.369565217391305,46,23,2.4246297980588607,3.6932019312842153,0.1391304347826008
usa_NC_0033_0259,46,53.48260869565217,53.8875,46,24,2.422388138431929,3.257640475465533,0.40489130434783505
usa_NC_0033_0260,46,55.398,54.1076923076923,50,26,2.199052653173309,2.981594426719333,-1.2903076923077066
usa_NC_0034_0001,46,52.90983606557378,49.83428571428571,61,35,2.1262009848477152,2.6557467191459545,-3.075550351288065
usa_NC_0034_0002,46,50.638333333333335,48.44571428571428,60,35,2.076681255673288,2.681355930840055,-2.192619047619054
usa_NC_0034_0003,46,45.36610169491526,44.60303030303031,59,33,1.9409918866922384,2.5072715644476906,-0.7630713918849494
usa_NC_0034_0004,46,40.39649122807018,41.028125,57,32,1.7847392712571977,2.364941494770963,0.6316337719298204
usa_NC_0034_0005,46,47.48474576271186,50.87058823529412,59,34,1.8475152940881625,2.4338724138964087,3.3858424725822616
usa_NC_0034_0006,46,39.44905660377358,44.70625,53,32,2.043117624439884,2.641667276169327,5.25719339622642
usa_NC_0034_0007,46,45.33000000000001,50.20588235294117,50,34,2.182678096621072,2.5290044442589403,4.875882352941154
usa_NC_0034_0008,46,42.60612244897959,47.32424242424243,49,33,2.2218867391612065,2.5760332962945176,4.718119975262837
usa_NC_0034_0009,47,37.22888888888889,43.9225806451613,45,31,2.3048096882854265,2.480928154782362,6.693691756272408
usa_NC_0034_0010,47,38.38958333333333,46.03,48,30,2.3110842217440046,2.712826705787191,7.640416666666674
usa_NC_0034_0011,47,33.5936170212766,41.67407407407407,47,27,2.4500739180741067,3.017789575172014,8.08045705279747
usa_NC_0034_0012,47,29.120833333333337,37.48965517241378,48,29,2.489185756408195,2.7832466105720397,8.36882183908044
usa_NC_0034_0013,47,31.062745098039223,39.175,51,28,2.382093264311238,3.14568918517635,8.112254901960775
usa_NC_0034_0014,47,33.61538461538461,41.43703703703704,52,27,2.3571885249588056,3.24109188166848,7.8216524216524235
usa_NC_0034_0015,47,30.5625,39.18928571428573,56,28,2.2647690781341763,3.007672460873557,8.626785714285731
usa_NC_0034_0016,47,43.23571428571429,52.55,56,28,2.1821150656083037,2.7528028044927733,9.31428571428571
usa_NC_0034_0017,47,32.121428571428574,42.87499999999999,56,28,2.293806899624373,2.802576408201839,10.75357142857142
usa_NC_0034_0018,47,33.156896551724145,44.86551724137932,58,29,2.248099435344801,2.505438792587182,11.708620689655177
usa_NC_0034_0019,48,29.50169491525424,41.81,59,30,2.1740734828020805,2.413012377844794,12.308305084745761
usa_NC_0034_0020,48,30.82539682539683,43.10303030303031,63,33,2.0706628133782345,2.3365446712867004,12.27763347763348
usa_NC_0034_0021,48,32.16612903225807,44.50882352941176,62,34,2.147289245268812,2.1369817606620134,12.342694497153687
usa_NC_0034_0022,48,41.420967741935485,52.597142857142856,62,35,2.112916557294624,2.0539876596811504,11.176175115207371
usa_NC_0034_0023,48,30.656666666666663,41.82058823529411,60,34,2.103098825645895,2.0623817609353856,11.163921568627448
usa_NC_0034_0024,48,33.09655172413793,43.35454545454546,58,33,2.0916536317970547,2.490048720578373,10.257993730407527
usa_NC_0034_0025,48,32.53636363636363,41.684375,55,32,2.1897301828411524,2.6065678110358506,9.148011363636371
usa_NC_0034_0026,48,39.01851851851852,48.71470588235294,54,34,2.426559414996438,2.824350231626774,9.696187363834419
usa_NC_0034_0027,48,37.647058823529406,45.28,51,35,2.463449443427437,2.8837615491348982,7.632941176470595
usa_NC_0034_0028,48,37.5531914893617,46.19090909090909,47,33,2.5507936242371576,3.146274142213522,8.637717601547386
usa_NC_0034_0029,49,43.9468085106383,53.31212121212122,47,33,2.3148154354349586,2.895885134404,9.365312701482921
usa_NC_0034_0030,49,47.5529411764706,56.975,51,32,2.360769819511235,2.906437515629411,9.422058823529404
usa_NC_0034_0031,49,48.11489361702128,55.290000000000006,47,30,2.603845051816742,3.1616318716691265,7.175106382978726
usa_NC_0034_0032,49,46.31777777777777,52.92413793103447,45,29,2.6083225169470547,3.184343066912459,6.606360153256702
usa_NC_0034_0033,49,46.18723404255319,51.51428571428573,47,28,2.344327333745309,3.243592439305605,5.327051671732534
usa_NC_0034_0034,49,44.32115384615385,49.67500000000001,52,28,2.323255011877655,3.3565328585741314,5.353846153846163
usa_NC_0034_0035,49,44.47454545454544,47.73928571428571,55,28,2.11345890424794,3.307612429094974,3.2647402597402646
usa_NC_0034_0036,49,46.907272727272726,48.51724137931034,55,29,2.19292688282975,3.4958316803132425,1.6099686520376153
usa_NC_0034_0037,49,55.13703703703704,55.771428571428565,54,28,2.187971845960605,3.5113868329410494,0.6343915343915256
usa_NC_0034_0038,49,49.20943396226416,46.86538461538461,53,26,2.00240106987505,3.2549084463442046,-2.344049346879544
usa_NC_0034_0039,50,52.20877192982456,48.0896551724138,57,29,2.0891371998951933,2.943651199601596,-4.119116757410758
usa_NC_0034_0040,50,52.42372881355932,47.26857142857143,59,35,2.006873546542508,2.5396081595083797,-5.155157384987895
usa_NC_0034_0041,50,50.92000000000001,44.93823529411764,55,34,2.0472292189072223,2.4312288461644544,-5.9817647058823695
usa_NC_0034_0042,50,48.675438596491226,40.83939393939394,57,33,2.0986021136615265,2.387661383542686,-7.836044657097283
usa_NC_0034_0043,50,46.98727272727273,36.78787878787878,55,33,2.351214392929367,2.5532167677612545,-10.19939393939395
usa_NC_0034_0044,50,41.53035714285714,33.837142857142865,56,35,2.2863697188310086,2.570711197786513,-7.6932142857142765
usa_NC_0034_0045,50,38.69615384615385,31.730303030303027,52,33,2.403384933128859,2.839168962012945,-6.965850815850821
usa_NC_0034_0046,50,41.764,33.65588235294118,50,34,2.540401318127287,2.7401816013061486,-8.108117647058826
usa_NC_0034_0047,50,38.164,30.188235294117643,50,34,2.5703819457307846,2.63921058764767,-7.975764705882359
usa_NC_0034_0048,50,39.23478260869565,30.89696969696969,46,33,2.621251346616384,2.646468790959821,-8.337812911725962
usa_NC_0034_0049,51,44.4695652173913,33.66774193548387,46,31,2.577445594556876,2.6819002535185943,-10.801823281907431
usa_NC_0034_0050,51,49.30833333333334,38.95806451612904,48,31,2.556428472819654,2.593904244564317,-10.350268817204295
usa_NC_0034_0051,51,53.34,42.07586206896553,45,29,2.9164448400493543,2.716414504980294,-11.264137931034476
usa_NC_0034_0052,51,41.286,30.58333333333333,50,30,2.716774813589655,2.61263544810108,-10.702666666666673
usa_NC_0034_0053,51,38.67692307692308,28.12666666666667,52,30,2.561524420309466,2.716708341828285,-10.550256410256413
usa_NC_0034_0054,51,45.46851851851852,33.14642857142857,54,28,2.424816121284467,2.9564989042742864,-12.32208994708995
usa_NC_0034_0055,51,48.827272727272735,35.79642857142857,55,28,2.328211484697601,3.040983211507124,-13.030844155844164
usa_NC_0034_0056,51,50.08571428571429,37.38965517241379,56,29,2.123754682575773,2.5486321301179604,-12.6960591133005
usa_NC_0034_0057,51,45.17272727272727,35.47931034482759,55,29,2.095657614852658,3.0127862957404727,-9.693416927899683
usa_NC_0034_0058,51,52.84912280701754,43.37241379310345,57,29,2.0601194742451883,3.1638229686782515,-9.476709013914089
usa_NC_0034_0059,52,55.59508196721311,45.65714285714286,61,35,1.942988552440633,2.8171362946725007,-9.937939110070253
usa_NC_0034_0060,52,61.24827586206896,53.16571428571429,58,35,2.0886757751079386,2.8427851855257056,-8.08256157635467
usa_NC_0034_0061,52,58.84310344827586,50.49166666666665,58,36,1.8413745097376877,2.7182813635509797,-8.351436781609209
usa_NC_0034_0062,52,69.76666666666667,62.16857142857143,57,35,1.7572376885522645,2.289944300187056,-7.598095238095233
usa_NC_0034_0063,52,63.59818181818182,59.10882352941177,55,34,1.6691647761359176,2.2837032799973307,-4.489358288770049
usa_NC_0034_0064,52,70.28301886792453,68.11176470588236,53,34,1.672397651012946,2.441105812606276,-2.1712541620421604
usa_NC_0034_0065,52,58.7764705882353,57.12571428571428,51,35,1.697173170443398,2.235362632424408,-1.6507563025210175
usa_NC_0034_0066,52,67.96041666666667,65.78571428571429,48,35,1.8208620133012416,2.139261408933069,-2.1747023809523824
usa_NC_0034_0067,52,70.35681818181818,68.59393939393938,44,33,2.22926764329608,2.2905724911048826,-1.7628787878788046
usa_NC_0034_0068,52,65.76304347826088,63.35,46,32,2.1087816357787275,2.515404155303105,-2.4130434782608816
usa_NC_0034_0069,53,57.3811320754717,57.2,53,32,2.0734902469245533,2.640404111299583,-0.18113207547169452
usa_NC_0034_0070,53,67.52978723404254,67.87857142857142,47,28,2.2388399659411653,2.424262049626808,0.348784194528875
usa_NC_0034_0071,53,49.97234042553191,51.62857142857143,47,28,2.3236381370052506,2.5629991171825948,1.6562310030395224
usa_NC_0034_0072,53,54.67037037037038,58.4,54,29,2.2831173743373125,2.8995880461607686,3.7296296296296205
usa_NC_0034_0073,53,59.267272727272726,61.63214285714286,55,28,2.2460980825123573,2.988363913172394,2.364870129870134
usa_NC_0034_0074,53,59.366037735849055,59.582142857142856,53,28,2.060359050036414,2.858224249718346,0.21610512129380055
usa_NC_0034_0075,53,64.62777777777778,62.79285714285713,54,28,1.929741506727243,2.650810640569068,-1.8349206349206497
usa_NC_0034_0076,53,64.83392857142857,63.15172413793103,56,29,1.873194848425272,2.5194300155379348,-1.6822044334975388
usa_NC_0034_0077,53,60.66607142857144,60.114285714285714,56,28,1.808244604735926,2.471834538636144,-0.5517857142857281
usa_NC_0034_0078,53,57.158064516129045,56.688235294117646,62,34,1.602538883959217,1.8655559053836968,-0.46982922201139843
usa_NC_0034_0079,54,59.55555555555557,60.333333333333336,63,36,1.5505491450424582,1.8033786632802893,0.7777777777777644
usa_NC_0034_0080,54,58.36,59.838888888888896,60,36,1.5339642524138613,1.7279461970688574,1.4788888888888962
usa_NC_0034_0081,54,56.294915254237296,56.98285714285714,59,35,1.5995806429703263,1.745223906148732,0.6879418886198465
usa_NC_0034_0082,54,52.77586206896552,53.87352941176471,58,34,1.701862455005745,2.079491182895964,1.097667342799184
usa_NC_0034_0083,54,46.158181818181816,49.42727272727272,55,33,1.8746989718560287,2.379693419613094,3.269090909090906
usa_NC_0034_0084,54,44.80727272727273,50.13636363636364,55,33,1.884667632364173,2.436379183577712,5.329090909090908
usa_NC_0034_0085,54,46.81346153846154,49.567647058823525,52,34,1.8965337693292696,2.4278564615742337,2.754185520361986
usa_NC_0034_0086,54,48.916326530612245,47.603125000000006,49,32,2.095829895330166,2.428424935807324,-1.3132015306122398
usa_NC_0034_0087,54,49.60652173913043,47.828125,46,32,2.09247190383694,2.4619369930119017,-1.7783967391304287
usa_NC_0034_0088,54,50.14705882352942,46.725,51,32,2.0036855315499387,2.4716578933856286,-3.4220588235294187
usa_NC_0034_0089,55,46.69795918367348,43.4896551724138,49,29,2.0080820751935398,2.630656442958013,-3.208304011259685
usa_NC_0034_0090,55,43.11875,40.1448275862069,48,29,2.206585999970533,2.7335742594078103,-2.9739224137930975
usa_NC_0034_0091,55,43.7,40.88965517241379,51,29,2.2358855770645976,2.9831065601898863,-2.8103448275862135
usa_NC_0034_0092,55,44.78333333333334,42.75666666666667,54,30,2.140954922559852,2.729943300044149,-2.026666666666671
usa_NC_0034_0093,55,46.2,44.48571428571428,55,28,2.1641570547388094,2.9335439782128447,-1.7142857142857224
usa_NC_0034_0094,55,46.79090909090909,45.43928571428571,55,28,2.056755761093114,2.8653713356485686,-1.3516233766233796
usa_NC_0034_0095,55,46.46785714285714,46.165517241379305,56,29,1.904023605562188,2.6680294561471194,-0.3023399014778363
usa_NC_0034_0096,55,47.69464285714285,47.53214285714285,56,28,1.829247271993722,2.550505985547362,-0.16250000000000142
usa_NC_0034_0097,55,48.67241379310346,49.14000000000001,58,30,1.7159879365330544,2.439382812464482,0.4675862068965486
usa_NC_0034_0098,55,48.559677419354834,48.82,62,35,1.672287039744305,2.063503588274934,0.2603225806451661
usa_NC_0034_0099,56,48.65084745762712,49.86571428571428,59,35,1.7020656012094,1.9693489213619884,1.2148668280871604
usa_NC_0034_0100,56,47.29482758620689,47.64117647058824,58,34,1.6422311973618648,1.9449469135126825,0.34634888438134936
usa_NC_0034_0101,56,45.70350877192983,45.52058823529412,57,34,1.5979897398680516,1.9702094110028925,-0.18292053663571295
usa_NC_0034_0102,56,44.830357142857146,44.16764705882353,56,34,1.5834388838788795,1.978961180648574,-0.6627100840336126
usa_NC_0034_0103,56,44.963636363636354,45.1939393939394,55,33,1.6965093170599257,2.1921819566235423,0.23030303030304822
usa_NC_0034_0104,56,44.615384615384606,44.29705882352943,52,34,1.8579927714819613,2.179050657958328,-0.3183257918551732
usa_NC_0034_0105,56,44.6686274509804,42.940000000000005,51,35,1.949661589933843,2.164632443036318,-1.7286274509803974
usa_NC_0034_0106,56,42.0,40.485714285714295,46,35,2.0143686751486904,2.214919399702588,-1.5142857142857054
usa_NC_0034_0107,56,42.38043478260869,40.6625,46,32,2.093534144261924,2.4684531773379206,-1.7179347826086868
usa_NC_0034_0108,56,40.89183673469388,41.948275862068975,49,29,2.201404230140092,2.882021819952299,1.0564391273750928
usa_NC_0034_0109,56,40.574,42.44999999999998,50,30,2.185682184638219,2.654195334477705,1.8759999999999835
usa_NC_0034_0110,57,42.35714285714285,42.744827586206895,49,29,2.354695699391897,2.836985608880921,0.3876847290640484
usa_NC_0034_0111,57,43.26981132075473,45.40357142857143,53,28,2.17862119501345,2.958891550923841,2.1337601078167054
usa_NC_0034_0112,57,43.21607142857143,46.41034482758621,56,29,2.0708298367790263,2.792752517028517,3.194273399014776
usa_NC_0034_0113,57,44.517857142857146,47.7,56,28,1.9573224275379948,2.796563461780761,3.182142857142857
usa_NC_0034_0114,57,42.65714285714286,47.45,56,28,2.048706999806833,2.926834883259121,4.7928571428571445
usa_NC_0034_0115,57,39.9728813559322,45.92999999999999,59,30,2.054826865067499,2.739423338931948,5.957118644067791
usa_NC_0034_0116,57,36.52678571428572,42.07407407407408,56,27,2.0356952465502927,2.7263439540737187,5.547288359788361
usa_NC_0034_0117,57,36.63934426229509,41.712500000000006,61,32,1.815859516918419,2.339750081429293,5.073155737704916
usa_NC_0034_0118,57,37.28412698412699,41.79722222222222,63,36,1.9264459745681644,2.399098660479816,4.513095238095225
usa_NC_0034_0119,57,40.28305084745763,43.24999999999999,59,36,1.871587918245889,2.372201776797511,2.9669491525423624
usa_NC_0034_0120,58,40.693103448275856,44.26,58,35,1.993259758543029,2.525204709232385,3.5668965517241418
usa_NC_0034_0121,58,40.45593220338984,43.27714285714285,59,35,1.9011289998084215,2.486920696327072,2.821210653753006
usa_NC_0034_0122,58,39.937288135593214,42.74857142857144,59,35,1.879614560487599,2.437709254723423,2.8112832929782243
usa_NC_0034_0123,58,39.11666666666668,41.00882352941176,54,34,2.013897816795073,2.6298213261764487,1.8921568627450753
usa_NC_0034_0124,58,42.62745098039217,42.72285714285714,51,35,2.225106436637067,2.534753682410225,0.09540616246496825
usa_NC_0034_0125,58,44.47647058823529,42.72285714285715,51,35,2.2730744287656286,2.560078405161887,-1.7536134453781358
usa_NC_0034_0126,58,43.14782608695653,40.76060606060607,46,33,2.497901997223604,2.688414887946743,-2.3872200263504553
usa_NC_0034_0127,58,42.0734693877551,39.08125,49,32,2.4079777687118664,2.819028936202174,-2.9922193877550995
usa_NC_0034_0128,58,39.01,35.69655172413793,50,29,2.497953856536937,2.9982650268771445,-3.313448275862065
usa_NC_0034_0129,58,38.92040816326531,36.84827586206896,49,29,2.556422783013173,3.211066995332497,-2.0721323011963477
usa_NC_0034_0130,59,41.54528301886793,39.42333333333333,53,30,2.6593791166728127,3.561549718657236,-2.121949685534595
usa_NC_0034_0131,59,44.60175438596492,43.86666666666667,57,30,2.5058909180985838,3.457586472463037,-0.7350877192982495
usa_NC_0034_0132,59,43.668965517241375,43.38928571428571,58,28,2.3695374750600937,3.461589456941007,-0.27967980295566264
usa_NC_0034_0133,59,42.09464285714286,39.75714285714286,56,28,2.280432602561134,3.420237888054624,-2.3374999999999986
usa_NC_0034_0134,59,42.76440677966102,41.260000000000005,59,30,2.1736369567133536,3.1844832129143548,-1.5044067796610179
usa_NC_0034_0135,59,44.11578947368422,43.94285714285714,57,28,2.181535336700672,3.5130686798735797,-0.1729323308270736
usa_NC_0034_0136,59,48.21833333333334,46.75666666666667,60,30,2.08592876747398,3.171245389118865,-1.461666666666673
usa_NC_0034_0137,59,47.20806451612903,44.80833333333333,62,36,1.9208069133152188,2.7935310050526514,-2.3997311827956977
usa_NC_0034_0138,59,45.93103448275862,44.10857142857143,58,35,1.9604902761263967,2.6806601827919634,-1.822463054187189
usa_NC_0034_0139,59,58.22068965517241,55.39714285714285,58,35,1.8721746345344303,2.5250459209212623,-2.823546798029554
usa_NC_0034_0140,60,47.82,45.317142857142855,60,35,1.7983872247570856,2.352925894308115,-2.5028571428571453
usa_NC_0034_0141,60,42.96034482758622,43.03714285714286,58,35,1.876166206639892,2.5013007900404345,0.07679802955664172
usa_NC_0034_0142,60,41.56,45.72121212121211,55,33,1.988289961171904,2.41328299264118,4.16121212121211
usa_NC_0034_0143,60,42.67450980392157,48.50588235294117,51,34,2.015757227712829,2.3110674632180106,5.831372549019598
usa_NC_0034_0144,60,45.81200000000002,52.48285714285714,50,35,2.1986334160016727,2.3483678784800883,6.670857142857123
usa_NC_0034_0145,60,42.49583333333333,51.72941176470589,48,34,2.292061458579468,2.4262473294362463,9.233578431372557
usa_NC_0034_0146,60,40.63399999999999,51.02727272727272,50,33,2.388922752699916,2.252445105472727,10.393272727272723
usa_NC_0034_0147,60,40.13529411764705,49.358620689655176,51,29,2.3370549986890223,2.404252786032965,9.223326572008126
usa_NC_0034_0148,60,43.592,50.89999999999999,50,30,2.4297927013283607,2.3150085027524394,7.307999999999993
usa_NC_0034_0149,60,42.588,48.35666666666667,50,30,2.366867627761836,2.219007147421232,5.768666666666668
usa_NC_0034_0150,61,42.08363636363638,47.17857142857143,55,28,2.2061114435256832,2.263234780230711,5.094935064935051
usa_NC_0034_0151,61,40.070689655172416,44.81481481481481,58,27,2.2108200740910986,2.41869913768208,4.744125159642394
usa_NC_0034_0152,61,43.26206896551724,46.548148148148144,58,27,2.2019471496303717,2.622651549511105,3.286079182630907
usa_NC_0034_0153,61,46.04285714285714,48.214814814814815,56,27,2.1391524252213165,2.631735443495406,2.171957671957678
usa_NC_0034_0154,61,44.52033898305084,46.45357142857142,59,28,1.931999717545893,2.530054698275525,1.9332324455205807
usa_NC_0034_0155,61,47.31186440677966,47.29655172413793,59,29,1.9562710456695045,2.732911450093965,-0.01531268264173491
usa_NC_0034_0156,61,49.49230769230769,50.25000000000001,65,34,1.7859713847042031,2.6546674666121124,0.7576923076923165
usa_NC_0034_0157,61,50.51290322580645,51.934285714285714,62,35,1.8113200714455204,2.6136581879904384,1.4213824884792672
usa_NC_0034_0158,61,52.77377049180328,54.011428571428574,61,35,1.7654948711638063,2.646611187974562,1.237658079625291
usa_NC_0034_0159,61,53.57500000000001,55.805882352941175,60,34,1.6484003973721,2.598384734700984,2.2308823529411654
usa_NC_0034_0161,62,59.99464285714286,65.76969696969697,56,33,2.0333620352785333,2.8719861833375715,5.775054112554109
usa_NC_0034_0162,62,58.96981132075471,66.01142857142857,53,35,2.159981361974197,2.479918578998791,7.041617250673859
usa_NC_0034_0163,62,54.67884615384615,61.92857142857143,52,35,2.259934222234578,2.4384682181444077,7.249725274725279
usa_NC_0034_0164,62,53.57999999999999,61.81470588235295,50,34,2.4007889859589997,2.44337341814145,8.234705882352962
usa_NC_0034_0165,62,54.45957446808512,62.92424242424242,47,33,2.352856943430379,2.305284731900411,8.4646679561573
usa_NC_0034_0166,62,54.02692307692308,62.7125,52,32,2.150553465162045,2.2623529626075936,8.685576923076916
usa_NC_0034_0167,62,52.05294117647058,59.38965517241379,51,29,2.1811084660591984,2.088370005882014,7.336713995943207
usa_NC_0034_0168,62,50.136,58.04,50,30,2.231268990086684,2.0296741146041777,7.903999999999996
usa_NC_0034_0169,62,49.93461538461538,57.692857142857136,52,28,2.184277917235778,2.222229733547396,7.758241758241759
usa_NC_0034_0170,62,50.77272727272727,56.32142857142858,55,28,2.123180472028793,2.4010213718578,5.548701298701303
usa_NC_0034_0171,63,49.405172413793096,54.52499999999999,58,28,2.059048791621568,2.4761487900947774,5.119827586206895
usa_NC_0034_0172,63,47.49473684210526,52.43571428571429,57,28,1.9595301164493817,2.504953897524384,4.940977443609029
usa_NC_0034_0173,63,44.39166666666667,50.55666666666666,60,30,1.8728181907269832,2.190941031923038,6.164999999999985
usa_NC_0034_0174,63,42.26842105263158,48.17037037037038,57,27,1.9491148268798872,2.347155730498958,5.901949317738797
usa_NC_0034_0175,63,47.320000000000014,53.863333333333344,60,30,1.8870279744272969,1.911318274880644,6.5433333333333294
usa_NC_0034_0176,63,44.52857142857143,51.366666666666674,63,36,1.894288216525653,1.7222908332467295,6.838095238095242
usa_NC_0034_0177,63,39.08688524590164,45.78333333333333,61,36,1.9014223543054964,1.6532003594759557,6.6964480874316905
usa_NC_0034_0178,63,34.42539682539683,41.06756756756757,63,37,1.94999569137598,1.868929830015116,6.642170742170741
usa_NC_0034_0179,63,33.10322580645161,38.32162162162162,62,37,1.8895492703181884,2.034644146732017,5.218395815170005
usa_NC_0034_0180,63,30.5406779661017,36.22285714285714,59,35,1.82062525570393,2.02195547962477,5.682179176755437
usa_NC_0034_0181,64,31.584210526315797,39.84444444444444,57,36,2.0152718764600106,2.277852108736846,8.260233918128645
usa_NC_0034_0182,64,32.69814814814815,41.27222222222222,54,36,2.094803211364924,2.3413827521872324,8.574074074074069
usa_NC_0034_0183,64,34.426,41.74,50,35,2.048642776203259,2.625192109816989,7.314
usa_NC_0034_0184,64,30.259090909090904,39.46060606060606,44,33,2.072061505219999,2.698312250958568,9.201515151515157
usa_NC_0034_0185,64,25.85,33.960606060606054,46,33,2.048745934317294,2.958644689315107,8.110606060606052
usa_NC_0034_0186,64,30.75,36.46896551724138,50,29,1.9413297567620489,2.7818425311624195,5.718965517241379
usa_NC_0034_0187,64,29.41489361702128,34.766666666666666,47,30,1.841230380177873,2.330504031780592,5.351773049645384
usa_NC_0034_0188,64,30.956862745098043,34.41290322580645,51,31,1.8729640028825456,2.254542568274315,3.4560404807084097
usa_NC_0034_0189,64,30.229090909090903,33.268965517241384,55,29,1.870277302990828,2.389715770597677,3.0398746081504804
usa_NC_0034_0190,64,31.93157894736842,33.53214285714286,57,28,1.9652720479358832,2.4839966812521417,1.60056390977444
usa_NC_0034_0191,65,32.16034482758621,33.5,58,29,2.012935992692912,2.61457641927268,1.3396551724137922
usa_NC_0034_0192,65,32.783928571428575,34.36785714285714,56,28,1.8820957108612464,2.366717267352137,1.5839285714285651
usa_NC_0034_0193,65,29.73508771929824,30.365517241379315,57,29,1.7885977818499426,2.3447891912243386,0.6304295220810765
usa_NC_0034_0194,65,29.217241379310344,28.807142857142857,58,28,1.8186523299474917,2.544440607389991,-0.41009852216748754
usa_NC_0034_0195,65,32.714285714285715,31.529411764705884,63,34,1.929106902582563,2.1675681495443597,-1.1848739495798313
usa_NC_0034_0196,65,27.50491803278689,25.825714285714284,61,35,1.8388319323883529,1.961766237528897,-1.6792037470726058
usa_NC_0034_0197,65,31.67627118644068,29.71176470588236,59,34,1.735759188075694,1.9427444647619825,-1.9645064805583203
usa_NC_0034_0198,65,33.503389830508475,31.282352941176477,59,34,1.6375291898062558,1.770054283729237,-2.221036889331998
usa_NC_0034_0199,65,35.96842105263158,33.696969696969695,57,33,1.715035890910123,2.079497156805149,-2.271451355661881
usa_NC_0034_0200,65,34.778571428571425,32.333333333333336,56,33,1.819311476523065,2.2514922100058823,-2.445238095238089
usa_NC_0034_0201,66,35.80727272727272,33.523529411764706,55,34,1.8901728040743573,2.172133753114121,-2.283743315508012
usa_NC_0034_0202,66,37.30384615384615,34.38823529411764,52,34,1.9625182393181912,1.9528340605892625,-2.9156108597285098
usa_NC_0034_0203,66,39.17346938775511,35.96666666666667,49,33,2.108568475587936,2.1068640826181126,-3.2068027210884438
usa_NC_0034_0204,66,36.96382978723404,33.6,47,32,2.288772066412056,2.374881151525475,-3.363829787234039
usa_NC_0034_0205,66,30.23269230769231,25.41935483870968,52,31,2.29895989524689,2.4051263322947523,-4.813337468982631
usa_NC_0034_0206,66,29.32244897959184,22.840740740740745,49,27,2.443522370622445,2.801954238963201,-6.481708238851095
usa_NC_0034_0207,66,36.6576923076923,30.3741935483871,52,31,2.321857168315737,2.2110862787518344,-6.2834987593052
usa_NC_0034_0208,66,31.933333333333334,26.36428571428571,54,28,2.188884632161788,2.257053695245187,-5.569047619047623
usa_NC_0034_0209,66,36.53928571428571,32.760714285714286,56,28,2.2252355465156515,2.906798905201983,-3.778571428571425
usa_NC_0034_0210,66,36.13508771929825,31.562962962962963,57,27,2.0872216714906657,2.7642258213983046,-4.572124756335285
usa_NC_0034_0211,66,36.41228070175438,31.667857142857144,57,28,1.935569428133308,2.724244730882579,-4.744423558897239
usa_NC_0034_0212,67,32.72545454545455,28.85769230769231,55,26,2.0074947420283578,2.873620996780211,-3.8677622377622356
usa_NC_0034_0213,67,29.43859649122807,27.707407407407405,57,27,2.1068463919351847,2.9526120838247185,-1.731189083820663
usa_NC_0034_0214,67,44.62833333333333,44.435483870967744,60,31,1.921945947238231,2.9352311128331987,-0.19284946236558653
usa_NC_0034_0215,67,37.901587301587305,38.80285714285715,63,35,2.0975182127111194,2.784668366460262,0.9012698412698441
usa_NC_0034_0216,67,38.318333333333335,40.162857142857135,60,35,1.9758234951514435,2.6472280911600063,1.8445238095237997
usa_NC_0034_0217,67,40.89655172413792,43.129411764705885,58,34,1.8798996728279451,2.657034283521841,2.2328600405679637
usa_NC_0034_0218,67,39.84827586206896,41.621875,58,32,1.6936328601109545,2.401422353955383,1.7735991379310434
usa_NC_0034_0219,67,46.65344827586206,52.044117647058826,58,34,1.9945391502203949,2.549335627606353,5.390669371196765
usa_NC_0034_0220,67,44.29629629629631,51.646875,54,32,2.136949835144538,2.723579033091562,7.35057870370369
usa_NC_0034_0221,67,49.46274509803921,53.42,51,35,2.138493075416065,2.4167441115766346,3.9572549019607948
usa_NC_0034_0222,68,61.22115384615385,66.20571428571431,52,35,2.2727919464424,2.353091807903502,4.984560439560461
usa_NC_0034_0223,68,57.16304347826087,61.53125,46,32,2.4346360592541947,2.541396926238314,4.368206521739133
usa_NC_0034_0224,68,59.133333333333326,63.6875,48,32,2.694607060482454,2.8152012117969867,4.554166666666674
usa_NC_0034_0225,68,62.97083333333334,67.02000000000001,48,30,2.624169842276051,3.04337003163028,4.049166666666672
usa_NC_0034_0226,68,70.10212765957448,72.43928571428572,47,28,2.6564871627582143,3.418554798788588,2.3371580547112387
usa_NC_0034_0227,68,72.38431372549019,73.35,51,30,2.466327543008852,3.282635435484551,0.9656862745098067
usa_NC_0034_0228,68,64.49056603773585,65.02857142857142,53,28,2.339099823367706,3.3467502090014496,0.5380053908355791
usa_NC_0034_0229,68,71.78928571428573,69.47037037037036,56,27,2.279967359317833,3.6592030285078296,-2.3189153439153642
usa_NC_0034_0230,68,71.27894736842106,68.075,57,28,2.073158718705715,3.5733605224326896,-3.203947368421055
usa_NC_0034_0231,68,66.92777777777779,62.81851851851852,54,27,2.1917423589238845,3.74347689839332,-4.109259259259268
usa_NC_0034_0232,69,68.80727272727273,66.18518518518518,55,27,2.304531993133703,4.006688509489018,-2.622087542087556
usa_NC_0034_0233,69,58.77818181818181,59.175,55,28,2.206201377459985,3.4210623098742774,0.3968181818181904
usa_NC_0034_0234,69,60.03934426229508,61.51515151515152,61,33,1.9215889922479648,2.9060449054778577,1.4758072528564412
usa_NC_0034_0235,69,50.638983050847465,52.43142857142857,59,35,1.9654526680219684,2.7245993350609634,1.7924455205811043
usa_NC_0034_0236,69,52.75833333333333,54.29117647058825,60,34,1.7964328930855444,2.597367265877376,1.5328431372549147
usa_NC_0034_0237,69,55.08275862068965,55.65882352941176,58,34,1.7106197210934393,2.233480125195777,0.5760649087221097
usa_NC_0034_0238,69,46.02982456140352,47.127272727272725,57,33,1.5834889085530504,2.11457009352747,1.0974481658692028
usa_NC_0034_0239,69,40.13962264150943,43.71176470588235,53,34,1.7401502604794636,2.0270002981403343,3.572142064372919
usa_NC_0034_0240,69,51.84901960784314,54.96470588235294,51,34,1.8538150859601632,2.1951367506114217,3.115686274509798
usa_NC_0034_0241,69,42.378000000000014,44.00588235294118,50,34,1.7858840833558245,2.1038414113408264,1.627882352941164
usa_NC_0034_0243,70,39.80217391304348,42.325,46,32,1.921587229225129,2.3734757417707457,2.5228260869565204
usa_NC_0034_0244,70,41.2313725490196,43.35,51,32,1.8640026302179509,2.279466547667564,2.118627450980398
usa_NC_0034_0245,70,32.42391304347826,34.296551724137935,46,29,2.0907599450099608,2.697300615396483,1.8726386806596764
usa_NC_0034_0246,70,48.34,47.69655172413794,45,29,2.254860966844293,2.879315064448508,-0.6434482758620632
usa_NC_0034_0247,70,32.453061224489794,34.43448275862069,49,29,2.2645206090434358,2.88985517842464,1.9814215341308952
usa_NC_0034_0248,70,31.11666666666667,33.03103448275862,54,29,2.1330249875433425,3.0438588074371498,1.91436781609195
usa_NC_0034_0249,70,29.001818181818184,30.029629629629635,55,27,1.9801735986698992,3.1277173476338747,1.0278114478114517
usa_NC_0034_0250,70,29.60555555555555,30.01481481481482,54,27,2.017831786835248,2.918023878137715,0.40925925925926876
usa_NC_0035_0001,70,35.70526315789474,37.79642857142858,57,28,2.049075867643104,2.886501526412266,2.0911654135338367
usa_NC_0035_0002,70,35.83148148148148,37.714814814814815,54,27,2.3111990348852403,3.403185635576024,1.8833333333333329
usa_NC_0035_0003,71,31.457894736842103,30.87586206896552,57,29,2.339239679200165,3.2836573054771026,-0.5820326678765824
usa_NC_0035_0004,71,43.40169491525423,39.03125,59,32,2.278682357789196,3.239410283038386,-4.370444915254232
usa_NC_0035_0005,71,38.60363636363636,33.97096774193548,55,31,2.192684444919594,3.36466839519777,-4.63266862170088
usa_NC_0035_0006,71,40.39827586206897,35.556250000000006,58,32,1.8225141210956155,2.9712599746056467,-4.842025862068965
usa_NC_0035_0007,71,43.29285714285714,36.55806451612903,56,31,1.8844129216732728,3.1279103409363453,-6.734792626728108
usa_NC_0035_0008,71,40.12181818181818,33.86129032258064,55,31,1.9601925469036552,3.238523749107688,-6.260527859237534
usa_NC_0035_0009,71,37.92727272727273,34.34193548387097,55,31,1.9665612958340304,3.212254004450546,-3.58533724340176
usa_NC_0035_0010,71,34.675000000000004,32.078125,52,32,1.97956162209876,3.063464247064809,-2.5968750000000043
usa_NC_0035_0011,71,38.674,36.203125,50,32,1.9773488951273177,2.945525188585686,-2.4708749999999995
usa_NC_0035_0012,71,33.436956521739134,32.42580645161291,46,31,2.2105857721419997,3.0922726018112616,-1.0111500701262273
usa_NC_0035_0013,72,30.63617021276595,30.009999999999994,47,30,2.0357862776094207,2.9842203779828016,-0.6261702127659561
usa_NC_0035_0014,72,36.396,36.720689655172414,50,29,1.815414631899359,2.628750566269776,0.32468965517241344
usa_NC_0035_0015,72,28.779591836734696,29.45714285714285,49,28,2.02405596453004,2.682524419981001,0.6775510204081527
usa_NC_0035_0016,72,27.15,28.77407407407408,48,27,2.165266186771148,2.79381486472609,1.6240740740740804
usa_NC_0035_0017,72,26.00588235294117,29.442307692307693,51,26,2.235568816970182,2.8593445891130265,3.4364253393665223
usa_NC_0035_0018,72,23.318867924528305,27.708,53,25,2.101632264608683,2.909386647846357,4.389132075471693
usa_NC_0035_0019,72,38.98333333333333,42.98,54,25,2.0266390645532923,2.8009760203662344,3.9966666666666697
usa_NC_0035_0020,72,29.383333333333333,33.928000000000004,54,25,2.036152546047491,2.904005968772562,4.5446666666666715
usa_NC_0035_0021,72,25.241818181818186,30.246153846153845,55,26,1.9642849658329224,2.85462771798426,5.00433566433566
usa_NC_0035_0022,72,30.159259259259255,35.74,54,25,1.88807082763448,3.0379488694402568,5.580740740740747
usa_NC_0035_0023,73,27.68103448275862,33.85357142857143,58,28,1.9091454632526423,2.7593874509224667,6.1725369458128085
usa_NC_0035_0024,73,28.096610169491523,34.44193548387097,59,31,1.8541957508674067,2.5460438389722952,6.345325314379448
usa_NC_0035_0025,73,31.88888888888889,38.306666666666665,54,30,1.9063259775864332,2.679251625366802,6.417777777777776
usa_NC_0035_0026,73,31.55283018867925,36.97241379310345,53,29,2.060154157035756,2.894056660550371,5.419583604424201
usa_NC_0035_0027,73,27.57636363636364,32.334482758620695,55,29,1.938877393331724,2.4780875942309835,4.758119122257053
usa_NC_0035_0028,73,28.10181818181818,35.48333333333333,55,30,2.0475171643012806,2.346398969187756,7.381515151515146
usa_NC_0035_0029,73,25.933333333333337,34.43,51,30,2.2854298375762183,2.4017338085966817,8.496666666666663
usa_NC_0035_0030,73,25.28,32.84193548387097,50,31,2.2124545423671003,2.2345083132563626,7.561935483870968
usa_NC_0035_0031,73,27.10217391304348,32.303333333333335,46,30,2.0770880051096494,2.178961491187173,5.201159420289855
usa_NC_0035_0032,73,24.44090909090909,27.586666666666662,44,30,2.026996231583128,2.064103341735579,3.145757575757571
usa_NC_0035_0034,74,31.69787234042553,30.174999999999997,47,28,2.1088827801917507,2.8833797821747256,-1.5228723404255327
usa_NC_0035_0035,74,33.297872340425535,29.50769230769231,47,26,2.351448643900205,2.6140915355459566,-3.7901800327332253
usa_NC_0035_0036,74,40.770588235294106,36.71153846153846,51,26,2.2130296758111405,3.2242271676174385,-4.059049773755646
usa_NC_0035_0037,74,39.98888888888889,36.970370370370375,54,27,2.172077852870032,3.054886398281445,-3.018518518518512
usa_NC_0035_0038,74,50.68363636363637,46.03461538461538,55,26,2.117993720062614,2.923369722177539,-4.649020979020989
usa_NC_0035_0039,74,52.53818181818183,48.0,55,25,2.108803881548881,2.983359403982922,-4.538181818181833
usa_NC_0035_0040,74,46.79636363636364,44.87307692307692,55,26,2.0835575049273656,3.0156543246727003,-1.9232867132867142
usa_NC_0035_0041,74,54.54444444444445,54.66923076923077,54,26,2.1782013022478828,3.139435369277384,0.12478632478632079
usa_NC_0035_0042,74,47.0344827586207,48.46206896551724,58,29,2.202816148024433,2.9811163222732064,1.4275862068965424
usa_NC_0035_0043,74,47.21864406779662,50.26774193548388,59,31,2.112483386516133,2.6439274594215543,3.0490978676872658
usa_NC_0035_0044,75,48.64385964912281,52.29677419354838,57,31,2.218207603467115,2.431865003464332,3.6529145444255704
usa_NC_0035_0045,75,45.33928571428572,49.28387096774193,56,31,2.379416165664355,2.5412049329546367,3.9445852534562107
usa_NC_0035_0046,75,47.941818181818185,51.99666666666667,55,30,2.223155901191812,2.529415376246825,4.054848484848485
usa_NC_0035_0047,75,49.396428571428565,55.42580645161291,56,31,2.0249049429119665,2.759830787013009,6.029377880184342
usa_NC_0035_0048,75,45.80181818181818,56.27741935483871,55,31,1.7757959109179566,2.918420215151096,10.475601173020536
usa_NC_0035_0049,75,46.87924528301888,58.796875,53,32,1.8019791540094223,2.928297990380028,11.917629716981118
usa_NC_0035_0050,75,50.842000000000006,61.015625,50,32,2.0782294073051117,2.9027729699062843,10.173624999999994
usa_NC_0035_0051,75,54.585106382978736,62.83870967741935,47,31,2.3542018229451416,2.964661678713684,8.253603294440616
usa_NC_0035_0052,75,61.15744680851064,67.41666666666667,47,30,2.468599742191797,2.76625014175206,6.25921985815603
usa_NC_0035_0053,75,61.54038461538463,64.82903225806452,52,31,2.4064491336815887,2.725941461312577,3.2886476426798836
usa_NC_0035_0054,76,59.65714285714285,59.85185185185186,49,27,2.4822653275712865,2.820571411518407,0.1947089947090106
usa_NC_0035_0055,76,55.54374999999999,55.14074074074074,48,27,2.202446468243604,2.7348300012233726,-0.4030092592592496
usa_NC_0035_0056,76,48.75882352941177,47.969230769230776,51,26,1.920909050465814,2.4481815495196195,-0.7895927601809944
usa_NC_0035_0057,76,47.7811320754717,47.20384615384615,53,26,1.853391072040648,2.60852142480537,-0.5772859216255526
usa_NC_0035_0058,76,50.20185185185184,50.00000000000001,54,25,1.855636192665465,2.7332398357992664,-0.20185185185183485
usa_NC_0035_0059,76,55.38545454545455,57.61666666666667,55,24,1.7768932487310491,2.367416700910254,2.231212121212117
usa_NC_0035_0060,76,56.767857142857146,58.45000000000001,56,26,1.97488797502913,2.815032449601193,1.682142857142864
usa_NC_0035_0061,76,61.727777777777774,62.78333333333334,54,24,2.0678150198798533,2.9603947706459075,1.0555555555555642
usa_NC_0035_0062,76,62.80689655172414,62.942857142857136,58,28,2.0352665956477893,2.658168147186148,0.1359605911329993
usa_NC_0035_0063,76,64.0271186440678,62.62258064516131,59,31,1.9773229730456088,2.5040642648552667,-1.4045379989064912
usa_NC_0035_0064,77,63.73275862068966,62.53870967741935,58,31,1.9045419459232744,2.4559678355015944,-1.1940489432703103
usa_NC_0035_0065,77,48.535714285714285,46.53225806451612,56,31,1.7708561077512552,2.1087854482135677,-2.0034562211981637
usa_NC_0035_0066,77,42.06964285714286,39.23,56,30,1.7884621552601478,1.971673832343835,-2.839642857142863
usa_NC_0035_0067,77,38.69824561403509,36.184375,57,32,1.8687502210426772,2.300771738403856,-2.513870614035085
usa_NC_0035_0068,77,28.75098039215686,28.50344827586207,51,29,1.9007952361567595,2.2540247678659657,-0.24753211629478855
usa_NC_0035_0069,77,32.22352941176471,33.69677419354839,51,31,1.9971186857527263,2.2434491679706325,1.4732447817836842
usa_NC_0035_0070,77,26.802040816326524,28.11290322580645,49,31,1.9981528242727,2.308664101617303,1.310862409479924
usa_NC_0035_0071,77,27.26875,29.15666666666667,48,30,2.05515516025257,2.437469402499774,1.8879166666666691
usa_NC_0035_0072,77,23.623404255319148,24.27586206896552,47,29,1.9673237520273583,2.134686875968894,0.6524578136463717
usa_NC_0035_0073,77,29.6423076923077,30.35862068965517,52,29,1.9302473410266152,2.2137975154568315,0.7163129973474689
usa_NC_0035_0074,78,25.570833333333336,26.29259259259259,48,27,2.215479788769116,2.5413947643601094,0.7217592592592545
usa_NC_0035_0075,78,31.236734693877548,31.94285714285714,49,28,2.2725938420816885,2.745185437069821,0.7061224489795919
usa_NC_0035_0076,78,28.509433962264144,30.06666666666666,53,27,2.161188298879668,2.8764343628657065,1.5572327044025158
usa_NC_0035_0077,78,27.92222222222222,30.17037037037037,54,27,2.0575569609529176,2.9356916258965957,2.2481481481481502
usa_NC_0035_0078,78,41.69298245614035,43.04615384615385,57,26,1.982748054450081,3.038426874193698,1.3531713900135003
usa_NC_0035_0079,78,33.17368421052631,34.31923076923077,57,26,1.7450961121311117,2.75512400519898,1.14554655870446
usa_NC_0035_0080,78,47.35178571428571,50.19615384615385,56,26,1.6387415806027166,2.1791775496501904,2.844368131868137
usa_NC_0035_0081,78,49.63454545454545,52.596,55,25,1.7161703081212225,2.1793078411887263,2.9614545454545436
usa_NC_0035_0082,78,61.24137931034482,64.63571428571429,58,28,1.6997438234132372,2.0363574589644795,3.3943349753694676
usa_NC_0035_0083,78,62.605,67.365625,60,32,1.8709304990307336,2.020991698913336,4.760624999999997
usa_NC_0035_0084,79,28.256896551724143,35.403125,58,32,2.0381525982434066,2.348865050123041,7.14622844827586
usa_NC_0035_0085,79,60.04821428571428,65.64516129032258,56,31,2.011588167346705,2.451555743532865,5.596947004608296
usa_NC_0035_0086,79,60.57636363636363,65.47333333333333,55,30,1.6187578137275918,1.96765765019032,4.896969696969698
usa_NC_0035_0087,79,55.73275862068967,59.35,58,32,1.4968981599347964,1.7355625656699438,3.617241379310329
usa_NC_0035_0088,79,75.40754716981132,78.69999999999999,53,30,1.560629662141411,1.819852210748312,3.2924528301886653
usa_NC_0035_0089,79,51.97924528301886,52.86451612903226,53,31,1.68299218316984,1.82202503663674,0.8852708460133982
usa_NC_0035_0090,79,46.6,44.583333333333336,49,30,1.8332807660985644,1.817501653516827,-2.0166666666666657
usa_NC_0036_0001,79,50.29583333333333,47.4375,48,32,1.814263224853101,2.1364669263574743,-2.858333333333327
usa_NC_0036_0002,79,43.408695652173904,42.123333333333335,46,30,1.754673059784608,2.370870558057764,-1.2853623188405692
usa_NC_0036_0003,79,39.15769230769231,39.77,52,30,1.7202729319605785,2.278662392468567,0.6123076923076951
usa_NC_0036_0004,80,41.46326530612245,41.2,49,28,2.09212097786758,2.5698804863817526,-0.2632653061224488
usa_NC_0036_0005,80,33.38979591836735,33.796428571428564,49,28,2.432883505327136,2.670941425605845,0.4066326530612159
usa_NC_0036_0006,80,52.034615384615385,52.71923076923077,52,26,2.5484859087237828,2.9907910928292445,0.684615384615384
usa_NC_0036_0007,80,38.44038461538462,38.648,52,25,2.627012278507323,3.264440329775789,0.2076153846153801
usa_NC_0036_0008,80,43.473214285714285,42.15200000000001,56,25,2.490638956082301,3.40016725078831,-1.3212142857142766
usa_NC_0036_0009,80,42.69074074074074,42.90833333333333,54,24,2.429207709206653,3.613310320665796,0.21759259259258812
usa_NC_0036_0010,80,40.47358490566037,41.40769230769232,53,26,2.117465128397893,2.9852144521698585,0.9341074020319553
usa_NC_0036_0011,80,47.4076923076923,50.65599999999999,52,25,1.998166290134661,3.107700543274185,3.248307692307691
usa_NC_0036_0012,80,36.37358490566038,39.436,53,25,2.128650967522407,3.1027454509407204,3.0624150943396202
usa_NC_0036_0013,80,35.40877192982456,40.00689655172414,57,29,2.0131838035692,2.8065543055167925,4.598124621899579
usa_NC_0036_0014,81,36.263636363636365,43.09032258064517,55,31,2.244540497449159,2.94170367885105,6.826686217008806
usa_NC_0036_0015,81,40.35384615384616,47.15806451612903,52,31,2.2716703403624647,3.29692516961711,6.804218362282867
usa_NC_0036_0016,81,33.45660377358491,44.24666666666666,53,30,2.309305510481437,3.323409595730891,10.790062893081753
usa_NC_0036_0017,81,19.02452830188679,32.91612903225806,53,31,2.5289081979933394,3.257362534830287,13.891600730371273
usa_NC_0036_0018,81,39.7037037037037,54.828125,54,32,2.356773491989295,2.7396477963203707,15.124421296296298
usa_NC_0036_0019,81,38.15882352941176,52.48,51,30,2.247950136336568,2.6734170308221006,14.321176470588235
usa_NC_0036_0020,81,24.252941176470586,36.03870967741935,51,31,2.21106549231436,2.1530357533619693,11.785768500948762
usa_NC_0036_0021,81,33.956250000000004,42.49032258064516,48,31,2.171821281671509,2.110334809285977,8.534072580645159
usa_NC_0036_0022,81,68.1911111111111,74.82758620689654,45,29,2.307632969394524,2.353730382413554,6.636475095785443
usa_NC_0036_0023,81,46.32857142857143,52.120000000000005,49,30,2.2118631140679,2.2101406830969967,5.791428571428575
usa_NC_0036_0024,82,8.940816326530612,16.29285714285714,49,28,2.5144918719041423,2.8913844314551245,7.352040816326529
usa_NC_0036_0025,82,53.84444444444444,58.8,45,26,2.372842040475096,3.089709968962733,4.955555555555556
usa_NC_0036_0026,82,41.65686274509803,46.007407407407406,51,27,2.2124199418806243,2.937986431451633,4.350544662309375
usa_NC_0036_0027,82,37.26078431372549,41.72916666666666,51,24,2.0746482403121678,2.932788646522126,4.46838235294117
usa_NC_0036_0028,82,46.422641509433966,52.270833333333336,53,24,2.0449921868641736,2.9865791538599025,5.84819182389937
usa_NC_0036_0029,82,48.59818181818182,54.73199999999999,55,25,1.8390773028851028,2.790559800470149,6.133818181818171
usa_NC_0036_0030,82,46.10185185185184,52.83461538461539,54,26,2.0342790712946304,2.795875766513088,6.732763532763549
usa_NC_0036_0031,82,50.74814814814814,58.072,54,25,2.183666162383876,3.258453211776001,7.323851851851863
usa_NC_0036_0032,82,61.17454545454545,69.05000000000001,55,26,2.0310820757740844,2.827100988645436,7.875454545454559
usa_NC_0036_0033,82,41.20666666666666,47.12903225806452,60,31,2.0734041806704853,2.896056620178056,5.922365591397856
usa_NC_0036_0034,83,38.99666666666667,44.51515151515152,60,33,1.9485340957782973,2.6051599483122287,5.518484848484853
usa_NC_0036_0035,83,58.08928571428572,62.43870967741936,56,31,1.99483371466524,2.781782817444055,4.349423963133638
usa_NC_0036_0036,83,38.39272727272727,42.93870967741935,55,31,2.017752616113956,2.687616673813896,4.545982404692076
usa_NC_0036_0037,83,35.52777777777777,40.85806451612903,54,31,1.8953369102249664,2.3668579698248946,5.330286738351262
usa_NC_0036_0038,83,23.556603773584907,28.85,53,32,2.022910341892343,2.4901701911004315,5.293396226415094
usa_NC_0036_0039,83,58.05094339622642,64.84516129032258,53,31,2.093229154208485,2.646335826304829,6.794217894096157
usa_NC_0036_0040,83,66.37884615384615,72.36250000000001,52,32,2.000679252185153,2.4236642064204914,5.983653846153857
usa_NC_0036_0041,83,22.714583333333334,26.06060606060606,48,33,1.6567987738881298,2.192043719988213,3.346022727272725
usa_NC_0036_0042,83,49.28222222222222,52.773333333333326,45,30,1.8799588671861969,2.544197515164375,3.4911111111111097
usa_NC_0036_0043,83,44.40869565217391,49.33548387096774,46,31,1.9621289484898785,2.2770219580785724,4.926788218793831
usa_NC_0036_0044,84,37.68,41.91724137931034,50,29,2.053206551435374,2.698878023430768,4.2372413793103405
usa_NC_0036_0045,84,32.10425531914893,36.739285714285714,47,28,2.182700373379721,2.668230391150096,4.635030395136781
usa_NC_0036_0046,84,27.151020408163262,31.9037037037037,49,27,2.213287260392363,2.9105930974561844,4.7526832955404394
usa_NC_0036_0047,84,22.339622641509436,30.664000000000005,53,25,2.407926164827038,3.0665446352531704,8.324377358490569
usa_NC_0036_0048,84,23.42727272727273,31.72307692307692,55,26,2.4567552093269787,2.866036167533388,8.295804195804191
usa_NC_0036_0049,84,28.4375,35.768,56,25,2.220738385598972,2.6014016734573437,7.330500000000001
usa_NC_0036_0050,84,32.455357142857146,37.984,56,25,2.183945136975115,2.725568319941121,5.528642857142856
usa_NC_0036_0051,84,41.77037037037038,46.312,54,25,2.1102684453542704,2.774108385289467,4.541629629629618
usa_NC_0036_0052,84,49.05090909090908,54.11599999999999,55,25,2.207911810698067,2.9961679970700352,5.065090909090912
usa_NC_0036_0053,84,50.50701754385965,56.442307692307686,57,26,1.9766206504528148,2.5745988370225046,5.93529014844804
usa_NC_0036_0054,84,41.41551724137932,45.846428571428575,58,28,1.935233543284809,2.1792824540112505,4.4309113300492555
usa_NC_0036_0055,85,43.1983606557377,47.093939393939394,61,33,1.862898458207448,2.037916807125356,3.895578738201692
usa_NC_0036_0056,85,42.90169491525423,47.03333333333334,59,33,1.9474533289133973,2.088377227524866,4.131638418079106
usa_NC_0036_0057,85,41.66607142857144,44.578125,56,32,1.9155367441239688,2.111960631539657,2.912053571428558
usa_NC_0036_0058,85,41.70357142857143,44.77741935483871,56,31,2.036273277091792,2.274830536887837,3.073847926267284
usa_NC_0036_0059,85,40.21090909090909,42.82,55,30,2.0567776973897667,2.567253552845472,2.6090909090909093
usa_NC_0036_0060,85,38.020370370370365,40.31612903225806,54,31,2.217416259553353,2.966892936064374,2.295758661887696
usa_NC_0036_0061,85,39.93396226415095,42.164516129032265,53,31,2.256863332175379,3.0050836797505585,2.2305538648813155
usa_NC_0036_0062,85,41.67755102040817,42.641935483870974,49,31,2.3896963226543755,2.761395837598128,0.9643844634628067
usa_NC_0036_0063,85,41.12708333333333,40.171875,48,32,2.3833471077504558,2.579401321414588,-0.9552083333333314
usa_NC_0036_0064,85,36.53265306122449,33.60909090909091,49,33,2.221804415753806,2.356424019521872,-2.9235621521335773
usa_NC_0036_0065,85,41.06086956521739,37.34333333333333,46,30,2.481269891215359,2.4875630106191813,-3.7175362318840612
usa_NC_0036_0066,85,46.5734693877551,42.171875,49,32,2.077944954499591,2.400467168808652,-4.401594387755097
usa_NC_0036_0067,86,47.51041666666666,43.03333333333333,48,30,2.2123910390754444,3.0474950457121084,-4.477083333333326
usa_NC_0036_0068,86,46.03333333333333,38.53928571428572,45,28,2.485371341886501,2.9354129500724016,-7.494047619047613
usa_NC_0036_0069,86,45.083333333333336,36.6888888888889,48,27,2.4760364498896283,3.027402548692998,-8.394444444444439
usa_NC_0036_0070,86,51.58571428571429,43.469230769230776,49,26,2.3939904920843937,2.950764017000288,-8.116483516483513
usa_NC_0036_0071,86,42.3,38.47692307692308,54,26,2.585968426799236,3.2072288910776723,-3.8230769230769184
usa_NC_0036_0072,86,43.72641509433963,38.55,53,26,2.555595402016033,3.1723626235638025,-5.176415094339632
usa_NC_0036_0073,86,50.14107142857143,45.324000000000005,56,25,2.3628850634941725,3.211698823571932,-4.817071428571424
usa_NC_0036_0074,86,48.88518518518519,44.256,54,25,2.4168020744359597,3.5332142118284686,-4.629185185185193
usa_NC_0036_0075,86,45.51851851851852,41.51153846153846,54,26,2.3925856152797467,3.4691090717184574,-4.006980056980062
usa_NC_0036_0076,86,43.01698113207547,39.3,53,24,2.2423450427246387,3.3748913025974376,-3.7169811320754746
usa_NC_0036_0077,86,58.5462962962963,56.49230769230769,54,26,2.0112918707286123,2.7775690703974227,-2.053988603988607
usa_NC_0036_0078,86,52.4457627118644,49.66875,59,32,2.031545956054132,2.658156336803217,-2.777012711864394
usa_NC_0036_0079,87,55.21016949152544,53.49375,59,32,1.9352035624863384,2.631922276388801,-1.7164194915254427
usa_NC_0036_0080,87,48.07719298245613,48.31818181818182,57,33,1.949233538629844,2.495452130594405,0.24098883572568752
usa_NC_0036_0081,87,51.86111111111112,52.13125,54,32,1.747363825907048,2.25746716789257,0.27013888888888005
usa_NC_0036_0082,87,49.20555555555555,49.364516129032246,54,31,1.6588483638495854,2.420857167963344,0.15896057347669768
usa_NC_0036_0083,87,51.94035087719298,51.8030303030303,57,33,1.4972235366182052,2.156431908657412,-0.13732057416267907
usa_NC_0036_0084,87,53.54528301886793,55.534375,53,32,1.563168152731373,2.1209525466500017,1.98909198113207
usa_NC_0036_0085,87,53.68235294117648,55.706451612903216,51,31,1.4996331731390975,1.967438897871403,2.0240986717267333
usa_NC_0036_0086,87,48.96875,49.40625,48,32,1.6798982477470734,1.9170023300632009,0.4375
usa_NC_0036_0087,87,44.60625,43.928125,48,32,1.6955077438067074,1.969194378291784,-0.6781250000000014
usa_NC_0036_0088,87,41.9511111111111,40.1,45,30,1.6335486012199634,1.9779415748609008,-1.851111111111102
usa_NC_0036_0089,87,38.89148936170212,37.18333333333333,47,30,1.5678040458700135,1.8461646066343247,-1.7081560283687907
usa_NC_0036_0090,88,40.062,37.556666666666665,50,30,1.5253073025941162,1.82518576181552,-2.5053333333333327
usa_NC_0036_0091,88,43.927083333333336,42.017857142857146,48,28,1.8930812334894231,2.3490235141742644,-1.9092261904761898
usa_NC_0036_0092,88,46.766000000000005,46.281481481481485,50,27,1.8085795756981924,2.417051469729801,-0.4845185185185201
usa_NC_0036_0093,88,43.84444444444444,45.23461538461538,54,26,1.9465959944285496,2.6802178000344115,1.3901709401709397
usa_NC_0036_0094,88,40.27192982456141,40.51851851851852,57,27,1.8518292696742689,2.61107676120543,0.2465886939571078
usa_NC_0036_0095,88,47.83275862068966,47.315384615384616,58,26,1.866408548717606,2.7066396555234444,-0.5173740053050437
usa_NC_0036_0096,88,50.31636363636364,48.912000000000006,55,25,1.7042781653507555,2.411827246439236,-1.4043636363636338
usa_NC_0036_0097,88,43.37777777777778,40.924,54,25,1.723958008074309,2.5309173567437293,-2.4537777777777805
usa_NC_0036_0098,88,38.52592592592592,36.78260869565218,54,23,1.8245093252772528,2.721264907101304,-1.743317230273739
usa_NC_0036_0099,88,41.65833333333334,39.3655172413793,60,29,1.8347020442941409,2.765521694528557,-2.2928160919540375
usa_NC_0036_0100,89,41.85833333333334,40.2625,60,32,1.778022280443971,2.44258155178016,-1.5958333333333385
usa_NC_0036_0101,89,41.89298245614035,40.670967741935485,57,31,1.7749419483767026,2.4524782004375143,-1.2220147142048674
usa_NC_0036_0102,89,41.98363636363637,38.48620689655172,55,29,1.7953939639440584,2.609341517721794,-3.4974294670846504
usa_NC_0036_0103,89,39.58928571428572,33.645161290322584,56,31,1.7107693237357429,2.539413354951276,-5.944124423963139
usa_NC_0036_0104,89,39.17777777777777,32.91935483870968,54,31,1.7550937481389932,2.5526643022318867,-6.25842293906809
usa_NC_0036_0105,89,35.84716981132076,30.477419354838712,53,31,1.7333504134569937,2.216573494738875,-5.369750456482048
usa_NC_0036_0106,89,30.112244897959183,25.72258064516129,49,31,2.0461691281004453,2.3579137383212,-4.389664252797893
usa_NC_0036_0107,89,33.583673469387755,28.084375,49,32,1.8370417354852768,2.1811652949400253,-5.499298469387753
usa_NC_0036_0108,89,37.25208333333333,29.88387096774193,48,31,1.894434714202912,2.346161801633686,-7.3682123655914005
usa_NC_0036_0109,90,40.53333333333333,31.95172413793104,48,29,1.87716384203258,2.331771460727959,-8.58160919540229
usa_NC_0036_0110,90,38.20192307692308,30.724137931034484,52,29,1.8419907143466228,2.6603300619903174,-7.477785145888596
usa_NC_0036_0111,90,35.528,28.696428571428573,50,28,1.9984484594049352,2.757584452806713,-6.831571428571426
usa_NC_0036_0112,90,39.65660377358491,32.57407407407407,53,27,1.9458964851375196,2.664526879704248,-7.082529699510843
usa_NC_0037_0001,90,38.33090909090909,32.3074074074074,55,27,2.1067821741880635,2.989082346514212,-6.023501683501685
usa_NC_0037_0002,90,35.77678571428571,29.092857142857145,56,28,2.080245663363907,2.707103767639495,-6.683928571428563
usa_NC_0037_0003,90,35.42807017543859,27.41111111111111,57,27,2.0480594066690045,2.7218454300546187,-8.01695906432748
usa_NC_0037_0004,90,38.37037037037037,32.080769230769235,54,26,2.009172936408693,2.8796261468395734,-6.289601139601132
usa_NC_0037_0005,90,34.5875,28.857692307692307,56,26,1.8913131260870293,2.726808069615592,-5.729807692307691
usa_NC_0037_0006,90,39.83275862068966,35.47931034482758,58,29,1.767326957041483,2.5911766699199728,-4.353448275862078
