transect_id,site,transect_number,domain_number,n_obs,mean_chainage_m,sd_chainage_m,se_chainage_m,min_chainage_m,max_chainage_m,first_date,last_date,n_years,x,y,included,excluded_because
usa_NC_0032_0021,usa_NC_0032,21,1,33,31.663636363636368,13.801558294759197,2.402542916487599,-10.7,59.2,2018-08-18,2020-06-04,3,452014.79246956273,3898809.398263796,True,
usa_NC_0032_0022,usa_NC_0032,22,1,33,29.451515151515153,13.329364229308753,2.320344480417795,-6.6,46.9,2018-08-18,2020-06-04,3,452021.18976938754,3898863.7927641678,True,
usa_NC_0032_0023,usa_NC_0032,23,1,33,32.90909090909091,13.99715068407593,2.43659118114263,-3.5,57.5,2018-08-18,2020-06-04,3,452026.6681116252,3898918.5472115777,True,
usa_NC_0032_0024,usa_NC_0032,24,1,34,47.420588235294126,15.279373686429507,2.6203909690863396,5.5,77.9,2018-08-18,2020-06-04,3,452033.9807406772,3898972.7868905333,True,
usa_NC_0032_0025,usa_NC_0032,25,1,33,28.996969696969693,14.673029783596265,2.554246630496578,-10.1,56.5,2018-08-18,2020-06-04,3,452043.1879696073,3899026.466412168,True,
usa_NC_0032_0026,usa_NC_0032,26,1,33,39.169696969696965,14.08834812993713,2.4524666187472945,8.8,67.5,2018-08-18,2020-06-04,3,452052.5371983573,3899080.14092495,True,
usa_NC_0032_0027,usa_NC_0032,27,1,35,33.268571428571434,12.477032344850828,2.1090033945271993,6.9,57.7,2018-08-18,2020-06-04,3,452061.16904801916,3899129.8895815634,True,
usa_NC_0032_0028,usa_NC_0032,28,1,36,34.708333333333336,11.521616330061631,1.9202693883436053,0.3,59.6,2018-08-18,2020-06-04,3,452069.4819253841,3899177.903137906,True,
usa_NC_0032_0029,usa_NC_0032,29,1,36,40.65833333333333,12.228546812391778,2.0380911353986297,6.9,62.9,2018-08-18,2020-06-04,3,452077.8493623501,3899225.903994891,True,
usa_NC_0032_0030,usa_NC_0032,30,2,37,66.65675675675675,12.034246053578848,1.978417864191855,31.7,85.5,2018-08-18,2020-06-04,3,452084.696874166,3899274.418443675,True,
usa_NC_0032_0031,usa_NC_0032,31,2,38,62.61315789473684,13.493986068928987,2.1890135968203723,28.9,87.2,2018-08-18,2020-06-04,3,452089.48780088127,3899323.6265268414,True,
usa_NC_0032_0032,usa_NC_0032,32,2,39,68.23333333333333,13.000492568266168,2.081744873513217,38.7,92.0,2018-08-18,2020-06-04,3,452095.80801034113,3899372.329481136,True,
usa_NC_0032_0033,usa_NC_0032,33,2,39,49.93589743589744,13.076263895428541,2.0938779962430893,20.8,75.2,2018-08-18,2020-06-04,3,452103.33569496294,3899420.6343457047,True,
usa_NC_0032_0034,usa_NC_0032,34,2,37,68.16216216216218,14.03191503821341,2.3068326222370987,35.4,93.2,2018-08-18,2020-06-04,3,452112.08669423993,3899468.535409733,True,
usa_NC_0032_0035,usa_NC_0032,35,2,39,60.000000000000014,14.416602271431072,2.308503905866483,18.6,85.7,2018-08-18,2020-06-04,3,452123.16330244427,3899515.8180754874,True,
usa_NC_0032_0036,usa_NC_0032,36,2,39,52.27435897435897,13.645795919945414,2.1850761078618497,10.2,81.1,2018-08-18,2020-06-04,3,452134.1000191039,3899565.010142232,True,
usa_NC_0032_0037,usa_NC_0032,37,2,36,50.86388888888889,10.005088784578655,1.667514797429776,26.0,72.5,2018-08-18,2020-06-04,3,452144.51974234957,3899614.3772889506,True,
usa_NC_0032_0038,usa_NC_0032,38,2,35,45.11714285714286,9.99827884347765,1.6900175809054494,16.8,71.7,2018-08-18,2020-06-04,3,452153.76842959016,3899664.1390788793,True,
usa_NC_0032_0039,usa_NC_0032,39,2,34,52.08823529411764,10.84708492346669,1.860259717295176,18.9,73.3,2018-08-18,2020-06-04,3,452162.77111270756,3899711.7358368156,True,
usa_NC_0032_0040,usa_NC_0032,40,2,33,52.4030303030303,11.956783766143092,2.0814088907793304,18.5,73.5,2018-08-18,2020-06-04,3,452171.33266746637,3899758.8765667574,True,
usa_NC_0032_0041,usa_NC_0032,41,3,33,55.124242424242425,11.371099064707595,1.9794542708243261,18.2,75.8,2018-08-18,2020-06-04,3,452181.0003938842,3899806.679636737,True,
usa_NC_0032_0042,usa_NC_0032,42,3,34,60.19117647058823,11.111101945926109,1.9055382631005042,23.3,78.0,2018-08-18,2020-06-04,3,452192.3056342674,3899854.623158534,True,
usa_NC_0032_0043,usa_NC_0032,43,3,33,65.87272727272726,10.875640002066335,1.8932059185777284,32.7,87.8,2018-08-18,2020-06-04,3,452205.3071224638,3899902.000721684,True,
usa_NC_0032_0044,usa_NC_0032,44,3,33,66.00303030303031,9.582552010310357,1.668108192028387,38.4,86.7,2018-08-18,2020-06-04,3,452218.08495743625,3899949.4445975353,True,
usa_NC_0032_0045,usa_NC_0032,45,3,34,70.32058823529412,11.049167784697762,1.8949166420778547,44.0,95.0,2018-08-18,2020-06-04,3,452226.55997674493,3899998.285139231,True,
usa_NC_0032_0046,usa_NC_0032,46,3,34,71.69411764705882,12.009186917105676,2.059558564995551,46.0,92.2,2018-08-18,2020-06-04,3,452236.79280783306,3900046.5392475813,True,
usa_NC_0032_0047,usa_NC_0032,47,3,36,68.31388888888888,10.95748023114224,1.8262467051903732,42.8,87.8,2018-08-18,2020-06-04,3,452246.6149602334,3900094.9152003047,True,
usa_NC_0032_0048,usa_NC_0032,48,3,36,67.28333333333333,10.300527032286121,1.7167545053810203,36.3,85.7,2018-08-18,2020-06-04,3,452256.3132120436,3900143.319130942,True,
usa_NC_0032_0049,usa_NC_0032,49,3,38,64.47631578947369,11.79781093324099,1.9138576558224014,27.2,83.1,2018-08-18,2020-06-04,3,452263.67346149235,3900192.4657431673,True,
usa_NC_0032_0050,usa_NC_0032,50,3,39,61.0102564102564,11.460361776042973,1.8351265731361506,23.9,81.9,2018-08-18,2020-06-04,3,452270.3906006043,3900241.8032756033,True,
usa_NC_0032_0051,usa_NC_0032,51,4,38,57.11315789473684,13.27212423276964,2.1530228544639227,20.4,79.5,2018-08-18,2020-06-04,3,452279.70599258726,3900290.2888028375,True,
usa_NC_0032_0052,usa_NC_0032,52,4,40,53.845000000000006,13.90170530030076,2.198052605469272,16.0,78.0,2018-08-18,2020-06-04,3,452287.1334465382,3900330.8762683147,True,
usa_NC_0032_0053,usa_NC_0032,53,4,40,56.84749999999999,13.525152020568465,2.1385143042512436,25.9,82.4,2018-08-18,2020-06-04,3,452296.3569591762,3900369.702889679,True,
usa_NC_0032_0054,usa_NC_0032,54,4,38,52.584210526315786,13.504624359441321,2.190739355425685,27.0,78.3,2018-08-18,2020-06-04,3,452307.1265674915,3900406.8433827152,True,
usa_NC_0032_0055,usa_NC_0032,55,4,38,50.04999999999999,13.831705646126261,2.2437989465769945,24.8,76.1,2018-08-18,2020-06-04,3,452315.77933005575,3900442.8656738778,True,
usa_NC_0032_0056,usa_NC_0032,56,4,40,58.790000000000006,13.604689990719734,2.1510903615584684,33.5,84.5,2018-08-18,2020-06-04,3,452323.6839827428,3900479.213635514,True,
usa_NC_0032_0057,usa_NC_0032,57,4,39,50.01794871794873,13.159164743027691,2.107152755918018,22.7,75.9,2018-08-18,2020-06-04,3,452331.43762245774,3900515.704519033,True,
usa_NC_0032_0058,usa_NC_0032,58,4,37,52.0972972972973,13.517282897717903,2.222227619504849,13.3,78.3,2018-08-18,2020-06-04,3,452339.2623300039,3900552.2763053407,True,
usa_NC_0032_0059,usa_NC_0032,59,4,37,57.940540540540546,12.101020605705113,1.989395532939182,27.3,80.2,2018-08-18,2020-06-04,3,452348.94355338754,3900588.498149504,True,
usa_NC_0032_0060,usa_NC_0032,60,4,36,61.491666666666674,11.536485600043022,1.9227476000071704,31.7,84.8,2018-08-18,2020-06-04,3,452357.0699569406,3900625.6838687398,True,
usa_NC_0032_0061,usa_NC_0032,61,4,35,60.95142857142858,12.488379808930413,2.1109214660366473,33.9,89.6,2018-08-18,2020-06-04,3,452367.2505026932,3900668.053845971,True,
usa_NC_0032_0062,usa_NC_0032,62,4,33,55.68484848484849,13.643934577590723,2.3751041492798874,24.6,79.9,2018-08-18,2020-06-04,3,452377.9686635243,3900710.3501136275,True,
usa_NC_0032_0063,usa_NC_0032,63,4,33,55.51212121212121,15.657760806860235,2.7256662987732256,15.8,82.1,2018-08-18,2020-06-04,3,452388.05763124675,3900752.8328227596,True,
usa_NC_0032_0064,usa_NC_0032,64,5,34,59.87352941176471,16.823906310052127,2.8852761287440662,20.7,89.4,2018-08-18,2020-06-04,3,452398.7597456846,3900795.2304607453,True,
usa_NC_0032_0065,usa_NC_0032,65,5,34,56.5529411764706,16.34724025071562,2.8035285739824,20.8,87.4,2018-08-18,2020-06-04,3,452410.7208448139,3900837.4203990777,True,
usa_NC_0032_0066,usa_NC_0032,66,5,34,55.3235294117647,17.671961336218615,3.0307163658546123,24.5,87.9,2018-08-18,2020-06-04,3,452420.79327458923,3900879.036819342,True,
usa_NC_0032_0067,usa_NC_0032,67,5,34,53.94411764705882,17.324884733124282,2.971193219487866,26.8,86.1,2018-08-18,2020-06-04,3,452433.6915980334,3900919.135184551,True,
usa_NC_0032_0068,usa_NC_0032,68,5,33,53.72727272727273,18.05938593791454,3.143735572071455,20.5,84.8,2018-08-18,2020-06-04,3,452446.7720357421,3900959.2495057727,True,
usa_NC_0032_0069,usa_NC_0032,69,5,35,55.588571428571434,17.803284089452372,3.009304259268235,20.9,84.8,2018-08-18,2020-06-04,3,452460.6881672805,3900999.267472797,True,
usa_NC_0032_0070,usa_NC_0032,70,5,36,60.78333333333334,16.32473145699056,2.720788576165093,25.0,93.6,2018-08-18,2020-06-04,3,452477.292760849,3901038.890890944,True,
usa_NC_0032_0071,usa_NC_0032,71,5,36,66.3138888888889,14.319380528855245,2.386563421475874,36.0,92.8,2018-08-18,2020-06-04,3,452494.65300657117,3901078.4918345734,True,
usa_NC_0032_0072,usa_NC_0032,72,5,37,69.07297297297299,13.456011639756014,2.212154686744989,37.9,96.9,2018-08-18,2020-06-04,3,452514.9978522367,3901117.7372880634,True,
usa_NC_0032_0073,usa_NC_0032,73,5,38,71.61315789473684,12.440804072663289,2.018164916676817,33.3,100.2,2018-08-18,2020-06-04,3,452535.55404274835,3901156.7759686806,True,
usa_NC_0032_0074,usa_NC_0032,74,5,40,68.62250000000002,14.68329746204763,2.3216331770920138,28.9,97.4,2018-08-18,2020-06-04,3,452553.45030747115,3901196.152249339,True,
usa_NC_0032_0075,usa_NC_0032,75,5,38,66.2684210526316,15.18461357201548,2.4632695929738158,21.0,91.4,2018-08-18,2020-06-04,3,452576.3400074847,3901234.983305194,True,
usa_NC_0032_0076,usa_NC_0032,76,5,39,60.30769230769231,11.480839521278934,1.838405636674876,37.4,80.8,2018-08-18,2020-06-04,3,452595.43057420966,3901274.4947795207,True,
usa_NC_0032_0077,usa_NC_0032,77,6,38,64.46578947368421,11.768011527264584,1.9090235538360563,37.2,92.1,2018-08-18,2020-06-04,3,452613.3493626628,3901317.022427425,True,
usa_NC_0032_0078,usa_NC_0032,78,6,38,117.31315789473686,12.516263388792945,2.0304060341769254,87.6,139.9,2018-08-18,2020-06-04,3,452648.9568535907,3901413.7092296146,True,
usa_NC_0032_0079,usa_NC_0032,79,6,36,21.588888888888885,10.548981745790249,1.7581636242983747,-2.8,37.0,2018-08-18,2020-06-04,3,452672.7729151969,3901491.039951998,True,
usa_NC_0032_0080,usa_NC_0032,80,6,34,21.997058823529407,10.550268854656068,1.8093561814465928,-1.4,41.4,2018-08-18,2020-06-04,3,452697.2430147462,3901597.474231362,True,
usa_NC_0032_0081,usa_NC_0032,81,6,32,23.65625,9.048932836742186,1.5996404428405053,-2.0,35.1,2018-08-18,2020-06-04,3,452712.01611097215,3901670.2049339456,True,
usa_NC_0032_0082,usa_NC_0032,82,6,34,18.58823529411765,13.359181718405633,2.2910807633682357,-13.1,42.8,2018-08-18,2020-06-04,3,452724.6277588863,3901774.316394191,True,
usa_NC_0032_0083,usa_NC_0032,83,7,32,27.19375,14.32610830031164,2.532522081790811,-0.8,53.0,2018-08-18,2020-06-04,3,452744.638870296,3901898.254827866,True,
usa_NC_0032_0084,usa_NC_0032,84,7,37,26.181081081081082,15.42297776835729,2.535521926350978,-3.0,54.4,2018-08-18,2020-06-04,3,452760.44355985377,3902023.2495178063,True,
usa_NC_0032_0085,usa_NC_0032,85,7,40,47.855,16.102411827632118,2.5460148598676065,12.2,84.8,2018-08-18,2020-06-04,3,452778.0107289395,3902138.1263675834,True,
usa_NC_0032_0086,usa_NC_0032,86,7,39,31.78205128205128,15.877373370781315,2.542414485137265,-7.4,62.2,2018-08-18,2020-06-04,3,452786.48925341363,3902221.6047943546,True,
usa_NC_0032_0088,usa_NC_0032,88,8,39,21.407692307692308,13.889893800802469,2.224163050871224,-8.4,49.8,2018-08-18,2020-06-04,3,452799.4237447586,3902372.338231149,True,
usa_NC_0032_0089,usa_NC_0032,89,8,38,22.03421052631579,14.639418765522032,2.374827316671338,-18.0,46.6,2018-08-18,2020-06-04,3,452811.42334286514,3902433.860202872,True,
usa_NC_0032_0090,usa_NC_0032,90,8,36,19.53055555555555,14.524065142168986,2.420677523694831,-17.2,41.9,2018-08-18,2020-06-04,3,452829.5078592273,3902519.718019401,True,
usa_NC_0032_0091,usa_NC_0032,91,8,33,76.44242424242424,16.0724342879165,2.79785168634249,45.2,99.1,2018-08-18,2020-06-04,3,452837.8315551475,3902568.9605605225,True,
usa_NC_0032_0092,usa_NC_0032,92,8,31,48.03870967741936,16.29833687669501,2.927267717272931,19.9,77.2,2018-08-18,2020-06-04,3,452847.4717078552,3902619.504443627,True,
usa_NC_0032_0093,usa_NC_0032,93,8,33,56.36060606060607,18.514148971022465,3.2228996548901856,18.1,90.4,2018-08-18,2020-06-04,3,452853.21856782294,3902670.2026650687,True,
usa_NC_0032_0094,usa_NC_0032,94,8,32,24.653125,21.888898119528466,3.8694470732550115,-19.3,58.1,2018-08-18,2020-06-04,3,452859.6072309929,3902720.8583559687,True,
usa_NC_0032_0095,usa_NC_0032,95,8,33,70.12727272727274,21.562355401359692,3.7535242851523756,29.4,111.7,2018-08-18,2020-06-04,3,452861.7321359013,3902771.7007905357,True,
usa_NC_0032_0096,usa_NC_0032,96,9,32,29.346874999999997,19.91928850224033,3.5212659940863413,-18.3,65.0,2018-08-18,2020-06-04,3,452868.9072495393,3902822.2944284044,True,
usa_NC_0032_0097,usa_NC_0032,97,9,31,52.27096774193549,17.516053466242276,3.145976073121582,19.1,84.1,2018-08-18,2020-06-04,3,452875.59319892596,3902872.896198137,True,
usa_NC_0032_0098,usa_NC_0032,98,9,34,45.20294117647058,17.726413869226384,3.0400548982228703,-2.7,72.3,2018-08-18,2020-06-04,3,452879.5420871785,3902922.7683074656,True,
usa_NC_0032_0099,usa_NC_0032,99,9,36,39.75833333333334,16.833272748594418,2.8055454580990697,-8.0,67.7,2018-08-18,2020-06-04,3,452884.3543375034,3902972.04464257,True,
usa_NC_0032_0100,usa_NC_0032,100,9,36,38.0861111111111,15.71029058161338,2.61838176360223,-4.8,62.6,2018-08-18,2020-06-04,3,452891.5256512414,3903021.2123979335,True,
usa_NC_0032_0101,usa_NC_0032,101,9,40,37.8125,15.403299471716592,2.4354754906146385,0.7,64.5,2018-08-18,2020-06-04,3,452901.93675310136,3903088.6908012093,True,
usa_NC_0032_0102,usa_NC_0032,102,9,39,43.000000000000014,12.941833433929636,2.072351894628104,6.4,66.6,2018-08-18,2020-06-04,3,452913.28402430506,3903161.2838728973,True,
usa_NC_0032_0103,usa_NC_0032,103,9,41,44.800000000000004,12.658811160610622,1.9769741599900323,3.4,66.9,2018-08-18,2020-06-04,3,452921.1107324689,3903220.126830284,True,
usa_NC_0032_0104,usa_NC_0032,104,9,41,43.18780487804878,13.473403339949993,2.1041920850425,7.0,67.3,2018-08-18,2020-06-04,3,452929.26379682205,3903270.715990976,True,
usa_NC_0032_0105,usa_NC_0032,105,10,40,47.645,14.518263476014424,2.2955390127319464,14.1,75.3,2018-08-18,2020-06-04,3,452937.0186526686,3903321.3048642916,True,
usa_NC_0032_0106,usa_NC_0032,106,10,40,48.457499999999996,15.766792228588768,2.492948741849134,16.0,75.1,2018-08-18,2020-06-04,3,452944.1293421445,3903371.907770316,True,
usa_NC_0032_0107,usa_NC_0032,107,10,38,56.702631578947354,15.842595454200751,2.5700083489802044,24.7,84.9,2018-08-18,2020-06-04,3,452952.13068643765,3903422.423622085,True,
usa_NC_0032_0108,usa_NC_0032,108,10,37,50.82972972972973,18.970311086081395,3.118699931419374,19.5,86.4,2018-08-18,2020-06-04,3,452958.0274765526,3903472.9445118094,True,
usa_NC_0032_0109,usa_NC_0032,109,10,35,52.81142857142857,17.893307513746937,3.0245209952817915,22.8,85.4,2018-08-18,2020-06-04,3,452966.5813545055,3903523.556946813,True,
usa_NC_0032_0110,usa_NC_0032,110,10,34,62.847058823529416,17.97599805960323,3.082858233746438,28.4,98.1,2018-08-18,2020-06-04,3,452974.85079304664,3903574.3286972856,True,
usa_NC_0032_0111,usa_NC_0032,111,10,34,50.938235294117646,18.144253864697646,3.111713866262144,17.1,88.2,2018-08-18,2020-06-04,3,452983.34947192203,3903625.0840780614,True,
usa_NC_0032_0112,usa_NC_0032,112,10,35,53.83714285714285,16.995381478408735,2.8727437934422735,20.7,86.2,2018-08-18,2020-06-04,3,452992.1606949667,3903675.816847395,True,
usa_NC_0032_0113,usa_NC_0032,113,10,34,52.088235294117645,16.304521862203757,2.7962024307930475,22.7,82.9,2018-08-18,2020-06-04,3,452999.22598475445,3903726.6550816703,True,
usa_NC_0032_0114,usa_NC_0032,114,10,34,52.99411764705882,16.930248010076802,2.903513579839947,26.5,85.2,2018-08-18,2020-06-04,3,453007.5134691998,3903777.4156352608,True,
usa_NC_0032_0115,usa_NC_0032,115,11,32,57.35625,16.79354594729389,2.9687075548748427,29.6,91.6,2018-08-18,2020-06-04,3,453017.105421753,3903828.0869516386,True,
usa_NC_0032_0116,usa_NC_0032,116,11,34,56.188235294117646,17.548180682802773,3.0094881589257803,19.5,89.1,2018-08-18,2020-06-04,3,453025.09136505466,3903878.8603231357,True,
usa_NC_0032_0117,usa_NC_0032,117,11,35,59.95714285714284,16.568011093569396,2.8005050136238876,22.7,93.4,2018-08-18,2020-06-04,3,453035.53898531274,3903929.460580006,True,
usa_NC_0032_0118,usa_NC_0032,118,11,35,62.87714285714285,16.874834826455874,2.852367690284026,20.0,102.3,2018-08-18,2020-06-04,3,453045.5552498746,3903980.0816615373,True,
usa_NC_0032_0119,usa_NC_0032,119,11,39,61.91025641025642,15.639016574139433,2.504246851344106,18.0,98.1,2018-08-18,2020-06-04,3,453054.6606677945,3904030.7606840623,True,
usa_NC_0032_0120,usa_NC_0032,120,11,40,59.15,15.914112427621413,2.5162421105637582,14.6,103.6,2018-08-18,2020-06-04,3,453062.2294102219,3904081.548865438,True,
usa_NC_0032_0121,usa_NC_0032,121,11,40,61.0175,16.651401534913603,2.6328177542175375,16.2,106.0,2018-08-18,2020-06-04,3,453069.3792215347,3904132.368620548,True,
usa_NC_0032_0122,usa_NC_0032,122,11,40,58.855000000000004,15.48302544475972,2.4480812737891124,20.5,97.2,2018-08-18,2020-06-04,3,453077.69809703145,3904183.1745171766,True,
usa_NC_0032_0123,usa_NC_0032,123,11,38,60.56578947368421,13.681675974382461,2.2194609200149333,31.2,89.5,2018-08-18,2020-06-04,3,453087.0446231794,3904233.885942151,True,
usa_NC_0032_0124,usa_NC_0032,124,11,40,66.465,14.09532655773646,2.228666814315403,38.1,90.6,2018-08-18,2020-06-04,3,453094.86737037124,3904284.4127197466,True,
usa_NC_0032_0125,usa_NC_0032,125,12,40,70.5175,14.845613830354068,2.3472976483607697,41.1,98.4,2018-08-18,2020-06-04,3,453104.1194669238,3904334.8118183,True,
usa_NC_0032_0126,usa_NC_0032,126,12,37,64.57837837837839,12.931940112569153,2.125997858399897,39.4,86.0,2018-08-18,2020-06-04,3,453112.57374827063,3904385.263279614,True,
usa_NC_0032_0127,usa_NC_0032,127,12,34,66.09705882352942,12.90868829554678,2.2138217787319365,44.0,89.1,2018-08-18,2020-06-04,3,453119.19687335484,3904435.857358078,True,
usa_NC_0032_0128,usa_NC_0032,128,12,34,62.98529411764706,12.109303519569375,2.0767284206673504,43.5,87.1,2018-08-18,2020-06-04,3,453125.5088038698,3904486.470576721,True,
usa_NC_0032_0129,usa_NC_0032,129,12,33,56.76060606060606,13.487794004996225,2.3479235644030565,29.5,88.0,2018-08-18,2020-06-04,3,453131.5885968204,3904537.097234281,True,
usa_NC_0032_0130,usa_NC_0032,130,12,33,58.196969696969695,15.132136433111585,2.6341668398778793,25.2,92.3,2018-08-18,2020-06-04,3,453138.19262662926,3904587.6714831907,True,
usa_NC_0032_0131,usa_NC_0032,131,12,34,55.84117647058824,13.457252582114357,2.307899777737986,23.1,81.9,2018-08-18,2020-06-04,3,453145.6602130347,3904638.1610516147,True,
usa_NC_0032_0132,usa_NC_0032,132,12,32,53.396875,13.616510006534881,2.4070816404288236,18.0,72.5,2018-08-18,2020-06-04,3,453153.00889224105,3904688.223660409,True,
usa_NC_0032_0133,usa_NC_0032,133,12,33,52.53030303030304,13.96704793541939,2.4313509652186767,18.9,71.4,2018-08-18,2020-06-04,3,453160.48391521577,3904736.2181404578,True,
usa_NC_0032_0134,usa_NC_0032,134,12,33,56.124242424242425,11.942911870201252,2.0789941036501136,26.0,74.9,2018-08-18,2020-06-04,3,453168.6156362469,3904784.172188853,True,
usa_NC_0032_0135,usa_NC_0032,135,13,35,54.254285714285714,12.537246692230665,2.1191814769039534,28.7,83.1,2018-08-18,2020-06-04,3,453176.0382619322,3904832.2046171348,True,
usa_NC_0032_0136,usa_NC_0032,136,13,35,54.71142857142858,11.302622585529624,1.9104919135501977,28.4,74.8,2018-08-18,2020-06-04,3,453185.5377522911,3904880.0823098575,True,
usa_NC_0032_0137,usa_NC_0032,137,13,36,56.16388888888889,10.999042887653657,1.8331738146089427,26.1,72.4,2018-08-18,2020-06-04,3,453193.84604255465,3904928.0796259884,True,
usa_NC_0032_0138,usa_NC_0032,138,13,38,53.902631578947364,11.161383398759805,1.810615476732116,21.4,71.2,2018-08-18,2020-06-04,3,453201.15161994024,3904976.174734709,True,
usa_NC_0032_0139,usa_NC_0032,139,13,41,54.21219512195122,11.926822609604605,1.8626567543200327,23.0,75.6,2018-08-18,2020-06-04,3,453208.96446135896,3905024.246589499,True,
usa_NC_0032_0140,usa_NC_0032,140,13,40,47.515,11.92720548868136,1.8858567732547369,15.5,65.8,2018-08-18,2020-06-04,3,453216.1451739051,3905072.382764308,True,
usa_NC_0032_0141,usa_NC_0032,141,13,40,47.057500000000005,11.26139052988869,1.7805821847549375,19.1,65.5,2018-08-18,2020-06-04,3,453224.0549354352,3905120.783006293,True,
usa_NC_0032_0142,usa_NC_0032,142,13,38,45.31315789473685,11.774506842318317,1.9100772330747648,15.2,67.6,2018-08-18,2020-06-04,3,453233.24910471577,3905169.1722513638,True,
usa_NC_0032_0143,usa_NC_0032,143,13,35,41.728571428571435,11.80021364284591,1.9946001533913416,16.0,63.5,2018-08-18,2020-06-04,3,453242.6213466754,3905217.5660606264,True,
usa_NC_0032_0144,usa_NC_0032,144,13,35,48.37714285714286,10.87971900897655,1.8390081621374503,21.3,66.6,2018-08-18,2020-06-04,3,453253.61358599714,3905265.8668113644,True,
usa_NC_0032_0145,usa_NC_0032,145,13,32,43.2375,10.65656695914959,1.8838326902457951,15.3,58.6,2018-08-18,2020-06-04,3,453264.3910842793,3905314.204147003,True,
usa_NC_0032_0146,usa_NC_0032,146,14,32,55.05625,11.349461760720837,2.006320343455779,28.5,74.5,2018-08-18,2020-06-04,3,453274.42419052985,3905362.6117038173,True,
usa_NC_0032_0147,usa_NC_0032,147,14,30,50.516666666666666,10.884854499315292,1.9872934481455287,23.3,72.1,2018-08-18,2020-06-04,3,453286.3152213907,3905411.572026376,True,
usa_NC_0032_0148,usa_NC_0032,148,14,30,48.493333333333325,10.92898497774053,1.995350534314528,20.4,68.8,2018-08-18,2020-06-04,3,453299.52227909386,3905460.875113851,True,
usa_NC_0032_0149,usa_NC_0032,149,14,31,53.074193548387086,12.144380531530773,2.1811951332936697,22.3,79.5,2018-08-18,2020-06-04,3,453312.1578758703,3905510.2101740297,True,
usa_NC_0032_0150,usa_NC_0032,150,14,32,54.275000000000006,12.095186992646985,2.1381471855550016,22.9,79.2,2018-08-18,2020-06-04,3,453322.4196174452,3905559.697902164,True,
usa_NC_0032_0151,usa_NC_0032,151,14,33,55.95757575757576,11.223191121040127,1.953706802693466,27.8,77.8,2018-08-18,2020-06-04,3,453332.285067145,3905609.210159279,True,
usa_NC_0032_0152,usa_NC_0032,152,14,34,54.54411764705883,13.69844475083943,2.349263893421789,23.1,80.6,2018-08-18,2020-06-04,3,453339.5121960518,3905658.8931396822,True,
usa_NC_0032_0153,usa_NC_0032,153,14,32,56.85,13.648703116933621,2.4127726320964324,25.5,79.5,2018-08-18,2020-06-04,3,453349.95216896315,3905708.365751201,True,
usa_NC_0032_0154,usa_NC_0032,154,14,32,56.084375,13.38839433324925,2.3667561055600226,26.0,80.4,2018-08-18,2020-06-04,3,453360.1612346807,3905757.8521645656,True,
usa_NC_0032_0155,usa_NC_0032,155,14,34,55.35,14.35367654306834,2.4616352187294375,22.0,80.3,2018-08-18,2020-06-04,3,453368.796410574,3905807.440278015,True,
usa_NC_0032_0156,usa_NC_0032,156,15,35,55.97428571428572,13.740116080876696,2.32250351324333,21.8,78.7,2018-08-18,2020-06-04,3,453379.00220342167,3905856.9245375707,True,
usa_NC_0032_0157,usa_NC_0032,157,15,38,56.30526315789475,13.00933027688976,2.1103920454765133,20.5,83.5,2018-08-18,2020-06-04,3,453388.5678479941,3905906.4495288935,True,
usa_NC_0032_0158,usa_NC_0032,158,15,40,58.32000000000001,13.326726568277786,2.1071404855018625,15.4,84.8,2018-08-18,2020-06-04,3,453398.68961470516,3905955.936882866,True,
usa_NC_0032_0159,usa_NC_0032,159,15,40,63.842499999999994,13.967157218605035,2.2084014624227106,17.3,92.7,2018-08-18,2020-06-04,3,453407.82477687654,3906005.4759555785,True,
usa_NC_0032_0160,usa_NC_0032,160,15,39,58.36153846153846,13.661540627165456,2.1875972787611966,13.2,81.8,2018-08-18,2020-06-04,3,453415.24539280165,3906055.1258084574,True,
usa_NC_0032_0161,usa_NC_0032,161,15,40,53.86,13.081221616284887,2.06832274424447,12.1,77.1,2018-08-18,2020-06-04,3,453423.8506841668,3906104.69708989,True,
usa_NC_0032_0162,usa_NC_0032,162,15,38,48.60526315789473,12.954889453009123,2.101560577659067,9.3,73.9,2018-08-18,2020-06-04,3,453432.64686491736,3906154.255074921,True,
usa_NC_0032_0163,usa_NC_0032,163,15,39,52.82051282051283,13.210665138981648,2.115399419242356,9.1,84.5,2018-08-18,2020-06-04,3,453440.7583294524,3906203.857471213,True,
usa_NC_0032_0164,usa_NC_0032,164,15,40,43.665,14.668849779248331,2.319348797864143,2.1,73.6,2018-08-18,2020-06-04,3,453447.94559975574,3906253.5202034847,True,
usa_NC_0032_0165,usa_NC_0032,165,15,38,41.21842105263157,13.887965921600788,2.2529255684176803,11.4,75.2,2018-08-18,2020-06-04,3,453457.54147969605,3906303.023254669,True,
usa_NC_0032_0166,usa_NC_0032,166,16,35,42.78,14.835030085815763,2.5075777592105486,12.9,82.9,2018-08-18,2020-06-04,3,453467.17442982725,3906352.526227072,True,
usa_NC_0032_0167,usa_NC_0032,167,16,34,41.317647058823525,13.916971775023805,2.3867409688848125,8.7,73.3,2018-08-18,2020-06-04,3,453475.10800603457,3906402.1416453146,True,
usa_NC_0032_0168,usa_NC_0032,168,16,32,43.325,12.80675225128551,2.2639353404650167,13.5,74.9,2018-08-18,2020-06-04,3,453484.0629732185,3906451.6889250674,True,
usa_NC_0032_0169,usa_NC_0032,169,16,33,38.209090909090904,13.033475256919287,2.2688368216810963,7.6,67.8,2018-08-18,2020-06-04,3,453491.60206488386,3906501.3294588407,True,
usa_NC_0032_0170,usa_NC_0032,170,16,34,39.28529411764706,13.904198893879878,2.3845504378404354,11.1,70.4,2018-08-18,2020-06-04,3,453499.7298907878,3906550.9304732457,True,
usa_NC_0032_0171,usa_NC_0032,171,16,34,39.076470588235296,14.078052095447688,2.4143660159318103,6.7,66.4,2018-08-18,2020-06-04,3,453507.78388600424,3906600.5358862127,True,
usa_NC_0032_0172,usa_NC_0032,172,16,34,40.87058823529412,14.052316306676552,2.409952364570034,7.9,71.5,2018-08-18,2020-06-04,3,453517.61879059597,3906650.0223917365,True,
usa_NC_0032_0173,usa_NC_0032,173,16,34,42.21470588235293,13.836055935499372,2.3728640168907535,11.0,72.4,2018-08-18,2020-06-04,3,453527.28218082903,3906699.551713657,True,
usa_NC_0032_0174,usa_NC_0032,174,16,34,46.15588235294118,14.083456686061274,2.4152928955753143,19.3,73.5,2018-08-18,2020-06-04,3,453538.0069188902,3906749.6271780804,True,
usa_NC_0032_0175,usa_NC_0032,175,16,36,49.986111111111114,13.329990950115409,2.221665158352568,23.3,73.9,2018-08-18,2020-06-04,3,453547.75619441905,3906799.7771205236,True,
usa_NC_0032_0176,usa_NC_0032,176,17,35,49.89428571428572,12.81650918007806,2.166385452862013,18.5,73.6,2018-08-18,2020-06-04,3,453557.8055086848,3906849.8898012997,True,
usa_NC_0032_0177,usa_NC_0032,177,17,39,44.72564102564104,12.337868918362428,1.9756401717865428,16.2,69.8,2018-08-18,2020-06-04,3,453567.1988395811,3906900.0328069767,True,
usa_NC_0032_0178,usa_NC_0032,178,17,38,55.87368421052632,12.697045500356465,2.05973276522978,26.0,78.4,2018-08-18,2020-06-04,3,453575.74313164153,3906950.2229504096,True,
usa_NC_0032_0179,usa_NC_0032,179,17,39,40.40256410256409,12.527306745864939,2.0059745013653667,13.7,68.1,2018-08-18,2020-06-04,3,453583.51485737524,3907000.457985867,True,
usa_NC_0032_0180,usa_NC_0032,180,17,41,38.041463414634144,12.566064929200312,1.962489632129693,9.6,69.8,2018-08-18,2020-06-04,3,453592.67650596006,3907050.5766003253,True,
usa_NC_0032_0181,usa_NC_0032,181,17,39,42.287179487179486,12.596473597738198,2.0170500616603415,10.6,66.7,2018-08-18,2020-06-04,3,453603.2341863551,3907100.5726508913,True,
usa_NC_0032_0182,usa_NC_0032,182,17,40,42.5375,12.615450183538174,1.9946778144184922,9.1,70.3,2018-08-18,2020-06-04,3,453611.7839098764,3907150.708554168,True,
usa_NC_0032_0183,usa_NC_0032,183,17,40,44.7875,12.261429780266665,1.9387022737930277,13.9,69.4,2018-08-18,2020-06-04,3,453620.2545167603,3907200.83794563,True,
usa_NC_0032_0184,usa_NC_0032,184,17,37,43.464864864864865,11.657739828024036,1.9165206219964817,21.0,70.1,2018-08-18,2020-06-04,3,453630.15133158804,3907250.838171,True,
usa_NC_0032_0185,usa_NC_0032,185,17,35,44.05999999999999,11.98362117519526,2.025601684654204,19.8,76.2,2018-08-18,2020-06-04,3,453640.57926142705,3907300.7777092014,True,
usa_NC_0032_0186,usa_NC_0032,186,18,35,45.400000000000006,11.734639521769823,1.9835161039058342,17.2,81.3,2018-08-18,2020-05-03,3,453649.2725754512,3907350.845189009,True,
usa_NC_0032_0187,usa_NC_0032,187,18,31,43.46129032258065,11.625623350150729,2.0880235930533484,12.3,71.3,2018-08-18,2020-05-03,3,453657.6542610941,3907400.925931051,True,
usa_NC_0032_0188,usa_NC_0032,188,18,33,43.25757575757575,10.59973555988044,1.8451771200142435,19.2,67.1,2018-08-18,2020-05-03,3,453666.78206383326,3907450.929247997,True,
usa_NC_0032_0189,usa_NC_0032,189,18,34,37.6,10.263350507332566,1.7601500908291854,14.7,60.2,2018-08-18,2020-05-03,3,453676.16354221216,3907500.895574755,True,
usa_NC_0032_0190,usa_NC_0032,190,18,31,37.65483870967742,11.293503699315444,2.0283731428560503,13.0,65.5,2018-08-18,2020-05-03,3,453685.0030640827,3907550.920682242,True,
usa_NC_0032_0191,usa_NC_0032,191,18,33,38.118181818181824,11.679347545599844,2.033113443829954,15.6,64.3,2018-08-18,2020-05-03,3,453692.3823537401,3907601.180747194,True,
usa_NC_0032_0192,usa_NC_0032,192,18,33,33.875757575757575,12.359688262225466,2.151545561031362,10.9,62.5,2018-08-18,2020-05-03,3,453700.81135793397,3907651.292101386,True,
usa_NC_0032_0193,usa_NC_0032,193,18,34,54.42352941176472,14.499384706350304,2.486623962576008,25.3,86.6,2018-08-18,2020-05-03,3,453709.95571326115,3907701.320940708,True,
usa_NC_0032_0194,usa_NC_0032,194,18,34,58.411764705882355,14.456722557152231,2.4793074643493997,26.0,84.9,2018-08-18,2020-05-03,3,453718.30354611616,3907751.4092681305,True,
usa_NC_0032_0195,usa_NC_0032,195,18,34,56.711764705882345,13.604160787451676,2.333094327099161,23.5,76.1,2018-09-03,2020-05-03,3,453726.9945736281,3907801.449426458,True,
usa_NC_0032_0196,usa_NC_0032,196,19,35,52.08857142857143,13.71638718143099,2.3184925971780173,19.5,76.8,2018-08-26,2020-05-03,3,453737.1824690943,3907851.325095659,True,
usa_NC_0032_0197,usa_NC_0032,197,19,37,64.08918918918918,13.527785886500089,2.2239543002243196,34.8,89.9,2018-08-26,2020-05-03,3,453748.25716594385,3907901.0906693,True,
usa_NC_0032_0198,usa_NC_0032,198,19,36,56.46666666666667,12.772716457914726,2.128786076319121,26.4,83.3,2018-08-26,2020-05-03,3,453759.06212252355,3907950.8605639483,True,
usa_NC_0032_0199,usa_NC_0032,199,19,38,48.85263157894737,12.581447878740438,2.0409803547718917,19.0,75.6,2018-08-26,2020-05-03,3,453768.4949986673,3908000.7668593423,True,
usa_NC_0032_0200,usa_NC_0032,200,19,36,39.949999999999996,13.22859456955705,2.2047657615928418,12.8,68.3,2018-08-18,2020-05-03,3,453779.33344381675,3908050.514014823,True,
usa_NC_0032_0201,usa_NC_0032,201,19,38,47.45,14.065479113869626,2.2817220107369893,17.9,76.4,2018-08-18,2020-05-03,3,453788.9577159297,3908100.375910757,True,
usa_NC_0032_0202,usa_NC_0032,202,19,37,43.516216216216215,15.168580712803713,2.4936993080445053,11.6,74.6,2018-08-18,2020-05-03,3,453798.28733553726,3908150.258140383,True,
usa_NC_0032_0203,usa_NC_0032,203,19,35,41.97428571428572,14.4798915915901,2.447548397328009,19.3,70.2,2018-08-18,2020-05-03,3,453805.85342853505,3908200.3246237617,True,
usa_NC_0032_0204,usa_NC_0032,204,19,35,36.72571428571429,13.562477277988943,2.292477075230237,13.3,61.1,2018-08-18,2020-05-03,3,453812.92712480656,3908250.4411842534,True,
usa_NC_0032_0205,usa_NC_0032,205,19,34,38.1970588235294,13.935707031983826,2.389954038945737,0.3,58.7,2018-08-18,2020-05-03,3,453818.9516367437,3908300.6735831536,True,
usa_NC_0032_0206,usa_NC_0032,206,20,31,53.70322580645162,12.915558676030184,2.319702816852934,19.0,72.9,2018-08-18,2020-05-03,3,453825.6878901906,3908350.823564762,True,
usa_NC_0032_0207,usa_NC_0032,207,20,32,35.021875,12.21719397525603,2.159715176743743,9.4,54.2,2018-08-18,2020-05-03,3,453832.77569010796,3908400.9298745384,True,
usa_NC_0032_0208,usa_NC_0032,208,20,34,36.449999999999996,12.32286000845091,2.113353056358535,14.9,56.7,2018-08-18,2020-05-03,3,453841.72464275785,3908450.811646807,True,
usa_NC_0032_0209,usa_NC_0032,209,20,31,41.84516129032257,12.194693892828345,2.1902316797455024,19.0,60.9,2018-08-18,2020-05-03,3,453849.6324886085,3908500.8162447615,True,
usa_NC_0032_0210,usa_NC_0032,210,20,33,51.484848484848484,12.440009073854238,2.1655276196441573,25.5,73.3,2018-08-18,2020-05-03,3,453857.79133569635,3908550.7845684537,True,
usa_NC_0032_0211,usa_NC_0032,211,20,30,37.49666666666668,13.632225596455028,2.488892489392579,7.3,58.3,2018-08-18,2020-05-03,3,453867.376894253,3908600.498306853,True,
usa_NC_0032_0212,usa_NC_0032,212,20,32,56.090625,12.498938261360054,2.2095210005599224,28.5,78.4,2018-09-03,2020-05-03,3,453878.37312410923,3908650.4146589274,True,
usa_NC_0032_0213,usa_NC_0032,213,20,34,54.276470588235306,12.468604422977116,2.138348017242203,26.0,74.0,2018-09-03,2020-05-03,3,453887.65766672214,3908700.332919552,True,
usa_NC_0032_0214,usa_NC_0032,214,20,34,83.90588235294116,12.839166903409993,2.20189895834334,59.7,110.1,2018-09-03,2020-05-03,3,453898.8510594831,3908749.9900584565,True,
usa_NC_0033_0001,usa_NC_0033,1,20,41,55.39512195121951,12.98662679874016,2.028170361402636,32.2,79.7,2018-08-26,2020-05-12,3,453906.98372000427,3908800.0292658573,True,
usa_NC_0033_0002,usa_NC_0033,2,21,43,51.90930232558139,13.17943589286135,2.0098451314515713,26.6,79.2,2018-08-26,2020-05-12,3,453918.05537207425,3908849.6613873243,True,
usa_NC_0033_0003,usa_NC_0033,3,21,42,42.7452380952381,12.958831669352408,1.9995911381759244,18.0,69.8,2018-08-26,2020-05-12,3,453928.1874485161,3908899.408087695,True,
usa_NC_0033_0004,usa_NC_0033,4,21,44,37.67272727272728,12.97129861416518,1.9554968430383126,10.0,65.5,2018-08-26,2020-05-12,3,453935.2269596458,3908949.5717638764,True,
usa_NC_0033_0005,usa_NC_0033,5,21,40,40.635000000000005,13.514390241137171,2.1368127175172815,7.7,68.9,2018-08-26,2020-05-12,3,453943.81297019986,3908999.5221534558,True,
usa_NC_0033_0006,usa_NC_0033,6,21,40,36.097500000000004,15.039511849347596,2.3779556170514766,-2.1,71.0,2018-08-26,2020-05-12,3,453951.71020510857,3909049.567053808,True,
usa_NC_0033_0007,usa_NC_0033,7,21,42,31.78809523809524,14.34272488960871,2.213130498051299,-4.4,61.0,2018-08-26,2020-05-12,3,453957.45383372233,3909099.9213070036,True,
usa_NC_0033_0008,usa_NC_0033,8,21,41,30.02926829268293,14.028938732178549,2.190952137109096,-1.3,56.3,2018-08-26,2020-05-12,3,453964.0971952868,3909150.1525072185,True,
usa_NC_0033_0009,usa_NC_0033,9,21,41,31.358536585365854,14.59299447697004,2.2790428446880626,4.7,73.4,2018-08-18,2020-05-12,3,453973.0966164625,3909200.039976061,True,
usa_NC_0033_0010,usa_NC_0033,10,21,40,28.217499999999994,13.019568851422196,2.0585745861938247,5.2,52.2,2018-08-18,2020-05-12,3,453980.0691658784,3909249.9422688293,True,
usa_NC_0033_0011,usa_NC_0033,11,21,38,23.91578947368421,12.1313426167185,1.9679636395082587,-5.8,44.3,2018-08-18,2020-05-12,3,453989.90288404573,3909299.400188336,True,
usa_NC_0033_0012,usa_NC_0033,12,21,38,23.205263157894734,11.607475395796081,1.8829811544464008,1.1,45.5,2018-08-18,2020-05-12,3,453999.6690704362,3909348.863731355,True,
usa_NC_0033_0013,usa_NC_0033,13,22,37,20.694594594594594,10.766923266961488,1.7700712814829578,-2.5,46.9,2018-08-18,2020-05-12,3,454009.48975325126,3909398.314508786,True,
usa_NC_0033_0014,usa_NC_0033,14,22,39,23.733333333333334,11.631000620694529,1.8624506562976375,1.9,49.1,2018-08-18,2020-05-12,3,454019.43130387575,3909447.742171249,True,
usa_NC_0033_0015,usa_NC_0033,15,22,39,23.73333333333333,12.363578372600651,1.979756979229046,-7.9,45.6,2018-08-18,2020-05-12,3,454029.649447685,3909497.1222286187,True,
usa_NC_0033_0016,usa_NC_0033,16,22,38,20.94473684210526,13.508349717527986,2.191343688308725,-7.8,46.9,2018-08-18,2020-05-12,3,454039.83109536226,3909546.5025154096,True,
usa_NC_0033_0017,usa_NC_0033,17,22,39,20.92820512820513,15.535781258927281,2.487715970911698,-8.0,61.4,2018-08-18,2020-05-12,3,454049.8283877943,3909596.0260370127,True,
usa_NC_0033_0018,usa_NC_0033,18,22,39,19.635897435897437,16.055553018381083,2.570946063153057,-7.9,64.6,2018-08-18,2020-05-12,3,454060.0861030115,3909645.5769946845,True,
usa_NC_0033_0019,usa_NC_0033,19,22,41,16.51219512195122,15.976767431523047,2.495151872600317,-6.6,60.8,2018-08-18,2020-05-12,3,454070.43221302016,3909695.1052768813,True,
usa_NC_0033_0020,usa_NC_0033,20,22,41,15.658536585365853,15.335676959458883,2.395030361867114,-9.6,50.5,2018-08-18,2020-05-12,3,454080.511180867,3909744.668127113,True,
usa_NC_0033_0021,usa_NC_0033,21,22,44,17.329545454545453,14.133262424696134,2.130669478470258,-13.8,49.3,2018-08-18,2020-05-12,3,454091.47829367756,3909794.0774148516,True,
usa_NC_0033_0022,usa_NC_0033,22,22,43,18.734883720930235,14.493625589349701,2.210257181311884,-15.2,52.6,2018-08-18,2020-05-12,3,454100.5766162396,3909843.7862085896,True,
usa_NC_0033_0023,usa_NC_0033,23,23,43,23.934883720930227,14.43837287562837,2.2018312214623843,-11.0,51.0,2018-08-18,2020-05-12,3,454109.34790758335,3909893.5482386984,True,
usa_NC_0033_0024,usa_NC_0033,24,23,42,29.78333333333333,13.464568076842829,2.07762796004949,-0.1,53.7,2018-08-18,2020-05-12,3,454120.24268945586,3909942.9505405896,True,
usa_NC_0033_0025,usa_NC_0033,25,23,41,29.30243902439024,13.642754263800217,2.1306402558995003,-0.5,51.7,2018-08-18,2020-05-12,3,454127.5147332397,3909992.9643358034,True,
usa_NC_0033_0026,usa_NC_0033,26,23,43,26.002325581395347,12.47069876936472,1.9017637333766924,-2.5,51.4,2018-08-18,2020-05-12,3,454135.1780662045,3910042.8966933545,True,
usa_NC_0033_0027,usa_NC_0033,27,23,44,23.622727272727275,11.403117966843567,1.719084715280929,-10.3,49.1,2018-08-18,2020-05-12,3,454143.5098016259,3910092.499129643,True,
usa_NC_0033_0028,usa_NC_0033,28,23,43,22.66511627906977,10.22957625433723,1.5599957538947888,0.1,40.2,2018-08-18,2020-05-12,3,454151.6323294447,3910142.1386389094,True,
usa_NC_0033_0029,usa_NC_0033,29,23,43,41.73255813953488,11.144371223482167,1.699500678836851,17.3,68.4,2018-08-18,2020-05-12,3,454158.36012226774,3910192.023896316,True,
usa_NC_0033_0030,usa_NC_0033,30,23,44,34.32954545454546,12.819127778358627,1.9325562263835347,4.5,69.3,2018-08-18,2020-07-23,3,454165.82443038543,3910241.782862154,True,
usa_NC_0033_0031,usa_NC_0033,31,23,42,31.95714285714286,12.055403461238468,1.8601891392136933,6.6,61.9,2018-08-18,2020-07-23,3,454173.42993740086,3910291.519002592,True,
usa_NC_0033_0032,usa_NC_0033,32,23,42,33.91904761904762,11.163884237395592,1.7226247364191336,7.3,59.8,2018-08-18,2020-07-23,3,454182.9225119742,3910340.920421337,True,
usa_NC_0033_0033,usa_NC_0033,33,24,40,33.677499999999995,10.269059515522018,1.62368087484374,13.2,56.3,2018-08-18,2020-07-23,3,454191.7591487219,3910390.4378289287,True,
usa_NC_0033_0034,usa_NC_0033,34,24,41,28.470731707317068,11.69160476372767,1.8259218984660974,8.9,51.6,2018-08-18,2020-07-23,3,454200.49227197975,3910439.973466214,True,
usa_NC_0033_0035,usa_NC_0033,35,24,43,26.99767441860465,12.660690727641864,1.9307372353886487,-2.5,51.1,2018-08-18,2020-07-23,3,454208.1720183144,3910489.699916219,True,
usa_NC_0033_0036,usa_NC_0033,36,24,37,25.50540540540541,12.475196412302514,2.05090965661796,-3.5,48.4,2018-08-18,2020-05-12,3,454216.46504483465,3910539.316397364,True,
usa_NC_0033_0037,usa_NC_0033,37,24,39,25.205128205128204,12.400211133982415,1.98562291567789,-17.0,51.6,2018-08-18,2020-05-12,3,454223.29035133857,3910589.2025219263,True,
usa_NC_0033_0038,usa_NC_0033,38,24,40,27.3325,12.439481964232334,1.966854795977969,-17.8,54.6,2018-08-18,2020-05-12,3,454233.2732974252,3910638.5103119826,True,
usa_NC_0033_0039,usa_NC_0033,39,24,40,16.677500000000002,11.320131545398588,1.7898699548090653,-3.0,45.1,2018-08-18,2020-05-12,3,454244.67088690115,3910687.5533784903,True,
usa_NC_0033_0040,usa_NC_0033,40,24,42,19.06904761904762,11.649526067932257,1.7975608977526636,-1.2,47.0,2018-08-18,2020-05-12,3,454253.72171446,3910737.0280528683,True,
usa_NC_0033_0041,usa_NC_0033,41,24,41,16.024390243902438,12.968380401727211,2.025320752940211,-8.2,43.0,2018-08-18,2020-05-12,3,454265.6587863876,3910785.9615995735,True,
usa_NC_0033_0042,usa_NC_0033,42,24,44,30.568181818181824,14.274481585133412,2.151959067942051,4.6,64.3,2018-08-18,2020-07-23,3,454277.3270279005,3910834.938332999,True,
usa_NC_0033_0043,usa_NC_0033,43,25,45,25.622222222222224,15.15792455343662,2.2596099799531615,-8.8,61.6,2018-08-18,2020-07-23,3,454288.72402054444,3910883.9620969007,True,
usa_NC_0033_0044,usa_NC_0033,44,25,42,36.50952380952381,16.527166247059895,2.550197117301756,-8.3,73.9,2018-08-18,2020-07-23,3,454300.6700226606,3910932.8789010537,True,
usa_NC_0033_0045,usa_NC_0033,45,25,44,29.422727272727272,17.663875416074124,2.6629294135773063,-10.7,69.2,2018-08-18,2020-07-23,3,454310.6058231939,3910982.176187284,True,
usa_NC_0033_0046,usa_NC_0033,46,25,44,34.352272727272734,16.513539034948682,2.489509679082381,5.9,78.5,2018-08-18,2020-07-23,3,454321.0252208289,3911031.3808676763,True,
usa_NC_0033_0047,usa_NC_0033,47,25,43,30.57209302325581,16.92865034956441,2.581594975969121,0.1,80.3,2018-08-18,2020-07-23,3,454327.8897094702,3911081.161122346,True,
usa_NC_0033_0048,usa_NC_0033,48,25,44,30.36363636363636,16.01723041572028,2.414688339527837,1.2,76.1,2018-08-18,2020-07-23,3,454337.0108497565,3911130.508601637,True,
usa_NC_0033_0049,usa_NC_0033,49,25,43,28.420930232558142,15.617245628433528,2.381607630869233,2.3,73.3,2018-08-18,2020-07-23,3,454345.39174740575,3911180.000782462,True,
usa_NC_0033_0050,usa_NC_0033,50,25,41,33.104878048780485,14.36859337617138,2.2439972806043915,9.5,69.0,2018-08-18,2020-07-23,3,454355.67889733246,3911229.1242019595,True,
usa_NC_0033_0051,usa_NC_0033,51,25,40,28.9925,13.402207768756723,2.119075111203724,-1.5,59.2,2018-08-18,2020-07-23,3,454367.96304184716,3911277.8576226453,True,
usa_NC_0033_0052,usa_NC_0033,52,25,39,30.641025641025646,11.576512472486737,1.8537255697208657,8.4,53.7,2018-08-18,2020-07-23,3,454378.582923112,3911326.914124372,True,
usa_NC_0033_0053,usa_NC_0033,53,26,40,26.967499999999994,12.74242635792648,2.0147545104005813,-1.6,49.2,2018-08-18,2020-07-23,3,454390.56931204227,3911375.7015641322,True,
usa_NC_0033_0054,usa_NC_0033,54,26,40,25.07,11.782520735046251,1.8629801050453736,2.0,47.7,2018-08-18,2020-07-23,3,454399.91860602703,3911425.0061219158,True,
usa_NC_0033_0055,usa_NC_0033,55,26,39,15.715384615384618,11.844997577514993,1.8967175939132053,-5.9,36.8,2018-08-18,2020-07-23,3,454409.06421018625,3911474.451633624,True,
usa_NC_0033_0056,usa_NC_0033,56,26,40,13.665000000000001,13.790010319625749,2.1803920783621957,-21.6,38.1,2018-08-18,2020-05-12,3,454419.4540881171,3911524.030190017,True,
usa_NC_0033_0057,usa_NC_0033,57,26,40,15.555000000000001,12.314551534147702,1.947101560571376,-26.8,37.6,2018-08-18,2020-05-12,3,454430.9501013896,3911573.383958399,True,
usa_NC_0033_0058,usa_NC_0033,58,26,39,20.784615384615385,10.724186595618887,1.7172442006177149,-0.1,45.4,2018-08-18,2020-05-12,3,454444.54951729794,3911622.301761389,True,
usa_NC_0033_0059,usa_NC_0033,59,26,43,7.088372093023256,11.76842444652165,1.794667903161826,-11.1,42.9,2018-08-18,2020-05-12,3,454460.5370944588,3911670.7108392804,True,
usa_NC_0033_0060,usa_NC_0033,60,26,43,28.090697674418603,12.087238724284864,1.843286624722338,12.1,64.7,2018-08-18,2020-05-12,3,454472.9260608887,3911719.8461149507,True,
usa_NC_0033_0061,usa_NC_0033,61,26,43,26.311627906976746,12.421222417074768,1.8942186603872022,-2.7,64.6,2018-08-18,2020-05-12,3,454486.0134677999,3911768.824153613,True,
usa_NC_0033_0062,usa_NC_0033,62,26,46,28.265217391304343,12.872023364927768,1.8978763045964915,9.0,65.0,2018-08-18,2020-07-23,3,454499.06407783524,3911817.7971774004,True,
usa_NC_0033_0064,usa_NC_0033,64,27,45,31.864444444444448,12.356285767972427,1.8419663284399692,6.5,62.9,2018-08-18,2020-07-23,3,454524.27974994254,3911915.8978036838,True,
usa_NC_0033_0065,usa_NC_0033,65,27,46,38.54130434782609,12.808670259493182,1.8885353988027287,9.9,75.9,2018-08-18,2020-07-23,3,454536.37173301104,3911965.045355668,True,
usa_NC_0033_0066,usa_NC_0033,66,27,44,40.47954545454545,11.461027583814447,1.7278149185193656,19.6,73.5,2018-08-18,2020-07-23,3,454550.3572423604,3912013.7637359337,True,
usa_NC_0033_0067,usa_NC_0033,67,27,44,42.913636363636364,12.073661337690883,1.8201729319518691,19.2,71.9,2018-08-18,2020-07-23,3,454562.6433841054,3912062.7429652372,True,
usa_NC_0033_0068,usa_NC_0033,68,27,44,42.08636363636362,11.887546559889076,1.792115073501462,18.7,69.6,2018-08-18,2020-07-23,3,454575.3083625259,3912111.5638026325,True,
usa_NC_0033_0069,usa_NC_0033,69,27,42,45.18571428571429,15.19886984612024,2.3452365328941776,19.9,95.9,2018-08-18,2020-07-23,3,454588.62400406523,3912160.2287616585,True,
usa_NC_0033_0070,usa_NC_0033,70,27,41,42.07560975609757,14.542193446791389,2.271109056697246,14.0,85.9,2018-08-18,2020-07-23,3,454601.93855709984,3912208.8766225334,True,
usa_NC_0033_0071,usa_NC_0033,71,27,40,43.8125,12.397853153692084,1.9602727030984282,17.2,72.6,2018-08-18,2020-07-23,3,454615.21840394184,3912257.5132769123,True,
usa_NC_0033_0072,usa_NC_0033,72,27,40,44.7975,11.463755313920299,1.8125788665423352,23.2,74.9,2018-08-18,2020-07-23,3,454630.7591658232,3912305.61619463,True,
usa_NC_0033_0073,usa_NC_0033,73,27,39,47.400000000000006,11.524527619043882,1.8454013311132333,27.3,79.1,2018-08-18,2020-07-23,3,454645.4022328426,3912353.9119240004,True,
usa_NC_0033_0074,usa_NC_0033,74,28,41,49.64146341463415,15.0182385053933,2.3454548043275882,26.1,90.3,2018-08-18,2020-07-23,3,454658.881407404,3912402.467093295,True,
usa_NC_0033_0075,usa_NC_0033,75,28,38,49.35526315789474,15.619698190121918,2.533849638035177,21.5,83.2,2018-08-18,2020-05-12,3,454669.70624147897,3912451.639359417,True,
usa_NC_0033_0076,usa_NC_0033,76,28,40,48.980000000000004,16.93755045408324,2.678061870946111,19.5,86.0,2018-08-18,2020-05-12,3,454680.2406219383,3912500.8785334593,True,
usa_NC_0033_0077,usa_NC_0033,77,28,40,50.220000000000006,18.062302434373343,2.8559007739711877,24.6,89.0,2018-08-18,2020-05-12,3,454690.99048529426,3912550.0648000776,True,
usa_NC_0033_0078,usa_NC_0033,78,28,42,56.916666666666664,18.046497081444063,2.784634954747933,28.9,91.9,2018-08-18,2020-05-12,3,454705.55142996024,3912598.3306493172,True,
usa_NC_0033_0079,usa_NC_0033,79,28,44,55.31818181818183,17.16387868464052,2.58755207018779,22.8,90.3,2018-08-18,2020-05-12,3,454717.71902205684,3912647.163249951,True,
usa_NC_0033_0080,usa_NC_0033,80,28,42,51.73095238095239,15.802647016540755,2.4384013729206955,20.8,83.5,2018-08-18,2020-05-12,3,454732.21357683185,3912695.4212976824,True,
usa_NC_0033_0081,usa_NC_0033,81,28,47,54.48297872340426,15.887270254883669,2.3173965406533594,23.1,82.5,2018-08-18,2020-07-23,3,454746.0773987493,3912743.8266434874,True,
usa_NC_0033_0082,usa_NC_0033,82,28,46,60.86521739130434,14.804777267885218,2.18284532081455,28.5,89.5,2018-08-18,2020-07-23,3,454760.6833061301,3912792.0483211726,True,
usa_NC_0033_0083,usa_NC_0033,83,28,46,66.35434782608696,13.426933240017396,1.9796933020693759,35.7,95.4,2018-08-18,2020-07-23,3,454775.9558697584,3912840.101648723,True,
usa_NC_0033_0084,usa_NC_0033,84,29,47,64.43191489361702,12.862552765480627,1.876196149778052,31.0,94.3,2018-08-18,2020-07-23,3,454790.62412364245,3912888.3016038807,True,
usa_NC_0033_0085,usa_NC_0033,85,29,47,70.48936170212767,13.805516131991418,2.0137414932169744,33.9,97.2,2018-08-18,2020-07-23,3,454804.4575824722,3912936.7090234603,True,
usa_NC_0033_0086,usa_NC_0033,86,29,45,64.63333333333334,13.087954211967027,1.9510370202908642,24.6,93.8,2018-08-18,2020-07-23,3,454819.2882446714,3912984.863641936,True,
usa_NC_0033_0087,usa_NC_0033,87,29,45,56.60888888888889,13.712449920721053,2.044131344052925,23.9,84.2,2018-08-18,2020-07-23,3,454832.18734706694,3913033.5073529254,True,
usa_NC_0033_0088,usa_NC_0033,88,29,44,70.06136363636364,12.673470109203693,1.9105975065460512,38.8,93.6,2018-08-18,2020-07-23,3,454847.3278783102,3913081.5790015925,True,
usa_NC_0033_0089,usa_NC_0033,89,29,42,77.75000000000001,12.05866250723581,1.8606920209287638,53.3,99.1,2018-08-18,2020-07-23,3,454862.2990114343,3913129.690130322,True,
usa_NC_0033_0090,usa_NC_0033,90,29,41,79.66585365853656,11.75418244192461,1.8356948898803684,54.9,99.2,2018-08-18,2020-07-23,3,454876.3024978913,3913178.0487272986,True,
usa_NC_0033_0091,usa_NC_0033,91,29,41,76.6390243902439,11.847929735797315,1.8503357574313453,54.4,106.1,2018-08-18,2020-07-23,3,454888.9984828705,3913226.748019097,True,
usa_NC_0033_0092,usa_NC_0033,92,29,41,76.9170731707317,13.499257432152044,2.1082298158819093,44.6,112.2,2018-08-18,2020-07-23,3,454900.56978902663,3913275.7460934147,True,
usa_NC_0033_0093,usa_NC_0033,93,29,42,87.13571428571429,13.244544600418463,2.043677600566905,55.6,112.9,2018-08-18,2020-07-23,3,454913.7122918159,3913324.3359169597,True,
usa_NC_0033_0094,usa_NC_0033,94,30,38,87.43947368421054,12.735915155599937,2.0660382559422388,62.8,111.5,2018-08-18,2020-05-12,3,454925.2874961603,3913373.3442650447,True,
usa_NC_0033_0095,usa_NC_0033,95,30,40,98.67999999999999,11.842950948960617,1.8725349608184032,75.5,124.7,2018-08-18,2020-05-12,3,454936.39664383576,3913422.4850868955,True,
usa_NC_0033_0096,usa_NC_0033,96,30,41,89.89756097560976,12.810961864842119,2.0007361078438657,59.7,121.2,2018-08-18,2020-05-12,3,454947.84359390795,3913471.544371672,True,
usa_NC_0033_0097,usa_NC_0033,97,30,41,96.3731707317073,12.38749418547278,1.9346015673185182,64.8,132.1,2018-08-18,2020-05-12,3,454960.3755957446,3913520.317063643,True,
usa_NC_0033_0098,usa_NC_0033,98,30,44,87.87727272727273,12.271973432333125,1.8500696051026766,60.2,124.5,2018-08-18,2020-05-12,3,454973.08965752495,3913569.0436864155,True,
usa_NC_0033_0099,usa_NC_0033,99,30,44,94.51136363636364,11.873699995604726,1.7900276253938836,69.6,127.1,2018-08-18,2020-05-12,3,454984.584385262,3913618.0662996364,True,
usa_NC_0033_0100,usa_NC_0033,100,30,46,100.49782608695654,11.204492930773297,1.6520123554369313,76.2,133.7,2018-08-18,2020-07-23,3,454998.0996700878,3913666.32718928,True,
usa_NC_0033_0101,usa_NC_0033,101,30,46,98.85652173913044,11.404300400851,1.681472359679549,75.7,126.9,2018-08-18,2020-07-23,3,455010.34616531257,3913714.936324063,True,
usa_NC_0033_0102,usa_NC_0033,102,30,47,92.69787234042556,11.158180648056076,1.627587925360671,70.0,124.9,2018-08-18,2020-07-23,3,455021.8638695701,3913763.747191578,True,
usa_NC_0033_0103,usa_NC_0033,103,30,46,92.85217391304346,11.291525615462142,1.664844624716867,71.9,122.4,2018-08-18,2020-07-23,3,455034.10969730484,3913812.359609734,True,
usa_NC_0033_0104,usa_NC_0033,104,31,48,102.84999999999998,12.915090958568008,1.8641328103844355,72.5,132.3,2018-08-18,2020-07-23,3,455043.7873743722,3913861.682052061,True,
usa_NC_0033_0105,usa_NC_0033,105,31,44,94.59545454545454,13.578795962403424,2.0470805141856823,61.4,126.9,2018-08-18,2020-07-23,3,455053.83010213735,3913910.821912055,True,
usa_NC_0033_0106,usa_NC_0033,106,31,46,88.4586956521739,14.776476441921035,2.1786725916735916,58.4,120.2,2018-08-18,2020-07-23,3,455063.2026547958,3913959.8176895543,True,
usa_NC_0033_0107,usa_NC_0033,107,31,44,93.36136363636363,14.604223917647472,2.201669594962312,64.0,127.1,2018-08-18,2020-07-23,3,455072.4072135022,3914008.8502822076,True,
usa_NC_0033_0108,usa_NC_0033,108,31,41,95.99756097560974,13.298881302667493,2.0769363219476284,74.3,128.7,2018-08-18,2020-07-23,3,455082.0943444798,3914057.741676879,True,
usa_NC_0033_0109,usa_NC_0033,109,31,40,94.25750000000001,11.261595448748905,1.7806145852716277,71.7,118.5,2018-08-18,2020-07-23,3,455091.7764646571,3914106.625940966,True,
usa_NC_0033_0110,usa_NC_0033,110,31,40,78.6,13.022426415364755,2.0590264067247275,54.8,105.9,2018-08-18,2020-07-23,3,455100.330771942,3914155.806834088,True,
usa_NC_0033_0111,usa_NC_0033,111,31,38,73.00526315789473,12.60975485473226,2.0455723526451997,48.0,92.9,2018-08-18,2020-07-23,3,455112.04377300065,3914204.1257008947,True,
usa_NC_0033_0112,usa_NC_0033,112,31,42,75.82142857142857,13.094767819662595,2.0205665415497367,37.8,97.3,2018-08-18,2020-07-23,3,455121.7685630279,3914252.974085354,True,
usa_NC_0033_0113,usa_NC_0033,113,31,40,71.4025,13.122724222723003,2.0748848825033703,31.2,94.7,2018-08-18,2020-07-23,3,455131.18376679067,3914301.896825797,True,
usa_NC_0033_0114,usa_NC_0033,114,31,38,69.78684210526316,11.457233547806819,1.8586087083522707,39.9,91.6,2018-08-18,2020-05-12,3,455139.3709345518,3914351.137266694,True,
usa_NC_0033_0115,usa_NC_0033,115,32,41,63.395121951219494,12.028776978968233,1.878579351724531,42.0,98.4,2018-08-18,2020-05-12,3,455149.3749043587,3914399.884506581,True,
usa_NC_0033_0116,usa_NC_0033,116,32,41,56.9390243902439,12.19554996809862,1.9046249168184313,33.7,86.3,2018-08-18,2020-05-12,3,455159.3009512525,3914448.6445947406,True,
usa_NC_0033_0117,usa_NC_0033,117,32,42,60.17857142857143,12.30723633485969,1.8990477952440281,36.2,90.6,2018-08-18,2020-05-12,3,455171.1118923963,3914496.901535923,True,
usa_NC_0033_0118,usa_NC_0033,118,32,44,64.01818181818182,11.554869560961064,1.7419621288730218,37.7,94.1,2018-08-18,2020-05-12,3,455182.9503129962,3914545.1475866605,True,
usa_NC_0033_0119,usa_NC_0033,119,32,44,67.29090909090908,12.026923637306004,1.8131269585091103,39.0,97.7,2018-08-18,2020-05-12,3,455194.60177142656,3914593.403367515,True,
usa_NC_0033_0120,usa_NC_0033,120,32,48,66.53125,12.445611996953922,1.7963693591677456,32.4,99.5,2018-08-18,2020-07-23,3,455207.465381091,3914641.261825013,True,
usa_NC_0033_0121,usa_NC_0033,121,32,45,64.30444444444446,12.786888802696504,1.9061568389040184,28.9,97.2,2018-08-18,2020-07-23,3,455221.0491513847,3914688.9440032104,True,
usa_NC_0033_0122,usa_NC_0033,122,32,44,59.10909090909092,11.944344155032912,1.8006776331417627,28.1,95.0,2018-08-18,2020-07-23,3,455232.45723626565,3914736.8282821625,True,
usa_NC_0033_0123,usa_NC_0033,123,32,46,66.82173913043478,12.97469182752807,1.9130139435576958,37.2,102.9,2018-08-18,2020-07-23,3,455244.657904387,3914785.215436465,True,
usa_NC_0033_0124,usa_NC_0033,124,32,47,69.82765957446809,13.217424305548167,1.9279594839528484,36.3,102.7,2018-08-18,2020-07-23,3,455255.48000961717,3914833.5934976907,True,
usa_NC_0033_0125,usa_NC_0033,125,33,45,95.98222222222222,13.037538266114659,1.9435214548191413,65.8,128.0,2018-08-18,2020-07-23,3,455268.9320188157,3914881.310630414,True,
usa_NC_0033_0126,usa_NC_0033,126,33,45,114.90666666666665,14.440684320224012,2.1526901187757486,75.8,147.0,2018-08-18,2020-07-23,3,455280.42551337136,3914929.5247063423,True,
usa_NC_0033_0127,usa_NC_0033,127,33,43,69.87906976744185,13.809150833165372,2.105875759565016,42.2,107.4,2018-08-18,2020-07-23,3,455294.0271744627,3914977.215461174,True,
usa_NC_0033_0128,usa_NC_0033,128,33,43,60.427906976744175,14.338896908847946,2.186661278745916,27.2,94.2,2018-08-18,2020-07-23,3,455305.7817125211,3915025.3703759816,True,
usa_NC_0033_0129,usa_NC_0033,129,33,42,54.285714285714285,11.906640316382006,1.8372344876114455,26.9,77.4,2018-08-18,2020-07-23,3,455318.94142441056,3915073.18171639,True,
usa_NC_0033_0130,usa_NC_0033,130,33,40,55.05500000000001,11.983063903393845,1.8946887641036225,23.8,80.2,2018-08-18,2020-07-23,3,455332.277353784,3915120.9559364025,True,
usa_NC_0033_0131,usa_NC_0033,131,33,38,60.72894736842106,12.020723274878643,1.9500188126704474,34.3,83.2,2018-08-18,2020-07-23,3,455345.11103148,3915168.8587123295,True,
usa_NC_0033_0132,usa_NC_0033,132,33,40,59.114999999999995,13.055493980578563,2.064254847862317,31.3,85.3,2018-08-18,2020-07-23,3,455356.124205147,3915217.206317382,True,
usa_NC_0033_0133,usa_NC_0033,133,33,37,59.754054054054066,13.789440295518292,2.266970020090894,34.2,87.3,2018-08-18,2020-05-12,3,455369.43916939886,3915265.0122515406,True,
usa_NC_0033_0134,usa_NC_0033,134,33,38,62.43947368421052,14.090777882612677,2.285826012955346,37.1,96.3,2018-08-18,2020-05-12,3,455382.1462951111,3915312.9733977634,True,
usa_NC_0033_0135,usa_NC_0033,135,33,39,54.51282051282051,13.5217598412255,2.165214439571207,26.5,85.6,2018-08-18,2020-05-12,3,455394.66342414526,3915360.9841316245,True,
usa_NC_0033_0136,usa_NC_0033,136,34,39,55.697435897435895,13.901220832027047,2.2259768274693084,27.7,89.4,2018-08-18,2020-05-12,3,455408.3744873694,3915408.717023399,True,
usa_NC_0033_0137,usa_NC_0033,137,34,41,62.9219512195122,13.993793484883254,2.185463371626484,28.8,94.1,2018-08-18,2020-05-12,3,455423.4283943076,3915456.142082277,True,
usa_NC_0033_0138,usa_NC_0033,138,34,42,64.33333333333333,13.925352676125355,2.148728567329724,31.3,96.4,2018-08-18,2020-05-12,3,455437.1537366247,3915503.8879925455,True,
usa_NC_0033_0139,usa_NC_0033,139,34,41,66.94878048780488,14.387097030867963,2.246887065967045,28.7,92.5,2018-08-18,2020-05-12,3,455449.9832874471,3915551.848896496,True,
usa_NC_0033_0140,usa_NC_0033,140,34,45,71.55555555555554,15.749163838634786,2.3477467287979272,33.3,120.2,2018-08-18,2020-07-23,3,455461.9640912831,3915600.0102235973,True,
usa_NC_0033_0141,usa_NC_0033,141,34,42,76.38333333333333,13.819108662560053,2.1323347601231797,43.8,102.9,2018-08-18,2020-05-12,3,455474.7905615032,3915648.191779111,True,
usa_NC_0033_0142,usa_NC_0033,142,34,45,75.53555555555556,15.515961804125155,2.3129830220209415,45.0,126.9,2018-08-18,2020-07-23,3,455488.3721965946,3915697.2039424796,True,
usa_NC_0033_0143,usa_NC_0033,143,34,46,72.05652173913043,16.542439053992986,2.4390495736938917,38.8,126.5,2018-08-18,2020-07-23,3,455499.9117951562,3915746.136739994,True,
usa_NC_0033_0144,usa_NC_0033,144,34,46,67.86521739130434,18.45022393590452,2.7203371086056682,36.8,125.1,2018-08-18,2020-07-23,3,455510.7125056825,3915794.2745042304,True,
usa_NC_0033_0145,usa_NC_0033,145,34,43,67.21162790697676,19.498671619007006,2.9735195452835024,35.7,122.8,2018-08-18,2020-07-23,3,455522.979196936,3915841.0732957693,True,
usa_NC_0033_0146,usa_NC_0033,146,35,42,63.78809523809524,20.29615129178439,3.1317641356597705,32.7,118.7,2018-08-18,2020-07-23,3,455534.16998200974,3915888.445439445,True,
usa_NC_0033_0147,usa_NC_0033,147,35,40,65.67,20.95715042285458,3.3136164301490667,30.7,118.0,2018-08-18,2020-07-23,3,455546.01045919,3915936.494292145,True,
usa_NC_0033_0148,usa_NC_0033,148,35,40,70.16749999999999,23.131479133922177,3.6574079855926556,23.5,127.6,2018-08-18,2020-07-23,3,455555.7163582202,3915985.0118345697,True,
usa_NC_0033_0149,usa_NC_0033,149,35,39,70.26923076923077,24.191322431228517,3.873711799016214,14.3,128.0,2018-08-18,2020-07-23,3,455565.3422824755,3916033.58951107,True,
usa_NC_0033_0150,usa_NC_0033,150,35,39,66.87179487179486,23.92935819314347,3.8317639492086997,15.0,119.2,2018-08-18,2020-07-23,3,455575.30522099533,3916082.328100398,True,
usa_NC_0033_0151,usa_NC_0033,151,35,38,63.90526315789474,24.219145289987527,3.928864167514191,14.4,112.2,2018-09-03,2020-07-23,3,455583.36245459865,3916131.471512737,True,
usa_NC_0033_0152,usa_NC_0033,152,35,38,59.03947368421053,24.97245552304859,4.0510672240737025,14.8,121.1,2018-09-03,2020-07-23,3,455593.4941559232,3916180.1716249413,True,
usa_NC_0033_0153,usa_NC_0033,153,35,35,55.62571428571428,21.618324782150783,3.654163833947533,19.0,100.7,2018-09-03,2020-05-12,3,455601.85196362337,3916229.245466971,True,
usa_NC_0033_0154,usa_NC_0033,154,35,36,52.51388888888889,21.247724621410676,3.5412874369017793,3.7,95.4,2018-09-03,2020-05-12,3,455613.0501003054,3916277.7198636075,True,
usa_NC_0033_0155,usa_NC_0033,155,35,38,56.64473684210526,19.772130226980096,3.207463064203218,11.3,98.0,2018-08-18,2020-05-12,3,455625.68269088946,3916325.8965859823,True,
usa_NC_0033_0156,usa_NC_0033,156,35,40,59.99249999999999,18.82024806370753,2.975742500534476,13.1,98.3,2018-08-18,2020-05-12,3,455637.30434546515,3916374.0877245567,True,
usa_NC_0033_0157,usa_NC_0033,157,36,43,57.206976744186036,17.59291517775912,2.6828944125910477,14.5,94.4,2018-08-26,2020-05-12,3,455646.43709411036,3916422.666914773,True,
usa_NC_0033_0158,usa_NC_0033,158,36,43,57.753488372093024,16.890577097434694,2.575788859451426,17.3,94.4,2018-08-26,2020-05-12,3,455657.6897545583,3916470.8109751875,True,
usa_NC_0033_0159,usa_NC_0033,159,36,44,58.1659090909091,18.23435223636736,2.748932030145837,21.2,122.5,2018-08-26,2020-07-23,3,455668.6243631564,3916519.022894486,True,
usa_NC_0033_0160,usa_NC_0033,160,36,44,59.24090909090909,17.082784999536244,2.5753267371715123,23.4,113.7,2018-08-26,2020-07-23,3,455678.46829760337,3916567.4541927525,True,
usa_NC_0033_0161,usa_NC_0033,161,36,45,59.982222222222205,16.029508143206744,2.389537990273114,27.1,110.3,2018-08-26,2020-07-23,3,455687.3585926983,3916616.0709104417,True,
usa_NC_0033_0162,usa_NC_0033,162,36,44,49.809090909090905,13.082205528117782,1.9722166894127224,22.9,82.1,2018-08-26,2020-05-12,3,455693.99216867005,3916665.119997787,True,
usa_NC_0033_0163,usa_NC_0033,163,36,47,53.20638297872341,15.222029291890824,2.220361173242357,25.2,106.6,2018-08-26,2020-07-23,3,455703.3179312839,3916713.6363095893,True,
usa_NC_0033_0164,usa_NC_0033,164,36,44,49.03863636363637,14.893891613664213,2.245338643215687,20.3,92.4,2018-08-26,2020-07-23,3,455711.1986492835,3916762.366770479,True,
usa_NC_0033_0165,usa_NC_0033,165,36,43,48.14883720930233,14.327153242856614,2.1848703864717747,18.5,88.9,2018-08-26,2020-07-23,3,455720.2605579028,3916810.499054523,True,
usa_NC_0033_0166,usa_NC_0033,166,36,44,45.37954545454545,15.426714665474917,2.3256647406024236,10.3,87.5,2018-08-26,2020-07-23,3,455728.01096007234,3916858.86209867,True,
usa_NC_0033_0167,usa_NC_0033,167,37,41,44.30975609756098,15.784118677931447,2.4650651920287654,7.6,82.7,2018-09-03,2020-07-23,3,455736.7447676098,3916907.0312222117,True,
usa_NC_0033_0168,usa_NC_0033,168,37,39,42.62564102564103,13.805466460193793,2.2106438566888835,14.3,69.4,2018-09-03,2020-07-23,3,455746.0521569223,3916955.090044986,True,
usa_NC_0033_0169,usa_NC_0033,169,37,40,38.644999999999996,13.84939043368391,2.1897808987694143,3.4,64.7,2018-09-03,2020-07-23,3,455751.6096415084,3917003.8538976093,True,
usa_NC_0033_0170,usa_NC_0033,170,37,38,38.65,13.946863446667857,2.262480008635145,6.2,66.7,2018-08-18,2020-07-23,3,455760.83637759933,3917052.058752582,True,
usa_NC_0033_0171,usa_NC_0033,171,37,41,34.42439024390244,12.239480799605122,1.9114857600376962,2.8,57.5,2018-08-18,2020-07-23,3,455767.9637157625,3917100.6130856564,True,
usa_NC_0033_0172,usa_NC_0033,172,37,40,36.49249999999999,11.5720128227215,1.8296958816237114,7.5,62.6,2018-08-18,2020-07-23,3,455775.7194518505,3917149.054668259,True,
usa_NC_0033_0173,usa_NC_0033,173,37,38,36.74473684210526,11.565669080525675,1.8761992745709948,10.8,66.0,2018-08-18,2020-05-12,3,455782.456133713,3917197.6511722445,True,
usa_NC_0033_0174,usa_NC_0033,174,37,40,40.269999999999996,12.270272602660047,1.940100446778399,12.5,69.5,2018-08-18,2020-05-12,3,455789.3063584187,3917246.216574833,True,
usa_NC_0033_0175,usa_NC_0033,175,37,39,34.45641025641026,12.41193811728291,1.9875007358635013,6.9,72.6,2018-08-18,2020-05-12,3,455798.1428754916,3917294.466648407,True,
usa_NC_0033_0176,usa_NC_0033,176,37,41,48.48780487804878,12.872357886610192,2.010324555528381,20.4,86.3,2018-08-18,2020-05-12,3,455805.77602836,3917342.896289926,True,
usa_NC_0033_0177,usa_NC_0033,177,37,44,35.44318181818182,12.724237953648032,1.9182510470659149,3.1,65.6,2018-08-18,2020-05-12,3,455812.2059891395,3917391.4938664925,True,
usa_NC_0033_0178,usa_NC_0033,178,38,43,32.57441860465116,12.413934049385908,1.8931071947345928,2.3,61.2,2018-08-18,2020-05-12,3,455818.7723732155,3917440.0566283804,True,
usa_NC_0033_0179,usa_NC_0033,179,38,47,34.15319148936171,12.85649643030848,1.8753127424996583,9.8,61.8,2018-08-18,2020-07-23,3,455825.69300708134,3917488.555493879,True,
usa_NC_0033_0180,usa_NC_0033,180,38,46,35.75434782608696,12.760559139991374,1.88144180123058,13.6,68.6,2018-08-18,2020-07-23,3,455831.9839117852,3917537.128037536,True,
usa_NC_0033_0181,usa_NC_0033,181,38,46,34.380434782608695,12.775682100776327,1.8836715601515674,11.4,66.9,2018-08-18,2020-07-23,3,455836.90647672344,3917585.8996585663,True,
usa_NC_0033_0182,usa_NC_0033,182,38,47,35.78936170212767,12.174014272078141,1.7757624882919252,12.8,63.7,2018-08-18,2020-07-23,3,455842.665226889,3917634.573578856,True,
usa_NC_0033_0183,usa_NC_0033,183,38,48,31.0125,11.729243776751684,1.692970512974582,10.7,60.5,2018-08-18,2020-05-12,3,455847.9687007678,3917683.2923711054,True,
usa_NC_0033_0184,usa_NC_0033,184,38,45,33.604444444444454,11.351470780867512,1.6921773540414917,13.2,62.6,2018-08-18,2020-05-12,3,455853.59894982364,3917731.962675947,True,
usa_NC_0033_0185,usa_NC_0033,185,38,45,34.26222222222221,11.099924014663934,1.6546789761247285,12.8,66.6,2018-08-18,2020-05-12,3,455859.34622610756,3917780.5222055144,True,
usa_NC_0033_0186,usa_NC_0033,186,38,43,35.28372093023256,10.77622891528161,1.6433595031573207,8.2,63.1,2018-08-18,2020-05-12,3,455866.062743764,3917828.7593408134,True,
usa_NC_0033_0187,usa_NC_0033,187,38,42,34.76904761904762,12.212338584603453,1.8844047544756246,-1.7,59.2,2018-08-18,2020-05-12,3,455871.8870729129,3917877.1023881566,True,
usa_NC_0033_0188,usa_NC_0033,188,39,41,36.41463414634147,12.629421225369153,1.9723842232417097,-2.2,60.4,2018-08-18,2020-05-12,3,455877.20177991985,3917925.499084101,True,
usa_NC_0033_0189,usa_NC_0033,189,39,42,35.82380952380952,13.154296516381356,2.0297520188723186,-0.8,59.9,2018-08-18,2020-05-12,3,455880.119740708,3917974.129328044,True,
usa_NC_0033_0190,usa_NC_0033,190,39,39,37.99743589743589,12.895255904064449,2.06489352076199,6.0,66.1,2018-08-18,2020-05-12,3,455886.0195524071,3918022.4029247095,True,
usa_NC_0033_0191,usa_NC_0033,191,39,42,37.79761904761905,13.075083138200226,2.017529129257156,5.7,70.4,2018-08-18,2020-05-12,3,455889.4916557616,3918070.9363205484,True,
usa_NC_0033_0192,usa_NC_0033,192,39,43,39.03023255813953,13.6348561534613,2.0792960700935654,7.6,69.8,2018-08-18,2020-05-12,3,455893.50145462784,3918119.4304713733,True,
usa_NC_0033_0193,usa_NC_0033,193,39,39,39.93846153846154,14.96345751251177,2.396070826019371,8.4,65.9,2018-08-18,2020-05-12,3,455896.1060225655,3918168.0662802425,True,
usa_NC_0033_0194,usa_NC_0033,194,39,41,36.6,16.095325408328964,2.5136675178399988,0.5,68.4,2018-08-18,2020-05-12,3,455899.69483380415,3918216.798028503,True,
usa_NC_0033_0195,usa_NC_0033,195,39,42,38.45952380952381,17.03969625750998,2.6292822148703103,-2.3,71.4,2018-08-18,2020-05-12,3,455904.3541413567,3918265.453658739,True,
usa_NC_0033_0196,usa_NC_0033,196,39,43,38.24883720930233,17.963261079651584,2.7393716331581874,-5.9,67.5,2018-08-18,2020-05-12,3,455909.5166602147,3918314.0875866082,True,
usa_NC_0033_0197,usa_NC_0033,197,39,46,40.59347826086957,17.345257464844362,2.5574186906269847,-6.7,69.3,2018-08-18,2020-05-12,3,455913.41346423095,3918362.8326706537,True,
usa_NC_0033_0198,usa_NC_0033,198,40,44,41.709090909090904,14.95164015552744,2.2540445634679807,5.6,65.0,2018-08-18,2020-05-12,3,455918.4619362397,3918411.509746734,True,
usa_NC_0033_0199,usa_NC_0033,199,40,47,41.9404255319149,14.844683714973344,2.165319663873521,4.4,78.4,2018-08-18,2020-07-23,3,455922.9578435682,3918460.2417910504,True,
usa_NC_0033_0200,usa_NC_0033,200,40,48,43.229166666666664,14.032438988701543,2.025408106878459,3.4,73.1,2018-08-18,2020-07-23,3,455926.5884029563,3918509.1886141095,True,
usa_NC_0033_0201,usa_NC_0033,201,40,46,44.03695652173913,12.332781225401801,1.818369388703631,8.5,72.1,2018-08-18,2020-07-23,3,455928.3131951191,3918558.483770401,True,
usa_NC_0033_0202,usa_NC_0033,202,40,48,43.1625,11.832386586839762,1.7078578952669137,8.7,69.2,2018-08-18,2020-07-23,3,455931.22655048565,3918607.7078526127,True,
usa_NC_0033_0203,usa_NC_0033,203,40,49,50.66122448979592,11.715993632753523,1.6737133761076461,20.3,76.4,2018-08-18,2020-07-23,3,455935.3608436605,3918656.8673414933,True,
usa_NC_0033_0204,usa_NC_0033,204,40,47,50.317021276595746,11.394474617282066,1.662054943172824,24.9,73.7,2018-08-18,2020-07-23,3,455940.2383020174,3918705.9958115756,True,
usa_NC_0033_0205,usa_NC_0033,205,40,46,54.0891304347826,12.828981569709343,1.8915301381130685,19.5,81.4,2018-08-18,2020-07-23,3,455943.6183563449,3918755.210988113,True,
usa_NC_0033_0206,usa_NC_0033,206,40,46,51.15652173913042,13.912770347560595,2.0513260755781824,11.4,87.5,2018-08-18,2020-07-23,3,455945.3860786877,3918804.7148254314,True,
usa_NC_0033_0207,usa_NC_0033,207,40,43,48.50232558139535,15.09175884180144,2.301471647179165,8.0,82.0,2018-08-18,2020-07-23,3,455947.97340583993,3918854.3097585062,True,
usa_NC_0033_0209,usa_NC_0033,209,41,42,48.35476190476191,15.544808597476262,2.3986160411101145,2.6,71.5,2018-08-18,2020-07-23,3,455950.2724618136,3918953.6305971406,True,
usa_NC_0033_0210,usa_NC_0033,210,41,40,46.52,15.789012732812747,2.496462112054392,4.4,76.8,2018-08-18,2020-07-23,3,455951.8016986164,3919003.256127682,True,
usa_NC_0033_0211,usa_NC_0033,211,41,41,38.24634146341463,13.069164042909852,2.0410605133205357,7.2,65.8,2018-09-03,2020-07-23,3,455952.4219103309,3919052.892002208,True,
usa_NC_0033_0212,usa_NC_0033,212,41,40,41.425,12.975395848909484,2.051590221242399,17.2,78.4,2018-09-03,2020-05-12,3,455954.1779174705,3919102.4817493004,True,
usa_NC_0033_0213,usa_NC_0033,213,41,38,28.331578947368424,11.853591205477429,1.9229064108556573,9.0,64.2,2018-09-03,2020-05-12,3,455956.8215252539,3919152.03937429,True,
usa_NC_0033_0214,usa_NC_0033,214,41,42,28.923809523809524,13.196060194079168,2.036196294247828,-5.5,60.3,2018-08-18,2020-05-12,3,455957.8423798226,3919201.7233426566,True,
usa_NC_0033_0215,usa_NC_0033,215,41,43,29.588372093023256,13.33175959704826,2.0330742785678413,-3.7,63.6,2018-08-18,2020-05-12,3,455960.30363959336,3919251.715417195,True,
usa_NC_0033_0216,usa_NC_0033,216,41,43,33.967441860465115,12.36395916190496,1.8854860958412154,1.1,67.9,2018-08-18,2020-05-12,3,455962.5439347739,3919301.714965517,True,
usa_NC_0033_0217,usa_NC_0033,217,41,46,27.16956521739131,11.792952124331011,1.738775930052414,-4.0,57.3,2018-08-18,2020-05-12,3,455964.59140305687,3919351.7210419155,True,
usa_NC_0033_0218,usa_NC_0033,218,41,46,25.90652173913043,11.15414028110764,1.6445882622726447,-0.3,54.4,2018-08-18,2020-05-12,3,455966.0198050592,3919401.7415433377,True,
usa_NC_0033_0219,usa_NC_0033,219,42,48,22.254166666666666,10.95075938945212,1.5806059703327509,1.1,49.1,2018-08-18,2020-07-23,3,455967.908586627,3919451.7231717017,True,
usa_NC_0033_0220,usa_NC_0033,220,42,47,26.71702127659574,11.716920487778722,1.70908850733135,-3.6,52.8,2018-08-18,2020-07-23,3,455969.99048184697,3919501.6961523117,True,
usa_NC_0033_0221,usa_NC_0033,221,42,47,20.034042553191494,11.711333726366256,1.7082735944254197,-7.5,45.3,2018-08-18,2020-07-23,3,455971.89681993565,3919551.67561277,True,
usa_NC_0033_0222,usa_NC_0033,222,42,48,30.285416666666666,11.903977336102404,1.7181911298564818,3.2,53.8,2018-08-18,2020-07-23,3,455973.88107561995,3919601.6511191707,True,
usa_NC_0033_0223,usa_NC_0033,223,42,48,21.643749999999997,11.75438182216643,1.696598877296358,-3.1,47.2,2018-08-18,2020-07-23,3,455976.2857767535,3919651.6083269794,True,
usa_NC_0033_0224,usa_NC_0033,224,42,45,22.56888888888889,13.59153851452878,2.0261069358195245,-3.3,54.6,2018-08-18,2020-07-23,3,455978.79356181104,3919701.5602947343,True,
usa_NC_0033_0225,usa_NC_0033,225,42,45,27.45555555555556,14.002833407362363,2.0874191584311497,1.7,67.3,2018-08-18,2020-07-23,3,455981.1801572055,3919751.5274626063,True,
usa_NC_0033_0226,usa_NC_0033,226,42,45,23.457777777777782,13.447566337595827,2.004644830853477,-1.8,59.2,2018-08-18,2020-07-23,3,455983.70202012436,3919801.5060537215,True,
usa_NC_0033_0227,usa_NC_0033,227,42,42,26.045238095238098,14.129802483920678,2.180275857571648,-0.9,59.9,2018-08-18,2020-07-23,3,455987.28077669087,3919851.4399342122,True,
usa_NC_0033_0228,usa_NC_0033,228,42,42,28.91904761904762,14.275891977518416,2.2028179558280443,-2.1,64.2,2018-08-18,2020-07-23,3,455989.61789899576,3919901.4267666256,True,
usa_NC_0033_0229,usa_NC_0033,229,43,41,39.09756097560976,12.88395296104573,2.012135401922357,13.3,73.2,2018-08-18,2020-07-23,3,455993.14353998256,3919951.362895333,True,
usa_NC_0033_0230,usa_NC_0033,230,43,39,30.628205128205128,12.889917494283921,2.064038691059579,6.1,62.0,2018-08-18,2020-07-23,3,455996.8381776452,3920001.2916111886,True,
usa_NC_0033_0231,usa_NC_0033,231,43,40,31.49,13.54079874930688,2.140988269288454,7.1,60.7,2018-08-18,2020-07-23,3,456000.11441767175,3920051.238285106,True,
usa_NC_0033_0232,usa_NC_0033,232,43,38,29.089473684210528,12.375341425236744,2.007545472980301,9.2,59.3,2018-08-18,2020-05-12,3,456003.22925117885,3920101.191961263,True,
usa_NC_0033_0233,usa_NC_0033,233,43,38,31.74473684210527,11.026079584782497,1.788666299744305,11.6,59.8,2018-08-18,2020-05-12,3,456006.8445101285,3920151.123794282,True,
usa_NC_0033_0234,usa_NC_0033,234,43,40,31.007500000000004,11.739903190532575,1.8562416795980319,-5.5,63.1,2018-08-18,2020-05-12,3,456008.9263734231,3920201.122840612,True,
usa_NC_0033_0235,usa_NC_0033,235,43,42,29.785714285714292,11.141716192815824,1.7192041328783665,-3.2,59.2,2018-08-18,2020-05-12,3,456012.09728072333,3920251.155168307,True,
usa_NC_0033_0236,usa_NC_0033,236,43,42,44.21190476190476,10.859439018457008,1.6756478192569677,11.4,73.3,2018-08-18,2020-05-12,3,456014.95692879375,3920301.3802030827,True,
usa_NC_0033_0237,usa_NC_0033,237,43,44,39.934090909090905,10.851962488509091,1.635994900608915,10.6,61.8,2018-08-18,2020-05-12,3,456018.07544940064,3920351.5940012094,True,
usa_NC_0033_0238,usa_NC_0033,238,43,47,40.9595744680851,12.050503499754473,1.7577465905370349,10.8,68.3,2018-08-18,2020-07-23,3,456021.3676507748,3920401.799741416,True,
usa_NC_0033_0239,usa_NC_0033,239,44,47,48.05531914893618,12.959029226098929,1.8902686878858874,17.4,80.6,2018-08-18,2020-07-23,3,456024.7568344707,3920452.000594173,True,
usa_NC_0033_0240,usa_NC_0033,240,44,45,30.86666666666666,13.824155407375624,2.060783414827546,-8.5,61.1,2018-08-18,2020-07-23,3,456026.677912728,3920502.274773867,True,
usa_NC_0033_0241,usa_NC_0033,241,44,46,35.12826086956522,13.894613873224053,2.0486490494851264,-0.7,62.7,2018-08-18,2020-07-23,3,456026.86835881334,3920552.640856142,True,
usa_NC_0033_0242,usa_NC_0033,242,44,47,52.121276595744675,13.846612145217778,2.0197359628368345,18.9,77.1,2018-08-18,2020-07-23,3,456029.3966512917,3920602.8912036587,True,
usa_NC_0033_0243,usa_NC_0033,243,44,45,45.17333333333333,12.816615636104421,1.910588253587746,20.4,69.6,2018-08-18,2020-07-23,3,456033.77604346036,3920653.0445611686,True,
usa_NC_0033_0244,usa_NC_0033,244,44,45,45.65333333333332,12.726700636492911,1.8971845168325325,20.5,73.2,2018-08-18,2020-07-23,3,456037.4128118818,3920703.236999254,True,
usa_NC_0033_0245,usa_NC_0033,245,44,45,46.57111111111111,14.064165008052822,2.096561933651999,18.8,79.9,2018-08-18,2020-07-23,3,456040.0547674772,3920753.483599338,True,
usa_NC_0033_0246,usa_NC_0033,246,44,43,45.06511627906977,14.158253250496857,2.1591133791077235,17.5,75.0,2018-08-18,2020-07-23,3,456041.5820460636,3920803.794644994,True,
usa_NC_0033_0247,usa_NC_0033,247,44,42,40.304761904761904,13.116419655381355,2.02390749233397,14.8,66.5,2018-08-18,2020-07-23,3,456042.4620114397,3920853.9687300012,True,
usa_NC_0033_0248,usa_NC_0033,248,44,41,49.28048780487805,11.861623403063241,1.8524743489623159,23.1,74.4,2018-08-18,2020-07-23,3,456042.48959360307,3920904.1503973994,True,
usa_NC_0033_0249,usa_NC_0033,249,45,40,40.5425,10.448478910275004,1.6520495720351547,18.3,68.0,2018-08-18,2020-07-23,3,456042.10316817573,3920954.3583197217,True,
usa_NC_0033_0250,usa_NC_0033,250,45,42,36.63095238095238,10.180528715371635,1.5708896851671152,15.6,54.3,2018-08-18,2020-07-23,3,456041.16343533125,3921004.459373024,True,
usa_NC_0033_0251,usa_NC_0033,251,45,41,38.446341463414626,10.53454074843739,1.6452188584522789,18.5,59.6,2018-08-18,2020-07-23,3,456041.53051770024,3921054.260789376,True,
usa_NC_0033_0252,usa_NC_0033,252,45,39,33.148717948717945,11.027379127351773,1.7657938609715922,-6.5,51.7,2018-08-18,2020-05-12,3,456040.3549433042,3921104.1445679488,True,
usa_NC_0033_0253,usa_NC_0033,253,45,41,32.985365853658536,11.980683640252122,1.871068434095453,-6.4,57.6,2018-08-18,2020-05-12,3,456040.4940374666,3921153.9479224496,True,
usa_NC_0033_0254,usa_NC_0033,254,45,41,31.546341463414635,12.323718950888477,1.9246415490181592,-3.7,55.3,2018-08-18,2020-05-12,3,456041.444489725,3921203.701897986,True,
usa_NC_0033_0255,usa_NC_0033,255,45,43,31.004651162790687,13.142206698238496,2.0041677324969513,-3.9,58.5,2018-08-18,2020-05-12,3,456042.987353232,3921253.420447051,True,
usa_NC_0033_0256,usa_NC_0033,256,45,45,24.013333333333332,13.185970505875485,1.9656484266963248,-13.4,52.6,2018-08-18,2020-05-12,3,456044.64001811907,3921303.1306370567,True,
usa_NC_0033_0257,usa_NC_0033,257,45,44,25.720454545454547,11.634763058029607,1.7540065267351,-6.1,50.1,2018-08-18,2020-05-12,3,456046.85193819494,3921352.8094654647,True,
usa_NC_0033_0258,usa_NC_0033,258,45,48,28.62291666666667,12.172208309992232,1.756906936101554,-4.5,54.4,2018-08-18,2020-07-23,3,456048.988537645,3921402.4907940053,True,
usa_NC_0033_0259,usa_NC_0033,259,46,47,30.3531914893617,12.44404608924406,1.8151506770069927,-1.8,56.1,2018-08-18,2020-07-23,3,456050.6948520634,3921452.1922106394,True,
usa_NC_0033_0260,usa_NC_0033,260,46,45,30.40444444444444,12.290886415913576,1.8322171686474338,-5.0,56.7,2018-08-18,2020-07-23,3,456053.0182183493,3921501.8610065854,True,
usa_NC_0034_0001,usa_NC_0034,1,46,48,31.7625,12.742467528834604,1.8392167644781812,-8.1,53.7,2018-08-18,2020-05-12,3,456056.7460938226,3921551.4608021956,True,
usa_NC_0034_0002,usa_NC_0034,2,46,50,30.396,13.044663620791141,1.8447940209117755,-5.2,50.0,2018-08-18,2020-05-12,3,456058.5900203681,3921601.151331538,True,
usa_NC_0034_0003,usa_NC_0034,3,46,46,26.145652173913046,11.33350404816012,1.6710340069501737,1.2,47.4,2018-08-18,2020-05-12,3,456059.7950179579,3921650.8695726926,True,
usa_NC_0034_0004,usa_NC_0034,4,46,47,21.465957446808513,12.384865880085867,1.8065183563012894,-2.9,42.7,2018-08-18,2020-05-12,3,456060.65378550586,3921700.600466444,True,
usa_NC_0034_0005,usa_NC_0034,5,46,43,29.93255813953488,12.82294671078882,1.9554810408464707,13.3,52.8,2018-08-18,2020-05-12,3,456062.6980245857,3921750.2745786994,True,
usa_NC_0034_0006,usa_NC_0034,6,46,40,23.0825,13.664287863643418,2.1605136126654743,2.2,46.4,2018-08-18,2020-05-12,3,456065.4124729368,3921799.9176875236,True,
usa_NC_0034_0007,usa_NC_0034,7,46,40,27.385,13.077256632246728,2.0676958252221302,2.0,49.5,2018-08-18,2020-05-12,3,456067.3699211233,3921849.5928465733,True,
usa_NC_0034_0008,usa_NC_0034,8,46,40,25.1325,13.103011740308665,2.071768065365104,1.1,54.1,2018-08-18,2020-05-12,3,456070.10413897573,3921899.244287524,True,
usa_NC_0034_0009,usa_NC_0034,9,47,38,22.457894736842103,12.457161873178261,2.0208185023229297,-2.6,48.9,2018-08-18,2020-05-12,3,456073.430446891,3921948.8923672647,True,
usa_NC_0034_0010,usa_NC_0034,10,47,42,25.052380952380954,11.815311234100129,1.8231421042663882,0.4,56.0,2018-08-18,2020-05-12,3,456076.2134618837,3921998.5630018665,True,
usa_NC_0034_0011,usa_NC_0034,11,47,43,25.479069767441857,12.878379041366651,1.9639343920097942,1.3,56.3,2018-08-18,2020-05-12,3,456080.8064029926,3922048.161574885,True,
usa_NC_0034_0012,usa_NC_0034,12,47,41,23.160975609756097,14.188109071486243,2.215810367779864,-8.4,47.1,2018-08-18,2020-05-12,3,456084.71928270446,3922097.790210751,True,
usa_NC_0034_0013,usa_NC_0034,13,47,44,28.12727272727272,15.563050511587234,2.3462181427401596,-8.5,67.5,2018-08-18,2020-05-12,3,456090.2062347177,3922147.534921404,True,
usa_NC_0034_0014,usa_NC_0034,14,47,45,32.51111111111111,15.108685374226765,2.2522698364951927,-1.1,72.5,2018-08-18,2020-05-12,3,456094.18430628435,3922197.103876523,True,
usa_NC_0034_0015,usa_NC_0034,15,47,44,29.447727272727274,14.095611862716538,2.124993442686969,1.7,64.7,2018-08-18,2020-05-12,3,456096.52334421466,3922246.7016382194,True,
usa_NC_0034_0016,usa_NC_0034,16,47,46,40.76086956521739,13.439105100181328,1.9814879449419898,15.4,74.1,2018-08-18,2020-05-12,3,456098.326424671,3922296.424286573,True,
usa_NC_0034_0017,usa_NC_0034,17,47,46,28.819565217391304,11.892922630524936,1.7535157770434415,5.6,59.7,2018-08-18,2020-05-12,3,456101.46407320263,3922346.1016968135,True,
usa_NC_0034_0018,usa_NC_0034,18,47,47,31.44680851063829,11.122242717690993,1.6223458394535164,3.1,55.6,2018-08-18,2020-05-12,3,456105.23348245735,3922396.028133582,True,
usa_NC_0034_0019,usa_NC_0034,19,48,47,30.087234042553188,11.143503020795034,1.62544697338503,-0.9,53.2,2018-08-18,2020-05-12,3,456109.314397582,3922446.032948468,True,
usa_NC_0034_0020,usa_NC_0034,20,48,46,32.797826086956526,11.930790960655537,1.7590991577142168,-2.3,56.1,2018-08-18,2020-05-12,3,456113.91470589273,3922496.016540135,True,
usa_NC_0034_0021,usa_NC_0034,21,48,50,34.102000000000004,11.682561397926678,1.6521636772204291,2.8,58.8,2018-08-18,2020-05-12,3,456116.69582934154,3922546.063049674,True,
usa_NC_0034_0022,usa_NC_0034,22,48,48,42.264583333333334,11.897764667281589,1.717294408352461,12.2,64.2,2018-08-18,2020-05-12,3,456120.8040128613,3922596.0593433008,True,
usa_NC_0034_0023,usa_NC_0034,23,48,48,32.135416666666664,11.845000553844114,1.7096785645782915,11.1,51.6,2018-08-18,2020-06-21,3,456125.88754905236,3922646.016801648,True,
usa_NC_0034_0024,usa_NC_0034,24,48,46,35.78478260869565,11.709198044297471,1.7264270646563151,12.7,57.6,2018-08-18,2020-06-21,3,456130.5079659711,3922695.9881885652,True,
usa_NC_0034_0025,usa_NC_0034,25,48,43,34.97674418604651,11.71472084112046,1.7864781801164382,12.5,55.9,2018-08-18,2020-06-21,3,456133.7576772538,3922746.0085288296,True,
usa_NC_0034_0026,usa_NC_0034,26,48,41,36.18292682926829,11.484095576906011,1.7935144081337135,13.0,57.9,2018-08-18,2020-05-12,3,456134.4094803,3922796.126682964,True,
usa_NC_0034_0027,usa_NC_0034,27,48,42,27.614285714285714,11.76260240469814,1.8150089553170807,2.4,53.6,2018-08-18,2020-05-12,3,456134.9282595742,3922846.25028349,True,
usa_NC_0034_0028,usa_NC_0034,28,48,41,26.800000000000004,9.677293009927931,1.5113392542587567,5.0,53.0,2018-08-18,2020-05-12,3,456137.3450465472,3922896.2998184105,True,
usa_NC_0034_0029,usa_NC_0034,29,49,41,30.98536585365854,9.198031337618115,1.4364911559651083,6.7,53.8,2018-08-18,2020-05-12,3,456139.10296511085,3922946.374273713,True,
usa_NC_0034_0030,usa_NC_0034,30,49,43,32.997674418604646,9.711909438369569,1.4810523045510888,7.0,48.6,2018-08-18,2020-05-12,3,456142.01041915326,3922996.402000645,True,
usa_NC_0034_0031,usa_NC_0034,31,49,42,31.180952380952384,10.193116713701484,1.5728320554787283,4.6,50.5,2018-08-18,2020-05-12,3,456146.06088318775,3923046.3818083527,True,
usa_NC_0034_0032,usa_NC_0034,32,49,47,31.000000000000004,12.564944332823625,1.8327854982788365,4.0,55.6,2018-08-18,2020-06-21,3,456150.31642540864,3923096.350615201,True,
usa_NC_0034_0033,usa_NC_0034,33,49,47,31.772340425531915,12.135856002980152,1.7701965326943725,4.1,53.6,2018-08-18,2020-06-21,3,456154.7587649418,3923146.3089434025,True,
usa_NC_0034_0034,usa_NC_0034,34,49,47,32.304255319148936,11.700389392383272,1.7066771992420418,4.9,54.5,2018-08-18,2020-06-21,3,456159.66910185094,3923196.24480183,True,
usa_NC_0034_0035,usa_NC_0034,35,49,49,31.071428571428573,11.504817831384091,1.6435454044834417,4.3,51.9,2018-08-18,2020-06-21,3,456162.6773289592,3923246.257593619,True,
usa_NC_0034_0036,usa_NC_0034,36,49,49,32.320408163265306,10.933587006556081,1.561941000936583,8.2,58.4,2018-08-18,2020-06-21,3,456165.7096832535,3923296.2676446834,True,
usa_NC_0034_0037,usa_NC_0034,37,49,50,39.352,10.835998960381445,1.5324416691632199,13.8,62.6,2018-08-18,2020-05-12,3,456167.4842423977,3923346.490095614,True,
usa_NC_0034_0038,usa_NC_0034,38,49,51,30.764705882352942,10.30812928769157,1.4434268145140339,2.0,53.3,2018-08-18,2020-05-12,3,456168.3453106895,3923396.7910426264,True,
usa_NC_0034_0039,usa_NC_0034,39,50,51,32.17058823529412,10.10067906861013,1.4143779734933353,4.1,55.8,2018-08-18,2020-05-12,3,456171.98207391996,3923446.964280285,True,
usa_NC_0034_0040,usa_NC_0034,40,50,51,33.166666666666664,10.14249804864002,1.420233801980357,8.9,55.8,2018-08-18,2020-05-12,3,456175.6994173365,3923497.1272579315,True,
usa_NC_0034_0041,usa_NC_0034,41,50,54,31.900000000000002,10.84388359033583,1.4756656459145798,6.1,56.3,2018-08-18,2020-06-21,3,456178.31423034373,3923547.3371359096,True,
usa_NC_0034_0042,usa_NC_0034,42,50,51,30.129411764705885,11.71597702486049,1.6405649292841877,8.7,57.3,2018-08-18,2020-06-21,3,456181.84136379574,3923597.4976269337,True,
usa_NC_0034_0043,usa_NC_0034,43,50,51,31.078431372549023,10.577302373015346,1.4811185855675595,14.1,52.8,2018-08-18,2020-06-21,3,456185.8847150987,3923647.627688302,True,
usa_NC_0034_0044,usa_NC_0034,44,50,48,26.910416666666663,12.079298971897428,1.7434966282617375,1.5,51.1,2018-08-18,2020-06-21,3,456188.66759050876,3923697.8233017274,True,
usa_NC_0034_0045,usa_NC_0034,45,50,44,25.7,11.548723879971066,1.7410356326037015,-1.1,46.1,2018-08-18,2020-05-12,3,456192.18702201656,3923747.982619328,True,
usa_NC_0034_0046,usa_NC_0034,46,50,44,30.645454545454548,10.381344057478604,1.565046502647375,3.5,49.2,2018-08-18,2020-05-12,3,456196.0246501434,3923798.1258030008,True,
usa_NC_0034_0047,usa_NC_0034,47,50,43,27.716279069767445,10.376322181558544,1.5823742979981716,0.9,48.5,2018-08-18,2020-05-12,3,456199.3158676271,3923848.3000161685,True,
usa_NC_0034_0048,usa_NC_0034,48,50,43,29.246511627906976,10.840715774057966,1.6531936569259555,7.3,55.0,2018-08-18,2020-05-12,3,456203.65340114734,3923898.4162758584,True,
usa_NC_0034_0049,usa_NC_0034,49,51,45,33.70888888888889,11.413206509490784,1.7013803730976327,10.3,56.6,2018-08-18,2020-05-12,3,456209.2315453436,3923948.459422868,True,
usa_NC_0034_0050,usa_NC_0034,50,51,47,38.08723404255319,14.388591752424778,2.098791813634116,9.9,64.4,2018-08-18,2020-05-12,3,456214.2944914998,3923998.5294794445,True,
usa_NC_0034_0051,usa_NC_0034,51,51,45,44.06,15.049968287493014,2.243516810003365,14.1,75.0,2018-08-18,2020-05-12,3,456220.46818890923,3924048.5295050507,True,
usa_NC_0034_0052,usa_NC_0034,52,51,47,35.280851063829786,13.519143243658348,1.9719697142950436,9.0,65.2,2018-08-18,2020-06-21,3,456226.71958622814,3924098.5194824194,True,
usa_NC_0034_0053,usa_NC_0034,53,51,47,33.040425531914885,12.369187867869027,1.804231483182576,2.3,57.8,2018-08-18,2020-06-21,3,456231.71708538214,3924148.583332802,True,
usa_NC_0034_0054,usa_NC_0034,54,51,48,37.81666666666667,11.894828723214554,1.7168706413281039,11.4,59.8,2018-08-18,2020-06-21,3,456236.18194755807,3924198.679162881,True,
usa_NC_0034_0055,usa_NC_0034,55,51,50,37.416,12.607988397384073,1.7830388185823178,7.6,61.6,2018-08-18,2020-06-21,3,456238.5156855434,3924249.10285935,True,
usa_NC_0034_0056,usa_NC_0034,56,51,47,39.03191489361702,12.391443513183827,1.8074778026971996,16.3,67.7,2018-08-18,2020-06-21,3,456241.3831605041,3924300.1026127883,True,
usa_NC_0034_0057,usa_NC_0034,57,51,48,32.512499999999996,13.149753253894078,1.8980033952282258,2.8,61.1,2018-08-18,2020-06-21,3,456244.8452719007,3924351.0692989985,True,
usa_NC_0034_0058,usa_NC_0034,58,51,48,36.21458333333334,13.690266608897543,1.9760197779811854,8.7,67.9,2018-08-18,2020-06-21,3,456249.1985046457,3924401.970932183,True,
usa_NC_0034_0059,usa_NC_0034,59,52,48,35.81458333333333,13.13599876874546,1.896018106302446,11.7,70.5,2018-08-18,2020-06-21,3,456252.8907227385,3924452.926954908,True,
usa_NC_0034_0060,usa_NC_0034,60,52,51,39.790196078431364,12.643974927244372,1.7705106273569797,8.0,71.3,2018-08-18,2020-06-21,3,456255.0798897772,3924504.0218058866,True,
usa_NC_0034_0061,usa_NC_0034,61,52,50,36.658,13.774304530760254,1.9479808279658322,-0.1,70.6,2018-08-18,2020-06-21,3,456258.94446992635,3924554.9772920846,True,
usa_NC_0034_0062,usa_NC_0034,62,52,46,48.891304347826086,11.897895725938852,1.7542490199594143,19.8,77.9,2018-08-18,2020-05-12,3,456264.2969217524,3924605.7887249347,True,
usa_NC_0034_0063,usa_NC_0034,63,52,46,43.91521739130435,15.043994259671338,2.2181159420289855,2.1,77.6,2018-08-18,2020-06-21,3,456269.6850396783,3924656.5855098986,True,
usa_NC_0034_0064,usa_NC_0034,64,52,42,49.47142857142857,15.076249868734918,2.3263158596113462,8.0,79.5,2018-08-18,2020-05-12,3,456272.2979546116,3924707.6705976496,True,
usa_NC_0034_0065,usa_NC_0034,65,52,41,37.5609756097561,15.504142640739289,2.4213402810618017,-9.9,63.4,2018-08-18,2020-05-12,3,456276.07152821665,3924758.639403769,True,
usa_NC_0034_0066,usa_NC_0034,66,52,38,46.27368421052632,15.86600452455682,2.5738058016407157,-3.7,77.0,2018-08-18,2020-05-12,3,456280.15406118747,3924809.5756578133,True,
usa_NC_0034_0067,usa_NC_0034,67,52,41,48.44634146341464,14.668539422194966,2.290840982975508,8.7,73.4,2018-08-18,2020-05-12,3,456283.0085813882,3924860.66237023,True,
usa_NC_0034_0068,usa_NC_0034,68,52,42,45.63095238095238,14.639896842486724,2.2589851258951534,5.1,76.2,2018-08-18,2020-05-12,3,456287.9499321658,3924911.2773848446,True,
usa_NC_0034_0069,usa_NC_0034,69,53,43,42.806976744186045,12.79232275994803,1.9508109321253142,9.0,71.9,2018-08-18,2020-05-12,3,456294.9012933801,3924961.552569594,True,
usa_NC_0034_0070,usa_NC_0034,70,53,40,57.675,12.429116972574873,1.9652159468996577,33.7,87.9,2018-08-18,2020-05-12,3,456299.12200426904,3925012.1703287363,True,
usa_NC_0034_0071,usa_NC_0034,71,53,46,40.35,15.296967746001894,2.2554148477088867,1.4,66.9,2018-08-18,2020-06-21,3,456303.06292070256,3925062.6559607214,True,
usa_NC_0034_0072,usa_NC_0034,72,53,46,43.263043478260876,14.398878948579485,2.122998878616128,5.8,68.9,2018-08-18,2020-06-21,3,456307.7252604665,3925112.6173293097,True,
usa_NC_0034_0073,usa_NC_0034,73,53,46,49.16956521739131,13.608671574734453,2.0064891576483923,17.0,77.8,2018-08-18,2020-06-21,3,456314.8119911673,3925162.2455330933,True,
usa_NC_0034_0074,usa_NC_0034,74,53,48,48.92499999999999,15.223910365228463,2.197382186870847,17.1,88.5,2018-08-18,2020-06-21,3,456321.3882324182,3925211.9386398187,True,
usa_NC_0034_0075,usa_NC_0034,75,53,46,52.52173913043478,16.100985657109156,2.373960821306116,14.8,95.3,2018-08-18,2020-06-21,3,456326.89744075044,3925261.775289536,True,
usa_NC_0034_0076,usa_NC_0034,76,53,48,52.5375,15.627602761943573,2.255650165349165,11.9,93.2,2018-08-18,2020-06-21,3,456332.28868877335,3925311.625774803,True,
usa_NC_0034_0077,usa_NC_0034,77,53,50,46.861999999999995,14.893977552921811,2.106326505302247,14.2,84.5,2018-08-18,2020-06-21,3,456335.9360400619,3925361.7189401262,True,
usa_NC_0034_0078,usa_NC_0034,78,53,51,41.53921568627451,13.258176019820713,1.856515983109269,12.6,73.1,2018-08-18,2020-06-21,3,456339.5214896566,3925411.8215815793,True,
usa_NC_0034_0079,usa_NC_0034,79,54,52,41.54423076923077,11.845350100546835,1.6426545062824667,11.5,74.3,2018-08-18,2020-06-21,3,456341.86538774334,3925462.1017645625,True,
usa_NC_0034_0080,usa_NC_0034,80,54,51,37.062745098039215,12.060297853441492,1.6887794891619878,5.7,71.6,2018-08-18,2020-06-21,3,456345.42798847094,3925512.1651499644,True,
usa_NC_0034_0081,usa_NC_0034,81,54,50,33.064,12.4799882260541,1.764936860754225,-0.7,61.2,2018-08-18,2020-06-21,3,456350.4604686148,3925561.8825083612,True,
usa_NC_0034_0082,usa_NC_0034,82,54,48,30.212500000000006,12.956270559405228,1.870076573791558,-1.9,54.7,2018-08-18,2020-06-21,3,456357.17226642126,3925611.34501557,True,
usa_NC_0034_0083,usa_NC_0034,83,54,46,26.847826086956527,13.45482547275941,1.983805787426386,-10.9,51.5,2018-08-18,2020-06-21,3,456364.5556231096,3925660.391714657,True,
usa_NC_0034_0084,usa_NC_0034,84,54,44,27.58636363636363,12.829935759216555,1.934185590803857,-8.6,53.5,2018-08-18,2020-05-12,3,456372.88574382575,3925709.297070367,True,
usa_NC_0034_0085,usa_NC_0034,85,54,44,27.47954545454546,13.024959573127541,1.9635865369823495,-7.3,52.8,2018-08-18,2020-05-12,3,456379.55815851944,3925758.436033589,True,
usa_NC_0034_0086,usa_NC_0034,86,54,43,27.76976744186046,13.169237872219682,2.0082899478834944,-12.5,47.6,2018-08-18,2020-05-12,3,456385.44703151763,3925807.681123438,True,
usa_NC_0034_0087,usa_NC_0034,87,54,44,29.10909090909091,13.499833214849458,2.0351764320924066,-14.3,49.7,2018-08-18,2020-05-12,3,456392.3738280297,3925856.771834453,True,
usa_NC_0034_0088,usa_NC_0034,88,54,45,31.084444444444443,14.660242394677757,2.1854199040749176,-11.8,51.0,2018-08-18,2020-05-12,3,456400.1625071134,3925905.73476054,True,
usa_NC_0034_0089,usa_NC_0034,89,55,45,29.144444444444446,15.99597329380621,2.38453891008146,-17.7,56.0,2018-08-18,2020-05-12,3,456407.46931710135,3925954.761114795,True,
usa_NC_0034_0090,usa_NC_0034,90,55,45,27.775555555555552,16.913135771233012,2.5212614198106897,-19.9,53.4,2018-08-18,2020-05-12,3,456415.34082441893,3926003.7027985957,True,
usa_NC_0034_0091,usa_NC_0034,91,55,47,25.848936170212767,18.882587704254963,2.7543084949393983,-25.8,53.4,2018-08-18,2020-06-21,3,456420.8669331985,3926052.9689428825,True,
usa_NC_0034_0092,usa_NC_0034,92,55,48,29.104166666666668,18.846591862262393,2.7202712212460507,-28.4,55.8,2018-08-18,2020-06-21,3,456429.0431772747,3926101.8576916233,True,
usa_NC_0034_0093,usa_NC_0034,93,55,47,31.182978723404258,17.724072541491676,2.5853216905727496,-22.3,56.5,2018-08-18,2020-06-21,3,456436.0539757347,3926150.904464818,True,
usa_NC_0034_0094,usa_NC_0034,94,55,48,32.56875,16.256771502387892,2.3464628507644716,-9.2,58.0,2018-08-18,2020-06-21,3,456443.82066995354,3926199.840908554,True,
usa_NC_0034_0095,usa_NC_0034,95,55,48,35.641666666666666,14.52155893004829,2.0960064893290986,6.7,59.7,2018-08-18,2020-06-21,3,456453.2927771867,3926248.5369573724,True,
usa_NC_0034_0096,usa_NC_0034,96,55,49,37.536734693877555,13.299478277322747,1.899925468188964,10.7,64.7,2018-08-18,2020-06-21,3,456461.6091097278,3926297.4778600237,True,
usa_NC_0034_0097,usa_NC_0034,97,55,49,38.24693877551021,13.283167638669882,1.8975953769528402,6.4,65.7,2018-08-18,2020-06-21,3,456469.4893732887,3926347.113854393,True,
usa_NC_0034_0098,usa_NC_0034,98,55,50,36.948,12.816256258744046,1.8124923419964891,2.9,65.2,2018-08-18,2020-06-21,3,456476.80659830256,3926397.017366028,True,
usa_NC_0034_0099,usa_NC_0034,99,56,51,36.0078431372549,13.458645446511397,1.884587317674417,0.0,61.4,2018-08-18,2020-06-21,3,456484.4783939264,3926446.867661381,True,
usa_NC_0034_0100,usa_NC_0034,100,56,50,35.34,14.03454920646087,1.984784982956952,5.4,62.4,2018-08-18,2020-06-21,3,456491.57523288706,3926496.795983291,True,
usa_NC_0034_0101,usa_NC_0034,101,56,48,35.43541666666667,13.3429954463857,1.9258955031916838,5.3,62.2,2018-08-18,2020-05-12,3,456499.4111588219,3926546.6152036902,True,
usa_NC_0034_0102,usa_NC_0034,102,56,45,35.57555555555555,14.809443479132367,2.207661488552064,1.6,63.7,2018-08-18,2020-05-12,3,456507.29061001405,3926596.423501807,True,
usa_NC_0034_0103,usa_NC_0034,103,56,43,36.25813953488372,14.545220660935486,2.2181253559649248,3.9,67.6,2018-08-18,2020-05-12,3,456514.975163352,3926646.255772489,True,
usa_NC_0034_0104,usa_NC_0034,104,56,42,38.14047619047619,14.699312403427774,2.2681531459882343,7.1,68.0,2018-08-18,2020-05-12,3,456524.3742561805,3926695.829022141,True,
usa_NC_0034_0105,usa_NC_0034,105,56,43,37.858139534883726,14.811389320354593,2.2587156959936845,6.7,66.3,2018-08-18,2020-05-12,3,456532.4725719385,3926745.345657007,True,
usa_NC_0034_0106,usa_NC_0034,106,56,41,36.27804878048781,15.203034437162897,2.3743150801737563,-1.8,69.9,2018-08-18,2020-05-12,3,456540.1510794042,3926794.1536290003,True,
usa_NC_0034_0107,usa_NC_0034,107,56,43,36.78604651162791,16.19326111153515,2.4694491685316753,-13.5,71.7,2018-08-18,2020-05-12,3,456547.8728743287,3926843.052706661,True,
usa_NC_0034_0108,usa_NC_0034,108,56,44,38.38181818181818,13.143665424963567,1.981482117480514,8.9,70.8,2018-08-18,2020-05-12,3,456555.9519274755,3926891.5285540717,True,
usa_NC_0034_0109,usa_NC_0034,109,56,43,41.88837209302326,13.617621799613099,2.0766678557711087,12.7,68.4,2018-08-18,2020-05-12,3,456565.260006876,3926939.956854368,True,
usa_NC_0034_0110,usa_NC_0034,110,57,45,44.586666666666666,15.198379100177995,2.265640587720672,19.3,78.1,2018-08-18,2020-06-21,3,456573.77083560725,3926988.522731048,True,
usa_NC_0034_0111,usa_NC_0034,111,57,47,43.36595744680851,14.55644600371325,2.1232758725711944,18.5,81.0,2018-08-18,2020-06-21,3,456579.88787345693,3927037.440649077,True,
usa_NC_0034_0112,usa_NC_0034,112,57,46,43.641304347826086,14.102081423786057,2.079238470978653,14.4,78.1,2018-08-18,2020-05-12,3,456588.38946854696,3927086.0495856106,True,
usa_NC_0034_0113,usa_NC_0034,113,57,48,42.31666666666666,13.353321896582845,1.9273859978919574,10.7,73.8,2018-08-18,2020-05-12,3,456595.3087953743,3927134.892754257,True,
usa_NC_0034_0114,usa_NC_0034,114,57,46,38.55434782608695,12.81635598274051,1.8896685968727798,11.8,66.2,2018-08-18,2020-05-12,3,456601.4850006422,3927184.070302235,True,
usa_NC_0034_0115,usa_NC_0034,115,57,48,34.895833333333336,12.158876598676539,1.7549826693223354,8.8,61.3,2018-08-18,2020-05-12,3,456608.0287343596,3927233.2548288526,True,
usa_NC_0034_0116,usa_NC_0034,116,57,49,31.228571428571428,11.681502471856948,1.6687860674081354,5.8,58.6,2018-08-18,2020-05-12,3,456614.5657743739,3927282.447457433,True,
usa_NC_0034_0117,usa_NC_0034,117,57,49,30.516326530612243,12.748796461803359,1.8212566374004797,5.9,57.6,2018-08-18,2020-05-12,3,456622.5641412523,3927331.4581669876,True,
usa_NC_0034_0118,usa_NC_0034,118,57,49,31.540816326530614,11.67912879112684,1.6684469701609772,6.9,56.8,2018-08-18,2020-05-12,3,456632.07820876205,3927380.2841122714,True,
usa_NC_0034_0119,usa_NC_0034,119,57,49,33.24081632653061,11.042171404199806,1.5774530577428294,3.9,54.0,2018-08-18,2020-05-12,3,456639.8695014467,3927429.342550112,True,
usa_NC_0034_0120,usa_NC_0034,120,58,48,35.86666666666667,12.294979659303834,1.7746274539950107,7.1,66.1,2018-08-18,2020-05-12,3,456648.9650081022,3927478.2454386754,True,
usa_NC_0034_0121,usa_NC_0034,121,58,46,37.40869565217392,13.165743867864167,1.9411830301122344,14.8,66.5,2018-08-18,2020-05-12,3,456659.6979985152,3927527.1114291283,True,
usa_NC_0034_0122,usa_NC_0034,122,58,43,36.13023255813955,14.946022482248148,2.27924706070181,12.1,73.1,2018-08-18,2020-05-12,3,456668.26953242027,3927576.717201699,True,
usa_NC_0034_0123,usa_NC_0034,123,58,42,35.42619047619047,14.440425294794514,2.228205997864122,7.1,73.4,2018-08-18,2020-05-12,3,456678.2179342418,3927626.176110718,True,
usa_NC_0034_0124,usa_NC_0034,124,58,42,35.93333333333333,13.883340897332483,2.142246009124117,8.3,72.1,2018-08-18,2020-05-12,3,456687.37076985615,3927675.7318623303,True,
usa_NC_0034_0125,usa_NC_0034,125,58,41,36.64390243902439,14.747305665451023,2.303142203494639,10.2,78.6,2018-08-18,2020-05-12,3,456696.8599219505,3927725.2379987263,True,
usa_NC_0034_0126,usa_NC_0034,126,58,43,35.79999999999999,15.597221974868901,2.378554052327792,7.0,79.2,2018-08-18,2020-05-12,3,456706.5154322655,3927774.715749647,True,
usa_NC_0034_0127,usa_NC_0034,127,58,46,33.4804347826087,14.21722929039453,2.0962160976784694,6.0,76.6,2018-08-18,2020-05-12,3,456714.70711065776,3927824.385851216,True,
usa_NC_0034_0128,usa_NC_0034,128,58,46,33.68478260869565,13.234247951454579,1.9512834062014033,4.9,66.0,2018-08-18,2020-05-12,3,456724.42029846867,3927873.8448424363,True,
usa_NC_0034_0129,usa_NC_0034,129,58,47,35.34042553191489,12.815931993361403,1.869395811249256,6.3,60.3,2018-08-18,2020-06-21,3,456734.9457462461,3927923.1840870073,True,
usa_NC_0034_0130,usa_NC_0034,130,59,47,35.757446808510636,12.099276742323342,1.7648608991496677,2.7,61.2,2018-08-18,2020-06-21,3,456742.74453961255,3927972.8975365385,True,
usa_NC_0034_0131,usa_NC_0034,131,59,48,41.96458333333334,12.360222568803307,1.7840444568355693,12.4,68.4,2018-08-18,2020-06-21,3,456754.4847611487,3928022.0495823137,True,
usa_NC_0034_0132,usa_NC_0034,132,59,49,41.087755102040816,13.2725222523368,1.8960746074766859,13.1,76.8,2018-08-18,2020-06-21,3,456763.797736149,3928071.5571007896,True,
usa_NC_0034_0133,usa_NC_0034,133,59,50,37.809999999999995,13.723601746551784,1.9408103714580627,11.0,73.8,2018-08-18,2020-05-12,3,456772.17077615095,3928121.4515801556,True,
usa_NC_0034_0134,usa_NC_0034,134,59,50,37.91400000000001,15.435223565942033,2.182870250521603,13.9,76.9,2018-08-18,2020-05-12,3,456780.1627681905,3928171.39859976,True,
usa_NC_0034_0135,usa_NC_0034,135,59,49,38.60816326530612,15.710676262957486,2.2443823232796407,14.6,75.8,2018-08-18,2020-05-12,3,456788.0409535187,3928221.360714761,True,
usa_NC_0034_0136,usa_NC_0034,136,59,49,40.50408163265306,15.585262258295941,2.2264660368994202,5.5,78.0,2018-08-18,2020-05-12,3,456795.48070256074,3928271.389577112,True,
usa_NC_0034_0137,usa_NC_0034,137,59,49,37.08979591836735,14.00916730956851,2.001309615652644,6.2,71.8,2018-08-18,2020-05-12,3,456802.7781621733,3928321.4420781364,True,
usa_NC_0034_0138,usa_NC_0034,138,59,50,33.502,14.790351101792199,2.0916715120414375,-4.0,62.1,2018-08-18,2020-05-12,3,456810.13077705464,3928371.487498544,True,
usa_NC_0034_0139,usa_NC_0034,139,59,49,44.1,15.356146977676397,2.1937352825251994,6.4,75.2,2018-08-18,2020-05-12,3,456818.7524492163,3928421.2123643192,True,
usa_NC_0034_0140,usa_NC_0034,140,60,49,35.12040816326531,15.008580595665888,2.144082942237984,0.2,65.3,2018-08-18,2020-05-12,3,456828.5951366394,3928470.6610633894,True,
usa_NC_0034_0141,usa_NC_0034,141,60,45,31.113333333333337,15.148216216619517,2.2581627465483947,0.0,55.4,2018-08-18,2020-05-12,3,456837.2240775732,3928520.316082007,True,
usa_NC_0034_0142,usa_NC_0034,142,60,42,30.202380952380956,14.186020052308765,2.188950416700653,5.4,59.0,2018-08-18,2020-05-12,3,456846.09129168594,3928569.9368099915,True,
usa_NC_0034_0143,usa_NC_0034,143,60,42,32.328571428571436,12.893036231829232,1.9894386817538767,8.0,60.3,2018-08-18,2020-05-12,3,456856.27631172957,3928619.3343237755,True,
usa_NC_0034_0144,usa_NC_0034,144,60,41,36.043902439024386,12.49990097521752,1.9521565585347758,7.7,60.2,2018-08-18,2020-05-12,3,456865.9853466626,3928668.815096436,True,
usa_NC_0034_0145,usa_NC_0034,145,60,42,34.48809523809524,11.941998083847228,1.8426903095785097,10.3,57.4,2018-08-18,2020-05-12,3,456874.7854654607,3928718.4593381034,True,
usa_NC_0034_0146,usa_NC_0034,146,60,45,32.72222222222222,11.971782902249183,1.7846480254199262,8.3,61.2,2018-08-18,2020-05-12,3,456884.5215605744,3928767.9406947745,True,
usa_NC_0034_0147,usa_NC_0034,147,60,45,35.05777777777778,12.014318898125627,1.790988917304618,10.8,60.4,2018-08-18,2020-05-12,3,456896.012544775,3928816.8355321004,True,
usa_NC_0034_0148,usa_NC_0034,148,60,47,38.276595744680854,13.973689761491643,2.038272138254195,10.1,69.0,2018-08-18,2020-05-12,3,456907.0065285265,3928865.6938784323,True,
usa_NC_0034_0149,usa_NC_0034,149,60,47,35.12765957446808,13.746220067438928,2.005092273265167,4.9,64.7,2018-08-18,2020-05-12,3,456915.70526804356,3928914.968501603,True,
usa_NC_0034_0150,usa_NC_0034,150,61,47,33.80425531914893,14.090267338575426,2.055276725544366,9.3,65.4,2018-08-18,2020-05-12,3,456925.14175300166,3928964.109666324,True,
usa_NC_0034_0151,usa_NC_0034,151,61,47,31.363829787234035,14.236151555137104,2.076556125552812,7.1,62.6,2018-08-18,2020-05-12,3,456935.06921468116,3929013.1617490933,True,
usa_NC_0034_0152,usa_NC_0034,152,61,49,33.36326530612245,13.146176470073453,1.8780252100104933,8.7,61.3,2018-08-18,2020-05-12,3,456945.9468391668,3929062.0406530984,True,
usa_NC_0034_0153,usa_NC_0034,153,61,47,33.917021276595754,12.425627779590403,1.8124640904259566,9.5,60.7,2018-08-18,2020-05-12,3,456955.6314075591,3929111.136971631,True,
usa_NC_0034_0154,usa_NC_0034,154,61,50,30.346000000000004,13.187706241737695,1.8650233023657765,6.2,61.1,2018-08-18,2020-05-12,3,456964.6694947341,3929160.4620931004,True,
usa_NC_0034_0155,usa_NC_0034,155,61,49,31.414285714285715,13.145579104778914,1.8779398721112734,5.0,61.5,2018-08-18,2020-05-12,3,456973.7583043104,3929209.792029304,True,
usa_NC_0034_0156,usa_NC_0034,156,61,50,30.285999999999998,14.34910236828458,2.029269517710795,-0.7,60.9,2018-08-18,2020-05-12,3,456981.9429599691,3929259.2910413085,True,
usa_NC_0034_0157,usa_NC_0034,157,61,52,30.332692307692305,14.428807257838786,2.0009155543047963,-4.1,58.4,2018-08-18,2020-05-12,3,456991.51668815763,3929308.5349969547,True,
usa_NC_0034_0158,usa_NC_0034,158,61,49,31.726530612244897,13.970695155547977,1.995813593649711,1.6,62.1,2018-09-03,2020-05-12,3,457001.20256292616,3929357.7588683073,True,
usa_NC_0034_0159,usa_NC_0034,159,61,48,31.78333333333333,13.666083710106241,1.9725292771994496,-5.1,61.3,2018-09-03,2020-05-12,3,457012.0751176622,3929406.7606747197,True,
usa_NC_0034_0161,usa_NC_0034,161,62,43,37.01860465116279,14.988110459611033,2.285665417077841,4.2,69.9,2018-09-03,2020-05-12,3,457031.9123283451,3929505.121580779,True,
usa_NC_0034_0162,usa_NC_0034,162,62,43,37.82325581395349,15.715337325126843,2.3965664743764634,0.4,62.7,2018-08-18,2020-05-12,3,457042.8961670223,3929554.0997250155,True,
usa_NC_0034_0163,usa_NC_0034,163,62,43,32.39302325581396,15.270472524401265,2.3287252282745134,-3.9,56.2,2018-08-18,2020-05-12,3,457051.7389018893,3929603.485607883,True,
usa_NC_0034_0164,usa_NC_0034,164,62,43,30.86976744186046,14.274628422880076,2.176860426518375,-3.3,60.4,2018-08-18,2020-05-12,3,457059.1194443998,3929652.968467747,True,
usa_NC_0034_0165,usa_NC_0034,165,62,44,30.44545454545454,11.487818716290354,1.7318538337071516,-1.4,49.5,2018-08-18,2020-05-12,3,457066.34319932084,3929702.4366034744,True,
usa_NC_0034_0166,usa_NC_0034,166,62,45,29.813333333333333,10.969474173193701,1.6352326619126276,0.1,47.5,2018-08-18,2020-05-12,3,457073.0292309762,3929752.006982581,True,
usa_NC_0034_0167,usa_NC_0034,167,62,44,29.697727272727274,12.679474140595484,1.9115026483349642,-2.7,51.8,2018-08-18,2020-05-12,3,457080.70829220675,3929801.3875417067,True,
usa_NC_0034_0168,usa_NC_0034,168,62,48,30.604166666666668,15.624203242097005,2.2551594869245326,0.7,76.8,2018-08-18,2020-06-21,3,457091.6350306625,3929850.1495894357,True,
usa_NC_0034_0169,usa_NC_0034,169,62,48,32.71875,14.42261309947061,2.081724888849295,4.1,60.8,2018-08-18,2020-06-21,3,457102.4842125385,3929898.9274723004,True,
usa_NC_0034_0170,usa_NC_0034,170,62,48,36.96875,13.220618266194116,1.9082318787101142,11.4,65.2,2018-08-18,2020-06-21,3,457115.1878652495,3929947.3540407396,True,
usa_NC_0034_0171,usa_NC_0034,171,63,50,39.529999999999994,13.11033631785802,1.8540815427987354,8.1,68.4,2018-08-18,2020-06-21,3,457126.43686827447,3929996.0670599365,True,
usa_NC_0034_0172,usa_NC_0034,172,63,49,38.05918367346938,13.210994763947989,1.887284966278284,9.5,64.8,2018-08-18,2020-06-21,3,457135.58479143074,3930045.251623038,True,
usa_NC_0034_0173,usa_NC_0034,173,63,50,37.986,13.271913108177753,1.8769319516222236,10.0,65.4,2018-08-18,2020-06-21,3,457145.276897076,3930094.3321772134,True,
usa_NC_0034_0174,usa_NC_0034,174,63,49,40.54489795918367,13.410475712797716,1.915782244685388,7.2,67.0,2018-08-18,2020-06-21,3,457155.95979928813,3930143.2232742244,True,
usa_NC_0034_0175,usa_NC_0034,175,63,48,47.26874999999999,12.953027350901081,1.8696084569658311,18.7,81.2,2018-08-18,2020-06-21,3,457165.8918919214,3930192.2564592403,True,
usa_NC_0034_0176,usa_NC_0034,176,63,50,44.593999999999994,13.74054643478674,1.9432067122492687,15.4,79.1,2018-08-18,2020-06-21,3,457173.361308214,3930241.759142687,True,
usa_NC_0034_0177,usa_NC_0034,177,63,49,41.473469387755095,12.895715947395798,1.8422451353422569,17.7,71.5,2018-08-18,2020-06-21,3,457182.9608976073,3930290.8548447196,True,
usa_NC_0034_0178,usa_NC_0034,178,63,49,39.16530612244898,13.537041020541999,1.9338630029345711,11.5,68.6,2018-08-18,2020-06-21,3,457192.35332509223,3930339.989550786,True,
usa_NC_0034_0179,usa_NC_0034,179,63,49,41.614285714285714,14.725615437053897,2.1036593481505568,14.8,75.0,2018-08-18,2020-06-21,3,457202.7683844327,3930388.9428645964,True,
usa_NC_0034_0180,usa_NC_0034,180,63,45,43.73111111111111,14.90254435600942,2.221540147849526,14.4,76.6,2018-08-18,2020-06-21,3,457215.2590378045,3930437.4992428217,True,
usa_NC_0034_0181,usa_NC_0034,181,64,42,45.56666666666666,14.278359314551766,2.203198674197776,20.7,82.7,2018-08-18,2020-05-12,3,457225.2884856816,3930486.5271108462,True,
usa_NC_0034_0182,usa_NC_0034,182,64,41,47.82682926829268,14.42643449349568,2.253030545488768,17.7,82.5,2018-08-18,2020-05-12,3,457236.01325489854,3930535.4210635973,True,
usa_NC_0034_0183,usa_NC_0034,183,64,40,49.754999999999995,12.736681329218035,2.0138461416034943,26.9,82.0,2018-08-18,2020-05-12,3,457245.7607691445,3930584.5026593786,True,
usa_NC_0034_0184,usa_NC_0034,184,64,42,45.43333333333333,13.139322228253866,2.0274414360509496,17.1,75.6,2018-08-18,2020-05-12,3,457254.24414915766,3930633.8278666353,True,
usa_NC_0034_0185,usa_NC_0034,185,64,44,41.04318181818182,12.876035026850657,1.9411353168880612,15.3,76.8,2018-08-18,2020-05-12,3,457263.08320423274,3930683.0849350877,True,
usa_NC_0034_0186,usa_NC_0034,186,64,45,44.87555555555555,12.677273071337247,1.8898162904558415,20.9,80.9,2018-08-18,2020-05-12,3,457272.9308989413,3930732.147467815,True,
usa_NC_0034_0187,usa_NC_0034,187,64,45,42.43333333333333,12.930882695033905,1.9276221810114327,12.4,81.8,2018-08-18,2020-05-12,3,457281.22594335134,3930781.5102089667,True,
usa_NC_0034_0188,usa_NC_0034,188,64,47,42.231914893617024,15.13606557319562,2.2078220761457534,7.2,84.7,2018-08-18,2020-06-21,3,457290.1603853891,3930830.7598912776,True,
usa_NC_0034_0189,usa_NC_0034,189,64,48,39.975,14.844061782839828,2.142555766547503,8.3,76.9,2018-08-18,2020-06-21,3,457298.1386313381,3930880.3141939365,True,
usa_NC_0034_0190,usa_NC_0034,190,64,49,39.61428571428572,14.910245359036406,2.130035051290915,11.0,76.7,2018-08-18,2020-06-21,3,457307.9489022776,3930929.5822759857,True,
usa_NC_0034_0191,usa_NC_0034,191,65,48,37.43541666666667,14.681113784395059,2.1190362488560033,6.3,72.2,2018-08-18,2020-06-21,3,457316.5128990442,3930979.095667121,True,
usa_NC_0034_0192,usa_NC_0034,192,65,47,40.255319148936174,14.404117897182378,2.1010565346071783,10.9,75.5,2018-08-18,2020-06-21,3,457326.50259476417,3931028.328840899,True,
usa_NC_0034_0193,usa_NC_0034,193,65,49,38.03469387755102,15.443574054986,2.206224864998,7.0,75.4,2018-08-18,2020-06-21,3,457336.3483589829,3931077.589864803,True,
usa_NC_0034_0194,usa_NC_0034,194,65,48,37.47291666666667,14.849424941703662,2.143329871850938,4.4,70.9,2018-08-18,2020-06-21,3,457347.4934045153,3931126.589082976,True,
usa_NC_0034_0195,usa_NC_0034,195,65,48,42.668749999999996,15.175878904759186,2.19044944271297,14.7,77.5,2018-08-18,2020-06-21,3,457360.1176950787,3931175.2850379157,True,
usa_NC_0034_0196,usa_NC_0034,196,65,48,42.0875,14.303185555018036,2.0644870076147077,17.2,74.6,2018-08-18,2020-06-21,3,457373.83313942817,3931223.7507864544,True,
usa_NC_0034_0197,usa_NC_0034,197,65,49,47.39387755102041,14.246350529218372,2.0351929327454816,20.7,78.2,2018-08-18,2020-06-21,3,457385.78541395545,3931272.566831434,True,
usa_NC_0034_0198,usa_NC_0034,198,65,47,50.412765957446794,14.257989629331348,2.079741536059486,26.0,80.6,2018-08-18,2020-06-21,3,457399.1569400022,3931321.0866734507,True,
usa_NC_0034_0199,usa_NC_0034,199,65,43,53.96744186046512,15.239090101106253,2.3239394535884514,31.6,86.8,2018-08-18,2020-06-21,3,457411.39148039033,3931369.8353629527,True,
usa_NC_0034_0200,usa_NC_0034,200,65,39,52.76153846153846,12.97367000352344,2.0774498257406466,32.2,83.2,2018-08-18,2020-05-12,3,457422.61133390473,3931418.791767216,True,
usa_NC_0034_0201,usa_NC_0034,201,66,38,53.81052631578948,11.754925120151546,1.9069006582766834,29.5,81.1,2018-08-18,2020-05-12,3,457434.22389112215,3931467.664073078,True,
usa_NC_0034_0202,usa_NC_0034,202,66,38,55.571052631578944,14.299043776283572,2.3196112021997064,8.8,85.6,2018-08-18,2020-05-12,3,457444.7668229653,3931516.759959357,True,
usa_NC_0034_0203,usa_NC_0034,203,66,39,59.84871794871795,15.633682796666134,2.5033927634044995,13.9,88.6,2018-08-18,2020-05-12,3,457457.3800441541,3931565.4155775937,True,
usa_NC_0034_0204,usa_NC_0034,204,66,42,61.21666666666666,16.548493655811175,2.5534880079180895,17.0,88.9,2018-08-18,2020-05-12,3,457470.64264666545,3931613.8351467815,True,
usa_NC_0034_0205,usa_NC_0034,205,66,43,59.23488372093023,17.10523289078702,2.6085235610512667,19.4,87.7,2018-08-18,2020-05-12,3,457485.3034625671,3931661.9411202967,True,
usa_NC_0034_0206,usa_NC_0034,206,66,44,60.325,16.619337643869272,2.5054594194974333,17.9,88.4,2018-08-18,2020-05-12,3,457498.73131307255,3931710.3064625342,True,
usa_NC_0034_0207,usa_NC_0034,207,66,44,70.6568181818182,16.19454972524345,2.441420231244803,32.8,99.3,2018-08-18,2020-05-12,3,457511.689561058,3931758.7177599464,True,
usa_NC_0034_0208,usa_NC_0034,208,66,43,67.54186046511629,15.9635929921231,2.43442510867036,27.0,98.7,2018-08-18,2020-05-12,3,457525.57569080667,3931806.8524685,True,
usa_NC_0034_0209,usa_NC_0034,209,66,44,74.27272727272728,13.70771915681196,2.0665164170323713,35.5,103.3,2018-08-18,2020-06-21,3,457540.5400041734,3931854.756394083,True,
usa_NC_0034_0210,usa_NC_0034,210,66,48,71.98333333333333,12.64073680409313,1.8245331991495948,37.9,100.0,2018-08-18,2020-06-21,3,457550.9350765015,3931903.6429271176,True,
usa_NC_0034_0211,usa_NC_0034,211,66,47,68.54255319148936,12.967463375039033,1.8914989349493276,39.2,93.6,2018-08-18,2020-06-21,3,457561.2498978354,3931952.5466393214,True,
usa_NC_0034_0212,usa_NC_0034,212,67,48,65.84583333333335,12.70139811927794,1.8332889058124313,36.3,91.3,2018-08-18,2020-06-21,3,457573.76180595957,3932000.9790178575,True,
usa_NC_0034_0213,usa_NC_0034,213,67,48,60.67291666666667,12.920900758787665,1.8649713828146246,27.6,84.8,2018-08-18,2020-06-21,3,457584.6697194943,3932049.7546539293,True,
usa_NC_0034_0214,usa_NC_0034,214,67,49,73.93469387755103,12.194834135478708,1.742119162211244,42.8,98.7,2018-08-18,2020-06-21,3,457597.357378054,3932098.144983794,True,
usa_NC_0034_0215,usa_NC_0034,215,67,47,68.15957446808511,11.559725052666563,1.686159196525207,44.2,93.3,2018-08-18,2020-06-21,3,457611.0982929629,3932146.3102558143,True,
usa_NC_0034_0216,usa_NC_0034,216,67,50,66.102,11.380783840154708,1.609485885718334,44.4,92.0,2018-08-18,2020-06-21,3,457622.6804719673,3932194.938071434,True,
usa_NC_0034_0217,usa_NC_0034,217,67,48,66.00625000000001,10.744051421947255,1.5507702451621073,44.9,87.6,2018-08-18,2020-06-21,3,457634.8388770068,3932243.4428066113,True,
usa_NC_0034_0218,usa_NC_0034,218,67,47,63.81914893617022,10.979024235923154,1.6014552768281092,45.0,88.9,2018-08-18,2020-06-21,3,457647.7167490401,3932291.794118748,True,
usa_NC_0034_0219,usa_NC_0034,219,67,45,68.11333333333333,11.64233263100265,1.7355364786390601,44.9,92.5,2018-08-18,2020-06-21,3,457659.73930420534,3932340.3285200135,True,
usa_NC_0034_0220,usa_NC_0034,220,67,41,63.25609756097561,10.887172469941124,1.7002906809607723,39.3,84.8,2018-08-18,2020-05-12,3,457670.45250529377,3932389.1425244114,True,
usa_NC_0034_0221,usa_NC_0034,221,67,41,64.3,11.652446095133845,1.8198063418812507,40.0,87.4,2018-08-18,2020-05-12,3,457681.6471782755,3932437.8475832534,True,
usa_NC_0034_0222,usa_NC_0034,222,68,41,71.8390243902439,13.16641329384697,2.056248294680234,28.8,96.3,2018-08-18,2020-05-12,3,457690.83739983826,3932486.926889139,True,
usa_NC_0034_0223,usa_NC_0034,223,68,41,63.25609756097561,12.039311624434509,1.880224586937162,26.6,85.6,2018-08-18,2020-05-12,3,457700.9901929191,3932535.7998592523,True,
usa_NC_0034_0224,usa_NC_0034,224,68,43,63.42093023255815,11.995665053111697,1.829321770788322,31.8,84.0,2018-08-18,2020-05-12,3,457710.7443936739,3932584.6881572343,True,
usa_NC_0034_0225,usa_NC_0034,225,68,45,66.37333333333333,11.699308448870735,1.7440299320941723,37.6,87.3,2018-08-18,2020-05-12,3,457720.5545877593,3932633.529872929,True,
usa_NC_0034_0226,usa_NC_0034,226,68,48,70.08333333333333,13.22959823666411,1.9095280258021556,40.6,101.8,2018-08-18,2020-06-21,3,457730.90218868834,3932682.256184271,True,
usa_NC_0034_0227,usa_NC_0034,227,68,47,71.15319148936172,13.556898629942422,1.9774769033943698,42.0,101.6,2018-08-18,2020-06-21,3,457741.2360591077,3932730.983323787,True,
usa_NC_0034_0228,usa_NC_0034,228,68,48,59.01666666666667,14.295741566996607,2.0634125604927034,32.0,91.0,2018-08-18,2020-06-21,3,457749.0754257176,3932780.2222677083,True,
usa_NC_0034_0229,usa_NC_0034,229,68,49,61.99387755102041,15.64079079633424,2.2343986851906057,29.3,93.8,2018-08-18,2020-06-21,3,457757.04703655845,3932829.4258295074,True,
usa_NC_0034_0230,usa_NC_0034,230,68,51,58.66078431372549,15.830781135893108,2.216752753919743,23.8,95.8,2018-08-18,2020-06-21,3,457765.4948763952,3932878.5245333645,True,
usa_NC_0034_0231,usa_NC_0034,231,68,49,52.89591836734693,15.683576324503623,2.2405109035005175,19.0,92.8,2018-08-18,2020-06-21,3,457773.292927735,3932927.7478893376,True,
usa_NC_0034_0232,usa_NC_0034,232,69,52,56.56346153846153,14.782807035919692,2.050006490896088,28.6,94.3,2018-08-18,2020-06-21,3,457781.57999087265,3932976.8706442504,True,
usa_NC_0034_0233,usa_NC_0034,233,69,51,49.43333333333333,13.151907339495159,1.841635391447688,21.8,79.3,2018-08-18,2020-06-21,3,457789.7536946614,3933026.0212974534,True,
usa_NC_0034_0234,usa_NC_0034,234,69,51,51.154901960784315,12.946602855197039,1.812887013395258,27.9,80.4,2018-08-18,2020-05-12,3,457796.7640021978,3933075.4002497774,True,
usa_NC_0034_0235,usa_NC_0034,235,69,52,43.44615384615384,13.315264151598631,1.84649490942063,16.6,69.5,2018-08-18,2020-05-12,3,457804.5002042545,3933124.630506758,True,
usa_NC_0034_0236,usa_NC_0034,236,69,50,45.442,12.834378100418025,1.8150551574235412,19.5,72.5,2018-08-18,2020-05-12,3,457811.43778892525,3933174.0135573996,True,
usa_NC_0034_0237,usa_NC_0034,237,69,48,46.98333333333333,12.447153538286324,1.7965918614935532,17.7,74.6,2018-08-18,2020-05-12,3,457819.7742573942,3933223.118508437,True,
usa_NC_0034_0238,usa_NC_0034,238,69,47,39.697872340425526,12.460083909301215,1.8174900334932744,13.1,61.2,2018-08-18,2020-05-12,3,457829.3933474786,3933271.9637619914,True,
usa_NC_0034_0239,usa_NC_0034,239,69,43,37.84186046511628,12.019354086086869,1.8329343144495978,14.2,62.0,2018-08-18,2020-05-12,3,457838.60223598377,3933320.8545754836,True,
usa_NC_0034_0240,usa_NC_0034,240,69,42,52.64047619047619,12.025015785676157,1.8555002190768677,28.5,77.7,2018-08-18,2020-05-12,3,457847.59267622436,3933369.7869771235,True,
usa_NC_0034_0241,usa_NC_0034,241,69,42,45.09761904761905,12.986625166577701,2.003879767904949,18.7,73.0,2018-08-18,2020-05-12,3,457857.9845969778,3933418.4539749017,True,
usa_NC_0034_0243,usa_NC_0034,243,70,43,46.06744186046512,12.327837660974808,1.8799776185910995,22.6,80.3,2018-08-18,2020-05-12,3,457874.69603079924,3933516.5556699364,True,
usa_NC_0034_0244,usa_NC_0034,244,70,44,50.49318181818182,11.19302934507284,1.6874126638656386,26.4,77.7,2018-08-18,2020-05-12,3,457884.41018255916,3933565.3521783506,True,
usa_NC_0034_0245,usa_NC_0034,245,70,44,45.24090909090909,11.822806462202879,1.7823551365507313,22.3,68.5,2018-08-18,2020-05-12,3,457893.8682443002,3933614.1970333843,True,
usa_NC_0034_0246,usa_NC_0034,246,70,45,59.919999999999995,12.925496297839187,1.9268192243260192,32.9,82.5,2018-08-18,2020-05-12,3,457902.8354626852,3933663.0910955113,True,
usa_NC_0034_0247,usa_NC_0034,247,70,45,47.50444444444445,12.730385189408333,1.897733777551571,23.2,71.6,2018-08-18,2020-05-12,3,457911.538671513,3933711.9243580834,True,
usa_NC_0034_0248,usa_NC_0034,248,70,45,49.74888888888889,12.580479507811482,1.8753871579339714,20.6,74.3,2018-08-18,2020-05-12,3,457921.3148182258,3933760.566025156,True,
usa_NC_0034_0249,usa_NC_0034,249,70,48,49.09375,11.90293019976281,1.7180399887445963,22.8,71.0,2018-08-18,2020-05-12,3,457930.73814349587,3933809.268706491,True,
usa_NC_0034_0250,usa_NC_0034,250,70,46,50.2891304347826,12.104310127863446,1.7846831631577196,18.0,72.8,2018-08-18,2020-05-12,3,457939.3089637455,3933858.12389043,True,
usa_NC_0035_0001,usa_NC_0035,1,70,47,57.48297872340426,12.767423204474198,1.8623200771706507,24.8,81.9,2018-08-18,2020-05-12,3,457948.39281074604,3933906.8970419127,True,
usa_NC_0035_0002,usa_NC_0035,2,70,48,56.29583333333333,13.297767503132842,1.9193674118887012,16.8,81.4,2018-08-18,2020-05-12,3,457956.30987972236,3933955.8722236436,True,
usa_NC_0035_0003,usa_NC_0035,3,71,46,48.17391304347826,12.989336391955582,1.9151731667839247,11.1,70.4,2018-08-18,2020-05-12,3,457964.4413238192,3934004.813843709,True,
usa_NC_0035_0004,usa_NC_0035,4,71,47,58.214893617021296,13.351925096883386,1.9475784407374201,22.4,84.9,2018-08-18,2020-05-12,3,457972.3337586566,3934053.796980146,True,
usa_NC_0035_0005,usa_NC_0035,5,71,48,52.804166666666674,13.139561156137848,1.8965322926324344,17.3,77.0,2018-08-18,2020-05-12,3,457980.3188495834,3934102.774132505,True,
usa_NC_0035_0006,usa_NC_0035,6,71,46,52.26521739130435,12.817803892178935,1.8898820794727162,23.1,78.5,2018-08-18,2020-05-12,3,457987.0235903687,3934151.958994453,True,
usa_NC_0035_0007,usa_NC_0035,7,71,45,54.68000000000001,12.308083079460793,1.8347806958926185,28.3,80.8,2018-08-18,2020-05-12,3,457995.19841784635,3934200.964734306,True,
usa_NC_0035_0008,usa_NC_0035,8,71,44,51.222727272727276,11.917582547830545,1.7966431690564388,26.0,76.3,2018-08-18,2020-05-12,3,458002.53682796995,3934250.180686439,True,
usa_NC_0035_0009,usa_NC_0035,9,71,42,49.62857142857143,11.011995360144622,1.699187773837328,24.2,73.4,2018-08-18,2020-07-14,3,458010.4055506246,3934299.3149305372,True,
usa_NC_0035_0010,usa_NC_0035,10,71,42,50.63571428571429,10.503189328138276,1.6206772986178295,23.2,70.0,2018-08-18,2020-07-14,3,458020.1178530755,3934348.171219667,True,
usa_NC_0035_0011,usa_NC_0035,11,71,41,54.66585365853658,11.047570089302388,1.7253405805743975,27.5,84.7,2018-08-18,2020-07-14,3,458028.22183010814,3934397.2746618874,True,
usa_NC_0035_0012,usa_NC_0035,12,71,41,52.046341463414635,12.987823096288606,2.028357191691115,22.1,83.8,2018-08-18,2020-07-14,3,458037.00581464666,3934446.278831048,True,
usa_NC_0035_0013,usa_NC_0035,13,72,45,50.41555555555555,13.327022370076717,1.9866751971434597,21.1,84.5,2018-08-18,2020-07-30,3,458044.44572997995,3934495.4838542365,True,
usa_NC_0035_0014,usa_NC_0035,14,72,47,60.86170212765958,13.604931222226638,1.9844831770595288,33.9,93.9,2018-08-18,2020-07-30,3,458053.8893251812,3934544.3972871695,True,
usa_NC_0035_0015,usa_NC_0035,15,72,46,54.22826086956522,15.043206854383412,2.217999845453047,27.7,88.2,2018-08-18,2020-07-30,3,458062.07337119454,3934593.4973944537,True,
usa_NC_0035_0016,usa_NC_0035,16,72,44,54.96590909090908,16.69389169979746,2.51669886632075,18.6,92.6,2018-08-18,2020-07-30,3,458070.12240434723,3934642.6185024283,True,
usa_NC_0035_0017,usa_NC_0035,17,72,45,53.760000000000005,16.88855718042141,2.517597459820964,14.3,95.7,2018-08-18,2020-07-30,3,458077.176332803,3934691.8812019527,True,
usa_NC_0035_0018,usa_NC_0035,18,72,48,53.364583333333336,15.539400705650786,2.2429192951132357,18.9,90.1,2018-08-18,2020-07-30,3,458084.79079684825,3934741.01274968,True,
usa_NC_0035_0019,usa_NC_0035,19,72,48,67.44375000000001,14.545174036977263,2.099415036414695,30.4,105.6,2018-08-18,2020-07-30,3,458090.4555574568,3934790.3297874336,True,
usa_NC_0035_0020,usa_NC_0035,20,72,46,59.49565217391304,13.530540869894452,1.9949694136910214,24.1,92.8,2018-08-18,2020-07-30,3,458097.48990763363,3934839.4538414194,True,
usa_NC_0035_0021,usa_NC_0035,21,72,49,56.57959183673469,13.035320281064518,1.8621886115806454,20.1,89.1,2018-08-18,2020-07-30,3,458105.0176805347,3934888.5104331537,True,
usa_NC_0035_0022,usa_NC_0035,22,72,48,62.53541666666667,11.7717022681845,1.6990988683391124,32.6,96.1,2018-08-18,2020-07-30,3,458112.1825411091,3934937.6206925004,True,
usa_NC_0035_0023,usa_NC_0035,23,73,48,58.99791666666667,10.81032779598924,1.5603364157606205,32.9,87.1,2018-08-18,2020-05-12,3,458118.92616428365,3934986.7924866355,True,
usa_NC_0035_0024,usa_NC_0035,24,73,51,60.345098039215685,11.507481283504053,1.6113696858615805,31.3,90.8,2018-08-18,2020-05-12,3,458125.48323649814,3935036.0657925587,True,
usa_NC_0035_0025,usa_NC_0035,25,73,49,63.98979591836735,13.140748407434144,1.8772497724905919,27.7,91.3,2018-08-18,2020-05-12,3,458132.70699958625,3935085.2937733736,True,
usa_NC_0035_0026,usa_NC_0035,26,73,47,65.68936170212766,10.829252534375767,1.5796088288552743,39.7,91.7,2018-08-18,2020-05-12,3,458142.0270567418,3935134.2706484846,True,
usa_NC_0035_0027,usa_NC_0035,27,73,48,60.56666666666666,12.6261183761371,1.822423210820709,26.3,89.1,2018-08-18,2020-05-12,3,458147.7945330983,3935183.6892716177,True,
usa_NC_0035_0028,usa_NC_0035,28,73,46,60.391304347826086,13.67862608576618,2.0168033875967692,28.2,93.5,2018-08-18,2020-05-12,3,458152.7516037522,3935233.2054080884,True,
usa_NC_0035_0029,usa_NC_0035,29,73,44,57.65454545454545,13.617335984819762,2.0528906411750856,30.7,93.9,2018-08-18,2020-05-12,3,458157.15341494454,3935282.743015554,True,
usa_NC_0035_0030,usa_NC_0035,30,73,43,53.458139534883706,12.713495502214501,1.9387898880177112,28.8,89.6,2018-08-18,2020-05-12,3,458160.67485732737,3935332.3328978647,True,
usa_NC_0035_0031,usa_NC_0035,31,73,42,47.36904761904763,11.567268541443664,1.784868285855878,24.8,71.9,2018-08-18,2020-05-12,3,458161.56863360014,3935382.210473978,True,
usa_NC_0035_0032,usa_NC_0035,32,73,45,39.906666666666666,12.372226962030723,1.8443427013437603,17.9,76.8,2018-08-18,2020-07-30,3,458163.7673787736,3935431.9226806783,True,
usa_NC_0035_0034,usa_NC_0035,34,74,45,37.93555555555555,11.78998333632016,1.7575469462401094,14.2,60.5,2018-09-03,2020-07-30,3,458168.1926021281,3935531.298781908,True,
usa_NC_0035_0035,usa_NC_0035,35,74,45,34.10888888888889,11.4997198033498,1.7142770134993777,10.0,59.8,2018-09-03,2020-07-30,3,458171.10861366766,3935580.890994276,True,
usa_NC_0035_0036,usa_NC_0035,36,74,43,37.037209302325586,13.2833232942989,2.0256878116463666,2.6,70.6,2018-09-03,2020-07-30,3,458175.51947492076,3935630.3187721833,True,
usa_NC_0035_0037,usa_NC_0035,37,74,46,36.39347826086957,14.32806728338804,2.1125582681817154,-0.5,71.5,2018-08-18,2020-07-30,3,458179.66842741665,3935679.767289398,True,
usa_NC_0035_0038,usa_NC_0035,38,74,48,44.13750000000001,11.829437226951372,1.7074321918355388,8.6,78.7,2018-08-26,2020-07-30,3,458181.52944875206,3935729.432609102,True,
usa_NC_0035_0039,usa_NC_0035,39,74,46,44.83478260869565,11.688440964213878,1.7233666001647263,14.2,77.7,2018-08-26,2020-07-30,3,458184.54407790804,3935778.9712875807,True,
usa_NC_0035_0040,usa_NC_0035,40,74,47,38.8468085106383,11.633158213819327,1.6968705239524184,12.1,68.0,2018-08-26,2020-07-30,3,458187.73282005097,3935828.482233259,True,
usa_NC_0035_0041,usa_NC_0035,41,74,50,45.882000000000005,11.88696233145322,1.6810703344559248,9.6,74.5,2018-08-26,2020-07-30,3,458188.4899635028,3935878.2039259546,True,
usa_NC_0035_0042,usa_NC_0035,42,74,49,36.522448979591836,10.878366630345646,1.5540523757636637,7.6,62.5,2018-08-26,2020-07-30,3,458189.96780106,3935927.840213157,True,
usa_NC_0035_0043,usa_NC_0035,43,74,50,36.63,10.415848403235508,1.4730234075477802,12.0,59.4,2018-08-26,2020-07-23,3,458190.119583169,3935977.5788441217,True,
usa_NC_0035_0044,usa_NC_0035,44,75,52,38.19230769230769,11.403763502507239,1.581417463136718,18.5,71.8,2018-08-26,2020-07-23,3,458190.979893378,3936027.2485661814,True,
usa_NC_0035_0045,usa_NC_0035,45,75,48,34.010416666666664,10.7311683562779,1.5489107348040598,12.2,53.9,2018-08-26,2020-05-12,3,458192.4236915535,3936076.872170219,True,
usa_NC_0035_0046,usa_NC_0035,46,75,45,39.52444444444444,11.352535871208277,1.6923361283351002,17.4,59.8,2018-08-26,2020-05-12,3,458194.78301246755,3936126.474221956,True,
usa_NC_0035_0047,usa_NC_0035,47,75,47,44.15744680851063,12.362315540116805,1.8032290511534277,17.2,63.3,2018-08-26,2020-05-12,3,458197.06739430263,3936176.2046664287,True,
usa_NC_0035_0048,usa_NC_0035,48,75,44,42.85681818181819,13.440608335610767,2.02624794560655,17.9,69.6,2018-08-26,2020-05-12,3,458198.45822068217,3936226.001819064,True,
usa_NC_0035_0049,usa_NC_0035,49,75,43,43.39302325581395,14.476078713796001,2.207581307876141,17.2,68.5,2018-09-03,2020-05-12,3,458199.4330942495,3936275.8256940213,True,
usa_NC_0035_0050,usa_NC_0035,50,75,41,43.89756097560975,14.191608221143897,2.216356843145311,18.7,72.2,2018-09-03,2020-05-12,3,458198.9984140079,3936325.750161393,True,
usa_NC_0035_0051,usa_NC_0035,51,75,41,45.98048780487805,13.080810745366573,2.042879422656799,23.9,75.9,2018-09-03,2020-05-12,3,458200.62306965585,3936375.5112126097,True,
usa_NC_0035_0052,usa_NC_0035,52,75,46,51.556521739130446,12.200940804779732,1.7989305791868286,30.1,76.4,2018-08-18,2020-07-30,3,458202.4443855825,3936425.253069544,True,
usa_NC_0035_0053,usa_NC_0035,53,75,46,49.73913043478261,12.208785147696254,1.8000871644511904,28.1,74.0,2018-08-18,2020-07-30,3,458205.0959002995,3936474.9306518063,True,
usa_NC_0035_0054,usa_NC_0035,54,76,47,50.2936170212766,11.725935658510585,1.7104035051335051,25.2,75.7,2018-08-18,2020-07-30,3,458209.0693526573,3936524.5036816285,True,
usa_NC_0035_0055,usa_NC_0035,55,76,47,48.06382978723404,12.113564540771693,1.76694498874886,23.7,75.9,2018-08-18,2020-07-30,3,458211.8937527851,3936574.1420992636,True,
usa_NC_0035_0056,usa_NC_0035,56,76,48,44.82916666666667,13.028576747163813,1.8805130730331816,16.9,73.6,2018-08-18,2020-07-30,3,458214.57981565635,3936623.7864267756,True,
usa_NC_0035_0057,usa_NC_0035,57,76,50,47.378,12.531532310169267,1.7722262950358019,12.3,72.8,2018-08-18,2020-07-30,3,458218.64621364675,3936673.339041464,True,
usa_NC_0035_0058,usa_NC_0035,58,76,52,49.53076923076923,13.030650721288296,1.8070261280102604,11.2,75.5,2018-08-18,2020-07-30,3,458221.62202693254,3936722.9683431066,True,
usa_NC_0035_0059,usa_NC_0035,59,76,48,56.80625,12.246430765303078,1.7676200247399618,37.4,79.4,2018-08-18,2020-07-30,3,458224.56779133057,3936772.601517762,True,
usa_NC_0035_0060,usa_NC_0035,60,76,52,60.70384615384616,14.346864951502527,1.9895522009538285,34.7,98.4,2018-08-18,2020-07-30,3,458226.898148314,3936822.2756399103,True,
usa_NC_0035_0061,usa_NC_0035,61,76,51,65.69607843137256,14.064195117877363,1.9693812321447637,30.5,91.8,2018-08-18,2020-07-30,3,458226.8973383417,3936872.095246518,True,
usa_NC_0035_0062,usa_NC_0035,62,76,50,64.59,14.954396664253519,2.1148710579694296,27.1,93.9,2018-08-18,2020-07-30,3,458226.36927072215,3936921.9414627696,True,
usa_NC_0035_0063,usa_NC_0035,63,76,50,63.29599999999999,15.698849041394396,2.2201525227987817,15.6,89.4,2018-08-18,2020-05-12,3,458224.15752148494,3936971.8814216894,True,
usa_NC_0035_0064,usa_NC_0035,64,77,53,60.35283018867925,16.543783445214338,2.272463423879627,17.4,85.1,2018-08-18,2020-05-12,3,458220.5995834579,3937021.8890416194,True,
usa_NC_0035_0065,usa_NC_0035,65,77,51,44.68235294117647,16.900245038251402,2.366507654225663,11.1,78.0,2018-08-18,2020-05-12,3,458218.88938281755,3937071.776351487,True,
usa_NC_0035_0066,usa_NC_0035,66,77,48,36.987500000000004,16.837883136268594,2.4303390903270334,2.1,68.0,2018-08-18,2020-05-12,3,458216.71415270085,3937121.456734894,True,
usa_NC_0035_0067,usa_NC_0035,67,77,48,31.272916666666664,15.214141512104934,2.195972174375711,-1.7,56.6,2018-08-18,2020-05-12,3,458212.7958988683,3937171.058829403,True,
usa_NC_0035_0068,usa_NC_0035,68,77,46,20.976086956521737,13.319412479245115,1.9638402307738478,-6.2,46.5,2018-08-18,2020-05-12,3,458208.6113871038,3937220.7195798284,True,
usa_NC_0035_0069,usa_NC_0035,69,77,46,23.81086956521739,12.70319694251752,1.8729842066256914,-0.6,50.6,2018-08-18,2020-07-14,3,458207.1364045912,3937270.3486734834,True,
usa_NC_0035_0070,usa_NC_0035,70,77,45,18.197777777777773,11.952015594353814,1.7817012891408452,-4.2,43.1,2018-08-18,2020-07-23,3,458205.600896937,3937319.9654459194,True,
usa_NC_0035_0071,usa_NC_0035,71,77,44,19.49772727272727,12.340507860273476,1.8604015588617582,-6.7,48.4,2018-08-18,2020-07-23,3,458203.3403970609,3937369.5976879215,True,
usa_NC_0035_0072,usa_NC_0035,72,77,47,17.727659574468085,11.943484709749741,1.7421362956428796,-4.8,44.5,2018-08-18,2020-07-30,3,458202.2984463741,3937419.159830336,True,
usa_NC_0035_0073,usa_NC_0035,73,77,48,24.629166666666666,12.102961802681323,1.746912063692455,2.3,53.5,2018-08-18,2020-07-30,3,458201.4596443755,3937468.699603373,True,
usa_NC_0035_0074,usa_NC_0035,74,78,45,21.006666666666664,13.971910131663197,2.0828093886611296,-8.1,46.9,2018-08-18,2020-07-30,3,458201.51638921374,3937518.045272862,True,
usa_NC_0035_0075,usa_NC_0035,75,78,47,27.140425531914893,16.525351533121675,2.4104702608785122,-9.9,57.8,2018-08-18,2020-07-30,3,458202.4544372883,3937567.6429018993,True,
usa_NC_0035_0076,usa_NC_0035,76,78,48,22.962499999999995,16.2119948370256,2.3399998958143886,-10.6,50.5,2018-08-18,2020-07-30,3,458203.0250057056,3937617.099817035,True,
usa_NC_0035_0077,usa_NC_0035,77,78,49,21.734693877551017,14.996646167010256,2.142378023858608,-9.3,54.3,2018-09-03,2020-07-30,3,458203.5575038626,3937666.5500811804,True,
usa_NC_0035_0078,usa_NC_0035,78,78,50,30.834,15.287925207262665,2.162039116865637,3.8,65.4,2018-08-26,2020-07-30,3,458202.23030281864,3937716.047909913,True,
usa_NC_0035_0079,usa_NC_0035,79,78,48,15.989583333333334,15.433773956686656,2.2276733871262193,-9.6,49.5,2018-08-26,2020-07-30,3,458198.805355413,3937765.6674042586,True,
usa_NC_0035_0080,usa_NC_0035,80,78,51,25.174509803921566,15.291956619572984,2.1413022300208335,-7.0,61.1,2018-08-26,2020-07-30,3,458196.1430032152,3937815.3314468083,True,
usa_NC_0035_0081,usa_NC_0035,81,78,51,21.71960784313725,13.979399409242776,1.9575074579435583,-6.7,49.5,2018-08-26,2020-07-30,3,458192.50361114717,3937865.0053759436,True,
usa_NC_0035_0082,usa_NC_0035,82,78,49,30.191836734693876,12.726888149614153,1.8181268785163076,1.0,56.6,2018-08-26,2020-07-30,3,458191.9043984187,3937914.588951979,True,
usa_NC_0035_0083,usa_NC_0035,83,78,51,30.903921568627453,12.012709282827313,1.6821157563961482,-1.0,55.9,2018-08-26,2020-05-12,3,458190.1833514015,3937964.18877561,True,
usa_NC_0035_0084,usa_NC_0035,84,79,50,-0.1879999999999999,10.800295536394797,1.5273924425207124,-28.5,22.0,2018-08-18,2020-05-12,3,458197.1609913893,3938013.593090843,True,
usa_NC_0035_0085,usa_NC_0035,85,79,48,29.589583333333334,11.927979614965626,1.7216555603971933,6.5,53.6,2018-08-18,2020-05-12,3,458193.5403799127,3938063.2182564456,True,
usa_NC_0035_0086,usa_NC_0035,86,79,47,34.719148936170214,11.174167380670866,1.6299198299776065,16.3,58.5,2018-08-18,2020-07-23,3,458193.30673190113,3938112.7640757635,True,
usa_NC_0035_0087,usa_NC_0035,87,79,47,35.863829787234046,11.467940672794988,1.6727710687356,17.5,63.8,2018-08-18,2020-07-23,3,458194.0781520555,3938162.2850533514,True,
usa_NC_0035_0088,usa_NC_0035,88,79,45,60.25555555555555,12.02585388303723,1.7927084513300702,34.1,90.9,2018-08-18,2020-07-23,3,458189.7905487057,3938211.8787705284,True,
usa_NC_0035_0089,usa_NC_0035,89,79,42,38.57380952380953,11.244338619377492,1.7350391170780706,13.3,61.9,2018-09-03,2020-07-23,3,458184.76409822155,3938261.4633363355,True,
usa_NC_0035_0090,usa_NC_0035,90,79,42,32.27142857142857,12.43861582986894,1.9193200914402833,0.6,57.7,2018-08-18,2020-07-23,3,458174.2520974324,3938311.0951088476,True,
usa_NC_0036_0001,usa_NC_0036,1,79,42,36.53095238095238,13.471623077385313,2.0787165702671797,-7.7,59.6,2018-08-18,2020-07-23,3,458162.09372363833,3938360.7112667067,True,
usa_NC_0036_0002,usa_NC_0036,2,79,46,31.052173913043475,12.75632721663924,1.8808178381732439,-2.5,56.2,2018-08-18,2020-07-30,3,458154.0617294714,3938410.256545858,True,
usa_NC_0036_0003,usa_NC_0036,3,79,48,26.508333333333336,13.438826464300693,1.939727519189168,-1.6,51.1,2018-08-18,2020-07-30,3,458145.22850490833,3938459.7893648343,True,
usa_NC_0036_0004,usa_NC_0036,4,80,45,30.757777777777775,12.57402605823335,1.8744251344709,5.7,55.3,2018-08-18,2020-07-30,3,458139.75861100113,3938509.384446131,True,
usa_NC_0036_0005,usa_NC_0036,5,80,46,24.50217391304348,13.270459912158028,1.956622568523724,-2.8,49.5,2018-08-18,2020-07-30,3,458136.8194768009,3938559.0190793597,True,
usa_NC_0036_0006,usa_NC_0036,6,80,45,45.48,12.351529165543543,1.8412572560151075,21.0,69.2,2018-08-18,2020-07-30,3,458133.2420525265,3938608.6298236195,True,
usa_NC_0036_0007,usa_NC_0036,7,80,48,37.59583333333334,13.408412067966779,1.9353375792115117,8.6,67.5,2018-08-18,2020-07-30,3,458130.72858875885,3938658.2315536286,True,
usa_NC_0036_0008,usa_NC_0036,8,80,49,45.5469387755102,12.05603413995139,1.722290591421627,23.8,71.7,2018-08-18,2020-07-30,3,458127.86725690746,3938707.83192027,True,
usa_NC_0036_0009,usa_NC_0036,9,80,47,48.302127659574474,11.340088362543977,1.6541218925878503,25.4,71.2,2018-08-18,2020-07-30,3,458123.71438287105,3938757.431805276,True,
usa_NC_0036_0010,usa_NC_0036,10,80,47,51.81063829787234,11.526118431868463,1.6812571670682193,19.9,76.6,2018-08-18,2020-07-30,3,458119.81722504203,3938807.025611021,True,
usa_NC_0036_0011,usa_NC_0036,11,80,48,61.791666666666664,10.821154092171724,1.5618990570144415,32.9,80.8,2018-08-18,2020-07-30,3,458116.032923362,3938856.614137157,True,
usa_NC_0036_0012,usa_NC_0036,12,80,46,53.80217391304348,11.875043656161807,1.7508796660892985,24.4,78.4,2018-08-18,2020-07-30,3,458114.08339418186,3938906.1994693386,True,
usa_NC_0036_0013,usa_NC_0036,13,80,46,55.29565217391304,11.814810978348588,1.7419988422480697,25.3,80.9,2018-08-18,2020-07-23,3,458110.89289393,3938955.780996892,True,
usa_NC_0036_0014,usa_NC_0036,14,81,46,58.24130434782609,11.995028156827804,1.7685704155757616,30.7,85.4,2018-08-18,2020-07-23,3,458105.0313186051,3939005.3504937077,True,
usa_NC_0036_0015,usa_NC_0036,15,81,46,59.056521739130446,11.72366367033243,1.7285599048559146,34.1,89.2,2018-08-18,2020-07-23,3,458097.4821602839,3939054.336053277,True,
usa_NC_0036_0016,usa_NC_0036,16,81,44,51.50909090909091,12.3398167824365,1.860297374957841,29.4,80.1,2018-08-18,2020-07-23,3,458090.54125323205,3939103.1534687513,True,
usa_NC_0036_0017,usa_NC_0036,17,81,45,35.13333333333333,12.877588001146517,1.91967747711995,9.9,60.5,2018-08-18,2020-07-23,3,458084.3965119114,3939151.948112548,True,
usa_NC_0036_0018,usa_NC_0036,18,81,42,51.897619047619045,12.940303613417779,1.996732197076926,27.2,78.4,2018-08-18,2020-07-23,3,458076.50035748293,3939200.6912259515,True,
usa_NC_0036_0019,usa_NC_0036,19,81,41,45.860975609756096,13.402012499038726,2.0930427088529964,18.0,77.0,2018-08-18,2020-07-23,3,458069.42969896866,3939249.411165706,True,
usa_NC_0036_0020,usa_NC_0036,20,81,42,24.5047619047619,15.540630498258151,2.397971346404286,-9.6,62.9,2018-08-18,2020-07-23,3,458060.41250537056,3939298.469874378,True,
usa_NC_0036_0021,usa_NC_0036,21,81,40,27.317500000000003,11.609388055605733,1.8356054248233813,3.1,54.3,2018-08-18,2020-07-23,3,458050.43971991417,3939348.771991112,True,
usa_NC_0036_0022,usa_NC_0036,22,81,44,59.6409090909091,10.697344121199304,1.6126853046969187,36.8,86.0,2018-08-18,2020-07-23,3,458043.185196578,3939399.1376428213,True,
usa_NC_0036_0023,usa_NC_0036,23,81,46,35.27391304347827,9.922688586883625,1.4630206155659937,10.7,65.2,2018-08-18,2020-07-30,3,458033.939077893,3939449.4859538567,True,
usa_NC_0036_0024,usa_NC_0036,24,82,47,0.9510638297872338,10.015333295381453,1.4608865059793958,-23.1,24.1,2018-08-18,2020-07-30,3,458026.87712478795,3939499.8827107344,True,
usa_NC_0036_0025,usa_NC_0036,25,82,47,40.831914893617025,14.275109173160217,2.082238678174532,0.2,72.9,2018-08-18,2020-07-30,3,458020.60846192145,3939550.3024994577,True,
usa_NC_0036_0026,usa_NC_0036,26,82,47,28.389361702127662,13.278066812581226,1.9368051027256366,-3.0,53.7,2018-08-18,2020-07-30,3,458014.55070242315,3939601.173831996,True,
usa_NC_0036_0027,usa_NC_0036,27,82,48,23.93958333333333,11.915638563496566,1.7198742830502571,-1.1,50.7,2018-08-18,2020-07-30,3,458008.08508928266,3939652.3536270414,True,
usa_NC_0036_0028,usa_NC_0036,28,82,48,32.21041666666667,11.003505042801152,1.5882191496226625,5.7,59.7,2018-08-18,2020-07-30,3,457999.5009534918,3939703.548788562,True,
usa_NC_0036_0029,usa_NC_0036,29,82,46,31.76086956521739,12.106994824129464,1.7850790000268628,6.9,60.9,2018-08-18,2020-07-30,3,457990.5715642008,3939754.7888878277,True,
usa_NC_0036_0030,usa_NC_0036,30,82,46,29.467391304347824,12.379266794798939,1.825223311988519,4.3,59.6,2018-08-18,2020-07-30,3,457982.2592818853,3939806.0813350035,True,
usa_NC_0036_0031,usa_NC_0036,31,82,49,35.53469387755102,12.921147895027362,1.8458782707181947,11.6,66.6,2018-08-18,2020-07-30,3,457974.3669385726,3939857.4172243793,True,
usa_NC_0036_0032,usa_NC_0036,32,82,47,48.085106382978736,12.82729729782145,1.8710536112876919,23.7,76.8,2018-08-18,2020-07-30,3,457965.8261297308,3939908.798414116,True,
usa_NC_0036_0033,usa_NC_0036,33,82,49,31.004081632653058,11.769982285169222,1.6814260407384602,11.1,60.1,2018-08-18,2020-07-30,3,457956.7688166285,3939959.918354043,True,
usa_NC_0036_0034,usa_NC_0036,34,83,47,29.417021276595744,10.991346777251563,1.60325270421421,9.7,55.8,2018-08-18,2020-07-23,3,457948.09674884524,3940011.0262674945,True,
usa_NC_0036_0035,usa_NC_0036,35,83,47,50.48085106382978,10.208024088024263,1.488993346809962,31.0,72.6,2018-08-18,2020-07-23,3,457940.46647613647,3940062.1571768415,True,
usa_NC_0036_0036,usa_NC_0036,36,83,46,29.926086956521733,11.696313470161037,1.7245273378414163,8.3,57.2,2018-08-18,2020-07-23,3,457929.45916484325,3940113.3616106906,True,
usa_NC_0036_0037,usa_NC_0036,37,83,44,26.277272727272724,11.711649212332448,1.7655975506167314,3.9,52.1,2018-08-18,2020-07-23,3,457921.4290340333,3940164.5655117338,True,
usa_NC_0036_0038,usa_NC_0036,38,83,43,10.799999999999999,11.248618962851777,1.7153983100511223,-10.8,37.9,2018-08-18,2020-07-23,3,457909.58201175684,3940215.8652299084,True,
usa_NC_0036_0039,usa_NC_0036,39,83,43,50.395348837209305,12.070920458223085,1.8407981124776098,18.9,77.7,2018-08-18,2020-07-23,3,457905.3620170772,3940266.9640546953,True,
usa_NC_0036_0040,usa_NC_0036,40,83,42,61.08095238095238,12.965098328998664,2.0005581047524137,21.6,84.8,2018-08-18,2020-07-23,3,457899.56329423626,3940315.8115658476,True,
usa_NC_0036_0041,usa_NC_0036,41,83,40,16.43,11.16643780860008,1.7655688412897792,-11.3,42.6,2018-08-18,2020-07-23,3,457888.76362160983,3940364.67349284,True,
usa_NC_0036_0042,usa_NC_0036,42,83,43,45.75116279069767,11.640065702911917,1.7750933782716525,22.8,67.8,2018-08-18,2020-07-23,3,457881.01623336883,3940413.4720049603,True,
usa_NC_0036_0043,usa_NC_0036,43,83,44,39.98636363636364,11.2064472910887,1.6894354953379955,15.7,59.6,2018-08-18,2020-07-30,3,457873.6146580819,3940462.254375452,True,
usa_NC_0036_0044,usa_NC_0036,44,84,45,33.79555555555555,10.818627781318066,1.6127458094863283,14.7,55.1,2018-08-18,2020-07-30,3,457865.31755052105,3940511.0343250833,True,
usa_NC_0036_0045,usa_NC_0036,45,84,49,29.677551020408163,12.488682631789112,1.784097518827016,2.1,62.8,2018-08-18,2020-07-30,3,457858.0439890489,3940559.7896294068,True,
usa_NC_0036_0046,usa_NC_0036,46,84,46,27.315217391304348,14.013072744029717,2.066114857120614,-2.8,62.1,2018-08-18,2020-07-30,3,457850.3974600311,3940608.507186803,True,
usa_NC_0036_0047,usa_NC_0036,47,84,47,27.263829787234044,12.98809531057132,1.8945084120503297,0.8,60.3,2018-08-18,2020-07-30,3,457844.59279455116,3940654.03606176,True,
usa_NC_0036_0048,usa_NC_0036,48,84,49,31.442857142857143,12.781252546862012,1.8258932209802874,3.0,64.5,2018-08-18,2020-07-30,3,457840.40113369585,3940699.3768286966,True,
usa_NC_0036_0049,usa_NC_0036,49,84,50,37.135999999999996,12.203123721876649,1.7257823070794798,11.4,70.4,2018-08-18,2020-07-30,3,457834.9820909423,3940744.555540324,True,
usa_NC_0036_0050,usa_NC_0036,50,84,47,40.09574468085106,12.603294211311313,1.8383794029783884,14.6,70.7,2018-08-18,2020-07-30,3,457827.72220049077,3940789.532656769,True,
usa_NC_0036_0051,usa_NC_0036,51,84,49,48.942857142857136,11.99063870970461,1.7129483871006586,26.1,81.2,2018-08-18,2020-07-30,3,457821.11654462555,3940834.3404629454,True,
usa_NC_0036_0052,usa_NC_0036,52,84,50,56.78799999999999,11.178361750657894,1.5808590792893047,37.3,85.1,2018-08-18,2020-07-30,3,457815.00321910577,3940878.9861235474,True,
usa_NC_0036_0053,usa_NC_0036,53,84,48,56.95624999999999,10.414492893753518,1.5032025689205097,38.1,83.1,2018-08-18,2020-07-30,3,457808.4546119811,3940923.4396508913,True,
usa_NC_0036_0054,usa_NC_0036,54,84,49,47.71836734693876,10.784569869907264,1.5406528385581806,30.5,77.5,2018-08-18,2020-07-30,3,457802.09997384757,3940967.5180698535,True,
usa_NC_0036_0055,usa_NC_0036,55,85,47,48.25531914893616,10.939156006523543,1.595639897885699,29.3,75.5,2018-08-18,2020-07-23,3,457795.4657861299,3941011.2208314594,True,
usa_NC_0036_0056,usa_NC_0036,56,85,47,47.682978723404254,10.890528776018023,1.588546887321445,26.2,75.3,2018-08-18,2020-07-23,3,457789.2030142748,3941054.7506236574,True,
usa_NC_0036_0057,usa_NC_0036,57,85,47,46.42340425531914,10.600394019870357,1.5462263835827221,26.3,72.5,2018-08-18,2020-07-23,3,457783.09822573425,3941098.0743473717,True,
usa_NC_0036_0058,usa_NC_0036,58,85,45,44.26444444444444,11.14318290492107,1.6611276307411393,24.0,69.7,2018-08-18,2020-07-23,3,457776.60499574186,3941141.407826969,True,
usa_NC_0036_0059,usa_NC_0036,59,85,45,39.04222222222222,13.77551333623425,2.05353228298498,1.0,69.3,2018-08-18,2020-07-23,3,457768.22055642214,3941184.436121739,True,
usa_NC_0036_0060,usa_NC_0036,60,85,41,36.604878048780485,11.815793482020414,1.8453169177859998,4.7,67.0,2018-08-18,2020-07-23,3,457762.0016584112,3941227.4692963324,True,
usa_NC_0036_0061,usa_NC_0036,61,85,42,37.81666666666667,11.688808837196385,1.8036223606459063,4.6,66.6,2018-08-18,2020-07-23,3,457757.13196538243,3941270.4722112543,True,
usa_NC_0036_0062,usa_NC_0036,62,85,42,39.72857142857143,12.415299092971713,1.9157222408268564,6.3,64.2,2018-08-18,2020-07-23,3,457752.01454772666,3941313.29734108,True,
usa_NC_0036_0063,usa_NC_0036,63,85,41,38.00975609756098,12.380626092368043,1.9335289513813503,7.9,57.9,2018-08-18,2020-07-23,3,457746.0670785246,3941355.868591916,True,
usa_NC_0036_0064,usa_NC_0036,64,85,42,32.19047619047619,12.534670153828257,1.9341415954055499,0.4,52.9,2018-08-18,2020-07-23,3,457739.43312834314,3941398.2319173203,True,
usa_NC_0036_0065,usa_NC_0036,65,85,42,37.58571428571428,9.817519716292448,1.5148761805428108,17.0,57.3,2018-08-18,2020-07-23,3,457735.1618300468,3941442.9392573372,True,
usa_NC_0036_0066,usa_NC_0036,66,85,47,42.602127659574464,10.92644357912018,1.5937855997705896,18.2,64.4,2018-08-18,2020-07-30,3,457730.3860801495,3941487.871960768,True,
usa_NC_0036_0067,usa_NC_0036,67,86,46,43.69347826086957,10.678626673540482,1.5744776057946708,25.1,62.0,2018-08-18,2020-07-30,3,457724.59702596714,3941532.6417153534,True,
usa_NC_0036_0068,usa_NC_0036,68,86,48,44.481249999999996,12.648146046130845,1.8256026311208362,25.2,83.0,2018-08-18,2020-07-30,3,457720.4289445479,3941577.6443315875,True,
usa_NC_0036_0069,usa_NC_0036,69,86,46,43.786956521739135,12.668694727041002,1.867897132484156,23.8,84.5,2018-08-18,2020-07-30,3,457714.31545259105,3941622.345322972,True,
usa_NC_0036_0070,usa_NC_0036,70,86,47,50.71702127659573,12.693516303676903,1.8515396477142174,30.2,88.8,2018-08-18,2020-07-30,3,457709.36555708485,3941666.430742346,True,
usa_NC_0036_0071,usa_NC_0036,71,86,48,44.768750000000004,12.493847954178394,1.8033316198897877,20.1,80.9,2018-08-18,2020-07-30,3,457703.5723715601,3941707.9217940946,True,
usa_NC_0036_0072,usa_NC_0036,72,86,47,47.68510638297872,12.32579442229224,1.7979018986124538,19.9,81.8,2018-08-18,2020-07-30,3,457700.1355589098,3941749.3428978706,True,
usa_NC_0036_0073,usa_NC_0036,73,86,46,55.31739130434782,11.955236962154117,1.762703523995333,34.5,90.5,2018-08-18,2020-07-30,3,457695.11286306597,3941792.2122094724,True,
usa_NC_0036_0074,usa_NC_0036,74,86,46,54.989130434782616,12.04811148430177,1.7763971252177344,31.4,90.7,2018-08-18,2020-07-30,3,457689.8478764022,3941835.23750222,True,
usa_NC_0036_0075,usa_NC_0036,75,86,48,52.00625,11.557155032567856,1.6681316422798225,20.9,79.3,2018-08-18,2020-07-30,3,457683.96725279064,3941878.335390946,True,
usa_NC_0036_0076,usa_NC_0036,76,86,47,49.53191489361702,10.89585294829461,1.5893234976653028,24.0,76.4,2018-08-18,2020-07-30,3,457677.50794297765,3941921.4996761526,True,
usa_NC_0036_0077,usa_NC_0036,77,86,46,64.13913043478259,10.05488224718872,1.482511507432653,37.7,90.3,2018-08-18,2020-07-30,3,457673.288049118,3941965.3505206006,True,
usa_NC_0036_0078,usa_NC_0036,78,86,46,58.952173913043474,9.740767460761893,1.4361978088647036,36.8,77.9,2018-08-18,2020-07-23,3,457667.8953974886,3942009.147412435,True,
usa_NC_0036_0079,usa_NC_0036,79,87,47,62.28085106382979,9.704741967267797,1.4155821045447776,44.4,83.3,2018-08-18,2020-07-23,3,457662.1085146651,3942053.050168134,True,
usa_NC_0036_0080,usa_NC_0036,80,87,47,53.791489361702126,10.538476702628367,1.5371948146296466,33.8,81.1,2018-08-18,2020-07-23,3,457654.99409335665,3942096.817791485,True,
usa_NC_0036_0081,usa_NC_0036,81,87,47,55.22978723404257,11.422991972592838,1.6662146269627722,34.0,84.0,2018-08-18,2020-07-23,3,457648.9206577537,3942141.0266318643,True,
usa_NC_0036_0082,usa_NC_0036,82,87,44,51.968181818181826,11.056257256608717,1.6667934957188753,27.8,78.5,2018-08-18,2020-07-23,3,457642.56221511273,3942185.340133138,True,
usa_NC_0036_0083,usa_NC_0036,83,87,44,51.84545454545455,11.874096382666876,1.7900873829919246,12.8,81.9,2018-08-18,2020-07-23,3,457634.1452385916,3942229.669743454,True,
usa_NC_0036_0084,usa_NC_0036,84,87,43,55.65348837209302,11.312453079875533,1.7251329216356894,21.3,84.2,2018-08-18,2020-07-23,3,457628.88648315903,3942275.0814741664,True,
usa_NC_0036_0085,usa_NC_0036,85,87,42,57.49761904761905,11.950762565632209,1.844042698478614,33.8,84.6,2018-08-18,2020-07-23,3,457624.6214342662,3942320.9665866634,True,
usa_NC_0036_0086,usa_NC_0036,86,87,41,50.53170731707316,11.41368562350458,1.7825182208366106,31.7,72.5,2018-08-18,2020-07-23,3,457617.82148636976,3942366.31054524,True,
usa_NC_0036_0087,usa_NC_0036,87,87,41,44.914634146341456,10.47624839758035,1.6361151227296047,20.9,67.0,2018-08-18,2020-07-23,3,457611.51098420337,3942411.96881129,True,
usa_NC_0036_0088,usa_NC_0036,88,87,43,44.765116279069765,9.713095816643637,1.481233225541758,26.4,66.9,2018-08-18,2020-07-23,3,457607.1229772755,3942458.3944862196,True,
usa_NC_0036_0089,usa_NC_0036,89,87,44,40.45681818181818,9.996683117990797,1.5070566841116178,20.6,60.8,2018-08-18,2020-07-30,3,457601.9140802961,3942504.8737284383,True,
usa_NC_0036_0090,usa_NC_0036,90,88,47,40.91489361702127,9.998347226969331,1.4584088332548792,21.1,64.9,2018-08-18,2020-07-30,3,457597.0179925106,3942553.7485111826,True,
usa_NC_0036_0091,usa_NC_0036,91,88,47,45.278723404255324,12.481149894248574,1.8205628232085158,16.4,85.1,2018-08-18,2020-07-30,3,457591.3866833859,3942602.47584529,True,
usa_NC_0036_0092,usa_NC_0036,92,88,46,47.22826086956522,12.613672705855134,1.8597845780489153,9.1,89.3,2018-08-18,2020-07-30,3,457585.21194944414,3942651.1083373595,True,
usa_NC_0036_0093,usa_NC_0036,93,88,48,46.65416666666667,14.326763503397043,2.0678901913255974,2.7,86.5,2018-08-18,2020-07-30,3,457580.5110634187,3942700.307645046,True,
usa_NC_0036_0094,usa_NC_0036,94,88,49,45.73265306122449,12.881097063706408,1.8401567233866296,5.7,80.9,2018-08-18,2020-07-30,3,457576.45526817744,3942749.8133594594,True,
usa_NC_0036_0095,usa_NC_0036,95,88,47,52.404255319148945,11.705349157112602,1.707400655282117,27.2,87.5,2018-08-18,2020-07-30,3,457571.25362050376,3942799.0308815823,True,
usa_NC_0036_0096,usa_NC_0036,96,88,47,55.176595744680846,12.41290024558878,1.8106075887870208,34.1,97.3,2018-08-18,2020-07-30,3,457564.07811922894,3942847.6680176896,True,
usa_NC_0036_0097,usa_NC_0036,97,88,48,48.95833333333332,12.591551259498068,1.8174338772965453,25.4,80.5,2018-08-18,2020-07-30,3,457559.1073579047,3942899.7985314145,True,
usa_NC_0036_0098,usa_NC_0036,98,88,46,49.23043478260868,12.175236608519358,1.7951407022088095,22.5,77.2,2018-08-18,2020-07-30,3,457556.6403983971,3942952.75111274,True,
usa_NC_0036_0099,usa_NC_0036,99,88,45,55.87555555555556,12.65403556821365,1.8863522480150599,28.6,82.2,2018-08-18,2020-07-23,3,457552.68125192315,3943005.15387159,True,
usa_NC_0036_0100,usa_NC_0036,100,89,46,56.56304347826086,11.846825335565683,1.7467191017011998,33.5,82.0,2018-08-18,2020-07-23,3,457546.7538621885,3943057.7107970095,True,
usa_NC_0036_0101,usa_NC_0036,101,89,45,55.84000000000002,12.496879610526781,1.8629248210512652,36.9,80.3,2018-08-18,2020-07-23,3,457539.8425727844,3943109.995852735,True,
usa_NC_0036_0102,usa_NC_0036,102,89,45,53.94222222222223,11.864739373624706,1.7686909183162078,31.9,76.3,2018-08-18,2020-07-23,3,457533.2664182565,3943162.323306852,True,
usa_NC_0036_0103,usa_NC_0036,103,89,44,51.21590909090909,11.982253217888106,1.806392639398339,34.4,79.8,2018-08-18,2020-07-23,3,457526.2146345633,3943214.434539169,True,
usa_NC_0036_0104,usa_NC_0036,104,89,42,50.64523809523809,11.187541031530202,1.7262750590034674,21.3,75.3,2018-08-18,2020-07-23,3,457517.829977769,3943266.0715753767,True,
usa_NC_0036_0105,usa_NC_0036,105,89,44,49.970454545454544,11.57829925947986,1.7454942888247487,29.0,74.0,2018-08-18,2020-07-23,3,457512.69823956,3943318.648499835,True,
usa_NC_0036_0106,usa_NC_0036,106,89,40,46.152499999999996,11.287864768220826,1.7847681293773219,26.4,70.6,2018-08-18,2020-07-23,3,457505.2079987564,3943370.4389056205,True,
usa_NC_0036_0107,usa_NC_0036,107,89,40,49.290000000000006,9.849425337915887,1.55733088557939,30.1,74.9,2018-08-18,2020-07-23,3,457495.94129497325,3943421.662253737,True,
usa_NC_0036_0108,usa_NC_0036,108,89,42,50.85476190476191,9.396034513350529,1.4498396017694206,29.0,69.5,2018-08-18,2020-07-23,3,457487.7977427692,3943473.1809814153,True,
usa_NC_0036_0109,usa_NC_0036,109,90,42,52.21904761904763,11.221326344265476,1.7314882459380372,31.7,73.7,2018-08-18,2020-07-30,3,457478.4209553461,3943524.295114474,True,
usa_NC_0036_0110,usa_NC_0036,110,90,45,52.39111111111112,12.98997554449063,1.936431222902726,25.6,88.8,2018-08-18,2020-07-30,3,457471.09440134553,3943575.9451912963,True,
usa_NC_0036_0111,usa_NC_0036,111,90,43,50.77441860465117,12.673539983972905,1.9326967286089696,18.4,85.7,2018-08-18,2020-07-30,3,457463.24219679297,3943627.39059887,True,
usa_NC_0036_0112,usa_NC_0036,112,90,43,54.055813953488375,13.47124454825345,2.054345534209546,22.4,88.5,2018-08-18,2020-07-30,3,457456.1358008685,3943678.9845915865,True,
usa_NC_0037_0001,usa_NC_0037,1,90,42,54.152380952380945,12.61762681283295,1.946942085791637,31.5,87.8,2018-08-18,2020-07-30,3,457449.6558918685,3943730.6851888793,True,
usa_NC_0037_0002,usa_NC_0037,2,90,43,48.49302325581395,11.918680722551173,1.8175817704398296,27.3,78.4,2018-08-18,2020-07-30,3,457440.66544647753,3943781.659609119,True,
usa_NC_0037_0003,usa_NC_0037,3,90,44,46.06818181818181,11.235197449694207,1.6937697448269806,20.8,71.8,2018-08-18,2020-07-30,3,457432.2678477555,3943832.743873082,True,
usa_NC_0037_0004,usa_NC_0037,4,90,46,48.41521739130435,12.277458430279712,1.8102124875708734,25.4,76.5,2018-08-18,2020-07-30,3,457425.5619654863,3943884.2096300186,True,
usa_NC_0037_0005,usa_NC_0037,5,90,46,44.90217391304348,12.593004921259258,1.8567372794587114,18.7,75.2,2018-08-18,2020-07-30,3,457418.6195770977,3943935.558780737,True,
usa_NC_0037_0006,usa_NC_0037,6,90,46,48.04565217391304,11.925802214279186,1.7583636071897268,14.9,78.9,2018-08-18,2020-07-30,3,457410.08901506173,3943986.457910458,True,
