year,domain,profile,true_seaward_cell,model_start_cell,error_m,overlaps_real_road
1984,9,0,48,46,-20.0,False
1984,9,1,48,46,-20.0,False
1984,9,2,48,46,-20.0,False
1984,9,3,47,45,-20.0,False
1984,9,4,47,45,-20.0,False
1984,9,5,47,46,-10.0,True
1984,9,6,47,46,-10.0,True
1984,9,7,47,46,-10.0,True
1984,9,8,47,46,-10.0,True
1984,9,9,47,46,-10.0,True
1984,9,10,46,46,0.0,True
1984,9,11,46,46,0.0,True
1984,9,12,46,46,0.0,True
1984,9,13,46,45,-10.0,True
1984,9,14,46,45,-10.0,True
1984,9,15,46,45,-10.0,True
1984,9,16,45,45,0.0,True
1984,9,17,45,44,-10.0,True
1984,9,18,45,44,-10.0,True
1984,9,19,45,44,-10.0,True
1984,9,20,45,44,-10.0,True
1984,9,21,45,44,-10.0,True
1984,9,22,44,44,0.0,True
1984,9,23,44,44,0.0,True
1984,9,24,44,44,0.0,True
1984,9,25,44,44,0.0,True
1984,9,26,44,44,0.0,True
1984,9,27,44,43,-10.0,True
1984,9,28,43,43,0.0,True
1984,9,29,43,43,0.0,True
1984,9,30,43,43,0.0,True
1984,9,31,43,43,0.0,True
1984,9,32,43,43,0.0,True
1984,9,33,42,42,0.0,True
1984,9,34,42,42,0.0,True
1984,9,35,42,42,0.0,True
1984,9,36,42,42,0.0,True
1984,9,37,42,42,0.0,True
1984,9,38,41,42,10.0,True
1984,9,39,41,42,10.0,True
1984,9,40,41,42,10.0,True
1984,9,41,41,42,10.0,True
1984,9,42,41,42,10.0,True
1984,9,43,41,41,0.0,True
1984,9,44,40,41,10.0,True
1984,9,45,40,41,10.0,True
1984,9,46,40,41,10.0,True
1984,9,47,40,41,10.0,True
1984,9,48,40,41,10.0,True
1984,9,49,40,41,10.0,True
1984,10,0,56,58,20.0,False
1984,10,1,55,58,30.0,False
1984,10,2,55,58,30.0,False
1984,10,3,55,58,30.0,False
1984,10,4,55,57,20.0,False
1984,10,5,55,57,20.0,False
1984,10,6,55,57,20.0,False
1984,10,7,54,57,30.0,False
1984,10,8,54,57,30.0,False
1984,10,9,54,57,30.0,False
1984,10,10,54,57,30.0,False
1984,10,11,54,57,30.0,False
1984,10,12,53,57,40.0,False
1984,10,13,53,57,40.0,False
1984,10,14,53,57,40.0,False
1984,10,15,53,56,30.0,False
1984,10,16,53,56,30.0,False
1984,10,17,53,56,30.0,False
1984,10,18,52,56,40.0,False
1984,10,19,52,56,40.0,False
1984,10,20,52,56,40.0,False
1984,10,21,52,56,40.0,False
1984,10,22,52,55,30.0,False
1984,10,23,52,55,30.0,False
1984,10,24,51,55,40.0,False
1984,10,25,51,55,40.0,False
1984,10,26,51,55,40.0,False
1984,10,27,51,55,40.0,False
1984,10,28,51,55,40.0,False
1984,10,29,51,55,40.0,False
1984,10,30,50,51,10.0,True
1984,10,31,50,51,10.0,True
1984,10,32,50,51,10.0,True
1984,10,33,50,51,10.0,True
1984,10,34,50,54,40.0,False
1984,10,35,49,53,40.0,False
1984,10,36,49,53,40.0,False
1984,10,37,49,53,40.0,False
1984,10,38,49,53,40.0,False
1984,10,39,49,53,40.0,False
1984,10,40,49,53,40.0,False
1984,10,41,48,53,50.0,False
1984,10,42,48,53,50.0,False
1984,10,43,48,53,50.0,False
1984,10,44,48,53,50.0,False
1984,10,45,48,52,40.0,False
1984,10,46,47,52,50.0,False
1984,10,47,47,52,50.0,False
1984,10,48,47,51,40.0,False
1984,10,49,47,51,40.0,False
1984,11,0,46,51,50.0,False
1984,11,1,46,51,50.0,False
1984,11,2,46,51,50.0,False
1984,11,3,45,51,60.0,False
1984,11,4,45,51,60.0,False
1984,11,5,45,51,60.0,False
1984,11,6,44,50,60.0,False
1984,11,7,44,50,60.0,False
1984,11,8,44,50,60.0,False
1984,11,9,43,50,70.0,False
1984,11,10,43,50,70.0,False
1984,11,11,43,50,70.0,False
1984,11,12,43,49,60.0,False
1984,11,13,42,49,70.0,False
1984,11,14,42,49,70.0,False
1984,11,15,42,49,70.0,False
1984,11,16,42,49,70.0,False
1984,11,17,42,49,70.0,False
1984,11,18,41,49,80.0,False
1984,11,19,41,49,80.0,False
1984,11,20,41,48,70.0,False
1984,11,21,41,48,70.0,False
1984,11,22,41,48,70.0,False
1984,11,23,41,48,70.0,False
1984,11,24,41,48,70.0,False
1984,11,25,41,48,70.0,False
1984,11,26,40,47,70.0,False
1984,11,27,40,47,70.0,False
1984,11,28,40,47,70.0,False
1984,11,29,40,47,70.0,False
1984,11,30,40,47,70.0,False
1984,11,31,40,47,70.0,False
1984,11,32,40,47,70.0,False
1984,11,33,40,46,60.0,False
1984,11,34,39,46,70.0,False
1984,11,35,39,46,70.0,False
1984,11,36,39,46,70.0,False
1984,11,37,39,46,70.0,False
1984,11,38,39,46,70.0,False
1984,11,39,39,46,70.0,False
1984,11,40,39,45,60.0,False
1984,11,41,39,45,60.0,False
1984,11,42,39,45,60.0,False
1984,11,43,38,45,70.0,False
1984,11,44,38,45,70.0,False
1984,11,45,38,45,70.0,False
1984,11,46,38,44,60.0,False
1984,11,47,38,44,60.0,False
1984,11,48,38,44,60.0,False
1984,11,49,38,44,60.0,False
1984,12,0,38,44,60.0,False
1984,12,1,37,44,70.0,False
1984,12,2,37,44,70.0,False
1984,12,3,37,43,60.0,False
1984,12,4,37,43,60.0,False
1984,12,5,37,43,60.0,False
1984,12,6,37,43,60.0,False
1984,12,7,37,43,60.0,False
1984,12,8,37,43,60.0,False
1984,12,9,36,42,60.0,False
1984,12,10,36,42,60.0,False
1984,12,11,36,42,60.0,False
1984,12,12,36,42,60.0,False
1984,12,13,36,42,60.0,False
1984,12,14,36,41,50.0,False
1984,12,15,36,41,50.0,False
1984,12,16,36,41,50.0,False
1984,12,17,35,41,60.0,False
1984,12,18,35,41,60.0,False
1984,12,19,35,40,50.0,False
1984,12,20,35,40,50.0,False
1984,12,21,35,40,50.0,False
1984,12,22,35,40,50.0,False
1984,12,23,35,40,50.0,False
1984,12,24,35,40,50.0,False
1984,12,25,35,39,40.0,False
1984,12,26,34,39,50.0,False
1984,12,27,34,39,50.0,False
1984,12,28,34,39,50.0,False
1984,12,29,34,39,50.0,False
1984,12,30,34,38,40.0,False
1984,12,31,34,38,40.0,False
1984,12,32,34,38,40.0,False
1984,12,33,34,38,40.0,False
1984,12,34,33,38,50.0,False
1984,12,35,33,38,50.0,False
1984,12,36,33,37,40.0,False
1984,12,37,33,37,40.0,False
1984,12,38,33,37,40.0,False
1984,12,39,33,37,40.0,False
1984,12,40,33,37,40.0,False
1984,12,41,33,36,30.0,False
1984,12,42,32,36,40.0,False
1984,12,43,32,36,40.0,False
1984,12,44,32,36,40.0,False
1984,12,45,32,36,40.0,False
1984,12,46,32,36,40.0,False
1984,12,47,32,35,30.0,False
1984,12,48,32,35,30.0,False
1984,12,49,32,35,30.0,False
1984,13,0,38,43,50.0,False
1984,13,1,38,43,50.0,False
1984,13,2,38,43,50.0,False
1984,13,3,38,42,40.0,False
1984,13,4,38,42,40.0,False
1984,13,5,38,42,40.0,False
1984,13,6,37,42,50.0,False
1984,13,7,37,42,50.0,False
1984,13,8,37,41,40.0,False
1984,13,9,37,41,40.0,False
1984,13,10,37,41,40.0,False
1984,13,11,37,41,40.0,False
1984,13,12,37,41,40.0,False
1984,13,13,37,40,30.0,False
1984,13,14,36,40,40.0,False
1984,13,15,36,40,40.0,False
1984,13,16,36,40,40.0,False
1984,13,17,36,40,40.0,False
1984,13,18,36,39,30.0,False
1984,13,19,36,39,30.0,False
1984,13,20,36,39,30.0,False
1984,13,21,36,39,30.0,False
1984,13,22,35,36,10.0,True
1984,13,23,35,36,10.0,True
1984,13,24,35,36,10.0,True
1984,13,25,35,38,30.0,False
1984,13,26,35,35,0.0,True
1984,13,27,35,35,0.0,True
1984,13,28,35,35,0.0,True
1984,13,29,35,35,0.0,True
1984,13,30,35,35,0.0,True
1984,13,31,34,34,0.0,True
1984,13,32,34,34,0.0,True
1984,13,33,34,34,0.0,True
1984,13,34,34,35,10.0,True
1984,13,35,34,35,10.0,True
1984,13,36,34,33,-10.0,True
1984,13,37,34,33,-10.0,True
1984,13,38,34,33,-10.0,True
1984,13,39,33,33,0.0,True
1984,13,40,33,32,-10.0,True
1984,13,41,33,32,-10.0,True
1984,13,42,33,32,-10.0,True
1984,13,43,33,32,-10.0,True
1984,13,44,33,32,-10.0,True
1984,13,45,33,31,-20.0,False
1984,13,46,33,31,-20.0,False
1984,13,47,33,31,-20.0,False
1984,13,48,32,31,-10.0,True
1984,13,49,32,31,-10.0,True
1984,14,0,48,48,0.0,True
1984,14,1,48,48,0.0,True
1984,14,2,47,48,10.0,True
1984,14,3,47,48,10.0,True
1984,14,4,47,48,10.0,True
1984,14,5,47,48,10.0,True
1984,14,6,47,47,0.0,True
1984,14,7,47,47,0.0,True
1984,14,8,47,47,0.0,True
1984,14,9,47,47,0.0,True
1984,14,10,46,47,10.0,True
1984,14,11,46,46,0.0,True
1984,14,12,46,46,0.0,True
1984,14,13,46,46,0.0,True
1984,14,14,46,46,0.0,True
1984,14,15,46,46,0.0,True
1984,14,16,46,45,-10.0,True
1984,14,17,46,45,-10.0,True
1984,14,18,45,45,0.0,True
1984,14,19,45,45,0.0,True
1984,14,20,45,45,0.0,True
1984,14,21,45,44,-10.0,True
1984,14,22,45,44,-10.0,True
1984,14,23,45,44,-10.0,True
1984,14,24,45,44,-10.0,True
1984,14,25,44,44,0.0,True
1984,14,26,44,44,0.0,True
1984,14,27,44,43,-10.0,True
1984,14,28,44,44,0.0,True
1984,14,29,44,42,-20.0,False
1984,14,30,44,42,-20.0,False
1984,14,31,44,42,-20.0,False
1984,14,32,44,42,-20.0,False
1984,14,33,43,42,-10.0,True
1984,14,34,43,42,-10.0,True
1984,14,35,43,42,-10.0,True
1984,14,36,43,42,-10.0,True
1984,14,37,43,43,0.0,True
1984,14,38,43,43,0.0,True
1984,14,39,43,41,-20.0,False
1984,14,40,43,41,-20.0,False
1984,14,41,42,42,0.0,True
1984,14,42,42,42,0.0,True
1984,14,43,42,40,-20.0,False
1984,14,44,42,40,-20.0,False
1984,14,45,42,40,-20.0,False
1984,14,46,42,40,-20.0,False
1984,14,47,42,40,-20.0,False
1984,14,48,42,39,-30.0,False
1984,14,49,41,39,-20.0,False
1984,15,0,61,62,10.0,True
1984,15,1,61,62,10.0,True
1984,15,2,61,62,10.0,True
1984,15,3,61,62,10.0,True
1984,15,4,61,62,10.0,True
1984,15,5,61,62,10.0,True
1984,15,6,60,62,20.0,True
1984,15,7,60,62,20.0,True
1984,15,8,60,61,10.0,True
1984,15,9,60,61,10.0,True
1984,15,10,60,61,10.0,True
1984,15,11,60,61,10.0,True
1984,15,12,60,61,10.0,True
1984,15,13,60,60,0.0,True
1984,15,14,59,60,10.0,True
1984,15,15,59,60,10.0,True
1984,15,16,59,60,10.0,True
1984,15,17,59,59,0.0,True
1984,15,18,59,59,0.0,True
1984,15,19,59,59,0.0,True
1984,15,20,59,59,0.0,True
1984,15,21,59,58,-10.0,True
1984,15,22,58,58,0.0,True
1984,15,23,58,58,0.0,True
1984,15,24,58,58,0.0,True
1984,15,25,58,58,0.0,True
1984,15,26,58,58,0.0,True
1984,15,27,58,57,-10.0,True
1984,15,28,58,57,-10.0,True
1984,15,29,57,57,0.0,True
1984,15,30,57,56,-10.0,True
1984,15,31,57,56,-10.0,True
1984,15,32,57,55,-20.0,False
1984,15,33,57,55,-20.0,False
1984,15,34,56,55,-10.0,True
1984,15,35,56,55,-10.0,True
1984,15,36,56,55,-10.0,True
1984,15,37,56,55,-10.0,True
1984,15,38,55,55,0.0,True
1984,15,39,55,55,0.0,True
1984,15,40,55,55,0.0,True
1984,15,41,55,55,0.0,True
1984,15,42,55,54,-10.0,True
1984,15,43,54,54,0.0,True
1984,15,44,54,54,0.0,True
1984,15,45,54,54,0.0,True
1984,15,46,53,54,10.0,True
1984,15,47,53,51,-20.0,False
1984,15,48,53,53,0.0,True
1984,15,49,53,53,0.0,True
1984,16,0,55,56,10.0,True
1984,16,1,55,56,10.0,True
1984,16,2,54,55,10.0,True
1984,16,3,54,55,10.0,True
1984,16,4,54,55,10.0,True
1984,16,5,54,55,10.0,True
1984,16,6,54,55,10.0,True
1984,16,7,53,54,10.0,True
1984,16,8,53,54,10.0,True
1984,16,9,53,54,10.0,True
1984,16,10,53,54,10.0,True
1984,16,11,53,54,10.0,True
1984,16,12,52,53,10.0,True
1984,16,13,52,53,10.0,True
1984,16,14,52,53,10.0,True
1984,16,15,52,53,10.0,True
1984,16,16,52,52,0.0,True
1984,16,17,52,52,0.0,True
1984,16,18,52,52,0.0,True
1984,16,19,52,52,0.0,True
1984,16,20,51,51,0.0,True
1984,16,21,51,51,0.0,True
1984,16,22,51,51,0.0,True
1984,16,23,51,51,0.0,True
1984,16,24,51,50,-10.0,True
1984,16,25,51,50,-10.0,True
1984,16,26,51,50,-10.0,True
1984,16,27,51,50,-10.0,True
1984,16,28,50,50,0.0,True
1984,16,29,50,49,-10.0,True
1984,16,30,50,49,-10.0,True
1984,16,31,50,49,-10.0,True
1984,16,32,50,49,-10.0,True
1984,16,33,50,49,-10.0,True
1984,16,34,50,49,-10.0,True
1984,16,35,50,49,-10.0,True
1984,16,36,49,48,-10.0,True
1984,16,37,49,48,-10.0,True
1984,16,38,49,48,-10.0,True
1984,16,39,49,48,-10.0,True
1984,16,40,49,48,-10.0,True
1984,16,41,49,47,-20.0,False
1984,16,42,49,47,-20.0,False
1984,16,43,49,47,-20.0,False
1984,16,44,48,47,-10.0,True
1984,16,45,48,47,-10.0,True
1984,16,46,48,47,-10.0,True
1984,16,47,48,46,-20.0,False
1984,16,48,48,46,-20.0,False
1984,16,49,48,46,-20.0,False
1984,17,0,58,59,10.0,True
1984,17,1,58,59,10.0,True
1984,17,2,58,59,10.0,True
1984,17,3,58,59,10.0,True
1984,17,4,58,59,10.0,True
1984,17,5,58,59,10.0,True
1984,17,6,58,59,10.0,True
1984,17,7,57,58,10.0,True
1984,17,8,57,58,10.0,True
1984,17,9,57,58,10.0,True
1984,17,10,57,58,10.0,True
1984,17,11,57,58,10.0,True
1984,17,12,57,57,0.0,True
1984,17,13,57,57,0.0,True
1984,17,14,57,57,0.0,True
1984,17,15,56,57,10.0,True
1984,17,16,56,57,10.0,True
1984,17,17,56,57,10.0,True
1984,17,18,56,56,0.0,True
1984,17,19,56,56,0.0,True
1984,17,20,56,56,0.0,True
1984,17,21,56,56,0.0,True
1984,17,22,56,56,0.0,True
1984,17,23,55,55,0.0,True
1984,17,24,55,55,0.0,True
1984,17,25,55,55,0.0,True
1984,17,26,55,55,0.0,True
1984,17,27,55,55,0.0,True
1984,17,28,55,55,0.0,True
1984,17,29,55,55,0.0,True
1984,17,30,55,55,0.0,True
1984,17,31,54,54,0.0,True
1984,17,32,54,54,0.0,True
1984,17,33,54,54,0.0,True
1984,17,34,54,54,0.0,True
1984,17,35,54,54,0.0,True
1984,17,36,54,53,-10.0,True
1984,17,37,54,53,-10.0,True
1984,17,38,54,53,-10.0,True
1984,17,39,53,53,0.0,True
1984,17,40,53,53,0.0,True
1984,17,41,53,53,0.0,True
1984,17,42,53,52,-10.0,True
1984,17,43,53,52,-10.0,True
1984,17,44,53,52,-10.0,True
1984,17,45,53,52,-10.0,True
1984,17,46,53,52,-10.0,True
1984,17,47,52,51,-10.0,True
1984,17,48,52,51,-10.0,True
1984,17,49,52,51,-10.0,True
1984,18,0,64,65,10.0,True
1984,18,1,63,65,20.0,True
1984,18,2,63,65,20.0,True
1984,18,3,63,64,10.0,True
1984,18,4,63,64,10.0,True
1984,18,5,63,64,10.0,True
1984,18,6,63,64,10.0,True
1984,18,7,63,63,0.0,True
1984,18,8,63,63,0.0,True
1984,18,9,62,63,10.0,True
1984,18,10,62,63,10.0,True
1984,18,11,62,63,10.0,True
1984,18,12,62,63,10.0,True
1984,18,13,62,63,10.0,True
1984,18,14,62,63,10.0,True
1984,18,15,62,62,0.0,True
1984,18,16,62,62,0.0,True
1984,18,17,62,62,0.0,True
1984,18,18,61,62,10.0,True
1984,18,19,61,63,20.0,True
1984,18,20,61,62,10.0,True
1984,18,21,61,62,10.0,True
1984,18,22,61,61,0.0,True
1984,18,23,61,61,0.0,True
1984,18,24,61,62,10.0,True
1984,18,25,61,62,10.0,True
1984,18,26,60,60,0.0,True
1984,18,27,60,60,0.0,True
1984,18,28,60,60,0.0,True
1984,18,29,60,60,0.0,True
1984,18,30,60,60,0.0,True
1984,18,31,60,60,0.0,True
1984,18,32,60,59,-10.0,True
1984,18,33,59,59,0.0,True
1984,18,34,59,59,0.0,True
1984,18,35,59,59,0.0,True
1984,18,36,59,59,0.0,True
1984,18,37,59,58,-10.0,True
1984,18,38,59,58,-10.0,True
1984,18,39,59,58,-10.0,True
1984,18,40,59,58,-10.0,True
1984,18,41,58,58,0.0,True
1984,18,42,58,58,0.0,True
1984,18,43,58,58,0.0,True
1984,18,44,58,57,-10.0,True
1984,18,45,58,57,-10.0,True
1984,18,46,58,57,-10.0,True
1984,18,47,58,57,-10.0,True
1984,18,48,58,57,-10.0,True
1984,18,49,57,57,0.0,True
1984,19,0,77,77,0.0,True
1984,19,1,77,77,0.0,True
1984,19,2,77,77,0.0,True
1984,19,3,77,77,0.0,True
1984,19,4,76,77,10.0,True
1984,19,5,76,76,0.0,True
1984,19,6,76,76,0.0,True
1984,19,7,76,76,0.0,True
1984,19,8,76,76,0.0,True
1984,19,9,76,75,-10.0,True
1984,19,10,76,75,-10.0,True
1984,19,11,76,75,-10.0,True
1984,19,12,75,75,0.0,True
1984,19,13,75,75,0.0,True
1984,19,14,75,75,0.0,True
1984,19,15,75,74,-10.0,True
1984,19,16,75,74,-10.0,True
1984,19,17,75,74,-10.0,True
1984,19,18,75,74,-10.0,True
1984,19,19,74,74,0.0,True
1984,19,20,74,73,-10.0,True
1984,19,21,74,73,-10.0,True
1984,19,22,74,74,0.0,True
1984,19,23,74,73,-10.0,True
1984,19,24,74,73,-10.0,True
1984,19,25,73,73,0.0,True
1984,19,26,73,73,0.0,True
1984,19,27,73,73,0.0,True
1984,19,28,73,72,-10.0,True
1984,19,29,72,73,10.0,True
1984,19,30,72,73,10.0,True
1984,19,31,72,73,10.0,True
1984,19,32,72,73,10.0,True
1984,19,33,71,72,10.0,True
1984,19,34,71,72,10.0,True
1984,19,35,71,72,10.0,True
1984,19,36,70,72,20.0,True
1984,19,37,70,71,10.0,True
1984,19,38,70,71,10.0,True
1984,19,39,69,71,20.0,True
1984,19,40,69,70,10.0,True
1984,19,41,69,70,10.0,True
1984,19,42,68,70,20.0,True
1984,19,43,68,71,30.0,False
1984,19,44,68,71,30.0,False
1984,19,45,67,70,30.0,False
1984,19,46,67,69,20.0,True
1984,19,47,67,69,20.0,False
1984,19,48,66,69,30.0,False
1984,19,49,66,70,40.0,False
1984,20,0,66,65,-10.0,True
1984,20,1,65,65,0.0,True
1984,20,2,65,65,0.0,True
1984,20,3,64,65,10.0,True
1984,20,4,64,65,10.0,True
1984,20,5,64,64,0.0,True
1984,20,6,63,64,10.0,True
1984,20,7,63,64,10.0,True
1984,20,8,63,64,10.0,True
1984,20,9,62,64,20.0,True
1984,20,10,62,64,20.0,True
1984,20,11,62,62,0.0,True
1984,20,12,62,63,10.0,True
1984,20,13,61,63,20.0,True
1984,20,14,61,61,0.0,True
1984,20,15,61,61,0.0,True
1984,20,16,61,61,0.0,True
1984,20,17,60,61,10.0,True
1984,20,18,60,61,10.0,True
1984,20,19,60,60,0.0,True
1984,20,20,60,60,0.0,True
1984,20,21,59,60,10.0,True
1984,20,22,59,60,10.0,True
1984,20,23,59,60,10.0,True
1984,20,24,59,59,0.0,True
1984,20,25,59,59,0.0,True
1984,20,26,59,59,0.0,True
1984,20,27,58,59,10.0,True
1984,20,28,58,59,10.0,True
1984,20,29,58,59,10.0,True
1984,20,30,58,58,0.0,True
1984,20,31,58,58,0.0,True
1984,20,32,58,58,0.0,True
1984,20,33,58,58,0.0,True
1984,20,34,58,58,0.0,True
1984,20,35,57,58,10.0,True
1984,20,36,57,57,0.0,True
1984,20,37,57,57,0.0,True
1984,20,38,57,57,0.0,True
1984,20,39,57,57,0.0,True
1984,20,40,57,57,0.0,True
1984,20,41,57,57,0.0,True
1984,20,42,57,57,0.0,True
1984,20,43,56,56,0.0,True
1984,20,44,56,56,0.0,True
1984,20,45,56,55,-10.0,True
1984,20,46,56,55,-10.0,True
1984,20,47,56,55,-10.0,True
1984,20,48,56,55,-10.0,True
1984,20,49,56,55,-10.0,True
1984,21,0,56,58,20.0,False
1984,21,1,55,58,30.0,False
1984,21,2,55,58,30.0,False
1984,21,3,55,57,20.0,False
1984,21,4,55,57,20.0,False
1984,21,5,55,57,20.0,False
1984,21,6,55,56,10.0,True
1984,21,7,55,56,10.0,True
1984,21,8,54,56,20.0,True
1984,21,9,54,55,10.0,True
1984,21,10,54,56,20.0,True
1984,21,11,54,55,10.0,True
1984,21,12,54,55,10.0,True
1984,21,13,54,55,10.0,True
1984,21,14,54,55,10.0,True
1984,21,15,54,55,10.0,True
1984,21,16,53,54,10.0,True
1984,21,17,53,54,10.0,True
1984,21,18,53,53,0.0,True
1984,21,19,53,53,0.0,True
1984,21,20,53,53,0.0,True
1984,21,21,53,53,0.0,True
1984,21,22,53,53,0.0,True
1984,21,23,53,53,0.0,True
1984,21,24,52,52,0.0,True
1984,21,25,52,52,0.0,True
1984,21,26,52,52,0.0,True
1984,21,27,52,51,-10.0,True
1984,21,28,52,51,-10.0,True
1984,21,29,52,51,-10.0,True
1984,21,30,52,51,-10.0,True
1984,21,31,52,51,-10.0,True
1984,21,32,52,50,-20.0,False
1984,21,33,51,50,-10.0,True
1984,21,34,51,50,-10.0,True
1984,21,35,51,49,-20.0,False
1984,21,36,51,49,-20.0,False
1984,21,37,51,49,-20.0,False
1984,21,38,51,49,-20.0,False
1984,21,39,51,49,-20.0,False
1984,21,40,51,48,-30.0,False
1984,21,41,50,48,-20.0,False
1984,21,42,50,48,-20.0,False
1984,21,43,50,47,-30.0,False
1984,21,44,50,47,-30.0,False
1984,21,45,50,47,-30.0,False
1984,21,46,50,46,-40.0,False
1984,21,47,50,46,-40.0,False
1984,21,48,50,46,-40.0,False
1984,21,49,49,46,-30.0,False
1984,22,0,49,51,20.0,True
1984,22,1,49,51,20.0,True
1984,22,2,49,51,20.0,False
1984,22,3,49,51,20.0,False
1984,22,4,49,50,10.0,True
1984,22,5,49,50,10.0,True
1984,22,6,49,50,10.0,True
1984,22,7,48,50,20.0,True
1984,22,8,48,49,10.0,True
1984,22,9,48,49,10.0,True
1984,22,10,48,49,10.0,True
1984,22,11,48,49,10.0,True
1984,22,12,48,48,0.0,True
1984,22,13,48,48,0.0,True
1984,22,14,48,48,0.0,True
1984,22,15,47,48,10.0,True
1984,22,16,47,48,10.0,True
1984,22,17,47,47,0.0,True
1984,22,18,47,47,0.0,True
1984,22,19,47,47,0.0,True
1984,22,20,47,47,0.0,True
1984,22,21,47,46,-10.0,True
1984,22,22,47,46,-10.0,True
1984,22,23,47,46,-10.0,True
1984,22,24,46,46,0.0,True
1984,22,25,46,45,-10.0,True
1984,22,26,46,45,-10.0,True
1984,22,27,46,45,-10.0,True
1984,22,28,46,45,-10.0,True
1984,22,29,46,44,-20.0,False
1984,22,30,46,44,-20.0,False
1984,22,31,46,44,-20.0,False
1984,22,32,45,43,-20.0,False
1984,22,33,45,43,-20.0,False
1984,22,34,45,43,-20.0,False
1984,22,35,45,43,-20.0,False
1984,22,36,45,43,-20.0,False
1984,22,37,45,42,-30.0,False
1984,22,38,45,42,-30.0,False
1984,22,39,45,42,-30.0,False
1984,22,40,44,42,-20.0,False
1984,22,41,44,45,10.0,True
1984,22,42,44,41,-30.0,False
1984,22,43,44,41,-30.0,False
1984,22,44,44,41,-30.0,False
1984,22,45,44,44,0.0,True
1984,22,46,44,40,-40.0,False
1984,22,47,44,40,-40.0,False
1984,22,48,43,40,-30.0,False
1984,22,49,43,43,0.0,True
1984,23,0,51,52,10.0,True
1984,23,1,51,51,0.0,True
1984,23,2,51,51,0.0,True
1984,23,3,51,51,0.0,True
1984,23,4,51,51,0.0,True
1984,23,5,50,51,10.0,True
1984,23,6,50,51,10.0,True
1984,23,7,50,50,0.0,True
1984,23,8,50,50,0.0,True
1984,23,9,50,50,0.0,True
1984,23,10,49,50,10.0,True
1984,23,11,49,49,0.0,True
1984,23,12,49,49,0.0,True
1984,23,13,49,49,0.0,True
1984,23,14,48,49,10.0,True
1984,23,15,48,48,0.0,True
1984,23,16,48,48,0.0,True
1984,23,17,48,48,0.0,True
1984,23,18,47,48,10.0,True
1984,23,19,47,48,10.0,True
1984,23,20,47,47,0.0,True
1984,23,21,47,47,0.0,True
1984,23,22,47,47,0.0,True
1984,23,23,46,47,10.0,True
1984,23,24,46,46,0.0,True
1984,23,25,46,46,0.0,True
1984,23,26,46,46,0.0,True
1984,23,27,45,46,10.0,True
1984,23,28,45,46,10.0,True
1984,23,29,45,45,0.0,True
1984,23,30,45,45,0.0,True
1984,23,31,44,45,10.0,True
1984,23,32,44,45,10.0,True
1984,23,33,44,44,0.0,True
1984,23,34,44,44,0.0,True
1984,23,35,44,44,0.0,True
1984,23,36,43,44,10.0,True
1984,23,37,43,44,10.0,True
1984,23,38,43,44,10.0,True
1984,23,39,43,43,0.0,True
1984,23,40,42,46,40.0,False
1984,23,41,42,43,10.0,True
1984,23,42,42,43,10.0,True
1984,23,43,42,43,10.0,True
1984,23,44,42,42,0.0,True
1984,23,45,41,42,10.0,True
1984,23,46,41,45,40.0,False
1984,23,47,41,42,10.0,True
1984,23,48,41,42,10.0,True
1984,23,49,40,44,40.0,False
1984,24,0,52,51,-10.0,True
1984,24,1,52,51,-10.0,True
1984,24,2,52,51,-10.0,True
1984,24,3,52,51,-10.0,True
1984,24,4,51,50,-10.0,True
1984,24,5,51,50,-10.0,True
1984,24,6,51,50,-10.0,True
1984,24,7,51,50,-10.0,True
1984,24,8,50,50,0.0,True
1984,24,9,50,50,0.0,True
1984,24,10,50,49,-10.0,True
1984,24,11,50,49,-10.0,True
1984,24,12,49,49,0.0,True
1984,24,13,49,49,0.0,True
1984,24,14,49,49,0.0,True
1984,24,15,49,48,-10.0,True
1984,24,16,49,48,-10.0,True
1984,24,17,48,48,0.0,True
1984,24,18,48,48,0.0,True
1984,24,19,48,48,0.0,True
1984,24,20,48,47,-10.0,True
1984,24,21,47,47,0.0,True
1984,24,22,47,47,0.0,True
1984,24,23,47,47,0.0,True
1984,24,24,47,47,0.0,True
1984,24,25,47,46,-10.0,True
1984,24,26,46,46,0.0,True
1984,24,27,46,46,0.0,True
1984,24,28,46,46,0.0,True
1984,24,29,46,46,0.0,True
1984,24,30,45,45,0.0,True
1984,24,31,45,45,0.0,True
1984,24,32,45,45,0.0,True
1984,24,33,45,45,0.0,True
1984,24,34,45,45,0.0,True
1984,24,35,44,44,0.0,True
1984,24,36,44,44,0.0,True
1984,24,37,44,44,0.0,True
1984,24,38,44,44,0.0,True
1984,24,39,43,44,10.0,True
1984,24,40,43,44,10.0,True
1984,24,41,43,43,0.0,True
1984,24,42,43,43,0.0,True
1984,24,43,42,43,10.0,True
1984,24,44,42,43,10.0,True
1984,24,45,42,42,0.0,True
1984,24,46,42,42,0.0,True
1984,24,47,42,42,0.0,True
1984,24,48,41,42,10.0,True
1984,24,49,41,42,10.0,True
1984,25,0,52,52,0.0,True
1984,25,1,52,52,0.0,True
1984,25,2,52,52,0.0,True
1984,25,3,52,51,-10.0,True
1984,25,4,51,51,0.0,True
1984,25,5,51,51,0.0,True
1984,25,6,51,51,0.0,True
1984,25,7,51,51,0.0,True
1984,25,8,50,50,0.0,True
1984,25,9,50,50,0.0,True
1984,25,10,50,50,0.0,True
1984,25,11,50,50,0.0,True
1984,25,12,50,49,-10.0,True
1984,25,13,49,49,0.0,True
1984,25,14,49,49,0.0,True
1984,25,15,49,49,0.0,True
1984,25,16,49,49,0.0,True
1984,25,17,48,49,10.0,True
1984,25,18,48,48,0.0,True
1984,25,19,48,48,0.0,True
1984,25,20,48,48,0.0,True
1984,25,21,47,48,10.0,True
1984,25,22,47,48,10.0,True
1984,25,23,47,47,0.0,True
1984,25,24,47,47,0.0,True
1984,25,25,47,47,0.0,True
1984,25,26,46,47,10.0,True
1984,25,27,46,46,0.0,True
1984,25,28,46,46,0.0,True
1984,25,29,46,46,0.0,True
1984,25,30,46,46,0.0,True
1984,25,31,45,46,10.0,True
1984,25,32,45,45,0.0,True
1984,25,33,45,45,0.0,True
1984,25,34,45,45,0.0,True
1984,25,35,45,45,0.0,True
1984,25,36,45,45,0.0,True
1984,25,37,44,42,-20.0,False
1984,25,38,44,44,0.0,True
1984,25,39,44,44,0.0,True
1984,25,40,44,44,0.0,True
1984,25,41,44,44,0.0,True
1984,25,42,44,43,-10.0,True
1984,25,43,44,43,-10.0,True
1984,25,44,43,43,0.0,True
1984,25,45,43,43,0.0,True
1984,25,46,43,43,0.0,True
1984,25,47,43,41,-20.0,False
1984,25,48,43,41,-20.0,False
1984,25,49,43,42,-10.0,True
1984,26,0,57,60,30.0,False
1984,26,1,57,60,30.0,False
1984,26,2,57,60,30.0,False
1984,26,3,56,59,30.0,False
1984,26,4,56,59,30.0,False
1984,26,5,56,59,30.0,False
1984,26,6,56,59,30.0,False
1984,26,7,56,59,30.0,False
1984,26,8,56,59,30.0,False
1984,26,9,56,58,20.0,False
1984,26,10,56,58,20.0,False
1984,26,11,56,56,0.0,True
1984,26,12,56,58,20.0,False
1984,26,13,56,58,20.0,False
1984,26,14,55,58,30.0,False
1984,26,15,55,55,0.0,True
1984,26,16,55,57,20.0,True
1984,26,17,55,57,20.0,True
1984,26,18,55,57,20.0,False
1984,26,19,55,57,20.0,False
1984,26,20,55,57,20.0,False
1984,26,21,55,54,-10.0,True
1984,26,22,55,54,-10.0,True
1984,26,23,55,56,10.0,True
1984,26,24,55,56,10.0,True
1984,26,25,54,56,20.0,True
1984,26,26,54,53,-10.0,True
1984,26,27,54,53,-10.0,True
1984,26,28,54,52,-20.0,False
1984,26,29,54,54,0.0,True
1984,26,30,54,52,-20.0,False
1984,26,31,54,52,-20.0,False
1984,26,32,54,52,-20.0,False
1984,26,33,54,53,-10.0,True
1984,26,34,54,52,-20.0,False
1984,26,35,54,52,-20.0,False
1984,26,36,54,52,-20.0,False
1984,26,37,53,52,-10.0,True
1984,26,38,53,52,-10.0,True
1984,26,39,53,52,-10.0,True
1984,26,40,53,52,-10.0,True
1984,26,41,53,52,-10.0,True
1984,26,42,53,51,-20.0,False
1984,26,43,53,51,-20.0,False
1984,26,44,53,51,-20.0,False
1984,26,45,53,50,-30.0,False
1984,26,46,53,50,-30.0,False
1984,26,47,53,50,-30.0,False
1984,26,48,52,50,-20.0,False
1984,26,49,52,49,-30.0,False
1984,27,0,72,75,30.0,False
1984,27,1,72,77,50.0,False
1984,27,2,72,77,50.0,False
1984,27,3,72,76,40.0,False
1984,27,4,72,74,20.0,False
1984,27,5,72,74,20.0,False
1984,27,6,72,73,10.0,True
1984,27,7,72,73,10.0,True
1984,27,8,71,73,20.0,True
1984,27,9,71,73,20.0,True
1984,27,10,71,73,20.0,True
1984,27,11,71,72,10.0,True
1984,27,12,71,72,10.0,True
1984,27,13,71,72,10.0,True
1984,27,14,71,72,10.0,True
1984,27,15,71,71,0.0,True
1984,27,16,71,71,0.0,True
1984,27,17,71,71,0.0,True
1984,27,18,71,71,0.0,True
1984,27,19,70,71,10.0,True
1984,27,20,70,70,0.0,True
1984,27,21,70,70,0.0,True
1984,27,22,70,70,0.0,True
1984,27,23,70,70,0.0,True
1984,27,24,70,70,0.0,True
1984,27,25,70,69,-10.0,True
1984,27,26,70,69,-10.0,True
1984,27,27,70,69,-10.0,True
1984,27,28,70,69,-10.0,True
1984,27,29,70,69,-10.0,True
1984,27,30,70,69,-10.0,True
1984,27,31,69,69,0.0,True
1984,27,32,69,68,-10.0,True
1984,27,33,69,68,-10.0,True
1984,27,34,69,68,-10.0,True
1984,27,35,69,68,-10.0,True
1984,27,36,69,67,-20.0,False
1984,27,37,69,67,-20.0,False
1984,27,38,69,67,-20.0,False
1984,27,39,69,67,-20.0,False
1984,27,40,69,66,-30.0,False
1984,27,41,68,66,-20.0,False
1984,27,42,68,66,-20.0,False
1984,27,43,68,66,-20.0,False
1984,27,44,68,65,-30.0,False
1984,27,45,68,65,-30.0,False
1984,27,46,68,65,-30.0,False
1984,27,47,67,65,-20.0,False
1984,27,48,67,64,-30.0,False
1984,27,49,67,64,-30.0,False
1984,28,0,70,68,-20.0,False
1984,28,1,69,68,-10.0,True
1984,28,2,69,68,-10.0,True
1984,28,3,69,68,-10.0,True
1984,28,4,69,67,-20.0,False
1984,28,5,68,67,-10.0,True
1984,28,6,68,67,-10.0,True
1984,28,7,68,67,-10.0,True
1984,28,8,68,66,-20.0,False
1984,28,9,67,66,-10.0,True
1984,28,10,67,66,-10.0,True
1984,28,11,67,66,-10.0,True
1984,28,12,67,66,-10.0,True
1984,28,13,66,65,-10.0,True
1984,28,14,66,65,-10.0,True
1984,28,15,66,65,-10.0,True
1984,28,16,66,65,-10.0,True
1984,28,17,66,65,-10.0,True
1984,28,18,65,65,0.0,True
1984,28,19,65,65,0.0,True
1984,28,20,65,65,0.0,True
1984,28,21,65,64,-10.0,True
1984,28,22,64,64,0.0,True
1984,28,23,64,64,0.0,True
1984,28,24,64,63,-10.0,True
1984,28,25,64,63,-10.0,True
1984,28,26,64,63,-10.0,True
1984,28,27,63,63,0.0,True
1984,28,28,63,63,0.0,True
1984,28,29,63,62,-10.0,True
1984,28,30,63,62,-10.0,True
1984,28,31,62,62,0.0,True
1984,28,32,62,63,10.0,True
1984,28,33,62,63,10.0,True
1984,28,34,62,62,0.0,True
1984,28,35,61,61,0.0,True
1984,28,36,61,61,0.0,True
1984,28,37,61,61,0.0,True
1984,28,38,61,61,0.0,True
1984,28,39,61,61,0.0,True
1984,28,40,60,61,10.0,True
1984,28,41,60,61,10.0,True
1984,28,42,60,61,10.0,True
1984,28,43,60,61,10.0,True
1984,28,44,59,61,20.0,True
1984,28,45,59,60,10.0,True
1984,28,46,59,60,10.0,True
1984,28,47,59,60,10.0,True
1984,28,48,58,60,20.0,True
1984,28,49,58,60,20.0,True
1984,29,0,72,72,0.0,True
1984,29,1,72,72,0.0,True
1984,29,2,72,72,0.0,True
1984,29,3,72,71,-10.0,True
1984,29,4,71,71,0.0,True
1984,29,5,71,71,0.0,True
1984,29,6,71,71,0.0,True
1984,29,7,71,71,0.0,True
1984,29,8,71,70,-10.0,True
1984,29,9,70,70,0.0,True
1984,29,10,70,70,0.0,True
1984,29,11,70,70,0.0,True
1984,29,12,70,70,0.0,True
1984,29,13,69,68,-10.0,True
1984,29,14,69,68,-10.0,True
1984,29,15,69,68,-10.0,True
1984,29,16,69,69,0.0,True
1984,29,17,68,68,0.0,True
1984,29,18,68,68,0.0,True
1984,29,19,68,68,0.0,True
1984,29,20,68,68,0.0,True
1984,29,21,68,68,0.0,True
1984,29,22,67,66,-10.0,True
1984,29,23,67,66,-10.0,True
1984,29,24,67,67,0.0,True
1984,29,25,67,66,-10.0,True
1984,29,26,66,66,0.0,True
1984,29,27,66,65,-10.0,True
1984,29,28,66,65,-10.0,True
1984,29,29,66,65,-10.0,True
1984,29,30,65,65,0.0,True
1984,29,31,65,65,0.0,True
1984,29,32,65,64,-10.0,True
1984,29,33,65,65,0.0,True
1984,29,34,65,64,-10.0,True
1984,29,35,64,64,0.0,True
1984,29,36,64,63,-10.0,True
1984,29,37,64,63,-10.0,True
1984,29,38,64,63,-10.0,True
1984,29,39,63,63,0.0,True
1984,29,40,63,62,-10.0,True
1984,29,41,63,62,-10.0,True
1984,29,42,63,62,-10.0,True
1984,29,43,62,62,0.0,True
1984,29,44,62,62,0.0,True
1984,29,45,62,62,0.0,True
1984,29,46,62,61,-10.0,True
1984,29,47,62,61,-10.0,True
1984,29,48,61,61,0.0,True
1984,29,49,61,61,0.0,True
1984,30,0,64,64,0.0,True
1984,30,1,64,63,-10.0,True
1984,30,2,63,63,0.0,True
1984,30,3,63,63,0.0,True
1984,30,4,63,63,0.0,True
1984,30,5,63,63,0.0,True
1984,30,6,62,62,0.0,True
1984,30,7,62,62,0.0,True
1984,30,8,62,62,0.0,True
1984,30,9,62,61,-10.0,True
1984,30,10,62,61,-10.0,True
1984,30,11,61,61,0.0,True
1984,30,12,61,61,0.0,True
1984,30,13,61,61,0.0,True
1984,30,14,61,61,0.0,True
1984,30,15,60,60,0.0,True
1984,30,16,60,60,0.0,True
1984,30,17,60,60,0.0,True
1984,30,18,60,60,0.0,True
1984,30,19,59,59,0.0,True
1984,30,20,59,59,0.0,True
1984,30,21,59,59,0.0,True
1984,30,22,59,59,0.0,True
1984,30,23,59,57,-20.0,False
1984,30,24,58,57,-10.0,True
1984,30,25,58,58,0.0,True
1984,30,26,58,58,0.0,True
1984,30,27,58,57,-10.0,True
1984,30,28,57,57,0.0,True
1984,30,29,57,57,0.0,True
1984,30,30,57,57,0.0,True
1984,30,31,57,56,-10.0,True
1984,30,32,57,56,-10.0,True
1984,30,33,56,54,-20.0,False
1984,30,34,56,54,-20.0,False
1984,30,35,56,54,-20.0,False
1984,30,36,56,55,-10.0,True
1984,30,37,55,55,0.0,True
1984,30,38,55,55,0.0,True
1984,30,39,55,54,-10.0,True
1984,30,40,55,54,-10.0,True
1984,30,41,54,54,0.0,True
1984,30,42,54,54,0.0,True
1984,30,43,54,53,-10.0,True
1984,30,44,54,52,-20.0,False
1984,30,45,54,53,-10.0,True
1984,30,46,53,53,0.0,True
1984,30,47,53,50,-30.0,False
1984,30,48,53,50,-30.0,False
1984,30,49,53,51,-20.0,False
1984,31,0,64,63,-10.0,True
1984,31,1,64,60,-40.0,False
1984,31,2,63,62,-10.0,True
1984,31,3,63,61,-20.0,False
1984,31,4,63,61,-20.0,False
1984,31,5,63,61,-20.0,False
1984,31,6,62,61,-10.0,True
1984,31,7,62,61,-10.0,True
1984,31,8,62,60,-20.0,False
1984,31,9,62,60,-20.0,False
1984,31,10,61,60,-10.0,True
1984,31,11,61,61,0.0,True
1984,31,12,61,60,-10.0,True
1984,31,13,61,60,-10.0,True
1984,31,14,60,58,-20.0,False
1984,31,15,60,59,-10.0,True
1984,31,16,60,59,-10.0,True
1984,31,17,59,59,0.0,True
1984,31,18,59,59,0.0,True
1984,31,19,59,58,-10.0,True
1984,31,20,59,58,-10.0,True
1984,31,21,58,58,0.0,True
1984,31,22,58,58,0.0,True
1984,31,23,58,58,0.0,True
1984,31,24,57,57,0.0,True
1984,31,25,57,57,0.0,True
1984,31,26,57,57,0.0,True
1984,31,27,56,57,10.0,True
1984,31,28,56,56,0.0,True
1984,31,29,56,56,0.0,True
1984,31,30,55,56,10.0,True
1984,31,31,55,54,-10.0,True
1984,31,32,55,53,-20.0,False
1984,31,33,55,54,-10.0,True
1984,31,34,54,52,-20.0,False
1984,31,35,54,54,0.0,True
1984,31,36,54,54,0.0,True
1984,31,37,53,53,0.0,True
1984,31,38,53,53,0.0,True
1984,31,39,53,53,0.0,True
1984,31,40,52,53,10.0,True
1984,31,41,52,53,10.0,True
1984,31,42,52,53,10.0,True
1984,31,43,51,53,20.0,True
1984,31,44,51,52,10.0,True
1984,31,45,51,52,10.0,True
1984,31,46,50,52,20.0,True
1984,31,47,50,50,0.0,True
1984,31,48,50,50,0.0,True
1984,31,49,50,50,0.0,True
1984,32,0,82,81,-10.0,True
1984,32,1,82,82,0.0,True
1984,32,2,82,82,0.0,True
1984,32,3,81,82,10.0,True
1984,32,4,81,81,0.0,True
1984,32,5,81,81,0.0,True
1984,32,6,80,81,10.0,True
1984,32,7,80,81,10.0,True
1984,32,8,80,80,0.0,True
1984,32,9,79,80,10.0,True
1984,32,10,79,80,10.0,True
1984,32,11,79,77,-20.0,False
1984,32,12,78,77,-10.0,True
1984,32,13,78,78,0.0,True
1984,32,14,78,77,-10.0,True
1984,32,15,77,78,10.0,True
1984,32,16,77,78,10.0,True
1984,32,17,77,78,10.0,True
1984,32,18,76,78,20.0,True
1984,32,19,76,75,-10.0,True
1984,32,20,76,77,10.0,True
1984,32,21,76,77,10.0,True
1984,32,22,75,77,20.0,True
1984,32,23,75,76,10.0,True
1984,32,24,75,76,10.0,True
1984,32,25,75,76,10.0,True
1984,32,26,74,76,20.0,True
1984,32,27,74,75,10.0,True
1984,32,28,74,75,10.0,True
1984,32,29,74,75,10.0,True
1984,32,30,74,75,10.0,True
1984,32,31,73,72,-10.0,True
1984,32,32,73,74,10.0,True
1984,32,33,73,74,10.0,True
1984,32,34,73,74,10.0,True
1984,32,35,73,74,10.0,True
1984,32,36,73,73,0.0,True
1984,32,37,72,72,0.0,True
1984,32,38,72,70,-20.0,False
1984,32,39,72,71,-10.0,True
1984,32,40,72,71,-10.0,True
1984,32,41,72,71,-10.0,True
1984,32,42,72,70,-20.0,False
1984,32,43,71,71,0.0,True
1984,32,44,71,70,-10.0,True
1984,32,45,71,71,0.0,True
1984,32,46,71,69,-20.0,False
1984,32,47,71,71,0.0,True
1984,32,48,70,70,0.0,True
1984,32,49,70,70,0.0,True
1984,33,0,89,90,10.0,True
1984,33,1,89,90,10.0,True
1984,33,2,89,90,10.0,True
1984,33,3,89,90,10.0,True
1984,33,4,89,90,10.0,True
1984,33,5,88,86,-20.0,False
1984,33,6,88,85,-30.0,False
1984,33,7,88,89,10.0,True
1984,33,8,88,89,10.0,True
1984,33,9,88,89,10.0,True
1984,33,10,88,89,10.0,True
1984,33,11,87,88,10.0,True
1984,33,12,87,88,10.0,True
1984,33,13,87,88,10.0,True
1984,33,14,87,87,0.0,True
1984,33,15,87,87,0.0,True
1984,33,16,86,87,10.0,True
1984,33,17,86,86,0.0,True
1984,33,18,86,86,0.0,True
1984,33,19,86,86,0.0,True
1984,33,20,86,85,-10.0,True
1984,33,21,86,85,-10.0,True
1984,33,22,85,85,0.0,True
1984,33,23,85,85,0.0,True
1984,33,24,85,85,0.0,True
1984,33,25,85,84,-10.0,True
1984,33,26,85,84,-10.0,True
1984,33,27,84,84,0.0,True
1984,33,28,84,84,0.0,True
1984,33,29,84,84,0.0,True
1984,33,30,84,84,0.0,True
1984,33,31,84,83,-10.0,True
1984,33,32,84,80,-40.0,False
1984,33,33,83,80,-30.0,False
1984,33,34,83,83,0.0,True
1984,33,35,83,82,-10.0,True
1984,33,36,83,82,-10.0,True
1984,33,37,83,81,-20.0,False
1984,33,38,82,79,-30.0,False
1984,33,39,82,80,-20.0,False
1984,33,40,82,80,-20.0,False
1984,33,41,82,78,-40.0,False
1984,33,42,82,79,-30.0,False
1984,33,43,82,78,-40.0,False
1984,33,44,81,77,-40.0,False
1984,33,45,81,77,-40.0,False
1984,33,46,81,77,-40.0,False
1984,33,47,81,77,-40.0,False
1984,33,48,81,76,-50.0,False
1984,33,49,81,74,-70.0,False
1984,34,0,80,81,10.0,True
1984,34,1,80,81,10.0,True
1984,34,2,80,80,0.0,True
1984,34,3,80,80,0.0,True
1984,34,4,80,80,0.0,True
1984,34,5,79,80,10.0,True
1984,34,6,79,80,10.0,True
1984,34,7,79,80,10.0,True
1984,34,8,79,79,0.0,True
1984,34,9,79,79,0.0,True
1984,34,10,79,79,0.0,True
1984,34,11,78,79,10.0,True
1984,34,12,78,79,10.0,True
1984,34,13,78,78,0.0,True
1984,34,14,78,78,0.0,True
1984,34,15,78,78,0.0,True
1984,34,16,77,78,10.0,True
1984,34,17,77,77,0.0,True
1984,34,18,77,77,0.0,True
1984,34,19,77,78,10.0,True
1984,34,20,77,77,0.0,True
1984,34,21,77,78,10.0,True
1984,34,22,76,77,10.0,True
1984,34,23,76,75,-10.0,True
1984,34,24,76,76,0.0,True
1984,34,25,76,76,0.0,True
1984,34,26,76,75,-10.0,True
1984,34,27,75,76,10.0,True
1984,34,28,75,76,10.0,True
1984,34,29,75,76,10.0,True
1984,34,30,75,75,0.0,True
1984,34,31,74,75,10.0,True
1984,34,32,74,75,10.0,True
1984,34,33,74,75,10.0,True
1984,34,34,74,74,0.0,True
1984,34,35,74,74,0.0,True
1984,34,36,73,74,10.0,True
1984,34,37,73,73,0.0,True
1984,34,38,73,73,0.0,True
1984,34,39,73,73,0.0,True
1984,34,40,72,73,10.0,True
1984,34,41,72,73,10.0,True
1984,34,42,72,73,10.0,True
1984,34,43,72,69,-30.0,False
1984,34,44,71,69,-20.0,False
1984,34,45,71,70,-10.0,True
1984,34,46,71,69,-20.0,False
1984,34,47,71,69,-20.0,False
1984,34,48,71,68,-30.0,False
1984,34,49,70,70,0.0,True
1984,35,0,89,89,0.0,True
1984,35,1,88,89,10.0,True
1984,35,2,88,88,0.0,True
1984,35,3,88,88,0.0,True
1984,35,4,88,88,0.0,True
1984,35,5,88,88,0.0,True
1984,35,6,87,87,0.0,True
1984,35,7,87,87,0.0,True
1984,35,8,87,87,0.0,True
1984,35,9,87,87,0.0,True
1984,35,10,86,87,10.0,True
1984,35,11,86,87,10.0,True
1984,35,12,86,87,10.0,True
1984,35,13,86,87,10.0,True
1984,35,14,85,87,20.0,True
1984,35,15,85,87,20.0,True
1984,35,16,85,83,-20.0,False
1984,35,17,85,84,-10.0,True
1984,35,18,85,84,-10.0,True
1984,35,19,84,83,-10.0,True
1984,35,20,84,85,10.0,True
1984,35,21,84,83,-10.0,True
1984,35,22,84,85,10.0,True
1984,35,23,83,84,10.0,True
1984,35,24,83,84,10.0,True
1984,35,25,83,84,10.0,True
1984,35,26,83,83,0.0,True
1984,35,27,82,83,10.0,True
1984,35,28,82,82,0.0,True
1984,35,29,82,80,-20.0,False
1984,35,30,82,81,-10.0,True
1984,35,31,82,80,-20.0,False
1984,35,32,81,80,-10.0,True
1984,35,33,81,81,0.0,True
1984,35,34,81,81,0.0,True
1984,35,35,81,78,-30.0,False
1984,35,36,80,79,-10.0,True
1984,35,37,80,79,-10.0,True
1984,35,38,80,78,-20.0,False
1984,35,39,80,78,-20.0,False
1984,35,40,79,77,-20.0,False
1984,35,41,79,77,-20.0,False
1984,35,42,79,78,-10.0,True
1984,35,43,79,77,-20.0,False
1984,35,44,79,76,-30.0,False
1984,35,45,78,76,-20.0,False
1984,35,46,78,76,-20.0,False
1984,35,47,78,76,-20.0,False
1984,35,48,78,76,-20.0,False
1984,35,49,77,76,-10.0,True
1984,36,0,77,77,0.0,True
1984,36,1,77,77,0.0,True
1984,36,2,77,76,-10.0,True
1984,36,3,76,77,10.0,True
1984,36,4,76,76,0.0,True
1984,36,5,76,76,0.0,True
1984,36,6,76,76,0.0,True
1984,36,7,76,76,0.0,True
1984,36,8,75,76,10.0,True
1984,36,9,75,75,0.0,True
1984,36,10,75,74,-10.0,True
1984,36,11,75,74,-10.0,True
1984,36,12,74,74,0.0,True
1984,36,13,74,74,0.0,True
1984,36,14,74,74,0.0,True
1984,36,15,74,73,-10.0,True
1984,36,16,73,74,10.0,True
1984,36,17,73,72,-10.0,True
1984,36,18,73,73,0.0,True
1984,36,19,73,72,-10.0,True
1984,36,20,73,72,-10.0,True
1984,36,21,72,72,0.0,True
1984,36,22,72,72,0.0,True
1984,36,23,72,72,0.0,True
1984,36,24,72,71,-10.0,True
1984,36,25,71,71,0.0,True
1984,36,26,71,71,0.0,True
1984,36,27,71,73,20.0,False
1984,36,28,71,70,-10.0,True
1984,36,29,70,71,10.0,True
1984,36,30,70,70,0.0,True
1984,36,31,70,70,0.0,True
1984,36,32,70,69,-10.0,True
1984,36,33,70,69,-10.0,True
1984,36,34,69,69,0.0,True
1984,36,35,69,68,-10.0,True
1984,36,36,69,68,-10.0,True
1984,36,37,69,68,-10.0,True
1984,36,38,68,67,-10.0,True
1984,36,39,68,69,10.0,True
1984,36,40,68,67,-10.0,True
1984,36,41,68,68,0.0,True
1984,36,42,67,68,10.0,True
1984,36,43,67,66,-10.0,True
1984,36,44,67,66,-10.0,True
1984,36,45,67,66,-10.0,True
1984,36,46,67,66,-10.0,True
1984,36,47,66,65,-10.0,True
1984,36,48,66,65,-10.0,True
1984,36,49,66,65,-10.0,True
1984,37,0,76,74,-20.0,False
1984,37,1,75,74,-10.0,True
1984,37,2,75,73,-20.0,False
1984,37,3,75,73,-20.0,False
1984,37,4,75,73,-20.0,False
1984,37,5,74,73,-10.0,True
1984,37,6,74,73,-10.0,True
1984,37,7,74,73,-10.0,True
1984,37,8,74,72,-20.0,False
1984,37,9,73,72,-10.0,True
1984,37,10,73,72,-10.0,True
1984,37,11,73,72,-10.0,True
1984,37,12,73,72,-10.0,True
1984,37,13,73,72,-10.0,True
1984,37,14,72,72,0.0,True
1984,37,15,72,72,0.0,True
1984,37,16,72,71,-10.0,True
1984,37,17,72,71,-10.0,True
1984,37,18,71,71,0.0,True
1984,37,19,71,71,0.0,True
1984,37,20,71,70,-10.0,True
1984,37,21,71,70,-10.0,True
1984,37,22,70,70,0.0,True
1984,37,23,70,70,0.0,True
1984,37,24,70,70,0.0,True
1984,37,25,70,69,-10.0,True
1984,37,26,70,69,-10.0,True
1984,37,27,69,69,0.0,True
1984,37,28,69,69,0.0,True
1984,37,29,69,69,0.0,True
1984,37,30,69,69,0.0,True
1984,37,31,68,69,10.0,True
1984,37,32,68,69,10.0,True
1984,37,33,68,69,10.0,True
1984,37,34,68,69,10.0,True
1984,37,35,67,68,10.0,True
1984,37,36,67,68,10.0,True
1984,37,37,67,68,10.0,True
1984,37,38,67,68,10.0,True
1984,37,39,67,68,10.0,True
1984,37,40,66,69,30.0,False
1984,37,41,66,68,20.0,True
1984,37,42,66,68,20.0,False
1984,37,43,66,68,20.0,False
1984,37,44,65,67,20.0,True
1984,37,45,65,67,20.0,True
1984,37,46,65,67,20.0,False
1984,37,47,65,67,20.0,False
1984,37,48,64,66,20.0,True
1984,37,49,64,66,20.0,True
1984,38,0,71,69,-20.0,False
1984,38,1,71,69,-20.0,False
1984,38,2,71,69,-20.0,False
1984,38,3,71,69,-20.0,False
1984,38,4,70,68,-20.0,False
1984,38,5,70,68,-20.0,False
1984,38,6,70,68,-20.0,False
1984,38,7,70,67,-30.0,False
1984,38,8,69,67,-20.0,False
1984,38,9,69,67,-20.0,False
1984,38,10,69,67,-20.0,False
1984,38,11,69,67,-20.0,False
1984,38,12,68,66,-20.0,False
1984,38,13,68,66,-20.0,False
1984,38,14,68,66,-20.0,False
1984,38,15,68,66,-20.0,False
1984,38,16,68,66,-20.0,False
1984,38,17,67,66,-10.0,True
1984,38,18,67,66,-10.0,True
1984,38,19,67,66,-10.0,True
1984,38,20,67,66,-10.0,True
1984,38,21,66,65,-10.0,True
1984,38,22,66,67,10.0,True
1984,38,23,66,66,0.0,True
1984,38,24,66,65,-10.0,True
1984,38,25,65,65,0.0,True
1984,38,26,65,65,0.0,True
1984,38,27,65,65,0.0,True
1984,38,28,65,65,0.0,True
1984,38,29,65,65,0.0,True
1984,38,30,64,65,10.0,True
1984,38,31,64,65,10.0,True
1984,38,32,64,65,10.0,True
1984,38,33,64,64,0.0,True
1984,38,34,63,64,10.0,True
1984,38,35,63,64,10.0,True
1984,38,36,63,64,10.0,True
1984,38,37,63,64,10.0,True
1984,38,38,63,64,10.0,True
1984,38,39,62,64,20.0,True
1984,38,40,62,63,10.0,True
1984,38,41,62,63,10.0,True
1984,38,42,62,63,10.0,True
1984,38,43,61,63,20.0,True
1984,38,44,61,63,20.0,True
1984,38,45,61,63,20.0,False
1984,38,46,61,63,20.0,False
1984,38,47,60,63,30.0,False
1984,38,48,60,63,30.0,False
1984,38,49,60,62,20.0,False
1984,39,0,60,57,-30.0,False
1984,39,1,60,57,-30.0,False
1984,39,2,59,57,-20.0,False
1984,39,3,59,57,-20.0,False
1984,39,4,59,56,-30.0,False
1984,39,5,59,56,-30.0,False
1984,39,6,58,56,-20.0,False
1984,39,7,58,56,-20.0,False
1984,39,8,58,56,-20.0,False
1984,39,9,58,56,-20.0,False
1984,39,10,57,56,-10.0,True
1984,39,11,57,56,-10.0,True
1984,39,12,57,56,-10.0,True
1984,39,13,57,55,-20.0,False
1984,39,14,57,55,-20.0,False
1984,39,15,56,55,-10.0,True
1984,39,16,56,55,-10.0,True
1984,39,17,56,55,-10.0,True
1984,39,18,56,55,-10.0,True
1984,39,19,56,55,-10.0,True
1984,39,20,55,55,0.0,True
1984,39,21,55,55,0.0,True
1984,39,22,55,55,0.0,True
1984,39,23,55,55,0.0,True
1984,39,24,55,55,0.0,True
1984,39,25,55,55,0.0,True
1984,39,26,54,55,10.0,True
1984,39,27,54,55,10.0,True
1984,39,28,54,55,10.0,True
1984,39,29,54,54,0.0,True
1984,39,30,54,54,0.0,True
1984,39,31,54,54,0.0,True
1984,39,32,54,54,0.0,True
1984,39,33,53,54,10.0,True
1984,39,34,53,54,10.0,True
1984,39,35,53,54,10.0,True
1984,39,36,53,54,10.0,True
1984,39,37,53,54,10.0,True
1984,39,38,53,54,10.0,True
1984,39,39,53,53,0.0,True
1984,39,40,53,53,0.0,True
1984,39,41,53,53,0.0,True
1984,39,42,53,53,0.0,True
1984,39,43,53,53,0.0,True
1984,39,44,53,53,0.0,True
1984,39,45,52,53,10.0,True
1984,39,46,52,53,10.0,True
1984,39,47,52,53,10.0,True
1984,39,48,52,53,10.0,True
1984,39,49,52,53,10.0,True
1984,40,0,52,51,-10.0,True
1984,40,1,52,51,-10.0,True
1984,40,2,52,51,-10.0,True
1984,40,3,52,51,-10.0,True
1984,40,4,52,51,-10.0,True
1984,40,5,52,50,-20.0,False
1984,40,6,52,51,-10.0,True
1984,40,7,51,51,0.0,True
1984,40,8,51,51,0.0,True
1984,40,9,51,51,0.0,True
1984,40,10,51,51,0.0,True
1984,40,11,51,51,0.0,True
1984,40,12,51,51,0.0,True
1984,40,13,51,51,0.0,True
1984,40,14,51,51,0.0,True
1984,40,15,51,51,0.0,True
1984,40,16,51,51,0.0,True
1984,40,17,51,51,0.0,True
1984,40,18,51,50,-10.0,True
1984,40,19,50,51,10.0,True
1984,40,20,50,51,10.0,True
1984,40,21,50,51,10.0,True
1984,40,22,50,50,0.0,True
1984,40,23,50,50,0.0,True
1984,40,24,50,50,0.0,True
1984,40,25,50,50,0.0,True
1984,40,26,50,50,0.0,True
1984,40,27,50,50,0.0,True
1984,40,28,50,50,0.0,True
1984,40,29,50,50,0.0,True
1984,40,30,50,50,0.0,True
1984,40,31,50,50,0.0,True
1984,40,32,49,50,10.0,True
1984,40,33,49,50,10.0,True
1984,40,34,49,50,10.0,True
1984,40,35,49,50,10.0,True
1984,40,36,49,50,10.0,True
1984,40,37,49,50,10.0,True
1984,40,38,49,50,10.0,True
1984,40,39,49,50,10.0,True
1984,40,40,49,49,0.0,True
1984,40,41,49,49,0.0,True
1984,40,42,49,49,0.0,True
1984,40,43,49,49,0.0,True
1984,40,44,48,49,10.0,True
1984,40,45,48,49,10.0,True
1984,40,46,48,49,10.0,True
1984,40,47,48,49,10.0,True
1984,40,48,48,49,10.0,True
1984,40,49,48,49,10.0,True
1984,41,0,48,47,-10.0,True
1984,41,1,48,47,-10.0,True
1984,41,2,48,47,-10.0,True
1984,41,3,48,47,-10.0,True
1984,41,4,48,47,-10.0,True
1984,41,5,48,47,-10.0,True
1984,41,6,48,47,-10.0,True
1984,41,7,47,47,0.0,True
1984,41,8,47,47,0.0,True
1984,41,9,47,47,0.0,True
1984,41,10,47,47,0.0,True
1984,41,11,47,47,0.0,True
1984,41,12,47,47,0.0,True
1984,41,13,47,47,0.0,True
1984,41,14,47,47,0.0,True
1984,41,15,47,46,-10.0,True
1984,41,16,47,47,0.0,True
1984,41,17,47,46,-10.0,True
1984,41,18,47,46,-10.0,True
1984,41,19,46,46,0.0,True
1984,41,20,46,46,0.0,True
1984,41,21,46,46,0.0,True
1984,41,22,46,46,0.0,True
1984,41,23,46,46,0.0,True
1984,41,24,46,46,0.0,True
1984,41,25,46,46,0.0,True
1984,41,26,46,46,0.0,True
1984,41,27,46,46,0.0,True
1984,41,28,46,46,0.0,True
1984,41,29,46,46,0.0,True
1984,41,30,46,46,0.0,True
1984,41,31,46,45,-10.0,True
1984,41,32,45,45,0.0,True
1984,41,33,45,45,0.0,True
1984,41,34,45,45,0.0,True
1984,41,35,45,45,0.0,True
1984,41,36,45,45,0.0,True
1984,41,37,45,45,0.0,True
1984,41,38,45,45,0.0,True
1984,41,39,45,45,0.0,True
1984,41,40,45,45,0.0,True
1984,41,41,45,45,0.0,True
1984,41,42,45,45,0.0,True
1984,41,43,45,45,0.0,True
1984,41,44,44,44,0.0,True
1984,41,45,44,44,0.0,True
1984,41,46,44,44,0.0,True
1984,41,47,44,44,0.0,True
1984,41,48,44,44,0.0,True
1984,41,49,44,44,0.0,True
1984,42,0,44,43,-10.0,True
1984,42,1,44,43,-10.0,True
1984,42,2,44,43,-10.0,True
1984,42,3,44,43,-10.0,True
1984,42,4,44,43,-10.0,True
1984,42,5,44,43,-10.0,True
1984,42,6,44,43,-10.0,True
1984,42,7,43,43,0.0,True
1984,42,8,43,43,0.0,True
1984,42,9,43,43,0.0,True
1984,42,10,43,43,0.0,True
1984,42,11,43,43,0.0,True
1984,42,12,43,43,0.0,True
1984,42,13,43,43,0.0,True
1984,42,14,43,42,-10.0,True
1984,42,15,43,42,-10.0,True
1984,42,16,43,42,-10.0,True
1984,42,17,43,42,-10.0,True
1984,42,18,43,42,-10.0,True
1984,42,19,42,42,0.0,True
1984,42,20,42,42,0.0,True
1984,42,21,42,42,0.0,True
1984,42,22,42,42,0.0,True
1984,42,23,42,42,0.0,True
1984,42,24,42,42,0.0,True
1984,42,25,42,42,0.0,True
1984,42,26,42,42,0.0,True
1984,42,27,42,42,0.0,True
1984,42,28,42,42,0.0,True
1984,42,29,42,42,0.0,True
1984,42,30,42,42,0.0,True
1984,42,31,42,42,0.0,True
1984,42,32,41,42,10.0,True
1984,42,33,41,42,10.0,True
1984,42,34,41,42,10.0,True
1984,42,35,41,42,10.0,True
1984,42,36,41,42,10.0,True
1984,42,37,41,42,10.0,True
1984,42,38,41,42,10.0,True
1984,42,39,41,42,10.0,True
1984,42,40,41,42,10.0,True
1984,42,41,41,42,10.0,True
1984,42,42,41,42,10.0,True
1984,42,43,41,42,10.0,True
1984,42,44,41,42,10.0,True
1984,42,45,40,42,20.0,True
1984,42,46,40,42,20.0,True
1984,42,47,40,42,20.0,True
1984,42,48,40,42,20.0,True
1984,42,49,40,42,20.0,False
1984,43,0,40,41,10.0,True
1984,43,1,40,40,0.0,True
1984,43,2,40,40,0.0,True
1984,43,3,40,40,0.0,True
1984,43,4,40,40,0.0,True
1984,43,5,40,40,0.0,True
1984,43,6,40,40,0.0,True
1984,43,7,40,40,0.0,True
1984,43,8,40,40,0.0,True
1984,43,9,39,40,10.0,True
1984,43,10,39,40,10.0,True
1984,43,11,39,40,10.0,True
1984,43,12,39,39,0.0,True
1984,43,13,39,39,0.0,True
1984,43,14,39,39,0.0,True
1984,43,15,39,39,0.0,True
1984,43,16,39,39,0.0,True
1984,43,17,39,39,0.0,True
1984,43,18,39,39,0.0,True
1984,43,19,39,39,0.0,True
1984,43,20,39,39,0.0,True
1984,43,21,39,39,0.0,True
1984,43,22,39,39,0.0,True
1984,43,23,39,38,-10.0,True
1984,43,24,39,38,-10.0,True
1984,43,25,38,38,0.0,True
1984,43,26,38,38,0.0,True
1984,43,27,38,38,0.0,True
1984,43,28,38,38,0.0,True
1984,43,29,38,38,0.0,True
1984,43,30,38,38,0.0,True
1984,43,31,38,38,0.0,True
1984,43,32,38,39,10.0,True
1984,43,33,38,38,0.0,True
1984,43,34,38,38,0.0,True
1984,43,35,38,38,0.0,True
1984,43,36,38,38,0.0,True
1984,43,37,38,38,0.0,True
1984,43,38,38,38,0.0,True
1984,43,39,38,38,0.0,True
1984,43,40,37,38,10.0,True
1984,43,41,37,38,10.0,True
1984,43,42,37,37,0.0,True
1984,43,43,37,37,0.0,True
1984,43,44,37,38,10.0,True
1984,43,45,37,37,0.0,True
1984,43,46,37,37,0.0,True
1984,43,47,37,38,10.0,True
1984,43,48,37,37,0.0,True
1984,43,49,37,37,0.0,True
1984,44,0,49,49,0.0,True
1984,44,1,49,49,0.0,True
1984,44,2,49,49,0.0,True
1984,44,3,49,49,0.0,True
1984,44,4,49,49,0.0,True
1984,44,5,49,49,0.0,True
1984,44,6,49,49,0.0,True
1984,44,7,49,49,0.0,True
1984,44,8,49,49,0.0,True
1984,44,9,49,49,0.0,True
1984,44,10,49,49,0.0,True
1984,44,11,49,49,0.0,True
1984,44,12,49,48,-10.0,True
1984,44,13,49,49,0.0,True
1984,44,14,49,49,0.0,True
1984,44,15,48,49,10.0,True
1984,44,16,48,48,0.0,True
1984,44,17,48,48,0.0,True
1984,44,18,48,48,0.0,True
1984,44,19,48,48,0.0,True
1984,44,20,48,48,0.0,True
1984,44,21,48,48,0.0,True
1984,44,22,48,48,0.0,True
1984,44,23,48,48,0.0,True
1984,44,24,48,48,0.0,True
1984,44,25,48,48,0.0,True
1984,44,26,48,48,0.0,True
1984,44,27,48,48,0.0,True
1984,44,28,48,47,-10.0,True
1984,44,29,47,47,0.0,True
1984,44,30,47,47,0.0,True
1984,44,31,47,47,0.0,True
1984,44,32,47,47,0.0,True
1984,44,33,47,47,0.0,True
1984,44,34,47,47,0.0,True
1984,44,35,47,47,0.0,True
1984,44,36,47,47,0.0,True
1984,44,37,47,47,0.0,True
1984,44,38,47,47,0.0,True
1984,44,39,47,47,0.0,True
1984,44,40,47,47,0.0,True
1984,44,41,47,47,0.0,True
1984,44,42,47,47,0.0,True
1984,44,43,47,47,0.0,True
1984,44,44,46,47,10.0,True
1984,44,45,46,47,10.0,True
1984,44,46,46,47,10.0,True
1984,44,47,46,47,10.0,True
1984,44,48,46,47,10.0,True
1984,44,49,46,47,10.0,True
1984,45,0,46,46,0.0,True
1984,45,1,46,46,0.0,True
1984,45,2,46,45,-10.0,True
1984,45,3,46,45,-10.0,True
1984,45,4,46,45,-10.0,True
1984,45,5,46,45,-10.0,True
1984,45,6,46,45,-10.0,True
1984,45,7,46,45,-10.0,True
1984,45,8,46,45,-10.0,True
1984,45,9,45,45,0.0,True
1984,45,10,45,45,0.0,True
1984,45,11,45,45,0.0,True
1984,45,12,45,45,0.0,True
1984,45,13,45,45,0.0,True
1984,45,14,45,45,0.0,True
1984,45,15,45,45,0.0,True
1984,45,16,45,45,0.0,True
1984,45,17,45,45,0.0,True
1984,45,18,45,44,-10.0,True
1984,45,19,45,45,0.0,True
1984,45,20,45,44,-10.0,True
1984,45,21,45,44,-10.0,True
1984,45,22,45,45,0.0,True
1984,45,23,45,45,0.0,True
1984,45,24,44,45,10.0,True
1984,45,25,44,45,10.0,True
1984,45,26,44,45,10.0,True
1984,45,27,44,45,10.0,True
1984,45,28,44,44,0.0,True
1984,45,29,44,44,0.0,True
1984,45,30,44,44,0.0,True
1984,45,31,44,44,0.0,True
1984,45,32,44,44,0.0,True
1984,45,33,44,44,0.0,True
1984,45,34,44,44,0.0,True
1984,45,35,44,45,10.0,True
1984,45,36,44,45,10.0,True
1984,45,37,44,45,10.0,True
1984,45,38,43,44,10.0,True
1984,45,39,43,44,10.0,True
1984,45,40,43,44,10.0,True
1984,45,41,43,44,10.0,True
1984,45,42,43,44,10.0,True
1984,45,43,43,43,0.0,True
1984,45,44,43,44,10.0,True
1984,45,45,43,43,0.0,True
1984,45,46,43,43,0.0,True
1984,45,47,43,43,0.0,True
1984,45,48,43,43,0.0,True
1984,45,49,43,43,0.0,True
1984,46,0,43,42,-10.0,True
1984,46,1,43,42,-10.0,True
1984,46,2,43,42,-10.0,True
1984,46,3,43,42,-10.0,True
1984,46,4,43,42,-10.0,True
1984,46,5,42,42,0.0,True
1984,46,6,42,42,0.0,True
1984,46,7,42,42,0.0,True
1984,46,8,42,42,0.0,True
1984,46,9,42,42,0.0,True
1984,46,10,42,42,0.0,True
1984,46,11,42,42,0.0,True
1984,46,12,42,42,0.0,True
1984,46,13,42,41,-10.0,True
1984,46,14,42,41,-10.0,True
1984,46,15,42,42,0.0,True
1984,46,16,42,42,0.0,True
1984,46,17,42,42,0.0,True
1984,46,18,42,44,20.0,False
1984,46,19,42,42,0.0,True
1984,46,20,41,41,0.0,True
1984,46,21,41,41,0.0,True
1984,46,22,41,41,0.0,True
1984,46,23,41,41,0.0,True
1984,46,24,41,45,40.0,False
1984,46,25,41,41,0.0,True
1984,46,26,41,41,0.0,True
1984,46,27,41,42,10.0,True
1984,46,28,41,44,30.0,False
1984,46,29,41,44,30.0,False
1984,46,30,41,43,20.0,False
1984,46,31,41,44,30.0,False
1984,46,32,41,44,30.0,False
1984,46,33,41,44,30.0,False
1984,46,34,40,41,10.0,True
1984,46,35,40,42,20.0,True
1984,46,36,40,44,40.0,False
1984,46,37,40,44,40.0,False
1984,46,38,40,40,0.0,True
1984,46,39,40,42,20.0,False
1984,46,40,40,43,30.0,False
1984,46,41,40,43,30.0,False
1984,46,42,40,43,30.0,False
1984,46,43,40,41,10.0,True
1984,46,44,40,43,30.0,False
1984,46,45,40,40,0.0,True
1984,46,46,40,39,-10.0,True
1984,46,47,40,41,10.0,True
1984,46,48,40,41,10.0,True
1984,46,49,39,39,0.0,True
1984,47,0,39,39,0.0,True
1984,47,1,39,39,0.0,True
1984,47,2,39,39,0.0,True
1984,47,3,39,39,0.0,True
1984,47,4,39,39,0.0,True
1984,47,5,39,39,0.0,True
1984,47,6,39,39,0.0,True
1984,47,7,39,39,0.0,True
1984,47,8,39,39,0.0,True
1984,47,9,39,39,0.0,True
1984,47,10,39,38,-10.0,True
1984,47,11,39,38,-10.0,True
1984,47,12,39,38,-10.0,True
1984,47,13,39,38,-10.0,True
1984,47,14,38,38,0.0,True
1984,47,15,38,38,0.0,True
1984,47,16,38,38,0.0,True
1984,47,17,38,38,0.0,True
1984,47,18,38,38,0.0,True
1984,47,19,38,38,0.0,True
1984,47,20,38,37,-10.0,True
1984,47,21,38,38,0.0,True
1984,47,22,38,38,0.0,True
1984,47,23,38,37,-10.0,True
1984,47,24,38,37,-10.0,True
1984,47,25,38,37,-10.0,True
1984,47,26,38,37,-10.0,True
1984,47,27,38,37,-10.0,True
1984,47,28,38,37,-10.0,True
1984,47,29,37,37,0.0,True
1984,47,30,37,37,0.0,True
1984,47,31,37,37,0.0,True
1984,47,32,37,37,0.0,True
1984,47,33,37,37,0.0,True
1984,47,34,37,37,0.0,True
1984,47,35,37,37,0.0,True
1984,47,36,37,37,0.0,True
1984,47,37,37,37,0.0,True
1984,47,38,37,37,0.0,True
1984,47,39,37,37,0.0,True
1984,47,40,37,36,-10.0,True
1984,47,41,37,36,-10.0,True
1984,47,42,37,36,-10.0,True
1984,47,43,37,36,-10.0,True
1984,47,44,37,36,-10.0,True
1984,47,45,36,36,0.0,True
1984,47,46,36,36,0.0,True
1984,47,47,36,36,0.0,True
1984,47,48,36,36,0.0,True
1984,47,49,36,36,0.0,True
1984,48,0,50,48,-20.0,False
1984,48,1,50,48,-20.0,False
1984,48,2,50,48,-20.0,False
1984,48,3,50,48,-20.0,False
1984,48,4,50,48,-20.0,False
1984,48,5,50,47,-30.0,False
1984,48,6,50,47,-30.0,False
1984,48,7,50,47,-30.0,False
1984,48,8,49,47,-20.0,False
1984,48,9,49,47,-20.0,False
1984,48,10,49,47,-20.0,False
1984,48,11,49,47,-20.0,False
1984,48,12,49,50,10.0,True
1984,48,13,49,48,-10.0,True
1984,48,14,49,48,-10.0,True
1984,48,15,49,52,30.0,False
1984,48,16,49,52,30.0,False
1984,48,17,49,52,30.0,False
1984,48,18,49,52,30.0,False
1984,48,19,49,52,30.0,False
1984,48,20,49,48,-10.0,True
1984,48,21,49,47,-20.0,False
1984,48,22,49,47,-20.0,False
1984,48,23,49,47,-20.0,False
1984,48,24,48,47,-10.0,True
1984,48,25,48,47,-10.0,True
1984,48,26,48,47,-10.0,True
1984,48,27,48,48,0.0,True
1984,48,28,48,48,0.0,True
1984,48,29,48,48,0.0,True
1984,48,30,48,48,0.0,True
1984,48,31,48,48,0.0,True
1984,48,32,48,48,0.0,True
1984,48,33,48,48,0.0,True
1984,48,34,48,48,0.0,True
1984,48,35,48,48,0.0,True
1984,48,36,48,48,0.0,True
1984,48,37,48,47,-10.0,True
1984,48,38,48,47,-10.0,True
1984,48,39,47,48,10.0,True
1984,48,40,47,49,20.0,True
1984,48,41,47,48,10.0,True
1984,48,42,47,48,10.0,True
1984,48,43,47,49,20.0,False
1984,48,44,47,49,20.0,False
1984,48,45,47,49,20.0,False
1984,48,46,47,48,10.0,True
1984,48,47,47,49,20.0,False
1984,48,48,47,49,20.0,False
1984,48,49,47,49,20.0,False
1984,49,0,53,55,20.0,True
1984,49,1,53,56,30.0,False
1984,49,2,53,56,30.0,False
1984,49,3,53,56,30.0,False
1984,49,4,53,55,20.0,False
1984,49,5,53,55,20.0,False
1984,49,6,53,56,30.0,False
1984,49,7,53,55,20.0,False
1984,49,8,53,56,30.0,False
1984,49,9,53,55,20.0,False
1984,49,10,53,55,20.0,False
1984,49,11,53,55,20.0,False
1984,49,12,53,55,20.0,False
1984,49,13,53,54,10.0,True
1984,49,14,53,53,0.0,True
1984,49,15,52,53,10.0,True
1984,49,16,52,52,0.0,True
1984,49,17,52,52,0.0,True
1984,49,18,52,52,0.0,True
1984,49,19,52,52,0.0,True
1984,49,20,52,52,0.0,True
1984,49,21,52,52,0.0,True
1984,49,22,52,52,0.0,True
1984,49,23,52,52,0.0,True
1984,49,24,52,52,0.0,True
1984,49,25,52,52,0.0,True
1984,49,26,52,51,-10.0,True
1984,49,27,52,51,-10.0,True
1984,49,28,52,51,-10.0,True
1984,49,29,52,51,-10.0,True
1984,49,30,51,51,0.0,True
1984,49,31,51,51,0.0,True
1984,49,32,51,51,0.0,True
1984,49,33,51,51,0.0,True
1984,49,34,51,51,0.0,True
1984,49,35,51,51,0.0,True
1984,49,36,51,51,0.0,True
1984,49,37,51,51,0.0,True
1984,49,38,51,51,0.0,True
1984,49,39,51,51,0.0,True
1984,49,40,51,52,10.0,True
1984,49,41,51,51,0.0,True
1984,49,42,51,52,10.0,True
1984,49,43,51,51,0.0,True
1984,49,44,51,51,0.0,True
1984,49,45,50,51,10.0,True
1984,49,46,50,51,10.0,True
1984,49,47,50,51,10.0,True
1984,49,48,50,51,10.0,True
1984,49,49,50,51,10.0,True
1984,50,0,50,49,-10.0,True
1984,50,1,50,49,-10.0,True
1984,50,2,50,49,-10.0,True
1984,50,3,50,49,-10.0,True
1984,50,4,50,49,-10.0,True
1984,50,5,50,49,-10.0,True
1984,50,6,50,49,-10.0,True
1984,50,7,50,50,0.0,True
1984,50,8,50,50,0.0,True
1984,50,9,50,51,10.0,True
1984,50,10,49,51,20.0,True
1984,50,11,49,51,20.0,True
1984,50,12,49,50,10.0,True
1984,50,13,49,49,0.0,True
1984,50,14,49,49,0.0,True
1984,50,15,49,49,0.0,True
1984,50,16,49,49,0.0,True
1984,50,17,49,49,0.0,True
1984,50,18,49,49,0.0,True
1984,50,19,49,49,0.0,True
1984,50,20,49,49,0.0,True
1984,50,21,49,49,0.0,True
1984,50,22,49,49,0.0,True
1984,50,23,49,49,0.0,True
1984,50,24,49,49,0.0,True
1984,50,25,48,48,0.0,True
1984,50,26,48,47,-10.0,True
1984,50,27,48,47,-10.0,True
1984,50,28,48,47,-10.0,True
1984,50,29,48,46,-20.0,False
1984,50,30,48,46,-20.0,False
1984,50,31,48,46,-20.0,False
1984,50,32,48,46,-20.0,False
1984,50,33,48,46,-20.0,False
1984,50,34,48,46,-20.0,False
1984,50,35,48,47,-10.0,True
1984,50,36,48,47,-10.0,True
1984,50,37,48,47,-10.0,True
1984,50,38,48,46,-20.0,False
1984,50,39,48,46,-20.0,False
1984,50,40,48,46,-20.0,False
1984,50,41,47,46,-10.0,True
1984,50,42,47,47,0.0,True
1984,50,43,47,47,0.0,True
1984,50,44,47,47,0.0,True
1984,50,45,47,46,-10.0,True
1984,50,46,47,47,0.0,True
1984,50,47,47,47,0.0,True
1984,50,48,47,47,0.0,True
1984,50,49,47,47,0.0,True
1984,51,0,47,48,10.0,True
1984,51,1,47,48,10.0,True
1984,51,2,47,47,0.0,True
1984,51,3,47,48,10.0,True
1984,51,4,47,48,10.0,True
1984,51,5,46,46,0.0,True
1984,51,6,46,47,10.0,True
1984,51,7,46,46,0.0,True
1984,51,8,46,47,10.0,True
1984,51,9,46,47,10.0,True
1984,51,10,46,47,10.0,True
1984,51,11,46,46,0.0,True
1984,51,12,46,46,0.0,True
1984,51,13,46,46,0.0,True
1984,51,14,46,46,0.0,True
1984,51,15,46,45,-10.0,True
1984,51,16,46,46,0.0,True
1984,51,17,46,45,-10.0,True
1984,51,18,45,45,0.0,True
1984,51,19,45,45,0.0,True
1984,51,20,45,45,0.0,True
1984,51,21,45,45,0.0,True
1984,51,22,45,45,0.0,True
1984,51,23,45,45,0.0,True
1984,51,24,45,45,0.0,True
1984,51,25,45,45,0.0,True
1984,51,26,45,45,0.0,True
1984,51,27,45,45,0.0,True
1984,51,28,45,45,0.0,True
1984,51,29,45,45,0.0,True
1984,51,30,45,44,-10.0,True
1984,51,31,45,44,-10.0,True
1984,51,32,45,44,-10.0,True
1984,51,33,45,43,-20.0,False
1984,51,34,45,43,-20.0,False
1984,51,35,44,44,0.0,True
1984,51,36,44,43,-10.0,True
1984,51,37,44,43,-10.0,True
1984,51,38,44,43,-10.0,True
1984,51,39,44,43,-10.0,True
1984,51,40,44,42,-20.0,False
1984,51,41,44,42,-20.0,False
1984,51,42,44,42,-20.0,False
1984,51,43,44,42,-20.0,False
1984,51,44,44,42,-20.0,False
1984,51,45,44,42,-20.0,False
1984,51,46,44,41,-30.0,False
1984,51,47,44,42,-20.0,False
1984,51,48,44,42,-20.0,False
1984,51,49,44,42,-20.0,False
1984,52,0,49,45,-40.0,False
1984,52,1,49,44,-50.0,False
1984,52,2,49,49,0.0,True
1984,52,3,49,49,0.0,True
1984,52,4,49,49,0.0,True
1984,52,5,49,49,0.0,True
1984,52,6,49,49,0.0,True
1984,52,7,49,49,0.0,True
1984,52,8,49,49,0.0,True
1984,52,9,49,49,0.0,True
1984,52,10,49,49,0.0,True
1984,52,11,49,49,0.0,True
1984,52,12,49,49,0.0,True
1984,52,13,49,49,0.0,True
1984,52,14,49,49,0.0,True
1984,52,15,48,48,0.0,True
1984,52,16,48,47,-10.0,True
1984,52,17,48,49,10.0,True
1984,52,18,48,48,0.0,True
1984,52,19,48,47,-10.0,True
1984,52,20,48,48,0.0,True
1984,52,21,48,48,0.0,True
1984,52,22,48,42,-60.0,False
1984,52,23,48,42,-60.0,False
1984,52,24,48,46,-20.0,False
1984,52,25,48,46,-20.0,False
1984,52,26,48,46,-20.0,False
1984,52,27,48,46,-20.0,False
1984,52,28,48,46,-20.0,False
1984,52,29,47,46,-10.0,True
1984,52,30,47,48,10.0,True
1984,52,31,47,46,-10.0,True
1984,52,32,47,45,-20.0,False
1984,52,33,47,45,-20.0,False
1984,52,34,47,46,-10.0,True
1984,52,35,47,45,-20.0,False
1984,52,36,47,45,-20.0,False
1984,52,37,47,45,-20.0,False
1984,52,38,47,45,-20.0,False
1984,52,39,46,47,10.0,True
1984,52,40,46,47,10.0,True
1984,52,41,46,44,-20.0,False
1984,52,42,46,47,10.0,True
1984,52,43,46,47,10.0,True
1984,52,44,46,44,-20.0,False
1984,52,45,46,44,-20.0,False
1984,52,46,46,44,-20.0,False
1984,52,47,46,44,-20.0,False
1984,52,48,45,46,10.0,True
1984,52,49,45,46,10.0,True
1984,53,0,51,51,0.0,True
1984,53,1,51,51,0.0,True
1984,53,2,51,51,0.0,True
1984,53,3,51,52,10.0,True
1984,53,4,51,51,0.0,True
1984,53,5,51,51,0.0,True
1984,53,6,51,51,0.0,True
1984,53,7,51,51,0.0,True
1984,53,8,51,51,0.0,True
1984,53,9,50,50,0.0,True
1984,53,10,50,50,0.0,True
1984,53,11,50,50,0.0,True
1984,53,12,50,50,0.0,True
1984,53,13,50,50,0.0,True
1984,53,14,50,50,0.0,True
1984,53,15,50,51,10.0,True
1984,53,16,50,50,0.0,True
1984,53,17,50,50,0.0,True
1984,53,18,49,49,0.0,True
1984,53,19,49,49,0.0,True
1984,53,20,49,49,0.0,True
1984,53,21,49,49,0.0,True
1984,53,22,49,49,0.0,True
1984,53,23,49,50,10.0,True
1984,53,24,49,49,0.0,True
1984,53,25,49,49,0.0,True
1984,53,26,49,49,0.0,True
1984,53,27,48,49,10.0,True
1984,53,28,48,48,0.0,True
1984,53,29,48,48,0.0,True
1984,53,30,48,49,10.0,True
1984,53,31,48,49,10.0,True
1984,53,32,48,49,10.0,True
1984,53,33,48,49,10.0,True
1984,53,34,48,49,10.0,True
1984,53,35,48,49,10.0,True
1984,53,36,47,47,0.0,True
1984,53,37,47,48,10.0,True
1984,53,38,47,48,10.0,True
1984,53,39,47,48,10.0,True
1984,53,40,47,49,20.0,False
1984,53,41,47,47,0.0,True
1984,53,42,47,47,0.0,True
1984,53,43,47,46,-10.0,True
1984,53,44,47,46,-10.0,True
1984,53,45,46,46,0.0,True
1984,53,46,46,47,10.0,True
1984,53,47,46,46,0.0,True
1984,53,48,46,46,0.0,True
1984,53,49,46,45,-10.0,True
1984,54,0,46,46,0.0,True
1984,54,1,46,46,0.0,True
1984,54,2,46,46,0.0,True
1984,54,3,46,46,0.0,True
1984,54,4,45,46,10.0,True
1984,54,5,45,46,10.0,True
1984,54,6,45,45,0.0,True
1984,54,7,45,45,0.0,True
1984,54,8,45,45,0.0,True
1984,54,9,45,45,0.0,True
1984,54,10,45,45,0.0,True
1984,54,11,45,45,0.0,True
1984,54,12,45,45,0.0,True
1984,54,13,45,45,0.0,True
1984,54,14,44,45,10.0,True
1984,54,15,44,44,0.0,True
1984,54,16,44,44,0.0,True
1984,54,17,44,44,0.0,True
1984,54,18,44,44,0.0,True
1984,54,19,44,45,10.0,True
1984,54,20,44,45,10.0,True
1984,54,21,44,46,20.0,False
1984,54,22,44,44,0.0,True
1984,54,23,43,44,10.0,True
1984,54,24,43,45,20.0,True
1984,54,25,43,45,20.0,True
1984,54,26,43,44,10.0,True
1984,54,27,43,44,10.0,True
1984,54,28,43,43,0.0,True
1984,54,29,43,43,0.0,True
1984,54,30,43,42,-10.0,True
1984,54,31,43,42,-10.0,True
1984,54,32,42,42,0.0,True
1984,54,33,42,42,0.0,True
1984,54,34,42,42,0.0,True
1984,54,35,42,42,0.0,True
1984,54,36,42,42,0.0,True
1984,54,37,42,42,0.0,True
1984,54,38,42,42,0.0,True
1984,54,39,42,42,0.0,True
1984,54,40,42,43,10.0,True
1984,54,41,41,41,0.0,True
1984,54,42,41,41,0.0,True
1984,54,43,41,41,0.0,True
1984,54,44,41,41,0.0,True
1984,54,45,41,41,0.0,True
1984,54,46,41,40,-10.0,True
1984,54,47,41,40,-10.0,True
1984,54,48,41,40,-10.0,True
1984,54,49,41,40,-10.0,True
1984,55,0,56,56,0.0,True
1984,55,1,55,56,10.0,True
1984,55,2,55,56,10.0,True
1984,55,3,55,56,10.0,True
1984,55,4,55,58,30.0,False
1984,55,5,55,57,20.0,False
1984,55,6,55,57,20.0,False
1984,55,7,55,56,10.0,True
1984,55,8,55,56,10.0,True
1984,55,9,55,55,0.0,True
1984,55,10,54,55,10.0,True
1984,55,11,54,54,0.0,True
1984,55,12,54,54,0.0,True
1984,55,13,54,54,0.0,True
1984,55,14,54,54,0.0,True
1984,55,15,54,55,10.0,True
1984,55,16,54,54,0.0,True
1984,55,17,54,54,0.0,True
1984,55,18,54,54,0.0,True
1984,55,19,53,54,10.0,True
1984,55,20,53,54,10.0,True
1984,55,21,53,54,10.0,True
1984,55,22,53,54,10.0,True
1984,55,23,53,54,10.0,True
1984,55,24,53,53,0.0,True
1984,55,25,53,54,10.0,True
1984,55,26,53,52,-10.0,True
1984,55,27,53,53,0.0,True
1984,55,28,52,53,10.0,True
1984,55,29,52,52,0.0,True
1984,55,30,52,52,0.0,True
1984,55,31,52,52,0.0,True
1984,55,32,52,52,0.0,True
1984,55,33,52,52,0.0,True
1984,55,34,52,52,0.0,True
1984,55,35,52,52,0.0,True
1984,55,36,52,51,-10.0,True
1984,55,37,51,51,0.0,True
1984,55,38,51,51,0.0,True
1984,55,39,51,51,0.0,True
1984,55,40,51,51,0.0,True
1984,55,41,51,51,0.0,True
1984,55,42,51,50,-10.0,True
1984,55,43,51,50,-10.0,True
1984,55,44,51,50,-10.0,True
1984,55,45,51,50,-10.0,True
1984,55,46,50,50,0.0,True
1984,55,47,50,50,0.0,True
1984,55,48,50,49,-10.0,True
1984,55,49,50,49,-10.0,True
1984,56,0,52,53,10.0,True
1984,56,1,52,53,10.0,True
1984,56,2,52,53,10.0,True
1984,56,3,52,53,10.0,True
1984,56,4,52,53,10.0,True
1984,56,5,52,52,0.0,True
1984,56,6,51,52,10.0,True
1984,56,7,51,52,10.0,True
1984,56,8,51,52,10.0,True
1984,56,9,51,52,10.0,True
1984,56,10,51,52,10.0,True
1984,56,11,51,51,0.0,True
1984,56,12,51,51,0.0,True
1984,56,13,51,51,0.0,True
1984,56,14,51,51,0.0,True
1984,56,15,50,51,10.0,True
1984,56,16,50,51,10.0,True
1984,56,17,50,51,10.0,True
1984,56,18,50,50,0.0,True
1984,56,19,50,50,0.0,True
1984,56,20,50,50,0.0,True
1984,56,21,50,50,0.0,True
1984,56,22,50,50,0.0,True
1984,56,23,50,50,0.0,True
1984,56,24,50,50,0.0,True
1984,56,25,49,49,0.0,True
1984,56,26,49,49,0.0,True
1984,56,27,49,49,0.0,True
1984,56,28,49,50,10.0,True
1984,56,29,49,49,0.0,True
1984,56,30,49,49,0.0,True
1984,56,31,49,48,-10.0,True
1984,56,32,49,48,-10.0,True
1984,56,33,49,48,-10.0,True
1984,56,34,48,48,0.0,True
1984,56,35,48,48,0.0,True
1984,56,36,48,48,0.0,True
1984,56,37,48,48,0.0,True
1984,56,38,48,48,0.0,True
1984,56,39,48,48,0.0,True
1984,56,40,48,48,0.0,True
1984,56,41,48,47,-10.0,True
1984,56,42,48,47,-10.0,True
1984,56,43,47,47,0.0,True
1984,56,44,47,47,0.0,True
1984,56,45,47,47,0.0,True
1984,56,46,47,47,0.0,True
1984,56,47,47,46,-10.0,True
1984,56,48,47,46,-10.0,True
1984,56,49,47,46,-10.0,True
1984,57,0,57,58,10.0,True
1984,57,1,57,58,10.0,True
1984,57,2,56,58,20.0,True
1984,57,3,56,58,20.0,True
1984,57,4,56,58,20.0,True
1984,57,5,56,57,10.0,True
1984,57,6,56,57,10.0,True
1984,57,7,56,57,10.0,True
1984,57,8,56,57,10.0,True
1984,57,9,56,57,10.0,True
1984,57,10,56,56,0.0,True
1984,57,11,55,56,10.0,True
1984,57,12,55,56,10.0,True
1984,57,13,55,56,10.0,True
1984,57,14,55,56,10.0,True
1984,57,15,55,55,0.0,True
1984,57,16,55,55,0.0,True
1984,57,17,55,55,0.0,True
1984,57,18,55,55,0.0,True
1984,57,19,55,54,-10.0,True
1984,57,20,54,54,0.0,True
1984,57,21,54,54,0.0,True
1984,57,22,54,54,0.0,True
1984,57,23,54,54,0.0,True
1984,57,24,54,54,0.0,True
1984,57,25,54,54,0.0,True
1984,57,26,54,53,-10.0,True
1984,57,27,54,53,-10.0,True
1984,57,28,54,53,-10.0,True
1984,57,29,54,53,-10.0,True
1984,57,30,53,53,0.0,True
1984,57,31,53,53,0.0,True
1984,57,32,53,53,0.0,True
1984,57,33,53,52,-10.0,True
1984,57,34,53,52,-10.0,True
1984,57,35,53,52,-10.0,True
1984,57,36,53,52,-10.0,True
1984,57,37,53,52,-10.0,True
1984,57,38,53,52,-10.0,True
1984,57,39,52,52,0.0,True
1984,57,40,52,51,-10.0,True
1984,57,41,52,51,-10.0,True
1984,57,42,52,51,-10.0,True
1984,57,43,52,51,-10.0,True
1984,57,44,52,51,-10.0,True
1984,57,45,52,51,-10.0,True
1984,57,46,52,51,-10.0,True
1984,57,47,52,50,-20.0,False
1984,57,48,51,50,-10.0,True
1984,57,49,51,50,-10.0,True
1984,58,0,51,53,20.0,False
1984,58,1,51,53,20.0,False
1984,58,2,51,53,20.0,False
1984,58,3,51,52,10.0,True
1984,58,4,51,52,10.0,True
1984,58,5,51,52,10.0,True
1984,58,6,51,52,10.0,True
1984,58,7,50,52,20.0,True
1984,58,8,50,52,20.0,True
1984,58,9,50,52,20.0,True
1984,58,10,50,51,10.0,True
1984,58,11,50,51,10.0,True
1984,58,12,50,51,10.0,True
1984,58,13,50,51,10.0,True
1984,58,14,50,51,10.0,True
1984,58,15,50,50,0.0,True
1984,58,16,49,50,10.0,True
1984,58,17,49,50,10.0,True
1984,58,18,49,50,10.0,True
1984,58,19,49,50,10.0,True
1984,58,20,49,50,10.0,True
1984,58,21,49,50,10.0,True
1984,58,22,49,49,0.0,True
1984,58,23,49,49,0.0,True
1984,58,24,49,49,0.0,True
1984,58,25,48,49,10.0,True
1984,58,26,48,48,0.0,True
1984,58,27,48,48,0.0,True
1984,58,28,48,48,0.0,True
1984,58,29,48,48,0.0,True
1984,58,30,48,48,0.0,True
1984,58,31,48,47,-10.0,True
1984,58,32,48,47,-10.0,True
1984,58,33,48,47,-10.0,True
1984,58,34,47,47,0.0,True
1984,58,35,47,47,0.0,True
1984,58,36,47,47,0.0,True
1984,58,37,47,47,0.0,True
1984,58,38,47,46,-10.0,True
1984,58,39,47,46,-10.0,True
1984,58,40,47,46,-10.0,True
1984,58,41,47,46,-10.0,True
1984,58,42,47,46,-10.0,True
1984,58,43,46,46,0.0,True
1984,58,44,46,45,-10.0,True
1984,58,45,46,45,-10.0,True
1984,58,46,46,45,-10.0,True
1984,58,47,46,45,-10.0,True
1984,58,48,46,45,-10.0,True
1984,58,49,46,45,-10.0,True
1984,59,0,46,47,10.0,True
1984,59,1,46,47,10.0,True
1984,59,2,45,47,20.0,True
1984,59,3,45,47,20.0,True
1984,59,4,45,47,20.0,True
1984,59,5,45,47,20.0,False
1984,59,6,45,46,10.0,True
1984,59,7,45,46,10.0,True
1984,59,8,45,46,10.0,True
1984,59,9,45,46,10.0,True
1984,59,10,45,46,10.0,True
1984,59,11,45,46,10.0,True
1984,59,12,44,45,10.0,True
1984,59,13,44,45,10.0,True
1984,59,14,44,46,20.0,True
1984,59,15,44,44,0.0,True
1984,59,16,44,45,10.0,True
1984,59,17,44,44,0.0,True
1984,59,18,44,44,0.0,True
1984,59,19,44,44,0.0,True
1984,59,20,44,43,-10.0,True
1984,59,21,43,43,0.0,True
1984,59,22,43,43,0.0,True
1984,59,23,43,43,0.0,True
1984,59,24,43,43,0.0,True
1984,59,25,43,43,0.0,True
1984,59,26,43,43,0.0,True
1984,59,27,43,43,0.0,True
1984,59,28,43,42,-10.0,True
1984,59,29,43,42,-10.0,True
1984,59,30,42,42,0.0,True
1984,59,31,42,42,0.0,True
1984,59,32,42,42,0.0,True
1984,59,33,42,42,0.0,True
1984,59,34,42,41,-10.0,True
1984,59,35,42,41,-10.0,True
1984,59,36,42,41,-10.0,True
1984,59,37,42,41,-10.0,True
1984,59,38,42,41,-10.0,True
1984,59,39,41,41,0.0,True
1984,59,40,41,40,-10.0,True
1984,59,41,41,40,-10.0,True
1984,59,42,41,40,-10.0,True
1984,59,43,41,40,-10.0,True
1984,59,44,41,40,-10.0,True
1984,59,45,41,39,-20.0,False
1984,59,46,41,39,-20.0,False
1984,59,47,41,39,-20.0,False
1984,59,48,40,39,-10.0,True
1984,59,49,40,39,-10.0,True
1984,60,0,64,66,20.0,False
1984,60,1,64,66,20.0,False
1984,60,2,64,66,20.0,False
1984,60,3,64,65,10.0,True
1984,60,4,63,65,20.0,True
1984,60,5,63,65,20.0,True
1984,60,6,63,64,10.0,True
1984,60,7,63,64,10.0,True
1984,60,8,63,64,10.0,True
1984,60,9,63,64,10.0,True
1984,60,10,63,64,10.0,True
1984,60,11,63,64,10.0,True
1984,60,12,63,63,0.0,True
1984,60,13,62,63,10.0,True
1984,60,14,62,63,10.0,True
1984,60,15,62,62,0.0,True
1984,60,16,62,62,0.0,True
1984,60,17,62,62,0.0,True
1984,60,18,62,62,0.0,True
1984,60,19,62,62,0.0,True
1984,60,20,62,62,0.0,True
1984,60,21,62,61,-10.0,True
1984,60,22,61,61,0.0,True
1984,60,23,61,61,0.0,True
1984,60,24,61,61,0.0,True
1984,60,25,61,61,0.0,True
1984,60,26,61,61,0.0,True
1984,60,27,61,61,0.0,True
1984,60,28,61,60,-10.0,True
1984,60,29,61,60,-10.0,True
1984,60,30,61,59,-20.0,False
1984,60,31,60,59,-10.0,True
1984,60,32,60,59,-10.0,True
1984,60,33,60,59,-10.0,True
1984,60,34,60,59,-10.0,True
1984,60,35,60,58,-20.0,False
1984,60,36,60,58,-20.0,False
1984,60,37,60,58,-20.0,False
1984,60,38,60,58,-20.0,False
1984,60,39,59,58,-10.0,True
1984,60,40,59,57,-20.0,False
1984,60,41,59,57,-20.0,False
1984,60,42,59,57,-20.0,False
1984,60,43,59,57,-20.0,False
1984,60,44,59,57,-20.0,False
1984,60,45,58,57,-10.0,True
1984,60,46,58,56,-20.0,False
1984,60,47,58,56,-20.0,False
1984,60,48,58,56,-20.0,False
1984,60,49,58,56,-20.0,False
1984,61,0,71,72,10.0,True
1984,61,1,71,72,10.0,True
1984,61,2,71,72,10.0,True
1984,61,3,71,72,10.0,True
1984,61,4,71,71,0.0,True
1984,61,5,70,71,10.0,True
1984,61,6,70,70,0.0,True
1984,61,7,70,70,0.0,True
1984,61,8,70,70,0.0,True
1984,61,9,70,70,0.0,True
1984,61,10,70,73,30.0,False
1984,61,11,69,70,10.0,True
1984,61,12,69,70,10.0,True
1984,61,13,69,70,10.0,True
1984,61,14,69,69,0.0,True
1984,61,15,69,69,0.0,True
1984,61,16,69,69,0.0,True
1984,61,17,68,69,10.0,True
1984,61,18,68,69,10.0,True
1984,61,19,68,69,10.0,True
1984,61,20,68,69,10.0,True
1984,61,21,68,67,-10.0,True
1984,61,22,68,68,0.0,True
1984,61,23,67,66,-10.0,True
1984,61,24,67,67,0.0,True
1984,61,25,67,67,0.0,True
1984,61,26,67,67,0.0,True
1984,61,27,67,67,0.0,True
1984,61,28,67,66,-10.0,True
1984,61,29,66,66,0.0,True
1984,61,30,66,66,0.0,True
1984,61,31,66,66,0.0,True
1984,61,32,66,65,-10.0,True
1984,61,33,66,65,-10.0,True
1984,61,34,66,65,-10.0,True
1984,61,35,65,65,0.0,True
1984,61,36,65,65,0.0,True
1984,61,37,65,65,0.0,True
1984,61,38,65,65,0.0,True
1984,61,39,65,64,-10.0,True
1984,61,40,64,64,0.0,True
1984,61,41,64,64,0.0,True
1984,61,42,64,64,0.0,True
1984,61,43,64,64,0.0,True
1984,61,44,64,63,-10.0,True
1984,61,45,64,63,-10.0,True
1984,61,46,63,63,0.0,True
1984,61,47,63,63,0.0,True
1984,61,48,63,63,0.0,True
1984,61,49,63,63,0.0,True
1984,62,0,67,68,10.0,True
1984,62,1,67,66,-10.0,True
1984,62,2,66,68,20.0,True
1984,62,3,66,68,20.0,True
1984,62,4,66,66,0.0,True
1984,62,5,66,67,10.0,True
1984,62,6,66,67,10.0,True
1984,62,7,66,67,10.0,True
1984,62,8,65,65,0.0,True
1984,62,9,65,66,10.0,True
1984,62,10,65,64,-10.0,True
1984,62,11,65,66,10.0,True
1984,62,12,65,66,10.0,True
1984,62,13,64,66,20.0,True
1984,62,14,64,66,20.0,True
1984,62,15,64,66,20.0,True
1984,62,16,64,65,10.0,True
1984,62,17,64,65,10.0,True
1984,62,18,64,65,10.0,True
1984,62,19,63,65,20.0,True
1984,62,20,63,63,0.0,True
1984,62,21,63,62,-10.0,True
1984,62,22,63,62,-10.0,True
1984,62,23,63,61,-20.0,False
1984,62,24,63,61,-20.0,False
1984,62,25,62,61,-10.0,True
1984,62,26,62,61,-10.0,True
1984,62,27,62,61,-10.0,True
1984,62,28,62,61,-10.0,True
1984,62,29,62,60,-20.0,False
1984,62,30,62,62,0.0,True
1984,62,31,61,60,-10.0,True
1984,62,32,61,60,-10.0,True
1984,62,33,61,61,0.0,True
1984,62,34,61,61,0.0,True
1984,62,35,61,61,0.0,True
1984,62,36,61,61,0.0,True
1984,62,37,60,61,10.0,True
1984,62,38,60,58,-20.0,False
1984,62,39,60,58,-20.0,False
1984,62,40,60,60,0.0,True
1984,62,41,60,58,-20.0,False
1984,62,42,60,58,-20.0,False
1984,62,43,59,57,-20.0,False
1984,62,44,59,57,-20.0,False
1984,62,45,59,57,-20.0,False
1984,62,46,59,57,-20.0,False
1984,62,47,59,58,-10.0,True
1984,62,48,59,58,-10.0,True
1984,62,49,58,56,-20.0,False
1984,63,0,63,65,20.0,True
1984,63,1,63,65,20.0,False
1984,63,2,63,64,10.0,True
1984,63,3,63,64,10.0,True
1984,63,4,63,64,10.0,True
1984,63,5,62,64,20.0,True
1984,63,6,62,64,20.0,True
1984,63,7,62,64,20.0,False
1984,63,8,62,64,20.0,False
1984,63,9,62,63,10.0,True
1984,63,10,62,63,10.0,True
1984,63,11,61,63,20.0,True
1984,63,12,61,60,-10.0,True
1984,63,13,61,63,20.0,False
1984,63,14,61,63,20.0,False
1984,63,15,61,62,10.0,True
1984,63,16,61,59,-20.0,False
1984,63,17,60,62,20.0,True
1984,63,18,60,62,20.0,True
1984,63,19,60,62,20.0,False
1984,63,20,60,62,20.0,False
1984,63,21,60,58,-20.0,False
1984,63,22,60,58,-20.0,False
1984,63,23,59,58,-10.0,True
1984,63,24,59,61,20.0,True
1984,63,25,59,61,20.0,False
1984,63,26,59,61,20.0,False
1984,63,27,59,61,20.0,False
1984,63,28,58,60,20.0,True
1984,63,29,58,56,-20.0,False
1984,63,30,58,56,-20.0,False
1984,63,31,58,56,-20.0,False
1984,63,32,58,60,20.0,False
1984,63,33,58,56,-20.0,False
1984,63,34,57,56,-10.0,True
1984,63,35,57,55,-20.0,False
1984,63,36,57,55,-20.0,False
1984,63,37,57,55,-20.0,False
1984,63,38,57,55,-20.0,False
1984,63,39,57,55,-20.0,False
1984,63,40,56,55,-10.0,True
1984,63,41,56,54,-20.0,False
1984,63,42,56,54,-20.0,False
1984,63,43,56,54,-20.0,False
1984,63,44,56,54,-20.0,False
1984,63,45,56,54,-20.0,False
1984,63,46,55,54,-10.0,True
1984,63,47,55,54,-10.0,True
1984,63,48,55,53,-20.0,False
1984,63,49,55,53,-20.0,False
1984,64,0,67,68,10.0,True
1984,64,1,67,68,10.0,True
1984,64,2,67,67,0.0,True
1984,64,3,67,67,0.0,True
1984,64,4,67,67,0.0,True
1984,64,5,66,67,10.0,True
1984,64,6,66,67,10.0,True
1984,64,7,66,67,10.0,True
1984,64,8,66,66,0.0,True
1984,64,9,66,66,0.0,True
1984,64,10,66,66,0.0,True
1984,64,11,65,66,10.0,True
1984,64,12,65,66,10.0,True
1984,64,13,65,66,10.0,True
1984,64,14,65,65,0.0,True
1984,64,15,65,65,0.0,True
1984,64,16,65,65,0.0,True
1984,64,17,64,66,20.0,True
1984,64,18,64,65,10.0,True
1984,64,19,64,64,0.0,True
1984,64,20,64,64,0.0,True
1984,64,21,64,64,0.0,True
1984,64,22,64,64,0.0,True
1984,64,23,63,64,10.0,True
1984,64,24,63,63,0.0,True
1984,64,25,63,67,40.0,False
1984,64,26,63,67,40.0,False
1984,64,27,63,67,40.0,False
1984,64,28,63,62,-10.0,True
1984,64,29,62,63,10.0,True
1984,64,30,62,62,0.0,True
1984,64,31,62,62,0.0,True
1984,64,32,62,66,40.0,False
1984,64,33,62,61,-10.0,True
1984,64,34,62,61,-10.0,True
1984,64,35,61,61,0.0,True
1984,64,36,61,61,0.0,True
1984,64,37,61,61,0.0,True
1984,64,38,61,61,0.0,True
1984,64,39,61,61,0.0,True
1984,64,40,60,60,0.0,True
1984,64,41,60,60,0.0,True
1984,64,42,60,60,0.0,True
1984,64,43,60,60,0.0,True
1984,64,44,60,60,0.0,True
1984,64,45,60,64,40.0,False
1984,64,46,59,59,0.0,True
1984,64,47,59,59,0.0,True
1984,64,48,59,59,0.0,True
1984,64,49,59,59,0.0,True
1984,65,0,73,74,10.0,True
1984,65,1,73,73,0.0,True
1984,65,2,73,73,0.0,True
1984,65,3,73,73,0.0,True
1984,65,4,73,73,0.0,True
1984,65,5,72,73,10.0,True
1984,65,6,72,73,10.0,True
1984,65,7,72,72,0.0,True
1984,65,8,72,72,0.0,True
1984,65,9,72,72,0.0,True
1984,65,10,72,72,0.0,True
1984,65,11,71,72,10.0,True
1984,65,12,71,72,10.0,True
1984,65,13,71,72,10.0,True
1984,65,14,71,72,10.0,True
1984,65,15,71,72,10.0,True
1984,65,16,71,73,20.0,False
1984,65,17,70,72,20.0,True
1984,65,18,70,70,0.0,True
1984,65,19,70,70,0.0,True
1984,65,20,70,70,0.0,True
1984,65,21,70,70,0.0,True
1984,65,22,70,70,0.0,True
1984,65,23,69,69,0.0,True
1984,65,24,69,69,0.0,True
1984,65,25,69,70,10.0,True
1984,65,26,69,70,10.0,True
1984,65,27,69,69,0.0,True
1984,65,28,69,69,0.0,True
1984,65,29,68,70,20.0,True
1984,65,30,68,69,10.0,True
1984,65,31,68,69,10.0,True
1984,65,32,68,69,10.0,True
1984,65,33,68,68,0.0,True
1984,65,34,68,68,0.0,True
1984,65,35,67,67,0.0,True
1984,65,36,67,67,0.0,True
1984,65,37,67,67,0.0,True
1984,65,38,67,68,10.0,True
1984,65,39,67,68,10.0,True
1984,65,40,66,68,20.0,True
1984,65,41,66,67,10.0,True
1984,65,42,66,67,10.0,True
1984,65,43,66,66,0.0,True
1984,65,44,66,66,0.0,True
1984,65,45,66,67,10.0,True
1984,65,46,65,67,20.0,True
1984,65,47,65,64,-10.0,True
1984,65,48,65,64,-10.0,True
1984,65,49,65,64,-10.0,True
1984,66,0,75,70,-50.0,False
1984,66,1,75,70,-50.0,False
1984,66,2,74,70,-40.0,False
1984,66,3,74,70,-40.0,False
1984,66,4,74,79,50.0,False
1984,66,5,74,70,-40.0,False
1984,66,6,74,78,40.0,False
1984,66,7,74,78,40.0,False
1984,66,8,73,78,50.0,False
1984,66,9,73,73,0.0,True
1984,66,10,73,69,-40.0,False
1984,66,11,73,69,-40.0,False
1984,66,12,73,77,40.0,False
1984,66,13,73,73,0.0,True
1984,66,14,72,69,-30.0,False
1984,66,15,72,68,-40.0,False
1984,66,16,72,68,-40.0,False
1984,66,17,72,68,-40.0,False
1984,66,18,72,73,10.0,True
1984,66,19,72,68,-40.0,False
1984,66,20,71,69,-20.0,False
1984,66,21,71,68,-30.0,False
1984,66,22,71,71,0.0,True
1984,66,23,71,71,0.0,True
1984,66,24,71,71,0.0,True
1984,66,25,71,71,0.0,True
1984,66,26,70,71,10.0,True
1984,66,27,70,71,10.0,True
1984,66,28,70,70,0.0,True
1984,66,29,70,70,0.0,True
1984,66,30,70,67,-30.0,False
1984,66,31,70,70,0.0,True
1984,66,32,69,70,10.0,True
1984,66,33,69,67,-20.0,False
1984,66,34,69,67,-20.0,False
1984,66,35,69,71,20.0,False
1984,66,36,69,70,10.0,True
1984,66,37,68,70,20.0,True
1984,66,38,68,70,20.0,True
1984,66,39,68,70,20.0,True
1984,66,40,68,69,10.0,True
1984,66,41,68,69,10.0,True
1984,66,42,68,69,10.0,True
1984,66,43,67,65,-20.0,False
1984,66,44,67,65,-20.0,False
1984,66,45,67,68,10.0,True
1984,66,46,67,68,10.0,True
1984,66,47,67,62,-50.0,False
1984,66,48,67,61,-60.0,False
1984,66,49,66,62,-40.0,False
1984,67,0,76,80,40.0,False
1984,67,1,76,83,70.0,False
1984,67,2,76,83,70.0,False
1984,67,3,76,81,50.0,False
1984,67,4,76,80,40.0,False
1984,67,5,75,80,50.0,False
1984,67,6,75,76,10.0,True
1984,67,7,75,76,10.0,True
1984,67,8,75,75,0.0,True
1984,67,9,75,75,0.0,True
1984,67,10,75,75,0.0,True
1984,67,11,74,74,0.0,True
1984,67,12,74,74,0.0,True
1984,67,13,74,79,50.0,False
1984,67,14,74,76,20.0,False
1984,67,15,74,79,50.0,False
1984,67,16,74,78,40.0,False
1984,67,17,73,77,40.0,False
1984,67,18,73,74,10.0,True
1984,67,19,73,74,10.0,True
1984,67,20,73,73,0.0,True
1984,67,21,73,73,0.0,True
1984,67,22,72,73,10.0,True
1984,67,23,72,72,0.0,True
1984,67,24,72,72,0.0,True
1984,67,25,72,72,0.0,True
1984,67,26,72,72,0.0,True
1984,67,27,72,71,-10.0,True
1984,67,28,72,71,-10.0,True
1984,67,29,72,71,-10.0,True
1984,67,30,72,71,-10.0,True
1984,67,31,71,71,0.0,True
1984,67,32,71,71,0.0,True
1984,67,33,71,71,0.0,True
1984,67,34,71,71,0.0,True
1984,67,35,71,71,0.0,True
1984,67,36,71,70,-10.0,True
1984,67,37,71,70,-10.0,True
1984,67,38,71,70,-10.0,True
1984,67,39,71,70,-10.0,True
1984,67,40,71,70,-10.0,True
1984,67,41,71,70,-10.0,True
1984,67,42,71,70,-10.0,True
1984,67,43,71,69,-20.0,False
1984,67,44,71,69,-20.0,False
1984,67,45,71,69,-20.0,False
1984,67,46,71,68,-30.0,False
1984,67,47,72,68,-40.0,False
1984,67,48,72,68,-40.0,False
1984,67,49,72,68,-40.0,False
1984,68,0,88,97,90.0,False
1984,68,1,88,97,90.0,False
1984,68,2,88,96,80.0,False
1984,68,3,88,96,80.0,False
1984,68,4,89,96,70.0,False
1984,68,5,89,95,60.0,False
1984,68,6,89,95,60.0,False
1984,68,7,89,95,60.0,False
1984,68,8,89,95,60.0,False
1984,68,9,89,95,60.0,False
1984,68,10,90,96,60.0,False
1984,68,11,90,94,40.0,False
1984,68,12,90,94,40.0,False
1984,68,13,90,94,40.0,False
1984,68,14,90,94,40.0,False
1984,68,15,90,94,40.0,False
1984,68,16,90,93,30.0,False
1984,68,17,91,93,20.0,False
1984,68,18,91,93,20.0,False
1984,68,19,91,92,10.0,True
1984,68,20,91,93,20.0,False
1984,68,21,91,92,10.0,True
1984,68,22,91,92,10.0,True
1984,68,23,91,92,10.0,True
1984,68,24,92,92,0.0,True
1984,68,25,92,91,-10.0,True
1984,68,26,92,91,-10.0,True
1984,68,27,92,91,-10.0,True
1984,68,28,92,91,-10.0,True
1984,68,29,92,90,-20.0,False
1984,68,30,92,90,-20.0,False
1984,68,31,92,90,-20.0,False
1984,68,32,92,90,-20.0,False
1984,68,33,92,90,-20.0,False
1984,68,34,92,89,-30.0,False
1984,68,35,92,89,-30.0,False
1984,68,36,92,89,-30.0,False
1984,68,37,92,89,-30.0,False
1984,68,38,92,89,-30.0,False
1984,68,39,92,88,-40.0,False
1984,68,40,92,88,-40.0,False
1984,68,41,91,88,-30.0,False
1984,68,42,91,87,-40.0,False
1984,68,43,91,87,-40.0,False
1984,68,44,91,87,-40.0,False
1984,68,45,91,87,-40.0,False
1984,68,46,90,87,-30.0,False
1984,68,47,90,86,-40.0,False
1984,68,48,90,86,-40.0,False
1984,68,49,89,86,-30.0,False
1984,69,0,89,87,-20.0,False
1984,69,1,89,87,-20.0,False
1984,69,2,88,86,-20.0,False
1984,69,3,88,86,-20.0,False
1984,69,4,88,86,-20.0,False
1984,69,5,88,86,-20.0,False
1984,69,6,87,85,-20.0,False
1984,69,7,87,85,-20.0,False
1984,69,8,87,85,-20.0,False
1984,69,9,86,85,-10.0,True
1984,69,10,86,85,-10.0,True
1984,69,11,86,85,-10.0,True
1984,69,12,86,85,-10.0,True
1984,69,13,85,84,-10.0,True
1984,69,14,85,84,-10.0,True
1984,69,15,85,84,-10.0,True
1984,69,16,84,84,0.0,True
1984,69,17,84,83,-10.0,True
1984,69,18,84,83,-10.0,True
1984,69,19,84,83,-10.0,True
1984,69,20,83,83,0.0,True
1984,69,21,83,83,0.0,True
1984,69,22,83,83,0.0,True
1984,69,23,82,83,10.0,True
1984,69,24,82,82,0.0,True
1984,69,25,82,82,0.0,True
1984,69,26,82,81,-10.0,True
1984,69,27,81,81,0.0,True
1984,69,28,81,81,0.0,True
1984,69,29,81,84,30.0,False
1984,69,30,80,80,0.0,True
1984,69,31,80,80,0.0,True
1984,69,32,80,80,0.0,True
1984,69,33,80,83,30.0,False
1984,69,34,79,79,0.0,True
1984,69,35,79,79,0.0,True
1984,69,36,79,79,0.0,True
1984,69,37,78,82,40.0,False
1984,69,38,78,78,0.0,True
1984,69,39,78,78,0.0,True
1984,69,40,77,78,10.0,True
1984,69,41,77,78,10.0,True
1984,69,42,77,77,0.0,True
1984,69,43,76,77,10.0,True
1984,69,44,76,77,10.0,True
1984,69,45,75,77,20.0,True
1984,69,46,75,77,20.0,True
1984,69,47,75,76,10.0,True
1984,69,48,74,76,20.0,True
1984,69,49,74,76,20.0,True
1984,70,0,88,83,-50.0,False
1984,70,1,88,82,-60.0,False
1984,70,2,87,82,-50.0,False
1984,70,3,87,82,-50.0,False
1984,70,4,87,82,-50.0,False
1984,70,5,86,82,-40.0,False
1984,70,6,86,82,-40.0,False
1984,70,7,85,81,-40.0,False
1984,70,8,85,81,-40.0,False
1984,70,9,85,81,-40.0,False
1984,70,10,84,81,-30.0,False
1984,70,11,84,81,-30.0,False
1984,70,12,83,80,-30.0,False
1984,70,13,83,80,-30.0,False
1984,70,14,82,80,-20.0,False
1984,70,15,82,80,-20.0,False
1984,70,16,82,80,-20.0,False
1984,70,17,81,80,-10.0,True
1984,70,18,81,80,-10.0,True
1984,70,19,80,79,-10.0,True
1984,70,20,80,79,-10.0,True
1984,70,21,79,79,0.0,True
1984,70,22,79,79,0.0,True
1984,70,23,79,78,-10.0,True
1984,70,24,78,78,0.0,True
1984,70,25,78,78,0.0,True
1984,70,26,77,78,10.0,True
1984,70,27,77,78,10.0,True
1984,70,28,76,78,20.0,True
1984,70,29,76,78,20.0,True
1984,70,30,76,77,10.0,True
1984,70,31,75,77,20.0,True
1984,70,32,75,77,20.0,False
1984,70,33,74,77,30.0,False
1984,70,34,74,77,30.0,False
1984,70,35,73,76,30.0,False
1984,70,36,73,76,30.0,False
1984,70,37,73,76,30.0,False
1984,70,38,72,76,40.0,False
1984,70,39,72,76,40.0,False
1984,70,40,71,75,40.0,False
1984,70,41,71,75,40.0,False
1984,70,42,70,75,50.0,False
1984,70,43,70,75,50.0,False
1984,70,44,70,75,50.0,False
1984,70,45,69,75,60.0,False
1984,70,46,69,74,50.0,False
1984,70,47,68,74,60.0,False
1984,70,48,68,74,60.0,False
1984,70,49,67,74,70.0,False
1984,71,0,73,73,0.0,True
1984,71,1,73,72,-10.0,True
1984,71,2,72,72,0.0,True
1984,71,3,72,72,0.0,True
1984,71,4,72,72,0.0,True
1984,71,5,71,72,10.0,True
1984,71,6,71,72,10.0,True
1984,71,7,71,72,10.0,True
1984,71,8,71,72,10.0,True
1984,71,9,71,71,0.0,True
1984,71,10,70,71,10.0,True
1984,71,11,70,71,10.0,True
1984,71,12,70,71,10.0,True
1984,71,13,70,70,0.0,True
1984,71,14,70,70,0.0,True
1984,71,15,70,70,0.0,True
1984,71,16,69,70,10.0,True
1984,71,17,69,70,10.0,True
1984,71,18,69,70,10.0,True
1984,71,19,69,70,10.0,True
1984,71,20,69,69,0.0,True
1984,71,21,69,69,0.0,True
1984,71,22,69,69,0.0,True
1984,71,23,69,69,0.0,True
1984,71,24,69,69,0.0,True
1984,71,25,69,69,0.0,True
1984,71,26,69,69,0.0,True
1984,71,27,69,68,-10.0,True
1984,71,28,69,68,-10.0,True
1984,71,29,69,68,-10.0,True
1984,71,30,69,68,-10.0,True
1984,71,31,69,68,-10.0,True
1984,71,32,69,67,-20.0,False
1984,71,33,69,67,-20.0,False
1984,71,34,69,67,-20.0,False
1984,71,35,69,67,-20.0,False
1984,71,36,69,67,-20.0,False
1984,71,37,69,66,-30.0,False
1984,71,38,69,66,-30.0,False
1984,71,39,69,66,-30.0,False
1984,71,40,69,66,-30.0,False
1984,71,41,70,66,-40.0,False
1984,71,42,70,66,-40.0,False
1984,71,43,70,66,-40.0,False
1984,71,44,70,66,-40.0,False
1984,71,45,70,65,-50.0,False
1984,71,46,70,65,-50.0,False
1984,71,47,70,65,-50.0,False
1984,71,48,70,65,-50.0,False
1984,71,49,70,65,-50.0,False
1984,72,0,88,91,30.0,False
1984,72,1,88,91,30.0,False
1984,72,2,88,90,20.0,False
1984,72,3,88,90,20.0,False
1984,72,4,88,90,20.0,False
1984,72,5,88,90,20.0,False
1984,72,6,88,90,20.0,False
1984,72,7,88,90,20.0,False
1984,72,8,88,90,20.0,False
1984,72,9,88,89,10.0,True
1984,72,10,88,89,10.0,True
1984,72,11,88,89,10.0,True
1984,72,12,88,89,10.0,True
1984,72,13,88,89,10.0,True
1984,72,14,88,89,10.0,True
1984,72,15,88,89,10.0,True
1984,72,16,88,89,10.0,True
1984,72,17,88,89,10.0,True
1984,72,18,88,88,0.0,True
1984,72,19,88,89,10.0,True
1984,72,20,88,88,0.0,True
1984,72,21,88,88,0.0,True
1984,72,22,88,88,0.0,True
1984,72,23,88,88,0.0,True
1984,72,24,88,88,0.0,True
1984,72,25,88,88,0.0,True
1984,72,26,88,87,-10.0,True
1984,72,27,88,87,-10.0,True
1984,72,28,88,87,-10.0,True
1984,72,29,88,87,-10.0,True
1984,72,30,88,87,-10.0,True
1984,72,31,88,87,-10.0,True
1984,72,32,88,87,-10.0,True
1984,72,33,88,87,-10.0,True
1984,72,34,88,88,0.0,True
1984,72,35,88,86,-20.0,False
1984,72,36,88,86,-20.0,False
1984,72,37,88,86,-20.0,False
1984,72,38,88,86,-20.0,False
1984,72,39,88,86,-20.0,False
1984,72,40,88,86,-20.0,False
1984,72,41,88,85,-30.0,False
1984,72,42,88,85,-30.0,False
1984,72,43,88,85,-30.0,False
1984,72,44,88,85,-30.0,False
1984,72,45,88,85,-30.0,False
1984,72,46,88,85,-30.0,False
1984,72,47,88,85,-30.0,False
1984,72,48,88,85,-30.0,False
1984,72,49,88,85,-30.0,False
1984,73,0,88,90,20.0,True
1984,73,1,88,90,20.0,True
1984,73,2,88,90,20.0,True
1984,73,3,88,90,20.0,True
1984,73,4,88,90,20.0,True
1984,73,5,88,90,20.0,True
1984,73,6,88,90,20.0,True
1984,73,7,88,90,20.0,True
1984,73,8,88,90,20.0,True
1984,73,9,88,90,20.0,True
1984,73,10,88,91,30.0,False
1984,73,11,88,89,10.0,True
1984,73,12,88,89,10.0,True
1984,73,13,88,90,20.0,True
1984,73,14,89,89,0.0,True
1984,73,15,89,89,0.0,True
1984,73,16,89,90,10.0,True
1984,73,17,89,89,0.0,True
1984,73,18,89,89,0.0,True
1984,73,19,89,89,0.0,True
1984,73,20,89,89,0.0,True
1984,73,21,89,88,-10.0,True
1984,73,22,89,89,0.0,True
1984,73,23,89,88,-10.0,True
1984,73,24,89,89,0.0,True
1984,73,25,89,89,0.0,True
1984,73,26,89,89,0.0,True
1984,73,27,89,89,0.0,True
1984,73,28,89,89,0.0,True
1984,73,29,89,88,-10.0,True
1984,73,30,89,88,-10.0,True
1984,73,31,89,88,-10.0,True
1984,73,32,89,88,-10.0,True
1984,73,33,89,88,-10.0,True
1984,73,34,89,88,-10.0,True
1984,73,35,89,88,-10.0,True
1984,73,36,89,88,-10.0,True
1984,73,37,89,87,-20.0,False
1984,73,38,89,87,-20.0,False
1984,73,39,89,87,-20.0,False
1984,73,40,89,87,-20.0,False
1984,73,41,89,87,-20.0,False
1984,73,42,89,87,-20.0,False
1984,73,43,89,87,-20.0,False
1984,73,44,89,87,-20.0,False
1984,73,45,89,86,-30.0,False
1984,73,46,89,86,-30.0,False
1984,73,47,89,86,-30.0,False
1984,73,48,89,86,-30.0,False
1984,73,49,89,86,-30.0,False
1984,74,0,89,91,20.0,False
1984,74,1,89,91,20.0,False
1984,74,2,89,91,20.0,False
1984,74,3,89,91,20.0,False
1984,74,4,89,91,20.0,False
1984,74,5,89,91,20.0,False
1984,74,6,89,91,20.0,False
1984,74,7,89,91,20.0,False
1984,74,8,89,90,10.0,True
1984,74,9,89,90,10.0,True
1984,74,10,89,90,10.0,True
1984,74,11,89,90,10.0,True
1984,74,12,89,90,10.0,True
1984,74,13,89,90,10.0,True
1984,74,14,89,90,10.0,True
1984,74,15,89,89,0.0,True
1984,74,16,89,89,0.0,True
1984,74,17,89,89,0.0,True
1984,74,18,89,89,0.0,True
1984,74,19,89,89,0.0,True
1984,74,20,89,89,0.0,True
1984,74,21,89,89,0.0,True
1984,74,22,89,89,0.0,True
1984,74,23,89,88,-10.0,True
1984,74,24,89,88,-10.0,True
1984,74,25,89,88,-10.0,True
1984,74,26,89,88,-10.0,True
1984,74,27,89,88,-10.0,True
1984,74,28,88,88,0.0,True
1984,74,29,88,88,0.0,True
1984,74,30,88,87,-10.0,True
1984,74,31,88,87,-10.0,True
1984,74,32,88,87,-10.0,True
1984,74,33,88,87,-10.0,True
1984,74,34,88,87,-10.0,True
1984,74,35,87,87,0.0,True
1984,74,36,87,87,0.0,True
1984,74,37,87,87,0.0,True
1984,74,38,87,86,-10.0,True
1984,74,39,87,86,-10.0,True
1984,74,40,86,85,-10.0,True
1984,74,41,86,86,0.0,True
1984,74,42,86,86,0.0,True
1984,74,43,86,86,0.0,True
1984,74,44,85,86,10.0,True
1984,74,45,85,86,10.0,True
1984,74,46,85,85,0.0,True
1984,74,47,85,85,0.0,True
1984,74,48,84,85,10.0,True
1984,74,49,84,85,10.0,True
1984,75,0,84,79,-50.0,False
1984,75,1,84,79,-50.0,False
1984,75,2,83,79,-40.0,False
1984,75,3,83,79,-40.0,False
1984,75,4,83,79,-40.0,False
1984,75,5,83,79,-40.0,False
1984,75,6,82,79,-30.0,False
1984,75,7,82,79,-30.0,False
1984,75,8,82,79,-30.0,False
1984,75,9,82,79,-30.0,False
1984,75,10,81,79,-20.0,False
1984,75,11,81,79,-20.0,False
1984,75,12,81,79,-20.0,False
1984,75,13,81,79,-20.0,False
1984,75,14,80,78,-20.0,False
1984,75,15,80,78,-20.0,False
1984,75,16,80,78,-20.0,False
1984,75,17,80,78,-20.0,False
1984,75,18,79,78,-10.0,True
1984,75,19,79,78,-10.0,True
1984,75,20,79,78,-10.0,True
1984,75,21,79,78,-10.0,True
1984,75,22,78,78,0.0,True
1984,75,23,78,78,0.0,True
1984,75,24,78,78,0.0,True
1984,75,25,78,78,0.0,True
1984,75,26,77,78,10.0,True
1984,75,27,77,78,10.0,True
1984,75,28,77,77,0.0,True
1984,75,29,77,77,0.0,True
1984,75,30,76,77,10.0,True
1984,75,31,76,77,10.0,True
1984,75,32,76,77,10.0,True
1984,75,33,76,77,10.0,True
1984,75,34,76,77,10.0,True
1984,75,35,76,77,10.0,True
1984,75,36,75,77,20.0,True
1984,75,37,75,77,20.0,True
1984,75,38,75,77,20.0,True
1984,75,39,75,77,20.0,False
1984,75,40,75,77,20.0,False
1984,75,41,75,77,20.0,False
1984,75,42,75,76,10.0,True
1984,75,43,75,76,10.0,True
1984,75,44,75,76,10.0,True
1984,75,45,74,76,20.0,True
1984,75,46,74,76,20.0,True
1984,75,47,74,76,20.0,True
1984,75,48,74,76,20.0,False
1984,75,49,74,76,20.0,False
1984,76,0,74,73,-10.0,True
1984,76,1,74,73,-10.0,True
1984,76,2,74,72,-20.0,False
1984,76,3,74,72,-20.0,False
1984,76,4,74,72,-20.0,False
1984,76,5,73,72,-10.0,True
1984,76,6,73,72,-10.0,True
1984,76,7,73,72,-10.0,True
1984,76,8,73,72,-10.0,True
1984,76,9,73,72,-10.0,True
1984,76,10,73,72,-10.0,True
1984,76,11,73,72,-10.0,True
1984,76,12,73,72,-10.0,True
1984,76,13,73,72,-10.0,True
1984,76,14,72,72,0.0,True
1984,76,15,72,72,0.0,True
1984,76,16,72,72,0.0,True
1984,76,17,72,72,0.0,True
1984,76,18,72,72,0.0,True
1984,76,19,72,72,0.0,True
1984,76,20,72,72,0.0,True
1984,76,21,72,72,0.0,True
1984,76,22,72,72,0.0,True
1984,76,23,71,72,10.0,True
1984,76,24,71,72,10.0,True
1984,76,25,71,72,10.0,True
1984,76,26,71,72,10.0,True
1984,76,27,71,72,10.0,True
1984,76,28,71,71,0.0,True
1984,76,29,71,71,0.0,True
1984,76,30,71,71,0.0,True
1984,76,31,71,71,0.0,True
1984,76,32,71,71,0.0,True
1984,76,33,71,71,0.0,True
1984,76,34,71,71,0.0,True
1984,76,35,71,71,0.0,True
1984,76,36,71,71,0.0,True
1984,76,37,71,71,0.0,True
1984,76,38,71,71,0.0,True
1984,76,39,71,70,-10.0,True
1984,76,40,71,70,-10.0,True
1984,76,41,71,70,-10.0,True
1984,76,42,71,70,-10.0,True
1984,76,43,71,70,-10.0,True
1984,76,44,71,70,-10.0,True
1984,76,45,71,70,-10.0,True
1984,76,46,71,70,-10.0,True
1984,76,47,71,70,-10.0,True
1984,76,48,71,70,-10.0,True
1984,76,49,71,70,-10.0,True
1984,77,0,71,70,-10.0,True
1984,77,1,71,70,-10.0,True
1984,77,2,71,70,-10.0,True
1984,77,3,71,70,-10.0,True
1984,77,4,71,71,0.0,True
1984,77,5,71,70,-10.0,True
1984,77,6,71,71,0.0,True
1984,77,7,71,71,0.0,True
1984,77,8,71,71,0.0,True
1984,77,9,71,71,0.0,True
1984,77,10,71,71,0.0,True
1984,77,11,71,71,0.0,True
1984,77,12,71,71,0.0,True
1984,77,13,71,71,0.0,True
1984,77,14,71,71,0.0,True
1984,77,15,71,71,0.0,True
1984,77,16,71,71,0.0,True
1984,77,17,71,71,0.0,True
1984,77,18,71,71,0.0,True
1984,77,19,71,71,0.0,True
1984,77,20,71,71,0.0,True
1984,77,21,71,71,0.0,True
1984,77,22,71,71,0.0,True
1984,77,23,71,71,0.0,True
1984,77,24,71,71,0.0,True
1984,77,25,71,71,0.0,True
1984,77,26,71,71,0.0,True
1984,77,27,71,71,0.0,True
1984,77,28,71,71,0.0,True
1984,77,29,71,71,0.0,True
1984,77,30,71,71,0.0,True
1984,77,31,71,71,0.0,True
1984,77,32,71,71,0.0,True
1984,77,33,71,71,0.0,True
1984,77,34,71,71,0.0,True
1984,77,35,71,71,0.0,True
1984,77,36,71,71,0.0,True
1984,77,37,71,71,0.0,True
1984,77,38,71,71,0.0,True
1984,77,39,71,71,0.0,True
1984,77,40,71,71,0.0,True
1984,77,41,71,71,0.0,True
1984,77,42,71,71,0.0,True
1984,77,43,71,71,0.0,True
1984,77,44,71,71,0.0,True
1984,77,45,71,71,0.0,True
1984,77,46,71,71,0.0,True
1984,77,47,71,71,0.0,True
1984,77,48,71,71,0.0,True
1984,77,49,71,71,0.0,True
1984,78,0,71,70,-10.0,True
1984,78,1,71,70,-10.0,True
1984,78,2,71,70,-10.0,True
1984,78,3,71,70,-10.0,True
1984,78,4,71,71,0.0,True
1984,78,5,71,71,0.0,True
1984,78,6,71,71,0.0,True
1984,78,7,71,71,0.0,True
1984,78,8,71,71,0.0,True
1984,78,9,71,71,0.0,True
1984,78,10,71,71,0.0,True
1984,78,11,70,71,10.0,True
1984,78,12,70,71,10.0,True
1984,78,13,70,71,10.0,True
1984,78,14,70,71,10.0,True
1984,78,15,70,71,10.0,True
1984,78,16,70,70,0.0,True
1984,78,17,70,71,10.0,True
1984,78,18,70,71,10.0,True
1984,78,19,70,71,10.0,True
1984,78,20,70,71,10.0,True
1984,78,21,70,71,10.0,True
1984,78,22,70,72,20.0,True
1984,78,23,70,70,0.0,True
1984,78,24,70,69,-10.0,True
1984,78,25,70,69,-10.0,True
1984,78,26,70,70,0.0,True
1984,78,27,70,70,0.0,True
1984,78,28,70,70,0.0,True
1984,78,29,70,70,0.0,True
1984,78,30,70,70,0.0,True
1984,78,31,70,71,10.0,True
1984,78,32,70,71,10.0,True
1984,78,33,70,69,-10.0,True
1984,78,34,70,69,-10.0,True
1984,78,35,70,70,0.0,True
1984,78,36,70,70,0.0,True
1984,78,37,70,71,10.0,True
1984,78,38,70,69,-10.0,True
1984,78,39,70,70,0.0,True
1984,78,40,70,71,10.0,True
1984,78,41,70,71,10.0,True
1984,78,42,70,71,10.0,True
1984,78,43,70,71,10.0,True
1984,78,44,70,71,10.0,True
1984,78,45,70,71,10.0,True
1984,78,46,70,69,-10.0,True
1984,78,47,70,69,-10.0,True
1984,78,48,70,69,-10.0,True
1984,78,49,70,69,-10.0,True
1984,79,0,64,65,10.0,True
1984,79,1,64,65,10.0,True
1984,79,2,64,65,10.0,True
1984,79,3,64,65,10.0,True
1984,79,4,64,66,20.0,True
1984,79,5,65,66,10.0,True
1984,79,6,65,66,10.0,True
1984,79,7,65,66,10.0,True
1984,79,8,65,66,10.0,True
1984,79,9,65,66,10.0,True
1984,79,10,65,67,20.0,True
1984,79,11,65,67,20.0,True
1984,79,12,66,67,10.0,True
1984,79,13,66,67,10.0,True
1984,79,14,66,67,10.0,True
1984,79,15,66,67,10.0,True
1984,79,16,66,68,20.0,True
1984,79,17,67,68,10.0,True
1984,79,18,67,68,10.0,True
1984,79,19,67,68,10.0,True
1984,79,20,67,68,10.0,True
1984,79,21,68,68,0.0,True
1984,79,22,68,69,10.0,True
1984,79,23,68,69,10.0,True
1984,79,24,68,69,10.0,True
1984,79,25,69,69,0.0,True
1984,79,26,69,69,0.0,True
1984,79,27,69,69,0.0,True
1984,79,28,70,69,-10.0,True
1984,79,29,70,69,-10.0,True
1984,79,30,70,69,-10.0,True
1984,79,31,70,69,-10.0,True
1984,79,32,71,69,-20.0,False
1984,79,33,71,69,-20.0,False
1984,79,34,71,69,-20.0,False
1984,79,35,72,69,-30.0,False
1984,79,36,72,71,-10.0,True
1984,79,37,72,71,-10.0,True
1984,79,38,72,70,-20.0,False
1984,79,39,73,71,-20.0,False
1984,79,40,73,72,-10.0,True
1984,79,41,73,70,-30.0,False
1984,79,42,73,71,-20.0,False
1984,79,43,73,71,-20.0,False
1984,79,44,74,72,-20.0,False
1984,79,45,74,71,-30.0,False
1984,79,46,74,72,-20.0,False
1984,79,47,74,73,-10.0,True
1984,79,48,74,73,-10.0,True
1984,79,49,74,72,-20.0,False
1984,80,0,70,65,-50.0,False
1984,80,1,70,66,-40.0,False
1984,80,2,70,66,-40.0,False
1984,80,3,70,66,-40.0,False
1984,80,4,69,66,-30.0,False
1984,80,5,69,66,-30.0,False
1984,80,6,69,66,-30.0,False
1984,80,7,69,66,-30.0,False
1984,80,8,69,67,-20.0,False
1984,80,9,69,66,-30.0,False
1984,80,10,69,66,-30.0,False
1984,80,11,69,67,-20.0,False
1984,80,12,69,66,-30.0,False
1984,80,13,69,67,-20.0,False
1984,80,14,69,67,-20.0,False
1984,80,15,69,67,-20.0,False
1984,80,16,69,67,-20.0,False
1984,80,17,69,68,-10.0,True
1984,80,18,68,67,-10.0,True
1984,80,19,68,68,0.0,True
1984,80,20,68,68,0.0,True
1984,80,21,68,68,0.0,True
1984,80,22,68,68,0.0,True
1984,80,23,68,68,0.0,True
1984,80,24,68,68,0.0,True
1984,80,25,68,69,10.0,True
1984,80,26,68,69,10.0,True
1984,80,27,68,68,0.0,True
1984,80,28,68,68,0.0,True
1984,80,29,68,68,0.0,True
1984,80,30,68,69,10.0,True
1984,80,31,68,69,10.0,True
1984,80,32,67,69,20.0,True
1984,80,33,67,70,30.0,False
1984,80,34,67,70,30.0,False
1984,80,35,67,70,30.0,False
1984,80,36,67,70,30.0,False
1984,80,37,67,70,30.0,False
1984,80,38,67,70,30.0,False
1984,80,39,67,70,30.0,False
1984,80,40,67,70,30.0,False
1984,80,41,67,70,30.0,False
1984,80,42,67,71,40.0,False
1984,80,43,67,71,40.0,False
1984,80,44,67,71,40.0,False
1984,80,45,66,71,50.0,False
1984,80,46,66,71,50.0,False
1984,80,47,66,71,50.0,False
1984,80,48,66,71,50.0,False
1984,80,49,66,71,50.0,False
1984,81,0,62,53,-90.0,False
1984,81,1,62,53,-90.0,False
1984,81,2,62,53,-90.0,False
1984,81,3,62,53,-90.0,False
1984,81,4,62,53,-90.0,False
1984,81,5,62,54,-80.0,False
1984,81,6,62,54,-80.0,False
1984,81,7,62,54,-80.0,False
1984,81,8,61,54,-70.0,False
1984,81,9,61,54,-70.0,False
1984,81,10,61,54,-70.0,False
1984,81,11,61,55,-60.0,False
1984,81,12,61,55,-60.0,False
1984,81,13,61,55,-60.0,False
1984,81,14,61,55,-60.0,False
1984,81,15,60,55,-50.0,False
1984,81,16,60,56,-40.0,False
1984,81,17,60,56,-40.0,False
1984,81,18,60,56,-40.0,False
1984,81,19,59,56,-30.0,False
1984,81,20,59,56,-30.0,False
1984,81,21,59,57,-20.0,False
1984,81,22,58,57,-10.0,True
1984,81,23,58,57,-10.0,True
1984,81,24,57,57,0.0,True
1984,81,25,57,58,10.0,True
1984,81,26,57,57,0.0,True
1984,81,27,56,57,10.0,True
1984,81,28,56,58,20.0,True
1984,81,29,56,58,20.0,False
1984,81,30,55,56,10.0,True
1984,81,31,55,56,10.0,True
1984,81,32,54,56,20.0,True
1984,81,33,54,56,20.0,True
1984,81,34,54,57,30.0,False
1984,81,35,53,59,60.0,False
1984,81,36,53,59,60.0,False
1984,81,37,53,58,50.0,False
1984,81,38,52,58,60.0,False
1984,81,39,52,58,60.0,False
1984,81,40,51,57,60.0,False
1984,81,41,51,57,60.0,False
1984,81,42,51,60,90.0,False
1984,81,43,50,61,110.0,False
1984,81,44,50,61,110.0,False
1984,81,45,50,61,110.0,False
1984,81,46,49,59,100.0,False
1984,81,47,49,58,90.0,False
1984,81,48,48,58,100.0,False
1984,81,49,48,62,140.0,False
1984,82,0,37,25,-120.0,False
1984,82,1,36,27,-90.0,False
1984,82,2,36,24,-120.0,False
1984,82,3,36,24,-120.0,False
1984,82,4,35,25,-100.0,False
1984,82,5,35,25,-100.0,False
1984,82,6,35,26,-90.0,False
1984,82,7,34,25,-90.0,False
1984,82,8,34,26,-80.0,False
1984,82,9,34,29,-50.0,False
1984,82,10,33,28,-50.0,False
1984,82,11,33,27,-60.0,False
1984,82,12,33,29,-40.0,False
1984,82,13,32,28,-40.0,False
1984,82,14,32,28,-40.0,False
1984,82,15,32,29,-30.0,False
1984,82,16,32,29,-30.0,False
1984,82,17,32,28,-40.0,False
1984,82,18,31,29,-20.0,False
1984,82,19,31,28,-30.0,False
1984,82,20,31,29,-20.0,False
1984,82,21,31,29,-20.0,False
1984,82,22,31,30,-10.0,True
1984,82,23,31,30,-10.0,True
1984,82,24,30,31,10.0,True
1984,82,25,30,32,20.0,True
1984,82,26,30,32,20.0,True
1984,82,27,30,30,0.0,True
1984,82,28,30,30,0.0,True
1984,82,29,30,30,0.0,True
1984,82,30,30,29,-10.0,True
1984,82,31,30,30,0.0,True
1984,82,32,30,30,0.0,True
1984,82,33,30,30,0.0,True
1984,82,34,30,30,0.0,True
1984,82,35,30,30,0.0,True
1984,82,36,30,30,0.0,True
1984,82,37,30,30,0.0,True
1984,82,38,30,30,0.0,True
1984,82,39,30,30,0.0,True
1984,82,40,30,30,0.0,True
1984,82,41,30,30,0.0,True
1984,82,42,30,32,20.0,False
1984,82,43,30,33,30.0,False
1984,82,44,30,33,30.0,False
1984,82,45,30,31,10.0,True
1984,82,46,30,31,10.0,True
1984,82,47,30,31,10.0,True
1984,82,48,30,32,20.0,False
1984,82,49,30,32,20.0,False
1984,83,0,30,27,-30.0,False
1984,83,1,30,27,-30.0,False
1984,83,2,30,27,-30.0,False
1984,83,3,30,27,-30.0,False
1984,83,4,30,27,-30.0,False
1984,83,5,30,27,-30.0,False
1984,83,6,30,28,-20.0,False
1984,83,7,30,28,-20.0,False
1984,83,8,30,28,-20.0,False
1984,83,9,30,28,-20.0,False
1984,83,10,30,28,-20.0,False
1984,83,11,30,28,-20.0,False
1984,83,12,30,28,-20.0,False
1984,83,13,30,28,-20.0,False
1984,83,14,30,29,-10.0,True
1984,83,15,30,29,-10.0,True
1984,83,16,30,29,-10.0,True
1984,83,17,30,29,-10.0,True
1984,83,18,30,29,-10.0,True
1984,83,19,30,29,-10.0,True
1984,83,20,30,29,-10.0,True
1984,83,21,30,29,-10.0,True
1984,83,22,30,29,-10.0,True
1984,83,23,30,29,-10.0,True
1984,83,24,30,30,0.0,True
1984,83,25,30,30,0.0,True
1984,83,26,30,30,0.0,True
1984,83,27,30,30,0.0,True
1984,83,28,30,30,0.0,True
1984,83,29,30,30,0.0,True
1984,83,30,30,30,0.0,True
1984,83,31,30,30,0.0,True
1984,83,32,30,31,10.0,True
1984,83,33,30,31,10.0,True
1984,83,34,30,32,20.0,False
1984,83,35,30,31,10.0,True
1984,83,36,30,33,30.0,False
1984,83,37,30,35,50.0,False
1984,83,38,30,33,30.0,False
1984,83,39,30,32,20.0,False
1984,83,40,30,32,20.0,False
1984,83,41,30,32,20.0,False
1984,83,42,30,35,50.0,False
1984,83,43,30,35,50.0,False
1984,83,44,30,34,40.0,False
1984,83,45,30,35,50.0,False
1984,83,46,30,34,40.0,False
1984,83,47,30,36,60.0,False
1984,83,48,30,36,60.0,False
1984,83,49,30,36,60.0,False
1984,84,0,30,29,-10.0,True
1984,84,1,30,29,-10.0,True
1984,84,2,30,30,0.0,True
1984,84,3,30,29,-10.0,True
1984,84,4,30,30,0.0,True
1984,84,5,30,30,0.0,True
1984,84,6,30,30,0.0,True
1984,84,7,30,30,0.0,True
1984,84,8,30,30,0.0,True
1984,84,9,30,30,0.0,True
1984,84,10,30,30,0.0,True
1984,84,11,30,30,0.0,True
1984,84,12,30,31,10.0,True
1984,84,13,30,31,10.0,True
1984,84,14,30,31,10.0,True
1984,84,15,30,31,10.0,True
1984,84,16,30,31,10.0,True
1984,84,17,30,31,10.0,True
1984,84,18,30,31,10.0,True
1984,84,19,30,32,20.0,False
1984,84,20,30,32,20.0,False
1984,84,21,30,32,20.0,False
1984,84,22,30,32,20.0,False
1984,84,23,30,33,30.0,False
1984,84,24,30,33,30.0,False
1984,84,25,30,33,30.0,False
1984,84,26,30,33,30.0,False
1984,84,27,30,34,40.0,False
1984,84,28,30,34,40.0,False
1984,84,29,30,34,40.0,False
1984,84,30,30,34,40.0,False
1984,84,31,30,35,50.0,False
1984,84,32,30,35,50.0,False
1984,84,33,30,35,50.0,False
1984,84,34,30,35,50.0,False
1984,84,35,30,36,60.0,False
1984,84,36,30,36,60.0,False
1984,84,37,30,36,60.0,False
1984,84,38,30,36,60.0,False
1984,84,39,30,36,60.0,False
1984,84,40,30,36,60.0,False
1984,84,41,30,36,60.0,False
1984,84,42,30,37,70.0,False
1984,84,43,30,37,70.0,False
1984,84,44,30,37,70.0,False
1984,84,45,30,38,80.0,False
1984,84,46,30,38,80.0,False
1984,84,47,30,38,80.0,False
1984,84,48,30,38,80.0,False
1984,84,49,30,38,80.0,False
1984,85,0,11,20,90.0,False
1984,85,1,11,20,90.0,False
1984,85,2,11,21,100.0,False
1984,85,3,11,21,100.0,False
1984,85,4,12,21,90.0,False
1984,85,5,12,21,90.0,False
1984,85,6,12,22,100.0,False
1984,85,7,12,22,100.0,False
1984,85,8,12,22,100.0,False
1984,85,9,12,23,110.0,False
1984,85,10,12,23,110.0,False
1984,85,11,12,23,110.0,False
1984,85,12,13,23,100.0,False
1984,85,13,13,24,110.0,False
1984,85,14,13,24,110.0,False
1984,85,15,14,24,100.0,False
1984,85,16,14,24,100.0,False
1984,85,17,14,24,100.0,False
1984,85,18,15,25,100.0,False
1984,85,19,15,25,100.0,False
1984,85,20,15,25,100.0,False
1984,85,21,16,26,100.0,False
1984,85,22,16,26,100.0,False
1984,85,23,17,26,90.0,False
1984,85,24,17,26,90.0,False
1984,85,25,18,26,80.0,False
1984,85,26,18,26,80.0,False
1984,85,27,18,27,90.0,False
1984,85,28,19,27,80.0,False
1984,85,29,19,26,70.0,False
1984,85,30,20,26,60.0,False
1984,85,31,20,26,60.0,False
1984,85,32,21,26,50.0,False
1984,85,33,21,24,30.0,False
1984,85,34,22,26,40.0,False
1984,85,35,22,25,30.0,False
1984,85,36,22,25,30.0,False
1984,85,37,22,25,30.0,False
1984,85,38,23,25,20.0,False
1984,85,39,23,26,30.0,False
1984,85,40,23,26,30.0,False
1984,85,41,23,27,40.0,False
1984,85,42,24,27,30.0,False
1984,85,43,24,29,50.0,False
1984,85,44,24,29,50.0,False
1984,85,45,24,29,50.0,False
1984,85,46,24,29,50.0,False
1984,85,47,24,29,50.0,False
1984,85,48,24,29,50.0,False
1984,85,49,24,29,50.0,False
1984,86,0,12,17,50.0,False
1984,86,1,12,16,40.0,False
1984,86,2,12,16,40.0,False
1984,86,3,12,17,50.0,False
1984,86,4,12,17,50.0,False
1984,86,5,12,18,60.0,False
1984,86,6,11,16,50.0,False
1984,86,7,11,17,60.0,False
1984,86,8,11,18,70.0,False
1984,86,9,11,18,70.0,False
1984,86,10,11,18,70.0,False
1984,86,11,11,18,70.0,False
1984,86,12,11,18,70.0,False
1984,86,13,11,19,80.0,False
1984,86,14,11,19,80.0,False
1984,86,15,11,19,80.0,False
1984,86,16,11,19,80.0,False
1984,86,17,11,19,80.0,False
1984,86,18,11,19,80.0,False
1984,86,19,11,19,80.0,False
1984,86,20,11,19,80.0,False
1984,86,21,11,20,90.0,False
1984,86,22,11,20,90.0,False
1984,86,23,11,20,90.0,False
1984,86,24,11,20,90.0,False
1984,86,25,11,20,90.0,False
1984,86,26,11,20,90.0,False
1984,86,27,11,20,90.0,False
1984,86,28,12,20,80.0,False
1984,86,29,12,21,90.0,False
1984,86,30,12,21,90.0,False
1984,86,31,13,21,80.0,False
1984,86,32,13,20,70.0,False
1984,86,33,13,21,80.0,False
1984,86,34,13,21,80.0,False
1984,86,35,14,21,70.0,False
1984,86,36,14,21,70.0,False
1984,86,37,15,22,70.0,False
1984,86,38,15,22,70.0,False
1984,86,39,15,22,70.0,False
1984,86,40,16,21,50.0,False
1984,86,41,16,21,50.0,False
1984,86,42,16,21,50.0,False
1984,86,43,17,21,40.0,False
1984,86,44,17,21,40.0,False
1984,86,45,17,22,50.0,False
1984,86,46,18,22,40.0,False
1984,86,47,18,22,40.0,False
1984,86,48,18,22,40.0,False
1984,86,49,19,22,30.0,False
1984,87,0,16,21,50.0,False
1984,87,1,16,21,50.0,False
1984,87,2,17,21,40.0,False
1984,87,3,17,21,40.0,False
1984,87,4,17,22,50.0,False
1984,87,5,18,22,40.0,False
1984,87,6,18,22,40.0,False
1984,87,7,19,22,30.0,False
1984,87,8,19,22,30.0,False
1984,87,9,19,23,40.0,False
1984,87,10,20,23,30.0,False
1984,87,11,20,23,30.0,False
1984,87,12,20,23,30.0,False
1984,87,13,21,23,20.0,False
1984,87,14,21,24,30.0,False
1984,87,15,21,24,30.0,False
1984,87,16,22,24,20.0,False
1984,87,17,22,24,20.0,True
1984,87,18,22,24,20.0,True
1984,87,19,23,24,10.0,True
1984,87,20,23,24,10.0,True
1984,87,21,23,24,10.0,True
1984,87,22,24,25,10.0,True
1984,87,23,24,24,0.0,True
1984,87,24,24,24,0.0,True
1984,87,25,25,24,-10.0,True
1984,87,26,25,24,-10.0,True
1984,87,27,25,25,0.0,True
1984,87,28,26,25,-10.0,True
1984,87,29,26,25,-10.0,True
1984,87,30,26,25,-10.0,True
1984,87,31,27,25,-20.0,False
1984,87,32,27,25,-20.0,False
1984,87,33,28,25,-30.0,False
1984,87,34,28,26,-20.0,False
1984,87,35,28,26,-20.0,False
1984,87,36,29,26,-30.0,False
1984,87,37,29,26,-30.0,False
1984,87,38,29,26,-30.0,False
1984,87,39,30,26,-40.0,False
1984,87,40,30,26,-40.0,False
1984,87,41,30,26,-40.0,False
1984,87,42,31,26,-50.0,False
1984,87,43,31,27,-40.0,False
1984,87,44,31,27,-40.0,False
1984,87,45,32,27,-50.0,False
1984,87,46,32,27,-50.0,False
1984,87,47,32,27,-50.0,False
1984,87,48,33,27,-60.0,False
1984,87,49,33,27,-60.0,False
1984,88,0,33,36,30.0,False
1984,88,1,34,37,30.0,False
1984,88,2,34,37,30.0,False
1984,88,3,35,37,20.0,False
1984,88,4,35,37,20.0,False
1984,88,5,35,37,20.0,True
1984,88,6,36,37,10.0,True
1984,88,7,36,37,10.0,True
1984,88,8,36,38,20.0,True
1984,88,9,37,38,10.0,True
1984,88,10,37,38,10.0,True
1984,88,11,37,38,10.0,True
1984,88,12,38,38,0.0,True
1984,88,13,38,38,0.0,True
1984,88,14,38,38,0.0,True
1984,88,15,39,38,-10.0,True
1984,88,16,39,38,-10.0,True
1984,88,17,39,41,20.0,True
1984,88,18,40,39,-10.0,True
1984,88,19,40,39,-10.0,True
1984,88,20,40,40,0.0,True
1984,88,21,41,40,-10.0,True
1984,88,22,41,41,0.0,True
1984,88,23,41,40,-10.0,True
1984,88,24,42,41,-10.0,True
1984,88,25,42,41,-10.0,True
1984,88,26,42,41,-10.0,True
1984,88,27,42,43,10.0,True
1984,88,28,43,41,-20.0,False
1984,88,29,43,43,0.0,True
1984,88,30,43,43,0.0,True
1984,88,31,44,43,-10.0,True
1984,88,32,44,44,0.0,True
1984,88,33,44,44,0.0,True
1984,88,34,44,44,0.0,True
1984,88,35,45,44,-10.0,True
1984,88,36,45,44,-10.0,True
1984,88,37,45,44,-10.0,True
1984,88,38,45,45,0.0,True
1984,88,39,45,45,0.0,True
1984,88,40,46,45,-10.0,True
1984,88,41,46,45,-10.0,True
1984,88,42,46,45,-10.0,True
1984,88,43,46,41,-50.0,False
1984,88,44,46,46,0.0,True
1984,88,45,46,41,-50.0,False
1984,88,46,47,46,-10.0,True
1984,88,47,47,46,-10.0,True
1984,88,48,47,42,-50.0,False
1984,88,49,47,42,-50.0,False
1984,89,0,39,39,0.0,True
1984,89,1,39,39,0.0,True
1984,89,2,39,39,0.0,True
1984,89,3,39,39,0.0,True
1984,89,4,39,39,0.0,True
1984,89,5,39,39,0.0,True
1984,89,6,39,39,0.0,True
1984,89,7,40,39,-10.0,True
1984,89,8,40,39,-10.0,True
1984,89,9,40,40,0.0,True
1984,89,10,40,40,0.0,True
1984,89,11,40,40,0.0,True
1984,89,12,40,40,0.0,True
1984,89,13,40,40,0.0,True
1984,89,14,41,40,-10.0,True
1984,89,15,41,40,-10.0,True
1984,89,16,41,41,0.0,True
1984,89,17,41,41,0.0,True
1984,89,18,41,41,0.0,True
1984,89,19,41,41,0.0,True
1984,89,20,41,41,0.0,True
1984,89,21,41,41,0.0,True
1984,89,22,42,42,0.0,True
1984,89,23,42,42,0.0,True
1984,89,24,42,42,0.0,True
1984,89,25,42,42,0.0,True
1984,89,26,42,42,0.0,True
1984,89,27,42,42,0.0,True
1984,89,28,42,43,10.0,True
1984,89,29,43,43,0.0,True
1984,89,30,43,43,0.0,True
1984,89,31,43,43,0.0,True
1984,89,32,43,43,0.0,True
1984,89,33,43,43,0.0,True
1984,89,34,43,43,0.0,True
1984,89,35,43,43,0.0,True
1984,89,36,43,44,10.0,True
1984,89,37,44,44,0.0,True
1984,89,38,44,44,0.0,True
1984,89,39,44,44,0.0,True
1984,89,40,44,44,0.0,True
1984,89,41,44,44,0.0,True
1984,89,42,44,44,0.0,True
1984,89,43,44,45,10.0,True
1984,89,44,44,45,10.0,True
1984,89,45,45,45,0.0,True
1984,89,46,45,45,0.0,True
1984,89,47,45,45,0.0,True
1984,89,48,45,45,0.0,True
1984,89,49,45,45,0.0,True
1984,90,0,34,33,-10.0,True
1984,90,1,34,33,-10.0,True
1984,90,2,34,33,-10.0,True
1984,90,3,34,34,0.0,True
1984,90,4,34,34,0.0,True
1984,90,5,35,34,-10.0,True
1984,90,6,35,34,-10.0,True
1984,90,7,35,34,-10.0,True
1984,90,8,35,34,-10.0,True
1984,90,9,35,35,0.0,True
1984,90,10,35,35,0.0,True
1984,90,11,35,35,0.0,True
1984,90,12,35,35,0.0,True
1984,90,13,36,35,-10.0,True
1984,90,14,36,36,0.0,True
1984,90,15,36,36,0.0,True
1984,90,16,36,36,0.0,True
1984,90,17,36,36,0.0,True
1984,90,18,36,36,0.0,True
1984,90,19,36,36,0.0,True
1984,90,20,37,36,-10.0,True
1984,90,21,37,37,0.0,True
1984,90,22,37,37,0.0,True
1984,90,23,37,37,0.0,True
1984,90,24,37,37,0.0,True
1984,90,25,37,37,0.0,True
1984,90,26,37,37,0.0,True
1984,90,27,38,38,0.0,True
1984,90,28,38,37,-10.0,True
1984,90,29,38,38,0.0,True
1984,90,30,38,38,0.0,True
1984,90,31,38,38,0.0,True
1984,90,32,38,38,0.0,True
1984,90,33,38,38,0.0,True
1984,90,34,38,38,0.0,True
1984,90,35,39,39,0.0,True
1984,90,36,39,39,0.0,True
1984,90,37,39,39,0.0,True
1984,90,38,39,39,0.0,True
1984,90,39,39,39,0.0,True
1984,90,40,39,39,0.0,True
1984,90,41,39,40,10.0,True
1984,90,42,40,40,0.0,True
1984,90,43,40,40,0.0,True
1984,90,44,40,40,0.0,True
1984,90,45,40,40,0.0,True
1984,90,46,40,40,0.0,True
1984,90,47,40,40,0.0,True
1984,90,48,40,41,10.0,True
1984,90,49,41,41,0.0,True
2004,9,0,48,48,0.0,True
2004,9,1,48,48,0.0,True
2004,9,2,48,48,0.0,True
2004,9,3,47,47,0.0,True
2004,9,4,47,47,0.0,True
2004,9,5,47,48,10.0,True
2004,9,6,47,48,10.0,True
2004,9,7,47,48,10.0,True
2004,9,8,47,48,10.0,True
2004,9,9,47,48,10.0,True
2004,9,10,46,48,20.0,True
2004,9,11,46,48,20.0,True
2004,9,12,46,48,20.0,True
2004,9,13,46,47,10.0,True
2004,9,14,46,47,10.0,True
2004,9,15,46,47,10.0,True
2004,9,16,46,47,10.0,True
2004,9,17,46,46,0.0,True
2004,9,18,46,46,0.0,True
2004,9,19,46,46,0.0,True
2004,9,20,45,46,10.0,True
2004,9,21,45,46,10.0,True
2004,9,22,45,46,10.0,True
2004,9,23,45,46,10.0,True
2004,9,24,45,46,10.0,True
2004,9,25,45,46,10.0,True
2004,9,26,45,46,10.0,True
2004,9,27,45,45,0.0,True
2004,9,28,45,45,0.0,True
2004,9,29,45,45,0.0,True
2004,9,30,45,45,0.0,True
2004,9,31,45,45,0.0,True
2004,9,32,45,45,0.0,True
2004,9,33,45,44,-10.0,True
2004,9,34,45,44,-10.0,True
2004,9,35,44,44,0.0,True
2004,9,36,44,44,0.0,True
2004,9,37,44,44,0.0,True
2004,9,38,44,44,0.0,True
2004,9,39,44,44,0.0,True
2004,9,40,44,44,0.0,True
2004,9,41,44,44,0.0,True
2004,9,42,44,44,0.0,True
2004,9,43,44,43,-10.0,True
2004,9,44,44,43,-10.0,True
2004,9,45,44,43,-10.0,True
2004,9,46,43,43,0.0,True
2004,9,47,43,43,0.0,True
2004,9,48,43,43,0.0,True
2004,9,49,43,43,0.0,True
2004,10,0,59,59,0.0,True
2004,10,1,59,59,0.0,True
2004,10,2,59,59,0.0,True
2004,10,3,59,59,0.0,True
2004,10,4,59,58,-10.0,True
2004,10,5,59,58,-10.0,True
2004,10,6,58,58,0.0,True
2004,10,7,58,58,0.0,True
2004,10,8,58,58,0.0,True
2004,10,9,58,58,0.0,True
2004,10,10,58,58,0.0,True
2004,10,11,58,58,0.0,True
2004,10,12,58,58,0.0,True
2004,10,13,58,58,0.0,True
2004,10,14,57,58,10.0,True
2004,10,15,57,57,0.0,True
2004,10,16,57,57,0.0,True
2004,10,17,57,57,0.0,True
2004,10,18,57,57,0.0,True
2004,10,19,57,57,0.0,True
2004,10,20,57,57,0.0,True
2004,10,21,57,57,0.0,True
2004,10,22,56,56,0.0,True
2004,10,23,56,56,0.0,True
2004,10,24,56,56,0.0,True
2004,10,25,56,56,0.0,True
2004,10,26,56,56,0.0,True
2004,10,27,56,56,0.0,True
2004,10,28,56,56,0.0,True
2004,10,29,56,56,0.0,True
2004,10,30,55,52,-30.0,False
2004,10,31,55,52,-30.0,False
2004,10,32,55,52,-30.0,False
2004,10,33,55,52,-30.0,False
2004,10,34,55,55,0.0,True
2004,10,35,55,54,-10.0,True
2004,10,36,55,54,-10.0,True
2004,10,37,54,54,0.0,True
2004,10,38,54,54,0.0,True
2004,10,39,54,54,0.0,True
2004,10,40,54,54,0.0,True
2004,10,41,54,54,0.0,True
2004,10,42,54,54,0.0,True
2004,10,43,54,54,0.0,True
2004,10,44,53,54,10.0,True
2004,10,45,53,53,0.0,True
2004,10,46,53,53,0.0,True
2004,10,47,53,53,0.0,True
2004,10,48,53,52,-10.0,True
2004,10,49,53,52,-10.0,True
2004,11,0,52,52,0.0,True
2004,11,1,52,52,0.0,True
2004,11,2,52,52,0.0,True
2004,11,3,52,52,0.0,True
2004,11,4,52,52,0.0,True
2004,11,5,52,52,0.0,True
2004,11,6,52,51,-10.0,True
2004,11,7,51,51,0.0,True
2004,11,8,51,51,0.0,True
2004,11,9,51,51,0.0,True
2004,11,10,51,51,0.0,True
2004,11,11,51,51,0.0,True
2004,11,12,51,50,-10.0,True
2004,11,13,51,50,-10.0,True
2004,11,14,50,50,0.0,True
2004,11,15,50,50,0.0,True
2004,11,16,50,50,0.0,True
2004,11,17,50,50,0.0,True
2004,11,18,50,50,0.0,True
2004,11,19,50,50,0.0,True
2004,11,20,50,49,-10.0,True
2004,11,21,49,49,0.0,True
2004,11,22,49,49,0.0,True
2004,11,23,49,49,0.0,True
2004,11,24,49,49,0.0,True
2004,11,25,49,49,0.0,True
2004,11,26,49,48,-10.0,True
2004,11,27,48,48,0.0,True
2004,11,28,48,48,0.0,True
2004,11,29,48,48,0.0,True
2004,11,30,48,48,0.0,True
2004,11,31,48,48,0.0,True
2004,11,32,48,48,0.0,True
2004,11,33,48,47,-10.0,True
2004,11,34,47,47,0.0,True
2004,11,35,47,47,0.0,True
2004,11,36,47,47,0.0,True
2004,11,37,47,47,0.0,True
2004,11,38,47,47,0.0,True
2004,11,39,47,47,0.0,True
2004,11,40,47,46,-10.0,True
2004,11,41,46,46,0.0,True
2004,11,42,46,46,0.0,True
2004,11,43,46,46,0.0,True
2004,11,44,46,46,0.0,True
2004,11,45,46,46,0.0,True
2004,11,46,46,45,-10.0,True
2004,11,47,46,45,-10.0,True
2004,11,48,45,45,0.0,True
2004,11,49,45,45,0.0,True
2004,12,0,45,46,10.0,True
2004,12,1,45,46,10.0,True
2004,12,2,45,46,10.0,True
2004,12,3,45,45,0.0,True
2004,12,4,44,45,10.0,True
2004,12,5,44,45,10.0,True
2004,12,6,44,45,10.0,True
2004,12,7,44,45,10.0,True
2004,12,8,44,45,10.0,True
2004,12,9,44,44,0.0,True
2004,12,10,44,44,0.0,True
2004,12,11,43,44,10.0,True
2004,12,12,43,44,10.0,True
2004,12,13,43,44,10.0,True
2004,12,14,43,43,0.0,True
2004,12,15,43,43,0.0,True
2004,12,16,43,43,0.0,True
2004,12,17,43,43,0.0,True
2004,12,18,42,43,10.0,True
2004,12,19,42,42,0.0,True
2004,12,20,42,42,0.0,True
2004,12,21,42,42,0.0,True
2004,12,22,42,42,0.0,True
2004,12,23,42,42,0.0,True
2004,12,24,42,42,0.0,True
2004,12,25,41,41,0.0,True
2004,12,26,41,41,0.0,True
2004,12,27,41,41,0.0,True
2004,12,28,41,41,0.0,True
2004,12,29,41,41,0.0,True
2004,12,30,41,40,-10.0,True
2004,12,31,41,40,-10.0,True
2004,12,32,40,40,0.0,True
2004,12,33,40,40,0.0,True
2004,12,34,40,40,0.0,True
2004,12,35,40,40,0.0,True
2004,12,36,40,39,-10.0,True
2004,12,37,40,39,-10.0,True
2004,12,38,40,39,-10.0,True
2004,12,39,39,39,0.0,True
2004,12,40,39,39,0.0,True
2004,12,41,39,38,-10.0,True
2004,12,42,39,38,-10.0,True
2004,12,43,39,38,-10.0,True
2004,12,44,39,38,-10.0,True
2004,12,45,38,38,0.0,True
2004,12,46,38,38,0.0,True
2004,12,47,38,37,-10.0,True
2004,12,48,38,37,-10.0,True
2004,12,49,38,37,-10.0,True
2004,13,0,44,47,30.0,False
2004,13,1,44,47,30.0,False
2004,13,2,44,47,30.0,False
2004,13,3,44,46,20.0,False
2004,13,4,44,46,20.0,False
2004,13,5,44,46,20.0,False
2004,13,6,43,46,30.0,False
2004,13,7,43,46,30.0,False
2004,13,8,43,45,20.0,True
2004,13,9,43,45,20.0,False
2004,13,10,43,45,20.0,False
2004,13,11,43,45,20.0,False
2004,13,12,43,45,20.0,False
2004,13,13,42,44,20.0,True
2004,13,14,42,44,20.0,True
2004,13,15,42,44,20.0,False
2004,13,16,42,44,20.0,False
2004,13,17,42,44,20.0,False
2004,13,18,42,43,10.0,True
2004,13,19,41,43,20.0,True
2004,13,20,41,43,20.0,True
2004,13,21,41,43,20.0,False
2004,13,22,41,40,-10.0,True
2004,13,23,41,40,-10.0,True
2004,13,24,40,40,0.0,True
2004,13,25,40,42,20.0,True
2004,13,26,40,39,-10.0,True
2004,13,27,40,39,-10.0,True
2004,13,28,40,39,-10.0,True
2004,13,29,40,39,-10.0,True
2004,13,30,39,39,0.0,True
2004,13,31,39,38,-10.0,True
2004,13,32,39,38,-10.0,True
2004,13,33,39,38,-10.0,True
2004,13,34,39,39,0.0,True
2004,13,35,39,39,0.0,True
2004,13,36,38,37,-10.0,True
2004,13,37,38,37,-10.0,True
2004,13,38,38,37,-10.0,True
2004,13,39,38,37,-10.0,True
2004,13,40,38,36,-20.0,False
2004,13,41,37,36,-10.0,True
2004,13,42,37,36,-10.0,True
2004,13,43,37,36,-10.0,True
2004,13,44,37,36,-10.0,True
2004,13,45,37,35,-20.0,False
2004,13,46,37,35,-20.0,False
2004,13,47,36,35,-10.0,True
2004,13,48,36,35,-10.0,True
2004,13,49,36,35,-10.0,True
2004,14,0,51,51,0.0,True
2004,14,1,51,51,0.0,True
2004,14,2,51,51,0.0,True
2004,14,3,51,51,0.0,True
2004,14,4,51,51,0.0,True
2004,14,5,50,51,10.0,True
2004,14,6,50,50,0.0,True
2004,14,7,50,50,0.0,True
2004,14,8,50,50,0.0,True
2004,14,9,50,50,0.0,True
2004,14,10,50,50,0.0,True
2004,14,11,49,49,0.0,True
2004,14,12,49,49,0.0,True
2004,14,13,49,49,0.0,True
2004,14,14,49,49,0.0,True
2004,14,15,49,49,0.0,True
2004,14,16,49,48,-10.0,True
2004,14,17,48,48,0.0,True
2004,14,18,48,48,0.0,True
2004,14,19,48,48,0.0,True
2004,14,20,48,48,0.0,True
2004,14,21,48,47,-10.0,True
2004,14,22,47,47,0.0,True
2004,14,23,47,47,0.0,True
2004,14,24,47,47,0.0,True
2004,14,25,47,47,0.0,True
2004,14,26,47,47,0.0,True
2004,14,27,47,46,-10.0,True
2004,14,28,46,47,10.0,True
2004,14,29,46,45,-10.0,True
2004,14,30,46,45,-10.0,True
2004,14,31,46,45,-10.0,True
2004,14,32,46,45,-10.0,True
2004,14,33,46,45,-10.0,True
2004,14,34,45,45,0.0,True
2004,14,35,45,45,0.0,True
2004,14,36,45,45,0.0,True
2004,14,37,45,46,10.0,True
2004,14,38,45,46,10.0,True
2004,14,39,44,44,0.0,True
2004,14,40,44,44,0.0,True
2004,14,41,44,45,10.0,True
2004,14,42,44,45,10.0,True
2004,14,43,44,43,-10.0,True
2004,14,44,44,43,-10.0,True
2004,14,45,43,43,0.0,True
2004,14,46,43,43,0.0,True
2004,14,47,43,43,0.0,True
2004,14,48,43,42,-10.0,True
2004,14,49,43,42,-10.0,True
2004,15,0,62,62,0.0,True
2004,15,1,62,62,0.0,True
2004,15,2,62,62,0.0,True
2004,15,3,62,62,0.0,True
2004,15,4,62,62,0.0,True
2004,15,5,61,62,10.0,True
2004,15,6,61,62,10.0,True
2004,15,7,61,62,10.0,True
2004,15,8,61,61,0.0,True
2004,15,9,61,61,0.0,True
2004,15,10,61,61,0.0,True
2004,15,11,60,61,10.0,True
2004,15,12,60,61,10.0,True
2004,15,13,60,60,0.0,True
2004,15,14,60,60,0.0,True
2004,15,15,60,60,0.0,True
2004,15,16,60,60,0.0,True
2004,15,17,59,59,0.0,True
2004,15,18,59,59,0.0,True
2004,15,19,59,59,0.0,True
2004,15,20,59,59,0.0,True
2004,15,21,59,58,-10.0,True
2004,15,22,58,58,0.0,True
2004,15,23,58,58,0.0,True
2004,15,24,58,58,0.0,True
2004,15,25,58,58,0.0,True
2004,15,26,58,58,0.0,True
2004,15,27,58,57,-10.0,True
2004,15,28,57,57,0.0,True
2004,15,29,57,57,0.0,True
2004,15,30,57,56,-10.0,True
2004,15,31,57,56,-10.0,True
2004,15,32,57,55,-20.0,False
2004,15,33,56,55,-10.0,True
2004,15,34,56,55,-10.0,True
2004,15,35,56,55,-10.0,True
2004,15,36,56,55,-10.0,True
2004,15,37,56,55,-10.0,True
2004,15,38,55,55,0.0,True
2004,15,39,55,55,0.0,True
2004,15,40,55,55,0.0,True
2004,15,41,54,55,10.0,True
2004,15,42,54,54,0.0,True
2004,15,43,54,54,0.0,True
2004,15,44,54,54,0.0,True
2004,15,45,53,54,10.0,True
2004,15,46,53,54,10.0,True
2004,15,47,53,51,-20.0,False
2004,15,48,53,53,0.0,True
2004,15,49,52,53,10.0,True
2004,16,0,55,56,10.0,True
2004,16,1,55,56,10.0,True
2004,16,2,54,55,10.0,True
2004,16,3,54,55,10.0,True
2004,16,4,54,55,10.0,True
2004,16,5,54,55,10.0,True
2004,16,6,53,55,20.0,True
2004,16,7,53,54,10.0,True
2004,16,8,53,54,10.0,True
2004,16,9,53,54,10.0,True
2004,16,10,53,54,10.0,True
2004,16,11,52,54,20.0,True
2004,16,12,52,53,10.0,True
2004,16,13,52,53,10.0,True
2004,16,14,52,53,10.0,True
2004,16,15,52,53,10.0,True
2004,16,16,52,52,0.0,True
2004,16,17,52,52,0.0,True
2004,16,18,51,52,10.0,True
2004,16,19,51,52,10.0,True
2004,16,20,51,51,0.0,True
2004,16,21,51,51,0.0,True
2004,16,22,51,51,0.0,True
2004,16,23,51,51,0.0,True
2004,16,24,51,50,-10.0,True
2004,16,25,51,50,-10.0,True
2004,16,26,50,50,0.0,True
2004,16,27,50,50,0.0,True
2004,16,28,50,50,0.0,True
2004,16,29,50,49,-10.0,True
2004,16,30,50,49,-10.0,True
2004,16,31,50,49,-10.0,True
2004,16,32,50,49,-10.0,True
2004,16,33,50,49,-10.0,True
2004,16,34,50,49,-10.0,True
2004,16,35,49,49,0.0,True
2004,16,36,49,48,-10.0,True
2004,16,37,49,48,-10.0,True
2004,16,38,49,48,-10.0,True
2004,16,39,49,48,-10.0,True
2004,16,40,49,48,-10.0,True
2004,16,41,49,47,-20.0,False
2004,16,42,49,47,-20.0,False
2004,16,43,48,47,-10.0,True
2004,16,44,48,47,-10.0,True
2004,16,45,48,47,-10.0,True
2004,16,46,48,47,-10.0,True
2004,16,47,48,46,-20.0,False
2004,16,48,48,46,-20.0,False
2004,16,49,48,46,-20.0,False
2004,17,0,58,59,10.0,True
2004,17,1,58,59,10.0,True
2004,17,2,58,59,10.0,True
2004,17,3,58,59,10.0,True
2004,17,4,58,59,10.0,True
2004,17,5,58,59,10.0,True
2004,17,6,57,59,20.0,True
2004,17,7,57,58,10.0,True
2004,17,8,57,58,10.0,True
2004,17,9,57,58,10.0,True
2004,17,10,57,58,10.0,True
2004,17,11,57,58,10.0,True
2004,17,12,57,57,0.0,True
2004,17,13,57,57,0.0,True
2004,17,14,56,57,10.0,True
2004,17,15,56,57,10.0,True
2004,17,16,56,57,10.0,True
2004,17,17,56,57,10.0,True
2004,17,18,56,56,0.0,True
2004,17,19,56,56,0.0,True
2004,17,20,56,56,0.0,True
2004,17,21,56,56,0.0,True
2004,17,22,55,56,10.0,True
2004,17,23,55,55,0.0,True
2004,17,24,55,55,0.0,True
2004,17,25,55,55,0.0,True
2004,17,26,55,55,0.0,True
2004,17,27,55,55,0.0,True
2004,17,28,55,55,0.0,True
2004,17,29,55,55,0.0,True
2004,17,30,54,55,10.0,True
2004,17,31,54,54,0.0,True
2004,17,32,54,54,0.0,True
2004,17,33,54,54,0.0,True
2004,17,34,54,54,0.0,True
2004,17,35,54,54,0.0,True
2004,17,36,54,53,-10.0,True
2004,17,37,54,53,-10.0,True
2004,17,38,53,53,0.0,True
2004,17,39,53,53,0.0,True
2004,17,40,53,53,0.0,True
2004,17,41,53,53,0.0,True
2004,17,42,53,52,-10.0,True
2004,17,43,53,52,-10.0,True
2004,17,44,53,52,-10.0,True
2004,17,45,53,52,-10.0,True
2004,17,46,52,52,0.0,True
2004,17,47,52,51,-10.0,True
2004,17,48,52,51,-10.0,True
2004,17,49,52,51,-10.0,True
2004,18,0,64,65,10.0,True
2004,18,1,63,65,20.0,True
2004,18,2,63,65,20.0,True
2004,18,3,63,64,10.0,True
2004,18,4,63,64,10.0,True
2004,18,5,63,64,10.0,True
2004,18,6,63,64,10.0,True
2004,18,7,63,63,0.0,True
2004,18,8,63,63,0.0,True
2004,18,9,62,63,10.0,True
2004,18,10,62,63,10.0,True
2004,18,11,62,63,10.0,True
2004,18,12,62,63,10.0,True
2004,18,13,62,63,10.0,True
2004,18,14,62,63,10.0,True
2004,18,15,62,62,0.0,True
2004,18,16,62,62,0.0,True
2004,18,17,61,62,10.0,True
2004,18,18,61,62,10.0,True
2004,18,19,61,63,20.0,False
2004,18,20,61,62,10.0,True
2004,18,21,61,62,10.0,True
2004,18,22,61,61,0.0,True
2004,18,23,61,61,0.0,True
2004,18,24,61,62,10.0,True
2004,18,25,60,62,20.0,True
2004,18,26,60,60,0.0,True
2004,18,27,60,60,0.0,True
2004,18,28,60,60,0.0,True
2004,18,29,60,60,0.0,True
2004,18,30,60,60,0.0,True
2004,18,31,60,60,0.0,True
2004,18,32,60,59,-10.0,True
2004,18,33,59,59,0.0,True
2004,18,34,59,59,0.0,True
2004,18,35,59,59,0.0,True
2004,18,36,59,59,0.0,True
2004,18,37,59,58,-10.0,True
2004,18,38,59,58,-10.0,True
2004,18,39,59,58,-10.0,True
2004,18,40,59,58,-10.0,True
2004,18,41,58,58,0.0,True
2004,18,42,58,58,0.0,True
2004,18,43,58,58,0.0,True
2004,18,44,58,57,-10.0,True
2004,18,45,58,57,-10.0,True
2004,18,46,58,57,-10.0,True
2004,18,47,58,57,-10.0,True
2004,18,48,58,57,-10.0,True
2004,18,49,57,57,0.0,True
2004,19,0,77,77,0.0,True
2004,19,1,77,77,0.0,True
2004,19,2,77,77,0.0,True
2004,19,3,77,77,0.0,True
2004,19,4,76,77,10.0,True
2004,19,5,76,76,0.0,True
2004,19,6,76,76,0.0,True
2004,19,7,76,76,0.0,True
2004,19,8,76,76,0.0,True
2004,19,9,76,75,-10.0,True
2004,19,10,76,75,-10.0,True
2004,19,11,76,75,-10.0,True
2004,19,12,75,75,0.0,True
2004,19,13,75,75,0.0,True
2004,19,14,75,75,0.0,True
2004,19,15,75,74,-10.0,True
2004,19,16,75,74,-10.0,True
2004,19,17,75,74,-10.0,True
2004,19,18,75,74,-10.0,True
2004,19,19,74,74,0.0,True
2004,19,20,74,73,-10.0,True
2004,19,21,74,73,-10.0,True
2004,19,22,74,74,0.0,True
2004,19,23,74,73,-10.0,True
2004,19,24,74,73,-10.0,True
2004,19,25,73,73,0.0,True
2004,19,26,73,73,0.0,True
2004,19,27,73,73,0.0,True
2004,19,28,73,72,-10.0,True
2004,19,29,73,73,0.0,True
2004,19,30,72,73,10.0,True
2004,19,31,72,73,10.0,True
2004,19,32,72,73,10.0,True
2004,19,33,72,72,0.0,True
2004,19,34,71,72,10.0,True
2004,19,35,71,72,10.0,True
2004,19,36,71,72,10.0,True
2004,19,37,70,71,10.0,True
2004,19,38,70,71,10.0,True
2004,19,39,70,71,10.0,True
2004,19,40,69,70,10.0,True
2004,19,41,69,70,10.0,True
2004,19,42,69,70,10.0,True
2004,19,43,68,71,30.0,False
2004,19,44,68,71,30.0,False
2004,19,45,68,70,20.0,False
2004,19,46,67,69,20.0,True
2004,19,47,67,69,20.0,True
2004,19,48,67,69,20.0,False
2004,19,49,66,70,40.0,False
2004,20,0,66,65,-10.0,True
2004,20,1,65,65,0.0,True
2004,20,2,65,65,0.0,True
2004,20,3,65,65,0.0,True
2004,20,4,64,65,10.0,True
2004,20,5,64,64,0.0,True
2004,20,6,64,64,0.0,True
2004,20,7,63,64,10.0,True
2004,20,8,63,64,10.0,True
2004,20,9,63,64,10.0,True
2004,20,10,62,64,20.0,True
2004,20,11,62,62,0.0,True
2004,20,12,62,63,10.0,True
2004,20,13,61,63,20.0,True
2004,20,14,61,61,0.0,True
2004,20,15,61,61,0.0,True
2004,20,16,61,61,0.0,True
2004,20,17,60,61,10.0,True
2004,20,18,60,61,10.0,True
2004,20,19,60,60,0.0,True
2004,20,20,60,60,0.0,True
2004,20,21,60,60,0.0,True
2004,20,22,59,60,10.0,True
2004,20,23,59,60,10.0,True
2004,20,24,59,59,0.0,True
2004,20,25,59,59,0.0,True
2004,20,26,59,59,0.0,True
2004,20,27,59,59,0.0,True
2004,20,28,59,59,0.0,True
2004,20,29,58,59,10.0,True
2004,20,30,58,58,0.0,True
2004,20,31,58,58,0.0,True
2004,20,32,58,58,0.0,True
2004,20,33,58,58,0.0,True
2004,20,34,58,58,0.0,True
2004,20,35,58,58,0.0,True
2004,20,36,58,57,-10.0,True
2004,20,37,57,57,0.0,True
2004,20,38,57,57,0.0,True
2004,20,39,57,57,0.0,True
2004,20,40,57,57,0.0,True
2004,20,41,57,57,0.0,True
2004,20,42,57,57,0.0,True
2004,20,43,57,56,-10.0,True
2004,20,44,57,56,-10.0,True
2004,20,45,56,55,-10.0,True
2004,20,46,56,55,-10.0,True
2004,20,47,56,55,-10.0,True
2004,20,48,56,55,-10.0,True
2004,20,49,56,55,-10.0,True
2004,21,0,56,58,20.0,False
2004,21,1,56,58,20.0,False
2004,21,2,55,58,30.0,False
2004,21,3,55,57,20.0,True
2004,21,4,55,57,20.0,True
2004,21,5,55,57,20.0,False
2004,21,6,55,56,10.0,True
2004,21,7,55,56,10.0,True
2004,21,8,55,56,10.0,True
2004,21,9,55,55,0.0,True
2004,21,10,54,56,20.0,True
2004,21,11,54,55,10.0,True
2004,21,12,54,55,10.0,True
2004,21,13,54,55,10.0,True
2004,21,14,54,55,10.0,True
2004,21,15,54,55,10.0,True
2004,21,16,54,54,0.0,True
2004,21,17,54,54,0.0,True
2004,21,18,53,53,0.0,True
2004,21,19,53,53,0.0,True
2004,21,20,53,53,0.0,True
2004,21,21,53,53,0.0,True
2004,21,22,53,53,0.0,True
2004,21,23,53,53,0.0,True
2004,21,24,53,52,-10.0,True
2004,21,25,53,52,-10.0,True
2004,21,26,52,52,0.0,True
2004,21,27,52,51,-10.0,True
2004,21,28,52,51,-10.0,True
2004,21,29,52,51,-10.0,True
2004,21,30,52,51,-10.0,True
2004,21,31,52,51,-10.0,True
2004,21,32,52,50,-20.0,False
2004,21,33,52,50,-20.0,False
2004,21,34,51,50,-10.0,True
2004,21,35,51,49,-20.0,False
2004,21,36,51,49,-20.0,False
2004,21,37,51,49,-20.0,False
2004,21,38,51,49,-20.0,False
2004,21,39,51,49,-20.0,False
2004,21,40,51,48,-30.0,False
2004,21,41,51,48,-30.0,False
2004,21,42,50,48,-20.0,False
2004,21,43,50,47,-30.0,False
2004,21,44,50,47,-30.0,False
2004,21,45,50,47,-30.0,False
2004,21,46,50,46,-40.0,False
2004,21,47,50,46,-40.0,False
2004,21,48,50,46,-40.0,False
2004,21,49,50,46,-40.0,False
2004,22,0,49,51,20.0,True
2004,22,1,49,51,20.0,True
2004,22,2,49,51,20.0,True
2004,22,3,49,51,20.0,False
2004,22,4,49,50,10.0,True
2004,22,5,49,50,10.0,True
2004,22,6,49,50,10.0,True
2004,22,7,49,50,10.0,True
2004,22,8,48,49,10.0,True
2004,22,9,48,49,10.0,True
2004,22,10,48,49,10.0,True
2004,22,11,48,49,10.0,True
2004,22,12,48,48,0.0,True
2004,22,13,48,48,0.0,True
2004,22,14,48,48,0.0,True
2004,22,15,48,48,0.0,True
2004,22,16,47,48,10.0,True
2004,22,17,47,47,0.0,True
2004,22,18,47,47,0.0,True
2004,22,19,47,47,0.0,True
2004,22,20,47,47,0.0,True
2004,22,21,47,46,-10.0,True
2004,22,22,47,46,-10.0,True
2004,22,23,47,46,-10.0,True
2004,22,24,46,46,0.0,True
2004,22,25,46,45,-10.0,True
2004,22,26,46,45,-10.0,True
2004,22,27,46,45,-10.0,True
2004,22,28,46,45,-10.0,True
2004,22,29,46,44,-20.0,False
2004,22,30,46,44,-20.0,False
2004,22,31,46,44,-20.0,False
2004,22,32,45,43,-20.0,False
2004,22,33,45,43,-20.0,False
2004,22,34,45,43,-20.0,False
2004,22,35,45,43,-20.0,False
2004,22,36,45,43,-20.0,False
2004,22,37,45,42,-30.0,False
2004,22,38,45,42,-30.0,False
2004,22,39,45,42,-30.0,False
2004,22,40,44,42,-20.0,False
2004,22,41,44,45,10.0,True
2004,22,42,44,41,-30.0,False
2004,22,43,44,41,-30.0,False
2004,22,44,44,41,-30.0,False
2004,22,45,44,44,0.0,True
2004,22,46,44,40,-40.0,False
2004,22,47,44,40,-40.0,False
2004,22,48,43,40,-30.0,False
2004,22,49,43,43,0.0,True
2004,23,0,51,52,10.0,True
2004,23,1,51,51,0.0,True
2004,23,2,51,51,0.0,True
2004,23,3,51,51,0.0,True
2004,23,4,51,51,0.0,True
2004,23,5,50,51,10.0,True
2004,23,6,50,51,10.0,True
2004,23,7,50,50,0.0,True
2004,23,8,50,50,0.0,True
2004,23,9,50,50,0.0,True
2004,23,10,49,50,10.0,True
2004,23,11,49,49,0.0,True
2004,23,12,49,49,0.0,True
2004,23,13,49,49,0.0,True
2004,23,14,48,49,10.0,True
2004,23,15,48,48,0.0,True
2004,23,16,48,48,0.0,True
2004,23,17,48,48,0.0,True
2004,23,18,47,48,10.0,True
2004,23,19,47,48,10.0,True
2004,23,20,47,47,0.0,True
2004,23,21,47,47,0.0,True
2004,23,22,47,47,0.0,True
2004,23,23,46,47,10.0,True
2004,23,24,46,46,0.0,True
2004,23,25,46,46,0.0,True
2004,23,26,46,46,0.0,True
2004,23,27,45,46,10.0,True
2004,23,28,45,46,10.0,True
2004,23,29,45,45,0.0,True
2004,23,30,45,45,0.0,True
2004,23,31,44,45,10.0,True
2004,23,32,44,45,10.0,True
2004,23,33,44,44,0.0,True
2004,23,34,44,44,0.0,True
2004,23,35,44,44,0.0,True
2004,23,36,43,44,10.0,True
2004,23,37,43,44,10.0,True
2004,23,38,43,44,10.0,True
2004,23,39,43,43,0.0,True
2004,23,40,42,46,40.0,False
2004,23,41,42,43,10.0,True
2004,23,42,42,43,10.0,True
2004,23,43,42,43,10.0,True
2004,23,44,42,42,0.0,True
2004,23,45,41,42,10.0,True
2004,23,46,41,45,40.0,False
2004,23,47,41,42,10.0,True
2004,23,48,41,42,10.0,True
2004,23,49,40,44,40.0,False
2004,24,0,52,51,-10.0,True
2004,24,1,52,51,-10.0,True
2004,24,2,52,51,-10.0,True
2004,24,3,52,51,-10.0,True
2004,24,4,51,50,-10.0,True
2004,24,5,51,50,-10.0,True
2004,24,6,51,50,-10.0,True
2004,24,7,51,50,-10.0,True
2004,24,8,50,50,0.0,True
2004,24,9,50,50,0.0,True
2004,24,10,50,49,-10.0,True
2004,24,11,50,49,-10.0,True
2004,24,12,49,49,0.0,True
2004,24,13,49,49,0.0,True
2004,24,14,49,49,0.0,True
2004,24,15,49,48,-10.0,True
2004,24,16,49,48,-10.0,True
2004,24,17,48,48,0.0,True
2004,24,18,48,48,0.0,True
2004,24,19,48,48,0.0,True
2004,24,20,48,47,-10.0,True
2004,24,21,47,47,0.0,True
2004,24,22,47,47,0.0,True
2004,24,23,47,47,0.0,True
2004,24,24,47,47,0.0,True
2004,24,25,47,46,-10.0,True
2004,24,26,46,46,0.0,True
2004,24,27,46,46,0.0,True
2004,24,28,46,46,0.0,True
2004,24,29,46,46,0.0,True
2004,24,30,45,45,0.0,True
2004,24,31,45,45,0.0,True
2004,24,32,45,45,0.0,True
2004,24,33,45,45,0.0,True
2004,24,34,44,45,10.0,True
2004,24,35,44,44,0.0,True
2004,24,36,44,44,0.0,True
2004,24,37,44,44,0.0,True
2004,24,38,43,44,10.0,True
2004,24,39,43,44,10.0,True
2004,24,40,43,44,10.0,True
2004,24,41,43,43,0.0,True
2004,24,42,43,43,0.0,True
2004,24,43,42,43,10.0,True
2004,24,44,42,43,10.0,True
2004,24,45,42,42,0.0,True
2004,24,46,42,42,0.0,True
2004,24,47,41,42,10.0,True
2004,24,48,41,42,10.0,True
2004,24,49,41,42,10.0,True
2004,25,0,52,52,0.0,True
2004,25,1,52,52,0.0,True
2004,25,2,52,52,0.0,True
2004,25,3,51,51,0.0,True
2004,25,4,51,51,0.0,True
2004,25,5,51,51,0.0,True
2004,25,6,51,51,0.0,True
2004,25,7,51,51,0.0,True
2004,25,8,50,50,0.0,True
2004,25,9,50,50,0.0,True
2004,25,10,50,50,0.0,True
2004,25,11,50,50,0.0,True
2004,25,12,49,49,0.0,True
2004,25,13,49,49,0.0,True
2004,25,14,49,49,0.0,True
2004,25,15,49,49,0.0,True
2004,25,16,49,49,0.0,True
2004,25,17,48,49,10.0,True
2004,25,18,48,48,0.0,True
2004,25,19,48,48,0.0,True
2004,25,20,48,48,0.0,True
2004,25,21,47,48,10.0,True
2004,25,22,47,48,10.0,True
2004,25,23,47,47,0.0,True
2004,25,24,47,47,0.0,True
2004,25,25,47,47,0.0,True
2004,25,26,46,47,10.0,True
2004,25,27,46,46,0.0,True
2004,25,28,46,46,0.0,True
2004,25,29,46,46,0.0,True
2004,25,30,46,46,0.0,True
2004,25,31,45,46,10.0,True
2004,25,32,45,45,0.0,True
2004,25,33,45,45,0.0,True
2004,25,34,45,45,0.0,True
2004,25,35,45,45,0.0,True
2004,25,36,44,45,10.0,True
2004,25,37,44,42,-20.0,False
2004,25,38,44,44,0.0,True
2004,25,39,44,44,0.0,True
2004,25,40,44,44,0.0,True
2004,25,41,44,44,0.0,True
2004,25,42,44,43,-10.0,True
2004,25,43,43,43,0.0,True
2004,25,44,43,43,0.0,True
2004,25,45,43,43,0.0,True
2004,25,46,43,43,0.0,True
2004,25,47,43,41,-20.0,False
2004,25,48,43,41,-20.0,False
2004,25,49,43,42,-10.0,True
2004,26,0,57,60,30.0,False
2004,26,1,57,60,30.0,False
2004,26,2,57,60,30.0,False
2004,26,3,56,59,30.0,False
2004,26,4,56,59,30.0,False
2004,26,5,56,59,30.0,False
2004,26,6,56,59,30.0,False
2004,26,7,56,59,30.0,False
2004,26,8,56,59,30.0,False
2004,26,9,56,58,20.0,False
2004,26,10,56,58,20.0,False
2004,26,11,56,56,0.0,True
2004,26,12,56,58,20.0,False
2004,26,13,55,58,30.0,False
2004,26,14,55,58,30.0,False
2004,26,15,55,55,0.0,True
2004,26,16,55,57,20.0,False
2004,26,17,55,57,20.0,False
2004,26,18,55,57,20.0,False
2004,26,19,55,57,20.0,False
2004,26,20,55,57,20.0,False
2004,26,21,55,54,-10.0,True
2004,26,22,55,54,-10.0,True
2004,26,23,55,56,10.0,True
2004,26,24,54,56,20.0,True
2004,26,25,54,56,20.0,True
2004,26,26,54,53,-10.0,True
2004,26,27,54,53,-10.0,True
2004,26,28,54,52,-20.0,False
2004,26,29,54,54,0.0,True
2004,26,30,54,52,-20.0,False
2004,26,31,54,52,-20.0,False
2004,26,32,54,52,-20.0,False
2004,26,33,54,53,-10.0,True
2004,26,34,54,52,-20.0,False
2004,26,35,54,52,-20.0,False
2004,26,36,53,52,-10.0,True
2004,26,37,53,52,-10.0,True
2004,26,38,53,52,-10.0,True
2004,26,39,53,52,-10.0,True
2004,26,40,53,52,-10.0,True
2004,26,41,53,52,-10.0,True
2004,26,42,53,51,-20.0,False
2004,26,43,53,51,-20.0,False
2004,26,44,53,51,-20.0,False
2004,26,45,53,50,-30.0,False
2004,26,46,53,50,-30.0,False
2004,26,47,53,50,-30.0,False
2004,26,48,52,50,-20.0,False
2004,26,49,52,49,-30.0,False
2004,27,0,72,75,30.0,False
2004,27,1,72,77,50.0,False
2004,27,2,72,77,50.0,False
2004,27,3,72,76,40.0,False
2004,27,4,72,74,20.0,False
2004,27,5,72,74,20.0,False
2004,27,6,72,73,10.0,True
2004,27,7,71,73,20.0,True
2004,27,8,71,73,20.0,True
2004,27,9,71,73,20.0,True
2004,27,10,71,73,20.0,True
2004,27,11,71,72,10.0,True
2004,27,12,71,72,10.0,True
2004,27,13,71,72,10.0,True
2004,27,14,71,72,10.0,True
2004,27,15,71,71,0.0,True
2004,27,16,71,71,0.0,True
2004,27,17,71,71,0.0,True
2004,27,18,71,71,0.0,True
2004,27,19,70,71,10.0,True
2004,27,20,70,70,0.0,True
2004,27,21,70,70,0.0,True
2004,27,22,70,70,0.0,True
2004,27,23,70,70,0.0,True
2004,27,24,70,70,0.0,True
2004,27,25,70,69,-10.0,True
2004,27,26,70,69,-10.0,True
2004,27,27,70,69,-10.0,True
2004,27,28,70,69,-10.0,True
2004,27,29,70,69,-10.0,True
2004,27,30,70,69,-10.0,True
2004,27,31,69,69,0.0,True
2004,27,32,69,68,-10.0,True
2004,27,33,69,68,-10.0,True
2004,27,34,69,68,-10.0,True
2004,27,35,69,68,-10.0,True
2004,27,36,69,67,-20.0,False
2004,27,37,69,67,-20.0,False
2004,27,38,69,67,-20.0,False
2004,27,39,69,67,-20.0,False
2004,27,40,69,66,-30.0,False
2004,27,41,68,66,-20.0,False
2004,27,42,68,66,-20.0,False
2004,27,43,68,66,-20.0,False
2004,27,44,68,65,-30.0,False
2004,27,45,68,65,-30.0,False
2004,27,46,68,65,-30.0,False
2004,27,47,67,65,-20.0,False
2004,27,48,67,64,-30.0,False
2004,27,49,67,64,-30.0,False
2004,28,0,70,68,-20.0,False
2004,28,1,69,68,-10.0,True
2004,28,2,69,68,-10.0,True
2004,28,3,69,68,-10.0,True
2004,28,4,69,67,-20.0,False
2004,28,5,68,67,-10.0,True
2004,28,6,68,67,-10.0,True
2004,28,7,68,67,-10.0,True
2004,28,8,68,66,-20.0,False
2004,28,9,67,66,-10.0,True
2004,28,10,67,66,-10.0,True
2004,28,11,67,66,-10.0,True
2004,28,12,67,66,-10.0,True
2004,28,13,66,65,-10.0,True
2004,28,14,66,65,-10.0,True
2004,28,15,66,65,-10.0,True
2004,28,16,66,65,-10.0,True
2004,28,17,66,65,-10.0,True
2004,28,18,65,65,0.0,True
2004,28,19,65,65,0.0,True
2004,28,20,65,65,0.0,True
2004,28,21,65,64,-10.0,True
2004,28,22,64,64,0.0,True
2004,28,23,64,64,0.0,True
2004,28,24,64,63,-10.0,True
2004,28,25,64,63,-10.0,True
2004,28,26,64,63,-10.0,True
2004,28,27,63,63,0.0,True
2004,28,28,63,63,0.0,True
2004,28,29,63,62,-10.0,True
2004,28,30,63,62,-10.0,True
2004,28,31,62,62,0.0,True
2004,28,32,62,63,10.0,True
2004,28,33,62,63,10.0,True
2004,28,34,62,62,0.0,True
2004,28,35,61,61,0.0,True
2004,28,36,61,61,0.0,True
2004,28,37,61,61,0.0,True
2004,28,38,61,61,0.0,True
2004,28,39,61,61,0.0,True
2004,28,40,60,61,10.0,True
2004,28,41,60,61,10.0,True
2004,28,42,60,61,10.0,True
2004,28,43,60,61,10.0,True
2004,28,44,59,61,20.0,True
2004,28,45,59,60,10.0,True
2004,28,46,59,60,10.0,True
2004,28,47,59,60,10.0,True
2004,28,48,58,60,20.0,True
2004,28,49,58,60,20.0,True
2004,29,0,72,72,0.0,True
2004,29,1,72,72,0.0,True
2004,29,2,72,72,0.0,True
2004,29,3,72,71,-10.0,True
2004,29,4,71,71,0.0,True
2004,29,5,71,71,0.0,True
2004,29,6,71,71,0.0,True
2004,29,7,71,71,0.0,True
2004,29,8,71,70,-10.0,True
2004,29,9,70,70,0.0,True
2004,29,10,70,70,0.0,True
2004,29,11,70,70,0.0,True
2004,29,12,70,70,0.0,True
2004,29,13,69,68,-10.0,True
2004,29,14,69,68,-10.0,True
2004,29,15,69,68,-10.0,True
2004,29,16,69,69,0.0,True
2004,29,17,68,68,0.0,True
2004,29,18,68,68,0.0,True
2004,29,19,68,68,0.0,True
2004,29,20,68,68,0.0,True
2004,29,21,68,68,0.0,True
2004,29,22,67,66,-10.0,True
2004,29,23,67,66,-10.0,True
2004,29,24,67,67,0.0,True
2004,29,25,67,66,-10.0,True
2004,29,26,66,66,0.0,True
2004,29,27,66,65,-10.0,True
2004,29,28,66,65,-10.0,True
2004,29,29,66,65,-10.0,True
2004,29,30,65,65,0.0,True
2004,29,31,65,65,0.0,True
2004,29,32,65,64,-10.0,True
2004,29,33,65,65,0.0,True
2004,29,34,65,64,-10.0,True
2004,29,35,64,64,0.0,True
2004,29,36,64,63,-10.0,True
2004,29,37,64,63,-10.0,True
2004,29,38,64,63,-10.0,True
2004,29,39,63,63,0.0,True
2004,29,40,63,62,-10.0,True
2004,29,41,63,62,-10.0,True
2004,29,42,63,62,-10.0,True
2004,29,43,62,62,0.0,True
2004,29,44,62,62,0.0,True
2004,29,45,62,62,0.0,True
2004,29,46,62,61,-10.0,True
2004,29,47,62,61,-10.0,True
2004,29,48,61,61,0.0,True
2004,29,49,61,61,0.0,True
2004,30,0,64,64,0.0,True
2004,30,1,64,63,-10.0,True
2004,30,2,63,63,0.0,True
2004,30,3,63,63,0.0,True
2004,30,4,63,63,0.0,True
2004,30,5,63,63,0.0,True
2004,30,6,62,62,0.0,True
2004,30,7,62,62,0.0,True
2004,30,8,62,62,0.0,True
2004,30,9,62,61,-10.0,True
2004,30,10,62,61,-10.0,True
2004,30,11,61,61,0.0,True
2004,30,12,61,61,0.0,True
2004,30,13,61,61,0.0,True
2004,30,14,61,61,0.0,True
2004,30,15,60,60,0.0,True
2004,30,16,60,60,0.0,True
2004,30,17,60,60,0.0,True
2004,30,18,60,60,0.0,True
2004,30,19,59,59,0.0,True
2004,30,20,59,59,0.0,True
2004,30,21,59,59,0.0,True
2004,30,22,59,59,0.0,True
2004,30,23,59,57,-20.0,False
2004,30,24,58,57,-10.0,True
2004,30,25,58,58,0.0,True
2004,30,26,58,58,0.0,True
2004,30,27,58,57,-10.0,True
2004,30,28,57,57,0.0,True
2004,30,29,57,57,0.0,True
2004,30,30,57,57,0.0,True
2004,30,31,57,56,-10.0,True
2004,30,32,57,56,-10.0,True
2004,30,33,56,54,-20.0,False
2004,30,34,56,54,-20.0,False
2004,30,35,56,54,-20.0,False
2004,30,36,56,55,-10.0,True
2004,30,37,55,55,0.0,True
2004,30,38,55,55,0.0,True
2004,30,39,55,54,-10.0,True
2004,30,40,55,54,-10.0,True
2004,30,41,54,54,0.0,True
2004,30,42,54,54,0.0,True
2004,30,43,54,53,-10.0,True
2004,30,44,54,52,-20.0,False
2004,30,45,54,53,-10.0,True
2004,30,46,53,53,0.0,True
2004,30,47,53,50,-30.0,False
2004,30,48,53,50,-30.0,False
2004,30,49,53,51,-20.0,False
2004,31,0,64,63,-10.0,True
2004,31,1,64,60,-40.0,False
2004,31,2,63,62,-10.0,True
2004,31,3,63,61,-20.0,False
2004,31,4,63,61,-20.0,False
2004,31,5,63,61,-20.0,False
2004,31,6,62,61,-10.0,True
2004,31,7,62,61,-10.0,True
2004,31,8,62,60,-20.0,False
2004,31,9,62,60,-20.0,False
2004,31,10,61,60,-10.0,True
2004,31,11,61,61,0.0,True
2004,31,12,61,60,-10.0,True
2004,31,13,61,60,-10.0,True
2004,31,14,60,58,-20.0,False
2004,31,15,60,59,-10.0,True
2004,31,16,60,59,-10.0,True
2004,31,17,59,59,0.0,True
2004,31,18,59,59,0.0,True
2004,31,19,59,58,-10.0,True
2004,31,20,59,58,-10.0,True
2004,31,21,58,58,0.0,True
2004,31,22,58,58,0.0,True
2004,31,23,58,58,0.0,True
2004,31,24,57,57,0.0,True
2004,31,25,57,57,0.0,True
2004,31,26,57,57,0.0,True
2004,31,27,56,57,10.0,True
2004,31,28,56,56,0.0,True
2004,31,29,56,56,0.0,True
2004,31,30,55,56,10.0,True
2004,31,31,55,54,-10.0,True
2004,31,32,55,53,-20.0,False
2004,31,33,55,54,-10.0,True
2004,31,34,54,52,-20.0,False
2004,31,35,54,54,0.0,True
2004,31,36,54,54,0.0,True
2004,31,37,53,53,0.0,True
2004,31,38,53,53,0.0,True
2004,31,39,53,53,0.0,True
2004,31,40,52,53,10.0,True
2004,31,41,52,53,10.0,True
2004,31,42,52,53,10.0,True
2004,31,43,51,53,20.0,True
2004,31,44,51,52,10.0,True
2004,31,45,51,52,10.0,True
2004,31,46,50,52,20.0,True
2004,31,47,50,50,0.0,True
2004,31,48,50,50,0.0,True
2004,31,49,50,50,0.0,True
2004,32,0,82,81,-10.0,True
2004,32,1,82,82,0.0,True
2004,32,2,82,82,0.0,True
2004,32,3,81,82,10.0,True
2004,32,4,81,81,0.0,True
2004,32,5,81,81,0.0,True
2004,32,6,80,81,10.0,True
2004,32,7,80,81,10.0,True
2004,32,8,80,80,0.0,True
2004,32,9,79,80,10.0,True
2004,32,10,79,80,10.0,True
2004,32,11,79,77,-20.0,False
2004,32,12,78,77,-10.0,True
2004,32,13,78,78,0.0,True
2004,32,14,78,77,-10.0,True
2004,32,15,77,78,10.0,True
2004,32,16,77,78,10.0,True
2004,32,17,77,78,10.0,True
2004,32,18,76,78,20.0,True
2004,32,19,76,75,-10.0,True
2004,32,20,76,77,10.0,True
2004,32,21,76,77,10.0,True
2004,32,22,75,77,20.0,True
2004,32,23,75,76,10.0,True
2004,32,24,75,76,10.0,True
2004,32,25,75,76,10.0,True
2004,32,26,74,76,20.0,True
2004,32,27,74,75,10.0,True
2004,32,28,74,75,10.0,True
2004,32,29,74,75,10.0,True
2004,32,30,74,75,10.0,True
2004,32,31,73,72,-10.0,True
2004,32,32,73,74,10.0,True
2004,32,33,73,74,10.0,True
2004,32,34,73,74,10.0,True
2004,32,35,73,74,10.0,True
2004,32,36,73,73,0.0,True
2004,32,37,72,72,0.0,True
2004,32,38,72,70,-20.0,False
2004,32,39,72,71,-10.0,True
2004,32,40,72,71,-10.0,True
2004,32,41,72,71,-10.0,True
2004,32,42,72,70,-20.0,False
2004,32,43,71,71,0.0,True
2004,32,44,71,70,-10.0,True
2004,32,45,71,71,0.0,True
2004,32,46,71,69,-20.0,False
2004,32,47,71,71,0.0,True
2004,32,48,70,70,0.0,True
2004,32,49,70,70,0.0,True
2004,33,0,89,90,10.0,True
2004,33,1,89,90,10.0,True
2004,33,2,89,90,10.0,True
2004,33,3,89,90,10.0,True
2004,33,4,89,90,10.0,True
2004,33,5,88,86,-20.0,False
2004,33,6,88,85,-30.0,False
2004,33,7,88,89,10.0,True
2004,33,8,88,89,10.0,True
2004,33,9,88,89,10.0,True
2004,33,10,88,89,10.0,True
2004,33,11,87,88,10.0,True
2004,33,12,87,88,10.0,True
2004,33,13,87,88,10.0,True
2004,33,14,87,87,0.0,True
2004,33,15,87,87,0.0,True
2004,33,16,86,87,10.0,True
2004,33,17,86,86,0.0,True
2004,33,18,86,86,0.0,True
2004,33,19,86,86,0.0,True
2004,33,20,86,85,-10.0,True
2004,33,21,86,85,-10.0,True
2004,33,22,85,85,0.0,True
2004,33,23,85,85,0.0,True
2004,33,24,85,85,0.0,True
2004,33,25,85,84,-10.0,True
2004,33,26,85,84,-10.0,True
2004,33,27,84,84,0.0,True
2004,33,28,84,84,0.0,True
2004,33,29,84,84,0.0,True
2004,33,30,84,84,0.0,True
2004,33,31,84,83,-10.0,True
2004,33,32,84,80,-40.0,False
2004,33,33,83,80,-30.0,False
2004,33,34,83,83,0.0,True
2004,33,35,83,82,-10.0,True
2004,33,36,83,82,-10.0,True
2004,33,37,83,81,-20.0,False
2004,33,38,82,79,-30.0,False
2004,33,39,82,80,-20.0,False
2004,33,40,82,80,-20.0,False
2004,33,41,82,78,-40.0,False
2004,33,42,82,79,-30.0,False
2004,33,43,82,78,-40.0,False
2004,33,44,81,77,-40.0,False
2004,33,45,81,77,-40.0,False
2004,33,46,81,77,-40.0,False
2004,33,47,81,77,-40.0,False
2004,33,48,81,76,-50.0,False
2004,33,49,81,74,-70.0,False
2004,34,0,80,81,10.0,True
2004,34,1,80,81,10.0,True
2004,34,2,80,80,0.0,True
2004,34,3,80,80,0.0,True
2004,34,4,80,80,0.0,True
2004,34,5,79,80,10.0,True
2004,34,6,79,80,10.0,True
2004,34,7,79,80,10.0,True
2004,34,8,79,79,0.0,True
2004,34,9,79,79,0.0,True
2004,34,10,79,79,0.0,True
2004,34,11,78,79,10.0,True
2004,34,12,78,79,10.0,True
2004,34,13,78,78,0.0,True
2004,34,14,78,78,0.0,True
2004,34,15,78,78,0.0,True
2004,34,16,77,78,10.0,True
2004,34,17,77,77,0.0,True
2004,34,18,77,77,0.0,True
2004,34,19,77,78,10.0,True
2004,34,20,77,77,0.0,True
2004,34,21,77,78,10.0,True
2004,34,22,76,77,10.0,True
2004,34,23,76,75,-10.0,True
2004,34,24,76,76,0.0,True
2004,34,25,76,76,0.0,True
2004,34,26,76,75,-10.0,True
2004,34,27,75,76,10.0,True
2004,34,28,75,76,10.0,True
2004,34,29,75,76,10.0,True
2004,34,30,75,75,0.0,True
2004,34,31,74,75,10.0,True
2004,34,32,74,75,10.0,True
2004,34,33,74,75,10.0,True
2004,34,34,74,74,0.0,True
2004,34,35,74,74,0.0,True
2004,34,36,73,74,10.0,True
2004,34,37,73,73,0.0,True
2004,34,38,73,73,0.0,True
2004,34,39,73,73,0.0,True
2004,34,40,72,73,10.0,True
2004,34,41,72,73,10.0,True
2004,34,42,72,73,10.0,True
2004,34,43,72,69,-30.0,False
2004,34,44,71,69,-20.0,False
2004,34,45,71,70,-10.0,True
2004,34,46,71,69,-20.0,False
2004,34,47,71,69,-20.0,False
2004,34,48,71,68,-30.0,False
2004,34,49,70,70,0.0,True
2004,35,0,89,89,0.0,True
2004,35,1,88,89,10.0,True
2004,35,2,88,88,0.0,True
2004,35,3,88,88,0.0,True
2004,35,4,88,88,0.0,True
2004,35,5,88,88,0.0,True
2004,35,6,87,87,0.0,True
2004,35,7,87,87,0.0,True
2004,35,8,87,87,0.0,True
2004,35,9,87,87,0.0,True
2004,35,10,86,87,10.0,True
2004,35,11,86,87,10.0,True
2004,35,12,86,87,10.0,True
2004,35,13,86,87,10.0,True
2004,35,14,85,87,20.0,True
2004,35,15,85,87,20.0,True
2004,35,16,85,83,-20.0,False
2004,35,17,85,84,-10.0,True
2004,35,18,85,84,-10.0,True
2004,35,19,84,83,-10.0,True
2004,35,20,84,85,10.0,True
2004,35,21,84,83,-10.0,True
2004,35,22,84,85,10.0,True
2004,35,23,83,84,10.0,True
2004,35,24,83,84,10.0,True
2004,35,25,83,84,10.0,True
2004,35,26,83,83,0.0,True
2004,35,27,82,83,10.0,True
2004,35,28,82,82,0.0,True
2004,35,29,82,80,-20.0,False
2004,35,30,82,81,-10.0,True
2004,35,31,82,80,-20.0,False
2004,35,32,81,80,-10.0,True
2004,35,33,81,81,0.0,True
2004,35,34,81,81,0.0,True
2004,35,35,81,78,-30.0,False
2004,35,36,80,79,-10.0,True
2004,35,37,80,79,-10.0,True
2004,35,38,80,78,-20.0,False
2004,35,39,80,78,-20.0,False
2004,35,40,79,77,-20.0,False
2004,35,41,79,77,-20.0,False
2004,35,42,79,78,-10.0,True
2004,35,43,79,77,-20.0,False
2004,35,44,79,76,-30.0,False
2004,35,45,78,76,-20.0,False
2004,35,46,78,76,-20.0,False
2004,35,47,78,76,-20.0,False
2004,35,48,78,76,-20.0,False
2004,35,49,77,76,-10.0,True
2004,36,0,77,77,0.0,True
2004,36,1,77,77,0.0,True
2004,36,2,77,76,-10.0,True
2004,36,3,76,77,10.0,True
2004,36,4,76,76,0.0,True
2004,36,5,76,76,0.0,True
2004,36,6,76,76,0.0,True
2004,36,7,76,76,0.0,True
2004,36,8,75,76,10.0,True
2004,36,9,75,75,0.0,True
2004,36,10,75,74,-10.0,True
2004,36,11,75,74,-10.0,True
2004,36,12,74,74,0.0,True
2004,36,13,74,74,0.0,True
2004,36,14,74,74,0.0,True
2004,36,15,74,73,-10.0,True
2004,36,16,73,74,10.0,True
2004,36,17,73,72,-10.0,True
2004,36,18,73,73,0.0,True
2004,36,19,73,72,-10.0,True
2004,36,20,73,72,-10.0,True
2004,36,21,72,72,0.0,True
2004,36,22,72,72,0.0,True
2004,36,23,72,72,0.0,True
2004,36,24,72,71,-10.0,True
2004,36,25,71,71,0.0,True
2004,36,26,71,71,0.0,True
2004,36,27,71,73,20.0,False
2004,36,28,71,70,-10.0,True
2004,36,29,70,71,10.0,True
2004,36,30,70,70,0.0,True
2004,36,31,70,70,0.0,True
2004,36,32,70,69,-10.0,True
2004,36,33,70,69,-10.0,True
2004,36,34,69,69,0.0,True
2004,36,35,69,68,-10.0,True
2004,36,36,69,68,-10.0,True
2004,36,37,69,68,-10.0,True
2004,36,38,68,67,-10.0,True
2004,36,39,68,69,10.0,True
2004,36,40,68,67,-10.0,True
2004,36,41,68,68,0.0,True
2004,36,42,67,68,10.0,True
2004,36,43,67,66,-10.0,True
2004,36,44,67,66,-10.0,True
2004,36,45,67,66,-10.0,True
2004,36,46,67,66,-10.0,True
2004,36,47,66,65,-10.0,True
2004,36,48,66,65,-10.0,True
2004,36,49,66,65,-10.0,True
2004,37,0,76,74,-20.0,False
2004,37,1,75,74,-10.0,True
2004,37,2,75,73,-20.0,False
2004,37,3,75,73,-20.0,False
2004,37,4,75,73,-20.0,False
2004,37,5,74,73,-10.0,True
2004,37,6,74,73,-10.0,True
2004,37,7,74,73,-10.0,True
2004,37,8,74,72,-20.0,False
2004,37,9,73,72,-10.0,True
2004,37,10,73,72,-10.0,True
2004,37,11,73,72,-10.0,True
2004,37,12,73,72,-10.0,True
2004,37,13,73,72,-10.0,True
2004,37,14,72,72,0.0,True
2004,37,15,72,72,0.0,True
2004,37,16,72,71,-10.0,True
2004,37,17,72,71,-10.0,True
2004,37,18,71,71,0.0,True
2004,37,19,71,71,0.0,True
2004,37,20,71,70,-10.0,True
2004,37,21,71,70,-10.0,True
2004,37,22,70,70,0.0,True
2004,37,23,70,70,0.0,True
2004,37,24,70,70,0.0,True
2004,37,25,70,69,-10.0,True
2004,37,26,70,69,-10.0,True
2004,37,27,69,69,0.0,True
2004,37,28,69,69,0.0,True
2004,37,29,69,69,0.0,True
2004,37,30,69,69,0.0,True
2004,37,31,68,69,10.0,True
2004,37,32,68,69,10.0,True
2004,37,33,68,69,10.0,True
2004,37,34,68,69,10.0,True
2004,37,35,67,68,10.0,True
2004,37,36,67,68,10.0,True
2004,37,37,67,68,10.0,True
2004,37,38,67,68,10.0,True
2004,37,39,67,68,10.0,True
2004,37,40,66,69,30.0,False
2004,37,41,66,68,20.0,True
2004,37,42,66,68,20.0,False
2004,37,43,66,68,20.0,False
2004,37,44,65,67,20.0,True
2004,37,45,65,67,20.0,True
2004,37,46,65,67,20.0,False
2004,37,47,65,67,20.0,False
2004,37,48,64,66,20.0,True
2004,37,49,64,66,20.0,True
2004,38,0,71,69,-20.0,False
2004,38,1,71,69,-20.0,False
2004,38,2,71,69,-20.0,False
2004,38,3,71,69,-20.0,False
2004,38,4,70,68,-20.0,False
2004,38,5,70,68,-20.0,False
2004,38,6,70,68,-20.0,False
2004,38,7,70,67,-30.0,False
2004,38,8,69,67,-20.0,False
2004,38,9,69,67,-20.0,False
2004,38,10,69,67,-20.0,False
2004,38,11,69,67,-20.0,False
2004,38,12,68,66,-20.0,False
2004,38,13,68,66,-20.0,False
2004,38,14,68,66,-20.0,False
2004,38,15,68,66,-20.0,False
2004,38,16,68,66,-20.0,False
2004,38,17,67,66,-10.0,True
2004,38,18,67,66,-10.0,True
2004,38,19,67,66,-10.0,True
2004,38,20,67,66,-10.0,True
2004,38,21,66,65,-10.0,True
2004,38,22,66,67,10.0,True
2004,38,23,66,66,0.0,True
2004,38,24,66,65,-10.0,True
2004,38,25,65,65,0.0,True
2004,38,26,65,65,0.0,True
2004,38,27,65,65,0.0,True
2004,38,28,65,65,0.0,True
2004,38,29,65,65,0.0,True
2004,38,30,64,65,10.0,True
2004,38,31,64,65,10.0,True
2004,38,32,64,65,10.0,True
2004,38,33,64,64,0.0,True
2004,38,34,63,64,10.0,True
2004,38,35,63,64,10.0,True
2004,38,36,63,64,10.0,True
2004,38,37,63,64,10.0,True
2004,38,38,63,64,10.0,True
2004,38,39,62,64,20.0,True
2004,38,40,62,63,10.0,True
2004,38,41,62,63,10.0,True
2004,38,42,62,63,10.0,True
2004,38,43,61,63,20.0,True
2004,38,44,61,63,20.0,True
2004,38,45,61,63,20.0,False
2004,38,46,61,63,20.0,False
2004,38,47,60,63,30.0,False
2004,38,48,60,63,30.0,False
2004,38,49,60,62,20.0,False
2004,39,0,60,57,-30.0,False
2004,39,1,60,57,-30.0,False
2004,39,2,59,57,-20.0,False
2004,39,3,59,57,-20.0,False
2004,39,4,59,56,-30.0,False
2004,39,5,59,56,-30.0,False
2004,39,6,58,56,-20.0,False
2004,39,7,58,56,-20.0,False
2004,39,8,58,56,-20.0,False
2004,39,9,58,56,-20.0,False
2004,39,10,57,56,-10.0,True
2004,39,11,57,56,-10.0,True
2004,39,12,57,56,-10.0,True
2004,39,13,57,55,-20.0,False
2004,39,14,57,55,-20.0,False
2004,39,15,56,55,-10.0,True
2004,39,16,56,55,-10.0,True
2004,39,17,56,55,-10.0,True
2004,39,18,56,55,-10.0,True
2004,39,19,56,55,-10.0,True
2004,39,20,55,55,0.0,True
2004,39,21,55,55,0.0,True
2004,39,22,55,55,0.0,True
2004,39,23,55,55,0.0,True
2004,39,24,55,55,0.0,True
2004,39,25,55,55,0.0,True
2004,39,26,54,55,10.0,True
2004,39,27,54,55,10.0,True
2004,39,28,54,55,10.0,True
2004,39,29,54,54,0.0,True
2004,39,30,54,54,0.0,True
2004,39,31,54,54,0.0,True
2004,39,32,54,54,0.0,True
2004,39,33,53,54,10.0,True
2004,39,34,53,54,10.0,True
2004,39,35,53,54,10.0,True
2004,39,36,53,54,10.0,True
2004,39,37,53,54,10.0,True
2004,39,38,53,54,10.0,True
2004,39,39,53,53,0.0,True
2004,39,40,53,53,0.0,True
2004,39,41,53,53,0.0,True
2004,39,42,53,53,0.0,True
2004,39,43,53,53,0.0,True
2004,39,44,53,53,0.0,True
2004,39,45,52,53,10.0,True
2004,39,46,52,53,10.0,True
2004,39,47,52,53,10.0,True
2004,39,48,52,53,10.0,True
2004,39,49,52,53,10.0,True
2004,40,0,52,51,-10.0,True
2004,40,1,52,51,-10.0,True
2004,40,2,52,51,-10.0,True
2004,40,3,52,51,-10.0,True
2004,40,4,52,51,-10.0,True
2004,40,5,52,50,-20.0,False
2004,40,6,52,51,-10.0,True
2004,40,7,51,51,0.0,True
2004,40,8,51,51,0.0,True
2004,40,9,51,51,0.0,True
2004,40,10,51,51,0.0,True
2004,40,11,51,51,0.0,True
2004,40,12,51,51,0.0,True
2004,40,13,51,51,0.0,True
2004,40,14,51,51,0.0,True
2004,40,15,51,51,0.0,True
2004,40,16,51,51,0.0,True
2004,40,17,51,51,0.0,True
2004,40,18,51,50,-10.0,True
2004,40,19,50,51,10.0,True
2004,40,20,50,51,10.0,True
2004,40,21,50,51,10.0,True
2004,40,22,50,50,0.0,True
2004,40,23,50,50,0.0,True
2004,40,24,50,50,0.0,True
2004,40,25,50,50,0.0,True
2004,40,26,50,50,0.0,True
2004,40,27,50,50,0.0,True
2004,40,28,50,50,0.0,True
2004,40,29,50,50,0.0,True
2004,40,30,50,50,0.0,True
2004,40,31,50,50,0.0,True
2004,40,32,49,50,10.0,True
2004,40,33,49,50,10.0,True
2004,40,34,49,50,10.0,True
2004,40,35,49,50,10.0,True
2004,40,36,49,50,10.0,True
2004,40,37,49,50,10.0,True
2004,40,38,49,50,10.0,True
2004,40,39,49,50,10.0,True
2004,40,40,49,49,0.0,True
2004,40,41,49,49,0.0,True
2004,40,42,49,49,0.0,True
2004,40,43,49,49,0.0,True
2004,40,44,48,49,10.0,True
2004,40,45,48,49,10.0,True
2004,40,46,48,49,10.0,True
2004,40,47,48,49,10.0,True
2004,40,48,48,49,10.0,True
2004,40,49,48,49,10.0,True
2004,41,0,48,47,-10.0,True
2004,41,1,48,47,-10.0,True
2004,41,2,48,47,-10.0,True
2004,41,3,48,47,-10.0,True
2004,41,4,48,47,-10.0,True
2004,41,5,48,47,-10.0,True
2004,41,6,48,47,-10.0,True
2004,41,7,47,47,0.0,True
2004,41,8,47,47,0.0,True
2004,41,9,47,47,0.0,True
2004,41,10,47,47,0.0,True
2004,41,11,47,47,0.0,True
2004,41,12,47,47,0.0,True
2004,41,13,47,47,0.0,True
2004,41,14,47,47,0.0,True
2004,41,15,47,46,-10.0,True
2004,41,16,47,47,0.0,True
2004,41,17,47,46,-10.0,True
2004,41,18,47,46,-10.0,True
2004,41,19,46,46,0.0,True
2004,41,20,46,46,0.0,True
2004,41,21,46,46,0.0,True
2004,41,22,46,46,0.0,True
2004,41,23,46,46,0.0,True
2004,41,24,46,46,0.0,True
2004,41,25,46,46,0.0,True
2004,41,26,46,46,0.0,True
2004,41,27,46,46,0.0,True
2004,41,28,46,46,0.0,True
2004,41,29,46,46,0.0,True
2004,41,30,46,46,0.0,True
2004,41,31,46,45,-10.0,True
2004,41,32,45,45,0.0,True
2004,41,33,45,45,0.0,True
2004,41,34,45,45,0.0,True
2004,41,35,45,45,0.0,True
2004,41,36,45,45,0.0,True
2004,41,37,45,45,0.0,True
2004,41,38,45,45,0.0,True
2004,41,39,45,45,0.0,True
2004,41,40,45,45,0.0,True
2004,41,41,45,45,0.0,True
2004,41,42,45,45,0.0,True
2004,41,43,45,45,0.0,True
2004,41,44,44,44,0.0,True
2004,41,45,44,44,0.0,True
2004,41,46,44,44,0.0,True
2004,41,47,44,44,0.0,True
2004,41,48,44,44,0.0,True
2004,41,49,44,44,0.0,True
2004,42,0,44,43,-10.0,True
2004,42,1,44,43,-10.0,True
2004,42,2,44,43,-10.0,True
2004,42,3,44,43,-10.0,True
2004,42,4,44,43,-10.0,True
2004,42,5,44,43,-10.0,True
2004,42,6,44,43,-10.0,True
2004,42,7,43,43,0.0,True
2004,42,8,43,43,0.0,True
2004,42,9,43,43,0.0,True
2004,42,10,43,43,0.0,True
2004,42,11,43,43,0.0,True
2004,42,12,43,43,0.0,True
2004,42,13,43,43,0.0,True
2004,42,14,43,42,-10.0,True
2004,42,15,43,42,-10.0,True
2004,42,16,43,42,-10.0,True
2004,42,17,43,42,-10.0,True
2004,42,18,43,42,-10.0,True
2004,42,19,42,42,0.0,True
2004,42,20,42,42,0.0,True
2004,42,21,42,42,0.0,True
2004,42,22,42,42,0.0,True
2004,42,23,42,42,0.0,True
2004,42,24,42,42,0.0,True
2004,42,25,42,42,0.0,True
2004,42,26,42,42,0.0,True
2004,42,27,42,42,0.0,True
2004,42,28,42,42,0.0,True
2004,42,29,42,42,0.0,True
2004,42,30,42,42,0.0,True
2004,42,31,42,42,0.0,True
2004,42,32,41,42,10.0,True
2004,42,33,41,42,10.0,True
2004,42,34,41,42,10.0,True
2004,42,35,41,42,10.0,True
2004,42,36,41,42,10.0,True
2004,42,37,41,42,10.0,True
2004,42,38,41,42,10.0,True
2004,42,39,41,42,10.0,True
2004,42,40,41,42,10.0,True
2004,42,41,41,42,10.0,True
2004,42,42,41,42,10.0,True
2004,42,43,41,42,10.0,True
2004,42,44,41,42,10.0,True
2004,42,45,40,42,20.0,True
2004,42,46,40,42,20.0,True
2004,42,47,40,42,20.0,True
2004,42,48,40,42,20.0,True
2004,42,49,40,42,20.0,False
2004,43,0,40,41,10.0,True
2004,43,1,40,40,0.0,True
2004,43,2,40,40,0.0,True
2004,43,3,40,40,0.0,True
2004,43,4,40,40,0.0,True
2004,43,5,40,40,0.0,True
2004,43,6,40,40,0.0,True
2004,43,7,40,40,0.0,True
2004,43,8,40,40,0.0,True
2004,43,9,39,40,10.0,True
2004,43,10,39,40,10.0,True
2004,43,11,39,40,10.0,True
2004,43,12,39,39,0.0,True
2004,43,13,39,39,0.0,True
2004,43,14,39,39,0.0,True
2004,43,15,39,39,0.0,True
2004,43,16,39,39,0.0,True
2004,43,17,39,39,0.0,True
2004,43,18,39,39,0.0,True
2004,43,19,39,39,0.0,True
2004,43,20,39,39,0.0,True
2004,43,21,39,39,0.0,True
2004,43,22,39,39,0.0,True
2004,43,23,38,38,0.0,True
2004,43,24,38,38,0.0,True
2004,43,25,38,38,0.0,True
2004,43,26,38,38,0.0,True
2004,43,27,38,38,0.0,True
2004,43,28,38,38,0.0,True
2004,43,29,38,38,0.0,True
2004,43,30,38,38,0.0,True
2004,43,31,38,38,0.0,True
2004,43,32,38,39,10.0,True
2004,43,33,38,38,0.0,True
2004,43,34,38,38,0.0,True
2004,43,35,38,38,0.0,True
2004,43,36,38,38,0.0,True
2004,43,37,38,38,0.0,True
2004,43,38,37,38,10.0,True
2004,43,39,37,38,10.0,True
2004,43,40,37,38,10.0,True
2004,43,41,37,38,10.0,True
2004,43,42,37,37,0.0,True
2004,43,43,37,37,0.0,True
2004,43,44,37,38,10.0,True
2004,43,45,37,37,0.0,True
2004,43,46,37,37,0.0,True
2004,43,47,37,38,10.0,True
2004,43,48,37,37,0.0,True
2004,43,49,37,37,0.0,True
2004,44,0,49,49,0.0,True
2004,44,1,49,49,0.0,True
2004,44,2,49,49,0.0,True
2004,44,3,49,49,0.0,True
2004,44,4,49,49,0.0,True
2004,44,5,49,49,0.0,True
2004,44,6,49,49,0.0,True
2004,44,7,49,49,0.0,True
2004,44,8,49,49,0.0,True
2004,44,9,49,49,0.0,True
2004,44,10,49,49,0.0,True
2004,44,11,49,49,0.0,True
2004,44,12,49,48,-10.0,True
2004,44,13,49,49,0.0,True
2004,44,14,48,49,10.0,True
2004,44,15,48,49,10.0,True
2004,44,16,48,48,0.0,True
2004,44,17,48,48,0.0,True
2004,44,18,48,48,0.0,True
2004,44,19,48,48,0.0,True
2004,44,20,48,48,0.0,True
2004,44,21,48,48,0.0,True
2004,44,22,48,48,0.0,True
2004,44,23,48,48,0.0,True
2004,44,24,48,48,0.0,True
2004,44,25,48,48,0.0,True
2004,44,26,48,48,0.0,True
2004,44,27,48,48,0.0,True
2004,44,28,47,47,0.0,True
2004,44,29,47,47,0.0,True
2004,44,30,47,47,0.0,True
2004,44,31,47,47,0.0,True
2004,44,32,47,47,0.0,True
2004,44,33,47,47,0.0,True
2004,44,34,47,47,0.0,True
2004,44,35,47,47,0.0,True
2004,44,36,47,47,0.0,True
2004,44,37,47,47,0.0,True
2004,44,38,47,47,0.0,True
2004,44,39,47,47,0.0,True
2004,44,40,47,47,0.0,True
2004,44,41,47,47,0.0,True
2004,44,42,47,47,0.0,True
2004,44,43,46,47,10.0,True
2004,44,44,46,47,10.0,True
2004,44,45,46,47,10.0,True
2004,44,46,46,47,10.0,True
2004,44,47,46,47,10.0,True
2004,44,48,46,47,10.0,True
2004,44,49,46,47,10.0,True
2004,45,0,46,46,0.0,True
2004,45,1,46,46,0.0,True
2004,45,2,46,45,-10.0,True
2004,45,3,46,45,-10.0,True
2004,45,4,46,45,-10.0,True
2004,45,5,46,45,-10.0,True
2004,45,6,46,45,-10.0,True
2004,45,7,45,45,0.0,True
2004,45,8,45,45,0.0,True
2004,45,9,45,45,0.0,True
2004,45,10,45,45,0.0,True
2004,45,11,45,45,0.0,True
2004,45,12,45,45,0.0,True
2004,45,13,45,45,0.0,True
2004,45,14,45,45,0.0,True
2004,45,15,45,45,0.0,True
2004,45,16,45,45,0.0,True
2004,45,17,45,45,0.0,True
2004,45,18,45,44,-10.0,True
2004,45,19,45,45,0.0,True
2004,45,20,45,44,-10.0,True
2004,45,21,45,44,-10.0,True
2004,45,22,44,45,10.0,True
2004,45,23,44,45,10.0,True
2004,45,24,44,45,10.0,True
2004,45,25,44,45,10.0,True
2004,45,26,44,45,10.0,True
2004,45,27,44,45,10.0,True
2004,45,28,44,44,0.0,True
2004,45,29,44,44,0.0,True
2004,45,30,44,44,0.0,True
2004,45,31,44,44,0.0,True
2004,45,32,44,44,0.0,True
2004,45,33,44,44,0.0,True
2004,45,34,44,44,0.0,True
2004,45,35,44,45,10.0,True
2004,45,36,44,45,10.0,True
2004,45,37,43,45,20.0,True
2004,45,38,43,44,10.0,True
2004,45,39,43,44,10.0,True
2004,45,40,43,44,10.0,True
2004,45,41,43,44,10.0,True
2004,45,42,43,44,10.0,True
2004,45,43,43,43,0.0,True
2004,45,44,43,44,10.0,True
2004,45,45,43,43,0.0,True
2004,45,46,43,43,0.0,True
2004,45,47,43,43,0.0,True
2004,45,48,43,43,0.0,True
2004,45,49,43,43,0.0,True
2004,46,0,43,42,-10.0,True
2004,46,1,43,42,-10.0,True
2004,46,2,43,42,-10.0,True
2004,46,3,43,42,-10.0,True
2004,46,4,42,42,0.0,True
2004,46,5,42,42,0.0,True
2004,46,6,42,42,0.0,True
2004,46,7,42,42,0.0,True
2004,46,8,42,42,0.0,True
2004,46,9,42,42,0.0,True
2004,46,10,42,42,0.0,True
2004,46,11,42,42,0.0,True
2004,46,12,42,42,0.0,True
2004,46,13,42,41,-10.0,True
2004,46,14,42,41,-10.0,True
2004,46,15,42,42,0.0,True
2004,46,16,42,42,0.0,True
2004,46,17,42,42,0.0,True
2004,46,18,42,44,20.0,False
2004,46,19,41,42,10.0,True
2004,46,20,41,41,0.0,True
2004,46,21,41,41,0.0,True
2004,46,22,41,41,0.0,True
2004,46,23,41,41,0.0,True
2004,46,24,41,45,40.0,False
2004,46,25,41,41,0.0,True
2004,46,26,41,41,0.0,True
2004,46,27,41,42,10.0,True
2004,46,28,41,44,30.0,False
2004,46,29,41,44,30.0,False
2004,46,30,41,43,20.0,False
2004,46,31,41,44,30.0,False
2004,46,32,41,44,30.0,False
2004,46,33,41,44,30.0,False
2004,46,34,41,41,0.0,True
2004,46,35,40,42,20.0,True
2004,46,36,40,44,40.0,False
2004,46,37,40,44,40.0,False
2004,46,38,40,40,0.0,True
2004,46,39,40,42,20.0,False
2004,46,40,40,43,30.0,False
2004,46,41,40,43,30.0,False
2004,46,42,40,43,30.0,False
2004,46,43,40,41,10.0,True
2004,46,44,40,43,30.0,False
2004,46,45,40,40,0.0,True
2004,46,46,40,39,-10.0,True
2004,46,47,40,41,10.0,True
2004,46,48,40,41,10.0,True
2004,46,49,40,39,-10.0,True
2004,47,0,39,39,0.0,True
2004,47,1,39,39,0.0,True
2004,47,2,39,39,0.0,True
2004,47,3,39,39,0.0,True
2004,47,4,39,39,0.0,True
2004,47,5,39,39,0.0,True
2004,47,6,39,39,0.0,True
2004,47,7,39,39,0.0,True
2004,47,8,39,39,0.0,True
2004,47,9,39,39,0.0,True
2004,47,10,39,38,-10.0,True
2004,47,11,39,38,-10.0,True
2004,47,12,39,38,-10.0,True
2004,47,13,39,38,-10.0,True
2004,47,14,38,38,0.0,True
2004,47,15,38,38,0.0,True
2004,47,16,38,38,0.0,True
2004,47,17,38,38,0.0,True
2004,47,18,38,38,0.0,True
2004,47,19,38,38,0.0,True
2004,47,20,38,37,-10.0,True
2004,47,21,38,38,0.0,True
2004,47,22,38,38,0.0,True
2004,47,23,38,37,-10.0,True
2004,47,24,38,37,-10.0,True
2004,47,25,38,37,-10.0,True
2004,47,26,38,37,-10.0,True
2004,47,27,38,37,-10.0,True
2004,47,28,38,37,-10.0,True
2004,47,29,37,37,0.0,True
2004,47,30,37,37,0.0,True
2004,47,31,37,37,0.0,True
2004,47,32,37,37,0.0,True
2004,47,33,37,37,0.0,True
2004,47,34,37,37,0.0,True
2004,47,35,37,37,0.0,True
2004,47,36,37,37,0.0,True
2004,47,37,37,37,0.0,True
2004,47,38,37,37,0.0,True
2004,47,39,37,37,0.0,True
2004,47,40,37,36,-10.0,True
2004,47,41,37,36,-10.0,True
2004,47,42,37,36,-10.0,True
2004,47,43,37,36,-10.0,True
2004,47,44,37,36,-10.0,True
2004,47,45,36,36,0.0,True
2004,47,46,36,36,0.0,True
2004,47,47,36,36,0.0,True
2004,47,48,36,36,0.0,True
2004,47,49,36,36,0.0,True
2004,48,0,50,48,-20.0,False
2004,48,1,50,48,-20.0,False
2004,48,2,50,48,-20.0,False
2004,48,3,50,48,-20.0,False
2004,48,4,50,48,-20.0,False
2004,48,5,50,47,-30.0,False
2004,48,6,50,47,-30.0,False
2004,48,7,50,47,-30.0,False
2004,48,8,49,47,-20.0,False
2004,48,9,49,47,-20.0,False
2004,48,10,49,47,-20.0,False
2004,48,11,49,47,-20.0,False
2004,48,12,49,50,10.0,True
2004,48,13,49,48,-10.0,True
2004,48,14,49,48,-10.0,True
2004,48,15,49,52,30.0,False
2004,48,16,49,52,30.0,False
2004,48,17,49,52,30.0,False
2004,48,18,49,52,30.0,False
2004,48,19,49,52,30.0,False
2004,48,20,49,48,-10.0,True
2004,48,21,49,47,-20.0,False
2004,48,22,49,47,-20.0,False
2004,48,23,49,47,-20.0,False
2004,48,24,48,47,-10.0,True
2004,48,25,48,47,-10.0,True
2004,48,26,48,47,-10.0,True
2004,48,27,48,48,0.0,True
2004,48,28,48,48,0.0,True
2004,48,29,48,48,0.0,True
2004,48,30,48,48,0.0,True
2004,48,31,48,48,0.0,True
2004,48,32,48,48,0.0,True
2004,48,33,48,48,0.0,True
2004,48,34,48,48,0.0,True
2004,48,35,48,48,0.0,True
2004,48,36,48,48,0.0,True
2004,48,37,48,47,-10.0,True
2004,48,38,48,47,-10.0,True
2004,48,39,47,48,10.0,True
2004,48,40,47,49,20.0,True
2004,48,41,47,48,10.0,True
2004,48,42,47,48,10.0,True
2004,48,43,47,49,20.0,False
2004,48,44,47,49,20.0,False
2004,48,45,47,49,20.0,False
2004,48,46,47,48,10.0,True
2004,48,47,47,49,20.0,False
2004,48,48,47,49,20.0,False
2004,48,49,47,49,20.0,False
2004,49,0,53,55,20.0,True
2004,49,1,53,56,30.0,False
2004,49,2,53,56,30.0,False
2004,49,3,53,56,30.0,False
2004,49,4,53,55,20.0,False
2004,49,5,53,55,20.0,False
2004,49,6,53,56,30.0,False
2004,49,7,53,55,20.0,False
2004,49,8,53,56,30.0,False
2004,49,9,53,55,20.0,False
2004,49,10,53,55,20.0,False
2004,49,11,53,55,20.0,False
2004,49,12,53,55,20.0,False
2004,49,13,53,54,10.0,True
2004,49,14,53,53,0.0,True
2004,49,15,52,53,10.0,True
2004,49,16,52,52,0.0,True
2004,49,17,52,52,0.0,True
2004,49,18,52,52,0.0,True
2004,49,19,52,52,0.0,True
2004,49,20,52,52,0.0,True
2004,49,21,52,52,0.0,True
2004,49,22,52,52,0.0,True
2004,49,23,52,52,0.0,True
2004,49,24,52,52,0.0,True
2004,49,25,52,52,0.0,True
2004,49,26,52,51,-10.0,True
2004,49,27,52,51,-10.0,True
2004,49,28,52,51,-10.0,True
2004,49,29,52,51,-10.0,True
2004,49,30,51,51,0.0,True
2004,49,31,51,51,0.0,True
2004,49,32,51,51,0.0,True
2004,49,33,51,51,0.0,True
2004,49,34,51,51,0.0,True
2004,49,35,51,51,0.0,True
2004,49,36,51,51,0.0,True
2004,49,37,51,51,0.0,True
2004,49,38,51,51,0.0,True
2004,49,39,51,51,0.0,True
2004,49,40,51,52,10.0,True
2004,49,41,51,51,0.0,True
2004,49,42,51,52,10.0,True
2004,49,43,51,51,0.0,True
2004,49,44,51,51,0.0,True
2004,49,45,50,51,10.0,True
2004,49,46,50,51,10.0,True
2004,49,47,50,51,10.0,True
2004,49,48,50,51,10.0,True
2004,49,49,50,51,10.0,True
2004,50,0,50,49,-10.0,True
2004,50,1,50,49,-10.0,True
2004,50,2,50,49,-10.0,True
2004,50,3,50,49,-10.0,True
2004,50,4,50,49,-10.0,True
2004,50,5,50,49,-10.0,True
2004,50,6,50,49,-10.0,True
2004,50,7,50,50,0.0,True
2004,50,8,50,50,0.0,True
2004,50,9,50,51,10.0,True
2004,50,10,49,51,20.0,True
2004,50,11,49,51,20.0,True
2004,50,12,49,50,10.0,True
2004,50,13,49,49,0.0,True
2004,50,14,49,49,0.0,True
2004,50,15,49,49,0.0,True
2004,50,16,49,49,0.0,True
2004,50,17,49,49,0.0,True
2004,50,18,49,49,0.0,True
2004,50,19,49,49,0.0,True
2004,50,20,49,49,0.0,True
2004,50,21,49,49,0.0,True
2004,50,22,49,49,0.0,True
2004,50,23,49,49,0.0,True
2004,50,24,49,49,0.0,True
2004,50,25,48,48,0.0,True
2004,50,26,48,47,-10.0,True
2004,50,27,48,47,-10.0,True
2004,50,28,48,47,-10.0,True
2004,50,29,48,46,-20.0,False
2004,50,30,48,46,-20.0,False
2004,50,31,48,46,-20.0,False
2004,50,32,48,46,-20.0,False
2004,50,33,48,46,-20.0,False
2004,50,34,48,46,-20.0,False
2004,50,35,48,47,-10.0,True
2004,50,36,48,47,-10.0,True
2004,50,37,48,47,-10.0,True
2004,50,38,48,46,-20.0,False
2004,50,39,48,46,-20.0,False
2004,50,40,48,46,-20.0,False
2004,50,41,47,46,-10.0,True
2004,50,42,47,47,0.0,True
2004,50,43,47,47,0.0,True
2004,50,44,47,47,0.0,True
2004,50,45,47,46,-10.0,True
2004,50,46,47,47,0.0,True
2004,50,47,47,47,0.0,True
2004,50,48,47,47,0.0,True
2004,50,49,47,47,0.0,True
2004,51,0,47,48,10.0,True
2004,51,1,47,48,10.0,True
2004,51,2,47,47,0.0,True
2004,51,3,47,48,10.0,True
2004,51,4,47,48,10.0,True
2004,51,5,46,46,0.0,True
2004,51,6,46,47,10.0,True
2004,51,7,46,46,0.0,True
2004,51,8,46,47,10.0,True
2004,51,9,46,47,10.0,True
2004,51,10,46,47,10.0,True
2004,51,11,46,46,0.0,True
2004,51,12,46,46,0.0,True
2004,51,13,46,46,0.0,True
2004,51,14,46,46,0.0,True
2004,51,15,46,45,-10.0,True
2004,51,16,46,46,0.0,True
2004,51,17,46,45,-10.0,True
2004,51,18,45,45,0.0,True
2004,51,19,45,45,0.0,True
2004,51,20,45,45,0.0,True
2004,51,21,45,45,0.0,True
2004,51,22,45,45,0.0,True
2004,51,23,45,45,0.0,True
2004,51,24,45,45,0.0,True
2004,51,25,45,45,0.0,True
2004,51,26,45,45,0.0,True
2004,51,27,45,45,0.0,True
2004,51,28,45,45,0.0,True
2004,51,29,45,45,0.0,True
2004,51,30,45,44,-10.0,True
2004,51,31,45,44,-10.0,True
2004,51,32,45,44,-10.0,True
2004,51,33,45,43,-20.0,False
2004,51,34,45,43,-20.0,False
2004,51,35,44,44,0.0,True
2004,51,36,44,43,-10.0,True
2004,51,37,44,43,-10.0,True
2004,51,38,44,43,-10.0,True
2004,51,39,44,43,-10.0,True
2004,51,40,44,42,-20.0,False
2004,51,41,44,42,-20.0,False
2004,51,42,44,42,-20.0,False
2004,51,43,44,42,-20.0,False
2004,51,44,44,42,-20.0,False
2004,51,45,44,42,-20.0,False
2004,51,46,44,41,-30.0,False
2004,51,47,44,42,-20.0,False
2004,51,48,44,42,-20.0,False
2004,51,49,44,42,-20.0,False
2004,52,0,49,45,-40.0,False
2004,52,1,49,44,-50.0,False
2004,52,2,49,49,0.0,True
2004,52,3,49,49,0.0,True
2004,52,4,49,49,0.0,True
2004,52,5,49,49,0.0,True
2004,52,6,49,49,0.0,True
2004,52,7,49,49,0.0,True
2004,52,8,49,49,0.0,True
2004,52,9,49,49,0.0,True
2004,52,10,49,49,0.0,True
2004,52,11,49,49,0.0,True
2004,52,12,49,49,0.0,True
2004,52,13,49,49,0.0,True
2004,52,14,49,49,0.0,True
2004,52,15,48,48,0.0,True
2004,52,16,48,47,-10.0,True
2004,52,17,48,49,10.0,True
2004,52,18,48,48,0.0,True
2004,52,19,48,47,-10.0,True
2004,52,20,48,48,0.0,True
2004,52,21,48,48,0.0,True
2004,52,22,48,42,-60.0,False
2004,52,23,48,42,-60.0,False
2004,52,24,48,46,-20.0,False
2004,52,25,48,46,-20.0,False
2004,52,26,48,46,-20.0,False
2004,52,27,48,46,-20.0,False
2004,52,28,48,46,-20.0,False
2004,52,29,47,46,-10.0,True
2004,52,30,47,48,10.0,True
2004,52,31,47,46,-10.0,True
2004,52,32,47,45,-20.0,False
2004,52,33,47,45,-20.0,False
2004,52,34,47,46,-10.0,True
2004,52,35,47,45,-20.0,False
2004,52,36,47,45,-20.0,False
2004,52,37,47,45,-20.0,False
2004,52,38,47,45,-20.0,False
2004,52,39,46,47,10.0,True
2004,52,40,46,47,10.0,True
2004,52,41,46,44,-20.0,False
2004,52,42,46,47,10.0,True
2004,52,43,46,47,10.0,True
2004,52,44,46,44,-20.0,False
2004,52,45,46,44,-20.0,False
2004,52,46,46,44,-20.0,False
2004,52,47,46,44,-20.0,False
2004,52,48,45,46,10.0,True
2004,52,49,45,46,10.0,True
2004,53,0,51,51,0.0,True
2004,53,1,51,51,0.0,True
2004,53,2,51,51,0.0,True
2004,53,3,51,52,10.0,True
2004,53,4,51,51,0.0,True
2004,53,5,51,51,0.0,True
2004,53,6,51,51,0.0,True
2004,53,7,51,51,0.0,True
2004,53,8,51,51,0.0,True
2004,53,9,50,50,0.0,True
2004,53,10,50,50,0.0,True
2004,53,11,50,50,0.0,True
2004,53,12,50,50,0.0,True
2004,53,13,50,50,0.0,True
2004,53,14,50,50,0.0,True
2004,53,15,50,51,10.0,True
2004,53,16,50,50,0.0,True
2004,53,17,50,50,0.0,True
2004,53,18,49,49,0.0,True
2004,53,19,49,49,0.0,True
2004,53,20,49,49,0.0,True
2004,53,21,49,49,0.0,True
2004,53,22,49,49,0.0,True
2004,53,23,49,50,10.0,True
2004,53,24,49,49,0.0,True
2004,53,25,49,49,0.0,True
2004,53,26,49,49,0.0,True
2004,53,27,48,49,10.0,True
2004,53,28,48,48,0.0,True
2004,53,29,48,48,0.0,True
2004,53,30,48,49,10.0,True
2004,53,31,48,49,10.0,True
2004,53,32,48,49,10.0,True
2004,53,33,48,49,10.0,True
2004,53,34,48,49,10.0,True
2004,53,35,48,49,10.0,True
2004,53,36,47,47,0.0,True
2004,53,37,47,48,10.0,True
2004,53,38,47,48,10.0,True
2004,53,39,47,48,10.0,True
2004,53,40,47,49,20.0,False
2004,53,41,47,47,0.0,True
2004,53,42,47,47,0.0,True
2004,53,43,47,46,-10.0,True
2004,53,44,47,46,-10.0,True
2004,53,45,46,46,0.0,True
2004,53,46,46,47,10.0,True
2004,53,47,46,46,0.0,True
2004,53,48,46,46,0.0,True
2004,53,49,46,45,-10.0,True
2004,54,0,46,46,0.0,True
2004,54,1,46,46,0.0,True
2004,54,2,46,46,0.0,True
2004,54,3,46,46,0.0,True
2004,54,4,45,46,10.0,True
2004,54,5,45,46,10.0,True
2004,54,6,45,45,0.0,True
2004,54,7,45,45,0.0,True
2004,54,8,45,45,0.0,True
2004,54,9,45,45,0.0,True
2004,54,10,45,45,0.0,True
2004,54,11,45,45,0.0,True
2004,54,12,45,45,0.0,True
2004,54,13,45,45,0.0,True
2004,54,14,44,45,10.0,True
2004,54,15,44,44,0.0,True
2004,54,16,44,44,0.0,True
2004,54,17,44,44,0.0,True
2004,54,18,44,44,0.0,True
2004,54,19,44,45,10.0,True
2004,54,20,44,45,10.0,True
2004,54,21,44,46,20.0,False
2004,54,22,44,44,0.0,True
2004,54,23,43,44,10.0,True
2004,54,24,43,45,20.0,True
2004,54,25,43,45,20.0,True
2004,54,26,43,44,10.0,True
2004,54,27,43,44,10.0,True
2004,54,28,43,43,0.0,True
2004,54,29,43,43,0.0,True
2004,54,30,43,42,-10.0,True
2004,54,31,43,42,-10.0,True
2004,54,32,42,42,0.0,True
2004,54,33,42,42,0.0,True
2004,54,34,42,42,0.0,True
2004,54,35,42,42,0.0,True
2004,54,36,42,42,0.0,True
2004,54,37,42,42,0.0,True
2004,54,38,42,42,0.0,True
2004,54,39,42,42,0.0,True
2004,54,40,42,43,10.0,True
2004,54,41,41,41,0.0,True
2004,54,42,41,41,0.0,True
2004,54,43,41,41,0.0,True
2004,54,44,41,41,0.0,True
2004,54,45,41,41,0.0,True
2004,54,46,41,40,-10.0,True
2004,54,47,41,40,-10.0,True
2004,54,48,41,40,-10.0,True
2004,54,49,41,40,-10.0,True
2004,55,0,56,56,0.0,True
2004,55,1,55,56,10.0,True
2004,55,2,55,56,10.0,True
2004,55,3,55,56,10.0,True
2004,55,4,55,58,30.0,False
2004,55,5,55,57,20.0,False
2004,55,6,55,57,20.0,False
2004,55,7,55,56,10.0,True
2004,55,8,55,56,10.0,True
2004,55,9,55,55,0.0,True
2004,55,10,54,55,10.0,True
2004,55,11,54,54,0.0,True
2004,55,12,54,54,0.0,True
2004,55,13,54,54,0.0,True
2004,55,14,54,54,0.0,True
2004,55,15,54,55,10.0,True
2004,55,16,54,54,0.0,True
2004,55,17,54,54,0.0,True
2004,55,18,54,54,0.0,True
2004,55,19,53,54,10.0,True
2004,55,20,53,54,10.0,True
2004,55,21,53,54,10.0,True
2004,55,22,53,54,10.0,True
2004,55,23,53,54,10.0,True
2004,55,24,53,53,0.0,True
2004,55,25,53,54,10.0,True
2004,55,26,53,52,-10.0,True
2004,55,27,53,53,0.0,True
2004,55,28,52,53,10.0,True
2004,55,29,52,52,0.0,True
2004,55,30,52,52,0.0,True
2004,55,31,52,52,0.0,True
2004,55,32,52,52,0.0,True
2004,55,33,52,52,0.0,True
2004,55,34,52,52,0.0,True
2004,55,35,52,52,0.0,True
2004,55,36,52,51,-10.0,True
2004,55,37,51,51,0.0,True
2004,55,38,51,51,0.0,True
2004,55,39,51,51,0.0,True
2004,55,40,51,51,0.0,True
2004,55,41,51,51,0.0,True
2004,55,42,51,50,-10.0,True
2004,55,43,51,50,-10.0,True
2004,55,44,51,50,-10.0,True
2004,55,45,51,50,-10.0,True
2004,55,46,50,50,0.0,True
2004,55,47,50,50,0.0,True
2004,55,48,50,49,-10.0,True
2004,55,49,50,49,-10.0,True
2004,56,0,52,53,10.0,True
2004,56,1,52,53,10.0,True
2004,56,2,52,53,10.0,True
2004,56,3,52,53,10.0,True
2004,56,4,52,53,10.0,True
2004,56,5,52,52,0.0,True
2004,56,6,51,52,10.0,True
2004,56,7,51,52,10.0,True
2004,56,8,51,52,10.0,True
2004,56,9,51,52,10.0,True
2004,56,10,51,52,10.0,True
2004,56,11,51,51,0.0,True
2004,56,12,51,51,0.0,True
2004,56,13,51,51,0.0,True
2004,56,14,51,51,0.0,True
2004,56,15,50,51,10.0,True
2004,56,16,50,51,10.0,True
2004,56,17,50,51,10.0,True
2004,56,18,50,50,0.0,True
2004,56,19,50,50,0.0,True
2004,56,20,50,50,0.0,True
2004,56,21,50,50,0.0,True
2004,56,22,50,50,0.0,True
2004,56,23,50,50,0.0,True
2004,56,24,50,50,0.0,True
2004,56,25,49,49,0.0,True
2004,56,26,49,49,0.0,True
2004,56,27,49,49,0.0,True
2004,56,28,49,50,10.0,True
2004,56,29,49,49,0.0,True
2004,56,30,49,49,0.0,True
2004,56,31,49,48,-10.0,True
2004,56,32,49,48,-10.0,True
2004,56,33,49,48,-10.0,True
2004,56,34,48,48,0.0,True
2004,56,35,48,48,0.0,True
2004,56,36,48,48,0.0,True
2004,56,37,48,48,0.0,True
2004,56,38,48,48,0.0,True
2004,56,39,48,48,0.0,True
2004,56,40,48,48,0.0,True
2004,56,41,48,47,-10.0,True
2004,56,42,48,47,-10.0,True
2004,56,43,47,47,0.0,True
2004,56,44,47,47,0.0,True
2004,56,45,47,47,0.0,True
2004,56,46,47,47,0.0,True
2004,56,47,47,46,-10.0,True
2004,56,48,47,46,-10.0,True
2004,56,49,47,46,-10.0,True
2004,57,0,57,58,10.0,True
2004,57,1,57,58,10.0,True
2004,57,2,56,58,20.0,True
2004,57,3,56,58,20.0,True
2004,57,4,56,58,20.0,True
2004,57,5,56,57,10.0,True
2004,57,6,56,57,10.0,True
2004,57,7,56,57,10.0,True
2004,57,8,56,57,10.0,True
2004,57,9,56,57,10.0,True
2004,57,10,56,56,0.0,True
2004,57,11,55,56,10.0,True
2004,57,12,55,56,10.0,True
2004,57,13,55,56,10.0,True
2004,57,14,55,56,10.0,True
2004,57,15,55,55,0.0,True
2004,57,16,55,55,0.0,True
2004,57,17,55,55,0.0,True
2004,57,18,55,55,0.0,True
2004,57,19,55,54,-10.0,True
2004,57,20,54,54,0.0,True
2004,57,21,54,54,0.0,True
2004,57,22,54,54,0.0,True
2004,57,23,54,54,0.0,True
2004,57,24,54,54,0.0,True
2004,57,25,54,54,0.0,True
2004,57,26,54,53,-10.0,True
2004,57,27,54,53,-10.0,True
2004,57,28,54,53,-10.0,True
2004,57,29,54,53,-10.0,True
2004,57,30,53,53,0.0,True
2004,57,31,53,53,0.0,True
2004,57,32,53,53,0.0,True
2004,57,33,53,52,-10.0,True
2004,57,34,53,52,-10.0,True
2004,57,35,53,52,-10.0,True
2004,57,36,53,52,-10.0,True
2004,57,37,53,52,-10.0,True
2004,57,38,53,52,-10.0,True
2004,57,39,52,52,0.0,True
2004,57,40,52,51,-10.0,True
2004,57,41,52,51,-10.0,True
2004,57,42,52,51,-10.0,True
2004,57,43,52,51,-10.0,True
2004,57,44,52,51,-10.0,True
2004,57,45,52,51,-10.0,True
2004,57,46,52,51,-10.0,True
2004,57,47,52,50,-20.0,False
2004,57,48,51,50,-10.0,True
2004,57,49,51,50,-10.0,True
2004,58,0,51,53,20.0,False
2004,58,1,51,53,20.0,False
2004,58,2,51,53,20.0,False
2004,58,3,51,52,10.0,True
2004,58,4,51,52,10.0,True
2004,58,5,51,52,10.0,True
2004,58,6,51,52,10.0,True
2004,58,7,50,52,20.0,True
2004,58,8,50,52,20.0,True
2004,58,9,50,52,20.0,True
2004,58,10,50,51,10.0,True
2004,58,11,50,51,10.0,True
2004,58,12,50,51,10.0,True
2004,58,13,50,51,10.0,True
2004,58,14,50,51,10.0,True
2004,58,15,50,50,0.0,True
2004,58,16,49,50,10.0,True
2004,58,17,49,50,10.0,True
2004,58,18,49,50,10.0,True
2004,58,19,49,50,10.0,True
2004,58,20,49,50,10.0,True
2004,58,21,49,50,10.0,True
2004,58,22,49,49,0.0,True
2004,58,23,49,49,0.0,True
2004,58,24,49,49,0.0,True
2004,58,25,48,49,10.0,True
2004,58,26,48,48,0.0,True
2004,58,27,48,48,0.0,True
2004,58,28,48,48,0.0,True
2004,58,29,48,48,0.0,True
2004,58,30,48,48,0.0,True
2004,58,31,48,47,-10.0,True
2004,58,32,48,47,-10.0,True
2004,58,33,48,47,-10.0,True
2004,58,34,47,47,0.0,True
2004,58,35,47,47,0.0,True
2004,58,36,47,47,0.0,True
2004,58,37,47,47,0.0,True
2004,58,38,47,46,-10.0,True
2004,58,39,47,46,-10.0,True
2004,58,40,47,46,-10.0,True
2004,58,41,47,46,-10.0,True
2004,58,42,47,46,-10.0,True
2004,58,43,46,46,0.0,True
2004,58,44,46,45,-10.0,True
2004,58,45,46,45,-10.0,True
2004,58,46,46,45,-10.0,True
2004,58,47,46,45,-10.0,True
2004,58,48,46,45,-10.0,True
2004,58,49,46,45,-10.0,True
2004,59,0,46,47,10.0,True
2004,59,1,46,47,10.0,True
2004,59,2,45,47,20.0,True
2004,59,3,45,47,20.0,True
2004,59,4,45,47,20.0,True
2004,59,5,45,47,20.0,False
2004,59,6,45,46,10.0,True
2004,59,7,45,46,10.0,True
2004,59,8,45,46,10.0,True
2004,59,9,45,46,10.0,True
2004,59,10,45,46,10.0,True
2004,59,11,45,46,10.0,True
2004,59,12,44,45,10.0,True
2004,59,13,44,45,10.0,True
2004,59,14,44,46,20.0,True
2004,59,15,44,44,0.0,True
2004,59,16,44,45,10.0,True
2004,59,17,44,44,0.0,True
2004,59,18,44,44,0.0,True
2004,59,19,44,44,0.0,True
2004,59,20,44,43,-10.0,True
2004,59,21,43,43,0.0,True
2004,59,22,43,43,0.0,True
2004,59,23,43,43,0.0,True
2004,59,24,43,43,0.0,True
2004,59,25,43,43,0.0,True
2004,59,26,43,43,0.0,True
2004,59,27,43,43,0.0,True
2004,59,28,43,42,-10.0,True
2004,59,29,43,42,-10.0,True
2004,59,30,42,42,0.0,True
2004,59,31,42,42,0.0,True
2004,59,32,42,42,0.0,True
2004,59,33,42,42,0.0,True
2004,59,34,42,41,-10.0,True
2004,59,35,42,41,-10.0,True
2004,59,36,42,41,-10.0,True
2004,59,37,42,41,-10.0,True
2004,59,38,42,41,-10.0,True
2004,59,39,41,41,0.0,True
2004,59,40,41,40,-10.0,True
2004,59,41,41,40,-10.0,True
2004,59,42,41,40,-10.0,True
2004,59,43,41,40,-10.0,True
2004,59,44,41,40,-10.0,True
2004,59,45,41,39,-20.0,False
2004,59,46,41,39,-20.0,False
2004,59,47,41,39,-20.0,False
2004,59,48,40,39,-10.0,True
2004,59,49,40,39,-10.0,True
2004,60,0,64,66,20.0,False
2004,60,1,64,66,20.0,False
2004,60,2,64,66,20.0,False
2004,60,3,64,65,10.0,True
2004,60,4,63,65,20.0,True
2004,60,5,63,65,20.0,True
2004,60,6,63,64,10.0,True
2004,60,7,63,64,10.0,True
2004,60,8,63,64,10.0,True
2004,60,9,63,64,10.0,True
2004,60,10,63,64,10.0,True
2004,60,11,63,64,10.0,True
2004,60,12,63,63,0.0,True
2004,60,13,62,63,10.0,True
2004,60,14,62,63,10.0,True
2004,60,15,62,62,0.0,True
2004,60,16,62,62,0.0,True
2004,60,17,62,62,0.0,True
2004,60,18,62,62,0.0,True
2004,60,19,62,62,0.0,True
2004,60,20,62,62,0.0,True
2004,60,21,62,61,-10.0,True
2004,60,22,61,61,0.0,True
2004,60,23,61,61,0.0,True
2004,60,24,61,61,0.0,True
2004,60,25,61,61,0.0,True
2004,60,26,61,61,0.0,True
2004,60,27,61,61,0.0,True
2004,60,28,61,60,-10.0,True
2004,60,29,61,60,-10.0,True
2004,60,30,61,59,-20.0,False
2004,60,31,60,59,-10.0,True
2004,60,32,60,59,-10.0,True
2004,60,33,60,59,-10.0,True
2004,60,34,60,59,-10.0,True
2004,60,35,60,58,-20.0,False
2004,60,36,60,58,-20.0,False
2004,60,37,60,58,-20.0,False
2004,60,38,60,58,-20.0,False
2004,60,39,59,58,-10.0,True
2004,60,40,59,57,-20.0,False
2004,60,41,59,57,-20.0,False
2004,60,42,59,57,-20.0,False
2004,60,43,59,57,-20.0,False
2004,60,44,59,57,-20.0,False
2004,60,45,58,57,-10.0,True
2004,60,46,58,56,-20.0,False
2004,60,47,58,56,-20.0,False
2004,60,48,58,56,-20.0,False
2004,60,49,58,56,-20.0,False
2004,61,0,71,72,10.0,True
2004,61,1,71,72,10.0,True
2004,61,2,71,72,10.0,True
2004,61,3,71,72,10.0,True
2004,61,4,71,71,0.0,True
2004,61,5,70,71,10.0,True
2004,61,6,70,70,0.0,True
2004,61,7,70,70,0.0,True
2004,61,8,70,70,0.0,True
2004,61,9,70,70,0.0,True
2004,61,10,70,73,30.0,False
2004,61,11,69,70,10.0,True
2004,61,12,69,70,10.0,True
2004,61,13,69,70,10.0,True
2004,61,14,69,69,0.0,True
2004,61,15,69,69,0.0,True
2004,61,16,69,69,0.0,True
2004,61,17,68,69,10.0,True
2004,61,18,68,69,10.0,True
2004,61,19,68,69,10.0,True
2004,61,20,68,69,10.0,True
2004,61,21,68,67,-10.0,True
2004,61,22,68,68,0.0,True
2004,61,23,67,66,-10.0,True
2004,61,24,67,67,0.0,True
2004,61,25,67,67,0.0,True
2004,61,26,67,67,0.0,True
2004,61,27,67,67,0.0,True
2004,61,28,67,66,-10.0,True
2004,61,29,66,66,0.0,True
2004,61,30,66,66,0.0,True
2004,61,31,66,66,0.0,True
2004,61,32,66,65,-10.0,True
2004,61,33,66,65,-10.0,True
2004,61,34,66,65,-10.0,True
2004,61,35,65,65,0.0,True
2004,61,36,65,65,0.0,True
2004,61,37,65,65,0.0,True
2004,61,38,65,65,0.0,True
2004,61,39,65,64,-10.0,True
2004,61,40,64,64,0.0,True
2004,61,41,64,64,0.0,True
2004,61,42,64,64,0.0,True
2004,61,43,64,64,0.0,True
2004,61,44,64,63,-10.0,True
2004,61,45,64,63,-10.0,True
2004,61,46,63,63,0.0,True
2004,61,47,63,63,0.0,True
2004,61,48,63,63,0.0,True
2004,61,49,63,63,0.0,True
2004,62,0,67,68,10.0,True
2004,62,1,67,66,-10.0,True
2004,62,2,66,68,20.0,True
2004,62,3,66,68,20.0,True
2004,62,4,66,66,0.0,True
2004,62,5,66,67,10.0,True
2004,62,6,66,67,10.0,True
2004,62,7,66,67,10.0,True
2004,62,8,65,65,0.0,True
2004,62,9,65,66,10.0,True
2004,62,10,65,64,-10.0,True
2004,62,11,65,66,10.0,True
2004,62,12,65,66,10.0,True
2004,62,13,64,66,20.0,True
2004,62,14,64,66,20.0,True
2004,62,15,64,66,20.0,True
2004,62,16,64,65,10.0,True
2004,62,17,64,65,10.0,True
2004,62,18,64,65,10.0,True
2004,62,19,63,65,20.0,True
2004,62,20,63,63,0.0,True
2004,62,21,63,62,-10.0,True
2004,62,22,63,62,-10.0,True
2004,62,23,63,61,-20.0,False
2004,62,24,63,61,-20.0,False
2004,62,25,62,61,-10.0,True
2004,62,26,62,61,-10.0,True
2004,62,27,62,61,-10.0,True
2004,62,28,62,61,-10.0,True
2004,62,29,62,60,-20.0,False
2004,62,30,62,62,0.0,True
2004,62,31,61,60,-10.0,True
2004,62,32,61,60,-10.0,True
2004,62,33,61,61,0.0,True
2004,62,34,61,61,0.0,True
2004,62,35,61,61,0.0,True
2004,62,36,61,61,0.0,True
2004,62,37,60,61,10.0,True
2004,62,38,60,58,-20.0,False
2004,62,39,60,58,-20.0,False
2004,62,40,60,60,0.0,True
2004,62,41,60,58,-20.0,False
2004,62,42,60,58,-20.0,False
2004,62,43,59,57,-20.0,False
2004,62,44,59,57,-20.0,False
2004,62,45,59,57,-20.0,False
2004,62,46,59,57,-20.0,False
2004,62,47,59,58,-10.0,True
2004,62,48,59,58,-10.0,True
2004,62,49,58,56,-20.0,False
2004,63,0,63,65,20.0,True
2004,63,1,63,65,20.0,False
2004,63,2,63,64,10.0,True
2004,63,3,63,64,10.0,True
2004,63,4,63,64,10.0,True
2004,63,5,62,64,20.0,True
2004,63,6,62,64,20.0,True
2004,63,7,62,64,20.0,False
2004,63,8,62,64,20.0,False
2004,63,9,62,63,10.0,True
2004,63,10,62,63,10.0,True
2004,63,11,61,63,20.0,True
2004,63,12,61,60,-10.0,True
2004,63,13,61,63,20.0,False
2004,63,14,61,63,20.0,False
2004,63,15,61,62,10.0,True
2004,63,16,61,59,-20.0,False
2004,63,17,60,62,20.0,True
2004,63,18,60,62,20.0,True
2004,63,19,60,62,20.0,False
2004,63,20,60,62,20.0,False
2004,63,21,60,58,-20.0,False
2004,63,22,60,58,-20.0,False
2004,63,23,59,58,-10.0,True
2004,63,24,59,61,20.0,True
2004,63,25,59,61,20.0,False
2004,63,26,59,61,20.0,False
2004,63,27,59,61,20.0,False
2004,63,28,58,60,20.0,True
2004,63,29,58,56,-20.0,False
2004,63,30,58,56,-20.0,False
2004,63,31,58,56,-20.0,False
2004,63,32,58,60,20.0,False
2004,63,33,58,56,-20.0,False
2004,63,34,57,56,-10.0,True
2004,63,35,57,55,-20.0,False
2004,63,36,57,55,-20.0,False
2004,63,37,57,55,-20.0,False
2004,63,38,57,55,-20.0,False
2004,63,39,57,55,-20.0,False
2004,63,40,56,55,-10.0,True
2004,63,41,56,54,-20.0,False
2004,63,42,56,54,-20.0,False
2004,63,43,56,54,-20.0,False
2004,63,44,56,54,-20.0,False
2004,63,45,56,54,-20.0,False
2004,63,46,55,54,-10.0,True
2004,63,47,55,54,-10.0,True
2004,63,48,55,53,-20.0,False
2004,63,49,55,53,-20.0,False
2004,64,0,67,68,10.0,True
2004,64,1,67,68,10.0,True
2004,64,2,67,67,0.0,True
2004,64,3,67,67,0.0,True
2004,64,4,67,67,0.0,True
2004,64,5,66,67,10.0,True
2004,64,6,66,67,10.0,True
2004,64,7,66,67,10.0,True
2004,64,8,66,66,0.0,True
2004,64,9,66,66,0.0,True
2004,64,10,66,66,0.0,True
2004,64,11,65,66,10.0,True
2004,64,12,65,66,10.0,True
2004,64,13,65,66,10.0,True
2004,64,14,65,65,0.0,True
2004,64,15,65,65,0.0,True
2004,64,16,65,65,0.0,True
2004,64,17,64,66,20.0,True
2004,64,18,64,65,10.0,True
2004,64,19,64,64,0.0,True
2004,64,20,64,64,0.0,True
2004,64,21,64,64,0.0,True
2004,64,22,64,64,0.0,True
2004,64,23,63,64,10.0,True
2004,64,24,63,63,0.0,True
2004,64,25,63,67,40.0,False
2004,64,26,63,67,40.0,False
2004,64,27,63,67,40.0,False
2004,64,28,63,62,-10.0,True
2004,64,29,62,63,10.0,True
2004,64,30,62,62,0.0,True
2004,64,31,62,62,0.0,True
2004,64,32,62,66,40.0,False
2004,64,33,62,61,-10.0,True
2004,64,34,62,61,-10.0,True
2004,64,35,61,61,0.0,True
2004,64,36,61,61,0.0,True
2004,64,37,61,61,0.0,True
2004,64,38,61,61,0.0,True
2004,64,39,61,61,0.0,True
2004,64,40,60,60,0.0,True
2004,64,41,60,60,0.0,True
2004,64,42,60,60,0.0,True
2004,64,43,60,60,0.0,True
2004,64,44,60,60,0.0,True
2004,64,45,60,64,40.0,False
2004,64,46,59,59,0.0,True
2004,64,47,59,59,0.0,True
2004,64,48,59,59,0.0,True
2004,64,49,59,59,0.0,True
2004,65,0,73,74,10.0,True
2004,65,1,73,73,0.0,True
2004,65,2,73,73,0.0,True
2004,65,3,73,73,0.0,True
2004,65,4,73,73,0.0,True
2004,65,5,72,73,10.0,True
2004,65,6,72,73,10.0,True
2004,65,7,72,72,0.0,True
2004,65,8,72,72,0.0,True
2004,65,9,72,72,0.0,True
2004,65,10,72,72,0.0,True
2004,65,11,71,72,10.0,True
2004,65,12,71,72,10.0,True
2004,65,13,71,72,10.0,True
2004,65,14,71,72,10.0,True
2004,65,15,71,72,10.0,True
2004,65,16,71,73,20.0,False
2004,65,17,70,72,20.0,True
2004,65,18,70,70,0.0,True
2004,65,19,70,70,0.0,True
2004,65,20,70,70,0.0,True
2004,65,21,70,70,0.0,True
2004,65,22,70,70,0.0,True
2004,65,23,69,69,0.0,True
2004,65,24,69,69,0.0,True
2004,65,25,69,70,10.0,True
2004,65,26,69,70,10.0,True
2004,65,27,69,69,0.0,True
2004,65,28,69,69,0.0,True
2004,65,29,68,70,20.0,True
2004,65,30,68,69,10.0,True
2004,65,31,68,69,10.0,True
2004,65,32,68,69,10.0,True
2004,65,33,68,68,0.0,True
2004,65,34,68,68,0.0,True
2004,65,35,67,67,0.0,True
2004,65,36,67,67,0.0,True
2004,65,37,67,67,0.0,True
2004,65,38,67,68,10.0,True
2004,65,39,67,68,10.0,True
2004,65,40,66,68,20.0,True
2004,65,41,66,67,10.0,True
2004,65,42,66,67,10.0,True
2004,65,43,66,66,0.0,True
2004,65,44,66,66,0.0,True
2004,65,45,66,67,10.0,True
2004,65,46,65,67,20.0,True
2004,65,47,65,64,-10.0,True
2004,65,48,65,64,-10.0,True
2004,65,49,65,64,-10.0,True
2004,66,0,75,70,-50.0,False
2004,66,1,75,70,-50.0,False
2004,66,2,74,70,-40.0,False
2004,66,3,74,70,-40.0,False
2004,66,4,74,79,50.0,False
2004,66,5,74,70,-40.0,False
2004,66,6,74,78,40.0,False
2004,66,7,74,78,40.0,False
2004,66,8,73,78,50.0,False
2004,66,9,73,73,0.0,True
2004,66,10,73,69,-40.0,False
2004,66,11,73,69,-40.0,False
2004,66,12,73,77,40.0,False
2004,66,13,73,73,0.0,True
2004,66,14,72,69,-30.0,False
2004,66,15,72,68,-40.0,False
2004,66,16,72,68,-40.0,False
2004,66,17,72,68,-40.0,False
2004,66,18,72,73,10.0,True
2004,66,19,72,68,-40.0,False
2004,66,20,71,69,-20.0,False
2004,66,21,71,68,-30.0,False
2004,66,22,71,71,0.0,True
2004,66,23,71,71,0.0,True
2004,66,24,71,71,0.0,True
2004,66,25,71,71,0.0,True
2004,66,26,70,71,10.0,True
2004,66,27,70,71,10.0,True
2004,66,28,70,70,0.0,True
2004,66,29,70,70,0.0,True
2004,66,30,70,67,-30.0,False
2004,66,31,70,70,0.0,True
2004,66,32,69,70,10.0,True
2004,66,33,69,67,-20.0,False
2004,66,34,69,67,-20.0,False
2004,66,35,69,71,20.0,False
2004,66,36,69,70,10.0,True
2004,66,37,68,70,20.0,True
2004,66,38,68,70,20.0,True
2004,66,39,68,70,20.0,True
2004,66,40,68,69,10.0,True
2004,66,41,68,69,10.0,True
2004,66,42,68,69,10.0,True
2004,66,43,67,65,-20.0,False
2004,66,44,67,65,-20.0,False
2004,66,45,67,68,10.0,True
2004,66,46,67,68,10.0,True
2004,66,47,67,62,-50.0,False
2004,66,48,67,61,-60.0,False
2004,66,49,66,62,-40.0,False
2004,67,0,76,80,40.0,False
2004,67,1,76,83,70.0,False
2004,67,2,76,83,70.0,False
2004,67,3,76,81,50.0,False
2004,67,4,76,80,40.0,False
2004,67,5,75,80,50.0,False
2004,67,6,75,76,10.0,True
2004,67,7,75,76,10.0,True
2004,67,8,75,75,0.0,True
2004,67,9,75,75,0.0,True
2004,67,10,75,75,0.0,True
2004,67,11,74,74,0.0,True
2004,67,12,74,74,0.0,True
2004,67,13,74,79,50.0,False
2004,67,14,74,76,20.0,False
2004,67,15,74,79,50.0,False
2004,67,16,74,78,40.0,False
2004,67,17,73,77,40.0,False
2004,67,18,73,74,10.0,True
2004,67,19,73,74,10.0,True
2004,67,20,73,73,0.0,True
2004,67,21,73,73,0.0,True
2004,67,22,72,73,10.0,True
2004,67,23,72,72,0.0,True
2004,67,24,72,72,0.0,True
2004,67,25,72,72,0.0,True
2004,67,26,72,72,0.0,True
2004,67,27,72,71,-10.0,True
2004,67,28,72,71,-10.0,True
2004,67,29,72,71,-10.0,True
2004,67,30,72,71,-10.0,True
2004,67,31,71,71,0.0,True
2004,67,32,71,71,0.0,True
2004,67,33,71,71,0.0,True
2004,67,34,71,71,0.0,True
2004,67,35,71,71,0.0,True
2004,67,36,71,70,-10.0,True
2004,67,37,71,70,-10.0,True
2004,67,38,71,70,-10.0,True
2004,67,39,71,70,-10.0,True
2004,67,40,71,70,-10.0,True
2004,67,41,71,70,-10.0,True
2004,67,42,71,70,-10.0,True
2004,67,43,71,69,-20.0,False
2004,67,44,71,69,-20.0,False
2004,67,45,71,69,-20.0,False
2004,67,46,71,68,-30.0,False
2004,67,47,72,68,-40.0,False
2004,67,48,72,68,-40.0,False
2004,67,49,72,68,-40.0,False
2004,68,0,88,97,90.0,False
2004,68,1,88,97,90.0,False
2004,68,2,88,96,80.0,False
2004,68,3,88,96,80.0,False
2004,68,4,89,96,70.0,False
2004,68,5,89,95,60.0,False
2004,68,6,89,95,60.0,False
2004,68,7,89,95,60.0,False
2004,68,8,89,95,60.0,False
2004,68,9,89,95,60.0,False
2004,68,10,90,96,60.0,False
2004,68,11,90,94,40.0,False
2004,68,12,90,94,40.0,False
2004,68,13,90,94,40.0,False
2004,68,14,90,94,40.0,False
2004,68,15,90,94,40.0,False
2004,68,16,90,93,30.0,False
2004,68,17,91,93,20.0,False
2004,68,18,91,93,20.0,False
2004,68,19,91,92,10.0,True
2004,68,20,91,93,20.0,False
2004,68,21,91,92,10.0,True
2004,68,22,91,92,10.0,True
2004,68,23,91,92,10.0,True
2004,68,24,92,92,0.0,True
2004,68,25,92,91,-10.0,True
2004,68,26,92,91,-10.0,True
2004,68,27,92,91,-10.0,True
2004,68,28,92,91,-10.0,True
2004,68,29,92,90,-20.0,False
2004,68,30,92,90,-20.0,False
2004,68,31,92,90,-20.0,False
2004,68,32,92,90,-20.0,False
2004,68,33,92,90,-20.0,False
2004,68,34,92,89,-30.0,False
2004,68,35,92,89,-30.0,False
2004,68,36,92,89,-30.0,False
2004,68,37,92,89,-30.0,False
2004,68,38,92,89,-30.0,False
2004,68,39,92,88,-40.0,False
2004,68,40,92,88,-40.0,False
2004,68,41,91,88,-30.0,False
2004,68,42,91,87,-40.0,False
2004,68,43,91,87,-40.0,False
2004,68,44,91,87,-40.0,False
2004,68,45,91,87,-40.0,False
2004,68,46,90,87,-30.0,False
2004,68,47,90,86,-40.0,False
2004,68,48,90,86,-40.0,False
2004,68,49,89,86,-30.0,False
2004,69,0,89,87,-20.0,False
2004,69,1,89,87,-20.0,False
2004,69,2,88,86,-20.0,False
2004,69,3,88,86,-20.0,False
2004,69,4,88,86,-20.0,False
2004,69,5,88,86,-20.0,False
2004,69,6,87,85,-20.0,False
2004,69,7,87,85,-20.0,False
2004,69,8,87,85,-20.0,False
2004,69,9,86,85,-10.0,True
2004,69,10,86,85,-10.0,True
2004,69,11,86,85,-10.0,True
2004,69,12,86,85,-10.0,True
2004,69,13,85,84,-10.0,True
2004,69,14,85,84,-10.0,True
2004,69,15,85,84,-10.0,True
2004,69,16,84,84,0.0,True
2004,69,17,84,83,-10.0,True
2004,69,18,84,83,-10.0,True
2004,69,19,84,83,-10.0,True
2004,69,20,83,83,0.0,True
2004,69,21,83,83,0.0,True
2004,69,22,83,83,0.0,True
2004,69,23,82,83,10.0,True
2004,69,24,82,82,0.0,True
2004,69,25,82,82,0.0,True
2004,69,26,82,81,-10.0,True
2004,69,27,81,81,0.0,True
2004,69,28,81,81,0.0,True
2004,69,29,81,84,30.0,False
2004,69,30,80,80,0.0,True
2004,69,31,80,80,0.0,True
2004,69,32,80,80,0.0,True
2004,69,33,80,83,30.0,False
2004,69,34,79,79,0.0,True
2004,69,35,79,79,0.0,True
2004,69,36,79,79,0.0,True
2004,69,37,78,82,40.0,False
2004,69,38,78,78,0.0,True
2004,69,39,78,78,0.0,True
2004,69,40,77,78,10.0,True
2004,69,41,77,78,10.0,True
2004,69,42,77,77,0.0,True
2004,69,43,76,77,10.0,True
2004,69,44,76,77,10.0,True
2004,69,45,75,77,20.0,True
2004,69,46,75,77,20.0,True
2004,69,47,75,76,10.0,True
2004,69,48,74,76,20.0,True
2004,69,49,74,76,20.0,True
2004,70,0,88,83,-50.0,False
2004,70,1,88,82,-60.0,False
2004,70,2,87,82,-50.0,False
2004,70,3,87,82,-50.0,False
2004,70,4,87,82,-50.0,False
2004,70,5,86,82,-40.0,False
2004,70,6,86,82,-40.0,False
2004,70,7,85,81,-40.0,False
2004,70,8,85,81,-40.0,False
2004,70,9,85,81,-40.0,False
2004,70,10,84,81,-30.0,False
2004,70,11,84,81,-30.0,False
2004,70,12,83,80,-30.0,False
2004,70,13,83,80,-30.0,False
2004,70,14,82,80,-20.0,False
2004,70,15,82,80,-20.0,False
2004,70,16,82,80,-20.0,False
2004,70,17,81,80,-10.0,True
2004,70,18,81,80,-10.0,True
2004,70,19,80,79,-10.0,True
2004,70,20,80,79,-10.0,True
2004,70,21,79,79,0.0,True
2004,70,22,79,79,0.0,True
2004,70,23,79,78,-10.0,True
2004,70,24,78,78,0.0,True
2004,70,25,78,78,0.0,True
2004,70,26,77,78,10.0,True
2004,70,27,77,78,10.0,True
2004,70,28,76,78,20.0,True
2004,70,29,76,78,20.0,True
2004,70,30,76,77,10.0,True
2004,70,31,75,77,20.0,True
2004,70,32,75,77,20.0,False
2004,70,33,74,77,30.0,False
2004,70,34,74,77,30.0,False
2004,70,35,73,76,30.0,False
2004,70,36,73,76,30.0,False
2004,70,37,73,76,30.0,False
2004,70,38,72,76,40.0,False
2004,70,39,72,76,40.0,False
2004,70,40,71,75,40.0,False
2004,70,41,71,75,40.0,False
2004,70,42,70,75,50.0,False
2004,70,43,70,75,50.0,False
2004,70,44,70,75,50.0,False
2004,70,45,69,75,60.0,False
2004,70,46,69,74,50.0,False
2004,70,47,68,74,60.0,False
2004,70,48,68,74,60.0,False
2004,70,49,67,74,70.0,False
2004,71,0,73,73,0.0,True
2004,71,1,73,72,-10.0,True
2004,71,2,72,72,0.0,True
2004,71,3,72,72,0.0,True
2004,71,4,72,72,0.0,True
2004,71,5,71,72,10.0,True
2004,71,6,71,72,10.0,True
2004,71,7,71,72,10.0,True
2004,71,8,71,72,10.0,True
2004,71,9,71,71,0.0,True
2004,71,10,70,71,10.0,True
2004,71,11,70,71,10.0,True
2004,71,12,70,71,10.0,True
2004,71,13,70,70,0.0,True
2004,71,14,70,70,0.0,True
2004,71,15,70,70,0.0,True
2004,71,16,69,70,10.0,True
2004,71,17,69,70,10.0,True
2004,71,18,69,70,10.0,True
2004,71,19,69,70,10.0,True
2004,71,20,69,69,0.0,True
2004,71,21,69,69,0.0,True
2004,71,22,69,69,0.0,True
2004,71,23,69,69,0.0,True
2004,71,24,69,69,0.0,True
2004,71,25,69,69,0.0,True
2004,71,26,69,69,0.0,True
2004,71,27,69,68,-10.0,True
2004,71,28,69,68,-10.0,True
2004,71,29,69,68,-10.0,True
2004,71,30,69,68,-10.0,True
2004,71,31,69,68,-10.0,True
2004,71,32,69,67,-20.0,False
2004,71,33,69,67,-20.0,False
2004,71,34,69,67,-20.0,False
2004,71,35,69,67,-20.0,False
2004,71,36,69,67,-20.0,False
2004,71,37,69,66,-30.0,False
2004,71,38,69,66,-30.0,False
2004,71,39,69,66,-30.0,False
2004,71,40,69,66,-30.0,False
2004,71,41,70,66,-40.0,False
2004,71,42,70,66,-40.0,False
2004,71,43,70,66,-40.0,False
2004,71,44,70,66,-40.0,False
2004,71,45,70,65,-50.0,False
2004,71,46,70,65,-50.0,False
2004,71,47,70,65,-50.0,False
2004,71,48,70,65,-50.0,False
2004,71,49,70,65,-50.0,False
2004,72,0,88,91,30.0,False
2004,72,1,88,91,30.0,False
2004,72,2,88,90,20.0,False
2004,72,3,88,90,20.0,False
2004,72,4,88,90,20.0,False
2004,72,5,88,90,20.0,False
2004,72,6,88,90,20.0,False
2004,72,7,88,90,20.0,False
2004,72,8,88,90,20.0,False
2004,72,9,88,89,10.0,True
2004,72,10,88,89,10.0,True
2004,72,11,88,89,10.0,True
2004,72,12,88,89,10.0,True
2004,72,13,88,89,10.0,True
2004,72,14,88,89,10.0,True
2004,72,15,88,89,10.0,True
2004,72,16,88,89,10.0,True
2004,72,17,88,89,10.0,True
2004,72,18,88,88,0.0,True
2004,72,19,88,89,10.0,True
2004,72,20,88,88,0.0,True
2004,72,21,88,88,0.0,True
2004,72,22,88,88,0.0,True
2004,72,23,88,88,0.0,True
2004,72,24,88,88,0.0,True
2004,72,25,88,88,0.0,True
2004,72,26,88,87,-10.0,True
2004,72,27,88,87,-10.0,True
2004,72,28,88,87,-10.0,True
2004,72,29,88,87,-10.0,True
2004,72,30,88,87,-10.0,True
2004,72,31,88,87,-10.0,True
2004,72,32,88,87,-10.0,True
2004,72,33,88,87,-10.0,True
2004,72,34,88,88,0.0,True
2004,72,35,88,86,-20.0,False
2004,72,36,88,86,-20.0,False
2004,72,37,88,86,-20.0,False
2004,72,38,88,86,-20.0,False
2004,72,39,88,86,-20.0,False
2004,72,40,88,86,-20.0,False
2004,72,41,88,85,-30.0,False
2004,72,42,88,85,-30.0,False
2004,72,43,88,85,-30.0,False
2004,72,44,88,85,-30.0,False
2004,72,45,88,85,-30.0,False
2004,72,46,88,85,-30.0,False
2004,72,47,88,85,-30.0,False
2004,72,48,88,85,-30.0,False
2004,72,49,88,85,-30.0,False
2004,73,0,88,90,20.0,True
2004,73,1,88,90,20.0,True
2004,73,2,88,90,20.0,True
2004,73,3,88,90,20.0,True
2004,73,4,88,90,20.0,True
2004,73,5,88,90,20.0,True
2004,73,6,88,90,20.0,True
2004,73,7,88,90,20.0,True
2004,73,8,88,90,20.0,True
2004,73,9,88,90,20.0,True
2004,73,10,88,91,30.0,False
2004,73,11,88,89,10.0,True
2004,73,12,88,89,10.0,True
2004,73,13,88,90,20.0,True
2004,73,14,89,89,0.0,True
2004,73,15,89,89,0.0,True
2004,73,16,89,90,10.0,True
2004,73,17,89,89,0.0,True
2004,73,18,89,89,0.0,True
2004,73,19,89,89,0.0,True
2004,73,20,89,89,0.0,True
2004,73,21,89,88,-10.0,True
2004,73,22,89,89,0.0,True
2004,73,23,89,88,-10.0,True
2004,73,24,89,89,0.0,True
2004,73,25,89,89,0.0,True
2004,73,26,89,89,0.0,True
2004,73,27,89,89,0.0,True
2004,73,28,89,89,0.0,True
2004,73,29,89,88,-10.0,True
2004,73,30,89,88,-10.0,True
2004,73,31,89,88,-10.0,True
2004,73,32,89,88,-10.0,True
2004,73,33,89,88,-10.0,True
2004,73,34,89,88,-10.0,True
2004,73,35,89,88,-10.0,True
2004,73,36,89,88,-10.0,True
2004,73,37,89,87,-20.0,False
2004,73,38,89,87,-20.0,False
2004,73,39,89,87,-20.0,False
2004,73,40,89,87,-20.0,False
2004,73,41,89,87,-20.0,False
2004,73,42,89,87,-20.0,False
2004,73,43,89,87,-20.0,False
2004,73,44,89,87,-20.0,False
2004,73,45,89,86,-30.0,False
2004,73,46,89,86,-30.0,False
2004,73,47,89,86,-30.0,False
2004,73,48,89,86,-30.0,False
2004,73,49,89,86,-30.0,False
2004,74,0,89,91,20.0,False
2004,74,1,89,91,20.0,False
2004,74,2,89,91,20.0,False
2004,74,3,89,91,20.0,False
2004,74,4,89,91,20.0,False
2004,74,5,89,91,20.0,False
2004,74,6,89,91,20.0,False
2004,74,7,89,91,20.0,False
2004,74,8,89,90,10.0,True
2004,74,9,89,90,10.0,True
2004,74,10,89,90,10.0,True
2004,74,11,89,90,10.0,True
2004,74,12,89,90,10.0,True
2004,74,13,89,90,10.0,True
2004,74,14,89,90,10.0,True
2004,74,15,89,89,0.0,True
2004,74,16,89,89,0.0,True
2004,74,17,89,89,0.0,True
2004,74,18,89,89,0.0,True
2004,74,19,89,89,0.0,True
2004,74,20,89,89,0.0,True
2004,74,21,89,89,0.0,True
2004,74,22,89,89,0.0,True
2004,74,23,89,88,-10.0,True
2004,74,24,89,88,-10.0,True
2004,74,25,89,88,-10.0,True
2004,74,26,89,88,-10.0,True
2004,74,27,89,88,-10.0,True
2004,74,28,88,88,0.0,True
2004,74,29,88,88,0.0,True
2004,74,30,88,87,-10.0,True
2004,74,31,88,87,-10.0,True
2004,74,32,88,87,-10.0,True
2004,74,33,88,87,-10.0,True
2004,74,34,88,87,-10.0,True
2004,74,35,87,87,0.0,True
2004,74,36,87,87,0.0,True
2004,74,37,87,87,0.0,True
2004,74,38,87,86,-10.0,True
2004,74,39,87,86,-10.0,True
2004,74,40,86,85,-10.0,True
2004,74,41,86,86,0.0,True
2004,74,42,86,86,0.0,True
2004,74,43,86,86,0.0,True
2004,74,44,85,86,10.0,True
2004,74,45,85,86,10.0,True
2004,74,46,85,85,0.0,True
2004,74,47,85,85,0.0,True
2004,74,48,84,85,10.0,True
2004,74,49,84,85,10.0,True
2004,75,0,84,79,-50.0,False
2004,75,1,84,79,-50.0,False
2004,75,2,83,79,-40.0,False
2004,75,3,83,79,-40.0,False
2004,75,4,83,79,-40.0,False
2004,75,5,83,79,-40.0,False
2004,75,6,82,79,-30.0,False
2004,75,7,82,79,-30.0,False
2004,75,8,82,79,-30.0,False
2004,75,9,82,79,-30.0,False
2004,75,10,81,79,-20.0,False
2004,75,11,81,79,-20.0,False
2004,75,12,81,79,-20.0,False
2004,75,13,81,79,-20.0,False
2004,75,14,80,78,-20.0,False
2004,75,15,80,78,-20.0,False
2004,75,16,80,78,-20.0,False
2004,75,17,80,78,-20.0,False
2004,75,18,79,78,-10.0,True
2004,75,19,79,78,-10.0,True
2004,75,20,79,78,-10.0,True
2004,75,21,79,78,-10.0,True
2004,75,22,78,78,0.0,True
2004,75,23,78,78,0.0,True
2004,75,24,78,78,0.0,True
2004,75,25,78,78,0.0,True
2004,75,26,77,78,10.0,True
2004,75,27,77,78,10.0,True
2004,75,28,77,77,0.0,True
2004,75,29,77,77,0.0,True
2004,75,30,76,77,10.0,True
2004,75,31,76,77,10.0,True
2004,75,32,76,77,10.0,True
2004,75,33,76,77,10.0,True
2004,75,34,76,77,10.0,True
2004,75,35,76,77,10.0,True
2004,75,36,75,77,20.0,True
2004,75,37,75,77,20.0,True
2004,75,38,75,77,20.0,True
2004,75,39,75,77,20.0,False
2004,75,40,75,77,20.0,False
2004,75,41,75,77,20.0,False
2004,75,42,75,76,10.0,True
2004,75,43,75,76,10.0,True
2004,75,44,75,76,10.0,True
2004,75,45,74,76,20.0,True
2004,75,46,74,76,20.0,True
2004,75,47,74,76,20.0,True
2004,75,48,74,76,20.0,False
2004,75,49,74,76,20.0,False
2004,76,0,74,73,-10.0,True
2004,76,1,74,73,-10.0,True
2004,76,2,74,72,-20.0,False
2004,76,3,74,72,-20.0,False
2004,76,4,74,72,-20.0,False
2004,76,5,73,72,-10.0,True
2004,76,6,73,72,-10.0,True
2004,76,7,73,72,-10.0,True
2004,76,8,73,72,-10.0,True
2004,76,9,73,72,-10.0,True
2004,76,10,73,72,-10.0,True
2004,76,11,73,72,-10.0,True
2004,76,12,73,72,-10.0,True
2004,76,13,73,72,-10.0,True
2004,76,14,72,72,0.0,True
2004,76,15,72,72,0.0,True
2004,76,16,72,72,0.0,True
2004,76,17,72,72,0.0,True
2004,76,18,72,72,0.0,True
2004,76,19,72,72,0.0,True
2004,76,20,72,72,0.0,True
2004,76,21,72,72,0.0,True
2004,76,22,72,72,0.0,True
2004,76,23,71,72,10.0,True
2004,76,24,71,72,10.0,True
2004,76,25,71,72,10.0,True
2004,76,26,71,72,10.0,True
2004,76,27,71,72,10.0,True
2004,76,28,71,71,0.0,True
2004,76,29,71,71,0.0,True
2004,76,30,71,71,0.0,True
2004,76,31,71,71,0.0,True
2004,76,32,71,71,0.0,True
2004,76,33,71,71,0.0,True
2004,76,34,71,71,0.0,True
2004,76,35,71,71,0.0,True
2004,76,36,71,71,0.0,True
2004,76,37,71,71,0.0,True
2004,76,38,71,71,0.0,True
2004,76,39,71,70,-10.0,True
2004,76,40,71,70,-10.0,True
2004,76,41,71,70,-10.0,True
2004,76,42,71,70,-10.0,True
2004,76,43,71,70,-10.0,True
2004,76,44,71,70,-10.0,True
2004,76,45,71,70,-10.0,True
2004,76,46,71,70,-10.0,True
2004,76,47,71,70,-10.0,True
2004,76,48,71,70,-10.0,True
2004,76,49,71,70,-10.0,True
2004,77,0,71,70,-10.0,True
2004,77,1,71,70,-10.0,True
2004,77,2,71,70,-10.0,True
2004,77,3,71,70,-10.0,True
2004,77,4,71,71,0.0,True
2004,77,5,71,70,-10.0,True
2004,77,6,71,71,0.0,True
2004,77,7,71,71,0.0,True
2004,77,8,71,71,0.0,True
2004,77,9,71,71,0.0,True
2004,77,10,71,71,0.0,True
2004,77,11,71,71,0.0,True
2004,77,12,71,71,0.0,True
2004,77,13,71,71,0.0,True
2004,77,14,71,71,0.0,True
2004,77,15,71,71,0.0,True
2004,77,16,71,71,0.0,True
2004,77,17,71,71,0.0,True
2004,77,18,71,71,0.0,True
2004,77,19,71,71,0.0,True
2004,77,20,71,71,0.0,True
2004,77,21,71,71,0.0,True
2004,77,22,71,71,0.0,True
2004,77,23,71,71,0.0,True
2004,77,24,71,71,0.0,True
2004,77,25,71,71,0.0,True
2004,77,26,71,71,0.0,True
2004,77,27,71,71,0.0,True
2004,77,28,71,71,0.0,True
2004,77,29,71,71,0.0,True
2004,77,30,71,71,0.0,True
2004,77,31,71,71,0.0,True
2004,77,32,71,71,0.0,True
2004,77,33,71,71,0.0,True
2004,77,34,71,71,0.0,True
2004,77,35,71,71,0.0,True
2004,77,36,71,71,0.0,True
2004,77,37,71,71,0.0,True
2004,77,38,71,71,0.0,True
2004,77,39,71,71,0.0,True
2004,77,40,71,71,0.0,True
2004,77,41,71,71,0.0,True
2004,77,42,71,71,0.0,True
2004,77,43,71,71,0.0,True
2004,77,44,71,71,0.0,True
2004,77,45,71,71,0.0,True
2004,77,46,71,71,0.0,True
2004,77,47,71,71,0.0,True
2004,77,48,71,71,0.0,True
2004,77,49,71,71,0.0,True
2004,78,0,71,70,-10.0,True
2004,78,1,71,70,-10.0,True
2004,78,2,71,70,-10.0,True
2004,78,3,71,70,-10.0,True
2004,78,4,71,71,0.0,True
2004,78,5,71,71,0.0,True
2004,78,6,71,71,0.0,True
2004,78,7,71,71,0.0,True
2004,78,8,71,71,0.0,True
2004,78,9,71,71,0.0,True
2004,78,10,71,71,0.0,True
2004,78,11,70,71,10.0,True
2004,78,12,70,71,10.0,True
2004,78,13,70,71,10.0,True
2004,78,14,70,71,10.0,True
2004,78,15,70,71,10.0,True
2004,78,16,70,70,0.0,True
2004,78,17,70,71,10.0,True
2004,78,18,70,71,10.0,True
2004,78,19,70,71,10.0,True
2004,78,20,70,71,10.0,True
2004,78,21,70,71,10.0,True
2004,78,22,70,72,20.0,True
2004,78,23,70,70,0.0,True
2004,78,24,70,69,-10.0,True
2004,78,25,70,69,-10.0,True
2004,78,26,70,70,0.0,True
2004,78,27,70,70,0.0,True
2004,78,28,70,70,0.0,True
2004,78,29,70,70,0.0,True
2004,78,30,70,70,0.0,True
2004,78,31,70,71,10.0,True
2004,78,32,70,71,10.0,True
2004,78,33,70,69,-10.0,True
2004,78,34,70,69,-10.0,True
2004,78,35,70,70,0.0,True
2004,78,36,70,70,0.0,True
2004,78,37,70,71,10.0,True
2004,78,38,70,69,-10.0,True
2004,78,39,70,70,0.0,True
2004,78,40,70,71,10.0,True
2004,78,41,70,71,10.0,True
2004,78,42,70,71,10.0,True
2004,78,43,70,71,10.0,True
2004,78,44,70,71,10.0,True
2004,78,45,70,71,10.0,True
2004,78,46,70,69,-10.0,True
2004,78,47,70,69,-10.0,True
2004,78,48,70,69,-10.0,True
2004,78,49,70,69,-10.0,True
2004,79,0,64,65,10.0,True
2004,79,1,64,65,10.0,True
2004,79,2,64,65,10.0,True
2004,79,3,64,65,10.0,True
2004,79,4,64,66,20.0,True
2004,79,5,65,66,10.0,True
2004,79,6,65,66,10.0,True
2004,79,7,65,66,10.0,True
2004,79,8,65,66,10.0,True
2004,79,9,65,66,10.0,True
2004,79,10,65,67,20.0,True
2004,79,11,65,67,20.0,True
2004,79,12,66,67,10.0,True
2004,79,13,66,67,10.0,True
2004,79,14,66,67,10.0,True
2004,79,15,66,67,10.0,True
2004,79,16,66,68,20.0,True
2004,79,17,67,68,10.0,True
2004,79,18,67,68,10.0,True
2004,79,19,67,68,10.0,True
2004,79,20,67,68,10.0,True
2004,79,21,68,68,0.0,True
2004,79,22,68,69,10.0,True
2004,79,23,68,69,10.0,True
2004,79,24,68,69,10.0,True
2004,79,25,69,69,0.0,True
2004,79,26,69,69,0.0,True
2004,79,27,69,69,0.0,True
2004,79,28,70,69,-10.0,True
2004,79,29,70,69,-10.0,True
2004,79,30,70,69,-10.0,True
2004,79,31,70,69,-10.0,True
2004,79,32,71,69,-20.0,False
2004,79,33,71,69,-20.0,False
2004,79,34,71,69,-20.0,False
2004,79,35,72,69,-30.0,False
2004,79,36,72,71,-10.0,True
2004,79,37,72,71,-10.0,True
2004,79,38,72,70,-20.0,False
2004,79,39,73,71,-20.0,False
2004,79,40,73,72,-10.0,True
2004,79,41,73,70,-30.0,False
2004,79,42,73,71,-20.0,False
2004,79,43,73,71,-20.0,False
2004,79,44,74,72,-20.0,False
2004,79,45,74,71,-30.0,False
2004,79,46,74,72,-20.0,False
2004,79,47,74,73,-10.0,True
2004,79,48,74,73,-10.0,True
2004,79,49,74,72,-20.0,False
2004,80,0,70,65,-50.0,False
2004,80,1,70,66,-40.0,False
2004,80,2,70,66,-40.0,False
2004,80,3,70,66,-40.0,False
2004,80,4,69,66,-30.0,False
2004,80,5,69,66,-30.0,False
2004,80,6,69,66,-30.0,False
2004,80,7,69,66,-30.0,False
2004,80,8,69,67,-20.0,False
2004,80,9,69,66,-30.0,False
2004,80,10,69,66,-30.0,False
2004,80,11,69,67,-20.0,False
2004,80,12,69,66,-30.0,False
2004,80,13,69,67,-20.0,False
2004,80,14,69,67,-20.0,False
2004,80,15,69,67,-20.0,False
2004,80,16,69,67,-20.0,False
2004,80,17,69,68,-10.0,True
2004,80,18,68,67,-10.0,True
2004,80,19,68,68,0.0,True
2004,80,20,68,68,0.0,True
2004,80,21,68,68,0.0,True
2004,80,22,68,68,0.0,True
2004,80,23,68,68,0.0,True
2004,80,24,68,68,0.0,True
2004,80,25,68,69,10.0,True
2004,80,26,68,69,10.0,True
2004,80,27,68,68,0.0,True
2004,80,28,68,68,0.0,True
2004,80,29,68,68,0.0,True
2004,80,30,68,69,10.0,True
2004,80,31,68,69,10.0,True
2004,80,32,67,69,20.0,True
2004,80,33,67,70,30.0,False
2004,80,34,67,70,30.0,False
2004,80,35,67,70,30.0,False
2004,80,36,67,70,30.0,False
2004,80,37,67,70,30.0,False
2004,80,38,67,70,30.0,False
2004,80,39,67,70,30.0,False
2004,80,40,67,70,30.0,False
2004,80,41,67,70,30.0,False
2004,80,42,67,71,40.0,False
2004,80,43,67,71,40.0,False
2004,80,44,67,71,40.0,False
2004,80,45,66,71,50.0,False
2004,80,46,66,71,50.0,False
2004,80,47,66,71,50.0,False
2004,80,48,66,71,50.0,False
2004,80,49,66,71,50.0,False
2004,81,0,62,53,-90.0,False
2004,81,1,62,53,-90.0,False
2004,81,2,62,53,-90.0,False
2004,81,3,62,53,-90.0,False
2004,81,4,62,53,-90.0,False
2004,81,5,62,54,-80.0,False
2004,81,6,62,54,-80.0,False
2004,81,7,62,54,-80.0,False
2004,81,8,61,54,-70.0,False
2004,81,9,61,54,-70.0,False
2004,81,10,61,54,-70.0,False
2004,81,11,61,55,-60.0,False
2004,81,12,61,55,-60.0,False
2004,81,13,61,55,-60.0,False
2004,81,14,61,55,-60.0,False
2004,81,15,60,55,-50.0,False
2004,81,16,60,56,-40.0,False
2004,81,17,60,56,-40.0,False
2004,81,18,60,56,-40.0,False
2004,81,19,59,56,-30.0,False
2004,81,20,59,56,-30.0,False
2004,81,21,59,57,-20.0,False
2004,81,22,58,57,-10.0,True
2004,81,23,58,57,-10.0,True
2004,81,24,57,57,0.0,True
2004,81,25,57,58,10.0,True
2004,81,26,57,57,0.0,True
2004,81,27,56,57,10.0,True
2004,81,28,56,58,20.0,True
2004,81,29,56,58,20.0,False
2004,81,30,55,56,10.0,True
2004,81,31,55,56,10.0,True
2004,81,32,54,56,20.0,True
2004,81,33,54,56,20.0,True
2004,81,34,54,57,30.0,False
2004,81,35,53,59,60.0,False
2004,81,36,53,59,60.0,False
2004,81,37,53,58,50.0,False
2004,81,38,52,58,60.0,False
2004,81,39,52,58,60.0,False
2004,81,40,51,57,60.0,False
2004,81,41,51,57,60.0,False
2004,81,42,51,60,90.0,False
2004,81,43,50,61,110.0,False
2004,81,44,50,61,110.0,False
2004,81,45,50,61,110.0,False
2004,81,46,49,59,100.0,False
2004,81,47,49,58,90.0,False
2004,81,48,48,58,100.0,False
2004,81,49,48,62,140.0,False
2004,82,0,37,25,-120.0,False
2004,82,1,36,27,-90.0,False
2004,82,2,36,24,-120.0,False
2004,82,3,36,24,-120.0,False
2004,82,4,35,25,-100.0,False
2004,82,5,35,25,-100.0,False
2004,82,6,35,26,-90.0,False
2004,82,7,34,25,-90.0,False
2004,82,8,34,26,-80.0,False
2004,82,9,34,29,-50.0,False
2004,82,10,33,28,-50.0,False
2004,82,11,33,27,-60.0,False
2004,82,12,33,29,-40.0,False
2004,82,13,32,28,-40.0,False
2004,82,14,32,28,-40.0,False
2004,82,15,32,29,-30.0,False
2004,82,16,32,29,-30.0,False
2004,82,17,32,28,-40.0,False
2004,82,18,31,29,-20.0,False
2004,82,19,31,28,-30.0,False
2004,82,20,31,29,-20.0,False
2004,82,21,31,29,-20.0,False
2004,82,22,31,30,-10.0,True
2004,82,23,31,30,-10.0,True
2004,82,24,30,31,10.0,True
2004,82,25,30,32,20.0,True
2004,82,26,30,32,20.0,True
2004,82,27,30,30,0.0,True
2004,82,28,30,30,0.0,True
2004,82,29,30,30,0.0,True
2004,82,30,30,29,-10.0,True
2004,82,31,30,30,0.0,True
2004,82,32,30,30,0.0,True
2004,82,33,30,30,0.0,True
2004,82,34,30,30,0.0,True
2004,82,35,30,30,0.0,True
2004,82,36,30,30,0.0,True
2004,82,37,30,30,0.0,True
2004,82,38,30,30,0.0,True
2004,82,39,30,30,0.0,True
2004,82,40,30,30,0.0,True
2004,82,41,30,30,0.0,True
2004,82,42,30,32,20.0,False
2004,82,43,30,33,30.0,False
2004,82,44,30,33,30.0,False
2004,82,45,30,31,10.0,True
2004,82,46,30,31,10.0,True
2004,82,47,30,31,10.0,True
2004,82,48,30,32,20.0,False
2004,82,49,30,32,20.0,False
2004,83,0,30,27,-30.0,False
2004,83,1,30,27,-30.0,False
2004,83,2,30,27,-30.0,False
2004,83,3,30,27,-30.0,False
2004,83,4,30,27,-30.0,False
2004,83,5,30,27,-30.0,False
2004,83,6,30,28,-20.0,False
2004,83,7,30,28,-20.0,False
2004,83,8,30,28,-20.0,False
2004,83,9,30,28,-20.0,False
2004,83,10,30,28,-20.0,False
2004,83,11,30,28,-20.0,False
2004,83,12,30,28,-20.0,False
2004,83,13,30,28,-20.0,False
2004,83,14,30,29,-10.0,True
2004,83,15,30,29,-10.0,True
2004,83,16,30,29,-10.0,True
2004,83,17,30,29,-10.0,True
2004,83,18,30,29,-10.0,True
2004,83,19,30,29,-10.0,True
2004,83,20,30,29,-10.0,True
2004,83,21,30,29,-10.0,True
2004,83,22,30,29,-10.0,True
2004,83,23,30,29,-10.0,True
2004,83,24,30,30,0.0,True
2004,83,25,30,30,0.0,True
2004,83,26,30,30,0.0,True
2004,83,27,30,30,0.0,True
2004,83,28,30,30,0.0,True
2004,83,29,30,30,0.0,True
2004,83,30,30,30,0.0,True
2004,83,31,30,30,0.0,True
2004,83,32,30,31,10.0,True
2004,83,33,30,31,10.0,True
2004,83,34,30,32,20.0,False
2004,83,35,30,31,10.0,True
2004,83,36,30,33,30.0,False
2004,83,37,30,35,50.0,False
2004,83,38,30,33,30.0,False
2004,83,39,30,32,20.0,False
2004,83,40,30,32,20.0,False
2004,83,41,30,32,20.0,False
2004,83,42,30,35,50.0,False
2004,83,43,30,35,50.0,False
2004,83,44,30,34,40.0,False
2004,83,45,30,35,50.0,False
2004,83,46,30,34,40.0,False
2004,83,47,30,36,60.0,False
2004,83,48,30,36,60.0,False
2004,83,49,30,36,60.0,False
2004,84,0,30,29,-10.0,True
2004,84,1,30,29,-10.0,True
2004,84,2,30,30,0.0,True
2004,84,3,30,29,-10.0,True
2004,84,4,30,30,0.0,True
2004,84,5,30,30,0.0,True
2004,84,6,30,30,0.0,True
2004,84,7,30,30,0.0,True
2004,84,8,30,30,0.0,True
2004,84,9,30,30,0.0,True
2004,84,10,30,30,0.0,True
2004,84,11,30,30,0.0,True
2004,84,12,30,31,10.0,True
2004,84,13,30,31,10.0,True
2004,84,14,31,31,0.0,True
2004,84,15,31,31,0.0,True
2004,84,16,31,31,0.0,True
2004,84,17,31,31,0.0,True
2004,84,18,31,31,0.0,True
2004,84,19,31,32,10.0,True
2004,84,20,32,32,0.0,True
2004,84,21,32,32,0.0,True
2004,84,22,32,32,0.0,True
2004,84,23,32,33,10.0,True
2004,84,24,33,33,0.0,True
2004,84,25,33,33,0.0,True
2004,84,26,33,33,0.0,True
2004,84,27,33,34,10.0,True
2004,84,28,34,34,0.0,True
2004,84,29,34,34,0.0,True
2004,84,30,34,34,0.0,True
2004,84,31,35,35,0.0,True
2004,84,32,35,35,0.0,True
2004,84,33,35,35,0.0,True
2004,84,34,35,35,0.0,True
2004,84,35,36,36,0.0,True
2004,84,36,36,36,0.0,True
2004,84,37,36,36,0.0,True
2004,84,38,37,36,-10.0,True
2004,84,39,37,36,-10.0,True
2004,84,40,37,36,-10.0,True
2004,84,41,38,36,-20.0,False
2004,84,42,38,37,-10.0,True
2004,84,43,38,37,-10.0,True
2004,84,44,39,37,-20.0,False
2004,84,45,39,38,-10.0,True
2004,84,46,39,38,-10.0,True
2004,84,47,40,38,-20.0,False
2004,84,48,40,38,-20.0,False
2004,84,49,40,38,-20.0,False
2004,85,0,22,23,10.0,True
2004,85,1,22,23,10.0,True
2004,85,2,22,24,20.0,True
2004,85,3,23,24,10.0,True
2004,85,4,23,24,10.0,True
2004,85,5,23,24,10.0,True
2004,85,6,24,25,10.0,True
2004,85,7,24,25,10.0,True
2004,85,8,24,25,10.0,True
2004,85,9,25,26,10.0,True
2004,85,10,25,26,10.0,True
2004,85,11,25,26,10.0,True
2004,85,12,26,26,0.0,True
2004,85,13,26,27,10.0,True
2004,85,14,26,27,10.0,True
2004,85,15,27,27,0.0,True
2004,85,16,27,27,0.0,True
2004,85,17,27,27,0.0,True
2004,85,18,28,28,0.0,True
2004,85,19,28,28,0.0,True
2004,85,20,28,28,0.0,True
2004,85,21,28,29,10.0,True
2004,85,22,29,29,0.0,True
2004,85,23,29,29,0.0,True
2004,85,24,29,29,0.0,True
2004,85,25,30,29,-10.0,True
2004,85,26,30,29,-10.0,True
2004,85,27,30,30,0.0,True
2004,85,28,30,30,0.0,True
2004,85,29,31,29,-20.0,False
2004,85,30,31,29,-20.0,False
2004,85,31,31,29,-20.0,False
2004,85,32,31,29,-20.0,False
2004,85,33,32,27,-50.0,False
2004,85,34,32,29,-30.0,False
2004,85,35,32,28,-40.0,False
2004,85,36,32,28,-40.0,False
2004,85,37,32,28,-40.0,False
2004,85,38,33,28,-50.0,False
2004,85,39,33,29,-40.0,False
2004,85,40,33,29,-40.0,False
2004,85,41,33,30,-30.0,False
2004,85,42,33,30,-30.0,False
2004,85,43,33,32,-10.0,True
2004,85,44,33,32,-10.0,True
2004,85,45,33,32,-10.0,True
2004,85,46,33,32,-10.0,True
2004,85,47,33,32,-10.0,True
2004,85,48,34,32,-20.0,False
2004,85,49,34,32,-20.0,False
2004,86,0,21,19,-20.0,False
2004,86,1,22,18,-40.0,False
2004,86,2,22,18,-40.0,False
2004,86,3,22,19,-30.0,False
2004,86,4,22,19,-30.0,False
2004,86,5,22,20,-20.0,False
2004,86,6,22,18,-40.0,False
2004,86,7,22,19,-30.0,False
2004,86,8,22,20,-20.0,False
2004,86,9,22,20,-20.0,False
2004,86,10,22,20,-20.0,False
2004,86,11,22,20,-20.0,False
2004,86,12,22,20,-20.0,False
2004,86,13,22,21,-10.0,True
2004,86,14,22,21,-10.0,True
2004,86,15,22,21,-10.0,True
2004,86,16,22,21,-10.0,True
2004,86,17,22,21,-10.0,True
2004,86,18,22,21,-10.0,True
2004,86,19,22,21,-10.0,True
2004,86,20,22,21,-10.0,True
2004,86,21,22,22,0.0,True
2004,86,22,22,22,0.0,True
2004,86,23,22,22,0.0,True
2004,86,24,22,22,0.0,True
2004,86,25,22,22,0.0,True
2004,86,26,22,22,0.0,True
2004,86,27,22,22,0.0,True
2004,86,28,23,22,-10.0,True
2004,86,29,23,23,0.0,True
2004,86,30,23,23,0.0,True
2004,86,31,23,23,0.0,True
2004,86,32,23,22,-10.0,True
2004,86,33,23,23,0.0,True
2004,86,34,23,23,0.0,True
2004,86,35,23,23,0.0,True
2004,86,36,23,23,0.0,True
2004,86,37,23,24,10.0,True
2004,86,38,23,24,10.0,True
2004,86,39,23,24,10.0,True
2004,86,40,23,23,0.0,True
2004,86,41,23,23,0.0,True
2004,86,42,23,23,0.0,True
2004,86,43,23,23,0.0,True
2004,86,44,23,23,0.0,True
2004,86,45,23,24,10.0,True
2004,86,46,23,24,10.0,True
2004,86,47,23,24,10.0,True
2004,86,48,24,24,0.0,True
2004,86,49,24,24,0.0,True
2004,87,0,21,22,10.0,True
2004,87,1,21,22,10.0,True
2004,87,2,21,22,10.0,True
2004,87,3,21,22,10.0,True
2004,87,4,21,23,20.0,True
2004,87,5,21,23,20.0,True
2004,87,6,22,23,10.0,True
2004,87,7,22,23,10.0,True
2004,87,8,22,23,10.0,True
2004,87,9,22,24,20.0,False
2004,87,10,22,24,20.0,True
2004,87,11,22,24,20.0,True
2004,87,12,23,24,10.0,True
2004,87,13,23,24,10.0,True
2004,87,14,23,25,20.0,False
2004,87,15,23,25,20.0,False
2004,87,16,23,25,20.0,True
2004,87,17,23,25,20.0,True
2004,87,18,24,25,10.0,True
2004,87,19,24,25,10.0,True
2004,87,20,24,25,10.0,True
2004,87,21,24,25,10.0,True
2004,87,22,25,26,10.0,True
2004,87,23,25,25,0.0,True
2004,87,24,25,25,0.0,True
2004,87,25,25,25,0.0,True
2004,87,26,26,25,-10.0,True
2004,87,27,26,26,0.0,True
2004,87,28,26,26,0.0,True
2004,87,29,26,26,0.0,True
2004,87,30,27,26,-10.0,True
2004,87,31,27,26,-10.0,True
2004,87,32,27,26,-10.0,True
2004,87,33,28,26,-20.0,False
2004,87,34,28,27,-10.0,True
2004,87,35,28,27,-10.0,True
2004,87,36,29,27,-20.0,False
2004,87,37,29,27,-20.0,False
2004,87,38,29,27,-20.0,False
2004,87,39,30,27,-30.0,False
2004,87,40,30,27,-30.0,False
2004,87,41,30,27,-30.0,False
2004,87,42,31,27,-40.0,False
2004,87,43,31,28,-30.0,False
2004,87,44,31,28,-30.0,False
2004,87,45,32,28,-40.0,False
2004,87,46,32,28,-40.0,False
2004,87,47,32,28,-40.0,False
2004,87,48,33,28,-50.0,False
2004,87,49,33,28,-50.0,False
2004,88,0,33,36,30.0,False
2004,88,1,34,37,30.0,False
2004,88,2,34,37,30.0,False
2004,88,3,35,37,20.0,False
2004,88,4,35,37,20.0,False
2004,88,5,35,37,20.0,True
2004,88,6,36,37,10.0,True
2004,88,7,36,37,10.0,True
2004,88,8,36,38,20.0,True
2004,88,9,37,38,10.0,True
2004,88,10,37,38,10.0,True
2004,88,11,37,38,10.0,True
2004,88,12,38,38,0.0,True
2004,88,13,38,38,0.0,True
2004,88,14,38,38,0.0,True
2004,88,15,39,38,-10.0,True
2004,88,16,39,38,-10.0,True
2004,88,17,39,41,20.0,True
2004,88,18,40,39,-10.0,True
2004,88,19,40,39,-10.0,True
2004,88,20,40,40,0.0,True
2004,88,21,41,40,-10.0,True
2004,88,22,41,41,0.0,True
2004,88,23,41,40,-10.0,True
2004,88,24,42,41,-10.0,True
2004,88,25,42,41,-10.0,True
2004,88,26,42,41,-10.0,True
2004,88,27,42,43,10.0,True
2004,88,28,43,41,-20.0,False
2004,88,29,43,43,0.0,True
2004,88,30,43,43,0.0,True
2004,88,31,44,43,-10.0,True
2004,88,32,44,44,0.0,True
2004,88,33,44,44,0.0,True
2004,88,34,44,44,0.0,True
2004,88,35,45,44,-10.0,True
2004,88,36,45,44,-10.0,True
2004,88,37,45,44,-10.0,True
2004,88,38,45,45,0.0,True
2004,88,39,45,45,0.0,True
2004,88,40,46,45,-10.0,True
2004,88,41,46,45,-10.0,True
2004,88,42,46,45,-10.0,True
2004,88,43,46,41,-50.0,False
2004,88,44,46,46,0.0,True
2004,88,45,46,41,-50.0,False
2004,88,46,47,46,-10.0,True
2004,88,47,47,46,-10.0,True
2004,88,48,47,42,-50.0,False
2004,88,49,47,42,-50.0,False
2004,89,0,39,39,0.0,True
2004,89,1,39,39,0.0,True
2004,89,2,39,39,0.0,True
2004,89,3,39,39,0.0,True
2004,89,4,39,39,0.0,True
2004,89,5,39,39,0.0,True
2004,89,6,39,39,0.0,True
2004,89,7,40,39,-10.0,True
2004,89,8,40,39,-10.0,True
2004,89,9,40,40,0.0,True
2004,89,10,40,40,0.0,True
2004,89,11,40,40,0.0,True
2004,89,12,40,40,0.0,True
2004,89,13,40,40,0.0,True
2004,89,14,41,40,-10.0,True
2004,89,15,41,40,-10.0,True
2004,89,16,41,41,0.0,True
2004,89,17,41,41,0.0,True
2004,89,18,41,41,0.0,True
2004,89,19,41,41,0.0,True
2004,89,20,41,41,0.0,True
2004,89,21,41,41,0.0,True
2004,89,22,42,42,0.0,True
2004,89,23,42,42,0.0,True
2004,89,24,42,42,0.0,True
2004,89,25,42,42,0.0,True
2004,89,26,42,42,0.0,True
2004,89,27,42,42,0.0,True
2004,89,28,42,43,10.0,True
2004,89,29,43,43,0.0,True
2004,89,30,43,43,0.0,True
2004,89,31,43,43,0.0,True
2004,89,32,43,43,0.0,True
2004,89,33,43,43,0.0,True
2004,89,34,43,43,0.0,True
2004,89,35,43,43,0.0,True
2004,89,36,43,44,10.0,True
2004,89,37,44,44,0.0,True
2004,89,38,44,44,0.0,True
2004,89,39,44,44,0.0,True
2004,89,40,44,44,0.0,True
2004,89,41,44,44,0.0,True
2004,89,42,44,44,0.0,True
2004,89,43,44,45,10.0,True
2004,89,44,44,45,10.0,True
2004,89,45,45,45,0.0,True
2004,89,46,45,45,0.0,True
2004,89,47,45,45,0.0,True
2004,89,48,45,45,0.0,True
2004,89,49,45,45,0.0,True
2004,90,0,34,33,-10.0,True
2004,90,1,34,33,-10.0,True
2004,90,2,34,33,-10.0,True
2004,90,3,34,34,0.0,True
2004,90,4,34,34,0.0,True
2004,90,5,35,34,-10.0,True
2004,90,6,35,34,-10.0,True
2004,90,7,35,34,-10.0,True
2004,90,8,35,34,-10.0,True
2004,90,9,35,35,0.0,True
2004,90,10,35,35,0.0,True
2004,90,11,35,35,0.0,True
2004,90,12,35,35,0.0,True
2004,90,13,36,35,-10.0,True
2004,90,14,36,36,0.0,True
2004,90,15,36,36,0.0,True
2004,90,16,36,36,0.0,True
2004,90,17,36,36,0.0,True
2004,90,18,36,36,0.0,True
2004,90,19,36,36,0.0,True
2004,90,20,37,36,-10.0,True
2004,90,21,37,37,0.0,True
2004,90,22,37,37,0.0,True
2004,90,23,37,37,0.0,True
2004,90,24,37,37,0.0,True
2004,90,25,37,37,0.0,True
2004,90,26,37,37,0.0,True
2004,90,27,38,38,0.0,True
2004,90,28,38,37,-10.0,True
2004,90,29,38,38,0.0,True
2004,90,30,38,38,0.0,True
2004,90,31,38,38,0.0,True
2004,90,32,38,38,0.0,True
2004,90,33,38,38,0.0,True
2004,90,34,38,38,0.0,True
2004,90,35,39,39,0.0,True
2004,90,36,39,39,0.0,True
2004,90,37,39,39,0.0,True
2004,90,38,39,39,0.0,True
2004,90,39,39,39,0.0,True
2004,90,40,39,39,0.0,True
2004,90,41,39,40,10.0,True
2004,90,42,40,40,0.0,True
2004,90,43,40,40,0.0,True
2004,90,44,40,40,0.0,True
2004,90,45,40,40,0.0,True
2004,90,46,40,40,0.0,True
2004,90,47,40,40,0.0,True
2004,90,48,40,41,10.0,True
2004,90,49,41,41,0.0,True
