domain_number,unit_id,transect_id,direction,ref_window,ref_lrr_m_yr,ref_unc_m_yr,ref_n_obs,marked_window,lrr_marked_m_yr,unc_marked_m_yr,diff_marked_m_yr,marked_in_ci,marked_in_abs,marked_in_rel,marked_in_ci3x,marked_in_abs50,marked_in_abs100,marked_in_overlap,first_entry_ci,stable_entry_ci,years_needed_ci,first_entry_abs,stable_entry_abs,years_needed_abs,first_entry_rel,stable_entry_rel,years_needed_rel,first_entry_ci3x,stable_entry_ci3x,years_needed_ci3x,first_entry_abs50,stable_entry_abs50,years_needed_abs50,first_entry_abs100,stable_entry_abs100,years_needed_abs100,first_entry_overlap,stable_entry_overlap,years_needed_overlap
1,usa_NC_0032_0021,usa_NC_0032_0021,backward,1996_2024,3.157,0.4865,509,2010_2024,9.0707,1.4676,5.9137,False,False,False,False,False,False,False,2000,2000,25,1997,1997,28,2001,2001,24,2004,2004,21,2000,2000,25,2003,2003,22,2003,2003,22
1,usa_NC_0032_0022,usa_NC_0032_0022,backward,1996_2024,3.1842,0.4598,522,2010_2024,8.7647,1.3595,5.5805,False,False,False,False,False,False,False,2001,2001,24,1997,1997,28,2002,2002,23,2004,2004,21,2001,2001,24,2003,2003,22,2004,2004,21
1,usa_NC_0032_0023,usa_NC_0032_0023,backward,1996_2024,2.8737,0.4205,510,2010_2024,7.968,1.2854,5.0943,False,False,False,False,False,False,False,2002,2002,23,2001,1997,28,2003,2003,22,2004,2004,21,2002,2002,23,2004,2004,21,2004,2004,21
1,usa_NC_0032_0024,usa_NC_0032_0024,backward,1996_2024,2.8488,0.3913,514,2010_2024,7.224,1.1591,4.3752,False,False,False,False,False,False,False,2002,2002,23,2001,1997,28,2003,2003,22,2004,2004,21,2003,2003,22,2004,2004,21,2004,2004,21
1,usa_NC_0032_0025,usa_NC_0032_0025,backward,1996_2024,2.7908,0.3518,521,2010_2024,6.7768,1.0311,3.986,False,False,False,False,False,False,False,2002,2002,23,2001,1997,28,2004,2004,21,2005,2005,20,2003,2003,22,2004,2004,21,2005,2005,20
1,usa_NC_0032_0026,usa_NC_0032_0026,backward,1996_2024,2.7617,0.3239,518,2010_2024,6.3566,0.9411,3.5949,False,False,False,False,False,False,False,2003,1998,27,2002,1997,28,2004,2004,21,2005,2005,20,2004,2004,21,2005,2005,20,2005,2005,20
1,usa_NC_0032_0027,usa_NC_0032_0027,backward,1996_2024,2.6717,0.3015,520,2010_2024,5.7365,0.8644,3.0648,False,False,False,False,False,False,False,2003,1998,27,2003,1997,28,2004,2004,21,2005,2005,20,2004,2004,21,2005,2005,20,2005,2005,20
1,usa_NC_0032_0028,usa_NC_0032_0028,backward,1996_2024,2.6677,0.285,514,2010_2024,5.322,0.8216,2.6543,False,False,False,False,False,False,False,2003,1997,28,2003,1997,28,2004,2004,21,2005,2005,20,2004,2004,21,2006,2006,19,2005,2005,20
1,usa_NC_0032_0029,usa_NC_0032_0029,backward,1996_2024,2.6343,0.2595,516,2010_2024,4.8452,0.7332,2.2109,False,False,False,False,False,False,False,2004,1997,28,2004,1997,28,2005,2005,20,2006,2006,19,2004,2004,21,2007,2007,18,2007,2007,18
2,usa_NC_0032_0030,usa_NC_0032_0030,backward,1996_2024,2.663,0.2425,516,2010_2024,4.542,0.6792,1.879,False,False,False,False,False,False,False,2004,1997,28,2004,1997,28,2006,2006,19,2007,2007,18,2006,2006,19,2007,2007,18,2007,2007,18
2,usa_NC_0032_0031,usa_NC_0032_0031,backward,1996_2024,2.5684,0.2432,520,2010_2024,4.4361,0.6813,1.8677,False,False,False,False,False,False,False,2004,1997,28,2004,1997,28,2007,2007,18,2007,2007,18,2007,2007,18,2008,2008,17,2007,2007,18
2,usa_NC_0032_0032,usa_NC_0032_0032,backward,1996_2024,2.5575,0.2324,516,2010_2024,4.3309,0.6273,1.7734,False,False,False,False,False,False,False,2004,1996,29,2004,1997,28,2006,2006,19,2007,2007,18,2006,2006,19,2008,2008,17,2007,2007,18
2,usa_NC_0032_0033,usa_NC_0032_0033,backward,1996_2024,2.5714,0.2336,511,2010_2024,4.3283,0.6102,1.7569,False,False,False,False,False,False,False,2004,1996,29,2004,1996,29,2006,2006,19,2007,2007,18,2006,2006,19,2008,2008,17,2007,2007,18
2,usa_NC_0032_0034,usa_NC_0032_0034,backward,1996_2024,2.5133,0.2259,511,2010_2024,3.9912,0.5609,1.4779,False,False,False,False,False,False,False,2004,1996,29,2004,1996,29,2007,2007,18,2008,2008,17,2007,2007,18,2008,2008,17,2008,2008,17
2,usa_NC_0032_0035,usa_NC_0032_0035,backward,1996_2024,2.5625,0.2121,516,2010_2024,4.0054,0.5186,1.4429,False,False,False,False,False,False,False,2004,1996,29,2004,1996,29,2007,2007,18,2007,2007,18,2007,2007,18,2008,2008,17,2007,2007,18
2,usa_NC_0032_0036,usa_NC_0032_0036,backward,1996_2024,2.5167,0.2011,520,2010_2024,3.8718,0.4836,1.3551,False,False,False,False,False,False,False,2004,1996,29,2004,1996,29,2007,2007,18,2007,2007,18,2007,2007,18,2008,2008,17,2007,2007,18
2,usa_NC_0032_0037,usa_NC_0032_0037,backward,1996_2024,2.5049,0.1896,521,2010_2024,3.8185,0.4457,1.3136,False,False,False,False,False,False,False,2003,1996,29,2004,1997,28,2007,2007,18,2007,2007,18,2007,2007,18,2008,2008,17,2007,2007,18
2,usa_NC_0032_0038,usa_NC_0032_0038,backward,1996_2024,2.4707,0.1831,521,2010_2024,3.7898,0.4209,1.3191,False,False,False,False,False,False,False,2003,1996,29,2004,1997,28,2007,2007,18,2007,2007,18,2007,2007,18,2008,2008,17,2007,2007,18
2,usa_NC_0032_0039,usa_NC_0032_0039,backward,1996_2024,2.4586,0.1726,522,2010_2024,3.7266,0.3814,1.268,False,False,False,False,False,False,False,2003,1996,29,2003,1997,28,2004,2004,21,2004,2004,21,2004,2004,21,2008,2008,17,2004,2004,21
2,usa_NC_0032_0040,usa_NC_0032_0040,backward,1996_2024,2.4106,0.1641,524,2010_2024,3.7049,0.3702,1.2943,False,False,False,False,False,False,False,2002,1996,29,2003,2003,22,2004,2004,21,2004,2004,21,2004,2004,21,2008,2008,17,2003,2003,22
3,usa_NC_0032_0041,usa_NC_0032_0041,backward,1996_2024,2.2817,0.1555,527,2010_2024,3.3997,0.3402,1.118,False,False,False,False,False,False,False,2003,1996,29,2003,2003,22,2004,2004,21,2006,2004,21,2007,2004,21,2009,2009,16,2003,2003,22
3,usa_NC_0032_0042,usa_NC_0032_0042,backward,1996_2024,2.3051,0.1534,517,2010_2024,3.2954,0.3437,0.9903,False,False,False,False,False,True,False,2000,1997,28,2003,2003,22,2007,2004,21,2007,2004,21,2008,2004,21,2010,2010,15,2007,2004,21
3,usa_NC_0032_0043,usa_NC_0032_0043,backward,1996_2024,2.4358,0.1501,515,2010_2024,3.3867,0.339,0.9509,False,False,False,False,False,True,False,2002,1997,28,2003,2003,22,2008,2004,21,2004,2004,21,2008,2004,21,2010,2010,15,2003,2003,22
3,usa_NC_0032_0044,usa_NC_0032_0044,backward,1996_2024,2.5379,0.1471,513,2010_2024,3.4905,0.3224,0.9526,False,False,False,False,False,True,False,2002,1997,28,2002,2002,23,2004,2004,21,2003,2003,22,2004,2004,21,2010,2010,15,2003,2003,22
3,usa_NC_0032_0045,usa_NC_0032_0045,backward,1996_2024,2.58,0.1473,505,2010_2024,3.6095,0.3407,1.0295,False,False,False,False,False,False,False,2002,1996,29,2002,2002,23,2004,2004,21,2003,2003,22,2003,2003,22,2009,2009,16,2002,2002,23
3,usa_NC_0032_0046,usa_NC_0032_0046,backward,1996_2024,2.5488,0.1487,503,2010_2024,3.5018,0.351,0.953,False,False,False,False,False,True,False,2002,1996,29,2002,2002,23,2007,2004,21,2006,2004,21,2007,2004,21,2012,2012,13,2003,2003,22
3,usa_NC_0032_0047,usa_NC_0032_0047,backward,1996_2024,2.5308,0.1471,505,2010_2024,3.3835,0.3494,0.8527,False,False,False,False,False,True,False,2002,1996,29,2006,2002,23,2008,2008,17,2008,2004,21,2008,2008,17,2012,2012,13,2008,2004,21
3,usa_NC_0032_0048,usa_NC_0032_0048,backward,1996_2024,2.4689,0.1493,514,2010_2024,3.381,0.3495,0.9121,False,False,False,False,False,True,False,2002,1996,29,2006,2003,22,2008,2008,17,2007,2007,18,2008,2008,17,2011,2011,14,2007,2004,21
3,usa_NC_0032_0049,usa_NC_0032_0049,backward,1996_2024,2.4811,0.1513,514,2010_2024,3.4726,0.3539,0.9915,False,False,False,False,False,True,False,2002,1997,28,2002,2002,23,2007,2007,18,2006,2004,21,2007,2007,18,2010,2010,15,2006,2003,22
3,usa_NC_0032_0050,usa_NC_0032_0050,backward,1996_2024,2.4667,0.1529,519,2010_2024,3.4885,0.3519,1.0218,False,False,False,False,False,False,False,2002,2002,23,2002,2002,23,2007,2007,18,2007,2007,18,2007,2007,18,2009,2009,16,2007,2003,22
4,usa_NC_0032_0051,usa_NC_0032_0051,backward,1996_2024,2.3757,0.1557,521,2010_2024,3.5004,0.3539,1.1247,False,False,False,False,False,False,False,2002,2002,23,2002,2002,23,2006,2006,19,2006,2006,19,2006,2006,19,2008,2008,17,2006,2003,22
4,usa_NC_0032_0052,usa_NC_0032_0052,backward,1996_2024,2.3436,0.155,520,2010_2024,3.5083,0.3557,1.1647,False,False,False,False,False,False,False,2002,2002,23,2002,2002,23,2006,2006,19,2006,2006,19,2006,2006,19,2009,2009,16,2006,2003,22
4,usa_NC_0032_0053,usa_NC_0032_0053,backward,1996_2024,2.3196,0.1573,520,2010_2024,3.5871,0.3612,1.2675,False,False,False,False,False,False,False,2002,1999,26,2002,2002,23,2006,2006,19,2006,2006,19,2006,2006,19,2008,2008,17,2006,2003,22
4,usa_NC_0032_0054,usa_NC_0032_0054,backward,1996_2024,2.2292,0.1594,512,2010_2024,3.3978,0.3586,1.1686,False,False,False,False,False,False,False,2002,1999,26,2002,2002,23,2006,2006,19,2006,2006,19,2006,2006,19,2009,2009,16,2020,2003,22
4,usa_NC_0032_0055,usa_NC_0032_0055,backward,1996_2024,2.1177,0.1615,519,2010_2024,3.3531,0.3692,1.2354,False,False,False,False,False,False,False,2002,1999,26,2002,2002,23,2003,2003,22,2006,2006,19,2006,2006,19,2008,2008,17,2020,2003,22
4,usa_NC_0032_0056,usa_NC_0032_0056,backward,1996_2024,2.0336,0.1613,520,2010_2024,3.3841,0.3782,1.3505,False,False,False,False,False,False,False,2002,1999,26,2002,2002,23,2003,2003,22,2004,2004,21,2004,2004,21,2008,2008,17,2020,2003,22
4,usa_NC_0032_0057,usa_NC_0032_0057,backward,1996_2024,1.9336,0.1602,523,2010_2024,3.3201,0.365,1.3865,False,False,False,False,False,False,False,2002,1999,26,2002,1999,26,2003,2003,22,2004,2004,21,2005,2005,20,2008,2008,17,2020,2003,22
4,usa_NC_0032_0058,usa_NC_0032_0058,backward,1996_2024,1.8176,0.1608,521,2010_2024,3.144,0.3547,1.3264,False,False,False,False,False,False,False,2002,1999,26,2002,1999,26,2003,2003,22,2004,2004,21,2005,2005,20,2008,2008,17,2004,2004,21
4,usa_NC_0032_0059,usa_NC_0032_0059,backward,1996_2024,1.7534,0.1646,525,2010_2024,3.1485,0.3644,1.3951,False,False,False,False,False,False,False,2002,1999,26,2002,1999,26,2003,2003,22,2004,2004,21,2004,2004,21,2008,2008,17,2003,2003,22
4,usa_NC_0032_0060,usa_NC_0032_0060,backward,1996_2024,1.6514,0.1686,524,2010_2024,3.2364,0.3695,1.585,False,False,False,False,False,False,False,2002,1999,26,2002,1999,26,2002,1999,26,2004,2004,21,2004,2004,21,2008,2008,17,2002,1999,26
4,usa_NC_0032_0061,usa_NC_0032_0061,backward,1996_2024,1.5283,0.1728,518,2010_2024,3.1199,0.3934,1.5916,False,False,False,False,False,False,False,2002,1999,26,2002,1999,26,2002,1999,26,2004,2004,21,2004,2004,21,2007,2007,18,2020,2004,21
4,usa_NC_0032_0062,usa_NC_0032_0062,backward,1996_2024,1.4762,0.1757,520,2010_2024,3.2545,0.4136,1.7783,False,False,False,False,False,False,False,2002,1999,26,2002,1999,26,2002,2002,23,2004,2004,21,2004,2004,21,2006,2006,19,2020,2004,21
4,usa_NC_0032_0063,usa_NC_0032_0063,backward,1996_2024,1.3717,0.179,528,2010_2024,3.0854,0.4483,1.7137,False,False,False,False,False,False,False,2002,1999,26,2002,2002,23,2002,2002,23,2004,2004,21,2004,2004,21,2020,2006,19,2020,2004,21
5,usa_NC_0032_0064,usa_NC_0032_0064,backward,1996_2024,1.2622,0.183,522,2010_2024,3.2111,0.4752,1.9489,False,False,False,False,False,False,False,2001,2001,24,2002,2002,23,2002,2002,23,2020,2004,21,2020,2003,22,2020,2005,20,2020,2003,22
5,usa_NC_0032_0065,usa_NC_0032_0065,backward,1996_2024,1.1759,0.1777,520,2010_2024,3.1228,0.4688,1.9469,False,False,False,False,False,False,False,2000,2000,25,2020,2002,23,2020,2001,24,2020,2003,22,2020,2003,22,2020,2005,20,2020,2002,23
5,usa_NC_0032_0066,usa_NC_0032_0066,backward,1996_2024,1.1133,0.1756,522,2010_2024,2.9132,0.4416,1.7999,False,False,False,False,False,False,False,2000,2000,25,2002,2000,25,2000,2000,25,2020,2004,21,2020,2004,21,2020,2005,20,2020,2002,23
5,usa_NC_0032_0067,usa_NC_0032_0067,backward,1996_2024,0.9857,0.1833,526,2010_2024,2.858,0.4453,1.8723,False,False,False,False,False,False,False,2020,2000,25,2020,2000,25,2020,2000,25,2020,2004,21,2020,2004,21,2020,2005,20,2020,2002,23
5,usa_NC_0032_0068,usa_NC_0032_0068,backward,1996_2024,0.881,0.1828,518,2010_2024,2.8919,0.4386,2.0109,False,False,False,False,False,False,False,2020,2000,25,2020,2000,25,2020,2000,25,2020,2004,21,2020,2002,23,2020,2005,20,2020,2002,23
5,usa_NC_0032_0069,usa_NC_0032_0069,backward,1996_2024,0.771,0.1932,524,2010_2024,2.832,0.459,2.061,False,False,False,False,False,False,False,2018,2000,25,2019,2000,25,2018,2000,25,2019,2004,21,2019,2004,21,2019,2005,20,2020,2004,21
5,usa_NC_0032_0070,usa_NC_0032_0070,backward,1996_2024,0.7255,0.1989,522,2010_2024,2.7356,0.4758,2.0101,False,False,False,False,False,False,False,2000,2000,25,2000,2000,25,2000,2000,25,2004,2004,21,2004,2004,21,2018,2005,20,2020,2004,21
5,usa_NC_0032_0071,usa_NC_0032_0071,backward,1996_2024,0.6461,0.1951,518,2010_2024,2.3719,0.4682,1.7258,False,False,False,False,False,False,False,2000,2000,25,2000,2000,25,2000,1997,28,2017,2004,21,2017,2004,21,2017,2005,20,2017,2004,21
5,usa_NC_0032_0072,usa_NC_0032_0072,backward,1996_2024,0.6016,0.1992,520,2010_2024,2.065,0.4895,1.4634,False,False,False,False,False,False,False,2000,2000,25,2000,2000,25,2000,1997,28,2017,2004,21,2004,2004,21,2017,2005,20,2017,2004,21
5,usa_NC_0032_0073,usa_NC_0032_0073,backward,1996_2024,0.6271,0.1948,515,2010_2024,1.876,0.4949,1.2489,False,False,False,False,False,False,False,2000,2000,25,2004,2000,25,2000,1997,28,2005,2005,20,2004,2004,21,2007,2007,18,2017,2004,21
5,usa_NC_0032_0074,usa_NC_0032_0074,backward,1996_2024,0.6311,0.1783,514,2010_2024,1.7159,0.4674,1.0848,False,False,False,False,False,False,False,2004,2000,25,2004,2004,21,2004,1998,27,2005,2005,20,2005,2005,20,2016,2008,17,2016,2005,20
5,usa_NC_0032_0075,usa_NC_0032_0075,backward,1996_2024,0.6427,0.1843,518,2010_2024,1.4653,0.5013,0.8226,False,False,False,False,False,True,False,2016,2000,25,2016,2004,21,2016,1997,28,2016,2006,19,2016,2005,20,2016,2016,9,2016,2007,18
5,usa_NC_0032_0076,usa_NC_0032_0076,backward,1996_2024,0.6046,0.163,503,2010_2024,1.2802,0.4424,0.6756,False,False,False,False,False,True,False,2016,2000,25,2016,2001,24,2016,1998,27,2016,2005,20,2016,2006,19,2016,2016,9,2016,2004,21
6,usa_NC_0032_0077,usa_NC_0032_0077,backward,1996_2024,0.6713,0.168,502,2010_2024,1.6256,0.456,0.9543,False,False,False,False,False,True,False,2000,2000,25,2000,2000,25,2000,2000,25,2017,2004,21,2017,2004,21,2017,2017,8,2017,2001,24
6,usa_NC_0032_0078,usa_NC_0032_0078,backward,1996_2024,-0.8735,0.1908,377,2010_2024,-0.1898,0.4494,0.6837,False,False,False,False,False,True,False,2004,2004,21,2020,2005,20,2004,2004,21,2020,2008,17,2020,2008,17,2020,2012,13,2020,2009,16
6,usa_NC_0032_0079,usa_NC_0032_0079,backward,1996_2024,-1.7048,0.1317,529,2010_2024,-1.518,0.3863,0.1868,False,True,True,True,True,True,True,2009,2000,25,2010,2010,15,2010,2010,15,2011,2011,14,2012,2012,13,2020,2014,11,2020,2012,13
6,usa_NC_0032_0080,usa_NC_0032_0080,backward,1996_2024,-2.1297,0.131,527,2010_2024,-2.2811,0.3798,-0.1514,False,True,True,True,True,True,True,2018,2000,25,2019,2015,10,2020,2016,9,2020,2016,9,2020,2020,5,2020,2020,5,2020,2020,5
6,usa_NC_0032_0081,usa_NC_0032_0081,backward,1996_2024,-2.263,0.1302,528,2010_2024,-2.4649,0.3646,-0.2019,False,True,True,True,True,True,True,2005,2005,20,2016,2006,19,2019,2019,6,2018,2018,7,2019,2019,6,2019,2019,6,2020,2020,5
6,usa_NC_0032_0082,usa_NC_0032_0082,backward,1996_2024,-2.0291,0.14,530,2010_2024,-1.9541,0.4082,0.075,True,True,True,True,True,True,True,2020,2003,22,2020,2013,12,2020,2013,12,2020,2013,12,2020,2014,11,2020,2015,10,2020,2014,11
7,usa_NC_0032_0083,usa_NC_0032_0083,backward,1996_2024,-1.849,0.1442,521,2010_2024,-1.4596,0.4235,0.3894,False,False,False,True,True,True,True,2020,2002,23,2020,2002,23,2020,2008,17,2020,2011,14,2020,2012,13,2020,2020,5,2020,2014,11
7,usa_NC_0032_0084,usa_NC_0032_0084,backward,1996_2024,-1.4845,0.1537,514,2010_2024,-0.3463,0.4463,1.1382,False,False,False,False,False,False,False,2001,2001,24,2002,2002,23,2002,2002,23,2002,2002,23,2002,2002,23,2008,2008,17,2020,2002,23
7,usa_NC_0032_0085,usa_NC_0032_0085,backward,1996_2024,-1.017,0.1765,526,2010_2024,0.3263,0.5347,1.3433,False,False,False,False,False,False,False,2018,2001,24,2018,2001,24,2018,2001,24,2018,2002,23,2018,2002,23,2018,2007,18,2020,2002,23
7,usa_NC_0032_0086,usa_NC_0032_0086,backward,1996_2024,-0.9048,0.1774,524,2010_2024,0.8079,0.5284,1.7127,False,False,False,False,False,False,False,2018,2001,24,2018,2001,24,2018,2001,24,2018,2002,23,2018,2002,23,2018,2006,19,2020,2002,23
8,usa_NC_0032_0088,usa_NC_0032_0088,backward,1996_2024,-0.7878,0.1877,527,2010_2024,0.939,0.5624,1.7268,False,False,False,False,False,False,False,2002,2002,23,2002,2002,23,2001,2001,24,2004,2004,21,2003,2003,22,2007,2007,18,2020,2003,22
8,usa_NC_0032_0089,usa_NC_0032_0089,backward,1996_2024,-0.6723,0.2015,534,2010_2024,1.0847,0.619,1.757,False,False,False,False,False,False,False,2002,2002,23,2002,2002,23,2001,2001,24,2004,2004,21,2003,2003,22,2007,2007,18,2020,2004,21
8,usa_NC_0032_0090,usa_NC_0032_0090,backward,1996_2024,-0.4569,0.2088,527,2010_2024,1.4128,0.6462,1.8697,False,False,False,False,False,False,False,2001,2001,24,2001,2001,24,2000,2000,25,2018,2003,22,2018,2002,23,2018,2006,19,2020,2003,22
8,usa_NC_0032_0091,usa_NC_0032_0091,backward,1996_2024,-0.3017,0.2123,529,2010_2024,1.5419,0.6416,1.8436,False,False,False,False,False,False,False,2017,2001,24,2017,2001,24,1997,1997,28,2018,2003,22,2018,2002,23,2020,2005,20,2020,2003,22
8,usa_NC_0032_0092,usa_NC_0032_0092,backward,1996_2024,-0.1943,0.212,526,2010_2024,1.6427,0.6514,1.837,False,False,False,False,False,False,False,2001,2001,24,2001,2001,24,1996,1996,29,2018,2003,22,2002,2002,23,2020,2005,20,2020,2003,22
8,usa_NC_0032_0093,usa_NC_0032_0093,backward,1996_2024,-0.054,0.21,531,2010_2024,1.762,0.6455,1.816,False,False,False,False,False,False,False,2001,2001,24,2001,2001,24,1996,1996,29,2018,2003,22,2018,2002,23,2018,2005,20,2020,2003,22
8,usa_NC_0032_0094,usa_NC_0032_0094,backward,1996_2024,-0.0267,0.2233,521,2010_2024,2.0178,0.7035,2.0445,False,False,False,False,False,False,False,2001,2001,24,2018,2001,24,1996,1996,29,2018,2003,22,2018,2002,23,2018,2004,21,2020,2002,23
8,usa_NC_0032_0095,usa_NC_0032_0095,backward,1996_2024,-0.0948,0.225,526,2010_2024,2.1845,0.664,2.2793,False,False,False,False,False,False,False,2001,2001,24,2018,2001,24,1996,1996,29,2018,2003,22,2018,2002,23,2018,2004,21,2020,2002,23
9,usa_NC_0032_0096,usa_NC_0032_0096,backward,1996_2024,-0.0735,0.2181,529,2010_2024,2.3713,0.6345,2.4448,False,False,False,False,False,False,False,2018,2000,25,2018,2000,25,1996,1996,29,2018,2002,23,2018,2002,23,2020,2004,21,2020,2002,23
9,usa_NC_0032_0097,usa_NC_0032_0097,backward,1996_2024,0.0904,0.2077,520,2010_2024,2.663,0.5992,2.5726,False,False,False,False,False,False,False,2018,2000,25,2018,2000,25,1996,1996,29,2018,2002,23,2018,2001,24,2018,2004,21,2020,2002,23
9,usa_NC_0032_0098,usa_NC_0032_0098,backward,1996_2024,0.0984,0.1924,517,2010_2024,2.5708,0.5464,2.4724,False,False,False,False,False,False,False,2018,2000,25,2018,2000,25,1996,1996,29,2018,2002,23,2018,2001,24,2018,2004,21,2020,2001,24
9,usa_NC_0032_0099,usa_NC_0032_0099,backward,1996_2024,0.0954,0.182,513,2010_2024,2.5674,0.5069,2.472,False,False,False,False,False,False,False,2000,2000,25,2000,2000,25,1996,1996,29,2018,2002,23,2001,2001,24,2018,2004,21,2020,2001,24
9,usa_NC_0032_0100,usa_NC_0032_0100,backward,1996_2024,0.1508,0.1845,509,2010_2024,2.6654,0.4981,2.5146,False,False,False,False,False,False,False,2000,2000,25,2000,2000,25,1996,1996,29,2018,2002,23,2018,2001,24,2018,2004,21,2020,2001,24
9,usa_NC_0032_0101,usa_NC_0032_0101,backward,1996_2024,0.1399,0.171,519,2010_2024,2.5101,0.4509,2.3702,False,False,False,False,False,False,False,1999,1999,26,2018,2000,25,1996,1996,29,2018,2002,23,2018,2001,24,2019,2004,21,2019,2001,24
9,usa_NC_0032_0102,usa_NC_0032_0102,backward,1996_2024,0.1664,0.1729,516,2010_2024,2.6437,0.4546,2.4773,False,False,False,False,False,False,False,2019,1999,26,2019,2000,25,1996,1996,29,2019,2002,23,2019,2002,23,2019,2004,21,2019,2000,25
9,usa_NC_0032_0103,usa_NC_0032_0103,backward,1996_2024,0.2618,0.1799,506,2010_2024,2.872,0.4736,2.6102,False,False,False,False,False,False,False,1998,1998,27,2019,1999,26,1996,1996,29,2019,2002,23,2019,2001,24,2019,2004,21,2019,2000,25
9,usa_NC_0032_0104,usa_NC_0032_0104,backward,1996_2024,0.3046,0.1796,510,2010_2024,2.921,0.4595,2.6164,False,False,False,False,False,False,False,2019,1998,27,2019,1999,26,2019,1996,29,2019,2001,24,2019,2001,24,2019,2004,21,2019,2000,25
10,usa_NC_0032_0105,usa_NC_0032_0105,backward,1996_2024,0.4012,0.1812,505,2010_2024,3.1489,0.4612,2.7477,False,False,False,False,False,False,False,1998,1998,27,1999,1999,26,1996,1996,29,2019,2002,23,2019,2001,24,2019,2004,21,2019,2001,24
10,usa_NC_0032_0106,usa_NC_0032_0106,backward,1996_2024,0.4617,0.1829,506,2010_2024,3.2514,0.4732,2.7897,False,False,False,False,False,False,False,1998,1998,27,2000,2000,25,1997,1997,28,2018,2002,23,2018,2002,23,2019,2004,21,2020,2001,24
10,usa_NC_0032_0107,usa_NC_0032_0107,backward,1996_2024,0.5819,0.185,515,2010_2024,3.3941,0.4756,2.8122,False,False,False,False,False,False,False,1998,1998,27,2000,2000,25,1997,1997,28,2018,2002,23,2018,2001,24,2019,2004,21,2020,2001,24
10,usa_NC_0032_0108,usa_NC_0032_0108,backward,1996_2024,0.728,0.1902,519,2010_2024,3.6918,0.4736,2.9638,False,False,False,False,False,False,False,2018,1998,27,2018,2000,25,1998,1998,27,2018,2002,23,2018,2001,24,2018,2003,22,2020,2001,24
10,usa_NC_0032_0109,usa_NC_0032_0109,backward,1996_2024,0.7919,0.1913,515,2010_2024,3.9201,0.4621,3.1282,False,False,False,False,False,False,False,1998,1998,27,2018,1998,27,1997,1997,28,2018,2001,24,2018,2001,24,2018,2003,22,2020,2000,25
10,usa_NC_0032_0110,usa_NC_0032_0110,backward,1996_2024,0.8147,0.1963,512,2010_2024,3.9814,0.4665,3.1667,False,False,False,False,False,False,False,2018,1997,28,2018,1998,27,2018,1997,28,2018,2001,24,2018,2000,25,2018,2003,22,2020,2000,25
10,usa_NC_0032_0111,usa_NC_0032_0111,backward,1996_2024,0.8544,0.1894,519,2010_2024,4.0126,0.4346,3.1582,False,False,False,False,False,False,False,1997,1997,28,1998,1998,27,1997,1997,28,2001,2001,24,2000,2000,25,2018,2003,22,2020,2000,25
10,usa_NC_0032_0112,usa_NC_0032_0112,backward,1996_2024,0.8564,0.1863,515,2010_2024,4.0024,0.4341,3.146,False,False,False,False,False,False,False,1997,1997,28,1999,1999,26,1997,1997,28,2001,2001,24,2001,2001,24,2018,2003,22,2020,2000,25
10,usa_NC_0032_0113,usa_NC_0032_0113,backward,1996_2024,0.8494,0.1896,516,2010_2024,4.0091,0.4404,3.1597,False,False,False,False,False,False,False,2018,1998,27,2018,2000,25,2018,1997,28,2018,2001,24,2018,2001,24,2018,2003,22,2019,2000,25
10,usa_NC_0032_0114,usa_NC_0032_0114,backward,1996_2024,0.8032,0.1868,525,2010_2024,3.8289,0.4277,3.0257,False,False,False,False,False,False,False,2018,1998,27,2018,2000,25,2018,1997,28,2018,2001,24,2018,2001,24,2018,2003,22,2020,2000,25
11,usa_NC_0032_0115,usa_NC_0032_0115,backward,1996_2024,0.9105,0.1891,511,2010_2024,4.0339,0.434,3.1234,False,False,False,False,False,False,False,1998,1998,27,2000,2000,25,1998,1998,27,2001,2001,24,2001,2001,24,2019,2003,22,2019,2000,25
11,usa_NC_0032_0116,usa_NC_0032_0116,backward,1996_2024,0.8597,0.198,463,2010_2024,4.3617,0.4265,3.502,False,False,False,False,False,False,False,1997,1997,28,1998,1998,27,1997,1997,28,2001,2001,24,2000,2000,25,2020,2002,23,2020,2000,25
11,usa_NC_0032_0117,usa_NC_0032_0117,backward,1996_2024,0.8046,0.201,461,2010_2024,4.3156,0.4402,3.511,False,False,False,False,False,False,False,1997,1997,28,1998,1998,27,1996,1996,29,2018,2001,24,2018,2000,25,2020,2002,23,2020,2000,25
11,usa_NC_0032_0118,usa_NC_0032_0118,backward,1996_2024,0.853,0.2042,456,2010_2024,4.4626,0.4447,3.6096,False,False,False,False,False,False,False,1996,1996,29,1997,1997,28,1996,1996,29,2020,2000,25,2020,2000,25,2020,2002,23,2020,2000,25
11,usa_NC_0032_0119,usa_NC_0032_0119,backward,1996_2024,0.8718,0.1942,460,2010_2024,4.1885,0.427,3.3167,False,False,False,False,False,False,False,1996,1996,29,1998,1998,27,1996,1996,29,2020,2000,25,2020,2000,25,2020,2002,23,2020,2000,25
11,usa_NC_0032_0120,usa_NC_0032_0120,backward,1996_2024,0.755,0.19,461,2010_2024,3.9461,0.4177,3.1911,False,False,False,False,False,False,False,2020,1996,29,2020,1998,27,1996,1996,29,2020,2000,25,2020,2000,25,2020,2002,23,2020,2000,25
11,usa_NC_0032_0121,usa_NC_0032_0121,backward,1996_2024,0.7273,0.1867,512,2010_2024,3.9714,0.4132,3.2441,False,False,False,False,False,False,False,2018,1997,28,2018,1998,27,2018,1996,29,2018,2000,25,2018,2000,25,2019,2002,23,2020,2000,25
11,usa_NC_0032_0122,usa_NC_0032_0122,backward,1996_2024,0.6894,0.1833,507,2010_2024,3.7771,0.4099,3.0877,False,False,False,False,False,False,False,2018,1997,28,2018,1998,27,1996,1996,29,2019,2000,25,2019,2000,25,2019,2002,23,2019,2000,25
11,usa_NC_0032_0123,usa_NC_0032_0123,backward,1996_2024,0.7046,0.1806,501,2010_2024,3.6348,0.3927,2.9302,False,False,False,False,False,False,False,2018,1997,28,2018,1998,27,1996,1996,29,2019,2000,25,2019,2000,25,2019,2002,23,2020,2000,25
11,usa_NC_0032_0124,usa_NC_0032_0124,backward,1996_2024,0.7393,0.1831,509,2010_2024,3.7866,0.3934,3.0473,False,False,False,False,False,False,False,2018,1997,28,2018,1998,27,2018,1997,28,2019,2000,25,2019,2000,25,2020,2002,23,2020,2000,25
12,usa_NC_0032_0125,usa_NC_0032_0125,backward,1996_2024,0.7254,0.1824,512,2010_2024,3.6879,0.4062,2.9625,False,False,False,False,False,False,False,2018,1997,28,2018,1999,26,2018,1997,28,2020,2000,25,2020,2000,25,2020,2002,23,2020,2000,25
12,usa_NC_0032_0126,usa_NC_0032_0126,backward,1996_2024,0.7447,0.1879,514,2010_2024,3.7674,0.4202,3.0227,False,False,False,False,False,False,False,2019,1997,28,2019,1998,27,2019,1997,28,2019,2000,25,2019,2000,25,2020,2002,23,2020,2000,25
12,usa_NC_0032_0127,usa_NC_0032_0127,backward,1996_2024,0.6976,0.1964,461,2010_2024,3.824,0.4266,3.1264,False,False,False,False,False,False,False,1997,1997,28,1998,1998,27,1996,1996,29,2018,2001,24,2018,2000,25,2020,2002,23,2020,2000,25
12,usa_NC_0032_0128,usa_NC_0032_0128,backward,1996_2024,0.6598,0.196,465,2010_2024,3.7356,0.4096,3.0758,False,False,False,False,False,False,False,2018,1997,28,2018,1998,27,2018,1996,29,2018,2000,25,2018,2000,25,2020,2002,23,2020,2000,25
12,usa_NC_0032_0129,usa_NC_0032_0129,backward,1996_2024,0.6202,0.1921,500,2010_2024,3.7058,0.4112,3.0856,False,False,False,False,False,False,False,1997,1997,28,1998,1998,27,1996,1996,29,2018,2000,25,2018,2000,25,2019,2002,23,2020,2000,25
12,usa_NC_0032_0130,usa_NC_0032_0130,backward,1996_2024,0.5465,0.1902,509,2010_2024,3.6207,0.3986,3.0742,False,False,False,False,False,False,False,1997,1997,28,1998,1998,27,1996,1996,29,2001,2001,24,2000,2000,25,2018,2002,23,2020,2000,25
12,usa_NC_0032_0131,usa_NC_0032_0131,backward,1996_2024,0.5604,0.1844,501,2010_2024,3.3867,0.4028,2.8263,False,False,False,False,False,False,False,1997,1997,28,1999,1999,26,1996,1996,29,2001,2001,24,2000,2000,25,2002,2002,23,2018,2000,25
12,usa_NC_0032_0132,usa_NC_0032_0132,backward,1996_2024,0.5452,0.1831,503,2010_2024,3.2352,0.3901,2.69,False,False,False,False,False,False,False,1997,1997,28,1998,1998,27,1996,1996,29,2001,2001,24,2000,2000,25,2002,2002,23,2020,2000,25
12,usa_NC_0032_0133,usa_NC_0032_0133,backward,1996_2024,0.5123,0.181,506,2010_2024,3.129,0.3739,2.6167,False,False,False,False,False,False,False,1997,1997,28,1998,1998,27,1996,1996,29,2001,2001,24,2000,2000,25,2020,2002,23,2020,2000,25
12,usa_NC_0032_0134,usa_NC_0032_0134,backward,1996_2024,0.5574,0.1773,505,2010_2024,3.2179,0.374,2.6605,False,False,False,False,False,False,False,1997,1997,28,1998,1998,27,1996,1996,29,2001,2001,24,2000,2000,25,2003,2003,22,2020,2000,25
13,usa_NC_0032_0135,usa_NC_0032_0135,backward,1996_2024,0.5426,0.1758,510,2010_2024,3.0464,0.3908,2.5038,False,False,False,False,False,False,False,1997,1997,28,1998,1998,27,1996,1996,29,2001,2001,24,2001,2001,24,2020,2003,22,2020,2000,25
13,usa_NC_0032_0136,usa_NC_0032_0136,backward,1996_2024,0.5002,0.1787,504,2010_2024,2.9372,0.4033,2.437,False,False,False,False,False,False,False,1997,1997,28,1998,1998,27,1996,1996,29,2020,2001,24,2020,2000,25,2020,2003,22,2020,2000,25
13,usa_NC_0032_0137,usa_NC_0032_0137,backward,1996_2024,0.5372,0.1784,504,2010_2024,2.9363,0.3997,2.3991,False,False,False,False,False,False,False,2020,1997,28,2020,1998,27,2020,1996,29,2020,2001,24,2020,2000,25,2020,2003,22,2020,2000,25
13,usa_NC_0032_0138,usa_NC_0032_0138,backward,1996_2024,0.5068,0.1717,502,2010_2024,2.8497,0.3825,2.3429,False,False,False,False,False,False,False,1997,1997,28,1999,1999,26,1996,1996,29,2020,2000,25,2020,2000,25,2020,2002,23,2020,2000,25
13,usa_NC_0032_0139,usa_NC_0032_0139,backward,1996_2024,0.5103,0.1735,506,2010_2024,2.8477,0.399,2.3374,False,False,False,False,False,False,False,1997,1997,28,1999,1999,26,1996,1996,29,2001,2001,24,2001,2001,24,2020,2002,23,2020,2000,25
13,usa_NC_0032_0140,usa_NC_0032_0140,backward,1996_2024,0.4639,0.1741,503,2010_2024,2.8009,0.4102,2.337,False,False,False,False,False,False,False,1998,1998,27,1999,1999,26,1996,1996,29,2001,2001,24,2001,2001,24,2002,2002,23,2020,2000,25
13,usa_NC_0032_0141,usa_NC_0032_0141,backward,1996_2024,0.531,0.1701,488,2010_2024,2.8641,0.4048,2.3331,False,False,False,False,False,False,False,1998,1998,27,1999,1999,26,1996,1996,29,2001,2001,24,2001,2001,24,2003,2003,22,2020,2000,25
13,usa_NC_0032_0142,usa_NC_0032_0142,backward,1996_2024,0.5753,0.1711,483,2010_2024,2.6805,0.415,2.1052,False,False,False,False,False,False,False,1998,1998,27,1999,1999,26,1997,1997,28,2001,2001,24,2001,2001,24,2003,2003,22,2000,2000,25
13,usa_NC_0032_0143,usa_NC_0032_0143,backward,1996_2024,0.6031,0.1674,479,2010_2024,2.5336,0.4234,1.9305,False,False,False,False,False,False,False,1998,1998,27,1999,1999,26,1997,1997,28,2001,2001,24,2001,2001,24,2003,2003,22,2000,2000,25
13,usa_NC_0032_0144,usa_NC_0032_0144,backward,1996_2024,0.6901,0.1711,469,2010_2024,2.8042,0.4302,2.1141,False,False,False,False,False,False,False,1998,1998,27,1999,1999,26,1997,1997,28,2001,2001,24,2001,2001,24,2003,2003,22,2000,2000,25
13,usa_NC_0032_0145,usa_NC_0032_0145,backward,1996_2024,0.7436,0.1741,465,2010_2024,2.8107,0.4316,2.0671,False,False,False,False,False,False,False,1998,1998,27,1999,1999,26,1997,1997,28,2001,2001,24,2001,2001,24,2002,2002,23,2000,2000,25
14,usa_NC_0032_0146,usa_NC_0032_0146,backward,1996_2024,0.8088,0.1763,473,2010_2024,3.0015,0.4325,2.1927,False,False,False,False,False,False,False,1998,1998,27,1999,1999,26,1997,1997,28,2001,2001,24,2001,2001,24,2002,2002,23,2000,2000,25
14,usa_NC_0032_0147,usa_NC_0032_0147,backward,1996_2024,0.9,0.1754,477,2010_2024,3.1709,0.4258,2.2709,False,False,False,False,False,False,False,1998,1998,27,1998,1998,27,1998,1998,27,2001,2001,24,2001,2001,24,2003,2003,22,2000,2000,25
14,usa_NC_0032_0148,usa_NC_0032_0148,backward,1996_2024,0.9428,0.1783,482,2010_2024,3.2939,0.4186,2.3511,False,False,False,False,False,False,False,1997,1997,28,1998,1998,27,1998,1998,27,2001,2001,24,2001,2001,24,2003,2003,22,2000,2000,25
14,usa_NC_0032_0149,usa_NC_0032_0149,backward,1996_2024,1.0179,0.1799,508,2010_2024,3.4397,0.4201,2.4218,False,False,False,False,False,False,False,1997,1997,28,1998,1998,27,1998,1998,27,2001,2001,24,2001,2001,24,2003,2003,22,2000,2000,25
14,usa_NC_0032_0150,usa_NC_0032_0150,backward,1996_2024,1.0686,0.184,518,2010_2024,3.5304,0.4393,2.4618,False,False,False,False,False,False,False,1997,1997,28,1998,1998,27,1998,1998,27,2001,2001,24,2001,2001,24,2003,2003,22,2000,2000,25
14,usa_NC_0032_0151,usa_NC_0032_0151,backward,1996_2024,1.0505,0.1825,517,2010_2024,3.5722,0.4333,2.5217,False,False,False,False,False,False,False,1997,1997,28,1998,1998,27,1997,1997,28,2002,2002,23,2001,2001,24,2003,2003,22,2001,2001,24
14,usa_NC_0032_0152,usa_NC_0032_0152,backward,1996_2024,1.1271,0.189,516,2010_2024,3.7975,0.4369,2.6704,False,False,False,False,False,False,False,1997,1997,28,1998,1998,27,1998,1998,27,2002,2002,23,2001,2001,24,2002,2002,23,2001,2001,24
14,usa_NC_0032_0153,usa_NC_0032_0153,backward,1996_2024,1.1884,0.195,510,2010_2024,4.0407,0.4308,2.8523,False,False,False,False,False,False,False,1997,1997,28,1998,1998,27,1998,1998,27,2001,2001,24,2001,2001,24,2002,2002,23,2001,2001,24
14,usa_NC_0032_0154,usa_NC_0032_0154,backward,1996_2024,1.2106,0.1961,515,2010_2024,4.1057,0.434,2.8951,False,False,False,False,False,False,False,1997,1997,28,1999,1999,26,1998,1998,27,2001,2001,24,2001,2001,24,2002,2002,23,2000,2000,25
14,usa_NC_0032_0155,usa_NC_0032_0155,backward,1996_2024,1.2545,0.196,512,2010_2024,4.0801,0.429,2.8256,False,False,False,False,False,False,False,1997,1997,28,1999,1999,26,1999,1999,26,2001,2001,24,2001,2001,24,2002,2002,23,2000,2000,25
15,usa_NC_0032_0156,usa_NC_0032_0156,backward,1996_2024,1.2633,0.1954,508,2010_2024,4.0971,0.4281,2.8338,False,False,False,False,False,False,False,1997,1997,28,1999,1999,26,1999,1999,26,2001,2001,24,2000,2000,25,2002,2002,23,2000,2000,25
15,usa_NC_0032_0157,usa_NC_0032_0157,backward,1996_2024,1.3048,0.188,509,2010_2024,4.0526,0.4224,2.7478,False,False,False,False,False,False,False,1997,1997,28,1999,1999,26,1999,1999,26,2001,2001,24,2001,2001,24,2002,2002,23,2000,2000,25
15,usa_NC_0032_0158,usa_NC_0032_0158,backward,1996_2024,1.313,0.1855,508,2010_2024,3.8966,0.4298,2.5836,False,False,False,False,False,False,False,1997,1997,28,2000,2000,25,2000,2000,25,2001,2001,24,2001,2001,24,2002,2002,23,2000,2000,25
15,usa_NC_0032_0159,usa_NC_0032_0159,backward,1996_2024,1.2895,0.1769,504,2010_2024,3.7918,0.4428,2.5023,False,False,False,False,False,False,False,1998,1998,27,2000,2000,25,2000,2000,25,2002,2002,23,2002,2002,23,2003,2003,22,2001,2001,24
15,usa_NC_0032_0160,usa_NC_0032_0160,backward,1996_2024,1.308,0.1734,509,2010_2024,3.8609,0.4235,2.5529,False,False,False,False,False,False,False,2000,2000,25,2000,2000,25,2000,2000,25,2002,2002,23,2002,2002,23,2003,2003,22,2001,2001,24
15,usa_NC_0032_0161,usa_NC_0032_0161,backward,1996_2024,1.2899,0.1684,509,2010_2024,3.7079,0.422,2.418,False,False,False,False,False,False,False,2000,2000,25,2000,2000,25,2000,2000,25,2002,2002,23,2002,2002,23,2004,2004,21,2001,2001,24
15,usa_NC_0032_0162,usa_NC_0032_0162,backward,1996_2024,1.2865,0.1593,502,2010_2024,3.3399,0.4082,2.0534,False,False,False,False,False,False,False,2000,2000,25,2001,2001,24,2001,2001,24,2002,2002,23,2002,2002,23,2006,2006,19,2002,2002,23
15,usa_NC_0032_0163,usa_NC_0032_0163,backward,1996_2024,1.2483,0.1586,511,2010_2024,3.2178,0.411,1.9695,False,False,False,False,False,False,False,2000,2000,25,2001,2001,24,2001,2001,24,2002,2002,23,2002,2002,23,2006,2006,19,2002,2002,23
15,usa_NC_0032_0164,usa_NC_0032_0164,backward,1996_2024,1.1168,0.1545,511,2010_2024,2.958,0.4165,1.8412,False,False,False,False,False,False,False,2001,2001,24,2001,2001,24,2001,2001,24,2003,2003,22,2003,2003,22,2007,2007,18,2002,2002,23
15,usa_NC_0032_0165,usa_NC_0032_0165,backward,1996_2024,1.103,0.1554,518,2010_2024,2.9301,0.4214,1.8271,False,False,False,False,False,False,False,2001,2001,24,2002,2002,23,2001,2001,24,2003,2003,22,2003,2003,22,2006,2006,19,2003,2003,22
16,usa_NC_0032_0166,usa_NC_0032_0166,backward,1996_2024,1.1055,0.1547,520,2010_2024,2.797,0.4257,1.6915,False,False,False,False,False,False,False,2001,2001,24,2002,2002,23,2002,2002,23,2004,2004,21,2004,2004,21,2007,2007,18,2004,2004,21
16,usa_NC_0032_0167,usa_NC_0032_0167,backward,1996_2024,1.0583,0.1557,521,2010_2024,2.7155,0.423,1.6572,False,False,False,False,False,False,False,2001,2001,24,2002,2002,23,2002,2002,23,2004,2004,21,2004,2004,21,2007,2007,18,2004,2004,21
16,usa_NC_0032_0168,usa_NC_0032_0168,backward,1996_2024,1.0589,0.1582,522,2010_2024,2.7616,0.4344,1.7027,False,False,False,False,False,False,False,2001,2001,24,2002,2002,23,2002,2002,23,2004,2004,21,2004,2004,21,2007,2007,18,2004,2004,21
16,usa_NC_0032_0169,usa_NC_0032_0169,backward,1996_2024,1.0421,0.1631,523,2010_2024,2.7959,0.449,1.7538,False,False,False,False,False,False,False,2002,2002,23,2002,2002,23,2002,2002,23,2005,2005,20,2005,2005,20,2007,2007,18,2005,2005,20
16,usa_NC_0032_0170,usa_NC_0032_0170,backward,1996_2024,1.0004,0.1652,524,2010_2024,2.6502,0.4567,1.6498,False,False,False,False,False,False,False,2002,2002,23,2003,2003,22,2002,2002,23,2005,2005,20,2005,2005,20,2007,2007,18,2005,2005,20
16,usa_NC_0032_0171,usa_NC_0032_0171,backward,1996_2024,1.0037,0.1673,527,2010_2024,2.551,0.4621,1.5473,False,False,False,False,False,False,False,2002,2002,23,2002,2002,23,2002,2002,23,2005,2005,20,2005,2005,20,2008,2008,17,2005,2005,20
16,usa_NC_0032_0172,usa_NC_0032_0172,backward,1996_2024,0.9761,0.1695,524,2010_2024,2.5822,0.4656,1.6061,False,False,False,False,False,False,False,2002,2002,23,2002,2002,23,2002,2002,23,2005,2005,20,2004,2004,21,2007,2007,18,2004,2004,21
16,usa_NC_0032_0173,usa_NC_0032_0173,backward,1996_2024,0.9905,0.167,522,2010_2024,2.8471,0.4506,1.8566,False,False,False,False,False,False,False,2001,2001,24,2002,2002,23,2002,2002,23,2004,2004,21,2004,2004,21,2007,2007,18,2003,2003,22
16,usa_NC_0032_0174,usa_NC_0032_0174,backward,1996_2024,1.0262,0.1694,521,2010_2024,2.9295,0.4588,1.9033,False,False,False,False,False,False,False,2001,2001,24,2002,2002,23,2001,2001,24,2003,2003,22,2003,2003,22,2007,2007,18,2002,2002,23
16,usa_NC_0032_0175,usa_NC_0032_0175,backward,1996_2024,1.0721,0.1739,513,2010_2024,2.9324,0.4708,1.8603,False,False,False,False,False,False,False,2001,2001,24,2001,2001,24,2001,2001,24,2002,2002,23,2002,2002,23,2007,2007,18,2002,2002,23
17,usa_NC_0032_0176,usa_NC_0032_0176,backward,1996_2024,1.0812,0.1729,507,2010_2024,2.7862,0.4762,1.705,False,False,False,False,False,False,False,2001,2001,24,2001,2001,24,2001,2001,24,2002,2002,23,2002,2002,23,2008,2008,17,2002,2002,23
17,usa_NC_0032_0177,usa_NC_0032_0177,backward,1996_2024,1.1554,0.1696,514,2010_2024,2.7316,0.448,1.5762,False,False,False,False,False,False,False,2001,2001,24,2001,2001,24,2001,2001,24,2002,2002,23,2002,2002,23,2008,2008,17,2002,2002,23
17,usa_NC_0032_0178,usa_NC_0032_0178,backward,1996_2024,1.2264,0.1711,506,2010_2024,2.9581,0.4431,1.7317,False,False,False,False,False,False,False,2001,2001,24,2001,2001,24,2001,2001,24,2002,2002,23,2002,2002,23,2008,2008,17,2002,2002,23
17,usa_NC_0032_0179,usa_NC_0032_0179,backward,1996_2024,1.2362,0.1739,518,2010_2024,3.0586,0.4391,1.8224,False,False,False,False,False,False,False,2000,2000,25,2001,2001,24,2001,2001,24,2002,2002,23,2002,2002,23,2008,2008,17,2001,2001,24
17,usa_NC_0032_0180,usa_NC_0032_0180,backward,1996_2024,1.2732,0.1707,516,2010_2024,3.1592,0.4332,1.886,False,False,False,False,False,False,False,2000,2000,25,2001,2001,24,2001,2001,24,2002,2002,23,2002,2002,23,2008,2008,17,2001,2001,24
17,usa_NC_0032_0181,usa_NC_0032_0181,backward,1996_2024,1.3988,0.168,505,2010_2024,3.1112,0.4198,1.7124,False,False,False,False,False,False,False,2000,2000,25,2000,2000,25,2001,2001,24,2002,2002,23,2002,2002,23,2008,2008,17,2008,2001,24
17,usa_NC_0032_0182,usa_NC_0032_0182,backward,1996_2024,1.3794,0.164,510,2010_2024,3.0484,0.4033,1.669,False,False,False,False,False,False,False,2000,2000,25,2000,2000,25,2001,2001,24,2008,2002,23,2008,2002,23,2008,2008,17,2008,2001,24
17,usa_NC_0032_0183,usa_NC_0032_0183,backward,1996_2024,1.3881,0.159,513,2010_2024,2.9661,0.4032,1.578,False,False,False,False,False,False,False,2000,2000,25,2001,2001,24,2001,2001,24,2008,2002,23,2008,2003,22,2008,2008,17,2008,2001,24
17,usa_NC_0032_0184,usa_NC_0032_0184,backward,1996_2024,1.4305,0.1602,513,2010_2024,2.9982,0.4057,1.5677,False,False,False,False,False,False,False,2000,2000,25,2001,2001,24,2001,2001,24,2008,2002,23,2008,2002,23,2008,2008,17,2008,2001,24
17,usa_NC_0032_0185,usa_NC_0032_0185,backward,1996_2024,1.5065,0.1533,512,2010_2024,2.9933,0.3809,1.4868,False,False,False,False,False,False,False,2000,2000,25,2001,2001,24,2001,2001,24,2008,2002,23,2008,2003,22,2008,2008,17,2008,2002,23
18,usa_NC_0032_0186,usa_NC_0032_0186,backward,1996_2024,1.5224,0.1483,522,2010_2024,3.0179,0.3683,1.4955,False,False,False,False,False,False,False,2000,2000,25,2001,2001,24,2002,2002,23,2007,2002,23,2007,2003,22,2008,2008,17,2007,2002,23
18,usa_NC_0032_0187,usa_NC_0032_0187,backward,1996_2024,1.547,0.1506,512,2010_2024,3.0964,0.3868,1.5494,False,False,False,False,False,False,False,2000,2000,25,2001,2001,24,2002,2002,23,2002,2002,23,2003,2003,22,2008,2008,17,2002,2002,23
18,usa_NC_0032_0188,usa_NC_0032_0188,backward,1996_2024,1.5558,0.1465,521,2010_2024,3.1482,0.3763,1.5924,False,False,False,False,False,False,False,1999,1999,26,2001,2001,24,2002,2002,23,2003,2003,22,2006,2006,19,2008,2008,17,2006,2002,23
18,usa_NC_0032_0189,usa_NC_0032_0189,backward,1996_2024,1.5632,0.145,521,2010_2024,3.1416,0.3748,1.5784,False,False,False,False,False,False,False,2000,2000,25,2002,2002,23,2002,2002,23,2006,2006,19,2006,2006,19,2008,2008,17,2006,2006,19
18,usa_NC_0032_0190,usa_NC_0032_0190,backward,1996_2024,1.6347,0.1516,513,2010_2024,3.2711,0.4014,1.6364,False,False,False,False,False,False,False,2000,2000,25,2002,2002,23,2003,2003,22,2006,2006,19,2006,2006,19,2008,2008,17,2006,2006,19
18,usa_NC_0032_0191,usa_NC_0032_0191,backward,1996_2024,1.7194,0.1571,512,2010_2024,3.4595,0.4193,1.7401,False,False,False,False,False,False,False,2000,2000,25,2001,2001,24,2003,2003,22,2005,2005,20,2006,2006,19,2007,2007,18,2006,2006,19
18,usa_NC_0032_0192,usa_NC_0032_0192,backward,1996_2024,1.7764,0.1573,515,2010_2024,3.5334,0.4249,1.757,False,False,False,False,False,False,False,2000,2000,25,2002,2002,23,2003,2003,22,2005,2005,20,2006,2006,19,2007,2007,18,2006,2006,19
18,usa_NC_0032_0193,usa_NC_0032_0193,backward,1996_2024,1.8304,0.1635,517,2010_2024,3.7822,0.4446,1.9518,False,False,False,False,False,False,False,2000,2000,25,2001,2001,24,2003,2003,22,2005,2005,20,2005,2005,20,2007,2007,18,2005,2005,20
18,usa_NC_0032_0194,usa_NC_0032_0194,backward,1996_2024,1.8328,0.1632,514,2010_2024,3.6776,0.4488,1.8448,False,False,False,False,False,False,False,2000,2000,25,2002,2002,23,2005,2005,20,2005,2005,20,2005,2005,20,2007,2007,18,2005,2005,20
18,usa_NC_0032_0195,usa_NC_0032_0195,backward,1996_2024,1.7961,0.1559,509,2010_2024,3.5823,0.4273,1.7862,False,False,False,False,False,False,False,2000,2000,25,2002,2002,23,2005,2005,20,2006,2006,19,2006,2006,19,2007,2007,18,2006,2006,19
19,usa_NC_0032_0196,usa_NC_0032_0196,backward,1996_2024,1.783,0.1559,504,2010_2024,3.4646,0.4269,1.6816,False,False,False,False,False,False,False,2001,2001,24,2004,2004,21,2005,2005,20,2006,2006,19,2006,2006,19,2007,2007,18,2006,2006,19
19,usa_NC_0032_0197,usa_NC_0032_0197,backward,1996_2024,1.7918,0.1511,510,2010_2024,3.3504,0.4179,1.5586,False,False,False,False,False,False,False,2003,2001,24,2005,2005,20,2006,2006,19,2006,2006,19,2006,2006,19,2007,2007,18,2006,2006,19
19,usa_NC_0032_0198,usa_NC_0032_0198,backward,1996_2024,1.7854,0.1462,510,2010_2024,3.3179,0.401,1.5325,False,False,False,False,False,False,False,2001,2001,24,2004,2004,21,2005,2005,20,2005,2005,20,2006,2006,19,2007,2007,18,2005,2005,20
19,usa_NC_0032_0199,usa_NC_0032_0199,backward,1996_2024,1.8278,0.1471,511,2010_2024,3.3984,0.4076,1.5706,False,False,False,False,False,False,False,2001,2001,24,2003,2003,22,2004,2004,21,2005,2005,20,2005,2005,20,2007,2007,18,2005,2005,20
19,usa_NC_0032_0200,usa_NC_0032_0200,backward,1996_2024,1.8615,0.1424,507,2010_2024,3.3378,0.3833,1.4763,False,False,False,False,False,False,False,2002,2002,23,2004,2004,21,2005,2005,20,2005,2005,20,2006,2006,19,2007,2007,18,2005,2005,20
19,usa_NC_0032_0201,usa_NC_0032_0201,backward,1996_2024,1.8865,0.1403,513,2010_2024,3.3505,0.382,1.464,False,False,False,False,False,False,False,2002,2002,23,2003,2003,22,2005,2005,20,2005,2005,20,2005,2005,20,2007,2007,18,2005,2005,20
19,usa_NC_0032_0202,usa_NC_0032_0202,backward,1996_2024,1.9177,0.1339,510,2010_2024,3.2599,0.3674,1.3422,False,False,False,False,False,False,False,2002,2002,23,2003,2003,22,2005,2005,20,2005,2005,20,2006,2006,19,2007,2007,18,2005,2005,20
19,usa_NC_0032_0203,usa_NC_0032_0203,backward,1996_2024,1.8719,0.1336,520,2010_2024,3.2367,0.3617,1.3648,False,False,False,False,False,False,False,2000,2000,25,2002,2002,23,2004,2004,21,2004,2004,21,2005,2005,20,2007,2007,18,2004,2004,21
19,usa_NC_0032_0204,usa_NC_0032_0204,backward,1996_2024,1.8128,0.1311,518,2010_2024,3.1972,0.3528,1.3844,False,False,False,False,False,False,False,2000,2000,25,2002,2002,23,2003,2003,22,2003,2003,22,2005,2005,20,2007,2007,18,2003,2003,22
19,usa_NC_0032_0205,usa_NC_0032_0205,backward,1996_2024,1.7961,0.1338,516,2010_2024,3.1592,0.3666,1.3631,False,False,False,False,False,False,False,2000,2000,25,2002,2002,23,2003,2003,22,2004,2004,21,2005,2005,20,2007,2007,18,2003,2003,22
20,usa_NC_0032_0206,usa_NC_0032_0206,backward,1996_2024,1.776,0.1357,511,2010_2024,3.462,0.3495,1.686,False,False,False,False,False,False,False,2000,2000,25,2002,2002,23,2002,2002,23,2002,2002,23,2003,2003,22,2006,2006,19,2002,2002,23
20,usa_NC_0032_0207,usa_NC_0032_0207,backward,1996_2024,1.6417,0.1398,519,2010_2024,3.3529,0.3452,1.7112,False,False,False,False,False,False,False,2000,2000,25,2002,2002,23,2002,2002,23,2002,2002,23,2003,2003,22,2006,2006,19,2002,2002,23
20,usa_NC_0032_0208,usa_NC_0032_0208,backward,1996_2024,1.6067,0.1475,519,2010_2024,3.5595,0.3666,1.9528,False,False,False,False,False,False,False,2000,2000,25,2001,2001,24,2002,2002,23,2002,2002,23,2003,2003,22,2005,2005,20,2020,2002,23
20,usa_NC_0032_0209,usa_NC_0032_0209,backward,1996_2024,1.4632,0.1484,513,2010_2024,3.5388,0.353,2.0756,False,False,False,False,False,False,False,2000,2000,25,2001,2001,24,2002,2002,23,2002,2002,23,2002,2002,23,2020,2005,20,2020,2002,23
20,usa_NC_0032_0210,usa_NC_0032_0210,backward,1996_2024,1.2432,0.1469,518,2010_2024,3.2706,0.3337,2.0274,False,False,False,False,False,False,False,2000,2000,25,2001,2001,24,2001,2001,24,2002,2002,23,2002,2002,23,2020,2005,20,2020,2002,23
20,usa_NC_0032_0211,usa_NC_0032_0211,backward,1996_2024,1.1319,0.1533,506,2010_2024,3.3063,0.3425,2.1744,False,False,False,False,False,False,False,2000,2000,25,2001,2001,24,2000,2000,25,2002,2002,23,2002,2002,23,2020,2004,21,2020,2001,24
20,usa_NC_0032_0212,usa_NC_0032_0212,backward,1996_2024,1.0137,0.1546,511,2010_2024,3.2554,0.3455,2.2417,False,False,False,False,False,False,False,2020,2000,25,2020,2001,24,2020,2000,25,2020,2002,23,2020,2002,23,2020,2004,21,2020,2001,24
20,usa_NC_0032_0213,usa_NC_0032_0213,backward,1996_2024,0.8234,0.1565,512,2010_2024,3.002,0.3492,2.1786,False,False,False,False,False,False,False,2000,2000,25,2001,2001,24,2000,2000,25,2002,2002,23,2002,2002,23,2020,2004,21,2020,2001,24
20,usa_NC_0032_0214,usa_NC_0032_0214,backward,1996_2024,0.7027,0.1611,508,2010_2024,2.8818,0.3642,2.1791,False,False,False,False,False,False,False,2000,2000,25,2001,2001,24,2000,2000,25,2020,2002,23,2020,2002,23,2020,2003,22,2020,2001,24
20,usa_NC_0033_0001,usa_NC_0033_0001,backward,1996_2024,0.5696,0.1543,535,2010_2024,2.6015,0.3386,2.0319,False,False,False,False,False,False,False,2000,2000,25,2000,2000,25,2000,2000,25,2001,2001,24,2001,2001,24,2020,2003,22,2020,2001,24
21,usa_NC_0033_0002,usa_NC_0033_0002,backward,1996_2024,0.4645,0.1517,544,2010_2024,2.4591,0.3319,1.9946,False,False,False,False,False,False,False,2000,2000,25,2000,2000,25,2000,2000,25,2001,2001,24,2002,2002,23,2020,2003,22,2020,2001,24
21,usa_NC_0033_0003,usa_NC_0033_0003,backward,1996_2024,0.36,0.1511,538,2010_2024,2.3998,0.3287,2.0398,False,False,False,False,False,False,False,2000,2000,25,2000,2000,25,2000,2000,25,2020,2002,23,2020,2002,23,2020,2003,22,2020,2001,24
21,usa_NC_0033_0004,usa_NC_0033_0004,backward,1996_2024,0.2035,0.1515,538,2010_2024,2.3072,0.3301,2.1037,False,False,False,False,False,False,False,2000,2000,25,2000,2000,25,2000,2000,25,2020,2002,23,2020,2002,23,2020,2003,22,2020,2001,24
21,usa_NC_0033_0005,usa_NC_0033_0005,backward,1996_2024,0.1458,0.1534,545,2010_2024,2.2071,0.3403,2.0613,False,False,False,False,False,False,False,2000,2000,25,2000,2000,25,1999,1999,26,2002,2002,23,2020,2002,23,2020,2003,22,2020,2001,24
21,usa_NC_0033_0006,usa_NC_0033_0006,backward,1996_2024,0.019,0.1585,550,2010_2024,2.0224,0.3709,2.0034,False,False,False,False,False,False,False,2000,2000,25,2001,2001,24,1998,1996,29,2020,2002,23,2020,2002,23,2020,2006,19,2020,2001,24
21,usa_NC_0033_0007,usa_NC_0033_0007,backward,1996_2024,-0.1069,0.1539,556,2010_2024,1.7552,0.3733,1.8621,False,False,False,False,False,False,False,2020,2000,25,2020,2001,24,1998,1996,29,2020,2002,23,2020,2002,23,2020,2006,19,2020,2002,23
21,usa_NC_0033_0008,usa_NC_0033_0008,backward,1996_2024,-0.1445,0.1473,564,2010_2024,1.685,0.3572,1.8295,False,False,False,False,False,False,False,2001,2001,24,2001,2001,24,1999,1999,26,2002,2002,23,2002,2002,23,2020,2007,18,2020,2002,23
21,usa_NC_0033_0009,usa_NC_0033_0009,backward,1996_2024,-0.1897,0.1443,565,2010_2024,1.3899,0.3603,1.5796,False,False,False,False,False,False,False,2001,2001,24,2002,2002,23,2000,2000,25,2003,2003,22,2005,2003,22,2020,2008,17,2020,2002,23
21,usa_NC_0033_0010,usa_NC_0033_0010,backward,1996_2024,-0.3011,0.1408,568,2010_2024,1.0633,0.3659,1.3644,False,False,False,False,False,False,False,2002,2002,23,2002,2002,23,2001,2001,24,2005,2005,20,2006,2006,19,2008,2008,17,2020,2003,22
21,usa_NC_0033_0011,usa_NC_0033_0011,backward,1996_2024,-0.4006,0.1382,564,2010_2024,0.6879,0.3669,1.0885,False,False,False,False,False,False,False,2002,2002,23,2003,2003,22,2002,1999,26,2006,2006,19,2007,2007,18,2009,2009,16,2020,2006,19
21,usa_NC_0033_0012,usa_NC_0033_0012,backward,1996_2024,-0.5235,0.1397,564,2010_2024,0.3624,0.374,0.8859,False,False,False,False,False,True,False,2005,2003,22,2006,2006,19,2003,1999,26,2008,2008,17,2008,2008,17,2010,2010,15,2008,2008,17
22,usa_NC_0033_0013,usa_NC_0033_0013,backward,1996_2024,-0.5734,0.141,564,2010_2024,0.2948,0.3763,0.8682,False,False,False,False,False,True,False,2004,2004,21,2007,2007,18,2003,2000,25,2008,2008,17,2008,2008,17,2010,2010,15,2020,2008,17
22,usa_NC_0033_0014,usa_NC_0033_0014,backward,1996_2024,-0.6615,0.1373,566,2010_2024,0.1723,0.3735,0.8338,False,False,False,False,False,True,False,2004,2004,21,2007,2007,18,2004,2004,21,2008,2008,17,2008,2008,17,2010,2010,15,2020,2008,17
22,usa_NC_0033_0015,usa_NC_0033_0015,backward,1996_2024,-0.6748,0.1371,564,2010_2024,-0.0449,0.3779,0.6299,False,False,False,False,False,True,False,2006,2004,21,2007,2007,18,2004,2004,21,2008,2008,17,2009,2009,16,2012,2012,13,2020,2009,16
22,usa_NC_0033_0016,usa_NC_0033_0016,backward,1996_2024,-0.6818,0.1414,560,2010_2024,0.0011,0.4003,0.6829,False,False,False,False,False,True,False,2006,2004,21,2007,2007,18,2004,2004,21,2008,2008,17,2008,2008,17,2013,2013,12,2020,2009,16
22,usa_NC_0033_0017,usa_NC_0033_0017,backward,1996_2024,-0.7371,0.1433,554,2010_2024,0.0425,0.4077,0.7796,False,False,False,False,False,True,False,2003,2003,22,2006,2006,19,2003,2003,22,2007,2007,18,2008,2008,17,2012,2012,13,2020,2008,17
22,usa_NC_0033_0018,usa_NC_0033_0018,backward,1996_2024,-0.8121,0.1466,554,2010_2024,0.0191,0.4244,0.8312,False,False,False,False,False,True,False,2003,2003,22,2004,2004,21,2003,2003,22,2007,2007,18,2007,2007,18,2011,2011,14,2020,2008,17
22,usa_NC_0033_0019,usa_NC_0033_0019,backward,1996_2024,-0.9038,0.1414,547,2010_2024,-0.0769,0.4196,0.8269,False,False,False,False,False,True,False,2003,2003,22,2004,2004,21,2004,2004,21,2007,2007,18,2007,2007,18,2011,2011,14,2020,2008,17
22,usa_NC_0033_0020,usa_NC_0033_0020,backward,1996_2024,-1.0243,0.1424,549,2010_2024,-0.1999,0.4164,0.8244,False,False,False,False,False,True,False,2002,2002,23,2004,2004,21,2003,2003,22,2007,2007,18,2007,2007,18,2011,2011,14,2020,2008,17
22,usa_NC_0033_0021,usa_NC_0033_0021,backward,1996_2024,-1.1127,0.1466,548,2010_2024,-0.2267,0.4415,0.886,False,False,False,False,False,True,False,2002,2002,23,2004,2004,21,2003,2003,22,2020,2007,18,2020,2007,18,2020,2010,15,2020,2008,17
22,usa_NC_0033_0022,usa_NC_0033_0022,backward,1996_2024,-1.2453,0.1492,557,2010_2024,-0.2431,0.4347,1.0022,False,False,False,False,False,False,False,2002,2002,23,2004,2004,21,2004,2004,21,2006,2006,19,2007,2007,18,2020,2009,16,2020,2007,18
23,usa_NC_0033_0023,usa_NC_0033_0023,backward,1996_2024,-1.3887,0.1572,552,2010_2024,-0.2243,0.4624,1.1644,False,False,False,False,False,False,False,2002,2002,23,2003,2003,22,2004,2004,21,2006,2004,21,2006,2006,19,2020,2009,16,2020,2004,21
23,usa_NC_0033_0024,usa_NC_0033_0024,backward,1996_2024,-1.4527,0.1575,555,2010_2024,-0.3382,0.4599,1.1145,False,False,False,False,False,False,False,2002,2002,23,2003,2003,22,2004,2004,21,2006,2006,19,2006,2006,19,2009,2009,16,2020,2006,19
23,usa_NC_0033_0025,usa_NC_0033_0025,backward,1996_2024,-1.5489,0.1557,563,2010_2024,-0.5595,0.4521,0.9894,False,False,False,False,False,True,False,2002,2002,23,2003,2003,22,2004,2004,21,2006,2006,19,2006,2006,19,2010,2010,15,2020,2007,18
23,usa_NC_0033_0026,usa_NC_0033_0026,backward,1996_2024,-1.7171,0.1603,572,2010_2024,-0.5901,0.4671,1.127,False,False,False,False,False,False,False,2003,2003,22,2004,2004,21,2004,2004,21,2006,2006,19,2006,2006,19,2009,2009,16,2006,2006,19
23,usa_NC_0033_0027,usa_NC_0033_0027,backward,1996_2024,-1.8682,0.1641,582,2010_2024,-0.6468,0.4722,1.2214,False,False,False,False,False,False,False,2003,2003,22,2004,2004,21,2005,2005,20,2006,2006,19,2006,2006,19,2008,2008,17,2006,2006,19
23,usa_NC_0033_0028,usa_NC_0033_0028,backward,1996_2024,-1.9633,0.1636,583,2010_2024,-0.8135,0.4685,1.1498,False,False,False,False,False,False,False,2004,2004,21,2004,2004,21,2005,2005,20,2006,2006,19,2006,2006,19,2008,2008,17,2006,2006,19
23,usa_NC_0033_0029,usa_NC_0033_0029,backward,1996_2024,-2.0845,0.1641,582,2010_2024,-0.9088,0.4693,1.1757,False,False,False,False,False,False,False,2004,2004,21,2004,2004,21,2005,2005,20,2006,2006,19,2006,2006,19,2008,2008,17,2006,2006,19
23,usa_NC_0033_0030,usa_NC_0033_0030,backward,1996_2024,-2.1285,0.173,588,2010_2024,-0.7937,0.488,1.3348,False,False,False,False,False,False,False,2003,2003,22,2004,2004,21,2005,2005,20,2006,2006,19,2005,2005,20,2008,2008,17,2006,2006,19
23,usa_NC_0033_0031,usa_NC_0033_0031,backward,1996_2024,-2.1869,0.1779,586,2010_2024,-0.5249,0.4957,1.662,False,False,False,False,False,False,False,2002,2002,23,2003,2003,22,2004,2004,21,2005,2005,20,2005,2005,20,2008,2008,17,2005,2005,20
23,usa_NC_0033_0032,usa_NC_0033_0032,backward,1996_2024,-2.2929,0.1771,589,2010_2024,-0.4246,0.4821,1.8683,False,False,False,False,False,False,False,2002,2002,23,2003,2003,22,2004,2004,21,2005,2005,20,2004,2004,21,2007,2007,18,2004,2004,21
24,usa_NC_0033_0033,usa_NC_0033_0033,backward,1996_2024,-2.312,0.1821,592,2010_2024,-0.062,0.4781,2.25,False,False,False,False,False,False,False,2002,2002,23,2003,2003,22,2004,2004,21,2004,2004,21,2004,2004,21,2006,2006,19,2004,2004,21
24,usa_NC_0033_0034,usa_NC_0033_0034,backward,1996_2024,-2.2995,0.187,587,2010_2024,0.3329,0.4684,2.6324,False,False,False,False,False,False,False,2002,2002,23,2002,2002,23,2004,2004,21,2004,2004,21,2004,2004,21,2006,2006,19,2004,2004,21
24,usa_NC_0033_0035,usa_NC_0033_0035,backward,1996_2024,-2.3076,0.1895,587,2010_2024,0.5495,0.458,2.8571,False,False,False,False,False,False,False,2002,2002,23,2002,2002,23,2003,2003,22,2004,2004,21,2003,2003,22,2005,2005,20,2003,2003,22
24,usa_NC_0033_0036,usa_NC_0033_0036,backward,1996_2024,-2.2565,0.193,578,2010_2024,0.7723,0.4668,3.0288,False,False,False,False,False,False,False,2002,2002,23,2002,2002,23,2003,2003,22,2004,2004,21,2003,2003,22,2005,2005,20,2003,2003,22
24,usa_NC_0033_0037,usa_NC_0033_0037,backward,1996_2024,-2.263,0.1978,572,2010_2024,1.0596,0.4737,3.3226,False,False,False,False,False,False,False,2002,2002,23,2002,2002,23,2003,2003,22,2003,2003,22,2003,2003,22,2004,2004,21,2003,2003,22
24,usa_NC_0033_0038,usa_NC_0033_0038,backward,1996_2024,-2.2624,0.2011,565,2010_2024,0.9613,0.4856,3.2237,False,False,False,False,False,False,False,2002,2002,23,2002,2002,23,2002,2002,23,2003,2003,22,2003,2003,22,2004,2004,21,2003,2003,22
24,usa_NC_0033_0039,usa_NC_0033_0039,backward,1996_2024,-2.2079,0.2016,564,2010_2024,1.0455,0.4851,3.2534,False,False,False,False,False,False,False,2002,2002,23,2002,2002,23,2002,2002,23,2003,2003,22,2002,2002,23,2004,2004,21,2002,2002,23
24,usa_NC_0033_0040,usa_NC_0033_0040,backward,1996_2024,-2.2615,0.1974,566,2010_2024,0.8064,0.4832,3.0679,False,False,False,False,False,False,False,2002,2002,23,2002,2002,23,2002,2002,23,2003,2003,22,2002,2002,23,2004,2004,21,2002,2002,23
24,usa_NC_0033_0041,usa_NC_0033_0041,backward,1996_2024,-2.2749,0.1924,572,2010_2024,0.8332,0.4612,3.1081,False,False,False,False,False,False,False,2001,2001,24,2002,2002,23,2002,2002,23,2003,2003,22,2002,2002,23,2004,2004,21,2002,2002,23
24,usa_NC_0033_0042,usa_NC_0033_0042,backward,1996_2024,-2.2817,0.1865,577,2010_2024,0.7492,0.4555,3.0309,False,False,False,False,False,False,False,2002,2002,23,2002,2002,23,2002,2002,23,2003,2003,22,2003,2003,22,2004,2004,21,2003,2003,22
25,usa_NC_0033_0043,usa_NC_0033_0043,backward,1996_2024,-2.3065,0.1852,565,2010_2024,0.6375,0.4526,2.944,False,False,False,False,False,False,False,2001,2001,24,2002,2002,23,2002,2002,23,2003,2003,22,2003,2003,22,2004,2004,21,2002,2002,23
25,usa_NC_0033_0044,usa_NC_0033_0044,backward,1996_2024,-2.3557,0.179,571,2010_2024,0.4637,0.4327,2.8194,False,False,False,False,False,False,False,2001,2001,24,2002,2002,23,2003,2003,22,2003,2003,22,2003,2003,22,2004,2004,21,2003,2003,22
25,usa_NC_0033_0045,usa_NC_0033_0045,backward,1996_2024,-2.4261,0.1859,583,2010_2024,0.5233,0.4418,2.9494,False,False,False,False,False,False,False,2001,2001,24,2002,2002,23,2003,2003,22,2003,2003,22,2003,2003,22,2004,2004,21,2003,2003,22
25,usa_NC_0033_0046,usa_NC_0033_0046,backward,1996_2024,-2.4944,0.1897,586,2010_2024,0.5912,0.4465,3.0856,False,False,False,False,False,False,False,2001,2001,24,2002,2002,23,2003,2003,22,2003,2003,22,2003,2003,22,2004,2004,21,2003,2003,22
25,usa_NC_0033_0047,usa_NC_0033_0047,backward,1996_2024,-2.5621,0.1908,588,2010_2024,0.5289,0.451,3.091,False,False,False,False,False,False,False,2001,2001,24,2002,2002,23,2003,2003,22,2003,2003,22,2003,2003,22,2004,2004,21,2003,2003,22
25,usa_NC_0033_0048,usa_NC_0033_0048,backward,1996_2024,-2.6025,0.1912,593,2010_2024,0.5133,0.4419,3.1158,False,False,False,False,False,False,False,2002,2002,23,2002,2002,23,2003,2003,22,2003,2003,22,2003,2003,22,2004,2004,21,2003,2003,22
25,usa_NC_0033_0049,usa_NC_0033_0049,backward,1996_2024,-2.5808,0.1907,591,2010_2024,0.4016,0.4432,2.9824,False,False,False,False,False,False,False,2002,2002,23,2002,2002,23,2003,2003,22,2003,2003,22,2003,2003,22,2004,2004,21,2003,2003,22
25,usa_NC_0033_0050,usa_NC_0033_0050,backward,1996_2024,-2.5543,0.191,592,2010_2024,0.2767,0.4487,2.831,False,False,False,False,False,False,False,2002,2002,23,2002,2002,23,2003,2003,22,2003,2003,22,2003,2003,22,2005,2005,20,2003,2003,22
25,usa_NC_0033_0051,usa_NC_0033_0051,backward,1996_2024,-2.4821,0.1932,593,2010_2024,0.2749,0.4631,2.757,False,False,False,False,False,False,False,2002,2002,23,2002,2002,23,2003,2003,22,2003,2003,22,2003,2003,22,2006,2006,19,2003,2003,22
25,usa_NC_0033_0052,usa_NC_0033_0052,backward,1996_2024,-2.4048,0.1875,585,2010_2024,0.2125,0.4603,2.6173,False,False,False,False,False,False,False,2002,2002,23,2002,2002,23,2003,2003,22,2004,2004,21,2003,2003,22,2006,2006,19,2003,2003,22
26,usa_NC_0033_0053,usa_NC_0033_0053,backward,1996_2024,-2.3218,0.1843,588,2010_2024,0.2557,0.4518,2.5775,False,False,False,False,False,False,False,2002,2002,23,2002,2002,23,2003,2003,22,2004,2004,21,2003,2003,22,2006,2006,19,2003,2003,22
26,usa_NC_0033_0054,usa_NC_0033_0054,backward,1996_2024,-2.1613,0.1829,590,2010_2024,0.3398,0.4399,2.5011,False,False,False,False,False,False,False,2002,2002,23,2002,2002,23,2003,2003,22,2004,2004,21,2003,2003,22,2006,2006,19,2003,2003,22
26,usa_NC_0033_0055,usa_NC_0033_0055,backward,1996_2024,-1.9622,0.1832,580,2010_2024,0.5069,0.4394,2.4691,False,False,False,False,False,False,False,2001,2001,24,2002,2002,23,2003,2003,22,2003,2003,22,2003,2003,22,2006,2006,19,2003,2003,22
26,usa_NC_0033_0056,usa_NC_0033_0056,backward,1996_2024,-1.7272,0.1834,578,2010_2024,0.7803,0.4441,2.5075,False,False,False,False,False,False,False,2001,2001,24,2001,2001,24,2002,2002,23,2003,2003,22,2003,2003,22,2006,2006,19,2003,2003,22
26,usa_NC_0033_0057,usa_NC_0033_0057,backward,1996_2024,-1.4865,0.1868,570,2010_2024,0.9096,0.4604,2.3961,False,False,False,False,False,False,False,2001,2001,24,2002,2002,23,2002,2002,23,2003,2003,22,2003,2003,22,2006,2004,21,2003,2003,22
26,usa_NC_0033_0058,usa_NC_0033_0058,backward,1996_2024,-1.3669,0.1787,560,2010_2024,0.7108,0.4594,2.0777,False,False,False,False,False,False,False,2002,2002,23,2002,2002,23,2002,2002,23,2004,2004,21,2003,2003,22,2006,2006,19,2003,2003,22
26,usa_NC_0033_0059,usa_NC_0033_0059,backward,1996_2024,-1.2894,0.1768,559,2010_2024,0.3278,0.4602,1.6172,False,False,False,False,False,False,False,2002,2002,23,2003,2003,22,2003,2003,22,2004,2004,21,2004,2004,21,2007,2007,18,2004,2004,21
26,usa_NC_0033_0060,usa_NC_0033_0060,backward,1996_2024,-1.2909,0.1704,558,2010_2024,-0.1938,0.4629,1.0971,False,False,False,False,False,False,False,2003,2003,22,2003,2003,22,2003,2003,22,2006,2004,21,2006,2004,21,2008,2008,17,2006,2004,21
26,usa_NC_0033_0061,usa_NC_0033_0061,backward,1996_2024,-1.0054,0.1607,566,2010_2024,-0.2976,0.443,0.7078,False,False,False,False,False,True,False,2003,2003,22,2004,2004,21,2004,2004,21,2006,2006,19,2006,2006,19,2011,2011,14,2006,2006,19
26,usa_NC_0033_0062,usa_NC_0033_0062,backward,1996_2024,-0.856,0.1528,566,2010_2024,-0.4221,0.4194,0.4339,False,False,False,True,True,True,True,2004,1999,26,2006,2004,21,2004,2001,24,2010,2010,15,2010,2010,15,2011,2011,14,2010,2010,15
27,usa_NC_0033_0064,usa_NC_0033_0064,backward,1996_2024,-0.5871,0.1509,581,2010_2024,-0.8274,0.419,-0.2403,False,True,False,True,True,True,True,2008,1999,26,2010,2002,23,2007,1998,27,2011,2011,14,2011,2011,14,2012,2012,13,2011,2011,14
27,usa_NC_0033_0065,usa_NC_0033_0065,backward,1996_2024,-0.4856,0.1563,589,2010_2024,-0.7619,0.4383,-0.2763,False,False,False,True,True,True,True,1999,1999,26,2008,2001,24,1998,1998,27,2011,2011,14,2011,2011,14,2012,2012,13,2011,2011,14
27,usa_NC_0033_0066,usa_NC_0033_0066,backward,1996_2024,-0.3243,0.1639,585,2010_2024,-0.7588,0.4462,-0.4345,False,False,False,True,True,True,True,1999,1999,26,2001,2001,24,1996,1996,29,2011,2004,21,2011,2004,21,2012,2012,13,2011,2001,24
27,usa_NC_0033_0067,usa_NC_0033_0067,backward,1996_2024,-0.1619,0.1628,592,2010_2024,-0.6348,0.4388,-0.4729,False,False,False,True,True,True,True,1999,1999,26,2000,2000,25,1996,1996,29,2011,2002,23,2011,2002,23,2012,2012,13,2011,2001,24
27,usa_NC_0033_0068,usa_NC_0033_0068,backward,1996_2024,-0.0502,0.1631,591,2010_2024,-0.6901,0.4363,-0.6399,False,False,False,False,False,True,False,1999,1999,26,2011,2000,25,1996,1996,29,2011,2002,23,2011,2002,23,2013,2013,12,2012,2001,24
27,usa_NC_0033_0069,usa_NC_0033_0069,backward,1996_2024,-0.002,0.1612,587,2010_2024,-0.6652,0.413,-0.6632,False,False,False,False,False,True,False,2011,1999,26,2011,2000,25,1996,1996,29,2012,2001,24,2012,2001,24,2013,2013,12,2013,2001,24
27,usa_NC_0033_0070,usa_NC_0033_0070,backward,1996_2024,0.0697,0.1629,592,2010_2024,-0.7002,0.4083,-0.7699,False,False,False,False,False,True,False,2011,1999,26,2011,2000,25,2011,1996,29,2013,2001,24,2013,2001,24,2013,2013,12,2020,2001,24
27,usa_NC_0033_0071,usa_NC_0033_0071,backward,1996_2024,0.2657,0.1609,583,2010_2024,-0.5827,0.4023,-0.8484,False,False,False,False,False,True,False,2012,2000,25,2013,2000,25,1996,1996,29,2013,2002,23,2018,2002,23,2019,2014,11,2020,2001,24
27,usa_NC_0033_0072,usa_NC_0033_0072,backward,1996_2024,0.5222,0.1539,582,2010_2024,-0.3394,0.3899,-0.8616,False,False,False,False,False,True,False,2018,2000,25,2018,2000,25,2013,1997,28,2019,2002,23,2019,2002,23,2020,2014,11,2020,2001,24
27,usa_NC_0033_0073,usa_NC_0033_0073,backward,1996_2024,0.8214,0.1562,593,2010_2024,0.0861,0.4,-0.7353,False,False,False,False,False,True,False,2019,2000,25,2019,2001,24,2019,2000,25,2020,2002,23,2020,2002,23,2020,2020,5,2020,2001,24
28,usa_NC_0033_0074,usa_NC_0033_0074,backward,1996_2024,1.069,0.1511,582,2010_2024,0.4956,0.4,-0.5734,False,False,False,False,False,True,False,2013,2000,25,2019,2001,24,2013,2001,24,2019,2002,23,2019,2002,23,2020,2020,5,2020,2002,23
28,usa_NC_0033_0075,usa_NC_0033_0075,backward,1996_2024,1.2718,0.1568,578,2010_2024,0.8956,0.4368,-0.3762,False,False,False,True,True,True,True,2011,2001,24,2011,2002,23,2011,2002,23,2018,2013,12,2018,2013,12,2020,2014,11,2020,2002,23
28,usa_NC_0033_0076,usa_NC_0033_0076,backward,1996_2024,1.4824,0.1582,572,2010_2024,1.2949,0.463,-0.1875,False,True,True,True,True,True,True,2006,2002,23,2017,2006,19,2017,2011,14,2017,2011,14,2017,2011,14,2018,2013,12,2020,2013,12
28,usa_NC_0033_0077,usa_NC_0033_0077,backward,1996_2024,1.6525,0.1623,568,2010_2024,1.6128,0.4845,-0.0397,True,True,True,True,True,True,True,2010,2002,23,2010,2010,15,2010,2010,15,2017,2011,14,2017,2011,14,2017,2012,13,2017,2011,14
28,usa_NC_0033_0078,usa_NC_0033_0078,backward,1996_2024,1.8731,0.1647,571,2010_2024,2.0943,0.4974,0.2212,False,True,True,True,True,True,True,2009,2009,16,2010,2010,15,2017,2010,15,2017,2010,15,2017,2010,15,2017,2011,14,2020,2011,14
28,usa_NC_0033_0079,usa_NC_0033_0079,backward,1996_2024,1.9716,0.1669,576,2010_2024,2.2028,0.497,0.2312,False,True,True,True,True,True,True,2009,2002,23,2010,2010,15,2010,2010,15,2010,2010,15,2010,2010,15,2017,2011,14,2017,2010,15
28,usa_NC_0033_0080,usa_NC_0033_0080,backward,1996_2024,2.1724,0.1699,572,2010_2024,2.6844,0.4997,0.512,False,False,False,False,False,True,True,2007,2007,18,2008,2008,17,2009,2009,16,2009,2009,16,2009,2009,16,2017,2010,15,2017,2010,15
28,usa_NC_0033_0081,usa_NC_0033_0081,backward,1996_2024,2.3808,0.1802,576,2010_2024,3.4016,0.5242,1.0208,False,False,False,False,False,False,False,2006,2006,19,2006,2006,19,2007,2007,18,2008,2008,17,2007,2007,18,2009,2009,16,2008,2008,17
28,usa_NC_0033_0082,usa_NC_0033_0082,backward,1996_2024,2.5006,0.1825,578,2010_2024,3.8046,0.5201,1.304,False,False,False,False,False,False,False,2006,2004,21,2006,2006,19,2007,2007,18,2007,2007,18,2007,2007,18,2008,2008,17,2007,2007,18
28,usa_NC_0033_0083,usa_NC_0033_0083,backward,1996_2024,2.6486,0.1746,585,2010_2024,3.8183,0.4796,1.1697,False,False,False,False,False,False,False,2006,2006,19,2006,2006,19,2007,2007,18,2007,2007,18,2007,2007,18,2009,2009,16,2007,2007,18
29,usa_NC_0033_0084,usa_NC_0033_0084,backward,1996_2024,2.685,0.1743,590,2010_2024,3.9443,0.4777,1.2593,False,False,False,False,False,False,False,2006,2000,25,2006,2006,19,2007,2007,18,2007,2007,18,2007,2007,18,2008,2008,17,2007,2007,18
29,usa_NC_0033_0085,usa_NC_0033_0085,backward,1996_2024,2.7016,0.1752,593,2010_2024,3.9812,0.4687,1.2796,False,False,False,False,False,False,False,2006,1999,26,2006,2000,25,2007,2007,18,2007,2007,18,2007,2007,18,2008,2008,17,2007,2007,18
29,usa_NC_0033_0086,usa_NC_0033_0086,backward,1996_2024,2.7986,0.1741,599,2010_2024,4.1041,0.4493,1.3055,False,False,False,False,False,False,False,2006,1999,26,2006,2000,25,2006,2006,19,2006,2006,19,2006,2006,19,2008,2008,17,2006,2006,19
29,usa_NC_0033_0087,usa_NC_0033_0087,backward,1996_2024,2.8596,0.1722,595,2010_2024,4.3768,0.4314,1.5172,False,False,False,False,False,False,False,2005,1999,26,2005,2000,25,2006,2006,19,2006,2006,19,2006,2006,19,2007,2007,18,2006,2006,19
29,usa_NC_0033_0088,usa_NC_0033_0088,backward,1996_2024,2.9064,0.1709,598,2010_2024,4.6065,0.4091,1.7001,False,False,False,False,False,False,False,2003,1999,26,2004,2000,25,2006,2006,19,2006,2006,19,2006,2006,19,2006,2006,19,2005,2005,20
29,usa_NC_0033_0089,usa_NC_0033_0089,backward,1996_2024,2.9756,0.1698,592,2010_2024,4.8929,0.3985,1.9173,False,False,False,False,False,False,False,2003,1999,26,2003,2000,25,2005,2005,20,2004,2004,21,2004,2004,21,2006,2006,19,2004,2004,21
29,usa_NC_0033_0090,usa_NC_0033_0090,backward,1996_2024,3.0264,0.164,594,2010_2024,4.9749,0.3825,1.9485,False,False,False,False,False,False,False,2002,1999,26,2003,2003,22,2005,2005,20,2004,2004,21,2004,2004,21,2006,2006,19,2020,2003,22
29,usa_NC_0033_0091,usa_NC_0033_0091,backward,1996_2024,3.0994,0.1671,589,2010_2024,5.1514,0.3898,2.052,False,False,False,False,False,False,False,2020,2000,25,2020,2002,23,2020,2004,21,2020,2003,22,2020,2003,22,2020,2005,20,2020,2003,22
29,usa_NC_0033_0092,usa_NC_0033_0092,backward,1996_2024,3.0922,0.1643,593,2010_2024,5.2505,0.3864,2.1583,False,False,False,False,False,False,False,2002,2002,23,2002,2002,23,2004,2004,21,2003,2003,22,2003,2003,22,2020,2005,20,2020,2003,22
29,usa_NC_0033_0093,usa_NC_0033_0093,backward,1996_2024,3.0666,0.1608,592,2010_2024,5.1415,0.3749,2.0749,False,False,False,False,False,False,False,2002,2002,23,2002,2002,23,2003,2003,22,2003,2003,22,2003,2003,22,2016,2005,20,2020,2003,22
30,usa_NC_0033_0094,usa_NC_0033_0094,backward,1996_2024,3.1275,0.1633,580,2010_2024,5.2523,0.391,2.1248,False,False,False,False,False,False,False,2002,2002,23,2002,2002,23,2003,2003,22,2003,2003,22,2003,2003,22,2004,2004,21,2019,2002,23
30,usa_NC_0033_0095,usa_NC_0033_0095,backward,1996_2024,3.0928,0.1575,577,2010_2024,5.1855,0.3781,2.0927,False,False,False,False,False,False,False,2001,2001,24,2001,2001,24,2003,2003,22,2002,2002,23,2002,2002,23,2017,2004,21,2019,2002,23
30,usa_NC_0033_0096,usa_NC_0033_0096,backward,1996_2024,3.146,0.1599,574,2010_2024,5.1398,0.3936,1.9938,False,False,False,False,False,False,False,2000,2000,25,2001,2001,24,2003,2003,22,2002,2002,23,2002,2002,23,2016,2004,21,2016,2002,23
30,usa_NC_0033_0097,usa_NC_0033_0097,backward,1996_2024,3.2089,0.1568,568,2010_2024,5.1484,0.3871,1.9395,False,False,False,False,False,False,False,2000,2000,25,2000,2000,25,2003,2003,22,2002,2002,23,2002,2002,23,2016,2004,21,2020,2001,24
30,usa_NC_0033_0098,usa_NC_0033_0098,backward,1996_2024,3.2319,0.1515,569,2010_2024,4.9091,0.3693,1.6772,False,False,False,False,False,False,False,2000,2000,25,2000,2000,25,2020,2003,22,2020,2002,23,2020,2002,23,2020,2004,21,2020,2000,25
30,usa_NC_0033_0099,usa_NC_0033_0099,backward,1996_2024,3.2186,0.1495,571,2010_2024,4.6946,0.3768,1.476,False,False,False,False,False,False,False,2000,2000,25,2000,2000,25,2003,2003,22,2001,2001,24,2002,2002,23,2020,2004,21,2020,2000,25
30,usa_NC_0033_0100,usa_NC_0033_0100,backward,1996_2024,3.2519,0.1466,573,2010_2024,4.5585,0.3665,1.3066,False,False,False,False,False,False,False,1999,1999,26,2000,2000,25,2019,2003,22,2014,2001,24,2014,2002,23,2020,2004,21,2020,2000,25
30,usa_NC_0033_0101,usa_NC_0033_0101,backward,1996_2024,3.1972,0.1421,575,2010_2024,4.1459,0.3676,0.9487,False,False,False,False,False,True,False,2015,2000,25,2019,2000,25,2019,2004,21,2019,2002,23,2019,2003,22,2019,2019,6,2020,2000,25
30,usa_NC_0033_0102,usa_NC_0033_0102,backward,1996_2024,3.1346,0.1379,581,2010_2024,3.5946,0.3558,0.46,False,False,True,False,True,True,True,2016,2000,25,2016,2000,25,2018,2004,21,2017,2003,22,2017,2004,21,2019,2019,6,2020,2000,25
30,usa_NC_0033_0103,usa_NC_0033_0103,backward,1996_2024,3.1216,0.1393,583,2010_2024,3.3842,0.3524,0.2626,False,False,True,True,True,True,True,2017,1998,27,2017,2000,25,2017,2004,21,2017,2003,22,2017,2004,21,2018,2018,7,2020,2000,25
31,usa_NC_0033_0104,usa_NC_0033_0104,backward,1996_2024,3.0221,0.1395,604,2010_2024,3.0855,0.3647,0.0634,True,True,True,True,True,True,True,2010,1998,27,2017,2000,25,2020,2011,14,2017,2004,21,2017,2004,21,2020,2012,13,2020,2004,21
31,usa_NC_0033_0105,usa_NC_0033_0105,backward,1996_2024,2.962,0.1387,593,2010_2024,2.753,0.3583,-0.209,False,True,True,True,True,True,True,2016,1998,27,2016,2000,25,2020,2011,14,2018,2010,15,2020,2011,14,2020,2011,14,2020,2004,21
31,usa_NC_0033_0106,usa_NC_0033_0106,backward,1996_2024,2.9091,0.1417,602,2010_2024,2.7402,0.3714,-0.1689,False,True,True,True,True,True,True,2018,1998,27,2020,2000,25,2020,2011,14,2020,2010,15,2020,2011,14,2020,2011,14,2020,2011,14
31,usa_NC_0033_0107,usa_NC_0033_0107,backward,1996_2024,2.8085,0.1439,603,2010_2024,2.6986,0.3771,-0.1099,True,True,True,True,True,True,True,2015,1998,27,2015,2000,25,2020,2011,14,2020,2011,14,2020,2011,14,2020,2012,13,2020,2011,14
31,usa_NC_0033_0108,usa_NC_0033_0108,backward,1996_2024,2.6869,0.1476,589,2010_2024,2.5536,0.3936,-0.1333,True,True,True,True,True,True,True,2010,1998,27,2010,2010,15,2019,2011,14,2019,2011,14,2019,2011,14,2019,2016,9,2020,2011,14
31,usa_NC_0033_0109,usa_NC_0033_0109,backward,1996_2024,2.6083,0.1483,585,2010_2024,2.4879,0.407,-0.1204,True,True,True,True,True,True,True,2010,1998,27,2010,2008,17,2014,2011,14,2014,2011,14,2014,2011,14,2014,2014,11,2020,2014,11
31,usa_NC_0033_0110,usa_NC_0033_0110,backward,1996_2024,2.4664,0.1535,588,2010_2024,2.2228,0.4229,-0.2436,False,True,True,True,True,True,True,2006,1998,27,2010,2007,18,2014,2010,15,2010,2010,15,2014,2010,15,2014,2014,11,2014,2011,14
31,usa_NC_0033_0111,usa_NC_0033_0111,backward,1996_2024,2.4206,0.1571,582,2010_2024,2.2519,0.4458,-0.1687,False,True,True,True,True,True,True,2014,2000,25,2014,2007,18,2014,2011,14,2014,2011,14,2014,2011,14,2014,2014,11,2014,2011,14
31,usa_NC_0033_0112,usa_NC_0033_0112,backward,1996_2024,2.3171,0.1548,586,2010_2024,2.1219,0.4395,-0.1952,False,True,True,True,True,True,True,2005,2000,25,2014,2005,20,2014,2011,14,2014,2011,14,2014,2011,14,2014,2014,11,2014,2014,11
31,usa_NC_0033_0113,usa_NC_0033_0113,backward,1996_2024,2.2137,0.1575,579,2010_2024,2.2301,0.4542,0.0164,True,True,True,True,True,True,True,2011,2000,25,2013,2011,14,2013,2013,12,2013,2013,12,2013,2013,12,2014,2014,11,2013,2013,12
31,usa_NC_0033_0114,usa_NC_0033_0114,backward,1996_2024,2.1283,0.1634,569,2010_2024,2.551,0.4884,0.4227,False,False,True,True,True,True,True,2008,2008,17,2012,2008,17,2012,2012,13,2013,2013,12,2013,2013,12,2013,2013,12,2013,2013,12
32,usa_NC_0033_0115,usa_NC_0033_0115,backward,1996_2024,1.9662,0.1662,567,2010_2024,2.4779,0.5034,0.5117,False,False,False,False,False,True,True,2008,2008,17,2008,2008,17,2009,2009,16,2011,2009,16,2011,2009,16,2013,2013,12,2013,2013,12
32,usa_NC_0033_0116,usa_NC_0033_0116,backward,1996_2024,1.8601,0.1666,567,2010_2024,2.4382,0.5111,0.5781,False,False,False,False,False,True,True,2008,2008,17,2008,2008,17,2008,2008,17,2009,2009,16,2009,2009,16,2012,2012,13,2020,2011,14
32,usa_NC_0033_0117,usa_NC_0033_0117,backward,1996_2024,1.7701,0.1621,567,2010_2024,2.5783,0.4872,0.8082,False,False,False,False,False,True,False,2007,2003,22,2007,2007,18,2008,2008,17,2008,2008,17,2008,2008,17,2011,2011,14,2020,2008,17
32,usa_NC_0033_0118,usa_NC_0033_0118,backward,1996_2024,1.5893,0.1624,569,2010_2024,2.4433,0.4789,0.854,False,False,False,False,False,True,False,2007,2003,22,2007,2007,18,2008,2008,17,2008,2008,17,2008,2008,17,2010,2010,15,2020,2008,17
32,usa_NC_0033_0119,usa_NC_0033_0119,backward,1996_2024,1.4516,0.1675,570,2010_2024,2.5641,0.4726,1.1125,False,False,False,False,False,False,False,2020,2002,23,2020,2007,18,2020,2007,18,2020,2008,17,2020,2008,17,2020,2009,16,2020,2008,17
32,usa_NC_0033_0120,usa_NC_0033_0120,backward,1996_2024,1.3447,0.1659,574,2010_2024,2.417,0.457,1.0723,False,False,False,False,False,False,False,2007,2002,23,2007,2003,22,2007,2007,18,2008,2008,17,2008,2008,17,2009,2009,16,2020,2008,17
32,usa_NC_0033_0121,usa_NC_0033_0121,backward,1996_2024,1.256,0.1693,572,2010_2024,2.2151,0.4684,0.9591,False,False,False,False,False,True,False,2008,2000,25,2008,2008,17,2008,2008,17,2008,2008,17,2008,2008,17,2010,2010,15,2019,2008,17
32,usa_NC_0033_0122,usa_NC_0033_0122,backward,1996_2024,1.2072,0.1719,578,2010_2024,1.8471,0.4539,0.6399,False,False,False,False,False,True,False,2008,1999,26,2008,2006,19,2008,2006,19,2009,2009,16,2009,2009,16,2019,2011,14,2019,2009,16
32,usa_NC_0033_0123,usa_NC_0033_0123,backward,1996_2024,1.2043,0.1709,578,2010_2024,1.7886,0.4645,0.5843,False,False,False,False,False,True,True,2005,2000,25,2019,2005,20,2019,2005,20,2019,2009,16,2019,2009,16,2019,2011,14,2019,2010,15
32,usa_NC_0033_0124,usa_NC_0033_0124,backward,1996_2024,1.1538,0.1697,585,2010_2024,1.7781,0.4651,0.6243,False,False,False,False,False,True,True,2008,2005,20,2008,2005,20,2008,2005,20,2019,2009,16,2019,2009,16,2019,2011,14,2019,2010,15
33,usa_NC_0033_0125,usa_NC_0033_0125,backward,1996_2024,1.1396,0.1653,592,2010_2024,1.5806,0.4456,0.441,False,False,False,True,True,True,True,2004,2004,21,2018,2005,20,2004,2004,21,2018,2010,15,2018,2010,15,2019,2011,14,2019,2010,15
33,usa_NC_0033_0126,usa_NC_0033_0126,backward,1996_2024,1.1761,0.1621,597,2010_2024,1.6632,0.4287,0.4871,False,False,False,False,True,True,True,2004,2004,21,2008,2005,20,2008,2005,20,2019,2009,16,2019,2010,15,2019,2011,14,2019,2010,15
33,usa_NC_0033_0127,usa_NC_0033_0127,backward,1996_2024,1.1648,0.1614,589,2010_2024,1.9145,0.4151,0.7497,False,False,False,False,False,True,False,2018,2004,21,2018,2005,20,2018,2005,20,2018,2008,17,2018,2008,17,2019,2010,15,2019,2009,16
33,usa_NC_0033_0128,usa_NC_0033_0128,backward,1996_2024,1.1999,0.1613,585,2010_2024,2.0751,0.4164,0.8752,False,False,False,False,False,True,False,2008,2004,21,2008,2005,20,2008,2005,20,2019,2008,17,2019,2008,17,2019,2010,15,2019,2008,17
33,usa_NC_0033_0129,usa_NC_0033_0129,backward,1996_2024,1.204,0.1602,590,2010_2024,2.1885,0.4137,0.9845,False,False,False,False,False,True,False,2008,2004,21,2008,2005,20,2008,2005,20,2008,2008,17,2008,2008,17,2019,2010,15,2019,2008,17
33,usa_NC_0033_0130,usa_NC_0033_0130,backward,1996_2024,1.2434,0.1634,577,2010_2024,2.3357,0.4255,1.0923,False,False,False,False,False,False,False,2007,2004,21,2007,2007,18,2007,2007,18,2008,2008,17,2008,2008,17,2019,2009,16,2019,2008,17
33,usa_NC_0033_0131,usa_NC_0033_0131,backward,1996_2024,1.3323,0.1681,572,2010_2024,2.6044,0.4335,1.2721,False,False,False,False,False,False,False,2007,2007,18,2007,2007,18,2007,2007,18,2008,2008,17,2008,2008,17,2018,2008,17,2019,2008,17
33,usa_NC_0033_0132,usa_NC_0033_0132,backward,1996_2024,1.405,0.1751,576,2010_2024,2.9215,0.4514,1.5165,False,False,False,False,False,False,False,2019,1998,27,2019,2006,19,2019,2006,19,2019,2007,18,2019,2007,18,2019,2008,17,2019,2007,18
33,usa_NC_0033_0133,usa_NC_0033_0133,backward,1996_2024,1.5614,0.1817,571,2010_2024,3.271,0.4881,1.7096,False,False,False,False,False,False,False,2002,1997,28,2003,2003,22,2006,2006,19,2019,2006,19,2006,2006,19,2019,2007,18,2019,2006,19
33,usa_NC_0033_0134,usa_NC_0033_0134,backward,1996_2024,1.6817,0.1892,563,2010_2024,3.5765,0.5186,1.8948,False,False,False,False,False,False,False,2019,1997,28,2019,2002,23,2019,2003,22,2019,2006,19,2019,2006,19,2019,2007,18,2019,2006,19
33,usa_NC_0033_0135,usa_NC_0033_0135,backward,1996_2024,1.78,0.1927,561,2010_2024,3.7703,0.5196,1.9903,False,False,False,False,False,False,False,1997,1997,28,2002,1997,28,2003,2003,22,2019,2005,20,2019,2005,20,2019,2007,18,2019,2005,20
34,usa_NC_0033_0136,usa_NC_0033_0136,backward,1996_2024,1.87,0.1931,557,2010_2024,3.7905,0.5276,1.9205,False,False,False,False,False,False,False,1997,1997,28,1997,1997,28,2019,2003,22,2019,2005,20,2019,2004,21,2019,2006,19,2019,2004,21
34,usa_NC_0033_0137,usa_NC_0033_0137,backward,1996_2024,1.9628,0.1914,557,2010_2024,3.9365,0.5024,1.9737,False,False,False,False,False,False,False,1996,1996,29,1997,1997,28,2002,2002,23,2004,2004,21,2003,2003,22,2019,2006,19,2019,2003,22
34,usa_NC_0033_0138,usa_NC_0033_0138,backward,1996_2024,2.0038,0.1873,554,2010_2024,3.8848,0.4803,1.881,False,False,False,False,False,False,False,1996,1996,29,1997,1997,28,2002,2002,23,2003,2003,22,2003,2003,22,2019,2006,19,2019,2002,23
34,usa_NC_0033_0139,usa_NC_0033_0139,backward,1996_2024,1.9871,0.1882,557,2010_2024,3.9367,0.4704,1.9496,False,False,False,False,False,False,False,1996,1996,29,1997,1997,28,2019,2002,23,2019,2003,22,2019,2002,23,2019,2005,20,2019,2002,23
34,usa_NC_0033_0140,usa_NC_0033_0140,backward,1996_2024,1.9282,0.1831,564,2010_2024,3.8087,0.4586,1.8805,False,False,False,False,False,False,False,1996,1996,29,2019,1997,28,2019,2002,23,2019,2003,22,2019,2002,23,2019,2005,20,2019,2002,23
34,usa_NC_0033_0141,usa_NC_0033_0141,backward,1996_2024,1.8709,0.1768,562,2010_2024,3.662,0.4275,1.7911,False,False,False,False,False,False,False,2019,1996,29,2019,1997,28,2019,2000,25,2019,2002,23,2019,2002,23,2019,2005,20,2019,2002,23
34,usa_NC_0033_0142,usa_NC_0033_0142,backward,1996_2024,1.8372,0.1791,569,2010_2024,3.7251,0.4181,1.8879,False,False,False,False,False,False,False,1996,1996,29,1997,1997,28,2018,2000,25,2018,2002,23,2018,2002,23,2019,2004,21,2019,2000,25
34,usa_NC_0033_0143,usa_NC_0033_0143,backward,1996_2024,1.6867,0.1793,577,2010_2024,3.7854,0.4109,2.0987,False,False,False,False,False,False,False,2019,1996,29,2019,1997,28,2019,1998,27,2019,2002,23,2019,2002,23,2019,2003,22,2019,1999,26
34,usa_NC_0033_0144,usa_NC_0033_0144,backward,1996_2024,1.5617,0.1817,583,2010_2024,3.7866,0.4126,2.2249,False,False,False,False,False,False,False,1996,1996,29,1997,1997,28,1999,1999,26,2019,2002,23,2019,2002,23,2019,2003,22,2019,2000,25
34,usa_NC_0033_0145,usa_NC_0033_0145,backward,1996_2024,1.4487,0.1829,588,2010_2024,3.7383,0.4074,2.2896,False,False,False,False,False,False,False,2019,1996,29,2019,1998,27,2019,1999,26,2019,2002,23,2019,2002,23,2019,2004,21,2019,2000,25
35,usa_NC_0033_0146,usa_NC_0033_0146,backward,1996_2024,1.2927,0.1858,589,2010_2024,3.6963,0.4074,2.4036,False,False,False,False,False,False,False,2019,1996,29,2019,1997,28,2019,1997,28,2019,2002,23,2019,2002,23,2019,2003,22,2019,2000,25
35,usa_NC_0033_0147,usa_NC_0033_0147,backward,1996_2024,1.1074,0.1859,585,2010_2024,3.5798,0.3924,2.4724,False,False,False,False,False,False,False,1996,1996,29,1997,1997,28,1997,1997,28,2019,2002,23,2019,2002,23,2019,2003,22,2019,2000,25
35,usa_NC_0033_0148,usa_NC_0033_0148,backward,1996_2024,0.9429,0.1883,581,2010_2024,3.637,0.4041,2.6941,False,False,False,False,False,False,False,1996,1996,29,1997,1997,28,1996,1996,29,2002,2002,23,2002,2002,23,2019,2003,22,2019,2000,25
35,usa_NC_0033_0149,usa_NC_0033_0149,backward,1996_2024,0.7861,0.1869,578,2010_2024,3.5153,0.4005,2.7292,False,False,False,False,False,False,False,1996,1996,29,1997,1997,28,1996,1996,29,2002,2002,23,2002,2002,23,2003,2003,22,2019,2000,25
35,usa_NC_0033_0150,usa_NC_0033_0150,backward,1996_2024,0.6144,0.1859,572,2010_2024,3.4526,0.4075,2.8382,False,False,False,False,False,False,False,1996,1996,29,1997,1997,28,1996,1996,29,2002,2002,23,2001,2001,24,2003,2003,22,2019,2000,25
35,usa_NC_0033_0151,usa_NC_0033_0151,backward,1996_2024,0.478,0.1911,574,2010_2024,3.5442,0.4025,3.0662,False,False,False,False,False,False,False,1997,1997,28,1997,1997,28,1996,1996,29,2002,2002,23,2001,2001,24,2003,2003,22,2000,2000,25
35,usa_NC_0033_0152,usa_NC_0033_0152,backward,1996_2024,0.3657,0.1943,577,2010_2024,3.5153,0.4084,3.1496,False,False,False,False,False,False,False,1997,1997,28,1998,1998,27,1996,1996,29,2001,2001,24,2001,2001,24,2003,2003,22,2020,2001,24
35,usa_NC_0033_0153,usa_NC_0033_0153,backward,1996_2024,0.289,0.194,574,2010_2024,3.4937,0.3987,3.2047,False,False,False,False,False,False,False,1997,1997,28,1998,1998,27,1996,1996,29,2001,2001,24,2001,2001,24,2003,2003,22,2020,2001,24
35,usa_NC_0033_0154,usa_NC_0033_0154,backward,1996_2024,0.2175,0.1926,562,2010_2024,3.261,0.3982,3.0435,False,False,False,False,False,False,False,1997,1997,28,1998,1998,27,1996,1996,29,2001,2001,24,2001,2001,24,2003,2003,22,2001,2001,24
35,usa_NC_0033_0155,usa_NC_0033_0155,backward,1996_2024,0.2341,0.1921,553,2010_2024,3.2027,0.3891,2.9686,False,False,False,False,False,False,False,1997,1997,28,1998,1998,27,1996,1996,29,2001,2001,24,2001,2001,24,2002,2002,23,2019,2001,24
35,usa_NC_0033_0156,usa_NC_0033_0156,backward,1996_2024,0.2705,0.1903,564,2010_2024,3.2091,0.3803,2.9386,False,False,False,False,False,False,False,1997,1997,28,1999,1999,26,1996,1996,29,2001,2001,24,2001,2001,24,2002,2002,23,2020,2001,24
36,usa_NC_0033_0157,usa_NC_0033_0157,backward,1996_2024,0.2344,0.191,566,2010_2024,3.1126,0.3832,2.8782,False,False,False,False,False,False,False,1997,1997,28,1999,1999,26,1996,1996,29,2001,2001,24,2001,2001,24,2002,2002,23,2019,2001,24
36,usa_NC_0033_0158,usa_NC_0033_0158,backward,1996_2024,0.2537,0.1965,568,2010_2024,3.1577,0.3856,2.904,False,False,False,False,False,False,False,1997,1997,28,1999,1999,26,1996,1996,29,2001,2001,24,2001,2001,24,2002,2002,23,2020,2001,24
36,usa_NC_0033_0159,usa_NC_0033_0159,backward,1996_2024,0.2246,0.2003,569,2010_2024,3.2216,0.3893,2.997,False,False,False,False,False,False,False,1997,1997,28,1998,1998,27,1996,1996,29,2001,2001,24,2001,2001,24,2002,2002,23,2020,2001,24
36,usa_NC_0033_0160,usa_NC_0033_0160,backward,1996_2024,0.1935,0.1961,567,2010_2024,3.0848,0.3889,2.8913,False,False,False,False,False,False,False,1997,1997,28,1998,1998,27,1996,1996,29,2001,2001,24,2001,2001,24,2002,2002,23,2020,2001,24
36,usa_NC_0033_0161,usa_NC_0033_0161,backward,1996_2024,0.1492,0.1905,580,2010_2024,2.7832,0.376,2.634,False,False,False,False,False,False,False,1997,1997,28,2000,2000,25,1996,1996,29,2001,2001,24,2001,2001,24,2002,2002,23,2020,2001,24
36,usa_NC_0033_0162,usa_NC_0033_0162,backward,1996_2024,0.0321,0.1841,578,2010_2024,2.5001,0.3516,2.468,False,False,False,False,False,False,False,2000,1997,28,2000,2000,25,1996,1996,29,2001,2001,24,2001,2001,24,2020,2002,23,2020,2000,25
36,usa_NC_0033_0163,usa_NC_0033_0163,backward,1996_2024,-0.0644,0.1815,584,2010_2024,2.2733,0.3644,2.3377,False,False,False,False,False,False,False,2000,1997,28,2000,2000,25,1996,1996,29,2001,2001,24,2001,2001,24,2020,2002,23,2020,2000,25
36,usa_NC_0033_0164,usa_NC_0033_0164,backward,1996_2024,-0.2127,0.1763,584,2010_2024,1.875,0.3582,2.0877,False,False,False,False,False,False,False,2000,1998,27,2020,2000,25,1996,1996,29,2020,2001,24,2020,2001,24,2020,2002,23,2020,2000,25
36,usa_NC_0033_0165,usa_NC_0033_0165,backward,1996_2024,-0.3392,0.1684,587,2010_2024,1.5036,0.336,1.8428,False,False,False,False,False,False,False,2000,2000,25,2000,2000,25,1996,1996,29,2000,2000,25,2000,2000,25,2020,2002,23,2020,2000,25
36,usa_NC_0033_0166,usa_NC_0033_0166,backward,1996_2024,-0.412,0.1664,597,2010_2024,1.3797,0.3381,1.7917,False,False,False,False,False,False,False,2000,2000,25,2000,2000,25,1996,1996,29,2000,2000,25,2000,2000,25,2002,2002,23,2020,2000,25
37,usa_NC_0033_0167,usa_NC_0033_0167,backward,1996_2024,-0.4873,0.1691,587,2010_2024,1.2402,0.3581,1.7275,False,False,False,False,False,False,False,2000,2000,25,2000,2000,25,1996,1996,29,2000,2000,25,2000,2000,25,2002,2002,23,2000,2000,25
37,usa_NC_0033_0168,usa_NC_0033_0168,backward,1996_2024,-0.4496,0.1677,584,2010_2024,1.0073,0.3641,1.4569,False,False,False,False,False,False,False,2000,2000,25,2000,2000,25,2000,1997,28,2000,2000,25,2000,2000,25,2002,2002,23,2000,2000,25
37,usa_NC_0033_0169,usa_NC_0033_0169,backward,1996_2024,-0.4219,0.1646,578,2010_2024,0.8573,0.3729,1.2792,False,False,False,False,False,False,False,2000,2000,25,2000,2000,25,2000,2000,25,2001,2001,24,2001,2001,24,2003,2003,22,2000,2000,25
37,usa_NC_0033_0170,usa_NC_0033_0170,backward,1996_2024,-0.3521,0.161,573,2010_2024,0.848,0.3707,1.2001,False,False,False,False,False,False,False,2000,2000,25,2000,2000,25,1999,1997,28,2001,2001,24,2001,2001,24,2003,2003,22,2000,2000,25
37,usa_NC_0033_0171,usa_NC_0033_0171,backward,1996_2024,-0.2034,0.1564,579,2010_2024,0.9402,0.3582,1.1436,False,False,False,False,False,False,False,2000,2000,25,2000,2000,25,1996,1996,29,2000,2000,25,2001,2001,24,2003,2003,22,2000,2000,25
37,usa_NC_0033_0172,usa_NC_0033_0172,backward,1996_2024,-0.0692,0.1549,571,2010_2024,1.0263,0.3556,1.0955,False,False,False,False,False,False,False,2000,2000,25,2000,2000,25,1996,1996,29,2000,2000,25,2001,2001,24,2003,2003,22,2000,2000,25
37,usa_NC_0033_0173,usa_NC_0033_0173,backward,1996_2024,0.0574,0.1604,571,2010_2024,1.1321,0.3771,1.0747,False,False,False,False,False,False,False,2000,2000,25,2000,2000,25,1996,1996,29,2000,2000,25,2000,2000,25,2004,2004,21,2000,2000,25
37,usa_NC_0033_0174,usa_NC_0033_0174,backward,1996_2024,0.1394,0.1645,567,2010_2024,1.2811,0.3998,1.1417,False,False,False,False,False,False,False,2000,2000,25,2000,2000,25,1996,1996,29,2000,2000,25,2000,2000,25,2003,2003,22,2000,2000,25
37,usa_NC_0033_0175,usa_NC_0033_0175,backward,1996_2024,0.1527,0.1661,558,2010_2024,1.1089,0.4134,0.9562,False,False,False,False,False,True,False,2000,2000,25,2000,2000,25,1996,1996,29,2000,2000,25,2000,2000,25,2010,2004,21,2000,2000,25
37,usa_NC_0033_0176,usa_NC_0033_0176,backward,1996_2024,0.169,0.1631,568,2010_2024,0.9524,0.4142,0.7834,False,False,False,False,False,True,False,2000,2000,25,2000,2000,25,1996,1996,29,2000,2000,25,2000,2000,25,2010,2010,15,2000,2000,25
37,usa_NC_0033_0177,usa_NC_0033_0177,backward,1996_2024,0.1383,0.1599,567,2010_2024,0.8289,0.4057,0.6906,False,False,False,False,False,True,False,2000,2000,25,2000,2000,25,1996,1996,29,2000,2000,25,2007,2001,24,2020,2011,14,2020,2000,25
38,usa_NC_0033_0178,usa_NC_0033_0178,backward,1996_2024,0.0926,0.1597,561,2010_2024,0.8335,0.4034,0.7409,False,False,False,False,False,True,False,2000,2000,25,2000,2000,25,1996,1996,29,2007,2001,24,2007,2001,24,2020,2010,15,2020,2000,25
38,usa_NC_0033_0179,usa_NC_0033_0179,backward,1996_2024,0.1183,0.1562,571,2010_2024,1.0304,0.3929,0.9121,False,False,False,False,False,True,False,2000,2000,25,2000,2000,25,1996,1996,29,2007,2001,24,2007,2001,24,2020,2010,15,2020,2000,25
38,usa_NC_0033_0180,usa_NC_0033_0180,backward,1996_2024,0.0874,0.1547,571,2010_2024,0.9481,0.3934,0.8607,False,False,False,False,False,True,False,2000,2000,25,2007,2000,25,1996,1996,29,2020,2007,18,2020,2007,18,2020,2010,15,2020,2000,25
38,usa_NC_0033_0181,usa_NC_0033_0181,backward,1996_2024,0.0763,0.1526,581,2010_2024,0.7859,0.3801,0.7096,False,False,False,False,False,True,False,2020,2000,25,2020,2000,25,2007,1996,29,2020,2008,17,2020,2008,17,2020,2010,15,2020,2008,17
38,usa_NC_0033_0182,usa_NC_0033_0182,backward,1996_2024,0.0576,0.1538,581,2010_2024,0.8441,0.3834,0.7865,False,False,False,False,False,True,False,2007,2000,25,2008,2008,17,1996,1996,29,2008,2008,17,2008,2008,17,2020,2010,15,2020,2008,17
38,usa_NC_0033_0183,usa_NC_0033_0183,backward,1996_2024,0.0557,0.1503,585,2010_2024,0.9716,0.3777,0.9159,False,False,False,False,False,True,False,2007,2000,25,2008,2008,17,2000,1996,29,2008,2008,17,2008,2008,17,2020,2010,15,2020,2008,17
38,usa_NC_0033_0184,usa_NC_0033_0184,backward,1996_2024,0.1541,0.1509,587,2010_2024,0.9704,0.3702,0.8163,False,False,False,False,False,True,False,2008,2000,25,2008,2005,20,2004,1998,27,2008,2008,17,2009,2009,16,2010,2010,15,2019,2009,16
38,usa_NC_0033_0185,usa_NC_0033_0185,backward,1996_2024,0.1872,0.1523,591,2010_2024,0.9339,0.3656,0.7467,False,False,False,False,False,True,False,2008,2004,21,2008,2005,20,2008,2000,25,2009,2009,16,2019,2009,16,2019,2010,15,2019,2005,20
38,usa_NC_0033_0186,usa_NC_0033_0186,backward,1996_2024,0.2172,0.1513,587,2010_2024,1.024,0.3628,0.8068,False,False,False,False,False,True,False,2008,2000,25,2008,2005,20,2003,2000,25,2019,2008,17,2019,2009,16,2019,2010,15,2019,2009,16
38,usa_NC_0033_0187,usa_NC_0033_0187,backward,1996_2024,0.2415,0.1551,581,2010_2024,1.2748,0.3699,1.0333,False,False,False,False,False,False,False,2019,2000,25,2019,2007,18,2004,2000,25,2019,2008,17,2019,2008,17,2019,2009,16,2019,2008,17
39,usa_NC_0033_0188,usa_NC_0033_0188,backward,1996_2024,0.2534,0.1522,584,2010_2024,1.4218,0.3614,1.1684,False,False,False,False,False,False,False,2005,2000,25,2019,2007,18,2004,1999,26,2019,2008,17,2019,2008,17,2019,2009,16,2019,2008,17
39,usa_NC_0033_0189,usa_NC_0033_0189,backward,1996_2024,0.2266,0.1538,583,2010_2024,1.4598,0.3686,1.2332,False,False,False,False,False,False,False,2006,2000,25,2007,2007,18,1999,1999,26,2008,2008,17,2008,2008,17,2019,2009,16,2019,2008,17
39,usa_NC_0033_0190,usa_NC_0033_0190,backward,1996_2024,0.2459,0.1526,575,2010_2024,1.4692,0.3693,1.2233,False,False,False,False,False,False,False,2006,2000,25,2006,2006,19,2006,1999,26,2019,2008,17,2019,2008,17,2019,2009,16,2019,2008,17
39,usa_NC_0033_0191,usa_NC_0033_0191,backward,1996_2024,0.2187,0.1481,581,2010_2024,1.3927,0.3538,1.174,False,False,False,False,False,False,False,2006,2000,25,2006,2006,19,2006,1999,26,2007,2007,18,2008,2008,17,2019,2009,16,2019,2007,18
39,usa_NC_0033_0192,usa_NC_0033_0192,backward,1996_2024,0.2175,0.1436,585,2010_2024,1.4749,0.3529,1.2574,False,False,False,False,False,False,False,2006,2000,25,2006,2006,19,1999,1999,26,2006,2006,19,2007,2007,18,2016,2008,17,2019,2007,18
39,usa_NC_0033_0193,usa_NC_0033_0193,backward,1996_2024,0.2078,0.1451,572,2010_2024,1.5615,0.3658,1.3537,False,False,False,False,False,False,False,2006,2000,25,2006,2006,19,1998,1998,27,2006,2006,19,2006,2006,19,2016,2008,17,2019,2006,19
39,usa_NC_0033_0194,usa_NC_0033_0194,backward,1996_2024,0.1388,0.1441,569,2010_2024,1.423,0.3598,1.2842,False,False,False,False,False,False,False,2006,2000,25,2006,2003,22,1998,1998,27,2006,2006,19,2006,2006,19,2008,2008,17,2006,2006,19
39,usa_NC_0033_0195,usa_NC_0033_0195,backward,1996_2024,0.1576,0.1406,565,2010_2024,1.3267,0.3613,1.1691,False,False,False,False,False,False,False,2002,2000,25,2006,2006,19,1998,1998,27,2006,2006,19,2006,2006,19,2009,2009,16,2019,2006,19
39,usa_NC_0033_0196,usa_NC_0033_0196,backward,1996_2024,0.1893,0.1399,568,2010_2024,1.2911,0.3537,1.1018,False,False,False,False,False,False,False,2006,2003,22,2006,2006,19,2002,1999,26,2006,2006,19,2007,2007,18,2009,2009,16,2019,2006,19
39,usa_NC_0033_0197,usa_NC_0033_0197,backward,1996_2024,0.1925,0.1379,575,2010_2024,1.1862,0.3582,0.9937,False,False,False,False,False,True,False,2006,2002,23,2006,2006,19,1999,1999,26,2007,2007,18,2007,2007,18,2015,2010,15,2020,2007,18
40,usa_NC_0033_0198,usa_NC_0033_0198,backward,1996_2024,0.237,0.1316,576,2010_2024,1.2143,0.3426,0.9773,False,False,False,False,False,True,False,2020,2002,23,2020,2003,22,2020,1998,27,2020,2007,18,2020,2007,18,2020,2010,15,2020,2007,18
40,usa_NC_0033_0199,usa_NC_0033_0199,backward,1996_2024,0.2651,0.1335,573,2010_2024,1.2383,0.3476,0.9732,False,False,False,False,False,True,False,2006,2002,23,2006,2003,22,2001,1998,27,2007,2007,18,2007,2007,18,2015,2010,15,2020,2007,18
40,usa_NC_0033_0200,usa_NC_0033_0200,backward,1996_2024,0.3059,0.1303,581,2010_2024,1.0298,0.3443,0.7239,False,False,False,False,False,True,False,2007,2002,23,2007,2007,18,2001,1998,27,2008,2008,17,2008,2008,17,2015,2011,14,2008,2008,17
40,usa_NC_0033_0201,usa_NC_0033_0201,backward,1996_2024,0.2978,0.1276,579,2010_2024,0.805,0.3365,0.5072,False,False,False,False,False,True,False,2007,2002,23,2008,2008,17,2005,1998,27,2009,2009,16,2009,2009,16,2015,2012,13,2009,2009,16
40,usa_NC_0033_0202,usa_NC_0033_0202,backward,1996_2024,0.2623,0.1332,591,2010_2024,0.7331,0.3489,0.4708,False,False,False,False,True,True,True,2008,2002,23,2008,2008,17,2005,1998,27,2009,2009,16,2010,2010,15,2017,2017,8,2010,2010,15
40,usa_NC_0033_0203,usa_NC_0033_0203,backward,1996_2024,0.2699,0.1359,591,2010_2024,0.6341,0.3578,0.3642,False,False,False,True,True,True,True,2008,2005,20,2009,2005,20,2008,1998,27,2010,2010,15,2010,2010,15,2017,2017,8,2017,2010,15
40,usa_NC_0033_0204,usa_NC_0033_0204,backward,1996_2024,0.3136,0.1422,595,2010_2024,0.6653,0.3587,0.3517,False,False,False,True,True,True,True,2008,2001,24,2009,2005,20,1998,1998,27,2010,2010,15,2010,2010,15,2017,2017,8,2017,2010,15
40,usa_NC_0033_0205,usa_NC_0033_0205,backward,1996_2024,0.3996,0.1393,590,2010_2024,0.6566,0.3577,0.257,False,False,False,True,True,True,True,2017,2001,24,2017,2005,20,1998,1998,27,2017,2010,15,2017,2010,15,2017,2017,8,2017,2010,15
40,usa_NC_0033_0206,usa_NC_0033_0206,backward,1996_2024,0.466,0.1436,591,2010_2024,0.6405,0.3736,0.1745,False,True,False,True,True,True,True,2009,2001,24,2017,2005,20,2009,1998,27,2017,2010,15,2017,2010,15,2017,2017,8,2017,2010,15
40,usa_NC_0033_0207,usa_NC_0033_0207,backward,1996_2024,0.524,0.145,589,2010_2024,0.7341,0.375,0.2101,False,True,False,True,True,True,True,2009,2004,21,2017,2005,20,2009,1998,27,2017,2010,15,2017,2010,15,2017,2017,8,2018,2005,20
41,usa_NC_0033_0209,usa_NC_0033_0209,backward,1996_2024,0.6616,0.1548,579,2010_2024,0.9093,0.4099,0.2477,False,True,False,True,True,True,True,2009,1999,26,2010,2004,21,2009,1998,27,2010,2010,15,2010,2010,15,2012,2012,13,2020,2010,15
41,usa_NC_0033_0210,usa_NC_0033_0210,backward,1996_2024,0.6951,0.1556,572,2010_2024,0.9113,0.4091,0.2162,False,True,False,True,True,True,True,2009,1998,27,2010,2004,21,2009,1998,27,2020,2010,15,2020,2010,15,2020,2012,13,2020,2005,20
41,usa_NC_0033_0211,usa_NC_0033_0211,backward,1996_2024,0.7359,0.1577,577,2010_2024,0.8973,0.3941,0.1614,False,True,False,True,True,True,True,2009,2003,22,2010,2004,21,2009,2003,22,2010,2005,20,2010,2005,20,2013,2013,12,2020,2004,21
41,usa_NC_0033_0212,usa_NC_0033_0212,backward,1996_2024,0.7517,0.1552,568,2010_2024,1.1066,0.3901,0.3549,False,False,False,True,True,True,True,2008,2003,22,2008,2004,21,2008,2003,22,2010,2010,15,2010,2010,15,2012,2012,13,2020,2010,15
41,usa_NC_0033_0213,usa_NC_0033_0213,backward,1996_2024,0.7071,0.152,571,2010_2024,1.1543,0.3785,0.4472,False,False,False,True,True,True,True,2008,2003,22,2008,2004,21,2008,1999,26,2010,2010,15,2010,2010,15,2012,2012,13,2019,2004,21
41,usa_NC_0033_0214,usa_NC_0033_0214,backward,1996_2024,0.6296,0.1464,571,2010_2024,0.9533,0.3529,0.3237,False,False,False,True,True,True,True,2008,2001,24,2008,2004,21,2008,2001,24,2010,2004,21,2010,2010,15,2015,2015,10,2020,2004,21
41,usa_NC_0033_0215,usa_NC_0033_0215,backward,1996_2024,0.5533,0.1416,564,2010_2024,0.7377,0.3444,0.1844,False,True,False,True,True,True,True,2009,2000,25,2020,2003,22,2009,2000,25,2020,2004,21,2020,2004,21,2020,2015,10,2020,2004,21
41,usa_NC_0033_0216,usa_NC_0033_0216,backward,1996_2024,0.5092,0.1377,564,2010_2024,0.5055,0.3435,-0.0037,True,True,True,True,True,True,True,2020,2000,25,2020,2002,23,2020,2000,25,2020,2004,21,2020,2004,21,2020,2015,10,2020,2003,22
41,usa_NC_0033_0217,usa_NC_0033_0217,backward,1996_2024,0.4265,0.1315,575,2010_2024,0.2604,0.3347,-0.1661,False,True,False,True,True,True,True,2012,2000,25,2012,2002,23,2000,2000,25,2020,2004,21,2020,2004,21,2020,2015,10,2020,2003,22
41,usa_NC_0033_0218,usa_NC_0033_0218,backward,1996_2024,0.4401,0.1339,563,2010_2024,0.3008,0.3561,-0.1393,False,True,False,True,True,True,True,2011,2001,24,2020,2003,22,2000,2000,25,2020,2004,21,2020,2006,19,2020,2015,10,2020,2004,21
42,usa_NC_0033_0219,usa_NC_0033_0219,backward,1996_2024,0.4328,0.1372,563,2010_2024,0.3149,0.368,-0.1179,True,True,False,True,True,True,True,2011,2002,23,2020,2003,22,2011,2002,23,2020,2005,20,2020,2012,13,2020,2015,10,2020,2005,20
42,usa_NC_0033_0220,usa_NC_0033_0220,backward,1996_2024,0.4194,0.1412,569,2010_2024,0.1476,0.3729,-0.2718,False,False,False,True,True,True,True,2020,2002,23,2020,2003,22,2020,2002,23,2020,2004,21,2020,2006,19,2020,2014,11,2020,2004,21
42,usa_NC_0033_0221,usa_NC_0033_0221,backward,1996_2024,0.4216,0.1408,577,2010_2024,0.0853,0.3742,-0.3363,False,False,False,True,True,True,True,2012,2002,23,2012,2003,22,2002,2002,23,2012,2004,21,2013,2006,19,2020,2014,11,2020,2004,21
42,usa_NC_0033_0222,usa_NC_0033_0222,backward,1996_2024,0.4299,0.1383,579,2010_2024,0.1607,0.3704,-0.2692,False,False,False,True,True,True,True,2012,2003,22,2012,2004,21,2011,2002,23,2012,2004,21,2013,2006,19,2014,2014,11,2020,2004,21
42,usa_NC_0033_0223,usa_NC_0033_0223,backward,1996_2024,0.4168,0.1398,589,2010_2024,0.0815,0.3714,-0.3353,False,False,False,True,True,True,True,2012,2003,22,2012,2004,21,2012,2002,23,2013,2004,21,2013,2005,20,2020,2014,11,2020,2004,21
42,usa_NC_0033_0224,usa_NC_0033_0224,backward,1996_2024,0.4234,0.1413,582,2010_2024,0.0546,0.3756,-0.3688,False,False,False,True,True,True,True,2012,2003,22,2012,2004,21,2012,2002,23,2013,2004,21,2013,2006,19,2020,2014,11,2020,2004,21
42,usa_NC_0033_0225,usa_NC_0033_0225,backward,1996_2024,0.425,0.1372,586,2010_2024,0.0301,0.3692,-0.3949,False,False,False,True,True,True,True,2013,2003,22,2013,2004,21,2002,2002,23,2013,2005,20,2013,2006,19,2020,2014,11,2020,2004,21
42,usa_NC_0033_0226,usa_NC_0033_0226,backward,1996_2024,0.3469,0.1345,591,2010_2024,0.016,0.3559,-0.3309,False,False,False,True,True,True,True,2003,2003,22,2013,2004,21,2001,2001,24,2013,2005,20,2013,2006,19,2014,2014,11,2020,2005,20
42,usa_NC_0033_0227,usa_NC_0033_0227,backward,1996_2024,0.3122,0.1321,583,2010_2024,0.1626,0.3456,-0.1496,False,True,False,True,True,True,True,2012,2004,21,2012,2004,21,2012,1998,27,2013,2006,19,2013,2013,12,2014,2014,11,2013,2006,19
42,usa_NC_0033_0228,usa_NC_0033_0228,backward,1996_2024,0.2981,0.1345,587,2010_2024,0.2775,0.3538,-0.0206,True,True,True,True,True,True,True,2012,2004,21,2012,2004,21,2011,1998,27,2012,2012,13,2013,2013,12,2013,2013,12,2013,2013,12
43,usa_NC_0033_0229,usa_NC_0033_0229,backward,1996_2024,0.3372,0.1312,582,2010_2024,0.4284,0.3512,0.0912,True,True,False,True,True,True,True,2011,2004,21,2012,2006,19,2009,1998,27,2012,2012,13,2012,2012,13,2013,2013,12,2013,2013,12
43,usa_NC_0033_0230,usa_NC_0033_0230,backward,1996_2024,0.3411,0.1299,567,2010_2024,0.5093,0.3476,0.1682,False,True,False,True,True,True,True,2012,2006,19,2012,2012,13,2004,1998,27,2012,2012,13,2013,2013,12,2014,2014,11,2013,2013,12
43,usa_NC_0033_0231,usa_NC_0033_0231,backward,1996_2024,0.2545,0.1267,570,2010_2024,0.5623,0.3316,0.3078,False,False,False,True,True,True,True,2008,1999,26,2012,2008,17,2007,1996,29,2012,2012,13,2013,2013,12,2014,2014,11,2013,2013,12
43,usa_NC_0033_0232,usa_NC_0033_0232,backward,1996_2024,0.176,0.1223,573,2010_2024,0.4773,0.3198,0.3013,False,False,False,True,True,True,True,2012,1998,27,2012,2008,17,2007,1996,29,2013,2013,12,2013,2013,12,2014,2014,11,2013,2013,12
43,usa_NC_0033_0233,usa_NC_0033_0233,backward,1996_2024,0.1367,0.1227,566,2010_2024,0.415,0.3223,0.2783,False,False,False,True,True,True,True,2012,1998,27,2013,2008,17,2012,1996,29,2013,2013,12,2013,2013,12,2014,2014,11,2020,2013,12
43,usa_NC_0033_0234,usa_NC_0033_0234,backward,1996_2024,0.102,0.1279,556,2010_2024,0.2229,0.3566,0.1209,True,True,False,True,True,True,True,2013,1998,27,2013,2013,12,2013,1996,29,2013,2013,12,2013,2013,12,2020,2014,11,2020,2014,11
43,usa_NC_0033_0235,usa_NC_0033_0235,backward,1996_2024,0.1622,0.1259,561,2010_2024,0.2731,0.3434,0.1109,True,True,False,True,True,True,True,2013,1998,27,2013,2000,25,2013,1996,29,2013,2013,12,2014,2014,11,2020,2014,11,2020,2014,11
43,usa_NC_0033_0236,usa_NC_0033_0236,backward,1996_2024,0.1551,0.1263,554,2010_2024,0.1226,0.3321,-0.0325,True,True,False,True,True,True,True,2010,1998,27,2020,1999,26,2009,1996,29,2020,2011,14,2020,2014,11,2020,2015,10,2020,2000,25
43,usa_NC_0033_0237,usa_NC_0033_0237,backward,1996_2024,0.1548,0.1277,565,2010_2024,0.035,0.3259,-0.1198,True,True,False,True,True,True,True,2020,1998,27,2020,1999,26,1996,1996,29,2020,2001,24,2020,2014,11,2020,2015,10,2020,1999,26
43,usa_NC_0033_0238,usa_NC_0033_0238,backward,1996_2024,0.0808,0.1289,574,2010_2024,-0.0246,0.3273,-0.1054,True,True,False,True,True,True,True,2013,1998,27,2013,1999,26,1996,1996,29,2018,2014,11,2018,2014,11,2020,2015,10,2020,1999,26
44,usa_NC_0033_0239,usa_NC_0033_0239,backward,1996_2024,0.0576,0.1279,562,2010_2024,-0.0269,0.3307,-0.0845,True,True,False,True,True,True,True,2018,1997,28,2018,1999,26,1996,1996,29,2018,2014,11,2018,2014,11,2018,2018,7,2020,1999,26
44,usa_NC_0033_0240,usa_NC_0033_0240,backward,1996_2024,-0.0065,0.1295,564,2010_2024,-0.2328,0.3341,-0.2263,False,True,False,True,True,True,True,2013,1997,28,2014,1999,26,1996,1996,29,2018,2005,20,2018,2015,10,2020,2018,7,2020,1999,26
44,usa_NC_0033_0241,usa_NC_0033_0241,backward,1996_2024,-0.0441,0.1287,579,2010_2024,-0.1999,0.3324,-0.1558,False,True,False,True,True,True,True,2013,1997,28,2018,1999,26,1996,1996,29,2018,2005,20,2018,2015,10,2018,2018,7,2020,1999,26
44,usa_NC_0033_0242,usa_NC_0033_0242,backward,1996_2024,-0.0379,0.1286,576,2010_2024,-0.1108,0.3344,-0.0729,True,True,False,True,True,True,True,2013,1997,28,2013,1999,26,1996,1996,29,2015,2001,24,2016,2016,9,2020,2018,7,2020,1999,26
44,usa_NC_0033_0243,usa_NC_0033_0243,backward,1996_2024,0.0675,0.1256,574,2010_2024,0.073,0.3198,0.0055,True,True,True,True,True,True,True,2020,1997,28,2020,1999,26,2010,1996,29,2020,2005,20,2020,2017,8,2020,2017,8,2020,2000,25
44,usa_NC_0033_0244,usa_NC_0033_0244,backward,1996_2024,0.1574,0.1224,581,2010_2024,0.1431,0.299,-0.0143,True,True,True,True,True,True,True,2016,1997,28,2017,2000,25,2016,1996,29,2020,2001,24,2020,2017,8,2020,2017,8,2020,2000,25
44,usa_NC_0033_0245,usa_NC_0033_0245,backward,1996_2024,0.2036,0.127,582,2010_2024,0.2115,0.308,0.0079,True,True,True,True,True,True,True,2013,1998,27,2020,1999,26,2013,1996,29,2020,2000,25,2020,2005,20,2020,2017,8,2020,2000,25
44,usa_NC_0033_0246,usa_NC_0033_0246,backward,1996_2024,0.1457,0.1306,582,2010_2024,0.2129,0.3136,0.0672,True,True,False,True,True,True,True,2010,1998,27,2016,1999,26,1996,1996,29,2020,2000,25,2020,2005,20,2020,2017,8,2020,1999,26
44,usa_NC_0033_0247,usa_NC_0033_0247,backward,1996_2024,0.0682,0.1302,580,2010_2024,0.3147,0.3045,0.2465,False,True,False,True,True,True,True,2016,1998,27,2019,1999,26,1996,1996,29,2019,2000,25,2019,2017,8,2020,2017,8,2020,1999,26
44,usa_NC_0033_0248,usa_NC_0033_0248,backward,1996_2024,-0.0018,0.1331,579,2010_2024,0.3131,0.3002,0.3149,False,False,False,True,True,True,True,2017,1998,27,2017,1999,26,1996,1996,29,2019,2000,25,2019,2017,8,2019,2019,6,2020,1999,26
45,usa_NC_0033_0249,usa_NC_0033_0249,backward,1996_2024,-0.0459,0.1329,568,2010_2024,0.2658,0.298,0.3117,False,False,False,True,True,True,True,2019,1998,27,2019,1999,26,2013,1996,29,2020,2000,25,2020,2017,8,2020,2020,5,2020,1999,26
45,usa_NC_0033_0250,usa_NC_0033_0250,backward,1996_2024,-0.186,0.1281,569,2010_2024,0.1971,0.2749,0.3831,False,False,False,True,True,True,True,2020,1998,27,2020,1999,26,2018,1996,29,2020,2000,25,2020,2001,24,2020,2020,5,2020,1999,26
45,usa_NC_0033_0251,usa_NC_0033_0251,backward,1996_2024,-0.2523,0.1261,566,2010_2024,0.1709,0.2765,0.4232,False,False,False,False,True,True,False,2019,1998,27,2019,2000,25,2008,1996,29,2019,2001,24,2019,2019,6,2020,2020,5,2020,2000,25
45,usa_NC_0033_0252,usa_NC_0033_0252,backward,1996_2024,-0.333,0.1298,564,2010_2024,0.2897,0.3194,0.6227,False,False,False,False,False,True,False,2007,1999,26,2019,2000,25,2007,1996,29,2019,2008,17,2019,2009,16,2019,2019,6,2019,2001,24
45,usa_NC_0033_0253,usa_NC_0033_0253,backward,1996_2024,-0.4529,0.1356,567,2010_2024,0.1677,0.3489,0.6206,False,False,False,False,False,True,False,2007,1999,26,2008,2001,24,2007,1997,28,2019,2008,17,2019,2009,16,2019,2015,10,2019,2001,24
45,usa_NC_0033_0254,usa_NC_0033_0254,backward,1996_2024,-0.5641,0.1377,560,2010_2024,-0.0058,0.3643,0.5583,False,False,False,False,False,True,False,2008,1998,27,2008,2001,24,2007,1998,27,2011,2009,16,2011,2009,16,2019,2014,11,2019,2001,24
45,usa_NC_0033_0255,usa_NC_0033_0255,backward,1996_2024,-0.676,0.1372,563,2010_2024,-0.2729,0.3641,0.4031,False,False,False,True,True,True,True,2008,1999,26,2009,2001,24,2008,1999,26,2011,2011,14,2011,2011,14,2018,2015,10,2019,2001,24
45,usa_NC_0033_0256,usa_NC_0033_0256,backward,1996_2024,-0.7623,0.1334,574,2010_2024,-0.5342,0.3564,0.2281,False,True,False,True,True,True,True,2009,1999,26,2011,2001,24,2009,1999,26,2011,2011,14,2012,2012,13,2019,2014,11,2019,2014,11
45,usa_NC_0033_0257,usa_NC_0033_0257,backward,1996_2024,-0.8588,0.1321,568,2010_2024,-0.6491,0.3609,0.2097,False,True,False,True,True,True,True,2009,1999,26,2011,2001,24,2009,2000,25,2011,2011,14,2011,2011,14,2019,2014,11,2019,2012,13
45,usa_NC_0033_0258,usa_NC_0033_0258,backward,1996_2024,-0.9065,0.1305,572,2010_2024,-0.721,0.3629,0.1855,False,True,False,True,True,True,True,2009,2000,25,2010,2010,15,2009,2001,24,2019,2011,14,2019,2011,14,2019,2014,11,2019,2011,14
46,usa_NC_0033_0259,usa_NC_0033_0259,backward,1996_2024,-0.9541,0.1256,572,2010_2024,-0.8768,0.3604,0.0773,True,True,True,True,True,True,True,2010,2001,24,2010,2010,15,2010,2010,15,2019,2011,14,2019,2011,14,2019,2014,11,2019,2012,13
46,usa_NC_0033_0260,usa_NC_0033_0260,backward,1996_2024,-1.0067,0.1272,575,2010_2024,-1.245,0.3545,-0.2383,False,True,False,True,True,True,True,2011,2001,24,2012,2006,19,2011,2006,19,2012,2012,13,2013,2013,12,2019,2014,11,2019,2014,11
46,usa_NC_0034_0001,usa_NC_0034_0001,backward,1996_2024,-1.1023,0.1358,609,2010_2024,-1.4471,0.3516,-0.3448,False,False,False,True,True,True,True,2014,1998,27,2014,2008,17,2014,2008,17,2014,2014,11,2014,2014,11,2019,2015,10,2020,2015,10
46,usa_NC_0034_0002,usa_NC_0034_0002,backward,1996_2024,-1.1357,0.137,609,2010_2024,-1.4448,0.3588,-0.3091,False,False,False,True,True,True,True,2014,2007,18,2014,2008,17,2014,2008,17,2014,2014,11,2014,2014,11,2020,2015,10,2020,2015,10
46,usa_NC_0034_0003,usa_NC_0034_0003,backward,1996_2024,-1.1375,0.1335,589,2010_2024,-1.2795,0.343,-0.142,False,True,True,True,True,True,True,2013,2004,21,2013,2013,12,2013,2013,12,2014,2014,11,2020,2014,11,2020,2015,10,2020,2015,10
46,usa_NC_0034_0004,usa_NC_0034_0004,backward,1996_2024,-1.1129,0.1294,591,2010_2024,-1.0187,0.3254,0.0942,True,True,True,True,True,True,True,2010,2002,23,2012,2004,21,2010,2003,22,2013,2013,12,2013,2013,12,2020,2014,11,2020,2014,11
46,usa_NC_0034_0005,usa_NC_0034_0005,backward,1996_2024,-1.083,0.1308,595,2010_2024,-0.8005,0.3224,0.2825,False,False,False,True,True,True,True,2002,2002,23,2009,2003,22,2009,2003,22,2012,2010,15,2013,2010,15,2020,2014,11,2020,2010,15
46,usa_NC_0034_0006,usa_NC_0034_0006,backward,1996_2024,-1.0885,0.135,578,2010_2024,-0.61,0.333,0.4785,False,False,False,False,True,True,False,2000,2000,25,2008,2003,22,2008,2002,23,2009,2009,16,2012,2010,15,2013,2013,12,2020,2009,16
46,usa_NC_0034_0007,usa_NC_0034_0007,backward,1996_2024,-1.1357,0.1357,582,2010_2024,-0.6143,0.3373,0.5214,False,False,False,False,False,True,False,2000,2000,25,2008,2003,22,2006,2002,23,2009,2009,16,2009,2009,16,2013,2013,12,2012,2009,16
46,usa_NC_0034_0008,usa_NC_0034_0008,backward,1996_2024,-1.1792,0.1313,578,2010_2024,-0.6073,0.3221,0.5719,False,False,False,False,False,True,False,2000,2000,25,2006,2004,21,2004,2004,21,2008,2008,17,2009,2009,16,2013,2013,12,2009,2009,16
47,usa_NC_0034_0009,usa_NC_0034_0009,backward,1996_2024,-1.1094,0.1268,562,2010_2024,-0.3391,0.3037,0.7703,False,False,False,False,False,True,False,2000,2000,25,2004,2004,21,2004,2004,21,2007,2007,18,2008,2008,17,2013,2013,12,2007,2007,18
47,usa_NC_0034_0010,usa_NC_0034_0010,backward,1996_2024,-1.1208,0.127,574,2010_2024,-0.2197,0.2933,0.9011,False,False,False,False,False,True,False,2000,2000,25,2004,2004,21,2004,2004,21,2006,2006,19,2008,2008,17,2013,2013,12,2020,2006,19
47,usa_NC_0034_0011,usa_NC_0034_0011,backward,1996_2024,-1.122,0.125,575,2010_2024,-0.0942,0.2862,1.0278,False,False,False,False,False,False,False,2000,2000,25,2004,2004,21,2003,2003,22,2005,2005,20,2007,2007,18,2020,2009,16,2020,2004,21
47,usa_NC_0034_0012,usa_NC_0034_0012,backward,1996_2024,-1.1313,0.1297,577,2010_2024,-0.1041,0.3135,1.0272,False,False,False,False,False,False,False,2000,2000,25,2004,2004,21,2004,2004,21,2006,2006,19,2007,2007,18,2019,2009,16,2019,2004,21
47,usa_NC_0034_0013,usa_NC_0034_0013,backward,1996_2024,-1.1151,0.1288,580,2010_2024,-0.1619,0.3103,0.9532,False,False,False,False,False,True,False,2019,2000,25,2019,2004,21,2019,2004,21,2019,2006,19,2019,2007,18,2019,2010,15,2019,2006,19
47,usa_NC_0034_0014,usa_NC_0034_0014,backward,1996_2024,-1.0694,0.1305,580,2010_2024,-0.0833,0.3126,0.9861,False,False,False,False,False,True,False,2000,2000,25,2003,2003,22,2002,2000,25,2018,2005,20,2018,2006,19,2019,2010,15,2019,2004,21
47,usa_NC_0034_0015,usa_NC_0034_0015,backward,1996_2024,-1.0084,0.1319,587,2010_2024,-0.0361,0.318,0.9723,False,False,False,False,False,True,False,2000,2000,25,2003,2003,22,2000,2000,25,2006,2006,19,2019,2007,18,2019,2010,15,2019,2006,19
47,usa_NC_0034_0016,usa_NC_0034_0016,backward,1996_2024,-0.9548,0.1319,593,2010_2024,0.0683,0.3229,1.0231,False,False,False,False,False,False,False,2000,2000,25,2003,2003,22,2002,2000,25,2019,2006,19,2019,2007,18,2019,2009,16,2020,2004,21
47,usa_NC_0034_0017,usa_NC_0034_0017,backward,1996_2024,-0.8898,0.1326,595,2010_2024,0.2414,0.3297,1.1312,False,False,False,False,False,False,False,2000,2000,25,2003,2003,22,2002,2000,25,2004,2004,21,2007,2007,18,2019,2009,16,2020,2004,21
47,usa_NC_0034_0018,usa_NC_0034_0018,backward,1996_2024,-0.7609,0.1332,597,2010_2024,0.3626,0.3325,1.1235,False,False,False,False,False,False,False,2000,2000,25,2003,2003,22,2000,2000,25,2004,2004,21,2007,2007,18,2020,2009,16,2020,2004,21
48,usa_NC_0034_0019,usa_NC_0034_0019,backward,1996_2024,-0.669,0.1314,591,2010_2024,0.3305,0.3298,0.9995,False,False,False,False,False,True,False,2000,2000,25,2003,2003,22,2000,2000,25,2004,2004,21,2020,2007,18,2020,2010,15,2020,2004,21
48,usa_NC_0034_0020,usa_NC_0034_0020,backward,1996_2024,-0.5759,0.1326,606,2010_2024,0.2666,0.3304,0.8425,False,False,False,False,False,True,False,2002,2002,23,2004,2004,21,2002,2000,25,2014,2007,18,2017,2008,17,2020,2017,8,2020,2004,21
48,usa_NC_0034_0021,usa_NC_0034_0021,backward,1996_2024,-0.5834,0.13,613,2010_2024,0.1135,0.331,0.6969,False,False,False,False,False,True,False,2017,2003,22,2017,2004,21,2017,2003,22,2017,2008,17,2017,2008,17,2020,2017,8,2020,2008,17
48,usa_NC_0034_0022,usa_NC_0034_0022,backward,1996_2024,-0.4894,0.1285,602,2010_2024,0.008,0.3263,0.4974,False,False,False,False,True,True,False,2008,2004,21,2013,2008,17,2004,2004,21,2019,2009,16,2020,2013,12,2020,2017,8,2020,2009,16
48,usa_NC_0034_0023,usa_NC_0034_0023,backward,1996_2024,-0.4423,0.1291,600,2010_2024,-0.1313,0.3185,0.311,False,False,False,True,True,True,True,2019,2008,17,2019,2009,16,2019,2001,24,2019,2013,12,2019,2013,12,2020,2020,5,2020,2013,12
48,usa_NC_0034_0024,usa_NC_0034_0024,backward,1996_2024,-0.3689,0.1296,595,2010_2024,-0.064,0.3084,0.3049,False,False,False,True,True,True,True,2008,2001,24,2013,2009,16,2006,2000,25,2019,2013,12,2019,2019,6,2019,2019,6,2020,2020,5
48,usa_NC_0034_0025,usa_NC_0034_0025,backward,1996_2024,-0.299,0.1289,584,2010_2024,0.0426,0.2938,0.3416,False,False,False,True,True,True,True,2016,2000,25,2017,2009,16,2016,1999,26,2017,2017,8,2017,2017,8,2019,2019,6,2019,2019,6
48,usa_NC_0034_0026,usa_NC_0034_0026,backward,1996_2024,-0.2425,0.132,590,2010_2024,0.1384,0.293,0.3809,False,False,False,True,True,True,True,2012,2000,25,2013,2002,23,1996,1996,29,2014,2010,15,2014,2014,11,2017,2017,8,2016,2016,9
48,usa_NC_0034_0027,usa_NC_0034_0027,backward,1996_2024,-0.1889,0.1336,589,2010_2024,0.132,0.3059,0.3209,False,False,False,True,True,True,True,2009,2000,25,2009,2001,24,1996,1996,29,2012,2012,13,2013,2013,12,2016,2016,9,2014,2014,11
48,usa_NC_0034_0028,usa_NC_0034_0028,backward,1996_2024,-0.1492,0.1334,578,2010_2024,0.0673,0.3035,0.2165,False,True,False,True,True,True,True,2009,1999,26,2010,2001,24,1996,1996,29,2012,2006,19,2013,2013,12,2016,2016,9,2013,2002,23
49,usa_NC_0034_0029,usa_NC_0034_0029,backward,1996_2024,-0.1565,0.1329,576,2010_2024,-0.1224,0.3018,0.0341,True,True,False,True,True,True,True,2012,1999,26,2013,2001,24,2012,1996,29,2013,2002,23,2014,2006,19,2020,2016,9,2020,2002,23
49,usa_NC_0034_0030,usa_NC_0034_0030,backward,1996_2024,-0.2064,0.1338,586,2010_2024,-0.2357,0.3008,-0.0293,True,True,True,True,True,True,True,2020,1999,26,2020,2001,24,2011,1996,29,2020,2002,23,2020,2004,21,2020,2017,8,2020,2001,24
49,usa_NC_0034_0031,usa_NC_0034_0031,backward,1996_2024,-0.2189,0.1335,578,2010_2024,-0.5309,0.2986,-0.312,False,False,False,True,True,True,True,1999,1999,26,2016,2000,25,1996,1996,29,2017,2002,23,2017,2003,22,2020,2017,8,2020,2001,24
49,usa_NC_0034_0032,usa_NC_0034_0032,backward,1996_2024,-0.2015,0.1344,577,2010_2024,-0.4805,0.3099,-0.279,False,False,False,True,True,True,True,2016,1999,26,2016,2000,25,1996,1996,29,2017,2002,23,2017,2002,23,2017,2017,8,2020,2001,24
49,usa_NC_0034_0033,usa_NC_0034_0033,backward,1996_2024,-0.2491,0.1377,575,2010_2024,-0.6496,0.3202,-0.4005,False,False,False,True,True,True,True,1999,1999,26,2017,2000,25,1996,1996,29,2017,2001,24,2017,2002,23,2019,2006,19,2020,2001,24
49,usa_NC_0034_0034,usa_NC_0034_0034,backward,1996_2024,-0.2999,0.1382,581,2010_2024,-0.8129,0.299,-0.513,False,False,False,False,False,True,False,2019,1998,27,2019,2000,25,1996,1996,29,2019,2001,24,2019,2002,23,2020,2005,20,2020,2000,25
49,usa_NC_0034_0035,usa_NC_0034_0035,backward,1996_2024,-0.3549,0.1371,592,2010_2024,-1.0785,0.2851,-0.7236,False,False,False,False,False,True,False,2020,1998,27,2020,1999,26,1997,1997,28,2020,2001,24,2020,2001,24,2020,2005,20,2020,2000,25
49,usa_NC_0034_0036,usa_NC_0034_0036,backward,1996_2024,-0.4074,0.1355,594,2010_2024,-1.1217,0.2908,-0.7143,False,False,False,False,False,True,False,1998,1998,27,1999,1999,26,1997,1997,28,2017,2001,24,2019,2002,23,2019,2005,20,2020,2000,25
49,usa_NC_0034_0037,usa_NC_0034_0037,backward,1996_2024,-0.4104,0.1346,590,2010_2024,-1.1528,0.2986,-0.7424,False,False,False,False,False,True,False,1998,1998,27,2017,1999,26,1998,1998,27,2017,2001,24,2017,2002,23,2019,2006,19,2019,2000,25
49,usa_NC_0034_0038,usa_NC_0034_0038,backward,1996_2024,-0.4215,0.1345,589,2010_2024,-1.3197,0.3072,-0.8982,False,False,False,False,False,True,False,2016,1998,27,2016,2000,25,2016,1998,27,2017,2001,24,2017,2002,23,2017,2006,19,2020,2000,25
50,usa_NC_0034_0039,usa_NC_0034_0039,backward,1996_2024,-0.4164,0.1385,591,2010_2024,-1.5802,0.3093,-1.1638,False,False,False,False,False,False,False,2016,1998,27,2017,2000,25,1998,1998,27,2017,2001,24,2017,2001,24,2017,2006,19,2017,2000,25
50,usa_NC_0034_0040,usa_NC_0034_0040,backward,1996_2024,-0.5054,0.1388,604,2010_2024,-1.7244,0.3138,-1.219,False,False,False,False,False,False,False,2017,1999,26,2017,2000,25,2017,1998,27,2017,2001,24,2017,2002,23,2019,2006,19,2020,2001,24
50,usa_NC_0034_0041,usa_NC_0034_0041,backward,1996_2024,-0.5999,0.139,604,2010_2024,-1.8149,0.3294,-1.215,False,False,False,False,False,False,False,2017,2000,25,2017,2001,24,2000,2000,25,2017,2001,24,2017,2002,23,2019,2006,19,2019,2001,24
50,usa_NC_0034_0042,usa_NC_0034_0042,backward,1996_2024,-0.5945,0.1387,592,2010_2024,-1.6417,0.3337,-1.0472,False,False,False,False,False,False,False,2016,2000,25,2017,2001,24,2016,2000,25,2017,2002,23,2017,2002,23,2017,2009,16,2019,2001,24
50,usa_NC_0034_0043,usa_NC_0034_0043,backward,1996_2024,-0.5622,0.1357,588,2010_2024,-1.4401,0.3351,-0.8779,False,False,False,False,False,True,False,2017,2001,24,2017,2001,24,2017,2000,25,2017,2003,22,2017,2004,21,2017,2010,15,2019,2002,23
50,usa_NC_0034_0044,usa_NC_0034_0044,backward,1996_2024,-0.5937,0.1318,590,2010_2024,-1.3038,0.3284,-0.7101,False,False,False,False,False,True,False,2001,2001,24,2017,2002,23,2001,2001,24,2017,2004,21,2017,2006,19,2018,2010,15,2019,2004,21
50,usa_NC_0034_0045,usa_NC_0034_0045,backward,1996_2024,-0.6465,0.1316,577,2010_2024,-1.1756,0.3375,-0.5291,False,False,False,False,False,True,False,2001,2001,24,2002,2002,23,2001,2001,24,2013,2005,20,2016,2009,16,2018,2018,7,2020,2004,21
50,usa_NC_0034_0046,usa_NC_0034_0046,backward,1996_2024,-0.6727,0.1321,585,2010_2024,-1.0289,0.3374,-0.3562,False,False,False,True,True,True,True,2002,2002,23,2015,2004,21,2002,2002,23,2015,2010,15,2016,2010,15,2018,2018,7,2020,2010,15
50,usa_NC_0034_0047,usa_NC_0034_0047,backward,1996_2024,-0.6635,0.1345,580,2010_2024,-0.9267,0.3367,-0.2632,False,False,False,True,True,True,True,2015,2004,21,2015,2009,16,2015,2004,21,2016,2010,15,2017,2017,8,2018,2018,7,2020,2020,5
50,usa_NC_0034_0048,usa_NC_0034_0048,backward,1996_2024,-0.6587,0.1333,569,2010_2024,-0.9161,0.3369,-0.2574,False,False,False,True,True,True,True,2015,2005,20,2017,2009,16,2015,1998,27,2017,2010,15,2017,2017,8,2020,2017,8,2020,2017,8
51,usa_NC_0034_0049,usa_NC_0034_0049,backward,1996_2024,-0.6511,0.1344,578,2010_2024,-1.0063,0.3375,-0.3552,False,False,False,True,True,True,True,2017,1998,27,2017,2009,16,2017,1998,27,2017,2010,15,2017,2017,8,2017,2017,8,2019,2017,8
51,usa_NC_0034_0050,usa_NC_0034_0050,backward,1996_2024,-0.6823,0.1387,592,2010_2024,-1.1715,0.3456,-0.4892,False,False,False,False,True,True,False,2016,2004,21,2017,2005,20,2016,2004,21,2017,2009,16,2017,2010,15,2019,2017,8,2019,2009,16
51,usa_NC_0034_0051,usa_NC_0034_0051,backward,1996_2024,-0.6567,0.1438,579,2010_2024,-1.1439,0.3634,-0.4872,False,False,False,False,True,True,True,2019,2004,21,2019,2005,20,2019,1998,27,2019,2009,16,2019,2010,15,2019,2019,6,2020,2010,15
51,usa_NC_0034_0052,usa_NC_0034_0052,backward,1996_2024,-0.6221,0.1423,582,2010_2024,-1.0901,0.3407,-0.468,False,False,False,False,True,True,True,2013,2000,25,2017,2005,20,2013,1998,27,2019,2009,16,2019,2010,15,2019,2019,6,2020,2010,15
51,usa_NC_0034_0053,usa_NC_0034_0053,backward,1996_2024,-0.6008,0.1414,581,2010_2024,-1.09,0.3381,-0.4892,False,False,False,False,True,True,False,2017,2000,25,2019,2005,20,2017,1998,27,2019,2009,16,2019,2010,15,2019,2019,6,2020,2009,16
51,usa_NC_0034_0054,usa_NC_0034_0054,backward,1996_2024,-0.6109,0.1447,587,2010_2024,-1.3163,0.3348,-0.7054,False,False,False,False,False,True,False,2003,2003,22,2017,2004,21,2003,2003,22,2018,2005,20,2018,2009,16,2020,2020,5,2020,2005,20
51,usa_NC_0034_0055,usa_NC_0034_0055,backward,1996_2024,-0.6397,0.1429,596,2010_2024,-1.5389,0.3326,-0.8992,False,False,False,False,False,True,False,2020,2002,23,2020,2003,22,2018,2002,23,2020,2005,20,2020,2005,20,2020,2020,5,2020,2004,21
51,usa_NC_0034_0056,usa_NC_0034_0056,backward,1996_2024,-0.6564,0.1381,603,2010_2024,-1.4283,0.3282,-0.7719,False,False,False,False,False,True,False,2018,2002,23,2018,2003,22,2018,2002,23,2018,2005,20,2018,2005,20,2019,2019,6,2020,2004,21
51,usa_NC_0034_0057,usa_NC_0034_0057,backward,1996_2024,-0.7293,0.1388,597,2010_2024,-1.5075,0.3365,-0.7782,False,False,False,False,False,True,False,2016,2002,23,2018,2003,22,2016,2002,23,2018,2004,21,2018,2005,20,2019,2019,6,2020,2003,22
51,usa_NC_0034_0058,usa_NC_0034_0058,backward,1996_2024,-0.7808,0.1406,591,2010_2024,-1.8109,0.3401,-1.0301,False,False,False,False,False,False,False,2016,2001,24,2016,2002,23,2016,2002,23,2016,2004,21,2018,2004,21,2018,2009,16,2019,2003,22
52,usa_NC_0034_0059,usa_NC_0034_0059,backward,1996_2024,-0.8403,0.1451,605,2010_2024,-2.0365,0.3294,-1.1962,False,False,False,False,False,False,False,2016,2001,24,2017,2002,23,2016,2001,24,2018,2003,22,2018,2003,22,2019,2008,17,2020,2002,23
52,usa_NC_0034_0060,usa_NC_0034_0060,backward,1996_2024,-0.8837,0.1415,606,2010_2024,-1.9631,0.3277,-1.0794,False,False,False,False,False,False,False,2018,2001,24,2018,2001,24,2018,2001,24,2018,2003,22,2018,2003,22,2019,2009,16,2020,2002,23
52,usa_NC_0034_0061,usa_NC_0034_0061,backward,1996_2024,-0.915,0.1413,601,2010_2024,-1.9718,0.3338,-1.0568,False,False,False,False,False,False,False,2015,2001,24,2018,2001,24,2017,2001,24,2018,2002,23,2018,2003,22,2019,2009,16,2019,2001,24
52,usa_NC_0034_0062,usa_NC_0034_0062,backward,1996_2024,-0.9047,0.1415,597,2010_2024,-1.9898,0.3311,-1.0851,False,False,False,False,False,False,False,2017,2000,25,2017,2001,24,2017,2001,24,2017,2002,23,2017,2003,22,2018,2009,16,2018,2001,24
52,usa_NC_0034_0063,usa_NC_0034_0063,backward,1996_2024,-0.8755,0.1448,590,2010_2024,-1.9152,0.3465,-1.0397,False,False,False,False,False,False,False,2015,2000,25,2017,2001,24,2015,2001,24,2017,2002,23,2017,2003,22,2018,2009,16,2018,2001,24
52,usa_NC_0034_0064,usa_NC_0034_0064,backward,1996_2024,-0.908,0.1461,581,2010_2024,-1.969,0.3562,-1.061,False,False,False,False,False,False,False,2014,2000,25,2017,2001,24,2014,2001,24,2017,2002,23,2017,2003,22,2018,2009,16,2019,2001,24
52,usa_NC_0034_0065,usa_NC_0034_0065,backward,1996_2024,-0.8932,0.1478,580,2010_2024,-1.6838,0.3698,-0.7906,False,False,False,False,False,True,False,2018,2000,25,2018,2001,24,2018,2001,24,2018,2003,22,2018,2003,22,2019,2019,6,2020,2001,24
52,usa_NC_0034_0066,usa_NC_0034_0066,backward,1996_2024,-0.9013,0.1501,579,2010_2024,-1.5991,0.3826,-0.6978,False,False,False,False,False,True,False,2012,2000,25,2018,2001,24,2012,2001,24,2018,2002,23,2018,2003,22,2019,2019,6,2019,2002,23
52,usa_NC_0034_0067,usa_NC_0034_0067,backward,1996_2024,-0.8974,0.1461,573,2010_2024,-1.5318,0.3696,-0.6344,False,False,False,False,False,True,False,2013,2001,24,2014,2001,24,2013,2001,24,2014,2004,21,2014,2004,21,2019,2019,6,2019,2002,23
52,usa_NC_0034_0068,usa_NC_0034_0068,backward,1996_2024,-0.9408,0.1389,579,2010_2024,-1.4184,0.3433,-0.4776,False,False,False,False,True,True,True,2012,2001,24,2013,2001,24,2012,2001,24,2019,2004,21,2019,2005,20,2019,2015,10,2019,2004,21
53,usa_NC_0034_0069,usa_NC_0034_0069,backward,1996_2024,-0.9321,0.132,594,2010_2024,-1.2507,0.3199,-0.3186,False,False,False,True,True,True,True,2013,2001,24,2013,2004,21,2013,2001,24,2014,2005,20,2018,2014,11,2019,2019,6,2019,2005,20
53,usa_NC_0034_0070,usa_NC_0034_0070,backward,1996_2024,-0.9488,0.1329,577,2010_2024,-0.9888,0.338,-0.04,True,True,True,True,True,True,True,2012,2002,23,2019,2005,20,2012,2005,20,2019,2013,12,2019,2013,12,2019,2014,11,2020,2014,11
53,usa_NC_0034_0071,usa_NC_0034_0071,backward,1996_2024,-0.9995,0.1344,588,2010_2024,-1.0378,0.3555,-0.0383,True,True,True,True,True,True,True,2012,2002,23,2013,2013,12,2013,2005,20,2019,2013,12,2019,2014,11,2019,2019,6,2019,2014,11
53,usa_NC_0034_0072,usa_NC_0034_0072,backward,1996_2024,-1.0026,0.135,589,2010_2024,-1.1222,0.3516,-0.1196,True,True,True,True,True,True,True,2013,2002,23,2019,2005,20,2019,2005,20,2019,2014,11,2019,2014,11,2019,2019,6,2020,2020,5
53,usa_NC_0034_0073,usa_NC_0034_0073,backward,1996_2024,-0.9887,0.1333,595,2010_2024,-1.194,0.346,-0.2053,False,True,False,True,True,True,True,2014,2002,23,2014,2005,20,2014,2005,20,2018,2014,11,2018,2014,11,2020,2020,5,2020,2020,5
53,usa_NC_0034_0074,usa_NC_0034_0074,backward,1996_2024,-1.0259,0.1353,599,2010_2024,-1.4013,0.3561,-0.3754,False,False,False,True,True,True,True,2014,2002,23,2018,2005,20,2014,2005,20,2020,2006,19,2020,2014,11,2020,2018,7,2020,2006,19
53,usa_NC_0034_0075,usa_NC_0034_0075,backward,1996_2024,-1.0029,0.1334,600,2010_2024,-1.3991,0.3548,-0.3962,False,False,False,True,True,True,True,2014,2002,23,2020,2005,20,2020,2002,23,2020,2008,17,2020,2014,11,2020,2018,7,2020,2020,5
53,usa_NC_0034_0076,usa_NC_0034_0076,backward,1996_2024,-0.9595,0.1328,598,2010_2024,-1.2644,0.3553,-0.3049,False,False,False,True,True,True,True,2012,2002,23,2012,2005,20,2012,2005,20,2020,2014,11,2020,2014,11,2020,2020,5,2020,2014,11
53,usa_NC_0034_0077,usa_NC_0034_0077,backward,1996_2024,-0.9799,0.1272,594,2010_2024,-1.3361,0.3316,-0.3562,False,False,False,True,True,True,True,2013,2002,23,2014,2005,20,2014,2005,20,2019,2006,19,2019,2014,11,2020,2020,5,2020,2006,19
53,usa_NC_0034_0078,usa_NC_0034_0078,backward,1996_2024,-1.0271,0.1254,615,2010_2024,-1.425,0.3173,-0.3979,False,False,False,False,True,True,True,2019,2002,23,2019,2005,20,2019,2003,22,2019,2006,19,2019,2014,11,2020,2020,5,2020,2006,19
54,usa_NC_0034_0079,usa_NC_0034_0079,backward,1996_2024,-1.0768,0.1259,616,2010_2024,-1.3684,0.3174,-0.2916,False,False,False,True,True,True,True,2001,2001,24,2013,2004,21,2013,2002,23,2014,2006,19,2014,2014,11,2019,2014,11,2020,2005,20
54,usa_NC_0034_0080,usa_NC_0034_0080,backward,1996_2024,-1.0612,0.126,610,2010_2024,-1.417,0.3296,-0.3558,False,False,False,True,True,True,True,2013,2000,25,2013,2002,23,2013,2001,24,2014,2005,20,2014,2014,11,2014,2014,11,2014,2004,21
54,usa_NC_0034_0081,usa_NC_0034_0081,backward,1996_2024,-0.9693,0.1295,611,2010_2024,-1.378,0.3378,-0.4087,False,False,False,False,True,True,True,2000,2000,25,2013,2001,24,2013,2001,24,2014,2004,21,2014,2006,19,2014,2014,11,2014,2003,22
54,usa_NC_0034_0082,usa_NC_0034_0082,backward,1996_2024,-0.8927,0.1289,598,2010_2024,-1.3519,0.3283,-0.4592,False,False,False,False,True,True,False,2013,2000,25,2014,2002,23,2013,2001,24,2014,2003,22,2014,2005,20,2014,2014,11,2014,2003,22
54,usa_NC_0034_0083,usa_NC_0034_0083,backward,1996_2024,-0.8706,0.128,588,2010_2024,-1.3336,0.3263,-0.463,False,False,False,False,True,True,False,2014,2000,25,2014,2001,24,2014,2001,24,2014,2003,22,2014,2005,20,2015,2015,10,2014,2002,23
54,usa_NC_0034_0084,usa_NC_0034_0084,backward,1996_2024,-0.8486,0.1268,584,2010_2024,-1.2367,0.3241,-0.3881,False,False,False,False,True,True,True,2014,2000,25,2014,2001,24,2014,2000,25,2014,2003,22,2014,2004,21,2016,2016,9,2014,2001,24
54,usa_NC_0034_0085,usa_NC_0034_0085,backward,1996_2024,-0.7617,0.1283,584,2010_2024,-1.192,0.3343,-0.4303,False,False,False,False,True,True,True,2013,2000,25,2014,2001,24,2014,2000,25,2014,2002,23,2014,2004,21,2014,2014,11,2014,2001,24
54,usa_NC_0034_0086,usa_NC_0034_0086,backward,1996_2024,-0.7071,0.1314,584,2010_2024,-1.2405,0.3466,-0.5334,False,False,False,False,False,True,False,2014,2000,25,2014,2001,24,2014,2000,25,2014,2002,23,2014,2003,22,2016,2016,9,2014,2001,24
54,usa_NC_0034_0087,usa_NC_0034_0087,backward,1996_2024,-0.7031,0.1328,580,2010_2024,-1.2557,0.3544,-0.5526,False,False,False,False,False,True,False,2014,2000,25,2014,2001,24,2014,2000,25,2014,2002,23,2014,2003,22,2016,2016,9,2015,2001,24
54,usa_NC_0034_0088,usa_NC_0034_0088,backward,1996_2024,-0.6374,0.1354,591,2010_2024,-1.3669,0.3453,-0.7295,False,False,False,False,False,True,False,2000,2000,25,2001,2001,24,1999,1999,26,2015,2002,23,2016,2003,22,2016,2016,9,2016,2001,24
55,usa_NC_0034_0089,usa_NC_0034_0089,backward,1996_2024,-0.5557,0.1349,583,2010_2024,-1.2011,0.3546,-0.6454,False,False,False,False,False,True,False,2015,2000,25,2016,2001,24,2015,1999,26,2016,2002,23,2016,2004,21,2017,2017,8,2017,2001,24
55,usa_NC_0034_0090,usa_NC_0034_0090,backward,1996_2024,-0.5142,0.1362,580,2010_2024,-1.1309,0.3649,-0.6167,False,False,False,False,False,True,False,2016,2000,25,2016,2001,24,2016,1999,26,2016,2004,21,2016,2005,20,2017,2017,8,2017,2002,23
55,usa_NC_0034_0091,usa_NC_0034_0091,backward,1996_2024,-0.5028,0.1392,585,2010_2024,-1.2105,0.3716,-0.7077,False,False,False,False,False,True,False,2016,1999,26,2016,2001,24,2016,1999,26,2016,2002,23,2017,2005,20,2017,2017,8,2017,2001,24
55,usa_NC_0034_0092,usa_NC_0034_0092,backward,1996_2024,-0.4824,0.1397,596,2010_2024,-1.2312,0.3637,-0.7488,False,False,False,False,False,True,False,1999,1999,26,2017,2000,25,1999,1999,26,2017,2002,23,2017,2005,20,2017,2011,14,2018,2001,24
55,usa_NC_0034_0093,usa_NC_0034_0093,backward,1996_2024,-0.4323,0.1388,598,2010_2024,-1.1612,0.3553,-0.7289,False,False,False,False,False,True,False,1999,1999,26,2000,2000,25,1999,1999,26,2016,2004,21,2017,2005,20,2018,2011,14,2018,2001,24
55,usa_NC_0034_0094,usa_NC_0034_0094,backward,1996_2024,-0.411,0.1358,601,2010_2024,-1.0411,0.3471,-0.6301,False,False,False,False,False,True,False,1999,1999,26,2001,2001,24,1999,1999,26,2016,2005,20,2016,2006,19,2018,2018,7,2020,2002,23
55,usa_NC_0034_0095,usa_NC_0034_0095,backward,1996_2024,-0.4139,0.1284,603,2010_2024,-0.9362,0.3211,-0.5223,False,False,False,False,False,True,False,1999,1999,26,2020,2001,24,1999,1999,26,2020,2005,20,2020,2008,17,2020,2020,5,2020,2001,24
55,usa_NC_0034_0096,usa_NC_0034_0096,backward,1996_2024,-0.4195,0.1259,601,2010_2024,-0.8463,0.3152,-0.4268,False,False,False,False,True,True,True,2015,1999,26,2018,2001,24,1999,1999,26,2020,2006,19,2020,2010,15,2020,2020,5,2020,2001,24
55,usa_NC_0034_0097,usa_NC_0034_0097,backward,1996_2024,-0.3813,0.1274,594,2010_2024,-0.7733,0.3118,-0.392,False,False,False,False,True,True,True,2019,1999,26,2019,2001,24,2019,1998,27,2019,2006,19,2019,2011,14,2020,2020,5,2020,2001,24
55,usa_NC_0034_0098,usa_NC_0034_0098,backward,1996_2024,-0.3759,0.1282,607,2010_2024,-0.8419,0.3088,-0.466,False,False,False,False,True,True,False,2019,1999,26,2019,2001,24,1998,1998,27,2019,2002,23,2019,2007,18,2020,2020,5,2020,2001,24
56,usa_NC_0034_0099,usa_NC_0034_0099,backward,1996_2024,-0.3937,0.1271,611,2010_2024,-0.8527,0.3173,-0.459,False,False,False,False,True,True,False,2019,1999,26,2019,2001,24,2014,1998,27,2020,2002,23,2020,2006,19,2020,2020,5,2020,2001,24
56,usa_NC_0034_0100,usa_NC_0034_0100,backward,1996_2024,-0.3416,0.1294,604,2010_2024,-0.8234,0.3265,-0.4818,False,False,False,False,True,True,False,2014,1999,26,2014,2001,24,1998,1998,27,2019,2002,23,2019,2006,19,2019,2019,6,2020,2001,24
56,usa_NC_0034_0101,usa_NC_0034_0101,backward,1996_2024,-0.2745,0.1266,604,2010_2024,-0.6671,0.3194,-0.3926,False,False,False,False,True,True,True,2014,1999,26,2014,2001,24,1998,1998,27,2015,2005,20,2019,2011,14,2019,2019,6,2020,2001,24
56,usa_NC_0034_0102,usa_NC_0034_0102,backward,1996_2024,-0.212,0.1275,593,2010_2024,-0.6175,0.3219,-0.4055,False,False,False,False,True,True,True,2015,1999,26,2018,2001,24,1997,1997,28,2018,2005,20,2019,2011,14,2019,2019,6,2019,2002,23
56,usa_NC_0034_0103,usa_NC_0034_0103,backward,1996_2024,-0.2064,0.1273,587,2010_2024,-0.6111,0.3217,-0.4047,False,False,False,False,True,True,True,2016,1999,26,2018,2001,24,1997,1997,28,2018,2003,22,2018,2010,15,2019,2019,6,2019,2001,24
56,usa_NC_0034_0104,usa_NC_0034_0104,backward,1996_2024,-0.1534,0.1251,588,2010_2024,-0.5423,0.3157,-0.3889,False,False,False,False,True,True,True,2016,1999,26,2017,2001,24,2015,1997,28,2017,2004,21,2018,2010,15,2019,2019,6,2019,2002,23
56,usa_NC_0034_0105,usa_NC_0034_0105,backward,1996_2024,-0.167,0.1276,591,2010_2024,-0.5188,0.3336,-0.3518,False,False,False,True,True,True,True,2017,1999,26,2017,2002,23,2017,1997,28,2017,2005,20,2017,2010,15,2018,2018,7,2019,2004,21
56,usa_NC_0034_0106,usa_NC_0034_0106,backward,1996_2024,-0.1457,0.1278,583,2010_2024,-0.3566,0.3434,-0.2109,False,True,False,True,True,True,True,2017,2001,24,2017,2006,19,2017,1997,28,2017,2010,15,2018,2011,14,2019,2019,6,2019,2019,6
56,usa_NC_0034_0107,usa_NC_0034_0107,backward,1996_2024,-0.1278,0.129,583,2010_2024,-0.3286,0.3469,-0.2008,False,True,False,True,True,True,True,2017,2001,24,2017,2010,15,1997,1997,28,2018,2010,15,2018,2011,14,2019,2019,6,2019,2019,6
56,usa_NC_0034_0108,usa_NC_0034_0108,backward,1996_2024,-0.1349,0.1299,589,2010_2024,-0.2165,0.3339,-0.0816,True,True,False,True,True,True,True,2016,2001,24,2017,2010,15,2015,1997,28,2017,2011,14,2018,2011,14,2019,2019,6,2019,2011,14
56,usa_NC_0034_0109,usa_NC_0034_0109,backward,1996_2024,-0.1021,0.1307,589,2010_2024,-0.0424,0.3417,0.0597,True,True,False,True,True,True,True,2016,2001,24,2018,2011,14,2009,1997,28,2018,2011,14,2018,2011,14,2019,2019,6,2019,2011,14
57,usa_NC_0034_0110,usa_NC_0034_0110,backward,1996_2024,-0.0408,0.1365,583,2010_2024,0.1162,0.3658,0.157,False,True,False,True,True,True,True,2018,2009,16,2018,2011,14,2003,1996,29,2018,2011,14,2018,2018,7,2019,2019,6,2019,2019,6
57,usa_NC_0034_0111,usa_NC_0034_0111,backward,1996_2024,-0.0408,0.1373,585,2010_2024,0.0635,0.3593,0.1043,True,True,False,True,True,True,True,2019,2011,14,2019,2011,14,1996,1996,29,2019,2011,14,2019,2017,8,2019,2019,6,2019,2019,6
57,usa_NC_0034_0112,usa_NC_0034_0112,backward,1996_2024,0.0024,0.1336,587,2010_2024,0.0784,0.3462,0.076,True,True,False,True,True,True,True,2014,2011,14,2016,2011,14,1996,1996,29,2019,2011,14,2019,2011,14,2019,2019,6,2019,2019,6
57,usa_NC_0034_0113,usa_NC_0034_0113,backward,1996_2024,0.0074,0.1313,592,2010_2024,0.156,0.335,0.1486,False,True,False,True,True,True,True,2011,2009,16,2013,2011,14,1996,1996,29,2015,2015,10,2019,2016,9,2019,2017,8,2020,2020,5
57,usa_NC_0034_0114,usa_NC_0034_0114,backward,1996_2024,-0.0024,0.1332,594,2010_2024,0.2327,0.332,0.2351,False,True,False,True,True,True,True,2013,2004,21,2013,2013,12,1996,1996,29,2013,2013,12,2014,2014,11,2020,2017,8,2020,2016,9
57,usa_NC_0034_0115,usa_NC_0034_0115,backward,1996_2024,-0.0201,0.1326,598,2010_2024,0.2751,0.3245,0.2952,False,False,False,True,True,True,True,2020,2004,21,2020,2009,16,2006,1996,29,2020,2013,12,2020,2014,11,2020,2016,9,2020,2015,10
57,usa_NC_0034_0116,usa_NC_0034_0116,backward,1996_2024,-0.0184,0.135,597,2010_2024,0.4158,0.3349,0.4342,False,False,False,False,True,True,True,2012,2004,21,2012,2008,17,1996,1996,29,2013,2009,16,2013,2013,12,2020,2015,10,2020,2014,11
57,usa_NC_0034_0117,usa_NC_0034_0117,backward,1996_2024,-0.0022,0.134,611,2010_2024,0.4587,0.3208,0.4609,False,False,False,False,True,True,False,2007,2004,21,2012,2008,17,1996,1996,29,2012,2009,16,2013,2013,12,2015,2015,10,2020,2009,16
57,usa_NC_0034_0118,usa_NC_0034_0118,backward,1996_2024,0.0416,0.1346,611,2010_2024,0.5182,0.313,0.4766,False,False,False,False,True,True,False,2012,2004,21,2012,2008,17,1997,1997,28,2013,2009,16,2013,2013,12,2020,2015,10,2020,2009,16
57,usa_NC_0034_0119,usa_NC_0034_0119,backward,1996_2024,0.0306,0.1338,604,2010_2024,0.58,0.3248,0.5494,False,False,False,False,False,True,False,2007,2004,21,2007,2007,18,1996,1996,29,2012,2009,16,2012,2009,16,2014,2014,11,2020,2009,16
58,usa_NC_0034_0120,usa_NC_0034_0120,backward,1996_2024,0.0726,0.1343,602,2010_2024,0.6807,0.3255,0.6081,False,False,False,False,False,True,False,2004,2004,21,2007,2007,18,2000,1996,29,2012,2009,16,2012,2009,16,2020,2014,11,2020,2009,16
58,usa_NC_0034_0121,usa_NC_0034_0121,backward,1996_2024,0.1835,0.1301,601,2010_2024,0.6938,0.3207,0.5103,False,False,False,False,False,True,False,2020,2004,21,2020,2007,18,2020,1997,28,2020,2009,16,2020,2009,16,2020,2015,10,2020,2009,16
58,usa_NC_0034_0122,usa_NC_0034_0122,backward,1996_2024,0.2547,0.1281,592,2010_2024,0.7768,0.3228,0.5221,False,False,False,False,False,True,False,2020,2004,21,2020,2007,18,2002,1998,27,2020,2009,16,2020,2009,16,2020,2015,10,2020,2009,16
58,usa_NC_0034_0123,usa_NC_0034_0123,backward,1996_2024,0.2662,0.1284,586,2010_2024,0.7943,0.3337,0.5281,False,False,False,False,False,True,False,2004,2004,21,2020,2007,18,2003,1998,27,2020,2009,16,2020,2009,16,2020,2015,10,2020,2009,16
58,usa_NC_0034_0124,usa_NC_0034_0124,backward,1996_2024,0.2909,0.125,583,2010_2024,0.6024,0.3316,0.3115,False,False,False,True,True,True,True,2007,2007,18,2009,2009,16,2005,2005,20,2012,2012,13,2012,2012,13,2020,2014,11,2020,2012,13
58,usa_NC_0034_0125,usa_NC_0034_0125,backward,1996_2024,0.371,0.1285,583,2010_2024,0.6028,0.3467,0.2318,False,True,False,True,True,True,True,2008,2008,17,2010,2010,15,2006,2006,19,2012,2012,13,2012,2012,13,2018,2015,10,2020,2013,12
58,usa_NC_0034_0126,usa_NC_0034_0126,backward,1996_2024,0.4061,0.1307,581,2010_2024,0.53,0.3646,0.1239,True,True,False,True,True,True,True,2010,2010,15,2012,2010,15,2008,2008,17,2012,2012,13,2013,2013,12,2018,2014,11,2020,2013,12
58,usa_NC_0034_0127,usa_NC_0034_0127,backward,1996_2024,0.4131,0.1283,590,2010_2024,0.4179,0.35,0.0048,True,True,True,True,True,True,True,2012,2010,15,2012,2012,13,2010,2010,15,2013,2013,12,2013,2013,12,2014,2014,11,2020,2014,11
58,usa_NC_0034_0128,usa_NC_0034_0128,backward,1996_2024,0.4463,0.1301,591,2010_2024,0.52,0.3537,0.0737,True,True,True,True,True,True,True,2012,2003,22,2013,2013,12,2012,2002,23,2013,2013,12,2013,2013,12,2015,2015,10,2019,2014,11
58,usa_NC_0034_0129,usa_NC_0034_0129,backward,1996_2024,0.4351,0.1304,580,2010_2024,0.5489,0.3565,0.1138,True,True,False,True,True,True,True,2012,2005,20,2013,2013,12,2012,2002,23,2013,2013,12,2013,2013,12,2019,2015,10,2019,2014,11
59,usa_NC_0034_0130,usa_NC_0034_0130,backward,1996_2024,0.37,0.137,579,2010_2024,0.3851,0.3787,0.0151,True,True,True,True,True,True,True,2013,2010,15,2013,2013,12,2012,1996,29,2013,2013,12,2013,2013,12,2019,2015,10,2019,2014,11
59,usa_NC_0034_0131,usa_NC_0034_0131,backward,1996_2024,0.3832,0.1379,591,2010_2024,0.5127,0.3834,0.1295,True,True,False,True,True,True,True,2012,2003,22,2013,2010,15,2002,1996,29,2019,2013,12,2019,2013,12,2019,2014,11,2019,2014,11
59,usa_NC_0034_0132,usa_NC_0034_0132,backward,1996_2024,0.3425,0.1424,597,2010_2024,0.4425,0.3886,0.1,True,True,False,True,True,True,True,2013,2003,22,2013,2013,12,2012,1996,29,2013,2013,12,2013,2013,12,2019,2014,11,2019,2014,11
59,usa_NC_0034_0133,usa_NC_0034_0133,backward,1996_2024,0.3251,0.1457,599,2010_2024,0.4025,0.3971,0.0774,True,True,False,True,True,True,True,2012,2002,23,2013,2013,12,2009,1996,29,2019,2013,12,2019,2013,12,2019,2014,11,2019,2013,12
59,usa_NC_0034_0134,usa_NC_0034_0134,backward,1996_2024,0.3033,0.1496,611,2010_2024,0.4909,0.4106,0.1876,False,True,False,True,True,True,True,2009,2002,23,2012,2012,13,2008,1996,29,2019,2013,12,2019,2013,12,2019,2013,12,2019,2013,12
59,usa_NC_0034_0135,usa_NC_0034_0135,backward,1996_2024,0.2691,0.1491,600,2010_2024,0.5334,0.4034,0.2643,False,False,False,True,True,True,True,2008,2002,23,2019,2004,21,1996,1996,29,2019,2012,13,2019,2012,13,2019,2013,12,2019,2013,12
59,usa_NC_0034_0136,usa_NC_0034_0136,backward,1996_2024,0.2473,0.1476,598,2010_2024,0.5156,0.3958,0.2683,False,False,False,True,True,True,True,2008,2002,23,2009,2004,21,1996,1996,29,2019,2012,13,2019,2012,13,2019,2013,12,2019,2012,13
59,usa_NC_0034_0137,usa_NC_0034_0137,backward,1996_2024,0.2019,0.1471,607,2010_2024,0.4458,0.3911,0.2439,False,True,False,True,True,True,True,2009,2002,23,2010,2004,21,1996,1996,29,2012,2012,13,2012,2012,13,2019,2013,12,2019,2013,12
59,usa_NC_0034_0138,usa_NC_0034_0138,backward,1996_2024,0.0713,0.1461,602,2010_2024,0.4163,0.4063,0.345,False,False,False,True,True,True,True,2008,2004,21,2009,2009,16,2001,1996,29,2010,2010,15,2010,2010,15,2013,2013,12,2020,2012,13
59,usa_NC_0034_0139,usa_NC_0034_0139,backward,1996_2024,-0.0435,0.14,603,2010_2024,0.2056,0.3923,0.2491,False,True,False,True,True,True,True,2009,2009,16,2010,2010,15,2003,1996,29,2010,2010,15,2011,2011,14,2013,2013,12,2020,2012,13
60,usa_NC_0034_0140,usa_NC_0034_0140,backward,1996_2024,-0.1036,0.1326,607,2010_2024,0.0263,0.3602,0.1299,True,True,False,True,True,True,True,2010,2010,15,2010,2010,15,2004,1996,29,2012,2012,13,2012,2012,13,2020,2013,12,2020,2013,12
60,usa_NC_0034_0141,usa_NC_0034_0141,backward,1996_2024,-0.2156,0.1299,594,2010_2024,-0.0155,0.347,0.2001,False,True,False,True,True,True,True,2007,2007,18,2010,2010,15,2004,1996,29,2012,2012,13,2013,2013,12,2020,2013,12,2020,2013,12
60,usa_NC_0034_0142,usa_NC_0034_0142,backward,1996_2024,-0.3662,0.1334,582,2010_2024,-0.201,0.362,0.1652,False,True,False,True,True,True,True,2013,1999,26,2013,2013,12,2013,1996,29,2013,2013,12,2013,2013,12,2020,2014,11,2020,2013,12
60,usa_NC_0034_0143,usa_NC_0034_0143,backward,1996_2024,-0.4225,0.1339,587,2010_2024,-0.216,0.3591,0.2065,False,True,False,True,True,True,True,2013,1999,26,2013,2013,12,2013,1996,29,2020,2013,12,2020,2013,12,2020,2014,11,2020,2013,12
60,usa_NC_0034_0144,usa_NC_0034_0144,backward,1996_2024,-0.4752,0.1394,584,2010_2024,-0.1553,0.3803,0.3199,False,False,False,True,True,True,True,2013,1999,26,2013,2009,16,2012,1996,29,2013,2013,12,2013,2013,12,2020,2014,11,2020,2013,12
60,usa_NC_0034_0145,usa_NC_0034_0145,backward,1996_2024,-0.6271,0.1412,580,2010_2024,-0.1043,0.3773,0.5228,False,False,False,False,False,True,False,2007,1999,26,2013,2008,17,2007,1998,27,2013,2009,16,2013,2009,16,2020,2014,11,2020,2009,16
60,usa_NC_0034_0146,usa_NC_0034_0146,backward,1996_2024,-0.7539,0.1451,592,2010_2024,-0.3536,0.3831,0.4003,False,False,False,True,True,True,True,2013,1998,27,2013,2008,17,2013,1999,26,2013,2013,12,2013,2013,12,2014,2014,11,2020,2013,12
60,usa_NC_0034_0147,usa_NC_0034_0147,backward,1996_2024,-0.7914,0.1466,592,2010_2024,-0.3595,0.3877,0.4319,False,False,False,True,True,True,True,2007,1998,27,2013,2008,17,2007,1999,26,2013,2013,12,2013,2013,12,2019,2014,11,2020,2013,12
60,usa_NC_0034_0148,usa_NC_0034_0148,backward,1996_2024,-0.8825,0.1454,586,2010_2024,-0.4841,0.3998,0.3984,False,False,False,True,True,True,True,2007,1998,27,2013,2008,17,2013,1999,26,2013,2013,12,2013,2013,12,2019,2014,11,2020,2013,12
60,usa_NC_0034_0149,usa_NC_0034_0149,backward,1996_2024,-0.9775,0.1452,579,2010_2024,-0.65,0.408,0.3275,False,False,False,True,True,True,True,2013,1999,26,2013,2009,16,2013,2008,17,2013,2013,12,2013,2013,12,2019,2014,11,2020,2013,12
61,usa_NC_0034_0150,usa_NC_0034_0150,backward,1996_2024,-1.0186,0.1454,583,2010_2024,-0.6218,0.406,0.3968,False,False,False,True,True,True,True,2013,1999,26,2013,2008,17,2013,2007,18,2013,2013,12,2013,2013,12,2019,2013,12,2020,2013,12
61,usa_NC_0034_0151,usa_NC_0034_0151,backward,1996_2024,-1.0554,0.1378,594,2010_2024,-0.6935,0.3691,0.3619,False,False,False,True,True,True,True,2013,1999,26,2013,2008,17,2013,2008,17,2020,2013,12,2020,2013,12,2020,2013,12,2020,2013,12
61,usa_NC_0034_0152,usa_NC_0034_0152,backward,1996_2024,-1.155,0.1363,593,2010_2024,-0.8817,0.3568,0.2733,False,False,False,True,True,True,True,2012,1999,26,2020,2009,16,2013,2009,16,2020,2013,12,2020,2013,12,2020,2013,12,2020,2013,12
61,usa_NC_0034_0153,usa_NC_0034_0153,backward,1996_2024,-1.2452,0.1353,591,2010_2024,-0.9792,0.3532,0.266,False,False,False,True,True,True,True,2011,1999,26,2012,2009,16,2012,2009,16,2013,2013,12,2013,2013,12,2013,2013,12,2020,2013,12
61,usa_NC_0034_0154,usa_NC_0034_0154,backward,1996_2024,-1.3119,0.1294,601,2010_2024,-1.1134,0.3257,0.1985,False,True,True,True,True,True,True,2011,1999,26,2012,2012,13,2012,2012,13,2013,2013,12,2013,2013,12,2020,2013,12,2020,2013,12
61,usa_NC_0034_0155,usa_NC_0034_0155,backward,1996_2024,-1.3694,0.1265,595,2010_2024,-1.3198,0.322,0.0496,True,True,True,True,True,True,True,2012,1998,27,2012,2012,13,2012,2012,13,2013,2013,12,2013,2013,12,2019,2014,11,2019,2013,12
61,usa_NC_0034_0156,usa_NC_0034_0156,backward,1996_2024,-1.4258,0.1292,606,2010_2024,-1.3712,0.3221,0.0546,True,True,True,True,True,True,True,2011,1998,27,2012,2005,20,2012,2005,20,2012,2012,13,2012,2012,13,2013,2013,12,2013,2013,12
61,usa_NC_0034_0157,usa_NC_0034_0157,backward,1996_2024,-1.4336,0.1289,608,2010_2024,-1.3184,0.3181,0.1152,True,True,True,True,True,True,True,2011,1998,27,2011,2011,14,2011,2011,14,2012,2012,13,2012,2012,13,2013,2013,12,2012,2012,13
61,usa_NC_0034_0158,usa_NC_0034_0158,backward,1996_2024,-1.4878,0.1286,597,2010_2024,-1.3539,0.3124,0.1339,False,True,True,True,True,True,True,2009,1997,28,2011,2002,23,2011,2002,23,2011,2011,14,2011,2011,14,2013,2013,12,2011,2011,14
61,usa_NC_0034_0159,usa_NC_0034_0159,backward,1996_2024,-1.4843,0.1292,596,2010_2024,-1.5088,0.3102,-0.0245,True,True,True,True,True,True,True,2010,1996,29,2011,2001,24,2011,2002,23,2011,2011,14,2012,2012,13,2013,2013,12,2012,2002,23
62,usa_NC_0034_0161,usa_NC_0034_0161,backward,1996_2024,-1.4728,0.131,575,2010_2024,-1.7661,0.3178,-0.2933,False,False,True,True,True,True,True,1996,1996,29,2011,2000,25,2011,2001,24,2012,2005,20,2012,2012,13,2017,2014,11,2012,2001,24
62,usa_NC_0034_0162,usa_NC_0034_0162,backward,1996_2024,-1.4959,0.1328,579,2010_2024,-1.65,0.3344,-0.1541,False,True,True,True,True,True,True,1996,1996,29,2011,1999,26,2011,2000,25,2012,2005,20,2012,2012,13,2017,2014,11,2018,2000,25
62,usa_NC_0034_0163,usa_NC_0034_0163,backward,1996_2024,-1.5416,0.1361,578,2010_2024,-1.6929,0.3446,-0.1513,False,True,True,True,True,True,True,1997,1997,28,2010,1999,26,2010,2000,25,2011,2001,24,2012,2012,13,2017,2014,11,2017,2000,25
62,usa_NC_0034_0164,usa_NC_0034_0164,backward,1996_2024,-1.6586,0.1364,573,2010_2024,-1.7749,0.3443,-0.1163,True,True,True,True,True,True,True,2010,1997,28,2010,1999,26,2010,2000,25,2010,2001,24,2012,2012,13,2017,2014,11,2017,1999,26
62,usa_NC_0034_0165,usa_NC_0034_0165,backward,1996_2024,-1.6984,0.1326,583,2010_2024,-1.7226,0.3286,-0.0242,True,True,True,True,True,True,True,2010,1998,27,2010,1999,26,2010,2000,25,2010,2001,24,2012,2012,13,2014,2014,11,2012,1999,26
62,usa_NC_0034_0166,usa_NC_0034_0166,backward,1996_2024,-1.6862,0.1338,588,2010_2024,-1.5548,0.3351,0.1314,True,True,True,True,True,True,True,2010,1999,26,2010,2000,25,2010,2001,24,2010,2010,15,2010,2010,15,2013,2013,12,2012,2000,25
62,usa_NC_0034_0167,usa_NC_0034_0167,backward,1996_2024,-1.6135,0.1335,577,2010_2024,-1.0962,0.3398,0.5173,False,False,False,False,False,True,False,2006,1999,26,2007,2000,25,2008,2008,17,2008,2008,17,2009,2009,16,2013,2013,12,2008,2008,17
62,usa_NC_0034_0168,usa_NC_0034_0168,backward,1996_2024,-1.5305,0.1421,575,2010_2024,-0.7412,0.3692,0.7893,False,False,False,False,False,True,False,2005,2000,25,2006,2006,19,2006,2006,19,2007,2007,18,2007,2007,18,2010,2010,15,2007,2007,18
62,usa_NC_0034_0169,usa_NC_0034_0169,backward,1996_2024,-1.403,0.1402,568,2010_2024,-0.3762,0.3608,1.0268,False,False,False,False,False,False,False,2003,2000,25,2004,2004,21,2004,2004,21,2005,2005,20,2006,2006,19,2009,2009,16,2005,2005,20
62,usa_NC_0034_0170,usa_NC_0034_0170,backward,1996_2024,-1.355,0.1402,584,2010_2024,-0.0997,0.35,1.2553,False,False,False,False,False,False,False,2003,2003,22,2004,2004,21,2004,2004,21,2005,2005,20,2005,2005,20,2008,2008,17,2004,2004,21
63,usa_NC_0034_0171,usa_NC_0034_0171,backward,1996_2024,-1.2479,0.139,591,2010_2024,0.2359,0.3344,1.4838,False,False,False,False,False,False,False,2002,2002,23,2003,2003,22,2003,2003,22,2004,2004,21,2005,2005,20,2007,2007,18,2003,2003,22
63,usa_NC_0034_0172,usa_NC_0034_0172,backward,1996_2024,-1.1402,0.144,594,2010_2024,0.703,0.3342,1.8432,False,False,False,False,False,False,False,2002,2002,23,2002,2002,23,2002,2002,23,2003,2003,22,2003,2003,22,2006,2006,19,2003,2003,22
63,usa_NC_0034_0173,usa_NC_0034_0173,backward,1996_2024,-1.0813,0.148,599,2010_2024,0.9902,0.3317,2.0715,False,False,False,False,False,False,False,2002,2002,23,2002,2002,23,2002,2002,23,2003,2003,22,2003,2003,22,2006,2006,19,2002,2002,23
63,usa_NC_0034_0174,usa_NC_0034_0174,backward,1996_2024,-0.9372,0.1541,587,2010_2024,1.4159,0.3275,2.3531,False,False,False,False,False,False,False,2001,2001,24,2002,2002,23,2002,2002,23,2002,2002,23,2002,2002,23,2005,2005,20,2002,2002,23
63,usa_NC_0034_0175,usa_NC_0034_0175,backward,1996_2024,-0.8326,0.1526,588,2010_2024,1.487,0.3216,2.3196,False,False,False,False,False,False,False,2001,2001,24,2002,2002,23,2001,2001,24,2002,2002,23,2002,2002,23,2005,2005,20,2002,2002,23
63,usa_NC_0034_0176,usa_NC_0034_0176,backward,1996_2024,-0.8191,0.1512,607,2010_2024,1.4412,0.3212,2.2603,False,False,False,False,False,False,False,2000,2000,25,2002,2002,23,2001,2001,24,2002,2002,23,2002,2002,23,2005,2005,20,2002,2002,23
63,usa_NC_0034_0177,usa_NC_0034_0177,backward,1996_2024,-0.6923,0.1513,592,2010_2024,1.6837,0.3193,2.376,False,False,False,False,False,False,False,2000,2000,25,2001,2001,24,2000,2000,25,2002,2002,23,2002,2002,23,2004,2004,21,2002,2002,23
63,usa_NC_0034_0178,usa_NC_0034_0178,backward,1996_2024,-0.5868,0.1565,588,2010_2024,1.9789,0.3258,2.5657,False,False,False,False,False,False,False,2000,2000,25,2001,2001,24,2000,2000,25,2002,2002,23,2002,2002,23,2004,2004,21,2002,2002,23
63,usa_NC_0034_0179,usa_NC_0034_0179,backward,1996_2024,-0.4751,0.1575,598,2010_2024,2.1209,0.3175,2.596,False,False,False,False,False,False,False,2000,2000,25,2000,2000,25,1999,1999,26,2002,2002,23,2002,2002,23,2004,2004,21,2001,2001,24
63,usa_NC_0034_0180,usa_NC_0034_0180,backward,1996_2024,-0.3503,0.1608,585,2010_2024,2.3526,0.3209,2.7029,False,False,False,False,False,False,False,1999,1999,26,2000,2000,25,1997,1997,28,2001,2001,24,2002,2002,23,2003,2003,22,2000,2000,25
64,usa_NC_0034_0181,usa_NC_0034_0181,backward,1996_2024,-0.3126,0.1599,570,2010_2024,2.4452,0.3133,2.7578,False,False,False,False,False,False,False,2000,2000,25,2000,2000,25,1996,1996,29,2002,2002,23,2002,2002,23,2003,2003,22,2001,2001,24
64,usa_NC_0034_0182,usa_NC_0034_0182,backward,1996_2024,-0.2636,0.159,568,2010_2024,2.4876,0.3147,2.7512,False,False,False,False,False,False,False,2000,2000,25,2000,2000,25,1996,1996,29,2002,2002,23,2002,2002,23,2003,2003,22,2020,2001,24
64,usa_NC_0034_0183,usa_NC_0034_0183,backward,1996_2024,-0.2262,0.1554,564,2010_2024,2.3968,0.3179,2.623,False,False,False,False,False,False,False,2000,2000,25,2000,2000,25,1996,1996,29,2020,2002,23,2020,2002,23,2020,2004,21,2020,2001,24
64,usa_NC_0034_0184,usa_NC_0034_0184,backward,1996_2024,-0.1868,0.1522,569,2010_2024,2.3711,0.3243,2.5579,False,False,False,False,False,False,False,2020,2000,25,2020,2001,24,1996,1996,29,2020,2002,23,2020,2002,23,2020,2004,21,2020,2002,23
64,usa_NC_0034_0185,usa_NC_0034_0185,backward,1996_2024,-0.1795,0.1488,582,2010_2024,2.1958,0.3182,2.3753,False,False,False,False,False,False,False,1999,1999,26,2001,2001,24,1996,1996,29,2002,2002,23,2020,2002,23,2020,2005,20,2020,2002,23
64,usa_NC_0034_0186,usa_NC_0034_0186,backward,1996_2024,-0.159,0.1486,585,2010_2024,2.1015,0.3282,2.2605,False,False,False,False,False,False,False,1999,1999,26,2000,2000,25,1996,1996,29,2002,2002,23,2002,2002,23,2004,2004,21,2020,2002,23
64,usa_NC_0034_0187,usa_NC_0034_0187,backward,1996_2024,-0.1184,0.1496,572,2010_2024,2.1254,0.3434,2.2438,False,False,False,False,False,False,False,1999,1999,26,2000,2000,25,1996,1996,29,2002,2002,23,2002,2002,23,2004,2004,21,2020,2000,25
64,usa_NC_0034_0188,usa_NC_0034_0188,backward,1996_2024,-0.1177,0.1578,570,2010_2024,2.1406,0.3601,2.2583,False,False,False,False,False,False,False,1999,1999,26,2000,2000,25,1996,1996,29,2002,2002,23,2002,2002,23,2004,2004,21,2001,2001,24
64,usa_NC_0034_0189,usa_NC_0034_0189,backward,1996_2024,-0.0571,0.161,573,2010_2024,2.248,0.371,2.3051,False,False,False,False,False,False,False,1998,1998,27,2000,2000,25,1996,1996,29,2002,2002,23,2002,2002,23,2004,2004,21,2000,2000,25
64,usa_NC_0034_0190,usa_NC_0034_0190,backward,1996_2024,0.0145,0.1561,589,2010_2024,2.2068,0.3552,2.1923,False,False,False,False,False,False,False,1998,1998,27,2000,2000,25,1996,1996,29,2002,2002,23,2002,2002,23,2004,2004,21,2020,2000,25
65,usa_NC_0034_0191,usa_NC_0034_0191,backward,1996_2024,0.0093,0.1566,586,2010_2024,2.1002,0.3552,2.0909,False,False,False,False,False,False,False,1998,1998,27,2000,2000,25,1996,1996,29,2001,2001,24,2001,2001,24,2004,2004,21,2020,2000,25
65,usa_NC_0034_0192,usa_NC_0034_0192,backward,1996_2024,0.0971,0.1616,585,2010_2024,2.4812,0.3568,2.3841,False,False,False,False,False,False,False,1998,1998,27,2000,2000,25,1996,1996,29,2020,2001,24,2020,2001,24,2020,2004,21,2020,2000,25
65,usa_NC_0034_0193,usa_NC_0034_0193,backward,1996_2024,0.0952,0.1648,591,2010_2024,2.5161,0.3565,2.4209,False,False,False,False,False,False,False,1997,1997,28,2000,2000,25,1996,1996,29,2020,2001,24,2020,2001,24,2020,2003,22,2020,2000,25
65,usa_NC_0034_0194,usa_NC_0034_0194,backward,1996_2024,0.2117,0.1679,581,2010_2024,2.6826,0.3629,2.4709,False,False,False,False,False,False,False,1998,1998,27,1999,1999,26,1996,1996,29,2000,2000,25,2000,2000,25,2003,2003,22,2020,2000,25
65,usa_NC_0034_0195,usa_NC_0034_0195,backward,1996_2024,0.3187,0.17,596,2010_2024,2.7322,0.3565,2.4135,False,False,False,False,False,False,False,1997,1997,28,1999,1999,26,1996,1996,29,2000,2000,25,2000,2000,25,2003,2003,22,2000,2000,25
65,usa_NC_0034_0196,usa_NC_0034_0196,backward,1996_2024,0.4694,0.1748,592,2010_2024,2.9765,0.3636,2.5071,False,False,False,False,False,False,False,1997,1997,28,1999,1999,26,1996,1996,29,2000,2000,25,2000,2000,25,2002,2002,23,2020,2000,25
65,usa_NC_0034_0197,usa_NC_0034_0197,backward,1996_2024,0.6474,0.179,585,2010_2024,3.1715,0.3726,2.5241,False,False,False,False,False,False,False,1997,1997,28,1998,1998,27,1996,1996,29,2000,2000,25,2000,2000,25,2002,2002,23,2000,2000,25
65,usa_NC_0034_0198,usa_NC_0034_0198,backward,1996_2024,0.7984,0.1747,588,2010_2024,3.1943,0.3582,2.3959,False,False,False,False,False,False,False,1997,1997,28,1998,1998,27,1996,1996,29,2000,2000,25,2000,2000,25,2002,2002,23,2000,2000,25
65,usa_NC_0034_0199,usa_NC_0034_0199,backward,1996_2024,0.9906,0.1831,578,2010_2024,3.4695,0.3774,2.4789,False,False,False,False,False,False,False,1997,1997,28,1998,1998,27,1997,1997,28,2000,2000,25,2000,2000,25,2002,2002,23,2020,2000,25
65,usa_NC_0034_0200,usa_NC_0034_0200,backward,1996_2024,1.1393,0.1817,566,2010_2024,3.7236,0.361,2.5843,False,False,False,False,False,False,False,1996,1996,29,1998,1998,27,1997,1997,28,2000,2000,25,2000,2000,25,2002,2002,23,1999,1999,26
66,usa_NC_0034_0201,usa_NC_0034_0201,backward,1996_2024,1.3357,0.183,565,2010_2024,4.0117,0.3633,2.676,False,False,False,False,False,False,False,1996,1996,29,1998,1998,27,1998,1998,27,2000,2000,25,2000,2000,25,2002,2002,23,1999,1999,26
66,usa_NC_0034_0202,usa_NC_0034_0202,backward,1996_2024,1.5597,0.1834,562,2010_2024,4.2925,0.3779,2.7328,False,False,False,False,False,False,False,1996,1996,29,1998,1998,27,1998,1998,27,2000,2000,25,2000,2000,25,2002,2002,23,1999,1999,26
66,usa_NC_0034_0203,usa_NC_0034_0203,backward,1996_2024,1.7525,0.1794,561,2010_2024,4.5012,0.379,2.7487,False,False,False,False,False,False,False,1997,1997,28,1998,1998,27,1999,1999,26,2000,2000,25,2000,2000,25,2002,2002,23,1999,1999,26
66,usa_NC_0034_0204,usa_NC_0034_0204,backward,1996_2024,1.9019,0.1799,563,2010_2024,4.6684,0.3867,2.7665,False,False,False,False,False,False,False,1997,1997,28,1998,1998,27,1999,1999,26,2000,2000,25,2000,2000,25,2002,2002,23,2020,1999,26
66,usa_NC_0034_0205,usa_NC_0034_0205,backward,1996_2024,2.0829,0.1833,573,2010_2024,4.8655,0.3876,2.7826,False,False,False,False,False,False,False,1997,1997,28,1998,1998,27,1999,1999,26,2000,2000,25,2000,2000,25,2002,2002,23,2020,1999,26
66,usa_NC_0034_0206,usa_NC_0034_0206,backward,1996_2024,2.2156,0.1822,570,2010_2024,4.9143,0.393,2.6987,False,False,False,False,False,False,False,1997,1997,28,1998,1998,27,1999,1999,26,2000,2000,25,2000,2000,25,2002,2002,23,2020,1999,26
66,usa_NC_0034_0207,usa_NC_0034_0207,backward,1996_2024,2.305,0.1921,562,2010_2024,5.0575,0.415,2.7525,False,False,False,False,False,False,False,1997,1997,28,1998,1998,27,2020,1999,26,2020,2000,25,2020,1999,26,2020,2002,23,2020,1999,26
66,usa_NC_0034_0208,usa_NC_0034_0208,backward,1996_2024,2.4683,0.1919,556,2010_2024,5.1454,0.4024,2.6771,False,False,False,False,False,False,False,1997,1997,28,2020,1998,27,2020,1999,26,2020,2000,25,2020,1999,26,2020,2002,23,2020,1999,26
66,usa_NC_0034_0209,usa_NC_0034_0209,backward,1996_2024,2.5729,0.1827,571,2010_2024,5.1419,0.3825,2.569,False,False,False,False,False,False,False,1997,1997,28,1998,1998,27,1999,1999,26,2000,2000,25,1999,1999,26,2020,2002,23,2020,1999,26
66,usa_NC_0034_0210,usa_NC_0034_0210,backward,1996_2024,2.6435,0.1818,581,2010_2024,5.1823,0.3776,2.5388,False,False,False,False,False,False,False,1996,1996,29,1997,1997,28,2000,2000,25,2000,2000,25,2000,2000,25,2002,2002,23,1999,1999,26
66,usa_NC_0034_0211,usa_NC_0034_0211,backward,1996_2024,2.7224,0.1732,583,2010_2024,5.0127,0.3722,2.2903,False,False,False,False,False,False,False,1996,1996,29,1998,1998,27,2000,2000,25,2000,2000,25,2000,2000,25,2003,2003,22,1999,1999,26
67,usa_NC_0034_0212,usa_NC_0034_0212,backward,1996_2024,2.8396,0.1697,585,2010_2024,5.0713,0.3667,2.2317,False,False,False,False,False,False,False,1996,1996,29,1998,1998,27,2001,2001,24,2000,2000,25,2000,2000,25,2003,2003,22,1999,1999,26
67,usa_NC_0034_0213,usa_NC_0034_0213,backward,1996_2024,2.8465,0.1674,578,2010_2024,4.8651,0.3716,2.0186,False,False,False,False,False,False,False,1996,1996,29,1998,1998,27,2002,2002,23,2001,2001,24,2001,2001,24,2006,2004,21,1999,1999,26
67,usa_NC_0034_0214,usa_NC_0034_0214,backward,1996_2024,2.8613,0.1594,586,2010_2024,4.5857,0.3559,1.7244,False,False,False,False,False,False,False,1996,1996,29,1998,1998,27,2002,2002,23,2002,2002,23,2002,2002,23,2007,2007,18,2000,2000,25
67,usa_NC_0034_0215,usa_NC_0034_0215,backward,1996_2024,2.9111,0.1565,593,2010_2024,4.4687,0.3507,1.5576,False,False,False,False,False,False,False,1997,1997,28,2000,2000,25,2006,2004,21,2002,2002,23,2003,2003,22,2008,2008,17,2002,2002,23
67,usa_NC_0034_0216,usa_NC_0034_0216,backward,1996_2024,2.8352,0.1524,585,2010_2024,4.2271,0.3545,1.3919,False,False,False,False,False,False,False,1997,1997,28,2002,2002,23,2007,2007,18,2006,2006,19,2007,2007,18,2008,2008,17,2006,2002,23
67,usa_NC_0034_0217,usa_NC_0034_0217,backward,1996_2024,2.8108,0.1466,578,2010_2024,3.9678,0.3394,1.157,False,False,False,False,False,False,False,2000,1997,28,2006,2002,23,2008,2008,17,2007,2007,18,2007,2007,18,2009,2009,16,2007,2007,18
67,usa_NC_0034_0218,usa_NC_0034_0218,backward,1996_2024,2.7536,0.1421,578,2010_2024,3.5125,0.3244,0.7589,False,False,False,False,False,True,False,2007,1998,27,2008,2008,17,2008,2008,17,2008,2008,17,2008,2008,17,2014,2014,11,2008,2008,17
67,usa_NC_0034_0219,usa_NC_0034_0219,backward,1996_2024,2.707,0.1468,584,2010_2024,3.167,0.3273,0.46,False,False,True,False,True,True,True,2008,2004,21,2008,2005,20,2013,2010,15,2013,2009,16,2013,2010,15,2014,2014,11,2014,2005,20
67,usa_NC_0034_0220,usa_NC_0034_0220,backward,1996_2024,2.5928,0.1537,570,2010_2024,2.9013,0.3278,0.3085,False,False,True,True,True,True,True,2009,2003,22,2012,2003,22,2014,2005,20,2013,2004,21,2013,2005,20,2014,2014,11,2014,2004,21
67,usa_NC_0034_0221,usa_NC_0034_0221,backward,1996_2024,2.5528,0.1578,569,2010_2024,2.4988,0.3388,-0.054,True,True,True,True,True,True,True,2013,2002,23,2013,2002,23,2014,2004,21,2014,2004,21,2014,2004,21,2014,2014,11,2014,2003,22
68,usa_NC_0034_0222,usa_NC_0034_0222,backward,1996_2024,2.5276,0.1618,564,2010_2024,2.326,0.3467,-0.2016,False,True,True,True,True,True,True,2013,2001,24,2013,2002,23,2014,2003,22,2014,2003,22,2014,2003,22,2015,2005,20,2014,2003,22
68,usa_NC_0034_0223,usa_NC_0034_0223,backward,1996_2024,2.4676,0.1653,561,2010_2024,1.9853,0.3415,-0.4823,False,False,True,True,True,True,True,2013,2000,25,2013,2001,24,2014,2002,23,2014,2002,23,2014,2002,23,2015,2004,21,2020,2002,23
68,usa_NC_0034_0224,usa_NC_0034_0224,backward,1996_2024,2.4241,0.1704,580,2010_2024,1.8878,0.3427,-0.5363,False,False,False,False,False,True,False,2013,2000,25,2013,2000,25,2014,2002,23,2014,2002,23,2014,2002,23,2014,2004,21,2020,2001,24
68,usa_NC_0034_0225,usa_NC_0034_0225,backward,1996_2024,2.4116,0.1706,580,2010_2024,1.9693,0.3434,-0.4423,False,False,True,True,True,True,True,2013,2000,25,2013,2000,25,2013,2002,23,2013,2002,23,2013,2002,23,2020,2004,21,2020,2001,24
68,usa_NC_0034_0226,usa_NC_0034_0226,backward,1996_2024,2.3625,0.1704,575,2010_2024,1.886,0.3564,-0.4765,False,False,False,True,True,True,True,2012,2000,25,2013,2000,25,2013,2002,23,2013,2002,23,2013,2002,23,2020,2004,21,2020,2001,24
68,usa_NC_0034_0227,usa_NC_0034_0227,backward,1996_2024,2.3111,0.17,573,2010_2024,1.8092,0.3598,-0.5019,False,False,False,True,False,True,True,2012,2000,25,2012,2000,25,2013,2001,24,2013,2002,23,2013,2002,23,2013,2004,21,2020,2001,24
68,usa_NC_0034_0228,usa_NC_0034_0228,backward,1996_2024,2.1892,0.1769,570,2010_2024,1.5149,0.3745,-0.6743,False,False,False,False,False,True,False,2012,2000,25,2012,2000,25,2013,2001,24,2013,2001,24,2013,2001,24,2013,2003,22,2020,2001,24
68,usa_NC_0034_0229,usa_NC_0034_0229,backward,1996_2024,2.0906,0.177,583,2010_2024,1.2228,0.3636,-0.8678,False,False,False,False,False,True,False,2012,2000,25,2012,2000,25,2013,2001,24,2013,2001,24,2013,2001,24,2014,2003,22,2013,2001,24
68,usa_NC_0034_0230,usa_NC_0034_0230,backward,1996_2024,1.9551,0.1748,593,2010_2024,0.9615,0.3528,-0.9936,False,False,False,False,False,True,False,2012,1999,26,2013,2000,25,2013,2000,25,2013,2001,24,2013,2001,24,2014,2003,22,2013,2000,25
68,usa_NC_0034_0231,usa_NC_0034_0231,backward,1996_2024,1.8904,0.1811,585,2010_2024,0.9997,0.3786,-0.8907,False,False,False,False,False,True,False,1999,1999,26,2012,2000,25,2012,2000,25,2013,2001,24,2013,2001,24,2013,2003,22,2013,2000,25
69,usa_NC_0034_0232,usa_NC_0034_0232,backward,1996_2024,1.8318,0.1772,582,2010_2024,1.1412,0.3781,-0.6906,False,False,False,False,False,True,False,1999,1999,26,2000,2000,25,2011,2000,25,2012,2001,24,2012,2001,24,2013,2003,22,2012,2000,25
69,usa_NC_0034_0233,usa_NC_0034_0233,backward,1996_2024,1.7893,0.1707,581,2010_2024,1.2909,0.3645,-0.4984,False,False,False,True,True,True,True,1999,1999,26,2011,2000,25,2011,2000,25,2012,2001,24,2012,2001,24,2013,2003,22,2012,2000,25
69,usa_NC_0034_0234,usa_NC_0034_0234,backward,1996_2024,1.719,0.1705,598,2010_2024,1.3287,0.3615,-0.3903,False,False,False,True,True,True,True,2011,2000,25,2011,2000,25,2011,2000,25,2012,2001,24,2012,2001,24,2013,2004,21,2012,2001,24
69,usa_NC_0034_0235,usa_NC_0034_0235,backward,1996_2024,1.5999,0.1665,601,2010_2024,1.4443,0.3687,-0.1556,True,True,True,True,True,True,True,2010,2000,25,2011,2000,25,2011,2000,25,2011,2002,23,2011,2002,23,2013,2004,21,2012,2001,24
69,usa_NC_0034_0236,usa_NC_0034_0236,backward,1996_2024,1.5376,0.1584,590,2010_2024,1.5354,0.3614,-0.0022,True,True,True,True,True,True,True,2010,2000,25,2010,2001,24,2010,2001,24,2011,2002,23,2011,2002,23,2012,2004,21,2011,2001,24
69,usa_NC_0034_0237,usa_NC_0034_0237,backward,1996_2024,1.4356,0.1524,587,2010_2024,1.3847,0.3362,-0.0509,True,True,True,True,True,True,True,2010,2000,25,2011,2001,24,2011,2001,24,2011,2002,23,2011,2002,23,2012,2005,20,2011,2001,24
69,usa_NC_0034_0238,usa_NC_0034_0238,backward,1996_2024,1.386,0.1471,589,2010_2024,1.4127,0.3267,0.0267,True,True,True,True,True,True,True,2010,2000,25,2010,2001,24,2010,2001,24,2011,2002,23,2011,2003,22,2012,2012,13,2011,2002,23
69,usa_NC_0034_0239,usa_NC_0034_0239,backward,1996_2024,1.4046,0.1448,574,2010_2024,1.7831,0.3345,0.3785,False,False,False,True,True,True,True,2009,2001,24,2009,2002,23,2009,2002,23,2010,2003,22,2010,2003,22,2012,2012,13,2010,2002,23
69,usa_NC_0034_0240,usa_NC_0034_0240,backward,1996_2024,1.312,0.1395,572,2010_2024,1.8644,0.3098,0.5524,False,False,False,False,False,True,False,2001,2001,24,2008,2002,23,2008,2002,23,2009,2003,22,2009,2004,21,2012,2012,13,2009,2003,22
69,usa_NC_0034_0241,usa_NC_0034_0241,backward,1996_2024,1.2758,0.1392,567,2010_2024,1.9112,0.3232,0.6354,False,False,False,False,False,True,False,2008,2001,24,2008,2002,23,2008,2002,23,2009,2009,16,2009,2009,16,2011,2011,14,2020,2003,22
70,usa_NC_0034_0243,usa_NC_0034_0243,backward,1996_2024,1.0945,0.1311,570,2010_2024,1.8439,0.2934,0.7494,False,False,False,False,False,True,False,2007,2002,23,2008,2003,22,2008,2002,23,2008,2008,17,2008,2008,17,2011,2011,14,2020,2008,17
70,usa_NC_0034_0244,usa_NC_0034_0244,backward,1996_2024,0.9431,0.1273,581,2010_2024,1.8327,0.2677,0.8896,False,False,False,False,False,True,False,2007,2002,23,2007,2007,18,2007,2007,18,2008,2008,17,2008,2008,17,2010,2010,15,2020,2008,17
70,usa_NC_0034_0245,usa_NC_0034_0245,backward,1996_2024,0.8999,0.1272,571,2010_2024,1.8775,0.2858,0.9776,False,False,False,False,False,True,False,2006,2006,19,2007,2007,18,2007,2007,18,2007,2007,18,2008,2008,17,2020,2010,15,2020,2007,18
70,usa_NC_0034_0246,usa_NC_0034_0246,backward,1996_2024,0.8459,0.1355,568,2010_2024,1.7837,0.3237,0.9378,False,False,False,False,False,True,False,2006,2000,25,2007,2007,18,2007,2007,18,2007,2007,18,2020,2008,17,2020,2011,14,2020,2007,18
70,usa_NC_0034_0247,usa_NC_0034_0247,backward,1996_2024,0.8187,0.1387,565,2010_2024,2.0,0.3253,1.1813,False,False,False,False,False,False,False,2004,2000,25,2005,2005,20,2004,2000,25,2020,2006,19,2020,2007,18,2020,2009,16,2020,2006,19
70,usa_NC_0034_0248,usa_NC_0034_0248,backward,1996_2024,0.7921,0.1367,574,2010_2024,2.0343,0.3195,1.2422,False,False,False,False,False,False,False,2019,1999,26,2019,2004,21,2019,2000,25,2020,2005,20,2020,2006,19,2020,2008,17,2020,2005,20
70,usa_NC_0034_0249,usa_NC_0034_0249,backward,1996_2024,0.7599,0.1372,589,2010_2024,2.0169,0.3149,1.257,False,False,False,False,False,False,False,2000,2000,25,2004,2004,21,2000,2000,25,2004,2004,21,2019,2005,20,2019,2008,17,2020,2004,21
70,usa_NC_0034_0250,usa_NC_0034_0250,backward,1996_2024,0.7689,0.1377,584,2010_2024,1.9738,0.3305,1.2049,False,False,False,False,False,False,False,2000,2000,25,2003,2003,22,2000,2000,25,2018,2004,21,2018,2005,20,2018,2008,17,2019,2004,21
70,usa_NC_0035_0001,usa_NC_0035_0001,backward,1996_2024,0.7474,0.1355,630,2010_2024,2.001,0.3262,1.2536,False,False,False,False,False,False,False,2000,2000,25,2002,2002,23,2000,2000,25,2018,2004,21,2018,2004,21,2019,2008,17,2019,2004,21
70,usa_NC_0035_0002,usa_NC_0035_0002,backward,1996_2024,0.7513,0.1354,627,2010_2024,1.8676,0.3407,1.1163,False,False,False,False,False,False,False,2000,2000,25,2018,2002,23,2000,2000,25,2018,2004,21,2018,2005,20,2018,2008,17,2018,2004,21
71,usa_NC_0035_0003,usa_NC_0035_0003,backward,1996_2024,0.7514,0.1337,623,2010_2024,1.5613,0.336,0.8099,False,False,False,False,False,True,False,2000,2000,25,2018,2004,21,2000,2000,25,2018,2004,21,2018,2005,20,2018,2012,13,2018,2004,21
71,usa_NC_0035_0004,usa_NC_0035_0004,backward,1996_2024,0.7319,0.1359,641,2010_2024,1.4776,0.3332,0.7457,False,False,False,False,False,True,False,2000,2000,25,2018,2002,23,2000,2000,25,2018,2004,21,2018,2005,20,2018,2012,13,2018,2004,21
71,usa_NC_0035_0005,usa_NC_0035_0005,backward,1996_2024,0.6452,0.131,632,2010_2024,1.2517,0.3287,0.6065,False,False,False,False,False,True,False,2000,2000,25,2002,2002,23,2000,2000,25,2004,2004,21,2018,2005,20,2018,2014,11,2018,2004,21
71,usa_NC_0035_0006,usa_NC_0035_0006,backward,1996_2024,0.5744,0.1284,624,2010_2024,1.1408,0.316,0.5664,False,False,False,False,False,True,False,2000,2000,25,2018,2001,24,2000,2000,25,2018,2002,23,2018,2004,21,2018,2014,11,2020,2001,24
71,usa_NC_0035_0007,usa_NC_0035_0007,backward,1996_2024,0.5796,0.1324,624,2010_2024,1.1482,0.3198,0.5686,False,False,False,False,False,True,False,2000,2000,25,2000,2000,25,2000,2000,25,2018,2002,23,2018,2004,21,2018,2014,11,2020,2001,24
71,usa_NC_0035_0008,usa_NC_0035_0008,backward,1996_2024,0.6421,0.1335,623,2010_2024,1.2423,0.3211,0.6002,False,False,False,False,False,True,False,2000,2000,25,2018,2000,25,2000,2000,25,2018,2001,24,2018,2002,23,2018,2014,11,2020,2001,24
71,usa_NC_0035_0009,usa_NC_0035_0009,backward,1996_2024,0.6699,0.1393,614,2010_2024,1.4255,0.3367,0.7556,False,False,False,False,False,True,False,2000,2000,25,2018,2000,25,2000,2000,25,2018,2001,24,2018,2002,23,2018,2010,15,2019,2001,24
71,usa_NC_0035_0010,usa_NC_0035_0010,backward,1996_2024,0.7144,0.1453,621,2010_2024,1.6111,0.35,0.8967,False,False,False,False,False,True,False,2000,2000,25,2000,2000,25,2000,2000,25,2018,2001,24,2018,2002,23,2018,2010,15,2019,2001,24
71,usa_NC_0035_0011,usa_NC_0035_0011,backward,1996_2024,0.7508,0.1548,606,2010_2024,1.674,0.3738,0.9232,False,False,False,False,False,True,False,2000,2000,25,2000,2000,25,2000,2000,25,2018,2001,24,2018,2001,24,2018,2010,15,2019,2001,24
71,usa_NC_0035_0012,usa_NC_0035_0012,backward,1996_2024,0.8143,0.1535,600,2010_2024,1.7567,0.3751,0.9424,False,False,False,False,False,True,False,2000,2000,25,2000,2000,25,2000,2000,25,2001,2001,24,2001,2001,24,2018,2010,15,2018,2000,25
72,usa_NC_0035_0013,usa_NC_0035_0013,backward,1996_2024,0.8417,0.15,612,2010_2024,1.7702,0.3646,0.9285,False,False,False,False,False,True,False,2000,2000,25,2000,2000,25,2000,2000,25,2001,2001,24,2001,2001,24,2018,2018,7,2018,2000,25
72,usa_NC_0035_0014,usa_NC_0035_0014,backward,1996_2024,0.8926,0.1477,623,2010_2024,1.8562,0.3629,0.9636,False,False,False,False,False,True,False,2017,2000,25,2017,2000,25,2017,2000,25,2017,2001,24,2017,2002,23,2017,2017,8,2017,2000,25
72,usa_NC_0035_0015,usa_NC_0035_0015,backward,1996_2024,0.951,0.1478,612,2010_2024,1.7787,0.3693,0.8277,False,False,False,False,False,True,False,2016,2000,25,2016,2000,25,2016,2000,25,2017,2001,24,2017,2002,23,2017,2017,8,2017,2001,24
72,usa_NC_0035_0016,usa_NC_0035_0016,backward,1996_2024,0.9861,0.1469,602,2010_2024,1.7334,0.3647,0.7473,False,False,False,False,False,True,False,2014,2000,25,2015,2000,25,2015,2000,25,2015,2001,24,2015,2002,23,2017,2017,8,2017,2001,24
72,usa_NC_0035_0017,usa_NC_0035_0017,backward,1996_2024,0.9884,0.1491,601,2010_2024,1.6005,0.3743,0.6121,False,False,False,False,False,True,False,2000,2000,25,2012,2000,25,2000,2000,25,2014,2002,23,2014,2002,23,2016,2016,9,2016,2001,24
72,usa_NC_0035_0018,usa_NC_0035_0018,backward,1996_2024,1.0809,0.1489,611,2010_2024,1.7322,0.3613,0.6513,False,False,False,False,False,True,False,2000,2000,25,2000,2000,25,2000,2000,25,2012,2001,24,2012,2002,23,2014,2014,11,2013,2001,24
72,usa_NC_0035_0019,usa_NC_0035_0019,backward,1996_2024,1.11,0.1479,618,2010_2024,1.7762,0.3613,0.6662,False,False,False,False,False,True,False,2000,2000,25,2000,2000,25,2000,2000,25,2012,2001,24,2012,2002,23,2014,2014,11,2013,2001,24
72,usa_NC_0035_0020,usa_NC_0035_0020,backward,1996_2024,1.1143,0.1549,619,2010_2024,1.7688,0.3811,0.6545,False,False,False,False,False,True,False,2000,2000,25,2011,2000,25,2000,2000,25,2011,2001,24,2011,2002,23,2014,2014,11,2011,2001,24
72,usa_NC_0035_0021,usa_NC_0035_0021,backward,1996_2024,1.1389,0.1578,626,2010_2024,1.8494,0.3821,0.7105,False,False,False,False,False,True,False,2000,2000,25,2000,2000,25,2000,2000,25,2011,2001,24,2011,2001,24,2014,2004,21,2013,2001,24
72,usa_NC_0035_0022,usa_NC_0035_0022,backward,1996_2024,1.0788,0.1583,610,2010_2024,1.6576,0.378,0.5788,False,False,False,False,False,True,False,2011,2000,25,2011,2000,25,2011,2000,25,2011,2001,24,2011,2001,24,2013,2004,21,2011,2001,24
73,usa_NC_0035_0023,usa_NC_0035_0023,backward,1996_2024,1.0926,0.1566,631,2010_2024,1.5651,0.367,0.4725,False,False,False,False,True,True,True,2011,2000,25,2011,2000,25,2011,2000,25,2011,2001,24,2011,2002,23,2013,2011,14,2011,2001,24
73,usa_NC_0035_0024,usa_NC_0035_0024,backward,1996_2024,1.0987,0.1541,649,2010_2024,1.445,0.3602,0.3463,False,False,False,True,True,True,True,2000,2000,25,2000,2000,25,2000,2000,25,2011,2002,23,2011,2002,23,2011,2011,14,2011,2001,24
73,usa_NC_0035_0025,usa_NC_0035_0025,backward,1996_2024,1.1132,0.1523,626,2010_2024,1.1104,0.365,-0.0028,True,True,True,True,True,True,True,2010,2000,25,2010,2001,24,2010,2001,24,2010,2002,23,2010,2002,23,2011,2011,14,2010,2002,23
73,usa_NC_0035_0026,usa_NC_0035_0026,backward,1996_2024,1.1821,0.1518,622,2010_2024,0.8815,0.3666,-0.3006,False,False,False,True,True,True,True,2008,2000,25,2009,2001,24,2009,2001,24,2010,2002,23,2010,2003,22,2010,2010,15,2010,2002,23
73,usa_NC_0035_0027,usa_NC_0035_0027,backward,1996_2024,1.1476,0.1513,626,2010_2024,0.5447,0.3754,-0.6029,False,False,False,False,False,True,False,2007,2001,24,2008,2002,23,2008,2002,23,2008,2004,21,2009,2009,16,2010,2010,15,2009,2003,22
73,usa_NC_0035_0028,usa_NC_0035_0028,backward,1996_2024,1.105,0.1559,624,2010_2024,0.2433,0.4015,-0.8617,False,False,False,False,False,True,False,2006,2002,23,2007,2004,21,2007,2003,22,2008,2008,17,2008,2008,17,2010,2010,15,2008,2008,17
73,usa_NC_0035_0029,usa_NC_0035_0029,backward,1996_2024,1.0401,0.1615,620,2010_2024,-0.0664,0.4252,-1.1065,False,False,False,False,False,False,False,2006,2006,19,2006,2006,19,2006,2006,19,2007,2007,18,2007,2007,18,2009,2009,16,2007,2007,18
73,usa_NC_0035_0030,usa_NC_0035_0030,backward,1996_2024,1.0012,0.1623,611,2010_2024,-0.3245,0.4292,-1.3257,False,False,False,False,False,False,False,2006,2006,19,2006,2006,19,2006,2006,19,2006,2006,19,2006,2006,19,2008,2008,17,2006,2006,19
73,usa_NC_0035_0031,usa_NC_0035_0031,backward,1996_2024,0.9276,0.1558,600,2010_2024,-0.5633,0.4001,-1.4909,False,False,False,False,False,False,False,2005,2005,20,2005,2005,20,2005,2005,20,2006,2006,19,2006,2006,19,2008,2008,17,2006,2006,19
73,usa_NC_0035_0032,usa_NC_0035_0032,backward,1996_2024,0.855,0.153,606,2010_2024,-0.8067,0.3899,-1.6617,False,False,False,False,False,False,False,2000,2000,25,2005,2005,20,2002,2000,25,2006,2006,19,2006,2006,19,2007,2007,18,2006,2006,19
74,usa_NC_0035_0034,usa_NC_0035_0034,backward,1996_2024,0.7828,0.1513,617,2010_2024,-0.9026,0.3857,-1.6854,False,False,False,False,False,False,False,1999,1999,26,2000,2000,25,1999,1999,26,2005,2005,20,2005,2005,20,2018,2008,17,2020,2005,20
74,usa_NC_0035_0035,usa_NC_0035_0035,backward,1996_2024,0.7517,0.1484,618,2010_2024,-0.851,0.3832,-1.6027,False,False,False,False,False,False,False,1999,1999,26,2000,2000,25,1999,1999,26,2003,2003,22,2018,2004,21,2019,2008,17,2020,2002,23
74,usa_NC_0035_0036,usa_NC_0035_0036,backward,1996_2024,0.713,0.1521,606,2010_2024,-0.8413,0.3856,-1.5543,False,False,False,False,False,False,False,2018,1998,27,2018,2000,25,1998,1998,27,2018,2002,23,2018,2002,23,2019,2007,18,2020,2001,24
74,usa_NC_0035_0037,usa_NC_0035_0037,backward,1996_2024,0.6289,0.1511,608,2010_2024,-0.9461,0.3828,-1.575,False,False,False,False,False,False,False,1998,1998,27,2000,2000,25,1997,1997,28,2002,2002,23,2002,2002,23,2019,2007,18,2019,2000,25
74,usa_NC_0035_0038,usa_NC_0035_0038,backward,1996_2024,0.5369,0.1467,620,2010_2024,-0.9479,0.3678,-1.4848,False,False,False,False,False,False,False,2018,1998,27,2018,1999,26,2018,1996,29,2018,2001,24,2019,2002,23,2019,2007,18,2020,2000,25
74,usa_NC_0035_0039,usa_NC_0035_0039,backward,1996_2024,0.4555,0.1439,618,2010_2024,-0.7573,0.3597,-1.2128,False,False,False,False,False,False,False,1997,1997,28,1999,1999,26,1996,1996,29,2019,2001,24,2019,2002,23,2020,2008,17,2020,2000,25
74,usa_NC_0035_0040,usa_NC_0035_0040,backward,1996_2024,0.3389,0.1393,622,2010_2024,-0.7231,0.338,-1.062,False,False,False,False,False,False,False,2018,1997,28,2018,1999,26,1996,1996,29,2018,2001,24,2018,2002,23,2019,2008,17,2020,2000,25
74,usa_NC_0035_0041,usa_NC_0035_0041,backward,1996_2024,0.1509,0.1384,628,2010_2024,-0.7477,0.333,-0.8986,False,False,False,False,False,True,False,1998,1998,27,2018,1999,26,1996,1996,29,2018,2000,25,2019,2001,24,2020,2011,14,2020,2000,25
74,usa_NC_0035_0042,usa_NC_0035_0042,backward,1996_2024,-0.0963,0.1392,626,2010_2024,-1.039,0.3216,-0.9427,False,False,False,False,False,True,False,1998,1998,27,2018,1999,26,1996,1996,29,2020,2000,25,2020,2001,24,2020,2011,14,2020,1999,26
74,usa_NC_0035_0043,usa_NC_0035_0043,backward,1996_2024,-0.3643,0.1364,642,2010_2024,-1.0618,0.3035,-0.6975,False,False,False,False,False,True,False,2019,1998,27,2019,1999,26,2019,1997,28,2020,2000,25,2020,2001,24,2020,2016,9,2020,1999,26
75,usa_NC_0035_0044,usa_NC_0035_0044,backward,1996_2024,-0.5986,0.1389,642,2010_2024,-1.127,0.3212,-0.5284,False,False,False,False,False,True,False,2018,1998,27,2018,1999,26,2018,1998,27,2020,2001,24,2020,2001,24,2020,2016,9,2020,1999,26
75,usa_NC_0035_0045,usa_NC_0035_0045,backward,1996_2024,-0.7338,0.1378,635,2010_2024,-0.9477,0.3231,-0.2139,False,True,False,True,True,True,True,2018,1998,27,2018,1999,26,2018,1998,27,2018,2001,24,2019,2002,23,2020,2016,9,2020,1999,26
75,usa_NC_0035_0046,usa_NC_0035_0046,backward,1996_2024,-0.7915,0.1356,625,2010_2024,-0.5423,0.3144,0.2492,False,True,False,True,True,True,True,2018,1998,27,2018,1999,26,2018,1999,26,2018,2001,24,2018,2002,23,2019,2016,9,2020,2000,25
75,usa_NC_0035_0047,usa_NC_0035_0047,backward,1996_2024,-0.8212,0.1399,628,2010_2024,-0.0593,0.3123,0.7619,False,False,False,False,False,True,False,2007,1999,26,2018,2001,24,2007,1999,26,2018,2002,23,2018,2008,17,2019,2012,13,2020,2001,24
75,usa_NC_0035_0048,usa_NC_0035_0048,backward,1996_2024,-0.8695,0.1471,625,2010_2024,0.3798,0.3233,1.2493,False,False,False,False,False,False,False,2016,1999,26,2016,2001,24,2016,2000,25,2018,2007,18,2018,2008,17,2018,2008,17,2020,2002,23
75,usa_NC_0035_0049,usa_NC_0035_0049,backward,1996_2024,-0.9493,0.1566,625,2010_2024,0.6374,0.3392,1.5867,False,False,False,False,False,False,False,2006,2001,24,2006,2001,24,2006,2001,24,2016,2007,18,2016,2007,18,2020,2008,17,2020,2007,18
75,usa_NC_0035_0050,usa_NC_0035_0050,backward,1996_2024,-0.9814,0.1594,613,2010_2024,0.6938,0.3568,1.6752,False,False,False,False,False,False,False,2017,2001,24,2017,2001,24,2017,2001,24,2017,2007,18,2017,2007,18,2017,2008,17,2020,2007,18
75,usa_NC_0035_0051,usa_NC_0035_0051,backward,1996_2024,-1.09,0.1619,609,2010_2024,0.6325,0.3659,1.7225,False,False,False,False,False,False,False,2006,2001,24,2006,2002,23,2006,2002,23,2017,2007,18,2017,2007,18,2020,2008,17,2020,2007,18
75,usa_NC_0035_0052,usa_NC_0035_0052,backward,1996_2024,-1.1886,0.1604,618,2010_2024,0.4688,0.3593,1.6574,False,False,False,False,False,False,False,2006,2001,24,2006,2006,19,2006,2006,19,2007,2007,18,2007,2007,18,2020,2008,17,2020,2007,18
75,usa_NC_0035_0053,usa_NC_0035_0053,backward,1996_2024,-1.3477,0.1631,628,2010_2024,0.4819,0.3503,1.8296,False,False,False,False,False,False,False,2006,2004,21,2020,2006,19,2020,2006,19,2020,2006,19,2020,2006,19,2020,2007,18,2020,2006,19
76,usa_NC_0035_0054,usa_NC_0035_0054,backward,1996_2024,-1.5115,0.1639,624,2010_2024,0.3156,0.3585,1.8271,False,False,False,False,False,False,False,2004,2004,21,2006,2004,21,2006,2004,21,2006,2006,19,2006,2006,19,2017,2007,18,2020,2006,19
76,usa_NC_0035_0055,usa_NC_0035_0055,backward,1996_2024,-1.7466,0.1607,622,2010_2024,0.0527,0.36,1.7993,False,False,False,False,False,False,False,2004,2004,21,2006,2004,21,2017,2004,21,2017,2006,19,2017,2006,19,2019,2007,18,2019,2006,19
76,usa_NC_0035_0056,usa_NC_0035_0056,backward,1996_2024,-1.8487,0.154,617,2010_2024,-0.2212,0.3517,1.6275,False,False,False,False,False,False,False,2018,2003,22,2019,2003,22,2019,2004,21,2019,2004,21,2019,2006,19,2019,2007,18,2019,2004,21
76,usa_NC_0035_0057,usa_NC_0035_0057,backward,1996_2024,-1.9362,0.1521,625,2010_2024,-0.4164,0.3573,1.5198,False,False,False,False,False,False,False,2000,2000,25,2003,2003,22,2004,2004,21,2006,2004,21,2006,2006,19,2016,2007,18,2016,2004,21
76,usa_NC_0035_0058,usa_NC_0035_0058,backward,1996_2024,-2.047,0.1517,630,2010_2024,-0.7285,0.3723,1.3185,False,False,False,False,False,False,False,1999,1999,26,2000,2000,25,2015,2004,21,2015,2004,21,2015,2006,19,2015,2007,18,2015,2003,22
76,usa_NC_0035_0059,usa_NC_0035_0059,backward,1996_2024,-2.1404,0.1551,634,2010_2024,-0.873,0.387,1.2674,False,False,False,False,False,False,False,2015,1996,29,2015,1999,26,2015,2004,21,2015,2004,21,2015,2005,20,2015,2007,18,2015,2000,25
76,usa_NC_0035_0060,usa_NC_0035_0060,backward,1996_2024,-2.1658,0.1652,633,2010_2024,-0.867,0.4096,1.2988,False,False,False,False,False,False,False,1996,1996,29,1998,1998,27,2014,2001,24,2014,2003,22,2014,2003,22,2015,2007,18,2015,1999,26
76,usa_NC_0035_0061,usa_NC_0035_0061,backward,1996_2024,-2.1541,0.1647,628,2010_2024,-0.9737,0.4161,1.1804,False,False,False,False,False,False,False,2014,1996,29,2014,1997,28,2014,2000,25,2014,2003,22,2014,2003,22,2014,2007,18,2014,1999,26
76,usa_NC_0035_0062,usa_NC_0035_0062,backward,1996_2024,-2.0142,0.1637,628,2010_2024,-1.1145,0.4148,0.8997,False,False,False,False,False,True,False,1996,1996,29,1997,1997,28,2014,1999,26,2014,2003,22,2014,2003,22,2014,2014,11,2014,1999,26
76,usa_NC_0035_0063,usa_NC_0035_0063,backward,1996_2024,-1.98,0.1586,640,2010_2024,-1.3599,0.3977,0.6201,False,False,False,False,False,True,False,1996,1996,29,2013,1998,27,2013,1999,26,2013,2003,22,2013,2005,20,2014,2014,11,2013,1998,27
77,usa_NC_0035_0064,usa_NC_0035_0064,backward,1996_2024,-1.9016,0.1577,644,2010_2024,-1.5299,0.3963,0.3717,False,False,True,True,True,True,True,2012,1996,29,2012,1997,28,2013,1999,26,2013,2001,24,2013,2013,12,2013,2013,12,2020,1998,27
77,usa_NC_0035_0065,usa_NC_0035_0065,backward,1996_2024,-1.8466,0.1577,631,2010_2024,-1.5644,0.3883,0.2822,False,False,True,True,True,True,True,2011,1996,29,2012,1998,27,2012,1999,26,2013,2001,24,2013,2003,22,2020,2013,12,2020,1998,27
77,usa_NC_0035_0066,usa_NC_0035_0066,backward,1996_2024,-1.7956,0.1623,620,2010_2024,-1.6599,0.3937,0.1357,True,True,True,True,True,True,True,2011,1996,29,2011,1997,28,2020,1999,26,2020,2000,25,2020,2001,24,2020,2013,12,2020,1998,27
77,usa_NC_0035_0067,usa_NC_0035_0067,backward,1996_2024,-1.7615,0.1603,628,2010_2024,-1.6853,0.3929,0.0762,True,True,True,True,True,True,True,2011,1996,29,2011,1998,27,2020,1999,26,2020,2002,23,2020,2002,23,2020,2013,12,2020,1998,27
77,usa_NC_0035_0068,usa_NC_0035_0068,backward,1996_2024,-1.7451,0.1558,617,2010_2024,-1.8812,0.3959,-0.1361,True,True,True,True,True,True,True,2010,1996,29,2010,1998,27,2010,2001,24,2019,2010,15,2019,2010,15,2019,2011,14,2020,2000,25
77,usa_NC_0035_0069,usa_NC_0035_0069,backward,1996_2024,-1.6834,0.1553,615,2010_2024,-2.0729,0.4099,-0.3895,False,False,False,True,True,True,True,2008,1996,29,2008,2000,25,2009,2009,16,2019,2010,15,2019,2010,15,2020,2011,14,2020,2010,15
77,usa_NC_0035_0070,usa_NC_0035_0070,backward,1996_2024,-1.6456,0.1592,612,2010_2024,-2.4278,0.4291,-0.7822,False,False,False,False,False,True,False,2020,1996,29,2020,2007,18,2020,2008,17,2020,2008,17,2020,2008,17,2020,2010,15,2020,2008,17
77,usa_NC_0035_0071,usa_NC_0035_0071,backward,1996_2024,-1.6644,0.1654,597,2010_2024,-2.6126,0.4505,-0.9482,False,False,False,False,False,True,False,2005,1997,28,2006,2006,19,2007,2007,18,2008,2008,17,2008,2008,17,2020,2010,15,2020,2008,17
77,usa_NC_0035_0072,usa_NC_0035_0072,backward,1996_2024,-1.6323,0.1718,605,2010_2024,-2.7858,0.4659,-1.1535,False,False,False,False,False,False,False,2005,1997,28,2006,2006,19,2007,2007,18,2019,2007,18,2019,2007,18,2020,2009,16,2020,2008,17
77,usa_NC_0035_0073,usa_NC_0035_0073,backward,1996_2024,-1.6597,0.1796,618,2010_2024,-3.0408,0.4789,-1.3811,False,False,False,False,False,False,False,2005,1998,27,2005,2005,20,2006,2006,19,2007,2007,18,2007,2007,18,2019,2008,17,2020,2007,18
78,usa_NC_0035_0074,usa_NC_0035_0074,backward,1996_2024,-1.6962,0.185,609,2010_2024,-3.4205,0.4997,-1.7243,False,False,False,False,False,False,False,2002,1998,27,2003,2003,22,2005,2005,20,2007,2007,18,2007,2007,18,2008,2008,17,2020,2007,18
78,usa_NC_0035_0075,usa_NC_0035_0075,backward,1996_2024,-1.7668,0.1885,616,2010_2024,-3.7162,0.5049,-1.9494,False,False,False,False,False,False,False,2001,1998,27,2002,2002,23,2004,2004,21,2006,2006,19,2006,2006,19,2008,2008,17,2006,2006,19
78,usa_NC_0035_0076,usa_NC_0035_0076,backward,1996_2024,-1.9124,0.1907,613,2010_2024,-3.9872,0.4879,-2.0748,False,False,False,False,False,False,False,2001,1998,27,2001,2001,24,2003,2003,22,2006,2006,19,2006,2006,19,2007,2007,18,2006,2006,19
78,usa_NC_0035_0077,usa_NC_0035_0077,backward,1996_2024,-1.9857,0.1831,616,2010_2024,-4.0034,0.449,-2.0177,False,False,False,False,False,False,False,2001,1998,27,2001,2001,24,2006,2006,19,2006,2006,19,2006,2006,19,2007,2007,18,2006,2006,19
78,usa_NC_0035_0078,usa_NC_0035_0078,backward,1996_2024,-2.1532,0.1777,621,2010_2024,-4.0898,0.4209,-1.9366,False,False,False,False,False,False,False,2001,1998,27,2001,2001,24,2006,2006,19,2006,2006,19,2006,2006,19,2007,2007,18,2006,2006,19
78,usa_NC_0035_0079,usa_NC_0035_0079,backward,1996_2024,-2.2187,0.167,622,2010_2024,-3.9388,0.3883,-1.7201,False,False,False,False,False,False,False,2004,1998,27,2006,2006,19,2006,2006,19,2006,2006,19,2006,2006,19,2008,2008,17,2006,2006,19
78,usa_NC_0035_0080,usa_NC_0035_0080,backward,1996_2024,-2.1854,0.1598,628,2010_2024,-3.6928,0.361,-1.5074,False,False,False,False,False,False,False,2006,1997,28,2006,2006,19,2006,2006,19,2006,2006,19,2006,2006,19,2020,2008,17,2020,2006,19
78,usa_NC_0035_0081,usa_NC_0035_0081,backward,1996_2024,-2.0464,0.1585,613,2010_2024,-3.2793,0.3614,-1.2329,False,False,False,False,False,False,False,2006,1997,28,2006,2006,19,2019,2006,19,2019,2006,19,2019,2006,19,2019,2008,17,2020,2006,19
78,usa_NC_0035_0082,usa_NC_0035_0082,backward,1996_2024,-1.7556,0.1547,625,2010_2024,-2.7754,0.3612,-1.0198,False,False,False,False,False,False,False,2006,1997,28,2006,2006,19,2006,2006,19,2017,2006,19,2017,2006,19,2017,2008,17,2020,2006,19
78,usa_NC_0035_0083,usa_NC_0035_0083,backward,1996_2024,-1.638,0.1516,637,2010_2024,-2.3686,0.3614,-0.7306,False,False,False,False,False,True,False,2016,1997,28,2016,2006,19,2017,2006,19,2017,2007,18,2017,2007,18,2017,2011,14,2020,2007,18
79,usa_NC_0035_0084,usa_NC_0035_0084,backward,1996_2024,-1.4163,0.1473,627,2010_2024,-1.6254,0.3477,-0.2091,False,True,True,True,True,True,True,2013,1997,28,2013,2007,18,2013,2008,17,2013,2013,12,2013,2013,12,2016,2014,11,2014,2014,11
79,usa_NC_0035_0085,usa_NC_0035_0085,backward,1996_2024,-1.4684,0.1473,622,2010_2024,-1.7319,0.3531,-0.2635,False,False,True,True,True,True,True,2012,1997,28,2012,2006,19,2012,2006,19,2013,2013,12,2013,2013,12,2016,2014,11,2013,2013,12
79,usa_NC_0035_0086,usa_NC_0035_0086,backward,1996_2024,-1.434,0.1354,616,2010_2024,-1.4025,0.326,0.0315,True,True,True,True,True,True,True,2010,1997,28,2010,2010,15,2010,2010,15,2011,2011,14,2011,2011,14,2013,2013,12,2012,2012,13
79,usa_NC_0035_0087,usa_NC_0035_0087,backward,1996_2024,-1.4524,0.133,626,2010_2024,-1.0812,0.315,0.3712,False,False,False,True,True,True,True,2008,1997,28,2009,2009,16,2009,2009,16,2010,2010,15,2010,2010,15,2011,2011,14,2010,2010,15
79,usa_NC_0035_0088,usa_NC_0035_0088,backward,1996_2024,-1.5396,0.1351,614,2010_2024,-0.8897,0.3195,0.6499,False,False,False,False,False,True,False,2008,1997,28,2008,2008,17,2008,2008,17,2008,2008,17,2008,2008,17,2010,2010,15,2008,2008,17
79,usa_NC_0035_0089,usa_NC_0035_0089,backward,1996_2024,-1.6224,0.1397,613,2010_2024,-0.8469,0.3311,0.7755,False,False,False,False,False,True,False,2007,1998,27,2007,2007,18,2007,2007,18,2008,2008,17,2008,2008,17,2010,2010,15,2008,2008,17
79,usa_NC_0035_0090,usa_NC_0035_0090,backward,1996_2024,-1.7465,0.14,605,2010_2024,-0.7209,0.3377,1.0256,False,False,False,False,False,False,False,2006,1999,26,2006,2004,21,2007,2007,18,2007,2007,18,2007,2007,18,2009,2009,16,2007,2007,18
79,usa_NC_0036_0001,usa_NC_0036_0001,backward,1996_2024,-1.8151,0.1501,598,2010_2024,-0.2971,0.3376,1.518,False,False,False,False,False,False,False,2002,1999,26,2002,2002,23,2006,2003,22,2006,2006,19,2006,2006,19,2015,2007,18,2006,2003,22
79,usa_NC_0036_0002,usa_NC_0036_0002,backward,1996_2024,-1.8145,0.1507,604,2010_2024,-0.0467,0.3301,1.7678,False,False,False,False,False,False,False,2002,1999,26,2002,2002,23,2003,2003,22,2006,2006,19,2006,2006,19,2015,2007,18,2006,2003,22
79,usa_NC_0036_0003,usa_NC_0036_0003,backward,1996_2024,-1.8917,0.1547,622,2010_2024,0.0458,0.3344,1.9375,False,False,False,False,False,False,False,2002,1999,26,2002,2002,23,2004,2004,21,2005,2005,20,2006,2006,19,2015,2007,18,2004,2004,21
80,usa_NC_0036_0004,usa_NC_0036_0004,backward,1996_2024,-1.9463,0.1577,614,2010_2024,0.0956,0.3463,2.0419,False,False,False,False,False,False,False,2002,2002,23,2004,2004,21,2004,2004,21,2005,2005,20,2005,2005,20,2016,2006,19,2004,2004,21
80,usa_NC_0036_0005,usa_NC_0036_0005,backward,1996_2024,-2.0947,0.1564,614,2010_2024,-0.1247,0.3602,1.97,False,False,False,False,False,False,False,2003,2003,22,2004,2004,21,2004,2004,21,2004,2004,21,2005,2005,20,2020,2006,19,2020,2004,21
80,usa_NC_0036_0006,usa_NC_0036_0006,backward,1996_2024,-2.2244,0.1556,615,2010_2024,-0.2342,0.3438,1.9902,False,False,False,False,False,False,False,2002,2002,23,2002,2002,23,2020,2004,21,2020,2004,21,2020,2004,21,2020,2006,19,2020,2004,21
80,usa_NC_0036_0007,usa_NC_0036_0007,backward,1996_2024,-2.3475,0.1613,616,2010_2024,-0.2484,0.3543,2.0991,False,False,False,False,False,False,False,2000,2000,25,2001,2001,24,2019,2002,23,2019,2002,23,2019,2002,23,2019,2004,21,2019,2002,23
80,usa_NC_0036_0008,usa_NC_0036_0008,backward,1996_2024,-2.5118,0.1647,615,2010_2024,-0.4548,0.3506,2.057,False,False,False,False,False,False,False,2000,2000,25,2000,2000,25,2018,2002,23,2018,2002,23,2018,2002,23,2019,2003,22,2019,2001,24
80,usa_NC_0036_0009,usa_NC_0036_0009,backward,1996_2024,-2.697,0.1729,617,2010_2024,-0.3489,0.3598,2.3481,False,False,False,False,False,False,False,1999,1999,26,2000,2000,25,2018,2001,24,2018,2001,24,2018,2001,24,2018,2002,23,2018,2000,25
80,usa_NC_0036_0010,usa_NC_0036_0010,backward,1996_2024,-2.7927,0.1848,619,2010_2024,-0.0607,0.3534,2.732,False,False,False,False,False,False,False,1998,1998,27,1999,1999,26,2017,2001,24,2017,2000,25,2017,2000,25,2018,2002,23,2018,2000,25
80,usa_NC_0036_0011,usa_NC_0036_0011,backward,1996_2024,-2.8738,0.1865,613,2010_2024,-0.0415,0.3573,2.8323,False,False,False,False,False,False,False,1998,1998,27,1999,1999,26,2000,2000,25,2000,2000,25,2000,2000,25,2018,2002,23,2018,2000,25
80,usa_NC_0036_0012,usa_NC_0036_0012,backward,1996_2024,-2.8809,0.1883,612,2010_2024,-0.073,0.3585,2.8079,False,False,False,False,False,False,False,1999,1999,26,1999,1999,26,2017,2000,25,2017,2000,25,2000,2000,25,2017,2002,23,2017,2000,25
80,usa_NC_0036_0013,usa_NC_0036_0013,backward,1996_2024,-2.7919,0.1894,630,2010_2024,0.0858,0.3618,2.8777,False,False,False,False,False,False,False,1998,1998,27,1999,1999,26,2000,2000,25,2017,2000,25,2000,2000,25,2017,2002,23,2017,2000,25
81,usa_NC_0036_0014,usa_NC_0036_0014,backward,1996_2024,-2.5978,0.1949,624,2010_2024,0.5054,0.3662,3.1032,False,False,False,False,False,False,False,1998,1998,27,1999,1999,26,2000,2000,25,2000,2000,25,2000,2000,25,2017,2001,24,2017,2000,25
81,usa_NC_0036_0015,usa_NC_0036_0015,backward,1996_2024,-2.456,0.1872,621,2010_2024,0.4536,0.3513,2.9096,False,False,False,False,False,False,False,1998,1998,27,1999,1999,26,2000,2000,25,2000,2000,25,2000,2000,25,2017,2001,24,2018,2000,25
81,usa_NC_0036_0016,usa_NC_0036_0016,backward,1996_2024,-2.2691,0.1784,620,2010_2024,0.5062,0.3381,2.7753,False,False,False,False,False,False,False,1998,1998,27,1999,1999,26,2000,2000,25,2000,2000,25,2000,2000,25,2018,2001,24,2018,1999,26
81,usa_NC_0036_0017,usa_NC_0036_0017,backward,1996_2024,-2.0704,0.1684,621,2010_2024,0.3533,0.3394,2.4237,False,False,False,False,False,False,False,1998,1998,27,1998,1998,27,2017,2000,25,2017,2000,25,2017,2000,25,2018,2002,23,2018,1999,26
81,usa_NC_0036_0018,usa_NC_0036_0018,backward,1996_2024,-1.8977,0.1558,611,2010_2024,0.1184,0.32,2.0161,False,False,False,False,False,False,False,1997,1997,28,2017,1998,27,2017,1999,26,2017,2000,25,2017,2000,25,2018,2002,23,2018,1999,26
81,usa_NC_0036_0019,usa_NC_0036_0019,backward,1996_2024,-1.6798,0.1456,614,2010_2024,-0.0944,0.3196,1.5854,False,False,False,False,False,False,False,1997,1997,28,1999,1999,26,1999,1999,26,2016,2000,25,2016,2000,25,2018,2003,22,2018,1999,26
81,usa_NC_0036_0020,usa_NC_0036_0020,backward,1996_2024,-1.5478,0.1402,618,2010_2024,-0.5568,0.325,0.991,False,False,False,False,False,True,False,2014,1997,28,2015,1999,26,2016,1999,26,2016,2000,25,2016,2001,24,2018,2016,9,2018,1999,26
81,usa_NC_0036_0021,usa_NC_0036_0021,backward,1996_2024,-1.5117,0.135,610,2010_2024,-0.881,0.3164,0.6307,False,False,False,False,False,True,False,1998,1998,27,2014,2000,25,2014,2000,25,2014,2000,25,2015,2001,24,2018,2016,9,2018,2000,25
81,usa_NC_0036_0022,usa_NC_0036_0022,backward,1996_2024,-1.4543,0.132,602,2010_2024,-1.0138,0.304,0.4405,False,False,False,False,True,True,False,2013,1999,26,2013,2000,25,2014,2000,25,2014,2000,25,2014,2002,23,2018,2016,9,2019,2000,25
81,usa_NC_0036_0023,usa_NC_0036_0023,backward,1996_2024,-1.3428,0.1232,623,2010_2024,-0.9892,0.2744,0.3536,False,False,False,True,True,True,True,2013,1998,27,2013,2000,25,2014,2000,25,2018,2001,24,2018,2002,23,2019,2016,9,2019,2000,25
82,usa_NC_0036_0024,usa_NC_0036_0024,backward,1996_2024,-1.2906,0.122,628,2010_2024,-1.0743,0.2926,0.2163,False,True,True,True,True,True,True,2008,1998,27,2011,2000,25,2011,2000,25,2013,2002,23,2013,2013,12,2019,2014,11,2019,2000,25
82,usa_NC_0036_0025,usa_NC_0036_0025,backward,1996_2024,-1.3266,0.1255,617,2010_2024,-1.6631,0.3281,-0.3365,False,False,False,True,True,True,True,2005,2000,25,2006,2006,19,2006,2006,19,2010,2007,18,2011,2011,14,2013,2013,12,2011,2007,18
82,usa_NC_0036_0026,usa_NC_0036_0026,backward,1996_2024,-1.3266,0.129,622,2010_2024,-1.7371,0.3291,-0.4105,False,False,False,False,True,True,True,2004,2004,21,2005,2005,20,2005,2005,20,2006,2006,19,2010,2007,18,2013,2013,12,2010,2006,19
82,usa_NC_0036_0027,usa_NC_0036_0027,backward,1996_2024,-1.3808,0.1253,624,2010_2024,-1.8918,0.3061,-0.511,False,False,False,False,False,True,False,2004,1999,26,2004,2004,21,2004,2004,21,2006,2006,19,2006,2006,19,2013,2013,12,2005,2005,20
82,usa_NC_0036_0028,usa_NC_0036_0028,backward,1996_2024,-1.4668,0.1293,627,2010_2024,-2.0371,0.2929,-0.5703,False,False,False,False,False,True,False,1999,1999,26,2004,2004,21,2004,2004,21,2004,2004,21,2005,2005,20,2012,2012,13,2004,2004,21
82,usa_NC_0036_0029,usa_NC_0036_0029,backward,1996_2024,-1.5041,0.1283,628,2010_2024,-2.0541,0.2918,-0.55,False,False,False,False,False,True,False,1999,1999,26,1999,1999,26,2003,2000,25,2004,2004,21,2004,2004,21,2013,2013,12,2003,1999,26
82,usa_NC_0036_0030,usa_NC_0036_0030,backward,1996_2024,-1.5274,0.1336,630,2010_2024,-1.9061,0.3096,-0.3787,False,False,False,True,True,True,True,1998,1998,27,1999,1999,26,1999,1999,26,2011,2000,25,2011,2004,21,2016,2016,9,2011,1999,26
82,usa_NC_0036_0031,usa_NC_0036_0031,backward,1996_2024,-1.5954,0.1371,635,2010_2024,-1.7906,0.3095,-0.1952,False,True,True,True,True,True,True,1998,1998,27,2011,1999,26,2011,1999,26,2011,2000,25,2013,2001,24,2016,2016,9,2013,1999,26
82,usa_NC_0036_0032,usa_NC_0036_0032,backward,1996_2024,-1.7064,0.1332,627,2010_2024,-1.6896,0.3017,0.0168,True,True,True,True,True,True,True,2011,1998,27,2011,1999,26,2011,2000,25,2012,2000,25,2013,2004,21,2016,2016,9,2013,1999,26
82,usa_NC_0036_0033,usa_NC_0036_0033,backward,1996_2024,-1.7671,0.1301,653,2010_2024,-1.3822,0.2973,0.3849,False,False,False,True,True,True,True,2012,1999,26,2013,1999,26,2018,2000,25,2018,2005,20,2018,2005,20,2019,2019,6,2019,2000,25
83,usa_NC_0036_0034,usa_NC_0036_0034,backward,1996_2024,-1.923,0.1257,648,2010_2024,-1.4309,0.2995,0.4921,False,False,False,False,True,True,False,2013,1999,26,2013,2000,25,2013,2005,20,2013,2005,20,2018,2013,12,2018,2018,7,2018,2000,25
83,usa_NC_0036_0035,usa_NC_0036_0035,backward,1996_2024,-2.0273,0.1226,637,2010_2024,-1.3637,0.2975,0.6636,False,False,False,False,False,True,False,2013,1999,26,2013,2007,18,2014,2008,17,2013,2008,17,2016,2008,17,2018,2018,7,2018,2008,17
83,usa_NC_0036_0036,usa_NC_0036_0036,backward,1996_2024,-2.1483,0.1242,640,2010_2024,-1.4628,0.299,0.6855,False,False,False,False,False,True,False,2013,1999,26,2013,2007,18,2018,2008,17,2018,2007,18,2018,2008,17,2019,2019,6,2019,2007,18
83,usa_NC_0036_0037,usa_NC_0036_0037,backward,1996_2024,-2.1885,0.1256,630,2010_2024,-1.6347,0.3117,0.5538,False,False,False,False,False,True,False,2013,2000,25,2013,2001,24,2013,2008,17,2013,2008,17,2013,2008,17,2019,2019,6,2019,2008,17
83,usa_NC_0036_0038,usa_NC_0036_0038,backward,1996_2024,-2.2366,0.1276,622,2010_2024,-1.5012,0.3077,0.7354,False,False,False,False,False,True,False,2020,2000,25,2020,2007,18,2020,2007,18,2020,2007,18,2020,2008,17,2020,2020,5,2020,2007,18
83,usa_NC_0036_0039,usa_NC_0036_0039,backward,1996_2024,-2.1762,0.1275,625,2010_2024,-1.2182,0.308,0.958,False,False,False,False,False,True,False,2006,2001,24,2016,2006,19,2020,2007,18,2020,2007,18,2020,2007,18,2020,2020,5,2020,2007,18
83,usa_NC_0036_0040,usa_NC_0036_0040,backward,1996_2024,-2.1507,0.1305,621,2010_2024,-1.117,0.3195,1.0337,False,False,False,False,False,False,False,2018,2004,21,2019,2005,20,2019,2006,19,2019,2006,19,2019,2006,19,2020,2009,16,2020,2006,19
83,usa_NC_0036_0041,usa_NC_0036_0041,backward,1996_2024,-2.1369,0.1299,618,2010_2024,-0.9827,0.3226,1.1542,False,False,False,False,False,False,False,2017,2002,23,2020,2003,22,2020,2004,21,2020,2004,21,2020,2005,20,2020,2007,18,2020,2004,21
83,usa_NC_0036_0042,usa_NC_0036_0042,backward,1996_2024,-2.1659,0.1403,611,2010_2024,-0.9643,0.3701,1.2016,False,False,False,False,False,False,False,2017,1999,26,2017,2002,23,2017,2004,21,2017,2004,21,2017,2004,21,2020,2007,18,2020,2003,22
83,usa_NC_0036_0043,usa_NC_0036_0043,backward,1996_2024,-2.1056,0.1386,616,2010_2024,-0.8904,0.3563,1.2152,False,False,False,False,False,False,False,2020,1999,26,2020,2002,23,2020,2004,21,2020,2004,21,2020,2005,20,2020,2007,18,2020,2003,22
84,usa_NC_0036_0044,usa_NC_0036_0044,backward,1996_2024,-2.0772,0.1432,626,2010_2024,-0.8941,0.3639,1.1831,False,False,False,False,False,False,False,2020,1999,26,2020,2002,23,2020,2003,22,2020,2003,22,2020,2005,20,2020,2007,18,2020,2003,22
84,usa_NC_0036_0045,usa_NC_0036_0045,backward,1996_2024,-1.9966,0.146,630,2010_2024,-0.8119,0.3855,1.1847,False,False,False,False,False,False,False,1999,1999,26,2017,2002,23,2017,2004,21,2017,2004,21,2020,2005,20,2020,2007,18,2020,2004,21
84,usa_NC_0036_0046,usa_NC_0036_0046,backward,1996_2024,-1.9324,0.1478,618,2010_2024,-0.5846,0.3773,1.3478,False,False,False,False,False,False,False,2020,1998,27,2020,1999,26,2020,2003,22,2020,2003,22,2020,2004,21,2020,2006,19,2020,2003,22
84,usa_NC_0036_0047,usa_NC_0036_0047,backward,1996_2024,-1.8022,0.1517,620,2010_2024,-0.3424,0.3748,1.4598,False,False,False,False,False,False,False,2016,1998,27,2017,1999,26,2017,2003,22,2017,2003,22,2017,2004,21,2020,2006,19,2020,2003,22
84,usa_NC_0036_0048,usa_NC_0036_0048,backward,1996_2024,-1.6731,0.1556,627,2010_2024,-0.2046,0.3735,1.4685,False,False,False,False,False,False,False,2017,1998,27,2017,1999,26,2017,1999,26,2017,2003,22,2017,2003,22,2019,2006,19,2020,1999,26
84,usa_NC_0036_0049,usa_NC_0036_0049,backward,1996_2024,-1.5712,0.1541,626,2010_2024,-0.3613,0.3747,1.2099,False,False,False,False,False,False,False,2013,1998,27,2013,1999,26,2017,1999,26,2019,2003,22,2019,2003,22,2019,2007,18,2020,1999,26
84,usa_NC_0036_0050,usa_NC_0036_0050,backward,1996_2024,-1.4584,0.1498,622,2010_2024,-0.3212,0.3667,1.1372,False,False,False,False,False,False,False,2013,1997,28,2013,1999,26,2017,1999,26,2019,2002,23,2019,2003,22,2020,2007,18,2020,1999,26
84,usa_NC_0036_0051,usa_NC_0036_0051,backward,1996_2024,-1.3526,0.1409,632,2010_2024,-0.3386,0.3415,1.014,False,False,False,False,False,False,False,2017,1997,28,2017,1999,26,2017,1999,26,2017,2000,25,2017,2003,22,2019,2008,17,2020,1999,26
84,usa_NC_0036_0052,usa_NC_0036_0052,backward,1996_2024,-1.2774,0.1362,632,2010_2024,-0.3579,0.3316,0.9195,False,False,False,False,False,True,False,2012,1997,28,2017,1999,26,2017,1999,26,2019,2000,25,2019,2003,22,2020,2020,5,2020,1999,26
84,usa_NC_0036_0053,usa_NC_0036_0053,backward,1996_2024,-1.1939,0.1347,623,2010_2024,-0.2709,0.3308,0.923,False,False,False,False,False,True,False,2012,1998,27,2017,1999,26,2017,1999,26,2019,2002,23,2019,2003,22,2019,2019,6,2020,1999,26
84,usa_NC_0036_0054,usa_NC_0036_0054,backward,1996_2024,-1.122,0.1378,627,2010_2024,-0.0783,0.3352,1.0437,False,False,False,False,False,False,False,2013,1998,27,2017,1999,26,2017,1999,26,2017,2000,25,2017,2002,23,2019,2008,17,2020,1999,26
85,usa_NC_0036_0055,usa_NC_0036_0055,backward,1996_2024,-1.1367,0.133,643,2010_2024,-0.0952,0.3148,1.0415,False,False,False,False,False,False,False,2013,1998,27,2015,1999,26,2015,1999,26,2017,2002,23,2017,2002,23,2019,2008,17,2020,1999,26
85,usa_NC_0036_0056,usa_NC_0036_0056,backward,1996_2024,-1.1476,0.1364,627,2010_2024,-0.133,0.328,1.0146,False,False,False,False,False,False,False,2015,1998,27,2015,1999,26,2015,1999,26,2015,2002,23,2015,2002,23,2017,2008,17,2017,2000,25
85,usa_NC_0036_0057,usa_NC_0036_0057,backward,1996_2024,-1.1579,0.1368,632,2010_2024,-0.1654,0.3306,0.9925,False,False,False,False,False,True,False,1999,1999,26,2013,2000,25,2013,2000,25,2015,2002,23,2015,2002,23,2017,2008,17,2015,2001,24
85,usa_NC_0036_0058,usa_NC_0036_0058,backward,1996_2024,-1.1848,0.1391,622,2010_2024,-0.1539,0.3374,1.0309,False,False,False,False,False,False,False,1999,1999,26,2013,2001,24,2013,2001,24,2015,2002,23,2015,2002,23,2016,2008,17,2015,2002,23
85,usa_NC_0036_0059,usa_NC_0036_0059,backward,1996_2024,-1.1959,0.1426,616,2010_2024,-0.2102,0.3485,0.9857,False,False,False,False,False,True,False,2000,2000,25,2014,2001,24,2014,2001,24,2015,2002,23,2015,2002,23,2016,2016,9,2015,2002,23
85,usa_NC_0036_0060,usa_NC_0036_0060,backward,1996_2024,-1.1626,0.14,607,2010_2024,-0.15,0.335,1.0126,False,False,False,False,False,False,False,2014,2000,25,2014,2001,24,2014,2001,24,2014,2002,23,2014,2002,23,2015,2007,18,2014,2002,23
85,usa_NC_0036_0061,usa_NC_0036_0061,backward,1996_2024,-1.1138,0.1324,604,2010_2024,-0.1469,0.3158,0.9669,False,False,False,False,False,True,False,2000,2000,25,2001,2001,24,2001,2001,24,2014,2002,23,2014,2002,23,2015,2010,15,2014,2002,23
85,usa_NC_0036_0062,usa_NC_0036_0062,backward,1996_2024,-1.0069,0.1288,610,2010_2024,-0.0989,0.3148,0.908,False,False,False,False,False,True,False,2000,2000,25,2001,2001,24,2000,2000,25,2014,2002,23,2014,2002,23,2015,2015,10,2014,2001,24
85,usa_NC_0036_0063,usa_NC_0036_0063,backward,1996_2024,-0.9407,0.1255,606,2010_2024,-0.0987,0.3094,0.842,False,False,False,False,False,True,False,1999,1999,26,2001,2001,24,2000,2000,25,2002,2002,23,2014,2002,23,2015,2015,10,2014,2001,24
85,usa_NC_0036_0064,usa_NC_0036_0064,backward,1996_2024,-0.8586,0.1246,611,2010_2024,-0.0262,0.3049,0.8324,False,False,False,False,False,True,False,1999,1999,26,2001,2001,24,2000,2000,25,2002,2002,23,2014,2002,23,2015,2015,10,2014,2001,24
85,usa_NC_0036_0065,usa_NC_0036_0065,backward,1996_2024,-0.8003,0.1267,603,2010_2024,0.0345,0.3126,0.8348,False,False,False,False,False,True,False,1998,1998,27,2000,2000,25,2000,2000,25,2001,2001,24,2002,2002,23,2014,2014,11,2001,2001,24
85,usa_NC_0036_0066,usa_NC_0036_0066,backward,1996_2024,-0.756,0.1194,617,2010_2024,-0.1978,0.2929,0.5582,False,False,False,False,False,True,False,1999,1999,26,2000,2000,25,2000,2000,25,2001,2001,24,2014,2002,23,2015,2015,10,2014,2000,25
86,usa_NC_0036_0067,usa_NC_0036_0067,backward,1996_2024,-0.6734,0.1218,615,2010_2024,-0.1618,0.3022,0.5116,False,False,False,False,False,True,False,1998,1998,27,2014,2000,25,1999,1999,26,2015,2002,23,2020,2002,23,2020,2017,8,2020,2001,24
86,usa_NC_0036_0068,usa_NC_0036_0068,backward,1996_2024,-0.6625,0.125,616,2010_2024,-0.128,0.3229,0.5345,False,False,False,False,False,True,False,1998,1998,27,2015,2000,25,1998,1998,27,2015,2002,23,2020,2002,23,2020,2020,5,2020,2000,25
86,usa_NC_0036_0069,usa_NC_0036_0069,backward,1996_2024,-0.6721,0.1348,612,2010_2024,-0.0917,0.3478,0.5804,False,False,False,False,False,True,False,1997,1997,28,2000,2000,25,1997,1997,28,2014,2002,23,2015,2002,23,2020,2020,5,2020,2000,25
86,usa_NC_0036_0070,usa_NC_0036_0070,backward,1996_2024,-0.6269,0.1355,612,2010_2024,-0.0883,0.3467,0.5386,False,False,False,False,False,True,False,1998,1998,27,2020,2000,25,1997,1997,28,2020,2001,24,2020,2002,23,2020,2020,5,2020,2000,25
86,usa_NC_0036_0071,usa_NC_0036_0071,backward,1996_2024,-0.6056,0.1414,614,2010_2024,0.0643,0.3555,0.6699,False,False,False,False,False,True,False,1997,1997,28,2014,2000,25,1997,1997,28,2020,2001,24,2020,2002,23,2020,2020,5,2020,2000,25
86,usa_NC_0036_0072,usa_NC_0036_0072,backward,1996_2024,-0.5839,0.1419,609,2010_2024,0.083,0.348,0.6669,False,False,False,False,False,True,False,2020,1997,28,2020,1999,26,2020,1997,28,2020,2001,24,2020,2002,23,2020,2020,5,2020,2000,25
86,usa_NC_0036_0073,usa_NC_0036_0073,backward,1996_2024,-0.5458,0.1379,614,2010_2024,0.2103,0.3338,0.7561,False,False,False,False,False,True,False,2014,1997,28,2019,1999,26,1997,1997,28,2019,2000,25,2019,2001,24,2020,2020,5,2020,2000,25
86,usa_NC_0036_0074,usa_NC_0036_0074,backward,1996_2024,-0.5264,0.1369,611,2010_2024,0.2578,0.3326,0.7842,False,False,False,False,False,True,False,2014,1997,28,2015,1999,26,2014,1996,29,2015,2000,25,2017,2001,24,2019,2019,6,2020,2000,25
86,usa_NC_0036_0075,usa_NC_0036_0075,backward,1996_2024,-0.4967,0.1406,622,2010_2024,0.2624,0.3365,0.7591,False,False,False,False,False,True,False,2015,1997,28,2015,1999,26,2014,1996,29,2015,2000,25,2017,2001,24,2019,2017,8,2019,2000,25
86,usa_NC_0036_0076,usa_NC_0036_0076,backward,1996_2024,-0.47,0.1433,607,2010_2024,0.3659,0.3361,0.8359,False,False,False,False,False,True,False,2014,1997,28,2014,1998,27,2014,1996,29,2015,2000,25,2015,2001,24,2017,2017,8,2017,1999,26
86,usa_NC_0036_0077,usa_NC_0036_0077,backward,1996_2024,-0.3591,0.1441,617,2010_2024,0.4096,0.334,0.7687,False,False,False,False,False,True,False,2014,1997,28,2014,1998,27,2014,1996,29,2017,2000,25,2017,2000,25,2017,2017,8,2017,1999,26
86,usa_NC_0036_0078,usa_NC_0036_0078,backward,1996_2024,-0.3014,0.1453,629,2010_2024,0.5589,0.3171,0.8603,False,False,False,False,False,True,False,1996,1996,29,2014,1998,27,1996,1996,29,2017,2000,25,2017,2000,25,2017,2003,22,2017,1999,26
87,usa_NC_0036_0079,usa_NC_0036_0079,backward,1996_2024,-0.251,0.141,632,2010_2024,0.4834,0.3015,0.7344,False,False,False,False,False,True,False,2014,1997,28,2014,1998,27,2014,1996,29,2015,2000,25,2017,2000,25,2017,2017,8,2017,1999,26
87,usa_NC_0036_0080,usa_NC_0036_0080,backward,1996_2024,-0.2289,0.1392,619,2010_2024,0.4467,0.3068,0.6756,False,False,False,False,False,True,False,2014,1997,28,2014,1998,27,2014,1996,29,2015,2000,25,2015,2000,25,2017,2017,8,2017,1999,26
87,usa_NC_0036_0081,usa_NC_0036_0081,backward,1996_2024,-0.1816,0.1367,628,2010_2024,0.3883,0.3045,0.5699,False,False,False,False,False,True,False,2014,1997,28,2014,1999,26,2014,1996,29,2014,2000,25,2015,2000,25,2017,2017,8,2015,1999,26
87,usa_NC_0036_0082,usa_NC_0036_0082,backward,1996_2024,-0.1236,0.1359,618,2010_2024,0.5012,0.2978,0.6248,False,False,False,False,False,True,False,1997,1997,28,2014,1998,27,1996,1996,29,2014,2000,25,2014,2000,25,2016,2016,9,2015,1999,26
87,usa_NC_0036_0083,usa_NC_0036_0083,backward,1996_2024,-0.0938,0.1355,614,2010_2024,0.609,0.2952,0.7028,False,False,False,False,False,True,False,1997,1997,28,1999,1999,26,1996,1996,29,2000,2000,25,2014,2000,25,2015,2015,10,2014,1999,26
87,usa_NC_0036_0084,usa_NC_0036_0084,backward,1996_2024,-0.0323,0.1387,607,2010_2024,0.7097,0.3152,0.742,False,False,False,False,False,True,False,1997,1997,28,1998,1998,27,1996,1996,29,2014,2000,25,2014,2000,25,2014,2014,11,2014,1999,26
87,usa_NC_0036_0085,usa_NC_0036_0085,backward,1996_2024,0.0665,0.1312,610,2010_2024,0.8612,0.2827,0.7947,False,False,False,False,False,True,False,1997,1997,28,1999,1999,26,1996,1996,29,2000,2000,25,2000,2000,25,2014,2014,11,1999,1999,26
87,usa_NC_0036_0086,usa_NC_0036_0086,backward,1996_2024,0.1487,0.1319,605,2010_2024,0.9935,0.2923,0.8448,False,False,False,False,False,True,False,1997,1997,28,1999,1999,26,1996,1996,29,2000,2000,25,2000,2000,25,2014,2012,13,1999,1999,26
87,usa_NC_0036_0087,usa_NC_0036_0087,backward,1996_2024,0.2585,0.1345,603,2010_2024,1.172,0.2986,0.9135,False,False,False,False,False,True,False,1997,1997,28,1998,1998,27,1996,1996,29,2000,2000,25,2000,2000,25,2010,2010,15,1999,1999,26
87,usa_NC_0036_0088,usa_NC_0036_0088,backward,1996_2024,0.3622,0.1346,606,2010_2024,1.322,0.2951,0.9598,False,False,False,False,False,True,False,1997,1997,28,1998,1998,27,1996,1996,29,2000,2000,25,2000,2000,25,2010,2003,22,1999,1999,26
87,usa_NC_0036_0089,usa_NC_0036_0089,backward,1996_2024,0.4247,0.1323,612,2010_2024,1.2412,0.2957,0.8165,False,False,False,False,False,True,False,1996,1996,29,1998,1998,27,1996,1996,29,2000,2000,25,2000,2000,25,2012,2012,13,1999,1999,26
88,usa_NC_0036_0090,usa_NC_0036_0090,backward,1996_2024,0.5456,0.133,622,2010_2024,1.2264,0.2974,0.6808,False,False,False,False,False,True,False,1997,1997,28,1998,1998,27,1996,1996,29,2000,2000,25,2000,2000,25,2012,2012,13,1999,1999,26
88,usa_NC_0036_0091,usa_NC_0036_0091,backward,1996_2024,0.7005,0.1382,614,2010_2024,1.4679,0.3281,0.7674,False,False,False,False,False,True,False,1997,1997,28,1998,1998,27,1997,1997,28,2000,2000,25,2000,2000,25,2011,2011,14,1999,1999,26
88,usa_NC_0036_0092,usa_NC_0036_0092,backward,1996_2024,0.8029,0.1429,616,2010_2024,1.6674,0.3436,0.8645,False,False,False,False,False,True,False,1997,1997,28,1998,1998,27,1997,1997,28,2000,2000,25,2000,2000,25,2010,2010,15,1999,1999,26
88,usa_NC_0036_0093,usa_NC_0036_0093,backward,1996_2024,0.8692,0.1524,618,2010_2024,1.9364,0.3632,1.0672,False,False,False,False,False,False,False,1997,1997,28,1998,1998,27,1997,1997,28,2000,2000,25,2000,2000,25,2009,2003,22,1999,1999,26
88,usa_NC_0036_0094,usa_NC_0036_0094,backward,1996_2024,0.9791,0.1544,621,2010_2024,2.1624,0.3605,1.1833,False,False,False,False,False,False,False,1997,1997,28,1998,1998,27,1998,1998,27,2000,2000,25,2000,2000,25,2008,2003,22,1999,1999,26
88,usa_NC_0036_0095,usa_NC_0036_0095,backward,1996_2024,1.1222,0.149,626,2010_2024,2.2013,0.3521,1.0791,False,False,False,False,False,False,False,1997,1997,28,1999,1999,26,1998,1998,27,2000,2000,25,2000,2000,25,2009,2009,16,1999,1999,26
88,usa_NC_0036_0096,usa_NC_0036_0096,backward,1996_2024,1.1987,0.144,615,2010_2024,2.3489,0.3396,1.1502,False,False,False,False,False,False,False,1997,1997,28,1999,1999,26,1999,1999,26,2000,2000,25,2000,2000,25,2008,2008,17,1999,1999,26
88,usa_NC_0036_0097,usa_NC_0036_0097,backward,1996_2024,1.2069,0.1411,626,2010_2024,2.3546,0.3344,1.1477,False,False,False,False,False,False,False,1997,1997,28,1999,1999,26,1999,1999,26,2000,2000,25,2000,2000,25,2007,2007,18,1999,1999,26
88,usa_NC_0036_0098,usa_NC_0036_0098,backward,1996_2024,1.2732,0.1383,609,2010_2024,2.4527,0.328,1.1795,False,False,False,False,False,False,False,1997,1997,28,1999,1999,26,1999,1999,26,2000,2000,25,2000,2000,25,2006,2006,19,1999,1999,26
88,usa_NC_0036_0099,usa_NC_0036_0099,backward,1996_2024,1.3425,0.14,623,2010_2024,2.417,0.3288,1.0745,False,False,False,False,False,False,False,1998,1998,27,1999,1999,26,1999,1999,26,2000,2000,25,2001,2001,24,2007,2007,18,1999,1999,26
89,usa_NC_0036_0100,usa_NC_0036_0100,backward,1996_2024,1.2906,0.1325,629,2010_2024,2.3291,0.3127,1.0385,False,False,False,False,False,False,False,1998,1998,27,1999,1999,26,1999,1999,26,2000,2000,25,2002,2002,23,2007,2007,18,2000,2000,25
89,usa_NC_0036_0101,usa_NC_0036_0101,backward,1996_2024,1.258,0.1261,622,2010_2024,2.0924,0.301,0.8344,False,False,False,False,False,True,False,1998,1998,27,2000,2000,25,2000,2000,25,2001,2001,24,2002,2002,23,2010,2010,15,2000,2000,25
89,usa_NC_0036_0102,usa_NC_0036_0102,backward,1996_2024,1.2174,0.1232,623,2010_2024,1.8364,0.2876,0.619,False,False,False,False,False,True,False,1998,1998,27,2000,2000,25,1999,1999,26,2001,2001,24,2002,2002,23,2012,2012,13,2000,2000,25
89,usa_NC_0036_0103,usa_NC_0036_0103,backward,1996_2024,1.1757,0.1205,615,2010_2024,1.6293,0.2863,0.4536,False,False,False,False,True,True,False,1998,1998,27,2000,2000,25,1999,1999,26,2001,2001,24,2010,2003,22,2016,2016,9,2016,2000,25
89,usa_NC_0036_0104,usa_NC_0036_0104,backward,1996_2024,1.1235,0.1193,604,2010_2024,1.6148,0.2893,0.4913,False,False,False,False,True,True,False,1998,1998,27,2000,2000,25,2000,2000,25,2015,2001,24,2016,2002,23,2017,2017,8,2016,2000,25
89,usa_NC_0036_0105,usa_NC_0036_0105,backward,1996_2024,1.1537,0.1153,603,2010_2024,1.6122,0.2876,0.4585,False,False,False,False,True,True,False,1998,1998,27,2016,2000,25,2016,2000,25,2016,2001,24,2016,2003,22,2017,2017,8,2017,2000,25
89,usa_NC_0036_0106,usa_NC_0036_0106,backward,1996_2024,1.1654,0.1157,598,2010_2024,1.6692,0.2963,0.5038,False,False,False,False,False,True,False,2015,1999,26,2016,2000,25,2016,2000,25,2016,2001,24,2016,2005,20,2017,2017,8,2020,2000,25
89,usa_NC_0036_0107,usa_NC_0036_0107,backward,1996_2024,1.1473,0.1137,602,2010_2024,1.6139,0.2894,0.4666,False,False,False,False,True,True,False,2015,1999,26,2016,2000,25,2016,2000,25,2016,2002,23,2016,2006,19,2017,2017,8,2017,2000,25
89,usa_NC_0036_0108,usa_NC_0036_0108,backward,1996_2024,1.1087,0.1138,607,2010_2024,1.4968,0.2845,0.3881,False,False,False,False,True,True,True,2016,2000,25,2016,2002,23,2016,2002,23,2016,2006,19,2016,2007,18,2017,2017,8,2016,2005,20
90,usa_NC_0036_0109,usa_NC_0036_0109,backward,1996_2024,1.0473,0.1154,616,2010_2024,1.4203,0.2933,0.373,False,False,False,False,True,True,True,2016,2000,25,2016,2002,23,2016,2001,24,2016,2005,20,2016,2006,19,2016,2016,9,2016,2002,23
90,usa_NC_0036_0110,usa_NC_0036_0110,backward,1996_2024,1.103,0.1228,619,2010_2024,1.6303,0.3179,0.5273,False,False,False,False,False,True,False,2016,2000,25,2016,2001,24,2016,2000,25,2016,2002,23,2016,2005,20,2016,2016,9,2016,2001,24
90,usa_NC_0036_0111,usa_NC_0036_0111,backward,1996_2024,1.1671,0.1286,606,2010_2024,1.8392,0.3473,0.6721,False,False,False,False,False,True,False,2014,2000,25,2015,2001,24,2015,2001,24,2016,2002,23,2016,2003,22,2016,2016,9,2016,2002,23
90,usa_NC_0036_0112,usa_NC_0036_0112,backward,1996_2024,1.2381,0.1333,614,2010_2024,1.8913,0.3536,0.6532,False,False,False,False,False,True,False,2015,2000,25,2015,2001,24,2015,2001,24,2015,2003,22,2015,2003,22,2016,2016,9,2015,2002,23
90,usa_NC_0037_0001,usa_NC_0037_0001,backward,1996_2024,1.3286,0.1412,591,2010_2024,2.0205,0.3723,0.6919,False,False,False,False,False,True,False,2014,2000,25,2015,2001,24,2015,2001,24,2015,2003,22,2015,2003,22,2015,2015,10,2015,2002,23
90,usa_NC_0037_0002,usa_NC_0037_0002,backward,1996_2024,1.3013,0.142,588,2010_2024,1.9816,0.3825,0.6803,False,False,False,False,False,True,False,2013,2000,25,2014,2001,24,2014,2001,24,2014,2003,22,2014,2004,21,2015,2015,10,2015,2002,23
90,usa_NC_0037_0003,usa_NC_0037_0003,backward,1996_2024,1.2743,0.1435,588,2010_2024,2.0914,0.3701,0.8171,False,False,False,False,False,True,False,2000,2000,25,2001,2001,24,2001,2001,24,2013,2003,22,2013,2003,22,2014,2007,18,2014,2002,23
90,usa_NC_0037_0004,usa_NC_0037_0004,backward,1996_2024,1.2268,0.1468,582,2010_2024,2.1448,0.3842,0.918,False,False,False,False,False,True,False,2000,2000,25,2001,2001,24,2001,2001,24,2003,2003,22,2003,2003,22,2013,2007,18,2002,2002,23
90,usa_NC_0037_0005,usa_NC_0037_0005,backward,1996_2024,1.1706,0.1503,583,2010_2024,2.0963,0.3885,0.9257,False,False,False,False,False,True,False,2000,2000,25,2002,2002,23,2002,2002,23,2003,2003,22,2003,2003,22,2013,2007,18,2003,2003,22
90,usa_NC_0037_0006,usa_NC_0037_0006,backward,1996_2024,1.0853,0.1517,588,2010_2024,2.0051,0.3954,0.9198,False,False,False,False,False,True,False,2001,2001,24,2002,2002,23,2002,2002,23,2003,2003,22,2004,2004,21,2012,2012,13,2003,2003,22
