{
  "type" : "FeatureCollection",
  "crs" : {
    "type" : "name",
    "properties" : {
      "name" : "EPSG:26918"
    }
  },
  "features" : [{"type":"Feature","id":1,"geometry":{"type":"LineString","coordinates":[[452007.61600000039,3898355.1615999993],[452014.35960000008,3898393.9372000005],[452019.41729999986,3898408.2673000004],[452021.94610000029,3898468.9595999997],[452038.80510000046,3898556.6262999997],[452041.33389999997,3898607.2031999994],[452046.39159999974,3898630.8058000002],[452057.34999999963,3898692.341],[452075.89479999989,3898747.9757000003],[452111.29870000016,3898839.0141000003],[452101.18329999968,3898869.3603000008],[452096.12559999991,3898928.3666999992],[452095.28270000033,3898979.7864999995],[452097.81149999984,3899010.9756000005],[452112.14159999974,3899050.5942000002],[452128.15770000033,3899123.9308000002],[452141.64479999989,3899241.9436000008],[452150.91729999986,3899282.4050999992],[452171.14800000004,3899339.7256000005],[452204.86600000039,3899400.4178999998],[452238.58389999997,3899477.9692000002],[452247.01339999959,3899532.7609000001],[452238.58389999997,3899568.9738999996],[452231.57060000021,3899600.2642000001],[452229.41270000022,3899631.5544000007],[452240.74189999979,3899680.1083000004],[452257.46600000001,3899729.2016000003],[452289.83519999962,3899792.3215999994],[452312.49370000046,3899828.4671999998],[452338.92850000039,3899872.1656999998],[452346.48139999993,3899902.9165000003],[452354.5736999996,3899958.4835999999],[452360.9179999996,3899993.1186999995],[452374.72890000045,3900022.4668000005],[452379.21740000043,3900061.8278000001],[452385.08710000012,3900088.0684999991],[452376.8004999999,3900112.9279999994],[452372.37669999991,3900168.8836000003],[452381.00850000046,3900218.5164999999],[452388.56140000001,3900270.3071999997],[452392.33779999986,3900301.5975000001],[452405.28550000023,3900336.1246000007],[452423.62799999956,3900367.4148999993],[452446.82600000035,3900419.7452000007],[452478.82430000044,3900529.1261999998],[452492.31149999984,3900564.5299999993],[452489.78259999957,3900607.5204000007],[452497.36919999961,3900642.9242000002],[452496.99830000009,3900679.7780000009],[452501.31419999991,3900693.8046000004],[452515.88030000031,3900740.7400000002],[452523.43310000002,3900807.6363999993],[452537.99930000026,3900837.3081999999],[452568.21059999987,3900896.1122999992],[452590.09350000042,3900986.0043000001],[452585.87880000006,3901071.9850999992],[452590.09350000042,3901110.7607000005],[452608.63839999959,3901167.2382999994],[452642.3563000001,3901218.6581999995],[452695.46210000012,3901295.3664999995],[452720.75059999991,3901358.5877],[452751.09669999965,3901425.1806000005],[452778.07110000029,3901528.0203000009],[452778.91399999987,3901551.6228999998],[452800.83069999982,3901652.7766999993],[452815.16079999972,3901809.5651999991],[452805.04540000018,3901876.3604000006],[452820.69060000032,3901962.6784000006],[452833.0987999998,3902031.7326999996],[452839.57259999961,3902173.0784000009],[452853.59929999989,3902283.1337000001],[452864.05179999955,3902373.4978],[452899.45569999982,3902533.6580999997],[452918.00059999991,3902672.7445999999],[452929.65739999991,3902737.8758000005],[452940.09229999967,3902812.1476000007],[452938.25079999957,3902831.1760000009],[452944.38900000043,3902850.2042999994],[452943.1612999998,3902893.7851999998],[452943.77520000003,3902933.6832999997],[452957.27909999993,3902993.2235000003],[452972.01070000045,3903087.1373999994],[452982.44560000021,3903176.7545999996],[453002.70150000043,3903295.8350000009],[453012.52259999979,3903356.6029000003],[453022.34370000008,3903419.2120999992],[453029.70949999988,3903465.2484000009],[453040.14429999981,3903524.1747999992],[453056.71740000043,3903616.2471999992],[453064.08320000023,3903684.3808999993],[453080.65620000008,3903764.7907999996],[453109.83299999963,3903862.5212999992],[453141.26040000003,3903963.0889999997],[453139.86359999981,3904042.0066999998],[453139.86359999981,3904085.3067000005],[453135.67329999991,3904108.3534999993],[453145.45069999993,3904169.8114999998],[453167.1007000003,3904250.8244000003],[453178.97329999972,3904285.7436999995],[453181.76680000033,3904319.2663000003],[453175.4813000001,3904338.1227000002],[453177.57650000043,3904365.3597999997],[453188.05229999963,3904405.1677999999],[453198.52809999976,3904471.5145999994],[453202.01999999955,3904514.1162],[453199.22649999987,3904544.1468000002],[453200.62320000026,3904588.1451999992],[453209.00389999989,3904606.3032000009],[453210.40070000011,3904640.5241999999],[453221.57479999959,3904696.3950999994],[453240.43130000029,3904760.6467000004],[453244.3069000002,3904800.0073000006],[453251.6054999996,3904862.6110999994],[453257.89099999983,3904885.6579],[453262.08129999973,3904929.6563000008],[453269.76350000035,3904958.9885000009],[453278.84260000009,3905026.7320000008],[453290.01680000033,3905097.9674999993],[453297.00059999991,3905133.5852000006],[453307.47640000004,3905204.8206999991]]},"properties":{"OBJECTID":1,"Shape_Length":7067.6858228373248,"year":1974,"month":"december","date":155088000000}},{"type":"Feature","id":2,"geometry":{"type":"LineString","coordinates":[[452392.29860000033,3900022.5934999995],[452424.5064000003,3900152.9957999997],[452455.14309999999,3900254.3324999996],[452469.28309999965,3900323.4614000004],[452489.70760000031,3900438.1525999997],[452511.70320000034,3900527.7060000002],[452535.26979999989,3900639.2550000008],[452554.68879999965,3900708.8237999994],[452567.76040000003,3900806.3585000001],[452609.16119999997,3900969.4340000004],[452626.86220000032,3901084.3266000003],[452650.1007000003,3901181.7495000008],[452685.31099999975,3901281.0543000009],[452726.94550000038,3901384.7477000002],[452730.87330000009,3901420.0976999998],[452748.9411000004,3901464.0888],[452764.65220000036,3901535.5744000003],[452768.58000000007,3901578.7799999993],[452775.93240000028,3901643.5709000006],[452778.45679999981,3901706.6711999997],[452795.28890000004,3901775.1689999998],[452789.00439999998,3901835.6568],[452794.50329999998,3901871.0068999995],[452789.79000000004,3901900.8579999991],[452798.4310999997,3902006.9080999997],[452810.21449999977,3902101.1747999992],[452819.64109999966,3902162.4481000006],[452833.78110000025,3902260.6426999997],[452848.70669999998,3902354.9093999993],[452867.55999999959,3902457.8171999995],[452880.12889999989,3902551.2983999997],[452900.55339999963,3902636.1383999996],[452906.05229999963,3902695.8407000005],[452905.26669999957,3902756.3285000008],[452912.33669999987,3902841.1686000004],[452930.40450000018,3902901.6564000007],[452931.19010000024,3902928.3652999997],[452958.68450000044,3903029.7019999996],[452961.04119999986,3903085.4765000008],[452983.82230000012,3903203.3099000007],[452998.74789999984,3903292.0777000003],[453012.88790000044,3903394.9856000002],[453019.9578999998,3903454.6877999995],[453030.95569999982,3903570.9500999991],[453029.38460000046,3903608.6568],[453036.45459999982,3903643.2213000003],[453049.80900000036,3903709.9935999997],[453064.73460000008,3903782.2646999992],[453085.94460000005,3903880.4592000004],[453089.87239999976,3903940.9470000006],[453103.22690000013,3903998.2926000003],[453122.8657999998,3904103.5570999999],[453148.7890999997,3904211.9638999999],[453153.50239999965,3904259.8827999998],[453170.78469999973,3904350.2216999996],[453172.13920000009,3904410.1634999998],[453181.31240000017,3904440.3420000002],[453198.80680000037,3904486.8649000004],[453209.3853000002,3904514.6655000001],[453206.6370000001,3904541.9594000001],[453232.34949999955,3904640.8214999996],[453245.51169999968,3904729.4876000006],[453270.8956000004,3904802.6381999999],[453280.67659999989,3904910.5693999995],[453294.60529999994,3905006.3599999994],[453313.84329999983,3905097.0322999991],[453345.87739999965,3905261.7192000002],[453369.54910000041,3905436.5223999992],[453391.10659999959,3905556.5737999994],[453396.2193,3905633.9386999998],[453410.99380000029,3905704.7486000005],[453413.29360000044,3905776.2620000001],[453430.33469999954,3905854.9822000004],[453430.58330000006,3905912.2440000009],[453453.77599999961,3905968.2993999999]]},"properties":{"OBJECTID":2,"Shape_Length":6067.6027688620652,"year":1972,"month":"july","date":81302400000}},{"type":"Feature","id":3,"geometry":{"type":"LineString","coordinates":[[451753.64159999974,3897713.0587000009],[451757.32390000019,3897824.7550000008],[451780.64510000031,3897943.8158],[451800.28399999999,3898001.5051000006],[451818.69539999962,3898083.7430000007],[451828.51489999983,3898177.0277999993],[451843.24409999978,3898235.9444999993],[451859.20069999993,3898280.1319999993],[451857.97319999989,3898324.3194999993],[451916.88989999983,3898478.9759],[451953.71289999969,3898580.8527000006],[451981.94379999954,3898698.6861000005],[452011.40220000036,3898776.0142000001],[452037.17819999997,3898836.1583999991],[452056.81709999964,3898919.6237000003],[452087.6286000004,3899023.5862000007],[452108.83739999961,3899092.2173999995],[452130.0203999998,3899181.0354999993],[452135.41930000018,3899243.3224999998],[452143.28749999963,3899307.0223999992],[452165.21590000018,3899364.0230999999],[452189.45160000026,3899445.8279999997],[452206.25409999955,3899482.0850000009],[452218.64209999982,3899514.0924999993],[452229.36620000005,3899554.4526000004],[452235.88819999993,3899602.4187000003],[452250.51040000003,3899657.9389999993],[452260.34310000017,3899710.0551999994],[452278.12820000015,3899763.3913000003],[452307.21310000028,3899858.6086999997],[452345.26350000035,3899972.7598000001],[452426.27390000038,3900174.0584999993],[452416.45449999999,3900230.5204000007],[452422.59159999993,3900333.6246000007],[452470.46150000021,3900512.8296000008],[452508.51180000044,3900619.6161000002],[452501.14719999954,3900693.2620000001],[452539.19759999961,3900792.6839000005],[452577.24799999967,3900949.7950999998],[452574.79310000036,3901025.8958000001],[452609.03789999988,3901093.0975000001],[452660.18829999957,3901199.0061000008],[452679.81209999975,3901280.2686999999],[452723.0466,3901388.3252000008],[452709.69849999994,3901391.9684999995],[452794.00059999991,3901578.0887000002],[452757.8021999998,3901585.1272999998],[452767.85730000027,3901643.4470000006],[452793.49780000001,3901733.943],[452818.13289999962,3901774.1634999998],[452781.93439999968,3901809.3563999999],[452793.71779999975,3901877.2913000006],[452792.14670000039,3901917.3546999991],[452802.35890000034,3901984.9124999996],[452845.56450000033,3902171.0892999992],[452858.91889999993,3902244.9315000009],[452846.34999999963,3902282.6381999999],[452847.13559999969,3902309.3471000008],[452872.2734000003,3902353.3383000009],[452875.41559999995,3902388.6883000005],[452865.2034,3902426.3949999996],[452889.55559999961,3902478.2416999992],[452893.48340000026,3902527.7316999994],[452887.19890000019,3902597.6461999994],[452906.05229999963,3902747.6874000002],[452909.98010000028,3902784.6085000001],[452922.54899999965,3902803.4618999995],[452943.75899999961,3902833.3129999992],[452950.04339999985,3902878.8752999995],[452968.89680000022,3902995.1375999991],[452974.39570000023,3903071.3365000002],[452975.96679999959,3903148.3210000005],[452982.25119999982,3903222.9487999994],[452993.24899999984,3903379.2744999994],[453004.24679999985,3903405.9834000003],[453023.88570000045,3903520.6744999997],[453028.59900000039,3903577.2346000001],[453045.88129999954,3903692.7113000005],[453044.31020000018,3903726.4901999999],[453068.6623999998,3903841.9670000002],[453081.2313000001,3903862.3914000001],[453093.01460000034,3903889.8859000001],[453085.94460000005,3903940.1614999995],[453099.29910000041,3903997.5070999991],[453116.58129999973,3904060.3515000008],[453113.43910000008,3904148.3337999992],[453126.00800000038,3904178.9704999998],[453136.22020000033,3904247.3138999995],[453172.35580000002,3904366.7183999997],[453199.06469999999,3904456.2718000002],[453238.34250000026,3904545.0395999998],[453254.83920000028,3904627.523],[453256.41029999964,3904703.7218999993],[453250.91139999963,3904800.3453000002],[453254.83920000028,3904872.6164999995],[453275.26360000018,3904923.6776000001]]},"properties":{"OBJECTID":3,"Shape_Length":7540.3370551110593,"year":1972,"month":"august","date":82166400000}},{"type":"Feature","id":4,"geometry":{"type":"LineString","coordinates":[[452181.76850000024,3899501.1549999993],[452191.08930000011,3899542.4507999998],[452205.35510000028,3899589.6239999998],[452217.55009999964,3899625.2530000005],[452233.52350000013,3899678.7408000007],[452242.86950000003,3899708.6450999994],[452253.89940000046,3899741.5273000002],[452259.05200000014,3899764.4898000006],[452269.09759999998,3899790.2792000007],[452273.8870000001,3899807.6520000007],[452280.17939999979,3899829.5294000003],[452292.89180000033,3899871.3707999997],[452302.26449999958,3899901.6116000004],[452311.04119999986,3899930.1432000007],[452318.13570000045,3899950.9075000007],[452327.35259999987,3899981.4595999997],[452343.87160000019,3900029.5399999991],[452349.90469999984,3900046.9378999993],[452351.56190000009,3900062.5778000001],[452358.21600000001,3900071.7712999992],[452373.6202999996,3900114.4130000006],[452387.05590000004,3900142.1647999994],[452396.22259999998,3900166.7372999992],[452412.27610000037,3900203.3727000002],[452425.22109999973,3900236.5395999998],[452435.21490000002,3900262.5602000002],[452442.02469999995,3900281.6923999991],[452450.80150000006,3900300.4644000009],[452456.78270000033,3900319.9614000004],[452468.92580000032,3900343.1076999996],[452476.9776999997,3900366.5386999995],[452483.96829999983,3900389.8407000005],[452494.30009999964,3900419.8501999993],[452503.41189999972,3900439.0090999994],[452511.59580000024,3900466.7923000008],[452527.48469999991,3900493.3975000009],[452540.15319999959,3900519.9638999999],[452548.80520000029,3900550.3103],[452555.36969999969,3900589.4691000003],[452561.71270000003,3900616.4186000004],[452572.88470000029,3900642.6658999994],[452574.68879999965,3900674.2954999991],[452576.12949999981,3900694.1434000004],[452580.16009999998,3900732.0968999993],[452585.79220000003,3900771.0088999998],[452590.0047000004,3900793.4277999997],[452600.4907999998,3900845.9743000008],[452607.86870000046,3900884.5579000004],[452619.98419999983,3900921.8665999994],[452635.12009999994,3900955.8565999996],[452645.36870000046,3900973.0405000001],[452655.76520000026,3900997.2948000003],[452665.4216,3901026.7310000006],[452671.83150000032,3901046.2968000006],[452672.51159999985,3901068.4090999998],[452676.82699999958,3901094.3747000005],[452676.82699999958,3901108.5146999992],[452681.3518000003,3901154.8939999994],[452695.2089999998,3901202.9700000007],[452705.6727,3901229.2704000007],[452709.63190000039,3901258.9644000009],[452713.87390000001,3901274.8012000006],[452729.7106999997,3901309.5856999997],[452741.87110000011,3901353.4197000004],[452754.03149999958,3901396.9708999991],[452759.40469999984,3901440.8048999999],[452763.64670000039,3901493.1229999997],[452768.17150000017,3901526.2105999999],[452772.13069999963,3901580.7909999993],[452773.54470000044,3901646.6834999993],[452778.91789999977,3901700.9811000004],[452785.7050999999,3901736.8967000004],[452787.96750000026,3901777.3372000009],[452787.11909999978,3901796.8504000008],[452793.05790000036,3901829.0896000005],[452800.12789999973,3901866.7019999996],[452806.63229999971,3901895.2647999991],[452813.13669999968,3901926.0899999999],[452819.64109999966,3901950.4109000005],[452824.73149999976,3901978.9737],[452827.55950000044,3902019.1313000005],[452832.93269999977,3902057.5921],[452839.15429999959,3902090.9625000004],[452841.98230000027,3902123.7674000002],[452845.09310000017,3902144.9773999993],[452848.48670000024,3902195.5986000001],[452856.40510000009,3902244.523],[452862.34399999958,3902287.5087000001],[452868.84839999955,3902330.4943000004],[452871.39360000007,3902355.9463],[452880.44319999963,3902397.8006999996],[452883.27120000031,3902424.9495999999],[452891.18960000016,3902491.4076000005],[452902.21879999992,3902542.8772],[452904.19840000011,3902574.8335999995],[452910.41999999993,3902610.1837000009],[452924.27720000036,3902658.8253000006],[452925.69120000023,3902678.3385000005],[452940.67960000038,3902720.1929000001],[452946.05279999971,3902752.7149999999],[452952.27440000046,3902784.9541999996],[452959.34439999983,3902834.4441999998],[452969.80800000019,3902885.0654000007],[452981.68560000043,3902926.6370999999],[452988.19000000041,3902969.0570999999],[452989.32120000012,3902999.8823000006],[452994.41160000023,3903040.8882999998],[452998.08800000045,3903066.9059999995],[452999.78479999956,3903098.8624000009],[453009.11720000021,3903130.2532000002],[453020.99490000028,3903189.3584000003],[453021.84329999983,3903211.1339999996],[453024.95409999974,3903245.6357000005],[453028.63049999997,3903282.6824999992],[453037.11450000014,3903327.3649000004],[453038.72030000016,3903345.8112000003],[453041.52249999996,3903375.4545000009],[453047.57809999958,3903398.0649999995],[453057.75889999978,3903433.9805999994],[453063.13210000005,3903462.5434000008],[453064.54609999992,3903494.4998000003],[453060.46899999958,3903507.3983999994],[453073.03010000009,3903571.9870999996],[453076.70650000032,3903600.8326999992],[453081.79690000042,3903622.6083000004],[453084.90770000033,3903647.7774999999],[453089.14969999995,3903675.7747000009],[453090.56369999982,3903706.8827999998],[453097.06410000008,3903729.1344000008],[453099.00380000006,3903751.6333000008],[453099.89609999955,3903767.6848000009],[453103.85529999994,3903779.8452000003],[453105.24069999997,3903801.3432],[453110.71590000018,3903817.1013999991],[453112.24839999992,3903825.5347000007],[453112.84580000024,3903844.8348999992],[453122.02109999955,3903884.8353000004],[453126.85580000002,3903909.0750999991],[453132.64829999954,3903918.3603000008],[453131.29220000003,3903931.2204999998],[453137.96289999969,3903956.2981000002],[453136.37729999982,3903981.1988999993],[453140.55119999964,3904009.0427999999],[453142.90660000034,3904035.6327],[453149.06010000035,3904065.4341000002],[453157.12519999966,3904092.3432999998],[453162.39489999972,3904135.3249999993],[453166.07129999995,3904179.4418000001],[453171.72730000038,3904211.3982999995],[453181.62540000025,3904254.3838999998],[453182.75659999996,3904270.2206999995],[453188.41260000039,3904293.1274999995],[453190.95779999997,3904310.6611000001],[453195.19979999959,3904333.8507000003],[453196.89659999963,3904347.7079000007],[453198.87619999982,3904364.9587999992],[453206.51180000044,3904385.0375999995],[453209.62260000035,3904399.1776000001],[453210.75380000006,3904420.3875999991],[453212.73340000026,3904439.0524000004],[453218.38939999975,3904479.4927999992],[453222.91420000046,3904511.1664000005],[453225.45940000005,3904527.8517000005],[453228.57019999996,3904553.8693000004],[453231.68099999987,3904576.7761000004],[453232.52940000035,3904595.7237],[453238.75100000016,3904617.4992999993]]},"properties":{"OBJECTID":4,"Shape_Length":5262.4270264291126,"year":1967,"month":"august","date":-74304000000}},{"type":"Feature","id":5,"geometry":{"type":"LineString","coordinates":[[452238.49629999977,3898393.5945999995],[452223.11730000004,3898609.6138000004],[452213.18410000019,3898782.3446999993],[452207.17920000013,3898976.9436000008],[452227.41089999955,3899069.2313000001],[452207.9924999997,3899217.0264999997],[452198.28340000007,3899322.7486000005],[452218.78050000034,3899498.5924999993],[452230.6473000003,3899606.4722000007],[452248.98680000007,3899711.1154999994],[452256.53839999996,3899765.0554000009],[452272.72039999999,3899851.3590999991],[452300.07870000042,3899891.0589000005],[452302.14989999961,3899960.1019000001],[452299.70999999996,3900004.3690000009],[452308.3638000004,3900083.6888999995],[452324.93410000019,3900184.4916999992],[452362.17970000021,3900316.1400000006],[452364.28870000038,3900390.2399000004],[452378.78770000022,3900434.4274000004],[452380.85900000017,3900486.9001000002],[452402.26229999959,3900581.4890000001],[452427.11780000012,3900653.2937000003],[452432.09939999972,3900727.1306999996],[452445.06900000013,3900818.9969999995],[452464.40099999961,3900903.9199000001],[452514.11199999973,3901039.9345999993],[452534.13449999969,3901090.3359999992],[452583.84539999999,3901160.7598999999],[452598.34449999966,3901196.6622000001],[452630.10419999994,3901233.2550000008],[452650.8172000004,3901269.8477999996],[452666.75229999982,3901323.8671000004],[452686.63669999968,3901362.3102000002],[452720.66110000014,3901387.9389999993],[452743.56790000014,3901387.6384999994],[452741.42920000013,3901405.1721000001],[452758.66229999997,3901488.2446999997],[452772.80229999963,3901531.5483999997],[452784.73300000001,3901563.8052999992],[452795.33800000045,3901578.8290999997],[452804.1754999999,3901592.0854000002],[452796.66359999962,3901637.5985000003],[452790.47740000021,3901687.0885000005],[452792.24490000028,3901727.7411000002],[452799.31489999965,3901752.4860999994],[452813.45490000024,3901775.0217000004],[452818.31549999956,3901786.0686000008],[452813.45490000024,3901815.6743000001],[452833.68240000028,3901937.6566000003],[452859.32699999958,3902088.0075000003],[452860.01750000007,3902159.8122000005],[452846.8992999997,3902202.6188999992],[452840.68539999984,3902232.3073999994],[452846.8992999997,3902294.4461000003],[452867.27579999994,3902357.3684999999],[452878.86319999956,3902415.2903000005],[452885.50669999979,3902478.7531000003],[452884.74189999979,3902601.9860999994],[452897.99110000022,3902675.5635000002],[452921.59509999957,3902727.6108999997],[452935.27440000046,3902784.6514999997],[452956.67769999988,3902835.0528999995],[452954.07010000013,3902908.0843000002],[452952.11539999954,3902937.5491000004],[452954.52010000031,3903007.9192999993],[452961.14209999982,3903054.5012999997],[452976.0959999999,3903117.9565999992],[452987.01879999973,3903204.5590000004],[452996.89020000026,3903263.6978999991],[453002.02180000022,3903318.7646999992],[453030.03589999955,3903422.1774000004],[453052.69060000032,3903484.7476000004],[453064.55740000028,3903514.9539000001],[453059.16339999996,3903571.0514000002],[453059.50549999997,3903591.4473000001],[453070.51960000023,3903691.8767000008],[453078.3032999998,3903761.1187999994],[453087.42100000009,3903822.9264000002],[453091.01510000043,3903869.2556999996],[453098.87239999976,3903958.1624999996],[453101.05260000005,3903971.2949000001],[453105.03309999965,3904002.3246999998],[453107.87349999975,3904022.4200999998],[453122.56909999996,3904080.2916000001],[453124.95409999974,3904112.9452999998],[453129.39759999979,3904130.5461999997],[453138.25650000013,3904199.3878000006],[453145.01779999956,3904230.2490999997],[453147.33090000041,3904239.4451000001],[453155.41509999987,3904257.6096000001],[453158.29619999975,3904279.1583999991],[453165.64209999982,3904313.5087000001]]},"properties":{"OBJECTID":5,"Shape_Length":6121.3473737628701,"year":1978,"month":"december","date":281404800000}},{"type":"Feature","id":6,"geometry":{"type":"LineString","coordinates":[[452196.52840000018,3899480.6970000006],[452205.00769999996,3899525.4252000004],[452219.18530000001,3899571.6575000007],[452227.71669999976,3899624.2901000008],[452236.29739999957,3899677.8125],[452252.93159999978,3899753.9966000002],[452271.33530000038,3899844.1771000009],[452281.22780000046,3899911.3256999999],[452295.79229999986,3899989.5327000003],[452313.84310000017,3900086.5864000004],[452332.36610000022,3900161.2431000005],[452348.55590000004,3900247.1341999993],[452356.48330000043,3900281.4907000009],[452381.46040000021,3900394.6741000004],[452384.78509999998,3900462.8862999994],[452400.89940000046,3900518.1681999993],[452409.61459999997,3900564.3489999995],[452427.36230000015,3900652.2888999991],[452436.39969999995,3900684.4307000004],[452448.69319999963,3900717.4471000005],[452463.52300000004,3900776.4277999997],[452480.97020000033,3900850.3609999996],[452500.54839999974,3900919.4140000008],[452515.24340000004,3900983.1837000009],[452533.09289999958,3901037.0537],[452551.59549999982,3901085.8910000008],[452563.68989999965,3901127.6951000001],[452586.00910000037,3901194.3593000006],[452604.05269999988,3901239.3173999991],[452615.73560000025,3901267.7256000005],[452637.61149999965,3901309.4857000001],[452656.90309999976,3901349.8556999993],[452680.09140000027,3901386.2717000004],[452692.39020000026,3901391.3636000007],[452703.47140000015,3901392.9342999998],[452710.22429999989,3901399.8984999992],[452715.54320000019,3901419.4286000002],[452722.76020000037,3901457.9947999995],[452732.16089999955,3901489.0613000002],[452747.84210000001,3901529.7045000009],[452756.19130000006,3901546.1406999994],[452761.01879999973,3901566.6338],[452759.35120000038,3901583.2047000006],[452787.41289999988,3901577.6061000004],[452786.9963999996,3901600.0989999995],[452792.82789999992,3901630.5061000008],[452810.5307,3901704.2588999998],[452817.50899999961,3901748.3342000004],[452819.73419999983,3901767.6326000001],[452821.28239999991,3901785.6431000009],[452825.49990000017,3901803.8368999995],[452831.03050000034,3901875.5659999996],[452826.44620000012,3901942.2328999992],[452831.5708999997,3901978.9245999996],[452837.97180000041,3902016.2688999996],[452840.39429999981,3902046.6608000007],[452845.88430000003,3902081.4575999994],[452853.65869999956,3902152.9823000003],[452849.86730000004,3902202.2705000006],[452863.61120000016,3902265.3025000002],[452869.72790000029,3902332.0711000003],[452873.50250000041,3902400.0130000003],[452874.04169999994,3902450.6997999996],[452873.21009999979,3902501.9689000007],[452888.54800000042,3902578.0446000006],[452905.99419999961,3902672.6525999997],[452919.28550000023,3902808.4141000006],[452940.63399999961,3902865.8519000001],[452942.87600000016,3902926.2594000008],[452954.13850000035,3902987.3751999997],[452963.35369999986,3903093.7654999997],[452976.12579999957,3903166.7602999993],[452977.24700000044,3903205.5698000006],[452992.94820000045,3903257.7011999991],[452993.5887000002,3903291.1133999992],[452991.49810000043,3903316.6021999996],[452991.12249999959,3903336.2048000004],[452994.16170000006,3903357.6118999999],[452999.44450000022,3903378.1202000007],[453016.80810000002,3903431.7237999998],[453021.82309999969,3903523.2445999999],[453020.66940000001,3903534.5011999998],[453024.3470999999,3903545.3058000002],[453027.62289999984,3903568.2416999992],[453038.35560000036,3903597.3585999999],[453038.96700000018,3903624.6984999999],[453040.07940000016,3903640.9980999995],[453042.71630000044,3903675.8567999993],[453045.65369999968,3903699.0267999992],[453049.26999999955,3903718.5327000003],[453058.08189999964,3903753.4340000004],[453065.85170000046,3903786.9229000006],[453064.88399999961,3903805.6403999999],[453066.03160000034,3903820.3233000003],[453076.93180000037,3903853.6034999993],[453087.48429999966,3903885.1293000001],[453083.33619999979,3903908.7190000005],[453083.54679999966,3903918.7032999992],[453085.3077999996,3903944.3935000002],[453085.8646999998,3903960.2277000006],[453091.46740000043,3903971.2488000002],[453095.21349999961,3903984.0609000009],[453103.93219999969,3904016.7086999994],[453112.36359999981,3904050.4039999992],[453114.9254999999,3904070.2489999998],[453113.86930000037,3904082.8873999994],[453115.77809999976,3904094.1373999994],[453115.78780000005,3904110.0901999995],[453117.0661000004,3904129.3990000002],[453122.33440000005,3904149.5238000005],[453126.48429999966,3904174.8815000001],[453126.55719999969,3904183.1357000005],[453131.60120000038,3904193.9249000009],[453133.90299999993,3904206.1011999995],[453135.2592000002,3904218.9578000009],[453135.33139999956,3904231.7048000004],[453136.17260000017,3904241.2611999996],[453133.82230000012,3904258.0372000001],[453140.51520000026,3904276.1739000008],[453140.30700000003,3904295.1867999993],[453142.62260000035,3904308.3642999995],[453141.33459999971,3904328.2040999997],[453147.10529999994,3904354.5815999992],[453157.97059999965,3904417.0254999995],[453162.38499999978,3904445.9165000003],[453167.99650000036,3904479.1776000001],[453174.28100000042,3904510.4367999993],[453179.55480000004,3904531.0817000009],[453175.78569999989,3904542.7738000005],[453181.10730000027,3904556.1111999992],[453191.2977,3904623.0181000009]]},"properties":{"OBJECTID":6,"Shape_Length":5323.6485317743754,"year":1985,"month":"august","date":493603200000}},{"type":"Feature","id":7,"geometry":{"type":"LineString","coordinates":[[451906.5745000001,3897233.3903000001],[451937.79409999959,3897384.2851],[451987.22520000022,3897673.0666000005],[452008.0382000003,3897797.9450000003],[452013.24149999954,3897961.8479999993],[452013.24149999954,3898154.3690000009],[452039.25789999962,3898344.2884],[452066.73110000044,3898591.0274],[452108.35730000027,3898652.6340999994],[452125.00769999996,3898709.2456999999],[452111.68740000017,3898805.8183999993],[452125.00769999996,3898870.7552000005],[452141.65820000041,3898939.0220999997],[452176.62420000043,3899070.5606999993],[452184.94940000027,3899167.1334000006],[452193.27460000012,3899240.3955000006],[452176.62420000043,3899376.9293000009],[452188.27950000018,3899476.8320000004],[452194.93969999999,3899581.7300000004],[452209.92509999964,3899718.2638000008],[452226.5756000001,3899791.5258000009],[452243.22599999979,3899954.7003000006],[452252.15070000011,3900015.8408000004],[452254.28189999983,3900094.6973999999],[452264.93819999974,3900176.7509000003],[452284.11959999986,3900265.1982000005],[452308.62899999972,3900331.2672000006],[452338.13370000012,3900437.5637999997],[452363.10940000042,3900505.8307000007],[452381.42489999998,3900585.7529000007],[452426.38109999988,3900685.6557],[452453.02190000005,3900798.8787999991],[452484.65770000033,3900845.5000999998],[452514.6286000004,3900925.4222999997],[452522.95380000025,3901018.6648999993],[452556.2547000004,3901111.9075000007],[452591.95330000017,3901202.0864000004],[452600.82469999976,3901226.5666000005],[452646.85989999957,3901315.9516000003],[452668.07919999957,3901363.3295000009],[452674.67279999983,3901384.9085000008],[452684.86290000007,3901396.8968000002],[452708.8395999996,3901393.8998000007],[452722.62619999982,3901443.0518999994],[452741.80750000011,3901500.5958999991],[452750.79870000016,3901536.5609000009],[452772.37770000007,3901580.3182999995],[452786.1643000003,3901580.9177999999],[452781.96839999966,3901601.8972999994],[452795.75499999989,3901660.6402000003],[452805.94510000013,3901703.1987999994],[452813.73749999981,3901756.5468000006],[452822.72869999986,3901770.3333999999],[452824.67080000043,3901782.4416000005],[452825.62990000006,3901801.2392999995],[452838.28959999979,3901870.2920999993],[452840.97499999963,3901933.2069000006],[452847.49660000019,3901991.1345000006],[452854.77020000014,3902073.0908000004],[452854.77020000014,3902101.4622000009],[452851.71480000019,3902144.2859000005],[452858.69849999994,3902206.3632999994],[452868.78610000014,3902247.4896000009],[452873.35250000004,3902277.6270000003],[452877.62569999974,3902348.0807000007],[452884.40620000008,3902406.2800999992],[452890.05659999978,3902470.6949000005],[452891.75169999991,3902524.3739999998],[452901.92250000034,3902572.9675999992],[452908.13800000027,3902624.9515000004],[452921.13389999978,3902702.3624000009],[452932.99980000034,3902774.1228],[452939.78029999975,3902841.3628000002],[452948.25600000005,3902934.0297999997],[452953.90639999975,3902976.4079999998],[452970.18169999961,3903077.4905999992],[452979.01279999968,3903167.2291000001],[452979.94660000037,3903191.4353],[453004.30109999981,3903291.6664000005],[453015.77859999985,3903398.4946999997],[453040.49920000043,3903508.8545999993],[453036.96769999992,3903560.9444999993],[453051.9765999997,3903669.5385999996],[453066.98550000042,3903775.4840999991],[453090.82330000028,3903877.898],[453088.17459999956,3903914.9789000005],[453107.59800000023,3904015.6271000002],[453121.72400000039,3904109.2123000007],[453140.26449999958,3904204.5632000007],[453164.82550000027,3904288.3236999996],[453182.66089999955,3904443.5485999994],[453193.77010000031,3904525.9417000003],[453210.4338999996,3904621.2956000008],[453234.50380000006,3904785.1560999993],[453239.13260000013,3904878.6583999991],[453256.72219999973,3904995.3048999999],[453274.31170000043,3905084.1784000006],[453285.42090000026,3905168.4231000002],[453300.23319999967,3905248.9647000004]]},"properties":{"OBJECTID":7,"Shape_Length":8238.4607032391323,"year":1987,"month":"july","date":552873600000}},{"type":"Feature","id":8,"geometry":{"type":"LineString","coordinates":[[452125.01489999983,3898255.4198000003],[452094.07600000035,3898425.5841000006],[452078.60649999976,3898639.0628999993],[452095.99419999961,3898875.8697999995],[452112.82500000019,3899041.2075999994],[452116.78519999981,3899107.5406999998],[452131.7547000004,3899163.8545999993],[452138.09100000001,3899256.9981999993],[452150.76360000018,3899350.7754999995],[452154.31190000009,3899393.0766000003],[452153.50090000033,3899423.8964000009],[452155.52850000001,3899458.7714000009],[452161.61129999999,3899500.9458000008],[452173.37689999957,3899546.8420000002],[452181.55279999971,3899558.2107999995],[452185.39159999974,3899590.3977000006],[452185.09640000015,3899627.8999000005],[452193.06929999962,3899680.7573000006],[452213.0569000002,3899763.6977999993],[452240.27919999976,3899847.2103000004],[452248.12289999984,3899890.5814999994],[452253.65969999973,3899927.9545000009],[452253.19830000028,3899996.7024000008],[452263.34900000039,3900023.9246999994],[452268.88570000045,3900058.068],[452282.72759999987,3900090.3655999992],[452290.57129999995,3900104.6688999999],[452287.80289999954,3900135.1209999993],[452289.18709999975,3900163.2661000006],[452299.07940000016,3900193.6812999994],[452315.02529999986,3900235.6129000001],[452332.55829999968,3900280.4605],[452337.17219999991,3900298.4549000002],[452336.71079999954,3900328.9069999997],[452335.32670000009,3900353.3608999997],[452344.0932,3900368.5869999994],[452353.78249999974,3900385.6586000007],[452363.01040000003,3900423.9543999992],[452373.62249999959,3900480.2445999999],[452390.69409999996,3900536.0734999999],[452404.53589999955,3900608.9738999996],[452412.3797000004,3900655.5747999996],[452429.91270000022,3900705.4055000003],[452449.26250000019,3900790.0139000006],[452468.00659999996,3900854.1766999997],[452485.30900000036,3900906.8046000004],[452517.11639999971,3900977.1674000006],[452548.49129999988,3901034.3804000001],[452574.79079999961,3901080.5198999997],[452596.01499999966,3901123.4297000002],[452620.12289999984,3901182.1998999994],[452653.68939999957,3901240.6240999997],[452680.45029999968,3901295.0687000006],[452707.21129999962,3901356.4342999998],[452720.59169999976,3901385.0407999996],[452725.62430000026,3901388.0113999993],[452734.12870000023,3901399.3507000003],[452737.15249999985,3901416.7375000007],[452738.09740000032,3901438.6601],[452749.69649999961,3901469.6422000006],[452754.42119999975,3901489.4268999994],[452764.75650000013,3901525.7478999998],[452770.95760000031,3901553.8006999996],[452777.74940000009,3901572.1088999994],[452784.02139999997,3901579.2667999994],[452790.44699999969,3901579.0778000001],[452790.82490000036,3901588.7161999997],[452794.41569999978,3901597.9766000006],[452792.3367999997,3901613.4735000003],[452793.84869999997,3901632.7502999995],[452799.89630000014,3901678.7096999995],[452804.32569999993,3901702.0377999991],[452827.17399999965,3901817.3682000004],[452825.3284,3901840.4378999993],[452823.94429999962,3901870.4286000002],[452827.65390000027,3901894.8640999999],[452830.9020999996,3901916.4204999991],[452833.26439999975,3901941.8157000002],[452838.875,3901982.5660999995],[452839.46559999976,3902020.0683999993],[452841.47730000038,3902054.9867000002],[452850.24380000029,3902126.0416000001],[452855.78050000034,3902177.2565000001],[452858.54889999982,3902210.477],[452862.70150000043,3902277.8407000005],[452867.31539999973,3902323.5187999997],[452874.69770000037,3902377.0406999998],[452882.0800999999,3902459.6304000001],[452894.99909999967,3902520.0732000005],[452902.38150000013,3902570.3652999997],[452910.68659999967,3902634.9605999999],[452919.45309999958,3902693.5578000005],[452925.91260000039,3902747.0797000006],[452936.16060000006,3902828.6690999996],[452940.6213999996,3902874.4933000002],[452942.80109999981,3902919.3795999996]]},"properties":{"OBJECTID":8,"Shape_Length":4811.1252654190621,"year":1989,"month":"july","date":617760000000}},{"type":"Feature","id":9,"geometry":{"type":"LineString","coordinates":[[452128.90050000045,3898022.7991000004],[452112.34999999963,3898069.2325999998],[452099.0175999999,3898124.8607999999],[452099.0175999999,3898146.0087000001],[452085.68520000018,3898165.7774999999],[452073.98950000014,3898192.2766999993],[452065.45669999998,3898213.1671999991],[452066.92789999954,3898245.8269999996],[452063.69130000006,3898268.1886],[452056.04129999969,3898293.1983000003],[452055.15859999973,3898307.9099000003],[452063.39709999971,3898329.6831],[452071.63559999969,3898349.6908999998],[452074.8722000001,3898364.4024999999],[452077.52029999997,3898380.2909999993],[452072.22410000023,3898393.8256999999],[452064.86830000021,3898410.3026999999],[452060.74899999984,3898434.4297000002],[452059.57210000046,3898459.4394000005],[452061.04330000002,3898477.0932999998],[452059.57210000046,3898499.7491999995],[452061.63169999979,3898523.2877999991],[452070.16449999996,3898564.1860000007],[452087.52410000004,3898594.7862],[452090.17219999991,3898620.3842999991],[452091.05489999987,3898640.0978999995],[452093.70299999975,3898658.9287],[452095.17420000024,3898683.0558000002],[452098.11649999954,3898697.7674000002],[452104.5895999996,3898715.1271000002],[452106.64919999987,3898733.0752000008],[452107.53189999983,3898758.0848999992],[452106.06080000009,3898785.7426999994],[452108.12040000036,3898818.4024999999],[452108.70880000014,3898845.4718999993],[452107.23770000041,3898875.1893000007],[452110.76850000024,3898902.8471000008],[452110.1799999997,3898921.3837000001],[452107.23770000041,3898960.5165999997],[452107.82620000001,3898991.7051999997],[452109.29729999974,3899015.8322000001],[452117.53579999972,3899040.2534999996],[452128.12820000015,3899061.4382000007],[452134.30700000003,3899086.1536999997],[452137.60900000017,3899119.0096000005],[452142.6632000003,3899152.1201000009],[452143.50210000016,3899173.8596000001],[452142.28320000041,3899191.1675000004],[452143.01449999958,3899211.8881000001],[452143.98959999997,3899230.4148999993],[452148.13379999995,3899260.6426999997],[452154.23280000035,3899282.8145000003],[452154.01860000007,3899301.4546000008],[452155.3041000003,3899326.0936999992],[452158.30370000005,3899340.4486999996],[452164.4665000001,3899360.5894000009],[452169.58579999954,3899376.9221999999],[452174.94880000036,3899388.8670000006],[452179.33669999987,3899413.4880999997],[452180.72310000006,3899428.4038999993],[452179.76329999976,3899449.6578000002],[452175.43630000018,3899480.0380000006],[452175.68010000046,3899508.3156000003],[452175.43630000018,3899520.9918000009],[452179.58040000033,3899539.0308999997],[452184.45590000041,3899565.3584000003],[452188.5848000003,3899582.8642999995],[452195.66940000001,3899597.0488000009],[452203.47009999957,3899622.1574000008],[452206.88300000038,3899639.9528000001],[452226.09439999983,3899725.6024999991],[452231.64159999974,3899741.4120000005],[452234.13779999968,3899761.3817999996],[452235.24729999993,3899787.7309000008],[452237.46609999985,3899808.8102000002],[452235.80200000014,3899830.9989],[452239.68499999959,3899861.7858000007],[452249.3925999999,3899886.1933999993],[452258.54540000018,3899899.5066],[452261.3300999999,3899917.2131999992],[452268.25299999956,3899940.1119999997],[452270.91559999995,3899956.2653999999],[452273.40079999994,3899975.4364],[452275.4654000001,3899997.9146999996],[452277.48510000017,3900016.8995999992],[452280.51460000034,3900033.4607999995],[452281.30979999993,3900063.0867999997],[452284.46549999993,3900078.5499000009],[452293.61710000038,3900099.6932999995],[452299.29750000034,3900120.2054999992],[452306.87119999994,3900143.2423],[452313.18269999977,3900165.648],[452316.33839999977,3900188.6848000009],[452322.33800000045,3900221.2431000005],[452329.27199999988,3900249.2563000005],[452335.6512000002,3900282.8168000001],[452377.93310000002,3900485.8435999993],[452388.71920000017,3900563.6581999995],[452401.04629999958,3900617.5890999995],[452398.73500000034,3900651.4885000009],[452405.82299999986,3900691.7672000006],[452422.58789999969,3900761.2918999996],[452435.40799999982,3900806.1623999998],[452466.96530000027,3900912.6682999991],[452481.26470000017,3900956.5526000001],[452514.68649999984,3901043.1618000008],[452528.55439999979,3901089.9661999997],[452535.34970000014,3901117.6674000006],[452548.9402999999,3901144.0164999999],[452556.70629999973,3901155.1107999999],[452563.08559999987,3901175.0807000007],[452567.17879999988,3901205.9476999994],[452573.27309999987,3901228.1309999991],[452583.26779999956,3901246.6577000003],[452602.03830000013,3901274.9353999998],[452616.42090000026,3901306.8695999999],[452631.04719999991,3901338.0723999999],[452648.5987999998,3901370.2503999993],[452664.93159999978,3901388.5333999991],[452683.45830000006,3901396.5778999999],[452699.05979999993,3901393.4088000003],[452702.22879999969,3901409.9854000006],[452708.81070000026,3901432.1687000003],[452719.29289999977,3901481.1668999996],[452725.38719999976,3901515.0513000004],[452734.4068,3901532.8466999996],[452743.91390000004,3901562.8308000006],[452745.86409999989,3901573.8004999999],[452743.67009999976,3901586.2328999992],[452758.78399999999,3901584.5264999997],[452769.26630000025,3901599.1528999992],[452777.66959999967,3901623.9729999993],[452788.71700000018,3901672.5146999992],[452789.38659999985,3901726.0779999997],[452793.40380000044,3901755.2030999996],[452799.09489999991,3901776.2936000004],[452802.29739999957,3901786.6292000003],[452802.0231999997,3901808.2945000008],[452800.24060000014,3901820.6355000008],[452806.07589999959,3901838.7813000008],[452807.29480000027,3901863.1586000007],[452807.78230000008,3901888.2671000008],[452809.20500000007,3901926.4850999992],[452808.34800000023,3901947.9104999993],[452807.29480000027,3901979.9255999997],[452812.41399999987,3902025.7548999991],[452815.09549999982,3902074.0218000002],[452816.55810000002,3902103.5183000006],[452822.65249999985,3902154.9542999994],[452827.5279000001,3902192.7390999999],[452833.6222000001,3902254.9011000004],[452843.72360000014,3902316.9258999992],[452850.68630000018,3902367.5240000002],[452857.99949999992,3902408.7215999998],[452864.58129999973,3902440.8994999994],[452864.82510000002,3902471.1272999998],[452866.04399999976,3902525.4886000007],[452868.72549999971,3902539.1399000008],[452874.81979999971,3902567.6612999998],[452881.88920000009,3902605.4460000005],[452883.83939999994,3902630.0669999998],[452889.81450000033,3902678.0891999993],[452898.96740000043,3902713.3136999998],[452902.29569999967,3902749.3704000004],[452908.39759999979,3902787.0911999997],[452912.00320000015,3902817.8781000003],[452921.98819999956,3902876.6782000009],[452928.86539999954,3902938.9027999993],[452933.28340000007,3902992.2346000001],[452936.7547000004,3903049.6688999999],[452942.75059999991,3903093.8490999993]]},"properties":{"OBJECTID":9,"Shape_Length":5266.2619673835106,"year":1991,"month":"october","date":687830400000}},{"type":"Feature","id":10,"geometry":{"type":"LineString","coordinates":[[451923.48680000007,3897808.5677000005],[451978.03469999973,3897962.8066000007],[451996.46810000017,3898096.6557],[452001.28340000007,3898186.9419],[452019.34059999976,3898294.0813999996],[452019.67769999988,3898406.4214999992],[452028.15249999985,3898488.8586999997],[452037.39780000038,3898545.1009999998],[452053.57710000034,3898658.3559000008],[452068.21549999993,3898742.3340000007],[452068.21549999993,3898796.2649000008],[452072.06769999955,3898858.6707000006],[452084.39479999989,3898975.0074000005],[452099.80360000022,3899055.1334000006],[452112.90110000037,3899110.6052000001],[452109.91860000044,3899140.9125999995],[452115.17819999997,3899204.9037999995],[452123.06749999989,3899261.0055999998],[452136.21640000027,3899345.1583999991],[452143.89529999997,3899371.5263],[452155.11569999997,3899435.4824000001],[452172.98350000009,3899504.7894000001],[452178.72829999961,3899559.6843999997],[452187.66469999962,3899620.3243000004],[452195.96279999986,3899681.6024999991],[452211.92069999967,3899762.6684000008],[452222.77199999988,3899820.7550000008],[452235.53830000013,3899902.4593000002],[452238.72989999969,3899926.0768999998],[452246.38970000017,3899993.0998999998],[452259.15600000042,3900052.4630999994],[452269.36899999995,3900116.9329000004],[452284.05020000041,3900162.8914999999],[452284.68850000016,3900219.0632000007],[452298.09310000017,3900245.2340999991],[452310.19560000021,3900289.7117999997],[452317.14039999992,3900344.4537000004],[452331.42229999974,3900397.9373000003],[452338.85919999983,3900452.7843999993],[452350.66530000046,3900538.6620000005],[452374.09159999993,3900642.4068],[452388.1473000003,3900711.3468999993],[452405.54970000032,3900794.3427000009],[452428.64269999973,3900883.1987999994],[452450.72740000021,3900950.2141999993],[452466.71970000025,3901011.1372999996],[452489.99230000004,3901125.3682000004],[452507.53809999954,3901174.5940000005],[452535.11029999983,3901258.1205000002],[452553.21040000021,3901307.8069000002],[452574.50459999964,3901345.7815000005],[452619.92760000005,3901366.6697000004],[452640.43680000026,3901381.3900000006],[452671.2006000001,3901399.0874000005],[452692.70210000034,3901395.7795000002],[452693.27550000045,3901416.7017999999],[452697.98010000028,3901446.0585999992],[452712.05379999988,3901498.6433000006],[452717.83490000013,3901534.4000000004],[452726.61349999998,3901570.7991000004],[452731.75219999999,3901582.3611999992],[452738.81790000014,3901586.8575999998],[452747.38239999954,3901585.5728999991],[452747.77440000046,3901596.9322999995],[452750.94139999989,3901614.4723000005],[452759.22420000006,3901638.1027000006],[452773.84100000001,3901660.2714000009],[452783.79330000002,3901682.3870999999],[452789.0597000001,3901711.2135000005],[452787.39659999963,3901744.4747000001],[452786.80289999954,3901763.0307],[452789.64109999966,3901777.8529000003],[452798.47140000015,3901787.3138999995],[452799.41750000045,3901806.2357999999],[452804.35109999962,3901836.7403999995],[452798.22730000038,3901878.3822000008],[452795.36950000003,3901931.4550000001],[452798.47219999973,3901968.0181000009],[452802.91399999987,3902017.9229000006],[452805.38630000036,3902079.9419],[452813.71019999962,3902130.1822999995],[452818.76400000043,3902167.0449999999],[452823.81769999955,3902191.4220000003],[452827.68240000028,3902220.5555000007],[452827.27809999976,3902277.5976999998],[452824.42420000024,3902290.1547999997],[452826.03079999983,3902319.8142000008],[452837.65780000016,3902383.2339999992],[452846.64230000041,3902420.7574000005],[452848.2276999997,3902457.2237999998],[452854.56969999988,3902533.8561000004],[452854.56969999988,3902570.8509999998],[452868.31070000026,3902632.6853],[452875.75200000033,3902697.9442999996],[452879.6754999999,3902768.1626999993],[452886.00739999954,3902827.5845999997],[452895.26159999985,3902884.5711000003],[452899.64520000014,3902920.6139000002],[452909.38640000019,3902956.1696000006],[452914.62239999976,3902990.9338000007],[452915.99230000004,3903010.3859000001],[452925.53050000034,3903057.3090000004],[452927.77489999961,3903104.4412999991],[452933.61029999983,3903151.5734999999],[452938.54800000042,3903199.1546]]},"properties":{"OBJECTID":10,"Shape_Length":5594.4192099476704,"year":1992,"month":"october","date":717984000000}},{"type":"Feature","id":11,"geometry":{"type":"LineString","coordinates":[[451936.8487999998,3897807.2985999994],[451940.58349999972,3897865.6169000007],[451945.1799999997,3897922.7860000003],[451946.32909999974,3897966.1656999998],[451946.32909999974,3897994.8938999996],[451955.23479999974,3898015.5781999994],[451958.68219999969,3898073.0346000008],[451960.1185999997,3898116.4143000003],[451963.56599999964,3898158.6447000001],[451971.89719999954,3898208.9190999996],[451979.65380000044,3898240.5201999992],[451980.51570000034,3898258.3317000009],[451992.58150000032,3898304.5841000006],[452000.33820000011,3898327.8540000003],[452008.09480000008,3898348.2510000002],[452013.26580000017,3898357.4440000001],[452019.58609999996,3898387.8958999999],[452023.03340000007,3898421.5079999994],[452028.77909999993,3898450.5234999992],[452024.75710000005,3898468.9094999991],[452021.88430000003,3898492.1794000007],[452020.44790000003,3898521.4822000004],[452025.90629999992,3898548.4867000002],[452028.77909999993,3898582.3859999999],[452035.38659999985,3898629.2129999995],[452046.01599999983,3898653.6319999993],[452047.7396999998,3898677.4763999991],[452056.35819999967,3898703.9064000007],[452064.68939999957,3898727.4635000005],[452068.71129999962,3898744.7004000004],[452070.43499999959,3898760.5010000002],[452072.73330000043,3898779.7489],[452075.89340000041,3898796.4112],[452075.31879999954,3898819.3937999997],[452079.62799999956,3898842.6636999995],[452076.18070000038,3898861.0496999994],[452079.05350000039,3898883.4576999992],[452083.07540000044,3898910.7495000008],[452086.52280000038,3898928.2738000005],[452091.98120000027,3898960.4494000003],[452096.57770000026,3898991.1886],[452102.03610000014,3899021.6404999997],[452109.21810000017,3899058.9871999994],[452109.21810000017,3899098.0574999992],[452108.93080000021,3899115.5818000007],[452113.81460000016,3899140.2880000006],[452118.12390000001,3899169.5908000004],[452114.38920000009,3899213.5449999999],[452120.13480000012,3899240.5494999997],[452125.30590000004,3899275.0233999994],[452128.46600000001,3899333.3417000007],[452127.60419999994,3899354.8878000006],[452128.46600000001,3899374.9976000004],[452136.79719999991,3899410.3333000001],[452144.26649999991,3899440.7851999998],[452150.58669999987,3899475.2590999994],[452159.77979999967,3899504.8490999993],[452162.07799999975,3899538.7484000009],[452163.80169999972,3899552.2507000007],[452168.68549999967,3899593.0448000003],[452173.28199999966,3899612.8672000002],[452179.31500000041,3899647.0537999999],[452192.52990000043,3899713.9905999992],[452198.27560000028,3899746.7408000007],[452201.1484000003,3899765.1268000007],[452207.46860000025,3899811.3792000003],[452215.51250000019,3899855.6206999999],[452225.28010000009,3899884.0615999997],[452230.45120000001,3899908.1933999993],[452239.35690000001,3899937.7833999991],[452243.95349999983,3899980.0139000006],[452252.57189999986,3900039.4813000001],[452257.45569999982,3900078.5516999997],[452260.32849999983,3900114.4619999994],[452266.36149999965,3900154.6815000009],[452270.3833999997,3900188.0062000006],[452281.01290000044,3900227.3639000002],[452293.07870000042,3900255.5175000001],[452297.96250000037,3900278.5000999998],[452300.54810000025,3900318.7195999995],[452300.83530000038,3900345.7240999993],[452304.28270000033,3900364.3975000009],[452318.35950000025,3900414.9592000004],[452335.25530000031,3900481.6445000004],[452347.82390000019,3900539.1009999998],[452362.18800000008,3900600.5973000005],[452381.93869999982,3900658.0537999999],[452394.05840000045,3900722.6922999993],[452415.1557,3900829.9741999991],[452451.9637000002,3900948.9269999992],[452479.79420000035,3901051.7202000003],[452499.54480000027,3901115.9098000005],[452529.17080000043,3901202.0943999998],[452585.28060000017,3901327.3314999994],[452612.21329999994,3901372.6681999993],[452632.0717000002,3901388.2712999992],[452673.15309999976,3901397.7515999991],[452689.52819999959,3901396.0278999992],[452686.94259999972,3901405.5081999991],[452695.84839999955,3901429.3526000008],[452702.45590000041,3901444.5786000006],[452717.68180000037,3901502.0350000001],[452729.17310000025,3901556.6185999997],[452735.49330000021,3901573.2809999995],[452747.27190000005,3901585.6340999994],[452753.01750000007,3901599.9981999993],[452760.77410000004,3901642.2287000008],[452760.77410000004,3901662.9130000006],[452765.08339999989,3901694.5141000003],[452774.85099999979,3901728.4134],[452778.87289999984,3901759.7271999996],[452787.20409999974,3901780.4114999995],[452787.20409999974,3901787.8807999995],[452781.17119999975,3901807.7032999992],[452787.20409999974,3901847.6355000008],[452792.37519999966,3901889.0041000005],[452795.24799999967,3901917.7324000001],[452796.10989999957,3901935.2566],[452804.15380000044,3901966.5702999998],[452809.32479999959,3902007.0770999994],[452819.3797000004,3902062.2353000008],[452824.55080000032,3902102.1675000004],[452824.26350000035,3902140.9506000001],[452827.99820000026,3902183.1810999997],[452832.30740000028,3902226.8479999993],[452842.36230000015,3902251.2670000009],[452847.24610000011,3902281.7189000007],[452847.82060000021,3902310.1599000003],[452855.00270000007,3902336.0153000001],[452855.86459999997,3902389.4496999998],[452860.17379999999,3902442.3096999992],[452869.65409999993,3902479.6564000007],[452874.25059999991,3902530.5053000003],[452879.13439999986,3902556.3607000001],[452875.97429999989,3902573.8848999999],[452878.55979999993,3902600.8893999998],[452880.57079999987,3902638.8106999993],[452884.01819999982,3902664.9534000009],[452892.34939999972,3902704.3110000007],[452892.92399999965,3902742.5196000002],[452896.37129999977,3902770.9605],[452896.65859999973,3902804.5724999998],[452901.54239999969,3902845.0792999994],[452906.13889999967,3902883.2877999991],[452908.14989999961,3902935.8605000004],[452913.32100000046,3902976.0800000001],[452921.93950000033,3903011.9902999997],[452929.40880000032,3903024.3433999997],[452934.86720000021,3903061.9773999993],[452937.74000000022,3903088.6945999991],[452938.31450000033,3903107.6552000009],[452937.16540000029,3903143.2782000005],[452945.49660000019,3903190.1052000001],[452953.25320000015,3903250.4344999995],[452957.5625,3903298.1232999992],[452961.00980000012,3903350.6960000005],[452971.35199999996,3903404.4177999999],[452980.25769999996,3903438.3170999996],[452981.11959999986,3903454.4048999995],[452988.58889999986,3903492.6133999992],[452992.0362999998,3903512.7232000008],[452995.19639999978,3903562.1357000005],[453007.26229999959,3903617.2938999999],[453009.84779999964,3903642.2873999998],[453022.48819999956,3903694.5727999993],[453026.79750000034,3903739.9634000007]]},"properties":{"OBJECTID":11,"Shape_Length":6128.8490998521866,"year":1993,"month":"september","date":746928000000}},{"type":"Feature","id":12,"geometry":{"type":"LineString","coordinates":[[451951.85699999984,3897784.5355999991],[451952.25160000008,3897813.3356999997],[451959.35300000012,3897854.3660000004],[451961.72009999957,3897901.3142000008],[451968.03239999991,3897939.1883000005],[451979.47360000014,3897995.9995000008],[451980.65710000042,3898038.2133000009],[451968.42700000014,3898100.5478000008],[451973.95029999968,3898133.6876999997],[451990.52020000014,3898177.0851000007],[451993.67640000023,3898216.9318000004],[452001.56680000015,3898266.6415999997],[452007.48460000008,3898295.4417000003],[452007.48460000008,3898323.0581999999],[452008.27369999979,3898340.0227000006],[452018.92580000032,3898369.6118999999],[452034.70669999998,3898416.9545000009],[452037.86280000024,3898452.0669999998],[452031.5504999999,3898473.3712000009],[452021.68740000017,3898505.7219999991],[452020.50389999989,3898526.6316],[452021.29289999977,3898564.9002999999],[452030.76140000019,3898611.0593999997],[452051.67109999992,3898657.2183999997],[452060.35059999954,3898673.3937999997],[452062.71769999992,3898714.0296],[452067.84649999999,3898759.7941999994],[452074.94790000003,3898800.0353999995],[452074.55339999963,3898832.3861999996],[452066.66299999971,3898854.8739999998],[452069.42459999956,3898902.6111999992],[452076.52599999961,3898926.2825000007],[452078.89309999999,3898941.6688999999],[452089.93979999982,3898963.7620999999],[452092.3069000002,3898985.4607999995],[452090.33430000022,3899008.3431000002],[452088.75619999971,3899031.2254000008],[452082.04930000007,3899090.7982000001],[452087.57259999961,3899125.9107000008],[452091.9123999998,3899159.8396000005],[452097.43570000026,3899192.1904000007],[452095.85759999976,3899213.8891000003],[452110.84939999972,3899267.1495999992],[452111.24390000012,3899283.7194999997],[452119.92339999974,3899318.8319000006],[452134.52080000006,3899364.5965],[452144.77830000035,3899428.5090999994],[452141.22759999987,3899461.2544],[452151.09069999959,3899508.9915999994],[452152.6688000001,3899563.0410999991],[452177.12909999955,3899636.4221999999],[452192.12100000028,3899667.9839999992],[452198.43329999968,3899704.6744999997],[452193.69909999985,3899734.6581999995],[452186.99220000021,3899760.3021000009],[452189.75380000006,3899798.5708000008],[452189.75380000006,3899819.0858999994],[452200.01140000019,3899863.2723999992],[452207.50729999971,3899921.6616999991],[452218.94849999994,3899983.9962000009],[452234.3348000003,3900009.6401000004],[452249.32670000009,3900068.4239000008],[452252.87739999965,3900092.4897000007],[452248.93219999969,3900152.8516000006],[452261.16229999997,3900212.8190000001],[452277.73230000027,3900244.3806999996],[452283.6501000002,3900275.1534000002],[452283.2555999998,3900300.7973999996],[452291.93510000035,3900356.4250000007],[452306.92690000031,3900409.6854999997],[452312.05570000038,3900439.2745999992],[452311.66119999997,3900471.2309000008],[452317.57899999991,3900508.3159999996],[452344.0120000001,3900581.3026000001],[452342.8284,3900608.1301000006],[452345.19550000038,3900632.1959000006],[452356.24220000021,3900666.5193000007],[452370.44489999954,3900698.0811000001],[452379.12440000009,3900725.3030999992],[452375.17920000013,3900738.7169000003],[452376.36280000024,3900778.9581000004],[452379.51900000032,3900811.3089000005],[452392.5382000003,3900842.8706999999],[452397.27240000013,3900872.0653000008],[452403.97929999977,3900909.5449000001],[452412.65880000032,3900943.0792999994],[452422.91640000045,3900977.0081999991],[452434.35749999993,3901008.9645000007],[452447.37679999974,3901033.4249000009],[452457.63430000003,3901072.8771000002],[452467.89190000016,3901104.4387999997],[452487.61799999978,3901153.7541000005],[452516.41810000036,3901231.0803999994],[452526.67569999956,3901252.7791000009],[452539.30040000007,3901269.3490999993],[452566.9168999996,3901294.9930000007],[452589.79920000024,3901317.4806999993],[452610.70889999997,3901347.8588999994],[452620.17740000039,3901373.5029000007],[452661.20770000014,3901399.5413000006],[452687.24619999994,3901396.3851999994],[452695.53110000025,3901415.3222000003],[452707.36679999996,3901428.3413999993],[452717.62440000009,3901465.4265000001],[452738.13949999958,3901506.4568000007],[452750.76420000009,3901538.4131000005],[452754.31489999965,3901562.0844000001],[452759.04920000024,3901582.9941000007],[452768.12320000026,3901600.3530999999],[452779.56429999974,3901636.2545999996],[452785.48220000044,3901645.7230999991],[452795.34520000033,3901683.9916999992],[452796.92329999991,3901713.1864],[452799.29040000029,3901732.9124999996],[452796.52880000044,3901777.8880000003],[452801.26300000027,3901811.4223999996],[452807.96989999991,3901853.6361999996],[452811.5206000004,3901883.2254000008],[452812.3097000001,3901951.4777000006],[452807.57540000044,3901986.1956999991],[452817.04389999993,3902044.9793999996],[452826.90699999966,3902081.2754999995],[452826.11789999995,3902118.3605000004],[452818.22750000004,3902173.5935999993],[452819.41110000014,3902199.2376000006],[452820.59460000042,3902232.3773999996],[452828.87959999964,3902258.4158999994],[452832.43030000012,3902286.0324000008],[452843.8713999996,3902312.4653999992],[452851.76190000027,3902367.3039999995],[452862.80850000028,3902413.8575999998],[452857.67970000021,3902479.3482000008],[452865.17559999973,3902527.8745000008],[452873.85510000028,3902564.5649999995],[452882.14010000043,3902601.6501000002],[452882.14010000043,3902650.9652999993],[452880.95650000032,3902667.1406999994],[452884.50719999988,3902705.0149000008],[452888.84690000024,3902728.6862000003],[452896.73739999998,3902781.5521000009],[452900.68259999994,3902828.1056999993],[452910.15110000037,3902878.9990999997],[452912.51829999965,3902921.2129999995],[452920.40869999956,3902965.0048999991],[452923.95940000005,3903016.6873000003],[452928.29920000024,3903060.8738000002],[452925.14300000016,3903085.7287000008],[452929.08820000011,3903141.7508000005],[452930.27180000022,3903166.2112000007],[452938.55669999961,3903204.0853000004],[452941.31840000022,3903225.784],[452949.99789999984,3903262.8691000007],[452967.75140000042,3903313.3679000009],[452962.62260000035,3903351.2420000006],[452968.14589999989,3903400.5572999995],[452978.00889999978,3903434.8806999996]]},"properties":{"OBJECTID":12,"Shape_Length":5886.6372105801038,"year":1995,"month":"october","date":813974400000}},{"type":"Feature","id":13,"geometry":{"type":"LineString","coordinates":[[451988.07019999996,3897448.1542000007],[451989.69560000021,3897485.5380000006],[451990.23739999998,3897528.3397000004],[451991.86280000024,3897555.9712000005],[451982.11050000042,3897589.0206000004],[451978.31790000014,3897628.0296999998],[451971.27460000012,3897647.5342999995],[451969.10749999993,3897708.7568999995],[451972.90000000037,3897762.3945000004],[451973.98359999992,3897831.2022999991],[451976.69259999972,3897859.9174000006],[451977.7762000002,3897904.3443999998],[451978.31790000014,3897935.7685000002],[451979.40149999969,3897944.9790000003],[451978.85969999991,3897991.5732000005],[451984.27770000044,3898031.6658999994],[451988.61199999973,3898077.7183999997],[451988.61199999973,3898097.7647999991],[451997.2807,3898148.6933999993],[452001.61510000005,3898192.0369000006],[452003.9338999996,3898211.8015000001],[452002.8936999999,3898232.6063999999],[452006.7078999998,3898272.4824000001],[452007.05470000021,3898290.8599999994],[452009.48190000001,3898299.8754999992],[452011.90909999982,3898331.0828000009],[452012.94940000027,3898359.1692999993],[452017.80389999971,3898382.7481999993],[452019.53760000039,3898420.1970000006],[452024.7388000004,3898457.6458000001],[452029.94000000041,3898483.9986000005],[452033.75430000015,3898529.7693000007],[452037.22169999965,3898560.6298999991],[452044.50349999964,3898595.6513999999],[452049.70469999965,3898628.2456999999],[452055.25260000024,3898667.4282000009],[452056.29289999977,3898684.0721000005],[452052.47869999986,3898707.6510000005],[452059.76040000003,3898737.1246000007],[452056.63960000034,3898762.0903999992],[452057.3331000004,3898818.9571000002],[452059.06689999998,3898873.3965000007],[452063.22780000046,3898918.1270000003],[452064.61479999963,3898941.7058000006],[452080.91199999955,3898995.7984999996],[452099.40830000024,3899073.4392000008],[452100.98639999982,3899121.9653999992],[452095.85759999976,3899146.4257999994],[452107.69330000039,3899234.0097000003],[452130.92069999967,3899351.9471000005],[452144.4824000001,3899429.6186999995],[452148.1810999997,3899510.3724000007],[452161.74280000012,3899607.1535999998],[452167.90720000025,3899672.4963000007],[452172.22229999956,3899697.7704000007],[452182.70179999992,3899723.6609000005],[452180.67980000004,3899744.5212999992],[452189.75380000006,3899764.6418999992],[452193.30449999962,3899835.2612999994],[452200.40589999966,3899877.8696999997],[452203.95660000015,3899896.8068000004],[452205.53469999973,3899935.8644999992],[452210.66349999979,3899963.0865000002],[452212.63609999977,3899983.2071000002],[452216.97589999996,3900006.4838999994],[452229.85309999995,3900045.6994000003],[452230.61050000042,3900060.3441000003],[452242.98280000035,3900088.8759000003],[452250.30510000046,3900113.3677999992],[452256.11249999981,3900134.5772999991],[452256.86990000028,3900169.1689999998],[452260.90979999956,3900179.0163000003],[452261.91980000027,3900202.7508000005],[452270.25210000016,3900232.5450999998],[452272.01960000023,3900258.5519999992],[452275.30200000014,3900267.6416999996],[452277.82689999975,3900271.9341000002],[452278.58440000005,3900286.5788000003],[452281.3618999999,3900308.7982999999],[452293.5131000001,3900374.9674999993],[452300.21999999974,3900408.8964000009],[452300.55140000023,3900424.6930999998],[452305.60130000021,3900440.8527000006],[452308.37870000023,3900460.5472999997],[452313.17609999981,3900483.0192000009],[452317.7209999999,3900501.1987999994],[452323.52840000018,3900520.3883999996],[452333.12320000026,3900554.4750999995],[452332.61820000038,3900574.1696000006],[452336.15309999976,3900595.1265999991],[452339.43549999967,3900613.3061999995],[452348.27280000038,3900647.8979000002],[452354.58519999962,3900664.8149999995],[452354.08019999973,3900681.7321000006],[452362.66500000004,3900703.4465999994],[452375.28969999962,3900741.3206999991],[452392.87339999992,3900788.9108000007],[452400.28660000023,3900813.0289999992],[452404.57899999991,3900840.0459000003],[452414.93130000029,3900876.6576000005],[452425.78849999979,3900899.8870000001],[452443.21059999987,3900950.1334000006],[452443.96810000017,3900963.7679999992],[452455.58279999997,3901001.1371999998],[452458.3602,3901019.3167000003],[452466.18759999983,3901047.3435999993],[452475.27740000002,3901071.3304999992],[452480.51659999974,3901099.7046000008],[452493.93039999995,3901126.1374999993],[452499.45370000042,3901139.5513000004],[452555.08129999973,3901260.6696000006],[452612.12920000032,3901360.6887999997],[452630.05630000029,3901381.3933000006],[452661.7695000004,3901401.5221999995],[452681.16110000014,3901397.4822000004],[452690.53359999973,3901409.2787999995],[452694.69469999988,3901436.9419999998],[452709.60199999996,3901453.8793000001],[452729.31670000032,3901491.8544999994],[452734.81099999975,3901538.7173999995],[452743.17360000033,3901570.0064000003],[452753.02089999989,3901584.9035999998],[452763.62559999991,3901583.1360999998],[452762.36319999956,3901592.7309000008],[452772.21040000021,3901606.8706],[452779.53280000016,3901649.5420999993],[452788.62260000035,3901678.3264000006],[452787.36010000017,3901724.5328000002],[452791.65249999985,3901778.8191],[452793.4199000001,3901788.4138999991],[452796.95490000024,3901813.6633000001],[452794.42989999987,3901833.8628000002],[452799.22730000038,3901874.2619000003],[452802.0047000004,3901890.9265000001],[452802.25719999988,3901911.8835000005],[452802.25719999988,3901928.0430999994],[452803.51970000006,3901940.4153000005],[452805.20830000006,3902010.2614999991],[452815.46580000035,3902066.6782000009],[452819.41110000014,3902120.3332000002],[452828.87959999964,3902190.9526000004],[452832.82479999959,3902251.7090000007],[452838.74260000046,3902314.4379999992],[452852.55090000015,3902383.8739],[452857.28519999981,3902454.4933000002],[452857.67970000021,3902482.5044],[452868.33179999981,3902551.1513],[452878.58939999994,3902593.3651000001],[452884.50719999988,3902664.7736000009],[452894.7648,3902763.4041000009],[452901.07710000034,3902824.9495999999],[452905.4168999996,3902873.8703000005],[452915.6743999999,3902941.7280999999],[452920.80319999997,3902965.7938999999],[452929.48269999959,3903004.4571000002],[452929.87719999999,3903031.6790999994],[452940.92389999982,3903083.3615000006],[452948.02529999986,3903178.4412999991],[452960.25540000014,3903246.2991000004],[452965.77880000044,3903314.1568999998],[452972.48560000025,3903391.8778000008],[452984.71580000035,3903463.2862999998],[453003.25829999987,3903536.6674000006],[453017.85570000019,3903638.8486000001],[453026.92970000021,3903707.8900000006],[453034.03110000025,3903783.6381999999]]},"properties":{"OBJECTID":13,"Shape_Length":6536.9513207614045,"year":1996,"month":"october","date":845251200000}},{"type":"Feature","id":14,"geometry":{"type":"LineString","coordinates":[[451990.37229999993,3897608.0362999998],[451972.49550000019,3897651.1872000005],[451964.48170000035,3897692.4887000006],[451958.93379999977,3897739.3381999992],[451966.33110000007,3897804.6809],[451971.9776999997,3897855.5495999996],[451984.99689999968,3897896.9744000006],[451998.01609999966,3897933.2704000007],[451984.60240000021,3897988.1089999992],[451980.26260000002,3898019.2763],[451987.36400000006,3898080.0327000003],[451994.85989999957,3898104.8874999993],[452004.72300000023,3898160.9097000007],[452011.03529999964,3898190.8934000004],[452012.21889999975,3898228.7675000001],[452011.03529999964,3898274.9265999999],[452002.35589999985,3898337.6556000002],[452016.1640999997,3898385.7873],[452023.26549999975,3898438.6532000005],[452024.44909999985,3898482.4452],[452017.34769999981,3898523.8699999992],[452029.18340000045,3898600.0127000008],[452028.39429999981,3898654.0623000003],[452042.9916000003,3898718.7639000006],[452049.69849999994,3898729.0215000007],[452053.6436999999,3898805.1642000005],[452049.30399999954,3898815.8162999991],[452061.53419999965,3898878.1508000009],[452066.66299999971,3898888.8028999995],[452074.55339999963,3898972.8361000009],[452080.07670000009,3899061.9980999995],[452085.20550000016,3899126.3051999994],[452083.62739999965,3899145.2422000002],[452082.04930000007,3899172.8587999996],[452089.54519999959,3899222.1740000006],[452099.01379999984,3899255.7083999999],[452116.37270000018,3899310.5470000003],[452121.10699999984,3899329.8785999995],[452115.58370000031,3899364.2019999996],[452117.16179999989,3899391.8184999991],[452122.29059999995,3899428.1146000009],[452125.84130000044,3899456.5201999992],[452128.99739999976,3899500.7065999992],[452126.63030000031,3899516.0930000003],[452134.52080000006,3899559.4903999995],[452143.59480000008,3899614.7235000003],[452153.85230000038,3899676.6634999998],[452166.87160000019,3899741.3651000001],[452173.1838999996,3899778.8446999993],[452170.02770000044,3899812.7736000009],[452183.04700000025,3899881.4203999992],[452186.20309999958,3899922.4506999999],[452188.17580000032,3899976.1056999993],[452194.09360000025,3900028.5770999994],[452203.56209999975,3900062.9005999994],[452216.58129999973,3900103.5362999998],[452224.86629999988,3900142.5940000005],[452241.83079999965,3900194.6709000003],[452245.77599999961,3900215.1861000005],[452252.08829999994,3900286.2000999991],[452257.61160000041,3900328.8083999995],[452264.31850000005,3900361.5537999999],[452267.47470000014,3900399.8223999999],[452276.15419999976,3900434.5404000003],[452280.09939999972,3900445.9814999998],[452295.48579999991,3900475.1761000007],[452307.32139999978,3900503.5817000009],[452321.1297000004,3900547.3737000003],[452320.7352,3900567.8888000008],[452332.9654000001,3900616.4149999991],[452342.4338999996,3900659.4178999998],[452349.14080000017,3900693.3467999995],[452360.18740000017,3900729.2482999992],[452387.80389999971,3900778.1690999996],[452402.4012000002,3900819.1994000003],[452421.73280000035,3900883.5065000001],[452422.91640000045,3900895.7367000002],[452440.6699000001,3900949.3916999996],[452460.79050000012,3901007.3863999993],[452474.99330000021,3901049.6002999991],[452479.72759999987,3901068.1427999996],[452491.16870000027,3901104.4387999997],[452514.44550000038,3901159.2774],[452530.22640000004,3901192.0227000006],[452542.45660000015,3901210.5653000008],[452575.59640000015,3901265.4037999995],[452596.11160000041,3901299.7272999994],[452606.76370000001,3901318.2697999999],[452618.20480000041,3901336.8123000003],[452635.56379999965,3901372.7138],[452638.32540000044,3901375.0810000002],[452648.18850000016,3901371.9247999992],[452694.74210000038,3901395.5961000007],[452706.57780000009,3901392.8344999999],[452716.83530000038,3901425.1853],[452729.45999999996,3901470.5552999992],[452728.67100000009,3901481.2073999997],[452756.28749999963,3901571.9474999998],[452767.33409999963,3901582.9941000007],[452770.49029999971,3901583.3885999992],[452773.6464999998,3901624.0243999995],[452774.0410000002,3901656.3751999997],[452783.11500000022,3901673.3397000004],[452780.35340000037,3901687.5424000006],[452781.14240000024,3901715.159],[452781.14240000024,3901737.6468000002],[452785.87669999991,3901749.0878999997],[452780.74789999984,3901764.8687999994],[452785.0876000002,3901776.7043999992],[452799.29040000029,3901786.5675000008],[452799.68499999959,3901814.1840000004],[452794.55620000046,3901850.0855],[452793.76709999982,3901887.9596999995],[452804.81369999982,3901924.6502],[452804.41920000035,3901950.6886999998],[452810.73159999959,3901996.8476999998],[452816.25490000006,3902056.8150999993],[452820.98919999972,3902095.0836999994],[452828.87959999964,3902118.7551000006],[452824.93439999968,3902154.2620999999],[452824.53980000038,3902195.6868999992],[452824.53980000038,3902213.8348999992],[452827.69600000046,3902228.8267000001],[452827.69600000046,3902255.6542000007],[452828.48510000017,3902295.8955000006],[452834.4029000001,3902322.7229999993],[452838.34810000006,3902354.2847000007],[452847.42210000008,3902377.9561000001],[452854.9179999996,3902390.1863000002],[452858.07419999968,3902433.1892000008],[452854.12899999972,3902445.8138999995],[452858.07419999968,3902491.5784000009],[452865.96470000036,3902537.3430000003],[452873.0661000004,3902596.5212999992],[452871.8825000003,3902626.5050000008],[452874.64419999998,3902641.4967999998],[452882.5345999999,3902679.3708999995],[452885.69079999998,3902714.8779000007],[452881.35099999979,3902738.5492000002],[452882.5345999999,3902772.0835999995],[452889.63599999994,3902798.9111000001],[452895.94830000028,3902818.2426999994],[452903.83880000003,3902827.3167000003],[452906.99500000011,3902862.4291999992],[452910.94020000007,3902925.5526999999],[452925.14300000016,3902981.9693999998],[452932.2444000002,3903013.9255999997],[452929.87719999999,3903054.1668999996],[452928.69369999971,3903072.3148999996],[452932.63889999967,3903105.4548000004],[452938.55669999961,3903127.5480000004],[452936.58409999963,3903137.4110000003],[452945.26360000018,3903183.1755999997],[452948.41980000027,3903234.8579999991],[452954.73209999967,3903271.1539999992],[452966.17329999991,3903329.5432999991],[452976.0362999998,3903360.3159999996],[452979.19249999989,3903403.7134000007],[452981.16509999987,3903429.3574000001],[452989.45010000002,3903476.3055000007],[452992.21169999987,3903502.3440000005],[452998.52410000004,3903531.1440999992],[453010.75430000015,3903555.6043999996],[453009.17619999964,3903567.8345999997],[453001.68030000012,3903598.2127999999],[453006.01999999955,3903625.8293999992],[453011.93780000042,3903669.2268000003],[453011.93780000042,3903694.4761999995],[453019.03920000046,3903721.6982000005],[453026.92970000021,3903748.5256999992],[453038.37079999968,3903768.6464000009],[453044.28859999962,3903804.1533000004],[453052.96810000017,3903840.8439000007],[453052.96810000017,3903892.9208000004],[453064.01470000017,3903941.8414999992],[453071.90519999992,3903978.9265999999],[453070.72159999982,3904014.4335999992],[453076.24490000028,3904060.1982000005],[453076.63949999958,3904093.7324999999],[453095.18200000003,3904177.7656999994],[453108.20120000001,3904200.648],[453114.90809999965,3904232.9988000002],[453115.69710000046,3904262.5879999995],[453115.69710000046,3904300.8565999996],[453123.5876000002,3904338.3362000007],[453134.6342000002,3904380.9445999991],[453134.6342000002,3904426.7092000004],[453145.2862999998,3904479.5750999991],[453156.3328999998,3904515.4766000006],[453160.27809999976,3904544.6712999996],[453156.72740000021,3904558.0850000009],[453158.70000000019,3904589.6468000002]]},"properties":{"OBJECTID":14,"Shape_Length":7244.4642068596422,"year":1997,"month":"october","date":876614400000}},{"type":"Feature","id":15,"geometry":{"type":"LineString","coordinates":[[452010.88580000028,3897881.4686999992],[452015.40070000011,3898161.3954000007],[452033.46050000004,3898357.0430999994],[452027.44060000032,3898545.1658999994],[452051.52029999997,3898773.9232000001],[452045.50040000025,3898886.7969000004],[452056.03519999981,3898974.0857999995],[452066.57010000013,3899020.7402999997],[452072.58999999985,3899108.0293000005],[452090.64979999978,3899251.0025999993],[452104.19469999988,3899404.5108000003],[452137.30429999996,3899582.0987],[452221.58330000006,3900009.5135999992],[452316.39719999954,3900509.1677000001],[452408.20110000018,3900895.9482000005],[452537.62959999964,3901180.3897999991],[452608.12289999984,3901303.1361999996],[452662.06149999984,3901384.0439999998],[452683.25160000008,3901396.5655000005],[452738.15340000018,3901429.3138999995],[452789.20239999983,3901574.7554000001],[452796.90789999999,3901760.6508000009],[452806.53980000038,3901837.7059000004],[452806.53980000038,3902009.1534000002],[452817.13489999995,3902119.9200999998],[452840.25140000042,3902346.2695000004],[452845.06730000023,3902510.9747000001],[452851.80960000027,3902585.1403000001],[452853.73599999957,3902691.091],[452861.44149999972,3902747.9190999996],[452870.1102,3902768.1460999995],[452886.06060000043,3902857.6456000004],[452899.00590000022,3902968.6049000006],[452908.25250000041,3903072.1669999994],[452923.04710000008,3903209.0167999994],[452942.15670000017,3903299.6336000003],[452950.17050000001,3903370.5242999997],[452958.80059999973,3903501.2096999995],[452971.74590000045,3903556.6894000005],[452990.85560000036,3903631.8950999994],[453001.33509999979,3903723.1283999998],[453011.19809999969,3903795.8684],[453019.2117999997,3903889.5673999991],[453026.6091,3903975.8691000007],[453031.54059999995,3904066.4858999997],[453040.17080000043,3904145.3903000001],[453044.48589999974,3904202.7193],[453077.15730000008,3904303.1991000008],[453110.44510000013,3904425.8707999997],[453127.70540000033,3904499.8436999992],[453138.18489999976,3904589.8440000005],[453142.5,3904655.8032000009],[453156.67810000014,3904722.3787999991],[453168.39049999975,3904767.3790000007],[453188.1166000003,3904858.6121999994],[453193.04810000025,3904912.8589999992],[453212.77419999987,3904986.8319000006],[453212.15780000016,3905009.0237000007],[453230.0345999999,3905071.9006999992],[453233.11679999996,3905101.4899000004],[453248.52780000027,3905160.0516999997],[453241.74689999968,3905198.8874999993],[453241.13049999997,3905229.0931000002],[453249.14419999998,3905270.3946000002],[453259.62370000035,3905291.9700000007],[453265.78809999954,3905319.7098999992],[453278.73340000026,3905389.9840999991],[453291.67860000022,3905426.9705999997],[453311.40469999984,3905476.9023000002],[453308.93900000025,3905532.3818999995],[453316.33629999962,3905565.6697000004],[453314.4868999999,3905629.7796],[453320.65139999986,3905659.3686999995],[453328.66509999987,3905682.7935000006],[453351.47339999955,3905703.1359999999],[453358.25420000032,3905722.8620999996],[453352.08980000019,3905742.5881999992],[453351.47339999955,3905783.8896999992],[453358.87069999985,3905806.0815999992],[453362.56929999962,3905821.4925999995],[453366.88439999986,3905863.4105999991],[453382.91189999972,3905889.9175000004],[453389.69269999955,3905921.9725000001],[453382.91189999972,3905955.2602999993],[453384.14470000006,3905976.2193],[453392.77489999961,3905998.4111000001],[453402.63800000027,3906021.2193999998],[453419.28189999983,3906039.7126000002],[453426.67920000013,3906075.4661999997],[453434.07639999967,3906143.8911000006]]},"properties":{"OBJECTID":15,"Shape_Length":8503.1066259298641,"year":2004,"month":"may","date":1085443200000}},{"type":"Feature","id":16,"geometry":{"type":"LineString","coordinates":[[451948.52309999987,3897534.8524999991],[451962.63229999971,3897795.8728],[451950.87459999975,3898012.2139999997],[452023.77219999954,3898254.4221000001],[452009.66299999971,3898393.1626999993],[452033.1782999998,3898644.7769000009],[452068.45129999984,3898889.3365000002],[452108.42740000039,3899053.9440000001],[452106.07589999959,3899293.8004999999],[452129.59119999968,3899484.2748000007],[452164.86429999955,3899724.1314000003],[452207.19189999998,3899947.5272000004],[452228.35570000019,3900112.1346000005],[452275.38640000019,3900295.5543000009],[452301.25329999998,3900406.0764000006],[452308.30790000036,3900511.8955000006],[452360.04160000011,3900676.5029000007],[452409.42389999982,3900862.2741999999],[452463.5092000002,3901036.2877999991],[452492.54030000046,3901128.7990000006],[452545.51570000034,3901231.8602000009],[452614.86519999988,3901343.5900999997],[452645.68730000034,3901392.7127],[452662.06149999984,3901399.4550000001],[452688.06759999972,3901395.6022999994],[452705.40500000026,3901443.7617000006],[452708.29449999984,3901474.5837999992],[452722.74239999987,3901545.8596999999],[452742.00609999988,3901586.3136],[452754.52759999968,3901639.2890000008],[452766.0859000003,3901734.6447000001],[452776.68090000004,3901777.0250000004],[452777.64410000015,3901870.4542999994],[452780.53369999956,3901973.5154999997],[452787.27599999961,3902041.9019000009],[452795.94469999988,3902127.6257000007],[452805.57660000026,3902225.8708999995],[452812.3189000003,3902308.7050999999],[452828.6930999998,3902443.5515000001],[452837.36180000007,3902552.3917999994],[452847.95689999964,3902624.6309999991],[452865.29430000018,3902706.5020000003],[452885.52120000031,3902803.7840999998],[452886.48440000042,3902893.3606000002],[452891.30040000007,3902959.8205999993],[452902.85859999992,3903041.6917000003],[452912.49050000031,3903123.5626999997],[452923.08559999987,3903211.2128999997],[452925.97520000022,3903263.2250999995],[452930.79110000003,3903294.0471000001],[452942.34939999972,3903377.8444999997],[452950.05489999987,3903454.8995999992],[452963.53949999996,3903556.9976000004],[452973.17140000034,3903651.3901000004],[452980.87689999957,3903718.8133000005],[452983.76649999991,3903782.3837000001],[452997.25109999999,3903842.1013999991],[453005.91980000027,3903912.4142000005],[453027.11000000034,3903993.3221000005],[453035.77869999968,3904039.5550999995],[453051.18969999999,3904091.5672999993],[453051.18969999999,3904126.2421000004],[453061.78479999956,3904198.4812000003],[453075.26939999964,3904278.4258999992],[453080.08540000021,3904340.0700000003],[453097.42279999983,3904436.3888000008],[453102.23869999964,3904494.1800999995],[453106.09140000027,3904538.4868000001],[453115.72329999972,3904666.5909000002],[453123.42879999988,3904700.3025000002],[453143.65579999983,3904779.284],[453166.7723000003,3904877.5292000007],[453174.47780000046,3904967.1057999991],[453203.37349999975,3905071.1301000006],[453218.78450000007,3905148.1852000002],[453249.60659999959,3905254.1359999999],[453257.31209999975,3905298.4427000005],[453256.34889999963,3905335.0438000001],[453260.20160000026,3905368.7554000001],[453279.4654000001,3905452.5527999997],[453297.76599999983,3905538.2765999995],[453314.14020000026,3905602.8103],[453340.14630000014,3905679.8653999995],[453356.52049999963,3905753.0677000005],[453380.60020000022,3905833.9756000005],[453393.12170000002,3905884.0614],[453411.42219999991,3905961.1164999995],[453407.56950000022,3905997.7175999992],[453420.09090000018,3906046.8401999995],[453423.94369999971,3906089.2204999998],[453438.39149999991,3906147.0119000003],[453447.06020000018,3906214.4351000004],[453456.69209999964,3906251.0362],[453452.83939999994,3906301.1219999995],[453463.43439999968,3906361.8028999995],[453476.91909999959,3906408.9991999995],[453496.1827999996,3906479.3118999992],[453501.96200000029,3906518.8026999999],[453511.59389999975,3906576.5940000005],[453516.40979999956,3906621.8639000002],[453528.93130000029,3906673.8761],[453541.45270000026,3906768.2685000002]]},"properties":{"OBJECTID":16,"Shape_Length":9471.4621315346485,"year":2008,"month":"november","date":1226620800000}},{"type":"Feature","id":18,"geometry":{"type":"LineString","coordinates":[[452128.87999999989,3898420.6676000003],[452113.9104000004,3898481.7280000001],[452089.88019999955,3898570.3639000002],[452086.72869999986,3898597.5456000008],[452085.54690000042,3898648.3636000007],[452080.0318,3898668.8483000007],[452080.0318,3898716.1207999997],[452080.0318,3898739.7570999991],[452075.69849999994,3898763.3933000006],[452075.69849999994,3898801.2114000004],[452070.97119999956,3898837.8476],[452068.21360000037,3898866.6050000004],[452068.21360000037,3898887.8775999993],[452066.63790000044,3898912.6956999991],[452074.91060000006,3898947.3621999994],[452076.09240000043,3898981.2408000007],[452082.7893000003,3899021.0285],[452087.51659999974,3899065.9374000002],[452094.21349999961,3899115.1796000004],[452093.81960000005,3899154.9672999997],[452096.97109999973,3899180.1793000009],[452103.27410000004,3899207.7550000008],[452105.24380000029,3899229.8155000005],[452107.21349999961,3899260.9364999998],[452112.72860000003,3899294.8151999991],[452123.36490000039,3899332.6331999991],[452127.69820000045,3899368.8753999993],[452135.18300000019,3899420.0873000007],[452144.63750000019,3899450.4204999991],[452153.69809999969,3899490.6021999996],[452159.60720000044,3899524.8747000005],[452159.60720000044,3899542.6019000001],[452160.00109999999,3899584.3593000006],[452166.3041000003,3899620.6016000006],[452171.03139999975,3899631.2379000001],[452183.63740000036,3899658.0255999994],[452187.1827999996,3899701.7526999991],[452189.54640000034,3899732.4798000008],[452195.84939999972,3899758.4796999991],[452196.63729999959,3899775.0251000002],[452201.75850000046,3899802.6007000003],[452207.66750000045,3899828.2067000009],[452208.84939999972,3899846.7216999996],[452210.42509999964,3899864.4488999993],[452217.12200000044,3899894.7820999995],[452223.03110000025,3899915.2668999992],[452224.21289999969,3899938.1152999997],[452223.81900000013,3899955.8424999993],[452229.33409999963,3899971.9938999992],[452237.60680000018,3899983.4180999994],[452247.06130000018,3900021.6300000008],[452249.42489999998,3900050.3874999993],[452256.51580000017,3900078.7510000002],[452256.12189999968,3900090.5691],[452264.78849999979,3900122.4780999999],[452270.69759999961,3900171.7203000002],[452271.0915000001,3900212.6897999998],[452277.78839999996,3900236.3259999994],[452293.54590000026,3900304.4771999996],[452301.42470000032,3900334.0226000007],[452322.30339999963,3900384.4465999994],[452334.51549999975,3900436.0524000004],[452344.36390000023,3900508.1429999992],[452351.84869999997,3900536.9003999997],[452361.30319999997,3900553.0518999994],[452361.69710000046,3900577.0821000002],[452372.33349999972,3900616.0819000006],[452384.93950000033,3900658.6271000002],[452401.87880000006,3900698.0208999999],[452408.57569999993,3900722.8389999997],[452408.96970000025,3900756.3236999996],[452421.96960000042,3900793.7477000002],[452429.06049999967,3900822.8991],[452428.27259999979,3900859.1414000001],[452440.8786000004,3900907.9896000009],[452457.81790000014,3900930.8379999995],[452458.60580000002,3900963.9287999999],[452470.03000000026,3901004.5043000001],[452479.48450000025,3901028.1405999996],[452493.66619999986,3901052.5647],[452495.24199999962,3901062.8070999999],[452507.45409999974,3901090.7766999993],[452510.60560000036,3901101.4130000006],[452515.33279999997,3901137.2612999994],[452529.9084999999,3901168.3824000005],[452546.05989999976,3901204.2306999993],[452564.1810999997,3901240.8669000007],[452576.39309999999,3901270.4122000001],[452598.45359999966,3901301.9272000007],[452623.66569999978,3901339.3512999993],[452636.66559999995,3901359.4420999996],[452642.18070000038,3901372.8359999992],[452657.15029999986,3901393.3208000008],[452664.63520000037,3901421.6842999998],[452670.54420000035,3901454.7750000004],[452670.93819999974,3901472.8961999994],[452687.87750000041,3901532.3806999996],[452689.45320000034,3901545.7745999992],[452681.96839999966,3901559.5624000002],[452679.99870000035,3901585.1684000008],[452688.27139999997,3901609.9864000008],[452692.99870000035,3901625.3499999996],[452700.87739999965,3901671.0468000006],[452699.69560000021,3901680.8951999992],[452705.99859999958,3901718.3192999996],[452711.90770000033,3901737.6221999992],[452719.39250000007,3901772.6827000007],[452729.24089999963,3901811.2885999996],[452733.9682,3901841.2278000005],[452735.93790000025,3901871.1670999993],[452740.66509999987,3901903.4700000007],[452746.18020000029,3901943.6515999995],[452750.11959999986,3901966.5],[452753.27109999955,3901989.3483000007],[452761.93780000042,3902019.2875999995],[452768.2407999998,3902056.3177000005],[452774.14979999978,3902074.4388999995],[452776.51339999959,3902103.5902999993],[452777.69529999979,3902128.8023000006],[452777.69529999979,3902151.6505999994],[452783.60429999977,3902188.2868000008],[452789.1194000002,3902222.5593999997],[452798.57390000019,3902263.9229000006],[452804.08910000045,3902300.1651000008],[452812.75569999963,3902324.9832000006],[452816.30109999981,3902342.7104000002],[452822.99810000043,3902386.4374000002],[452828.90710000042,3902418.7402999997],[452831.66469999962,3902453.0129000004],[452835.60410000011,3902480.1945999991],[452846.24039999954,3902525.4974000007],[452849.78579999972,3902555.0427000001],[452856.08880000003,3902593.6486000009],[452861.60400000028,3902631.8606000002],[452866.3311999999,3902681.4967],[452867.11909999978,3902692.9209000003],[452871.84630000032,3902731.5267999992],[452877.75540000014,3902780.375],[452884.05840000045,3902812.6778999995],[452889.17960000038,3902851.6777999997],[452901.39169999957,3902885.1623999998],[452902.96740000043,3902902.1018000003],[452900.60379999969,3902944.6469999999],[452901.78560000006,3902971.8287000004],[452906.51279999968,3903013.1921999995],[452906.51279999968,3903027.7678999994],[452912.02799999993,3903054.9495999999],[452917.14919999987,3903099.4645000007],[452922.6643000003,3903118.7674000002],[452929.36120000016,3903155.7975999992],[452935.66420000046,3903194.7973999996],[452938.42179999966,3903224.7367000002],[452944.33090000041,3903261.7667999994],[452950.23990000039,3903295.2514999993],[452952.20959999971,3903329.5241],[452960.48230000027,3903364.9783999994],[452966.39140000008,3903399.2510000002],[452965.20959999971,3903421.3114999998],[452969.93680000026,3903448.8871999998],[452989.2396999998,3903506.0080999993],[452997.90639999975,3903534.3716000002],[453003.81539999973,3903571.4016999993],[453004.60329999961,3903589.5229000002],[452999.48209999967,3903642.3104999997],[453006.96690000035,3903679.3406000007],[453014.45179999992,3903715.1889999993],[453013.66390000004,3903755.3706],[453010.11840000004,3903780.9766000006],[453028.63350000046,3903835.7338999994],[453032.57290000003,3903863.7034000009],[453040.84559999965,3903895.2184999995],[453049.11830000021,3903923.1879999992],[453049.11830000021,3903939.7334000003],[453055.81520000007,3903989.7634999994],[453053.05759999994,3904034.2784000002],[453056.60309999995,3904054.3692000005],[453066.45150000043,3904091.7932999991],[453066.84549999982,3904112.6720000003],[453076.6939000003,3904150.4900000002],[453076.6939000003,3904167.4293000009],[453075.11809999961,3904198.9442999996],[453071.57270000037,3904234.7927000001],[453079.45150000043,3904286.3984999992],[453089.29989999998,3904311.6105000004],[453097.57259999961,3904327.3680000007],[453104.2695000004,3904344.3072999995],[453100.72410000023,3904360.4587999992],[453104.2695000004,3904387.2465000004],[453112.93620000035,3904434.1250999998],[453120.02699999977,3904463.6703999992],[453133.81479999982,3904505.0339000002],[453138.5421000002,3904540.4881999996],[453149.57230000012,3904567.2760000005],[453146.42080000043,3904583.8213999998],[453147.6026999997,3904594.0637999997],[453150.75420000032,3904624.3969999999],[453155.08750000037,3904643.3059999999],[453156.6632000003,3904674.8210000005],[453164.93589999992,3904706.3359999992],[453174.39039999992,3904784.3355999999],[453183.45100000035,3904806.7901000008],[453193.69340000022,3904859.9715999998],[453200.39030000009,3904913.9410999995],[453211.42059999984,3904988.7892000005],[453218.90539999958,3905040.0011],[453225.99619999994,3905077.0313000008],[453236.23859999981,3905125.4856000002],[453238.99619999994,3905145.5764000006],[453246.08710000012,3905200.7277000006],[453251.99610000011,3905234.6063000001],[453264.99610000011,3905280.6970000006],[453271.69299999997,3905310.2423],[453281.54140000045,3905355.5450999998],[453290.99590000045,3905382.3329000007],[453300.84439999983,3905431.1811999995],[453307.54129999969,3905467.0295000002],[453321.72310000006,3905504.8475000001],[453329.2078999998,3905544.6351999994],[453342.20779999997,3905570.6350999996],[453348.51080000028,3905587.9682999998],[453346.14719999954,3905608.0591000002],[453352.84410000034,3905644.3014000002],[453361.51080000028,3905672.2709999997],[453371.75320000015,3905716.3920000009],[453385.14699999988,3905762.0887000002],[453389.08640000038,3905802.6643000003],[453389.08640000038,3905836.5428999998],[453397.3591,3905862.9367999993],[453403.26819999982,3905900.3607999999],[453406.81359999999,3905957.8757000007],[453402.08629999962,3905988.9967999998],[453402.48029999994,3906018.1481999997],[453406.81359999999,3906042.9661999997],[453415.08629999962,3906076.4508999996],[453422.57110000029,3906100.0872000009],[453431.23770000041,3906158.7839000002],[453443.05590000004,3906188.7232000008],[453457.23759999964,3906240.7228999995],[453472.99509999994,3906280.9046],[453488.75260000024,3906336.4497999996],[453499.38889999967,3906385.6919999998],[453500.17679999955,3906408.9342999998],[453501.35859999992,3906438.8735000007],[453511.20710000023,3906486.5399999991],[453512.78280000016,3906512.9338000007],[453521.84339999966,3906549.5700000003]]},"properties":{"OBJECTID":18,"Shape_Length":8351.6713089854529,"year":2023,"month":null,"date":1672531200000}},{"type":"Feature","id":19,"geometry":{"type":"LineString","coordinates":[[452042.88370000012,3898239.8826000001],[452043.80319999997,3898262.4110000003],[452046.81929999962,3898271.3672000002],[452047.99629999977,3898286.3738000002],[452052.99849999975,3898309.9135999996],[452056.8236999996,3898317.5640999991],[452056.8236999996,3898329.9224999994],[452055.35250000004,3898350.2256000005],[452050.93869999982,3898373.7653999999],[452044.75949999969,3898384.3583000004],[452037.69759999961,3898413.4889000002],[452029.75289999973,3898445.5618999992],[452030.04710000008,3898479.4003999997],[452028.57589999959,3898506.1769999992],[452028.57589999959,3898525.8915999997],[452033.28390000015,3898552.6680999994],[452033.28390000015,3898576.2080000006],[452035.93209999986,3898600.6305],[452037.99179999996,3898619.4624000005],[452037.1091,3898646.8274000008],[452038.28610000014,3898669.7787999995],[452041.22860000003,3898684.4912],[452042.69979999959,3898710.3849999998],[452044.17100000009,3898729.8052999992],[452046.81929999962,3898750.1084000003],[452044.46530000027,3898764.2323000003],[452045.34800000023,3898795.1283999998],[452046.52500000037,3898811.9004999995],[452046.81929999962,3898828.0841000006],[452048.87899999972,3898853.9779000003],[452047.70199999958,3898871.9271000009],[452047.11349999998,3898884.8739999998],[452053.29270000011,3898904.5886000004],[452056.2352,3898922.5376999993],[452056.2352,3898951.6681999993],[452056.8236999996,3898961.3783999998],[452059.76620000042,3898979.3275000006],[452063.59140000027,3898995.5111999996],[452065.65110000037,3899021.1107000001],[452070.94759999961,3899047.2988000009],[452074.47860000003,3899081.4315000009],[452078.59800000023,3899109.6793000009],[452080.36349999998,3899135.2788999993],[452083.60030000005,3899165.5864000004],[452090.66220000014,3899195.3055000007],[452092.42769999988,3899225.0244999994],[452093.89890000038,3899246.5045999996],[452098.60690000001,3899278.5776000004],[452102.13790000044,3899312.7104000002],[452105.08029999956,3899342.7236000001],[452110.08260000031,3899374.2082000002],[452115.67329999991,3899384.2126000002],[452120.38119999971,3899403.3387000002],[452125.08920000028,3899442.1794000007],[452128.03170000017,3899478.0777000003],[452131.56269999966,3899506.3255000003],[452135.38790000044,3899527.2171],[452138.9188000001,3899540.4582000002],[452142.15560000017,3899549.5799000002],[452141.86129999999,3899572.2369999997],[452147.15780000016,3899590.1861000005],[452150.10030000005,3899619.0223999992],[452153.04270000011,3899624.9074000008],[452153.63119999971,3899645.5046999995],[452155.10250000004,3899654.3321000002],[452159.22200000007,3899659.6285999995],[452164.51840000041,3899694.3498999998],[452170.40340000018,3899722.5976],[452179.5251000002,3899756.4362000003],[452180.40780000016,3899772.6197999995],[452187.46970000025,3899784.0954999998],[452187.46970000025,3899809.1064999998],[452187.46970000025,3899826.7613999993],[452192.17769999988,3899840.591],[452192.17769999988,3899857.3631999996],[452190.70650000032,3899873.2525999993],[452199.2396999998,3899904.1486000009],[452205.71310000028,3899936.5157999992],[452210.71530000027,3899960.0557000004],[452215.12899999972,3899971.2370999996],[452217.77730000019,3899988.5976999998],[452223.95650000032,3900012.4318000004],[452225.72200000007,3900024.4959999993],[452232.78390000015,3900054.8035000004],[452241.61139999982,3900087.4649999999],[452245.14230000041,3900108.6508000009],[452246.0251000002,3900125.7171999998],[452252.49849999975,3900146.0203000009],[452257.50069999974,3900170.1487000007],[452258.97200000007,3900188.6863000002],[452261.03170000017,3900200.4561999999],[452264.85690000001,3900220.7592999991],[452269.27070000023,3900241.9451000001],[452274.27290000021,3900253.1265999991],[452274.56709999964,3900270.1929000001],[452277.21530000027,3900294.6154999994],[452281.92329999991,3900328.4539999999],[452288.98529999983,3900359.9385000002],[452294.28170000017,3900383.4783999994],[452301.63790000044,3900402.6044999994],[452306.64010000043,3900417.6110999994],[452313.99629999977,3900444.3877000008],[452316.93879999965,3900453.5092999991],[452316.64460000023,3900463.8080000002],[452321.94099999964,3900474.6952],[452319.29279999994,3900488.2305999994],[452322.82380000036,3900513.8301999997],[452323.70650000032,3900527.3655999992],[452327.53170000017,3900548.5514000002],[452334.00519999955,3900574.7394999992],[452339.00739999954,3900595.0426000003],[452342.24409999978,3900603.2815000005],[452343.42109999992,3900620.3478999995],[452351.3657999998,3900642.7106999997],[452349.3060999997,3900664.1908],[452356.95650000032,3900690.9673999995],[452358.42779999971,3900710.9761999995],[452367.25519999955,3900743.932],[452375.19990000036,3900770.7084999997],[452383.14460000023,3900786.5978999995],[452386.38129999954,3900815.7284999993],[452392.26630000025,3900857.8059],[452402.56489999965,3900896.6466000006],[452410.2154000001,3900928.7196999993],[452414.33490000013,3900958.1444000006],[452416.68879999965,3900983.7440000009],[452425.81049999967,3901009.9320999999],[452439.34590000007,3901027.2927000001],[452448.46760000009,3901045.8302999996],[452456.41229999997,3901068.1930999998],[452469.35919999983,3901095.5581999999],[452482.01190000027,3901129.6908999998],[452501.13800000027,3901162.3524999991],[452510.55389999971,3901182.3613000009],[452523.79509999976,3901198.5449000001],[452536.15350000001,3901214.7285999991],[452547.04059999995,3901231.5007000007],[452561.45880000014,3901243.2706000004],[452587.35259999987,3901256.5118000004],[452611.18670000043,3901278.2861000001],[452622.95660000015,3901305.0626999997],[452635.31500000041,3901359.2042999994],[452644.73089999985,3901385.0980999991],[452652.3814000003,3901416.8769000005],[452654.73539999966,3901438.3570000008],[452661.20880000014,3901462.4853000008],[452672.39020000026,3901490.7331000008],[452683.86589999963,3901521.9233999997],[452686.80840000045,3901546.6402000003],[452688.86809999961,3901584.0097000003],[452690.04509999976,3901601.6645],[452687.10259999987,3901629.3237999994],[452685.92559999973,3901639.6225000005],[452687.98539999966,3901659.9255999997],[452690.04509999976,3901680.2287000008],[452700.93230000045,3901712.3016999997],[452709.17119999975,3901725.2486000005],[452711.81940000039,3901732.8991],[452705.05169999972,3901758.7928999998],[452697.98979999963,3901782.6270000003],[452693.2818,3901801.4587999992],[452694.75310000032,3901830.8836000003],[452697.98979999963,3901855.8947000001],[452704.06309999991,3901881.3295000009],[452716.86870000046,3901908.6357000005],[452721.57670000009,3901935.9419],[452723.6481999997,3901968.3326999992],[452726.84960000031,3901993.9440000001],[452735.9478000002,3902056.5716999993],[452743.89250000007,3902091.2929999996],[452748.01190000027,3902134.2532000002],[452749.18890000042,3902156.9102999996],[452743.00970000029,3902207.5208999999],[452753.01410000026,3902263.7222000007],[452760.66459999979,3902281.0829000007],[452774.49419999961,3902306.9767000005],[452780.37920000032,3902325.5142999999],[452781.26190000027,3902353.4678000007],[452783.91019999981,3902370.2400000002],[452784.49870000035,3902410.8462000005],[452792.14910000004,3902455.2775999997],[452797.73979999963,3902478.8173999991],[452805.0959999999,3902503.8285000008],[452801.56500000041,3902540.6095000003],[452803.62480000034,3902593.5741000008],[452826.28189999983,3902624.7643999998],[452834.52080000006,3902653.0121999998],[452839.22879999969,3902699.5033],[452844.81950000022,3902734.2246000003],[452855.11820000038,3902766.5918000005],[452858.35489999969,3902806.0209999997],[452861.00310000032,3902829.2665999997],[452856.58939999994,3902848.0985000003],[452859.53189999983,3902864.2820999995],[452867.4765999997,3902912.2445],[452880.12920000032,3902962.8552000001],[452879.24650000036,3902979.0387999993],[452883.66019999981,3902995.8109000009],[452883.36600000039,3903016.4082999993],[452873.36149999965,3903043.1848000009],[452874.83279999997,3903068.4901000001],[452885.42569999956,3903099.6804000009],[452892.78189999983,3903118.5122999996],[452903.37480000034,3903144.9945999999],[452907.78849999979,3903169.4171999991],[452906.61149999965,3903197.6649999991],[452903.08059999999,3903232.0920000002],[452905.72879999969,3903254.7489999998],[452918.3814000003,3903290.9415000007],[452930.15139999986,3903322.7203000002],[452933.68230000045,3903349.4968999997],[452941.33279999997,3903380.3928999994],[452946.04069999978,3903395.9879999999],[452949.86600000039,3903431.0034999996],[452951.63150000013,3903455.7203000002],[452956.33939999994,3903484.8509],[452960.75310000032,3903504.8596999999],[452958.10489999969,3903541.3465],[452962.22439999972,3903575.1850000005],[452968.10929999966,3903604.9039999992],[452982.23319999967,3903639.6252999995],[452988.11820000038,3903657.2800999992],[452991.35489999969,3903689.3530999999],[452991.35489999969,3903725.8399],[452989.29519999959,3903743.4947999995],[452988.70669999998,3903771.7424999997],[452998.71109999996,3903801.7557999995],[453005.77309999987,3903819.1164999995],[453009.00980000012,3903855.0146999992],[453025.19340000022,3903899.4461000003],[453031.37260000035,3903917.1009999998],[453030.48990000039,3903937.4041000009],[453026.37040000036,3903967.1230999995],[453022.83939999994,3903991.2514999993],[453024.60489999969,3904008.3178000003],[453032.25540000014,3904048.6297999993],[453055.20669999998,3904082.1740000006],[453057.26640000008,3904106.8909000009],[453053.14699999988,3904137.4925999995],[453051.08719999995,3904148.0855999999],[453056.08949999977,3904185.7492999993],[453066.09389999975,3904221.3532999996],[453070.50760000013,3904237.2426999994],[453065.79959999956,3904262.5480000004],[453071.68460000027,3904296.3864999991],[453077.8638000004,3904317.5723000001],[453086.1026999997,3904342.5833999999],[453095.5186999999,3904375.2448999994],[453101.40359999985,3904392.3113000002],[453098.46109999996,3904412.6143999994],[453096.98990000039,3904440.568],[453102.28639999963,3904453.5149000008],[453100.81510000024,3904472.0525000002],[453109.34829999972,3904501.1830000002],[453121.70669999998,3904565.6232999992],[453132.59389999975,3904594.7537999991],[453138.18460000027,3904632.7117999997],[453143.48110000044,3904651.2493999992],[453156.42800000031,3904690.3844000008],[453158.48770000041,3904716.8666999992],[453159.95889999997,3904731.8732999992],[453168.19790000003,3904758.0614],[453178.2023,3904777.4817999993],[453182.91029999964,3904806.9065000005],[453188.79519999959,3904837.8026000001],[453194.97439999972,3904865.4618999995],[453199.09389999975,3904882.8224999998],[453195.56290000025,3904899.0061000008],[453197.9168999996,3904921.6632000003],[453199.97670000046,3904945.2029999997],[453208.8041000003,3904972.5680999998],[453216.16029999964,3904992.8712000009],[453216.45449999999,3905020.8246999998],[453223.51649999991,3905057.0172000006],[453231.1668999996,3905076.4375999998],[453234.10940000042,3905098.8004000001],[453239.70010000002,3905122.3402999993],[453245.87930000015,3905155.8845000006],[453242.93680000026,3905196.7850000001]]},"properties":{"OBJECTID":19,"Shape_Length":7195.3776831356672,"year":2022,"month":"july","date":1656633600000}},{"type":"Feature","id":20,"geometry":{"type":"LineString","coordinates":[[451922.93240000028,3897838.8940999992],[451932.03170000017,3897859.1147000007],[451935.06479999982,3897888.9399999995],[451939.61440000031,3897934.4363000002],[451941.13090000022,3897962.7451000009],[451942.64749999996,3898010.7688999996],[451944.66949999984,3898047.6713999994],[451949.72470000014,3898067.8920000009],[451949.72470000014,3898099.7393999994],[451955.28529999964,3898108.8386000004],[451961.35149999987,3898148.2686999999],[451963.37359999958,3898171.0167999994],[451970.45079999976,3898207.9192999993],[451978.53899999987,3898265.0424000006],[451973.48379999958,3898311.0441999994],[451969.94519999996,3898364.6286999993],[451970.45079999976,3898401.0256999992],[451969.94519999996,3898441.9723000005],[451972.47279999964,3898460.1708000004],[451980.05549999978,3898482.4134],[451985.11070000008,3898509.7112000007],[451993.19890000019,3898542.0640999991],[452006.84779999964,3898586.0438000001],[452012.40840000007,3898616.3746000007],[452015.44149999972,3898656.3103],[452015.94699999969,3898696.2458999995],[452015.94699999969,3898735.1703999992],[452016.45249999966,3898760.4461000003],[452021.00219999999,3898801.3927999996],[452025.55179999955,3898825.6574000008],[452028.07940000016,3898875.7032999992],[452036.67310000025,3898926.2546999995],[452038.18960000016,3898962.1461999994],[452047.28890000004,3899006.1259000003],[452052.34399999958,3899037.4678000007],[452060.93780000042,3899076.3924000002],[452068.52049999963,3899101.6680999994],[452086.21349999961,3899138.0650999993],[452090.25760000013,3899185.5833999999],[452089.75210000016,3899232.5962000005],[452089.75210000016,3899265.9601000007],[452091.26860000007,3899319.5446000006],[452096.3236999996,3899359.4802000001],[452101.88439999986,3899398.4047999997],[452105.92850000039,3899441.3735000007],[452116.03880000021,3899469.6822999995],[452120.0828999998,3899499.0021000002],[452128.17109999992,3899527.3107999992],[452136.25930000003,3899561.6857999992],[452144.85309999995,3899617.7979000006],[452162.54609999992,3899675.4264000002],[452171.1398,3899701.2076999992],[452179.73359999992,3899727.9999000002],[452181.25009999983,3899753.2755999994],[452180.23909999989,3899803.8269999996],[452186.81070000026,3899829.1027000006],[452187.31630000006,3899869.0383000001],[452194.39350000024,3899898.3581000008],[452201.97620000038,3899926.6668999996],[452217.64709999971,3899970.6466000006],[452225.73529999983,3900007.5491000004],[452227.25189999957,3900037.3745000008],[452234.83459999971,3900075.2880000006],[452237.36209999956,3900127.8615000006],[452239.88970000017,3900164.7640000004],[452246.96690000035,3900195.0947999991],[452256.06620000023,3900225.9311999995],[452266.68200000003,3900269.4054000005],[452276.28670000006,3900296.1975999996],[452282.35290000029,3900317.4291999992],[452293.97970000003,3900340.1773000006],[452297.01279999968,3900357.3648000006],[452306.61760000046,3900376.0688000005],[452310.15620000008,3900391.7398000006],[452313.69479999971,3900425.1037000008],[452317.73890000023,3900450.8848999999],[452328.35470000003,3900499.4142000005],[452332.90429999959,3900524.1843999997],[452337.95940000005,3900549.9656000007],[452353.63040000014,3900580.8019999992],[452362.7296000002,3900602.5391000006],[452366.26819999982,3900621.2431000005],[452364.75169999991,3900643.9912],[452359.19099999964,3900679.8827],[452359.69649999961,3900709.7081000004],[452364.75169999991,3900739.0278999992],[452367.27919999976,3900774.4138999991],[452374.86199999973,3900809.2942999993],[452381.43360000011,3900834.5700000003],[452391.03839999996,3900853.7796],[452403.17069999967,3900874.0000999998],[452409.74239999987,3900887.1435000002],[452416.81960000005,3900909.8915999997],[452428.95189999975,3900953.3658000007],[452437.0401999997,3900966.0036999993],[452447.65600000042,3901000.8840999994],[452449.67800000031,3901020.5991999991],[452457.26070000045,3901041.8308000006],[452469.39309999999,3901081.2608000003],[452480.00889999978,3901104.0089999996],[452490.11909999978,3901121.1963999998],[452511.3507000003,3901145.4611000009],[452526.01059999969,3901162.6486000009],[452531.57129999995,3901178.8249999993],[452547.74770000018,3901207.1338],[452556.3415000001,3901219.2662000004],[452572.01240000036,3901251.1135000009],[452592.23300000001,3901289.5326000005],[452607.90390000027,3901327.9517000001],[452617.50870000012,3901357.2715000007],[452627.61890000012,3901379.0086000003],[452643.28990000021,3901397.2071000002],[452650.36710000038,3901412.8780000005],[452649.35599999968,3901446.7475000005],[452651.37810000032,3901477.0782999992],[452654.41119999997,3901513.4752999991],[452658.45529999956,3901555.4330000002],[452661.99390000012,3901577.1700999998],[452676.14829999954,3901613.5670999996],[452683.22549999971,3901633.7875999995],[452690.30269999988,3901646.9309999999],[452692.83019999973,3901675.2398000006],[452705.46810000017,3901726.8022000007],[452715.5784,3901746.5173000004],[452722.65560000017,3901768.7598999999],[452725.18310000002,3901790.4969999995],[452714.56730000023,3901835.9932000004],[452712.03980000038,3901858.7413999997],[452710.5231999997,3901886.0391000006],[452717.09489999991,3901920.9196000006],[452723.16110000014,3901946.7007999998],[452734.78789999988,3901970.9655000009],[452737.31549999956,3901992.7026000004],[452735.79889999982,3902034.1546999998],[452737.31549999956,3902065.4966000002],[452742.87609999999,3902095.8274000008],[452758.04160000011,3902130.2024000008],[452761.07459999993,3902158.0055999998],[452762.59119999968,3902190.8640000001],[452763.60219999962,3902223.7225000001],[452767.64630000014,3902256.0753000006],[452786.35030000005,3902289.9448000006],[452792.41650000028,3902314.2094999999],[452784.32830000017,3902352.1229999997],[452784.32830000017,3902435.0273000002],[452794.94409999996,3902481.5346000008],[452802.52680000011,3902535.6246000007],[452807.58189999964,3902591.2311000004],[452821.73629999999,3902648.8596999999],[452827.80250000022,3902677.6740000006],[452836.90170000028,3902691.8284000009],[452840.94579999987,3902734.7971000001],[452838.92379999999,3902783.8320000004],[452836.39620000031,3902812.1406999994],[452838.41830000002,3902859.659],[452854.59470000025,3902904.6498000007],[452856.61679999996,3902924.3648000006],[452868.2435999997,3902967.8389999997],[452873.29870000016,3903008.2802000009],[452879.36490000039,3903036.5888999999],[452890.99170000013,3903080.0631000008],[452901.60749999993,3903138.1973000001],[452904.64059999958,3903163.4729999993],[452904.64059999958,3903181.6714999992],[452910.20129999984,3903228.1787],[452925.8722000001,3903294.9066000003],[452930.92729999963,3903346.9745000005],[452926.37770000007,3903370.7336999997],[452929.91629999969,3903386.9101],[452929.91629999969,3903413.1969000008],[452931.93840000033,3903463.7482999992],[452938.50999999978,3903500.6508000009],[452945.08169999998,3903522.3879000004],[452954.68649999984,3903546.6525999997],[452969.85190000013,3903586.5881999992],[452981.47869999986,3903627.5348000005],[452986.02840000018,3903670.5034999996],[452982.48979999963,3903693.2515999991],[452981.47869999986,3903713.4722000007],[452986.53390000015,3903739.2533999998],[452987.03940000013,3903756.9463999998],[452988.05040000007,3903778.1779999994],[452996.13860000018,3903796.8819999993],[452999.6771999998,3903819.1246000007],[453009.28199999966,3903848.4443999995],[453013.83160000015,3903871.6981000006],[453018.38129999954,3903895.9627],[453015.85369999986,3903934.8872999996],[453017.37019999977,3903976.8450000007],[453034.0521999998,3904045.5949000008],[453040.11840000004,3904069.8595000003],[453046.18450000044,3904096.1462999992],[453051.74519999977,3904140.1260000002],[453060.84439999983,3904185.1166999992],[453063.37200000044,3904219.4916999992],[453072.9768000003,3904264.4824000001],[453087.13119999971,3904288.7470999993],[453092.18630000018,3904328.6827000007],[453098.25250000041,3904362.0465999991],[453104.31859999988,3904405.0153000001],[453106.34069999959,3904438.3792000003],[453115.94550000038,3904490.4472000003],[453123.02269999962,3904519.7670000009],[453128.07780000009,3904575.8790000007],[453135.66050000023,3904621.3752999995],[453147.79279999994,3904659.2887999993],[453154.87000000011,3904698.7189000007],[453160.93620000035,3904743.7096999995],[453161.44170000032,3904770.5019000005],[453170.5410000002,3904817.0091999993],[453181.66229999997,3904866.5495999996],[453189.24500000011,3904906.9907000009],[453194.30009999964,3904940.8600999992],[453203.90490000043,3904979.2792000007],[453209.46549999993,3905020.7313000001],[453218.56479999982,3905053.5898000002],[453221.5979000004,3905071.2827000003],[453225.13650000002,3905100.0969999991],[453231.70820000023,3905126.3838],[453240.80740000028,3905163.2862999998],[453249.40110000037,3905205.7495000008],[453252.43420000002,3905246.6961000003],[453269.11620000005,3905319.4901000001],[453285.79820000008,3905383.1849000007],[453295.4029000001,3905426.1535999998],[453303.49110000022,3905467.6056999993],[453319.16210000031,3905542.4218000006],[453327.75580000039,3905592.4677000009],[453329.7779000001,3905613.1937000006],[453344.43780000042,3905676.8884999994],[453347.47090000007,3905714.8019999992],[453357.58110000007,3905764.3423999995],[453372.24100000039,3905809.8387000002],[453375.77960000001,3905839.6640000008]]},"properties":{"OBJECTID":20,"Shape_Length":8229.1770737794723,"year":2020,"month":"may","date":1590278400000}},{"type":"Feature","id":21,"geometry":{"type":"LineString","coordinates":[[452023.00399999972,3897636.1020999998],[451985.47460000031,3897727.9844000004],[451966.06290000025,3897847.0429999996],[451957.00409999955,3897971.2781000007],[451941.47470000014,3898074.8073999994],[451937.59240000043,3898169.2778999992],[451936.29820000008,3898218.4542999994],[451945.35699999984,3898333.6305999998],[451962.18059999961,3898415.1599000003],[451963.47470000014,3898536.8067000005],[451993.23929999955,3898629.9831000008],[451993.23929999955,3898695.9829999991],[451994.53340000007,3898783.9828999992],[452003.59229999967,3898862.9239000008],[452041.12160000019,3898998.8060999997],[452056.65099999961,3899120.4529999997],[452079.94510000013,3899283.5116000008],[452108.41559999995,3899427.1583999991],[452122.65089999977,3899507.3936000001],[452149.8273,3899638.0993000008],[452164.06259999983,3899748.0990999993],[452187.35670000035,3899828.3343000002],[452205.47429999989,3899912.4517999999],[452232.65079999994,3900000.4517000001],[452248.18010000046,3900123.3926999997],[452265.00370000023,3900206.2160999998],[452277.94479999971,3900255.3925000001],[452309.0036000004,3900348.5689000003],[452321.94469999988,3900419.7452000007],[452338.76829999965,3900512.9215999991],[452372.41530000046,3900660.4507999998],[452408.65050000045,3900785.9800000004],[452439.70930000022,3900892.0975000001],[452473.3563000001,3900986.568],[452534.17970000021,3901154.8029999994],[452576.88559999969,3901276.4498999994],[452608.07890000008,3901336.2422000002],[452635.11249999981,3901389.2491999995],[452650.65020000003,3901444.0120000001],[452664.73010000028,3901493.7061000001],[452664.73010000028,3901540.0872000009],[452677.15369999968,3901585.6401000004],[452689.57720000017,3901628.7082000002],[452697.03129999992,3901672.6045999993],[452703.65710000042,3901695.7951999996],[452717.73709999956,3901807.6067999993],[452730.16060000006,3901864.7550000008],[452739.27120000031,3901949.2347999997],[452753.35120000038,3902052.7641000003],[452762.4617999997,3902116.5381000005],[452768.25939999986,3902157.1216000002],[452783.16760000028,3902247.3991],[452791.45000000019,3902289.6391000003],[452802.21700000018,3902373.2906999998],[452810.49930000026,3902427.9540999997],[452830.37700000033,3902520.7163999993],[452829.54870000016,3902567.0975000001],[452832.86170000024,3902586.1469000001],[452852.73929999955,3902652.4056000002],[452858.53689999972,3902732.7443000004],[452865.16280000005,3902814.7394999992],[452872.61689999979,3902895.9064000007],[452882.55570000038,3902985.3556999993],[452891.66629999969,3903032.5650999993],[452904.08980000019,3903126.1555000003],[452913.20040000044,3903172.5365999993],[452921.48269999959,3903223.8870999999],[452917.3415000001,3903254.5318],[452931.42150000017,3903324.1034999993],[452942.18859999999,3903383.7363000009],[452952.12739999965,3903435.9151000008],[452952.95559999999,3903468.2161999997],[452963.72269999981,3903521.2232000008],[452969.52029999997,3903556.8372000009],[452974.4896999998,3903584.9971999992],[452970.34850000031,3903616.4701000005],[452981.11560000014,3903653.7405999992],[452991.05439999979,3903708.4041000009],[453000.99320000038,3903763.8958000001],[453012.58849999961,3903832.6392000001],[453017.55790000036,3903881.5050000008],[453031.63790000044,3903940.3095999993],[453039.09200000018,3903990.0036999993],[453050.15720000025,3904044.8990000002],[453061.28859999962,3904097.3760000002],[453067.64950000029,3904120.6989999991],[453080.9012000002,3904175.8263000008],[453085.67179999966,3904212.9311999995],[453090.97250000015,3904271.7688999996],[453089.9123999998,3904312.0541999992],[453103.16420000046,3904378.3129999992],[453110.05510000046,3904417.0080999993],[453115.88580000028,3904459.4136999995],[453124.89699999988,3904516.6612],[453126.48720000032,3904563.8374000005],[453128.60749999993,3904603.0625999998],[453138.14879999962,3904644.4079999998],[453139.20889999997,3904673.5618999992],[453146.62990000006,3904693.1744999997],[453157.2313000001,3904719.1479000002],[453164.1222000001,3904774.8051999994],[453175.2536000004,3904817.2107999995],[453184.2648,3904844.7743999995],[453194.33619999979,3904902.0219999999],[453199.10680000018,3904931.1757999994],[453200.1668999996,3904964.5702],[453207.58789999969,3905003.2653000001],[453211.82849999983,3905044.0807000007],[453217.12920000032,3905076.4148999993],[453227.20050000027,3905116.7003000006],[453231.4411000004,3905156.4554999992],[453248.40330000035,3905211.0526999999],[453252.1138000004,3905239.6765000001],[453261.65500000026,3905266.1798999999],[453279.67740000039,3905303.2848000005],[453292.39910000004,3905358.4121000003],[453292.39910000004,3905426.2609999999],[453291.33889999986,3905464.4261000007],[453306.18090000004,3905545.5266999993],[453315.19209999964,3905572.0302000009],[453326.32359999977,3905635.1085999999],[453332.68439999968,3905675.3938999996],[453342.22559999954,3905710.3784999996],[453348.58650000021,3905753.8442000002],[453361.83820000011,3905822.2232000008],[453361.83820000011,3905840.7755999994],[453369.2592000002,3905871.5197000001],[453381.98089999985,3905950.5000999998],[453384.63119999971,3905981.2442000005],[453393.64240000024,3906031.0706999991],[453397.35290000029,3906081.9573999997],[453409.54449999984,3906143.4454999994],[453423.32629999984,3906213.4146999996],[453424.38650000002,3906286.5644000005]]},"properties":{"OBJECTID":21,"Shape_Length":8839.2924304459411,"year":2019,"month":"september","date":1567555200000}},{"type":"Feature","id":22,"geometry":{"type":"LineString","coordinates":[[451812.67009999976,3897840.5205000006],[451854.83629999962,3897921.6094000004],[451867.81060000043,3897991.3458999991],[451851.59279999975,3898061.0822999999],[451845.10570000019,3898108.1138000004],[451853.2145999996,3898205.4204999991],[451884.02830000035,3898281.6440999992],[451916.46389999986,3898356.2457999997],[451940.92030000035,3898400.6824999992],[451941.95820000023,3898456.7312000003],[451942.99619999994,3898522.1213000007],[451953.37559999991,3898617.6115000006],[451964.79289999977,3898653.9393000007],[451966.86880000029,3898706.8741999995],[451996.96889999975,3898793.023],[452016.68979999982,3898844.9199000001],[452033.29679999966,3898914.4616999999],[452031.22090000007,3898957.0172000006],[452045.75200000033,3899002.6864],[452076.89020000026,3899061.8488999996],[452091.42129999958,3899109.5940000005],[452100.76269999985,3899146.9597999994],[452106.99029999971,3899185.3635000009],[452119.44560000021,3899255.9431999996],[452139.16640000045,3899305.7642000001],[452174.45629999973,3899401.2544999998],[452221.16349999979,3899450.0375999995],[452234.65670000017,3899497.7827000003],[452225.31520000007,3899528.9209000003],[452232.58079999965,3899583.9316000007],[452235.69460000005,3899621.2972999997],[452256.4534,3899690.8390999995],[452273.06039999984,3899741.6981000006],[452285.51559999958,3899783.2156000007],[452303.16060000006,3899833.0365999993],[452311.46410000045,3899913.9956999999],[452333.26080000028,3899967.9684999995],[452360.24710000027,3900001.1824999992],[452377.89209999982,3900067.6105000004],[452393.46119999979,3900112.2419000007],[452407.99230000004,3900137.1524],[452415.25779999979,3900164.1386999991],[452427.71310000028,3900288.6912999991],[452433.94070000015,3900341.6261],[452463.00299999956,3900414.2817000002],[452496.21700000018,3900456.8372000009],[452505.55840000045,3900499.3925999999],[452491.02730000019,3900563.7447999995],[452502.44460000005,3900619.7934000008],[452526.3172000004,3900711.1318999995],[452551.2276999997,3900793.1290000007],[452568.87260000035,3900878.2399000004],[452573.02440000046,3900935.3265000004],[452602.08660000004,3901037.0443999991],[452626.99710000027,3901113.8518000003],[452652.94560000021,3901239.4421999995],[452685.12170000002,3901310.0219999999],[452672.66640000045,3901375.4121000003],[452686.1595999999,3901398.2467],[452704.84250000026,3901425.2331000008],[452718.3356999997,3901480.2437999994],[452727.67709999997,3901530.0647999998],[452750.51169999968,3901638.0102999993],[452752.5876000002,3901737.6523000002],[452765.04289999977,3901785.3975000009],[452778.53610000014,3901868.4324999992],[452798.25690000039,3901939.0122999996],[452797.21889999975,3902018.9334999993],[452785.80159999989,3902078.0958999991],[452789.9534,3902111.3099000007],[452808.6361999996,3902175.6621000003],[452837.69849999994,3902333.4286000002],[452851.19170000032,3902414.3877000008],[452868.83660000004,3902472.5121999998],[452863.64690000005,3902603.2924000006],[452902.05059999973,3902716.4276000001],[452919.69560000021,3902769.3624000009],[452925.92320000008,3902863.8147999998],[452931.11290000007,3903009.1260000002],[452954.98550000042,3903125.3750999998],[452979.89599999972,3903278.9899000004],[452987.16150000039,3903372.4042000007],[453016.2237999998,3903539.5121999998],[453030.75490000006,3903628.7749000005],[453047.3618999999,3903803.1483999994],[453061.89309999999,3903900.7146000005],[453086.80360000022,3903999.3186000008],[453093.03120000008,3904102.0745000001],[453107.56230000034,3904192.3750999998],[453114.82789999992,3904252.5754000004],[453140.77630000003,3904325.2311000004],[453155.30740000028,3904418.6455000006],[453165.68680000026,3904546.3117999993],[453167.76269999985,3904599.2466000002],[453197.86290000007,3904684.3574999999],[453213.43200000003,3904851.4655000009],[453242.49419999961,3904970.8282999992],[453263.25299999956,3905072.5461999997],[453273.63229999971,3905204.3642999995],[453282.9737999998,3905312.3099000007],[453316.18780000042,3905453.4693999998],[453331.75690000039,3905542.7320000008],[453340.06039999984,3905653.7914000005],[453362.89499999955,3905825.0511000007]]},"properties":{"OBJECTID":22,"Shape_Length":8242.6714140089662,"year":1970,"month":"november","date":28252800000}},{"type":"Feature","id":23,"geometry":{"type":"LineString","coordinates":[[451846.46800000034,3897663.7467999998],[451854.64690000005,3897721.5391000006],[451866.60400000028,3897789.9600000009],[451882.54669999983,3897862.3664999995],[451883.87530000042,3897920.1589000002],[451890.51809999999,3897970.6442000009],[451900.48230000027,3898015.1510000005],[451909.11789999995,3898037.0722000003],[451925.06060000043,3898080.2503999993],[451937.6819000002,3898138.0427999999],[451942.33189999964,3898191.1852000002],[451944.98900000006,3898223.0705999993],[451948.97470000014,3898277.5416000001],[451962.2603000002,3898322.0483999997],[451974.88159999996,3898365.8909000009],[451984.18159999978,3898405.0833999999],[451988.83150000032,3898444.9401999991],[452000.12430000026,3898501.4039999992],[452004.77419999987,3898535.9465999994],[452019.1492999997,3898580.0282000005],[452023.82579999976,3898608.0874000005],[452022.55040000007,3898658.6789999995],[452031.47829999961,3898704.1688999999],[452038.70569999982,3898741.5811999999],[452045.93300000019,3898780.2687999997],[452050.60960000008,3898813.4297000002],[452058.26209999993,3898849.9916999992],[452068.04030000046,3898883.5777000003],[452073.99220000021,3898922.2653000001],[452079.09389999975,3898952.4502000008],[452080.36930000037,3898974.9825999998],[452086.7463999996,3899020.8977000006],[452085.4709999999,3899048.1065999996],[452088.44699999969,3899083.8182999995],[452088.44699999969,3899113.5779999997],[452092.69840000011,3899136.9606999997],[452099.07540000044,3899184.1512000002],[452105.87770000007,3899200.7315999996],[452108.00339999981,3899224.5394000001],[452111.40450000018,3899240.6947000008],[452112.67989999987,3899272.1549999993],[452120.75760000013,3899322.7466000002],[452128.41009999998,3899361.0090999994],[452138.61340000015,3899389.9186000004],[452159.87040000036,3899413.7263999991],[452170.0736999996,3899435.4085000008],[452173.47479999997,3899451.1385999992],[452173.04970000032,3899466.8687999994],[452158.16980000027,3899500.8798999991],[452153.49330000021,3899531.4900000002],[452152.21789999958,3899560.8245999999],[452159.44519999996,3899594.4105999991],[452161.14580000006,3899616.0927000009],[452166.24749999959,3899664.1334000006],[452173.47479999997,3899683.2646999992],[452181.55250000022,3899700.6953999996],[452187.92960000038,3899711.7489999998],[452208.76140000019,3899734.2814000007],[452214.71329999994,3899755.9635000005],[452212.5876000002,3899771.2685000002],[452204.50999999978,3899797.2019999996],[452204.50999999978,3899846.5182000007],[452208.33619999979,3899882.6549999993],[452215.13850000035,3899903.4868000001],[452216.83899999969,3899940.8991],[452222.3657999998,3899962.5811999999],[452240.22169999965,3900002.5442999993],[452255.52670000028,3900029.3280999996],[452258.07749999966,3900054.8364000004],[452262.32890000008,3900075.6681999993],[452268.70600000024,3900108.8290999997],[452272.95739999972,3900133.4871999994],[452280.60989999957,3900157.2949999999],[452281.46019999962,3900209.5870999992],[452284.43620000035,3900253.8015999999],[452290.3881000001,3900304.8182999995],[452295.91490000021,3900332.4524000008],[452299.74120000005,3900358.8110000007],[452302.29200000037,3900387.2953999992],[452305.26800000016,3900406.4265999999],[452309.94450000022,3900435.7611999996],[452310.79480000027,3900456.1678999998],[452319.72269999981,3900477.4249000009],[452318.87249999959,3900494.8555999994],[452325.24949999992,3900521.6393999998],[452334.17750000022,3900553.9499999993],[452342.25509999972,3900575.6320999991],[452352.03330000024,3900593.4879000001],[452359.68580000009,3900619.8465],[452368.18859999999,3900645.7799999993],[452379.66739999969,3900686.5933999997],[452386.04449999984,3900715.9279999994],[452383.9188000001,3900738.8855000008],[452389.0203999998,3900778.4234999996],[452388.59530000016,3900793.3034000006],[452391.9963999996,3900823.0631000008],[452402.67800000031,3900854.9485999998],[452409.00200000033,3900887.6842999998],[452417.07959999982,3900923.8211000003],[452424.73209999967,3900951.4551999997],[452437.91150000039,3900977.3886999991],[452452.36620000005,3901010.9747000001],[452473.62320000026,3901050.5125999991],[452485.10190000013,3901075.1707000006],[452503.80810000002,3901122.7862999998],[452519.96329999994,3901163.1745999996],[452557.80069999956,3901240.5499000009],[452571.83029999956,3901255.8549000006],[452618.17050000001,3901334.9308000002],[452629.22410000023,3901355.3375000004],[452625.39790000021,3901388.4984000009],[452659.83420000039,3901402.1028000005],[452686.19280000031,3901397.0011999998],[452682.3666000003,3901412.3061999995],[452693.42019999959,3901456.0954999998],[452714.25200000033,3901501.5854000002],[452734.23350000009,3901572.5836999994],[452737.63470000029,3901586.6132999994],[452744.01180000044,3901607.0199999996],[452755.91569999978,3901634.2289000005],[452764.84360000025,3901677.5931000002],[452763.56819999963,3901707.7780000009],[452758.4665000001,3901732.8611999992],[452750.81400000025,3901774.9499999993],[452756.34080000035,3901802.1589000002],[452766.9693,3901819.5896000005],[452775.4720999999,3901834.4694999997],[452774.62179999985,3901857.4269999992],[452763.56819999963,3901886.3365000002],[452758.04129999969,3901903.3421],[452759.31680000015,3901946.2810999993],[452760.59219999984,3901980.7173999995],[452770.37040000036,3901998.1480999999],[452781.42399999965,3902022.8061999995],[452789.07650000043,3902056.8173999991],[452791.62739999965,3902091.2535999995],[452787.37600000016,3902108.6842999998],[452783.12459999975,3902141.8452000003],[452785.67540000007,3902162.2519000005],[452781.84910000023,3902183.9340000004],[452786.95079999976,3902206.8914999999],[452796.30389999971,3902219.6457000002],[452801.40560000017,3902240.0524000004],[452812.45920000039,3902258.3333999999],[452818.41110000014,3902288.5183000006],[452819.68649999984,3902315.3019999992],[452812.03399999999,3902339.1097999997],[452803.53129999992,3902362.0673999991],[452802.25580000039,3902390.5516999997],[452810.33349999972,3902451.3465999998],[452821.81219999958,3902500.6627999991],[452818.83629999962,3902547.8531999998],[452817.56089999992,3902587.3912000004],[452834.56639999989,3902646.0603999998],[452844.76979999989,3902691.1251999997],[452846.89549999963,3902726.8368999995],[452863.05080000032,3902789.3323999997],[452867.72730000038,3902818.6669999994],[452864.75129999965,3902855.2289000005],[452860.92509999964,3902865.0070999991],[452862.20050000027,3902875.2105],[452869.42779999971,3902889.6652000006],[452877.50549999997,3902947.0590000004],[452883.88260000013,3902981.9204999991],[452893.66079999972,3903018.9076000005],[452895.78650000039,3903047.3918999992],[452897.48699999973,3903090.7561000008],[452898.76250000019,3903134.1203000005],[452897.06190000009,3903161.3291999996],[452902.16359999962,3903211.9208000004],[452906.84009999968,3903237.8542999998],[452930.64790000021,3903297.3738000002],[452939.15070000011,3903308.4274000004],[452948.07859999966,3903344.5643000007],[452945.95289999992,3903353.9173000008],[452949.77919999976,3903366.6714999992],[452935.32440000027,3903412.1613999996],[452935.74959999975,3903430.4423999991],[452930.22279999964,3903461.0524000004],[452933.62390000001,3903499.7401000001],[452942.55179999955,3903525.6735999994],[452947.65350000001,3903552.4573999997],[452950.62939999998,3903568.6127000004],[452963.80879999977,3903605.1746999994],[452970.61099999957,3903638.3355],[452969.33559999987,3903656.6164999995],[452971.88640000019,3903678.7237999998],[452970.18589999992,3903727.1896000002],[452977.4132000003,3903763.3265000004],[452984.21549999993,3903790.9605],[452993.99370000046,3903816.0437000003],[453005.89759999979,3903836.4504000004],[453014.40029999986,3903858.9827999994],[453015.67580000032,3903879.3894999996],[453014.82550000027,3903898.0955999997],[453009.29870000016,3903919.7776999995],[453009.29870000016,3903955.4893999994],[453014.82550000027,3903998.0033999998],[453020.77740000002,3904010.7575000003],[453021.62770000007,3904030.3138999995],[453027.57969999965,3904049.8704000004],[453036.08239999972,3904078.7797999997],[453040.33380000014,3904107.2642000001],[453046.7109000003,3904117.0424000006],[453050.96229999978,3904143.8260999992],[453053.51319999993,3904162.1071000006],[453050.53720000014,3904189.7412],[453049.26180000044,3904215.2495000008],[453052.66289999988,3904242.8836000003],[453056.9143000003,3904264.5657000002],[453061.16569999978,3904287.0980999991],[453066.26730000041,3904306.6545000002],[453073.91980000027,3904333.0131000001],[453081.14719999954,3904350.0186999999],[453091.77570000011,3904358.0963000003],[453095.17679999955,3904397.2092000004],[453101.12880000006,3904417.6158000007],[453104.52990000043,3904449.0761999991],[453102.82930000033,3904469.4827999994],[453099.00310000032,3904498.8173999991],[453101.55389999971,3904524.3257999998],[453100.70359999966,3904544.7324999999],[453100.27850000001,3904565.9894999992],[453110.05669999961,3904590.6475000009],[453120.25999999978,3904622.1077999994],[453128.33770000003,3904641.2390999999],[453138.5410000002,3904658.2446999997],[453146.19350000005,3904692.2557999995],[453151.29519999959,3904702.8842999991],[453151.29519999959,3904732.2189000007],[453158.52259999979,3904757.7272999994],[453162.77400000021,3904795.9898000006],[453171.70189999975,3904824.8992999997],[453177.65380000044,3904844.0306000002],[453174.25270000007,3904867.8384000007],[453182.33040000033,3904913.3282999992],[453189.98290000018,3904937.1360999998],[453198.48570000008,3904952.8662],[453201.88680000044,3904980.5002999995],[453207.41359999962,3905004.3081],[453212.94039999973,3905035.3432],[453223.1436999999,3905060.0012999997],[453239.72420000006,3905110.5929000005],[453255.87949999981,3905170.1124000009],[453268.63360000029,3905235.1587000005],[453281.38779999968,3905260.6670999993],[453284.3638000004,3905302.3307000007],[453290.74089999963,3905342.2938000001],[453300.51910000015,3905372.9037999995],[453309.8722000001,3905393.7357000001],[453311.57270000037,3905452.8300000001],[453315.82409999985,3905486.8411999997],[453322.20120000001,3905524.6786000002],[453329.85369999986,3905572.2941999994],[453337.08110000007,3905619.0594999995],[453340.05700000003,3905647.5438000001],[453341.33249999955,3905687.0818000007],[453346.43410000019,3905729.1706000008],[453352.81120000035,3905781.0375999995]]},"properties":{"OBJECTID":23,"Shape_Length":8455.4078200471577,"year":2014,"month":"february","date":1392336000000}},{"type":"Feature","id":24,"geometry":{"type":"LineString","coordinates":[[451821.88460000046,3897660.8771000002],[451826.98629999999,3897696.1635999996],[451832.5131000001,3897728.0491000004],[451837.18960000016,3897759.9344999995],[451843.56670000032,3897794.7959000003],[451849.09350000042,3897822.0048999991],[451856.3208999997,3897853.0399999991],[451860.99739999976,3897904.0567000005],[451863.97339999955,3897923.6131999996],[451870.77560000028,3897953.7980000004],[451881.82930000033,3898002.6890999991],[451884.38009999972,3898021.8202999998],[451895.00860000029,3898064.3343000002],[451906.06219999958,3898125.1632000003],[451913.68070000038,3898168.6974999998],[451918.57830000017,3898199.7156000007],[451922.93169999961,3898218.7619000003],[451927.55730000045,3898259.5752000008],[451934.1213999996,3898296.8855000008],[451944.32469999976,3898332.5972000007],[451954.52809999976,3898379.7875999995],[451967.28230000008,3898421.4513000008],[451975.78509999998,3898465.6656999998],[451977.48560000025,3898491.5991999991],[451985.1381000001,3898532.8377999999],[451985.98840000015,3898572.8008999992],[451990.23979999963,3898611.4885000009],[451999.16770000011,3898688.0135999992],[452005.11969999969,3898750.0839000009],[452011.92190000042,3898779.4185000006],[452014.04760000017,3898804.9268999994],[452014.04760000017,3898829.5850000009],[452022.12519999966,3898872.9492000006],[452029.77770000044,3898912.9123],[452037.85539999977,3898937.9955000002],[452044.23249999993,3898966.9049999993],[452048.05869999994,3898983.4854000006],[452053.58550000004,3899009.4188999999],[452060.38779999968,3899042.5798000004],[452062.51350000035,3899068.0880999994],[452068.89059999958,3899090.6205000002],[452071.01630000025,3899108.4763999991],[452077.39329999965,3899128.0328000002],[452081.21960000042,3899165.4450000003],[452085.04580000043,3899202.0069999993],[452088.44699999969,3899228.7907999996],[452095.67430000007,3899269.6041999999],[452095.67430000007,3899298.9387999997],[452098.65029999986,3899329.5488000009],[452099.92569999956,3899348.6800999995],[452103.75200000033,3899364.4101999998],[452113.95529999956,3899414.1514999997],[452116.93130000029,3899451.1385999992],[452123.73350000009,3899475.7967000008],[452127.98489999957,3899502.5804999992],[452133.51169999968,3899528.9390999991],[452136.06259999983,3899551.4715],[452139.88879999984,3899568.0518999994],[452141.58939999994,3899585.4825999998],[452142.86479999963,3899609.7156000007],[452153.0680999998,3899670.5105000008],[452163.69660000037,3899707.4976000004],[452166.24749999959,3899737.6824999992],[452173.04970000032,3899770.4181999993],[452175.60049999971,3899790.8248999994],[452185.37870000023,3899832.4886000007],[452187.07930000033,3899852.0449999999],[452193.03120000008,3899861.398],[452199.40830000024,3899890.3074999992],[452200.68369999994,3899915.3906999994],[452207.91110000014,3899937.4979999997],[452210.88709999993,3899958.3298000004],[452216.83899999969,3899988.9397999998],[452220.24010000005,3900015.7236000001],[452222.7910000002,3900028.4778000005],[452226.61720000021,3900045.4834000003],[452232.56919999979,3900076.5185000002],[452239.3713999996,3900107.9788000006],[452244.04789999966,3900133.4871999994],[452248.72449999955,3900161.9715],[452253.82610000018,3900187.9049999993],[452264.45459999982,3900228.7183999997],[452278.48419999983,3900281.8607999999],[452284.01099999994,3900323.5244999994],[452289.11270000041,3900353.7093000002],[452300.5915000001,3900411.5283000004],[452310.79480000027,3900440.8629000001],[452320.99820000026,3900512.2862999998],[452331.20150000043,3900577.3325999994],[452340.12939999998,3900632.6007000003],[452356.70990000013,3900694.2458999995],[452375.84109999985,3900758.4419999998],[452388.17019999959,3900788.6268000007],[452396.67300000042,3900830.2905000001],[452414.95390000008,3900892.7860000003],[452425.15730000008,3900946.3534999993],[452435.78579999972,3900979.0891999993],[452454.06680000015,3901050.5125999991],[452472.34769999981,3901091.7511999998],[452502.53259999957,3901147.0193000007],[452533.99289999995,3901201.0120000001],[452581.60850000009,3901278.3872999996],[452599.88949999958,3901325.1525999997],[452620.29619999975,3901377.0196000002],[452627.52359999996,3901391.0492000002],[452659.83420000039,3901402.9530999996],[452670.36060000025,3901400.5723000001],[452674.1699000001,3901434.0393000003],[452681.51630000025,3901475.6519000009],[452689.59389999975,3901501.5854000002],[452696.39620000031,3901538.5725999996],[452712.9765999997,3901597.2418000009],[452729.55700000003,3901663.9886000007],[452732.9581000004,3901678.8684999999],[452727.85649999976,3901738.8132000007],[452732.53299999982,3901777.5008000005],[452742.31120000035,3901817.0387999993],[452742.73629999999,3901872.7320000008],[452747.41289999988,3901893.5638999995],[452752.93969999999,3901921.1978999991],[452754.21509999968,3901965.8375000004],[452757.61620000005,3901996.8727000002],[452761.01730000041,3902041.9375],[452762.29270000011,3902091.2535999995],[452774.19660000037,3902138.4441],[452783.54970000032,3902183.0836999994],[452785.25030000042,3902224.7474000007],[452784.82510000002,3902238.3518000003],[452793.32789999992,3902285.5423000008],[452795.87870000023,3902329.7567999996],[452800.13009999972,3902362.4924999997],[452804.80669999961,3902385.4499999993],[452805.23180000018,3902419.0360000003],[452811.60890000034,3902458.9990999997],[452812.88430000003,3902485.7829],[452818.41110000014,3902528.7219999991],[452823.51279999968,3902552.5297999997],[452829.03959999979,3902599.7202000003],[452846.47030000016,3902661.3653999995],[452849.8713999996,3902694.9514000006],[452855.3981999997,3902743.4173000008],[452861.35020000022,3902798.2602999993],[452864.32620000001,3902833.9719999991],[452867.72730000038,3902875.2105],[452871.12839999981,3902933.8796999995],[452881.33169999998,3902960.2382999994],[452888.13399999961,3903015.9316000007],[452882.18200000003,3903053.7689999994],[452894.93620000035,3903127.3180999998],[452900.88819999993,3903205.5437000003],[452908.11550000031,3903251.4587999992],[452913.21719999984,3903277.3923000004],[452916.61830000021,3903317.7805000003],[452919.16909999959,3903347.1151000001],[452924.27080000006,3903380.2760000005],[452924.27080000006,3903422.3648000006],[452942.97690000013,3903487.4111000001],[452950.20430000033,3903533.3260999992],[452961.25789999962,3903585.6182000004],[452969.33559999987,3903628.5572999995],[452966.78469999973,3903657.8918999992],[452971.88640000019,3903694.8790000007],[452983.79030000046,3903757.7996999994],[452998.24500000011,3903817.3191999998],[453009.7237999998,3903863.6592999995],[453009.7237999998,3903880.6648999993],[453042.45949999988,3904012.4581000004],[453054.78859999962,3904073.6782000009],[453064.56680000015,3904126.3954000007],[453075.19529999979,3904182.0887000002],[453080.7220999999,3904235.2311000004],[453078.59640000015,3904271.3679000009],[453093.90139999986,3904387.4309999999],[453110.05669999961,3904472.8839999996],[453112.18240000028,3904511.1465000007],[453127.91249999963,3904597.8749000002],[453130.46339999977,3904640.3888000008],[453146.19350000005,3904746.2485000007],[453168.72589999996,3904820.6479000002]]},"properties":{"OBJECTID":24,"Shape_Length":7358.1744836797434,"year":2016,"month":"november","date":1479168000000}},{"type":"Feature","id":25,"geometry":{"type":"LineString","coordinates":[[451946.33139999956,3898336.8485000003],[451959.11959999986,3898390.9943000004],[451963.20089999959,3898440.2423999999],[451963.47300000023,3898477.2465000004],[451967.82639999967,3898519.1482999995],[451973.26819999982,3898560.5057999995],[451985.51219999976,3898610.2981000002],[451992.04239999969,3898638.8674999997],[451998.84460000042,3898673.4228000008],[452001.56549999956,3898695.7340999991],[452005.37469999958,3898733.5545000006],[452011.63279999979,3898798.5837999992],[452017.61880000029,3898844.8389999997],[452023.60470000003,3898872.8641999997],[452030.95110000018,3898913.6775000002],[452032.31159999967,3898935.4447000008],[452040.74629999977,3898968.0954],[452044.55559999961,3898994.7600999996],[452051.62990000006,3899063.5987],[452055.1671000002,3899094.0725999996],[452056.79959999956,3899137.6068999991],[452066.32270000037,3899177.8761],[452072.58079999965,3899213.2477000002],[452078.02249999996,3899250.7960000001],[452084.28060000017,3899283.1745999996],[452096.25250000041,3899318.0020000003],[452100.33389999997,3899337.8644999992],[452107.95239999983,3899362.6246000007],[452110.12909999955,3899399.6287999991],[452114.75459999964,3899425.7492999993],[452115.02670000028,3899443.9792999998],[452120.46850000042,3899487.2414999995],[452127.54279999994,3899529.1432000007],[452131.62409999967,3899549.8220000006],[452138.69840000011,3899586.8260999992],[452138.15429999959,3899604.5119000003],[452148.76570000034,3899641.7881000005],[452159.92140000034,3899692.6688000001],[452169.17239999957,3899737.5635000002],[452178.69550000038,3899756.8817999996],[452183.32100000046,3899777.0164000001],[452188.49069999997,3899814.8367999997],[452188.49069999997,3899860.0035999995],[452191.21160000004,3899886.6682999991],[452200.46270000003,3899924.7608000003],[452201.27890000027,3899938.6373999994],[452210.25789999962,3899985.7087999992],[452225.76699999999,3900025.7059000004],[452233.11340000015,3900052.6426999997],[452245.08530000038,3900088.2863999996],[452242.36440000031,3900110.0535000004],[452253.7921000002,3900156.3087000009],[452258.1456000004,3900191.4081999995],[452269.30119999964,3900234.3982999995],[452273.92669999972,3900283.9185000006],[452281.27309999987,3900320.3783999998],[452291.06840000022,3900362.2802000009],[452301.95189999975,3900416.6980000008],[452303.31240000017,3900443.3627000004],[452307.3936999999,3900486.8969999999],[452308.48209999967,3900509.2083000001],[452315.01219999976,3900543.4914999995],[452312.01919999998,3900559.0006000008],[452323.44699999969,3900588.3861999996],[452332.42590000015,3900613.9626000002],[452352.01630000025,3900647.1575000007],[452363.17200000025,3900693.9568000007],[452362.08359999955,3900720.3495000005],[452372.69510000013,3900781.0253999997],[452382.49029999971,3900828.6410000008],[452394.19010000024,3900872.4473000001],[452402.62490000017,3900906.4583999999],[452409.97130000032,3900927.4092999995],[452414.86890000012,3900967.9506000001],[452421.94319999963,3901000.0570999999],[452432.82679999992,3901024.0010000002],[452455.41019999981,3901057.7400000002],[452473.36809999961,3901082.5000999998],[452489.42129999958,3901119.7763],[452503.84210000001,3901149.4341000002],[452521.25580000039,3901180.1800999995],[452535.67650000006,3901207.3890000004],[452559.34819999989,3901236.5025999993],[452570.77599999961,3901248.2024000008],[452581.38750000019,3901266.7045000009],[452602.61039999966,3901297.9946999997],[452622.20079999976,3901325.4757000003],[452633.6286000004,3901355.9496999998],[452638.5262000002,3901369.0099999998],[452635.26109999977,3901391.3213],[452658.1166000003,3901401.1164999995],[452663.55840000045,3901428.3254000004],[452672.26520000026,3901455.2622999996],[452677.7070000004,3901475.6688999999],[452686.68599999975,3901516.7544],[452698.9299999997,3901546.6842],[452709.26939999964,3901570.0839000009],[452719.06460000016,3901591.0347000007],[452722.32959999982,3901617.9715999998],[452727.22730000038,3901639.7387000006],[452723.96219999995,3901678.3753999993],[452728.04349999968,3901720.2771000005],[452736.75040000025,3901763.5393000003],[452734.84570000041,3901799.7270999998],[452740.28749999963,3901835.0987],[452755.52450000029,3901868.0215000007],[452760.42210000008,3901901.2163999993],[452754.70830000006,3901954.0017000008]]},"properties":{"OBJECTID":25,"Shape_Length":3768.2867086684637,"year":2017,"month":"august","date":1502236800000}},{"type":"Feature","id":26,"geometry":{"type":"LineString","coordinates":[[451937.52249999996,3897663.0028000008],[451925.19350000005,3897677.4574999996],[451902.66110000014,3897734.8512999993],[451901.38570000045,3897752.2819999997],[451907.3376000002,3897779.0658],[451906.48730000015,3897808.8255000003],[451912.86440000031,3897841.5613000002],[451928.16949999984,3897884.5002999995],[451935.39680000022,3897889.602],[451943.47449999955,3897910.8589999992],[451942.19900000002,3897924.4634000007],[451931.57060000021,3897937.2175999992],[451922.6425999999,3897941.8940999992],[451896.70909999963,3897987.8092],[451887.35610000044,3898022.6706000008],[451888.20639999956,3898047.7537999991],[451884.80520000029,3898088.9923],[451892.88289999962,3898134.4822000004],[451895.00860000029,3898162.5414000005],[451901.81080000009,3898192.7262999993],[451915.41530000046,3898221.6358000003],[451926.89400000032,3898249.6950000003],[451928.16949999984,3898277.7542000003],[451933.27109999955,3898304.9630999994],[451940.07340000011,3898338.5491000004],[451937.94770000037,3898369.1590999998],[451933.69629999995,3898395.0925999992],[451938.37280000001,3898427.4032000005],[451945.60020000022,3898462.6897999998],[451955.37839999981,3898502.2277000006],[451961.75549999997,3898520.9339000005],[451963.03089999966,3898561.7471999992],[451962.18059999961,3898588.5309999995],[451972.38389999978,3898648.0504999999],[451980.46160000004,3898682.0615999997],[451994.91629999969,3898740.7309000008],[452006.39510000031,3898789.6218999997],[452009.79619999975,3898821.9324999992],[452008.9458999997,3898849.9916999992],[452004.69450000022,3898884.0028000008],[452004.69450000022,3898900.5832000002],[452009.79619999975,3898925.2412999999],[452017.87380000018,3898957.5518999994],[452030.20289999992,3898985.1860000007],[452031.90340000018,3899003.4670000002],[452039.55590000004,3899034.0769999996],[452042.53189999983,3899052.7830999997],[452049.33409999963,3899083.8182999995],[452054.86099999957,3899113.1528999992],[452063.78890000004,3899136.9606999997],[452064.63920000009,3899156.9421999995],[452068.89059999958,3899171.8221000005],[452067.19000000041,3899198.6059000008],[452065.48940000031,3899233.0421999991],[452063.78890000004,3899261.9516000003],[452065.06429999974,3899281.9331999999],[452069.7407999998,3899310.8427000009],[452075.2675999999,3899321.8962999992],[452080.36930000037,3899343.5784000009],[452091.84810000006,3899384.3917999994],[452098.65029999986,3899409.4749999996],[452105.02740000002,3899444.7614999991],[452111.82959999982,3899486.8502999991],[452119.48209999967,3899517.4604000002],[452130.11060000025,3899551.4715],[452144.14020000026,3899582.9318000004],[452151.79270000011,3899612.2664000001],[452150.94240000006,3899646.7027000003],[452147.9665000001,3899670.9355999995],[452145.84080000035,3899701.1205000002],[452152.21789999958,3899724.5032000002],[452159.44519999996,3899747.8859000001],[452167.94799999986,3899768.7177000009],[452175.60049999971,3899789.1243999992],[452199.40830000024,3899854.5957999993],[452215.13850000035,3899923.0431999993],[452219.81500000041,3899937.9231000002],[452222.3657999998,3899963.8565999996],[452227.04239999969,3900035.7051999997],[452235.54519999959,3900095.2247000001],[452239.7966,3900124.5592999998],[452245.74849999975,3900173.4503000006],[452263.6043999996,3900263.5798000004],[452272.53230000008,3900310.7703000009],[452284.43620000035,3900363.0624000002],[452295.06469999999,3900393.2473000009],[452303.99260000046,3900424.7075999994],[452312.07019999996,3900469.3472000007],[452318.87249999959,3900504.2086999994],[452327.37519999966,3900538.2197999991],[452335.87799999956,3900581.1589000002],[452340.55460000038,3900603.2661000006],[452359.26070000045,3900653.8576999996],[452380.94280000031,3900709.9760999996],[452390.7209999999,3900742.2866999991],[452394.54729999974,3900770.3458999991],[452406.87629999965,3900817.9615000002],[452414.52880000044,3900844.3201000001],[452429.40869999956,3900888.1094000004],[452445.13879999984,3900922.1206],[452463.41980000027,3900960.3830999993],[452474.47339999955,3900996.0947999991],[452488.50299999956,3901048.8121000007],[452492.32930000033,3901073.8953000009],[452504.23319999967,3901111.3076000009],[452516.13709999993,3901147.0193000007],[452528.89130000025,3901183.5811999999],[452545.89680000022,3901217.1671999991],[452562.05209999997,3901249.4778000005],[452577.35720000044,3901278.3872999996],[452592.23699999973,3901306.8716000002],[452613.0689000003,3901343.4335999992],[452624.97279999964,3901357.4631999992],[452630.92470000032,3901384.2469999995],[452644.52919999976,3901397.8513999991],[452655.15759999957,3901416.5576000009],[452664.51070000045,3901428.4615000002],[452668.33700000029,3901448.443],[452674.28890000004,3901502.0106000006],[452682.3666000003,3901537.7223000005],[452687.04310000036,3901558.5540999994],[452684.49230000004,3901575.1345000006],[452693.84530000016,3901600.6428999994],[452704.04870000016,3901635.5043000001],[452707.44979999959,3901670.7908999994],[452714.25200000033,3901685.2456],[452714.67709999997,3901699.7003000006],[452725.73080000002,3901734.9868999999],[452730.83239999972,3901754.1182000004],[452738.05979999993,3901780.9020000007],[452740.61060000025,3901793.6560999993],[452739.33519999962,3901825.5416000001],[452742.73629999999,3901858.2773000002],[452749.9637000002,3901896.1147000007],[452756.34080000035,3901919.9224999994],[452766.11899999995,3901952.6581999995],[452772.49610000011,3901993.0464999992],[452776.74749999959,3902035.1351999994],[452783.54970000032,3902101.8820999991],[452787.37600000016,3902147.7971999999],[452793.32789999992,3902208.5921],[452800.13009999972,3902278.7401000001],[452803.95639999956,3902306.3740999997],[452813.30950000044,3902365.4684999995],[452834.56639999989,3902503.2136000004],[452844.34460000042,3902554.2302999999],[452849.02120000031,3902603.1213000007],[452862.62559999991,3902674.1195999999],[452876.65519999992,3902751.0698000006],[452876.65519999992,3902828.4452],[452883.45739999972,3902903.6948000006],[452888.98429999966,3902938.1311000008],[452898.33729999978,3903017.2070000004],[452905.98979999963,3903083.9539000001],[452919.5943,3903167.2811999992],[452925.97140000015,3903211.0704999994],[452942.55179999955,3903278.6677000001],[452956.15629999992,3903324.1576000005],[452956.15629999992,3903379.8508000001],[452965.93450000044,3903445.7474000007],[452976.56290000025,3903510.3685999997],[452979.1138000004,3903566.0617999993],[452986.34109999985,3903633.2337999996],[453003.34669999965,3903688.5020000003],[453011.84949999955,3903730.1655999999],[453037.78299999982,3903866.6352999993],[453042.45949999988,3903909.9995000008],[453053.51319999993,3903989.9256999996],[453072.2193,3904080.9055000003],[453090.07510000002,3904205.8965000007],[453092.62600000016,3904251.3863999993],[453101.97900000028,3904307.9298999999],[453128.33770000003,3904476.7102000006],[453137.69070000015,3904537.5051000006],[453146.19350000005,3904608.5033999998],[453158.94770000037,3904724.9915999994],[453167.87559999991,3904793.8640999999],[453177.22869999986,3904862.3114999998],[453189.98290000018,3904953.7164999992],[453201.88680000044,3905038.7443000004],[453204.86270000041,3905068.0789999999],[453226.54480000027,3905152.2565000001],[453239.29899999965,3905220.7039999999],[453253.32859999966,3905292.9776000008],[453265.65770000033,3905355.4730999991],[453277.56159999967,3905398.8373000007],[453295.84260000009,3905465.1590999998],[453308.59669999965,3905520.4272000007],[453326.02740000002,3905605.0298999995],[453336.65589999966,3905661.5734000001],[453348.55979999993,3905709.6141999997]]},"properties":{"OBJECTID":26,"Shape_Length":8279.6432181288874,"year":2018,"month":"august","date":1535241600000}}]
}