domain_number,start_year,end_year,moving_year,n_years,window,lrr_m_yr,lrr_median_m_yr,lrr_std_m_yr,unc_m_yr,r_squared,n_obs,n_transects,first_obs,last_obs,unc_if_independent_m_yr,unit_id,transect_id,ref_lrr_m_yr,ref_unc_m_yr,diff_m_yr,abs_diff_m_yr,in_ci,in_abs,in_rel,in_ci3x,in_abs50,in_abs100,in_overlap
1,2020,2024,2020,5,2020_2024,38.437,36.7338,10.2586,3.2135,0.7865,1342,9,2020-01-28,2024-12-08,1.0922,GIS 1 mean,GIS 1 mean,2.8433,0.3644,35.5937,35.5937,False,False,False,False,False,False,False
1,2019,2024,2019,6,2019_2024,31.7962,30.8995,8.7412,2.5966,0.7781,1501,9,2019-01-25,2024-12-08,0.891,GIS 1 mean,GIS 1 mean,2.8433,0.3644,28.9529,28.9529,False,False,False,False,False,False,False
1,2018,2024,2018,7,2018_2024,26.5237,25.7134,6.7454,2.2012,0.7576,1657,9,2018-02-07,2024-12-08,0.7576,GIS 1 mean,GIS 1 mean,2.8433,0.3644,23.6804,23.6804,False,False,False,False,False,False,False
1,2017,2024,2017,8,2017_2024,21.8051,21.2394,5.0376,1.8481,0.7293,1843,9,2017-01-27,2024-12-08,0.6337,GIS 1 mean,GIS 1 mean,2.8433,0.3644,18.9618,18.9618,False,False,False,False,False,False,False
1,2016,2024,2016,9,2016_2024,18.4379,18.051,4.1504,1.6344,0.6937,2003,9,2016-01-02,2024-12-08,0.5601,GIS 1 mean,GIS 1 mean,2.8433,0.3644,15.5946,15.5946,False,False,False,False,False,False,False
1,2015,2024,2015,10,2015_2024,16.0688,15.5819,4.0735,1.5421,0.643,2122,9,2015-02-07,2024-12-08,0.5289,GIS 1 mean,GIS 1 mean,2.8433,0.3644,13.2255,13.2255,False,False,False,False,False,False,False
1,2014,2024,2014,11,2014_2024,13.3033,13.009,3.1391,1.4215,0.5773,2272,9,2014-01-03,2024-12-08,0.4875,GIS 1 mean,GIS 1 mean,2.8433,0.3644,10.46,10.46,False,False,False,False,False,False,False
1,2013,2024,2013,12,2013_2024,11.1583,10.9966,2.6102,1.3221,0.511,2409,9,2013-02-01,2024-12-08,0.4529,GIS 1 mean,GIS 1 mean,2.8433,0.3644,8.315,8.315,False,False,False,False,False,False,False
1,2012,2024,2012,13,2012_2024,10.167,10.051,2.3064,1.28,0.4753,2471,9,2012-01-14,2024-12-08,0.4386,GIS 1 mean,GIS 1 mean,2.8433,0.3644,7.3237,7.3237,False,False,False,False,False,False,False
1,2011,2024,2011,14,2011_2024,8.3011,8.0835,1.8143,1.1642,0.4096,2618,9,2011-01-03,2024-12-08,0.3995,GIS 1 mean,GIS 1 mean,2.8433,0.3644,5.4578,5.4578,False,False,False,False,False,False,False
1,2010,2024,2010,15,2010_2024,6.8961,6.7768,1.4921,1.0737,0.3471,2749,9,2010-02-01,2024-12-08,0.3669,GIS 1 mean,GIS 1 mean,2.8433,0.3644,4.0528,4.0528,False,False,False,False,False,False,False
1,2009,2024,2009,16,2009_2024,6.4421,6.4076,1.3402,1.0408,0.3273,2796,9,2009-02-06,2024-12-08,0.3555,GIS 1 mean,GIS 1 mean,2.8433,0.3644,3.5988,3.5988,False,False,False,False,False,False,False
1,2008,2024,2008,17,2008_2024,5.1347,4.9304,0.9373,0.9277,0.27,2959,9,2008-01-27,2024-12-08,0.316,GIS 1 mean,GIS 1 mean,2.8433,0.3644,2.2914,2.2914,False,False,False,False,False,False,False
1,2007,2024,2007,18,2007_2024,4.7023,4.5067,0.9136,0.8682,0.2549,3050,9,2007-01-24,2024-12-08,0.2959,GIS 1 mean,GIS 1 mean,2.8433,0.3644,1.859,1.859,False,False,False,False,False,False,False
1,2006,2024,2006,19,2006_2024,4.3234,4.1238,0.8358,0.8014,0.2475,3156,9,2006-02-06,2024-12-08,0.2733,GIS 1 mean,GIS 1 mean,2.8433,0.3644,1.4801,1.4801,False,False,False,False,False,False,False
1,2005,2024,2005,20,2005_2024,4.025,3.8192,0.7267,0.7299,0.2494,3277,9,2005-01-18,2024-12-08,0.2489,GIS 1 mean,GIS 1 mean,2.8433,0.3644,1.1817,1.1817,False,False,False,False,False,False,False
1,2004,2024,2004,21,2004_2024,3.5302,3.3385,0.6024,0.6635,0.2283,3425,9,2004-01-08,2024-12-08,0.2258,GIS 1 mean,GIS 1 mean,2.8433,0.3644,0.6869,0.6869,False,False,False,True,False,True,True
1,2003,2024,2003,22,2003_2024,3.2964,3.1594,0.4972,0.6179,0.2256,3537,9,2003-01-05,2024-12-08,0.2105,GIS 1 mean,GIS 1 mean,2.8433,0.3644,0.4531,0.4531,False,False,True,True,True,True,True
1,2002,2024,2002,23,2002_2024,3.1527,3.0653,0.4296,0.5375,0.2496,3762,9,2002-01-10,2024-12-08,0.1832,GIS 1 mean,GIS 1 mean,2.8433,0.3644,0.3094,0.3094,True,False,True,True,True,True,True
1,2001,2024,2001,24,2001_2024,3.0627,2.9306,0.3569,0.4826,0.2715,3964,9,2001-01-31,2024-12-08,0.1645,GIS 1 mean,GIS 1 mean,2.8433,0.3644,0.2194,0.2194,True,True,True,True,True,True,True
1,2000,2024,2000,25,2000_2024,3.1789,3.0729,0.2585,0.4244,0.3279,4239,9,2000-01-06,2024-12-08,0.1446,GIS 1 mean,GIS 1 mean,2.8433,0.3644,0.3356,0.3356,True,False,True,True,True,True,True
1,1999,2024,1999,26,1999_2024,3.1847,3.1195,0.2073,0.3955,0.3518,4410,9,1999-03-07,2024-12-08,0.1348,GIS 1 mean,GIS 1 mean,2.8433,0.3644,0.3414,0.3414,True,False,True,True,True,True,True
1,1998,2024,1998,27,1998_2024,3.1292,3.0726,0.1936,0.3828,0.3547,4490,9,1998-01-31,2024-12-08,0.1304,GIS 1 mean,GIS 1 mean,2.8433,0.3644,0.2859,0.2859,True,False,True,True,True,True,True
1,1997,2024,1997,28,1997_2024,3.0566,3.0049,0.1977,0.3778,0.3477,4531,9,1997-01-12,2024-12-08,0.1287,GIS 1 mean,GIS 1 mean,2.8433,0.3644,0.2133,0.2133,True,True,True,True,True,True,True
1,1996,2024,1996,29,1996_2024,2.8433,2.7908,0.2028,0.3644,0.3252,4644,9,1996-01-26,2024-12-08,0.124,GIS 1 mean,GIS 1 mean,2.8433,0.3644,0.0,0.0,True,True,True,True,True,True,True
2,2020,2024,2020,5,2020_2024,15.5216,15.0674,4.642,1.8217,0.6337,1677,11,2020-01-28,2024-12-08,0.5532,GIS 2 mean,GIS 2 mean,2.5271,0.2091,12.9945,12.9945,False,False,False,False,False,False,False
2,2019,2024,2019,6,2019_2024,13.9526,13.9757,3.1563,1.3554,0.6995,1887,11,2019-01-25,2024-12-08,0.4114,GIS 2 mean,GIS 2 mean,2.5271,0.2091,11.4255,11.4255,False,False,False,False,False,False,False
2,2018,2024,2018,7,2018_2024,12.4472,12.7357,2.9315,1.1059,0.714,2077,11,2018-01-07,2024-12-08,0.3355,GIS 2 mean,GIS 2 mean,2.5271,0.2091,9.9201,9.9201,False,False,False,False,False,False,False
2,2017,2024,2017,8,2017_2024,10.3488,10.3891,2.4587,0.8958,0.7031,2353,11,2017-01-27,2024-12-08,0.2735,GIS 2 mean,GIS 2 mean,2.5271,0.2091,7.8217,7.8217,False,False,False,False,False,False,False
2,2016,2024,2016,9,2016_2024,9.3167,9.3689,1.916,0.8012,0.6963,2523,11,2016-01-02,2024-12-08,0.2455,GIS 2 mean,GIS 2 mean,2.5271,0.2091,6.7896,6.7896,False,False,False,False,False,False,False
2,2015,2024,2015,10,2015_2024,8.345,8.7159,1.3171,0.7682,0.6604,2631,11,2015-02-07,2024-12-08,0.2353,GIS 2 mean,GIS 2 mean,2.5271,0.2091,5.8179,5.8179,False,False,False,False,False,False,False
2,2014,2024,2014,11,2014_2024,6.774,6.9285,1.1424,0.7387,0.5648,2808,11,2014-01-03,2024-12-08,0.2265,GIS 2 mean,GIS 2 mean,2.5271,0.2091,4.2469,4.2469,False,False,False,False,False,False,False
2,2013,2024,2013,12,2013_2024,5.7507,5.8498,0.9342,0.6953,0.5011,2958,11,2013-02-01,2024-12-08,0.2132,GIS 2 mean,GIS 2 mean,2.5271,0.2091,3.2236,3.2236,False,False,False,False,False,False,False
2,2012,2024,2012,13,2012_2024,5.1035,5.0989,0.7207,0.6682,0.4561,3049,11,2012-01-14,2024-12-08,0.2051,GIS 2 mean,GIS 2 mean,2.5271,0.2091,2.5764,2.5764,False,False,False,False,False,False,False
2,2011,2024,2011,14,2011_2024,4.4931,4.44,0.4713,0.5775,0.4513,3254,11,2011-01-03,2024-12-08,0.1773,GIS 2 mean,GIS 2 mean,2.5271,0.2091,1.966,1.966,False,False,False,False,False,False,False
2,2010,2024,2010,15,2010_2024,4.0496,3.9912,0.3049,0.5254,0.4381,3413,11,2010-02-01,2024-12-08,0.1618,GIS 2 mean,GIS 2 mean,2.5271,0.2091,1.5225,1.5225,False,False,False,False,False,False,False
2,2009,2024,2009,16,2009_2024,3.7571,3.6563,0.2505,0.5056,0.4153,3490,11,2009-02-06,2024-12-08,0.1556,GIS 2 mean,GIS 2 mean,2.5271,0.2091,1.23,1.23,False,False,False,False,False,False,False
2,2008,2024,2008,17,2008_2024,3.3195,3.2146,0.1912,0.4541,0.3978,3675,11,2008-01-27,2024-12-08,0.1402,GIS 2 mean,GIS 2 mean,2.5271,0.2091,0.7924,0.7924,False,False,False,False,False,True,False
2,2007,2024,2007,18,2007_2024,3.0341,3.0114,0.1121,0.4241,0.3815,3797,11,2007-01-24,2024-12-08,0.1309,GIS 2 mean,GIS 2 mean,2.5271,0.2091,0.507,0.507,False,False,False,True,False,True,True
2,2006,2024,2006,19,2006_2024,2.9251,2.9104,0.0907,0.3939,0.3911,3914,11,2006-02-06,2024-12-08,0.1214,GIS 2 mean,GIS 2 mean,2.5271,0.2091,0.398,0.398,False,False,True,True,True,True,True
2,2005,2024,2005,20,2005_2024,2.9127,2.898,0.0777,0.3646,0.4182,4036,11,2005-01-18,2024-12-08,0.1124,GIS 2 mean,GIS 2 mean,2.5271,0.2091,0.3856,0.3856,False,False,True,True,True,True,True
2,2004,2024,2004,21,2004_2024,2.7443,2.72,0.0654,0.3352,0.4201,4194,11,2004-01-08,2024-12-08,0.1033,GIS 2 mean,GIS 2 mean,2.5271,0.2091,0.2172,0.2172,False,True,True,True,True,True,True
2,2003,2024,2003,22,2003_2024,2.592,2.5778,0.0929,0.3107,0.4169,4353,11,2003-01-05,2024-12-08,0.0954,GIS 2 mean,GIS 2 mean,2.5271,0.2091,0.0649,0.0649,True,True,True,True,True,True,True
2,2002,2024,2002,23,2002_2024,2.3926,2.3302,0.1386,0.2741,0.4216,4622,11,2002-01-10,2024-12-08,0.084,GIS 2 mean,GIS 2 mean,2.5271,0.2091,-0.1345,0.1345,True,True,True,True,True,True,True
2,2001,2024,2001,24,2001_2024,2.4006,2.3432,0.1555,0.247,0.4605,4866,11,2001-02-08,2024-12-08,0.0756,GIS 2 mean,GIS 2 mean,2.5271,0.2091,-0.1265,0.1265,True,True,True,True,True,True,True
2,2000,2024,2000,25,2000_2024,2.6743,2.6741,0.1814,0.2236,0.5452,5203,11,2000-01-06,2024-12-08,0.0683,GIS 2 mean,GIS 2 mean,2.5271,0.2091,0.1472,0.1472,True,True,True,True,True,True,True
2,1999,2024,1999,26,1999_2024,2.8263,2.8586,0.1256,0.2147,0.5811,5412,11,1999-03-07,2024-12-08,0.0654,GIS 2 mean,GIS 2 mean,2.5271,0.2091,0.2992,0.2992,False,False,True,True,True,True,True
2,1998,2024,1998,27,1998_2024,2.829,2.8567,0.0984,0.2089,0.5908,5500,11,1998-03-04,2024-12-08,0.0636,GIS 2 mean,GIS 2 mean,2.5271,0.2091,0.3019,0.3019,False,False,True,True,True,True,True
2,1997,2024,1997,28,1997_2024,2.7622,2.7898,0.0842,0.2084,0.5779,5555,11,1997-01-12,2024-12-08,0.0634,GIS 2 mean,GIS 2 mean,2.5271,0.2091,0.2351,0.2351,False,True,True,True,True,True,True
2,1996,2024,1996,29,1996_2024,2.5271,2.5167,0.0682,0.2091,0.5259,5698,11,1996-01-26,2024-12-08,0.0636,GIS 2 mean,GIS 2 mean,2.5271,0.2091,0.0,0.0,True,True,True,True,True,True,True
3,2020,2024,2020,5,2020_2024,5.9947,5.7384,1.2792,1.5522,0.2862,1500,10,2020-01-28,2024-12-08,0.4919,GIS 3 mean,GIS 3 mean,2.4637,0.1503,3.531,3.531,False,False,False,False,False,False,False
3,2019,2024,2019,6,2019_2024,5.6258,5.3055,1.5088,1.1394,0.3584,1685,10,2019-01-25,2024-12-08,0.3606,GIS 3 mean,GIS 3 mean,2.4637,0.1503,3.1621,3.1621,False,False,False,False,False,False,False
3,2018,2024,2018,7,2018_2024,5.7247,5.5105,0.9518,0.9236,0.4456,1856,10,2018-01-07,2024-12-08,0.2925,GIS 3 mean,GIS 3 mean,2.4637,0.1503,3.261,3.261,False,False,False,False,False,False,False
3,2017,2024,2017,8,2017_2024,5.5523,5.5334,0.5767,0.7212,0.5284,2062,10,2017-01-27,2024-12-08,0.2287,GIS 3 mean,GIS 3 mean,2.4637,0.1503,3.0886,3.0886,False,False,False,False,False,False,False
3,2016,2024,2016,9,2016_2024,5.6086,5.5975,0.2899,0.6055,0.6003,2236,10,2016-01-02,2024-12-08,0.192,GIS 3 mean,GIS 3 mean,2.4637,0.1503,3.1449,3.1449,False,False,False,False,False,False,False
3,2015,2024,2015,10,2015_2024,5.2225,5.3019,0.2081,0.5379,0.6079,2375,10,2015-02-07,2024-12-08,0.1703,GIS 3 mean,GIS 3 mean,2.4637,0.1503,2.7588,2.7588,False,False,False,False,False,False,False
3,2014,2024,2014,11,2014_2024,4.4884,4.4671,0.1552,0.4857,0.5666,2553,10,2014-01-03,2024-12-08,0.1537,GIS 3 mean,GIS 3 mean,2.4637,0.1503,2.0247,2.0247,False,False,False,False,False,False,False
3,2013,2024,2013,12,2013_2024,3.7917,3.794,0.1283,0.4595,0.4958,2703,10,2013-02-01,2024-12-08,0.1454,GIS 3 mean,GIS 3 mean,2.4637,0.1503,1.328,1.328,False,False,False,False,False,False,False
3,2012,2024,2012,13,2012_2024,3.6066,3.5881,0.1073,0.4354,0.4909,2777,10,2012-01-14,2024-12-08,0.1377,GIS 3 mean,GIS 3 mean,2.4637,0.1503,1.1429,1.1429,False,False,False,False,False,False,False
3,2011,2024,2011,14,2011_2024,3.5464,3.5626,0.0932,0.3786,0.5361,2961,10,2011-01-03,2024-12-08,0.1197,GIS 3 mean,GIS 3 mean,2.4637,0.1503,1.0827,1.0827,False,False,False,False,False,False,False
3,2010,2024,2010,15,2010_2024,3.4409,3.4362,0.0885,0.3442,0.5565,3104,10,2010-02-01,2024-12-08,0.1089,GIS 3 mean,GIS 3 mean,2.4637,0.1503,0.9772,0.9772,False,False,False,False,False,True,False
3,2009,2024,2009,16,2009_2024,3.3157,3.3032,0.1166,0.336,0.546,3153,10,2009-02-06,2024-12-08,0.1063,GIS 3 mean,GIS 3 mean,2.4637,0.1503,0.852,0.852,False,False,False,False,False,True,False
3,2008,2024,2008,17,2008_2024,3.0095,3.0148,0.1524,0.3008,0.5388,3331,10,2008-01-27,2024-12-08,0.0952,GIS 3 mean,GIS 3 mean,2.4637,0.1503,0.5458,0.5458,False,False,False,False,False,True,False
3,2007,2024,2007,18,2007_2024,2.9227,2.8926,0.1473,0.2822,0.5488,3427,10,2007-01-24,2024-12-08,0.0893,GIS 3 mean,GIS 3 mean,2.4637,0.1503,0.459,0.459,False,False,True,False,True,True,False
3,2006,2024,2006,19,2006_2024,2.8622,2.7963,0.1511,0.2596,0.5707,3548,10,2006-02-06,2024-12-08,0.0821,GIS 3 mean,GIS 3 mean,2.4637,0.1503,0.3985,0.3985,False,False,True,True,True,True,True
3,2005,2024,2005,20,2005_2024,2.9886,2.9677,0.1414,0.2399,0.6201,3684,10,2005-01-18,2024-12-08,0.0759,GIS 3 mean,GIS 3 mean,2.4637,0.1503,0.5249,0.5249,False,False,False,False,False,True,False
3,2004,2024,2004,21,2004_2024,2.8644,2.8671,0.1352,0.2213,0.6284,3841,10,2004-01-08,2024-12-08,0.07,GIS 3 mean,GIS 3 mean,2.4637,0.1503,0.4007,0.4007,False,False,True,True,True,True,False
3,2003,2024,2003,22,2003_2024,2.7202,2.7276,0.1648,0.2134,0.6139,3950,10,2003-01-05,2024-12-08,0.0675,GIS 3 mean,GIS 3 mean,2.4637,0.1503,0.2565,0.2565,False,False,True,True,True,True,True
3,2002,2024,2002,23,2002_2024,2.4492,2.4718,0.1837,0.1968,0.5882,4179,10,2002-01-10,2024-12-08,0.0622,GIS 3 mean,GIS 3 mean,2.4637,0.1503,-0.0145,0.0145,True,True,True,True,True,True,True
3,2001,2024,2001,24,2001_2024,2.3984,2.3974,0.1846,0.1771,0.6149,4419,10,2001-02-08,2024-12-08,0.056,GIS 3 mean,GIS 3 mean,2.4637,0.1503,-0.0653,0.0653,True,True,True,True,True,True,True
3,2000,2024,2000,25,2000_2024,2.4952,2.4803,0.1421,0.161,0.6634,4698,10,2000-01-13,2024-12-08,0.0509,GIS 3 mean,GIS 3 mean,2.4637,0.1503,0.0315,0.0315,True,True,True,True,True,True,True
3,1999,2024,1999,26,1999_2024,2.6204,2.62,0.1101,0.1555,0.6916,4888,10,1999-03-07,2024-12-08,0.0492,GIS 3 mean,GIS 3 mean,2.4637,0.1503,0.1567,0.1567,False,True,True,True,True,True,True
3,1998,2024,1998,27,1998_2024,2.6509,2.6458,0.1042,0.1519,0.7032,4960,10,1998-03-04,2024-12-08,0.048,GIS 3 mean,GIS 3 mean,2.4637,0.1503,0.1872,0.1872,False,True,True,True,True,True,True
3,1997,2024,1997,28,1997_2024,2.6147,2.6224,0.1041,0.1506,0.6989,5010,10,1997-01-12,2024-12-08,0.0476,GIS 3 mean,GIS 3 mean,2.4637,0.1503,0.151,0.151,False,True,True,True,True,True,True
3,1996,2024,1996,29,1996_2024,2.4637,2.475,0.1001,0.1503,0.6691,5132,10,1996-01-26,2024-12-08,0.0475,GIS 3 mean,GIS 3 mean,2.4637,0.1503,0.0,0.0,True,True,True,True,True,True,True
4,2020,2024,2020,5,2020_2024,3.9103,3.5417,1.1797,1.586,0.1489,1941,13,2020-01-28,2024-12-08,0.4417,GIS 4 mean,GIS 4 mean,1.9194,0.164,1.9909,1.9909,False,False,False,False,False,False,False
4,2019,2024,2019,6,2019_2024,4.0415,3.8299,1.0535,1.1882,0.2237,2180,13,2019-01-25,2024-12-08,0.3314,GIS 4 mean,GIS 4 mean,1.9194,0.164,2.1221,2.1221,False,False,False,False,False,False,False
4,2018,2024,2018,7,2018_2024,4.716,4.5235,0.9399,0.9782,0.3358,2413,13,2018-01-07,2024-12-08,0.273,GIS 4 mean,GIS 4 mean,1.9194,0.164,2.7966,2.7966,False,False,False,False,False,False,False
4,2017,2024,2017,8,2017_2024,5.7755,5.8642,0.3753,0.7541,0.5228,2745,13,2017-01-27,2024-12-08,0.2101,GIS 4 mean,GIS 4 mean,1.9194,0.164,3.8561,3.8561,False,False,False,False,False,False,False
4,2016,2024,2016,9,2016_2024,5.7235,5.7662,0.1669,0.6449,0.5772,2952,13,2016-01-02,2024-12-08,0.1796,GIS 4 mean,GIS 4 mean,1.9194,0.164,3.8041,3.8041,False,False,False,False,False,False,False
4,2015,2024,2015,10,2015_2024,5.5548,5.5637,0.2229,0.5903,0.5945,3079,13,2015-02-07,2024-12-08,0.1643,GIS 4 mean,GIS 4 mean,1.9194,0.164,3.6354,3.6354,False,False,False,False,False,False,False
4,2014,2024,2014,11,2014_2024,4.9503,4.9815,0.1759,0.5258,0.5786,3288,13,2014-01-03,2024-12-08,0.1462,GIS 4 mean,GIS 4 mean,1.9194,0.164,3.0309,3.0309,False,False,False,False,False,False,False
4,2013,2024,2013,12,2013_2024,4.1921,4.1842,0.1393,0.5018,0.5061,3468,13,2013-02-01,2024-12-08,0.1394,GIS 4 mean,GIS 4 mean,1.9194,0.164,2.2727,2.2727,False,False,False,False,False,False,False
4,2012,2024,2012,13,2012_2024,3.7935,3.7697,0.1376,0.4816,0.4693,3573,13,2012-01-14,2024-12-08,0.1338,GIS 4 mean,GIS 4 mean,1.9194,0.164,1.8741,1.8741,False,False,False,False,False,False,False
4,2011,2024,2011,14,2011_2024,3.448,3.4566,0.1474,0.4153,0.478,3837,13,2011-01-03,2024-12-08,0.1155,GIS 4 mean,GIS 4 mean,1.9194,0.164,1.5286,1.5286,False,False,False,False,False,False,False
4,2010,2024,2010,15,2010_2024,3.3107,3.3201,0.1623,0.3758,0.4948,4028,13,2010-02-01,2024-12-08,0.1045,GIS 4 mean,GIS 4 mean,1.9194,0.164,1.3913,1.3913,False,False,False,False,False,False,False
4,2009,2024,2009,16,2009_2024,3.1163,3.079,0.1732,0.3641,0.4747,4120,13,2009-02-06,2024-12-08,0.1012,GIS 4 mean,GIS 4 mean,1.9194,0.164,1.1969,1.1969,False,False,False,False,False,False,False
4,2008,2024,2008,17,2008_2024,2.7991,2.7619,0.2325,0.3252,0.463,4348,13,2008-01-27,2024-12-08,0.0903,GIS 4 mean,GIS 4 mean,1.9194,0.164,0.8797,0.8797,False,False,False,False,False,True,False
4,2007,2024,2007,18,2007_2024,2.6795,2.6764,0.1566,0.3039,0.4677,4489,13,2007-01-24,2024-12-08,0.0844,GIS 4 mean,GIS 4 mean,1.9194,0.164,0.7601,0.7601,False,False,False,False,False,True,False
4,2006,2024,2006,19,2006_2024,2.486,2.4622,0.1516,0.2881,0.4492,4634,13,2006-02-06,2024-12-08,0.0801,GIS 4 mean,GIS 4 mean,1.9194,0.164,0.5666,0.5666,False,False,False,False,False,True,False
4,2005,2024,2005,20,2005_2024,2.4487,2.4216,0.2511,0.2681,0.4684,4777,13,2005-01-18,2024-12-08,0.0745,GIS 4 mean,GIS 4 mean,1.9194,0.164,0.5293,0.5293,False,False,False,False,False,True,False
4,2004,2024,2004,21,2004_2024,2.3597,2.384,0.3543,0.2457,0.4797,5001,13,2004-01-08,2024-12-08,0.0683,GIS 4 mean,GIS 4 mean,1.9194,0.164,0.4403,0.4403,False,False,False,True,True,True,False
4,2003,2024,2003,22,2003_2024,2.2647,2.2581,0.3224,0.2295,0.485,5176,13,2003-01-05,2024-12-08,0.0638,GIS 4 mean,GIS 4 mean,1.9194,0.164,0.3453,0.3453,False,False,True,True,True,True,True
4,2002,2024,2002,23,2002_2024,1.9897,1.9822,0.2935,0.209,0.4531,5488,13,2002-01-10,2024-12-08,0.0581,GIS 4 mean,GIS 4 mean,1.9194,0.164,0.0703,0.0703,True,True,True,True,True,True,True
4,2001,2024,2001,24,2001_2024,1.8561,1.8555,0.3258,0.1906,0.4494,5799,13,2001-01-31,2024-12-08,0.053,GIS 4 mean,GIS 4 mean,1.9194,0.164,-0.0633,0.0633,True,True,True,True,True,True,True
4,2000,2024,2000,25,2000_2024,1.6772,1.6614,0.4188,0.1782,0.414,6189,13,2000-01-06,2024-12-08,0.0495,GIS 4 mean,GIS 4 mean,1.9194,0.164,-0.2422,0.2422,False,True,True,True,True,True,True
4,1999,2024,1999,26,1999_2024,1.9018,1.9068,0.4265,0.1778,0.4644,6436,13,1999-03-07,2024-12-08,0.0494,GIS 4 mean,GIS 4 mean,1.9194,0.164,-0.0176,0.0176,True,True,True,True,True,True,True
4,1998,2024,1998,27,1998_2024,1.9355,1.947,0.407,0.1743,0.4794,6538,13,1998-03-04,2024-12-08,0.0484,GIS 4 mean,GIS 4 mean,1.9194,0.164,0.0161,0.0161,True,True,True,True,True,True,True
4,1997,2024,1997,28,1997_2024,1.9522,1.9667,0.3933,0.1712,0.4902,6603,13,1997-01-12,2024-12-08,0.0476,GIS 4 mean,GIS 4 mean,1.9194,0.164,0.0328,0.0328,True,True,True,True,True,True,True
4,1996,2024,1996,29,1996_2024,1.9194,1.9336,0.3483,0.164,0.4981,6771,13,1996-01-26,2024-12-08,0.0455,GIS 4 mean,GIS 4 mean,1.9194,0.164,0.0,0.0,True,True,True,True,True,True,True
5,2020,2024,2020,5,2020_2024,-1.8628,-1.543,3.1188,2.041,0.0641,1891,13,2020-01-28,2024-12-08,0.5672,GIS 5 mean,GIS 5 mean,0.8206,0.1853,-2.6834,2.6834,False,False,False,False,False,False,False
5,2019,2024,2019,6,2019_2024,-0.637,-0.309,2.7583,1.4992,0.0696,2138,13,2019-01-25,2024-12-08,0.4161,GIS 5 mean,GIS 5 mean,0.8206,0.1853,-1.4576,1.4576,False,False,False,False,False,False,True
5,2018,2024,2018,7,2018_2024,-0.5912,-0.1759,2.501,1.2122,0.0796,2371,13,2018-01-07,2024-12-08,0.3364,GIS 5 mean,GIS 5 mean,0.8206,0.1853,-1.4118,1.4118,False,False,False,False,False,False,False
5,2017,2024,2017,8,2017_2024,1.6753,1.9803,2.0568,1.0221,0.1053,2651,13,2017-01-19,2024-12-08,0.284,GIS 5 mean,GIS 5 mean,0.8206,0.1853,0.8547,0.8547,False,False,False,False,False,True,True
5,2016,2024,2016,9,2016_2024,3.2489,3.9336,1.6814,0.9209,0.2102,2871,13,2016-01-02,2024-12-08,0.2568,GIS 5 mean,GIS 5 mean,0.8206,0.1853,2.4283,2.4283,False,False,False,False,False,False,False
5,2015,2024,2015,10,2015_2024,3.4316,3.8884,1.57,0.7943,0.2562,3072,13,2015-02-07,2024-12-08,0.2213,GIS 5 mean,GIS 5 mean,0.8206,0.1853,2.611,2.611,False,False,False,False,False,False,False
5,2014,2024,2014,11,2014_2024,3.3013,3.9013,1.4308,0.6881,0.2798,3296,13,2014-01-03,2024-12-08,0.1918,GIS 5 mean,GIS 5 mean,0.8206,0.1853,2.4807,2.4807,False,False,False,False,False,False,False
5,2013,2024,2013,12,2013_2024,2.8387,3.3828,1.0991,0.6286,0.2423,3486,13,2013-02-01,2024-12-08,0.1748,GIS 5 mean,GIS 5 mean,0.8206,0.1853,2.0181,2.0181,False,False,False,False,False,False,False
5,2012,2024,2012,13,2012_2024,2.5714,3.0991,1.0208,0.5929,0.2229,3586,13,2012-01-14,2024-12-08,0.1647,GIS 5 mean,GIS 5 mean,0.8206,0.1853,1.7508,1.7508,False,False,False,False,False,False,False
5,2011,2024,2011,14,2011_2024,2.4275,2.872,0.7598,0.5093,0.2363,3833,13,2011-01-03,2024-12-08,0.1414,GIS 5 mean,GIS 5 mean,0.8206,0.1853,1.6069,1.6069,False,False,False,False,False,False,False
5,2010,2024,2010,15,2010_2024,2.4107,2.7356,0.6568,0.4668,0.2546,4009,13,2010-02-01,2024-12-08,0.1296,GIS 5 mean,GIS 5 mean,0.8206,0.1853,1.5901,1.5901,False,False,False,False,False,False,False
5,2009,2024,2009,16,2009_2024,2.4059,2.7166,0.5921,0.4502,0.2629,4074,13,2009-02-06,2024-12-08,0.1249,GIS 5 mean,GIS 5 mean,0.8206,0.1853,1.5853,1.5853,False,False,False,False,False,False,False
5,2008,2024,2008,17,2008_2024,2.1424,2.4121,0.4857,0.4002,0.2549,4284,13,2008-01-27,2024-12-08,0.1111,GIS 5 mean,GIS 5 mean,0.8206,0.1853,1.3218,1.3218,False,False,False,False,False,False,False
5,2007,2024,2007,18,2007_2024,1.8937,2.089,0.4628,0.3771,0.2258,4425,13,2007-01-24,2024-12-08,0.1047,GIS 5 mean,GIS 5 mean,0.8206,0.1853,1.0731,1.0731,False,False,False,False,False,False,False
5,2006,2024,2006,19,2006_2024,1.7806,1.9211,0.4141,0.3482,0.2255,4583,13,2006-01-21,2024-12-08,0.0966,GIS 5 mean,GIS 5 mean,0.8206,0.1853,0.96,0.96,False,False,False,False,False,True,False
5,2005,2024,2005,20,2005_2024,1.467,1.5181,0.3431,0.3277,0.1784,4761,13,2005-01-18,2024-12-08,0.091,GIS 5 mean,GIS 5 mean,0.8206,0.1853,0.6464,0.6464,False,False,False,False,False,True,False
5,2004,2024,2004,21,2004_2024,1.1804,1.1728,0.3833,0.3088,0.1367,4964,13,2004-01-08,2024-12-08,0.0858,GIS 5 mean,GIS 5 mean,0.8206,0.1853,0.3598,0.3598,False,False,False,True,True,True,True
5,2003,2024,2003,22,2003_2024,1.1811,1.1677,0.3494,0.2868,0.1485,5131,13,2003-01-05,2024-12-08,0.0796,GIS 5 mean,GIS 5 mean,0.8206,0.1853,0.3605,0.3605,False,False,False,True,True,True,True
5,2002,2024,2002,23,2002_2024,1.11,1.1044,0.2249,0.2538,0.1531,5446,13,2002-01-10,2024-12-08,0.0705,GIS 5 mean,GIS 5 mean,0.8206,0.1853,0.2894,0.2894,False,False,False,True,True,True,True
5,2001,2024,2001,24,2001_2024,1.1016,1.1151,0.2169,0.2276,0.1722,5756,13,2001-01-31,2024-12-08,0.0632,GIS 5 mean,GIS 5 mean,0.8206,0.1853,0.281,0.281,False,False,False,True,True,True,True
5,2000,2024,2000,25,2000_2024,0.8286,0.8037,0.1806,0.2095,0.1159,6158,13,2000-01-13,2024-12-08,0.0582,GIS 5 mean,GIS 5 mean,0.8206,0.1853,0.008,0.008,True,True,True,True,True,True,True
5,1999,2024,1999,26,1999_2024,0.7085,0.6226,0.2689,0.2022,0.0958,6401,13,1999-03-07,2024-12-08,0.0562,GIS 5 mean,GIS 5 mean,0.8206,0.1853,-0.1121,0.1121,True,True,True,True,True,True,True
5,1998,2024,1998,27,1998_2024,0.7258,0.6184,0.2736,0.1971,0.1024,6511,13,1998-01-31,2024-12-08,0.0547,GIS 5 mean,GIS 5 mean,0.8206,0.1853,-0.0948,0.0948,True,True,True,True,True,True,True
5,1997,2024,1997,28,1997_2024,0.7489,0.6495,0.2721,0.1938,0.1097,6574,13,1997-01-12,2024-12-08,0.0538,GIS 5 mean,GIS 5 mean,0.8206,0.1853,-0.0717,0.0717,True,True,True,True,True,True,True
5,1996,2024,1996,29,1996_2024,0.8206,0.7255,0.2379,0.1853,0.1333,6742,13,1996-01-26,2024-12-08,0.0515,GIS 5 mean,GIS 5 mean,0.8206,0.1853,0.0,0.0,True,True,True,True,True,True,True
6,2020,2024,2020,5,2020_2024,-2.5507,-2.3105,1.7284,2.166,0.0462,872,6,2020-01-28,2024-12-08,0.8856,GIS 6 mean,GIS 6 mean,-1.3881,0.1486,-1.1626,1.1626,False,False,False,False,False,False,True
6,2019,2024,2019,6,2019_2024,-1.2137,-1.2122,1.4066,1.5922,0.0285,975,6,2019-01-25,2024-12-08,0.6512,GIS 6 mean,GIS 6 mean,-1.3881,0.1486,0.1744,0.1744,False,True,True,True,True,True,True
6,2018,2024,2018,7,2018_2024,-1.3154,-1.7336,1.2326,1.2571,0.0385,1076,6,2018-01-07,2024-12-08,0.5138,GIS 6 mean,GIS 6 mean,-1.3881,0.1486,0.0727,0.0727,True,True,True,True,True,True,True
6,2017,2024,2017,8,2017_2024,-0.4088,-0.334,1.3414,0.9425,0.0357,1234,6,2017-01-19,2024-12-08,0.3858,GIS 6 mean,GIS 6 mean,-1.3881,0.1486,0.9793,0.9793,False,False,False,False,False,True,True
6,2016,2024,2016,9,2016_2024,-0.3444,-0.3978,1.4626,0.8033,0.0492,1335,6,2016-01-02,2024-12-08,0.3291,GIS 6 mean,GIS 6 mean,-1.3881,0.1486,1.0437,1.0437,False,False,False,False,False,False,False
6,2015,2024,2015,10,2015_2024,-0.5085,-0.6845,1.4643,0.7312,0.0606,1392,6,2015-02-07,2024-12-08,0.2993,GIS 6 mean,GIS 6 mean,-1.3881,0.1486,0.8796,0.8796,False,False,False,False,False,True,True
6,2014,2024,2014,11,2014_2024,-0.9355,-1.2239,1.5189,0.6315,0.0976,1496,6,2014-01-03,2024-12-08,0.2585,GIS 6 mean,GIS 6 mean,-1.3881,0.1486,0.4526,0.4526,False,False,False,False,True,True,True
6,2013,2024,2013,12,2013_2024,-1.0015,-1.3649,1.4885,0.5632,0.1165,1569,6,2013-02-01,2024-12-08,0.2307,GIS 6 mean,GIS 6 mean,-1.3881,0.1486,0.3866,0.3866,False,False,False,True,True,True,True
6,2012,2024,2012,13,2012_2024,-1.2215,-1.6136,1.3992,0.5253,0.1369,1617,6,2012-01-14,2024-12-08,0.215,GIS 6 mean,GIS 6 mean,-1.3881,0.1486,0.1666,0.1666,False,True,True,True,True,True,True
6,2011,2024,2011,14,2011_2024,-1.1169,-1.6252,1.5126,0.4488,0.1695,1726,6,2011-01-03,2024-12-08,0.1837,GIS 6 mean,GIS 6 mean,-1.3881,0.1486,0.2712,0.2712,False,False,True,True,True,True,True
6,2010,2024,2010,15,2010_2024,-1.1304,-1.736,1.5757,0.4074,0.2028,1808,6,2010-02-01,2024-12-08,0.1669,GIS 6 mean,GIS 6 mean,-1.3881,0.1486,0.2577,0.2577,False,False,True,True,True,True,True
6,2009,2024,2009,16,2009_2024,-1.1584,-1.7636,1.573,0.3915,0.2154,1840,6,2009-02-06,2024-12-08,0.1604,GIS 6 mean,GIS 6 mean,-1.3881,0.1486,0.2297,0.2297,False,True,True,True,True,True,True
6,2008,2024,2008,17,2008_2024,-1.2517,-1.89,1.5419,0.3411,0.2607,1952,6,2008-01-27,2024-12-08,0.1399,GIS 6 mean,GIS 6 mean,-1.3881,0.1486,0.1364,0.1364,True,True,True,True,True,True,True
6,2007,2024,2007,18,2007_2024,-1.3313,-1.9514,1.4898,0.3174,0.2847,2011,6,2007-01-24,2024-12-08,0.1303,GIS 6 mean,GIS 6 mean,-1.3881,0.1486,0.0568,0.0568,True,True,True,True,True,True,True
6,2006,2024,2006,19,2006_2024,-1.3066,-1.9127,1.4646,0.3004,0.2964,2063,6,2006-02-06,2024-12-08,0.1234,GIS 6 mean,GIS 6 mean,-1.3881,0.1486,0.0815,0.0815,True,True,True,True,True,True,True
6,2005,2024,2005,20,2005_2024,-1.2131,-1.7782,1.3807,0.282,0.2918,2128,6,2005-01-18,2024-12-08,0.1159,GIS 6 mean,GIS 6 mean,-1.3881,0.1486,0.175,0.175,False,True,True,True,True,True,True
6,2004,2024,2004,21,2004_2024,-1.2848,-1.8153,1.2908,0.2568,0.3166,2227,6,2004-01-08,2024-12-08,0.1056,GIS 6 mean,GIS 6 mean,-1.3881,0.1486,0.1033,0.1033,True,True,True,True,True,True,True
6,2003,2024,2003,22,2003_2024,-1.3192,-1.8746,1.3158,0.2388,0.3501,2302,6,2003-01-05,2024-12-08,0.0982,GIS 6 mean,GIS 6 mean,-1.3881,0.1486,0.0689,0.0689,True,True,True,True,True,True,True
6,2002,2024,2002,23,2002_2024,-1.3858,-1.942,1.3203,0.2098,0.4019,2441,6,2002-01-10,2024-12-08,0.0864,GIS 6 mean,GIS 6 mean,-1.3881,0.1486,0.0023,0.0023,True,True,True,True,True,True,True
6,2001,2024,2001,24,2001_2024,-1.4223,-1.9754,1.2975,0.1891,0.436,2577,6,2001-01-31,2024-12-08,0.078,GIS 6 mean,GIS 6 mean,-1.3881,0.1486,-0.0342,0.0342,True,True,True,True,True,True,True
6,2000,2024,2000,25,2000_2024,-1.4342,-1.9424,1.1985,0.1703,0.448,2744,6,2000-01-13,2024-12-08,0.0703,GIS 6 mean,GIS 6 mean,-1.3881,0.1486,-0.0461,0.0461,True,True,True,True,True,True,True
6,1999,2024,1999,26,1999_2024,-1.4288,-1.8946,1.1047,0.1609,0.4466,2852,6,1999-03-07,2024-12-08,0.0663,GIS 6 mean,GIS 6 mean,-1.3881,0.1486,-0.0407,0.0407,True,True,True,True,True,True,True
6,1998,2024,1998,27,1998_2024,-1.4197,-1.8834,1.0985,0.1562,0.4534,2900,6,1998-01-31,2024-12-08,0.0644,GIS 6 mean,GIS 6 mean,-1.3881,0.1486,-0.0316,0.0316,True,True,True,True,True,True,True
6,1997,2024,1997,28,1997_2024,-1.4216,-1.8865,1.0986,0.1538,0.4585,2925,6,1997-01-12,2024-12-08,0.0634,GIS 6 mean,GIS 6 mean,-1.3881,0.1486,-0.0335,0.0335,True,True,True,True,True,True,True
6,1996,2024,1996,29,1996_2024,-1.3881,-1.867,1.1254,0.1486,0.4655,2993,6,1996-01-26,2024-12-08,0.0614,GIS 6 mean,GIS 6 mean,-1.3881,0.1486,0.0,0.0,True,True,True,True,True,True,True
7,2020,2024,2020,5,2020_2024,0.0838,0.5921,1.339,2.8997,0.0052,597,4,2020-01-28,2024-12-08,1.4593,GIS 7 mean,GIS 7 mean,-1.3138,0.1629,1.3976,1.3976,False,False,False,False,False,False,True
7,2019,2024,2019,6,2019_2024,0.3336,0.5937,0.9616,1.9964,0.0047,678,4,2019-01-25,2024-12-08,1.0028,GIS 7 mean,GIS 7 mean,-1.3138,0.1629,1.6474,1.6474,False,False,False,False,False,False,True
7,2018,2024,2018,7,2018_2024,-1.0101,-0.9704,0.7834,1.589,0.0135,748,4,2018-01-07,2024-12-08,0.7964,GIS 7 mean,GIS 7 mean,-1.3138,0.1629,0.3037,0.3037,False,False,False,True,True,True,True
7,2017,2024,2017,8,2017_2024,-0.1247,0.1178,1.0376,1.2608,0.0112,831,4,2017-01-19,2024-12-08,0.6326,GIS 7 mean,GIS 7 mean,-1.3138,0.1629,1.1891,1.1891,False,False,False,False,False,False,True
7,2016,2024,2016,9,2016_2024,0.5756,0.825,1.0354,1.0474,0.0177,898,4,2016-01-02,2024-12-08,0.5267,GIS 7 mean,GIS 7 mean,-1.3138,0.1629,1.8894,1.8894,False,False,False,False,False,False,False
7,2015,2024,2015,10,2015_2024,0.6688,0.9014,1.1321,0.8854,0.0266,963,4,2015-02-07,2024-12-08,0.4457,GIS 7 mean,GIS 7 mean,-1.3138,0.1629,1.9826,1.9826,False,False,False,False,False,False,False
7,2014,2024,2014,11,2014_2024,0.4946,0.6885,1.1534,0.7623,0.0297,1029,4,2014-01-03,2024-12-08,0.384,GIS 7 mean,GIS 7 mean,-1.3138,0.1629,1.8084,1.8084,False,False,False,False,False,False,False
7,2013,2024,2013,12,2013_2024,0.3314,0.4997,1.2564,0.676,0.0384,1084,4,2013-02-01,2024-12-08,0.3405,GIS 7 mean,GIS 7 mean,-1.3138,0.1629,1.6452,1.6452,False,False,False,False,False,False,False
7,2012,2024,2012,13,2012_2024,0.1318,0.3002,1.1149,0.631,0.0335,1115,4,2012-01-14,2024-12-08,0.3175,GIS 7 mean,GIS 7 mean,-1.3138,0.1629,1.4456,1.4456,False,False,False,False,False,False,False
7,2011,2024,2011,14,2011_2024,-0.0556,0.1609,1.0723,0.5311,0.0416,1195,4,2011-01-03,2024-12-08,0.2669,GIS 7 mean,GIS 7 mean,-1.3138,0.1629,1.2582,1.2582,False,False,False,False,False,False,False
7,2010,2024,2010,15,2010_2024,-0.1679,-0.01,0.9826,0.4832,0.0428,1244,4,2010-02-01,2024-12-08,0.2429,GIS 7 mean,GIS 7 mean,-1.3138,0.1629,1.1459,1.1459,False,False,False,False,False,False,False
7,2009,2024,2009,16,2009_2024,-0.2218,-0.061,0.9309,0.4634,0.0429,1266,4,2009-02-06,2024-12-08,0.2328,GIS 7 mean,GIS 7 mean,-1.3138,0.1629,1.092,1.092,False,False,False,False,False,False,False
7,2008,2024,2008,17,2008_2024,-0.4348,-0.3154,0.8718,0.4163,0.0561,1322,4,2008-01-27,2024-12-08,0.2093,GIS 7 mean,GIS 7 mean,-1.3138,0.1629,0.879,0.879,False,False,False,False,False,True,False
7,2007,2024,2007,18,2007_2024,-0.6082,-0.4812,0.8299,0.3841,0.0715,1366,4,2007-01-24,2024-12-08,0.193,GIS 7 mean,GIS 7 mean,-1.3138,0.1629,0.7056,0.7056,False,False,False,False,False,True,False
7,2006,2024,2006,19,2006_2024,-0.6579,-0.5032,0.8091,0.3501,0.0835,1416,4,2006-02-06,2024-12-08,0.176,GIS 7 mean,GIS 7 mean,-1.3138,0.1629,0.6559,0.6559,False,False,False,False,False,True,False
7,2005,2024,2005,20,2005_2024,-0.6113,-0.4916,0.7025,0.3227,0.0789,1464,4,2005-01-19,2024-12-08,0.1623,GIS 7 mean,GIS 7 mean,-1.3138,0.1629,0.7025,0.7025,False,False,False,False,False,True,False
7,2004,2024,2004,21,2004_2024,-0.7066,-0.5763,0.6247,0.2944,0.0926,1524,4,2004-01-08,2024-12-08,0.148,GIS 7 mean,GIS 7 mean,-1.3138,0.1629,0.6072,0.6072,False,False,False,False,False,True,False
7,2003,2024,2003,22,2003_2024,-0.8334,-0.6998,0.5661,0.2729,0.115,1577,4,2003-01-05,2024-12-08,0.1371,GIS 7 mean,GIS 7 mean,-1.3138,0.1629,0.4804,0.4804,False,False,False,True,True,True,False
7,2002,2024,2002,23,2002_2024,-1.0768,-0.9812,0.528,0.2404,0.1801,1681,4,2002-01-10,2024-12-08,0.1208,GIS 7 mean,GIS 7 mean,-1.3138,0.1629,0.237,0.237,False,True,True,True,True,True,True
7,2001,2024,2001,24,2001_2024,-1.2422,-1.1623,0.4922,0.2154,0.2406,1785,4,2001-01-31,2024-12-08,0.1082,GIS 7 mean,GIS 7 mean,-1.3138,0.1629,0.0716,0.0716,True,True,True,True,True,True,True
7,2000,2024,2000,25,2000_2024,-1.2632,-1.191,0.4671,0.1916,0.2732,1905,4,2000-01-13,2024-12-08,0.0962,GIS 7 mean,GIS 7 mean,-1.3138,0.1629,0.0506,0.0506,True,True,True,True,True,True,True
7,1999,2024,1999,26,1999_2024,-1.2634,-1.1907,0.4614,0.1796,0.2887,1981,4,1999-03-07,2024-12-08,0.0902,GIS 7 mean,GIS 7 mean,-1.3138,0.1629,0.0504,0.0504,True,True,True,True,True,True,True
7,1998,2024,1998,27,1998_2024,-1.2772,-1.2122,0.4516,0.174,0.3009,2016,4,1998-01-31,2024-12-08,0.0873,GIS 7 mean,GIS 7 mean,-1.3138,0.1629,0.0366,0.0366,True,True,True,True,True,True,True
7,1997,2024,1997,28,1997_2024,-1.2981,-1.2349,0.4487,0.1709,0.3119,2036,4,1997-01-12,2024-12-08,0.0858,GIS 7 mean,GIS 7 mean,-1.3138,0.1629,0.0157,0.0157,True,True,True,True,True,True,True
7,1996,2024,1996,29,1996_2024,-1.3138,-1.2508,0.4363,0.1629,0.3302,2085,4,1996-01-26,2024-12-08,0.0818,GIS 7 mean,GIS 7 mean,-1.3138,0.1629,0.0,0.0,True,True,True,True,True,True,True
8,2020,2024,2020,5,2020_2024,1.4033,1.1871,0.7278,3.7486,0.0044,1223,8,2020-01-28,2024-12-08,1.3264,GIS 8 mean,GIS 8 mean,-0.3236,0.2101,1.7269,1.7269,False,False,False,False,False,False,True
8,2019,2024,2019,6,2019_2024,1.7844,1.7487,0.9372,2.759,0.0128,1355,8,2019-01-25,2024-12-08,0.9774,GIS 8 mean,GIS 8 mean,-0.3236,0.2101,2.108,2.108,False,False,False,False,False,False,True
8,2018,2024,2018,7,2018_2024,0.0148,-0.2302,0.7518,2.1148,0.0025,1495,8,2018-01-07,2024-12-08,0.7486,GIS 8 mean,GIS 8 mean,-0.3236,0.2101,0.3384,0.3384,False,False,False,True,True,True,True
8,2017,2024,2017,8,2017_2024,-0.0234,-0.6282,1.1725,1.6566,0.0091,1691,8,2017-01-19,2024-12-08,0.5873,GIS 8 mean,GIS 8 mean,-0.3236,0.2101,0.3002,0.3002,False,False,False,True,True,True,True
8,2016,2024,2016,9,2016_2024,1.4235,1.1548,0.661,1.3806,0.0228,1839,8,2016-01-02,2024-12-08,0.4892,GIS 8 mean,GIS 8 mean,-0.3236,0.2101,1.7471,1.7471,False,False,False,False,False,False,False
8,2015,2024,2015,10,2015_2024,1.9531,1.7658,0.4057,1.2536,0.041,1917,8,2015-02-07,2024-12-08,0.4439,GIS 8 mean,GIS 8 mean,-0.3236,0.2101,2.2767,2.2767,False,False,False,False,False,False,False
8,2014,2024,2014,11,2014_2024,2.3176,2.3984,0.2473,1.0534,0.07,2055,8,2014-01-03,2024-12-08,0.3729,GIS 8 mean,GIS 8 mean,-0.3236,0.2101,2.6412,2.6412,False,False,False,False,False,False,False
8,2013,2024,2013,12,2013_2024,2.3718,2.3662,0.1756,0.9247,0.087,2162,8,2013-02-01,2024-12-08,0.3273,GIS 8 mean,GIS 8 mean,-0.3236,0.2101,2.6954,2.6954,False,False,False,False,False,False,False
8,2012,2024,2012,13,2012_2024,2.1712,2.1552,0.2554,0.8583,0.0823,2225,8,2012-01-14,2024-12-08,0.3039,GIS 8 mean,GIS 8 mean,-0.3236,0.2101,2.4948,2.4948,False,False,False,False,False,False,False
8,2011,2024,2011,14,2011_2024,1.9053,1.9198,0.4479,0.7229,0.0841,2376,8,2011-01-03,2024-12-08,0.256,GIS 8 mean,GIS 8 mean,-0.3236,0.2101,2.2289,2.2289,False,False,False,False,False,False,False
8,2010,2024,2010,15,2010_2024,1.5732,1.5923,0.4275,0.6417,0.0706,2499,8,2010-02-01,2024-12-08,0.2273,GIS 8 mean,GIS 8 mean,-0.3236,0.2101,1.8968,1.8968,False,False,False,False,False,False,False
8,2009,2024,2009,16,2009_2024,1.4186,1.4288,0.4708,0.6106,0.0634,2553,8,2009-02-06,2024-12-08,0.2163,GIS 8 mean,GIS 8 mean,-0.3236,0.2101,1.7422,1.7422,False,False,False,False,False,False,False
8,2008,2024,2008,17,2008_2024,0.9719,1.0989,0.4217,0.5286,0.0405,2715,8,2008-01-27,2024-12-08,0.1872,GIS 8 mean,GIS 8 mean,-0.3236,0.2101,1.2955,1.2955,False,False,False,False,False,False,False
8,2007,2024,2007,18,2007_2024,0.7971,0.948,0.3977,0.4928,0.0318,2798,8,2007-01-24,2024-12-08,0.1745,GIS 8 mean,GIS 8 mean,-0.3236,0.2101,1.1207,1.1207,False,False,False,False,False,False,False
8,2006,2024,2006,19,2006_2024,0.6822,0.815,0.4106,0.4608,0.0279,2877,8,2006-02-06,2024-12-08,0.1632,GIS 8 mean,GIS 8 mean,-0.3236,0.2101,1.0058,1.0058,False,False,False,False,False,False,False
8,2005,2024,2005,20,2005_2024,0.6072,0.6756,0.3823,0.4258,0.026,2967,8,2005-01-19,2024-12-08,0.1507,GIS 8 mean,GIS 8 mean,-0.3236,0.2101,0.9308,0.9308,False,False,False,False,False,True,False
8,2004,2024,2004,21,2004_2024,0.3474,0.4163,0.3888,0.3826,0.0161,3113,8,2004-01-08,2024-12-08,0.1354,GIS 8 mean,GIS 8 mean,-0.3236,0.2101,0.671,0.671,False,False,False,False,False,True,False
8,2003,2024,2003,22,2003_2024,0.1837,0.2628,0.3849,0.3546,0.0121,3226,8,2003-01-05,2024-12-08,0.1255,GIS 8 mean,GIS 8 mean,-0.3236,0.2101,0.5073,0.5073,False,False,False,True,False,True,True
8,2002,2024,2002,23,2002_2024,-0.0506,0.0331,0.3501,0.3122,0.0109,3428,8,2002-01-10,2024-12-08,0.1105,GIS 8 mean,GIS 8 mean,-0.3236,0.2101,0.273,0.273,False,False,False,True,True,True,True
8,2001,2024,2001,24,2001_2024,-0.1518,-0.0672,0.3267,0.2783,0.014,3631,8,2001-01-31,2024-12-08,0.0985,GIS 8 mean,GIS 8 mean,-0.3236,0.2101,0.1718,0.1718,True,True,False,True,True,True,True
8,2000,2024,2000,25,2000_2024,-0.2342,-0.1487,0.3071,0.2481,0.0194,3861,8,2000-01-13,2024-12-08,0.0878,GIS 8 mean,GIS 8 mean,-0.3236,0.2101,0.0894,0.0894,True,True,False,True,True,True,True
8,1999,2024,1999,26,1999_2024,-0.242,-0.1554,0.3123,0.2318,0.0221,4013,8,1999-03-07,2024-12-08,0.0821,GIS 8 mean,GIS 8 mean,-0.3236,0.2101,0.0816,0.0816,True,True,False,True,True,True,True
8,1998,2024,1998,27,1998_2024,-0.2582,-0.1759,0.3001,0.2243,0.0234,4085,8,1998-01-31,2024-12-08,0.0794,GIS 8 mean,GIS 8 mean,-0.3236,0.2101,0.0654,0.0654,True,True,False,True,True,True,True
8,1997,2024,1997,28,1997_2024,-0.2817,-0.2004,0.3004,0.2202,0.0258,4125,8,1997-01-12,2024-12-08,0.0779,GIS 8 mean,GIS 8 mean,-0.3236,0.2101,0.0419,0.0419,True,True,True,True,True,True,True
8,1996,2024,1996,29,1996_2024,-0.3236,-0.248,0.2891,0.2101,0.0307,4221,8,1996-01-26,2024-12-08,0.0744,GIS 8 mean,GIS 8 mean,-0.3236,0.2101,0.0,0.0,True,True,True,True,True,True,True
9,2020,2024,2020,5,2020_2024,-2.2915,-2.1465,1.5507,2.9556,0.0276,1335,9,2020-01-28,2024-12-08,0.9989,GIS 9 mean,GIS 9 mean,0.1371,0.1876,-2.4286,2.4286,False,False,False,False,False,False,True
9,2019,2024,2019,6,2019_2024,0.948,1.1697,0.6317,2.1056,0.0056,1519,9,2019-01-25,2024-12-08,0.7116,GIS 9 mean,GIS 9 mean,0.1371,0.1876,0.8109,0.8109,False,False,False,False,False,True,True
9,2018,2024,2018,7,2018_2024,0.035,-0.0493,0.371,1.6699,0.0011,1665,9,2018-01-07,2024-12-08,0.5647,GIS 9 mean,GIS 9 mean,0.1371,0.1876,-0.1021,0.1021,True,True,False,True,True,True,True
9,2017,2024,2017,8,2017_2024,0.752,0.8397,0.6072,1.3768,0.0098,1817,9,2017-01-19,2024-12-08,0.4642,GIS 9 mean,GIS 9 mean,0.1371,0.1876,0.6149,0.6149,False,False,False,False,False,True,True
9,2016,2024,2016,9,2016_2024,2.3513,2.3956,0.5744,1.1566,0.0763,1965,9,2016-01-02,2024-12-08,0.3885,GIS 9 mean,GIS 9 mean,0.1371,0.1876,2.2142,2.2142,False,False,False,False,False,False,False
9,2015,2024,2015,10,2015_2024,2.7644,2.6407,0.4532,0.9727,0.1262,2107,9,2015-02-07,2024-12-08,0.3267,GIS 9 mean,GIS 9 mean,0.1371,0.1876,2.6273,2.6273,False,False,False,False,False,False,False
9,2014,2024,2014,11,2014_2024,3.1786,3.1175,0.2319,0.8283,0.1927,2257,9,2014-01-03,2024-12-08,0.2779,GIS 9 mean,GIS 9 mean,0.1371,0.1876,3.0415,3.0415,False,False,False,False,False,False,False
9,2013,2024,2013,12,2013_2024,3.2064,3.1974,0.1202,0.7215,0.2309,2390,9,2013-02-01,2024-12-08,0.2421,GIS 9 mean,GIS 9 mean,0.1371,0.1876,3.0693,3.0693,False,False,False,False,False,False,False
9,2012,2024,2012,13,2012_2024,3.0405,3.0259,0.1278,0.6717,0.2323,2461,9,2012-01-14,2024-12-08,0.2255,GIS 9 mean,GIS 9 mean,0.1371,0.1876,2.9034,2.9034,False,False,False,False,False,False,False
9,2011,2024,2011,14,2011_2024,2.8285,2.8063,0.131,0.5659,0.2564,2638,9,2011-01-03,2024-12-08,0.1901,GIS 9 mean,GIS 9 mean,0.1371,0.1876,2.6914,2.6914,False,False,False,False,False,False,False
9,2010,2024,2010,15,2010_2024,2.6427,2.6437,0.1707,0.5137,0.2592,2752,9,2010-02-01,2024-12-08,0.1725,GIS 9 mean,GIS 9 mean,0.1371,0.1876,2.5056,2.5056,False,False,False,False,False,False,False
9,2009,2024,2009,16,2009_2024,2.4566,2.4425,0.1397,0.4955,0.2414,2805,9,2009-02-06,2024-12-08,0.1664,GIS 9 mean,GIS 9 mean,0.1371,0.1876,2.3195,2.3195,False,False,False,False,False,False,False
9,2008,2024,2008,17,2008_2024,2.0315,2.051,0.169,0.4462,0.2045,2945,9,2008-01-27,2024-12-08,0.1496,GIS 9 mean,GIS 9 mean,0.1371,0.1876,1.8944,1.8944,False,False,False,False,False,False,False
9,2007,2024,2007,18,2007_2024,1.6562,1.6434,0.151,0.4227,0.156,3046,9,2007-01-24,2024-12-08,0.1416,GIS 9 mean,GIS 9 mean,0.1371,0.1876,1.5191,1.5191,False,False,False,False,False,False,False
9,2006,2024,2006,19,2006_2024,1.4229,1.4268,0.0963,0.394,0.1305,3148,9,2006-02-06,2024-12-08,0.132,GIS 9 mean,GIS 9 mean,0.1371,0.1876,1.2858,1.2858,False,False,False,False,False,False,False
9,2005,2024,2005,20,2005_2024,1.3109,1.3321,0.1114,0.3618,0.1279,3258,9,2005-01-19,2024-12-08,0.1211,GIS 9 mean,GIS 9 mean,0.1371,0.1876,1.1738,1.1738,False,False,False,False,False,False,False
9,2004,2024,2004,21,2004_2024,1.0461,1.1002,0.1371,0.3304,0.0981,3404,9,2004-01-08,2024-12-08,0.1105,GIS 9 mean,GIS 9 mean,0.1371,0.1876,0.909,0.909,False,False,False,False,False,True,False
9,2003,2024,2003,22,2003_2024,0.8896,0.8779,0.1294,0.308,0.0809,3521,9,2003-01-05,2024-12-08,0.1031,GIS 9 mean,GIS 9 mean,0.1371,0.1876,0.7525,0.7525,False,False,False,False,False,True,False
9,2002,2024,2002,23,2002_2024,0.6418,0.6504,0.1399,0.2728,0.054,3742,9,2002-01-10,2024-12-08,0.0913,GIS 9 mean,GIS 9 mean,0.1371,0.1876,0.5047,0.5047,False,False,False,True,False,True,False
9,2001,2024,2001,24,2001_2024,0.5139,0.4999,0.1681,0.2438,0.044,3967,9,2001-01-31,2024-12-08,0.0816,GIS 9 mean,GIS 9 mean,0.1371,0.1876,0.3768,0.3768,False,False,False,True,True,True,True
9,2000,2024,2000,25,2000_2024,0.332,0.2929,0.1742,0.2187,0.0253,4234,9,2000-01-13,2024-12-08,0.0732,GIS 9 mean,GIS 9 mean,0.1371,0.1876,0.1949,0.1949,False,True,False,True,True,True,True
9,1999,2024,1999,26,1999_2024,0.2792,0.2797,0.1509,0.205,0.0199,4405,9,1999-03-07,2024-12-08,0.0686,GIS 9 mean,GIS 9 mean,0.1371,0.1876,0.1421,0.1421,True,True,False,True,True,True,True
9,1998,2024,1998,27,1998_2024,0.234,0.2392,0.1332,0.1991,0.0149,4486,9,1998-01-31,2024-12-08,0.0666,GIS 9 mean,GIS 9 mean,0.1371,0.1876,0.0969,0.0969,True,True,False,True,True,True,True
9,1997,2024,1997,28,1997_2024,0.1982,0.2047,0.1237,0.196,0.0114,4531,9,1997-01-12,2024-12-08,0.0655,GIS 9 mean,GIS 9 mean,0.1371,0.1876,0.0611,0.0611,True,True,False,True,True,True,True
9,1996,2024,1996,29,1996_2024,0.1371,0.1399,0.1086,0.1876,0.0067,4639,9,1996-01-26,2024-12-08,0.0627,GIS 9 mean,GIS 9 mean,0.1371,0.1876,0.0,0.0,True,True,True,True,True,True,True
10,2020,2024,2020,5,2020_2024,-0.973,-0.8274,0.7674,2.3296,0.0068,1494,10,2020-01-28,2024-12-08,0.738,GIS 10 mean,GIS 10 mean,0.7143,0.1879,-1.6873,1.6873,False,False,False,False,False,False,True
10,2019,2024,2019,6,2019_2024,2.2206,2.5053,0.7953,1.7969,0.0387,1670,10,2019-01-25,2024-12-08,0.5685,GIS 10 mean,GIS 10 mean,0.7143,0.1879,1.5063,1.5063,False,False,False,False,False,False,True
10,2018,2024,2018,7,2018_2024,0.78,0.8918,0.6092,1.4253,0.0104,1842,10,2018-01-07,2024-12-08,0.4511,GIS 10 mean,GIS 10 mean,0.7143,0.1879,0.0657,0.0657,True,True,True,True,True,True,True
10,2017,2024,2017,8,2017_2024,1.9186,1.8995,0.3967,1.1329,0.0549,2048,10,2017-01-27,2024-12-08,0.3588,GIS 10 mean,GIS 10 mean,0.7143,0.1879,1.2043,1.2043,False,False,False,False,False,False,True
10,2016,2024,2016,9,2016_2024,3.2677,3.2458,0.3115,0.964,0.1706,2231,10,2016-01-02,2024-12-08,0.3055,GIS 10 mean,GIS 10 mean,0.7143,0.1879,2.5534,2.5534,False,False,False,False,False,False,False
10,2015,2024,2015,10,2015_2024,3.6946,3.732,0.3276,0.8797,0.233,2327,10,2015-02-07,2024-12-08,0.2791,GIS 10 mean,GIS 10 mean,0.7143,0.1879,2.9803,2.9803,False,False,False,False,False,False,False
10,2014,2024,2014,11,2014_2024,4.2435,4.3754,0.5198,0.7485,0.3378,2494,10,2014-01-03,2024-12-08,0.2373,GIS 10 mean,GIS 10 mean,0.7143,0.1879,3.5292,3.5292,False,False,False,False,False,False,False
10,2013,2024,2013,12,2013_2024,4.2341,4.3532,0.4616,0.6575,0.3831,2628,10,2013-02-01,2024-12-08,0.2085,GIS 10 mean,GIS 10 mean,0.7143,0.1879,3.5198,3.5198,False,False,False,False,False,False,False
10,2012,2024,2012,13,2012_2024,4.0996,4.282,0.4901,0.6088,0.396,2707,10,2012-01-14,2024-12-08,0.1929,GIS 10 mean,GIS 10 mean,0.7143,0.1879,3.3853,3.3853,False,False,False,False,False,False,False
10,2011,2024,2011,14,2011_2024,3.8736,4.0683,0.4067,0.5129,0.4341,2893,10,2011-01-03,2024-12-08,0.1624,GIS 10 mean,GIS 10 mean,0.7143,0.1879,3.1593,3.1593,False,False,False,False,False,False,False
10,2010,2024,2010,15,2010_2024,3.7241,3.8745,0.3369,0.4549,0.4607,3047,10,2010-02-01,2024-12-08,0.144,GIS 10 mean,GIS 10 mean,0.7143,0.1879,3.0098,3.0098,False,False,False,False,False,False,False
10,2009,2024,2009,16,2009_2024,3.5477,3.7454,0.3882,0.4351,0.4524,3115,10,2009-02-06,2024-12-08,0.1377,GIS 10 mean,GIS 10 mean,0.7143,0.1879,2.8334,2.8334,False,False,False,False,False,False,False
10,2008,2024,2008,17,2008_2024,2.9842,3.1699,0.3723,0.3939,0.4024,3301,10,2008-01-27,2024-12-08,0.1246,GIS 10 mean,GIS 10 mean,0.7143,0.1879,2.2699,2.2699,False,False,False,False,False,False,False
10,2007,2024,2007,18,2007_2024,2.6826,2.8624,0.3616,0.3787,0.3639,3396,10,2007-01-24,2024-12-08,0.1198,GIS 10 mean,GIS 10 mean,0.7143,0.1879,1.9683,1.9683,False,False,False,False,False,False,False
10,2006,2024,2006,19,2006_2024,2.3585,2.5186,0.3608,0.3632,0.3189,3501,10,2006-01-21,2024-12-08,0.1149,GIS 10 mean,GIS 10 mean,0.7143,0.1879,1.6442,1.6442,False,False,False,False,False,False,False
10,2005,2024,2005,20,2005_2024,2.1123,2.2321,0.2671,0.3421,0.2915,3613,10,2005-01-18,2024-12-08,0.1083,GIS 10 mean,GIS 10 mean,0.7143,0.1879,1.398,1.398,False,False,False,False,False,False,False
10,2004,2024,2004,21,2004_2024,1.7594,1.8705,0.2257,0.3176,0.2405,3784,10,2004-01-08,2024-12-08,0.1005,GIS 10 mean,GIS 10 mean,0.7143,0.1879,1.0451,1.0451,False,False,False,False,False,False,False
10,2003,2024,2003,22,2003_2024,1.5736,1.7112,0.2361,0.2985,0.2171,3910,10,2003-01-05,2024-12-08,0.0944,GIS 10 mean,GIS 10 mean,0.7143,0.1879,0.8593,0.8593,False,False,False,False,False,True,False
10,2002,2024,2002,23,2002_2024,1.2815,1.3974,0.2227,0.2649,0.18,4164,10,2002-01-10,2024-12-08,0.0838,GIS 10 mean,GIS 10 mean,0.7143,0.1879,0.5672,0.5672,False,False,False,False,False,True,False
10,2001,2024,2001,24,2001_2024,1.1527,1.2368,0.2127,0.2372,0.1731,4414,10,2001-01-31,2024-12-08,0.075,GIS 10 mean,GIS 10 mean,0.7143,0.1879,0.4384,0.4384,False,False,False,True,True,True,False
10,2000,2024,2000,25,2000_2024,0.9671,1.049,0.1772,0.214,0.1451,4703,10,2000-01-13,2024-12-08,0.0677,GIS 10 mean,GIS 10 mean,0.7143,0.1879,0.2528,0.2528,False,False,False,True,True,True,True
10,1999,2024,1999,26,1999_2024,0.945,1.0356,0.188,0.2004,0.151,4893,10,1999-03-07,2024-12-08,0.0634,GIS 10 mean,GIS 10 mean,0.7143,0.1879,0.2307,0.2307,False,True,False,True,True,True,True
10,1998,2024,1998,27,1998_2024,0.8786,0.9726,0.1975,0.1961,0.1372,4978,10,1998-01-31,2024-12-08,0.062,GIS 10 mean,GIS 10 mean,0.7143,0.1879,0.1643,0.1643,True,True,False,True,True,True,True
10,1997,2024,1997,28,1997_2024,0.8315,0.9226,0.1974,0.1942,0.1261,5023,10,1997-01-12,2024-12-08,0.0614,GIS 10 mean,GIS 10 mean,0.7143,0.1879,0.1172,0.1172,True,True,True,True,True,True,True
10,1996,2024,1996,29,1996_2024,0.7143,0.7976,0.1705,0.1879,0.1,5147,10,1996-01-26,2024-12-08,0.0594,GIS 10 mean,GIS 10 mean,0.7143,0.1879,0.0,0.0,True,True,True,True,True,True,True
11,2020,2024,2020,5,2020_2024,-0.1945,-0.0098,1.1167,2.1031,0.0077,1303,10,2020-01-28,2024-12-08,0.6664,GIS 11 mean,GIS 11 mean,0.7915,0.191,-0.986,0.986,False,False,False,False,False,True,True
11,2019,2024,2019,6,2019_2024,2.1216,2.1726,0.8267,1.4785,0.0569,1509,10,2019-01-25,2024-12-08,0.4687,GIS 11 mean,GIS 11 mean,0.7915,0.191,1.3301,1.3301,False,False,False,False,False,False,True
11,2018,2024,2018,7,2018_2024,0.925,0.8685,0.4481,1.2312,0.0155,1665,10,2018-02-07,2024-12-08,0.3907,GIS 11 mean,GIS 11 mean,0.7915,0.191,0.1335,0.1335,True,True,True,True,True,True,True
11,2017,2024,2017,8,2017_2024,2.842,2.7828,0.5211,0.9914,0.1514,1882,10,2017-01-27,2024-12-08,0.3141,GIS 11 mean,GIS 11 mean,0.7915,0.191,2.0505,2.0505,False,False,False,False,False,False,False
11,2016,2024,2016,9,2016_2024,4.0514,4.0876,0.3518,0.8688,0.297,2040,10,2016-01-02,2024-12-08,0.2752,GIS 11 mean,GIS 11 mean,0.7915,0.191,3.2599,3.2599,False,False,False,False,False,False,False
11,2015,2024,2015,10,2015_2024,4.4884,4.4816,0.2925,0.7501,0.3918,2184,10,2015-02-07,2024-12-08,0.2373,GIS 11 mean,GIS 11 mean,0.7915,0.191,3.6969,3.6969,False,False,False,False,False,False,False
11,2014,2024,2014,11,2014_2024,4.7358,4.6518,0.3029,0.6513,0.47,2333,10,2014-01-03,2024-12-08,0.206,GIS 11 mean,GIS 11 mean,0.7915,0.191,3.9443,3.9443,False,False,False,False,False,False,False
11,2013,2024,2013,12,2013_2024,4.7988,4.7645,0.3075,0.5723,0.5263,2469,10,2013-02-01,2024-12-08,0.181,GIS 11 mean,GIS 11 mean,0.7915,0.191,4.0073,4.0073,False,False,False,False,False,False,False
11,2012,2024,2012,13,2012_2024,4.6448,4.5879,0.3376,0.538,0.5342,2534,10,2012-01-14,2024-12-08,0.1702,GIS 11 mean,GIS 11 mean,0.7915,0.191,3.8533,3.8533,False,False,False,False,False,False,False
11,2011,2024,2011,14,2011_2024,4.2846,4.2918,0.219,0.4566,0.558,2723,10,2011-01-03,2024-12-08,0.1445,GIS 11 mean,GIS 11 mean,0.7915,0.191,3.4931,3.4931,False,False,False,False,False,False,False
11,2010,2024,2010,15,2010_2024,4.0478,4.0026,0.277,0.4199,0.5599,2845,10,2010-02-01,2024-12-08,0.1329,GIS 11 mean,GIS 11 mean,0.7915,0.191,3.2563,3.2563,False,False,False,False,False,False,False
11,2009,2024,2009,16,2009_2024,3.9529,3.9102,0.2724,0.4019,0.5649,2904,10,2009-01-21,2024-12-08,0.1273,GIS 11 mean,GIS 11 mean,0.7915,0.191,3.1614,3.1614,False,False,False,False,False,False,False
11,2008,2024,2008,17,2008_2024,3.5172,3.5023,0.1446,0.3727,0.5335,3047,10,2008-01-27,2024-12-08,0.1181,GIS 11 mean,GIS 11 mean,0.7915,0.191,2.7257,2.7257,False,False,False,False,False,False,False
11,2007,2024,2007,18,2007_2024,3.1306,3.0963,0.1686,0.3606,0.4831,3149,10,2007-01-24,2024-12-08,0.1142,GIS 11 mean,GIS 11 mean,0.7915,0.191,2.3391,2.3391,False,False,False,False,False,False,False
11,2006,2024,2006,19,2006_2024,2.7804,2.7962,0.1285,0.3434,0.4398,3264,10,2006-01-21,2024-12-08,0.1088,GIS 11 mean,GIS 11 mean,0.7915,0.191,1.9889,1.9889,False,False,False,False,False,False,False
11,2005,2024,2005,20,2005_2024,2.5093,2.5106,0.1194,0.3237,0.4097,3377,10,2005-01-18,2024-12-08,0.1025,GIS 11 mean,GIS 11 mean,0.7915,0.191,1.7178,1.7178,False,False,False,False,False,False,False
11,2004,2024,2004,21,2004_2024,2.2103,2.1991,0.0882,0.2974,0.3788,3539,10,2004-01-08,2024-12-08,0.0942,GIS 11 mean,GIS 11 mean,0.7915,0.191,1.4188,1.4188,False,False,False,False,False,False,False
11,2003,2024,2003,22,2003_2024,1.9545,1.9234,0.0923,0.2825,0.3374,3668,10,2003-01-05,2024-12-08,0.0895,GIS 11 mean,GIS 11 mean,0.7915,0.191,1.163,1.163,False,False,False,False,False,False,False
11,2002,2024,2002,23,2002_2024,1.5791,1.5625,0.0718,0.2602,0.27,3885,10,2002-01-10,2024-12-08,0.0824,GIS 11 mean,GIS 11 mean,0.7915,0.191,0.7876,0.7876,False,False,False,False,False,True,False
11,2001,2024,2001,24,2001_2024,1.3751,1.3622,0.0614,0.2331,0.247,4135,10,2001-01-31,2024-12-08,0.0738,GIS 11 mean,GIS 11 mean,0.7915,0.191,0.5836,0.5836,False,False,False,False,False,True,False
11,2000,2024,2000,25,2000_2024,1.1364,1.1408,0.0699,0.2123,0.2017,4415,10,2000-01-13,2024-12-08,0.0672,GIS 11 mean,GIS 11 mean,0.7915,0.191,0.3449,0.3449,False,False,False,True,True,True,True
11,1999,2024,1999,26,1999_2024,1.0753,1.0922,0.0891,0.1995,0.1973,4595,10,1999-03-07,2024-12-08,0.0631,GIS 11 mean,GIS 11 mean,0.7915,0.191,0.2838,0.2838,False,False,False,True,True,True,True
11,1998,2024,1998,27,1998_2024,1.0167,1.0236,0.0792,0.1946,0.1848,4679,10,1998-01-31,2024-12-08,0.0616,GIS 11 mean,GIS 11 mean,0.7915,0.191,0.2252,0.2252,False,True,False,True,True,True,True
11,1997,2024,1997,28,1997_2024,0.9625,0.9774,0.0889,0.1942,0.1685,4717,10,1997-01-12,2024-12-08,0.0615,GIS 11 mean,GIS 11 mean,0.7915,0.191,0.171,0.171,True,True,False,True,True,True,True
11,1996,2024,1996,29,1996_2024,0.7915,0.7798,0.0784,0.191,0.1213,4841,10,1996-01-26,2024-12-08,0.0605,GIS 11 mean,GIS 11 mean,0.7915,0.191,0.0,0.0,True,True,True,True,True,True,True
12,2020,2024,2020,5,2020_2024,-0.4603,-0.4318,0.5542,1.7737,0.0047,1359,10,2020-01-28,2024-12-08,0.5619,GIS 12 mean,GIS 12 mean,0.617,0.1871,-1.0773,1.0773,False,False,False,False,False,False,True
12,2019,2024,2019,6,2019_2024,1.8209,1.92,0.6454,1.3697,0.0492,1529,10,2019-01-25,2024-12-08,0.4335,GIS 12 mean,GIS 12 mean,0.617,0.1871,1.2039,1.2039,False,False,False,False,False,False,True
12,2018,2024,2018,7,2018_2024,1.3932,1.2269,1.0,1.0784,0.0544,1700,10,2018-02-07,2024-12-08,0.3415,GIS 12 mean,GIS 12 mean,0.617,0.1871,0.7762,0.7762,False,False,False,False,False,True,True
12,2017,2024,2017,8,2017_2024,4.0319,3.9246,0.4203,0.9314,0.2783,1939,10,2017-01-27,2024-12-08,0.295,GIS 12 mean,GIS 12 mean,0.617,0.1871,3.4149,3.4149,False,False,False,False,False,False,False
12,2016,2024,2016,9,2016_2024,4.5636,4.5367,0.2968,0.7803,0.3913,2107,10,2016-01-02,2024-12-08,0.2474,GIS 12 mean,GIS 12 mean,0.617,0.1871,3.9466,3.9466,False,False,False,False,False,False,False
12,2015,2024,2015,10,2015_2024,4.3674,4.3816,0.1224,0.7095,0.4052,2211,10,2015-02-07,2024-12-08,0.2254,GIS 12 mean,GIS 12 mean,0.617,0.1871,3.7504,3.7504,False,False,False,False,False,False,False
12,2014,2024,2014,11,2014_2024,4.487,4.457,0.1513,0.6074,0.476,2370,10,2014-01-03,2024-12-08,0.1928,GIS 12 mean,GIS 12 mean,0.617,0.1871,3.87,3.87,False,False,False,False,False,False,False
12,2013,2024,2013,12,2013_2024,4.4015,4.4501,0.2355,0.5386,0.5124,2501,10,2013-02-01,2024-12-08,0.1709,GIS 12 mean,GIS 12 mean,0.617,0.1871,3.7845,3.7845,False,False,False,False,False,False,False
12,2012,2024,2012,13,2012_2024,4.2468,4.3304,0.2351,0.503,0.5207,2577,10,2012-01-14,2024-12-08,0.1595,GIS 12 mean,GIS 12 mean,0.617,0.1871,3.6298,3.6298,False,False,False,False,False,False,False
12,2011,2024,2011,14,2011_2024,3.9226,4.0166,0.2543,0.4356,0.5353,2750,10,2011-01-03,2024-12-08,0.138,GIS 12 mean,GIS 12 mean,0.617,0.1871,3.3056,3.3056,False,False,False,False,False,False,False
12,2010,2024,2010,15,2010_2024,3.531,3.6543,0.2614,0.4013,0.5094,2901,10,2010-02-01,2024-12-08,0.127,GIS 12 mean,GIS 12 mean,0.617,0.1871,2.914,2.914,False,False,False,False,False,False,False
12,2009,2024,2009,16,2009_2024,3.4917,3.5921,0.2458,0.382,0.523,2963,10,2009-01-21,2024-12-08,0.1209,GIS 12 mean,GIS 12 mean,0.617,0.1871,2.8747,2.8747,False,False,False,False,False,False,False
12,2008,2024,2008,17,2008_2024,3.3619,3.399,0.1368,0.3334,0.5572,3150,10,2008-01-27,2024-12-08,0.1055,GIS 12 mean,GIS 12 mean,0.617,0.1871,2.7449,2.7449,False,False,False,False,False,False,False
12,2007,2024,2007,18,2007_2024,3.1543,3.1645,0.0863,0.3149,0.5458,3257,10,2007-01-24,2024-12-08,0.0997,GIS 12 mean,GIS 12 mean,0.617,0.1871,2.5373,2.5373,False,False,False,False,False,False,False
12,2006,2024,2006,19,2006_2024,2.8671,2.8561,0.0654,0.3065,0.5045,3356,10,2006-01-21,2024-12-08,0.0971,GIS 12 mean,GIS 12 mean,0.617,0.1871,2.2501,2.2501,False,False,False,False,False,False,False
12,2005,2024,2005,20,2005_2024,2.4618,2.4947,0.1362,0.3046,0.4228,3469,10,2005-01-18,2024-12-08,0.0964,GIS 12 mean,GIS 12 mean,0.617,0.1871,1.8448,1.8448,False,False,False,False,False,False,False
12,2004,2024,2004,21,2004_2024,1.9636,1.9472,0.162,0.2913,0.3258,3652,10,2004-01-08,2024-12-08,0.0922,GIS 12 mean,GIS 12 mean,0.617,0.1871,1.3466,1.3466,False,False,False,False,False,False,False
12,2003,2024,2003,22,2003_2024,1.7128,1.712,0.1502,0.2776,0.281,3785,10,2003-01-05,2024-12-08,0.0878,GIS 12 mean,GIS 12 mean,0.617,0.1871,1.0958,1.0958,False,False,False,False,False,False,False
12,2002,2024,2002,23,2002_2024,1.3647,1.3586,0.1356,0.2551,0.2173,4009,10,2002-01-10,2024-12-08,0.0807,GIS 12 mean,GIS 12 mean,0.617,0.1871,0.7477,0.7477,False,False,False,False,False,True,False
12,2001,2024,2001,24,2001_2024,1.1845,1.1586,0.1147,0.2302,0.1948,4255,10,2001-01-31,2024-12-08,0.0728,GIS 12 mean,GIS 12 mean,0.617,0.1871,0.5675,0.5675,False,False,False,False,False,True,False
12,2000,2024,2000,25,2000_2024,0.9603,0.9437,0.1011,0.2092,0.1531,4541,10,2000-01-13,2024-12-08,0.0662,GIS 12 mean,GIS 12 mean,0.617,0.1871,0.3433,0.3433,False,False,False,True,True,True,True
12,1999,2024,1999,26,1999_2024,0.8844,0.8656,0.0829,0.1972,0.1423,4721,10,1999-03-07,2024-12-08,0.0624,GIS 12 mean,GIS 12 mean,0.617,0.1871,0.2674,0.2674,False,False,False,True,True,True,True
12,1998,2024,1998,27,1998_2024,0.8257,0.7998,0.0824,0.1918,0.1304,4811,10,1998-01-31,2024-12-08,0.0607,GIS 12 mean,GIS 12 mean,0.617,0.1871,0.2087,0.2087,False,True,False,True,True,True,True
12,1997,2024,1997,28,1997_2024,0.7732,0.7517,0.0876,0.1903,0.117,4856,10,1997-01-12,2024-12-08,0.0602,GIS 12 mean,GIS 12 mean,0.617,0.1871,0.1562,0.1562,True,True,False,True,True,True,True
12,1996,2024,1996,29,1996_2024,0.617,0.5903,0.0845,0.1871,0.0788,4976,10,1996-01-26,2024-12-08,0.0592,GIS 12 mean,GIS 12 mean,0.617,0.1871,0.0,0.0,True,True,True,True,True,True,True
13,2020,2024,2020,5,2020_2024,2.3374,2.0376,2.1455,1.7602,0.079,1455,11,2020-01-28,2024-12-08,0.5309,GIS 13 mean,GIS 13 mean,0.564,0.1733,1.7734,1.7734,False,False,False,False,False,False,True
13,2019,2024,2019,6,2019_2024,3.9981,3.9946,1.4951,1.2297,0.2286,1680,11,2019-01-25,2024-12-08,0.3711,GIS 13 mean,GIS 13 mean,0.564,0.1733,3.4341,3.4341,False,False,False,False,False,False,False
13,2018,2024,2018,7,2018_2024,4.4365,4.8963,0.9843,0.9951,0.3216,1865,11,2018-02-07,2024-12-08,0.3004,GIS 13 mean,GIS 13 mean,0.564,0.1733,3.8725,3.8725,False,False,False,False,False,False,False
13,2017,2024,2017,8,2017_2024,5.3006,5.5734,0.5855,0.7965,0.4783,2096,11,2017-01-27,2024-12-08,0.2411,GIS 13 mean,GIS 13 mean,0.564,0.1733,4.7366,4.7366,False,False,False,False,False,False,False
13,2016,2024,2016,9,2016_2024,5.7076,5.8463,0.5446,0.6946,0.562,2249,11,2016-01-02,2024-12-08,0.21,GIS 13 mean,GIS 13 mean,0.564,0.1733,5.1436,5.1436,False,False,False,False,False,False,False
13,2015,2024,2015,10,2015_2024,5.1365,5.1446,0.6983,0.6174,0.5489,2402,11,2015-02-07,2024-12-08,0.1864,GIS 13 mean,GIS 13 mean,0.564,0.1733,4.5725,4.5725,False,False,False,False,False,False,False
13,2014,2024,2014,11,2014_2024,4.5754,4.4705,0.4686,0.5646,0.5232,2557,11,2014-01-03,2024-12-08,0.1703,GIS 13 mean,GIS 13 mean,0.564,0.1733,4.0114,4.0114,False,False,False,False,False,False,False
13,2013,2024,2013,12,2013_2024,4.2141,4.2259,0.3601,0.5096,0.5207,2699,11,2013-02-01,2024-12-08,0.1537,GIS 13 mean,GIS 13 mean,0.564,0.1733,3.6501,3.6501,False,False,False,False,False,False,False
13,2012,2024,2012,13,2012_2024,3.8606,3.8377,0.2231,0.484,0.4956,2787,11,2012-01-14,2024-12-08,0.146,GIS 13 mean,GIS 13 mean,0.564,0.1733,3.2966,3.2966,False,False,False,False,False,False,False
13,2011,2024,2011,14,2011_2024,3.2782,3.2591,0.1102,0.4311,0.4545,2990,11,2011-01-03,2024-12-08,0.1301,GIS 13 mean,GIS 13 mean,0.564,0.1733,2.7142,2.7142,False,False,False,False,False,False,False
13,2010,2024,2010,15,2010_2024,2.8283,2.8477,0.1355,0.4082,0.3973,3132,11,2010-02-01,2024-12-08,0.1232,GIS 13 mean,GIS 13 mean,0.564,0.1733,2.2643,2.2643,False,False,False,False,False,False,False
13,2009,2024,2009,16,2009_2024,2.7843,2.8069,0.1483,0.3864,0.4104,3203,11,2009-02-06,2024-12-08,0.1166,GIS 13 mean,GIS 13 mean,0.564,0.1733,2.2203,2.2203,False,False,False,False,False,False,False
13,2008,2024,2008,17,2008_2024,2.776,2.7631,0.1975,0.3415,0.4562,3369,11,2008-01-27,2024-12-08,0.103,GIS 13 mean,GIS 13 mean,0.564,0.1733,2.212,2.212,False,False,False,False,False,False,False
13,2007,2024,2007,18,2007_2024,2.7403,2.7439,0.156,0.317,0.4787,3482,11,2007-01-24,2024-12-08,0.0956,GIS 13 mean,GIS 13 mean,0.564,0.1733,2.1763,2.1763,False,False,False,False,False,False,False
13,2006,2024,2006,19,2006_2024,2.5783,2.6172,0.1225,0.2958,0.4735,3618,11,2006-01-21,2024-12-08,0.0892,GIS 13 mean,GIS 13 mean,0.564,0.1733,2.0143,2.0143,False,False,False,False,False,False,False
13,2005,2024,2005,20,2005_2024,2.2512,2.2388,0.1234,0.2896,0.4092,3740,11,2005-01-19,2024-12-08,0.0873,GIS 13 mean,GIS 13 mean,0.564,0.1733,1.6872,1.6872,False,False,False,False,False,False,False
13,2004,2024,2004,21,2004_2024,1.8027,1.7715,0.137,0.2792,0.3139,3918,11,2004-01-08,2024-12-08,0.0842,GIS 13 mean,GIS 13 mean,0.564,0.1733,1.2387,1.2387,False,False,False,False,False,False,False
13,2003,2024,2003,22,2003_2024,1.5358,1.5053,0.0883,0.2656,0.261,4072,11,2003-01-05,2024-12-08,0.0801,GIS 13 mean,GIS 13 mean,0.564,0.1733,0.9718,0.9718,False,False,False,False,False,True,False
13,2002,2024,2002,23,2002_2024,1.1809,1.163,0.0683,0.2434,0.1891,4330,11,2002-01-10,2024-12-08,0.0734,GIS 13 mean,GIS 13 mean,0.564,0.1733,0.6169,0.6169,False,False,False,False,False,True,False
13,2001,2024,2001,24,2001_2024,1.0364,1.0103,0.0677,0.218,0.1738,4605,11,2001-01-31,2024-12-08,0.0657,GIS 13 mean,GIS 13 mean,0.564,0.1733,0.4724,0.4724,False,False,False,True,True,True,False
13,2000,2024,2000,25,2000_2024,0.8824,0.8616,0.0809,0.1952,0.1514,4929,11,2000-01-13,2024-12-08,0.0589,GIS 13 mean,GIS 13 mean,0.564,0.1733,0.3184,0.3184,False,False,False,True,True,True,True
13,1999,2024,1999,26,1999_2024,0.7966,0.7877,0.0746,0.1843,0.1356,5127,11,1999-03-07,2024-12-08,0.0556,GIS 13 mean,GIS 13 mean,0.564,0.1733,0.2326,0.2326,False,True,False,True,True,True,True
13,1998,2024,1998,27,1998_2024,0.7345,0.7208,0.0763,0.1796,0.1213,5226,11,1998-01-31,2024-12-08,0.0542,GIS 13 mean,GIS 13 mean,0.564,0.1733,0.1705,0.1705,True,True,False,True,True,True,True
13,1997,2024,1997,28,1997_2024,0.6848,0.6766,0.0733,0.1778,0.1081,5281,11,1997-01-12,2024-12-08,0.0536,GIS 13 mean,GIS 13 mean,0.564,0.1733,0.1208,0.1208,True,True,False,True,True,True,True
13,1996,2024,1996,29,1996_2024,0.564,0.5372,0.085,0.1733,0.0788,5413,11,1996-01-26,2024-12-08,0.0523,GIS 13 mean,GIS 13 mean,0.564,0.1733,0.0,0.0,True,True,True,True,True,True,True
14,2020,2024,2020,5,2020_2024,8.7298,8.9062,1.5966,1.7346,0.4147,1393,10,2020-01-28,2024-12-08,0.5492,GIS 14 mean,GIS 14 mean,1.0569,0.1852,7.6729,7.6729,False,False,False,False,False,False,False
14,2019,2024,2019,6,2019_2024,7.8139,7.5014,1.1089,1.2767,0.4834,1558,10,2019-01-25,2024-12-08,0.404,GIS 14 mean,GIS 14 mean,1.0569,0.1852,6.757,6.757,False,False,False,False,False,False,False
14,2018,2024,2018,7,2018_2024,6.3365,5.8994,0.7653,1.0588,0.4492,1717,10,2018-02-07,2024-12-08,0.3351,GIS 14 mean,GIS 14 mean,1.0569,0.1852,5.2796,5.2796,False,False,False,False,False,False,False
14,2017,2024,2017,8,2017_2024,6.5313,6.3492,0.4578,0.8003,0.5747,1938,10,2017-01-27,2024-12-08,0.2537,GIS 14 mean,GIS 14 mean,1.0569,0.1852,5.4744,5.4744,False,False,False,False,False,False,False
14,2016,2024,2016,9,2016_2024,6.9756,6.9082,0.3844,0.6704,0.6689,2103,10,2016-01-02,2024-12-08,0.2123,GIS 14 mean,GIS 14 mean,1.0569,0.1852,5.9187,5.9187,False,False,False,False,False,False,False
14,2015,2024,2015,10,2015_2024,6.6624,6.6432,0.2192,0.6015,0.684,2222,10,2015-02-07,2024-12-08,0.1903,GIS 14 mean,GIS 14 mean,1.0569,0.1852,5.6055,5.6055,False,False,False,False,False,False,False
14,2014,2024,2014,11,2014_2024,5.6506,5.6644,0.3416,0.5663,0.6179,2405,10,2014-01-03,2024-12-08,0.1791,GIS 14 mean,GIS 14 mean,1.0569,0.1852,4.5937,4.5937,False,False,False,False,False,False,False
14,2013,2024,2013,12,2013_2024,5.1108,5.1014,0.234,0.521,0.5974,2538,10,2013-02-01,2024-12-08,0.1648,GIS 14 mean,GIS 14 mean,1.0569,0.1852,4.0539,4.0539,False,False,False,False,False,False,False
14,2012,2024,2012,13,2012_2024,4.7609,4.7495,0.3,0.5033,0.5722,2611,10,2012-01-14,2024-12-08,0.1592,GIS 14 mean,GIS 14 mean,1.0569,0.1852,3.704,3.704,False,False,False,False,False,False,False
14,2011,2024,2011,14,2011_2024,4.1274,4.1642,0.3284,0.4571,0.5324,2784,10,2011-01-03,2024-12-08,0.1445,GIS 14 mean,GIS 14 mean,1.0569,0.1852,3.0705,3.0705,False,False,False,False,False,False,False
14,2010,2024,2010,15,2010_2024,3.6033,3.5513,0.3925,0.43,0.4808,2932,10,2010-02-01,2024-12-08,0.136,GIS 14 mean,GIS 14 mean,1.0569,0.1852,2.5464,2.5464,False,False,False,False,False,False,False
14,2009,2024,2009,16,2009_2024,3.477,3.4158,0.3751,0.4144,0.4768,2987,10,2009-02-06,2024-12-08,0.1311,GIS 14 mean,GIS 14 mean,1.0569,0.1852,2.4201,2.4201,False,False,False,False,False,False,False
14,2008,2024,2008,17,2008_2024,3.0715,3.0181,0.2164,0.3695,0.459,3172,10,2008-01-27,2024-12-08,0.117,GIS 14 mean,GIS 14 mean,1.0569,0.1852,2.0146,2.0146,False,False,False,False,False,False,False
14,2007,2024,2007,18,2007_2024,2.8238,2.8063,0.096,0.3506,0.4365,3276,10,2007-01-24,2024-12-08,0.1111,GIS 14 mean,GIS 14 mean,1.0569,0.1852,1.7669,1.7669,False,False,False,False,False,False,False
14,2006,2024,2006,19,2006_2024,2.861,2.844,0.0927,0.3256,0.4713,3383,10,2006-02-06,2024-12-08,0.1031,GIS 14 mean,GIS 14 mean,1.0569,0.1852,1.8041,1.8041,False,False,False,False,False,False,False
14,2005,2024,2005,20,2005_2024,2.8643,2.8139,0.1967,0.3066,0.4929,3490,10,2005-02-11,2024-12-08,0.097,GIS 14 mean,GIS 14 mean,1.0569,0.1852,1.8074,1.8074,False,False,False,False,False,False,False
14,2004,2024,2004,21,2004_2024,2.3968,2.3053,0.1993,0.2903,0.4185,3673,10,2004-01-08,2024-12-08,0.0919,GIS 14 mean,GIS 14 mean,1.0569,0.1852,1.3399,1.3399,False,False,False,False,False,False,False
14,2003,2024,2003,22,2003_2024,2.0921,2.0133,0.2245,0.2797,0.362,3809,10,2003-01-05,2024-12-08,0.0885,GIS 14 mean,GIS 14 mean,1.0569,0.1852,1.0352,1.0352,False,False,False,False,False,False,False
14,2002,2024,2002,23,2002_2024,1.6446,1.6158,0.1673,0.2604,0.276,4047,10,2002-01-10,2024-12-08,0.0824,GIS 14 mean,GIS 14 mean,1.0569,0.1852,0.5877,0.5877,False,False,False,False,False,True,False
14,2001,2024,2001,24,2001_2024,1.4956,1.4818,0.1534,0.2344,0.2683,4287,10,2001-01-31,2024-12-08,0.0742,GIS 14 mean,GIS 14 mean,1.0569,0.1852,0.4387,0.4387,False,False,False,True,True,True,False
14,2000,2024,2000,25,2000_2024,1.3705,1.371,0.1299,0.2078,0.2679,4592,10,2000-01-13,2024-12-08,0.0658,GIS 14 mean,GIS 14 mean,1.0569,0.1852,0.3136,0.3136,False,False,False,True,True,True,True
14,1999,2024,1999,26,1999_2024,1.3151,1.3231,0.1469,0.195,0.2686,4776,10,1999-03-07,2024-12-08,0.0617,GIS 14 mean,GIS 14 mean,1.0569,0.1852,0.2582,0.2582,False,False,False,True,True,True,True
14,1998,2024,1998,27,1998_2024,1.2551,1.2692,0.1604,0.1899,0.2568,4866,10,1998-01-31,2024-12-08,0.0601,GIS 14 mean,GIS 14 mean,1.0569,0.1852,0.1982,0.1982,False,True,True,True,True,True,True
14,1997,2024,1997,28,1997_2024,1.1998,1.2126,0.162,0.1891,0.2398,4908,10,1997-01-12,2024-12-08,0.0599,GIS 14 mean,GIS 14 mean,1.0569,0.1852,0.1429,0.1429,True,True,True,True,True,True,True
14,1996,2024,1996,29,1996_2024,1.0569,1.0596,0.1437,0.1852,0.1994,5028,10,1996-01-26,2024-12-08,0.0586,GIS 14 mean,GIS 14 mean,1.0569,0.1852,0.0,0.0,True,True,True,True,True,True,True
15,2020,2024,2020,5,2020_2024,10.5875,10.6298,0.3359,1.846,0.4742,1448,10,2020-01-28,2024-12-08,0.5845,GIS 15 mean,GIS 15 mean,1.2523,0.1715,9.3352,9.3352,False,False,False,False,False,False,False
15,2019,2024,2019,6,2019_2024,9.1748,9.1325,0.2159,1.3066,0.5414,1650,10,2019-01-25,2024-12-08,0.4135,GIS 15 mean,GIS 15 mean,1.2523,0.1715,7.9225,7.9225,False,False,False,False,False,False,False
15,2018,2024,2018,7,2018_2024,7.186,7.1696,0.3457,1.1282,0.4662,1827,10,2018-02-07,2024-12-08,0.3569,GIS 15 mean,GIS 15 mean,1.2523,0.1715,5.9337,5.9337,False,False,False,False,False,False,False
15,2017,2024,2017,8,2017_2024,5.7885,5.6556,0.3328,0.9277,0.4275,2051,10,2017-01-27,2024-12-08,0.2938,GIS 15 mean,GIS 15 mean,1.2523,0.1715,4.5362,4.5362,False,False,False,False,False,False,False
15,2016,2024,2016,9,2016_2024,5.8832,5.8355,0.6095,0.7978,0.4903,2200,10,2016-01-02,2024-12-08,0.2526,GIS 15 mean,GIS 15 mean,1.2523,0.1715,4.6309,4.6309,False,False,False,False,False,False,False
15,2015,2024,2015,10,2015_2024,5.4793,5.3978,0.4516,0.7051,0.5025,2328,10,2015-02-07,2024-12-08,0.2231,GIS 15 mean,GIS 15 mean,1.2523,0.1715,4.227,4.227,False,False,False,False,False,False,False
15,2014,2024,2014,11,2014_2024,5.0065,5.0156,0.4712,0.6188,0.5056,2484,10,2014-01-03,2024-12-08,0.1958,GIS 15 mean,GIS 15 mean,1.2523,0.1715,3.7542,3.7542,False,False,False,False,False,False,False
15,2013,2024,2013,12,2013_2024,4.67,4.705,0.3913,0.556,0.5116,2616,10,2013-02-01,2024-12-08,0.1759,GIS 15 mean,GIS 15 mean,1.2523,0.1715,3.4177,3.4177,False,False,False,False,False,False,False
15,2012,2024,2012,13,2012_2024,4.3469,4.4205,0.461,0.5219,0.4987,2697,10,2012-01-14,2024-12-08,0.1651,GIS 15 mean,GIS 15 mean,1.2523,0.1715,3.0946,3.0946,False,False,False,False,False,False,False
15,2011,2024,2011,14,2011_2024,3.8843,4.0028,0.4364,0.4582,0.4898,2891,10,2011-01-03,2024-12-08,0.1449,GIS 15 mean,GIS 15 mean,1.2523,0.1715,2.632,2.632,False,False,False,False,False,False,False
15,2010,2024,2010,15,2010_2024,3.5853,3.7498,0.4383,0.4226,0.4782,3026,10,2010-02-01,2024-12-08,0.1337,GIS 15 mean,GIS 15 mean,1.2523,0.1715,2.333,2.333,False,False,False,False,False,False,False
15,2009,2024,2009,16,2009_2024,3.3671,3.5618,0.4752,0.4084,0.4576,3094,10,2009-02-06,2024-12-08,0.1292,GIS 15 mean,GIS 15 mean,1.2523,0.1715,2.1148,2.1148,False,False,False,False,False,False,False
15,2008,2024,2008,17,2008_2024,2.9158,3.0739,0.3655,0.3772,0.4154,3246,10,2008-01-27,2024-12-08,0.1194,GIS 15 mean,GIS 15 mean,1.2523,0.1715,1.6635,1.6635,False,False,False,False,False,False,False
15,2007,2024,2007,18,2007_2024,2.5296,2.5962,0.2931,0.3626,0.3594,3355,10,2007-01-24,2024-12-08,0.1148,GIS 15 mean,GIS 15 mean,1.2523,0.1715,1.2773,1.2773,False,False,False,False,False,False,False
15,2006,2024,2006,19,2006_2024,2.3346,2.3823,0.3883,0.3408,0.3418,3471,10,2006-02-06,2024-12-08,0.1078,GIS 15 mean,GIS 15 mean,1.2523,0.1715,1.0823,1.0823,False,False,False,False,False,False,False
15,2005,2024,2005,20,2005_2024,2.4345,2.4768,0.479,0.3215,0.3799,3562,10,2005-02-11,2024-12-08,0.1017,GIS 15 mean,GIS 15 mean,1.2523,0.1715,1.1822,1.1822,False,False,False,False,False,False,False
15,2004,2024,2004,21,2004_2024,2.2244,2.2886,0.388,0.2951,0.3688,3718,10,2004-01-08,2024-12-08,0.0934,GIS 15 mean,GIS 15 mean,1.2523,0.1715,0.9721,0.9721,False,False,False,False,False,True,False
15,2003,2024,2003,22,2003_2024,2.0002,2.0206,0.3374,0.2757,0.3429,3860,10,2003-01-05,2024-12-08,0.0873,GIS 15 mean,GIS 15 mean,1.2523,0.1715,0.7479,0.7479,False,False,False,False,False,True,False
15,2002,2024,2002,23,2002_2024,1.6993,1.7366,0.2185,0.2475,0.3072,4100,10,2002-01-10,2024-12-08,0.0785,GIS 15 mean,GIS 15 mean,1.2523,0.1715,0.447,0.447,False,False,False,True,True,True,False
15,2001,2024,2001,24,2001_2024,1.5697,1.6252,0.2057,0.2223,0.3073,4333,10,2001-01-31,2024-12-08,0.0705,GIS 15 mean,GIS 15 mean,1.2523,0.1715,0.3174,0.3174,False,False,False,True,True,True,True
15,2000,2024,2000,25,2000_2024,1.3976,1.4537,0.1766,0.1979,0.293,4641,10,2000-01-13,2024-12-08,0.0627,GIS 15 mean,GIS 15 mean,1.2523,0.1715,0.1453,0.1453,True,True,True,True,True,True,True
15,1999,2024,1999,26,1999_2024,1.4057,1.455,0.1333,0.1853,0.3156,4831,10,1999-03-07,2024-12-08,0.0587,GIS 15 mean,GIS 15 mean,1.2523,0.1715,0.1534,0.1534,True,True,True,True,True,True,True
15,1998,2024,1998,27,1998_2024,1.3964,1.4434,0.1185,0.1793,0.3234,4919,10,1998-01-31,2024-12-08,0.0568,GIS 15 mean,GIS 15 mean,1.2523,0.1715,0.1441,0.1441,True,True,True,True,True,True,True
15,1997,2024,1997,28,1997_2024,1.366,1.4106,0.1083,0.1771,0.3175,4961,10,1997-01-12,2024-12-08,0.0562,GIS 15 mean,GIS 15 mean,1.2523,0.1715,0.1137,0.1137,True,True,True,True,True,True,True
15,1996,2024,1996,29,1996_2024,1.2523,1.288,0.0777,0.1715,0.29,5089,10,1996-01-26,2024-12-08,0.0544,GIS 15 mean,GIS 15 mean,1.2523,0.1715,0.0,0.0,True,True,True,True,True,True,True
16,2020,2024,2020,5,2020_2024,10.7284,10.7099,0.3496,1.6611,0.5215,1516,10,2020-01-28,2024-12-08,0.5258,GIS 16 mean,GIS 16 mean,1.0334,0.1644,9.695,9.695,False,False,False,False,False,False,False
16,2019,2024,2019,6,2019_2024,9.5767,9.7151,0.4997,1.2702,0.5716,1684,10,2019-01-25,2024-12-08,0.4027,GIS 16 mean,GIS 16 mean,1.0334,0.1644,8.5433,8.5433,False,False,False,False,False,False,False
16,2018,2024,2018,7,2018_2024,8.4273,8.5263,0.344,1.0233,0.5903,1855,10,2018-02-07,2024-12-08,0.3246,GIS 16 mean,GIS 16 mean,1.0334,0.1644,7.3939,7.3939,False,False,False,False,False,False,False
16,2017,2024,2017,8,2017_2024,7.1527,7.2434,0.4408,0.8172,0.5906,2074,10,2017-01-27,2024-12-08,0.2587,GIS 16 mean,GIS 16 mean,1.0334,0.1644,6.1193,6.1193,False,False,False,False,False,False,False
16,2016,2024,2016,9,2016_2024,6.2513,6.2688,0.3502,0.7051,0.577,2250,10,2016-01-02,2024-12-08,0.2232,GIS 16 mean,GIS 16 mean,1.0334,0.1644,5.2179,5.2179,False,False,False,False,False,False,False
16,2015,2024,2015,10,2015_2024,5.8163,5.7844,0.1966,0.645,0.5729,2372,10,2015-02-07,2024-12-08,0.2042,GIS 16 mean,GIS 16 mean,1.0334,0.1644,4.7829,4.7829,False,False,False,False,False,False,False
16,2014,2024,2014,11,2014_2024,5.1524,5.1988,0.3433,0.5682,0.5555,2561,10,2014-01-03,2024-12-08,0.1798,GIS 16 mean,GIS 16 mean,1.0334,0.1644,4.119,4.119,False,False,False,False,False,False,False
16,2013,2024,2013,12,2013_2024,4.247,4.239,0.1606,0.5496,0.4628,2707,10,2013-02-01,2024-12-08,0.1738,GIS 16 mean,GIS 16 mean,1.0334,0.1644,3.2136,3.2136,False,False,False,False,False,False,False
16,2012,2024,2012,13,2012_2024,3.9495,3.9274,0.1655,0.5239,0.4435,2782,10,2012-01-14,2024-12-08,0.1657,GIS 16 mean,GIS 16 mean,1.0334,0.1644,2.9161,2.9161,False,False,False,False,False,False,False
16,2011,2024,2011,14,2011_2024,3.3006,3.2798,0.1245,0.4797,0.3848,2954,10,2011-01-03,2024-12-08,0.1518,GIS 16 mean,GIS 16 mean,1.0334,0.1644,2.2672,2.2672,False,False,False,False,False,False,False
16,2010,2024,2010,15,2010_2024,2.7562,2.7788,0.1325,0.4497,0.321,3104,10,2010-02-01,2024-12-08,0.1423,GIS 16 mean,GIS 16 mean,1.0334,0.1644,1.7228,1.7228,False,False,False,False,False,False,False
16,2009,2024,2009,16,2009_2024,2.5369,2.5328,0.1239,0.4387,0.2926,3160,10,2009-02-06,2024-12-08,0.1389,GIS 16 mean,GIS 16 mean,1.0334,0.1644,1.5035,1.5035,False,False,False,False,False,False,False
16,2008,2024,2008,17,2008_2024,2.1272,2.1734,0.1021,0.392,0.2566,3345,10,2008-01-27,2024-12-08,0.1242,GIS 16 mean,GIS 16 mean,1.0334,0.1644,1.0938,1.0938,False,False,False,False,False,False,False
16,2007,2024,2007,18,2007_2024,1.9245,1.9626,0.0961,0.367,0.2382,3451,10,2007-01-24,2024-12-08,0.1162,GIS 16 mean,GIS 16 mean,1.0334,0.1644,0.8911,0.8911,False,False,False,False,False,True,False
16,2006,2024,2006,19,2006_2024,1.7111,1.7006,0.1093,0.3469,0.2106,3555,10,2006-02-06,2024-12-08,0.1098,GIS 16 mean,GIS 16 mean,1.0334,0.1644,0.6777,0.6777,False,False,False,False,False,True,False
16,2005,2024,2005,20,2005_2024,1.6026,1.597,0.1674,0.3225,0.208,3675,10,2005-01-18,2024-12-08,0.102,GIS 16 mean,GIS 16 mean,1.0334,0.1644,0.5692,0.5692,False,False,False,False,False,True,False
16,2004,2024,2004,21,2004_2024,1.459,1.4592,0.1174,0.2926,0.2009,3855,10,2004-01-08,2024-12-08,0.0926,GIS 16 mean,GIS 16 mean,1.0334,0.1644,0.4256,0.4256,False,False,False,True,True,True,True
16,2003,2024,2003,22,2003_2024,1.3792,1.3754,0.1105,0.271,0.202,3990,10,2003-01-05,2024-12-08,0.0857,GIS 16 mean,GIS 16 mean,1.0334,0.1644,0.3458,0.3458,False,False,False,True,True,True,True
16,2002,2024,2002,23,2002_2024,1.2034,1.1986,0.0943,0.2398,0.1885,4234,10,2002-01-10,2024-12-08,0.0759,GIS 16 mean,GIS 16 mean,1.0334,0.1644,0.17,0.17,False,True,True,True,True,True,True
16,2001,2024,2001,24,2001_2024,1.0469,1.0501,0.0892,0.2163,0.1701,4479,10,2001-01-31,2024-12-08,0.0684,GIS 16 mean,GIS 16 mean,1.0334,0.1644,0.0135,0.0135,True,True,True,True,True,True,True
16,2000,2024,2000,25,2000_2024,0.9576,0.961,0.0615,0.1928,0.1681,4772,10,2000-01-13,2024-12-08,0.061,GIS 16 mean,GIS 16 mean,1.0334,0.1644,-0.0758,0.0758,True,True,True,True,True,True,True
16,1999,2024,1999,26,1999_2024,1.0269,1.0247,0.0587,0.1814,0.2013,4961,10,1999-03-07,2024-12-08,0.0574,GIS 16 mean,GIS 16 mean,1.0334,0.1644,-0.0065,0.0065,True,True,True,True,True,True,True
16,1998,2024,1998,27,1998_2024,1.0366,1.0281,0.0582,0.1759,0.2117,5044,10,1998-01-31,2024-12-08,0.0557,GIS 16 mean,GIS 16 mean,1.0334,0.1644,0.0032,0.0032,True,True,True,True,True,True,True
16,1997,2024,1997,28,1997_2024,1.0389,1.032,0.057,0.1725,0.2173,5094,10,1997-01-12,2024-12-08,0.0546,GIS 16 mean,GIS 16 mean,1.0334,0.1644,0.0055,0.0055,True,True,True,True,True,True,True
16,1996,2024,1996,29,1996_2024,1.0334,1.0341,0.0411,0.1644,0.2277,5217,10,1996-01-26,2024-12-08,0.052,GIS 16 mean,GIS 16 mean,1.0334,0.1644,0.0,0.0,True,True,True,True,True,True,True
17,2020,2024,2020,5,2020_2024,8.1008,8.3151,1.3411,1.7036,0.38,1478,10,2020-01-28,2024-12-08,0.5417,GIS 17 mean,GIS 17 mean,1.3076,0.1663,6.7932,6.7932,False,False,False,False,False,False,False
17,2019,2024,2019,6,2019_2024,7.6203,7.4108,0.6825,1.194,0.489,1679,10,2019-01-25,2024-12-08,0.3787,GIS 17 mean,GIS 17 mean,1.3076,0.1663,6.3127,6.3127,False,False,False,False,False,False,False
17,2018,2024,2018,7,2018_2024,7.3697,7.3828,0.242,0.9644,0.5525,1864,10,2018-02-07,2024-12-08,0.3054,GIS 17 mean,GIS 17 mean,1.3076,0.1663,6.0621,6.0621,False,False,False,False,False,False,False
17,2017,2024,2017,8,2017_2024,6.9919,7.0218,0.2985,0.7879,0.5971,2089,10,2017-01-27,2024-12-08,0.2497,GIS 17 mean,GIS 17 mean,1.3076,0.1663,5.6843,5.6843,False,False,False,False,False,False,False
17,2016,2024,2016,9,2016_2024,6.274,6.3703,0.3713,0.6957,0.5874,2237,10,2016-01-02,2024-12-08,0.2203,GIS 17 mean,GIS 17 mean,1.3076,0.1663,4.9664,4.9664,False,False,False,False,False,False,False
17,2015,2024,2015,10,2015_2024,5.6718,5.7211,0.2549,0.6468,0.5608,2354,10,2015-02-07,2024-12-08,0.2046,GIS 17 mean,GIS 17 mean,1.3076,0.1663,4.3642,4.3642,False,False,False,False,False,False,False
17,2014,2024,2014,11,2014_2024,4.9847,5.0661,0.3697,0.582,0.5322,2509,10,2014-01-03,2024-12-08,0.1841,GIS 17 mean,GIS 17 mean,1.3076,0.1663,3.6771,3.6771,False,False,False,False,False,False,False
17,2013,2024,2013,12,2013_2024,4.5017,4.439,0.1997,0.539,0.5076,2642,10,2013-02-01,2024-12-08,0.1706,GIS 17 mean,GIS 17 mean,1.3076,0.1663,3.1941,3.1941,False,False,False,False,False,False,False
17,2012,2024,2012,13,2012_2024,4.0733,4.0527,0.1473,0.5109,0.4767,2726,10,2012-01-14,2024-12-08,0.1616,GIS 17 mean,GIS 17 mean,1.3076,0.1663,2.7657,2.7657,False,False,False,False,False,False,False
17,2011,2024,2011,14,2011_2024,3.4218,3.4337,0.0901,0.4577,0.4291,2909,10,2011-01-03,2024-12-08,0.1449,GIS 17 mean,GIS 17 mean,1.3076,0.1663,2.1142,2.1142,False,False,False,False,False,False,False
17,2010,2024,2010,15,2010_2024,2.9811,2.9958,0.1336,0.4252,0.3875,3047,10,2010-02-01,2024-12-08,0.1347,GIS 17 mean,GIS 17 mean,1.3076,0.1663,1.6735,1.6735,False,False,False,False,False,False,False
17,2009,2024,2009,16,2009_2024,2.5982,2.5839,0.0988,0.4222,0.3222,3120,10,2009-02-06,2024-12-08,0.1337,GIS 17 mean,GIS 17 mean,1.3076,0.1663,1.2906,1.2906,False,False,False,False,False,False,False
17,2008,2024,2008,17,2008_2024,1.9304,1.9601,0.0964,0.4058,0.2124,3272,10,2008-01-27,2024-12-08,0.1285,GIS 17 mean,GIS 17 mean,1.3076,0.1663,0.6228,0.6228,False,False,False,False,False,True,False
17,2007,2024,2007,18,2007_2024,1.8609,1.855,0.0528,0.3757,0.2213,3376,10,2007-01-24,2024-12-08,0.1189,GIS 17 mean,GIS 17 mean,1.3076,0.1663,0.5533,0.5533,False,False,False,False,False,True,False
17,2006,2024,2006,19,2006_2024,1.9201,1.9356,0.0768,0.3412,0.2607,3508,10,2006-01-21,2024-12-08,0.108,GIS 17 mean,GIS 17 mean,1.3076,0.1663,0.6125,0.6125,False,False,False,False,False,True,False
17,2005,2024,2005,20,2005_2024,2.0985,2.0955,0.0894,0.3222,0.3139,3612,10,2005-01-18,2024-12-08,0.1019,GIS 17 mean,GIS 17 mean,1.3076,0.1663,0.7909,0.7909,False,False,False,False,False,True,False
17,2004,2024,2004,21,2004_2024,1.9434,1.9745,0.1134,0.2943,0.3103,3775,10,2004-01-08,2024-12-08,0.0931,GIS 17 mean,GIS 17 mean,1.3076,0.1663,0.6358,0.6358,False,False,False,False,False,True,False
17,2003,2024,2003,22,2003_2024,1.8718,1.9043,0.1211,0.2699,0.3235,3920,10,2003-01-05,2024-12-08,0.0854,GIS 17 mean,GIS 17 mean,1.3076,0.1663,0.5642,0.5642,False,False,False,False,False,True,False
17,2002,2024,2002,23,2002_2024,1.7026,1.7654,0.1605,0.2403,0.3208,4148,10,2002-01-10,2024-12-08,0.0761,GIS 17 mean,GIS 17 mean,1.3076,0.1663,0.395,0.395,False,False,False,True,True,True,True
17,2001,2024,2001,24,2001_2024,1.5077,1.5712,0.1928,0.2184,0.2983,4383,10,2001-01-31,2024-12-08,0.0691,GIS 17 mean,GIS 17 mean,1.3076,0.1663,0.2001,0.2001,False,True,True,True,True,True,True
17,2000,2024,2000,25,2000_2024,1.3654,1.4141,0.2005,0.1953,0.2901,4679,10,2000-01-13,2024-12-08,0.0618,GIS 17 mean,GIS 17 mean,1.3076,0.1663,0.0578,0.0578,True,True,True,True,True,True,True
17,1999,2024,1999,26,1999_2024,1.3326,1.3631,0.1708,0.1828,0.2988,4869,10,1999-03-07,2024-12-08,0.0579,GIS 17 mean,GIS 17 mean,1.3076,0.1663,0.025,0.025,True,True,True,True,True,True,True
17,1998,2024,1998,27,1998_2024,1.3004,1.3262,0.1538,0.1778,0.2964,4949,10,1998-03-04,2024-12-08,0.0563,GIS 17 mean,GIS 17 mean,1.3076,0.1663,-0.0072,0.0072,True,True,True,True,True,True,True
17,1997,2024,1997,28,1997_2024,1.3017,1.3284,0.155,0.175,0.3018,4989,10,1997-01-12,2024-12-08,0.0554,GIS 17 mean,GIS 17 mean,1.3076,0.1663,-0.0059,0.0059,True,True,True,True,True,True,True
17,1996,2024,1996,29,1996_2024,1.3076,1.3263,0.1341,0.1663,0.3202,5114,10,1996-01-26,2024-12-08,0.0526,GIS 17 mean,GIS 17 mean,1.3076,0.1663,0.0,0.0,True,True,True,True,True,True,True
18,2020,2024,2020,5,2020_2024,6.6734,6.2986,1.4248,1.854,0.2784,1449,10,2020-01-28,2024-12-08,0.5931,GIS 18 mean,GIS 18 mean,1.6778,0.1539,4.9956,4.9956,False,False,False,False,False,False,False
18,2019,2024,2019,6,2019_2024,8.2045,8.1184,0.3994,1.375,0.4688,1627,10,2019-01-25,2024-12-08,0.4392,GIS 18 mean,GIS 18 mean,1.6778,0.1539,6.5267,6.5267,False,False,False,False,False,False,False
18,2018,2024,2018,7,2018_2024,7.4888,7.5004,0.2947,1.0978,0.5083,1801,10,2018-01-07,2024-12-08,0.3501,GIS 18 mean,GIS 18 mean,1.6778,0.1539,5.811,5.811,False,False,False,False,False,False,False
18,2017,2024,2017,8,2017_2024,6.4014,6.335,0.2802,0.8732,0.5152,2018,10,2017-01-19,2024-12-08,0.2786,GIS 18 mean,GIS 18 mean,1.6778,0.1539,4.7236,4.7236,False,False,False,False,False,False,False
18,2016,2024,2016,9,2016_2024,5.4407,5.3734,0.2583,0.7529,0.4859,2192,10,2016-01-02,2024-12-08,0.2396,GIS 18 mean,GIS 18 mean,1.6778,0.1539,3.7629,3.7629,False,False,False,False,False,False,False
18,2015,2024,2015,10,2015_2024,4.5851,4.6763,0.2935,0.6904,0.4294,2330,10,2015-02-07,2024-12-08,0.2196,GIS 18 mean,GIS 18 mean,1.6778,0.1539,2.9073,2.9073,False,False,False,False,False,False,False
18,2014,2024,2014,11,2014_2024,4.3892,4.3899,0.1453,0.597,0.4597,2512,10,2014-01-03,2024-12-08,0.1897,GIS 18 mean,GIS 18 mean,1.6778,0.1539,2.7114,2.7114,False,False,False,False,False,False,False
18,2013,2024,2013,12,2013_2024,4.229,4.2487,0.1238,0.5245,0.4898,2666,10,2013-02-01,2024-12-08,0.1666,GIS 18 mean,GIS 18 mean,1.6778,0.1539,2.5512,2.5512,False,False,False,False,False,False,False
18,2012,2024,2012,13,2012_2024,3.9899,3.9646,0.1084,0.5002,0.477,2741,10,2012-01-14,2024-12-08,0.1587,GIS 18 mean,GIS 18 mean,1.6778,0.1539,2.3121,2.3121,False,False,False,False,False,False,False
18,2011,2024,2011,14,2011_2024,3.6824,3.6788,0.1919,0.442,0.4821,2915,10,2011-01-03,2024-12-08,0.1401,GIS 18 mean,GIS 18 mean,1.6778,0.1539,2.0046,2.0046,False,False,False,False,False,False,False
18,2010,2024,2010,15,2010_2024,3.371,3.3653,0.2696,0.4072,0.466,3058,10,2010-02-01,2024-12-08,0.1291,GIS 18 mean,GIS 18 mean,1.6778,0.1539,1.6932,1.6932,False,False,False,False,False,False,False
18,2009,2024,2009,16,2009_2024,3.1387,3.1828,0.3436,0.4017,0.4314,3115,10,2009-02-06,2024-12-08,0.1273,GIS 18 mean,GIS 18 mean,1.6778,0.1539,1.4609,1.4609,False,False,False,False,False,False,False
18,2008,2024,2008,17,2008_2024,2.6096,2.6402,0.3838,0.3725,0.3652,3287,10,2008-01-27,2024-12-08,0.118,GIS 18 mean,GIS 18 mean,1.6778,0.1539,0.9318,0.9318,False,False,False,False,False,True,False
18,2007,2024,2007,18,2007_2024,2.3098,2.2863,0.2656,0.3562,0.3243,3391,10,2007-01-24,2024-12-08,0.1129,GIS 18 mean,GIS 18 mean,1.6778,0.1539,0.632,0.632,False,False,False,False,False,True,False
18,2006,2024,2006,19,2006_2024,2.1567,2.1364,0.1543,0.3295,0.3217,3513,10,2006-01-21,2024-12-08,0.1044,GIS 18 mean,GIS 18 mean,1.6778,0.1539,0.4789,0.4789,False,False,False,False,True,True,True
18,2005,2024,2005,20,2005_2024,2.0848,2.1036,0.0956,0.3059,0.3326,3628,10,2005-01-19,2024-12-08,0.0969,GIS 18 mean,GIS 18 mean,1.6778,0.1539,0.407,0.407,False,False,False,True,True,True,True
18,2004,2024,2004,21,2004_2024,2.0862,2.0932,0.0773,0.2743,0.3719,3805,10,2004-01-08,2024-12-08,0.0869,GIS 18 mean,GIS 18 mean,1.6778,0.1539,0.4084,0.4084,False,False,False,True,True,True,True
18,2003,2024,2003,22,2003_2024,2.0276,2.0384,0.072,0.2543,0.3862,3937,10,2003-01-05,2024-12-08,0.0806,GIS 18 mean,GIS 18 mean,1.6778,0.1539,0.3498,0.3498,False,False,False,True,True,True,True
18,2002,2024,2002,23,2002_2024,1.9267,1.9176,0.1284,0.2229,0.4085,4192,10,2002-01-10,2024-12-08,0.0706,GIS 18 mean,GIS 18 mean,1.6778,0.1539,0.2489,0.2489,False,True,True,True,True,True,True
18,2001,2024,2001,24,2001_2024,1.8673,1.8596,0.1389,0.2016,0.4293,4416,10,2001-01-31,2024-12-08,0.0638,GIS 18 mean,GIS 18 mean,1.6778,0.1539,0.1895,0.1895,False,True,True,True,True,True,True
18,2000,2024,2000,25,2000_2024,1.7778,1.7682,0.0995,0.1801,0.4449,4716,10,2000-01-13,2024-12-08,0.057,GIS 18 mean,GIS 18 mean,1.6778,0.1539,0.1,0.1,True,True,True,True,True,True,True
18,1999,2024,1999,26,1999_2024,1.741,1.744,0.1091,0.1692,0.4557,4899,10,1999-03-07,2024-12-08,0.0536,GIS 18 mean,GIS 18 mean,1.6778,0.1539,0.0632,0.0632,True,True,True,True,True,True,True
18,1998,2024,1998,27,1998_2024,1.6955,1.7006,0.1134,0.165,0.4507,4983,10,1998-01-31,2024-12-08,0.0522,GIS 18 mean,GIS 18 mean,1.6778,0.1539,0.0177,0.0177,True,True,True,True,True,True,True
18,1997,2024,1997,28,1997_2024,1.6974,1.7026,0.1132,0.162,0.4579,5028,10,1997-01-12,2024-12-08,0.0513,GIS 18 mean,GIS 18 mean,1.6778,0.1539,0.0196,0.0196,True,True,True,True,True,True,True
18,1996,2024,1996,29,1996_2024,1.6778,1.677,0.1264,0.1539,0.471,5156,10,1996-01-26,2024-12-08,0.0487,GIS 18 mean,GIS 18 mean,1.6778,0.1539,0.0,0.0,True,True,True,True,True,True,True
19,2020,2024,2020,5,2020_2024,5.0694,5.219,0.4902,1.66,0.2047,1451,10,2020-01-28,2024-12-08,0.5256,GIS 19 mean,GIS 19 mean,1.8334,0.1415,3.236,3.236,False,False,False,False,False,False,False
19,2019,2024,2019,6,2019_2024,6.7756,6.7434,0.7163,1.2347,0.4197,1645,10,2019-01-25,2024-12-08,0.3913,GIS 19 mean,GIS 19 mean,1.8334,0.1415,4.9422,4.9422,False,False,False,False,False,False,False
19,2018,2024,2018,7,2018_2024,5.7416,5.4222,1.0136,1.0146,0.4051,1825,10,2018-01-07,2024-12-08,0.3212,GIS 19 mean,GIS 19 mean,1.8334,0.1415,3.9082,3.9082,False,False,False,False,False,False,False
19,2017,2024,2017,8,2017_2024,5.8272,5.9717,0.9325,0.8084,0.4932,2058,10,2017-01-19,2024-12-08,0.2561,GIS 19 mean,GIS 19 mean,1.8334,0.1415,3.9938,3.9938,False,False,False,False,False,False,False
19,2016,2024,2016,9,2016_2024,4.8688,5.0154,0.8133,0.7284,0.4383,2207,10,2016-01-02,2024-12-08,0.2309,GIS 19 mean,GIS 19 mean,1.8334,0.1415,3.0354,3.0354,False,False,False,False,False,False,False
19,2015,2024,2015,10,2015_2024,4.0675,4.1738,0.3026,0.6819,0.3753,2318,10,2015-02-07,2024-12-08,0.216,GIS 19 mean,GIS 19 mean,1.8334,0.1415,2.2341,2.2341,False,False,False,False,False,False,False
19,2014,2024,2014,11,2014_2024,3.6146,3.7062,0.4536,0.5975,0.3647,2473,10,2014-01-03,2024-12-08,0.1892,GIS 19 mean,GIS 19 mean,1.8334,0.1415,1.7812,1.7812,False,False,False,False,False,False,False
19,2013,2024,2013,12,2013_2024,3.4313,3.376,0.2872,0.5374,0.379,2604,10,2013-02-01,2024-12-08,0.1702,GIS 19 mean,GIS 19 mean,1.8334,0.1415,1.5979,1.5979,False,False,False,False,False,False,False
19,2012,2024,2012,13,2012_2024,3.402,3.3774,0.2342,0.4972,0.4047,2687,10,2012-01-14,2024-12-08,0.1574,GIS 19 mean,GIS 19 mean,1.8334,0.1415,1.5686,1.5686,False,False,False,False,False,False,False
19,2011,2024,2011,14,2011_2024,3.4265,3.4266,0.1454,0.4286,0.465,2872,10,2011-01-03,2024-12-08,0.1357,GIS 19 mean,GIS 19 mean,1.8334,0.1415,1.5931,1.5931,False,False,False,False,False,False,False
19,2010,2024,2010,15,2010_2024,3.3073,3.3278,0.0937,0.3867,0.4871,3012,10,2010-02-01,2024-12-08,0.1225,GIS 19 mean,GIS 19 mean,1.8334,0.1415,1.4739,1.4739,False,False,False,False,False,False,False
19,2009,2024,2009,16,2009_2024,3.2038,3.2054,0.0676,0.3671,0.4914,3087,10,2009-02-06,2024-12-08,0.1164,GIS 19 mean,GIS 19 mean,1.8334,0.1415,1.3704,1.3704,False,False,False,False,False,False,False
19,2008,2024,2008,17,2008_2024,2.9256,2.9389,0.049,0.3313,0.4858,3248,10,2008-01-27,2024-12-08,0.1053,GIS 19 mean,GIS 19 mean,1.8334,0.1415,1.0922,1.0922,False,False,False,False,False,False,False
19,2007,2024,2007,18,2007_2024,2.5816,2.6052,0.0774,0.319,0.4343,3358,10,2007-01-24,2024-12-08,0.1013,GIS 19 mean,GIS 19 mean,1.8334,0.1415,0.7482,0.7482,False,False,False,False,False,True,False
19,2006,2024,2006,19,2006_2024,2.3293,2.3648,0.1081,0.2976,0.4082,3491,10,2006-01-21,2024-12-08,0.0944,GIS 19 mean,GIS 19 mean,1.8334,0.1415,0.4959,0.4959,False,False,False,False,True,True,False
19,2005,2024,2005,20,2005_2024,2.1899,2.211,0.0926,0.2806,0.3989,3596,10,2005-01-18,2024-12-08,0.0889,GIS 19 mean,GIS 19 mean,1.8334,0.1415,0.3565,0.3565,False,False,True,True,True,True,True
19,2004,2024,2004,21,2004_2024,2.1223,2.1412,0.0963,0.2569,0.4168,3739,10,2004-01-08,2024-12-08,0.0814,GIS 19 mean,GIS 19 mean,1.8334,0.1415,0.2889,0.2889,False,False,True,True,True,True,True
19,2003,2024,2003,22,2003_2024,2.0391,2.0502,0.0718,0.2362,0.4286,3886,10,2003-01-05,2024-12-08,0.0749,GIS 19 mean,GIS 19 mean,1.8334,0.1415,0.2057,0.2057,False,True,True,True,True,True,True
19,2002,2024,2002,23,2002_2024,1.9823,1.982,0.0312,0.2056,0.4665,4146,10,2002-01-10,2024-12-08,0.0652,GIS 19 mean,GIS 19 mean,1.8334,0.1415,0.1489,0.1489,False,True,True,True,True,True,True
19,2001,2024,2001,24,2001_2024,1.972,1.972,0.0445,0.1841,0.5048,4383,10,2001-01-31,2024-12-08,0.0584,GIS 19 mean,GIS 19 mean,1.8334,0.1415,0.1386,0.1386,True,True,True,True,True,True,True
19,2000,2024,2000,25,2000_2024,1.8527,1.8394,0.0412,0.1657,0.5093,4683,10,2000-01-13,2024-12-08,0.0525,GIS 19 mean,GIS 19 mean,1.8334,0.1415,0.0193,0.0193,True,True,True,True,True,True,True
19,1999,2024,1999,26,1999_2024,1.845,1.8302,0.0403,0.1561,0.5277,4858,10,1999-03-07,2024-12-08,0.0495,GIS 19 mean,GIS 19 mean,1.8334,0.1415,0.0116,0.0116,True,True,True,True,True,True,True
19,1998,2024,1998,27,1998_2024,1.8156,1.8036,0.0435,0.1514,0.5302,4948,10,1998-01-31,2024-12-08,0.048,GIS 19 mean,GIS 19 mean,1.8334,0.1415,-0.0178,0.0178,True,True,True,True,True,True,True
19,1997,2024,1997,28,1997_2024,1.8163,1.8003,0.0446,0.1486,0.5374,4998,10,1997-01-12,2024-12-08,0.0471,GIS 19 mean,GIS 19 mean,1.8334,0.1415,-0.0171,0.0171,True,True,True,True,True,True,True
19,1996,2024,1996,29,1996_2024,1.8334,1.8203,0.0479,0.1415,0.5599,5119,10,1996-01-26,2024-12-08,0.0448,GIS 19 mean,GIS 19 mean,1.8334,0.1415,0.0,0.0,True,True,True,True,True,True,True
20,2020,2024,2020,5,2020_2024,2.2276,2.0894,1.0019,1.6733,0.0518,1470,10,2020-01-28,2024-12-08,0.5292,GIS 20 mean,GIS 20 mean,1.1972,0.1498,1.0304,1.0304,False,False,False,False,False,False,True
20,2019,2024,2019,6,2019_2024,3.9604,4.075,1.2001,1.2734,0.1878,1652,10,2019-01-25,2024-12-08,0.4031,GIS 20 mean,GIS 20 mean,1.1972,0.1498,2.7632,2.7632,False,False,False,False,False,False,False
20,2018,2024,2018,7,2018_2024,4.347,4.6675,1.1778,1.0311,0.2779,1819,10,2018-02-07,2024-12-08,0.3261,GIS 20 mean,GIS 20 mean,1.1972,0.1498,3.1498,3.1498,False,False,False,False,False,False,False
20,2017,2024,2017,8,2017_2024,3.633,3.7264,1.058,0.8129,0.28,2025,10,2017-01-19,2024-12-08,0.2571,GIS 20 mean,GIS 20 mean,1.1972,0.1498,2.4358,2.4358,False,False,False,False,False,False,False
20,2016,2024,2016,9,2016_2024,3.3768,3.4618,0.6686,0.6771,0.3069,2201,10,2016-01-02,2024-12-08,0.2142,GIS 20 mean,GIS 20 mean,1.1972,0.1498,2.1796,2.1796,False,False,False,False,False,False,False
20,2015,2024,2015,10,2015_2024,3.1305,3.1954,0.767,0.597,0.3128,2343,10,2015-02-07,2024-12-08,0.1889,GIS 20 mean,GIS 20 mean,1.1972,0.1498,1.9333,1.9333,False,False,False,False,False,False,False
20,2014,2024,2014,11,2014_2024,2.8898,3.0578,0.5697,0.5253,0.3189,2509,10,2014-01-03,2024-12-08,0.1662,GIS 20 mean,GIS 20 mean,1.1972,0.1498,1.6926,1.6926,False,False,False,False,False,False,False
20,2013,2024,2013,12,2013_2024,3.1321,3.2316,0.5004,0.4656,0.3968,2656,10,2013-02-01,2024-12-08,0.1473,GIS 20 mean,GIS 20 mean,1.1972,0.1498,1.9349,1.9349,False,False,False,False,False,False,False
20,2012,2024,2012,13,2012_2024,3.0651,3.1459,0.4263,0.4385,0.4093,2727,10,2012-01-14,2024-12-08,0.1388,GIS 20 mean,GIS 20 mean,1.1972,0.1498,1.8679,1.8679,False,False,False,False,False,False,False
20,2011,2024,2011,14,2011_2024,3.2991,3.39,0.3302,0.3826,0.4981,2901,10,2011-01-03,2024-12-08,0.1211,GIS 20 mean,GIS 20 mean,1.1972,0.1498,2.1019,2.1019,False,False,False,False,False,False,False
20,2010,2024,2010,15,2010_2024,3.2231,3.2884,0.3071,0.3488,0.5201,3047,10,2010-02-01,2024-12-08,0.1103,GIS 20 mean,GIS 20 mean,1.1972,0.1498,2.0259,2.0259,False,False,False,False,False,False,False
20,2009,2024,2009,16,2009_2024,3.1726,3.2614,0.3214,0.3353,0.5269,3102,10,2009-02-06,2024-12-08,0.1061,GIS 20 mean,GIS 20 mean,1.1972,0.1498,1.9754,1.9754,False,False,False,False,False,False,False
20,2008,2024,2008,17,2008_2024,2.8485,2.9366,0.3156,0.3074,0.5031,3272,10,2008-01-27,2024-12-08,0.0973,GIS 20 mean,GIS 20 mean,1.1972,0.1498,1.6513,1.6513,False,False,False,False,False,False,False
20,2007,2024,2007,18,2007_2024,2.5738,2.6633,0.3005,0.294,0.4664,3383,10,2007-01-24,2024-12-08,0.093,GIS 20 mean,GIS 20 mean,1.1972,0.1498,1.3766,1.3766,False,False,False,False,False,False,False
20,2006,2024,2006,19,2006_2024,2.403,2.4742,0.2526,0.275,0.4569,3506,10,2006-01-21,2024-12-08,0.087,GIS 20 mean,GIS 20 mean,1.1972,0.1498,1.2058,1.2058,False,False,False,False,False,False,False
20,2005,2024,2005,20,2005_2024,2.2103,2.2133,0.2056,0.2574,0.4396,3636,10,2005-01-18,2024-12-08,0.0815,GIS 20 mean,GIS 20 mean,1.1972,0.1498,1.0131,1.0131,False,False,False,False,False,False,False
20,2004,2024,2004,21,2004_2024,1.9706,1.92,0.2344,0.2403,0.4051,3807,10,2004-01-08,2024-12-08,0.076,GIS 20 mean,GIS 20 mean,1.1972,0.1498,0.7734,0.7734,False,False,False,False,False,True,False
20,2003,2024,2003,22,2003_2024,1.8246,1.7672,0.2375,0.2277,0.3865,3929,10,2003-01-05,2024-12-08,0.0721,GIS 20 mean,GIS 20 mean,1.1972,0.1498,0.6274,0.6274,False,False,False,False,False,True,False
20,2002,2024,2002,23,2002_2024,1.5452,1.5232,0.3206,0.2062,0.3403,4188,10,2002-01-10,2024-12-08,0.0652,GIS 20 mean,GIS 20 mean,1.1972,0.1498,0.348,0.348,False,False,False,True,True,True,True
20,2001,2024,2001,24,2001_2024,1.4128,1.4003,0.3819,0.1879,0.3298,4419,10,2001-01-31,2024-12-08,0.0595,GIS 20 mean,GIS 20 mean,1.1972,0.1498,0.2156,0.2156,False,True,True,True,True,True,True
20,2000,2024,2000,25,2000_2024,1.2238,1.2152,0.4349,0.172,0.2962,4716,10,2000-01-13,2024-12-08,0.0544,GIS 20 mean,GIS 20 mean,1.1972,0.1498,0.0266,0.0266,True,True,True,True,True,True,True
20,1999,2024,1999,26,1999_2024,1.2706,1.2813,0.4157,0.1635,0.324,4889,10,1999-03-07,2024-12-08,0.0517,GIS 20 mean,GIS 20 mean,1.1972,0.1498,0.0734,0.0734,True,True,True,True,True,True,True
20,1998,2024,1998,27,1998_2024,1.274,1.2852,0.4002,0.1583,0.3344,4979,10,1998-01-31,2024-12-08,0.0501,GIS 20 mean,GIS 20 mean,1.1972,0.1498,0.0768,0.0768,True,True,True,True,True,True,True
20,1997,2024,1997,28,1997_2024,1.2445,1.2552,0.3986,0.1557,0.3292,5031,10,1997-01-12,2024-12-08,0.0493,GIS 20 mean,GIS 20 mean,1.1972,0.1498,0.0473,0.0473,True,True,True,True,True,True,True
20,1996,2024,1996,29,1996_2024,1.1972,1.1875,0.4202,0.1498,0.3245,5152,10,1996-01-26,2024-12-08,0.0474,GIS 20 mean,GIS 20 mean,1.1972,0.1498,0.0,0.0,True,True,True,True,True,True,True
21,2020,2024,2020,5,2020_2024,0.4479,0.4786,0.668,1.7302,0.0051,1636,11,2020-01-28,2024-12-08,0.5224,GIS 21 mean,GIS 21 mean,-0.043,0.1482,0.4909,0.4909,False,False,False,False,True,True,True
21,2019,2024,2019,6,2019_2024,2.7426,2.8547,0.5509,1.2859,0.0947,1888,11,2019-01-25,2024-12-08,0.3887,GIS 21 mean,GIS 21 mean,-0.043,0.1482,2.7856,2.7856,False,False,False,False,False,False,False
21,2018,2024,2018,7,2018_2024,2.1846,2.1178,0.5618,1.0519,0.0834,2084,11,2018-02-07,2024-12-08,0.3178,GIS 21 mean,GIS 21 mean,-0.043,0.1482,2.2276,2.2276,False,False,False,False,False,False,False
21,2017,2024,2017,8,2017_2024,2.6906,2.9024,0.5233,0.8119,0.1655,2386,11,2017-01-19,2024-12-08,0.2451,GIS 21 mean,GIS 21 mean,-0.043,0.1482,2.7336,2.7336,False,False,False,False,False,False,False
21,2016,2024,2016,9,2016_2024,2.3317,2.4834,0.2626,0.6766,0.1632,2621,11,2016-01-02,2024-12-08,0.2042,GIS 21 mean,GIS 21 mean,-0.043,0.1482,2.3747,2.3747,False,False,False,False,False,False,False
21,2015,2024,2015,10,2015_2024,1.8768,1.9736,0.2788,0.5983,0.1317,2809,11,2015-02-07,2024-12-08,0.1808,GIS 21 mean,GIS 21 mean,-0.043,0.1482,1.9198,1.9198,False,False,False,False,False,False,False
21,2014,2024,2014,11,2014_2024,1.6321,1.6939,0.3218,0.5298,0.1227,3004,11,2014-01-12,2024-12-08,0.16,GIS 21 mean,GIS 21 mean,-0.043,0.1482,1.6751,1.6751,False,False,False,False,False,False,False
21,2013,2024,2013,12,2013_2024,1.6688,1.8473,0.4831,0.4733,0.1522,3188,11,2013-02-01,2024-12-08,0.1429,GIS 21 mean,GIS 21 mean,-0.043,0.1482,1.7118,1.7118,False,False,False,False,False,False,False
21,2012,2024,2012,13,2012_2024,1.5527,1.6213,0.5452,0.4418,0.1516,3288,11,2012-01-14,2024-12-08,0.1334,GIS 21 mean,GIS 21 mean,-0.043,0.1482,1.5957,1.5957,False,False,False,False,False,False,False
21,2011,2024,2011,14,2011_2024,1.7914,1.8998,0.5866,0.3912,0.2165,3474,11,2011-01-03,2024-12-08,0.1181,GIS 21 mean,GIS 21 mean,-0.043,0.1482,1.8344,1.8344,False,False,False,False,False,False,False
21,2010,2024,2010,15,2010_2024,1.6672,1.7552,0.7143,0.3545,0.2226,3646,11,2010-02-01,2024-12-08,0.107,GIS 21 mean,GIS 21 mean,-0.043,0.1482,1.7102,1.7102,False,False,False,False,False,False,False
21,2009,2024,2009,16,2009_2024,1.4229,1.4688,0.733,0.3477,0.1861,3723,11,2009-02-06,2024-12-08,0.105,GIS 21 mean,GIS 21 mean,-0.043,0.1482,1.4659,1.4659,False,False,False,False,False,False,False
21,2008,2024,2008,17,2008_2024,1.0356,0.9643,0.7263,0.3209,0.1338,3907,11,2008-01-27,2024-12-08,0.0968,GIS 21 mean,GIS 21 mean,-0.043,0.1482,1.0786,1.0786,False,False,False,False,False,False,False
21,2007,2024,2007,18,2007_2024,0.9322,0.9052,0.6914,0.2948,0.1299,4050,11,2007-01-09,2024-12-08,0.0889,GIS 21 mean,GIS 21 mean,-0.043,0.1482,0.9752,0.9752,False,False,False,False,False,True,False
21,2006,2024,2006,19,2006_2024,0.7669,0.6738,0.7101,0.267,0.1218,4258,11,2006-01-21,2024-12-08,0.0806,GIS 21 mean,GIS 21 mean,-0.043,0.1482,0.8099,0.8099,False,False,False,False,False,True,False
21,2005,2024,2005,20,2005_2024,0.7222,0.6599,0.7219,0.2498,0.1276,4402,11,2005-01-18,2024-12-08,0.0754,GIS 21 mean,GIS 21 mean,-0.043,0.1482,0.7652,0.7652,False,False,False,False,False,True,False
21,2004,2024,2004,21,2004_2024,0.6872,0.654,0.6486,0.2306,0.1251,4581,11,2004-01-08,2024-12-08,0.0696,GIS 21 mean,GIS 21 mean,-0.043,0.1482,0.7302,0.7302,False,False,False,False,False,True,False
21,2003,2024,2003,22,2003_2024,0.5289,0.5002,0.5929,0.2168,0.0982,4763,11,2003-01-05,2024-12-08,0.0654,GIS 21 mean,GIS 21 mean,-0.043,0.1482,0.5719,0.5719,False,False,False,False,False,True,False
21,2002,2024,2002,23,2002_2024,0.2275,0.2369,0.513,0.2005,0.0565,5050,11,2002-01-10,2024-12-08,0.0605,GIS 21 mean,GIS 21 mean,-0.043,0.1482,0.2705,0.2705,False,False,False,True,True,True,True
21,2001,2024,2001,24,2001_2024,0.0982,0.0607,0.4476,0.186,0.0426,5284,11,2001-01-31,2024-12-08,0.0561,GIS 21 mean,GIS 21 mean,-0.043,0.1482,0.1412,0.1412,True,True,False,True,True,True,True
21,2000,2024,2000,25,2000_2024,-0.0863,-0.1598,0.3429,0.1715,0.0295,5605,11,2000-01-13,2024-12-08,0.0517,GIS 21 mean,GIS 21 mean,-0.043,0.1482,-0.0433,0.0433,True,True,False,True,True,True,True
21,1999,2024,1999,26,1999_2024,-0.058,-0.1531,0.3377,0.1639,0.0292,5780,11,1999-03-07,2024-12-08,0.0495,GIS 21 mean,GIS 21 mean,-0.043,0.1482,-0.015,0.015,True,True,False,True,True,True,True
21,1998,2024,1998,27,1998_2024,-0.0332,-0.1196,0.3442,0.159,0.0308,5879,11,1998-01-31,2024-12-08,0.048,GIS 21 mean,GIS 21 mean,-0.043,0.1482,0.0098,0.0098,True,True,False,True,True,True,True
21,1997,2024,1997,28,1997_2024,-0.0583,-0.1412,0.3396,0.1552,0.0318,5956,11,1997-01-12,2024-12-08,0.0468,GIS 21 mean,GIS 21 mean,-0.043,0.1482,-0.0153,0.0153,True,True,False,True,True,True,True
21,1996,2024,1996,29,1996_2024,-0.043,-0.1069,0.3133,0.1482,0.0287,6096,11,1996-02-11,2024-12-08,0.0447,GIS 21 mean,GIS 21 mean,-0.043,0.1482,0.0,0.0,True,True,True,True,True,True,True
22,2020,2024,2020,5,2020_2024,0.5518,0.6845,0.7388,2.0687,0.0053,1476,10,2020-01-28,2024-12-08,0.6555,GIS 22 mean,GIS 22 mean,-0.8427,0.1426,1.3945,1.3945,False,False,False,False,False,False,True
22,2019,2024,2019,6,2019_2024,2.6495,2.643,0.1817,1.5026,0.0677,1698,10,2019-01-25,2024-12-08,0.4757,GIS 22 mean,GIS 22 mean,-0.8427,0.1426,3.4922,3.4922,False,False,False,False,False,False,False
22,2018,2024,2018,7,2018_2024,3.1005,3.01,0.5838,1.1815,0.126,1896,10,2018-02-07,2024-12-08,0.3741,GIS 22 mean,GIS 22 mean,-0.8427,0.1426,3.9432,3.9432,False,False,False,False,False,False,False
22,2017,2024,2017,8,2017_2024,2.5018,2.5263,0.5994,0.9228,0.1222,2130,10,2017-01-19,2024-12-08,0.2924,GIS 22 mean,GIS 22 mean,-0.8427,0.1426,3.3445,3.3445,False,False,False,False,False,False,False
22,2016,2024,2016,9,2016_2024,2.172,2.1781,0.53,0.7511,0.1234,2357,10,2016-01-02,2024-12-08,0.2381,GIS 22 mean,GIS 22 mean,-0.8427,0.1426,3.0147,3.0147,False,False,False,False,False,False,False
22,2015,2024,2015,10,2015_2024,1.305,1.3466,0.3393,0.657,0.0583,2575,10,2015-02-07,2024-12-08,0.208,GIS 22 mean,GIS 22 mean,-0.8427,0.1426,2.1477,2.1477,False,False,False,False,False,False,False
22,2014,2024,2014,11,2014_2024,0.9273,0.889,0.248,0.5845,0.0364,2746,10,2014-01-12,2024-12-08,0.1852,GIS 22 mean,GIS 22 mean,-0.8427,0.1426,1.77,1.77,False,False,False,False,False,False,False
22,2013,2024,2013,12,2013_2024,0.588,0.5652,0.2558,0.5208,0.0193,2919,10,2013-02-01,2024-12-08,0.1649,GIS 22 mean,GIS 22 mean,-0.8427,0.1426,1.4307,1.4307,False,False,False,False,False,False,False
22,2012,2024,2012,13,2012_2024,0.3003,0.2414,0.1672,0.4998,0.0061,3001,10,2012-01-14,2024-12-08,0.1583,GIS 22 mean,GIS 22 mean,-0.8427,0.1426,1.143,1.143,False,False,False,False,False,False,False
22,2011,2024,2011,14,2011_2024,0.1671,0.158,0.2512,0.4446,0.0059,3163,10,2011-01-03,2024-12-08,0.1408,GIS 22 mean,GIS 22 mean,-0.8427,0.1426,1.0098,1.0098,False,False,False,False,False,False,False
22,2010,2024,2010,15,2010_2024,-0.0262,-0.0219,0.1733,0.4072,0.002,3306,10,2010-02-01,2024-12-08,0.129,GIS 22 mean,GIS 22 mean,-0.8427,0.1426,0.8165,0.8165,False,False,False,False,False,True,False
22,2009,2024,2009,16,2009_2024,-0.2077,-0.2017,0.1383,0.3997,0.0042,3358,10,2009-02-06,2024-12-08,0.1265,GIS 22 mean,GIS 22 mean,-0.8427,0.1426,0.635,0.635,False,False,False,False,False,True,False
22,2008,2024,2008,17,2008_2024,-0.3876,-0.3614,0.1343,0.3596,0.0136,3520,10,2008-01-27,2024-12-08,0.1139,GIS 22 mean,GIS 22 mean,-0.8427,0.1426,0.4551,0.4551,False,False,False,False,True,True,True
22,2007,2024,2007,18,2007_2024,-0.5446,-0.5096,0.1329,0.3292,0.029,3653,10,2007-01-09,2024-12-08,0.1042,GIS 22 mean,GIS 22 mean,-0.8427,0.1426,0.2981,0.2981,False,False,False,True,True,True,True
22,2006,2024,2006,19,2006_2024,-0.6056,-0.5404,0.1407,0.2938,0.0419,3851,10,2006-01-21,2024-12-08,0.093,GIS 22 mean,GIS 22 mean,-0.8427,0.1426,0.2371,0.2371,False,True,False,True,True,True,True
22,2005,2024,2005,20,2005_2024,-0.5943,-0.5402,0.1313,0.2674,0.0463,4021,10,2005-01-18,2024-12-08,0.0847,GIS 22 mean,GIS 22 mean,-0.8427,0.1426,0.2484,0.2484,False,True,False,True,True,True,True
22,2004,2024,2004,21,2004_2024,-0.6802,-0.6162,0.1758,0.2454,0.0677,4192,10,2004-01-08,2024-12-08,0.0777,GIS 22 mean,GIS 22 mean,-0.8427,0.1426,0.1625,0.1625,False,True,True,True,True,True,True
22,2003,2024,2003,22,2003_2024,-0.7399,-0.6683,0.1818,0.2292,0.0869,4329,10,2003-01-05,2024-12-08,0.0725,GIS 22 mean,GIS 22 mean,-0.8427,0.1426,0.1028,0.1028,True,True,True,True,True,True,True
22,2002,2024,2002,23,2002_2024,-0.8843,-0.8096,0.1743,0.2038,0.1376,4597,10,2002-01-10,2024-12-08,0.0645,GIS 22 mean,GIS 22 mean,-0.8427,0.1426,-0.0416,0.0416,True,True,True,True,True,True,True
22,2001,2024,2001,24,2001_2024,-0.9001,-0.836,0.1722,0.1867,0.1582,4808,10,2001-02-08,2024-12-08,0.0591,GIS 22 mean,GIS 22 mean,-0.8427,0.1426,-0.0574,0.0574,True,True,True,True,True,True,True
22,2000,2024,2000,25,2000_2024,-0.8684,-0.7907,0.1943,0.1667,0.1714,5098,10,2000-01-13,2024-12-08,0.0528,GIS 22 mean,GIS 22 mean,-0.8427,0.1426,-0.0257,0.0257,True,True,True,True,True,True,True
22,1999,2024,1999,26,1999_2024,-0.8531,-0.7714,0.2221,0.1575,0.178,5282,10,1999-03-07,2024-12-08,0.0498,GIS 22 mean,GIS 22 mean,-0.8427,0.1426,-0.0104,0.0104,True,True,True,True,True,True,True
22,1998,2024,1998,27,1998_2024,-0.8512,-0.7735,0.2196,0.1526,0.184,5372,10,1998-01-31,2024-12-08,0.0483,GIS 22 mean,GIS 22 mean,-0.8427,0.1426,-0.0085,0.0085,True,True,True,True,True,True,True
22,1997,2024,1997,28,1997_2024,-0.8745,-0.7992,0.2202,0.1494,0.1966,5433,10,1997-01-12,2024-12-08,0.0473,GIS 22 mean,GIS 22 mean,-0.8427,0.1426,-0.0318,0.0318,True,True,True,True,True,True,True
22,1996,2024,1996,29,1996_2024,-0.8427,-0.7746,0.2219,0.1426,0.196,5563,10,1996-02-11,2024-12-08,0.0451,GIS 22 mean,GIS 22 mean,-0.8427,0.1426,0.0,0.0,True,True,True,True,True,True,True
23,2020,2024,2020,5,2020_2024,2.6989,3.523,2.2573,2.0186,0.0672,1523,10,2020-01-28,2024-12-08,0.6389,GIS 23 mean,GIS 23 mean,-1.8632,0.165,4.5621,4.5621,False,False,False,False,False,False,False
23,2019,2024,2019,6,2019_2024,4.7869,5.0344,1.6471,1.4684,0.1975,1752,10,2019-01-10,2024-12-08,0.4646,GIS 23 mean,GIS 23 mean,-1.8632,0.165,6.6501,6.6501,False,False,False,False,False,False,False
23,2018,2024,2018,7,2018_2024,5.2274,5.0864,0.897,1.1788,0.2853,1935,10,2018-02-07,2024-12-08,0.373,GIS 23 mean,GIS 23 mean,-1.8632,0.165,7.0906,7.0906,False,False,False,False,False,False,False
23,2017,2024,2017,8,2017_2024,4.5571,4.4576,0.4538,0.867,0.3267,2232,10,2017-01-19,2024-12-08,0.2744,GIS 23 mean,GIS 23 mean,-1.8632,0.165,6.4203,6.4203,False,False,False,False,False,False,False
23,2016,2024,2016,9,2016_2024,3.7836,3.5694,0.4483,0.7419,0.2939,2447,10,2016-01-02,2024-12-08,0.2349,GIS 23 mean,GIS 23 mean,-1.8632,0.165,5.6468,5.6468,False,False,False,False,False,False,False
23,2015,2024,2015,10,2015_2024,2.9968,3.0284,0.4654,0.683,0.2248,2609,10,2015-02-07,2024-12-08,0.2161,GIS 23 mean,GIS 23 mean,-1.8632,0.165,4.86,4.86,False,False,False,False,False,False,False
23,2014,2024,2014,11,2014_2024,1.6702,1.6834,0.1773,0.6648,0.0816,2791,10,2014-01-12,2024-12-08,0.2103,GIS 23 mean,GIS 23 mean,-1.8632,0.165,3.5334,3.5334,False,False,False,False,False,False,False
23,2013,2024,2013,12,2013_2024,1.0498,1.1144,0.1824,0.5991,0.0399,2963,10,2013-02-01,2024-12-08,0.1895,GIS 23 mean,GIS 23 mean,-1.8632,0.165,2.913,2.913,False,False,False,False,False,False,False
23,2012,2024,2012,13,2012_2024,0.5729,0.5867,0.1416,0.5726,0.0131,3059,10,2012-01-14,2024-12-08,0.1811,GIS 23 mean,GIS 23 mean,-1.8632,0.165,2.4361,2.4361,False,False,False,False,False,False,False
23,2011,2024,2011,14,2011_2024,-0.2434,-0.2612,0.1463,0.5245,0.0035,3250,10,2011-01-03,2024-12-08,0.166,GIS 23 mean,GIS 23 mean,-1.8632,0.165,1.6198,1.6198,False,False,False,False,False,False,False
23,2010,2024,2010,15,2010_2024,-0.5824,-0.5748,0.2174,0.4717,0.0187,3427,10,2010-02-01,2024-12-08,0.1492,GIS 23 mean,GIS 23 mean,-1.8632,0.165,1.2808,1.2808,False,False,False,False,False,False,False
23,2009,2024,2009,16,2009_2024,-0.7279,-0.7337,0.1753,0.4472,0.0297,3517,10,2009-01-21,2024-12-08,0.1415,GIS 23 mean,GIS 23 mean,-1.8632,0.165,1.1353,1.1353,False,False,False,False,False,False,False
23,2008,2024,2008,17,2008_2024,-1.1231,-1.2001,0.259,0.3994,0.0782,3720,10,2008-01-27,2024-12-08,0.1264,GIS 23 mean,GIS 23 mean,-1.8632,0.165,0.7401,0.7401,False,False,False,False,False,True,False
23,2007,2024,2007,18,2007_2024,-1.2397,-1.3182,0.2707,0.3688,0.1036,3854,10,2007-01-09,2024-12-08,0.1167,GIS 23 mean,GIS 23 mean,-1.8632,0.165,0.6235,0.6235,False,False,False,False,False,True,False
23,2006,2024,2006,19,2006_2024,-1.3926,-1.474,0.2757,0.3317,0.1449,4053,10,2006-01-21,2024-12-08,0.105,GIS 23 mean,GIS 23 mean,-1.8632,0.165,0.4706,0.4706,False,False,False,True,True,True,True
23,2005,2024,2005,20,2005_2024,-1.4494,-1.5515,0.3183,0.3112,0.1682,4170,10,2005-01-18,2024-12-08,0.0985,GIS 23 mean,GIS 23 mean,-1.8632,0.165,0.4138,0.4138,False,False,False,True,True,True,True
23,2004,2024,2004,21,2004_2024,-1.6299,-1.7532,0.3424,0.2892,0.2204,4324,10,2004-01-08,2024-12-08,0.0915,GIS 23 mean,GIS 23 mean,-1.8632,0.165,0.2333,0.2333,False,True,True,True,True,True,True
23,2003,2024,2003,22,2003_2024,-1.7283,-1.8456,0.3447,0.265,0.2654,4507,10,2003-01-05,2024-12-08,0.0839,GIS 23 mean,GIS 23 mean,-1.8632,0.165,0.1349,0.1349,True,True,True,True,True,True,True
23,2002,2024,2002,23,2002_2024,-1.893,-1.9675,0.3465,0.236,0.3392,4775,10,2002-01-10,2024-12-08,0.0747,GIS 23 mean,GIS 23 mean,-1.8632,0.165,-0.0298,0.0298,True,True,True,True,True,True,True
23,2001,2024,2001,24,2001_2024,-1.8532,-1.9058,0.3496,0.2162,0.3587,4989,10,2001-02-08,2024-12-08,0.0684,GIS 23 mean,GIS 23 mean,-1.8632,0.165,0.01,0.01,True,True,True,True,True,True,True
23,2000,2024,2000,25,2000_2024,-1.891,-1.9404,0.3597,0.1935,0.4063,5280,10,2000-01-13,2024-12-08,0.0612,GIS 23 mean,GIS 23 mean,-1.8632,0.165,-0.0278,0.0278,True,True,True,True,True,True,True
23,1999,2024,1999,26,1999_2024,-1.9064,-1.9611,0.3427,0.182,0.4315,5470,10,1999-03-07,2024-12-08,0.0576,GIS 23 mean,GIS 23 mean,-1.8632,0.165,-0.0432,0.0432,True,True,True,True,True,True,True
23,1998,2024,1998,27,1998_2024,-1.8845,-1.9378,0.3334,0.1765,0.4369,5560,10,1998-01-31,2024-12-08,0.0559,GIS 23 mean,GIS 23 mean,-1.8632,0.165,-0.0213,0.0213,True,True,True,True,True,True,True
23,1997,2024,1997,28,1997_2024,-1.9102,-1.9626,0.331,0.1728,0.4515,5622,10,1997-01-12,2024-12-08,0.0547,GIS 23 mean,GIS 23 mean,-1.8632,0.165,-0.047,0.047,True,True,True,True,True,True,True
23,1996,2024,1996,29,1996_2024,-1.8632,-1.9158,0.3219,0.165,0.456,5752,10,1996-02-11,2024-12-08,0.0523,GIS 23 mean,GIS 23 mean,-1.8632,0.165,0.0,0.0,True,True,True,True,True,True,True
24,2020,2024,2020,5,2020_2024,6.0476,6.1321,0.5413,2.0677,0.1852,1504,10,2020-01-28,2024-12-08,0.6544,GIS 24 mean,GIS 24 mean,-2.2727,0.1928,8.3203,8.3203,False,False,False,False,False,False,False
24,2019,2024,2019,6,2019_2024,8.0829,8.1088,0.5436,1.4928,0.4008,1727,10,2019-01-10,2024-12-08,0.4723,GIS 24 mean,GIS 24 mean,-2.2727,0.1928,10.3556,10.3556,False,False,False,False,False,False,False
24,2018,2024,2018,7,2018_2024,7.5075,7.7099,0.6489,1.1708,0.4548,1930,10,2018-01-07,2024-12-08,0.3704,GIS 24 mean,GIS 24 mean,-2.2727,0.1928,9.7802,9.7802,False,False,False,False,False,False,False
24,2017,2024,2017,8,2017_2024,6.1899,6.3706,0.5955,0.936,0.4418,2161,10,2017-01-19,2024-12-08,0.2963,GIS 24 mean,GIS 24 mean,-2.2727,0.1928,8.4626,8.4626,False,False,False,False,False,False,False
24,2016,2024,2016,9,2016_2024,5.099,5.2137,0.4097,0.7928,0.4056,2378,10,2016-01-02,2024-12-08,0.2512,GIS 24 mean,GIS 24 mean,-2.2727,0.1928,7.3717,7.3717,False,False,False,False,False,False,False
24,2015,2024,2015,10,2015_2024,3.7822,3.8812,0.2642,0.7129,0.2982,2596,10,2015-02-07,2024-12-08,0.2256,GIS 24 mean,GIS 24 mean,-2.2727,0.1928,6.0549,6.0549,False,False,False,False,False,False,False
24,2014,2024,2014,11,2014_2024,2.8077,2.8176,0.2782,0.6661,0.2005,2774,10,2014-01-12,2024-12-08,0.2107,GIS 24 mean,GIS 24 mean,-2.2727,0.1928,5.0804,5.0804,False,False,False,False,False,False,False
24,2013,2024,2013,12,2013_2024,2.0416,2.0978,0.2539,0.6099,0.1302,2948,10,2013-02-01,2024-12-08,0.1929,GIS 24 mean,GIS 24 mean,-2.2727,0.1928,4.3143,4.3143,False,False,False,False,False,False,False
24,2012,2024,2012,13,2012_2024,1.5457,1.6229,0.2877,0.5912,0.0826,3033,10,2012-01-14,2024-12-08,0.187,GIS 24 mean,GIS 24 mean,-2.2727,0.1928,3.8184,3.8184,False,False,False,False,False,False,False
24,2011,2024,2011,14,2011_2024,0.9697,1.0377,0.3157,0.5255,0.0428,3223,10,2011-01-03,2024-12-08,0.1662,GIS 24 mean,GIS 24 mean,-2.2727,0.1928,3.2424,3.2424,False,False,False,False,False,False,False
24,2010,2024,2010,15,2010_2024,0.7048,0.7894,0.3482,0.4716,0.03,3392,10,2010-02-01,2024-12-08,0.1492,GIS 24 mean,GIS 24 mean,-2.2727,0.1928,2.9775,2.9775,False,False,False,False,False,False,False
24,2009,2024,2009,16,2009_2024,0.4786,0.5469,0.3127,0.4557,0.0166,3468,10,2009-01-21,2024-12-08,0.1441,GIS 24 mean,GIS 24 mean,-2.2727,0.1928,2.7513,2.7513,False,False,False,False,False,False,False
24,2008,2024,2008,17,2008_2024,-0.2852,-0.1882,0.342,0.4276,0.0106,3670,10,2008-01-27,2024-12-08,0.1353,GIS 24 mean,GIS 24 mean,-2.2727,0.1928,1.9875,1.9875,False,False,False,False,False,False,False
24,2007,2024,2007,18,2007_2024,-0.6838,-0.5779,0.2847,0.4058,0.0326,3803,10,2007-01-09,2024-12-08,0.1284,GIS 24 mean,GIS 24 mean,-2.2727,0.1928,1.5889,1.5889,False,False,False,False,False,False,False
24,2006,2024,2006,19,2006_2024,-1.0379,-0.9208,0.2474,0.3673,0.0748,4012,10,2006-01-21,2024-12-08,0.1162,GIS 24 mean,GIS 24 mean,-2.2727,0.1928,1.2348,1.2348,False,False,False,False,False,False,False
24,2005,2024,2005,20,2005_2024,-1.2585,-1.1948,0.2066,0.3411,0.1147,4168,10,2005-01-18,2024-12-08,0.1079,GIS 24 mean,GIS 24 mean,-2.2727,0.1928,1.0142,1.0142,False,False,False,False,False,False,False
24,2004,2024,2004,21,2004_2024,-1.6328,-1.5764,0.1815,0.3225,0.1874,4345,10,2004-01-08,2024-12-08,0.102,GIS 24 mean,GIS 24 mean,-2.2727,0.1928,0.6399,0.6399,False,False,False,False,False,True,False
24,2003,2024,2003,22,2003_2024,-1.8494,-1.8147,0.1266,0.3053,0.2415,4493,10,2003-01-05,2024-12-08,0.0966,GIS 24 mean,GIS 24 mean,-2.2727,0.1928,0.4233,0.4233,False,False,True,True,True,True,True
24,2002,2024,2002,23,2002_2024,-2.1448,-2.1217,0.0866,0.2752,0.3315,4762,10,2002-01-10,2024-12-08,0.0871,GIS 24 mean,GIS 24 mean,-2.2727,0.1928,0.1279,0.1279,True,True,True,True,True,True,True
24,2001,2024,2001,24,2001_2024,-2.2295,-2.2112,0.0696,0.2516,0.3792,4990,10,2001-01-31,2024-12-08,0.0796,GIS 24 mean,GIS 24 mean,-2.2727,0.1928,0.0432,0.0432,True,True,True,True,True,True,True
24,2000,2024,2000,25,2000_2024,-2.3384,-2.3294,0.0422,0.2263,0.4396,5280,10,2000-01-13,2024-12-08,0.0716,GIS 24 mean,GIS 24 mean,-2.2727,0.1928,-0.0657,0.0657,True,True,True,True,True,True,True
24,1999,2024,1999,26,1999_2024,-2.3446,-2.3395,0.0296,0.2125,0.4633,5470,10,1999-03-07,2024-12-08,0.0672,GIS 24 mean,GIS 24 mean,-2.2727,0.1928,-0.0719,0.0719,True,True,True,True,True,True,True
24,1998,2024,1998,27,1998_2024,-2.3025,-2.296,0.031,0.2064,0.4646,5560,10,1998-01-31,2024-12-08,0.0653,GIS 24 mean,GIS 24 mean,-2.2727,0.1928,-0.0298,0.0298,True,True,True,True,True,True,True
24,1997,2024,1997,28,1997_2024,-2.3225,-2.315,0.0343,0.2016,0.4774,5630,10,1997-01-12,2024-12-08,0.0638,GIS 24 mean,GIS 24 mean,-2.2727,0.1928,-0.0498,0.0498,True,True,True,True,True,True,True
24,1996,2024,1996,29,1996_2024,-2.2727,-2.269,0.0305,0.1928,0.4831,5760,10,1996-02-11,2024-12-08,0.061,GIS 24 mean,GIS 24 mean,-2.2727,0.1928,0.0,0.0,True,True,True,True,True,True,True
25,2020,2024,2020,5,2020_2024,6.2302,6.4091,0.8473,2.4196,0.1448,1544,10,2020-01-28,2024-12-08,0.7659,GIS 25 mean,GIS 25 mean,-2.4769,0.1884,8.7071,8.7071,False,False,False,False,False,False,False
25,2019,2024,2019,6,2019_2024,5.931,5.9283,0.442,1.8014,0.198,1753,10,2019-01-10,2024-12-08,0.5707,GIS 25 mean,GIS 25 mean,-2.4769,0.1884,8.4079,8.4079,False,False,False,False,False,False,False
25,2018,2024,2018,7,2018_2024,5.5845,5.5242,0.302,1.3952,0.246,1946,10,2018-01-07,2024-12-08,0.4419,GIS 25 mean,GIS 25 mean,-2.4769,0.1884,8.0614,8.0614,False,False,False,False,False,False,False
25,2017,2024,2017,8,2017_2024,3.7459,3.7314,0.3366,1.0545,0.1822,2236,10,2017-01-19,2024-12-08,0.3336,GIS 25 mean,GIS 25 mean,-2.4769,0.1884,6.2228,6.2228,False,False,False,False,False,False,False
25,2016,2024,2016,9,2016_2024,2.9469,2.8968,0.284,0.8719,0.1547,2467,10,2016-01-02,2024-12-08,0.2758,GIS 25 mean,GIS 25 mean,-2.4769,0.1884,5.4238,5.4238,False,False,False,False,False,False,False
25,2015,2024,2015,10,2015_2024,2.0812,2.231,0.3993,0.7939,0.0966,2628,10,2015-02-07,2024-12-08,0.2512,GIS 25 mean,GIS 25 mean,-2.4769,0.1884,4.5581,4.5581,False,False,False,False,False,False,False
25,2014,2024,2014,11,2014_2024,1.5341,1.6075,0.5348,0.6972,0.07,2817,10,2014-01-12,2024-12-08,0.2206,GIS 25 mean,GIS 25 mean,-2.4769,0.1884,4.011,4.011,False,False,False,False,False,False,False
25,2013,2024,2013,12,2013_2024,1.3678,1.5553,0.3652,0.613,0.0651,2994,10,2013-02-01,2024-12-08,0.1939,GIS 25 mean,GIS 25 mean,-2.4769,0.1884,3.8447,3.8447,False,False,False,False,False,False,False
25,2012,2024,2012,13,2012_2024,0.9688,1.0398,0.2537,0.5801,0.0364,3094,10,2012-01-14,2024-12-08,0.1835,GIS 25 mean,GIS 25 mean,-2.4769,0.1884,3.4457,3.4457,False,False,False,False,False,False,False
25,2011,2024,2011,14,2011_2024,0.5634,0.6098,0.1272,0.5174,0.0146,3272,10,2011-01-03,2024-12-08,0.1637,GIS 25 mean,GIS 25 mean,-2.4769,0.1884,3.0403,3.0403,False,False,False,False,False,False,False
25,2010,2024,2010,15,2010_2024,0.4424,0.4885,0.1452,0.4482,0.0119,3485,10,2010-02-01,2024-12-08,0.1418,GIS 25 mean,GIS 25 mean,-2.4769,0.1884,2.9193,2.9193,False,False,False,False,False,False,False
25,2009,2024,2009,16,2009_2024,0.1516,0.197,0.1663,0.4361,0.0028,3568,10,2009-01-21,2024-12-08,0.1379,GIS 25 mean,GIS 25 mean,-2.4769,0.1884,2.6285,2.6285,False,False,False,False,False,False,False
25,2008,2024,2008,17,2008_2024,-0.6447,-0.6318,0.2387,0.4094,0.0269,3788,10,2008-01-27,2024-12-08,0.1295,GIS 25 mean,GIS 25 mean,-2.4769,0.1884,1.8322,1.8322,False,False,False,False,False,False,False
25,2007,2024,2007,18,2007_2024,-1.0119,-1.0202,0.2447,0.3915,0.0636,3917,10,2007-01-09,2024-12-08,0.1238,GIS 25 mean,GIS 25 mean,-2.4769,0.1884,1.465,1.465,False,False,False,False,False,False,False
25,2006,2024,2006,19,2006_2024,-1.3488,-1.391,0.258,0.3579,0.1188,4113,10,2006-01-21,2024-12-08,0.1132,GIS 25 mean,GIS 25 mean,-2.4769,0.1884,1.1281,1.1281,False,False,False,False,False,False,False
25,2005,2024,2005,20,2005_2024,-1.45,-1.5292,0.1855,0.3364,0.1456,4236,10,2005-01-18,2024-12-08,0.1064,GIS 25 mean,GIS 25 mean,-2.4769,0.1884,1.0269,1.0269,False,False,False,False,False,False,False
25,2004,2024,2004,21,2004_2024,-1.7691,-1.8481,0.1537,0.3152,0.2167,4410,10,2004-01-08,2024-12-08,0.0997,GIS 25 mean,GIS 25 mean,-2.4769,0.1884,0.7078,0.7078,False,False,False,False,False,True,False
25,2003,2024,2003,22,2003_2024,-2.0892,-2.126,0.153,0.2978,0.2931,4594,10,2003-01-05,2024-12-08,0.0942,GIS 25 mean,GIS 25 mean,-2.4769,0.1884,0.3877,0.3877,False,False,True,True,True,True,True
25,2002,2024,2002,23,2002_2024,-2.3124,-2.3286,0.1278,0.2679,0.3728,4851,10,2002-01-10,2024-12-08,0.0847,GIS 25 mean,GIS 25 mean,-2.4769,0.1884,0.1645,0.1645,True,True,True,True,True,True,True
25,2001,2024,2001,24,2001_2024,-2.4426,-2.457,0.1192,0.2461,0.4289,5076,10,2001-01-31,2024-12-08,0.0778,GIS 25 mean,GIS 25 mean,-2.4769,0.1884,0.0343,0.0343,True,True,True,True,True,True,True
25,2000,2024,2000,25,2000_2024,-2.5396,-2.547,0.1088,0.2213,0.4869,5370,10,2000-01-13,2024-12-08,0.07,GIS 25 mean,GIS 25 mean,-2.4769,0.1884,-0.0627,0.0627,True,True,True,True,True,True,True
25,1999,2024,1999,26,1999_2024,-2.5604,-2.5694,0.1113,0.2077,0.5139,5560,10,1999-03-07,2024-12-08,0.0657,GIS 25 mean,GIS 25 mean,-2.4769,0.1884,-0.0835,0.0835,True,True,True,True,True,True,True
25,1998,2024,1998,27,1998_2024,-2.5142,-2.5242,0.1099,0.202,0.5146,5650,10,1998-01-31,2024-12-08,0.0639,GIS 25 mean,GIS 25 mean,-2.4769,0.1884,-0.0373,0.0373,True,True,True,True,True,True,True
25,1997,2024,1997,28,1997_2024,-2.5117,-2.5218,0.102,0.1973,0.5229,5717,10,1997-01-12,2024-12-08,0.0624,GIS 25 mean,GIS 25 mean,-2.4769,0.1884,-0.0348,0.0348,True,True,True,True,True,True,True
25,1996,2024,1996,29,1996_2024,-2.4769,-2.4882,0.1009,0.1884,0.5333,5847,10,1996-02-11,2024-12-08,0.0596,GIS 25 mean,GIS 25 mean,-2.4769,0.1884,0.0,0.0,True,True,True,True,True,True,True
26,2020,2024,2020,5,2020_2024,5.4621,5.6223,0.9421,2.3348,0.1264,1485,10,2020-01-28,2024-12-08,0.7406,GIS 26 mean,GIS 26 mean,-1.5468,0.176,7.0089,7.0089,False,False,False,False,False,False,False
26,2019,2024,2019,6,2019_2024,5.8427,5.932,1.1683,1.6255,0.2285,1714,10,2019-01-10,2024-12-08,0.5165,GIS 26 mean,GIS 26 mean,-1.5468,0.176,7.3895,7.3895,False,False,False,False,False,False,False
26,2018,2024,2018,7,2018_2024,5.413,5.5151,0.9616,1.2551,0.2749,1922,10,2018-01-07,2024-12-08,0.3986,GIS 26 mean,GIS 26 mean,-1.5468,0.176,6.9598,6.9598,False,False,False,False,False,False,False
26,2017,2024,2017,8,2017_2024,4.0965,3.9375,0.505,1.0153,0.2301,2150,10,2017-01-19,2024-12-08,0.3224,GIS 26 mean,GIS 26 mean,-1.5468,0.176,5.6433,5.6433,False,False,False,False,False,False,False
26,2016,2024,2016,9,2016_2024,3.3708,3.3089,0.4111,0.8221,0.219,2380,10,2016-01-02,2024-12-08,0.2607,GIS 26 mean,GIS 26 mean,-1.5468,0.176,4.9176,4.9176,False,False,False,False,False,False,False
26,2015,2024,2015,10,2015_2024,2.2542,2.3082,0.4019,0.7316,0.1294,2601,10,2015-02-07,2024-12-08,0.232,GIS 26 mean,GIS 26 mean,-1.5468,0.176,3.801,3.801,False,False,False,False,False,False,False
26,2014,2024,2014,11,2014_2024,1.6349,1.584,0.4543,0.658,0.084,2778,10,2014-01-12,2024-12-08,0.2084,GIS 26 mean,GIS 26 mean,-1.5468,0.176,3.1817,3.1817,False,False,False,False,False,False,False
26,2013,2024,2013,12,2013_2024,1.2313,1.1533,0.3261,0.59,0.0565,2949,10,2013-02-01,2024-12-08,0.1868,GIS 26 mean,GIS 26 mean,-1.5468,0.176,2.7781,2.7781,False,False,False,False,False,False,False
26,2012,2024,2012,13,2012_2024,0.9039,0.7902,0.3339,0.5649,0.0343,3030,10,2012-01-14,2024-12-08,0.1788,GIS 26 mean,GIS 26 mean,-1.5468,0.176,2.4507,2.4507,False,False,False,False,False,False,False
26,2011,2024,2011,14,2011_2024,0.4344,0.4842,0.4311,0.5011,0.0162,3211,10,2011-01-03,2024-12-08,0.1586,GIS 26 mean,GIS 26 mean,-1.5468,0.176,1.9812,1.9812,False,False,False,False,False,False,False
26,2010,2024,2010,15,2010_2024,0.2917,0.3338,0.4643,0.448,0.0154,3384,10,2010-02-01,2024-12-08,0.1417,GIS 26 mean,GIS 26 mean,-1.5468,0.176,1.8385,1.8385,False,False,False,False,False,False,False
26,2009,2024,2009,16,2009_2024,0.1033,0.1389,0.4066,0.4308,0.0096,3461,10,2009-01-21,2024-12-08,0.1363,GIS 26 mean,GIS 26 mean,-1.5468,0.176,1.6501,1.6501,False,False,False,False,False,False,False
26,2008,2024,2008,17,2008_2024,-0.2516,-0.3193,0.3601,0.3877,0.0119,3656,10,2008-01-27,2024-12-08,0.1227,GIS 26 mean,GIS 26 mean,-1.5468,0.176,1.2952,1.2952,False,False,False,False,False,False,False
26,2007,2024,2007,18,2007_2024,-0.5761,-0.4694,0.3886,0.3659,0.031,3795,10,2007-01-09,2024-12-08,0.1159,GIS 26 mean,GIS 26 mean,-1.5468,0.176,0.9707,0.9707,False,False,False,False,False,True,False
26,2006,2024,2006,19,2006_2024,-0.9502,-0.7696,0.4085,0.3352,0.0757,4001,10,2006-01-21,2024-12-08,0.1062,GIS 26 mean,GIS 26 mean,-1.5468,0.176,0.5966,0.5966,False,False,False,False,False,True,False
26,2005,2024,2005,20,2005_2024,-0.8235,-0.6379,0.402,0.3109,0.066,4163,10,2005-01-18,2024-12-08,0.0984,GIS 26 mean,GIS 26 mean,-1.5468,0.176,0.7233,0.7233,False,False,False,False,False,True,False
26,2004,2024,2004,21,2004_2024,-1.0883,-0.9101,0.3771,0.2921,0.1125,4339,10,2004-01-08,2024-12-08,0.0925,GIS 26 mean,GIS 26 mean,-1.5468,0.176,0.4585,0.4585,False,False,False,True,True,True,True
26,2003,2024,2003,22,2003_2024,-1.3052,-1.1272,0.3849,0.2772,0.1607,4489,10,2003-01-05,2024-12-08,0.0878,GIS 26 mean,GIS 26 mean,-1.5468,0.176,0.2416,0.2416,False,True,True,True,True,True,True
26,2002,2024,2002,23,2002_2024,-1.4582,-1.2755,0.3928,0.248,0.2179,4743,10,2002-01-10,2024-12-08,0.0786,GIS 26 mean,GIS 26 mean,-1.5468,0.176,0.0886,0.0886,True,True,True,True,True,True,True
26,2001,2024,2001,24,2001_2024,-1.4964,-1.3066,0.4435,0.2273,0.2479,4967,10,2001-01-31,2024-12-08,0.072,GIS 26 mean,GIS 26 mean,-1.5468,0.176,0.0504,0.0504,True,True,True,True,True,True,True
26,2000,2024,2000,25,2000_2024,-1.6128,-1.4483,0.456,0.2056,0.3049,5250,10,2000-01-13,2024-12-08,0.0651,GIS 26 mean,GIS 26 mean,-1.5468,0.176,-0.066,0.066,True,True,True,True,True,True,True
26,1999,2024,1999,26,1999_2024,-1.5998,-1.4556,0.4731,0.1927,0.3202,5438,10,1999-03-07,2024-12-08,0.0611,GIS 26 mean,GIS 26 mean,-1.5468,0.176,-0.053,0.053,True,True,True,True,True,True,True
26,1998,2024,1998,27,1998_2024,-1.5543,-1.4097,0.4713,0.1878,0.3152,5525,10,1998-01-31,2024-12-08,0.0595,GIS 26 mean,GIS 26 mean,-1.5468,0.176,-0.0075,0.0075,True,True,True,True,True,True,True
26,1997,2024,1997,28,1997_2024,-1.5541,-1.4186,0.4726,0.1837,0.3219,5585,10,1997-01-12,2024-12-08,0.0582,GIS 26 mean,GIS 26 mean,-1.5468,0.176,-0.0073,0.0073,True,True,True,True,True,True,True
26,1996,2024,1996,29,1996_2024,-1.5468,-1.4267,0.4855,0.176,0.3326,5715,10,1996-02-11,2024-12-08,0.0558,GIS 26 mean,GIS 26 mean,-1.5468,0.176,0.0,0.0,True,True,True,True,True,True,True
27,2020,2024,2020,5,2020_2024,2.4224,2.9543,0.831,1.8073,0.0473,1557,10,2020-01-28,2024-12-08,0.5722,GIS 27 mean,GIS 27 mean,0.0068,0.1592,2.4156,2.4156,False,False,False,False,False,False,False
27,2019,2024,2019,6,2019_2024,2.1715,2.4378,1.05,1.3329,0.0651,1767,10,2019-01-10,2024-12-08,0.4217,GIS 27 mean,GIS 27 mean,0.0068,0.1592,2.1647,2.1647,False,False,False,False,False,False,False
27,2018,2024,2018,7,2018_2024,1.6651,1.8836,0.931,1.0531,0.0581,1967,10,2018-01-07,2024-12-08,0.3332,GIS 27 mean,GIS 27 mean,0.0068,0.1592,1.6583,1.6583,False,False,False,False,False,False,False
27,2017,2024,2017,8,2017_2024,2.136,2.3644,1.0908,0.7939,0.1272,2246,10,2017-01-19,2024-12-08,0.2513,GIS 27 mean,GIS 27 mean,0.0068,0.1592,2.1292,2.1292,False,False,False,False,False,False,False
27,2016,2024,2016,9,2016_2024,2.6892,2.9896,0.8944,0.6695,0.2095,2494,10,2016-01-02,2024-12-08,0.2119,GIS 27 mean,GIS 27 mean,0.0068,0.1592,2.6824,2.6824,False,False,False,False,False,False,False
27,2015,2024,2015,10,2015_2024,2.524,2.5973,0.6759,0.5942,0.2121,2656,10,2015-02-07,2024-12-08,0.188,GIS 27 mean,GIS 27 mean,0.0068,0.1592,2.5172,2.5172,False,False,False,False,False,False,False
27,2014,2024,2014,11,2014_2024,1.413,1.4117,0.2123,0.5814,0.0747,2855,10,2014-01-12,2024-12-08,0.1841,GIS 27 mean,GIS 27 mean,0.0068,0.1592,1.4062,1.4062,False,False,False,False,False,False,False
27,2013,2024,2013,12,2013_2024,0.6665,0.6653,0.1532,0.5455,0.0194,3020,10,2013-02-01,2024-12-08,0.1728,GIS 27 mean,GIS 27 mean,0.0068,0.1592,0.6597,0.6597,False,False,False,False,False,True,True
27,2012,2024,2012,13,2012_2024,0.4524,0.4075,0.1777,0.5113,0.0112,3117,10,2012-01-14,2024-12-08,0.1619,GIS 27 mean,GIS 27 mean,0.0068,0.1592,0.4456,0.4456,False,False,False,True,True,True,True
27,2011,2024,2011,14,2011_2024,0.1146,0.1254,0.2661,0.4561,0.0046,3290,10,2011-01-03,2024-12-08,0.1444,GIS 27 mean,GIS 27 mean,0.0068,0.1592,0.1078,0.1078,True,True,False,True,True,True,True
27,2010,2024,2010,15,2010_2024,-0.5874,-0.6777,0.2716,0.4192,0.0245,3507,10,2010-02-01,2024-12-08,0.1327,GIS 27 mean,GIS 27 mean,0.0068,0.1592,-0.5942,0.5942,False,False,False,False,False,True,False
27,2009,2024,2009,16,2009_2024,-0.6965,-0.8153,0.2854,0.4018,0.0352,3587,10,2009-02-06,2024-12-08,0.1271,GIS 27 mean,GIS 27 mean,0.0068,0.1592,-0.7033,0.7033,False,False,False,False,False,True,False
27,2008,2024,2008,17,2008_2024,-0.5856,-0.7027,0.2821,0.3464,0.033,3827,10,2008-01-27,2024-12-08,0.1096,GIS 27 mean,GIS 27 mean,0.0068,0.1592,-0.5924,0.5924,False,False,False,False,False,True,False
27,2007,2024,2007,18,2007_2024,-0.5112,-0.6322,0.2769,0.3207,0.0297,3967,10,2007-01-09,2024-12-08,0.1015,GIS 27 mean,GIS 27 mean,0.0068,0.1592,-0.518,0.518,False,False,False,False,False,True,False
27,2006,2024,2006,19,2006_2024,-0.5525,-0.7098,0.3668,0.2886,0.0438,4173,10,2006-01-21,2024-12-08,0.0913,GIS 27 mean,GIS 27 mean,0.0068,0.1592,-0.5593,0.5593,False,False,False,False,False,True,False
27,2005,2024,2005,20,2005_2024,-0.706,-0.867,0.3407,0.2772,0.0637,4297,10,2005-01-19,2024-12-08,0.0877,GIS 27 mean,GIS 27 mean,0.0068,0.1592,-0.7128,0.7128,False,False,False,False,False,True,False
27,2004,2024,2004,21,2004_2024,-0.584,-0.7158,0.3002,0.2573,0.0505,4472,10,2004-01-08,2024-12-08,0.0814,GIS 27 mean,GIS 27 mean,0.0068,0.1592,-0.5908,0.5908,False,False,False,False,False,True,False
27,2003,2024,2003,22,2003_2024,-0.5888,-0.7286,0.3354,0.238,0.0596,4653,10,2003-01-05,2024-12-08,0.0753,GIS 27 mean,GIS 27 mean,0.0068,0.1592,-0.5956,0.5956,False,False,False,False,False,True,False
27,2002,2024,2002,23,2002_2024,-0.4095,-0.5158,0.4092,0.2149,0.0503,4917,10,2002-01-10,2024-12-08,0.068,GIS 27 mean,GIS 27 mean,0.0068,0.1592,-0.4163,0.4163,False,False,False,True,True,True,False
27,2001,2024,2001,24,2001_2024,-0.2511,-0.3334,0.4227,0.2008,0.04,5137,10,2001-01-31,2024-12-08,0.0635,GIS 27 mean,GIS 27 mean,0.0068,0.1592,-0.2579,0.2579,False,False,False,True,True,True,True
27,2000,2024,2000,25,2000_2024,-0.1714,-0.2146,0.4539,0.1821,0.0441,5427,10,2000-01-13,2024-12-08,0.0576,GIS 27 mean,GIS 27 mean,0.0068,0.1592,-0.1782,0.1782,False,True,False,True,True,True,True
27,1999,2024,1999,26,1999_2024,-0.1345,-0.1748,0.4421,0.1721,0.0433,5605,10,1999-03-07,2024-12-08,0.0544,GIS 27 mean,GIS 27 mean,0.0068,0.1592,-0.1413,0.1413,True,True,False,True,True,True,True
27,1998,2024,1998,27,1998_2024,-0.0992,-0.1349,0.4299,0.1681,0.0408,5685,10,1998-03-04,2024-12-08,0.0532,GIS 27 mean,GIS 27 mean,0.0068,0.1592,-0.106,0.106,True,True,False,True,True,True,True
27,1997,2024,1997,28,1997_2024,-0.0706,-0.1076,0.4372,0.1651,0.0419,5746,10,1997-01-12,2024-12-08,0.0522,GIS 27 mean,GIS 27 mean,0.0068,0.1592,-0.0774,0.0774,True,True,False,True,True,True,True
27,1996,2024,1996,29,1996_2024,0.0068,-0.0261,0.4393,0.1592,0.0426,5875,10,1996-02-11,2024-12-08,0.0504,GIS 27 mean,GIS 27 mean,0.0068,0.1592,0.0,0.0,True,True,True,True,True,True,True
28,2020,2024,2020,5,2020_2024,4.0776,4.5229,1.3747,2.2515,0.0842,1481,10,2020-01-28,2024-12-08,0.7134,GIS 28 mean,GIS 28 mean,1.9023,0.1667,2.1753,2.1753,False,False,False,False,False,False,True
28,2019,2024,2019,6,2019_2024,5.7047,6.1214,2.5247,1.5794,0.2305,1733,10,2019-01-10,2024-12-08,0.5002,GIS 28 mean,GIS 28 mean,1.9023,0.1667,3.8024,3.8024,False,False,False,False,False,False,False
28,2018,2024,2018,7,2018_2024,3.9733,3.9774,2.0282,1.3182,0.1624,1927,10,2018-01-07,2024-12-08,0.4178,GIS 28 mean,GIS 28 mean,1.9023,0.1667,2.071,2.071,False,False,False,False,False,False,False
28,2017,2024,2017,8,2017_2024,2.4475,2.3474,1.3844,1.0718,0.0954,2159,10,2017-01-19,2024-12-08,0.34,GIS 28 mean,GIS 28 mean,1.9023,0.1667,0.5452,0.5452,False,False,False,False,False,True,True
28,2016,2024,2016,9,2016_2024,3.2587,3.2734,1.1003,0.9084,0.1745,2381,10,2016-01-02,2024-12-08,0.288,GIS 28 mean,GIS 28 mean,1.9023,0.1667,1.3564,1.3564,False,False,False,False,False,False,False
28,2015,2024,2015,10,2015_2024,3.7525,3.8003,1.2563,0.7645,0.2597,2601,10,2015-02-07,2024-12-08,0.2424,GIS 28 mean,GIS 28 mean,1.9023,0.1667,1.8502,1.8502,False,False,False,False,False,False,False
28,2014,2024,2014,11,2014_2024,3.812,3.8562,1.4182,0.6767,0.2991,2771,10,2014-01-12,2024-12-08,0.2144,GIS 28 mean,GIS 28 mean,1.9023,0.1667,1.9097,1.9097,False,False,False,False,False,False,False
28,2013,2024,2013,12,2013_2024,3.5733,3.5538,1.683,0.6171,0.2949,2944,10,2013-02-01,2024-12-08,0.1955,GIS 28 mean,GIS 28 mean,1.9023,0.1667,1.671,1.671,False,False,False,False,False,False,False
28,2012,2024,2012,13,2012_2024,3.3024,3.3096,1.4538,0.5847,0.2811,3031,10,2012-01-14,2024-12-08,0.1853,GIS 28 mean,GIS 28 mean,1.9023,0.1667,1.4001,1.4001,False,False,False,False,False,False,False
28,2011,2024,2011,14,2011_2024,2.7179,2.6424,1.2289,0.5186,0.2423,3232,10,2011-01-03,2024-12-08,0.1644,GIS 28 mean,GIS 28 mean,1.9023,0.1667,0.8156,0.8156,False,False,False,False,False,True,False
28,2010,2024,2010,15,2010_2024,2.2305,2.1486,1.1853,0.4802,0.1987,3390,10,2010-02-01,2024-12-08,0.1523,GIS 28 mean,GIS 28 mean,1.9023,0.1667,0.3282,0.3282,False,False,True,True,True,True,True
28,2009,2024,2009,16,2009_2024,2.1104,2.0347,1.1127,0.4596,0.1924,3468,10,2009-02-06,2024-12-08,0.1457,GIS 28 mean,GIS 28 mean,1.9023,0.1667,0.2081,0.2081,False,True,True,True,True,True,True
28,2008,2024,2008,17,2008_2024,2.0183,1.9762,0.9389,0.406,0.2056,3657,10,2008-01-27,2024-12-08,0.1288,GIS 28 mean,GIS 28 mean,1.9023,0.1667,0.116,0.116,True,True,True,True,True,True,True
28,2007,2024,2007,18,2007_2024,1.8566,1.7949,0.8432,0.372,0.2002,3803,10,2007-01-09,2024-12-08,0.118,GIS 28 mean,GIS 28 mean,1.9023,0.1667,-0.0457,0.0457,True,True,True,True,True,True,True
28,2006,2024,2006,19,2006_2024,1.8497,1.8851,0.687,0.3322,0.226,4006,10,2006-01-21,2024-12-08,0.1054,GIS 28 mean,GIS 28 mean,1.9023,0.1667,-0.0526,0.0526,True,True,True,True,True,True,True
28,2005,2024,2005,20,2005_2024,1.8229,1.8926,0.7483,0.3107,0.2384,4146,10,2005-01-18,2024-12-08,0.0986,GIS 28 mean,GIS 28 mean,1.9023,0.1667,-0.0794,0.0794,True,True,True,True,True,True,True
28,2004,2024,2004,21,2004_2024,1.7394,1.8144,0.7101,0.2828,0.2477,4332,10,2004-01-08,2024-12-08,0.0897,GIS 28 mean,GIS 28 mean,1.9023,0.1667,-0.1629,0.1629,True,True,True,True,True,True,True
28,2003,2024,2003,22,2003_2024,1.6971,1.7644,0.6616,0.2626,0.2594,4486,10,2003-01-05,2024-12-08,0.0833,GIS 28 mean,GIS 28 mean,1.9023,0.1667,-0.2052,0.2052,False,True,True,True,True,True,True
28,2002,2024,2002,23,2002_2024,1.7662,1.8171,0.5752,0.2329,0.311,4752,10,2002-01-10,2024-12-08,0.0738,GIS 28 mean,GIS 28 mean,1.9023,0.1667,-0.1361,0.1361,True,True,True,True,True,True,True
28,2001,2024,2001,24,2001_2024,1.8055,1.8658,0.5291,0.215,0.3451,4979,10,2001-01-31,2024-12-08,0.0681,GIS 28 mean,GIS 28 mean,1.9023,0.1667,-0.0968,0.0968,True,True,True,True,True,True,True
28,2000,2024,2000,25,2000_2024,1.7991,1.8278,0.5403,0.1935,0.3757,5286,10,2000-01-13,2024-12-08,0.0613,GIS 28 mean,GIS 28 mean,1.9023,0.1667,-0.1032,0.1032,True,True,True,True,True,True,True
28,1999,2024,1999,26,1999_2024,1.8011,1.8213,0.5522,0.1828,0.3937,5468,10,1999-03-07,2024-12-08,0.0579,GIS 28 mean,GIS 28 mean,1.9023,0.1667,-0.1012,0.1012,True,True,True,True,True,True,True
28,1998,2024,1998,27,1998_2024,1.7992,1.8157,0.5411,0.1774,0.4037,5558,10,1998-01-31,2024-12-08,0.0562,GIS 28 mean,GIS 28 mean,1.9023,0.1667,-0.1031,0.1031,True,True,True,True,True,True,True
28,1997,2024,1997,28,1997_2024,1.8221,1.8383,0.5336,0.1732,0.4183,5628,10,1997-01-12,2024-12-08,0.0549,GIS 28 mean,GIS 28 mean,1.9023,0.1667,-0.0802,0.0802,True,True,True,True,True,True,True
28,1996,2024,1996,29,1996_2024,1.9023,1.9224,0.5326,0.1667,0.4519,5758,10,1996-02-11,2024-12-08,0.0528,GIS 28 mean,GIS 28 mean,1.9023,0.1667,0.0,0.0,True,True,True,True,True,True,True
29,2020,2024,2020,5,2020_2024,4.3883,5.093,1.5526,1.9497,0.1236,1540,10,2020-01-28,2024-12-08,0.6169,GIS 29 mean,GIS 29 mean,2.9211,0.1693,1.4672,1.4672,False,False,False,False,False,False,True
29,2019,2024,2019,6,2019_2024,6.8435,7.3333,1.1942,1.4704,0.326,1762,10,2019-01-10,2024-12-08,0.4653,GIS 29 mean,GIS 29 mean,2.9211,0.1693,3.9224,3.9224,False,False,False,False,False,False,False
29,2018,2024,2018,7,2018_2024,5.6639,5.756,0.6046,1.1894,0.3129,1951,10,2018-02-07,2024-12-08,0.3763,GIS 29 mean,GIS 29 mean,2.9211,0.1693,2.7428,2.7428,False,False,False,False,False,False,False
29,2017,2024,2017,8,2017_2024,4.4507,4.5916,0.3079,0.9162,0.2948,2231,10,2017-01-19,2024-12-08,0.2901,GIS 29 mean,GIS 29 mean,2.9211,0.1693,1.5296,1.5296,False,False,False,False,False,False,False
29,2016,2024,2016,9,2016_2024,4.6383,4.6246,0.3024,0.7446,0.3809,2481,10,2016-01-02,2024-12-08,0.236,GIS 29 mean,GIS 29 mean,2.9211,0.1693,1.7172,1.7172,False,False,False,False,False,False,False
29,2015,2024,2015,10,2015_2024,4.9396,5.0582,0.3313,0.6658,0.4492,2645,10,2015-02-07,2024-12-08,0.2112,GIS 29 mean,GIS 29 mean,2.9211,0.1693,2.0185,2.0185,False,False,False,False,False,False,False
29,2014,2024,2014,11,2014_2024,5.5618,5.6427,0.3316,0.5897,0.5491,2851,10,2014-01-12,2024-12-08,0.1869,GIS 29 mean,GIS 29 mean,2.9211,0.1693,2.6407,2.6407,False,False,False,False,False,False,False
29,2013,2024,2013,12,2013_2024,5.9041,5.9544,0.2723,0.5351,0.6111,3023,10,2013-02-01,2024-12-08,0.1698,GIS 29 mean,GIS 29 mean,2.9211,0.1693,2.983,2.983,False,False,False,False,False,False,False
29,2012,2024,2012,13,2012_2024,5.5115,5.5291,0.2765,0.516,0.588,3117,10,2012-01-14,2024-12-08,0.1638,GIS 29 mean,GIS 29 mean,2.9211,0.1693,2.5904,2.5904,False,False,False,False,False,False,False
29,2011,2024,2011,14,2011_2024,5.0686,5.2062,0.378,0.4678,0.5799,3296,10,2011-01-03,2024-12-08,0.1485,GIS 29 mean,GIS 29 mean,2.9211,0.1693,2.1475,2.1475,False,False,False,False,False,False,False
29,2010,2024,2010,15,2010_2024,4.6424,4.7497,0.5096,0.4168,0.5756,3510,10,2010-02-01,2024-12-08,0.1323,GIS 29 mean,GIS 29 mean,2.9211,0.1693,1.7213,1.7213,False,False,False,False,False,False,False
29,2009,2024,2009,16,2009_2024,4.4997,4.6358,0.5798,0.4002,0.5736,3586,10,2009-02-06,2024-12-08,0.127,GIS 29 mean,GIS 29 mean,2.9211,0.1693,1.5786,1.5786,False,False,False,False,False,False,False
29,2008,2024,2008,17,2008_2024,4.2194,4.3307,0.598,0.349,0.5911,3825,10,2008-01-27,2024-12-08,0.1107,GIS 29 mean,GIS 29 mean,2.9211,0.1693,1.2983,1.2983,False,False,False,False,False,False,False
29,2007,2024,2007,18,2007_2024,3.9295,4.0531,0.5887,0.3292,0.5754,3971,10,2007-01-09,2024-12-08,0.1044,GIS 29 mean,GIS 29 mean,2.9211,0.1693,1.0084,1.0084,False,False,False,False,False,False,False
29,2006,2024,2006,19,2006_2024,3.4784,3.5454,0.6221,0.3105,0.531,4177,10,2006-01-21,2024-12-08,0.0985,GIS 29 mean,GIS 29 mean,2.9211,0.1693,0.5573,0.5573,False,False,True,False,False,True,False
29,2005,2024,2005,20,2005_2024,3.3106,3.376,0.5353,0.2945,0.5262,4316,10,2005-01-18,2024-12-08,0.0934,GIS 29 mean,GIS 29 mean,2.9211,0.1693,0.3895,0.3895,False,False,True,True,True,True,True
29,2004,2024,2004,21,2004_2024,3.1699,3.1908,0.4378,0.2737,0.5322,4492,10,2004-01-08,2024-12-08,0.0867,GIS 29 mean,GIS 29 mean,2.9211,0.1693,0.2488,0.2488,False,True,True,True,True,True,True
29,2003,2024,2003,22,2003_2024,2.9875,2.9896,0.3648,0.2583,0.5227,4671,10,2003-01-05,2024-12-08,0.0818,GIS 29 mean,GIS 29 mean,2.9211,0.1693,0.0664,0.0664,True,True,True,True,True,True,True
29,2002,2024,2002,23,2002_2024,2.7796,2.7381,0.2686,0.2343,0.5227,4937,10,2002-01-10,2024-12-08,0.0741,GIS 29 mean,GIS 29 mean,2.9211,0.1693,-0.1415,0.1415,True,True,True,True,True,True,True
29,2001,2024,2001,24,2001_2024,2.6903,2.6324,0.2398,0.2167,0.5343,5163,10,2001-01-31,2024-12-08,0.0685,GIS 29 mean,GIS 29 mean,2.9211,0.1693,-0.2308,0.2308,False,True,True,True,True,True,True
29,2000,2024,2000,25,2000_2024,2.7474,2.7214,0.1849,0.1948,0.5832,5473,10,2000-01-13,2024-12-08,0.0616,GIS 29 mean,GIS 29 mean,2.9211,0.1693,-0.1737,0.1737,False,True,True,True,True,True,True
29,1999,2024,1999,26,1999_2024,2.832,2.8266,0.1801,0.1857,0.6128,5654,10,1999-03-07,2024-12-08,0.0587,GIS 29 mean,GIS 29 mean,2.9211,0.1693,-0.0891,0.0891,True,True,True,True,True,True,True
29,1998,2024,1998,27,1998_2024,2.8434,2.8466,0.1862,0.1809,0.6236,5735,10,1998-01-31,2024-12-08,0.0572,GIS 29 mean,GIS 29 mean,2.9211,0.1693,-0.0777,0.0777,True,True,True,True,True,True,True
29,1997,2024,1997,28,1997_2024,2.8636,2.8698,0.1851,0.1766,0.6352,5805,10,1997-01-12,2024-12-08,0.0559,GIS 29 mean,GIS 29 mean,2.9211,0.1693,-0.0575,0.0575,True,True,True,True,True,True,True
29,1996,2024,1996,29,1996_2024,2.9211,2.941,0.1561,0.1693,0.6588,5935,10,1996-02-11,2024-12-08,0.0535,GIS 29 mean,GIS 29 mean,2.9211,0.1693,0.0,0.0,True,True,True,True,True,True,True
30,2020,2024,2020,5,2020_2024,1.6896,2.0041,0.9088,1.8163,0.0292,1484,10,2020-01-28,2024-12-08,0.5757,GIS 30 mean,GIS 30 mean,3.1731,0.1504,-1.4835,1.4835,False,False,False,False,False,False,True
30,2019,2024,2019,6,2019_2024,3.9347,4.5032,1.1548,1.2922,0.1729,1740,10,2019-01-10,2024-12-08,0.4108,GIS 30 mean,GIS 30 mean,3.1731,0.1504,0.7616,0.7616,False,False,False,False,False,True,True
30,2018,2024,2018,7,2018_2024,4.0631,4.5796,0.987,1.0557,0.229,1932,10,2018-02-07,2024-12-08,0.3354,GIS 30 mean,GIS 30 mean,3.1731,0.1504,0.89,0.89,False,False,False,False,False,True,True
30,2017,2024,2017,8,2017_2024,4.1668,4.2942,0.5571,0.8386,0.3079,2172,10,2017-01-19,2024-12-08,0.2664,GIS 30 mean,GIS 30 mean,3.1731,0.1504,0.9937,0.9937,False,False,False,False,False,True,False
30,2016,2024,2016,9,2016_2024,3.8023,3.9537,0.52,0.6988,0.3249,2388,10,2016-01-18,2024-12-08,0.2216,GIS 30 mean,GIS 30 mean,3.1731,0.1504,0.6292,0.6292,False,False,True,False,False,True,True
30,2015,2024,2015,10,2015_2024,3.8133,4.1625,0.6576,0.5991,0.3749,2594,10,2015-02-07,2024-12-08,0.1897,GIS 30 mean,GIS 30 mean,3.1731,0.1504,0.6402,0.6402,False,False,False,False,False,True,True
30,2014,2024,2014,11,2014_2024,3.8364,4.1106,0.9328,0.5317,0.4144,2761,10,2014-01-12,2024-12-08,0.1684,GIS 30 mean,GIS 30 mean,3.1731,0.1504,0.6633,0.6633,False,False,False,False,False,True,True
30,2013,2024,2013,12,2013_2024,4.0807,4.38,1.0826,0.483,0.4719,2935,10,2013-02-01,2024-12-08,0.153,GIS 30 mean,GIS 30 mean,3.1731,0.1504,0.9076,0.9076,False,False,False,False,False,True,False
30,2012,2024,2012,13,2012_2024,4.1904,4.5164,1.0358,0.4539,0.5095,3021,10,2012-01-14,2024-12-08,0.1438,GIS 30 mean,GIS 30 mean,3.1731,0.1504,1.0173,1.0173,False,False,False,False,False,False,False
30,2011,2024,2011,14,2011_2024,4.5699,4.8177,0.7937,0.4063,0.5959,3228,10,2011-01-03,2024-12-08,0.1286,GIS 30 mean,GIS 30 mean,3.1731,0.1504,1.3968,1.3968,False,False,False,False,False,False,False
30,2010,2024,2010,15,2010_2024,4.6013,4.8018,0.68,0.3738,0.6288,3388,10,2010-02-01,2024-12-08,0.1183,GIS 30 mean,GIS 30 mean,3.1731,0.1504,1.4282,1.4282,False,False,False,False,False,False,False
30,2009,2024,2009,16,2009_2024,4.5018,4.6665,0.6631,0.3563,0.6355,3471,10,2009-02-06,2024-12-08,0.1128,GIS 30 mean,GIS 30 mean,3.1731,0.1504,1.3287,1.3287,False,False,False,False,False,False,False
30,2008,2024,2008,17,2008_2024,4.4352,4.5898,0.5715,0.3165,0.6723,3653,10,2008-01-27,2024-12-08,0.1002,GIS 30 mean,GIS 30 mean,3.1731,0.1504,1.2621,1.2621,False,False,False,False,False,False,False
30,2007,2024,2007,18,2007_2024,4.2785,4.4056,0.4488,0.2938,0.6829,3792,10,2007-01-09,2024-12-08,0.0931,GIS 30 mean,GIS 30 mean,3.1731,0.1504,1.1054,1.1054,False,False,False,False,False,False,False
30,2006,2024,2006,19,2006_2024,4.1604,4.2783,0.2646,0.2643,0.7063,3994,10,2006-01-21,2024-12-08,0.0837,GIS 30 mean,GIS 30 mean,3.1731,0.1504,0.9873,0.9873,False,False,False,False,False,True,False
30,2005,2024,2005,20,2005_2024,4.1747,4.2398,0.2231,0.2444,0.7311,4155,10,2005-01-18,2024-12-08,0.0774,GIS 30 mean,GIS 30 mean,3.1731,0.1504,1.0016,1.0016,False,False,False,False,False,False,False
30,2004,2024,2004,21,2004_2024,3.8576,3.8837,0.1816,0.2352,0.7059,4342,10,2004-01-08,2024-12-08,0.0745,GIS 30 mean,GIS 30 mean,3.1731,0.1504,0.6845,0.6845,False,False,False,False,False,True,False
30,2003,2024,2003,22,2003_2024,3.6746,3.672,0.1605,0.2243,0.6982,4498,10,2003-01-05,2024-12-08,0.0711,GIS 30 mean,GIS 30 mean,3.1731,0.1504,0.5015,0.5015,False,False,True,False,False,True,False
30,2002,2024,2002,23,2002_2024,3.5244,3.5246,0.1514,0.2026,0.7106,4760,10,2002-01-10,2024-12-08,0.0643,GIS 30 mean,GIS 30 mean,3.1731,0.1504,0.3513,0.3513,False,False,True,True,True,True,True
30,2001,2024,2001,24,2001_2024,3.4549,3.4756,0.159,0.1869,0.7253,4982,10,2001-01-31,2024-12-08,0.0593,GIS 30 mean,GIS 30 mean,3.1731,0.1504,0.2818,0.2818,False,False,True,True,True,True,True
30,2000,2024,2000,25,2000_2024,3.2605,3.2788,0.1081,0.1724,0.7228,5292,10,2000-01-13,2024-12-08,0.0547,GIS 30 mean,GIS 30 mean,3.1731,0.1504,0.0874,0.0874,True,True,True,True,True,True,True
30,1999,2024,1999,26,1999_2024,3.2618,3.2751,0.0817,0.1628,0.7392,5473,10,1999-03-07,2024-12-08,0.0516,GIS 30 mean,GIS 30 mean,3.1731,0.1504,0.0887,0.0887,True,True,True,True,True,True,True
30,1998,2024,1998,27,1998_2024,3.2561,3.2675,0.0765,0.1588,0.7452,5555,10,1998-01-31,2024-12-08,0.0503,GIS 30 mean,GIS 30 mean,3.1731,0.1504,0.083,0.083,True,True,True,True,True,True,True
30,1997,2024,1997,28,1997_2024,3.2455,3.2531,0.0702,0.1552,0.7502,5625,10,1997-01-12,2024-12-08,0.0492,GIS 30 mean,GIS 30 mean,3.1731,0.1504,0.0724,0.0724,True,True,True,True,True,True,True
30,1996,2024,1996,29,1996_2024,3.1731,3.1716,0.0548,0.1504,0.7496,5751,10,1996-02-11,2024-12-08,0.0476,GIS 30 mean,GIS 30 mean,3.1731,0.1504,0.0,0.0,True,True,True,True,True,True,True
31,2020,2024,2020,5,2020_2024,3.9108,4.3396,1.0257,1.6561,0.1282,1678,11,2020-01-28,2024-12-08,0.5004,GIS 31 mean,GIS 31 mean,2.5948,0.1496,1.316,1.316,False,False,False,False,False,False,True
31,2019,2024,2019,6,2019_2024,3.5098,3.7587,1.5764,1.2307,0.162,1916,11,2019-01-10,2024-12-08,0.3714,GIS 31 mean,GIS 31 mean,2.5948,0.1496,0.915,0.915,False,False,False,False,False,True,True
31,2018,2024,2018,7,2018_2024,4.3697,4.5653,1.4408,1.0119,0.2725,2121,11,2018-02-07,2024-12-08,0.3053,GIS 31 mean,GIS 31 mean,2.5948,0.1496,1.7749,1.7749,False,False,False,False,False,False,False
31,2017,2024,2017,8,2017_2024,4.4612,4.5841,0.9992,0.7687,0.3712,2405,11,2017-01-19,2024-12-08,0.232,GIS 31 mean,GIS 31 mean,2.5948,0.1496,1.8664,1.8664,False,False,False,False,False,False,False
31,2016,2024,2016,9,2016_2024,3.9203,3.9183,0.9584,0.643,0.3691,2667,11,2016-01-02,2024-12-08,0.194,GIS 31 mean,GIS 31 mean,2.5948,0.1496,1.3255,1.3255,False,False,False,False,False,False,False
31,2015,2024,2015,10,2015_2024,3.6045,3.6905,0.9136,0.5721,0.3679,2856,11,2015-02-07,2024-12-08,0.1726,GIS 31 mean,GIS 31 mean,2.5948,0.1496,1.0097,1.0097,False,False,False,False,False,False,False
31,2014,2024,2014,11,2014_2024,2.3484,2.1104,0.6065,0.5741,0.1881,3078,11,2014-01-12,2024-12-08,0.1739,GIS 31 mean,GIS 31 mean,2.5948,0.1496,-0.2464,0.2464,False,True,True,True,True,True,True
31,2013,2024,2013,12,2013_2024,1.8778,1.7678,0.2656,0.5346,0.1419,3267,11,2013-02-01,2024-12-08,0.1624,GIS 31 mean,GIS 31 mean,2.5948,0.1496,-0.717,0.717,False,False,False,False,False,True,False
31,2012,2024,2012,13,2012_2024,1.8763,1.8152,0.2227,0.5003,0.1567,3374,11,2012-01-14,2024-12-08,0.152,GIS 31 mean,GIS 31 mean,2.5948,0.1496,-0.7185,0.7185,False,False,False,False,False,True,False
31,2011,2024,2011,14,2011_2024,2.2783,2.2587,0.2827,0.4494,0.2419,3572,11,2011-01-03,2024-12-08,0.1362,GIS 31 mean,GIS 31 mean,2.5948,0.1496,-0.3165,0.3165,False,False,True,True,True,True,True
31,2010,2024,2010,15,2010_2024,2.5179,2.551,0.2933,0.4112,0.3028,3785,11,2010-02-01,2024-12-08,0.1246,GIS 31 mean,GIS 31 mean,2.5948,0.1496,-0.0769,0.0769,True,True,True,True,True,True,True
31,2009,2024,2009,16,2009_2024,2.4288,2.4429,0.3003,0.391,0.3044,3875,11,2009-02-06,2024-12-08,0.1185,GIS 31 mean,GIS 31 mean,2.5948,0.1496,-0.166,0.166,False,True,True,True,True,True,True
31,2008,2024,2008,17,2008_2024,2.4272,2.3844,0.4094,0.3419,0.3482,4121,11,2008-01-27,2024-12-08,0.1037,GIS 31 mean,GIS 31 mean,2.5948,0.1496,-0.1676,0.1676,False,True,True,True,True,True,True
31,2007,2024,2007,18,2007_2024,2.5296,2.4565,0.4138,0.3145,0.3947,4282,11,2007-01-09,2024-12-08,0.0953,GIS 31 mean,GIS 31 mean,2.5948,0.1496,-0.0652,0.0652,True,True,True,True,True,True,True
31,2006,2024,2006,19,2006_2024,2.5707,2.4948,0.5008,0.282,0.438,4511,11,2006-01-21,2024-12-08,0.0854,GIS 31 mean,GIS 31 mean,2.5948,0.1496,-0.0241,0.0241,True,True,True,True,True,True,True
31,2005,2024,2005,20,2005_2024,2.7254,2.6525,0.5049,0.2644,0.4867,4681,11,2005-01-18,2024-12-08,0.08,GIS 31 mean,GIS 31 mean,2.5948,0.1496,0.1306,0.1306,True,True,True,True,True,True,True
31,2004,2024,2004,21,2004_2024,2.7112,2.6662,0.4234,0.2445,0.513,4884,11,2004-01-08,2024-12-08,0.0739,GIS 31 mean,GIS 31 mean,2.5948,0.1496,0.1164,0.1164,True,True,True,True,True,True,True
31,2003,2024,2003,22,2003_2024,2.6789,2.6424,0.3855,0.2259,0.5365,5086,11,2003-01-05,2024-12-08,0.0683,GIS 31 mean,GIS 31 mean,2.5948,0.1496,0.0841,0.0841,True,True,True,True,True,True,True
31,2002,2024,2002,23,2002_2024,2.7401,2.7138,0.3767,0.2021,0.5873,5376,11,2002-01-10,2024-12-08,0.0611,GIS 31 mean,GIS 31 mean,2.5948,0.1496,0.1453,0.1453,True,True,True,True,True,True,True
31,2001,2024,2001,24,2001_2024,2.8164,2.8213,0.3666,0.1864,0.627,5628,11,2001-01-31,2024-12-08,0.0564,GIS 31 mean,GIS 31 mean,2.5948,0.1496,0.2216,0.2216,False,True,True,True,True,True,True
31,2000,2024,2000,25,2000_2024,2.7411,2.7521,0.3172,0.1685,0.6484,5969,11,2000-01-13,2024-12-08,0.0509,GIS 31 mean,GIS 31 mean,2.5948,0.1496,0.1463,0.1463,True,True,True,True,True,True,True
31,1999,2024,1999,26,1999_2024,2.7439,2.7641,0.3188,0.1587,0.6674,6178,11,1999-03-07,2024-12-08,0.048,GIS 31 mean,GIS 31 mean,2.5948,0.1496,0.1491,0.1491,True,True,True,True,True,True,True
31,1998,2024,1998,27,1998_2024,2.7144,2.7376,0.3264,0.1555,0.6678,6275,11,1998-01-31,2024-12-08,0.047,GIS 31 mean,GIS 31 mean,2.5948,0.1496,0.1196,0.1196,True,True,True,True,True,True,True
31,1997,2024,1997,28,1997_2024,2.7022,2.7232,0.3256,0.1523,0.6723,6348,11,1997-01-12,2024-12-08,0.046,GIS 31 mean,GIS 31 mean,2.5948,0.1496,0.1074,0.1074,True,True,True,True,True,True,True
31,1996,2024,1996,29,1996_2024,2.5948,2.6083,0.3094,0.1496,0.6581,6480,11,1996-02-11,2024-12-08,0.0452,GIS 31 mean,GIS 31 mean,2.5948,0.1496,0.0,0.0,True,True,True,True,True,True,True
32,2020,2024,2020,5,2020_2024,0.6973,0.6583,2.7635,2.0165,0.0443,1449,10,2020-01-28,2024-12-08,0.6383,GIS 32 mean,GIS 32 mean,1.4803,0.1672,-0.783,0.783,False,False,False,False,False,True,True
32,2019,2024,2019,6,2019_2024,3.9076,4.3346,1.9139,1.4541,0.1634,1705,10,2019-01-10,2024-12-08,0.4608,GIS 32 mean,GIS 32 mean,1.4803,0.1672,2.4273,2.4273,False,False,False,False,False,False,False
32,2018,2024,2018,7,2018_2024,5.052,5.8979,1.9174,1.1981,0.2802,1896,10,2018-02-07,2024-12-08,0.3796,GIS 32 mean,GIS 32 mean,1.4803,0.1672,3.5717,3.5717,False,False,False,False,False,False,False
32,2017,2024,2017,8,2017_2024,5.6306,6.1564,1.2246,0.9466,0.3923,2142,10,2017-01-19,2024-12-08,0.2997,GIS 32 mean,GIS 32 mean,1.4803,0.1672,4.1503,4.1503,False,False,False,False,False,False,False
32,2016,2024,2016,9,2016_2024,5.088,5.6046,1.1993,0.8026,0.3987,2350,10,2016-01-02,2024-12-08,0.254,GIS 32 mean,GIS 32 mean,1.4803,0.1672,3.6077,3.6077,False,False,False,False,False,False,False
32,2015,2024,2015,10,2015_2024,4.708,5.1945,1.0332,0.6954,0.4117,2545,10,2015-02-07,2024-12-08,0.2203,GIS 32 mean,GIS 32 mean,1.4803,0.1672,3.2277,3.2277,False,False,False,False,False,False,False
32,2014,2024,2014,11,2014_2024,4.3686,4.4573,0.4856,0.6424,0.3996,2713,10,2014-01-12,2024-12-08,0.2033,GIS 32 mean,GIS 32 mean,1.4803,0.1672,2.8883,2.8883,False,False,False,False,False,False,False
32,2013,2024,2013,12,2013_2024,3.3253,3.3706,0.3251,0.6272,0.2774,2881,10,2013-02-01,2024-12-08,0.1985,GIS 32 mean,GIS 32 mean,1.4803,0.1672,1.845,1.845,False,False,False,False,False,False,False
32,2012,2024,2012,13,2012_2024,2.8746,2.8586,0.2925,0.5961,0.2352,2973,10,2012-01-14,2024-12-08,0.1887,GIS 32 mean,GIS 32 mean,1.4803,0.1672,1.3943,1.3943,False,False,False,False,False,False,False
32,2011,2024,2011,14,2011_2024,2.4317,2.4623,0.2317,0.5211,0.2117,3169,10,2011-01-03,2024-12-08,0.1649,GIS 32 mean,GIS 32 mean,1.4803,0.1672,0.9514,0.9514,False,False,False,False,False,True,False
32,2010,2024,2010,15,2010_2024,2.2548,2.4276,0.3262,0.4762,0.2081,3326,10,2010-02-01,2024-12-08,0.1507,GIS 32 mean,GIS 32 mean,1.4803,0.1672,0.7745,0.7745,False,False,False,False,False,True,False
32,2009,2024,2009,16,2009_2024,2.0959,2.2652,0.3375,0.45,0.1984,3416,10,2009-02-06,2024-12-08,0.1424,GIS 32 mean,GIS 32 mean,1.4803,0.1672,0.6156,0.6156,False,False,False,False,False,True,True
32,2008,2024,2008,17,2008_2024,1.5879,1.7411,0.4252,0.4145,0.1394,3594,10,2008-01-27,2024-12-08,0.1312,GIS 32 mean,GIS 32 mean,1.4803,0.1672,0.1076,0.1076,True,True,True,True,True,True,True
32,2007,2024,2007,18,2007_2024,1.4344,1.5463,0.46,0.3784,0.1341,3742,10,2007-01-09,2024-12-08,0.1197,GIS 32 mean,GIS 32 mean,1.4803,0.1672,-0.0459,0.0459,True,True,True,True,True,True,True
32,2006,2024,2006,19,2006_2024,1.4147,1.4963,0.3718,0.336,0.1519,3942,10,2006-01-21,2024-12-08,0.1063,GIS 32 mean,GIS 32 mean,1.4803,0.1672,-0.0656,0.0656,True,True,True,True,True,True,True
32,2005,2024,2005,20,2005_2024,1.51,1.5676,0.3882,0.3105,0.1862,4099,10,2005-01-18,2024-12-08,0.0982,GIS 32 mean,GIS 32 mean,1.4803,0.1672,0.0297,0.0297,True,True,True,True,True,True,True
32,2004,2024,2004,21,2004_2024,1.6185,1.6568,0.3287,0.2831,0.2299,4286,10,2004-01-08,2024-12-08,0.0895,GIS 32 mean,GIS 32 mean,1.4803,0.1672,0.1382,0.1382,True,True,True,True,True,True,True
32,2003,2024,2003,22,2003_2024,1.5686,1.5726,0.3315,0.2603,0.2405,4458,10,2003-01-05,2024-12-08,0.0823,GIS 32 mean,GIS 32 mean,1.4803,0.1672,0.0883,0.0883,True,True,True,True,True,True,True
32,2002,2024,2002,23,2002_2024,1.4526,1.3954,0.4023,0.2327,0.2432,4721,10,2002-01-10,2024-12-08,0.0736,GIS 32 mean,GIS 32 mean,1.4803,0.1672,-0.0277,0.0277,True,True,True,True,True,True,True
32,2001,2024,2001,24,2001_2024,1.4042,1.3026,0.4043,0.2144,0.2516,4942,10,2001-01-31,2024-12-08,0.0678,GIS 32 mean,GIS 32 mean,1.4803,0.1672,-0.0761,0.0761,True,True,True,True,True,True,True
32,2000,2024,2000,25,2000_2024,1.4334,1.3377,0.3898,0.1916,0.29,5253,10,2000-01-06,2024-12-08,0.0606,GIS 32 mean,GIS 32 mean,1.4803,0.1672,-0.0469,0.0469,True,True,True,True,True,True,True
32,1999,2024,1999,26,1999_2024,1.5477,1.4724,0.3152,0.1844,0.3324,5443,10,1999-03-07,2024-12-08,0.0583,GIS 32 mean,GIS 32 mean,1.4803,0.1672,0.0674,0.0674,True,True,True,True,True,True,True
32,1998,2024,1998,27,1998_2024,1.5181,1.4414,0.3047,0.1793,0.3325,5532,10,1998-01-31,2024-12-08,0.0567,GIS 32 mean,GIS 32 mean,1.4803,0.1672,0.0378,0.0378,True,True,True,True,True,True,True
32,1997,2024,1997,28,1997_2024,1.4967,1.4144,0.3111,0.1752,0.3335,5600,10,1997-01-12,2024-12-08,0.0554,GIS 32 mean,GIS 32 mean,1.4803,0.1672,0.0164,0.0164,True,True,True,True,True,True,True
32,1996,2024,1996,29,1996_2024,1.4803,1.3982,0.2987,0.1672,0.344,5727,10,1996-02-11,2024-12-08,0.0529,GIS 32 mean,GIS 32 mean,1.4803,0.1672,0.0,0.0,True,True,True,True,True,True,True
33,2020,2024,2020,5,2020_2024,-3.8553,-3.5414,1.1051,2.1759,0.077,1661,11,2020-01-28,2024-12-08,0.6575,GIS 33 mean,GIS 33 mean,1.3535,0.171,-5.2088,5.2088,False,False,False,False,False,False,False
33,2019,2024,2019,6,2019_2024,0.8831,0.7977,0.6283,1.7301,0.0074,1908,11,2019-01-10,2024-12-08,0.5233,GIS 33 mean,GIS 33 mean,1.3535,0.171,-0.4704,0.4704,False,False,False,True,True,True,True
33,2018,2024,2018,7,2018_2024,2.223,2.2263,0.6908,1.4384,0.0482,2081,11,2018-01-07,2024-12-08,0.4356,GIS 33 mean,GIS 33 mean,1.3535,0.171,0.8695,0.8695,False,False,False,False,False,True,True
33,2017,2024,2017,8,2017_2024,2.3161,2.3631,0.2388,1.0829,0.0788,2341,11,2017-01-19,2024-12-08,0.3284,GIS 33 mean,GIS 33 mean,1.3535,0.171,0.9626,0.9626,False,False,False,False,False,True,True
33,2016,2024,2016,9,2016_2024,2.7195,2.6001,0.594,0.8595,0.1412,2606,11,2016-01-02,2024-12-08,0.2605,GIS 33 mean,GIS 33 mean,1.3535,0.171,1.366,1.366,False,False,False,False,False,False,False
33,2015,2024,2015,10,2015_2024,2.3064,2.213,0.3017,0.7572,0.1243,2800,11,2015-02-07,2024-12-08,0.2291,GIS 33 mean,GIS 33 mean,1.3535,0.171,0.9529,0.9529,False,False,False,False,False,True,False
33,2014,2024,2014,11,2014_2024,2.7702,2.8065,0.1957,0.6707,0.1967,3020,11,2014-01-12,2024-12-08,0.203,GIS 33 mean,GIS 33 mean,1.3535,0.171,1.4167,1.4167,False,False,False,False,False,False,False
33,2013,2024,2013,12,2013_2024,3.265,3.1788,0.3536,0.6071,0.2793,3207,11,2013-02-01,2024-12-08,0.1839,GIS 33 mean,GIS 33 mean,1.3535,0.171,1.9115,1.9115,False,False,False,False,False,False,False
33,2012,2024,2012,13,2012_2024,3.0807,2.9414,0.5178,0.5741,0.2715,3301,11,2012-01-14,2024-12-08,0.1739,GIS 33 mean,GIS 33 mean,1.3535,0.171,1.7272,1.7272,False,False,False,False,False,False,False
33,2011,2024,2011,14,2011_2024,2.768,2.5659,0.6332,0.5063,0.2658,3495,11,2011-01-03,2024-12-08,0.1531,GIS 33 mean,GIS 33 mean,1.3535,0.171,1.4145,1.4145,False,False,False,False,False,False,False
33,2010,2024,2010,15,2010_2024,2.5365,2.3357,0.7572,0.4506,0.2636,3714,11,2010-02-01,2024-12-08,0.1363,GIS 33 mean,GIS 33 mean,1.3535,0.171,1.183,1.183,False,False,False,False,False,False,False
33,2009,2024,2009,16,2009_2024,2.3628,2.1406,0.7771,0.4325,0.2475,3800,11,2009-02-06,2024-12-08,0.1308,GIS 33 mean,GIS 33 mean,1.3535,0.171,1.0093,1.0093,False,False,False,False,False,False,False
33,2008,2024,2008,17,2008_2024,1.7858,1.5012,0.8203,0.3958,0.178,4038,11,2008-01-27,2024-12-08,0.1197,GIS 33 mean,GIS 33 mean,1.3535,0.171,0.4323,0.4323,False,False,False,True,True,True,True
33,2007,2024,2007,18,2007_2024,1.4343,1.1367,0.721,0.3732,0.1341,4198,11,2007-01-09,2024-12-08,0.1129,GIS 33 mean,GIS 33 mean,1.3535,0.171,0.0808,0.0808,True,True,True,True,True,True,True
33,2006,2024,2006,19,2006_2024,1.307,0.9954,0.5716,0.3349,0.1295,4432,11,2006-01-21,2024-12-08,0.1012,GIS 33 mean,GIS 33 mean,1.3535,0.171,-0.0465,0.0465,True,True,True,True,True,True,True
33,2005,2024,2005,20,2005_2024,1.3453,1.0524,0.5015,0.3105,0.1487,4607,11,2005-01-18,2024-12-08,0.0938,GIS 33 mean,GIS 33 mean,1.3535,0.171,-0.0082,0.0082,True,True,True,True,True,True,True
33,2004,2024,2004,21,2004_2024,1.4566,1.2376,0.407,0.2871,0.1856,4799,11,2004-01-08,2024-12-08,0.0866,GIS 33 mean,GIS 33 mean,1.3535,0.171,0.1031,0.1031,True,True,True,True,True,True,True
33,2003,2024,2003,22,2003_2024,1.4691,1.2858,0.3337,0.266,0.2056,4986,11,2003-01-05,2024-12-08,0.0803,GIS 33 mean,GIS 33 mean,1.3535,0.171,0.1156,0.1156,True,True,True,True,True,True,True
33,2002,2024,2002,23,2002_2024,1.3832,1.2239,0.3346,0.2375,0.2138,5271,11,2002-01-10,2024-12-08,0.0717,GIS 33 mean,GIS 33 mean,1.3535,0.171,0.0297,0.0297,True,True,True,True,True,True,True
33,2001,2024,2001,24,2001_2024,1.3797,1.2173,0.3248,0.2181,0.2342,5513,11,2001-01-31,2024-12-08,0.0658,GIS 33 mean,GIS 33 mean,1.3535,0.171,0.0262,0.0262,True,True,True,True,True,True,True
33,2000,2024,2000,25,2000_2024,1.4513,1.317,0.3283,0.1952,0.2833,5859,11,2000-01-06,2024-12-08,0.0589,GIS 33 mean,GIS 33 mean,1.3535,0.171,0.0978,0.0978,True,True,True,True,True,True,True
33,1999,2024,1999,26,1999_2024,1.4999,1.353,0.2971,0.1846,0.3133,6065,11,1999-03-07,2024-12-08,0.0557,GIS 33 mean,GIS 33 mean,1.3535,0.171,0.1464,0.1464,True,True,True,True,True,True,True
33,1998,2024,1998,27,1998_2024,1.4913,1.3546,0.2963,0.1792,0.32,6164,11,1998-01-31,2024-12-08,0.0541,GIS 33 mean,GIS 33 mean,1.3535,0.171,0.1378,0.1378,True,True,True,True,True,True,True
33,1997,2024,1997,28,1997_2024,1.4315,1.3023,0.2779,0.1765,0.3065,6241,11,1997-01-12,2024-12-08,0.0533,GIS 33 mean,GIS 33 mean,1.3535,0.171,0.078,0.078,True,True,True,True,True,True,True
33,1996,2024,1996,29,1996_2024,1.3535,1.2434,0.2251,0.171,0.2928,6373,11,1996-02-11,2024-12-08,0.0517,GIS 33 mean,GIS 33 mean,1.3535,0.171,0.0,0.0,True,True,True,True,True,True,True
34,2020,2024,2020,5,2020_2024,-4.3512,-4.2042,0.539,2.0708,0.1084,1481,10,2020-01-28,2024-12-08,0.659,GIS 34 mean,GIS 34 mean,1.8157,0.1843,-6.1669,6.1669,False,False,False,False,False,False,False
34,2019,2024,2019,6,2019_2024,2.0128,2.0112,0.4456,1.7244,0.0307,1726,10,2019-01-10,2024-12-08,0.547,GIS 34 mean,GIS 34 mean,1.8157,0.1843,0.1971,0.1971,False,True,True,True,True,True,True
34,2018,2024,2018,7,2018_2024,2.9575,3.0051,0.6164,1.4308,0.082,1891,10,2018-01-07,2024-12-08,0.4539,GIS 34 mean,GIS 34 mean,1.8157,0.1843,1.1418,1.1418,False,False,False,False,False,False,True
34,2017,2024,2017,8,2017_2024,2.9714,2.8606,0.3548,1.102,0.1198,2119,10,2017-01-27,2024-12-08,0.3502,GIS 34 mean,GIS 34 mean,1.8157,0.1843,1.1557,1.1557,False,False,False,False,False,False,True
34,2016,2024,2016,9,2016_2024,3.4906,3.4176,0.5126,0.9079,0.1986,2328,10,2016-01-02,2024-12-08,0.2883,GIS 34 mean,GIS 34 mean,1.8157,0.1843,1.6749,1.6749,False,False,False,False,False,False,False
34,2015,2024,2015,10,2015_2024,3.0887,2.9893,0.2215,0.7849,0.1954,2507,10,2015-02-07,2024-12-08,0.2488,GIS 34 mean,GIS 34 mean,1.8157,0.1843,1.273,1.273,False,False,False,False,False,False,False
34,2014,2024,2014,11,2014_2024,2.93,2.8916,0.3016,0.6891,0.2089,2676,10,2014-01-12,2024-12-08,0.2185,GIS 34 mean,GIS 34 mean,1.8157,0.1843,1.1143,1.1143,False,False,False,False,False,False,False
34,2013,2024,2013,12,2013_2024,3.4565,3.4309,0.3534,0.63,0.2921,2842,10,2013-02-01,2024-12-08,0.1998,GIS 34 mean,GIS 34 mean,1.8157,0.1843,1.6408,1.6408,False,False,False,False,False,False,False
34,2012,2024,2012,13,2012_2024,3.6141,3.5856,0.2638,0.5858,0.3365,2936,10,2012-01-14,2024-12-08,0.1859,GIS 34 mean,GIS 34 mean,1.8157,0.1843,1.7984,1.7984,False,False,False,False,False,False,False
34,2011,2024,2011,14,2011_2024,3.8747,3.8758,0.073,0.5036,0.4252,3138,10,2011-01-03,2024-12-08,0.1597,GIS 34 mean,GIS 34 mean,1.8157,0.1843,2.059,2.059,False,False,False,False,False,False,False
34,2010,2024,2010,15,2010_2024,3.8055,3.7886,0.0902,0.4516,0.4573,3310,10,2010-02-01,2024-12-08,0.1434,GIS 34 mean,GIS 34 mean,1.8157,0.1843,1.9898,1.9898,False,False,False,False,False,False,False
34,2009,2024,2009,16,2009_2024,3.6863,3.6642,0.0823,0.4252,0.4644,3403,10,2009-02-06,2024-12-08,0.135,GIS 34 mean,GIS 34 mean,1.8157,0.1843,1.8706,1.8706,False,False,False,False,False,False,False
34,2008,2024,2008,17,2008_2024,3.5613,3.5758,0.0997,0.3787,0.4923,3587,10,2008-01-27,2024-12-08,0.1204,GIS 34 mean,GIS 34 mean,1.8157,0.1843,1.7456,1.7456,False,False,False,False,False,False,False
34,2007,2024,2007,18,2007_2024,3.3415,3.4148,0.164,0.3506,0.489,3734,10,2007-01-09,2024-12-08,0.1115,GIS 34 mean,GIS 34 mean,1.8157,0.1843,1.5258,1.5258,False,False,False,False,False,False,False
34,2006,2024,2006,19,2006_2024,2.994,3.0404,0.1671,0.3227,0.4617,3931,10,2006-01-21,2024-12-08,0.1024,GIS 34 mean,GIS 34 mean,1.8157,0.1843,1.1783,1.1783,False,False,False,False,False,False,False
34,2005,2024,2005,20,2005_2024,2.762,2.7994,0.174,0.3048,0.4402,4077,10,2005-01-18,2024-12-08,0.0966,GIS 34 mean,GIS 34 mean,1.8157,0.1843,0.9463,0.9463,False,False,False,False,False,True,False
34,2004,2024,2004,21,2004_2024,2.5747,2.6244,0.1283,0.2824,0.4317,4263,10,2004-01-08,2024-12-08,0.0895,GIS 34 mean,GIS 34 mean,1.8157,0.1843,0.759,0.759,False,False,False,False,False,True,False
34,2003,2024,2003,22,2003_2024,2.4002,2.4572,0.1157,0.2644,0.4203,4428,10,2003-01-05,2024-12-08,0.0838,GIS 34 mean,GIS 34 mean,1.8157,0.1843,0.5845,0.5845,False,False,False,False,False,True,False
34,2002,2024,2002,23,2002_2024,2.178,2.2387,0.1524,0.2401,0.4051,4689,10,2002-01-10,2024-12-08,0.076,GIS 34 mean,GIS 34 mean,1.8157,0.1843,0.3623,0.3623,False,False,True,True,True,True,True
34,2001,2024,2001,24,2001_2024,2.197,2.2511,0.1541,0.2197,0.441,4909,10,2001-01-31,2024-12-08,0.0695,GIS 34 mean,GIS 34 mean,1.8157,0.1843,0.3813,0.3813,False,False,False,True,True,True,True
34,2000,2024,2000,25,2000_2024,2.1697,2.2116,0.1958,0.198,0.4704,5219,10,2000-01-13,2024-12-08,0.0626,GIS 34 mean,GIS 34 mean,1.8157,0.1843,0.354,0.354,False,False,True,True,True,True,True
34,1999,2024,1999,26,1999_2024,2.1375,2.1854,0.2032,0.187,0.4825,5399,10,1999-03-07,2024-12-08,0.0592,GIS 34 mean,GIS 34 mean,1.8157,0.1843,0.3218,0.3218,False,False,True,True,True,True,True
34,1998,2024,1998,27,1998_2024,2.1035,2.1528,0.2019,0.1827,0.4822,5480,10,1998-01-31,2024-12-08,0.0578,GIS 34 mean,GIS 34 mean,1.8157,0.1843,0.2878,0.2878,False,False,True,True,True,True,True
34,1997,2024,1997,28,1997_2024,2.0168,2.0664,0.1891,0.1823,0.4595,5548,10,1997-01-12,2024-12-08,0.0577,GIS 34 mean,GIS 34 mean,1.8157,0.1843,0.2011,0.2011,False,True,True,True,True,True,True
34,1996,2024,1996,29,1996_2024,1.8157,1.8704,0.189,0.1843,0.3977,5668,10,1996-02-11,2024-12-08,0.0583,GIS 34 mean,GIS 34 mean,1.8157,0.1843,0.0,0.0,True,True,True,True,True,True,True
35,2020,2024,2020,5,2020_2024,-2.2668,-2.009,0.764,1.7545,0.0454,1673,11,2020-01-28,2024-12-08,0.5295,GIS 35 mean,GIS 35 mean,0.5998,0.1897,-2.8666,2.8666,False,False,False,False,False,False,False
35,2019,2024,2019,6,2019_2024,2.0622,1.9954,0.5104,1.4873,0.0434,1913,11,2019-01-10,2024-12-08,0.4493,GIS 35 mean,GIS 35 mean,0.5998,0.1897,1.4624,1.4624,False,False,False,False,False,False,True
35,2018,2024,2018,7,2018_2024,2.625,2.5292,0.4271,1.2666,0.0837,2072,11,2018-01-07,2024-12-08,0.3823,GIS 35 mean,GIS 35 mean,0.5998,0.1897,2.0252,2.0252,False,False,False,False,False,False,False
35,2017,2024,2017,8,2017_2024,2.5605,2.6821,0.2992,0.9503,0.1196,2331,11,2017-01-19,2024-12-08,0.2867,GIS 35 mean,GIS 35 mean,0.5998,0.1897,1.9607,1.9607,False,False,False,False,False,False,False
35,2016,2024,2016,9,2016_2024,2.7912,2.8406,0.1842,0.7637,0.1824,2588,11,2016-01-02,2024-12-08,0.2303,GIS 35 mean,GIS 35 mean,0.5998,0.1897,2.1914,2.1914,False,False,False,False,False,False,False
35,2015,2024,2015,10,2015_2024,2.4734,2.5149,0.1068,0.6722,0.1727,2790,11,2015-02-07,2024-12-08,0.2027,GIS 35 mean,GIS 35 mean,0.5998,0.1897,1.8736,1.8736,False,False,False,False,False,False,False
35,2014,2024,2014,11,2014_2024,2.3015,2.3092,0.1176,0.5865,0.1804,3011,11,2014-01-12,2024-12-08,0.1769,GIS 35 mean,GIS 35 mean,0.5998,0.1897,1.7017,1.7017,False,False,False,False,False,False,False
35,2013,2024,2013,12,2013_2024,2.6711,2.6714,0.0655,0.5281,0.2553,3204,11,2013-02-01,2024-12-08,0.1593,GIS 35 mean,GIS 35 mean,0.5998,0.1897,2.0713,2.0713,False,False,False,False,False,False,False
35,2012,2024,2012,13,2012_2024,2.9558,2.9453,0.0989,0.5034,0.3095,3299,11,2012-01-14,2024-12-08,0.1518,GIS 35 mean,GIS 35 mean,0.5998,0.1897,2.356,2.356,False,False,False,False,False,False,False
35,2011,2024,2011,14,2011_2024,3.3805,3.3999,0.1909,0.4512,0.4074,3494,11,2011-01-03,2024-12-08,0.1361,GIS 35 mean,GIS 35 mean,0.5998,0.1897,2.7807,2.7807,False,False,False,False,False,False,False
35,2010,2024,2010,15,2010_2024,3.4643,3.5153,0.1687,0.399,0.4649,3710,11,2010-02-01,2024-12-08,0.1203,GIS 35 mean,GIS 35 mean,0.5998,0.1897,2.8645,2.8645,False,False,False,False,False,False,False
35,2009,2024,2009,16,2009_2024,3.3641,3.3509,0.1166,0.382,0.4667,3793,11,2009-02-06,2024-12-08,0.1152,GIS 35 mean,GIS 35 mean,0.5998,0.1897,2.7643,2.7643,False,False,False,False,False,False,False
35,2008,2024,2008,17,2008_2024,3.2579,3.2538,0.0794,0.3407,0.495,3992,11,2008-01-27,2024-12-08,0.1027,GIS 35 mean,GIS 35 mean,0.5998,0.1897,2.6581,2.6581,False,False,False,False,False,False,False
35,2007,2024,2007,18,2007_2024,2.9876,2.9375,0.1267,0.3203,0.4729,4143,11,2007-01-09,2024-12-08,0.0966,GIS 35 mean,GIS 35 mean,0.5998,0.1897,2.3878,2.3878,False,False,False,False,False,False,False
35,2006,2024,2006,19,2006_2024,2.5806,2.5797,0.1049,0.2993,0.4208,4378,11,2006-01-21,2024-12-08,0.0903,GIS 35 mean,GIS 35 mean,0.5998,0.1897,1.9808,1.9808,False,False,False,False,False,False,False
35,2005,2024,2005,20,2005_2024,2.2525,2.1899,0.1461,0.2885,0.3638,4547,11,2005-01-18,2024-12-08,0.087,GIS 35 mean,GIS 35 mean,0.5998,0.1897,1.6527,1.6527,False,False,False,False,False,False,False
35,2004,2024,2004,21,2004_2024,1.8113,1.7583,0.2449,0.2818,0.2704,4753,11,2004-01-08,2024-12-08,0.085,GIS 35 mean,GIS 35 mean,0.5998,0.1897,1.2115,1.2115,False,False,False,False,False,False,False
35,2003,2024,2003,22,2003_2024,1.497,1.4398,0.2821,0.2728,0.2088,4934,11,2003-01-05,2024-12-08,0.0823,GIS 35 mean,GIS 35 mean,0.5998,0.1897,0.8972,0.8972,False,False,False,False,False,True,False
35,2002,2024,2002,23,2002_2024,1.1216,1.047,0.3012,0.2541,0.1418,5222,11,2002-01-10,2024-12-08,0.0767,GIS 35 mean,GIS 35 mean,0.5998,0.1897,0.5218,0.5218,False,False,False,True,False,True,False
35,2001,2024,2001,24,2001_2024,1.0307,0.9265,0.3966,0.2346,0.1401,5460,11,2001-01-31,2024-12-08,0.0708,GIS 35 mean,GIS 35 mean,0.5998,0.1897,0.4309,0.4309,False,False,False,True,True,True,False
35,2000,2024,2000,25,2000_2024,0.9417,0.8436,0.4038,0.2105,0.1384,5806,11,2000-01-06,2024-12-08,0.0635,GIS 35 mean,GIS 35 mean,0.5998,0.1897,0.3419,0.3419,False,False,False,True,True,True,True
35,1999,2024,1999,26,1999_2024,0.8921,0.7962,0.3933,0.1989,0.1355,6003,11,1999-03-07,2024-12-08,0.06,GIS 35 mean,GIS 35 mean,0.5998,0.1897,0.2923,0.2923,False,False,False,True,True,True,True
35,1998,2024,1998,27,1998_2024,0.8475,0.7383,0.3981,0.1943,0.1291,6091,11,1998-03-04,2024-12-08,0.0586,GIS 35 mean,GIS 35 mean,0.5998,0.1897,0.2477,0.2477,False,True,False,True,True,True,True
35,1997,2024,1997,28,1997_2024,0.7807,0.6662,0.3979,0.1917,0.1157,6166,11,1997-01-12,2024-12-08,0.0578,GIS 35 mean,GIS 35 mean,0.5998,0.1897,0.1809,0.1809,True,True,False,True,True,True,True
35,1996,2024,1996,29,1996_2024,0.5998,0.478,0.3801,0.1897,0.0782,6309,11,1996-02-11,2024-12-08,0.0572,GIS 35 mean,GIS 35 mean,0.5998,0.1897,0.0,0.0,True,True,True,True,True,True,True
36,2020,2024,2020,5,2020_2024,-0.8152,-1.1851,1.0872,1.6866,0.0153,1461,10,2020-01-28,2024-12-08,0.5348,GIS 36 mean,GIS 36 mean,0.0059,0.1851,-0.8211,0.8211,False,False,False,False,False,True,True
36,2019,2024,2019,6,2019_2024,1.6619,1.6075,0.2141,1.2372,0.0408,1720,10,2019-01-10,2024-12-08,0.3918,GIS 36 mean,GIS 36 mean,0.0059,0.1851,1.656,1.656,False,False,False,False,False,False,False
36,2018,2024,2018,7,2018_2024,2.5372,2.5596,0.16,1.0399,0.1119,1891,10,2018-02-07,2024-12-08,0.3297,GIS 36 mean,GIS 36 mean,0.0059,0.1851,2.5313,2.5313,False,False,False,False,False,False,False
36,2017,2024,2017,8,2017_2024,3.7265,3.7992,0.2973,0.8368,0.2664,2165,10,2017-01-19,2024-12-08,0.2653,GIS 36 mean,GIS 36 mean,0.0059,0.1851,3.7206,3.7206,False,False,False,False,False,False,False
36,2016,2024,2016,9,2016_2024,3.4899,3.5249,0.2698,0.6963,0.2934,2382,10,2016-01-02,2024-12-08,0.2208,GIS 36 mean,GIS 36 mean,0.0059,0.1851,3.484,3.484,False,False,False,False,False,False,False
36,2015,2024,2015,10,2015_2024,2.9258,2.9919,0.2584,0.633,0.2469,2555,10,2015-02-07,2024-12-08,0.2005,GIS 36 mean,GIS 36 mean,0.0059,0.1851,2.9199,2.9199,False,False,False,False,False,False,False
36,2014,2024,2014,11,2014_2024,2.6275,2.6821,0.1994,0.5624,0.2385,2731,10,2014-01-12,2024-12-08,0.1783,GIS 36 mean,GIS 36 mean,0.0059,0.1851,2.6216,2.6216,False,False,False,False,False,False,False
36,2013,2024,2013,12,2013_2024,2.5367,2.6265,0.2413,0.4984,0.2574,2908,10,2013-02-01,2024-12-08,0.158,GIS 36 mean,GIS 36 mean,0.0059,0.1851,2.5308,2.5308,False,False,False,False,False,False,False
36,2012,2024,2012,13,2012_2024,2.5089,2.583,0.4044,0.4652,0.272,3007,10,2012-01-14,2024-12-08,0.1474,GIS 36 mean,GIS 36 mean,0.0059,0.1851,2.503,2.503,False,False,False,False,False,False,False
36,2011,2024,2011,14,2011_2024,2.4806,2.6232,0.683,0.4078,0.3051,3212,10,2011-01-03,2024-12-08,0.1291,GIS 36 mean,GIS 36 mean,0.0059,0.1851,2.4747,2.4747,False,False,False,False,False,False,False
36,2010,2024,2010,15,2010_2024,2.4892,2.6417,0.7023,0.3671,0.3381,3391,10,2010-02-01,2024-12-08,0.1163,GIS 36 mean,GIS 36 mean,0.0059,0.1851,2.4833,2.4833,False,False,False,False,False,False,False
36,2009,2024,2009,16,2009_2024,2.5383,2.6748,0.6889,0.3476,0.3646,3486,10,2009-02-06,2024-12-08,0.1101,GIS 36 mean,GIS 36 mean,0.0059,0.1851,2.5324,2.5324,False,False,False,False,False,False,False
36,2008,2024,2008,17,2008_2024,2.5796,2.7013,0.6644,0.3085,0.4148,3677,10,2008-01-27,2024-12-08,0.0978,GIS 36 mean,GIS 36 mean,0.0059,0.1851,2.5737,2.5737,False,False,False,False,False,False,False
36,2007,2024,2007,18,2007_2024,2.409,2.554,0.5851,0.2858,0.41,3827,10,2007-01-09,2024-12-08,0.0906,GIS 36 mean,GIS 36 mean,0.0059,0.1851,2.4031,2.4031,False,False,False,False,False,False,False
36,2006,2024,2006,19,2006_2024,2.2316,2.3888,0.5389,0.2607,0.4057,4022,10,2006-01-21,2024-12-08,0.0826,GIS 36 mean,GIS 36 mean,0.0059,0.1851,2.2257,2.2257,False,False,False,False,False,False,False
36,2005,2024,2005,20,2005_2024,1.9432,2.1368,0.4585,0.2558,0.3442,4159,10,2005-01-18,2024-12-08,0.0811,GIS 36 mean,GIS 36 mean,0.0059,0.1851,1.9373,1.9373,False,False,False,False,False,False,False
36,2004,2024,2004,21,2004_2024,1.5062,1.6107,0.3109,0.2527,0.238,4346,10,2004-01-08,2024-12-08,0.0803,GIS 36 mean,GIS 36 mean,0.0059,0.1851,1.5003,1.5003,False,False,False,False,False,False,False
36,2003,2024,2003,22,2003_2024,1.1182,1.1998,0.2765,0.2519,0.143,4524,10,2003-01-05,2024-12-08,0.08,GIS 36 mean,GIS 36 mean,0.0059,0.1851,1.1123,1.1123,False,False,False,False,False,False,False
36,2002,2024,2002,23,2002_2024,0.7143,0.7815,0.1865,0.236,0.0685,4793,10,2002-01-10,2024-12-08,0.0751,GIS 36 mean,GIS 36 mean,0.0059,0.1851,0.7084,0.7084,False,False,False,False,False,True,False
36,2001,2024,2001,24,2001_2024,0.4393,0.5024,0.1888,0.2249,0.0301,5013,10,2001-01-31,2024-12-08,0.0714,GIS 36 mean,GIS 36 mean,0.0059,0.1851,0.4334,0.4334,False,False,False,True,True,True,False
36,2000,2024,2000,25,2000_2024,0.2075,0.2907,0.3177,0.2097,0.0203,5324,10,2000-01-06,2024-12-08,0.0664,GIS 36 mean,GIS 36 mean,0.0059,0.1851,0.2016,0.2016,False,True,False,True,True,True,True
36,1999,2024,1999,26,1999_2024,0.2192,0.326,0.2965,0.1978,0.021,5504,10,1999-03-07,2024-12-08,0.0626,GIS 36 mean,GIS 36 mean,0.0059,0.1851,0.2133,0.2133,False,True,False,True,True,True,True
36,1998,2024,1998,27,1998_2024,0.2015,0.309,0.2796,0.1924,0.0192,5585,10,1998-01-31,2024-12-08,0.061,GIS 36 mean,GIS 36 mean,0.0059,0.1851,0.1956,0.1956,False,True,False,True,True,True,True
36,1997,2024,1997,28,1997_2024,0.1538,0.253,0.2641,0.1893,0.0156,5650,10,1997-01-12,2024-12-08,0.06,GIS 36 mean,GIS 36 mean,0.0059,0.1851,0.1479,0.1479,True,True,False,True,True,True,True
36,1996,2024,1996,29,1996_2024,0.0059,0.0906,0.2504,0.1851,0.0115,5780,10,1996-02-11,2024-12-08,0.0586,GIS 36 mean,GIS 36 mean,0.0059,0.1851,0.0,0.0,True,True,True,True,True,True,True
37,2020,2024,2020,5,2020_2024,2.4674,2.6634,0.6362,1.7971,0.0501,1622,11,2020-01-28,2024-12-08,0.5431,GIS 37 mean,GIS 37 mean,-0.1206,0.1625,2.588,2.588,False,False,False,False,False,False,False
37,2019,2024,2019,6,2019_2024,3.363,3.3545,0.7464,1.2804,0.1389,1875,11,2019-01-10,2024-12-08,0.3862,GIS 37 mean,GIS 37 mean,-0.1206,0.1625,3.4836,3.4836,False,False,False,False,False,False,False
37,2018,2024,2018,7,2018_2024,3.2391,3.1449,0.4081,1.041,0.1679,2072,11,2018-02-07,2024-12-08,0.3141,GIS 37 mean,GIS 37 mean,-0.1206,0.1625,3.3597,3.3597,False,False,False,False,False,False,False
37,2017,2024,2017,8,2017_2024,3.6689,3.6775,0.2008,0.8278,0.267,2339,11,2017-01-19,2024-12-08,0.25,GIS 37 mean,GIS 37 mean,-0.1206,0.1625,3.7895,3.7895,False,False,False,False,False,False,False
37,2016,2024,2016,9,2016_2024,3.5016,3.4074,0.322,0.6712,0.3106,2596,11,2016-01-02,2024-12-08,0.2027,GIS 37 mean,GIS 37 mean,-0.1206,0.1625,3.6222,3.6222,False,False,False,False,False,False,False
37,2015,2024,2015,10,2015_2024,2.7102,2.6654,0.2823,0.5948,0.24,2824,11,2015-02-07,2024-12-08,0.1795,GIS 37 mean,GIS 37 mean,-0.1206,0.1625,2.8308,2.8308,False,False,False,False,False,False,False
37,2014,2024,2014,11,2014_2024,2.2173,2.1751,0.2034,0.5347,0.1957,3036,11,2014-01-12,2024-12-08,0.1614,GIS 37 mean,GIS 37 mean,-0.1206,0.1625,2.3379,2.3379,False,False,False,False,False,False,False
37,2013,2024,2013,12,2013_2024,1.8041,1.8304,0.1543,0.4896,0.155,3218,11,2013-02-01,2024-12-08,0.1479,GIS 37 mean,GIS 37 mean,-0.1206,0.1625,1.9247,1.9247,False,False,False,False,False,False,False
37,2012,2024,2012,13,2012_2024,1.5338,1.4867,0.1595,0.4709,0.1213,3312,11,2012-01-14,2024-12-08,0.1422,GIS 37 mean,GIS 37 mean,-0.1206,0.1625,1.6544,1.6544,False,False,False,False,False,False,False
37,2011,2024,2011,14,2011_2024,1.1648,1.1467,0.1676,0.4228,0.0858,3502,11,2011-01-03,2024-12-08,0.1276,GIS 37 mean,GIS 37 mean,-0.1206,0.1625,1.2854,1.2854,False,False,False,False,False,False,False
37,2010,2024,2010,15,2010_2024,1.0202,1.0073,0.1552,0.3809,0.0781,3704,11,2010-02-01,2024-12-08,0.115,GIS 37 mean,GIS 37 mean,-0.1206,0.1625,1.1408,1.1408,False,False,False,False,False,False,False
37,2009,2024,2009,16,2009_2024,1.0803,1.0923,0.1544,0.3619,0.0933,3786,11,2009-02-06,2024-12-08,0.1093,GIS 37 mean,GIS 37 mean,-0.1206,0.1625,1.2009,1.2009,False,False,False,False,False,False,False
37,2008,2024,2008,17,2008_2024,1.1626,1.1939,0.1538,0.3192,0.1264,4008,11,2008-01-27,2024-12-08,0.0965,GIS 37 mean,GIS 37 mean,-0.1206,0.1625,1.2832,1.2832,False,False,False,False,False,False,False
37,2007,2024,2007,18,2007_2024,1.0445,1.054,0.1916,0.2941,0.1189,4164,11,2007-01-09,2024-12-08,0.0889,GIS 37 mean,GIS 37 mean,-0.1206,0.1625,1.1651,1.1651,False,False,False,False,False,False,False
37,2006,2024,2006,19,2006_2024,1.0396,1.0818,0.1643,0.264,0.1341,4396,11,2006-01-21,2024-12-08,0.0797,GIS 37 mean,GIS 37 mean,-0.1206,0.1625,1.1602,1.1602,False,False,False,False,False,False,False
37,2005,2024,2005,20,2005_2024,1.0639,1.0458,0.1309,0.249,0.1468,4562,11,2005-01-18,2024-12-08,0.0752,GIS 37 mean,GIS 37 mean,-0.1206,0.1625,1.1845,1.1845,False,False,False,False,False,False,False
37,2004,2024,2004,21,2004_2024,0.9324,0.8977,0.1411,0.2298,0.1293,4769,11,2004-01-08,2024-12-08,0.0693,GIS 37 mean,GIS 37 mean,-0.1206,0.1625,1.053,1.053,False,False,False,False,False,False,False
37,2003,2024,2003,22,2003_2024,0.745,0.7405,0.1853,0.22,0.0928,4955,11,2003-01-05,2024-12-08,0.0664,GIS 37 mean,GIS 37 mean,-0.1206,0.1625,0.8656,0.8656,False,False,False,False,False,True,False
37,2002,2024,2002,23,2002_2024,0.5992,0.6673,0.2474,0.2002,0.0755,5233,11,2002-01-10,2024-12-08,0.0604,GIS 37 mean,GIS 37 mean,-0.1206,0.1625,0.7198,0.7198,False,False,False,False,False,True,False
37,2001,2024,2001,24,2001_2024,0.3893,0.4242,0.2797,0.19,0.0447,5475,11,2001-01-31,2024-12-08,0.0573,GIS 37 mean,GIS 37 mean,-0.1206,0.1625,0.5099,0.5099,False,False,False,False,False,True,False
37,2000,2024,2000,25,2000_2024,-0.0038,0.059,0.2928,0.1875,0.0155,5817,11,2000-01-06,2024-12-08,0.0565,GIS 37 mean,GIS 37 mean,-0.1206,0.1625,0.1168,0.1168,True,True,False,True,True,True,True
37,1999,2024,1999,26,1999_2024,-0.029,0.0247,0.2783,0.1771,0.0153,6015,11,1999-03-07,2024-12-08,0.0534,GIS 37 mean,GIS 37 mean,-0.1206,0.1625,0.0916,0.0916,True,True,False,True,True,True,True
37,1998,2024,1998,27,1998_2024,-0.0356,0.0143,0.2598,0.1717,0.014,6114,11,1998-01-31,2024-12-08,0.0518,GIS 37 mean,GIS 37 mean,-0.1206,0.1625,0.085,0.085,True,True,False,True,True,True,True
37,1997,2024,1997,28,1997_2024,-0.0571,-0.0055,0.2503,0.1684,0.0138,6179,11,1997-01-12,2024-12-08,0.0508,GIS 37 mean,GIS 37 mean,-0.1206,0.1625,0.0635,0.0635,True,True,False,True,True,True,True
37,1996,2024,1996,29,1996_2024,-0.1206,-0.0692,0.2686,0.1625,0.0189,6303,11,1996-02-11,2024-12-08,0.049,GIS 37 mean,GIS 37 mean,-0.1206,0.1625,0.0,0.0,True,True,True,True,True,True,True
38,2020,2024,2020,5,2020_2024,-0.9782,-0.8064,1.5187,1.7079,0.0264,1477,10,2020-01-28,2024-12-08,0.5406,GIS 38 mean,GIS 38 mean,0.1288,0.1537,-1.107,1.107,False,False,False,False,False,False,True
38,2019,2024,2019,6,2019_2024,1.913,2.2854,1.0791,1.2867,0.0621,1723,10,2019-01-10,2024-12-08,0.4072,GIS 38 mean,GIS 38 mean,0.1288,0.1537,1.7842,1.7842,False,False,False,False,False,False,False
38,2018,2024,2018,7,2018_2024,2.421,2.7185,0.561,1.0299,0.1071,1927,10,2018-01-07,2024-12-08,0.326,GIS 38 mean,GIS 38 mean,0.1288,0.1537,2.2922,2.2922,False,False,False,False,False,False,False
38,2017,2024,2017,8,2017_2024,2.4081,2.6648,0.6438,0.8106,0.1399,2208,10,2017-01-19,2024-12-08,0.2564,GIS 38 mean,GIS 38 mean,0.1288,0.1537,2.2793,2.2793,False,False,False,False,False,False,False
38,2016,2024,2016,9,2016_2024,2.384,2.6486,0.8966,0.6787,0.1723,2431,10,2016-01-02,2024-12-08,0.2147,GIS 38 mean,GIS 38 mean,0.1288,0.1537,2.2552,2.2552,False,False,False,False,False,False,False
38,2015,2024,2015,10,2015_2024,2.2046,2.4384,0.5883,0.6008,0.1723,2598,10,2015-02-07,2024-12-08,0.19,GIS 38 mean,GIS 38 mean,0.1288,0.1537,2.0758,2.0758,False,False,False,False,False,False,False
38,2014,2024,2014,11,2014_2024,1.9956,2.0932,0.2489,0.5413,0.1606,2775,10,2014-01-12,2024-12-08,0.1712,GIS 38 mean,GIS 38 mean,0.1288,0.1537,1.8668,1.8668,False,False,False,False,False,False,False
38,2013,2024,2013,12,2013_2024,1.8278,1.8745,0.1268,0.4887,0.1571,2939,10,2013-02-01,2024-12-08,0.1546,GIS 38 mean,GIS 38 mean,0.1288,0.1537,1.699,1.699,False,False,False,False,False,False,False
38,2012,2024,2012,13,2012_2024,1.6625,1.669,0.1296,0.4558,0.1468,3038,10,2012-01-14,2024-12-08,0.1442,GIS 38 mean,GIS 38 mean,0.1288,0.1537,1.5337,1.5337,False,False,False,False,False,False,False
38,2011,2024,2011,14,2011_2024,1.4744,1.4644,0.1761,0.404,0.1395,3238,10,2011-01-03,2024-12-08,0.1278,GIS 38 mean,GIS 38 mean,0.1288,0.1537,1.3456,1.3456,False,False,False,False,False,False,False
38,2010,2024,2010,15,2010_2024,0.9617,0.9592,0.137,0.3799,0.0691,3425,10,2010-02-01,2024-12-08,0.1202,GIS 38 mean,GIS 38 mean,0.1288,0.1537,0.8329,0.8329,False,False,False,False,False,True,False
38,2009,2024,2009,16,2009_2024,0.7386,0.6885,0.1263,0.3662,0.0438,3519,10,2009-02-06,2024-12-08,0.1158,GIS 38 mean,GIS 38 mean,0.1288,0.1537,0.6098,0.6098,False,False,False,False,False,True,False
38,2008,2024,2008,17,2008_2024,0.4373,0.3279,0.2137,0.3272,0.0216,3730,10,2008-01-27,2024-12-08,0.1035,GIS 38 mean,GIS 38 mean,0.1288,0.1537,0.3085,0.3085,False,False,False,True,True,True,True
38,2007,2024,2007,18,2007_2024,0.1771,0.108,0.2057,0.308,0.0072,3872,10,2007-01-09,2024-12-08,0.0974,GIS 38 mean,GIS 38 mean,0.1288,0.1537,0.0483,0.0483,True,True,False,True,True,True,True
38,2006,2024,2006,19,2006_2024,0.0467,-0.0546,0.2804,0.2811,0.0089,4066,10,2006-01-21,2024-12-08,0.0889,GIS 38 mean,GIS 38 mean,0.1288,0.1537,-0.0821,0.0821,True,True,False,True,True,True,True
38,2005,2024,2005,20,2005_2024,0.2559,0.1168,0.3131,0.2702,0.0191,4200,10,2005-01-18,2024-12-08,0.0855,GIS 38 mean,GIS 38 mean,0.1288,0.1537,0.1271,0.1271,True,True,False,True,True,True,True
38,2004,2024,2004,21,2004_2024,0.3185,0.2183,0.234,0.2475,0.0214,4381,10,2004-01-08,2024-12-08,0.0783,GIS 38 mean,GIS 38 mean,0.1288,0.1537,0.1897,0.1897,False,True,False,True,True,True,True
38,2003,2024,2003,22,2003_2024,0.3171,0.254,0.1855,0.228,0.0209,4567,10,2003-01-05,2024-12-08,0.0721,GIS 38 mean,GIS 38 mean,0.1288,0.1537,0.1883,0.1883,False,True,False,True,True,True,True
38,2002,2024,2002,23,2002_2024,0.3773,0.3343,0.1484,0.2042,0.0301,4826,10,2002-01-10,2024-12-08,0.0646,GIS 38 mean,GIS 38 mean,0.1288,0.1537,0.2485,0.2485,False,True,False,True,True,True,True
38,2001,2024,2001,24,2001_2024,0.3883,0.3682,0.1025,0.1873,0.0338,5049,10,2001-01-31,2024-12-08,0.0592,GIS 38 mean,GIS 38 mean,0.1288,0.1537,0.2595,0.2595,False,False,False,True,True,True,True
38,2000,2024,2000,25,2000_2024,0.1522,0.1512,0.0692,0.1766,0.0062,5354,10,2000-01-13,2024-12-08,0.0559,GIS 38 mean,GIS 38 mean,0.1288,0.1537,0.0234,0.0234,True,True,True,True,True,True,True
38,1999,2024,1999,26,1999_2024,0.1884,0.1936,0.0473,0.1684,0.0091,5532,10,1999-03-07,2024-12-08,0.0533,GIS 38 mean,GIS 38 mean,0.1288,0.1537,0.0596,0.0596,True,True,False,True,True,True,True
38,1998,2024,1998,27,1998_2024,0.158,0.1598,0.0489,0.1639,0.0069,5617,10,1998-01-31,2024-12-08,0.0518,GIS 38 mean,GIS 38 mean,0.1288,0.1537,0.0292,0.0292,True,True,False,True,True,True,True
38,1997,2024,1997,28,1997_2024,0.1445,0.131,0.0615,0.1603,0.0063,5685,10,1997-01-12,2024-12-08,0.0507,GIS 38 mean,GIS 38 mean,0.1288,0.1537,0.0157,0.0157,True,True,True,True,True,True,True
38,1996,2024,1996,29,1996_2024,0.1288,0.1054,0.0674,0.1537,0.0058,5796,10,1996-02-11,2024-12-08,0.0486,GIS 38 mean,GIS 38 mean,0.1288,0.1537,0.0,0.0,True,True,True,True,True,True,True
39,2020,2024,2020,5,2020_2024,-2.9121,-3.0866,0.7181,1.5488,0.0897,1473,10,2020-01-28,2024-12-08,0.4899,GIS 39 mean,GIS 39 mean,0.2048,0.1458,-3.1169,3.1169,False,False,False,False,False,False,False
39,2019,2024,2019,6,2019_2024,1.2441,1.3683,0.4843,1.2951,0.0238,1708,10,2019-01-10,2024-12-08,0.4097,GIS 39 mean,GIS 39 mean,0.2048,0.1458,1.0393,1.0393,False,False,False,False,False,False,True
39,2018,2024,2018,7,2018_2024,1.8553,1.858,0.227,1.0631,0.06,1901,10,2018-01-07,2024-12-08,0.3363,GIS 39 mean,GIS 39 mean,0.2048,0.1458,1.6505,1.6505,False,False,False,False,False,False,False
39,2017,2024,2017,8,2017_2024,1.4956,1.49,0.1167,0.8418,0.0552,2131,10,2017-01-19,2024-12-08,0.2663,GIS 39 mean,GIS 39 mean,0.2048,0.1458,1.2908,1.2908,False,False,False,False,False,False,False
39,2016,2024,2016,9,2016_2024,1.0596,1.078,0.1733,0.688,0.0382,2363,10,2016-01-02,2024-12-08,0.2177,GIS 39 mean,GIS 39 mean,0.2048,0.1458,0.8548,0.8548,False,False,False,False,False,True,False
39,2015,2024,2015,10,2015_2024,1.271,1.2475,0.0953,0.5924,0.0657,2566,10,2015-02-07,2024-12-08,0.1874,GIS 39 mean,GIS 39 mean,0.2048,0.1458,1.0662,1.0662,False,False,False,False,False,False,False
39,2014,2024,2014,11,2014_2024,1.5878,1.5738,0.1718,0.5238,0.1156,2758,10,2014-01-12,2024-12-08,0.1657,GIS 39 mean,GIS 39 mean,0.2048,0.1458,1.383,1.383,False,False,False,False,False,False,False
39,2013,2024,2013,12,2013_2024,1.65,1.6242,0.2093,0.4654,0.1438,2933,10,2013-02-01,2024-12-08,0.1472,GIS 39 mean,GIS 39 mean,0.2048,0.1458,1.4452,1.4452,False,False,False,False,False,False,False
39,2012,2024,2012,13,2012_2024,1.73,1.7182,0.2082,0.4401,0.1668,3017,10,2012-01-14,2024-12-08,0.1392,GIS 39 mean,GIS 39 mean,0.2048,0.1458,1.5252,1.5252,False,False,False,False,False,False,False
39,2011,2024,2011,14,2011_2024,1.7314,1.8096,0.1985,0.3951,0.1897,3199,10,2011-01-03,2024-12-08,0.125,GIS 39 mean,GIS 39 mean,0.2048,0.1458,1.5266,1.5266,False,False,False,False,False,False,False
39,2010,2024,2010,15,2010_2024,1.4007,1.4224,0.1075,0.3605,0.1482,3382,10,2010-02-01,2024-12-08,0.114,GIS 39 mean,GIS 39 mean,0.2048,0.1458,1.1959,1.1959,False,False,False,False,False,False,False
39,2009,2024,2009,16,2009_2024,1.1167,1.1196,0.0982,0.3573,0.0995,3455,10,2009-02-06,2024-12-08,0.113,GIS 39 mean,GIS 39 mean,0.2048,0.1458,0.9119,0.9119,False,False,False,False,False,True,False
39,2008,2024,2008,17,2008_2024,0.7658,0.7944,0.1245,0.3225,0.0579,3658,10,2008-01-27,2024-12-08,0.102,GIS 39 mean,GIS 39 mean,0.2048,0.1458,0.561,0.561,False,False,False,False,False,True,False
39,2007,2024,2007,18,2007_2024,0.5939,0.6014,0.0971,0.2992,0.0399,3796,10,2007-01-09,2024-12-08,0.0946,GIS 39 mean,GIS 39 mean,0.2048,0.1458,0.3891,0.3891,False,False,False,True,True,True,True
39,2006,2024,2006,19,2006_2024,0.2565,0.2802,0.0818,0.2763,0.0092,4004,10,2006-01-21,2024-12-08,0.0874,GIS 39 mean,GIS 39 mean,0.2048,0.1458,0.0517,0.0517,True,True,False,True,True,True,True
39,2005,2024,2005,20,2005_2024,0.2531,0.2885,0.0764,0.2597,0.0098,4161,10,2005-01-18,2024-12-08,0.0822,GIS 39 mean,GIS 39 mean,0.2048,0.1458,0.0483,0.0483,True,True,False,True,True,True,True
39,2004,2024,2004,21,2004_2024,0.3661,0.373,0.0571,0.2399,0.0211,4348,10,2004-01-08,2024-12-08,0.0759,GIS 39 mean,GIS 39 mean,0.2048,0.1458,0.1613,0.1613,False,True,False,True,True,True,True
39,2003,2024,2003,22,2003_2024,0.3408,0.3398,0.0356,0.222,0.0202,4516,10,2003-01-05,2024-12-08,0.0702,GIS 39 mean,GIS 39 mean,0.2048,0.1458,0.136,0.136,True,True,False,True,True,True,True
39,2002,2024,2002,23,2002_2024,0.323,0.359,0.0683,0.1984,0.0215,4777,10,2002-01-10,2024-12-08,0.0628,GIS 39 mean,GIS 39 mean,0.2048,0.1458,0.1182,0.1182,True,True,False,True,True,True,True
39,2001,2024,2001,24,2001_2024,0.3836,0.4194,0.0854,0.1831,0.0336,4997,10,2001-01-31,2024-12-08,0.0579,GIS 39 mean,GIS 39 mean,0.2048,0.1458,0.1788,0.1788,False,True,False,True,True,True,True
39,2000,2024,2000,25,2000_2024,0.2704,0.2866,0.0383,0.1683,0.0186,5305,10,2000-01-13,2024-12-08,0.0533,GIS 39 mean,GIS 39 mean,0.2048,0.1458,0.0656,0.0656,True,True,False,True,True,True,True
39,1999,2024,1999,26,1999_2024,0.2339,0.2418,0.0287,0.1594,0.015,5495,10,1999-03-07,2024-12-08,0.0504,GIS 39 mean,GIS 39 mean,0.2048,0.1458,0.0291,0.0291,True,True,True,True,True,True,True
39,1998,2024,1998,27,1998_2024,0.1988,0.2101,0.0346,0.1559,0.0113,5577,10,1998-01-31,2024-12-08,0.0493,GIS 39 mean,GIS 39 mean,0.2048,0.1458,-0.006,0.006,True,True,True,True,True,True,True
39,1997,2024,1997,28,1997_2024,0.1987,0.2067,0.0399,0.1527,0.0117,5637,10,1997-01-12,2024-12-08,0.0483,GIS 39 mean,GIS 39 mean,0.2048,0.1458,-0.0061,0.0061,True,True,True,True,True,True,True
39,1996,2024,1996,29,1996_2024,0.2048,0.2126,0.0363,0.1458,0.0132,5757,10,1996-02-11,2024-12-08,0.0461,GIS 39 mean,GIS 39 mean,0.2048,0.1458,0.0,0.0,True,True,True,True,True,True,True
40,2020,2024,2020,5,2020_2024,3.9261,4.4793,1.7085,1.741,0.1312,1488,10,2020-01-28,2024-12-08,0.5527,GIS 40 mean,GIS 40 mean,0.3341,0.1362,3.592,3.592,False,False,False,False,False,False,False
40,2019,2024,2019,6,2019_2024,3.1203,3.2094,0.3949,1.2573,0.1262,1743,10,2019-01-10,2024-12-08,0.4001,GIS 40 mean,GIS 40 mean,0.3341,0.1362,2.7862,2.7862,False,False,False,False,False,False,False
40,2018,2024,2018,7,2018_2024,2.221,2.2266,0.3205,1.0482,0.0888,1932,10,2018-01-07,2024-12-08,0.333,GIS 40 mean,GIS 40 mean,0.3341,0.1362,1.8869,1.8869,False,False,False,False,False,False,False
40,2017,2024,2017,8,2017_2024,1.068,1.0875,0.3581,0.8136,0.0344,2219,10,2017-01-19,2024-12-08,0.258,GIS 40 mean,GIS 40 mean,0.3341,0.1362,0.7339,0.7339,False,False,False,False,False,True,True
40,2016,2024,2016,9,2016_2024,1.1146,1.0799,0.2814,0.6921,0.0434,2444,10,2016-01-02,2024-12-08,0.2191,GIS 40 mean,GIS 40 mean,0.3341,0.1362,0.7805,0.7805,False,False,False,False,False,True,True
40,2015,2024,2015,10,2015_2024,1.068,1.0781,0.152,0.6068,0.0464,2611,10,2015-02-07,2024-12-08,0.1923,GIS 40 mean,GIS 40 mean,0.3341,0.1362,0.7339,0.7339,False,False,False,False,False,True,True
40,2014,2024,2014,11,2014_2024,1.2212,1.2119,0.1554,0.5349,0.07,2788,10,2014-01-12,2024-12-08,0.1693,GIS 40 mean,GIS 40 mean,0.3341,0.1362,0.8871,0.8871,False,False,False,False,False,True,False
40,2013,2024,2013,12,2013_2024,1.3008,1.3006,0.1219,0.4732,0.0917,2965,10,2013-02-01,2024-12-08,0.1498,GIS 40 mean,GIS 40 mean,0.3341,0.1362,0.9667,0.9667,False,False,False,False,False,True,False
40,2012,2024,2012,13,2012_2024,1.2054,1.118,0.1606,0.443,0.0887,3061,10,2012-01-14,2024-12-08,0.1402,GIS 40 mean,GIS 40 mean,0.3341,0.1362,0.8713,0.8713,False,False,False,False,False,True,False
40,2011,2024,2011,14,2011_2024,1.1439,1.0686,0.1631,0.392,0.0948,3266,10,2011-01-03,2024-12-08,0.1241,GIS 40 mean,GIS 40 mean,0.3341,0.1362,0.8098,0.8098,False,False,False,False,False,True,False
40,2010,2024,2010,15,2010_2024,0.8351,0.7336,0.2368,0.3543,0.0632,3463,10,2010-02-01,2024-12-08,0.1121,GIS 40 mean,GIS 40 mean,0.3341,0.1362,0.501,0.501,False,False,False,False,False,True,False
40,2009,2024,2009,16,2009_2024,0.6508,0.5644,0.2204,0.3389,0.0427,3555,10,2009-02-06,2024-12-08,0.1072,GIS 40 mean,GIS 40 mean,0.3341,0.1362,0.3167,0.3167,False,False,False,True,True,True,True
40,2008,2024,2008,17,2008_2024,0.4521,0.3512,0.2372,0.3019,0.0282,3762,10,2008-01-27,2024-12-08,0.0955,GIS 40 mean,GIS 40 mean,0.3341,0.1362,0.118,0.118,True,True,False,True,True,True,True
40,2007,2024,2007,18,2007_2024,0.226,0.1265,0.2171,0.2833,0.0117,3912,10,2007-01-09,2024-12-08,0.0896,GIS 40 mean,GIS 40 mean,0.3341,0.1362,-0.1081,0.1081,True,True,False,True,True,True,True
40,2006,2024,2006,19,2006_2024,0.1529,0.1028,0.1377,0.2556,0.006,4107,10,2006-01-21,2024-12-08,0.0809,GIS 40 mean,GIS 40 mean,0.3341,0.1362,-0.1812,0.1812,False,True,False,True,True,True,True
40,2005,2024,2005,20,2005_2024,0.3265,0.3107,0.1222,0.2456,0.0184,4239,10,2005-01-18,2024-12-08,0.0777,GIS 40 mean,GIS 40 mean,0.3341,0.1362,-0.0076,0.0076,True,True,True,True,True,True,True
40,2004,2024,2004,21,2004_2024,0.4592,0.4849,0.0729,0.2275,0.0355,4425,10,2004-01-08,2024-12-08,0.072,GIS 40 mean,GIS 40 mean,0.3341,0.1362,0.1251,0.1251,True,True,False,True,True,True,True
40,2003,2024,2003,22,2003_2024,0.4737,0.466,0.063,0.2102,0.0413,4607,10,2003-01-05,2024-12-08,0.0665,GIS 40 mean,GIS 40 mean,0.3341,0.1362,0.1396,0.1396,False,True,False,True,True,True,True
40,2002,2024,2002,23,2002_2024,0.4477,0.3891,0.1155,0.1886,0.0438,4858,10,2002-01-10,2024-12-08,0.0597,GIS 40 mean,GIS 40 mean,0.3341,0.1362,0.1136,0.1136,True,True,False,True,True,True,True
40,2001,2024,2001,24,2001_2024,0.4057,0.3352,0.1269,0.1739,0.0412,5079,10,2001-01-31,2024-12-08,0.055,GIS 40 mean,GIS 40 mean,0.3341,0.1362,0.0716,0.0716,True,True,False,True,True,True,True
40,2000,2024,2000,25,2000_2024,0.4343,0.3858,0.1155,0.1559,0.0539,5396,10,2000-01-13,2024-12-08,0.0493,GIS 40 mean,GIS 40 mean,0.3341,0.1362,0.1002,0.1002,True,True,False,True,True,True,True
40,1999,2024,1999,26,1999_2024,0.4194,0.3726,0.1178,0.1475,0.0544,5586,10,1999-03-07,2024-12-08,0.0467,GIS 40 mean,GIS 40 mean,0.3341,0.1362,0.0853,0.0853,True,True,False,True,True,True,True
40,1998,2024,1998,27,1998_2024,0.3681,0.3283,0.1126,0.1448,0.0437,5676,10,1998-01-31,2024-12-08,0.0458,GIS 40 mean,GIS 40 mean,0.3341,0.1362,0.034,0.034,True,True,True,True,True,True,True
40,1997,2024,1997,28,1997_2024,0.3506,0.3161,0.1005,0.1422,0.0405,5736,10,1997-01-12,2024-12-08,0.045,GIS 40 mean,GIS 40 mean,0.3341,0.1362,0.0165,0.0165,True,True,True,True,True,True,True
40,1996,2024,1996,29,1996_2024,0.3341,0.3018,0.0965,0.1362,0.0393,5856,10,1996-02-11,2024-12-08,0.0431,GIS 40 mean,GIS 40 mean,0.3341,0.1362,0.0,0.0,True,True,True,True,True,True,True
41,2020,2024,2020,5,2020_2024,0.1845,0.4418,1.1024,1.9015,0.0073,1455,10,2020-01-28,2024-12-08,0.6066,GIS 41 mean,GIS 41 mean,0.611,0.1466,-0.4265,0.4265,False,False,False,True,True,True,True
41,2019,2024,2019,6,2019_2024,2.6068,2.6216,0.2738,1.3835,0.0799,1696,10,2019-01-10,2024-12-08,0.4429,GIS 41 mean,GIS 41 mean,0.611,0.1466,1.9958,1.9958,False,False,False,False,False,False,False
41,2018,2024,2018,7,2018_2024,2.7068,2.7432,0.163,1.1098,0.1164,1886,10,2018-01-07,2024-12-08,0.3544,GIS 41 mean,GIS 41 mean,0.611,0.1466,2.0958,2.0958,False,False,False,False,False,False,False
41,2017,2024,2017,8,2017_2024,2.5492,2.7092,0.3802,0.8759,0.1453,2109,10,2017-01-19,2024-12-08,0.2791,GIS 41 mean,GIS 41 mean,0.611,0.1466,1.9382,1.9382,False,False,False,False,False,False,False
41,2016,2024,2016,9,2016_2024,1.9343,1.9272,0.1546,0.7293,0.1071,2334,10,2016-01-02,2024-12-08,0.2317,GIS 41 mean,GIS 41 mean,0.611,0.1466,1.3233,1.3233,False,False,False,False,False,False,False
41,2015,2024,2015,10,2015_2024,1.5284,1.6526,0.3674,0.627,0.0837,2535,10,2015-02-07,2024-12-08,0.1992,GIS 41 mean,GIS 41 mean,0.611,0.1466,0.9174,0.9174,False,False,False,False,False,True,False
41,2014,2024,2014,11,2014_2024,1.3991,1.559,0.4194,0.5517,0.0849,2715,10,2014-01-12,2024-12-08,0.1751,GIS 41 mean,GIS 41 mean,0.611,0.1466,0.7881,0.7881,False,False,False,False,False,True,False
41,2013,2024,2013,12,2013_2024,1.4732,1.6267,0.3705,0.4866,0.1104,2887,10,2013-02-01,2024-12-08,0.1544,GIS 41 mean,GIS 41 mean,0.611,0.1466,0.8622,0.8622,False,False,False,False,False,True,False
41,2012,2024,2012,13,2012_2024,1.1849,1.3388,0.3956,0.4691,0.0791,2967,10,2012-01-14,2024-12-08,0.1488,GIS 41 mean,GIS 41 mean,0.611,0.1466,0.5739,0.5739,False,False,False,False,False,True,True
41,2011,2024,2011,14,2011_2024,1.0019,1.2009,0.4574,0.4141,0.0723,3157,10,2011-01-03,2024-12-08,0.1314,GIS 41 mean,GIS 41 mean,0.611,0.1466,0.3909,0.3909,False,False,False,True,True,True,True
41,2010,2024,2010,15,2010_2024,0.7737,0.9033,0.3164,0.3713,0.0519,3337,10,2010-02-01,2024-12-08,0.1177,GIS 41 mean,GIS 41 mean,0.611,0.1466,0.1627,0.1627,False,True,False,True,True,True,True
41,2009,2024,2009,16,2009_2024,0.6852,0.7903,0.3451,0.3555,0.0463,3411,10,2009-02-06,2024-12-08,0.1127,GIS 41 mean,GIS 41 mean,0.611,0.1466,0.0742,0.0742,True,True,True,True,True,True,True
41,2008,2024,2008,17,2008_2024,0.3728,0.4426,0.2635,0.3204,0.0192,3610,10,2008-01-27,2024-12-08,0.1015,GIS 41 mean,GIS 41 mean,0.611,0.1466,-0.2382,0.2382,False,True,False,True,True,True,True
41,2007,2024,2007,18,2007_2024,0.1847,0.2815,0.2139,0.2976,0.0081,3750,10,2007-01-09,2024-12-08,0.0943,GIS 41 mean,GIS 41 mean,0.611,0.1466,-0.4263,0.4263,False,False,False,True,True,True,True
41,2006,2024,2006,19,2006_2024,0.1296,0.1984,0.1624,0.2663,0.0051,3963,10,2006-01-21,2024-12-08,0.0844,GIS 41 mean,GIS 41 mean,0.611,0.1466,-0.4814,0.4814,False,False,False,False,True,True,False
41,2005,2024,2005,20,2005_2024,0.1704,0.2269,0.1728,0.2468,0.0076,4129,10,2005-01-18,2024-12-08,0.0783,GIS 41 mean,GIS 41 mean,0.611,0.1466,-0.4406,0.4406,False,False,False,False,True,True,False
41,2004,2024,2004,21,2004_2024,0.3668,0.4511,0.215,0.2324,0.0254,4304,10,2004-01-08,2024-12-08,0.0737,GIS 41 mean,GIS 41 mean,0.611,0.1466,-0.2442,0.2442,False,True,False,True,True,True,True
41,2003,2024,2003,22,2003_2024,0.4649,0.5504,0.2129,0.2178,0.0408,4466,10,2003-01-05,2024-12-08,0.069,GIS 41 mean,GIS 41 mean,0.611,0.1466,-0.1461,0.1461,True,True,False,True,True,True,True
41,2002,2024,2002,23,2002_2024,0.4884,0.5404,0.1864,0.1961,0.0502,4717,10,2002-01-10,2024-12-08,0.0621,GIS 41 mean,GIS 41 mean,0.611,0.1466,-0.1226,0.1226,True,True,False,True,True,True,True
41,2001,2024,2001,24,2001_2024,0.5357,0.5909,0.1707,0.1806,0.0654,4939,10,2001-01-31,2024-12-08,0.0572,GIS 41 mean,GIS 41 mean,0.611,0.1466,-0.0753,0.0753,True,True,True,True,True,True,True
41,2000,2024,2000,25,2000_2024,0.7111,0.7858,0.1802,0.1656,0.1192,5262,10,2000-01-06,2024-12-08,0.0525,GIS 41 mean,GIS 41 mean,0.611,0.1466,0.1001,0.1001,True,True,True,True,True,True,True
41,1999,2024,1999,26,1999_2024,0.7239,0.7802,0.1569,0.1571,0.1305,5445,10,1999-03-07,2024-12-08,0.0498,GIS 41 mean,GIS 41 mean,0.611,0.1466,0.1129,0.1129,True,True,True,True,True,True,True
41,1998,2024,1998,27,1998_2024,0.711,0.7503,0.1371,0.1531,0.1304,5529,10,1998-01-31,2024-12-08,0.0485,GIS 41 mean,GIS 41 mean,0.611,0.1466,0.1,0.1,True,True,True,True,True,True,True
41,1997,2024,1997,28,1997_2024,0.66,0.6961,0.1251,0.1517,0.1153,5589,10,1997-01-12,2024-12-08,0.0481,GIS 41 mean,GIS 41 mean,0.611,0.1466,0.049,0.049,True,True,True,True,True,True,True
41,1996,2024,1996,29,1996_2024,0.611,0.6456,0.1209,0.1466,0.1049,5704,10,1996-02-11,2024-12-08,0.0465,GIS 41 mean,GIS 41 mean,0.611,0.1466,0.0,0.0,True,True,True,True,True,True,True
42,2020,2024,2020,5,2020_2024,1.4871,1.2351,0.9903,1.7586,0.028,1478,10,2020-01-28,2024-12-08,0.557,GIS 42 mean,GIS 42 mean,0.3926,0.1377,1.0945,1.0945,False,False,False,False,False,False,True
42,2019,2024,2019,6,2019_2024,3.7118,3.7776,0.4259,1.281,0.1633,1722,10,2019-01-10,2024-12-08,0.4055,GIS 42 mean,GIS 42 mean,0.3926,0.1377,3.3192,3.3192,False,False,False,False,False,False,False
42,2018,2024,2018,7,2018_2024,3.3406,3.336,0.2245,1.0302,0.1773,1922,10,2018-01-07,2024-12-08,0.3261,GIS 42 mean,GIS 42 mean,0.3926,0.1377,2.948,2.948,False,False,False,False,False,False,False
42,2017,2024,2017,8,2017_2024,2.8292,2.8399,0.171,0.7822,0.1894,2202,10,2017-01-19,2024-12-08,0.2475,GIS 42 mean,GIS 42 mean,0.3926,0.1377,2.4366,2.4366,False,False,False,False,False,False,False
42,2016,2024,2016,9,2016_2024,2.312,2.3463,0.1319,0.6549,0.1679,2431,10,2016-01-02,2024-12-08,0.2073,GIS 42 mean,GIS 42 mean,0.3926,0.1377,1.9194,1.9194,False,False,False,False,False,False,False
42,2015,2024,2015,10,2015_2024,1.662,1.7308,0.2037,0.6051,0.1043,2577,10,2015-02-07,2024-12-08,0.1916,GIS 42 mean,GIS 42 mean,0.3926,0.1377,1.2694,1.2694,False,False,False,False,False,False,False
42,2014,2024,2014,11,2014_2024,1.0714,1.063,0.1117,0.546,0.0531,2756,10,2014-01-12,2024-12-08,0.1729,GIS 42 mean,GIS 42 mean,0.3926,0.1377,0.6788,0.6788,False,False,False,False,False,True,True
42,2013,2024,2013,12,2013_2024,0.7631,0.7704,0.1523,0.49,0.0322,2927,10,2013-02-01,2024-12-08,0.1551,GIS 42 mean,GIS 42 mean,0.3926,0.1377,0.3705,0.3705,False,False,False,True,True,True,True
42,2012,2024,2012,13,2012_2024,0.4175,0.4141,0.1479,0.4675,0.0113,3024,10,2012-01-14,2024-12-08,0.1479,GIS 42 mean,GIS 42 mean,0.3926,0.1377,0.0249,0.0249,True,True,True,True,True,True,True
42,2011,2024,2011,14,2011_2024,0.2617,0.2679,0.0888,0.4111,0.0054,3216,10,2011-01-03,2024-12-08,0.13,GIS 42 mean,GIS 42 mean,0.3926,0.1377,-0.1309,0.1309,True,True,False,True,True,True,True
42,2010,2024,2010,15,2010_2024,0.1331,0.1164,0.1007,0.3657,0.0023,3424,10,2010-02-01,2024-12-08,0.1157,GIS 42 mean,GIS 42 mean,0.3926,0.1377,-0.2595,0.2595,False,False,False,True,True,True,True
42,2009,2024,2009,16,2009_2024,-0.0385,-0.0666,0.1174,0.3478,0.0013,3518,10,2009-02-06,2024-12-08,0.11,GIS 42 mean,GIS 42 mean,0.3926,0.1377,-0.4311,0.4311,False,False,False,False,True,True,True
42,2008,2024,2008,17,2008_2024,-0.2084,-0.2377,0.1047,0.3085,0.0057,3730,10,2008-01-27,2024-12-08,0.0976,GIS 42 mean,GIS 42 mean,0.3926,0.1377,-0.601,0.601,False,False,False,False,False,True,False
42,2007,2024,2007,18,2007_2024,-0.1365,-0.1377,0.0459,0.286,0.0025,3866,10,2007-01-09,2024-12-08,0.0905,GIS 42 mean,GIS 42 mean,0.3926,0.1377,-0.5291,0.5291,False,False,False,False,False,True,False
42,2006,2024,2006,19,2006_2024,-0.0516,-0.056,0.029,0.2576,0.0005,4064,10,2006-01-21,2024-12-08,0.0815,GIS 42 mean,GIS 42 mean,0.3926,0.1377,-0.4442,0.4442,False,False,False,False,True,True,False
42,2005,2024,2005,20,2005_2024,-0.0017,-0.0038,0.0346,0.2422,0.0002,4191,10,2005-01-18,2024-12-08,0.0766,GIS 42 mean,GIS 42 mean,0.3926,0.1377,-0.3943,0.3943,False,False,False,True,True,True,False
42,2004,2024,2004,21,2004_2024,0.1871,0.1936,0.0374,0.2261,0.0062,4373,10,2004-01-08,2024-12-08,0.0715,GIS 42 mean,GIS 42 mean,0.3926,0.1377,-0.2055,0.2055,False,True,False,True,True,True,True
42,2003,2024,2003,22,2003_2024,0.2566,0.2613,0.0392,0.21,0.0127,4561,10,2003-01-05,2024-12-08,0.0664,GIS 42 mean,GIS 42 mean,0.3926,0.1377,-0.136,0.136,True,True,False,True,True,True,True
42,2002,2024,2002,23,2002_2024,0.3348,0.3594,0.0642,0.1894,0.025,4812,10,2002-01-10,2024-12-08,0.0599,GIS 42 mean,GIS 42 mean,0.3926,0.1377,-0.0578,0.0578,True,True,True,True,True,True,True
42,2001,2024,2001,24,2001_2024,0.4182,0.4325,0.0785,0.1749,0.0427,5032,10,2001-01-31,2024-12-08,0.0553,GIS 42 mean,GIS 42 mean,0.3926,0.1377,0.0256,0.0256,True,True,True,True,True,True,True
42,2000,2024,2000,25,2000_2024,0.378,0.416,0.0809,0.1567,0.0414,5362,10,2000-01-06,2024-12-08,0.0496,GIS 42 mean,GIS 42 mean,0.3926,0.1377,-0.0146,0.0146,True,True,True,True,True,True,True
42,1999,2024,1999,26,1999_2024,0.3699,0.409,0.0899,0.1485,0.043,5542,10,1999-03-07,2024-12-08,0.047,GIS 42 mean,GIS 42 mean,0.3926,0.1377,-0.0227,0.0227,True,True,True,True,True,True,True
42,1998,2024,1998,27,1998_2024,0.4045,0.4449,0.0896,0.145,0.0522,5631,10,1998-01-31,2024-12-08,0.0459,GIS 42 mean,GIS 42 mean,0.3926,0.1377,0.0119,0.0119,True,True,True,True,True,True,True
42,1997,2024,1997,28,1997_2024,0.393,0.4329,0.0869,0.1426,0.0504,5687,10,1997-01-12,2024-12-08,0.0451,GIS 42 mean,GIS 42 mean,0.3926,0.1377,0.0004,0.0004,True,True,True,True,True,True,True
42,1996,2024,1996,29,1996_2024,0.3926,0.4205,0.0523,0.1377,0.0518,5806,10,1996-02-11,2024-12-08,0.0436,GIS 42 mean,GIS 42 mean,0.3926,0.1377,0.0,0.0,True,True,True,True,True,True,True
43,2020,2024,2020,5,2020_2024,1.4565,1.0734,1.528,1.5252,0.0441,1430,10,2020-01-28,2024-12-08,0.4825,GIS 43 mean,GIS 43 mean,0.19,0.127,1.2665,1.2665,False,False,False,False,False,False,True
43,2019,2024,2019,6,2019_2024,2.295,2.3516,1.9693,1.0738,0.1288,1664,10,2019-01-10,2024-12-08,0.3399,GIS 43 mean,GIS 43 mean,0.19,0.127,2.105,2.105,False,False,False,False,False,False,False
43,2018,2024,2018,7,2018_2024,2.0004,2.245,0.8695,0.8882,0.1021,1862,10,2018-01-07,2024-12-08,0.2813,GIS 43 mean,GIS 43 mean,0.19,0.127,1.8104,1.8104,False,False,False,False,False,False,False
43,2017,2024,2017,8,2017_2024,1.9494,2.107,0.5099,0.7011,0.1279,2095,10,2017-01-19,2024-12-08,0.2219,GIS 43 mean,GIS 43 mean,0.19,0.127,1.7594,1.7594,False,False,False,False,False,False,False
43,2016,2024,2016,9,2016_2024,1.9071,2.0256,0.3994,0.5777,0.1567,2319,10,2016-01-02,2024-12-08,0.1828,GIS 43 mean,GIS 43 mean,0.19,0.127,1.7171,1.7171,False,False,False,False,False,False,False
43,2015,2024,2015,10,2015_2024,1.3036,1.3435,0.3646,0.5168,0.0922,2509,10,2015-02-07,2024-12-08,0.1635,GIS 43 mean,GIS 43 mean,0.19,0.127,1.1136,1.1136,False,False,False,False,False,False,False
43,2014,2024,2014,11,2014_2024,0.7793,0.7055,0.3627,0.4774,0.0419,2687,10,2014-01-12,2024-12-08,0.1511,GIS 43 mean,GIS 43 mean,0.19,0.127,0.5893,0.5893,False,False,False,False,False,True,True
43,2013,2024,2013,12,2013_2024,0.3165,0.2184,0.3499,0.4373,0.0138,2861,10,2013-02-01,2024-12-08,0.1384,GIS 43 mean,GIS 43 mean,0.19,0.127,0.1265,0.1265,True,True,False,True,True,True,True
43,2012,2024,2012,13,2012_2024,0.0725,0.0288,0.3307,0.4237,0.0074,2935,10,2012-01-14,2024-12-08,0.1341,GIS 43 mean,GIS 43 mean,0.19,0.127,-0.1175,0.1175,True,True,False,True,True,True,True
43,2011,2024,2011,14,2011_2024,0.26,0.261,0.2467,0.3723,0.0104,3112,10,2011-01-03,2024-12-08,0.1179,GIS 43 mean,GIS 43 mean,0.19,0.127,0.07,0.07,True,True,False,True,True,True,True
43,2010,2024,2010,15,2010_2024,0.3021,0.344,0.2075,0.3358,0.0133,3288,10,2010-02-01,2024-12-08,0.1063,GIS 43 mean,GIS 43 mean,0.19,0.127,0.1121,0.1121,True,True,False,True,True,True,True
43,2009,2024,2009,16,2009_2024,0.3162,0.3382,0.1827,0.3193,0.0143,3365,10,2009-02-06,2024-12-08,0.101,GIS 43 mean,GIS 43 mean,0.19,0.127,0.1262,0.1262,True,True,False,True,True,True,True
43,2008,2024,2008,17,2008_2024,0.1884,0.2149,0.1214,0.2843,0.0066,3560,10,2008-01-27,2024-12-08,0.09,GIS 43 mean,GIS 43 mean,0.19,0.127,-0.0016,0.0016,True,True,True,True,True,True,True
43,2007,2024,2007,18,2007_2024,0.0153,0.0503,0.163,0.2645,0.0037,3704,10,2007-01-09,2024-12-08,0.0837,GIS 43 mean,GIS 43 mean,0.19,0.127,-0.1747,0.1747,False,True,False,True,True,True,True
43,2006,2024,2006,19,2006_2024,0.015,0.0378,0.1779,0.2375,0.0051,3908,10,2006-01-21,2024-12-08,0.0751,GIS 43 mean,GIS 43 mean,0.19,0.127,-0.175,0.175,False,True,False,True,True,True,True
43,2005,2024,2005,20,2005_2024,0.0667,0.1172,0.1711,0.2214,0.0059,4058,10,2005-01-18,2024-12-08,0.0701,GIS 43 mean,GIS 43 mean,0.19,0.127,-0.1233,0.1233,True,True,False,True,True,True,True
43,2004,2024,2004,21,2004_2024,0.0867,0.0857,0.2007,0.2027,0.0091,4248,10,2004-01-08,2024-12-08,0.0641,GIS 43 mean,GIS 43 mean,0.19,0.127,-0.1033,0.1033,True,True,False,True,True,True,True
43,2003,2024,2003,22,2003_2024,0.0501,0.0564,0.1919,0.1901,0.0084,4404,10,2003-01-05,2024-12-08,0.0601,GIS 43 mean,GIS 43 mean,0.19,0.127,-0.1399,0.1399,False,True,False,True,True,True,True
43,2002,2024,2002,23,2002_2024,-0.0009,-0.0099,0.1966,0.1706,0.0096,4664,10,2002-01-10,2024-12-08,0.054,GIS 43 mean,GIS 43 mean,0.19,0.127,-0.1909,0.1909,False,True,False,True,True,True,True
43,2001,2024,2001,24,2001_2024,-0.0249,-0.062,0.1824,0.1572,0.0094,4886,10,2001-01-31,2024-12-08,0.0497,GIS 43 mean,GIS 43 mean,0.19,0.127,-0.2149,0.2149,False,True,False,True,True,True,True
43,2000,2024,2000,25,2000_2024,-0.0112,-0.068,0.1573,0.142,0.0078,5200,10,2000-01-06,2024-12-08,0.0449,GIS 43 mean,GIS 43 mean,0.19,0.127,-0.2012,0.2012,False,True,False,True,True,True,True
43,1999,2024,1999,26,1999_2024,0.0457,0.0062,0.1203,0.1356,0.0054,5380,10,1999-03-07,2024-12-08,0.0429,GIS 43 mean,GIS 43 mean,0.19,0.127,-0.1443,0.1443,False,True,False,True,True,True,True
43,1998,2024,1998,27,1998_2024,0.0999,0.0594,0.1131,0.1334,0.0079,5469,10,1998-01-31,2024-12-08,0.0422,GIS 43 mean,GIS 43 mean,0.19,0.127,-0.0901,0.0901,True,True,False,True,True,True,True
43,1997,2024,1997,28,1997_2024,0.1172,0.0889,0.097,0.1306,0.0085,5538,10,1997-01-12,2024-12-08,0.0413,GIS 43 mean,GIS 43 mean,0.19,0.127,-0.0728,0.0728,True,True,False,True,True,True,True
43,1996,2024,1996,29,1996_2024,0.19,0.1587,0.091,0.127,0.0175,5668,10,1996-02-11,2024-12-08,0.0402,GIS 43 mean,GIS 43 mean,0.19,0.127,0.0,0.0,True,True,True,True,True,True,True
44,2020,2024,2020,5,2020_2024,-0.119,-0.0941,0.8091,1.5224,0.0075,1443,10,2020-01-28,2024-12-08,0.4838,GIS 44 mean,GIS 44 mean,0.061,0.1284,-0.18,0.18,False,True,False,True,True,True,True
44,2019,2024,2019,6,2019_2024,-1.0312,-1.371,0.7001,1.1079,0.0262,1673,10,2019-01-10,2024-12-08,0.3512,GIS 44 mean,GIS 44 mean,0.061,0.1284,-1.0922,1.0922,False,False,False,False,False,False,True
44,2018,2024,2018,7,2018_2024,-0.828,-0.9428,0.5855,0.9093,0.0257,1876,10,2018-01-07,2024-12-08,0.2883,GIS 44 mean,GIS 44 mean,0.061,0.1284,-0.889,0.889,False,False,False,False,False,True,True
44,2017,2024,2017,8,2017_2024,0.2146,0.1091,0.4031,0.7117,0.0065,2172,10,2017-01-19,2024-12-08,0.2253,GIS 44 mean,GIS 44 mean,0.061,0.1284,0.1536,0.1536,False,True,False,True,True,True,True
44,2016,2024,2016,9,2016_2024,0.3194,0.2192,0.3063,0.5943,0.008,2401,10,2016-01-02,2024-12-08,0.1882,GIS 44 mean,GIS 44 mean,0.061,0.1284,0.2584,0.2584,False,False,False,True,True,True,True
44,2015,2024,2015,10,2015_2024,0.1336,0.0563,0.2518,0.5354,0.0038,2548,10,2015-02-07,2024-12-08,0.1696,GIS 44 mean,GIS 44 mean,0.061,0.1284,0.0726,0.0726,True,True,False,True,True,True,True
44,2014,2024,2014,11,2014_2024,0.1216,0.1559,0.1611,0.4739,0.0023,2731,10,2014-01-12,2024-12-08,0.1501,GIS 44 mean,GIS 44 mean,0.061,0.1284,0.0606,0.0606,True,True,False,True,True,True,True
44,2013,2024,2013,12,2013_2024,0.0478,0.0154,0.107,0.4259,0.0009,2901,10,2013-02-01,2024-12-08,0.135,GIS 44 mean,GIS 44 mean,0.061,0.1284,-0.0132,0.0132,True,True,False,True,True,True,True
44,2012,2024,2012,13,2012_2024,-0.1296,-0.1102,0.1357,0.4041,0.0024,2989,10,2012-01-14,2024-12-08,0.128,GIS 44 mean,GIS 44 mean,0.061,0.1284,-0.1906,0.1906,False,True,False,True,True,True,True
44,2011,2024,2011,14,2011_2024,-0.0674,-0.0451,0.1464,0.3517,0.0022,3174,10,2011-01-03,2024-12-08,0.1114,GIS 44 mean,GIS 44 mean,0.061,0.1284,-0.1284,0.1284,False,True,False,True,True,True,True
44,2010,2024,2010,15,2010_2024,0.0698,0.108,0.2031,0.3177,0.005,3370,10,2010-02-01,2024-12-08,0.1005,GIS 44 mean,GIS 44 mean,0.061,0.1284,0.0088,0.0088,True,True,True,True,True,True,True
44,2009,2024,2009,16,2009_2024,0.0209,0.0632,0.1366,0.3035,0.0021,3462,10,2009-02-06,2024-12-08,0.096,GIS 44 mean,GIS 44 mean,0.061,0.1284,-0.0401,0.0401,True,True,False,True,True,True,True
44,2008,2024,2008,17,2008_2024,-0.1069,-0.0614,0.1104,0.2658,0.0031,3684,10,2008-01-27,2024-12-08,0.0841,GIS 44 mean,GIS 44 mean,0.061,0.1284,-0.1679,0.1679,False,True,False,True,True,True,True
44,2007,2024,2007,18,2007_2024,-0.295,-0.2406,0.1141,0.2484,0.0154,3830,10,2007-01-09,2024-12-08,0.0786,GIS 44 mean,GIS 44 mean,0.061,0.1284,-0.356,0.356,False,False,False,True,True,True,True
44,2006,2024,2006,19,2006_2024,-0.3758,-0.3809,0.0662,0.2266,0.0263,4016,10,2006-01-21,2024-12-08,0.0717,GIS 44 mean,GIS 44 mean,0.061,0.1284,-0.4368,0.4368,False,False,False,False,True,True,False
44,2005,2024,2005,20,2005_2024,-0.332,-0.346,0.0828,0.216,0.0226,4133,10,2005-01-18,2024-12-08,0.0683,GIS 44 mean,GIS 44 mean,0.061,0.1284,-0.393,0.393,False,False,False,False,True,True,False
44,2004,2024,2004,21,2004_2024,-0.2556,-0.2271,0.1012,0.1996,0.0163,4313,10,2004-01-08,2024-12-08,0.0631,GIS 44 mean,GIS 44 mean,0.061,0.1284,-0.3166,0.3166,False,False,False,True,True,True,True
44,2003,2024,2003,22,2003_2024,-0.2654,-0.2532,0.0885,0.1855,0.0188,4501,10,2003-01-05,2024-12-08,0.0587,GIS 44 mean,GIS 44 mean,0.061,0.1284,-0.3264,0.3264,False,False,False,True,True,True,False
44,2002,2024,2002,23,2002_2024,-0.3477,-0.3517,0.0748,0.1667,0.0352,4761,10,2002-01-10,2024-12-08,0.0527,GIS 44 mean,GIS 44 mean,0.061,0.1284,-0.4087,0.4087,False,False,False,False,True,True,False
44,2001,2024,2001,24,2001_2024,-0.3041,-0.3147,0.0802,0.1536,0.0309,4991,10,2001-01-31,2024-12-08,0.0486,GIS 44 mean,GIS 44 mean,0.061,0.1284,-0.3651,0.3651,False,False,False,True,True,True,False
44,2000,2024,2000,25,2000_2024,-0.2173,-0.2294,0.1003,0.1399,0.0204,5301,10,2000-01-13,2024-12-08,0.0443,GIS 44 mean,GIS 44 mean,0.061,0.1284,-0.2783,0.2783,False,False,False,True,True,True,False
44,1999,2024,1999,26,1999_2024,-0.1333,-0.1425,0.1042,0.1354,0.0106,5471,10,1999-03-07,2024-12-08,0.0428,GIS 44 mean,GIS 44 mean,0.061,0.1284,-0.1943,0.1943,False,True,False,True,True,True,True
44,1998,2024,1998,27,1998_2024,-0.0755,-0.0805,0.0936,0.1335,0.0053,5561,10,1998-01-31,2024-12-08,0.0422,GIS 44 mean,GIS 44 mean,0.061,0.1284,-0.1365,0.1365,False,True,False,True,True,True,True
44,1997,2024,1997,28,1997_2024,-0.0301,-0.0252,0.0896,0.1318,0.0032,5629,10,1997-01-12,2024-12-08,0.0417,GIS 44 mean,GIS 44 mean,0.061,0.1284,-0.0911,0.0911,True,True,False,True,True,True,True
44,1996,2024,1996,29,1996_2024,0.061,0.0626,0.0858,0.1284,0.0042,5759,10,1996-02-11,2024-12-08,0.0406,GIS 44 mean,GIS 44 mean,0.061,0.1284,0.0,0.0,True,True,True,True,True,True,True
45,2020,2024,2020,5,2020_2024,-3.436,-4.5737,2.3319,1.6116,0.1262,1407,10,2020-01-28,2024-12-08,0.5147,GIS 45 mean,GIS 45 mean,-0.5038,0.1323,-2.9322,2.9322,False,False,False,False,False,False,False
45,2019,2024,2019,6,2019_2024,-0.8776,-0.9982,0.7929,1.1926,0.0181,1644,10,2019-01-10,2024-12-08,0.3811,GIS 45 mean,GIS 45 mean,-0.5038,0.1323,-0.3738,0.3738,False,False,False,True,True,True,True
45,2018,2024,2018,7,2018_2024,-0.0093,0.0306,0.2614,0.9825,0.0019,1848,10,2018-01-07,2024-12-08,0.3148,GIS 45 mean,GIS 45 mean,-0.5038,0.1323,0.4945,0.4945,False,False,False,False,True,True,True
45,2017,2024,2017,8,2017_2024,0.4545,0.5176,0.3383,0.7754,0.0082,2083,10,2017-01-19,2024-12-08,0.2481,GIS 45 mean,GIS 45 mean,-0.5038,0.1323,0.9583,0.9583,False,False,False,False,False,True,False
45,2016,2024,2016,9,2016_2024,0.4931,0.5534,0.2433,0.6328,0.0107,2307,10,2016-01-02,2024-12-08,0.2024,GIS 45 mean,GIS 45 mean,-0.5038,0.1323,0.9969,0.9969,False,False,False,False,False,True,False
45,2015,2024,2015,10,2015_2024,0.2867,0.29,0.1884,0.5436,0.0054,2508,10,2015-02-07,2024-12-08,0.1733,GIS 45 mean,GIS 45 mean,-0.5038,0.1323,0.7905,0.7905,False,False,False,False,False,True,False
45,2014,2024,2014,11,2014_2024,0.0126,-0.0646,0.178,0.4881,0.0017,2681,10,2014-01-12,2024-12-08,0.1556,GIS 45 mean,GIS 45 mean,-0.5038,0.1323,0.5164,0.5164,False,False,False,False,False,True,True
45,2013,2024,2013,12,2013_2024,-0.0331,-0.0614,0.1362,0.4316,0.0012,2856,10,2013-02-01,2024-12-08,0.1375,GIS 45 mean,GIS 45 mean,-0.5038,0.1323,0.4707,0.4707,False,False,False,False,True,True,True
45,2012,2024,2012,13,2012_2024,-0.1424,-0.1475,0.1505,0.4095,0.003,2932,10,2012-01-14,2024-12-08,0.1303,GIS 45 mean,GIS 45 mean,-0.5038,0.1323,0.3614,0.3614,False,False,False,True,True,True,True
45,2011,2024,2011,14,2011_2024,-0.2364,-0.1044,0.2878,0.3603,0.0103,3119,10,2011-01-03,2024-12-08,0.1146,GIS 45 mean,GIS 45 mean,-0.5038,0.1323,0.2674,0.2674,False,False,False,True,True,True,True
45,2010,2024,2010,15,2010_2024,-0.1092,0.0809,0.399,0.3326,0.0146,3285,10,2010-02-01,2024-12-08,0.1058,GIS 45 mean,GIS 45 mean,-0.5038,0.1323,0.3946,0.3946,False,False,False,True,True,True,True
45,2009,2024,2009,16,2009_2024,-0.281,-0.111,0.4431,0.3224,0.023,3360,10,2009-02-06,2024-12-08,0.1024,GIS 45 mean,GIS 45 mean,-0.5038,0.1323,0.2228,0.2228,False,True,False,True,True,True,True
45,2008,2024,2008,17,2008_2024,-0.498,-0.3639,0.3195,0.2934,0.0362,3552,10,2008-01-27,2024-12-08,0.0932,GIS 45 mean,GIS 45 mean,-0.5038,0.1323,0.0058,0.0058,True,True,True,True,True,True,True
45,2007,2024,2007,18,2007_2024,-0.6153,-0.4922,0.2698,0.2693,0.0555,3695,10,2007-01-09,2024-12-08,0.0854,GIS 45 mean,GIS 45 mean,-0.5038,0.1323,-0.1115,0.1115,True,True,False,True,True,True,True
45,2006,2024,2006,19,2006_2024,-0.8338,-0.8079,0.1768,0.2453,0.104,3902,10,2006-01-21,2024-12-08,0.0777,GIS 45 mean,GIS 45 mean,-0.5038,0.1323,-0.33,0.33,False,False,False,True,True,True,True
45,2005,2024,2005,20,2005_2024,-0.803,-0.8052,0.1571,0.2275,0.1071,4069,10,2005-01-18,2024-12-08,0.072,GIS 45 mean,GIS 45 mean,-0.5038,0.1323,-0.2992,0.2992,False,False,False,True,True,True,True
45,2004,2024,2004,21,2004_2024,-0.7479,-0.7503,0.1954,0.2087,0.1066,4257,10,2004-01-08,2024-12-08,0.0661,GIS 45 mean,GIS 45 mean,-0.5038,0.1323,-0.2441,0.2441,False,True,False,True,True,True,True
45,2003,2024,2003,22,2003_2024,-0.7602,-0.754,0.1917,0.195,0.1193,4413,10,2003-01-05,2024-12-08,0.0617,GIS 45 mean,GIS 45 mean,-0.5038,0.1323,-0.2564,0.2564,False,False,False,True,True,True,True
45,2002,2024,2002,23,2002_2024,-0.8706,-0.85,0.2067,0.1758,0.1696,4673,10,2002-01-10,2024-12-08,0.0556,GIS 45 mean,GIS 45 mean,-0.5038,0.1323,-0.3668,0.3668,False,False,False,True,True,True,False
45,2001,2024,2001,24,2001_2024,-0.7808,-0.7446,0.208,0.163,0.1542,4903,10,2001-01-31,2024-12-08,0.0516,GIS 45 mean,GIS 45 mean,-0.5038,0.1323,-0.277,0.277,False,False,False,True,True,True,True
45,2000,2024,2000,25,2000_2024,-0.7131,-0.7144,0.2425,0.1484,0.1491,5213,10,2000-01-13,2024-12-08,0.047,GIS 45 mean,GIS 45 mean,-0.5038,0.1323,-0.2093,0.2093,False,True,False,True,True,True,True
45,1999,2024,1999,26,1999_2024,-0.6309,-0.6456,0.2696,0.1428,0.1302,5383,10,1999-03-07,2024-12-08,0.0452,GIS 45 mean,GIS 45 mean,-0.5038,0.1323,-0.1271,0.1271,True,True,False,True,True,True,True
45,1998,2024,1998,27,1998_2024,-0.5864,-0.6004,0.2709,0.14,0.1192,5471,10,1998-01-31,2024-12-08,0.0443,GIS 45 mean,GIS 45 mean,-0.5038,0.1323,-0.0826,0.0826,True,True,True,True,True,True,True
45,1997,2024,1997,28,1997_2024,-0.5712,-0.5875,0.2694,0.1367,0.1179,5541,10,1997-01-12,2024-12-08,0.0433,GIS 45 mean,GIS 45 mean,-0.5038,0.1323,-0.0674,0.0674,True,True,True,True,True,True,True
45,1996,2024,1996,29,1996_2024,-0.5038,-0.5085,0.297,0.1323,0.1053,5671,10,1996-02-11,2024-12-08,0.0419,GIS 45 mean,GIS 45 mean,-0.5038,0.1323,0.0,0.0,True,True,True,True,True,True,True
46,2020,2024,2020,5,2020_2024,-1.0572,-0.4835,1.9297,1.6728,0.0388,1505,10,2020-01-28,2024-12-08,0.5292,GIS 46 mean,GIS 46 mean,-1.0936,0.1321,0.0364,0.0364,True,True,True,True,True,True,True
46,2019,2024,2019,6,2019_2024,0.3385,0.2104,0.7553,1.2062,0.0097,1763,10,2019-01-10,2024-12-08,0.3816,GIS 46 mean,GIS 46 mean,-1.0936,0.1321,1.4321,1.4321,False,False,False,False,False,False,False
46,2018,2024,2018,7,2018_2024,0.6914,0.6689,0.3593,1.0004,0.0123,1939,10,2018-01-07,2024-12-08,0.3165,GIS 46 mean,GIS 46 mean,-1.0936,0.1321,1.785,1.785,False,False,False,False,False,False,False
46,2017,2024,2017,8,2017_2024,1.0699,1.0931,0.447,0.7645,0.0394,2223,10,2017-01-19,2024-12-08,0.2419,GIS 46 mean,GIS 46 mean,-1.0936,0.1321,2.1635,2.1635,False,False,False,False,False,False,False
46,2016,2024,2016,9,2016_2024,0.6543,0.7071,0.4419,0.639,0.0241,2447,10,2016-01-02,2024-12-08,0.2022,GIS 46 mean,GIS 46 mean,-1.0936,0.1321,1.7479,1.7479,False,False,False,False,False,False,False
46,2015,2024,2015,10,2015_2024,0.0044,0.1516,0.3634,0.5944,0.0049,2598,10,2015-01-31,2024-12-08,0.1881,GIS 46 mean,GIS 46 mean,-1.0936,0.1321,1.098,1.098,False,False,False,False,False,False,False
46,2014,2024,2014,11,2014_2024,-0.4168,-0.3194,0.4099,0.536,0.0142,2769,10,2014-01-12,2024-12-08,0.1696,GIS 46 mean,GIS 46 mean,-1.0936,0.1321,0.6768,0.6768,False,False,False,False,False,True,False
46,2013,2024,2013,12,2013_2024,-0.7349,-0.61,0.3643,0.4787,0.0338,2947,10,2013-02-01,2024-12-08,0.1515,GIS 46 mean,GIS 46 mean,-1.0936,0.1321,0.3587,0.3587,False,False,False,True,True,True,True
46,2012,2024,2012,13,2012_2024,-0.8454,-0.747,0.334,0.4453,0.0472,3036,10,2012-01-14,2024-12-08,0.1409,GIS 46 mean,GIS 46 mean,-1.0936,0.1321,0.2482,0.2482,False,True,False,True,True,True,True
46,2011,2024,2011,14,2011_2024,-0.8057,-0.742,0.2951,0.3797,0.054,3266,10,2011-01-03,2024-12-08,0.1201,GIS 46 mean,GIS 46 mean,-1.0936,0.1321,0.2879,0.2879,False,False,False,True,True,True,True
46,2010,2024,2010,15,2010_2024,-0.9944,-0.9478,0.3409,0.3408,0.0898,3471,10,2010-02-01,2024-12-08,0.1079,GIS 46 mean,GIS 46 mean,-1.0936,0.1321,0.0992,0.0992,True,True,True,True,True,True,True
46,2009,2024,2009,16,2009_2024,-1.1045,-1.0829,0.2722,0.3241,0.1133,3580,10,2009-02-06,2024-12-08,0.1026,GIS 46 mean,GIS 46 mean,-1.0936,0.1321,-0.0109,0.0109,True,True,True,True,True,True,True
46,2008,2024,2008,17,2008_2024,-1.0872,-1.073,0.1858,0.2825,0.1307,3834,10,2008-01-27,2024-12-08,0.0894,GIS 46 mean,GIS 46 mean,-1.0936,0.1321,0.0064,0.0064,True,True,True,True,True,True,True
46,2007,2024,2007,18,2007_2024,-1.055,-1.0471,0.1645,0.2588,0.139,3998,10,2007-01-09,2024-12-08,0.0819,GIS 46 mean,GIS 46 mean,-1.0936,0.1321,0.0386,0.0386,True,True,True,True,True,True,True
46,2006,2024,2006,19,2006_2024,-1.0049,-0.9926,0.1166,0.2371,0.1428,4184,10,2006-01-21,2024-12-08,0.075,GIS 46 mean,GIS 46 mean,-1.0936,0.1321,0.0887,0.0887,True,True,True,True,True,True,True
46,2005,2024,2005,20,2005_2024,-0.923,-0.9242,0.1066,0.2259,0.1311,4304,10,2005-01-18,2024-12-08,0.0715,GIS 46 mean,GIS 46 mean,-1.0936,0.1321,0.1706,0.1706,False,True,True,True,True,True,True
46,2004,2024,2004,21,2004_2024,-0.9667,-0.9848,0.1275,0.2091,0.1563,4484,10,2004-01-01,2024-12-08,0.0661,GIS 46 mean,GIS 46 mean,-1.0936,0.1321,0.1269,0.1269,True,True,True,True,True,True,True
46,2003,2024,2003,22,2003_2024,-1.0029,-1.0019,0.1107,0.1936,0.1821,4672,10,2003-01-05,2024-12-08,0.0612,GIS 46 mean,GIS 46 mean,-1.0936,0.1321,0.0907,0.0907,True,True,True,True,True,True,True
46,2002,2024,2002,23,2002_2024,-1.0862,-1.0823,0.1091,0.1756,0.2311,4922,10,2002-01-10,2024-12-08,0.0556,GIS 46 mean,GIS 46 mean,-1.0936,0.1321,0.0074,0.0074,True,True,True,True,True,True,True
46,2001,2024,2001,24,2001_2024,-1.0445,-1.035,0.079,0.1635,0.2356,5128,10,2001-01-31,2024-12-08,0.0517,GIS 46 mean,GIS 46 mean,-1.0936,0.1321,0.0491,0.0491,True,True,True,True,True,True,True
46,2000,2024,2000,25,2000_2024,-1.1204,-1.1168,0.0667,0.1505,0.2832,5430,10,2000-01-13,2024-12-08,0.0476,GIS 46 mean,GIS 46 mean,-1.0936,0.1321,-0.0268,0.0268,True,True,True,True,True,True,True
46,1999,2024,1999,26,1999_2024,-1.1228,-1.1061,0.0877,0.1435,0.2969,5600,10,1999-03-07,2024-12-08,0.0454,GIS 46 mean,GIS 46 mean,-1.0936,0.1321,-0.0292,0.0292,True,True,True,True,True,True,True
46,1998,2024,1998,27,1998_2024,-1.0913,-1.0761,0.0727,0.1401,0.292,5688,10,1998-03-04,2024-12-08,0.0443,GIS 46 mean,GIS 46 mean,-1.0936,0.1321,0.0023,0.0023,True,True,True,True,True,True,True
46,1997,2024,1997,28,1997_2024,-1.0856,-1.0787,0.0689,0.138,0.2942,5740,10,1997-01-12,2024-12-08,0.0437,GIS 46 mean,GIS 46 mean,-1.0936,0.1321,0.008,0.008,True,True,True,True,True,True,True
46,1996,2024,1996,29,1996_2024,-1.0936,-1.1076,0.067,0.1321,0.3106,5878,10,1996-01-26,2024-12-08,0.0418,GIS 46 mean,GIS 46 mean,-1.0936,0.1321,0.0,0.0,True,True,True,True,True,True,True
47,2020,2024,2020,5,2020_2024,-1.8383,-2.4641,1.6286,1.5901,0.0542,1501,10,2020-01-28,2024-12-08,0.5044,GIS 47 mean,GIS 47 mean,-1.0282,0.1297,-0.8101,0.8101,False,False,False,False,False,True,True
47,2019,2024,2019,6,2019_2024,-0.0161,-0.1757,1.2564,1.1439,0.024,1772,10,2019-01-10,2024-12-08,0.3621,GIS 47 mean,GIS 47 mean,-1.0282,0.1297,1.0121,1.0121,False,False,False,False,False,False,True
47,2018,2024,2018,7,2018_2024,0.3006,0.4293,0.7956,0.9551,0.0152,1948,10,2018-01-07,2024-12-08,0.3025,GIS 47 mean,GIS 47 mean,-1.0282,0.1297,1.3288,1.3288,False,False,False,False,False,False,False
47,2017,2024,2017,8,2017_2024,-0.0032,0.0025,0.5921,0.7478,0.0106,2194,10,2017-01-19,2024-12-08,0.2369,GIS 47 mean,GIS 47 mean,-1.0282,0.1297,1.025,1.025,False,False,False,False,False,False,False
47,2016,2024,2016,9,2016_2024,0.1979,0.2322,0.4969,0.6247,0.0121,2404,10,2016-01-02,2024-12-08,0.198,GIS 47 mean,GIS 47 mean,-1.0282,0.1297,1.2261,1.2261,False,False,False,False,False,False,False
47,2015,2024,2015,10,2015_2024,0.1682,0.1834,0.3739,0.5337,0.0077,2622,10,2015-01-31,2024-12-08,0.1689,GIS 47 mean,GIS 47 mean,-1.0282,0.1297,1.1964,1.1964,False,False,False,False,False,False,False
47,2014,2024,2014,11,2014_2024,-0.0128,-0.0223,0.3056,0.4771,0.0049,2777,10,2014-01-12,2024-12-08,0.151,GIS 47 mean,GIS 47 mean,-1.0282,0.1297,1.0154,1.0154,False,False,False,False,False,False,False
47,2013,2024,2013,12,2013_2024,-0.1375,-0.205,0.1725,0.4149,0.0035,2980,10,2013-02-01,2024-12-08,0.1313,GIS 47 mean,GIS 47 mean,-1.0282,0.1297,0.8907,0.8907,False,False,False,False,False,True,False
47,2012,2024,2012,13,2012_2024,-0.2204,-0.3042,0.1784,0.3949,0.0065,3050,10,2012-01-14,2024-12-08,0.125,GIS 47 mean,GIS 47 mean,-1.0282,0.1297,0.8078,0.8078,False,False,False,False,False,True,False
47,2011,2024,2011,14,2011_2024,0.0697,-0.0047,0.2575,0.3444,0.0059,3278,10,2011-01-03,2024-12-08,0.109,GIS 47 mean,GIS 47 mean,-1.0282,0.1297,1.0979,1.0979,False,False,False,False,False,False,False
47,2010,2024,2010,15,2010_2024,-0.0366,-0.0888,0.2104,0.3123,0.0047,3452,10,2010-02-01,2024-12-08,0.0988,GIS 47 mean,GIS 47 mean,-1.0282,0.1297,0.9916,0.9916,False,False,False,False,False,True,False
47,2009,2024,2009,16,2009_2024,-0.194,-0.2435,0.2022,0.3021,0.0094,3567,10,2009-02-06,2024-12-08,0.0956,GIS 47 mean,GIS 47 mean,-1.0282,0.1297,0.8342,0.8342,False,False,False,False,False,True,False
47,2008,2024,2008,17,2008_2024,-0.4163,-0.4371,0.2035,0.2727,0.0302,3783,10,2008-01-27,2024-12-08,0.0863,GIS 47 mean,GIS 47 mean,-1.0282,0.1297,0.6119,0.6119,False,False,False,False,False,True,False
47,2007,2024,2007,18,2007_2024,-0.581,-0.6095,0.1543,0.249,0.0555,3969,10,2007-01-09,2024-12-08,0.0788,GIS 47 mean,GIS 47 mean,-1.0282,0.1297,0.4472,0.4472,False,False,False,False,True,True,False
47,2006,2024,2006,19,2006_2024,-0.6631,-0.7081,0.1581,0.2283,0.0783,4163,10,2006-01-21,2024-12-08,0.0722,GIS 47 mean,GIS 47 mean,-1.0282,0.1297,0.3651,0.3651,False,False,False,True,True,True,False
47,2005,2024,2005,20,2005_2024,-0.6708,-0.7326,0.1732,0.2145,0.087,4302,10,2005-01-18,2024-12-08,0.0679,GIS 47 mean,GIS 47 mean,-1.0282,0.1297,0.3574,0.3574,False,False,False,True,True,True,False
47,2004,2024,2004,21,2004_2024,-0.7835,-0.8481,0.152,0.2021,0.1197,4487,10,2004-01-01,2024-12-08,0.064,GIS 47 mean,GIS 47 mean,-1.0282,0.1297,0.2447,0.2447,False,True,False,True,True,True,True
47,2003,2024,2003,22,2003_2024,-0.8139,-0.8712,0.1398,0.1897,0.1383,4636,10,2003-01-05,2024-12-08,0.06,GIS 47 mean,GIS 47 mean,-1.0282,0.1297,0.2143,0.2143,False,True,False,True,True,True,True
47,2002,2024,2002,23,2002_2024,-0.8549,-0.9046,0.1208,0.1727,0.1671,4883,10,2002-01-10,2024-12-08,0.0547,GIS 47 mean,GIS 47 mean,-1.0282,0.1297,0.1733,0.1733,False,True,True,True,True,True,True
47,2001,2024,2001,24,2001_2024,-0.8371,-0.8816,0.1239,0.1607,0.1761,5075,10,2001-02-08,2024-12-08,0.0509,GIS 47 mean,GIS 47 mean,-1.0282,0.1297,0.1911,0.1911,False,True,True,True,True,True,True
47,2000,2024,2000,25,2000_2024,-0.961,-1.0114,0.1476,0.1483,0.2352,5375,10,2000-01-13,2024-12-08,0.0469,GIS 47 mean,GIS 47 mean,-1.0282,0.1297,0.0672,0.0672,True,True,True,True,True,True,True
47,1999,2024,1999,26,1999_2024,-0.9591,-1.0239,0.1236,0.1414,0.2454,5545,10,1999-03-07,2024-12-08,0.0447,GIS 47 mean,GIS 47 mean,-1.0282,0.1297,0.0691,0.0691,True,True,True,True,True,True,True
47,1998,2024,1998,27,1998_2024,-0.9607,-1.018,0.1119,0.1367,0.2549,5640,10,1998-03-04,2024-12-08,0.0433,GIS 47 mean,GIS 47 mean,-1.0282,0.1297,0.0675,0.0675,True,True,True,True,True,True,True
47,1997,2024,1997,28,1997_2024,-0.9731,-1.0286,0.1102,0.1351,0.2629,5680,10,1997-01-12,2024-12-08,0.0427,GIS 47 mean,GIS 47 mean,-1.0282,0.1297,0.0551,0.0551,True,True,True,True,True,True,True
47,1996,2024,1996,29,1996_2024,-1.0282,-1.0894,0.1248,0.1297,0.2957,5820,10,1996-01-26,2024-12-08,0.041,GIS 47 mean,GIS 47 mean,-1.0282,0.1297,0.0,0.0,True,True,True,True,True,True,True
48,2020,2024,2020,5,2020_2024,0.9148,0.5077,1.0399,1.6048,0.0203,1530,10,2020-01-28,2024-12-08,0.5092,GIS 48 mean,GIS 48 mean,-0.4008,0.1309,1.3156,1.3156,False,False,False,False,False,False,True
48,2019,2024,2019,6,2019_2024,0.7447,0.4696,1.0661,1.119,0.0274,1790,10,2019-01-10,2024-12-08,0.3541,GIS 48 mean,GIS 48 mean,-0.4008,0.1309,1.1455,1.1455,False,False,False,False,False,False,True
48,2018,2024,2018,7,2018_2024,0.9486,0.8961,0.8267,0.9352,0.0353,1969,10,2018-01-07,2024-12-08,0.2964,GIS 48 mean,GIS 48 mean,-0.4008,0.1309,1.3494,1.3494,False,False,False,False,False,False,False
48,2017,2024,2017,8,2017_2024,-0.0386,-0.1132,0.7786,0.7293,0.0179,2248,10,2017-01-19,2024-12-08,0.2311,GIS 48 mean,GIS 48 mean,-0.4008,0.1309,0.3622,0.3622,False,False,False,True,True,True,True
48,2016,2024,2016,9,2016_2024,-0.1997,-0.154,0.6968,0.6086,0.0194,2475,10,2016-01-02,2024-12-08,0.1928,GIS 48 mean,GIS 48 mean,-0.4008,0.1309,0.2011,0.2011,False,True,False,True,True,True,True
48,2015,2024,2015,10,2015_2024,-0.1804,-0.1332,0.6718,0.5432,0.0207,2635,10,2015-01-31,2024-12-08,0.1719,GIS 48 mean,GIS 48 mean,-0.4008,0.1309,0.2204,0.2204,False,True,False,True,True,True,True
48,2014,2024,2014,11,2014_2024,-0.3246,-0.3268,0.5859,0.4762,0.0236,2816,10,2014-01-12,2024-12-08,0.1508,GIS 48 mean,GIS 48 mean,-0.4008,0.1309,0.0762,0.0762,True,True,True,True,True,True,True
48,2013,2024,2013,12,2013_2024,-0.2565,-0.2327,0.3888,0.4241,0.0136,3000,10,2013-02-01,2024-12-08,0.1343,GIS 48 mean,GIS 48 mean,-0.4008,0.1309,0.1443,0.1443,False,True,False,True,True,True,True
48,2012,2024,2012,13,2012_2024,-0.3149,-0.3026,0.334,0.396,0.0153,3095,10,2012-01-14,2024-12-08,0.1253,GIS 48 mean,GIS 48 mean,-0.4008,0.1309,0.0859,0.0859,True,True,False,True,True,True,True
48,2011,2024,2011,14,2011_2024,0.1017,0.1374,0.2057,0.3528,0.0044,3334,10,2011-01-03,2024-12-08,0.1116,GIS 48 mean,GIS 48 mean,-0.4008,0.1309,0.5025,0.5025,False,False,False,False,False,True,False
48,2010,2024,2010,15,2010_2024,0.0904,0.0904,0.1398,0.3141,0.0026,3543,10,2010-02-01,2024-12-08,0.0994,GIS 48 mean,GIS 48 mean,-0.4008,0.1309,0.4912,0.4912,False,False,False,False,True,True,False
48,2009,2024,2009,16,2009_2024,-0.0465,-0.0805,0.1355,0.3018,0.0021,3666,10,2009-02-06,2024-12-08,0.0955,GIS 48 mean,GIS 48 mean,-0.4008,0.1309,0.3543,0.3543,False,False,False,True,True,True,True
48,2008,2024,2008,17,2008_2024,-0.3615,-0.3834,0.1461,0.2714,0.0203,3927,10,2008-01-27,2024-12-08,0.0859,GIS 48 mean,GIS 48 mean,-0.4008,0.1309,0.0393,0.0393,True,True,True,True,True,True,True
48,2007,2024,2007,18,2007_2024,-0.4278,-0.4564,0.1168,0.2481,0.0298,4106,10,2007-01-09,2024-12-08,0.0785,GIS 48 mean,GIS 48 mean,-0.4008,0.1309,-0.027,0.027,True,True,True,True,True,True,True
48,2006,2024,2006,19,2006_2024,-0.3468,-0.3727,0.0955,0.2298,0.022,4284,10,2006-01-21,2024-12-08,0.0727,GIS 48 mean,GIS 48 mean,-0.4008,0.1309,0.054,0.054,True,True,True,True,True,True,True
48,2005,2024,2005,20,2005_2024,-0.3451,-0.3848,0.091,0.2202,0.0228,4394,10,2005-01-18,2024-12-08,0.0696,GIS 48 mean,GIS 48 mean,-0.4008,0.1309,0.0557,0.0557,True,True,True,True,True,True,True
48,2004,2024,2004,21,2004_2024,-0.451,-0.457,0.0497,0.2059,0.0398,4568,10,2004-01-01,2024-12-08,0.0651,GIS 48 mean,GIS 48 mean,-0.4008,0.1309,-0.0502,0.0502,True,True,True,True,True,True,True
48,2003,2024,2003,22,2003_2024,-0.4977,-0.504,0.0414,0.1908,0.0532,4755,10,2003-01-05,2024-12-08,0.0603,GIS 48 mean,GIS 48 mean,-0.4008,0.1309,-0.0969,0.0969,True,True,False,True,True,True,True
48,2002,2024,2002,23,2002_2024,-0.4964,-0.5053,0.0505,0.1734,0.06,5002,10,2002-01-10,2024-12-08,0.0549,GIS 48 mean,GIS 48 mean,-0.4008,0.1309,-0.0956,0.0956,True,True,False,True,True,True,True
48,2001,2024,2001,24,2001_2024,-0.4655,-0.4782,0.0568,0.1619,0.0584,5195,10,2001-02-08,2024-12-08,0.0512,GIS 48 mean,GIS 48 mean,-0.4008,0.1309,-0.0647,0.0647,True,True,True,True,True,True,True
48,2000,2024,2000,25,2000_2024,-0.423,-0.4194,0.0875,0.1502,0.0541,5495,10,2000-01-13,2024-12-08,0.0475,GIS 48 mean,GIS 48 mean,-0.4008,0.1309,-0.0222,0.0222,True,True,True,True,True,True,True
48,1999,2024,1999,26,1999_2024,-0.4041,-0.4035,0.1201,0.1436,0.054,5665,10,1999-03-07,2024-12-08,0.0454,GIS 48 mean,GIS 48 mean,-0.4008,0.1309,-0.0033,0.0033,True,True,True,True,True,True,True
48,1998,2024,1998,27,1998_2024,-0.4189,-0.4226,0.1307,0.139,0.0606,5763,10,1998-03-04,2024-12-08,0.044,GIS 48 mean,GIS 48 mean,-0.4008,0.1309,-0.0181,0.0181,True,True,True,True,True,True,True
48,1997,2024,1997,28,1997_2024,-0.4254,-0.4219,0.1299,0.1367,0.0636,5808,10,1997-01-12,2024-12-08,0.0432,GIS 48 mean,GIS 48 mean,-0.4008,0.1309,-0.0246,0.0246,True,True,True,True,True,True,True
48,1996,2024,1996,29,1996_2024,-0.4008,-0.4056,0.1796,0.1309,0.0649,5948,10,1996-01-26,2024-12-08,0.0414,GIS 48 mean,GIS 48 mean,-0.4008,0.1309,0.0,0.0,True,True,True,True,True,True,True
49,2020,2024,2020,5,2020_2024,-0.1583,-0.2496,0.9955,1.4487,0.0115,1471,10,2020-01-28,2024-12-08,0.4584,GIS 49 mean,GIS 49 mean,-0.2926,0.1352,0.1343,0.1343,True,True,False,True,True,True,True
49,2019,2024,2019,6,2019_2024,0.6796,0.5379,0.7903,1.0186,0.0188,1750,10,2019-01-10,2024-12-08,0.3226,GIS 49 mean,GIS 49 mean,-0.2926,0.1352,0.9722,0.9722,False,False,False,False,False,True,True
49,2018,2024,2018,7,2018_2024,0.9532,0.9488,0.7225,0.8443,0.0349,1941,10,2018-01-07,2024-12-08,0.2672,GIS 49 mean,GIS 49 mean,-0.2926,0.1352,1.2458,1.2458,False,False,False,False,False,False,False
49,2017,2024,2017,8,2017_2024,-0.1262,-0.1866,0.6358,0.702,0.0134,2184,10,2017-01-19,2024-12-08,0.2222,GIS 49 mean,GIS 49 mean,-0.2926,0.1352,0.1664,0.1664,False,True,False,True,True,True,True
49,2016,2024,2016,9,2016_2024,-0.3865,-0.4421,0.4976,0.6002,0.017,2394,10,2016-01-02,2024-12-08,0.1899,GIS 49 mean,GIS 49 mean,-0.2926,0.1352,-0.0939,0.0939,True,True,False,True,True,True,True
49,2015,2024,2015,10,2015_2024,-0.8026,-1.007,0.6132,0.5129,0.053,2620,10,2015-01-31,2024-12-08,0.1623,GIS 49 mean,GIS 49 mean,-0.2926,0.1352,-0.51,0.51,False,False,False,False,False,True,True
49,2014,2024,2014,11,2014_2024,-0.8518,-1.0607,0.5592,0.4542,0.0636,2780,10,2014-01-12,2024-12-08,0.1437,GIS 49 mean,GIS 49 mean,-0.2926,0.1352,-0.5592,0.5592,False,False,False,False,False,True,True
49,2013,2024,2013,12,2013_2024,-0.8134,-0.8913,0.4896,0.3976,0.0663,2982,10,2013-02-01,2024-12-08,0.1258,GIS 49 mean,GIS 49 mean,-0.2926,0.1352,-0.5208,0.5208,False,False,False,False,False,True,True
49,2012,2024,2012,13,2012_2024,-0.9405,-0.9649,0.4862,0.3783,0.0865,3056,10,2012-01-14,2024-12-08,0.1197,GIS 49 mean,GIS 49 mean,-0.2926,0.1352,-0.6479,0.6479,False,False,False,False,False,True,False
49,2011,2024,2011,14,2011_2024,-0.8314,-0.8388,0.5102,0.3327,0.0883,3267,10,2011-01-03,2024-12-08,0.1053,GIS 49 mean,GIS 49 mean,-0.2926,0.1352,-0.5388,0.5388,False,False,False,False,False,True,False
49,2010,2024,2010,15,2010_2024,-0.7505,-0.7312,0.4118,0.3012,0.0783,3440,10,2010-02-01,2024-12-08,0.0953,GIS 49 mean,GIS 49 mean,-0.2926,0.1352,-0.4579,0.4579,False,False,False,False,True,True,False
49,2009,2024,2009,16,2009_2024,-0.9695,-0.9883,0.3813,0.2915,0.1178,3562,10,2009-02-06,2024-12-08,0.0922,GIS 49 mean,GIS 49 mean,-0.2926,0.1352,-0.6769,0.6769,False,False,False,False,False,True,False
49,2008,2024,2008,17,2008_2024,-1.1005,-1.1369,0.2181,0.265,0.1539,3771,10,2008-01-27,2024-12-08,0.0838,GIS 49 mean,GIS 49 mean,-0.2926,0.1352,-0.8079,0.8079,False,False,False,False,False,True,False
49,2007,2024,2007,18,2007_2024,-1.2388,-1.3132,0.2688,0.2419,0.2079,3949,10,2007-01-09,2024-12-08,0.0765,GIS 49 mean,GIS 49 mean,-0.2926,0.1352,-0.9462,0.9462,False,False,False,False,False,True,False
49,2006,2024,2006,19,2006_2024,-1.1722,-1.2614,0.2786,0.2216,0.2114,4138,10,2006-01-21,2024-12-08,0.0701,GIS 49 mean,GIS 49 mean,-0.2926,0.1352,-0.8796,0.8796,False,False,False,False,False,True,False
49,2005,2024,2005,20,2005_2024,-1.0184,-1.0812,0.2423,0.2154,0.1718,4280,10,2005-01-18,2024-12-08,0.0681,GIS 49 mean,GIS 49 mean,-0.2926,0.1352,-0.7258,0.7258,False,False,False,False,False,True,False
49,2004,2024,2004,21,2004_2024,-0.9398,-0.9982,0.2199,0.2007,0.1625,4464,10,2004-01-01,2024-12-08,0.0635,GIS 49 mean,GIS 49 mean,-0.2926,0.1352,-0.6472,0.6472,False,False,False,False,False,True,False
49,2003,2024,2003,22,2003_2024,-0.8633,-0.8996,0.1943,0.1888,0.1508,4621,10,2003-01-05,2024-12-08,0.0597,GIS 49 mean,GIS 49 mean,-0.2926,0.1352,-0.5707,0.5707,False,False,False,False,False,True,False
49,2002,2024,2002,23,2002_2024,-0.721,-0.7474,0.1692,0.1736,0.1226,4870,10,2002-01-10,2024-12-08,0.0549,GIS 49 mean,GIS 49 mean,-0.2926,0.1352,-0.4284,0.4284,False,False,False,False,True,True,False
49,2001,2024,2001,24,2001_2024,-0.5932,-0.594,0.1463,0.1643,0.0924,5078,10,2001-01-07,2024-12-08,0.052,GIS 49 mean,GIS 49 mean,-0.2926,0.1352,-0.3006,0.3006,False,False,False,True,True,True,False
49,2000,2024,2000,25,2000_2024,-0.5125,-0.4933,0.1288,0.1514,0.0783,5378,10,2000-01-13,2024-12-08,0.0479,GIS 49 mean,GIS 49 mean,-0.2926,0.1352,-0.2199,0.2199,False,True,False,True,True,True,True
49,1999,2024,1999,26,1999_2024,-0.4212,-0.4088,0.1222,0.1466,0.057,5548,10,1999-03-07,2024-12-08,0.0464,GIS 49 mean,GIS 49 mean,-0.2926,0.1352,-0.1286,0.1286,True,True,False,True,True,True,True
49,1998,2024,1998,27,1998_2024,-0.3744,-0.3566,0.099,0.1428,0.0467,5648,10,1998-03-04,2024-12-08,0.0452,GIS 49 mean,GIS 49 mean,-0.2926,0.1352,-0.0818,0.0818,True,True,False,True,True,True,True
49,1997,2024,1997,28,1997_2024,-0.3667,-0.344,0.0908,0.1403,0.0458,5698,10,1997-01-12,2024-12-08,0.0444,GIS 49 mean,GIS 49 mean,-0.2926,0.1352,-0.0741,0.0741,True,True,False,True,True,True,True
49,1996,2024,1996,29,1996_2024,-0.2926,-0.2745,0.0995,0.1352,0.0325,5838,10,1996-01-26,2024-12-08,0.0428,GIS 49 mean,GIS 49 mean,-0.2926,0.1352,0.0,0.0,True,True,True,True,True,True,True
50,2020,2024,2020,5,2020_2024,0.9973,1.012,0.4871,1.5438,0.0135,1496,10,2020-01-28,2024-12-08,0.4886,GIS 50 mean,GIS 50 mean,-0.5914,0.1354,1.5887,1.5887,False,False,False,False,False,False,True
50,2019,2024,2019,6,2019_2024,0.4372,0.4446,0.1991,1.0747,0.0045,1772,10,2019-01-10,2024-12-08,0.3407,GIS 50 mean,GIS 50 mean,-0.5914,0.1354,1.0286,1.0286,False,False,False,False,False,False,True
50,2018,2024,2018,7,2018_2024,0.495,0.536,0.3751,0.8874,0.01,1960,10,2018-01-07,2024-12-08,0.2809,GIS 50 mean,GIS 50 mean,-0.5914,0.1354,1.0864,1.0864,False,False,False,False,False,False,False
50,2017,2024,2017,8,2017_2024,-0.7851,-0.7788,0.3386,0.717,0.0233,2237,10,2017-01-19,2024-12-08,0.2268,GIS 50 mean,GIS 50 mean,-0.5914,0.1354,-0.1937,0.1937,False,True,False,True,True,True,True
50,2016,2024,2016,9,2016_2024,-0.8668,-0.911,0.1972,0.6185,0.0312,2458,10,2016-01-02,2024-12-08,0.1957,GIS 50 mean,GIS 50 mean,-0.5914,0.1354,-0.2754,0.2754,False,False,False,True,True,True,True
50,2015,2024,2015,10,2015_2024,-1.0512,-1.0457,0.2196,0.5574,0.0522,2615,10,2015-01-31,2024-12-08,0.1764,GIS 50 mean,GIS 50 mean,-0.5914,0.1354,-0.4598,0.4598,False,False,False,False,True,True,True
50,2014,2024,2014,11,2014_2024,-1.2818,-1.2973,0.328,0.4914,0.0894,2788,10,2014-01-12,2024-12-08,0.1555,GIS 50 mean,GIS 50 mean,-0.5914,0.1354,-0.6904,0.6904,False,False,False,False,False,True,False
50,2013,2024,2013,12,2013_2024,-1.1715,-1.091,0.3441,0.4324,0.0908,2970,10,2013-02-01,2024-12-08,0.1368,GIS 50 mean,GIS 50 mean,-0.5914,0.1354,-0.5801,0.5801,False,False,False,False,False,True,False
50,2012,2024,2012,13,2012_2024,-1.4639,-1.4479,0.3672,0.4121,0.1412,3058,10,2012-01-14,2024-12-08,0.1304,GIS 50 mean,GIS 50 mean,-0.5914,0.1354,-0.8725,0.8725,False,False,False,False,False,True,False
50,2011,2024,2011,14,2011_2024,-1.5964,-1.6773,0.3476,0.3598,0.1916,3271,10,2011-01-03,2024-12-08,0.1138,GIS 50 mean,GIS 50 mean,-0.5914,0.1354,-1.005,1.005,False,False,False,False,False,False,False
50,2010,2024,2010,15,2010_2024,-1.3552,-1.372,0.3342,0.3298,0.1624,3477,10,2010-02-01,2024-12-08,0.1043,GIS 50 mean,GIS 50 mean,-0.5914,0.1354,-0.7638,0.7638,False,False,False,False,False,True,False
50,2009,2024,2009,16,2009_2024,-1.2788,-1.2491,0.3649,0.3118,0.1585,3595,10,2009-02-06,2024-12-08,0.0986,GIS 50 mean,GIS 50 mean,-0.5914,0.1354,-0.6874,0.6874,False,False,False,False,False,True,False
50,2008,2024,2008,17,2008_2024,-1.1471,-1.1217,0.2905,0.2749,0.1523,3849,10,2008-01-27,2024-12-08,0.087,GIS 50 mean,GIS 50 mean,-0.5914,0.1354,-0.5557,0.5557,False,False,False,False,False,True,False
50,2007,2024,2007,18,2007_2024,-1.2357,-1.1977,0.295,0.2532,0.1894,4012,10,2007-01-09,2024-12-08,0.0801,GIS 50 mean,GIS 50 mean,-0.5914,0.1354,-0.6443,0.6443,False,False,False,False,False,True,False
50,2006,2024,2006,19,2006_2024,-1.143,-1.0901,0.2202,0.2364,0.1793,4181,10,2006-02-14,2024-12-08,0.0748,GIS 50 mean,GIS 50 mean,-0.5914,0.1354,-0.5516,0.5516,False,False,False,False,False,True,False
50,2005,2024,2005,20,2005_2024,-1.0507,-1.0598,0.1753,0.2273,0.1621,4302,10,2005-01-18,2024-12-08,0.0719,GIS 50 mean,GIS 50 mean,-0.5914,0.1354,-0.4593,0.4593,False,False,False,False,True,True,False
50,2004,2024,2004,21,2004_2024,-0.9806,-0.9512,0.1967,0.2123,0.1573,4469,10,2004-01-01,2024-12-08,0.0671,GIS 50 mean,GIS 50 mean,-0.5914,0.1354,-0.3892,0.3892,False,False,False,True,True,True,False
50,2003,2024,2003,22,2003_2024,-0.9468,-0.9213,0.1556,0.1962,0.1628,4654,10,2003-01-05,2024-12-08,0.0621,GIS 50 mean,GIS 50 mean,-0.5914,0.1354,-0.3554,0.3554,False,False,False,True,True,True,False
50,2002,2024,2002,23,2002_2024,-0.8333,-0.8112,0.1392,0.1795,0.146,4904,10,2002-01-10,2024-12-08,0.0568,GIS 50 mean,GIS 50 mean,-0.5914,0.1354,-0.2419,0.2419,False,True,False,True,True,True,True
50,2001,2024,2001,24,2001_2024,-0.6958,-0.6739,0.1025,0.1683,0.1145,5123,10,2001-01-07,2024-12-08,0.0532,GIS 50 mean,GIS 50 mean,-0.5914,0.1354,-0.1044,0.1044,True,True,True,True,True,True,True
50,2000,2024,2000,25,2000_2024,-0.6246,-0.6071,0.0532,0.1548,0.1041,5422,10,2000-01-13,2024-12-08,0.049,GIS 50 mean,GIS 50 mean,-0.5914,0.1354,-0.0332,0.0332,True,True,True,True,True,True,True
50,1999,2024,1999,26,1999_2024,-0.6068,-0.5992,0.0553,0.1475,0.1049,5592,10,1999-03-07,2024-12-08,0.0467,GIS 50 mean,GIS 50 mean,-0.5914,0.1354,-0.0154,0.0154,True,True,True,True,True,True,True
50,1998,2024,1998,27,1998_2024,-0.5866,-0.5942,0.0442,0.1438,0.1023,5692,10,1998-03-04,2024-12-08,0.0455,GIS 50 mean,GIS 50 mean,-0.5914,0.1354,0.0048,0.0048,True,True,True,True,True,True,True
50,1997,2024,1997,28,1997_2024,-0.5758,-0.5921,0.0485,0.1418,0.1009,5740,10,1997-01-12,2024-12-08,0.0448,GIS 50 mean,GIS 50 mean,-0.5914,0.1354,0.0156,0.0156,True,True,True,True,True,True,True
50,1996,2024,1996,29,1996_2024,-0.5914,-0.5972,0.0805,0.1354,0.1135,5880,10,1996-01-26,2024-12-08,0.0428,GIS 50 mean,GIS 50 mean,-0.5914,0.1354,0.0,0.0,True,True,True,True,True,True,True
51,2020,2024,2020,5,2020_2024,-0.3542,0.3956,1.5614,1.5607,0.0226,1486,10,2020-01-28,2024-12-08,0.494,GIS 51 mean,GIS 51 mean,-0.663,0.1406,0.3088,0.3088,False,False,False,True,True,True,True
51,2019,2024,2019,6,2019_2024,-0.9021,-1.027,0.7021,1.1026,0.0224,1770,10,2019-01-10,2024-12-08,0.3489,GIS 51 mean,GIS 51 mean,-0.663,0.1406,-0.2391,0.2391,False,True,False,True,True,True,True
51,2018,2024,2018,7,2018_2024,-0.2364,-0.2106,0.6772,0.9206,0.0108,1959,10,2018-01-07,2024-12-08,0.2914,GIS 51 mean,GIS 51 mean,-0.663,0.1406,0.4266,0.4266,False,False,False,False,True,True,True
51,2017,2024,2017,8,2017_2024,-0.8529,-0.7611,0.2913,0.7371,0.0255,2207,10,2017-01-19,2024-12-08,0.2332,GIS 51 mean,GIS 51 mean,-0.663,0.1406,-0.1899,0.1899,False,True,False,True,True,True,True
51,2016,2024,2016,9,2016_2024,-0.6044,-0.6615,0.227,0.6522,0.015,2425,10,2016-01-02,2024-12-08,0.2063,GIS 51 mean,GIS 51 mean,-0.663,0.1406,0.0586,0.0586,True,True,True,True,True,True,True
51,2015,2024,2015,10,2015_2024,-0.4953,-0.5108,0.3114,0.5515,0.0151,2645,10,2015-01-31,2024-12-08,0.1745,GIS 51 mean,GIS 51 mean,-0.663,0.1406,0.1677,0.1677,False,True,False,True,True,True,True
51,2014,2024,2014,11,2014_2024,-0.6209,-0.6063,0.2203,0.4876,0.0235,2815,10,2014-01-12,2024-12-08,0.1543,GIS 51 mean,GIS 51 mean,-0.663,0.1406,0.0421,0.0421,True,True,True,True,True,True,True
51,2013,2024,2013,12,2013_2024,-0.7584,-0.743,0.1147,0.4324,0.0385,3023,10,2013-02-01,2024-12-08,0.1368,GIS 51 mean,GIS 51 mean,-0.663,0.1406,-0.0954,0.0954,True,True,True,True,True,True,True
51,2012,2024,2012,13,2012_2024,-1.0162,-1.008,0.1662,0.4185,0.0697,3099,10,2012-01-14,2024-12-08,0.1324,GIS 51 mean,GIS 51 mean,-0.663,0.1406,-0.3532,0.3532,False,False,False,True,True,True,True
51,2011,2024,2011,14,2011_2024,-1.3318,-1.2991,0.2005,0.3676,0.1345,3319,10,2011-01-03,2024-12-08,0.1163,GIS 51 mean,GIS 51 mean,-0.663,0.1406,-0.6688,0.6688,False,False,False,False,False,True,False
51,2010,2024,2010,15,2010_2024,-1.3104,-1.2439,0.2565,0.3398,0.1441,3489,10,2010-02-01,2024-12-08,0.1075,GIS 51 mean,GIS 51 mean,-0.663,0.1406,-0.6474,0.6474,False,False,False,False,False,True,False
51,2009,2024,2009,16,2009_2024,-1.0633,-1.0093,0.2544,0.3224,0.1072,3617,10,2009-02-06,2024-12-08,0.102,GIS 51 mean,GIS 51 mean,-0.663,0.1406,-0.4003,0.4003,False,False,False,True,True,True,True
51,2008,2024,2008,17,2008_2024,-0.985,-0.9312,0.2213,0.2915,0.1057,3822,10,2008-01-27,2024-12-08,0.0922,GIS 51 mean,GIS 51 mean,-0.663,0.1406,-0.322,0.322,False,False,False,True,True,True,True
51,2007,2024,2007,18,2007_2024,-1.0212,-0.9634,0.208,0.2636,0.1284,4006,10,2007-01-09,2024-12-08,0.0834,GIS 51 mean,GIS 51 mean,-0.663,0.1406,-0.3582,0.3582,False,False,False,True,True,True,True
51,2006,2024,2006,19,2006_2024,-1.0767,-1.015,0.2165,0.2426,0.1554,4195,10,2006-01-21,2024-12-08,0.0767,GIS 51 mean,GIS 51 mean,-0.663,0.1406,-0.4137,0.4137,False,False,False,True,True,True,False
51,2005,2024,2005,20,2005_2024,-0.9388,-0.8716,0.2042,0.2337,0.1276,4345,10,2005-01-18,2024-12-08,0.0739,GIS 51 mean,GIS 51 mean,-0.663,0.1406,-0.2758,0.2758,False,False,False,True,True,True,True
51,2004,2024,2004,21,2004_2024,-0.8647,-0.8162,0.1787,0.2188,0.1197,4511,10,2004-01-01,2024-12-08,0.0692,GIS 51 mean,GIS 51 mean,-0.663,0.1406,-0.2017,0.2017,False,True,False,True,True,True,True
51,2003,2024,2003,22,2003_2024,-0.774,-0.7252,0.161,0.2066,0.1058,4658,10,2003-01-05,2024-12-08,0.0654,GIS 51 mean,GIS 51 mean,-0.663,0.1406,-0.111,0.111,True,True,True,True,True,True,True
51,2002,2024,2002,23,2002_2024,-0.6633,-0.6308,0.1343,0.1874,0.0912,4908,10,2002-01-10,2024-12-08,0.0593,GIS 51 mean,GIS 51 mean,-0.663,0.1406,-0.0003,0.0003,True,True,True,True,True,True,True
51,2001,2024,2001,24,2001_2024,-0.5706,-0.5499,0.1002,0.1742,0.0757,5128,10,2001-01-07,2024-12-08,0.0551,GIS 51 mean,GIS 51 mean,-0.663,0.1406,0.0924,0.0924,True,True,True,True,True,True,True
51,2000,2024,2000,25,2000_2024,-0.6095,-0.6001,0.0557,0.1586,0.0955,5428,10,2000-01-13,2024-12-08,0.0502,GIS 51 mean,GIS 51 mean,-0.663,0.1406,0.0535,0.0535,True,True,True,True,True,True,True
51,1999,2024,1999,26,1999_2024,-0.5596,-0.5322,0.0874,0.1534,0.0853,5598,10,1999-03-07,2024-12-08,0.0485,GIS 51 mean,GIS 51 mean,-0.663,0.1406,0.1034,0.1034,True,True,True,True,True,True,True
51,1998,2024,1998,27,1998_2024,-0.6085,-0.5968,0.0588,0.1499,0.1013,5696,10,1998-03-04,2024-12-08,0.0474,GIS 51 mean,GIS 51 mean,-0.663,0.1406,0.0545,0.0545,True,True,True,True,True,True,True
51,1997,2024,1997,28,1997_2024,-0.6164,-0.6026,0.059,0.1474,0.106,5746,10,1997-01-12,2024-12-08,0.0466,GIS 51 mean,GIS 51 mean,-0.663,0.1406,0.0466,0.0466,True,True,True,True,True,True,True
51,1996,2024,1996,29,1996_2024,-0.663,-0.6538,0.0554,0.1406,0.1282,5886,10,1996-01-26,2024-12-08,0.0445,GIS 51 mean,GIS 51 mean,-0.663,0.1406,0.0,0.0,True,True,True,True,True,True,True
52,2020,2024,2020,5,2020_2024,-3.1036,-3.0258,0.6313,1.7268,0.0791,1499,10,2020-01-28,2024-12-08,0.5473,GIS 52 mean,GIS 52 mean,-0.896,0.1443,-2.2076,2.2076,False,False,False,False,False,False,False
52,2019,2024,2019,6,2019_2024,-1.8005,-1.8374,0.4121,1.2773,0.0464,1740,10,2019-01-10,2024-12-08,0.4063,GIS 52 mean,GIS 52 mean,-0.896,0.1443,-0.9045,0.9045,False,False,False,False,False,True,True
52,2018,2024,2018,7,2018_2024,-1.0234,-1.0506,0.5518,1.0323,0.0255,1932,10,2018-01-07,2024-12-08,0.3277,GIS 52 mean,GIS 52 mean,-0.896,0.1443,-0.1274,0.1274,True,True,True,True,True,True,True
52,2017,2024,2017,8,2017_2024,-0.4886,-0.6894,0.4264,0.7884,0.0122,2207,10,2017-01-19,2024-12-08,0.2499,GIS 52 mean,GIS 52 mean,-0.896,0.1443,0.4074,0.4074,False,False,False,True,True,True,True
52,2016,2024,2016,9,2016_2024,-0.3177,-0.4596,0.3152,0.6809,0.007,2429,10,2016-02-10,2024-12-08,0.2158,GIS 52 mean,GIS 52 mean,-0.896,0.1443,0.5783,0.5783,False,False,False,False,False,True,True
52,2015,2024,2015,10,2015_2024,-0.5761,-0.7327,0.4308,0.6068,0.021,2586,10,2015-01-31,2024-12-08,0.1922,GIS 52 mean,GIS 52 mean,-0.896,0.1443,0.3199,0.3199,False,False,False,True,True,True,True
52,2014,2024,2014,11,2014_2024,-0.9041,-1.0129,0.2074,0.5313,0.0419,2771,10,2014-01-12,2024-12-08,0.1683,GIS 52 mean,GIS 52 mean,-0.896,0.1443,-0.0081,0.0081,True,True,True,True,True,True,True
52,2013,2024,2013,12,2013_2024,-0.923,-1.0103,0.1738,0.4634,0.0515,2962,10,2013-02-01,2024-12-08,0.1467,GIS 52 mean,GIS 52 mean,-0.896,0.1443,-0.027,0.027,True,True,True,True,True,True,True
52,2012,2024,2012,13,2012_2024,-1.2487,-1.3634,0.2239,0.4458,0.0939,3047,10,2012-01-14,2024-12-08,0.1412,GIS 52 mean,GIS 52 mean,-0.896,0.1443,-0.3527,0.3527,False,False,False,True,True,True,True
52,2011,2024,2011,14,2011_2024,-1.5071,-1.634,0.3135,0.3931,0.1547,3248,10,2011-01-03,2024-12-08,0.1245,GIS 52 mean,GIS 52 mean,-0.896,0.1443,-0.6111,0.6111,False,False,False,False,False,True,False
52,2010,2024,2010,15,2010_2024,-1.8078,-1.9392,0.2263,0.349,0.234,3458,10,2010-02-01,2024-12-08,0.1105,GIS 52 mean,GIS 52 mean,-0.896,0.1443,-0.9118,0.9118,False,False,False,False,False,True,False
52,2009,2024,2009,16,2009_2024,-1.7432,-1.8245,0.1497,0.3265,0.2379,3578,10,2009-02-06,2024-12-08,0.1034,GIS 52 mean,GIS 52 mean,-0.896,0.1443,-0.8472,0.8472,False,False,False,False,False,True,False
52,2008,2024,2008,17,2008_2024,-1.6176,-1.6466,0.1241,0.2863,0.2443,3848,10,2008-01-27,2024-12-08,0.0906,GIS 52 mean,GIS 52 mean,-0.896,0.1443,-0.7216,0.7216,False,False,False,False,False,True,False
52,2007,2024,2007,18,2007_2024,-1.6444,-1.6448,0.0702,0.2635,0.2735,4023,10,2007-01-09,2024-12-08,0.0834,GIS 52 mean,GIS 52 mean,-0.896,0.1443,-0.7484,0.7484,False,False,False,False,False,True,False
52,2006,2024,2006,19,2006_2024,-1.6863,-1.6864,0.079,0.2442,0.306,4204,10,2006-01-21,2024-12-08,0.0773,GIS 52 mean,GIS 52 mean,-0.896,0.1443,-0.7903,0.7903,False,False,False,False,False,True,False
52,2005,2024,2005,20,2005_2024,-1.5412,-1.5604,0.0824,0.2368,0.2757,4322,10,2005-01-18,2024-12-08,0.0749,GIS 52 mean,GIS 52 mean,-0.896,0.1443,-0.6452,0.6452,False,False,False,False,False,True,False
52,2004,2024,2004,21,2004_2024,-1.4105,-1.4187,0.0841,0.2217,0.2594,4491,10,2004-01-01,2024-12-08,0.0701,GIS 52 mean,GIS 52 mean,-0.896,0.1443,-0.5145,0.5145,False,False,False,False,False,True,False
52,2003,2024,2003,22,2003_2024,-1.3208,-1.3303,0.0563,0.2074,0.2521,4678,10,2003-01-05,2024-12-08,0.0656,GIS 52 mean,GIS 52 mean,-0.896,0.1443,-0.4248,0.4248,False,False,False,True,True,True,False
52,2002,2024,2002,23,2002_2024,-1.2142,-1.2346,0.0585,0.1895,0.2447,4926,10,2002-01-10,2024-12-08,0.0599,GIS 52 mean,GIS 52 mean,-0.896,0.1443,-0.3182,0.3182,False,False,False,True,True,True,True
52,2001,2024,2001,24,2001_2024,-1.0264,-1.046,0.0569,0.1807,0.196,5146,10,2001-01-07,2024-12-08,0.0572,GIS 52 mean,GIS 52 mean,-0.896,0.1443,-0.1304,0.1304,True,True,True,True,True,True,True
52,2000,2024,2000,25,2000_2024,-0.8804,-0.8939,0.0435,0.1672,0.1654,5436,10,2000-01-13,2024-12-08,0.0529,GIS 52 mean,GIS 52 mean,-0.896,0.1443,0.0156,0.0156,True,True,True,True,True,True,True
52,1999,2024,1999,26,1999_2024,-0.8863,-0.8987,0.0365,0.1589,0.1772,5606,10,1999-03-07,2024-12-08,0.0503,GIS 52 mean,GIS 52 mean,-0.896,0.1443,0.0097,0.0097,True,True,True,True,True,True,True
52,1998,2024,1998,27,1998_2024,-0.8563,-0.8642,0.0367,0.1543,0.1734,5701,10,1998-03-04,2024-12-08,0.0488,GIS 52 mean,GIS 52 mean,-0.896,0.1443,0.0397,0.0397,True,True,True,True,True,True,True
52,1997,2024,1997,28,1997_2024,-0.8803,-0.8892,0.0415,0.152,0.1845,5751,10,1997-01-12,2024-12-08,0.0481,GIS 52 mean,GIS 52 mean,-0.896,0.1443,0.0157,0.0157,True,True,True,True,True,True,True
52,1996,2024,1996,29,1996_2024,-0.896,-0.8994,0.0265,0.1443,0.2024,5891,10,1996-01-26,2024-12-08,0.0456,GIS 52 mean,GIS 52 mean,-0.896,0.1443,0.0,0.0,True,True,True,True,True,True,True
53,2020,2024,2020,5,2020_2024,-1.702,-1.4866,1.1385,1.6151,0.0377,1503,10,2020-01-28,2024-12-08,0.5115,GIS 53 mean,GIS 53 mean,-0.9867,0.1322,-0.7153,0.7153,False,False,False,False,False,True,True
53,2019,2024,2019,6,2019_2024,-1.5129,-1.3918,0.3915,1.1702,0.0365,1776,10,2019-01-10,2024-12-08,0.3707,GIS 53 mean,GIS 53 mean,-0.9867,0.1322,-0.5262,0.5262,False,False,False,False,False,True,True
53,2018,2024,2018,7,2018_2024,-0.5179,-0.5364,0.2305,0.9908,0.0066,1962,10,2018-01-07,2024-12-08,0.3139,GIS 53 mean,GIS 53 mean,-0.9867,0.1322,0.4688,0.4688,False,False,False,False,True,True,True
53,2017,2024,2017,8,2017_2024,-0.221,-0.1846,0.2932,0.7908,0.0032,2209,10,2017-01-19,2024-12-08,0.2505,GIS 53 mean,GIS 53 mean,-0.9867,0.1322,0.7657,0.7657,False,False,False,False,False,True,True
53,2016,2024,2016,9,2016_2024,-0.3554,-0.3525,0.1941,0.6725,0.0053,2433,10,2016-01-02,2024-12-08,0.213,GIS 53 mean,GIS 53 mean,-0.9867,0.1322,0.6313,0.6313,False,False,False,False,False,True,True
53,2015,2024,2015,10,2015_2024,-0.2019,-0.2468,0.188,0.5695,0.0031,2651,10,2015-01-31,2024-12-08,0.1803,GIS 53 mean,GIS 53 mean,-0.9867,0.1322,0.7848,0.7848,False,False,False,False,False,True,False
53,2014,2024,2014,11,2014_2024,-0.762,-0.8186,0.1913,0.5185,0.03,2822,10,2014-01-12,2024-12-08,0.1641,GIS 53 mean,GIS 53 mean,-0.9867,0.1322,0.2247,0.2247,False,True,False,True,True,True,True
53,2013,2024,2013,12,2013_2024,-0.908,-0.8896,0.1639,0.4491,0.0506,3037,10,2013-02-01,2024-12-08,0.1421,GIS 53 mean,GIS 53 mean,-0.9867,0.1322,0.0787,0.0787,True,True,True,True,True,True,True
53,2012,2024,2012,13,2012_2024,-1.1771,-1.2165,0.1902,0.4333,0.0852,3115,10,2012-01-14,2024-12-08,0.1371,GIS 53 mean,GIS 53 mean,-0.9867,0.1322,-0.1904,0.1904,False,True,True,True,True,True,True
53,2011,2024,2011,14,2011_2024,-1.1839,-1.2341,0.2311,0.3762,0.1048,3354,10,2011-01-03,2024-12-08,0.1191,GIS 53 mean,GIS 53 mean,-0.9867,0.1322,-0.1972,0.1972,False,True,True,True,True,True,True
53,2010,2024,2010,15,2010_2024,-1.2419,-1.2576,0.1547,0.3426,0.1278,3526,10,2010-02-01,2024-12-08,0.1084,GIS 53 mean,GIS 53 mean,-0.9867,0.1322,-0.2552,0.2552,False,False,False,True,True,True,True
53,2009,2024,2009,16,2009_2024,-1.3167,-1.3264,0.1493,0.3192,0.1544,3652,10,2009-02-06,2024-12-08,0.101,GIS 53 mean,GIS 53 mean,-0.9867,0.1322,-0.33,0.33,False,False,False,True,True,True,True
53,2008,2024,2008,17,2008_2024,-1.2038,-1.2232,0.1424,0.2852,0.1532,3867,10,2008-01-27,2024-12-08,0.0903,GIS 53 mean,GIS 53 mean,-0.9867,0.1322,-0.2171,0.2171,False,True,False,True,True,True,True
53,2007,2024,2007,18,2007_2024,-1.3478,-1.3724,0.081,0.2607,0.2048,4050,10,2007-01-09,2024-12-08,0.0825,GIS 53 mean,GIS 53 mean,-0.9867,0.1322,-0.3611,0.3611,False,False,False,True,True,True,True
53,2006,2024,2006,19,2006_2024,-1.2891,-1.2821,0.0603,0.239,0.2111,4239,10,2006-01-21,2024-12-08,0.0756,GIS 53 mean,GIS 53 mean,-0.9867,0.1322,-0.3024,0.3024,False,False,False,True,True,True,True
53,2005,2024,2005,20,2005_2024,-1.1827,-1.1704,0.0557,0.2265,0.1947,4392,10,2005-01-18,2024-12-08,0.0717,GIS 53 mean,GIS 53 mean,-0.9867,0.1322,-0.196,0.196,False,True,True,True,True,True,True
53,2004,2024,2004,21,2004_2024,-1.1464,-1.1496,0.058,0.2107,0.2014,4564,10,2004-01-01,2024-12-08,0.0666,GIS 53 mean,GIS 53 mean,-0.9867,0.1322,-0.1597,0.1597,False,True,True,True,True,True,True
53,2003,2024,2003,22,2003_2024,-1.1661,-1.1606,0.0403,0.1974,0.2232,4719,10,2003-01-05,2024-12-08,0.0624,GIS 53 mean,GIS 53 mean,-0.9867,0.1322,-0.1794,0.1794,False,True,True,True,True,True,True
53,2002,2024,2002,23,2002_2024,-1.102,-1.1166,0.0413,0.1788,0.2288,4971,10,2002-01-10,2024-12-08,0.0566,GIS 53 mean,GIS 53 mean,-0.9867,0.1322,-0.1153,0.1153,True,True,True,True,True,True,True
53,2001,2024,2001,24,2001_2024,-1.0279,-1.0194,0.0436,0.1663,0.222,5191,10,2001-01-07,2024-12-08,0.0526,GIS 53 mean,GIS 53 mean,-0.9867,0.1322,-0.0412,0.0412,True,True,True,True,True,True,True
53,2000,2024,2000,25,2000_2024,-0.9521,-0.9519,0.0421,0.1522,0.2164,5489,10,2000-01-13,2024-12-08,0.0482,GIS 53 mean,GIS 53 mean,-0.9867,0.1322,0.0346,0.0346,True,True,True,True,True,True,True
53,1999,2024,1999,26,1999_2024,-0.9333,-0.9356,0.0407,0.1454,0.22,5659,10,1999-03-07,2024-12-08,0.046,GIS 53 mean,GIS 53 mean,-0.9867,0.1322,0.0534,0.0534,True,True,True,True,True,True,True
53,1998,2024,1998,27,1998_2024,-0.9345,-0.9406,0.0393,0.1407,0.2289,5759,10,1998-03-04,2024-12-08,0.0445,GIS 53 mean,GIS 53 mean,-0.9867,0.1322,0.0522,0.0522,True,True,True,True,True,True,True
53,1997,2024,1997,28,1997_2024,-0.9528,-0.9623,0.0345,0.1389,0.2388,5809,10,1997-01-12,2024-12-08,0.0439,GIS 53 mean,GIS 53 mean,-0.9867,0.1322,0.0339,0.0339,True,True,True,True,True,True,True
53,1996,2024,1996,29,1996_2024,-0.9867,-0.9941,0.0317,0.1322,0.2663,5949,10,1996-01-26,2024-12-08,0.0418,GIS 53 mean,GIS 53 mean,-0.9867,0.1322,0.0,0.0,True,True,True,True,True,True,True
54,2020,2024,2020,5,2020_2024,1.6694,1.703,0.8496,1.5798,0.0328,1557,10,2020-01-28,2024-12-08,0.4997,GIS 54 mean,GIS 54 mean,-0.8528,0.1293,2.5222,2.5222,False,False,False,False,False,False,False
54,2019,2024,2019,6,2019_2024,1.1014,1.2002,0.7426,1.1487,0.0262,1805,10,2019-01-10,2024-12-08,0.3637,GIS 54 mean,GIS 54 mean,-0.8528,0.1293,1.9542,1.9542,False,False,False,False,False,False,False
54,2018,2024,2018,7,2018_2024,0.8531,0.781,0.6567,0.9414,0.0237,1998,10,2018-01-07,2024-12-08,0.2978,GIS 54 mean,GIS 54 mean,-0.8528,0.1293,1.7059,1.7059,False,False,False,False,False,False,False
54,2017,2024,2017,8,2017_2024,0.5794,0.5786,0.2134,0.7262,0.012,2269,10,2017-01-19,2024-12-08,0.2297,GIS 54 mean,GIS 54 mean,-0.8528,0.1293,1.4322,1.4322,False,False,False,False,False,False,False
54,2016,2024,2016,9,2016_2024,0.1234,0.1522,0.1818,0.6246,0.0018,2493,10,2016-01-02,2024-12-08,0.1976,GIS 54 mean,GIS 54 mean,-0.8528,0.1293,0.9762,0.9762,False,False,False,False,False,True,False
54,2015,2024,2015,10,2015_2024,0.0591,0.0224,0.1823,0.5662,0.0015,2643,10,2015-01-31,2024-12-08,0.1791,GIS 54 mean,GIS 54 mean,-0.8528,0.1293,0.9119,0.9119,False,False,False,False,False,True,False
54,2014,2024,2014,11,2014_2024,-0.7693,-0.7767,0.1179,0.5226,0.0296,2828,10,2014-01-12,2024-12-08,0.1653,GIS 54 mean,GIS 54 mean,-0.8528,0.1293,0.0835,0.0835,True,True,True,True,True,True,True
54,2013,2024,2013,12,2013_2024,-0.9587,-0.9292,0.137,0.4575,0.0546,3019,10,2013-02-01,2024-12-08,0.1447,GIS 54 mean,GIS 54 mean,-0.8528,0.1293,-0.1059,0.1059,True,True,True,True,True,True,True
54,2012,2024,2012,13,2012_2024,-1.2087,-1.1999,0.1239,0.4355,0.0889,3102,10,2012-01-14,2024-12-08,0.1378,GIS 54 mean,GIS 54 mean,-0.8528,0.1293,-0.3559,0.3559,False,False,False,True,True,True,True
54,2011,2024,2011,14,2011_2024,-1.2732,-1.2568,0.1037,0.3775,0.1182,3314,10,2011-01-03,2024-12-08,0.1195,GIS 54 mean,GIS 54 mean,-0.8528,0.1293,-0.4204,0.4204,False,False,False,False,True,True,True
54,2010,2024,2010,15,2010_2024,-1.3141,-1.3428,0.076,0.3344,0.1457,3533,10,2010-02-01,2024-12-08,0.1058,GIS 54 mean,GIS 54 mean,-0.8528,0.1293,-0.4613,0.4613,False,False,False,False,True,True,True
54,2009,2024,2009,16,2009_2024,-1.3694,-1.367,0.0911,0.3116,0.1713,3650,10,2009-02-06,2024-12-08,0.0986,GIS 54 mean,GIS 54 mean,-0.8528,0.1293,-0.5166,0.5166,False,False,False,False,False,True,False
54,2008,2024,2008,17,2008_2024,-1.4064,-1.4495,0.1022,0.2716,0.211,3913,10,2008-01-27,2024-12-08,0.0859,GIS 54 mean,GIS 54 mean,-0.8528,0.1293,-0.5536,0.5536,False,False,False,False,False,True,False
54,2007,2024,2007,18,2007_2024,-1.4012,-1.4372,0.1079,0.2495,0.2315,4080,10,2007-01-09,2024-12-08,0.0789,GIS 54 mean,GIS 54 mean,-0.8528,0.1293,-0.5484,0.5484,False,False,False,False,False,True,False
54,2006,2024,2006,19,2006_2024,-1.371,-1.3886,0.0862,0.2334,0.2405,4242,10,2006-01-21,2024-12-08,0.0738,GIS 54 mean,GIS 54 mean,-0.8528,0.1293,-0.5182,0.5182,False,False,False,False,False,True,False
54,2005,2024,2005,20,2005_2024,-1.3247,-1.3392,0.0644,0.222,0.2412,4356,10,2005-01-18,2024-12-08,0.0702,GIS 54 mean,GIS 54 mean,-0.8528,0.1293,-0.4719,0.4719,False,False,False,False,True,True,False
54,2004,2024,2004,21,2004_2024,-1.276,-1.2834,0.0611,0.2055,0.2485,4536,10,2004-01-01,2024-12-08,0.065,GIS 54 mean,GIS 54 mean,-0.8528,0.1293,-0.4232,0.4232,False,False,False,False,True,True,False
54,2003,2024,2003,22,2003_2024,-1.2071,-1.192,0.0816,0.1897,0.2496,4728,10,2003-01-05,2024-12-08,0.06,GIS 54 mean,GIS 54 mean,-0.8528,0.1293,-0.3543,0.3543,False,False,False,True,True,True,False
54,2002,2024,2002,23,2002_2024,-1.1413,-1.1368,0.102,0.1736,0.2525,4971,10,2002-01-10,2024-12-08,0.0549,GIS 54 mean,GIS 54 mean,-0.8528,0.1293,-0.2885,0.2885,False,False,False,True,True,True,True
54,2001,2024,2001,24,2001_2024,-1.044,-1.0468,0.1146,0.1618,0.2378,5191,10,2001-01-07,2024-12-08,0.0512,GIS 54 mean,GIS 54 mean,-0.8528,0.1293,-0.1912,0.1912,False,True,False,True,True,True,True
54,2000,2024,2000,25,2000_2024,-0.9502,-0.9591,0.1249,0.1484,0.2251,5491,10,2000-01-13,2024-12-08,0.0469,GIS 54 mean,GIS 54 mean,-0.8528,0.1293,-0.0974,0.0974,True,True,True,True,True,True,True
54,1999,2024,1999,26,1999_2024,-0.8874,-0.9086,0.1371,0.142,0.2123,5661,10,1999-03-07,2024-12-08,0.0449,GIS 54 mean,GIS 54 mean,-0.8528,0.1293,-0.0346,0.0346,True,True,True,True,True,True,True
54,1998,2024,1998,27,1998_2024,-0.8509,-0.8548,0.1475,0.1382,0.2049,5756,10,1998-03-04,2024-12-08,0.0437,GIS 54 mean,GIS 54 mean,-0.8528,0.1293,0.0019,0.0019,True,True,True,True,True,True,True
54,1997,2024,1997,28,1997_2024,-0.847,-0.8496,0.1488,0.1361,0.207,5806,10,1997-01-12,2024-12-08,0.0431,GIS 54 mean,GIS 54 mean,-0.8528,0.1293,0.0058,0.0058,True,True,True,True,True,True,True
54,1996,2024,1996,29,1996_2024,-0.8528,-0.8596,0.1518,0.1293,0.2221,5946,10,1996-01-26,2024-12-08,0.0409,GIS 54 mean,GIS 54 mean,-0.8528,0.1293,0.0,0.0,True,True,True,True,True,True,True
55,2020,2024,2020,5,2020_2024,0.6914,1.2223,1.4751,1.694,0.0203,1519,10,2020-01-28,2024-12-08,0.5365,GIS 55 mean,GIS 55 mean,-0.4489,0.1335,1.1403,1.1403,False,False,False,False,False,False,True
55,2019,2024,2019,6,2019_2024,0.7755,1.0465,0.8959,1.1898,0.018,1802,10,2019-01-10,2024-12-08,0.3771,GIS 55 mean,GIS 55 mean,-0.4489,0.1335,1.2244,1.2244,False,False,False,False,False,False,True
55,2018,2024,2018,7,2018_2024,0.3796,0.4655,0.6188,1.0091,0.0087,1975,10,2018-01-07,2024-12-08,0.3198,GIS 55 mean,GIS 55 mean,-0.4489,0.1335,0.8285,0.8285,False,False,False,False,False,True,True
55,2017,2024,2017,8,2017_2024,0.0473,0.0134,0.1789,0.7953,0.0008,2228,10,2017-01-19,2024-12-08,0.2522,GIS 55 mean,GIS 55 mean,-0.4489,0.1335,0.4962,0.4962,False,False,False,False,True,True,True
55,2016,2024,2016,9,2016_2024,-0.5456,-0.5394,0.306,0.6745,0.0126,2455,10,2016-01-02,2024-12-08,0.2139,GIS 55 mean,GIS 55 mean,-0.4489,0.1335,-0.0967,0.0967,True,True,False,True,True,True,True
55,2015,2024,2015,10,2015_2024,-0.6768,-0.6607,0.2853,0.5764,0.0216,2679,10,2015-01-31,2024-12-08,0.1827,GIS 55 mean,GIS 55 mean,-0.4489,0.1335,-0.2279,0.2279,False,True,False,True,True,True,True
55,2014,2024,2014,11,2014_2024,-0.9988,-1.0711,0.291,0.5204,0.0494,2846,10,2014-01-12,2024-12-08,0.1649,GIS 55 mean,GIS 55 mean,-0.4489,0.1335,-0.5499,0.5499,False,False,False,False,False,True,True
55,2013,2024,2013,12,2013_2024,-1.1664,-1.2127,0.2832,0.4566,0.0782,3055,10,2013-02-01,2024-12-08,0.1446,GIS 55 mean,GIS 55 mean,-0.4489,0.1335,-0.7175,0.7175,False,False,False,False,False,True,False
55,2012,2024,2012,13,2012_2024,-1.2576,-1.2973,0.2034,0.4314,0.0958,3135,10,2012-01-14,2024-12-08,0.1367,GIS 55 mean,GIS 55 mean,-0.4489,0.1335,-0.8087,0.8087,False,False,False,False,False,True,False
55,2011,2024,2011,14,2011_2024,-1.1255,-1.1919,0.2019,0.3738,0.0946,3372,10,2011-01-03,2024-12-08,0.1185,GIS 55 mean,GIS 55 mean,-0.4489,0.1335,-0.6766,0.6766,False,False,False,False,False,True,False
55,2010,2024,2010,15,2010_2024,-1.0374,-1.086,0.1742,0.3414,0.0917,3546,10,2010-02-01,2024-12-08,0.1082,GIS 55 mean,GIS 55 mean,-0.4489,0.1335,-0.5885,0.5885,False,False,False,False,False,True,False
55,2009,2024,2009,16,2009_2024,-1.0443,-1.0983,0.1669,0.3168,0.1027,3679,10,2009-02-06,2024-12-08,0.1004,GIS 55 mean,GIS 55 mean,-0.4489,0.1335,-0.5954,0.5954,False,False,False,False,False,True,False
55,2008,2024,2008,17,2008_2024,-0.9953,-1.037,0.1222,0.2834,0.1095,3891,10,2008-01-27,2024-12-08,0.0898,GIS 55 mean,GIS 55 mean,-0.4489,0.1335,-0.5464,0.5464,False,False,False,False,False,True,False
55,2007,2024,2007,18,2007_2024,-0.9605,-0.9812,0.1146,0.2563,0.1179,4076,10,2007-01-09,2024-12-08,0.0812,GIS 55 mean,GIS 55 mean,-0.4489,0.1335,-0.5116,0.5116,False,False,False,False,False,True,False
55,2006,2024,2006,19,2006_2024,-0.9008,-0.8919,0.1229,0.2368,0.1166,4254,10,2006-01-21,2024-12-08,0.075,GIS 55 mean,GIS 55 mean,-0.4489,0.1335,-0.4519,0.4519,False,False,False,False,True,True,False
55,2005,2024,2005,20,2005_2024,-0.8327,-0.8066,0.1527,0.2233,0.1093,4408,10,2005-01-18,2024-12-08,0.0707,GIS 55 mean,GIS 55 mean,-0.4489,0.1335,-0.3838,0.3838,False,False,False,True,True,True,False
55,2004,2024,2004,21,2004_2024,-0.8342,-0.8003,0.0961,0.2081,0.12,4578,10,2004-01-01,2024-12-08,0.0659,GIS 55 mean,GIS 55 mean,-0.4489,0.1335,-0.3853,0.3853,False,False,False,True,True,True,False
55,2003,2024,2003,22,2003_2024,-0.8336,-0.8054,0.0866,0.1945,0.131,4731,10,2003-01-05,2024-12-08,0.0616,GIS 55 mean,GIS 55 mean,-0.4489,0.1335,-0.3847,0.3847,False,False,False,True,True,True,False
55,2002,2024,2002,23,2002_2024,-0.774,-0.7578,0.0631,0.1772,0.1294,4980,10,2002-01-10,2024-12-08,0.0561,GIS 55 mean,GIS 55 mean,-0.4489,0.1335,-0.3251,0.3251,False,False,False,True,True,True,False
55,2001,2024,2001,24,2001_2024,-0.6715,-0.6616,0.0757,0.1653,0.1096,5198,10,2001-01-07,2024-12-08,0.0523,GIS 55 mean,GIS 55 mean,-0.4489,0.1335,-0.2226,0.2226,False,True,False,True,True,True,True
55,2000,2024,2000,25,2000_2024,-0.6005,-0.5942,0.048,0.1512,0.1002,5498,10,2000-01-13,2024-12-08,0.0478,GIS 55 mean,GIS 55 mean,-0.4489,0.1335,-0.1516,0.1516,False,True,False,True,True,True,True
55,1999,2024,1999,26,1999_2024,-0.5031,-0.4909,0.0365,0.146,0.0754,5668,10,1999-03-07,2024-12-08,0.0462,GIS 55 mean,GIS 55 mean,-0.4489,0.1335,-0.0542,0.0542,True,True,True,True,True,True,True
55,1998,2024,1998,27,1998_2024,-0.4592,-0.4462,0.044,0.1425,0.0656,5758,10,1998-03-04,2024-12-08,0.0451,GIS 55 mean,GIS 55 mean,-0.4489,0.1335,-0.0103,0.0103,True,True,True,True,True,True,True
55,1997,2024,1997,28,1997_2024,-0.4453,-0.4299,0.0532,0.1403,0.0633,5808,10,1997-01-12,2024-12-08,0.0444,GIS 55 mean,GIS 55 mean,-0.4489,0.1335,0.0036,0.0036,True,True,True,True,True,True,True
55,1996,2024,1996,29,1996_2024,-0.4489,-0.4259,0.0609,0.1335,0.069,5948,10,1996-01-26,2024-12-08,0.0422,GIS 55 mean,GIS 55 mean,-0.4489,0.1335,0.0,0.0,True,True,True,True,True,True,True
56,2020,2024,2020,5,2020_2024,-2.6674,-2.8352,0.9223,1.6385,0.0677,1714,11,2020-01-28,2024-12-08,0.4943,GIS 56 mean,GIS 56 mean,-0.2054,0.128,-2.462,2.462,False,False,False,False,False,False,False
56,2019,2024,2019,6,2019_2024,-0.8135,-0.7005,0.2404,1.2536,0.0096,1973,11,2019-01-10,2024-12-08,0.3787,GIS 56 mean,GIS 56 mean,-0.2054,0.128,-0.6081,0.6081,False,False,False,False,False,True,True
56,2018,2024,2018,7,2018_2024,-0.2899,-0.3889,0.399,1.0425,0.0041,2176,11,2018-01-07,2024-12-08,0.3147,GIS 56 mean,GIS 56 mean,-0.2054,0.128,-0.0845,0.0845,True,True,False,True,True,True,True
56,2017,2024,2017,8,2017_2024,-0.0076,-0.0155,0.2174,0.7956,0.0012,2474,11,2017-01-19,2024-12-08,0.2401,GIS 56 mean,GIS 56 mean,-0.2054,0.128,0.1978,0.1978,False,True,False,True,True,True,True
56,2016,2024,2016,9,2016_2024,0.0159,0.0366,0.1595,0.6596,0.0009,2717,11,2016-01-02,2024-12-08,0.1991,GIS 56 mean,GIS 56 mean,-0.2054,0.128,0.2213,0.2213,False,True,False,True,True,True,True
56,2015,2024,2015,10,2015_2024,-0.0724,-0.1036,0.1192,0.582,0.0008,2891,11,2015-01-31,2024-12-08,0.1756,GIS 56 mean,GIS 56 mean,-0.2054,0.128,0.133,0.133,False,True,False,True,True,True,True
56,2014,2024,2014,11,2014_2024,-0.4115,-0.3945,0.1348,0.5104,0.0098,3096,11,2014-01-12,2024-12-08,0.154,GIS 56 mean,GIS 56 mean,-0.2054,0.128,-0.2061,0.2061,False,True,False,True,True,True,True
56,2013,2024,2013,12,2013_2024,-0.6943,-0.7013,0.0701,0.4507,0.0303,3310,11,2013-02-01,2024-12-08,0.1359,GIS 56 mean,GIS 56 mean,-0.2054,0.128,-0.4889,0.4889,False,False,False,False,True,True,True
56,2012,2024,2012,13,2012_2024,-0.8353,-0.8869,0.1195,0.4233,0.0475,3405,11,2012-01-14,2024-12-08,0.1277,GIS 56 mean,GIS 56 mean,-0.2054,0.128,-0.6299,0.6299,False,False,False,False,False,True,False
56,2011,2024,2011,14,2011_2024,-0.6835,-0.7403,0.1641,0.3723,0.0402,3625,11,2011-01-03,2024-12-08,0.1123,GIS 56 mean,GIS 56 mean,-0.2054,0.128,-0.4781,0.4781,False,False,False,False,True,True,True
56,2010,2024,2010,15,2010_2024,-0.507,-0.5423,0.2499,0.3293,0.0313,3858,11,2010-02-01,2024-12-08,0.0993,GIS 56 mean,GIS 56 mean,-0.2054,0.128,-0.3016,0.3016,False,False,False,True,True,True,True
56,2009,2024,2009,16,2009_2024,-0.5298,-0.5468,0.2434,0.3092,0.0364,3984,11,2009-02-06,2024-12-08,0.0933,GIS 56 mean,GIS 56 mean,-0.2054,0.128,-0.3244,0.3244,False,False,False,True,True,True,True
56,2008,2024,2008,17,2008_2024,-0.484,-0.4937,0.2784,0.2675,0.0404,4277,11,2008-01-27,2024-12-08,0.0807,GIS 56 mean,GIS 56 mean,-0.2054,0.128,-0.2786,0.2786,False,False,False,True,True,True,True
56,2007,2024,2007,18,2007_2024,-0.5677,-0.6162,0.2339,0.2469,0.055,4456,11,2007-01-09,2024-12-08,0.0745,GIS 56 mean,GIS 56 mean,-0.2054,0.128,-0.3623,0.3623,False,False,False,True,True,True,True
56,2006,2024,2006,19,2006_2024,-0.5443,-0.6138,0.2388,0.2269,0.0579,4646,11,2006-01-21,2024-12-08,0.0684,GIS 56 mean,GIS 56 mean,-0.2054,0.128,-0.3389,0.3389,False,False,False,True,True,True,True
56,2005,2024,2005,20,2005_2024,-0.4922,-0.5559,0.1926,0.2168,0.0496,4782,11,2005-01-18,2024-12-08,0.0654,GIS 56 mean,GIS 56 mean,-0.2054,0.128,-0.2868,0.2868,False,False,False,True,True,True,True
56,2004,2024,2004,21,2004_2024,-0.5031,-0.516,0.1993,0.2005,0.0575,4976,11,2004-01-01,2024-12-08,0.0605,GIS 56 mean,GIS 56 mean,-0.2054,0.128,-0.2977,0.2977,False,False,False,True,True,True,True
56,2003,2024,2003,22,2003_2024,-0.493,-0.4645,0.1981,0.1842,0.062,5188,11,2003-01-05,2024-12-08,0.0556,GIS 56 mean,GIS 56 mean,-0.2054,0.128,-0.2876,0.2876,False,False,False,True,True,True,True
56,2002,2024,2002,23,2002_2024,-0.4551,-0.4272,0.1521,0.1678,0.0586,5463,11,2002-01-10,2024-12-08,0.0506,GIS 56 mean,GIS 56 mean,-0.2054,0.128,-0.2497,0.2497,False,True,False,True,True,True,True
56,2001,2024,2001,24,2001_2024,-0.3229,-0.2939,0.1419,0.1581,0.0348,5704,11,2001-01-07,2024-12-08,0.0477,GIS 56 mean,GIS 56 mean,-0.2054,0.128,-0.1175,0.1175,True,True,False,True,True,True,True
56,2000,2024,2000,25,2000_2024,-0.3205,-0.3166,0.1396,0.1444,0.0389,6034,11,2000-01-13,2024-12-08,0.0435,GIS 56 mean,GIS 56 mean,-0.2054,0.128,-0.1151,0.1151,True,True,False,True,True,True,True
56,1999,2024,1999,26,1999_2024,-0.285,-0.2616,0.1162,0.1378,0.0323,6221,11,1999-03-07,2024-12-08,0.0416,GIS 56 mean,GIS 56 mean,-0.2054,0.128,-0.0796,0.0796,True,True,False,True,True,True,True
56,1998,2024,1998,27,1998_2024,-0.2556,-0.2339,0.0898,0.1343,0.026,6326,11,1998-03-04,2024-12-08,0.0405,GIS 56 mean,GIS 56 mean,-0.2054,0.128,-0.0502,0.0502,True,True,False,True,True,True,True
56,1997,2024,1997,28,1997_2024,-0.2214,-0.1916,0.086,0.1333,0.0201,6378,11,1997-01-12,2024-12-08,0.0402,GIS 56 mean,GIS 56 mean,-0.2054,0.128,-0.016,0.016,True,True,True,True,True,True,True
56,1996,2024,1996,29,1996_2024,-0.2054,-0.167,0.0939,0.128,0.0192,6522,11,1996-01-26,2024-12-08,0.0386,GIS 56 mean,GIS 56 mean,-0.2054,0.128,0.0,0.0,True,True,True,True,True,True,True
57,2020,2024,2020,5,2020_2024,-0.5291,-0.308,1.667,1.5974,0.026,1508,10,2020-01-28,2024-12-08,0.5054,GIS 57 mean,GIS 57 mean,-0.0043,0.1342,-0.5248,0.5248,False,False,False,False,False,True,True
57,2019,2024,2019,6,2019_2024,1.1554,1.3478,1.2185,1.1417,0.0443,1802,10,2019-01-10,2024-12-08,0.3618,GIS 57 mean,GIS 57 mean,-0.0043,0.1342,1.1597,1.1597,False,False,False,False,False,False,True
57,2018,2024,2018,7,2018_2024,1.5155,1.6362,0.9874,0.9532,0.0664,1977,10,2018-01-07,2024-12-08,0.3021,GIS 57 mean,GIS 57 mean,-0.0043,0.1342,1.5198,1.5198,False,False,False,False,False,False,False
57,2017,2024,2017,8,2017_2024,1.1146,1.075,0.7336,0.7534,0.0516,2238,10,2017-01-19,2024-12-08,0.2388,GIS 57 mean,GIS 57 mean,-0.0043,0.1342,1.1189,1.1189,False,False,False,False,False,False,False
57,2016,2024,2016,9,2016_2024,0.7286,0.674,0.4961,0.6397,0.0291,2466,10,2016-01-02,2024-12-08,0.2026,GIS 57 mean,GIS 57 mean,-0.0043,0.1342,0.7329,0.7329,False,False,False,False,False,True,True
57,2015,2024,2015,10,2015_2024,0.5254,0.5262,0.3116,0.55,0.0171,2673,10,2015-01-31,2024-12-08,0.174,GIS 57 mean,GIS 57 mean,-0.0043,0.1342,0.5297,0.5297,False,False,False,False,False,True,True
57,2014,2024,2014,11,2014_2024,0.4394,0.4755,0.253,0.4916,0.0139,2841,10,2014-01-12,2024-12-08,0.1556,GIS 57 mean,GIS 57 mean,-0.0043,0.1342,0.4437,0.4437,False,False,False,False,True,True,True
57,2013,2024,2013,12,2013_2024,0.0371,0.0579,0.4245,0.448,0.0101,3045,10,2013-02-01,2024-12-08,0.1417,GIS 57 mean,GIS 57 mean,-0.0043,0.1342,0.0414,0.0414,True,True,False,True,True,True,True
57,2012,2024,2012,13,2012_2024,-0.1302,-0.1364,0.3286,0.4263,0.0075,3130,10,2012-01-14,2024-12-08,0.1349,GIS 57 mean,GIS 57 mean,-0.0043,0.1342,-0.1259,0.1259,True,True,False,True,True,True,True
57,2011,2024,2011,14,2011_2024,0.1499,0.1686,0.2408,0.3687,0.0064,3383,10,2011-01-03,2024-12-08,0.1167,GIS 57 mean,GIS 57 mean,-0.0043,0.1342,0.1542,0.1542,False,True,False,True,True,True,True
57,2010,2024,2010,15,2010_2024,0.2895,0.2539,0.191,0.3356,0.0116,3562,10,2010-02-01,2024-12-08,0.1063,GIS 57 mean,GIS 57 mean,-0.0043,0.1342,0.2938,0.2938,False,False,False,True,True,True,True
57,2009,2024,2009,16,2009_2024,0.1642,0.1015,0.134,0.3148,0.0047,3698,10,2009-02-06,2024-12-08,0.0996,GIS 57 mean,GIS 57 mean,-0.0043,0.1342,0.1685,0.1685,False,True,False,True,True,True,True
57,2008,2024,2008,17,2008_2024,0.1422,0.0792,0.1039,0.2803,0.0039,3914,10,2008-01-27,2024-12-08,0.0887,GIS 57 mean,GIS 57 mean,-0.0043,0.1342,0.1465,0.1465,False,True,False,True,True,True,True
57,2007,2024,2007,18,2007_2024,-0.0094,-0.038,0.068,0.2556,0.0006,4102,10,2007-01-09,2024-12-08,0.0809,GIS 57 mean,GIS 57 mean,-0.0043,0.1342,-0.0051,0.0051,True,True,False,True,True,True,True
57,2006,2024,2006,19,2006_2024,0.0514,0.046,0.0394,0.2352,0.0007,4285,10,2006-02-14,2024-12-08,0.0744,GIS 57 mean,GIS 57 mean,-0.0043,0.1342,0.0557,0.0557,True,True,False,True,True,True,True
57,2005,2024,2005,20,2005_2024,0.1322,0.1461,0.0512,0.2225,0.0035,4437,10,2005-01-18,2024-12-08,0.0704,GIS 57 mean,GIS 57 mean,-0.0043,0.1342,0.1365,0.1365,False,True,False,True,True,True,True
57,2004,2024,2004,21,2004_2024,0.0663,0.0788,0.0459,0.2067,0.0012,4620,10,2004-01-01,2024-12-08,0.0654,GIS 57 mean,GIS 57 mean,-0.0043,0.1342,0.0706,0.0706,True,True,False,True,True,True,True
57,2003,2024,2003,22,2003_2024,0.0651,0.0693,0.0571,0.1941,0.0016,4766,10,2003-01-05,2024-12-08,0.0614,GIS 57 mean,GIS 57 mean,-0.0043,0.1342,0.0694,0.0694,True,True,False,True,True,True,True
57,2002,2024,2002,23,2002_2024,-0.0235,-0.0343,0.0801,0.1771,0.0015,5014,10,2002-01-10,2024-12-08,0.056,GIS 57 mean,GIS 57 mean,-0.0043,0.1342,-0.0192,0.0192,True,True,False,True,True,True,True
57,2001,2024,2001,24,2001_2024,-0.0042,-0.0094,0.0428,0.165,0.0004,5221,10,2001-01-07,2024-12-08,0.0522,GIS 57 mean,GIS 57 mean,-0.0043,0.1342,0.0001,0.0001,True,True,True,True,True,True,True
57,2000,2024,2000,25,2000_2024,0.014,0.0185,0.0218,0.1506,0.0002,5521,10,2000-01-13,2024-12-08,0.0476,GIS 57 mean,GIS 57 mean,-0.0043,0.1342,0.0183,0.0183,True,True,False,True,True,True,True
57,1999,2024,1999,26,1999_2024,0.0813,0.085,0.0603,0.1449,0.0032,5691,10,1999-03-07,2024-12-08,0.0458,GIS 57 mean,GIS 57 mean,-0.0043,0.1342,0.0856,0.0856,True,True,False,True,True,True,True
57,1998,2024,1998,27,1998_2024,0.017,0.014,0.0514,0.1424,0.0009,5783,10,1998-03-04,2024-12-08,0.045,GIS 57 mean,GIS 57 mean,-0.0043,0.1342,0.0213,0.0213,True,True,False,True,True,True,True
57,1997,2024,1997,28,1997_2024,-0.0041,-0.0005,0.0321,0.1408,0.0003,5827,10,1997-01-12,2024-12-08,0.0445,GIS 57 mean,GIS 57 mean,-0.0043,0.1342,0.0002,0.0002,True,True,True,True,True,True,True
57,1996,2024,1996,29,1996_2024,-0.0043,-0.0023,0.0271,0.1342,0.0002,5962,10,1996-01-26,2024-12-08,0.0424,GIS 57 mean,GIS 57 mean,-0.0043,0.1342,0.0,0.0,True,True,True,True,True,True,True
58,2020,2024,2020,5,2020_2024,-0.7006,-0.623,1.0585,1.6198,0.0136,1541,10,2020-01-28,2024-12-08,0.5125,GIS 58 mean,GIS 58 mean,0.314,0.1294,-1.0146,1.0146,False,False,False,False,False,False,True
58,2019,2024,2019,6,2019_2024,1.8986,1.9694,0.354,1.2526,0.0506,1779,10,2019-01-10,2024-12-08,0.3967,GIS 58 mean,GIS 58 mean,0.314,0.1294,1.5846,1.5846,False,False,False,False,False,False,False
58,2018,2024,2018,7,2018_2024,1.5344,1.4999,0.2988,1.0219,0.0452,1969,10,2018-01-07,2024-12-08,0.3234,GIS 58 mean,GIS 58 mean,0.314,0.1294,1.2204,1.2204,False,False,False,False,False,False,False
58,2017,2024,2017,8,2017_2024,1.6972,1.7195,0.1156,0.7778,0.0779,2232,10,2017-01-19,2024-12-08,0.2462,GIS 58 mean,GIS 58 mean,0.314,0.1294,1.3832,1.3832,False,False,False,False,False,False,False
58,2016,2024,2016,9,2016_2024,1.6636,1.7068,0.1635,0.6488,0.0957,2439,10,2016-02-10,2024-12-08,0.2054,GIS 58 mean,GIS 58 mean,0.314,0.1294,1.3496,1.3496,False,False,False,False,False,False,False
58,2015,2024,2015,10,2015_2024,1.2486,1.2923,0.1681,0.5822,0.0653,2599,10,2015-01-31,2024-12-08,0.1842,GIS 58 mean,GIS 58 mean,0.314,0.1294,0.9346,0.9346,False,False,False,False,False,True,False
58,2014,2024,2014,11,2014_2024,0.935,0.9603,0.1413,0.5177,0.0444,2782,10,2014-01-12,2024-12-08,0.1638,GIS 58 mean,GIS 58 mean,0.314,0.1294,0.621,0.621,False,False,False,False,False,True,True
58,2013,2024,2013,12,2013_2024,0.7317,0.6988,0.1221,0.4568,0.0332,2979,10,2013-02-01,2024-12-08,0.1445,GIS 58 mean,GIS 58 mean,0.314,0.1294,0.4177,0.4177,False,False,False,False,True,True,True
58,2012,2024,2012,13,2012_2024,0.5397,0.5226,0.1162,0.433,0.0201,3063,10,2012-01-14,2024-12-08,0.137,GIS 58 mean,GIS 58 mean,0.314,0.1294,0.2257,0.2257,False,True,False,True,True,True,True
58,2011,2024,2011,14,2011_2024,0.616,0.6146,0.0594,0.3793,0.0307,3264,10,2011-01-03,2024-12-08,0.12,GIS 58 mean,GIS 58 mean,0.314,0.1294,0.302,0.302,False,False,False,True,True,True,True
58,2010,2024,2010,15,2010_2024,0.6168,0.6026,0.1195,0.3406,0.0373,3475,10,2010-02-01,2024-12-08,0.1078,GIS 58 mean,GIS 58 mean,0.314,0.1294,0.3028,0.3028,False,False,False,True,True,True,True
58,2009,2024,2009,16,2009_2024,0.5162,0.51,0.065,0.3216,0.0277,3589,10,2009-02-06,2024-12-08,0.1018,GIS 58 mean,GIS 58 mean,0.314,0.1294,0.2022,0.2022,False,True,False,True,True,True,True
58,2008,2024,2008,17,2008_2024,0.5119,0.5149,0.0616,0.2787,0.0334,3853,10,2008-01-27,2024-12-08,0.0882,GIS 58 mean,GIS 58 mean,0.314,0.1294,0.1979,0.1979,False,True,False,True,True,True,True
58,2007,2024,2007,18,2007_2024,0.4578,0.4654,0.1097,0.2559,0.0309,4028,10,2007-01-09,2024-12-08,0.081,GIS 58 mean,GIS 58 mean,0.314,0.1294,0.1438,0.1438,False,True,False,True,True,True,True
58,2006,2024,2006,19,2006_2024,0.4309,0.4359,0.1015,0.2351,0.0312,4203,10,2006-02-14,2024-12-08,0.0744,GIS 58 mean,GIS 58 mean,0.314,0.1294,0.1169,0.1169,True,True,False,True,True,True,True
58,2005,2024,2005,20,2005_2024,0.4263,0.4464,0.0877,0.2226,0.0327,4322,10,2005-01-18,2024-12-08,0.0704,GIS 58 mean,GIS 58 mean,0.314,0.1294,0.1123,0.1123,True,True,False,True,True,True,True
58,2004,2024,2004,21,2004_2024,0.3915,0.378,0.1329,0.2056,0.0326,4501,10,2004-01-01,2024-12-08,0.065,GIS 58 mean,GIS 58 mean,0.314,0.1294,0.0775,0.0775,True,True,False,True,True,True,True
58,2003,2024,2003,22,2003_2024,0.3768,0.3696,0.1317,0.1888,0.0345,4697,10,2003-01-05,2024-12-08,0.0597,GIS 58 mean,GIS 58 mean,0.314,0.1294,0.0628,0.0628,True,True,False,True,True,True,True
58,2002,2024,2002,23,2002_2024,0.3179,0.31,0.1194,0.1721,0.0286,4937,10,2002-01-10,2024-12-08,0.0545,GIS 58 mean,GIS 58 mean,0.314,0.1294,0.0039,0.0039,True,True,True,True,True,True,True
58,2001,2024,2001,24,2001_2024,0.3362,0.349,0.1223,0.1602,0.0353,5139,10,2001-01-07,2024-12-08,0.0507,GIS 58 mean,GIS 58 mean,0.314,0.1294,0.0222,0.0222,True,True,True,True,True,True,True
58,2000,2024,2000,25,2000_2024,0.331,0.3604,0.1224,0.1453,0.0393,5439,10,2000-01-13,2024-12-08,0.046,GIS 58 mean,GIS 58 mean,0.314,0.1294,0.017,0.017,True,True,True,True,True,True,True
58,1999,2024,1999,26,1999_2024,0.3571,0.373,0.0825,0.1383,0.0459,5609,10,1999-03-07,2024-12-08,0.0437,GIS 58 mean,GIS 58 mean,0.314,0.1294,0.0431,0.0431,True,True,True,True,True,True,True
58,1998,2024,1998,27,1998_2024,0.3282,0.3462,0.1011,0.1346,0.0418,5699,10,1998-03-04,2024-12-08,0.0426,GIS 58 mean,GIS 58 mean,0.314,0.1294,0.0142,0.0142,True,True,True,True,True,True,True
58,1997,2024,1997,28,1997_2024,0.2712,0.2882,0.108,0.1352,0.03,5749,10,1997-01-12,2024-12-08,0.0428,GIS 58 mean,GIS 58 mean,0.314,0.1294,-0.0428,0.0428,True,True,True,True,True,True,True
58,1996,2024,1996,29,1996_2024,0.314,0.3309,0.1226,0.1294,0.0419,5889,10,1996-01-26,2024-12-08,0.0409,GIS 58 mean,GIS 58 mean,0.314,0.1294,0.0,0.0,True,True,True,True,True,True,True
59,2020,2024,2020,5,2020_2024,-2.9253,-3.2698,0.9221,1.8498,0.0656,1499,10,2020-01-28,2024-12-08,0.5857,GIS 59 mean,GIS 59 mean,0.247,0.1443,-3.1723,3.1723,False,False,False,False,False,False,False
59,2019,2024,2019,6,2019_2024,0.4899,0.3191,0.5725,1.3525,0.0065,1798,10,2019-01-10,2024-12-08,0.428,GIS 59 mean,GIS 59 mean,0.247,0.1443,0.2429,0.2429,False,True,False,True,True,True,True
59,2018,2024,2018,7,2018_2024,2.0241,1.732,0.5969,1.1436,0.0606,1990,10,2018-01-07,2024-12-08,0.362,GIS 59 mean,GIS 59 mean,0.247,0.1443,1.7771,1.7771,False,False,False,False,False,False,False
59,2017,2024,2017,8,2017_2024,2.4994,2.2897,0.5191,0.8943,0.1215,2253,10,2017-01-19,2024-12-08,0.283,GIS 59 mean,GIS 59 mean,0.247,0.1443,2.2524,2.2524,False,False,False,False,False,False,False
59,2016,2024,2016,9,2016_2024,2.5523,2.4836,0.4686,0.7383,0.1601,2481,10,2016-02-10,2024-12-08,0.2337,GIS 59 mean,GIS 59 mean,0.247,0.1443,2.3053,2.3053,False,False,False,False,False,False,False
59,2015,2024,2015,10,2015_2024,1.8181,1.6979,0.4226,0.6583,0.1015,2675,10,2015-01-31,2024-12-08,0.2084,GIS 59 mean,GIS 59 mean,0.247,0.1443,1.5711,1.5711,False,False,False,False,False,False,False
59,2014,2024,2014,11,2014_2024,1.3554,1.3578,0.2838,0.5952,0.067,2847,10,2014-01-12,2024-12-08,0.1884,GIS 59 mean,GIS 59 mean,0.247,0.1443,1.1084,1.1084,False,False,False,False,False,False,False
59,2013,2024,2013,12,2013_2024,0.7237,0.7414,0.2028,0.5429,0.023,3036,10,2013-02-01,2024-12-08,0.1719,GIS 59 mean,GIS 59 mean,0.247,0.1443,0.4767,0.4767,False,False,False,False,True,True,True
59,2012,2024,2012,13,2012_2024,0.5206,0.523,0.0896,0.5117,0.0129,3124,10,2012-01-14,2024-12-08,0.162,GIS 59 mean,GIS 59 mean,0.247,0.1443,0.2736,0.2736,False,False,False,True,True,True,True
59,2011,2024,2011,14,2011_2024,0.5516,0.5761,0.0828,0.433,0.0188,3381,10,2011-01-03,2024-12-08,0.137,GIS 59 mean,GIS 59 mean,0.247,0.1443,0.3046,0.3046,False,False,False,True,True,True,True
59,2010,2024,2010,15,2010_2024,0.435,0.4442,0.0955,0.3947,0.0136,3563,10,2010-02-01,2024-12-08,0.1249,GIS 59 mean,GIS 59 mean,0.247,0.1443,0.188,0.188,False,True,False,True,True,True,True
59,2009,2024,2009,16,2009_2024,0.3585,0.3962,0.1145,0.3672,0.0109,3702,10,2009-02-06,2024-12-08,0.1162,GIS 59 mean,GIS 59 mean,0.247,0.1443,0.1115,0.1115,True,True,False,True,True,True,True
59,2008,2024,2008,17,2008_2024,0.333,0.356,0.1183,0.3272,0.0114,3923,10,2008-01-27,2024-12-08,0.1035,GIS 59 mean,GIS 59 mean,0.247,0.1443,0.086,0.086,True,True,False,True,True,True,True
59,2007,2024,2007,18,2007_2024,0.3674,0.4058,0.1697,0.2968,0.0171,4104,10,2007-01-09,2024-12-08,0.0939,GIS 59 mean,GIS 59 mean,0.247,0.1443,0.1204,0.1204,True,True,False,True,True,True,True
59,2006,2024,2006,19,2006_2024,0.3728,0.4138,0.163,0.2715,0.0198,4285,10,2006-02-14,2024-12-08,0.0859,GIS 59 mean,GIS 59 mean,0.247,0.1443,0.1258,0.1258,True,True,False,True,True,True,True
59,2005,2024,2005,20,2005_2024,0.4378,0.4949,0.154,0.2546,0.0277,4437,10,2005-01-18,2024-12-08,0.0805,GIS 59 mean,GIS 59 mean,0.247,0.1443,0.1908,0.1908,False,True,False,True,True,True,True
59,2004,2024,2004,21,2004_2024,0.4123,0.482,0.1783,0.2346,0.0294,4617,10,2004-01-01,2024-12-08,0.0742,GIS 59 mean,GIS 59 mean,0.247,0.1443,0.1653,0.1653,False,True,False,True,True,True,True
59,2003,2024,2003,22,2003_2024,0.3682,0.4405,0.178,0.2196,0.0269,4766,10,2003-01-05,2024-12-08,0.0695,GIS 59 mean,GIS 59 mean,0.247,0.1443,0.1212,0.1212,True,True,False,True,True,True,True
59,2002,2024,2002,23,2002_2024,0.3106,0.3783,0.1522,0.1978,0.0225,5015,10,2002-01-10,2024-12-08,0.0626,GIS 59 mean,GIS 59 mean,0.247,0.1443,0.0636,0.0636,True,True,False,True,True,True,True
59,2001,2024,2001,24,2001_2024,0.2732,0.3438,0.1514,0.1824,0.0208,5231,10,2001-01-07,2024-12-08,0.0577,GIS 59 mean,GIS 59 mean,0.247,0.1443,0.0262,0.0262,True,True,True,True,True,True,True
59,2000,2024,2000,25,2000_2024,0.181,0.2186,0.1646,0.1662,0.0147,5531,10,2000-01-13,2024-12-08,0.0526,GIS 59 mean,GIS 59 mean,0.247,0.1443,-0.066,0.066,True,True,False,True,True,True,True
59,1999,2024,1999,26,1999_2024,0.1531,0.18,0.1555,0.1578,0.0127,5701,10,1999-03-07,2024-12-08,0.0499,GIS 59 mean,GIS 59 mean,0.247,0.1443,-0.0939,0.0939,True,True,False,True,True,True,True
59,1998,2024,1998,27,1998_2024,0.1641,0.1935,0.1497,0.1527,0.0138,5797,10,1998-03-04,2024-12-08,0.0483,GIS 59 mean,GIS 59 mean,0.247,0.1443,-0.0829,0.0829,True,True,False,True,True,True,True
59,1997,2024,1997,28,1997_2024,0.1602,0.195,0.1394,0.1501,0.0129,5847,10,1997-01-12,2024-12-08,0.0475,GIS 59 mean,GIS 59 mean,0.247,0.1443,-0.0868,0.0868,True,True,False,True,True,True,True
59,1996,2024,1996,29,1996_2024,0.247,0.2862,0.1374,0.1443,0.024,5987,10,1996-01-26,2024-12-08,0.0456,GIS 59 mean,GIS 59 mean,0.247,0.1443,0.0,0.0,True,True,True,True,True,True,True
60,2020,2024,2020,5,2020_2024,-1.5381,-1.2616,0.767,1.7008,0.024,1548,10,2020-01-28,2024-12-08,0.5381,GIS 60 mean,GIS 60 mean,-0.5616,0.1393,-0.9765,0.9765,False,False,False,False,False,True,True
60,2019,2024,2019,6,2019_2024,0.5392,0.7151,0.5257,1.2853,0.0073,1789,10,2019-01-10,2024-12-08,0.4066,GIS 60 mean,GIS 60 mean,-0.5616,0.1393,1.1008,1.1008,False,False,False,False,False,False,True
60,2018,2024,2018,7,2018_2024,1.2283,1.2474,0.608,1.0356,0.0317,1980,10,2018-02-07,2024-12-08,0.3276,GIS 60 mean,GIS 60 mean,-0.5616,0.1393,1.7899,1.7899,False,False,False,False,False,False,False
60,2017,2024,2017,8,2017_2024,1.1969,1.3289,0.7039,0.7929,0.0486,2228,10,2017-01-27,2024-12-08,0.2508,GIS 60 mean,GIS 60 mean,-0.5616,0.1393,1.7585,1.7585,False,False,False,False,False,False,False
60,2016,2024,2016,9,2016_2024,1.5869,1.7455,0.6749,0.6678,0.0928,2440,10,2016-01-02,2024-12-08,0.2112,GIS 60 mean,GIS 60 mean,-0.5616,0.1393,2.1485,2.1485,False,False,False,False,False,False,False
60,2015,2024,2015,10,2015_2024,0.9771,1.039,0.5637,0.6063,0.0455,2615,10,2015-01-31,2024-12-08,0.1918,GIS 60 mean,GIS 60 mean,-0.5616,0.1393,1.5387,1.5387,False,False,False,False,False,False,False
60,2014,2024,2014,11,2014_2024,0.3388,0.348,0.4074,0.5435,0.0115,2797,10,2014-01-12,2024-12-08,0.1719,GIS 60 mean,GIS 60 mean,-0.5616,0.1393,0.9004,0.9004,False,False,False,False,False,True,False
60,2013,2024,2013,12,2013_2024,-0.4764,-0.3913,0.5436,0.5116,0.0229,2994,10,2013-02-01,2024-12-08,0.1618,GIS 60 mean,GIS 60 mean,-0.5616,0.1393,0.0852,0.0852,True,True,True,True,True,True,True
60,2012,2024,2012,13,2012_2024,-0.5628,-0.4508,0.4804,0.4848,0.0259,3064,10,2012-01-14,2024-12-08,0.1534,GIS 60 mean,GIS 60 mean,-0.5616,0.1393,-0.0012,0.0012,True,True,True,True,True,True,True
60,2011,2024,2011,14,2011_2024,-0.3153,-0.3103,0.3145,0.4276,0.0112,3266,10,2011-01-03,2024-12-08,0.1353,GIS 60 mean,GIS 60 mean,-0.5616,0.1393,0.2463,0.2463,False,True,False,True,True,True,True
60,2010,2024,2010,15,2010_2024,-0.2513,-0.2085,0.2115,0.3764,0.0073,3474,10,2010-02-01,2024-12-08,0.1192,GIS 60 mean,GIS 60 mean,-0.5616,0.1393,0.3103,0.3103,False,False,False,True,True,True,True
60,2009,2024,2009,16,2009_2024,-0.3498,-0.316,0.2345,0.3526,0.0136,3587,10,2009-01-21,2024-12-08,0.1116,GIS 60 mean,GIS 60 mean,-0.5616,0.1393,0.2118,0.2118,False,True,False,True,True,True,True
60,2008,2024,2008,17,2008_2024,-0.4287,-0.4139,0.2628,0.3066,0.0238,3848,10,2008-01-27,2024-12-08,0.0971,GIS 60 mean,GIS 60 mean,-0.5616,0.1393,0.1329,0.1329,True,True,False,True,True,True,True
60,2007,2024,2007,18,2007_2024,-0.5227,-0.51,0.2688,0.2799,0.0375,4019,10,2007-01-09,2024-12-08,0.0886,GIS 60 mean,GIS 60 mean,-0.5616,0.1393,0.0389,0.0389,True,True,True,True,True,True,True
60,2006,2024,2006,19,2006_2024,-0.5343,-0.5275,0.2928,0.2575,0.045,4186,10,2006-02-14,2024-12-08,0.0815,GIS 60 mean,GIS 60 mean,-0.5616,0.1393,0.0273,0.0273,True,True,True,True,True,True,True
60,2005,2024,2005,20,2005_2024,-0.5184,-0.5426,0.2679,0.2441,0.0452,4304,10,2005-01-18,2024-12-08,0.0772,GIS 60 mean,GIS 60 mean,-0.5616,0.1393,0.0432,0.0432,True,True,True,True,True,True,True
60,2004,2024,2004,21,2004_2024,-0.5792,-0.5964,0.2556,0.2252,0.0597,4476,10,2004-01-01,2024-12-08,0.0713,GIS 60 mean,GIS 60 mean,-0.5616,0.1393,-0.0176,0.0176,True,True,True,True,True,True,True
60,2003,2024,2003,22,2003_2024,-0.5921,-0.6078,0.2542,0.2059,0.0699,4671,10,2003-01-05,2024-12-08,0.0652,GIS 60 mean,GIS 60 mean,-0.5616,0.1393,-0.0305,0.0305,True,True,True,True,True,True,True
60,2002,2024,2002,23,2002_2024,-0.6172,-0.6268,0.287,0.1862,0.0869,4917,10,2002-01-10,2024-12-08,0.0589,GIS 60 mean,GIS 60 mean,-0.5616,0.1393,-0.0556,0.0556,True,True,True,True,True,True,True
60,2001,2024,2001,24,2001_2024,-0.6463,-0.6582,0.2947,0.1727,0.1028,5124,10,2001-01-07,2024-12-08,0.0547,GIS 60 mean,GIS 60 mean,-0.5616,0.1393,-0.0847,0.0847,True,True,True,True,True,True,True
60,2000,2024,2000,25,2000_2024,-0.7361,-0.7643,0.3229,0.1591,0.1388,5423,10,2000-01-13,2024-12-08,0.0504,GIS 60 mean,GIS 60 mean,-0.5616,0.1393,-0.1745,0.1745,False,True,False,True,True,True,True
60,1999,2024,1999,26,1999_2024,-0.6963,-0.6901,0.3082,0.1513,0.1339,5593,10,1999-03-07,2024-12-08,0.0479,GIS 60 mean,GIS 60 mean,-0.5616,0.1393,-0.1347,0.1347,True,True,False,True,True,True,True
60,1998,2024,1998,27,1998_2024,-0.664,-0.6579,0.2948,0.1466,0.1285,5693,10,1998-03-04,2024-12-08,0.0464,GIS 60 mean,GIS 60 mean,-0.5616,0.1393,-0.1024,0.1024,True,True,True,True,True,True,True
60,1997,2024,1997,28,1997_2024,-0.6607,-0.6545,0.2936,0.1442,0.13,5743,10,1997-01-12,2024-12-08,0.0456,GIS 60 mean,GIS 60 mean,-0.5616,0.1393,-0.0991,0.0991,True,True,True,True,True,True,True
60,1996,2024,1996,29,1996_2024,-0.5616,-0.5512,0.2915,0.1393,0.1057,5883,10,1996-01-26,2024-12-08,0.0441,GIS 60 mean,GIS 60 mean,-0.5616,0.1393,0.0,0.0,True,True,True,True,True,True,True
61,2020,2024,2020,5,2020_2024,0.5642,0.1709,1.8862,1.5255,0.0403,1485,10,2020-01-28,2024-12-08,0.484,GIS 61 mean,GIS 61 mean,-1.2987,0.1327,1.8629,1.8629,False,False,False,False,False,False,False
61,2019,2024,2019,6,2019_2024,-0.0115,-0.2284,0.495,1.0856,0.0044,1780,10,2019-01-10,2024-12-08,0.3441,GIS 61 mean,GIS 61 mean,-1.2987,0.1327,1.2872,1.2872,False,False,False,False,False,False,False
61,2018,2024,2018,7,2018_2024,0.5048,0.5774,0.2546,0.9054,0.0072,1969,10,2018-02-07,2024-12-08,0.2867,GIS 61 mean,GIS 61 mean,-1.2987,0.1327,1.8035,1.8035,False,False,False,False,False,False,False
61,2017,2024,2017,8,2017_2024,0.1844,0.1182,0.3214,0.7109,0.0041,2233,10,2017-01-19,2024-12-08,0.2253,GIS 61 mean,GIS 61 mean,-1.2987,0.1327,1.4831,1.4831,False,False,False,False,False,False,False
61,2016,2024,2016,9,2016_2024,0.3871,0.2272,0.3383,0.5927,0.01,2469,10,2016-01-02,2024-12-08,0.1878,GIS 61 mean,GIS 61 mean,-1.2987,0.1327,1.6858,1.6858,False,False,False,False,False,False,False
61,2015,2024,2015,10,2015_2024,0.1964,0.0888,0.2555,0.5154,0.0048,2675,10,2015-01-31,2024-12-08,0.1633,GIS 61 mean,GIS 61 mean,-1.2987,0.1327,1.4951,1.4951,False,False,False,False,False,False,False
61,2014,2024,2014,11,2014_2024,-0.2112,-0.2825,0.2083,0.4716,0.0054,2849,10,2014-01-12,2024-12-08,0.1493,GIS 61 mean,GIS 61 mean,-1.2987,0.1327,1.0875,1.0875,False,False,False,False,False,False,False
61,2013,2024,2013,12,2013_2024,-0.9082,-0.9628,0.1481,0.4581,0.0486,3036,10,2013-02-01,2024-12-08,0.1453,GIS 61 mean,GIS 61 mean,-1.2987,0.1327,0.3905,0.3905,False,False,False,True,True,True,True
61,2012,2024,2012,13,2012_2024,-1.1084,-1.1087,0.0916,0.4341,0.0763,3130,10,2012-01-14,2024-12-08,0.1377,GIS 61 mean,GIS 61 mean,-1.2987,0.1327,0.1903,0.1903,False,True,True,True,True,True,True
61,2011,2024,2011,14,2011_2024,-1.1995,-1.2677,0.217,0.373,0.1124,3399,10,2011-01-03,2024-12-08,0.1184,GIS 61 mean,GIS 61 mean,-1.2987,0.1327,0.0992,0.0992,True,True,True,True,True,True,True
61,2010,2024,2010,15,2010_2024,-1.1162,-1.2159,0.3082,0.3396,0.1159,3584,10,2010-02-01,2024-12-08,0.1078,GIS 61 mean,GIS 61 mean,-1.2987,0.1327,0.1825,0.1825,False,True,True,True,True,True,True
61,2009,2024,2009,16,2009_2024,-1.2266,-1.3049,0.318,0.3161,0.1466,3723,10,2009-01-21,2024-12-08,0.1003,GIS 61 mean,GIS 61 mean,-1.2987,0.1327,0.0721,0.0721,True,True,True,True,True,True,True
61,2008,2024,2008,17,2008_2024,-1.3236,-1.4026,0.3113,0.2856,0.1851,3937,10,2008-01-27,2024-12-08,0.0906,GIS 61 mean,GIS 61 mean,-1.2987,0.1327,-0.0249,0.0249,True,True,True,True,True,True,True
61,2007,2024,2007,18,2007_2024,-1.4075,-1.4695,0.3258,0.2604,0.2247,4116,10,2007-01-09,2024-12-08,0.0826,GIS 61 mean,GIS 61 mean,-1.2987,0.1327,-0.1088,0.1088,True,True,True,True,True,True,True
61,2006,2024,2006,19,2006_2024,-1.4614,-1.5389,0.2907,0.2409,0.2565,4282,10,2006-02-14,2024-12-08,0.0764,GIS 61 mean,GIS 61 mean,-1.2987,0.1327,-0.1627,0.1627,False,True,True,True,True,True,True
61,2005,2024,2005,20,2005_2024,-1.3846,-1.4421,0.2763,0.2254,0.254,4439,10,2005-01-18,2024-12-08,0.0714,GIS 61 mean,GIS 61 mean,-1.2987,0.1327,-0.0859,0.0859,True,True,True,True,True,True,True
61,2004,2024,2004,21,2004_2024,-1.4129,-1.4486,0.3113,0.2101,0.2802,4608,10,2004-01-01,2024-12-08,0.0665,GIS 61 mean,GIS 61 mean,-1.2987,0.1327,-0.1142,0.1142,True,True,True,True,True,True,True
61,2003,2024,2003,22,2003_2024,-1.4511,-1.4868,0.3062,0.1966,0.3102,4760,10,2003-01-05,2024-12-08,0.0623,GIS 61 mean,GIS 61 mean,-1.2987,0.1327,-0.1524,0.1524,False,True,True,True,True,True,True
61,2002,2024,2002,23,2002_2024,-1.469,-1.5092,0.2447,0.1787,0.3455,4992,10,2002-01-10,2024-12-08,0.0566,GIS 61 mean,GIS 61 mean,-1.2987,0.1327,-0.1703,0.1703,False,True,True,True,True,True,True
61,2001,2024,2001,24,2001_2024,-1.4853,-1.5362,0.2154,0.1653,0.376,5209,10,2001-01-07,2024-12-08,0.0523,GIS 61 mean,GIS 61 mean,-1.2987,0.1327,-0.1866,0.1866,False,True,True,True,True,True,True
61,2000,2024,2000,25,2000_2024,-1.4682,-1.5096,0.1784,0.1513,0.3988,5504,10,2000-01-13,2024-12-08,0.0479,GIS 61 mean,GIS 61 mean,-1.2987,0.1327,-0.1695,0.1695,False,True,True,True,True,True,True
61,1999,2024,1999,26,1999_2024,-1.437,-1.4724,0.1995,0.1437,0.4053,5674,10,1999-03-07,2024-12-08,0.0455,GIS 61 mean,GIS 61 mean,-1.2987,0.1327,-0.1383,0.1383,False,True,True,True,True,True,True
61,1998,2024,1998,27,1998_2024,-1.3997,-1.4318,0.1969,0.1393,0.4031,5774,10,1998-03-04,2024-12-08,0.0441,GIS 61 mean,GIS 61 mean,-1.2987,0.1327,-0.101,0.101,True,True,True,True,True,True,True
61,1997,2024,1997,28,1997_2024,-1.3904,-1.424,0.1923,0.1371,0.4056,5824,10,1997-01-12,2024-12-08,0.0434,GIS 61 mean,GIS 61 mean,-1.2987,0.1327,-0.0917,0.0917,True,True,True,True,True,True,True
61,1996,2024,1996,29,1996_2024,-1.2987,-1.3407,0.1735,0.1327,0.3833,5964,10,1996-01-26,2024-12-08,0.042,GIS 61 mean,GIS 61 mean,-1.2987,0.1327,0.0,0.0,True,True,True,True,True,True,True
62,2020,2024,2020,5,2020_2024,2.0137,2.0888,0.7258,1.587,0.0459,1501,10,2020-01-28,2024-12-08,0.5026,GIS 62 mean,GIS 62 mean,-1.5456,0.1359,3.5593,3.5593,False,False,False,False,False,False,False
62,2019,2024,2019,6,2019_2024,1.1287,0.8394,0.8502,1.1678,0.0307,1744,10,2019-01-10,2024-12-08,0.3696,GIS 62 mean,GIS 62 mean,-1.5456,0.1359,2.6743,2.6743,False,False,False,False,False,False,False
62,2018,2024,2018,7,2018_2024,0.969,0.6562,1.3488,0.949,0.0518,1941,10,2018-02-07,2024-12-08,0.3003,GIS 62 mean,GIS 62 mean,-1.5456,0.1359,2.5146,2.5146,False,False,False,False,False,False,False
62,2017,2024,2017,8,2017_2024,0.1229,-0.2652,0.9442,0.7609,0.0236,2177,10,2017-01-27,2024-12-08,0.241,GIS 62 mean,GIS 62 mean,-1.5456,0.1359,1.6685,1.6685,False,False,False,False,False,False,False
62,2016,2024,2016,9,2016_2024,0.1814,-0.1668,0.7736,0.6378,0.0206,2390,10,2016-01-02,2024-12-08,0.202,GIS 62 mean,GIS 62 mean,-1.5456,0.1359,1.727,1.727,False,False,False,False,False,False,False
62,2015,2024,2015,10,2015_2024,0.1484,-0.1106,0.5986,0.5513,0.0157,2585,10,2015-01-31,2024-12-08,0.1745,GIS 62 mean,GIS 62 mean,-1.5456,0.1359,1.694,1.694,False,False,False,False,False,False,False
62,2014,2024,2014,11,2014_2024,-0.2712,-0.5911,0.6092,0.4919,0.0236,2759,10,2014-01-12,2024-12-08,0.1557,GIS 62 mean,GIS 62 mean,-1.5456,0.1359,1.2744,1.2744,False,False,False,False,False,False,False
62,2013,2024,2013,12,2013_2024,-0.6382,-0.815,0.4517,0.4429,0.04,2959,10,2013-02-01,2024-12-08,0.1403,GIS 62 mean,GIS 62 mean,-1.5456,0.1359,0.9074,0.9074,False,False,False,False,False,True,False
62,2012,2024,2012,13,2012_2024,-0.8073,-1.0852,0.4991,0.4238,0.0614,3034,10,2012-01-14,2024-12-08,0.1342,GIS 62 mean,GIS 62 mean,-1.5456,0.1359,0.7383,0.7383,False,False,False,False,False,True,False
62,2011,2024,2011,14,2011_2024,-0.8692,-1.158,0.5128,0.3704,0.0822,3235,10,2011-01-03,2024-12-08,0.1173,GIS 62 mean,GIS 62 mean,-1.5456,0.1359,0.6764,0.6764,False,False,False,False,False,True,False
62,2010,2024,2010,15,2010_2024,-1.2475,-1.6024,0.631,0.3425,0.1517,3439,10,2010-02-01,2024-12-08,0.1084,GIS 62 mean,GIS 62 mean,-1.5456,0.1359,0.2981,0.2981,False,False,True,True,True,True,True
62,2009,2024,2009,16,2009_2024,-1.3358,-1.6492,0.5714,0.3206,0.1761,3552,10,2009-02-06,2024-12-08,0.1015,GIS 62 mean,GIS 62 mean,-1.5456,0.1359,0.2098,0.2098,False,True,True,True,True,True,True
62,2008,2024,2008,17,2008_2024,-1.5191,-1.8466,0.6039,0.2858,0.2374,3788,10,2008-01-27,2024-12-08,0.0905,GIS 62 mean,GIS 62 mean,-1.5456,0.1359,0.0265,0.0265,True,True,True,True,True,True,True
62,2007,2024,2007,18,2007_2024,-1.5955,-1.8804,0.5292,0.2617,0.2742,3952,10,2007-01-09,2024-12-08,0.0828,GIS 62 mean,GIS 62 mean,-1.5456,0.1359,-0.0499,0.0499,True,True,True,True,True,True,True
62,2006,2024,2006,19,2006_2024,-1.6483,-1.8888,0.4706,0.241,0.309,4119,10,2006-02-14,2024-12-08,0.0763,GIS 62 mean,GIS 62 mean,-1.5456,0.1359,-0.1027,0.1027,True,True,True,True,True,True,True
62,2005,2024,2005,20,2005_2024,-1.6897,-1.8462,0.3999,0.2288,0.3338,4240,10,2005-01-18,2024-12-08,0.0724,GIS 62 mean,GIS 62 mean,-1.5456,0.1359,-0.1441,0.1441,False,True,True,True,True,True,True
62,2004,2024,2004,21,2004_2024,-1.7206,-1.804,0.335,0.2128,0.3654,4409,10,2004-01-01,2024-12-08,0.0674,GIS 62 mean,GIS 62 mean,-1.5456,0.1359,-0.175,0.175,False,True,True,True,True,True,True
62,2003,2024,2003,22,2003_2024,-1.8091,-1.8538,0.2958,0.1965,0.4158,4600,10,2003-01-05,2024-12-08,0.0622,GIS 62 mean,GIS 62 mean,-1.5456,0.1359,-0.2635,0.2635,False,False,True,True,True,True,True
62,2002,2024,2002,23,2002_2024,-1.8673,-1.896,0.2332,0.1779,0.4672,4845,10,2002-01-10,2024-12-08,0.0563,GIS 62 mean,GIS 62 mean,-1.5456,0.1359,-0.3217,0.3217,False,False,False,True,True,True,False
62,2001,2024,2001,24,2001_2024,-1.813,-1.8387,0.2082,0.1659,0.4771,5042,10,2001-01-07,2024-12-08,0.0526,GIS 62 mean,GIS 62 mean,-1.5456,0.1359,-0.2674,0.2674,False,False,True,True,True,True,True
62,2000,2024,2000,25,2000_2024,-1.7533,-1.779,0.1876,0.152,0.4902,5332,10,2000-01-13,2024-12-08,0.0481,GIS 62 mean,GIS 62 mean,-1.5456,0.1359,-0.2077,0.2077,False,True,True,True,True,True,True
62,1999,2024,1999,26,1999_2024,-1.6729,-1.6924,0.1481,0.1462,0.4788,5502,10,1999-03-07,2024-12-08,0.0463,GIS 62 mean,GIS 62 mean,-1.5456,0.1359,-0.1273,0.1273,True,True,True,True,True,True,True
62,1998,2024,1998,27,1998_2024,-1.6524,-1.6673,0.139,0.1414,0.4849,5600,10,1998-03-04,2024-12-08,0.0447,GIS 62 mean,GIS 62 mean,-1.5456,0.1359,-0.1068,0.1068,True,True,True,True,True,True,True
62,1997,2024,1997,28,1997_2024,-1.6468,-1.6524,0.1316,0.1391,0.4892,5650,10,1997-01-12,2024-12-08,0.044,GIS 62 mean,GIS 62 mean,-1.5456,0.1359,-0.1012,0.1012,True,True,True,True,True,True,True
62,1996,2024,1996,29,1996_2024,-1.5456,-1.536,0.1179,0.1359,0.4635,5780,10,1996-01-26,2024-12-08,0.043,GIS 62 mean,GIS 62 mean,-1.5456,0.1359,0.0,0.0,True,True,True,True,True,True,True
63,2020,2024,2020,5,2020_2024,2.8916,2.8198,0.4932,1.5785,0.0822,1520,10,2020-01-28,2024-12-08,0.4994,GIS 63 mean,GIS 63 mean,-0.8163,0.1515,3.7079,3.7079,False,False,False,False,False,False,False
63,2019,2024,2019,6,2019_2024,3.2534,3.2569,0.4096,1.1268,0.1547,1812,10,2019-01-10,2024-12-08,0.3565,GIS 63 mean,GIS 63 mean,-0.8163,0.1515,4.0697,4.0697,False,False,False,False,False,False,False
63,2018,2024,2018,7,2018_2024,3.7579,3.8708,0.3711,0.948,0.2378,1982,10,2018-02-07,2024-12-08,0.3,GIS 63 mean,GIS 63 mean,-0.8163,0.1515,4.5742,4.5742,False,False,False,False,False,False,False
63,2017,2024,2017,8,2017_2024,2.7311,2.7644,0.4075,0.7632,0.1836,2245,10,2017-01-27,2024-12-08,0.2414,GIS 63 mean,GIS 63 mean,-0.8163,0.1515,3.5474,3.5474,False,False,False,False,False,False,False
63,2016,2024,2016,9,2016_2024,2.568,2.5457,0.3638,0.6481,0.199,2478,10,2016-01-02,2024-12-08,0.205,GIS 63 mean,GIS 63 mean,-0.8163,0.1515,3.3843,3.3843,False,False,False,False,False,False,False
63,2015,2024,2015,10,2015_2024,2.3667,2.4088,0.3851,0.5713,0.2012,2662,10,2015-01-31,2024-12-08,0.1808,GIS 63 mean,GIS 63 mean,-0.8163,0.1515,3.183,3.183,False,False,False,False,False,False,False
63,2014,2024,2014,11,2014_2024,2.1451,2.2134,0.4374,0.5039,0.2001,2843,10,2014-01-12,2024-12-08,0.1594,GIS 63 mean,GIS 63 mean,-0.8163,0.1515,2.9614,2.9614,False,False,False,False,False,False,False
63,2013,2024,2013,12,2013_2024,1.9218,1.9829,0.5815,0.4444,0.1979,3038,10,2013-02-01,2024-12-08,0.1405,GIS 63 mean,GIS 63 mean,-0.8163,0.1515,2.7381,2.7381,False,False,False,False,False,False,False
63,2012,2024,2012,13,2012_2024,1.6413,1.7014,0.5372,0.4212,0.1653,3137,10,2012-01-14,2024-12-08,0.1332,GIS 63 mean,GIS 63 mean,-0.8163,0.1515,2.4576,2.4576,False,False,False,False,False,False,False
63,2011,2024,2011,14,2011_2024,1.521,1.5508,0.6148,0.361,0.1786,3406,10,2011-01-03,2024-12-08,0.1142,GIS 63 mean,GIS 63 mean,-0.8163,0.1515,2.3373,2.3373,False,False,False,False,False,False,False
63,2010,2024,2010,15,2010_2024,1.4409,1.4641,0.6536,0.3254,0.1885,3598,10,2010-02-01,2024-12-08,0.1029,GIS 63 mean,GIS 63 mean,-0.8163,0.1515,2.2572,2.2572,False,False,False,False,False,False,False
63,2009,2024,2009,16,2009_2024,1.1953,1.2011,0.6539,0.3096,0.1533,3737,10,2009-01-21,2024-12-08,0.0979,GIS 63 mean,GIS 63 mean,-0.8163,0.1515,2.0116,2.0116,False,False,False,False,False,False,False
63,2008,2024,2008,17,2008_2024,0.8386,0.8558,0.5898,0.2835,0.1036,3968,10,2008-01-27,2024-12-08,0.0897,GIS 63 mean,GIS 63 mean,-0.8163,0.1515,1.6549,1.6549,False,False,False,False,False,False,False
63,2007,2024,2007,18,2007_2024,0.514,0.5186,0.5755,0.2692,0.0635,4146,10,2007-01-09,2024-12-08,0.0851,GIS 63 mean,GIS 63 mean,-0.8163,0.1515,1.3303,1.3303,False,False,False,False,False,False,False
63,2006,2024,2006,19,2006_2024,0.2947,0.2892,0.5741,0.2546,0.0481,4304,10,2006-02-14,2024-12-08,0.0805,GIS 63 mean,GIS 63 mean,-0.8163,0.1515,1.111,1.111,False,False,False,False,False,False,False
63,2005,2024,2005,20,2005_2024,0.1021,0.0788,0.5711,0.2441,0.0413,4438,10,2005-02-11,2024-12-08,0.0772,GIS 63 mean,GIS 63 mean,-0.8163,0.1515,0.9184,0.9184,False,False,False,False,False,True,False
63,2004,2024,2004,21,2004_2024,-0.0658,-0.064,0.5004,0.2303,0.0346,4609,10,2004-01-01,2024-12-08,0.0729,GIS 63 mean,GIS 63 mean,-0.8163,0.1515,0.7505,0.7505,False,False,False,False,False,True,False
63,2003,2024,2003,22,2003_2024,-0.2898,-0.2658,0.4544,0.2222,0.0423,4762,10,2003-01-05,2024-12-08,0.0703,GIS 63 mean,GIS 63 mean,-0.8163,0.1515,0.5265,0.5265,False,False,False,False,False,True,False
63,2002,2024,2002,23,2002_2024,-0.5808,-0.6024,0.4469,0.2076,0.0819,5012,10,2002-01-10,2024-12-08,0.0657,GIS 63 mean,GIS 63 mean,-0.8163,0.1515,0.2355,0.2355,False,True,False,True,True,True,True
63,2001,2024,2001,24,2001_2024,-0.6529,-0.6728,0.4078,0.1939,0.0994,5197,10,2001-01-07,2024-12-08,0.0613,GIS 63 mean,GIS 63 mean,-0.8163,0.1515,0.1634,0.1634,False,True,False,True,True,True,True
63,2000,2024,2000,25,2000_2024,-0.756,-0.7899,0.3581,0.1759,0.1313,5493,10,2000-01-13,2024-12-08,0.0557,GIS 63 mean,GIS 63 mean,-0.8163,0.1515,0.0603,0.0603,True,True,True,True,True,True,True
63,1999,2024,1999,26,1999_2024,-0.7885,-0.8146,0.3435,0.1663,0.1476,5663,10,1999-03-07,2024-12-08,0.0526,GIS 63 mean,GIS 63 mean,-0.8163,0.1515,0.0278,0.0278,True,True,True,True,True,True,True
63,1998,2024,1998,27,1998_2024,-0.7934,-0.8118,0.3367,0.1607,0.1548,5759,10,1998-03-04,2024-12-08,0.0508,GIS 63 mean,GIS 63 mean,-0.8163,0.1515,0.0229,0.0229,True,True,True,True,True,True,True
63,1997,2024,1997,28,1997_2024,-0.8066,-0.8199,0.334,0.159,0.1601,5799,10,1997-01-12,2024-12-08,0.0503,GIS 63 mean,GIS 63 mean,-0.8163,0.1515,0.0097,0.0097,True,True,True,True,True,True,True
63,1996,2024,1996,29,1996_2024,-0.8163,-0.8258,0.294,0.1515,0.1701,5929,10,1996-01-26,2024-12-08,0.0479,GIS 63 mean,GIS 63 mean,-0.8163,0.1515,0.0,0.0,True,True,True,True,True,True,True
64,2020,2024,2020,5,2020_2024,-0.6416,-1.0944,1.4216,1.6118,0.0214,1519,10,2020-01-28,2024-12-08,0.51,GIS 64 mean,GIS 64 mean,-0.1606,0.1548,-0.481,0.481,False,False,False,False,True,True,True
64,2019,2024,2019,6,2019_2024,1.9875,1.9193,0.4472,1.2468,0.0552,1769,10,2019-01-10,2024-12-08,0.3946,GIS 64 mean,GIS 64 mean,-0.1606,0.1548,2.1481,2.1481,False,False,False,False,False,False,False
64,2018,2024,2018,7,2018_2024,3.1912,3.1407,0.4683,1.0386,0.1601,1945,10,2018-02-15,2024-12-08,0.3289,GIS 64 mean,GIS 64 mean,-0.1606,0.1548,3.3518,3.3518,False,False,False,False,False,False,False
64,2017,2024,2017,8,2017_2024,2.9245,2.8858,0.3357,0.814,0.1894,2179,10,2017-01-27,2024-12-08,0.2582,GIS 64 mean,GIS 64 mean,-0.1606,0.1548,3.0851,3.0851,False,False,False,False,False,False,False
64,2016,2024,2016,9,2016_2024,2.829,2.8421,0.2757,0.6863,0.2191,2391,10,2016-01-02,2024-12-08,0.2176,GIS 64 mean,GIS 64 mean,-0.1606,0.1548,2.9896,2.9896,False,False,False,False,False,False,False
64,2015,2024,2015,10,2015_2024,2.5857,2.6246,0.2106,0.5933,0.2241,2579,10,2015-01-31,2024-12-08,0.1878,GIS 64 mean,GIS 64 mean,-0.1606,0.1548,2.7463,2.7463,False,False,False,False,False,False,False
64,2014,2024,2014,11,2014_2024,2.4993,2.5765,0.1678,0.5162,0.2505,2756,10,2014-01-12,2024-12-08,0.1635,GIS 64 mean,GIS 64 mean,-0.1606,0.1548,2.6599,2.6599,False,False,False,False,False,False,False
64,2013,2024,2013,12,2013_2024,2.3364,2.3047,0.2377,0.4473,0.2663,2958,10,2013-02-01,2024-12-08,0.1416,GIS 64 mean,GIS 64 mean,-0.1606,0.1548,2.497,2.497,False,False,False,False,False,False,False
64,2012,2024,2012,13,2012_2024,2.1072,2.1357,0.2153,0.4314,0.237,3029,10,2012-01-14,2024-12-08,0.1366,GIS 64 mean,GIS 64 mean,-0.1606,0.1548,2.2678,2.2678,False,False,False,False,False,False,False
64,2011,2024,2011,14,2011_2024,2.2481,2.2502,0.1886,0.3798,0.2989,3220,10,2011-01-03,2024-12-08,0.1202,GIS 64 mean,GIS 64 mean,-0.1606,0.1548,2.4087,2.4087,False,False,False,False,False,False,False
64,2010,2024,2010,15,2010_2024,2.2719,2.2274,0.1416,0.3346,0.3457,3420,10,2010-02-01,2024-12-08,0.106,GIS 64 mean,GIS 64 mean,-0.1606,0.1548,2.4325,2.4325,False,False,False,False,False,False,False
64,2009,2024,2009,16,2009_2024,2.0697,2.0856,0.0818,0.3168,0.32,3540,10,2009-01-21,2024-12-08,0.1003,GIS 64 mean,GIS 64 mean,-0.1606,0.1548,2.2303,2.2303,False,False,False,False,False,False,False
64,2008,2024,2008,17,2008_2024,1.6454,1.6498,0.103,0.29,0.2491,3771,10,2008-01-27,2024-12-08,0.0918,GIS 64 mean,GIS 64 mean,-0.1606,0.1548,1.806,1.806,False,False,False,False,False,False,False
64,2007,2024,2007,18,2007_2024,1.3567,1.3519,0.083,0.2742,0.1948,3929,10,2007-01-09,2024-12-08,0.0868,GIS 64 mean,GIS 64 mean,-0.1606,0.1548,1.5173,1.5173,False,False,False,False,False,False,False
64,2006,2024,2006,19,2006_2024,1.148,1.1485,0.0942,0.2561,0.1598,4097,10,2006-02-14,2024-12-08,0.081,GIS 64 mean,GIS 64 mean,-0.1606,0.1548,1.3086,1.3086,False,False,False,False,False,False,False
64,2005,2024,2005,20,2005_2024,0.96,0.9661,0.1076,0.249,0.1207,4209,10,2005-02-11,2024-12-08,0.0788,GIS 64 mean,GIS 64 mean,-0.1606,0.1548,1.1206,1.1206,False,False,False,False,False,False,False
64,2004,2024,2004,21,2004_2024,0.7341,0.7394,0.0978,0.2369,0.0787,4387,10,2004-01-01,2024-12-08,0.0749,GIS 64 mean,GIS 64 mean,-0.1606,0.1548,0.8947,0.8947,False,False,False,False,False,True,False
64,2003,2024,2003,22,2003_2024,0.4638,0.4399,0.1224,0.2249,0.0361,4578,10,2003-01-05,2024-12-08,0.0712,GIS 64 mean,GIS 64 mean,-0.1606,0.1548,0.6244,0.6244,False,False,False,False,False,True,False
64,2002,2024,2002,23,2002_2024,0.2278,0.1731,0.1266,0.2077,0.0119,4828,10,2002-01-10,2024-12-08,0.0657,GIS 64 mean,GIS 64 mean,-0.1606,0.1548,0.3884,0.3884,False,False,False,True,True,True,False
64,2001,2024,2001,24,2001_2024,0.1584,0.0932,0.1376,0.193,0.0084,5018,10,2001-01-07,2024-12-08,0.0611,GIS 64 mean,GIS 64 mean,-0.1606,0.1548,0.319,0.319,False,False,False,True,True,True,True
64,2000,2024,2000,25,2000_2024,0.0185,0.0044,0.1252,0.1767,0.0032,5311,10,2000-01-13,2024-12-08,0.0559,GIS 64 mean,GIS 64 mean,-0.1606,0.1548,0.1791,0.1791,False,True,False,True,True,True,True
64,1999,2024,1999,26,1999_2024,-0.0174,-0.0381,0.1211,0.1672,0.0032,5481,10,1999-03-07,2024-12-08,0.0529,GIS 64 mean,GIS 64 mean,-0.1606,0.1548,0.1432,0.1432,True,True,False,True,True,True,True
64,1998,2024,1998,27,1998_2024,-0.0473,-0.0568,0.1105,0.1622,0.0033,5572,10,1998-03-04,2024-12-08,0.0513,GIS 64 mean,GIS 64 mean,-0.1606,0.1548,0.1133,0.1133,True,True,False,True,True,True,True
64,1997,2024,1997,28,1997_2024,-0.0738,-0.0813,0.1091,0.1608,0.0041,5612,10,1997-01-12,2024-12-08,0.0509,GIS 64 mean,GIS 64 mean,-0.1606,0.1548,0.0868,0.0868,True,True,False,True,True,True,True
64,1996,2024,1996,29,1996_2024,-0.1606,-0.1693,0.0966,0.1548,0.0094,5742,10,1996-01-26,2024-12-08,0.049,GIS 64 mean,GIS 64 mean,-0.1606,0.1548,0.0,0.0,True,True,True,True,True,True,True
65,2020,2024,2020,5,2020_2024,1.681,2.1303,1.5463,1.7204,0.0406,1463,10,2020-01-28,2024-12-08,0.5447,GIS 65 mean,GIS 65 mean,0.4777,0.1714,1.2033,1.2033,False,False,False,False,False,False,True
65,2019,2024,2019,6,2019_2024,4.7276,4.8433,0.7694,1.2921,0.2332,1745,10,2019-01-10,2024-12-08,0.409,GIS 65 mean,GIS 65 mean,0.4777,0.1714,4.2499,4.2499,False,False,False,False,False,False,False
65,2018,2024,2018,7,2018_2024,5.154,5.1283,0.5123,1.0869,0.3169,1906,10,2018-02-15,2024-12-08,0.344,GIS 65 mean,GIS 65 mean,0.4777,0.1714,4.6763,4.6763,False,False,False,False,False,False,False
65,2017,2024,2017,8,2017_2024,4.5343,4.5792,0.7218,0.8384,0.3448,2168,10,2017-01-27,2024-12-08,0.2652,GIS 65 mean,GIS 65 mean,0.4777,0.1714,4.0566,4.0566,False,False,False,False,False,False,False
65,2016,2024,2016,9,2016_2024,4.2378,4.1656,0.6914,0.7253,0.3551,2401,10,2016-01-02,2024-12-08,0.2294,GIS 65 mean,GIS 65 mean,0.4777,0.1714,3.7601,3.7601,False,False,False,False,False,False,False
65,2015,2024,2015,10,2015_2024,3.8708,3.823,0.8057,0.6422,0.3514,2573,10,2015-01-31,2024-12-08,0.2033,GIS 65 mean,GIS 65 mean,0.4777,0.1714,3.3931,3.3931,False,False,False,False,False,False,False
65,2014,2024,2014,11,2014_2024,3.5339,3.4643,0.6829,0.5686,0.3504,2752,10,2014-01-12,2024-12-08,0.1799,GIS 65 mean,GIS 65 mean,0.4777,0.1714,3.0562,3.0562,False,False,False,False,False,False,False
65,2013,2024,2013,12,2013_2024,3.3027,3.2778,0.6617,0.4996,0.362,2948,10,2013-02-01,2024-12-08,0.1581,GIS 65 mean,GIS 65 mean,0.4777,0.1714,2.825,2.825,False,False,False,False,False,False,False
65,2012,2024,2012,13,2012_2024,2.9466,2.8224,0.5793,0.4744,0.3272,3047,10,2012-01-14,2024-12-08,0.1501,GIS 65 mean,GIS 65 mean,0.4777,0.1714,2.4689,2.4689,False,False,False,False,False,False,False
65,2011,2024,2011,14,2011_2024,2.8975,2.7674,0.4796,0.4024,0.3758,3306,10,2011-01-03,2024-12-08,0.1273,GIS 65 mean,GIS 65 mean,0.4777,0.1714,2.4198,2.4198,False,False,False,False,False,False,False
65,2010,2024,2010,15,2010_2024,2.9048,2.8544,0.4951,0.3621,0.4129,3499,10,2010-02-01,2024-12-08,0.1145,GIS 65 mean,GIS 65 mean,0.4777,0.1714,2.4271,2.4271,False,False,False,False,False,False,False
65,2009,2024,2009,16,2009_2024,2.831,2.7849,0.5293,0.3356,0.427,3631,10,2009-02-06,2024-12-08,0.1061,GIS 65 mean,GIS 65 mean,0.4777,0.1714,2.3533,2.3533,False,False,False,False,False,False,False
65,2008,2024,2008,17,2008_2024,2.4856,2.4402,0.5105,0.3046,0.3955,3869,10,2008-01-27,2024-12-08,0.0963,GIS 65 mean,GIS 65 mean,0.4777,0.1714,2.0079,2.0079,False,False,False,False,False,False,False
65,2007,2024,2007,18,2007_2024,2.2387,2.1634,0.5493,0.2866,0.3645,4026,10,2007-01-09,2024-12-08,0.0906,GIS 65 mean,GIS 65 mean,0.4777,0.1714,1.761,1.761,False,False,False,False,False,False,False
65,2006,2024,2006,19,2006_2024,2.1127,2.0337,0.581,0.2652,0.3624,4194,10,2006-02-14,2024-12-08,0.0839,GIS 65 mean,GIS 65 mean,0.4777,0.1714,1.635,1.635,False,False,False,False,False,False,False
65,2005,2024,2005,20,2005_2024,1.9,1.8086,0.5667,0.2553,0.3248,4335,10,2005-02-11,2024-12-08,0.0808,GIS 65 mean,GIS 65 mean,0.4777,0.1714,1.4223,1.4223,False,False,False,False,False,False,False
65,2004,2024,2004,21,2004_2024,1.6406,1.5745,0.5432,0.2454,0.2739,4512,10,2004-01-01,2024-12-08,0.0776,GIS 65 mean,GIS 65 mean,0.4777,0.1714,1.1629,1.1629,False,False,False,False,False,False,False
65,2003,2024,2003,22,2003_2024,1.452,1.3905,0.5365,0.2334,0.2428,4670,10,2003-01-05,2024-12-08,0.0739,GIS 65 mean,GIS 65 mean,0.4777,0.1714,0.9743,0.9743,False,False,False,False,False,True,False
65,2002,2024,2002,23,2002_2024,1.1643,1.0914,0.5218,0.2172,0.1898,4918,10,2002-01-10,2024-12-08,0.0687,GIS 65 mean,GIS 65 mean,0.4777,0.1714,0.6866,0.6866,False,False,False,False,False,True,False
65,2001,2024,2001,24,2001_2024,1.0713,1.0032,0.5171,0.2019,0.1824,5118,10,2001-01-07,2024-12-08,0.0639,GIS 65 mean,GIS 65 mean,0.4777,0.1714,0.5936,0.5936,False,False,False,False,False,True,False
65,2000,2024,2000,25,2000_2024,0.784,0.7283,0.456,0.1908,0.119,5408,10,2000-01-13,2024-12-08,0.0604,GIS 65 mean,GIS 65 mean,0.4777,0.1714,0.3063,0.3063,False,False,False,True,True,True,True
65,1999,2024,1999,26,1999_2024,0.7206,0.6279,0.4376,0.1813,0.1105,5577,10,1999-03-07,2024-12-08,0.0574,GIS 65 mean,GIS 65 mean,0.4777,0.1714,0.2429,0.2429,False,True,False,True,True,True,True
65,1998,2024,1998,27,1998_2024,0.6649,0.5748,0.426,0.176,0.1016,5677,10,1998-03-04,2024-12-08,0.0557,GIS 65 mean,GIS 65 mean,0.4777,0.1714,0.1872,0.1872,False,True,False,True,True,True,True
65,1997,2024,1997,28,1997_2024,0.6297,0.542,0.4216,0.1745,0.0948,5718,10,1997-01-12,2024-12-08,0.0552,GIS 65 mean,GIS 65 mean,0.4777,0.1714,0.152,0.152,True,True,False,True,True,True,True
65,1996,2024,1996,29,1996_2024,0.4777,0.394,0.3999,0.1714,0.0659,5848,10,1996-01-26,2024-12-08,0.0543,GIS 65 mean,GIS 65 mean,0.4777,0.1714,0.0,0.0,True,True,True,True,True,True,True
66,2020,2024,2020,5,2020_2024,3.6216,3.4206,0.8108,1.8737,0.0971,1581,11,2020-01-28,2024-12-08,0.5655,GIS 66 mean,GIS 66 mean,2.1419,0.183,1.4797,1.4797,False,False,False,False,False,False,True
66,2019,2024,2019,6,2019_2024,6.8935,7.0617,0.4749,1.4254,0.3541,1858,11,2019-01-10,2024-12-08,0.4305,GIS 66 mean,GIS 66 mean,2.1419,0.183,4.7516,4.7516,False,False,False,False,False,False,False
66,2018,2024,2018,7,2018_2024,7.1888,7.2035,0.3486,1.1699,0.4442,2047,11,2018-02-15,2024-12-08,0.3531,GIS 66 mean,GIS 66 mean,2.1419,0.183,5.0469,5.0469,False,False,False,False,False,False,False
66,2017,2024,2017,8,2017_2024,6.6541,6.7763,0.2422,0.9136,0.4994,2297,11,2017-01-27,2024-12-08,0.2757,GIS 66 mean,GIS 66 mean,2.1419,0.183,4.5122,4.5122,False,False,False,False,False,False,False
66,2016,2024,2016,9,2016_2024,6.0288,6.0503,0.1965,0.7682,0.5115,2535,11,2016-01-02,2024-12-08,0.2318,GIS 66 mean,GIS 66 mean,2.1419,0.183,3.8869,3.8869,False,False,False,False,False,False,False
66,2015,2024,2015,10,2015_2024,5.6166,5.6065,0.1431,0.6646,0.5275,2753,11,2015-01-31,2024-12-08,0.2005,GIS 66 mean,GIS 66 mean,2.1419,0.183,3.4747,3.4747,False,False,False,False,False,False,False
66,2014,2024,2014,11,2014_2024,5.2446,5.2557,0.1081,0.5856,0.5391,2947,11,2014-01-12,2024-12-08,0.1766,GIS 66 mean,GIS 66 mean,2.1419,0.183,3.1027,3.1027,False,False,False,False,False,False,False
66,2013,2024,2013,12,2013_2024,4.9767,4.9918,0.145,0.5167,0.5559,3181,11,2013-02-01,2024-12-08,0.1558,GIS 66 mean,GIS 66 mean,2.1419,0.183,2.8348,2.8348,False,False,False,False,False,False,False
66,2012,2024,2012,13,2012_2024,4.7455,4.7159,0.2191,0.4953,0.5465,3264,11,2012-01-14,2024-12-08,0.1494,GIS 66 mean,GIS 66 mean,2.1419,0.183,2.6036,2.6036,False,False,False,False,False,False,False
66,2011,2024,2011,14,2011_2024,4.6765,4.7139,0.3354,0.4316,0.5886,3500,11,2011-01-03,2024-12-08,0.1302,GIS 66 mean,GIS 66 mean,2.1419,0.183,2.5346,2.5346,False,False,False,False,False,False,False
66,2010,2024,2010,15,2010_2024,4.7994,4.9143,0.3869,0.3852,0.64,3715,11,2010-02-01,2024-12-08,0.1162,GIS 66 mean,GIS 66 mean,2.1419,0.183,2.6575,2.6575,False,False,False,False,False,False,False
66,2009,2024,2009,16,2009_2024,4.6764,4.775,0.3826,0.3595,0.6517,3844,11,2009-02-06,2024-12-08,0.1084,GIS 66 mean,GIS 66 mean,2.1419,0.183,2.5345,2.5345,False,False,False,False,False,False,False
66,2008,2024,2008,17,2008_2024,4.3402,4.5072,0.4274,0.326,0.6473,4089,11,2008-01-27,2024-12-08,0.0984,GIS 66 mean,GIS 66 mean,2.1419,0.183,2.1983,2.1983,False,False,False,False,False,False,False
66,2007,2024,2007,18,2007_2024,4.0115,4.0984,0.3764,0.3085,0.6269,4264,11,2007-01-09,2024-12-08,0.0931,GIS 66 mean,GIS 66 mean,2.1419,0.183,1.8696,1.8696,False,False,False,False,False,False,False
66,2006,2024,2006,19,2006_2024,3.7975,3.8358,0.3048,0.2874,0.625,4452,11,2006-02-14,2024-12-08,0.0867,GIS 66 mean,GIS 66 mean,2.1419,0.183,1.6556,1.6556,False,False,False,False,False,False,False
66,2005,2024,2005,20,2005_2024,3.6892,3.7319,0.3466,0.2736,0.6268,4579,11,2005-02-11,2024-12-08,0.0826,GIS 66 mean,GIS 66 mean,2.1419,0.183,1.5473,1.5473,False,False,False,False,False,False,False
66,2004,2024,2004,21,2004_2024,3.4616,3.4672,0.3788,0.2576,0.6142,4773,11,2004-01-01,2024-12-08,0.0777,GIS 66 mean,GIS 66 mean,2.1419,0.183,1.3197,1.3197,False,False,False,False,False,False,False
66,2003,2024,2003,22,2003_2024,3.2317,3.2257,0.3917,0.242,0.6007,4975,11,2003-01-05,2024-12-08,0.073,GIS 66 mean,GIS 66 mean,2.1419,0.183,1.0898,1.0898,False,False,False,False,False,False,False
66,2002,2024,2002,23,2002_2024,2.9275,2.9599,0.3992,0.2262,0.5718,5241,11,2002-01-10,2024-12-08,0.0682,GIS 66 mean,GIS 66 mean,2.1419,0.183,0.7856,0.7856,False,False,False,False,False,True,False
66,2001,2024,2001,24,2001_2024,2.841,2.8577,0.4178,0.2102,0.582,5455,11,2001-01-07,2024-12-08,0.0634,GIS 66 mean,GIS 66 mean,2.1419,0.183,0.6991,0.6991,False,False,False,False,False,True,False
66,2000,2024,2000,25,2000_2024,2.6135,2.6736,0.4893,0.196,0.5578,5772,11,2000-01-13,2024-12-08,0.0591,GIS 66 mean,GIS 66 mean,2.1419,0.183,0.4716,0.4716,False,False,False,True,True,True,False
66,1999,2024,1999,26,1999_2024,2.4761,2.5381,0.4666,0.1893,0.5412,5951,11,1999-03-07,2024-12-08,0.0571,GIS 66 mean,GIS 66 mean,2.1419,0.183,0.3342,0.3342,False,False,True,True,True,True,True
66,1998,2024,1998,27,1998_2024,2.3802,2.4317,0.4622,0.1855,0.527,6061,11,1998-03-04,2024-12-08,0.056,GIS 66 mean,GIS 66 mean,2.1419,0.183,0.2383,0.2383,False,True,True,True,True,True,True
66,1997,2024,1997,28,1997_2024,2.3171,2.3668,0.4595,0.1857,0.5115,6105,11,1997-01-12,2024-12-08,0.056,GIS 66 mean,GIS 66 mean,2.1419,0.183,0.1752,0.1752,True,True,True,True,True,True,True
66,1996,2024,1996,29,1996_2024,2.1419,2.2156,0.4598,0.183,0.4738,6247,11,1996-01-26,2024-12-08,0.0552,GIS 66 mean,GIS 66 mean,2.1419,0.183,0.0,0.0,True,True,True,True,True,True,True
67,2020,2024,2020,5,2020_2024,6.0333,6.2486,0.8537,1.6189,0.2735,1465,10,2020-01-28,2024-12-08,0.5128,GIS 67 mean,GIS 67 mean,2.7711,0.1552,3.2622,3.2622,False,False,False,False,False,False,False
67,2019,2024,2019,6,2019_2024,6.3951,6.7998,1.184,1.1217,0.4197,1737,10,2019-01-10,2024-12-08,0.355,GIS 67 mean,GIS 67 mean,2.7711,0.1552,3.624,3.624,False,False,False,False,False,False,False
67,2018,2024,2018,7,2018_2024,6.5646,7.0824,1.0993,0.9444,0.4933,1906,10,2018-01-07,2024-12-08,0.2989,GIS 67 mean,GIS 67 mean,2.7711,0.1552,3.7935,3.7935,False,False,False,False,False,False,False
67,2017,2024,2017,8,2017_2024,5.9825,6.27,0.7639,0.761,0.5233,2181,10,2017-01-27,2024-12-08,0.2411,GIS 67 mean,GIS 67 mean,2.7711,0.1552,3.2114,3.2114,False,False,False,False,False,False,False
67,2016,2024,2016,9,2016_2024,5.0847,5.2297,0.6252,0.6542,0.4926,2412,10,2016-01-02,2024-12-08,0.2073,GIS 67 mean,GIS 67 mean,2.7711,0.1552,2.3136,2.3136,False,False,False,False,False,False,False
67,2015,2024,2015,10,2015_2024,4.553,4.7213,0.665,0.5963,0.4656,2572,10,2015-01-31,2024-12-08,0.1887,GIS 67 mean,GIS 67 mean,2.7711,0.1552,1.7819,1.7819,False,False,False,False,False,False,False
67,2014,2024,2014,11,2014_2024,4.0693,4.2256,0.78,0.5408,0.4387,2752,10,2014-01-12,2024-12-08,0.1711,GIS 67 mean,GIS 67 mean,2.7711,0.1552,1.2982,1.2982,False,False,False,False,False,False,False
67,2013,2024,2013,12,2013_2024,3.8608,4.032,0.7994,0.4814,0.4517,2947,10,2013-02-01,2024-12-08,0.1524,GIS 67 mean,GIS 67 mean,2.7711,0.1552,1.0897,1.0897,False,False,False,False,False,False,False
67,2012,2024,2012,13,2012_2024,3.763,3.9006,0.7848,0.4469,0.4673,3043,10,2012-01-14,2024-12-08,0.1415,GIS 67 mean,GIS 67 mean,2.7711,0.1552,0.9919,0.9919,False,False,False,False,False,True,False
67,2011,2024,2011,14,2011_2024,3.931,4.0581,0.7538,0.3842,0.5449,3287,10,2011-01-03,2024-12-08,0.1216,GIS 67 mean,GIS 67 mean,2.7711,0.1552,1.1599,1.1599,False,False,False,False,False,False,False
67,2010,2024,2010,15,2010_2024,3.9265,4.0974,0.8724,0.3457,0.5771,3489,10,2010-02-01,2024-12-08,0.1094,GIS 67 mean,GIS 67 mean,2.7711,0.1552,1.1554,1.1554,False,False,False,False,False,False,False
67,2009,2024,2009,16,2009_2024,3.7739,3.8961,0.8602,0.3253,0.5776,3617,10,2009-01-21,2024-12-08,0.103,GIS 67 mean,GIS 67 mean,2.7711,0.1552,1.0028,1.0028,False,False,False,False,False,False,False
67,2008,2024,2008,17,2008_2024,3.3437,3.4472,0.882,0.3016,0.5358,3861,10,2008-01-27,2024-12-08,0.0954,GIS 67 mean,GIS 67 mean,2.7711,0.1552,0.5726,0.5726,False,False,False,False,False,True,False
67,2007,2024,2007,18,2007_2024,3.0902,3.223,0.856,0.2835,0.5161,4025,10,2007-01-09,2024-12-08,0.0897,GIS 67 mean,GIS 67 mean,2.7711,0.1552,0.3191,0.3191,False,False,True,True,True,True,True
67,2006,2024,2006,19,2006_2024,2.9517,3.0922,0.8032,0.2642,0.5188,4188,10,2006-02-14,2024-12-08,0.0836,GIS 67 mean,GIS 67 mean,2.7711,0.1552,0.1806,0.1806,False,True,True,True,True,True,True
67,2005,2024,2005,20,2005_2024,3.0687,3.2001,0.7285,0.2509,0.5581,4321,10,2005-02-11,2024-12-08,0.0794,GIS 67 mean,GIS 67 mean,2.7711,0.1552,0.2976,0.2976,False,False,True,True,True,True,True
67,2004,2024,2004,21,2004_2024,3.0849,3.1942,0.6136,0.2342,0.5886,4492,10,2004-01-01,2024-12-08,0.0741,GIS 67 mean,GIS 67 mean,2.7711,0.1552,0.3138,0.3138,False,False,True,True,True,True,True
67,2003,2024,2003,22,2003_2024,3.0878,3.1675,0.4901,0.2204,0.6135,4652,10,2003-01-05,2024-12-08,0.0697,GIS 67 mean,GIS 67 mean,2.7711,0.1552,0.3167,0.3167,False,False,True,True,True,True,True
67,2002,2024,2002,23,2002_2024,2.9714,3.0078,0.3652,0.2015,0.6289,4892,10,2002-01-10,2024-12-08,0.0638,GIS 67 mean,GIS 67 mean,2.7711,0.1552,0.2003,0.2003,False,True,True,True,True,True,True
67,2001,2024,2001,24,2001_2024,2.9759,3.0171,0.3319,0.1867,0.6563,5087,10,2001-01-07,2024-12-08,0.0591,GIS 67 mean,GIS 67 mean,2.7711,0.1552,0.2048,0.2048,False,True,True,True,True,True,True
67,2000,2024,2000,25,2000_2024,2.9244,2.9803,0.2908,0.1704,0.6771,5377,10,2000-01-13,2024-12-08,0.0539,GIS 67 mean,GIS 67 mean,2.7711,0.1552,0.1533,0.1533,True,True,True,True,True,True,True
67,1999,2024,1999,26,1999_2024,2.9612,3.0177,0.2009,0.1642,0.6932,5540,10,1999-03-07,2024-12-08,0.052,GIS 67 mean,GIS 67 mean,2.7711,0.1552,0.1901,0.1901,False,True,True,True,True,True,True
67,1998,2024,1998,27,1998_2024,2.9366,2.9915,0.1645,0.159,0.7,5640,10,1998-03-04,2024-12-08,0.0503,GIS 67 mean,GIS 67 mean,2.7711,0.1552,0.1655,0.1655,False,True,True,True,True,True,True
67,1997,2024,1997,28,1997_2024,2.9024,2.957,0.1495,0.1585,0.6953,5676,10,1997-01-12,2024-12-08,0.0502,GIS 67 mean,GIS 67 mean,2.7711,0.1552,0.1313,0.1313,True,True,True,True,True,True,True
67,1996,2024,1996,29,1996_2024,2.7711,2.823,0.1191,0.1552,0.6797,5806,10,1996-01-26,2024-12-08,0.0492,GIS 67 mean,GIS 67 mean,2.7711,0.1552,0.0,0.0,True,True,True,True,True,True,True
68,2020,2024,2020,5,2020_2024,3.7747,3.8622,0.3947,1.4855,0.1493,1463,10,2020-01-28,2024-12-08,0.4699,GIS 68 mean,GIS 68 mean,2.263,0.1718,1.5117,1.5117,False,False,False,False,False,False,True
68,2019,2024,2019,6,2019_2024,3.7914,3.7919,0.3838,1.0442,0.2304,1732,10,2019-01-10,2024-12-08,0.3305,GIS 68 mean,GIS 68 mean,2.263,0.1718,1.5284,1.5284,False,False,False,False,False,False,False
68,2018,2024,2018,7,2018_2024,4.5743,4.5898,0.1739,0.8826,0.3547,1921,10,2018-02-15,2024-12-08,0.2792,GIS 68 mean,GIS 68 mean,2.263,0.1718,2.3113,2.3113,False,False,False,False,False,False,False
68,2017,2024,2017,8,2017_2024,4.8032,4.8298,0.1224,0.7147,0.452,2149,10,2017-01-27,2024-12-08,0.2261,GIS 68 mean,GIS 68 mean,2.263,0.1718,2.5402,2.5402,False,False,False,False,False,False,False
68,2016,2024,2016,9,2016_2024,4.1305,4.1248,0.1758,0.6092,0.4324,2364,10,2016-01-02,2024-12-08,0.1928,GIS 68 mean,GIS 68 mean,2.263,0.1718,1.8675,1.8675,False,False,False,False,False,False,False
68,2015,2024,2015,10,2015_2024,3.621,3.5491,0.2069,0.53,0.4145,2579,10,2015-01-31,2024-12-08,0.1677,GIS 68 mean,GIS 68 mean,2.263,0.1718,1.358,1.358,False,False,False,False,False,False,False
68,2014,2024,2014,11,2014_2024,3.0586,3.0015,0.2195,0.491,0.3551,2752,10,2014-01-12,2024-12-08,0.1554,GIS 68 mean,GIS 68 mean,2.263,0.1718,0.7956,0.7956,False,False,False,False,False,True,False
68,2013,2024,2013,12,2013_2024,2.4432,2.4063,0.1672,0.4482,0.2811,2963,10,2013-02-01,2024-12-08,0.1418,GIS 68 mean,GIS 68 mean,2.263,0.1718,0.1802,0.1802,False,True,True,True,True,True,True
68,2012,2024,2012,13,2012_2024,2.2761,2.2814,0.164,0.4281,0.2663,3038,10,2012-01-14,2024-12-08,0.1354,GIS 68 mean,GIS 68 mean,2.263,0.1718,0.0131,0.0131,True,True,True,True,True,True,True
68,2011,2024,2011,14,2011_2024,2.0123,2.2118,0.5169,0.3867,0.2499,3239,10,2011-01-03,2024-12-08,0.1223,GIS 68 mean,GIS 68 mean,2.263,0.1718,-0.2507,0.2507,False,False,True,True,True,True,True
68,2010,2024,2010,15,2010_2024,1.6562,1.8476,0.4602,0.356,0.2039,3430,10,2010-02-01,2024-12-08,0.1126,GIS 68 mean,GIS 68 mean,2.263,0.1718,-0.6068,0.6068,False,False,False,False,False,True,False
68,2009,2024,2009,16,2009_2024,1.4027,1.5248,0.4798,0.3426,0.1651,3550,10,2009-01-21,2024-12-08,0.1084,GIS 68 mean,GIS 68 mean,2.263,0.1718,-0.8603,0.8603,False,False,False,False,False,True,False
68,2008,2024,2008,17,2008_2024,1.1763,1.3542,0.3997,0.3111,0.1388,3766,10,2008-01-27,2024-12-08,0.0984,GIS 68 mean,GIS 68 mean,2.263,0.1718,-1.0867,1.0867,False,False,False,False,False,False,False
68,2007,2024,2007,18,2007_2024,0.929,1.089,0.3791,0.2885,0.1041,3935,10,2007-01-09,2024-12-08,0.0913,GIS 68 mean,GIS 68 mean,2.263,0.1718,-1.334,1.334,False,False,False,False,False,False,False
68,2006,2024,2006,19,2006_2024,0.7152,0.8132,0.407,0.2691,0.0783,4119,10,2006-02-14,2024-12-08,0.0852,GIS 68 mean,GIS 68 mean,2.263,0.1718,-1.5478,1.5478,False,False,False,False,False,False,False
68,2005,2024,2005,20,2005_2024,0.9726,1.0644,0.4361,0.2664,0.1209,4245,10,2005-02-11,2024-12-08,0.0843,GIS 68 mean,GIS 68 mean,2.263,0.1718,-1.2904,1.2904,False,False,False,False,False,False,False
68,2004,2024,2004,21,2004_2024,1.3097,1.396,0.3855,0.2602,0.188,4411,10,2004-01-01,2024-12-08,0.0823,GIS 68 mean,GIS 68 mean,2.263,0.1718,-0.9533,0.9533,False,False,False,False,False,True,False
68,2003,2024,2003,22,2003_2024,1.5507,1.6231,0.4053,0.2458,0.2543,4593,10,2003-01-05,2024-12-08,0.0778,GIS 68 mean,GIS 68 mean,2.263,0.1718,-0.7123,0.7123,False,False,False,False,False,True,False
68,2002,2024,2002,23,2002_2024,1.7874,1.8568,0.3512,0.2267,0.3327,4832,10,2002-01-10,2024-12-08,0.0717,GIS 68 mean,GIS 68 mean,2.263,0.1718,-0.4756,0.4756,False,False,False,True,True,True,False
68,2001,2024,2001,24,2001_2024,1.9355,2.0022,0.3069,0.2117,0.3902,5039,10,2001-01-07,2024-12-08,0.067,GIS 68 mean,GIS 68 mean,2.263,0.1718,-0.3275,0.3275,False,False,True,True,True,True,True
68,2000,2024,2000,25,2000_2024,2.1226,2.2125,0.2496,0.1951,0.4606,5334,10,2000-01-13,2024-12-08,0.0617,GIS 68 mean,GIS 68 mean,2.263,0.1718,-0.1404,0.1404,True,True,True,True,True,True,True
68,1999,2024,1999,26,1999_2024,2.2676,2.3468,0.2378,0.1894,0.5005,5494,10,1999-03-07,2024-12-08,0.0599,GIS 68 mean,GIS 68 mean,2.263,0.1718,0.0046,0.0046,True,True,True,True,True,True,True
68,1998,2024,1998,27,1998_2024,2.295,2.3719,0.2438,0.1829,0.519,5594,10,1998-03-04,2024-12-08,0.0579,GIS 68 mean,GIS 68 mean,2.263,0.1718,0.032,0.032,True,True,True,True,True,True,True
68,1997,2024,1997,28,1997_2024,2.2942,2.3701,0.2436,0.1805,0.5236,5634,10,1997-01-12,2024-12-08,0.0571,GIS 68 mean,GIS 68 mean,2.263,0.1718,0.0312,0.0312,True,True,True,True,True,True,True
68,1996,2024,1996,29,1996_2024,2.263,2.3368,0.2213,0.1718,0.5356,5764,10,1996-01-26,2024-12-08,0.0544,GIS 68 mean,GIS 68 mean,2.263,0.1718,0.0,0.0,True,True,True,True,True,True,True
69,2020,2024,2020,5,2020_2024,4.3565,4.4462,1.005,1.5098,0.1846,1470,10,2020-01-28,2024-12-08,0.4786,GIS 69 mean,GIS 69 mean,1.5292,0.1566,2.8273,2.8273,False,False,False,False,False,False,False
69,2019,2024,2019,6,2019_2024,4.1088,4.3862,0.4945,1.053,0.2562,1754,10,2019-01-10,2024-12-08,0.3335,GIS 69 mean,GIS 69 mean,1.5292,0.1566,2.5796,2.5796,False,False,False,False,False,False,False
69,2018,2024,2018,7,2018_2024,4.2922,4.4392,0.5622,0.884,0.3241,1931,10,2018-02-07,2024-12-08,0.2799,GIS 69 mean,GIS 69 mean,1.5292,0.1566,2.763,2.763,False,False,False,False,False,False,False
69,2017,2024,2017,8,2017_2024,4.647,4.7572,0.411,0.7049,0.4349,2208,10,2017-01-19,2024-12-08,0.2233,GIS 69 mean,GIS 69 mean,1.5292,0.1566,3.1178,3.1178,False,False,False,False,False,False,False
69,2016,2024,2016,9,2016_2024,3.9038,3.9398,0.1743,0.6123,0.3949,2441,10,2016-01-02,2024-12-08,0.1939,GIS 69 mean,GIS 69 mean,1.5292,0.1566,2.3746,2.3746,False,False,False,False,False,False,False
69,2015,2024,2015,10,2015_2024,3.4636,3.4541,0.1108,0.5479,0.375,2611,10,2015-01-31,2024-12-08,0.1735,GIS 69 mean,GIS 69 mean,1.5292,0.1566,1.9344,1.9344,False,False,False,False,False,False,False
69,2014,2024,2014,11,2014_2024,2.8786,2.9029,0.0771,0.5024,0.3162,2792,10,2014-01-12,2024-12-08,0.1592,GIS 69 mean,GIS 69 mean,1.5292,0.1566,1.3494,1.3494,False,False,False,False,False,False,False
69,2013,2024,2013,12,2013_2024,2.5806,2.5476,0.0856,0.4528,0.3005,2975,10,2013-02-01,2024-12-08,0.1435,GIS 69 mean,GIS 69 mean,1.5292,0.1566,1.0514,1.0514,False,False,False,False,False,False,False
69,2012,2024,2012,13,2012_2024,2.2732,2.2756,0.0889,0.4311,0.2628,3068,10,2012-01-14,2024-12-08,0.1366,GIS 69 mean,GIS 69 mean,1.5292,0.1566,0.744,0.744,False,False,False,False,False,True,False
69,2011,2024,2011,14,2011_2024,1.8191,1.7723,0.2348,0.3812,0.2154,3298,10,2011-01-03,2024-12-08,0.1207,GIS 69 mean,GIS 69 mean,1.5292,0.1566,0.2899,0.2899,False,False,True,True,True,True,True
69,2010,2024,2010,15,2010_2024,1.5097,1.4285,0.2599,0.3465,0.1803,3499,10,2010-02-01,2024-12-08,0.1098,GIS 69 mean,GIS 69 mean,1.5292,0.1566,-0.0195,0.0195,True,True,True,True,True,True,True
69,2009,2024,2009,16,2009_2024,1.2529,1.195,0.2695,0.3298,0.142,3627,10,2009-02-06,2024-12-08,0.1045,GIS 69 mean,GIS 69 mean,1.5292,0.1566,-0.2763,0.2763,False,False,True,True,True,True,True
69,2008,2024,2008,17,2008_2024,0.8951,0.8112,0.2,0.302,0.087,3876,10,2008-01-27,2024-12-08,0.0957,GIS 69 mean,GIS 69 mean,1.5292,0.1566,-0.6341,0.6341,False,False,False,False,False,True,False
69,2007,2024,2007,18,2007_2024,0.6447,0.5624,0.1925,0.2852,0.0524,4029,10,2007-01-09,2024-12-08,0.0903,GIS 69 mean,GIS 69 mean,1.5292,0.1566,-0.8845,0.8845,False,False,False,False,False,True,False
69,2006,2024,2006,19,2006_2024,0.5246,0.4481,0.2284,0.2647,0.0427,4202,10,2006-02-14,2024-12-08,0.0838,GIS 69 mean,GIS 69 mean,1.5292,0.1566,-1.0046,1.0046,False,False,False,False,False,False,False
69,2005,2024,2005,20,2005_2024,0.5505,0.4894,0.1793,0.2504,0.0469,4336,10,2005-02-11,2024-12-08,0.0793,GIS 69 mean,GIS 69 mean,1.5292,0.1566,-0.9787,0.9787,False,False,False,False,False,True,False
69,2004,2024,2004,21,2004_2024,0.7644,0.7544,0.0723,0.239,0.0833,4499,10,2004-01-01,2024-12-08,0.0757,GIS 69 mean,GIS 69 mean,1.5292,0.1566,-0.7648,0.7648,False,False,False,False,False,True,False
69,2003,2024,2003,22,2003_2024,0.9265,0.9218,0.0596,0.2271,0.1246,4659,10,2003-01-05,2024-12-08,0.072,GIS 69 mean,GIS 69 mean,1.5292,0.1566,-0.6027,0.6027,False,False,False,False,False,True,False
69,2002,2024,2002,23,2002_2024,1.1377,1.1423,0.0427,0.2092,0.1916,4899,10,2002-01-10,2024-12-08,0.0663,GIS 69 mean,GIS 69 mean,1.5292,0.1566,-0.3915,0.3915,False,False,False,True,True,True,False
69,2001,2024,2001,24,2001_2024,1.2776,1.2732,0.0698,0.1957,0.246,5099,10,2001-01-07,2024-12-08,0.0621,GIS 69 mean,GIS 69 mean,1.5292,0.1566,-0.2516,0.2516,False,False,True,True,True,True,True
69,2000,2024,2000,25,2000_2024,1.399,1.3835,0.1603,0.1795,0.3031,5391,10,2000-01-13,2024-12-08,0.057,GIS 69 mean,GIS 69 mean,1.5292,0.1566,-0.1302,0.1302,True,True,True,True,True,True,True
69,1999,2024,1999,26,1999_2024,1.4945,1.4464,0.2061,0.1731,0.3406,5551,10,1999-03-07,2024-12-08,0.055,GIS 69 mean,GIS 69 mean,1.5292,0.1566,-0.0347,0.0347,True,True,True,True,True,True,True
69,1998,2024,1998,27,1998_2024,1.5106,1.4632,0.2006,0.1669,0.358,5651,10,1998-03-04,2024-12-08,0.053,GIS 69 mean,GIS 69 mean,1.5292,0.1566,-0.0186,0.0186,True,True,True,True,True,True,True
69,1997,2024,1997,28,1997_2024,1.4826,1.4334,0.2061,0.1644,0.354,5701,10,1997-01-12,2024-12-08,0.0522,GIS 69 mean,GIS 69 mean,1.5292,0.1566,-0.0466,0.0466,True,True,True,True,True,True,True
69,1996,2024,1996,29,1996_2024,1.5292,1.4866,0.199,0.1566,0.3855,5841,10,1996-01-26,2024-12-08,0.0497,GIS 69 mean,GIS 69 mean,1.5292,0.1566,0.0,0.0,True,True,True,True,True,True,True
70,2020,2024,2020,5,2020_2024,0.4782,0.7729,1.4893,1.4516,0.0282,1505,10,2020-01-28,2024-12-08,0.4596,GIS 70 mean,GIS 70 mean,0.8422,0.1342,-0.364,0.364,False,False,False,True,True,True,True
70,2019,2024,2019,6,2019_2024,1.1025,1.1776,1.3061,1.0305,0.0544,1781,10,2019-01-10,2024-12-08,0.326,GIS 70 mean,GIS 70 mean,0.8422,0.1342,0.2603,0.2603,False,False,False,True,True,True,True
70,2018,2024,2018,7,2018_2024,1.7779,1.8634,0.5981,0.886,0.0852,1967,10,2018-02-07,2024-12-08,0.2808,GIS 70 mean,GIS 70 mean,0.8422,0.1342,0.9357,0.9357,False,False,False,False,False,True,True
70,2017,2024,2017,8,2017_2024,2.6061,2.5352,0.3535,0.7131,0.1969,2216,10,2017-01-19,2024-12-08,0.2261,GIS 70 mean,GIS 70 mean,0.8422,0.1342,1.7639,1.7639,False,False,False,False,False,False,False
70,2016,2024,2016,9,2016_2024,2.3487,2.2193,0.3319,0.5972,0.2032,2433,10,2016-01-02,2024-12-08,0.1893,GIS 70 mean,GIS 70 mean,0.8422,0.1342,1.5065,1.5065,False,False,False,False,False,False,False
70,2015,2024,2015,10,2015_2024,2.2254,2.1265,0.3078,0.5109,0.223,2658,10,2015-01-31,2024-12-08,0.1619,GIS 70 mean,GIS 70 mean,0.8422,0.1342,1.3832,1.3832,False,False,False,False,False,False,False
70,2014,2024,2014,11,2014_2024,2.2485,2.2386,0.2168,0.4522,0.259,2831,10,2014-01-12,2024-12-08,0.1434,GIS 70 mean,GIS 70 mean,0.8422,0.1342,1.4063,1.4063,False,False,False,False,False,False,False
70,2013,2024,2013,12,2013_2024,2.0432,2.003,0.1319,0.4044,0.25,3044,10,2013-02-01,2024-12-08,0.1282,GIS 70 mean,GIS 70 mean,0.8422,0.1342,1.201,1.201,False,False,False,False,False,False,False
70,2012,2024,2012,13,2012_2024,1.8806,1.87,0.127,0.3874,0.2312,3118,10,2012-01-14,2024-12-08,0.1228,GIS 70 mean,GIS 70 mean,0.8422,0.1342,1.0384,1.0384,False,False,False,False,False,False,False
70,2011,2024,2011,14,2011_2024,1.9848,2.0014,0.0823,0.3405,0.2864,3329,10,2011-01-03,2024-12-08,0.1079,GIS 70 mean,GIS 70 mean,0.8422,0.1342,1.1426,1.1426,False,False,False,False,False,False,False
70,2010,2024,2010,15,2010_2024,1.9231,1.9256,0.0911,0.3128,0.2974,3506,10,2010-02-01,2024-12-08,0.0991,GIS 70 mean,GIS 70 mean,0.8422,0.1342,1.0809,1.0809,False,False,False,False,False,False,False
70,2009,2024,2009,16,2009_2024,1.7442,1.7668,0.1,0.295,0.2736,3629,10,2009-02-06,2024-12-08,0.0934,GIS 70 mean,GIS 70 mean,0.8422,0.1342,0.902,0.902,False,False,False,False,False,True,False
70,2008,2024,2008,17,2008_2024,1.5143,1.5822,0.1892,0.2716,0.2386,3842,10,2008-01-27,2024-12-08,0.086,GIS 70 mean,GIS 70 mean,0.8422,0.1342,0.6721,0.6721,False,False,False,False,False,True,False
70,2007,2024,2007,18,2007_2024,1.2571,1.3184,0.2232,0.2541,0.1909,4014,10,2007-01-09,2024-12-08,0.0804,GIS 70 mean,GIS 70 mean,0.8422,0.1342,0.4149,0.4149,False,False,False,False,True,True,False
70,2006,2024,2006,19,2006_2024,1.1651,1.2279,0.2075,0.2327,0.1873,4207,10,2006-01-21,2024-12-08,0.0737,GIS 70 mean,GIS 70 mean,0.8422,0.1342,0.3229,0.3229,False,False,False,True,True,True,True
70,2005,2024,2005,20,2005_2024,1.0664,1.1061,0.1814,0.2224,0.171,4327,10,2005-02-11,2024-12-08,0.0704,GIS 70 mean,GIS 70 mean,0.8422,0.1342,0.2242,0.2242,False,True,False,True,True,True,True
70,2004,2024,2004,21,2004_2024,0.9318,0.9676,0.1079,0.2122,0.1427,4480,10,2004-01-01,2024-12-08,0.0672,GIS 70 mean,GIS 70 mean,0.8422,0.1342,0.0896,0.0896,True,True,True,True,True,True,True
70,2003,2024,2003,22,2003_2024,0.9219,0.9204,0.0895,0.1978,0.1531,4647,10,2003-01-05,2024-12-08,0.0626,GIS 70 mean,GIS 70 mean,0.8422,0.1342,0.0797,0.0797,True,True,True,True,True,True,True
70,2002,2024,2002,23,2002_2024,0.939,0.9368,0.0302,0.1793,0.1792,4887,10,2002-01-10,2024-12-08,0.0567,GIS 70 mean,GIS 70 mean,0.8422,0.1342,0.0968,0.0968,True,True,True,True,True,True,True
70,2001,2024,2001,24,2001_2024,1.0025,0.9936,0.0313,0.1671,0.2158,5095,10,2001-01-07,2024-12-08,0.0529,GIS 70 mean,GIS 70 mean,0.8422,0.1342,0.1603,0.1603,False,True,True,True,True,True,True
70,2000,2024,2000,25,2000_2024,0.9042,0.9016,0.0457,0.1547,0.1981,5398,10,2000-01-13,2024-12-08,0.0489,GIS 70 mean,GIS 70 mean,0.8422,0.1342,0.062,0.062,True,True,True,True,True,True,True
70,1999,2024,1999,26,1999_2024,0.8678,0.8328,0.0983,0.1484,0.1944,5567,10,1999-03-07,2024-12-08,0.0469,GIS 70 mean,GIS 70 mean,0.8422,0.1342,0.0256,0.0256,True,True,True,True,True,True,True
70,1998,2024,1998,27,1998_2024,0.871,0.8364,0.109,0.1433,0.204,5667,10,1998-03-04,2024-12-08,0.0453,GIS 70 mean,GIS 70 mean,0.8422,0.1342,0.0288,0.0288,True,True,True,True,True,True,True
70,1997,2024,1997,28,1997_2024,0.8375,0.801,0.1053,0.1414,0.1941,5721,10,1997-01-12,2024-12-08,0.0447,GIS 70 mean,GIS 70 mean,0.8422,0.1342,-0.0047,0.0047,True,True,True,True,True,True,True
70,1996,2024,1996,29,1996_2024,0.8422,0.8054,0.1104,0.1342,0.2086,5859,10,1996-01-26,2024-12-08,0.0425,GIS 70 mean,GIS 70 mean,0.8422,0.1342,0.0,0.0,True,True,True,True,True,True,True
71,2020,2024,2020,5,2020_2024,-1.9003,-1.5919,1.0477,1.6943,0.0302,1655,10,2020-01-28,2024-12-08,0.5403,GIS 71 mean,GIS 71 mean,0.6874,0.1388,-2.5877,2.5877,False,False,False,False,False,False,False
71,2019,2024,2019,6,2019_2024,-0.8698,-0.8455,0.2025,1.2574,0.0108,1894,10,2019-01-10,2024-12-08,0.4031,GIS 71 mean,GIS 71 mean,0.6874,0.1388,-1.5572,1.5572,False,False,False,False,False,False,False
71,2018,2024,2018,7,2018_2024,0.3446,0.3194,0.1516,1.0781,0.0025,2063,10,2018-02-15,2024-12-08,0.3434,GIS 71 mean,GIS 71 mean,0.6874,0.1388,-0.3428,0.3428,False,False,False,True,True,True,True
71,2017,2024,2017,8,2017_2024,1.6441,1.6968,0.1895,0.8211,0.0647,2361,10,2017-01-19,2024-12-08,0.2612,GIS 71 mean,GIS 71 mean,0.6874,0.1388,0.9567,0.9567,False,False,False,False,False,True,True
71,2016,2024,2016,9,2016_2024,1.7936,1.7925,0.1801,0.6767,0.0982,2605,10,2016-01-02,2024-12-08,0.215,GIS 71 mean,GIS 71 mean,0.6874,0.1388,1.1062,1.1062,False,False,False,False,False,False,False
71,2015,2024,2015,10,2015_2024,1.7587,1.731,0.1478,0.5975,0.1117,2770,10,2015-01-31,2024-12-08,0.1897,GIS 71 mean,GIS 71 mean,0.6874,0.1388,1.0713,1.0713,False,False,False,False,False,False,False
71,2014,2024,2014,11,2014_2024,1.6203,1.6123,0.1474,0.5224,0.1143,2954,10,2014-01-12,2024-12-08,0.1657,GIS 71 mean,GIS 71 mean,0.6874,0.1388,0.9329,0.9329,False,False,False,False,False,True,False
71,2013,2024,2013,12,2013_2024,1.7122,1.7519,0.1346,0.4611,0.1462,3157,10,2013-02-01,2024-12-08,0.1461,GIS 71 mean,GIS 71 mean,0.6874,0.1388,1.0248,1.0248,False,False,False,False,False,False,False
71,2012,2024,2012,13,2012_2024,1.5291,1.5648,0.1498,0.4319,0.1306,3256,10,2012-01-14,2024-12-08,0.1369,GIS 71 mean,GIS 71 mean,0.6874,0.1388,0.8417,0.8417,False,False,False,False,False,True,False
71,2011,2024,2011,14,2011_2024,1.5448,1.5555,0.2277,0.3782,0.1574,3470,10,2011-01-03,2024-12-08,0.1199,GIS 71 mean,GIS 71 mean,0.6874,0.1388,0.8574,0.8574,False,False,False,False,False,True,False
71,2010,2024,2010,15,2010_2024,1.4289,1.4516,0.2233,0.339,0.157,3697,10,2010-02-01,2024-12-08,0.1074,GIS 71 mean,GIS 71 mean,0.6874,0.1388,0.7415,0.7415,False,False,False,False,False,True,False
71,2009,2024,2009,16,2009_2024,1.3869,1.408,0.2072,0.3194,0.1612,3799,10,2009-02-06,2024-12-08,0.1012,GIS 71 mean,GIS 71 mean,0.6874,0.1388,0.6995,0.6995,False,False,False,False,False,True,False
71,2008,2024,2008,17,2008_2024,1.4928,1.4996,0.1798,0.2801,0.2128,4067,10,2008-01-27,2024-12-08,0.0887,GIS 71 mean,GIS 71 mean,0.6874,0.1388,0.8054,0.8054,False,False,False,False,False,True,False
71,2007,2024,2007,18,2007_2024,1.457,1.3856,0.204,0.257,0.2264,4245,10,2007-01-09,2024-12-08,0.0814,GIS 71 mean,GIS 71 mean,0.6874,0.1388,0.7696,0.7696,False,False,False,False,False,True,False
71,2006,2024,2006,19,2006_2024,1.4228,1.3567,0.2067,0.2361,0.2404,4433,10,2006-01-21,2024-12-08,0.0747,GIS 71 mean,GIS 71 mean,0.6874,0.1388,0.7354,0.7354,False,False,False,False,False,True,False
71,2005,2024,2005,20,2005_2024,1.3466,1.275,0.2051,0.2219,0.2369,4580,10,2005-02-11,2024-12-08,0.0703,GIS 71 mean,GIS 71 mean,0.6874,0.1388,0.6592,0.6592,False,False,False,False,False,True,False
71,2004,2024,2004,21,2004_2024,1.221,1.1322,0.2524,0.2068,0.2206,4770,10,2004-01-01,2024-12-08,0.0655,GIS 71 mean,GIS 71 mean,0.6874,0.1388,0.5336,0.5336,False,False,False,False,False,True,False
71,2003,2024,2003,22,2003_2024,1.1915,1.1263,0.2193,0.1956,0.2257,4933,10,2003-01-05,2024-12-08,0.0619,GIS 71 mean,GIS 71 mean,0.6874,0.1388,0.5041,0.5041,False,False,False,False,False,True,False
71,2002,2024,2002,23,2002_2024,1.0626,1.0039,0.1732,0.1797,0.2073,5173,10,2002-01-10,2024-12-08,0.0569,GIS 71 mean,GIS 71 mean,0.6874,0.1388,0.3752,0.3752,False,False,False,True,True,True,False
71,2001,2024,2001,24,2001_2024,0.9467,0.9261,0.1189,0.168,0.1848,5411,10,2001-01-07,2024-12-08,0.0532,GIS 71 mean,GIS 71 mean,0.6874,0.1388,0.2593,0.2593,False,False,False,True,True,True,True
71,2000,2024,2000,25,2000_2024,0.6837,0.6692,0.0809,0.1607,0.1094,5731,10,2000-01-13,2024-12-08,0.0509,GIS 71 mean,GIS 71 mean,0.6874,0.1388,-0.0037,0.0037,True,True,True,True,True,True,True
71,1999,2024,1999,26,1999_2024,0.6829,0.6708,0.0751,0.153,0.1159,5911,10,1999-03-07,2024-12-08,0.0485,GIS 71 mean,GIS 71 mean,0.6874,0.1388,-0.0045,0.0045,True,True,True,True,True,True,True
71,1998,2024,1998,27,1998_2024,0.6851,0.6736,0.0741,0.1482,0.1212,6011,10,1998-03-04,2024-12-08,0.047,GIS 71 mean,GIS 71 mean,0.6874,0.1388,-0.0023,0.0023,True,True,True,True,True,True,True
71,1997,2024,1997,28,1997_2024,0.6804,0.6826,0.0765,0.1454,0.1223,6078,10,1997-01-12,2024-12-08,0.0461,GIS 71 mean,GIS 71 mean,0.6874,0.1388,-0.007,0.007,True,True,True,True,True,True,True
71,1996,2024,1996,29,1996_2024,0.6874,0.6922,0.0785,0.1388,0.1327,6208,10,1996-01-26,2024-12-08,0.044,GIS 71 mean,GIS 71 mean,0.6874,0.1388,0.0,0.0,True,True,True,True,True,True,True
72,2020,2024,2020,5,2020_2024,-5.6746,-5.7058,0.6119,1.5885,0.2396,1644,10,2020-01-28,2024-12-08,0.5041,GIS 72 mean,GIS 72 mean,1.0183,0.1509,-6.6929,6.6929,False,False,False,False,False,False,False
72,2019,2024,2019,6,2019_2024,-2.0248,-2.0312,0.3602,1.2548,0.0537,1909,10,2019-01-10,2024-12-08,0.3981,GIS 72 mean,GIS 72 mean,1.0183,0.1509,-3.0431,3.0431,False,False,False,False,False,False,False
72,2018,2024,2018,7,2018_2024,-1.6192,-1.8831,0.8393,1.0541,0.0556,2091,10,2018-02-07,2024-12-08,0.3343,GIS 72 mean,GIS 72 mean,1.0183,0.1509,-2.6375,2.6375,False,False,False,False,False,False,False
72,2017,2024,2017,8,2017_2024,-0.2712,-0.4249,1.0082,0.8414,0.0238,2348,10,2017-01-19,2024-12-08,0.2668,GIS 72 mean,GIS 72 mean,1.0183,0.1509,-1.2895,1.2895,False,False,False,False,False,False,False
72,2016,2024,2016,9,2016_2024,0.2911,0.0717,0.6195,0.706,0.0111,2587,10,2016-01-02,2024-12-08,0.2236,GIS 72 mean,GIS 72 mean,1.0183,0.1509,-0.7272,0.7272,False,False,False,False,False,True,True
72,2015,2024,2015,10,2015_2024,0.5495,0.2686,0.6558,0.5994,0.0222,2816,10,2015-01-31,2024-12-08,0.1898,GIS 72 mean,GIS 72 mean,1.0183,0.1509,-0.4688,0.4688,False,False,False,False,True,True,True
72,2014,2024,2014,11,2014_2024,0.6797,0.4922,0.474,0.5329,0.0268,2994,10,2014-01-12,2024-12-08,0.1687,GIS 72 mean,GIS 72 mean,1.0183,0.1509,-0.3386,0.3386,False,False,False,True,True,True,True
72,2013,2024,2013,12,2013_2024,0.8091,0.6359,0.4666,0.4674,0.0418,3202,10,2013-02-01,2024-12-08,0.1479,GIS 72 mean,GIS 72 mean,1.0183,0.1509,-0.2092,0.2092,False,True,False,True,True,True,True
72,2012,2024,2012,13,2012_2024,0.8584,0.7166,0.4473,0.443,0.0488,3276,10,2012-01-14,2024-12-08,0.1402,GIS 72 mean,GIS 72 mean,1.0183,0.1509,-0.1599,0.1599,False,True,True,True,True,True,True
72,2011,2024,2011,14,2011_2024,1.4683,1.4039,0.2234,0.4034,0.1294,3491,10,2011-01-03,2024-12-08,0.1276,GIS 72 mean,GIS 72 mean,1.0183,0.1509,0.45,0.45,False,False,False,True,True,True,True
72,2010,2024,2010,15,2010_2024,1.7523,1.7695,0.0781,0.37,0.1918,3681,10,2010-02-01,2024-12-08,0.117,GIS 72 mean,GIS 72 mean,1.0183,0.1509,0.734,0.734,False,False,False,False,False,True,False
72,2009,2024,2009,16,2009_2024,1.7666,1.7595,0.0679,0.3459,0.211,3791,10,2009-02-06,2024-12-08,0.1094,GIS 72 mean,GIS 72 mean,1.0183,0.1509,0.7483,0.7483,False,False,False,False,False,True,False
72,2008,2024,2008,17,2008_2024,1.8804,1.846,0.1049,0.3113,0.2614,4004,10,2008-01-27,2024-12-08,0.0985,GIS 72 mean,GIS 72 mean,1.0183,0.1509,0.8621,0.8621,False,False,False,False,False,True,False
72,2007,2024,2007,18,2007_2024,1.9153,1.8562,0.1315,0.2792,0.3028,4200,10,2007-01-09,2024-12-08,0.0883,GIS 72 mean,GIS 72 mean,1.0183,0.1509,0.897,0.897,False,False,False,False,False,True,False
72,2006,2024,2006,19,2006_2024,1.8868,1.8365,0.1414,0.2545,0.3261,4394,10,2006-01-21,2024-12-08,0.0805,GIS 72 mean,GIS 72 mean,1.0183,0.1509,0.8685,0.8685,False,False,False,False,False,True,False
72,2005,2024,2005,20,2005_2024,1.8511,1.7822,0.2021,0.2378,0.3399,4539,10,2005-02-11,2024-12-08,0.0752,GIS 72 mean,GIS 72 mean,1.0183,0.1509,0.8328,0.8328,False,False,False,False,False,True,False
72,2004,2024,2004,21,2004_2024,1.7626,1.716,0.1544,0.2206,0.3432,4718,10,2004-01-01,2024-12-08,0.0698,GIS 72 mean,GIS 72 mean,1.0183,0.1509,0.7443,0.7443,False,False,False,False,False,True,False
72,2003,2024,2003,22,2003_2024,1.6849,1.6471,0.1298,0.208,0.3419,4884,10,2003-01-05,2024-12-08,0.0658,GIS 72 mean,GIS 72 mean,1.0183,0.1509,0.6666,0.6666,False,False,False,False,False,True,False
72,2002,2024,2002,23,2002_2024,1.5065,1.4942,0.1032,0.1922,0.3169,5124,10,2002-01-10,2024-12-08,0.0608,GIS 72 mean,GIS 72 mean,1.0183,0.1509,0.4882,0.4882,False,False,False,False,True,True,False
72,2001,2024,2001,24,2001_2024,1.3239,1.3162,0.089,0.1813,0.2781,5354,10,2001-01-07,2024-12-08,0.0574,GIS 72 mean,GIS 72 mean,1.0183,0.1509,0.3056,0.3056,False,False,False,True,True,True,True
72,2000,2024,2000,25,2000_2024,1.0047,0.9927,0.11,0.1736,0.186,5674,10,2000-01-13,2024-12-08,0.0549,GIS 72 mean,GIS 72 mean,1.0183,0.1509,-0.0136,0.0136,True,True,True,True,True,True,True
72,1999,2024,1999,26,1999_2024,0.9667,0.9758,0.086,0.165,0.185,5854,10,1999-03-07,2024-12-08,0.0522,GIS 72 mean,GIS 72 mean,1.0183,0.1509,-0.0516,0.0516,True,True,True,True,True,True,True
72,1998,2024,1998,27,1998_2024,0.9723,0.9782,0.0831,0.1601,0.1934,5954,10,1998-03-04,2024-12-08,0.0507,GIS 72 mean,GIS 72 mean,1.0183,0.1509,-0.046,0.046,True,True,True,True,True,True,True
72,1997,2024,1997,28,1997_2024,0.9898,0.9952,0.0882,0.158,0.202,6004,10,1997-01-12,2024-12-08,0.05,GIS 72 mean,GIS 72 mean,1.0183,0.1509,-0.0285,0.0285,True,True,True,True,True,True,True
72,1996,2024,1996,29,1996_2024,1.0183,1.0336,0.1018,0.1509,0.223,6134,10,1996-01-26,2024-12-08,0.0477,GIS 72 mean,GIS 72 mean,1.0183,0.1509,0.0,0.0,True,True,True,True,True,True,True
73,2020,2024,2020,5,2020_2024,-3.2183,-3.2642,0.6825,1.4707,0.1018,1695,10,2020-01-28,2024-12-08,0.4661,GIS 73 mean,GIS 73 mean,1.0563,0.1555,-4.2746,4.2746,False,False,False,False,False,False,False
73,2019,2024,2019,6,2019_2024,-2.7961,-2.7806,0.8416,1.073,0.1248,1955,10,2019-01-10,2024-12-08,0.3399,GIS 73 mean,GIS 73 mean,1.0563,0.1555,-3.8524,3.8524,False,False,False,False,False,False,False
73,2018,2024,2018,7,2018_2024,-2.7325,-2.6429,0.7943,0.8934,0.1516,2130,10,2018-02-07,2024-12-08,0.283,GIS 73 mean,GIS 73 mean,1.0563,0.1555,-3.7888,3.7888,False,False,False,False,False,False,False
73,2017,2024,2017,8,2017_2024,-2.7648,-3.0212,0.9532,0.6784,0.22,2416,10,2017-01-19,2024-12-08,0.2148,GIS 73 mean,GIS 73 mean,1.0563,0.1555,-3.8211,3.8211,False,False,False,False,False,False,False
73,2016,2024,2016,9,2016_2024,-1.6167,-1.9636,0.7656,0.6048,0.1067,2665,10,2016-01-02,2024-12-08,0.1915,GIS 73 mean,GIS 73 mean,1.0563,0.1555,-2.673,2.673,False,False,False,False,False,False,False
73,2015,2024,2015,10,2015_2024,-1.4561,-1.5701,0.759,0.5359,0.1063,2835,10,2015-01-31,2024-12-08,0.1696,GIS 73 mean,GIS 73 mean,1.0563,0.1555,-2.5124,2.5124,False,False,False,False,False,False,False
73,2014,2024,2014,11,2014_2024,-1.5762,-2.0054,0.9553,0.478,0.1446,3022,10,2014-01-03,2024-12-08,0.1513,GIS 73 mean,GIS 73 mean,1.0563,0.1555,-2.6325,2.6325,False,False,False,False,False,False,False
73,2013,2024,2013,12,2013_2024,-1.5274,-1.8233,1.0491,0.4262,0.1611,3224,10,2013-02-01,2024-12-08,0.1349,GIS 73 mean,GIS 73 mean,1.0563,0.1555,-2.5837,2.5837,False,False,False,False,False,False,False
73,2012,2024,2012,13,2012_2024,-1.447,-1.665,0.9544,0.3977,0.157,3327,10,2012-01-14,2024-12-08,0.1259,GIS 73 mean,GIS 73 mean,1.0563,0.1555,-2.5033,2.5033,False,False,False,False,False,False,False
73,2011,2024,2011,14,2011_2024,-0.5034,-0.5786,0.9794,0.3977,0.0662,3532,10,2011-01-03,2024-12-08,0.126,GIS 73 mean,GIS 73 mean,1.0563,0.1555,-1.5597,1.5597,False,False,False,False,False,False,False
73,2010,2024,2010,15,2010_2024,0.4029,0.394,0.8405,0.388,0.0529,3766,10,2010-02-01,2024-12-08,0.1229,GIS 73 mean,GIS 73 mean,1.0563,0.1555,-0.6534,0.6534,False,False,False,False,False,True,False
73,2009,2024,2009,16,2009_2024,0.5167,0.5068,0.8005,0.3699,0.0596,3852,10,2009-02-06,2024-12-08,0.1172,GIS 73 mean,GIS 73 mean,1.0563,0.1555,-0.5396,0.5396,False,False,False,False,False,True,False
73,2008,2024,2008,17,2008_2024,0.8537,0.8376,0.7188,0.3282,0.0907,4121,10,2008-01-27,2024-12-08,0.1039,GIS 73 mean,GIS 73 mean,1.0563,0.1555,-0.2026,0.2026,False,True,True,True,True,True,True
73,2007,2024,2007,18,2007_2024,1.0585,1.0775,0.6723,0.3026,0.1246,4299,10,2007-01-09,2024-12-08,0.0958,GIS 73 mean,GIS 73 mean,1.0563,0.1555,0.0022,0.0022,True,True,True,True,True,True,True
73,2006,2024,2006,19,2006_2024,1.3091,1.3449,0.5595,0.2842,0.1711,4478,10,2006-01-21,2024-12-08,0.0901,GIS 73 mean,GIS 73 mean,1.0563,0.1555,0.2528,0.2528,False,False,False,True,True,True,True
73,2005,2024,2005,20,2005_2024,1.4472,1.5126,0.53,0.2681,0.2096,4621,10,2005-02-11,2024-12-08,0.085,GIS 73 mean,GIS 73 mean,1.0563,0.1555,0.3909,0.3909,False,False,False,True,True,True,True
73,2004,2024,2004,21,2004_2024,1.3762,1.4385,0.4604,0.2481,0.2099,4807,10,2004-01-01,2024-12-08,0.0787,GIS 73 mean,GIS 73 mean,1.0563,0.1555,0.3199,0.3199,False,False,False,True,True,True,True
73,2003,2024,2003,22,2003_2024,1.3113,1.3792,0.4193,0.231,0.209,4977,10,2003-01-05,2024-12-08,0.0731,GIS 73 mean,GIS 73 mean,1.0563,0.1555,0.255,0.255,False,False,False,True,True,True,True
73,2002,2024,2002,23,2002_2024,1.2056,1.275,0.3215,0.2112,0.2006,5217,10,2002-01-10,2024-12-08,0.0669,GIS 73 mean,GIS 73 mean,1.0563,0.1555,0.1493,0.1493,True,True,True,True,True,True,True
73,2001,2024,2001,24,2001_2024,1.1074,1.1807,0.2616,0.1975,0.1874,5431,10,2001-01-07,2024-12-08,0.0625,GIS 73 mean,GIS 73 mean,1.0563,0.1555,0.0511,0.0511,True,True,True,True,True,True,True
73,2000,2024,2000,25,2000_2024,1.0159,1.0925,0.1662,0.179,0.18,5749,10,2000-01-13,2024-12-08,0.0566,GIS 73 mean,GIS 73 mean,1.0563,0.1555,-0.0404,0.0404,True,True,True,True,True,True,True
73,1999,2024,1999,26,1999_2024,0.9914,1.0345,0.1161,0.1704,0.1817,5929,10,1999-03-07,2024-12-08,0.0539,GIS 73 mean,GIS 73 mean,1.0563,0.1555,-0.0649,0.0649,True,True,True,True,True,True,True
73,1998,2024,1998,27,1998_2024,0.9917,1.0217,0.1053,0.1651,0.1887,6029,10,1998-03-04,2024-12-08,0.0522,GIS 73 mean,GIS 73 mean,1.0563,0.1555,-0.0646,0.0646,True,True,True,True,True,True,True
73,1997,2024,1997,28,1997_2024,1.0113,1.04,0.1026,0.1624,0.1983,6085,10,1997-01-12,2024-12-08,0.0514,GIS 73 mean,GIS 73 mean,1.0563,0.1555,-0.045,0.045,True,True,True,True,True,True,True
73,1996,2024,1996,29,1996_2024,1.0563,1.0956,0.1018,0.1555,0.2236,6215,10,1996-01-26,2024-12-08,0.0492,GIS 73 mean,GIS 73 mean,1.0563,0.1555,0.0,0.0,True,True,True,True,True,True,True
74,2020,2024,2020,5,2020_2024,-0.7902,-0.7718,0.4466,1.7026,0.0061,1660,10,2020-01-28,2024-12-08,0.5395,GIS 74 mean,GIS 74 mean,0.3898,0.1447,-1.18,1.18,False,False,False,False,False,False,True
74,2019,2024,2019,6,2019_2024,-0.1416,-0.1892,0.2201,1.1784,0.001,1946,10,2019-01-10,2024-12-08,0.3739,GIS 74 mean,GIS 74 mean,0.3898,0.1447,-0.5314,0.5314,False,False,False,False,False,True,True
74,2018,2024,2018,7,2018_2024,0.1924,0.2994,0.394,0.9866,0.0034,2115,10,2018-02-07,2024-12-08,0.3131,GIS 74 mean,GIS 74 mean,0.3898,0.1447,-0.1974,0.1974,False,True,False,True,True,True,True
74,2017,2024,2017,8,2017_2024,-1.2576,-1.1766,0.3683,0.7933,0.0452,2380,10,2017-01-19,2024-12-08,0.252,GIS 74 mean,GIS 74 mean,0.3898,0.1447,-1.6474,1.6474,False,False,False,False,False,False,False
74,2016,2024,2016,9,2016_2024,-0.612,-0.4822,0.4055,0.6692,0.0183,2625,10,2016-01-02,2024-12-08,0.2123,GIS 74 mean,GIS 74 mean,0.3898,0.1447,-1.0018,1.0018,False,False,False,False,False,False,False
74,2015,2024,2015,10,2015_2024,-0.6323,-0.6157,0.2793,0.5674,0.0206,2857,10,2015-01-31,2024-12-08,0.1798,GIS 74 mean,GIS 74 mean,0.3898,0.1447,-1.0221,1.0221,False,False,False,False,False,False,False
74,2014,2024,2014,11,2014_2024,-0.8275,-0.7766,0.4385,0.5083,0.0395,3039,10,2014-01-03,2024-12-08,0.161,GIS 74 mean,GIS 74 mean,0.3898,0.1447,-1.2173,1.2173,False,False,False,False,False,False,False
74,2013,2024,2013,12,2013_2024,-1.319,-1.2692,0.4648,0.4602,0.0932,3245,10,2013-02-01,2024-12-08,0.1459,GIS 74 mean,GIS 74 mean,0.3898,0.1447,-1.7088,1.7088,False,False,False,False,False,False,False
74,2012,2024,2012,13,2012_2024,-1.3999,-1.3738,0.395,0.4384,0.1093,3332,10,2012-01-14,2024-12-08,0.139,GIS 74 mean,GIS 74 mean,0.3898,0.1447,-1.7897,1.7897,False,False,False,False,False,False,False
74,2011,2024,2011,14,2011_2024,-1.0538,-1.0437,0.2747,0.3874,0.0759,3560,10,2011-01-03,2024-12-08,0.1229,GIS 74 mean,GIS 74 mean,0.3898,0.1447,-1.4436,1.4436,False,False,False,False,False,False,False
74,2010,2024,2010,15,2010_2024,-0.8818,-0.8768,0.1189,0.3561,0.0619,3751,10,2010-02-01,2024-12-08,0.113,GIS 74 mean,GIS 74 mean,0.3898,0.1447,-1.2716,1.2716,False,False,False,False,False,False,False
74,2009,2024,2009,16,2009_2024,-0.8239,-0.774,0.1587,0.3356,0.0612,3867,10,2009-02-06,2024-12-08,0.1065,GIS 74 mean,GIS 74 mean,0.3898,0.1447,-1.2137,1.2137,False,False,False,False,False,False,False
74,2008,2024,2008,17,2008_2024,-0.5544,-0.5028,0.2987,0.3067,0.0422,4080,10,2008-01-27,2024-12-08,0.0974,GIS 74 mean,GIS 74 mean,0.3898,0.1447,-0.9442,0.9442,False,False,False,False,False,True,False
74,2007,2024,2007,18,2007_2024,-0.4009,-0.3322,0.3134,0.2775,0.0323,4272,10,2007-01-09,2024-12-08,0.0881,GIS 74 mean,GIS 74 mean,0.3898,0.1447,-0.7907,0.7907,False,False,False,False,False,True,False
74,2006,2024,2006,19,2006_2024,-0.3196,-0.2834,0.3735,0.2537,0.0339,4469,10,2006-01-21,2024-12-08,0.0806,GIS 74 mean,GIS 74 mean,0.3898,0.1447,-0.7094,0.7094,False,False,False,False,False,True,False
74,2005,2024,2005,20,2005_2024,-0.2866,-0.2686,0.4651,0.2389,0.0436,4619,10,2005-02-11,2024-12-08,0.0759,GIS 74 mean,GIS 74 mean,0.3898,0.1447,-0.6764,0.6764,False,False,False,False,False,True,False
74,2004,2024,2004,21,2004_2024,-0.2756,-0.1972,0.5147,0.2216,0.0523,4804,10,2004-01-01,2024-12-08,0.0704,GIS 74 mean,GIS 74 mean,0.3898,0.1447,-0.6654,0.6654,False,False,False,False,False,True,False
74,2003,2024,2003,22,2003_2024,-0.21,-0.1366,0.5022,0.2072,0.0487,4977,10,2003-01-05,2024-12-08,0.0657,GIS 74 mean,GIS 74 mean,0.3898,0.1447,-0.5998,0.5998,False,False,False,False,False,True,False
74,2002,2024,2002,23,2002_2024,-0.0627,0.0232,0.4597,0.1906,0.0387,5217,10,2002-01-10,2024-12-08,0.0604,GIS 74 mean,GIS 74 mean,0.3898,0.1447,-0.4525,0.4525,False,False,False,False,True,True,False
74,2001,2024,2001,24,2001_2024,0.0198,0.1113,0.4319,0.178,0.0364,5427,10,2001-01-24,2024-12-08,0.0564,GIS 74 mean,GIS 74 mean,0.3898,0.1447,-0.37,0.37,False,False,False,True,True,True,False
74,2000,2024,2000,25,2000_2024,0.1338,0.229,0.4188,0.1636,0.0408,5727,10,2000-01-13,2024-12-08,0.0518,GIS 74 mean,GIS 74 mean,0.3898,0.1447,-0.256,0.256,False,False,False,True,True,True,True
74,1999,2024,1999,26,1999_2024,0.2275,0.3193,0.3937,0.1565,0.0458,5907,10,1999-03-07,2024-12-08,0.0495,GIS 74 mean,GIS 74 mean,0.3898,0.1447,-0.1623,0.1623,False,True,False,True,True,True,True
74,1998,2024,1998,27,1998_2024,0.267,0.3544,0.3865,0.1518,0.0506,6007,10,1998-03-04,2024-12-08,0.0481,GIS 74 mean,GIS 74 mean,0.3898,0.1447,-0.1228,0.1228,True,True,False,True,True,True,True
74,1997,2024,1997,28,1997_2024,0.2986,0.3832,0.3831,0.1489,0.0552,6075,10,1997-01-12,2024-12-08,0.0471,GIS 74 mean,GIS 74 mean,0.3898,0.1447,-0.0912,0.0912,True,True,False,True,True,True,True
74,1996,2024,1996,29,1996_2024,0.3898,0.4962,0.3855,0.1447,0.0727,6205,10,1996-01-26,2024-12-08,0.0458,GIS 74 mean,GIS 74 mean,0.3898,0.1447,0.0,0.0,True,True,True,True,True,True,True
75,2020,2024,2020,5,2020_2024,-0.0846,0.0025,0.5361,1.5138,0.0028,1698,10,2020-01-28,2024-12-08,0.4792,GIS 75 mean,GIS 75 mean,-0.9372,0.1501,0.8526,0.8526,False,False,False,False,False,True,True
75,2019,2024,2019,6,2019_2024,0.5067,0.3744,0.7379,1.1076,0.011,1951,10,2019-01-10,2024-12-08,0.3509,GIS 75 mean,GIS 75 mean,-0.9372,0.1501,1.4439,1.4439,False,False,False,False,False,False,False
75,2018,2024,2018,7,2018_2024,-0.1134,-0.3875,0.5978,0.9126,0.0076,2128,10,2018-02-07,2024-12-08,0.289,GIS 75 mean,GIS 75 mean,-0.9372,0.1501,0.8238,0.8238,False,False,False,False,False,True,True
75,2017,2024,2017,8,2017_2024,-1.3541,-1.5869,0.6835,0.7035,0.0682,2424,10,2017-01-19,2024-12-08,0.2227,GIS 75 mean,GIS 75 mean,-0.9372,0.1501,-0.4169,0.4169,False,False,False,True,True,True,True
75,2016,2024,2016,9,2016_2024,-0.6937,-0.7371,0.4987,0.6272,0.026,2667,10,2016-01-02,2024-12-08,0.1987,GIS 75 mean,GIS 75 mean,-0.9372,0.1501,0.2435,0.2435,False,True,False,True,True,True,True
75,2015,2024,2015,10,2015_2024,0.1348,0.2322,0.974,0.5932,0.0324,2831,10,2015-01-31,2024-12-08,0.188,GIS 75 mean,GIS 75 mean,-0.9372,0.1501,1.072,1.072,False,False,False,False,False,False,False
75,2014,2024,2014,11,2014_2024,0.3842,0.598,1.0694,0.5177,0.0505,3024,10,2014-01-03,2024-12-08,0.1641,GIS 75 mean,GIS 75 mean,-0.9372,0.1501,1.3214,1.3214,False,False,False,False,False,False,False
75,2013,2024,2013,12,2013_2024,0.4644,0.9062,0.9287,0.4565,0.052,3223,10,2013-02-01,2024-12-08,0.1445,GIS 75 mean,GIS 75 mean,-0.9372,0.1501,1.4016,1.4016,False,False,False,False,False,False,False
75,2012,2024,2012,13,2012_2024,0.1959,0.6058,0.888,0.4323,0.044,3323,10,2012-01-14,2024-12-08,0.137,GIS 75 mean,GIS 75 mean,-0.9372,0.1501,1.1331,1.1331,False,False,False,False,False,False,False
75,2011,2024,2011,14,2011_2024,0.1338,0.3869,0.6035,0.3837,0.0252,3522,10,2011-01-03,2024-12-08,0.1217,GIS 75 mean,GIS 75 mean,-0.9372,0.1501,1.071,1.071,False,False,False,False,False,False,False
75,2010,2024,2010,15,2010_2024,0.0618,0.4243,0.6921,0.3366,0.0375,3755,10,2010-02-01,2024-12-08,0.1066,GIS 75 mean,GIS 75 mean,-0.9372,0.1501,0.999,0.999,False,False,False,False,False,True,False
75,2009,2024,2009,16,2009_2024,-0.1314,0.1985,0.6209,0.3253,0.0337,3851,10,2009-02-06,2024-12-08,0.1031,GIS 75 mean,GIS 75 mean,-0.9372,0.1501,0.8058,0.8058,False,False,False,False,False,True,False
75,2008,2024,2008,17,2008_2024,-0.5664,-0.3403,0.3999,0.2929,0.0514,4119,10,2008-01-27,2024-12-08,0.0929,GIS 75 mean,GIS 75 mean,-0.9372,0.1501,0.3708,0.3708,False,False,False,True,True,True,True
75,2007,2024,2007,18,2007_2024,-0.8325,-0.7698,0.231,0.2773,0.0848,4294,10,2007-01-09,2024-12-08,0.0881,GIS 75 mean,GIS 75 mean,-0.9372,0.1501,0.1047,0.1047,True,True,True,True,True,True,True
75,2006,2024,2006,19,2006_2024,-1.0422,-1.0528,0.1612,0.26,0.1268,4481,10,2006-01-21,2024-12-08,0.0828,GIS 75 mean,GIS 75 mean,-0.9372,0.1501,-0.105,0.105,True,True,True,True,True,True,True
75,2005,2024,2005,20,2005_2024,-1.0755,-1.0526,0.1259,0.2477,0.1439,4620,10,2005-02-11,2024-12-08,0.0789,GIS 75 mean,GIS 75 mean,-0.9372,0.1501,-0.1383,0.1383,True,True,True,True,True,True,True
75,2004,2024,2004,21,2004_2024,-1.3562,-1.3594,0.0532,0.2375,0.2136,4808,10,2004-01-01,2024-12-08,0.0757,GIS 75 mean,GIS 75 mean,-0.9372,0.1501,-0.419,0.419,False,False,False,True,True,True,False
75,2003,2024,2003,22,2003_2024,-1.3296,-1.304,0.0657,0.2196,0.2242,4999,10,2003-01-05,2024-12-08,0.0698,GIS 75 mean,GIS 75 mean,-0.9372,0.1501,-0.3924,0.3924,False,False,False,True,True,True,False
75,2002,2024,2002,23,2002_2024,-1.246,-1.2202,0.0945,0.2013,0.2222,5239,10,2002-01-10,2024-12-08,0.064,GIS 75 mean,GIS 75 mean,-0.9372,0.1501,-0.3088,0.3088,False,False,False,True,True,True,True
75,2001,2024,2001,24,2001_2024,-1.1355,-1.0968,0.1134,0.1873,0.2078,5465,10,2001-01-24,2024-12-08,0.0595,GIS 75 mean,GIS 75 mean,-0.9372,0.1501,-0.1983,0.1983,False,True,False,True,True,True,True
75,2000,2024,2000,25,2000_2024,-1.1006,-1.0614,0.128,0.1696,0.221,5773,10,2000-01-13,2024-12-08,0.0538,GIS 75 mean,GIS 75 mean,-0.9372,0.1501,-0.1634,0.1634,False,True,True,True,True,True,True
75,1999,2024,1999,26,1999_2024,-1.0086,-0.9711,0.1633,0.1632,0.1982,5953,10,1999-03-07,2024-12-08,0.0518,GIS 75 mean,GIS 75 mean,-0.9372,0.1501,-0.0714,0.0714,True,True,True,True,True,True,True
75,1998,2024,1998,27,1998_2024,-0.9884,-0.9636,0.1784,0.1583,0.1985,6053,10,1998-03-04,2024-12-08,0.0502,GIS 75 mean,GIS 75 mean,-0.9372,0.1501,-0.0512,0.0512,True,True,True,True,True,True,True
75,1997,2024,1997,28,1997_2024,-0.9443,-0.919,0.1814,0.1558,0.1874,6123,10,1997-01-12,2024-12-08,0.0494,GIS 75 mean,GIS 75 mean,-0.9372,0.1501,-0.0071,0.0071,True,True,True,True,True,True,True
75,1996,2024,1996,29,1996_2024,-0.9372,-0.9094,0.2242,0.1501,0.1929,6248,10,1996-01-26,2024-12-08,0.0476,GIS 75 mean,GIS 75 mean,-0.9372,0.1501,0.0,0.0,True,True,True,True,True,True,True
76,2020,2024,2020,5,2020_2024,-5.15,-5.3796,1.1995,1.4776,0.2276,1652,10,2020-01-28,2024-12-08,0.4678,GIS 76 mean,GIS 76 mean,-1.9544,0.159,-3.1956,3.1956,False,False,False,False,False,False,False
76,2019,2024,2019,6,2019_2024,-4.0759,-4.843,2.3869,1.0574,0.2522,1956,10,2019-01-10,2024-12-08,0.3345,GIS 76 mean,GIS 76 mean,-1.9544,0.159,-2.1215,2.1215,False,False,False,False,False,False,False
76,2018,2024,2018,7,2018_2024,-3.7809,-4.4728,2.1786,0.8848,0.269,2144,10,2018-01-07,2024-12-08,0.28,GIS 76 mean,GIS 76 mean,-1.9544,0.159,-1.8265,1.8265,False,False,False,False,False,False,False
76,2017,2024,2017,8,2017_2024,-3.8962,-4.4478,1.8645,0.7001,0.3316,2424,10,2017-01-19,2024-12-08,0.2215,GIS 76 mean,GIS 76 mean,-1.9544,0.159,-1.9418,1.9418,False,False,False,False,False,False,False
76,2016,2024,2016,9,2016_2024,-3.2916,-3.6631,1.6164,0.6152,0.2951,2668,10,2016-01-02,2024-12-08,0.1946,GIS 76 mean,GIS 76 mean,-1.9544,0.159,-1.3372,1.3372,False,False,False,False,False,False,False
76,2015,2024,2015,10,2015_2024,-1.7518,-1.9732,1.7088,0.616,0.1472,2890,10,2015-01-31,2024-12-08,0.1949,GIS 76 mean,GIS 76 mean,-1.9544,0.159,0.2026,0.2026,False,True,True,True,True,True,True
76,2014,2024,2014,11,2014_2024,-1.0327,-1.186,1.3346,0.574,0.0819,3067,10,2014-01-03,2024-12-08,0.1818,GIS 76 mean,GIS 76 mean,-1.9544,0.159,0.9217,0.9217,False,False,False,False,False,True,False
76,2013,2024,2013,12,2013_2024,-0.486,-0.6152,0.809,0.5253,0.0302,3272,10,2013-02-01,2024-12-08,0.1669,GIS 76 mean,GIS 76 mean,-1.9544,0.159,1.4684,1.4684,False,False,False,False,False,False,False
76,2012,2024,2012,13,2012_2024,-0.4884,-0.5855,0.7019,0.495,0.0276,3356,10,2012-01-14,2024-12-08,0.157,GIS 76 mean,GIS 76 mean,-1.9544,0.159,1.466,1.466,False,False,False,False,False,False,False
76,2011,2024,2011,14,2011_2024,-0.6477,-0.7373,0.4986,0.4266,0.0328,3593,10,2011-01-03,2024-12-08,0.1351,GIS 76 mean,GIS 76 mean,-1.9544,0.159,1.3067,1.3067,False,False,False,False,False,False,False
76,2010,2024,2010,15,2010_2024,-0.6186,-0.7978,0.5356,0.3825,0.0382,3782,10,2010-02-01,2024-12-08,0.1212,GIS 76 mean,GIS 76 mean,-1.9544,0.159,1.3358,1.3358,False,False,False,False,False,False,False
76,2009,2024,2009,16,2009_2024,-0.7053,-0.8442,0.4866,0.3601,0.0459,3893,10,2009-02-06,2024-12-08,0.1141,GIS 76 mean,GIS 76 mean,-1.9544,0.159,1.2491,1.2491,False,False,False,False,False,False,False
76,2008,2024,2008,17,2008_2024,-0.8665,-0.9961,0.3714,0.3214,0.0686,4108,10,2008-01-27,2024-12-08,0.1018,GIS 76 mean,GIS 76 mean,-1.9544,0.159,1.0879,1.0879,False,False,False,False,False,False,False
76,2007,2024,2007,18,2007_2024,-1.1455,-1.2228,0.1847,0.3001,0.1174,4296,10,2007-01-09,2024-12-08,0.0949,GIS 76 mean,GIS 76 mean,-1.9544,0.159,0.8089,0.8089,False,False,False,False,False,True,False
76,2006,2024,2006,19,2006_2024,-1.4741,-1.4686,0.0868,0.2834,0.1901,4496,10,2006-01-21,2024-12-08,0.0897,GIS 76 mean,GIS 76 mean,-1.9544,0.159,0.4803,0.4803,False,False,False,False,True,True,False
76,2005,2024,2005,20,2005_2024,-1.481,-1.5109,0.1382,0.268,0.2046,4649,10,2005-02-11,2024-12-08,0.0848,GIS 76 mean,GIS 76 mean,-1.9544,0.159,0.4734,0.4734,False,False,False,True,True,True,False
76,2004,2024,2004,21,2004_2024,-1.589,-1.6047,0.0828,0.247,0.2495,4850,10,2004-01-01,2024-12-08,0.0782,GIS 76 mean,GIS 76 mean,-1.9544,0.159,0.3654,0.3654,False,False,True,True,True,True,True
76,2003,2024,2003,22,2003_2024,-1.6916,-1.711,0.098,0.2297,0.295,5038,10,2003-01-05,2024-12-08,0.0727,GIS 76 mean,GIS 76 mean,-1.9544,0.159,0.2628,0.2628,False,False,True,True,True,True,True
76,2002,2024,2002,23,2002_2024,-1.676,-1.7189,0.1089,0.2088,0.3216,5278,10,2002-01-10,2024-12-08,0.0661,GIS 76 mean,GIS 76 mean,-1.9544,0.159,0.2784,0.2784,False,False,True,True,True,True,True
76,2001,2024,2001,24,2001_2024,-1.6686,-1.7044,0.1009,0.1931,0.3448,5502,10,2001-01-07,2024-12-08,0.0611,GIS 76 mean,GIS 76 mean,-1.9544,0.159,0.2858,0.2858,False,False,True,True,True,True,True
76,2000,2024,2000,25,2000_2024,-1.7286,-1.7692,0.1156,0.1746,0.395,5811,10,2000-01-13,2024-12-08,0.0553,GIS 76 mean,GIS 76 mean,-1.9544,0.159,0.2258,0.2258,False,True,True,True,True,True,True
76,1999,2024,1999,26,1999_2024,-1.7797,-1.8176,0.1337,0.1662,0.4252,5991,10,1999-03-07,2024-12-08,0.0526,GIS 76 mean,GIS 76 mean,-1.9544,0.159,0.1747,0.1747,False,True,True,True,True,True,True
76,1998,2024,1998,27,1998_2024,-1.7957,-1.802,0.1421,0.1616,0.4391,6091,10,1998-03-04,2024-12-08,0.0511,GIS 76 mean,GIS 76 mean,-1.9544,0.159,0.1587,0.1587,True,True,True,True,True,True,True
76,1997,2024,1997,28,1997_2024,-1.8126,-1.8214,0.1599,0.1588,0.4494,6161,10,1997-01-12,2024-12-08,0.0502,GIS 76 mean,GIS 76 mean,-1.9544,0.159,0.1418,0.1418,True,True,True,True,True,True,True
76,1996,2024,1996,29,1996_2024,-1.9544,-1.9971,0.2062,0.159,0.4802,6281,10,1996-01-26,2024-12-08,0.0503,GIS 76 mean,GIS 76 mean,-1.9544,0.159,0.0,0.0,True,True,True,True,True,True,True
77,2020,2024,2020,5,2020_2024,-2.1151,-2.2301,0.8885,1.6523,0.0433,1650,10,2020-01-28,2024-12-08,0.5229,GIS 77 mean,GIS 77 mean,-1.7336,0.1625,-0.3815,0.3815,False,False,False,True,True,True,True
77,2019,2024,2019,6,2019_2024,-3.0488,-2.2744,1.2744,1.1812,0.1262,1912,10,2019-01-10,2024-12-08,0.3739,GIS 77 mean,GIS 77 mean,-1.7336,0.1625,-1.3152,1.3152,False,False,False,False,False,False,True
77,2018,2024,2018,7,2018_2024,-3.5475,-3.4145,0.6542,0.9813,0.1968,2101,10,2018-01-07,2024-12-08,0.3105,GIS 77 mean,GIS 77 mean,-1.7336,0.1625,-1.8139,1.8139,False,False,False,False,False,False,False
77,2017,2024,2017,8,2017_2024,-5.0684,-5.02,0.3274,0.7653,0.4171,2397,10,2017-01-19,2024-12-08,0.2422,GIS 77 mean,GIS 77 mean,-1.7336,0.1625,-3.3348,3.3348,False,False,False,False,False,False,False
77,2016,2024,2016,9,2016_2024,-5.2367,-5.1094,0.3361,0.6375,0.4992,2638,10,2016-01-02,2024-12-08,0.2017,GIS 77 mean,GIS 77 mean,-1.7336,0.1625,-3.5031,3.5031,False,False,False,False,False,False,False
77,2015,2024,2015,10,2015_2024,-5.436,-5.306,0.7633,0.5753,0.5488,2808,10,2015-01-31,2024-12-08,0.182,GIS 77 mean,GIS 77 mean,-1.7336,0.1625,-3.7024,3.7024,False,False,False,False,False,False,False
77,2014,2024,2014,11,2014_2024,-4.7883,-4.6941,1.271,0.5315,0.4989,2998,10,2014-01-03,2024-12-08,0.1683,GIS 77 mean,GIS 77 mean,-1.7336,0.1625,-3.0547,3.0547,False,False,False,False,False,False,False
77,2013,2024,2013,12,2013_2024,-3.6653,-3.4036,1.3492,0.5283,0.3632,3186,10,2013-02-01,2024-12-08,0.1673,GIS 77 mean,GIS 77 mean,-1.7336,0.1625,-1.9317,1.9317,False,False,False,False,False,False,False
77,2012,2024,2012,13,2012_2024,-3.305,-3.076,1.2126,0.5051,0.3302,3285,10,2012-01-14,2024-12-08,0.1598,GIS 77 mean,GIS 77 mean,-1.7336,0.1625,-1.5714,1.5714,False,False,False,False,False,False,False
77,2011,2024,2011,14,2011_2024,-2.6061,-2.4756,0.8527,0.4674,0.2541,3483,10,2011-01-03,2024-12-08,0.1481,GIS 77 mean,GIS 77 mean,-1.7336,0.1625,-0.8725,0.8725,False,False,False,False,False,True,False
77,2010,2024,2010,15,2010_2024,-2.1261,-1.9771,0.5523,0.4201,0.2091,3715,10,2010-02-01,2024-12-08,0.1332,GIS 77 mean,GIS 77 mean,-1.7336,0.1625,-0.3925,0.3925,False,False,False,True,True,True,True
77,2009,2024,2009,16,2009_2024,-2.0068,-1.8895,0.4383,0.3985,0.2037,3810,10,2009-02-06,2024-12-08,0.1264,GIS 77 mean,GIS 77 mean,-1.7336,0.1625,-0.2732,0.2732,False,False,True,True,True,True,True
77,2008,2024,2008,17,2008_2024,-1.7476,-1.6646,0.344,0.3454,0.1949,4076,10,2008-01-27,2024-12-08,0.1096,GIS 77 mean,GIS 77 mean,-1.7336,0.1625,-0.014,0.014,True,True,True,True,True,True,True
77,2007,2024,2007,18,2007_2024,-1.6447,-1.5853,0.2636,0.3142,0.199,4259,10,2007-01-09,2024-12-08,0.0997,GIS 77 mean,GIS 77 mean,-1.7336,0.1625,0.0889,0.0889,True,True,True,True,True,True,True
77,2006,2024,2006,19,2006_2024,-1.5772,-1.5524,0.2304,0.2896,0.2056,4428,10,2006-02-14,2024-12-08,0.0919,GIS 77 mean,GIS 77 mean,-1.7336,0.1625,0.1564,0.1564,True,True,True,True,True,True,True
77,2005,2024,2005,20,2005_2024,-1.5023,-1.4801,0.2126,0.2731,0.2041,4566,10,2005-02-11,2024-12-08,0.0866,GIS 77 mean,GIS 77 mean,-1.7336,0.1625,0.2313,0.2313,False,True,True,True,True,True,True
77,2004,2024,2004,21,2004_2024,-1.4253,-1.389,0.2259,0.2508,0.2077,4759,10,2004-01-01,2024-12-08,0.0796,GIS 77 mean,GIS 77 mean,-1.7336,0.1625,0.3083,0.3083,False,False,True,True,True,True,True
77,2003,2024,2003,22,2003_2024,-1.4751,-1.4457,0.1789,0.2324,0.2399,4939,10,2003-01-05,2024-12-08,0.0737,GIS 77 mean,GIS 77 mean,-1.7336,0.1625,0.2585,0.2585,False,False,True,True,True,True,True
77,2002,2024,2002,23,2002_2024,-1.4783,-1.435,0.1645,0.2107,0.2686,5179,10,2002-01-10,2024-12-08,0.0668,GIS 77 mean,GIS 77 mean,-1.7336,0.1625,0.2553,0.2553,False,False,True,True,True,True,True
77,2001,2024,2001,24,2001_2024,-1.4236,-1.4245,0.0772,0.1958,0.2756,5403,10,2001-01-07,2024-12-08,0.0621,GIS 77 mean,GIS 77 mean,-1.7336,0.1625,0.31,0.31,False,False,True,True,True,True,True
77,2000,2024,2000,25,2000_2024,-1.4362,-1.4362,0.0301,0.1768,0.3108,5713,10,2000-01-13,2024-12-08,0.0561,GIS 77 mean,GIS 77 mean,-1.7336,0.1625,0.2974,0.2974,False,False,True,True,True,True,True
77,1999,2024,1999,26,1999_2024,-1.4617,-1.455,0.0392,0.1679,0.3342,5893,10,1999-03-07,2024-12-08,0.0532,GIS 77 mean,GIS 77 mean,-1.7336,0.1625,0.2719,0.2719,False,False,True,True,True,True,True
77,1998,2024,1998,27,1998_2024,-1.5239,-1.5112,0.0601,0.1643,0.3587,5993,10,1998-03-04,2024-12-08,0.0521,GIS 77 mean,GIS 77 mean,-1.7336,0.1625,0.2097,0.2097,False,True,True,True,True,True,True
77,1997,2024,1997,28,1997_2024,-1.5583,-1.5447,0.0752,0.1615,0.374,6063,10,1997-01-12,2024-12-08,0.0512,GIS 77 mean,GIS 77 mean,-1.7336,0.1625,0.1753,0.1753,False,True,True,True,True,True,True
77,1996,2024,1996,29,1996_2024,-1.7336,-1.7142,0.0922,0.1625,0.4162,6187,10,1996-01-26,2024-12-08,0.0514,GIS 77 mean,GIS 77 mean,-1.7336,0.1625,0.0,0.0,True,True,True,True,True,True,True
78,2020,2024,2020,5,2020_2024,-3.5164,-3.9247,2.3101,1.6547,0.1232,1609,10,2020-01-28,2024-12-08,0.5243,GIS 78 mean,GIS 78 mean,-1.9358,0.1717,-1.5806,1.5806,False,False,False,False,False,False,True
78,2019,2024,2019,6,2019_2024,-3.493,-3.887,2.4547,1.1638,0.186,1909,10,2019-01-10,2024-12-08,0.3689,GIS 78 mean,GIS 78 mean,-1.9358,0.1717,-1.5572,1.5572,False,False,False,False,False,False,False
78,2018,2024,2018,7,2018_2024,-3.4801,-4.4495,2.5967,0.987,0.2296,2082,10,2018-01-07,2024-12-08,0.3126,GIS 78 mean,GIS 78 mean,-1.9358,0.1717,-1.5443,1.5443,False,False,False,False,False,False,False
78,2017,2024,2017,8,2017_2024,-4.7046,-5.5656,1.9643,0.7851,0.3686,2354,10,2017-01-19,2024-12-08,0.2488,GIS 78 mean,GIS 78 mean,-1.9358,0.1717,-2.7688,2.7688,False,False,False,False,False,False,False
78,2016,2024,2016,9,2016_2024,-4.7498,-5.43,1.9587,0.6583,0.4231,2600,10,2016-01-02,2024-12-08,0.2085,GIS 78 mean,GIS 78 mean,-1.9358,0.1717,-2.814,2.814,False,False,False,False,False,False,False
78,2015,2024,2015,10,2015_2024,-4.992,-5.6136,2.1169,0.566,0.4881,2821,10,2015-01-31,2024-12-08,0.1792,GIS 78 mean,GIS 78 mean,-1.9358,0.1717,-3.0562,3.0562,False,False,False,False,False,False,False
78,2014,2024,2014,11,2014_2024,-5.3424,-6.153,1.9434,0.5147,0.5503,2994,10,2014-01-03,2024-12-08,0.163,GIS 78 mean,GIS 78 mean,-1.9358,0.1717,-3.4066,3.4066,False,False,False,False,False,False,False
78,2013,2024,2013,12,2013_2024,-5.3433,-6.0158,1.4759,0.474,0.585,3194,10,2013-02-01,2024-12-08,0.1501,GIS 78 mean,GIS 78 mean,-1.9358,0.1717,-3.4075,3.4075,False,False,False,False,False,False,False
78,2012,2024,2012,13,2012_2024,-5.1586,-5.705,1.3399,0.4561,0.5835,3270,10,2012-01-14,2024-12-08,0.1444,GIS 78 mean,GIS 78 mean,-1.9358,0.1717,-3.2228,3.2228,False,False,False,False,False,False,False
78,2011,2024,2011,14,2011_2024,-4.0795,-4.3844,0.8323,0.4471,0.4741,3509,10,2011-01-03,2024-12-08,0.1423,GIS 78 mean,GIS 78 mean,-1.9358,0.1717,-2.1437,2.1437,False,False,False,False,False,False,False
78,2010,2024,2010,15,2010_2024,-3.5272,-3.7045,0.5742,0.4196,0.4262,3697,10,2010-02-01,2024-12-08,0.1339,GIS 78 mean,GIS 78 mean,-1.9358,0.1717,-1.5914,1.5914,False,False,False,False,False,False,False
78,2009,2024,2009,16,2009_2024,-3.3379,-3.4603,0.4682,0.3943,0.4245,3817,10,2009-02-06,2024-12-08,0.126,GIS 78 mean,GIS 78 mean,-1.9358,0.1717,-1.4021,1.4021,False,False,False,False,False,False,False
78,2008,2024,2008,17,2008_2024,-2.8512,-2.9555,0.3486,0.3635,0.3781,4028,10,2008-01-27,2024-12-08,0.1162,GIS 78 mean,GIS 78 mean,-1.9358,0.1717,-0.9154,0.9154,False,False,False,False,False,True,False
78,2007,2024,2007,18,2007_2024,-2.5175,-2.593,0.2917,0.3336,0.3489,4221,10,2007-01-09,2024-12-08,0.1064,GIS 78 mean,GIS 78 mean,-1.9358,0.1717,-0.5817,0.5817,False,False,False,False,False,True,False
78,2006,2024,2006,19,2006_2024,-2.2085,-2.2592,0.235,0.3115,0.309,4416,10,2006-02-14,2024-12-08,0.0992,GIS 78 mean,GIS 78 mean,-1.9358,0.1717,-0.2727,0.2727,False,False,True,True,True,True,True
78,2005,2024,2005,20,2005_2024,-2.1288,-2.1876,0.3086,0.291,0.3132,4568,10,2005-02-11,2024-12-08,0.0927,GIS 78 mean,GIS 78 mean,-1.9358,0.1717,-0.193,0.193,False,True,True,True,True,True,True
78,2004,2024,2004,21,2004_2024,-2.0905,-2.1536,0.3078,0.2668,0.3334,4765,10,2004-01-01,2024-12-08,0.0849,GIS 78 mean,GIS 78 mean,-1.9358,0.1717,-0.1547,0.1547,True,True,True,True,True,True,True
78,2003,2024,2003,22,2003_2024,-2.1127,-2.1601,0.2748,0.2479,0.3631,4942,10,2003-01-05,2024-12-08,0.0788,GIS 78 mean,GIS 78 mean,-1.9358,0.1717,-0.1769,0.1769,False,True,True,True,True,True,True
78,2002,2024,2002,23,2002_2024,-2.1258,-2.1755,0.2394,0.2251,0.401,5182,10,2002-01-10,2024-12-08,0.0715,GIS 78 mean,GIS 78 mean,-1.9358,0.1717,-0.19,0.19,False,True,True,True,True,True,True
78,2001,2024,2001,24,2001_2024,-1.9488,-2.0044,0.2308,0.2108,0.3813,5410,10,2001-01-07,2024-12-08,0.067,GIS 78 mean,GIS 78 mean,-1.9358,0.1717,-0.013,0.013,True,True,True,True,True,True,True
78,2000,2024,2000,25,2000_2024,-1.7856,-1.7852,0.2346,0.1934,0.368,5720,10,2000-01-13,2024-12-08,0.0614,GIS 78 mean,GIS 78 mean,-1.9358,0.1717,0.1502,0.1502,True,True,True,True,True,True,True
78,1999,2024,1999,26,1999_2024,-1.7341,-1.7444,0.2148,0.185,0.3668,5900,10,1999-03-07,2024-12-08,0.0587,GIS 78 mean,GIS 78 mean,-1.9358,0.1717,0.2017,0.2017,False,True,True,True,True,True,True
78,1998,2024,1998,27,1998_2024,-1.7697,-1.7876,0.2224,0.1794,0.3861,6000,10,1998-03-04,2024-12-08,0.057,GIS 78 mean,GIS 78 mean,-1.9358,0.1717,0.1661,0.1661,True,True,True,True,True,True,True
78,1997,2024,1997,28,1997_2024,-1.8128,-1.8164,0.2187,0.1762,0.4032,6070,10,1997-01-12,2024-12-08,0.0559,GIS 78 mean,GIS 78 mean,-1.9358,0.1717,0.123,0.123,True,True,True,True,True,True,True
78,1996,2024,1996,29,1996_2024,-1.9358,-1.949,0.214,0.1717,0.4424,6200,10,1996-01-26,2024-12-08,0.0545,GIS 78 mean,GIS 78 mean,-1.9358,0.1717,0.0,0.0,True,True,True,True,True,True,True
79,2020,2024,2020,5,2020_2024,3.0249,3.0674,1.5002,1.458,0.1046,1658,10,2020-01-28,2024-12-08,0.4621,GIS 79 mean,GIS 79 mean,-1.6201,0.1433,4.645,4.645,False,False,False,False,False,False,False
79,2019,2024,2019,6,2019_2024,1.987,2.0396,0.4714,1.1119,0.065,1912,10,2019-01-10,2024-12-08,0.3521,GIS 79 mean,GIS 79 mean,-1.6201,0.1433,3.6071,3.6071,False,False,False,False,False,False,False
79,2018,2024,2018,7,2018_2024,1.9178,1.9746,0.4694,0.9322,0.0777,2085,10,2018-01-07,2024-12-08,0.2953,GIS 79 mean,GIS 79 mean,-1.6201,0.1433,3.5379,3.5379,False,False,False,False,False,False,False
79,2017,2024,2017,8,2017_2024,0.3122,0.2101,0.4621,0.741,0.0091,2366,10,2017-01-19,2024-12-08,0.2346,GIS 79 mean,GIS 79 mean,-1.6201,0.1433,1.9323,1.9323,False,False,False,False,False,False,False
79,2016,2024,2016,9,2016_2024,-0.3028,-0.482,0.4252,0.6229,0.0096,2614,10,2016-01-02,2024-12-08,0.1972,GIS 79 mean,GIS 79 mean,-1.6201,0.1433,1.3173,1.3173,False,False,False,False,False,False,False
79,2015,2024,2015,10,2015_2024,-0.3103,-0.2194,0.5725,0.5508,0.018,2782,10,2015-01-31,2024-12-08,0.1744,GIS 79 mean,GIS 79 mean,-1.6201,0.1433,1.3098,1.3098,False,False,False,False,False,False,False
79,2014,2024,2014,11,2014_2024,-0.242,-0.3015,0.3994,0.4936,0.0097,2976,10,2014-01-03,2024-12-08,0.1563,GIS 79 mean,GIS 79 mean,-1.6201,0.1433,1.3781,1.3781,False,False,False,False,False,False,False
79,2013,2024,2013,12,2013_2024,-0.1422,0.1706,0.633,0.444,0.019,3177,10,2013-02-01,2024-12-08,0.1407,GIS 79 mean,GIS 79 mean,-1.6201,0.1433,1.4779,1.4779,False,False,False,False,False,False,False
79,2012,2024,2012,13,2012_2024,-0.4185,-0.1504,0.6767,0.4284,0.0304,3266,10,2012-01-14,2024-12-08,0.1356,GIS 79 mean,GIS 79 mean,-1.6201,0.1433,1.2016,1.2016,False,False,False,False,False,False,False
79,2011,2024,2011,14,2011_2024,-0.5875,-0.4787,0.5537,0.3773,0.0422,3467,10,2011-01-03,2024-12-08,0.1194,GIS 79 mean,GIS 79 mean,-1.6201,0.1433,1.0326,1.0326,False,False,False,False,False,False,False
79,2010,2024,2010,15,2010_2024,-0.8596,-0.8683,0.6244,0.3332,0.085,3699,10,2010-02-01,2024-12-08,0.1054,GIS 79 mean,GIS 79 mean,-1.6201,0.1433,0.7605,0.7605,False,False,False,False,False,True,False
79,2009,2024,2009,16,2009_2024,-0.9517,-0.955,0.6456,0.3162,0.1046,3794,10,2009-02-06,2024-12-08,0.1,GIS 79 mean,GIS 79 mean,-1.6201,0.1433,0.6684,0.6684,False,False,False,False,False,True,False
79,2008,2024,2008,17,2008_2024,-1.1964,-1.349,0.5293,0.2799,0.1618,4061,10,2008-01-27,2024-12-08,0.0885,GIS 79 mean,GIS 79 mean,-1.6201,0.1433,0.4237,0.4237,False,False,False,True,True,True,False
79,2007,2024,2007,18,2007_2024,-1.4406,-1.5958,0.3067,0.2654,0.2184,4243,10,2007-01-09,2024-12-08,0.084,GIS 79 mean,GIS 79 mean,-1.6201,0.1433,0.1795,0.1795,False,True,True,True,True,True,True
79,2006,2024,2006,19,2006_2024,-1.5764,-1.6109,0.1099,0.2498,0.2628,4422,10,2006-02-06,2024-12-08,0.0792,GIS 79 mean,GIS 79 mean,-1.6201,0.1433,0.0437,0.0437,True,True,True,True,True,True,True
79,2005,2024,2005,20,2005_2024,-1.4086,-1.4048,0.059,0.2407,0.2272,4555,10,2005-02-11,2024-12-08,0.0763,GIS 79 mean,GIS 79 mean,-1.6201,0.1433,0.2115,0.2115,False,True,True,True,True,True,True
79,2004,2024,2004,21,2004_2024,-1.4296,-1.4251,0.0882,0.2202,0.257,4754,10,2004-01-01,2024-12-08,0.0698,GIS 79 mean,GIS 79 mean,-1.6201,0.1433,0.1905,0.1905,False,True,True,True,True,True,True
79,2003,2024,2003,22,2003_2024,-1.5009,-1.4999,0.0836,0.207,0.2936,4924,10,2003-01-05,2024-12-08,0.0656,GIS 79 mean,GIS 79 mean,-1.6201,0.1433,0.1192,0.1192,True,True,True,True,True,True,True
79,2002,2024,2002,23,2002_2024,-1.5918,-1.5857,0.1141,0.1882,0.3488,5173,10,2002-01-10,2024-12-08,0.0596,GIS 79 mean,GIS 79 mean,-1.6201,0.1433,0.0283,0.0283,True,True,True,True,True,True,True
79,2001,2024,2001,24,2001_2024,-1.5287,-1.4748,0.1662,0.1753,0.3523,5388,10,2001-01-07,2024-12-08,0.0555,GIS 79 mean,GIS 79 mean,-1.6201,0.1433,0.0914,0.0914,True,True,True,True,True,True,True
79,2000,2024,2000,25,2000_2024,-1.4323,-1.354,0.1765,0.1599,0.3513,5696,10,2000-01-13,2024-12-08,0.0507,GIS 79 mean,GIS 79 mean,-1.6201,0.1433,0.1878,0.1878,False,True,True,True,True,True,True
79,1999,2024,1999,26,1999_2024,-1.4723,-1.4308,0.219,0.1538,0.3747,5868,10,1999-03-07,2024-12-08,0.0487,GIS 79 mean,GIS 79 mean,-1.6201,0.1433,0.1478,0.1478,False,True,True,True,True,True,True
79,1998,2024,1998,27,1998_2024,-1.5042,-1.4559,0.2298,0.1494,0.3938,5968,10,1998-03-04,2024-12-08,0.0473,GIS 79 mean,GIS 79 mean,-1.6201,0.1433,0.1159,0.1159,True,True,True,True,True,True,True
79,1997,2024,1997,28,1997_2024,-1.5462,-1.4894,0.2137,0.1474,0.4116,6031,10,1997-01-12,2024-12-08,0.0467,GIS 79 mean,GIS 79 mean,-1.6201,0.1433,0.0739,0.0739,True,True,True,True,True,True,True
79,1996,2024,1996,29,1996_2024,-1.6201,-1.581,0.1824,0.1433,0.4442,6147,10,1996-01-26,2024-12-08,0.0454,GIS 79 mean,GIS 79 mean,-1.6201,0.1433,0.0,0.0,True,True,True,True,True,True,True
80,2020,2024,2020,5,2020_2024,-5.7729,-7.3954,3.4912,1.4477,0.3036,1610,10,2020-01-28,2024-12-08,0.4582,GIS 80 mean,GIS 80 mean,-2.5161,0.1718,-3.2568,3.2568,False,False,False,False,False,False,False
80,2019,2024,2019,6,2019_2024,-2.941,-3.8048,2.9145,1.112,0.1937,1895,10,2019-01-10,2024-12-08,0.352,GIS 80 mean,GIS 80 mean,-2.5161,0.1718,-0.4249,0.4249,False,False,True,True,True,True,True
80,2018,2024,2018,7,2018_2024,-1.8933,-2.6258,2.4102,0.9651,0.1395,2072,10,2018-02-15,2024-12-08,0.3053,GIS 80 mean,GIS 80 mean,-2.5161,0.1718,0.6228,0.6228,False,False,False,False,False,True,True
80,2017,2024,2017,8,2017_2024,-1.5567,-2.0867,0.9477,0.7773,0.08,2344,10,2017-01-19,2024-12-08,0.2459,GIS 80 mean,GIS 80 mean,-2.5161,0.1718,0.9594,0.9594,False,False,False,False,False,True,False
80,2016,2024,2016,9,2016_2024,-1.4418,-1.336,0.3057,0.6653,0.0691,2594,10,2016-01-02,2024-12-08,0.2105,GIS 80 mean,GIS 80 mean,-2.5161,0.1718,1.0743,1.0743,False,False,False,False,False,False,False
80,2015,2024,2015,10,2015_2024,-1.5852,-1.4626,0.4441,0.5578,0.1057,2840,10,2015-01-31,2024-12-08,0.1765,GIS 80 mean,GIS 80 mean,-2.5161,0.1718,0.9309,0.9309,False,False,False,False,False,True,False
80,2014,2024,2014,11,2014_2024,-1.2603,-1.412,0.4216,0.505,0.0804,3026,10,2014-01-03,2024-12-08,0.1598,GIS 80 mean,GIS 80 mean,-2.5161,0.1718,1.2558,1.2558,False,False,False,False,False,False,False
80,2013,2024,2013,12,2013_2024,-0.8216,-0.9607,0.4583,0.4474,0.0492,3241,10,2013-02-01,2024-12-08,0.1416,GIS 80 mean,GIS 80 mean,-2.5161,0.1718,1.6945,1.6945,False,False,False,False,False,False,False
80,2012,2024,2012,13,2012_2024,-0.7426,-0.8452,0.3743,0.4273,0.0415,3324,10,2012-01-14,2024-12-08,0.1352,GIS 80 mean,GIS 80 mean,-2.5161,0.1718,1.7735,1.7735,False,False,False,False,False,False,False
80,2011,2024,2011,14,2011_2024,-0.3675,-0.3096,0.2303,0.3859,0.0133,3557,10,2011-01-03,2024-12-08,0.122,GIS 80 mean,GIS 80 mean,-2.5161,0.1718,2.1486,2.1486,False,False,False,False,False,False,False
80,2010,2024,2010,15,2010_2024,-0.1405,-0.0988,0.1797,0.3546,0.004,3734,10,2010-02-01,2024-12-08,0.1121,GIS 80 mean,GIS 80 mean,-2.5161,0.1718,2.3756,2.3756,False,False,False,False,False,False,False
80,2009,2024,2009,16,2009_2024,-0.1406,-0.1248,0.1409,0.3336,0.0034,3851,10,2009-02-06,2024-12-08,0.1055,GIS 80 mean,GIS 80 mean,-2.5161,0.1718,2.3755,2.3755,False,False,False,False,False,False,False
80,2008,2024,2008,17,2008_2024,-0.1977,-0.1889,0.1224,0.2996,0.0056,4046,10,2008-01-27,2024-12-08,0.0948,GIS 80 mean,GIS 80 mean,-2.5161,0.1718,2.3184,2.3184,False,False,False,False,False,False,False
80,2007,2024,2007,18,2007_2024,-0.6399,-0.6268,0.1882,0.2868,0.0458,4237,10,2007-01-09,2024-12-08,0.0907,GIS 80 mean,GIS 80 mean,-2.5161,0.1718,1.8762,1.8762,False,False,False,False,False,False,False
80,2006,2024,2006,19,2006_2024,-0.991,-0.9514,0.2617,0.2684,0.1079,4446,10,2006-02-06,2024-12-08,0.0849,GIS 80 mean,GIS 80 mean,-2.5161,0.1718,1.5251,1.5251,False,False,False,False,False,False,False
80,2005,2024,2005,20,2005_2024,-1.1401,-1.0827,0.3209,0.2567,0.1436,4590,10,2005-02-11,2024-12-08,0.0813,GIS 80 mean,GIS 80 mean,-2.5161,0.1718,1.376,1.376,False,False,False,False,False,False,False
80,2004,2024,2004,21,2004_2024,-1.4259,-1.4242,0.3185,0.2432,0.2169,4788,10,2004-01-01,2024-12-08,0.0769,GIS 80 mean,GIS 80 mean,-2.5161,0.1718,1.0902,1.0902,False,False,False,False,False,False,False
80,2003,2024,2003,22,2003_2024,-1.6443,-1.6768,0.222,0.2343,0.2778,4961,10,2003-01-05,2024-12-08,0.0741,GIS 80 mean,GIS 80 mean,-2.5161,0.1718,0.8718,0.8718,False,False,False,False,False,True,False
80,2002,2024,2002,23,2002_2024,-1.995,-1.9934,0.0999,0.2208,0.3772,5233,10,2002-01-10,2024-12-08,0.0699,GIS 80 mean,GIS 80 mean,-2.5161,0.1718,0.5211,0.5211,False,False,False,False,False,True,False
80,2001,2024,2001,24,2001_2024,-2.1683,-2.1626,0.1147,0.21,0.4317,5440,10,2001-01-07,2024-12-08,0.0665,GIS 80 mean,GIS 80 mean,-2.5161,0.1718,0.3478,0.3478,False,False,True,True,True,True,True
80,2000,2024,2000,25,2000_2024,-2.339,-2.4161,0.2562,0.194,0.493,5750,10,2000-01-13,2024-12-08,0.0615,GIS 80 mean,GIS 80 mean,-2.5161,0.1718,0.1771,0.1771,False,True,True,True,True,True,True
80,1999,2024,1999,26,1999_2024,-2.3831,-2.4594,0.2869,0.1854,0.5177,5910,10,1999-03-07,2024-12-08,0.0588,GIS 80 mean,GIS 80 mean,-2.5161,0.1718,0.133,0.133,True,True,True,True,True,True,True
80,1998,2024,1998,27,1998_2024,-2.4374,-2.5153,0.3219,0.1804,0.5376,6010,10,1998-03-04,2024-12-08,0.0572,GIS 80 mean,GIS 80 mean,-2.5161,0.1718,0.0787,0.0787,True,True,True,True,True,True,True
80,1997,2024,1997,28,1997_2024,-2.4687,-2.5451,0.3283,0.1778,0.5491,6060,10,1997-01-12,2024-12-08,0.0564,GIS 80 mean,GIS 80 mean,-2.5161,0.1718,0.0474,0.0474,True,True,True,True,True,True,True
80,1996,2024,1996,29,1996_2024,-2.5161,-2.6044,0.3435,0.1718,0.5708,6165,10,1996-01-26,2024-12-08,0.0545,GIS 80 mean,GIS 80 mean,-2.5161,0.1718,0.0,0.0,True,True,True,True,True,True,True
81,2020,2024,2020,5,2020_2024,-5.1021,-4.6326,1.1945,1.4442,0.2303,1652,10,2020-02-13,2024-12-08,0.4591,GIS 81 mean,GIS 81 mean,-1.8827,0.1561,-3.2194,3.2194,False,False,False,False,False,False,False
81,2019,2024,2019,6,2019_2024,-3.6502,-3.3539,1.2193,1.0945,0.1875,1905,10,2019-01-10,2024-12-08,0.3469,GIS 81 mean,GIS 81 mean,-1.8827,0.1561,-1.7675,1.7675,False,False,False,False,False,False,False
81,2018,2024,2018,7,2018_2024,-2.7217,-2.5825,0.7205,0.9375,0.1368,2080,10,2018-01-14,2024-12-08,0.2978,GIS 81 mean,GIS 81 mean,-1.8827,0.1561,-0.839,0.839,False,False,False,False,False,True,True
81,2017,2024,2017,8,2017_2024,-2.1648,-2.1313,0.5423,0.7245,0.1391,2374,10,2017-01-19,2024-12-08,0.23,GIS 81 mean,GIS 81 mean,-1.8827,0.1561,-0.2821,0.2821,False,False,True,True,True,True,True
81,2016,2024,2016,9,2016_2024,-1.3843,-1.2448,0.7284,0.6229,0.0894,2620,10,2016-01-02,2024-12-08,0.1978,GIS 81 mean,GIS 81 mean,-1.8827,0.1561,0.4984,0.4984,False,False,False,False,True,True,True
81,2015,2024,2015,10,2015_2024,-1.2087,-1.0079,0.7165,0.5547,0.0857,2774,10,2015-01-31,2024-12-08,0.1761,GIS 81 mean,GIS 81 mean,-1.8827,0.1561,0.674,0.674,False,False,False,False,False,True,True
81,2014,2024,2014,11,2014_2024,-1.1592,-0.995,0.4218,0.4825,0.0818,2975,10,2014-01-03,2024-12-08,0.1531,GIS 81 mean,GIS 81 mean,-1.8827,0.1561,0.7235,0.7235,False,False,False,False,False,True,False
81,2013,2024,2013,12,2013_2024,-0.8918,-0.8324,0.3895,0.4257,0.0627,3181,10,2013-02-01,2024-12-08,0.135,GIS 81 mean,GIS 81 mean,-1.8827,0.1561,0.9909,0.9909,False,False,False,False,False,True,False
81,2012,2024,2012,13,2012_2024,-0.8162,-0.7854,0.3828,0.3997,0.0591,3271,10,2012-01-14,2024-12-08,0.1268,GIS 81 mean,GIS 81 mean,-1.8827,0.1561,1.0665,1.0665,False,False,False,False,False,False,False
81,2011,2024,2011,14,2011_2024,-0.2995,-0.1414,0.4643,0.3662,0.0254,3469,10,2011-01-03,2024-12-08,0.1161,GIS 81 mean,GIS 81 mean,-1.8827,0.1561,1.5832,1.5832,False,False,False,False,False,False,False
81,2010,2024,2010,15,2010_2024,-0.1598,0.012,0.6414,0.3254,0.0405,3687,10,2010-02-01,2024-12-08,0.1032,GIS 81 mean,GIS 81 mean,-1.8827,0.1561,1.7229,1.7229,False,False,False,False,False,False,False
81,2009,2024,2009,16,2009_2024,-0.3027,-0.1706,0.619,0.3118,0.0473,3782,10,2009-02-06,2024-12-08,0.0988,GIS 81 mean,GIS 81 mean,-1.8827,0.1561,1.58,1.58,False,False,False,False,False,False,False
81,2008,2024,2008,17,2008_2024,-0.6215,-0.6286,0.5193,0.2741,0.0789,4054,10,2008-01-27,2024-12-08,0.0869,GIS 81 mean,GIS 81 mean,-1.8827,0.1561,1.2612,1.2612,False,False,False,False,False,False,False
81,2007,2024,2007,18,2007_2024,-0.6818,-0.6721,0.3983,0.2519,0.0867,4229,10,2007-01-09,2024-12-08,0.0799,GIS 81 mean,GIS 81 mean,-1.8827,0.1561,1.2009,1.2009,False,False,False,False,False,False,False
81,2006,2024,2006,19,2006_2024,-0.7506,-0.7356,0.2976,0.2323,0.1006,4409,10,2006-02-06,2024-12-08,0.0737,GIS 81 mean,GIS 81 mean,-1.8827,0.1561,1.1321,1.1321,False,False,False,False,False,False,False
81,2005,2024,2005,20,2005_2024,-0.7083,-0.6438,0.2398,0.218,0.0951,4564,10,2005-02-11,2024-12-08,0.0692,GIS 81 mean,GIS 81 mean,-1.8827,0.1561,1.1744,1.1744,False,False,False,False,False,False,False
81,2004,2024,2004,21,2004_2024,-0.724,-0.7035,0.1107,0.2025,0.099,4766,10,2004-01-01,2024-12-08,0.0642,GIS 81 mean,GIS 81 mean,-1.8827,0.1561,1.1587,1.1587,False,False,False,False,False,False,False
81,2003,2024,2003,22,2003_2024,-0.7935,-0.7784,0.0861,0.1938,0.1171,4936,10,2003-01-05,2024-12-08,0.0616,GIS 81 mean,GIS 81 mean,-1.8827,0.1561,1.0892,1.0892,False,False,False,False,False,False,False
81,2002,2024,2002,23,2002_2024,-1.1168,-1.0217,0.2246,0.1859,0.2094,5215,10,2002-01-10,2024-12-08,0.0593,GIS 81 mean,GIS 81 mean,-1.8827,0.1561,0.7659,0.7659,False,False,False,False,False,True,False
81,2001,2024,2001,24,2001_2024,-1.3179,-1.2245,0.315,0.1779,0.2764,5443,10,2001-01-07,2024-12-08,0.0569,GIS 81 mean,GIS 81 mean,-1.8827,0.1561,0.5648,0.5648,False,False,False,False,False,True,False
81,2000,2024,2000,25,2000_2024,-1.5658,-1.4157,0.3844,0.1693,0.3598,5746,10,2000-01-13,2024-12-08,0.0542,GIS 81 mean,GIS 81 mean,-1.8827,0.1561,0.3169,0.3169,False,False,True,True,True,True,True
81,1999,2024,1999,26,1999_2024,-1.6761,-1.5354,0.4185,0.1648,0.3976,5900,10,1999-03-07,2024-12-08,0.0528,GIS 81 mean,GIS 81 mean,-1.8827,0.1561,0.2066,0.2066,False,True,True,True,True,True,True
81,1998,2024,1998,27,1998_2024,-1.7428,-1.6126,0.4454,0.1612,0.4224,6000,10,1998-03-04,2024-12-08,0.0516,GIS 81 mean,GIS 81 mean,-1.8827,0.1561,0.1399,0.1399,True,True,True,True,True,True,True
81,1997,2024,1997,28,1997_2024,-1.7916,-1.6744,0.4449,0.1598,0.4386,6054,10,1997-01-12,2024-12-08,0.0511,GIS 81 mean,GIS 81 mean,-1.8827,0.1561,0.0911,0.0911,True,True,True,True,True,True,True
81,1996,2024,1996,29,1996_2024,-1.8827,-1.7888,0.4461,0.1561,0.4708,6164,10,1996-01-26,2024-12-08,0.0499,GIS 81 mean,GIS 81 mean,-1.8827,0.1561,0.0,0.0,True,True,True,True,True,True,True
82,2020,2024,2020,5,2020_2024,-6.5835,-7.0518,1.1463,1.3766,0.3564,1624,10,2020-02-13,2024-12-08,0.4375,GIS 82 mean,GIS 82 mean,-1.4892,0.1293,-5.0943,5.0943,False,False,False,False,False,False,False
82,2019,2024,2019,6,2019_2024,-3.6439,-3.8408,0.7426,1.0567,0.1967,1926,10,2019-01-10,2024-12-08,0.3353,GIS 82 mean,GIS 82 mean,-1.4892,0.1293,-2.1547,2.1547,False,False,False,False,False,False,False
82,2018,2024,2018,7,2018_2024,-2.9302,-2.9732,0.5152,0.8933,0.1686,2113,10,2018-01-14,2024-12-08,0.2835,GIS 82 mean,GIS 82 mean,-1.4892,0.1293,-1.441,1.441,False,False,False,False,False,False,False
82,2017,2024,2017,8,2017_2024,-3.1465,-3.0357,0.436,0.6868,0.257,2390,10,2017-01-19,2024-12-08,0.2177,GIS 82 mean,GIS 82 mean,-1.4892,0.1293,-1.6573,1.6573,False,False,False,False,False,False,False
82,2016,2024,2016,9,2016_2024,-2.7444,-2.6944,0.3661,0.5812,0.2487,2647,10,2016-01-02,2024-12-08,0.1842,GIS 82 mean,GIS 82 mean,-1.4892,0.1293,-1.2552,1.2552,False,False,False,False,False,False,False
82,2015,2024,2015,10,2015_2024,-2.8339,-2.707,0.3909,0.4898,0.3114,2887,10,2015-01-31,2024-12-08,0.1551,GIS 82 mean,GIS 82 mean,-1.4892,0.1293,-1.3447,1.3447,False,False,False,False,False,False,False
82,2014,2024,2014,11,2014_2024,-2.4273,-2.4502,0.2646,0.4502,0.2688,3081,10,2014-01-03,2024-12-08,0.1425,GIS 82 mean,GIS 82 mean,-1.4892,0.1293,-0.9381,0.9381,False,False,False,False,False,True,False
82,2013,2024,2013,12,2013_2024,-2.162,-2.2073,0.2439,0.3992,0.2572,3301,10,2013-02-01,2024-12-08,0.1264,GIS 82 mean,GIS 82 mean,-1.4892,0.1293,-0.6728,0.6728,False,False,False,False,False,True,False
82,2012,2024,2012,13,2012_2024,-2.0859,-2.1575,0.2486,0.3792,0.2581,3382,10,2012-01-14,2024-12-08,0.1201,GIS 82 mean,GIS 82 mean,-1.4892,0.1293,-0.5967,0.5967,False,False,False,False,False,True,False
82,2011,2024,2011,14,2011_2024,-1.7844,-1.8244,0.3131,0.3369,0.2328,3616,10,2011-01-03,2024-12-08,0.1067,GIS 82 mean,GIS 82 mean,-1.4892,0.1293,-0.2952,0.2952,False,False,True,True,True,True,True
82,2010,2024,2010,15,2010_2024,-1.7226,-1.7638,0.3012,0.3059,0.2462,3793,10,2010-02-01,2024-12-08,0.0968,GIS 82 mean,GIS 82 mean,-1.4892,0.1293,-0.2334,0.2334,False,True,True,True,True,True,True
82,2009,2024,2009,16,2009_2024,-1.805,-1.8739,0.2942,0.2912,0.2767,3909,10,2009-02-06,2024-12-08,0.0922,GIS 82 mean,GIS 82 mean,-1.4892,0.1293,-0.3158,0.3158,False,False,False,True,True,True,True
82,2008,2024,2008,17,2008_2024,-1.9402,-2.0365,0.2851,0.2626,0.3394,4109,10,2008-01-27,2024-12-08,0.0831,GIS 82 mean,GIS 82 mean,-1.4892,0.1293,-0.451,0.451,False,False,False,False,True,True,False
82,2007,2024,2007,18,2007_2024,-2.0139,-2.1444,0.3814,0.2366,0.3905,4319,10,2007-01-09,2024-12-08,0.0749,GIS 82 mean,GIS 82 mean,-1.4892,0.1293,-0.5247,0.5247,False,False,False,False,False,True,False
82,2006,2024,2006,19,2006_2024,-1.9592,-2.0799,0.4422,0.2169,0.4053,4527,10,2006-02-06,2024-12-08,0.0686,GIS 82 mean,GIS 82 mean,-1.4892,0.1293,-0.47,0.47,False,False,False,False,True,True,False
82,2005,2024,2005,20,2005_2024,-1.845,-1.996,0.385,0.2071,0.3924,4668,10,2005-02-11,2024-12-08,0.0655,GIS 82 mean,GIS 82 mean,-1.4892,0.1293,-0.3558,0.3558,False,False,False,True,True,True,False
82,2004,2024,2004,21,2004_2024,-1.6555,-1.7516,0.408,0.1952,0.359,4869,10,2004-01-01,2024-12-08,0.0618,GIS 82 mean,GIS 82 mean,-1.4892,0.1293,-0.1663,0.1663,False,True,True,True,True,True,True
82,2003,2024,2003,22,2003_2024,-1.6452,-1.7128,0.4487,0.1828,0.3757,5046,10,2003-01-05,2024-12-08,0.0578,GIS 82 mean,GIS 82 mean,-1.4892,0.1293,-0.156,0.156,False,True,True,True,True,True,True
82,2002,2024,2002,23,2002_2024,-1.6948,-1.7916,0.4411,0.1647,0.4249,5326,10,2002-01-10,2024-12-08,0.0521,GIS 82 mean,GIS 82 mean,-1.4892,0.1293,-0.2056,0.2056,False,True,True,True,True,True,True
82,2001,2024,2001,24,2001_2024,-1.6942,-1.7896,0.424,0.1522,0.4523,5556,10,2001-01-07,2024-12-08,0.0481,GIS 82 mean,GIS 82 mean,-1.4892,0.1293,-0.205,0.205,False,True,True,True,True,True,True
82,2000,2024,2000,25,2000_2024,-1.6586,-1.7518,0.3218,0.14,0.4737,5860,10,2000-01-13,2024-12-08,0.0443,GIS 82 mean,GIS 82 mean,-1.4892,0.1293,-0.1694,0.1694,False,True,True,True,True,True,True
82,1999,2024,1999,26,1999_2024,-1.5403,-1.5838,0.2628,0.1395,0.4345,6011,10,1999-03-07,2024-12-08,0.0442,GIS 82 mean,GIS 82 mean,-1.4892,0.1293,-0.0511,0.0511,True,True,True,True,True,True,True
82,1998,2024,1998,27,1998_2024,-1.5034,-1.5255,0.2345,0.1363,0.431,6111,10,1998-03-04,2024-12-08,0.0431,GIS 82 mean,GIS 82 mean,-1.4892,0.1293,-0.0142,0.0142,True,True,True,True,True,True,True
82,1997,2024,1997,28,1997_2024,-1.5084,-1.5188,0.2108,0.1339,0.4395,6171,10,1997-01-12,2024-12-08,0.0424,GIS 82 mean,GIS 82 mean,-1.4892,0.1293,-0.0192,0.0192,True,True,True,True,True,True,True
82,1996,2024,1996,29,1996_2024,-1.4892,-1.4855,0.164,0.1293,0.447,6291,10,1996-01-26,2024-12-08,0.0409,GIS 82 mean,GIS 82 mean,-1.4892,0.1293,0.0,0.0,True,True,True,True,True,True,True
83,2020,2024,2020,5,2020_2024,-3.3018,-2.7928,1.2041,1.3171,0.1373,1647,10,2020-02-29,2024-12-08,0.4168,GIS 83 mean,GIS 83 mean,-2.1259,0.1292,-1.1759,1.1759,False,False,False,False,False,False,True
83,2019,2024,2019,6,2019_2024,-2.1112,-1.7991,0.8244,0.9814,0.095,1906,10,2019-01-10,2024-12-08,0.3107,GIS 83 mean,GIS 83 mean,-2.1259,0.1292,0.0147,0.0147,True,True,True,True,True,True,True
83,2018,2024,2018,7,2018_2024,-1.986,-1.9726,0.5193,0.8121,0.1045,2090,10,2018-01-07,2024-12-08,0.257,GIS 83 mean,GIS 83 mean,-2.1259,0.1292,0.1399,0.1399,False,True,True,True,True,True,True
83,2017,2024,2017,8,2017_2024,-2.5781,-2.6548,0.3649,0.6196,0.2229,2382,10,2017-01-19,2024-12-08,0.1961,GIS 83 mean,GIS 83 mean,-2.1259,0.1292,-0.4522,0.4522,False,False,False,False,True,True,True
83,2016,2024,2016,9,2016_2024,-2.3928,-2.4245,0.2997,0.5235,0.2368,2638,10,2016-01-02,2024-12-08,0.1656,GIS 83 mean,GIS 83 mean,-2.1259,0.1292,-0.2669,0.2669,False,False,True,True,True,True,True
83,2015,2024,2015,10,2015_2024,-2.5597,-2.556,0.1833,0.4656,0.2964,2802,10,2015-01-31,2024-12-08,0.1473,GIS 83 mean,GIS 83 mean,-2.1259,0.1292,-0.4338,0.4338,False,False,False,False,True,True,True
83,2014,2024,2014,11,2014_2024,-2.5094,-2.4774,0.178,0.4638,0.2773,2998,10,2014-01-12,2024-12-08,0.147,GIS 83 mean,GIS 83 mean,-2.1259,0.1292,-0.3835,0.3835,False,False,True,True,True,True,True
83,2013,2024,2013,12,2013_2024,-1.8524,-1.8526,0.2595,0.4283,0.1893,3202,10,2013-02-01,2024-12-08,0.1358,GIS 83 mean,GIS 83 mean,-2.1259,0.1292,0.2735,0.2735,False,False,True,True,True,True,True
83,2012,2024,2012,13,2012_2024,-1.7478,-1.7726,0.2849,0.4037,0.1869,3293,10,2012-01-14,2024-12-08,0.128,GIS 83 mean,GIS 83 mean,-2.1259,0.1292,0.3781,0.3781,False,False,True,True,True,True,True
83,2011,2024,2011,14,2011_2024,-1.361,-1.3681,0.2434,0.362,0.142,3498,10,2011-01-03,2024-12-08,0.1149,GIS 83 mean,GIS 83 mean,-2.1259,0.1292,0.7649,0.7649,False,False,False,False,False,True,False
83,2010,2024,2010,15,2010_2024,-1.2566,-1.291,0.2588,0.3192,0.1458,3718,10,2010-02-01,2024-12-08,0.1012,GIS 83 mean,GIS 83 mean,-2.1259,0.1292,0.8693,0.8693,False,False,False,False,False,True,False
83,2009,2024,2009,16,2009_2024,-1.3036,-1.3618,0.2553,0.3039,0.1641,3815,10,2009-02-06,2024-12-08,0.0964,GIS 83 mean,GIS 83 mean,-2.1259,0.1292,0.8223,0.8223,False,False,False,False,False,True,False
83,2008,2024,2008,17,2008_2024,-1.4812,-1.5988,0.3205,0.2647,0.2337,4093,10,2008-01-27,2024-12-08,0.0838,GIS 83 mean,GIS 83 mean,-2.1259,0.1292,0.6447,0.6447,False,False,False,False,False,True,False
83,2007,2024,2007,18,2007_2024,-1.7958,-1.9222,0.337,0.2502,0.3191,4284,10,2007-01-09,2024-12-08,0.0792,GIS 83 mean,GIS 83 mean,-2.1259,0.1292,0.3301,0.3301,False,False,True,True,True,True,True
83,2006,2024,2006,19,2006_2024,-2.0076,-2.1493,0.3359,0.2338,0.3888,4473,10,2006-02-06,2024-12-08,0.074,GIS 83 mean,GIS 83 mean,-2.1259,0.1292,0.1183,0.1183,True,True,True,True,True,True,True
83,2005,2024,2005,20,2005_2024,-1.9928,-2.0948,0.2513,0.2204,0.4066,4621,10,2005-02-11,2024-12-08,0.0698,GIS 83 mean,GIS 83 mean,-2.1259,0.1292,0.1331,0.1331,False,True,True,True,True,True,True
83,2004,2024,2004,21,2004_2024,-2.079,-2.1604,0.2289,0.2034,0.4553,4830,10,2004-01-01,2024-12-08,0.0644,GIS 83 mean,GIS 83 mean,-2.1259,0.1292,0.0469,0.0469,True,True,True,True,True,True,True
83,2003,2024,2003,22,2003_2024,-2.1805,-2.212,0.2281,0.1915,0.499,5011,10,2003-01-05,2024-12-08,0.0606,GIS 83 mean,GIS 83 mean,-2.1259,0.1292,-0.0546,0.0546,True,True,True,True,True,True,True
83,2002,2024,2002,23,2002_2024,-2.2401,-2.252,0.1975,0.1723,0.5514,5291,10,2002-01-10,2024-12-08,0.0545,GIS 83 mean,GIS 83 mean,-2.1259,0.1292,-0.1142,0.1142,True,True,True,True,True,True,True
83,2001,2024,2001,24,2001_2024,-2.2002,-2.227,0.1869,0.1599,0.5688,5516,10,2001-01-07,2024-12-08,0.0506,GIS 83 mean,GIS 83 mean,-2.1259,0.1292,-0.0743,0.0743,True,True,True,True,True,True,True
83,2000,2024,2000,25,2000_2024,-2.1503,-2.1717,0.1415,0.1458,0.5897,5826,10,2000-01-13,2024-12-08,0.0462,GIS 83 mean,GIS 83 mean,-2.1259,0.1292,-0.0244,0.0244,True,True,True,True,True,True,True
83,1999,2024,1999,26,1999_2024,-2.1312,-2.1228,0.093,0.1405,0.5975,5986,10,1999-03-07,2024-12-08,0.0445,GIS 83 mean,GIS 83 mean,-2.1259,0.1292,-0.0053,0.0053,True,True,True,True,True,True,True
83,1998,2024,1998,27,1998_2024,-2.1335,-2.13,0.0829,0.1369,0.6069,6084,10,1998-03-04,2024-12-08,0.0433,GIS 83 mean,GIS 83 mean,-2.1259,0.1292,-0.0076,0.0076,True,True,True,True,True,True,True
83,1997,2024,1997,28,1997_2024,-2.1318,-2.1322,0.0823,0.1343,0.6133,6140,10,1997-01-12,2024-12-08,0.0425,GIS 83 mean,GIS 83 mean,-2.1259,0.1292,-0.0059,0.0059,True,True,True,True,True,True,True
83,1996,2024,1996,29,1996_2024,-2.1259,-2.1495,0.09,0.1292,0.6252,6268,10,1996-01-26,2024-12-08,0.0409,GIS 83 mean,GIS 83 mean,-2.1259,0.1292,0.0,0.0,True,True,True,True,True,True,True
84,2020,2024,2020,5,2020_2024,-0.9144,-0.6562,0.8271,1.3319,0.0164,1748,11,2020-01-28,2024-12-08,0.4034,GIS 84 mean,GIS 84 mean,-1.587,0.1453,0.6726,0.6726,False,False,False,False,False,True,True
84,2019,2024,2019,6,2019_2024,-0.9129,-0.9212,0.2011,0.9528,0.0193,2082,11,2019-01-10,2024-12-08,0.2887,GIS 84 mean,GIS 84 mean,-1.587,0.1453,0.6741,0.6741,False,False,False,False,False,True,True
84,2018,2024,2018,7,2018_2024,-0.8492,-0.9045,0.3252,0.7941,0.0225,2291,11,2018-01-14,2024-12-08,0.2403,GIS 84 mean,GIS 84 mean,-1.587,0.1453,0.7378,0.7378,False,False,False,False,False,True,True
84,2017,2024,2017,8,2017_2024,-1.6684,-1.5998,0.3787,0.6315,0.105,2584,11,2017-01-19,2024-12-08,0.1913,GIS 84 mean,GIS 84 mean,-1.587,0.1453,-0.0814,0.0814,True,True,True,True,True,True,True
84,2016,2024,2016,9,2016_2024,-1.7199,-1.7617,0.3983,0.5297,0.1376,2854,11,2016-01-02,2024-12-08,0.1602,GIS 84 mean,GIS 84 mean,-1.587,0.1453,-0.1329,0.1329,True,True,True,True,True,True,True
84,2015,2024,2015,10,2015_2024,-2.1415,-2.1798,0.3038,0.4562,0.2323,3125,11,2015-01-31,2024-12-08,0.1377,GIS 84 mean,GIS 84 mean,-1.587,0.1453,-0.5545,0.5545,False,False,False,False,False,True,True
84,2014,2024,2014,11,2014_2024,-2.1547,-2.2022,0.2217,0.4848,0.2027,3334,11,2014-01-03,2024-12-08,0.1464,GIS 84 mean,GIS 84 mean,-1.587,0.1453,-0.5677,0.5677,False,False,False,False,False,True,True
84,2013,2024,2013,12,2013_2024,-1.461,-1.4826,0.1462,0.4493,0.1137,3568,11,2013-02-01,2024-12-08,0.1358,GIS 84 mean,GIS 84 mean,-1.587,0.1453,0.126,0.126,True,True,True,True,True,True,True
84,2012,2024,2012,13,2012_2024,-1.2372,-1.2533,0.1571,0.4339,0.0875,3657,11,2012-01-14,2024-12-08,0.1311,GIS 84 mean,GIS 84 mean,-1.587,0.1453,0.3498,0.3498,False,False,False,True,True,True,True
84,2011,2024,2011,14,2011_2024,-0.5808,-0.5127,0.241,0.3965,0.025,3921,11,2011-01-03,2024-12-08,0.1198,GIS 84 mean,GIS 84 mean,-1.587,0.1453,1.0062,1.0062,False,False,False,False,False,False,False
84,2010,2024,2010,15,2010_2024,-0.4151,-0.3424,0.2491,0.3596,0.0169,4125,11,2010-02-01,2024-12-08,0.1086,GIS 84 mean,GIS 84 mean,-1.587,0.1453,1.1719,1.1719,False,False,False,False,False,False,False
84,2009,2024,2009,16,2009_2024,-0.4053,-0.3062,0.2475,0.3399,0.0175,4247,11,2009-02-06,2024-12-08,0.1026,GIS 84 mean,GIS 84 mean,-1.587,0.1453,1.1817,1.1817,False,False,False,False,False,False,False
84,2008,2024,2008,17,2008_2024,-0.4915,-0.4379,0.2493,0.3033,0.0284,4471,11,2008-01-27,2024-12-08,0.0916,GIS 84 mean,GIS 84 mean,-1.587,0.1453,1.0955,1.0955,False,False,False,False,False,False,False
84,2007,2024,2007,18,2007_2024,-0.6594,-0.5962,0.3051,0.2723,0.0557,4702,11,2007-01-09,2024-12-08,0.0822,GIS 84 mean,GIS 84 mean,-1.587,0.1453,0.9276,0.9276,False,False,False,False,False,True,False
84,2006,2024,2006,19,2006_2024,-0.8647,-0.7817,0.3504,0.2509,0.0973,4928,11,2006-02-06,2024-12-08,0.0758,GIS 84 mean,GIS 84 mean,-1.587,0.1453,0.7223,0.7223,False,False,False,False,False,True,False
84,2005,2024,2005,20,2005_2024,-0.9578,-0.8909,0.4138,0.2385,0.1226,5084,11,2005-02-11,2024-12-08,0.0721,GIS 84 mean,GIS 84 mean,-1.587,0.1453,0.6292,0.6292,False,False,False,False,False,True,False
84,2004,2024,2004,21,2004_2024,-1.047,-1.0077,0.4184,0.2181,0.1576,5309,11,2004-01-01,2024-12-08,0.0659,GIS 84 mean,GIS 84 mean,-1.587,0.1453,0.54,0.54,False,False,False,False,False,True,False
84,2003,2024,2003,22,2003_2024,-1.1789,-1.1769,0.4244,0.2048,0.2027,5519,11,2003-01-05,2024-12-08,0.0618,GIS 84 mean,GIS 84 mean,-1.587,0.1453,0.4081,0.4081,False,False,False,True,True,True,False
84,2002,2024,2002,23,2002_2024,-1.284,-1.2264,0.4177,0.1851,0.2558,5827,11,2002-01-10,2024-12-08,0.0559,GIS 84 mean,GIS 84 mean,-1.587,0.1453,0.303,0.303,False,False,True,True,True,True,True
84,2001,2024,2001,24,2001_2024,-1.2379,-1.1657,0.4165,0.1723,0.261,6069,11,2001-01-07,2024-12-08,0.052,GIS 84 mean,GIS 84 mean,-1.587,0.1453,0.3491,0.3491,False,False,False,True,True,True,False
84,2000,2024,2000,25,2000_2024,-1.2887,-1.2086,0.3739,0.1575,0.3015,6410,11,2000-01-13,2024-12-08,0.0475,GIS 84 mean,GIS 84 mean,-1.587,0.1453,0.2983,0.2983,False,False,True,True,True,True,True
84,1999,2024,1999,26,1999_2024,-1.3996,-1.3538,0.3647,0.1535,0.3424,6586,11,1999-03-07,2024-12-08,0.0463,GIS 84 mean,GIS 84 mean,-1.587,0.1453,0.1874,0.1874,False,True,True,True,True,True,True
84,1998,2024,1998,27,1998_2024,-1.4668,-1.4317,0.3557,0.151,0.3679,6685,11,1998-03-04,2024-12-08,0.0456,GIS 84 mean,GIS 84 mean,-1.587,0.1453,0.1202,0.1202,True,True,True,True,True,True,True
84,1997,2024,1997,28,1997_2024,-1.506,-1.4738,0.3485,0.149,0.3845,6751,11,1997-01-12,2024-12-08,0.045,GIS 84 mean,GIS 84 mean,-1.587,0.1453,0.081,0.081,True,True,True,True,True,True,True
84,1996,2024,1996,29,1996_2024,-1.587,-1.5712,0.3346,0.1453,0.4175,6883,11,1996-01-26,2024-12-08,0.0438,GIS 84 mean,GIS 84 mean,-1.587,0.1453,0.0,0.0,True,True,True,True,True,True,True
85,2020,2024,2020,5,2020_2024,2.1899,2.538,1.0772,1.2418,0.0823,1904,12,2020-01-28,2024-12-08,0.3593,GIS 85 mean,GIS 85 mean,-1.0385,0.1321,3.2284,3.2284,False,False,False,False,False,False,False
85,2019,2024,2019,6,2019_2024,1.3028,1.7874,0.8989,0.9352,0.0541,2211,12,2019-01-10,2024-12-08,0.2706,GIS 85 mean,GIS 85 mean,-1.0385,0.1321,2.3413,2.3413,False,False,False,False,False,False,False
85,2018,2024,2018,7,2018_2024,1.0618,1.226,0.5192,0.7759,0.0418,2427,12,2018-01-14,2024-12-08,0.2246,GIS 85 mean,GIS 85 mean,-1.0385,0.1321,2.1003,2.1003,False,False,False,False,False,False,False
85,2017,2024,2017,8,2017_2024,0.1781,0.3938,0.5452,0.6047,0.0146,2772,12,2017-01-19,2024-12-08,0.175,GIS 85 mean,GIS 85 mean,-1.0385,0.1321,1.2166,1.2166,False,False,False,False,False,False,False
85,2016,2024,2016,9,2016_2024,0.0172,0.2154,0.4668,0.5134,0.0119,3063,12,2016-01-02,2024-12-08,0.1486,GIS 85 mean,GIS 85 mean,-1.0385,0.1321,1.0557,1.0557,False,False,False,False,False,False,False
85,2015,2024,2015,10,2015_2024,-0.4917,-0.389,0.4772,0.4705,0.0261,3262,12,2015-01-31,2024-12-08,0.1362,GIS 85 mean,GIS 85 mean,-1.0385,0.1321,0.5468,0.5468,False,False,False,False,False,True,True
85,2014,2024,2014,11,2014_2024,-0.9569,-0.924,0.5377,0.4727,0.0602,3500,12,2014-01-12,2024-12-08,0.1367,GIS 85 mean,GIS 85 mean,-1.0385,0.1321,0.0816,0.0816,True,True,True,True,True,True,True
85,2013,2024,2013,12,2013_2024,-0.5426,-0.5164,0.4598,0.4217,0.0301,3737,12,2013-02-01,2024-12-08,0.122,GIS 85 mean,GIS 85 mean,-1.0385,0.1321,0.4959,0.4959,False,False,False,False,True,True,True
85,2012,2024,2012,13,2012_2024,-0.4355,-0.4269,0.3596,0.3958,0.0213,3848,12,2012-01-14,2024-12-08,0.1145,GIS 85 mean,GIS 85 mean,-1.0385,0.1321,0.603,0.603,False,False,False,False,False,True,False
85,2011,2024,2011,14,2011_2024,-0.174,-0.1802,0.1701,0.3556,0.0047,4096,12,2011-01-03,2024-12-08,0.1028,GIS 85 mean,GIS 85 mean,-1.0385,0.1321,0.8645,0.8645,False,False,False,False,False,True,False
85,2010,2024,2010,15,2010_2024,-0.1201,-0.14,0.0697,0.3204,0.0019,4364,12,2010-02-01,2024-12-08,0.0926,GIS 85 mean,GIS 85 mean,-1.0385,0.1321,0.9184,0.9184,False,False,False,False,False,True,False
85,2009,2024,2009,16,2009_2024,-0.1168,-0.1238,0.0736,0.3028,0.002,4483,12,2009-01-21,2024-12-08,0.0875,GIS 85 mean,GIS 85 mean,-1.0385,0.1321,0.9217,0.9217,False,False,False,False,False,True,False
85,2008,2024,2008,17,2008_2024,-0.1383,-0.1677,0.0867,0.2604,0.0035,4816,12,2008-01-27,2024-12-08,0.0753,GIS 85 mean,GIS 85 mean,-1.0385,0.1321,0.9002,0.9002,False,False,False,False,False,True,False
85,2007,2024,2007,18,2007_2024,-0.2183,-0.2503,0.086,0.2369,0.0085,5049,12,2007-01-09,2024-12-08,0.0685,GIS 85 mean,GIS 85 mean,-1.0385,0.1321,0.8202,0.8202,False,False,False,False,False,True,False
85,2006,2024,2006,19,2006_2024,-0.2682,-0.3149,0.139,0.2179,0.0153,5278,12,2006-02-06,2024-12-08,0.063,GIS 85 mean,GIS 85 mean,-1.0385,0.1321,0.7703,0.7703,False,False,False,False,False,True,False
85,2005,2024,2005,20,2005_2024,-0.211,-0.2618,0.1459,0.2046,0.0119,5467,12,2005-02-11,2024-12-08,0.0591,GIS 85 mean,GIS 85 mean,-1.0385,0.1321,0.8275,0.8275,False,False,False,False,False,True,False
85,2004,2024,2004,21,2004_2024,-0.2896,-0.3652,0.1477,0.1879,0.0222,5722,12,2004-01-01,2024-12-08,0.0543,GIS 85 mean,GIS 85 mean,-1.0385,0.1321,0.7489,0.7489,False,False,False,False,False,True,False
85,2003,2024,2003,22,2003_2024,-0.4534,-0.5086,0.1362,0.1821,0.0479,5931,12,2003-01-05,2024-12-08,0.0526,GIS 85 mean,GIS 85 mean,-1.0385,0.1321,0.5851,0.5851,False,False,False,False,False,True,False
85,2002,2024,2002,23,2002_2024,-0.6965,-0.7532,0.1807,0.1716,0.1092,6255,12,2002-01-10,2024-12-08,0.0497,GIS 85 mean,GIS 85 mean,-1.0385,0.1321,0.342,0.342,False,False,False,True,True,True,False
85,2001,2024,2001,24,2001_2024,-0.7932,-0.796,0.179,0.1609,0.1468,6526,12,2001-01-07,2024-12-08,0.0465,GIS 85 mean,GIS 85 mean,-1.0385,0.1321,0.2453,0.2453,False,True,False,True,True,True,True
85,2000,2024,2000,25,2000_2024,-0.8803,-0.8904,0.1618,0.1481,0.1916,6876,12,2000-01-13,2024-12-08,0.0428,GIS 85 mean,GIS 85 mean,-1.0385,0.1321,0.1582,0.1582,False,True,True,True,True,True,True
85,1999,2024,1999,26,1999_2024,-0.9195,-0.9768,0.164,0.1422,0.214,7068,12,1999-03-07,2024-12-08,0.0411,GIS 85 mean,GIS 85 mean,-1.0385,0.1321,0.119,0.119,True,True,True,True,True,True,True
85,1998,2024,1998,27,1998_2024,-0.9515,-1.0354,0.174,0.1387,0.2315,7176,12,1998-03-04,2024-12-08,0.0401,GIS 85 mean,GIS 85 mean,-1.0385,0.1321,0.087,0.087,True,True,True,True,True,True,True
85,1997,2024,1997,28,1997_2024,-0.9913,-1.0724,0.168,0.1369,0.2494,7248,12,1997-01-12,2024-12-08,0.0396,GIS 85 mean,GIS 85 mean,-1.0385,0.1321,0.0472,0.0472,True,True,True,True,True,True,True
85,1996,2024,1996,29,1996_2024,-1.0385,-1.1252,0.1603,0.1321,0.2773,7398,12,1996-01-26,2024-12-08,0.0382,GIS 85 mean,GIS 85 mean,-1.0385,0.1321,0.0,0.0,True,True,True,True,True,True,True
86,2020,2024,2020,5,2020_2024,0.5424,0.0006,1.192,1.3502,0.0186,1849,12,2020-01-28,2024-12-08,0.391,GIS 86 mean,GIS 86 mean,-0.5436,0.1374,1.086,1.086,False,False,False,False,False,False,True
86,2019,2024,2019,6,2019_2024,0.2024,0.0368,0.5484,0.9796,0.0064,2195,12,2019-01-10,2024-12-08,0.2832,GIS 86 mean,GIS 86 mean,-0.5436,0.1374,0.746,0.746,False,False,False,False,False,True,True
86,2018,2024,2018,7,2018_2024,0.4062,0.321,0.5084,0.8199,0.0106,2422,12,2018-01-14,2024-12-08,0.2371,GIS 86 mean,GIS 86 mean,-0.5436,0.1374,0.9498,0.9498,False,False,False,False,False,True,True
86,2017,2024,2017,8,2017_2024,-0.0751,-0.042,0.1554,0.6406,0.0012,2743,12,2017-01-19,2024-12-08,0.1852,GIS 86 mean,GIS 86 mean,-0.5436,0.1374,0.4685,0.4685,False,False,False,False,True,True,True
86,2016,2024,2016,9,2016_2024,0.1418,0.1366,0.1207,0.5477,0.0017,3032,12,2016-01-02,2024-12-08,0.1583,GIS 86 mean,GIS 86 mean,-0.5436,0.1374,0.6854,0.6854,False,False,False,False,False,True,False
86,2015,2024,2015,10,2015_2024,-0.2707,-0.3302,0.1762,0.4687,0.0067,3324,12,2015-01-31,2024-12-08,0.1354,GIS 86 mean,GIS 86 mean,-0.5436,0.1374,0.2729,0.2729,False,False,False,True,True,True,True
86,2014,2024,2014,11,2014_2024,-0.377,-0.3946,0.1158,0.4834,0.0089,3555,12,2014-01-03,2024-12-08,0.1397,GIS 86 mean,GIS 86 mean,-0.5436,0.1374,0.1666,0.1666,False,True,False,True,True,True,True
86,2013,2024,2013,12,2013_2024,0.0431,0.0198,0.1453,0.4338,0.0014,3804,12,2013-02-01,2024-12-08,0.1253,GIS 86 mean,GIS 86 mean,-0.5436,0.1374,0.5867,0.5867,False,False,False,False,False,True,False
86,2012,2024,2012,13,2012_2024,0.0133,-0.0303,0.1406,0.411,0.0013,3902,12,2012-01-14,2024-12-08,0.1188,GIS 86 mean,GIS 86 mean,-0.5436,0.1374,0.5569,0.5569,False,False,False,False,False,True,False
86,2011,2024,2011,14,2011_2024,0.0233,0.0065,0.2381,0.3627,0.0045,4170,12,2011-01-03,2024-12-08,0.1048,GIS 86 mean,GIS 86 mean,-0.5436,0.1374,0.5669,0.5669,False,False,False,False,False,True,False
86,2010,2024,2010,15,2010_2024,0.1452,0.1466,0.2356,0.3344,0.0069,4391,12,2010-02-01,2024-12-08,0.0966,GIS 86 mean,GIS 86 mean,-0.5436,0.1374,0.6888,0.6888,False,False,False,False,False,True,False
86,2009,2024,2009,16,2009_2024,0.1835,0.1875,0.2143,0.3165,0.0078,4529,12,2009-01-21,2024-12-08,0.0914,GIS 86 mean,GIS 86 mean,-0.5436,0.1374,0.7271,0.7271,False,False,False,False,False,True,False
86,2008,2024,2008,17,2008_2024,0.1825,0.1597,0.2105,0.282,0.0091,4766,12,2008-01-27,2024-12-08,0.0815,GIS 86 mean,GIS 86 mean,-0.5436,0.1374,0.7261,0.7261,False,False,False,False,False,True,False
86,2007,2024,2007,18,2007_2024,0.1168,0.0751,0.2072,0.2507,0.0078,5016,12,2007-01-09,2024-12-08,0.0725,GIS 86 mean,GIS 86 mean,-0.5436,0.1374,0.6604,0.6604,False,False,False,False,False,True,False
86,2006,2024,2006,19,2006_2024,0.1134,0.0864,0.1944,0.2291,0.008,5257,12,2006-02-06,2024-12-08,0.0662,GIS 86 mean,GIS 86 mean,-0.5436,0.1374,0.657,0.657,False,False,False,False,False,True,False
86,2005,2024,2005,20,2005_2024,0.1714,0.1382,0.1956,0.2163,0.0116,5429,12,2005-02-11,2024-12-08,0.0625,GIS 86 mean,GIS 86 mean,-0.5436,0.1374,0.715,0.715,False,False,False,False,False,True,False
86,2004,2024,2004,21,2004_2024,0.2426,0.2014,0.2505,0.1992,0.0223,5666,12,2004-01-01,2024-12-08,0.0576,GIS 86 mean,GIS 86 mean,-0.5436,0.1374,0.7862,0.7862,False,False,False,False,False,True,False
86,2003,2024,2003,22,2003_2024,0.139,0.1009,0.249,0.1883,0.0159,5897,12,2003-01-05,2024-12-08,0.0544,GIS 86 mean,GIS 86 mean,-0.5436,0.1374,0.6826,0.6826,False,False,False,False,False,True,False
86,2002,2024,2002,23,2002_2024,-0.0542,-0.079,0.2219,0.1737,0.0121,6220,12,2002-01-10,2024-12-08,0.0502,GIS 86 mean,GIS 86 mean,-0.5436,0.1374,0.4894,0.4894,False,False,False,False,True,True,False
86,2001,2024,2001,24,2001_2024,-0.1436,-0.1645,0.22,0.1618,0.0182,6496,12,2001-01-07,2024-12-08,0.0467,GIS 86 mean,GIS 86 mean,-0.5436,0.1374,0.4,0.4,False,False,False,True,True,True,False
86,2000,2024,2000,25,2000_2024,-0.2939,-0.3121,0.1882,0.1511,0.0353,6839,12,2000-01-13,2024-12-08,0.0437,GIS 86 mean,GIS 86 mean,-0.5436,0.1374,0.2497,0.2497,False,True,False,True,True,True,True
86,1999,2024,1999,26,1999_2024,-0.3367,-0.3494,0.1663,0.1448,0.043,7031,12,1999-03-07,2024-12-08,0.0418,GIS 86 mean,GIS 86 mean,-0.5436,0.1374,0.2069,0.2069,False,True,False,True,True,True,True
86,1998,2024,1998,27,1998_2024,-0.3816,-0.3981,0.151,0.1412,0.0527,7148,12,1998-03-04,2024-12-08,0.0408,GIS 86 mean,GIS 86 mean,-0.5436,0.1374,0.162,0.162,False,True,False,True,True,True,True
86,1997,2024,1997,28,1997_2024,-0.4363,-0.4574,0.1455,0.1402,0.0654,7220,12,1997-01-12,2024-12-08,0.0405,GIS 86 mean,GIS 86 mean,-0.5436,0.1374,0.1073,0.1073,True,True,True,True,True,True,True
86,1996,2024,1996,29,1996_2024,-0.5436,-0.5648,0.1208,0.1374,0.0952,7378,12,1996-01-26,2024-12-08,0.0397,GIS 86 mean,GIS 86 mean,-0.5436,0.1374,0.0,0.0,True,True,True,True,True,True,True
87,2020,2024,2020,5,2020_2024,4.4846,4.5806,0.7212,1.2904,0.2341,1744,11,2020-01-28,2024-12-08,0.3893,GIS 87 mean,GIS 87 mean,0.0318,0.1356,4.4528,4.4528,False,False,False,False,False,False,False
87,2019,2024,2019,6,2019_2024,3.1188,3.4848,1.0054,0.9841,0.1837,2018,11,2019-01-10,2024-12-08,0.2967,GIS 87 mean,GIS 87 mean,0.0318,0.1356,3.087,3.087,False,False,False,False,False,False,False
87,2018,2024,2018,7,2018_2024,2.974,3.1152,1.0741,0.8131,0.2138,2219,11,2018-01-14,2024-12-08,0.2452,GIS 87 mean,GIS 87 mean,0.0318,0.1356,2.9422,2.9422,False,False,False,False,False,False,False
87,2017,2024,2017,8,2017_2024,1.6947,1.7169,1.0551,0.6384,0.1281,2538,11,2017-01-19,2024-12-08,0.1925,GIS 87 mean,GIS 87 mean,0.0318,0.1356,1.6629,1.6629,False,False,False,False,False,False,False
87,2016,2024,2016,9,2016_2024,1.287,1.1894,0.7467,0.5375,0.0957,2814,11,2016-01-02,2024-12-08,0.1621,GIS 87 mean,GIS 87 mean,0.0318,0.1356,1.2552,1.2552,False,False,False,False,False,False,False
87,2015,2024,2015,10,2015_2024,1.0273,1.0172,0.7306,0.4837,0.0811,2988,11,2015-01-31,2024-12-08,0.1459,GIS 87 mean,GIS 87 mean,0.0318,0.1356,0.9955,0.9955,False,False,False,False,False,True,False
87,2014,2024,2014,11,2014_2024,0.5711,0.3614,0.6927,0.4663,0.0447,3200,11,2014-01-12,2024-12-08,0.1407,GIS 87 mean,GIS 87 mean,0.0318,0.1356,0.5393,0.5393,False,False,False,False,False,True,True
87,2013,2024,2013,12,2013_2024,0.8067,0.6721,0.5884,0.4105,0.0658,3422,11,2013-02-01,2024-12-08,0.1238,GIS 87 mean,GIS 87 mean,0.0318,0.1356,0.7749,0.7749,False,False,False,False,False,True,False
87,2012,2024,2012,13,2012_2024,0.7352,0.576,0.5305,0.3845,0.06,3521,11,2012-01-14,2024-12-08,0.116,GIS 87 mean,GIS 87 mean,0.0318,0.1356,0.7034,0.7034,False,False,False,False,False,True,False
87,2011,2024,2011,14,2011_2024,0.8073,0.6664,0.4322,0.3374,0.0734,3736,11,2011-01-03,2024-12-08,0.1018,GIS 87 mean,GIS 87 mean,0.0318,0.1356,0.7755,0.7755,False,False,False,False,False,True,False
87,2010,2024,2010,15,2010_2024,0.7935,0.7097,0.3427,0.2987,0.0798,3983,11,2010-02-01,2024-12-08,0.0901,GIS 87 mean,GIS 87 mean,0.0318,0.1356,0.7617,0.7617,False,False,False,False,False,True,False
87,2009,2024,2009,16,2009_2024,0.7381,0.6514,0.3227,0.2823,0.0758,4094,11,2009-01-21,2024-12-08,0.0851,GIS 87 mean,GIS 87 mean,0.0318,0.1356,0.7063,0.7063,False,False,False,False,False,True,False
87,2008,2024,2008,17,2008_2024,0.7495,0.6364,0.3209,0.2436,0.0943,4386,11,2008-01-27,2024-12-08,0.0735,GIS 87 mean,GIS 87 mean,0.0318,0.1356,0.7177,0.7177,False,False,False,False,False,True,False
87,2007,2024,2007,18,2007_2024,0.7133,0.6215,0.2934,0.2201,0.0984,4601,11,2007-01-09,2024-12-08,0.0664,GIS 87 mean,GIS 87 mean,0.0318,0.1356,0.6815,0.6815,False,False,False,False,False,True,False
87,2006,2024,2006,19,2006_2024,0.7538,0.6811,0.2959,0.202,0.1193,4816,11,2006-02-06,2024-12-08,0.0609,GIS 87 mean,GIS 87 mean,0.0318,0.1356,0.722,0.722,False,False,False,False,False,True,False
87,2005,2024,2005,20,2005_2024,0.8985,0.8399,0.2963,0.1939,0.1622,4981,11,2005-02-11,2024-12-08,0.0585,GIS 87 mean,GIS 87 mean,0.0318,0.1356,0.8667,0.8667,False,False,False,False,False,True,False
87,2004,2024,2004,21,2004_2024,0.9709,0.8826,0.252,0.1796,0.1984,5194,11,2004-01-01,2024-12-08,0.0542,GIS 87 mean,GIS 87 mean,0.0318,0.1356,0.9391,0.9391,False,False,False,False,False,True,False
87,2003,2024,2003,22,2003_2024,0.9245,0.8672,0.2459,0.1703,0.1947,5388,11,2003-01-05,2024-12-08,0.0514,GIS 87 mean,GIS 87 mean,0.0318,0.1356,0.8927,0.8927,False,False,False,False,False,True,False
87,2002,2024,2002,23,2002_2024,0.6989,0.648,0.2585,0.1595,0.1361,5691,11,2002-01-10,2024-12-08,0.0481,GIS 87 mean,GIS 87 mean,0.0318,0.1356,0.6671,0.6671,False,False,False,False,False,True,False
87,2001,2024,2001,24,2001_2024,0.58,0.5222,0.2574,0.1501,0.1094,5944,11,2001-01-07,2024-12-08,0.0453,GIS 87 mean,GIS 87 mean,0.0318,0.1356,0.5482,0.5482,False,False,False,False,False,True,False
87,2000,2024,2000,25,2000_2024,0.381,0.3176,0.2531,0.1432,0.0621,6265,11,2000-01-13,2024-12-08,0.0432,GIS 87 mean,GIS 87 mean,0.0318,0.1356,0.3492,0.3492,False,False,False,True,True,True,False
87,1999,2024,1999,26,1999_2024,0.2849,0.2197,0.2415,0.1395,0.0429,6441,11,1999-03-07,2024-12-08,0.0421,GIS 87 mean,GIS 87 mean,0.0318,0.1356,0.2531,0.2531,False,False,False,True,True,True,True
87,1998,2024,1998,27,1998_2024,0.2141,0.1509,0.2426,0.1372,0.0329,6551,11,1998-03-04,2024-12-08,0.0414,GIS 87 mean,GIS 87 mean,0.0318,0.1356,0.1823,0.1823,False,True,False,True,True,True,True
87,1997,2024,1997,28,1997_2024,0.1593,0.1026,0.2409,0.1365,0.0261,6617,11,1997-01-12,2024-12-08,0.0412,GIS 87 mean,GIS 87 mean,0.0318,0.1356,0.1275,0.1275,True,True,False,True,True,True,True
87,1996,2024,1996,29,1996_2024,0.0318,-0.0323,0.2382,0.1356,0.0175,6754,11,1996-01-26,2024-12-08,0.0409,GIS 87 mean,GIS 87 mean,0.0318,0.1356,0.0,0.0,True,True,True,True,True,True,True
88,2020,2024,2020,5,2020_2024,4.3087,4.2889,1.0018,1.6959,0.1411,1551,10,2020-01-28,2024-12-08,0.5381,GIS 88 mean,GIS 88 mean,1.0041,0.1433,3.3046,3.3046,False,False,False,False,False,False,False
88,2019,2024,2019,6,2019_2024,4.4864,4.724,0.7466,1.1669,0.2384,1844,10,2019-01-10,2024-12-08,0.3698,GIS 88 mean,GIS 88 mean,1.0041,0.1433,3.4823,3.4823,False,False,False,False,False,False,False
88,2018,2024,2018,7,2018_2024,5.1674,5.3557,0.5917,0.9822,0.3475,2033,10,2018-01-07,2024-12-08,0.3113,GIS 88 mean,GIS 88 mean,1.0041,0.1433,4.1633,4.1633,False,False,False,False,False,False,False
88,2017,2024,2017,8,2017_2024,4.2704,4.4583,0.6382,0.7694,0.342,2299,10,2017-01-19,2024-12-08,0.2439,GIS 88 mean,GIS 88 mean,1.0041,0.1433,3.2663,3.2663,False,False,False,False,False,False,False
88,2016,2024,2016,9,2016_2024,3.6231,3.848,0.6168,0.643,0.3247,2550,10,2016-01-02,2024-12-08,0.2038,GIS 88 mean,GIS 88 mean,1.0041,0.1433,2.619,2.619,False,False,False,False,False,False,False
88,2015,2024,2015,10,2015_2024,3.0927,3.3712,0.5971,0.5461,0.3063,2798,10,2015-01-31,2024-12-08,0.173,GIS 88 mean,GIS 88 mean,1.0041,0.1433,2.0886,2.0886,False,False,False,False,False,False,False
88,2014,2024,2014,11,2014_2024,2.8669,3.1714,0.5642,0.4991,0.2986,2991,10,2014-01-03,2024-12-08,0.158,GIS 88 mean,GIS 88 mean,1.0041,0.1433,1.8628,1.8628,False,False,False,False,False,False,False
88,2013,2024,2013,12,2013_2024,2.6548,2.8804,0.5617,0.4449,0.3008,3189,10,2013-02-01,2024-12-08,0.1409,GIS 88 mean,GIS 88 mean,1.0041,0.1433,1.6507,1.6507,False,False,False,False,False,False,False
88,2012,2024,2012,13,2012_2024,2.4759,2.6989,0.5087,0.425,0.286,3273,10,2012-01-14,2024-12-08,0.1346,GIS 88 mean,GIS 88 mean,1.0041,0.1433,1.4718,1.4718,False,False,False,False,False,False,False
88,2011,2024,2011,14,2011_2024,2.2511,2.426,0.4624,0.3691,0.2906,3511,10,2011-01-03,2024-12-08,0.1169,GIS 88 mean,GIS 88 mean,1.0041,0.1433,1.247,1.247,False,False,False,False,False,False,False
88,2010,2024,2010,15,2010_2024,2.0235,2.1818,0.4326,0.3376,0.2729,3697,10,2010-02-01,2024-12-08,0.1069,GIS 88 mean,GIS 88 mean,1.0041,0.1433,1.0194,1.0194,False,False,False,False,False,False,False
88,2009,2024,2009,16,2009_2024,1.9638,2.0969,0.4366,0.316,0.2809,3813,10,2009-01-21,2024-12-08,0.1001,GIS 88 mean,GIS 88 mean,1.0041,0.1433,0.9597,0.9597,False,False,False,False,False,True,False
88,2008,2024,2008,17,2008_2024,1.9228,1.9836,0.4226,0.2828,0.3067,4011,10,2008-01-27,2024-12-08,0.0896,GIS 88 mean,GIS 88 mean,1.0041,0.1433,0.9187,0.9187,False,False,False,False,False,True,False
88,2007,2024,2007,18,2007_2024,1.8265,1.8442,0.3988,0.2523,0.3222,4221,10,2007-01-09,2024-12-08,0.0799,GIS 88 mean,GIS 88 mean,1.0041,0.1433,0.8224,0.8224,False,False,False,False,False,True,False
88,2006,2024,2006,19,2006_2024,1.8361,1.8488,0.332,0.2289,0.3576,4429,10,2006-02-06,2024-12-08,0.0725,GIS 88 mean,GIS 88 mean,1.0041,0.1433,0.832,0.832,False,False,False,False,False,True,False
88,2005,2024,2005,20,2005_2024,1.9021,1.9085,0.2848,0.2165,0.3936,4567,10,2005-02-11,2024-12-08,0.0686,GIS 88 mean,GIS 88 mean,1.0041,0.1433,0.898,0.898,False,False,False,False,False,True,False
88,2004,2024,2004,21,2004_2024,1.9887,2.0936,0.2595,0.2002,0.4424,4776,10,2004-01-01,2024-12-08,0.0634,GIS 88 mean,GIS 88 mean,1.0041,0.1433,0.9846,0.9846,False,False,False,False,False,True,False
88,2003,2024,2003,22,2003_2024,1.8145,1.889,0.2332,0.1909,0.4113,4970,10,2003-01-05,2024-12-08,0.0605,GIS 88 mean,GIS 88 mean,1.0041,0.1433,0.8104,0.8104,False,False,False,False,False,True,False
88,2002,2024,2002,23,2002_2024,1.642,1.711,0.2405,0.1763,0.3887,5230,10,2002-01-10,2024-12-08,0.0558,GIS 88 mean,GIS 88 mean,1.0041,0.1433,0.6379,0.6379,False,False,False,False,False,True,False
88,2001,2024,2001,24,2001_2024,1.529,1.593,0.2479,0.1643,0.3777,5460,10,2001-01-07,2024-12-08,0.052,GIS 88 mean,GIS 88 mean,1.0041,0.1433,0.5249,0.5249,False,False,False,False,False,True,False
88,2000,2024,2000,25,2000_2024,1.3591,1.4135,0.2522,0.1537,0.3421,5750,10,2000-01-13,2024-12-08,0.0487,GIS 88 mean,GIS 88 mean,1.0041,0.1433,0.355,0.355,False,False,False,True,True,True,False
88,1999,2024,1999,26,1999_2024,1.2486,1.3039,0.2538,0.1499,0.3105,5906,10,1999-03-07,2024-12-08,0.0474,GIS 88 mean,GIS 88 mean,1.0041,0.1433,0.2445,0.2445,False,True,False,True,True,True,True
88,1998,2024,1998,27,1998_2024,1.1776,1.2356,0.2548,0.1473,0.2901,6000,10,1998-03-04,2024-12-08,0.0466,GIS 88 mean,GIS 88 mean,1.0041,0.1433,0.1735,0.1735,False,True,True,True,True,True,True
88,1997,2024,1997,28,1997_2024,1.1215,1.1824,0.2608,0.1463,0.2719,6060,10,1997-01-12,2024-12-08,0.0463,GIS 88 mean,GIS 88 mean,1.0041,0.1433,0.1174,0.1174,True,True,True,True,True,True,True
88,1996,2024,1996,29,1996_2024,1.0041,1.0506,0.267,0.1433,0.2357,6190,10,1996-01-26,2024-12-08,0.0454,GIS 88 mean,GIS 88 mean,1.0041,0.1433,0.0,0.0,True,True,True,True,True,True,True
89,2020,2024,2020,5,2020_2024,4.1928,3.8573,1.33,1.581,0.1498,1425,9,2020-01-28,2024-12-08,0.528,GIS 89 mean,GIS 89 mean,1.1823,0.12,3.0105,3.0105,False,False,False,False,False,False,False
89,2019,2024,2019,6,2019_2024,3.5371,3.3051,0.6833,1.1456,0.1702,1650,9,2019-01-10,2024-12-08,0.3822,GIS 89 mean,GIS 89 mean,1.1823,0.12,2.3548,2.3548,False,False,False,False,False,False,False
89,2018,2024,2018,7,2018_2024,3.2186,3.0181,0.5463,0.9476,0.184,1806,9,2018-01-14,2024-12-08,0.3165,GIS 89 mean,GIS 89 mean,1.1823,0.12,2.0363,2.0363,False,False,False,False,False,False,False
89,2017,2024,2017,8,2017_2024,2.3596,2.0454,0.7764,0.7102,0.159,2069,9,2017-01-19,2024-12-08,0.2369,GIS 89 mean,GIS 89 mean,1.1823,0.12,1.1773,1.1773,False,False,False,False,False,False,False
89,2016,2024,2016,9,2016_2024,1.8641,1.5507,0.9097,0.5938,0.1367,2285,9,2016-01-02,2024-12-08,0.198,GIS 89 mean,GIS 89 mean,1.1823,0.12,0.6818,0.6818,False,False,False,False,False,True,True
89,2015,2024,2015,10,2015_2024,1.8041,1.444,0.8502,0.5231,0.1514,2431,9,2015-01-31,2024-12-08,0.1744,GIS 89 mean,GIS 89 mean,1.1823,0.12,0.6218,0.6218,False,False,False,False,False,True,True
89,2014,2024,2014,11,2014_2024,1.7528,1.4616,0.7099,0.4513,0.1693,2610,9,2014-01-12,2024-12-08,0.1505,GIS 89 mean,GIS 89 mean,1.1823,0.12,0.5705,0.5705,False,False,False,False,False,True,True
89,2013,2024,2013,12,2013_2024,1.8829,1.6888,0.6103,0.4018,0.2149,2775,9,2013-02-01,2024-12-08,0.134,GIS 89 mean,GIS 89 mean,1.1823,0.12,0.7006,0.7006,False,False,False,False,False,True,False
89,2012,2024,2012,13,2012_2024,1.7959,1.6629,0.5327,0.3763,0.2163,2855,9,2012-01-14,2024-12-08,0.1255,GIS 89 mean,GIS 89 mean,1.1823,0.12,0.6136,0.6136,False,False,False,False,False,True,False
89,2011,2024,2011,14,2011_2024,1.8001,1.6422,0.3901,0.3278,0.2553,3045,9,2011-01-03,2024-12-08,0.1093,GIS 89 mean,GIS 89 mean,1.1823,0.12,0.6178,0.6178,False,False,False,False,False,True,False
89,2010,2024,2010,15,2010_2024,1.766,1.6293,0.2736,0.2927,0.2797,3248,9,2010-02-01,2024-12-08,0.0976,GIS 89 mean,GIS 89 mean,1.1823,0.12,0.5837,0.5837,False,False,False,False,False,True,False
89,2009,2024,2009,16,2009_2024,1.8512,1.7268,0.2485,0.278,0.3157,3336,9,2009-02-06,2024-12-08,0.0927,GIS 89 mean,GIS 89 mean,1.1823,0.12,0.6689,0.6689,False,False,False,False,False,True,False
89,2008,2024,2008,17,2008_2024,1.968,1.9067,0.168,0.2428,0.3897,3582,9,2008-01-27,2024-12-08,0.081,GIS 89 mean,GIS 89 mean,1.1823,0.12,0.7857,0.7857,False,False,False,False,False,True,False
89,2007,2024,2007,18,2007_2024,1.8541,1.8143,0.1808,0.2214,0.3936,3756,9,2007-01-09,2024-12-08,0.0738,GIS 89 mean,GIS 89 mean,1.1823,0.12,0.6718,0.6718,False,False,False,False,False,True,False
89,2006,2024,2006,19,2006_2024,1.7271,1.7084,0.1782,0.2049,0.3862,3923,9,2006-02-06,2024-12-08,0.0683,GIS 89 mean,GIS 89 mean,1.1823,0.12,0.5448,0.5448,False,False,False,False,False,True,False
89,2005,2024,2005,20,2005_2024,1.7138,1.709,0.2068,0.1927,0.403,4060,9,2005-02-11,2024-12-08,0.0643,GIS 89 mean,GIS 89 mean,1.1823,0.12,0.5315,0.5315,False,False,False,False,False,True,False
89,2004,2024,2004,21,2004_2024,1.7179,1.6976,0.1942,0.1765,0.4354,4251,9,2004-01-01,2024-12-08,0.0589,GIS 89 mean,GIS 89 mean,1.1823,0.12,0.5356,0.5356,False,False,False,False,False,True,False
89,2003,2024,2003,22,2003_2024,1.6583,1.6357,0.1654,0.1674,0.4358,4405,9,2003-01-05,2024-12-08,0.0558,GIS 89 mean,GIS 89 mean,1.1823,0.12,0.476,0.476,False,False,False,False,True,True,False
89,2002,2024,2002,23,2002_2024,1.5546,1.5409,0.1309,0.1533,0.435,4639,9,2002-01-10,2024-12-08,0.0512,GIS 89 mean,GIS 89 mean,1.1823,0.12,0.3723,0.3723,False,False,False,False,True,True,False
89,2001,2024,2001,24,2001_2024,1.4987,1.4926,0.1181,0.1428,0.4415,4844,9,2001-01-07,2024-12-08,0.0476,GIS 89 mean,GIS 89 mean,1.1823,0.12,0.3164,0.3164,False,False,False,True,True,True,False
89,2000,2024,2000,25,2000_2024,1.3786,1.3492,0.1214,0.1328,0.4222,5115,9,2000-01-13,2024-12-08,0.0443,GIS 89 mean,GIS 89 mean,1.1823,0.12,0.1963,0.1963,False,True,True,True,True,True,True
89,1999,2024,1999,26,1999_2024,1.3039,1.2815,0.1028,0.1289,0.4038,5250,9,1999-03-07,2024-12-08,0.043,GIS 89 mean,GIS 89 mean,1.1823,0.12,0.1216,0.1216,False,True,True,True,True,True,True
89,1998,2024,1998,27,1998_2024,1.2584,1.2338,0.0897,0.1262,0.3933,5332,9,1998-03-04,2024-12-08,0.0421,GIS 89 mean,GIS 89 mean,1.1823,0.12,0.0761,0.0761,True,True,True,True,True,True,True
89,1997,2024,1997,28,1997_2024,1.2349,1.2125,0.0771,0.1243,0.3895,5386,9,1997-01-12,2024-12-08,0.0415,GIS 89 mean,GIS 89 mean,1.1823,0.12,0.0526,0.0526,True,True,True,True,True,True,True
89,1996,2024,1996,29,1996_2024,1.1823,1.1654,0.0612,0.12,0.3806,5503,9,1996-01-26,2024-12-08,0.0401,GIS 89 mean,GIS 89 mean,1.1823,0.12,0.0,0.0,True,True,True,True,True,True,True
90,2020,2024,2020,5,2020_2024,5.3742,5.6581,1.2366,1.7646,0.1943,1520,10,2020-01-28,2024-12-08,0.5607,GIS 90 mean,GIS 90 mean,1.1942,0.1376,4.18,4.18,False,False,False,False,False,False,False
90,2019,2024,2019,6,2019_2024,5.0964,5.248,0.9089,1.2255,0.2734,1796,10,2019-01-10,2024-12-08,0.3883,GIS 90 mean,GIS 90 mean,1.1942,0.1376,3.9022,3.9022,False,False,False,False,False,False,False
90,2018,2024,2018,7,2018_2024,5.279,5.6084,1.2498,1.0366,0.3374,1954,10,2018-02-15,2024-12-08,0.3289,GIS 90 mean,GIS 90 mean,1.1942,0.1376,4.0848,4.0848,False,False,False,False,False,False,False
90,2017,2024,2017,8,2017_2024,4.1069,4.3012,1.4225,0.8105,0.3054,2207,10,2017-01-19,2024-12-08,0.2569,GIS 90 mean,GIS 90 mean,1.1942,0.1376,2.9127,2.9127,False,False,False,False,False,False,False
90,2016,2024,2016,9,2016_2024,2.7952,2.7001,1.3012,0.6991,0.2041,2456,10,2016-01-02,2024-12-08,0.2216,GIS 90 mean,GIS 90 mean,1.1942,0.1376,1.601,1.601,False,False,False,False,False,False,False
90,2015,2024,2015,10,2015_2024,1.9962,1.7115,1.0799,0.6108,0.1396,2680,10,2015-01-06,2024-12-08,0.1939,GIS 90 mean,GIS 90 mean,1.1942,0.1376,0.802,0.802,False,False,False,False,False,True,False
90,2014,2024,2014,11,2014_2024,1.6733,1.424,0.6595,0.5486,0.1127,2869,10,2014-01-03,2024-12-08,0.1744,GIS 90 mean,GIS 90 mean,1.1942,0.1376,0.4791,0.4791,False,False,False,False,True,True,True
90,2013,2024,2013,12,2013_2024,1.5212,1.3342,0.4523,0.4877,0.1098,3050,10,2013-02-01,2024-12-08,0.1552,GIS 90 mean,GIS 90 mean,1.1942,0.1376,0.327,0.327,False,False,False,True,True,True,True
90,2012,2024,2012,13,2012_2024,1.5051,1.366,0.3745,0.4611,0.1164,3127,10,2012-01-14,2024-12-08,0.1467,GIS 90 mean,GIS 90 mean,1.1942,0.1376,0.3109,0.3109,False,False,False,True,True,True,True
90,2011,2024,2011,14,2011_2024,1.7338,1.7548,0.2417,0.3956,0.181,3365,10,2011-01-03,2024-12-08,0.1255,GIS 90 mean,GIS 90 mean,1.1942,0.1376,0.5396,0.5396,False,False,False,False,False,True,False
90,2010,2024,2010,15,2010_2024,1.9121,1.9934,0.2291,0.3605,0.2351,3549,10,2010-02-01,2024-12-08,0.1144,GIS 90 mean,GIS 90 mean,1.1942,0.1376,0.7179,0.7179,False,False,False,False,False,True,False
90,2009,2024,2009,16,2009_2024,2.0033,2.0689,0.2122,0.3377,0.2714,3666,10,2009-02-06,2024-12-08,0.1071,GIS 90 mean,GIS 90 mean,1.1942,0.1376,0.8091,0.8091,False,False,False,False,False,True,False
90,2008,2024,2008,17,2008_2024,2.1156,2.177,0.1884,0.3005,0.3316,3884,10,2008-01-27,2024-12-08,0.0953,GIS 90 mean,GIS 90 mean,1.1942,0.1376,0.9214,0.9214,False,False,False,False,False,True,False
90,2007,2024,2007,18,2007_2024,2.0283,2.0824,0.2143,0.2685,0.3507,4092,10,2007-01-09,2024-12-08,0.0852,GIS 90 mean,GIS 90 mean,1.1942,0.1376,0.8341,0.8341,False,False,False,False,False,True,False
90,2006,2024,2006,19,2006_2024,1.9114,1.9766,0.2252,0.2457,0.3529,4281,10,2006-02-14,2024-12-08,0.0779,GIS 90 mean,GIS 90 mean,1.1942,0.1376,0.7172,0.7172,False,False,False,False,False,True,False
90,2005,2024,2005,20,2005_2024,1.8224,1.8959,0.2065,0.2342,0.346,4416,10,2005-02-11,2024-12-08,0.0742,GIS 90 mean,GIS 90 mean,1.1942,0.1376,0.6282,0.6282,False,False,False,False,False,True,False
90,2004,2024,2004,21,2004_2024,1.6828,1.7203,0.1423,0.2157,0.3385,4623,10,2004-01-01,2024-12-08,0.0684,GIS 90 mean,GIS 90 mean,1.1942,0.1376,0.4886,0.4886,False,False,False,False,True,True,False
90,2003,2024,2003,22,2003_2024,1.579,1.605,0.1281,0.2029,0.3295,4807,10,2003-01-05,2024-12-08,0.0644,GIS 90 mean,GIS 90 mean,1.1942,0.1376,0.3848,0.3848,False,False,False,True,True,True,False
90,2002,2024,2002,23,2002_2024,1.4655,1.4824,0.1252,0.1858,0.3251,5048,10,2002-01-10,2024-12-08,0.059,GIS 90 mean,GIS 90 mean,1.1942,0.1376,0.2713,0.2713,False,False,False,True,True,True,True
90,2001,2024,2001,24,2001_2024,1.3956,1.4048,0.1218,0.1728,0.3271,5250,10,2001-01-07,2024-12-08,0.0549,GIS 90 mean,GIS 90 mean,1.1942,0.1376,0.2014,0.2014,False,True,True,True,True,True,True
90,2000,2024,2000,25,2000_2024,1.2458,1.2474,0.1108,0.1592,0.3013,5540,10,2000-01-13,2024-12-08,0.0505,GIS 90 mean,GIS 90 mean,1.1942,0.1376,0.0516,0.0516,True,True,True,True,True,True,True
90,1999,2024,1999,26,1999_2024,1.2091,1.2106,0.111,0.1512,0.304,5706,10,1999-03-07,2024-12-08,0.048,GIS 90 mean,GIS 90 mean,1.1942,0.1376,0.0149,0.0149,True,True,True,True,True,True,True
90,1998,2024,1998,27,1998_2024,1.2,1.2033,0.1105,0.1468,0.3102,5794,10,1998-03-04,2024-12-08,0.0466,GIS 90 mean,GIS 90 mean,1.1942,0.1376,0.0058,0.0058,True,True,True,True,True,True,True
90,1997,2024,1997,28,1997_2024,1.1938,1.1969,0.1045,0.1437,0.3146,5854,10,1997-01-12,2024-12-08,0.0456,GIS 90 mean,GIS 90 mean,1.1942,0.1376,-0.0004,0.0004,True,True,True,True,True,True,True
90,1996,2024,1996,29,1996_2024,1.1942,1.1987,0.0954,0.1376,0.3294,5975,10,1996-01-26,2024-12-08,0.0437,GIS 90 mean,GIS 90 mean,1.1942,0.1376,0.0,0.0,True,True,True,True,True,True,True
